30216
3716	6651	19
3705	6605	14
4031	163	5
831	6553	14
313	307	2
6075	6073	2
5578	6621	14
3107	6585	28
4365	163	5
2036	6651	19
4774	6585	28
924	6556	14
5554	5534	2
6351	6585	28
5165	6651	19
4888	6651	7
5990	163	5
4569	4562	2
5496	6585	28
5982	6626	14
5348	6585	28
5135	5126	2
1574	6651	7
6312	6307	2
3943	6585	28
3949	6585	28
1902	1897	2
3731	6585	28
2966	6591	14
4153	6585	28
5637	6585	28
2121	2113	2
6288	6585	28
1274	140	4
5406	6614	14
1795	163	5
3925	6608	14
2305	6651	7
2665	6553	14
5890	6612	14
3043	6651	7
2938	2932	2
2073	6556	14
3728	163	5
6274	6271	2
2699	6585	28
2183	6585	28
2090	163	5
1089	6651	7
1505	6651	7
5203	6619	14
5355	5343	2
4744	4727	2
547	163	5
584	6558	14
1326	6651	19
395	6651	7
3792	6651	7
4879	163	5
1649	6651	19
6125	163	5
3491	3485	2
5155	6606	14
4539	4536	2
3784	3781	2
5570	6613	14
3310	6651	19
6491	6585	28
5113	6616	14
1544	6585	28
2448	6644	10
2144	163	5
6410	6651	7
2895	6651	7
3735	6585	28
5500	6651	7
4215	6651	22
4553	6620	14
2082	2077	2
6219	163	5
1713	1708	2
1140	6556	14
4194	4189	2
3791	6651	7
617	6651	7
2087	163	5
3968	6651	7
2461	2461	11
3792	163	5
1409	163	5
382	6651	7
5776	6628	14
2224	6585	28
3198	6596	14
5577	6651	7
4684	6585	28
758	6651	7
606	6585	28
399	6585	28
3349	6595	14
2864	163	5
1757	1753	2
6116	163	5
362	6651	7
2493	6585	28
4836	6585	28
2691	6651	19
4461	4458	2
4637	6651	7
4209	6651	19
2855	163	5
4421	6651	7
5177	6651	19
454	6585	28
4014	6619	14
3304	6651	19
831	6651	19
2171	6651	19
1489	6651	7
1604	6651	7
5982	163	5
6255	6553	14
1720	6585	28
424	424	18
1357	1357	18
2840	163	5
1296	6598	21
4506	6585	28
2005	6651	22
5728	163	5
4373	4371	2
3381	6651	19
3215	3214	2
1830	6556	14
3547	163	5
1991	6555	14
696	6553	14
2396	6651	3
5798	6651	19
619	6557	14
5478	6585	28
441	6585	28
2314	6651	3
1827	6651	7
4453	4432	2
3511	6651	19
6519	6585	28
1622	163	5
618	163	5
1164	6585	28
5523	6618	14
287	6651	7
3138	3128	2
1599	6559	14
6442	6651	22
5451	6555	14
4206	4189	2
2296	163	5
3564	163	5
2812	6651	7
1033	6557	14
2875	6651	19
5399	5395	2
3446	163	5
698	163	5
1866	1861	2
2520	163	5
5782	6608	14
862	6651	19
4699	4675	2
277	271	2
2312	6543	28
6048	6651	7
5340	6585	28
4632	6621	14
3736	3729	2
1295	6644	10
2403	6644	10
310	6651	19
4584	6651	19
6600	6577	28
1875	6585	28
4627	6585	28
490	163	5
3006	6651	19
2199	6585	28
1751	163	5
3993	6651	19
4063	6585	28
3739	6585	28
4499	6618	14
3929	6651	7
5890	6651	19
2272	6557	14
1116	163	5
5944	6651	7
3911	6620	14
4028	4024	2
1027	6651	22
2313	2313	11
6237	6553	14
875	163	5
4761	6585	28
3789	6651	19
4345	4345	18
4075	6651	7
2416	2416	11
5884	5881	2
3996	6585	28
2814	6591	14
5498	6619	14
4825	6585	28
6238	6651	7
559	559	18
6385	6651	7
5162	163	5
5522	163	5
6041	163	5
1478	6585	28
3815	3807	2
1866	6556	14
6325	6629	28
5141	163	5
394	6557	14
4277	6585	28
273	271	2
5798	6651	7
1767	6651	19
1076	6651	19
4791	6585	28
1821	6651	7
3358	6651	19
822	163	5
896	163	5
3234	6651	7
241	89	4
5344	163	5
3838	3833	2
4039	6651	7
6137	6585	28
5109	5100	2
1637	6552	14
4574	6615	14
5493	6585	28
5487	6651	19
5253	6651	19
3093	6599	14
2094	6651	19
2413	6543	28
5789	6651	19
4176	6651	7
1332	163	5
4771	4753	2
5729	163	5
2942	6651	19
537	6651	19
1297	6543	28
6329	163	5
167	6651	19
4656	163	5
807	802	2
6282	6585	28
4013	6585	28
3066	6585	28
3431	3430	2
5897	6651	19
4514	6651	7
5852	5829	2
4517	163	5
652	163	5
6445	6442	2
743	6651	19
5122	6651	19
6073	6073	18
4200	6651	19
2456	6651	4
2507	6585	28
3397	6651	22
4440	163	5
5431	163	5
4004	6609	14
3229	6651	19
2406	4	4
4546	6613	14
5302	6585	28
2504	6585	28
566	559	2
6414	6585	28
842	838	2
5108	6585	28
4051	4050	2
1189	1189	18
1759	1753	2
5457	6651	7
2577	2575	2
215	102	4
4800	6585	28
2541	6651	19
638	6558	14
4800	6651	19
6151	163	5
2592	6585	28
3627	3624	2
901	6629	28
3067	163	5
517	6651	7
4277	4267	2
1565	6651	7
4090	6617	14
1846	6651	7
3757	6651	19
4909	6629	28
5282	5265	2
5883	6585	28
5963	6607	14
1209	6651	19
2083	53	7
5121	6651	7
4480	163	5
2177	6651	7
3973	3972	2
2619	6651	22
2979	6651	19
989	982	2
3667	6651	19
6268	163	5
2898	6651	19
396	6651	19
1718	6651	19
3248	6651	7
459	163	5
5571	6614	14
2566	2564	2
6020	6020	18
4576	163	5
276	163	5
6058	6585	28
3055	3051	2
4935	6585	28
4470	4458	2
1109	6651	19
1451	1447	2
1773	6585	28
3355	3355	18
2703	6599	14
449	442	2
3666	6651	22
3131	6585	28
5720	6585	28
1537	6629	28
5170	6621	14
2370	6565	12
1157	163	5
4619	6651	7
3941	3920	2
1760	6558	14
6254	163	5
749	6585	28
2764	163	5
227	156	4
3418	3408	2
1235	6651	7
770	6651	7
4667	6621	14
211	149	4
2545	6585	28
418	6651	19
2128	2122	2
1797	163	5
6252	6585	28
5336	6651	19
1777	6651	7
1837	163	5
6218	6651	7
2797	163	5
1421	6552	14
4825	6651	7
4565	4562	2
3545	3538	2
957	6651	7
4580	163	5
5386	163	5
3547	3538	2
3992	6585	28
4132	6651	19
364	6554	14
5310	6622	14
6330	6651	19
4153	6651	7
1093	6651	19
6266	6555	14
4634	6651	19
5474	6621	14
4311	6651	7
2975	6651	7
5419	5395	2
2589	6651	19
803	6651	7
6179	163	5
1982	6555	14
3865	3842	2
4013	3998	2
1406	6651	7
6020	6651	22
5278	6651	19
2610	6651	19
1910	6555	14
5298	6651	19
5010	6651	7
2635	6651	7
5452	6651	19
2861	6651	7
2728	6651	7
5533	6628	14
2294	6585	28
1553	6651	19
947	6552	14
5123	6651	19
913	163	5
4895	163	5
1648	1645	2
703	6651	22
5424	6651	7
4446	163	5
1622	6555	14
5176	163	5
2905	6555	14
4018	163	5
6104	6100	2
5712	6651	19
5686	163	5
987	6651	7
2803	163	5
5860	163	5
4022	6585	28
3323	163	5
1379	1375	2
3656	6585	28
5973	163	5
1416	6651	7
4704	6585	28
2680	6585	28
2900	6651	7
5513	5508	2
1494	1492	2
4044	6651	19
1262	6543	28
2137	2131	2
993	163	5
5227	6651	7
3103	6598	14
5017	6651	7
3768	163	5
5925	163	5
1486	6651	19
4937	6651	19
2939	6585	28
1519	6651	22
455	6585	28
2047	6557	14
6298	6298	18
3835	6585	28
165	163	5
3640	3633	2
2822	2813	2
2019	6585	28
1567	6651	19
5149	6585	28
5816	6651	19
1841	6585	28
6144	163	5
4316	4293	2
4307	163	5
2744	2738	2
5142	163	5
451	6629	28
175	163	5
697	6651	7
1071	6585	28
6206	63	7
4968	163	5
4307	6651	19
6191	6585	28
3580	6585	28
5068	5048	2
2810	6585	28
986	163	5
4600	6651	7
4223	4215	2
4477	6585	28
3190	6599	14
5606	5586	2
5096	6585	28
1715	163	5
2254	2248	2
4697	6585	28
2246	6651	7
1173	6651	7
3008	6651	7
208	208	11
571	6651	19
5824	6624	14
6137	6651	19
6068	6064	2
5598	6651	19
2959	2954	2
5647	6651	7
4160	6651	19
4312	6651	19
5575	163	5
526	163	5
5519	6651	19
4003	163	5
711	6559	14
3876	6585	28
4020	6651	19
3618	6554	14
5672	6651	19
421	163	5
501	6585	28
6392	163	5
4859	6585	28
4741	163	5
168	163	5
4295	6585	28
4008	6613	14
5667	5664	2
4584	6585	28
3470	6597	14
1423	6554	14
4529	6585	28
2262	6651	7
5334	6620	14
5879	163	5
2814	6585	28
6624	6651	1
5437	6651	7
6609	6653	6
1547	1546	2
5617	163	5
3403	6585	28
6429	6651	19
4350	163	5
3849	163	5
2019	163	5
1166	6651	7
1480	163	5
6157	6154	2
2162	2158	2
4173	6585	28
1602	6651	19
5425	6651	7
1859	6651	7
763	6585	28
692	163	5
1524	6651	7
3897	6585	28
1024	163	5
4711	6651	19
4324	6608	14
437	163	5
543	6585	28
1224	6559	14
5528	6585	28
4187	6651	7
3237	6591	14
1705	98	7
4631	163	5
4976	6585	28
3159	3159	18
3912	6621	14
4573	6651	19
3518	3516	2
2411	2411	11
371	6651	19
6548	6563	28
1610	6552	14
4503	163	5
2443	6565	12
3847	6651	19
3103	163	5
6640	14	8
6196	31	7
2822	163	5
5318	6651	19
3052	163	5
2206	2203	2
3444	6585	28
2012	2005	2
3843	6604	14
3229	3225	2
2186	6651	19
4235	6623	14
2825	6651	19
2483	6651	19
2865	2857	2
6115	163	5
186	181	2
4034	163	5
1521	6651	7
5919	6651	7
934	6557	14
2420	2420	11
762	163	5
1428	6585	28
938	6552	14
2554	2553	2
6255	6651	7
2102	163	5
3037	6651	19
6437	6651	19
6099	6651	19
6311	163	5
4730	163	5
5311	6651	19
1259	6644	10
5398	163	5
2393	6615	21
4683	4675	2
4344	6651	7
1359	6651	7
5491	6612	14
5831	5829	2
4379	6559	14
2899	6585	28
2105	6651	7
5295	5291	2
1487	163	5
5322	5317	2
960	163	5
4938	6623	14
2722	6651	7
2211	6651	7
1471	6651	19
302	298	2
2298	6651	19
2031	6559	14
3106	6651	22
5604	5586	2
4412	6651	7
1296	6543	28
1737	6651	7
5625	6585	28
6180	6585	28
2129	6651	19
876	6651	7
1713	6651	7
4745	6651	19
1697	163	5
2103	163	5
4735	6651	7
6534	6532	2
598	6651	7
6499	6585	28
6374	6370	2
6537	6585	28
4834	4831	2
839	6585	28
6279	6651	7
3875	6610	14
4527	6585	28
5175	5152	2
5056	6651	7
1828	6554	14
3871	3868	2
1183	6585	28
346	343	2
4101	163	5
486	6585	28
5420	6651	19
6280	6280	18
1763	1762	2
4851	6651	19
5281	6651	7
1593	163	5
1161	6585	28
5943	6651	7
3509	6651	19
4085	6612	14
177	6556	14
293	6651	7
4836	6651	7
5220	5213	2
5677	6651	7
1147	6585	28
3458	6651	7
5434	6585	28
3036	6651	19
3847	163	5
371	370	2
5616	6651	19
1326	6585	28
3168	163	5
2365	6651	19
5238	6651	7
5196	6651	7
2425	6549	10
4538	4536	2
6497	6496	2
3111	6651	19
5392	163	5
2993	2987	2
2100	6585	28
4683	6611	14
6497	163	5
5613	163	5
5235	5213	2
3516	6629	28
6500	6585	28
1793	6555	14
3535	6651	7
5946	6585	28
309	6651	19
6608	6651	1
563	6651	19
5446	163	5
5061	163	5
574	6651	19
2201	163	5
5165	6651	7
3087	3084	2
1853	1852	2
4337	6651	7
3769	3755	2
4393	4380	2
3020	6629	28
4306	6651	7
1980	1978	2
5931	6585	28
2379	2379	11
817	811	2
4118	6585	28
3513	6585	28
2248	6651	22
4500	6585	28
5846	6585	28
2132	6585	28
4114	6606	14
4754	6604	14
6268	6262	2
6576	6577	27
2721	6595	14
5607	6651	19
5405	5395	2
3484	6651	7
2864	6651	19
3820	6585	28
2216	6585	28
5142	6651	7
1114	163	5
938	6651	19
2607	6600	14
5246	5239	2
2398	6616	21
261	261	11
5702	163	5
3454	6651	19
1325	6555	14
5867	6651	19
5575	6618	14
3638	6651	7
3715	163	5
5141	6651	7
4887	6651	7
6440	163	5
2789	6585	28
6338	163	5
1632	6651	7
654	6556	14
5402	6651	19
3743	6617	14
2775	163	5
5848	6651	19
1758	163	5
5026	163	5
2392	6655	10
6611	6577	28
6031	6585	28
4139	6651	19
5060	5048	2
2430	6651	3
4748	6651	19
5544	6651	19
3845	3842	2
4066	6651	7
2090	6555	14
6046	6046	18
3018	6651	19
5782	6651	7
4131	6651	7
2413	149	4
3116	6651	19
5529	6651	7
5655	163	5
2867	6600	14
6310	6307	2
5466	6585	28
5906	16	7
4289	6625	14
4372	4371	2
1892	6585	28
4966	6651	19
3539	3538	2
2799	2791	2
4339	6585	28
1112	6651	7
2109	6651	7
5769	163	5
2606	6585	28
6383	6651	7
3971	6651	19
673	6585	28
5815	5803	2
2981	6595	14
2339	6565	12
5581	6651	19
183	6651	19
6071	6585	28
1721	6651	7
3570	3560	2
3706	3703	2
5816	6651	7
5946	6616	14
2427	2427	11
670	6554	14
3071	6585	28
203	6651	3
1174	6651	7
5334	6585	28
3365	163	5
1848	6585	28
3720	163	5
3195	6651	19
1723	163	5
4379	4371	2
2297	6651	7
2480	6552	14
4705	6585	28
5900	6622	14
4723	6625	14
3704	163	5
5569	163	5
3578	6651	19
2854	6598	14
6063	6585	28
1098	6651	7
3316	3311	2
3707	6651	19
5086	163	5
3966	6651	7
6032	163	5
888	6585	28
2380	6543	28
166	6554	14
6348	6343	2
3005	2998	2
4856	4831	2
940	6651	19
1543	6585	28
1310	140	4
6597	6542	15
984	982	2
4429	4406	2
977	6651	7
602	6651	19
6049	6046	2
5427	6651	7
2894	6651	19
6233	6226	2
6630	6575	28
5803	6651	22
4288	6624	14
3151	6585	28
3394	6585	28
1332	6585	28
1253	78	4
2091	163	5
1282	6569	12
1808	6552	14
2386	149	4
4076	6651	22
4666	4649	2
178	163	5
1946	6651	19
4000	163	5
1044	163	5
1034	1027	2
3896	6651	19
3406	6599	14
5553	6585	28
5710	6623	14
4356	4345	2
5953	5933	2
291	6553	14
4868	6651	19
3713	6613	14
6228	6585	28
5012	6585	28
2324	2324	11
4161	163	5
3964	163	5
5683	6651	7
6465	6651	7
3841	6585	28
5493	163	5
4923	6608	14
2588	2586	2
2334	6607	21
852	6556	14
3665	163	5
2347	6654	10
5842	6616	14
1118	163	5
4154	163	5
6320	6555	14
1068	1063	2
882	874	2
5687	6651	7
472	6585	28
1641	6651	19
2028	6585	28
6566	6546	28
1410	6585	28
1633	6557	14
6017	163	5
666	6585	28
5917	6613	14
1097	6651	19
1111	6651	7
1936	6651	7
2405	2405	11
2837	6651	7
3519	6651	19
5443	6651	19
2561	2553	2
4987	4970	2
3186	6595	14
312	307	2
2415	6619	21
3558	6585	28
2902	6651	7
2330	6543	28
418	6585	28
3351	6651	19
3275	6651	19
4665	6651	7
4982	4970	2
1521	6553	14
6344	6651	7
6217	6629	28
2082	6651	19
6018	6585	28
2295	2293	2
2787	6651	19
6604	6604	16
5701	6651	7
5799	6585	28
3437	163	5
3482	6585	28
1732	6651	7
3333	3333	18
6324	6559	14
1295	6598	21
881	6558	14
643	6651	19
835	6651	19
4945	6651	19
3229	163	5
3266	6559	14
3075	163	5
3555	6651	19
1603	163	5
3721	6621	14
378	6651	7
6533	163	5
5983	6651	7
5127	6651	7
4107	163	5
1560	6651	7
2596	2586	2
5490	6651	19
2723	6585	28
3524	6585	28
1748	6555	14
3043	6651	19
4814	163	5
167	6651	7
606	6651	7
2706	6651	7
5926	6622	14
1812	6651	7
2812	2802	2
3796	6585	28
5097	6651	7
2178	6553	14
651	163	5
5246	6651	19
6322	6651	19
4031	4024	2
1187	125	7
1351	1348	2
2822	6651	19
823	820	2
4645	4640	2
1258	6569	12
839	6552	14
1846	6651	19
2232	163	5
4949	163	5
339	6651	19
4450	6585	28
4686	6585	28
364	361	2
2912	6585	28
3817	163	5
5841	6651	7
3067	3062	2
4902	4883	2
4260	6585	28
1074	6651	7
4726	4701	2
2003	24	7
4068	6621	14
5842	6651	7
4268	163	5
1924	6629	28
4493	6585	28
2334	149	4
5433	5421	2
5565	6651	7
1830	1825	2
1579	6651	7
3748	163	5
5740	6651	7
5424	5421	2
2378	6543	28
3136	6651	19
3694	6585	28
5147	5126	2
3481	6651	7
1205	6651	7
3560	3560	18
2603	6651	7
6234	6585	28
5950	6651	19
2448	6623	21
4241	6651	22
2577	6651	19
1364	163	5
4145	6651	7
195	6543	28
2099	163	5
2406	6565	12
5242	163	5
766	766	18
4158	6651	7
6535	6585	28
3131	163	5
2556	163	5
873	6585	28
228	6651	3
5541	163	5
4927	4918	2
491	487	2
3261	6585	28
6470	6552	14
4426	6623	14
4214	6585	28
3179	6651	19
1476	6651	19
2452	6549	10
3041	6651	7
1434	1429	2
5473	5456	2
2392	6651	3
4654	163	5
6192	6190	2
3608	163	5
4648	6559	14
2902	6552	14
3865	6651	7
1784	1780	2
2551	6651	19
4775	6651	7
600	163	5
502	6557	14
4474	6651	7
437	6651	7
878	6555	14
2576	6651	19
4278	6651	7
3378	6552	14
3069	163	5
3382	3377	2
2570	163	5
3908	6651	7
5653	5638	2
6494	163	5
5758	6585	28
1401	6651	7
848	6585	28
3854	163	5
3162	6593	14
3712	6651	7
644	640	2
2728	6651	19
6218	6217	2
5253	6585	28
1891	6554	14
1024	6557	14
5852	6585	28
4303	6651	19
2512	6585	28
5547	163	5
4608	6623	14
816	6585	28
6334	6651	22
899	892	2
6195	6190	2
1421	1420	2
3432	6592	14
1961	6651	19
2228	163	5
916	6651	19
4859	163	5
3634	163	5
3283	6651	19
1892	6651	7
3521	6651	7
170	163	2
2389	6565	12
5122	5100	2
5112	6651	19
1930	163	5
5300	5291	2
2816	6651	19
2433	2432	2
433	433	18
4901	6585	28
1306	6654	10
6407	6651	19
3520	6594	14
4415	163	5
5601	6651	19
2022	6651	7
3936	163	5
942	6651	19
6350	6651	19
6558	44	1
3939	6651	7
2648	6651	19
887	883	2
1828	6585	28
5066	6651	19
6457	6557	14
2891	2890	2
4744	6620	14
534	6585	28
3742	3729	2
1604	6585	28
3574	163	5
5546	6585	28
4531	6585	28
5918	163	5
1659	1654	2
820	6651	22
4222	6585	28
6423	6415	2
2217	6651	7
2282	6585	28
5765	6585	28
2327	4	4
4663	163	5
3260	6651	7
1683	6553	14
5411	5395	2
679	6651	19
2679	163	5
6593	6577	28
4987	6620	14
2038	6651	19
3571	3571	18
2123	6552	14
3006	163	5
2299	6651	19
402	397	2
2467	6543	28
348	6556	14
3883	6618	14
2674	163	5
2056	2050	2
1903	6651	7
5559	163	5
1120	1117	2
5266	163	5
6036	6651	7
528	6556	14
2937	2932	2
1543	6557	14
221	6655	10
4487	163	5
2176	6651	22
2576	6651	7
6007	6616	14
1187	6651	19
3013	3009	2
5135	6651	19
4663	6617	14
542	6651	19
5594	163	5
2837	6592	14
791	784	2
2733	6596	14
6606	6576	15
2062	6585	28
5930	5907	2
5985	5985	18
6430	163	5
1039	6651	19
594	586	2
5347	6651	7
3929	6651	19
4884	163	5
6271	6651	22
848	847	2
4444	6651	7
5210	6651	19
2462	2462	11
1154	6651	19
1172	6651	19
1472	6585	28
619	6651	19
5299	5291	2
2255	6651	7
3122	163	5
5856	6585	28
4175	6651	19
4040	6651	7
5521	6616	14
1443	6556	14
995	6651	19
998	991	2
1615	1609	2
3624	6651	22
2234	6555	14
1586	1582	2
797	6555	14
2050	6629	28
2505	6585	28
5194	6610	14
5650	5638	2
5755	163	5
4801	4779	2
5383	6585	28
4867	6613	14
4438	6585	28
2118	6585	28
218	6543	28
4119	4111	2
5053	163	5
4300	163	5
2264	6651	19
6619	6551	15
4740	6585	28
4759	6651	19
4206	6620	14
1786	6557	14
4554	4536	2
3387	163	5
3712	6612	14
5765	6651	7
6597	6601	6
5706	6585	28
6542	7	8
741	6651	19
4931	4918	2
2371	6565	12
4493	6651	7
3793	163	5
2626	6651	19
213	6654	10
247	6651	7
1646	6651	19
6187	6181	2
1004	6651	7
449	6585	28
3735	163	5
3462	6651	7
6504	6496	2
4390	6651	7
5654	5638	2
5092	6585	28
5097	6585	28
2996	2987	2
1292	1292	11
3608	6594	14
5809	6609	14
5143	6651	19
6599	111	1
3693	6651	7
4925	163	5
609	163	5
6237	6235	2
190	6654	10
4198	4189	2
1935	6553	14
1780	6629	28
3928	163	5
5483	5482	2
5741	6651	19
2280	163	5
3628	3624	2
4853	163	5
2268	6553	14
3441	6629	28
2286	6553	14
5184	5178	2
4529	4510	2
1734	6585	28
768	163	5
1755	1753	2
809	6585	28
3189	163	5
2312	2312	11
3875	163	5
5346	6585	28
1691	1690	2
3163	6651	7
5768	6651	19
3433	6585	28
2251	6554	14
3507	6651	19
4585	6651	7
5562	6585	28
646	6651	19
2311	6543	28
5479	6651	7
5616	6585	28
889	6557	14
1625	163	5
1798	1798	18
1816	6629	28
6371	6552	14
6026	6020	2
314	6585	28
4198	6651	7
6335	6552	14
2553	6629	28
2553	2553	18
2751	6585	28
3043	3040	2
3188	6651	19
6416	6651	19
3198	6651	7
1285	6569	12
5245	163	5
1270	153	4
4496	4484	2
3723	6623	14
1000	6651	22
5881	6651	22
2986	6651	19
2705	2705	18
5777	6629	28
2852	6651	19
6587	6651	25
3002	6594	14
4989	163	5
2013	163	5
4731	6651	19
5122	6625	14
3958	163	5
336	6651	19
5148	6651	7
4174	6651	19
2065	163	5
521	163	5
5707	6651	19
5133	6651	19
3902	6585	28
608	163	5
2955	163	5
4591	6606	14
4659	6585	28
3393	6651	7
5525	6651	7
4594	163	5
2597	6629	28
5050	6585	28
1570	6557	14
5434	6616	14
3769	6585	28
2636	6596	14
3751	6651	19
4365	6623	14
6205	63	7
2654	6592	14
3645	163	5
5491	6651	19
5611	6651	19
2410	2	4
1050	1045	2
5461	6585	28
4628	4614	2
400	6554	14
1839	6651	19
5971	6651	19
378	6559	14
2187	2185	2
2724	6585	28
5737	163	5
3269	6651	7
4772	6651	7
5541	6651	19
566	6651	7
5288	6651	7
3808	6651	7
3718	6651	7
1655	163	5
4097	163	5
2263	6557	14
3125	6651	7
5332	6651	7
3551	3549	2
4685	163	5
1441	6651	7
779	6651	19
202	6654	10
4708	163	5
4222	6651	7
3626	3624	2
4185	6625	14
3922	6651	19
1702	6651	7
3517	163	5
4311	6651	19
2316	6651	3
5651	6651	7
6580	6577	9
6031	6651	7
2655	6585	28
1432	6651	7
360	6651	7
2634	6594	14
5828	6651	19
2548	6651	7
4114	6651	7
4314	6624	14
6528	163	5
439	6651	7
5150	6585	28
5848	5829	2
3385	163	5
2690	6597	14
2675	6593	14
5886	163	5
228	6556	21
4432	6629	28
1686	163	5
3656	6591	14
3277	6585	28
1975	6651	7
3106	3106	18
2355	2355	11
1932	6651	19
3623	163	5
1870	1870	18
2065	2059	2
3763	3755	2
2153	2149	2
5021	6651	7
2786	2782	2
2041	6629	28
1221	6651	7
5054	5048	2
3770	6651	19
6440	6433	2
2480	2479	2
5242	6651	19
5438	6651	7
1276	153	4
6587	23	8
4359	4345	2
6487	6629	28
3867	6651	7
4906	6651	7
4894	4883	2
5793	6651	19
1873	6585	28
1191	6585	28
2165	6651	7
1554	6585	28
3899	6651	19
343	6629	28
1152	6651	19
1973	1969	2
878	163	5
2398	6543	28
1867	163	5
5957	6585	28
4475	6620	14
4452	6651	7
4044	4024	2
3675	6585	28
222	6549	10
1191	1189	2
1492	6629	28
6153	6145	2
1588	1582	2
3763	163	5
1251	6651	19
2473	6627	21
3649	6585	28
3543	3538	2
670	6585	28
5731	6609	14
1300	140	4
5363	6651	19
5693	6585	28
6622	6542	15
2288	2284	2
728	6558	14
3766	6614	14
1864	6651	19
3997	3972	2
5929	6625	14
2152	6651	19
5373	163	5
4059	6651	19
6124	163	5
1966	6585	28
3228	6593	14
2166	163	5
4179	6651	7
5823	5803	2
2238	6651	7
2101	6557	14
4564	4562	2
799	793	2
2147	6651	19
5393	6651	7
6022	6651	7
6079	6651	19
6154	6154	18
3917	3894	2
329	6651	7
1181	163	5
509	6585	28
6437	6433	2
1514	6651	7
4056	4050	2
4582	4562	2
3940	3920	2
4532	6651	19
5999	5994	2
2273	6558	14
1959	6559	14
4134	6626	14
1408	6651	19
4403	6651	19
5362	5343	2
6238	6235	2
2898	6585	28
332	163	5
539	6651	7
180	6585	28
5391	6651	7
5204	6651	7
5427	6609	14
5428	6651	19
3912	6651	19
2169	2167	2
1032	1027	2
2648	6597	14
4410	6651	19
1423	1420	2
2975	6651	19
2140	2140	18
5330	6651	19
3211	6651	19
1777	6651	19
238	6557	21
2219	6558	14
3870	163	5
3800	3781	2
1211	6651	7
2658	6585	28
6278	6271	2
3033	6585	28
611	6585	28
829	829	18
2808	163	5
4208	6651	19
3709	3703	2
959	955	2
5417	6651	19
3277	6651	7
819	811	2
2970	6595	14
5368	6651	19
4957	6585	28
6500	6651	7
1812	163	5
3360	6651	19
2916	6651	7
5410	6585	28
4244	163	5
5472	6651	7
729	6651	7
3959	163	5
4169	6609	14
4579	4562	2
4989	6651	7
6395	6388	2
2235	2230	2
1725	6585	28
682	31	7
2452	6623	21
4408	163	5
6431	6558	14
6385	6379	2
4673	163	5
6282	6651	19
5302	5291	2
3092	6651	7
1360	6585	28
2331	6607	21
4606	4588	2
800	163	5
361	361	18
2532	6585	28
4525	6585	28
590	6555	14
988	6557	14
4012	6617	14
4591	6585	28
6317	6585	28
5426	6651	7
2643	6651	7
5377	6585	28
6187	6585	28
1056	6585	28
6171	6163	2
6630	6651	25
4694	163	5
3725	6585	28
1839	163	5
4681	163	5
5196	163	5
5609	6651	19
1235	6651	19
3638	6585	28
585	6585	28
363	361	2
471	469	2
2560	163	5
1722	6585	28
5839	163	5
5203	6651	19
1744	1744	18
2637	163	5
413	6585	28
5712	6585	28
3917	6651	19
593	163	5
5234	6651	7
4882	6651	7
6582	6651	25
4842	6651	19
573	163	5
1344	6556	14
6557	6560	6
5703	6651	19
1128	163	5
5410	6651	19
1370	6555	14
5738	5725	2
660	6553	14
4383	6651	19
3413	6585	28
5380	6614	14
3204	3203	2
2323	2323	11
700	6557	14
4795	4779	2
399	6651	19
4249	6585	28
4898	4883	2
338	163	5
1083	6651	19
6101	6651	19
5194	6651	19
209	209	11
2611	6651	7
857	856	2
1613	6651	7
6180	6651	19
1933	1933	18
1442	6651	19
3275	163	5
5373	6607	14
2567	6651	19
2591	6651	7
1687	6557	14
3824	6585	28
2960	6651	7
5796	6622	14
245	6651	7
4623	163	5
5084	6613	14
2910	2910	18
408	6585	28
4735	6651	19
2435	6554	14
2919	2910	2
6167	6651	7
2625	6596	14
1995	6651	19
2505	6651	7
1550	1546	2
3711	6651	19
4409	6651	19
1636	6651	22
1862	1861	2
4544	6651	7
1817	6585	28
618	6651	7
930	6585	28
4322	6606	14
3768	6651	7
3994	6651	19
4476	4458	2
1191	6651	7
1086	1081	2
5079	6585	28
1344	6651	19
5568	6611	14
782	6585	28
2733	163	5
6586	6567	28
1327	163	5
5066	6621	14
3006	6585	28
1272	6645	10
1193	6585	28
1543	6651	7
3256	6651	7
2493	163	5
2800	6651	19
4674	6651	19
2455	6651	3
6470	6651	19
2081	163	5
2250	6651	7
6231	6556	14
3795	6585	28
3975	6651	7
3628	6651	19
4782	4779	2
2671	6585	28
3494	6651	7
5497	6651	7
2781	6600	14
6299	163	5
4297	6651	19
1806	6559	14
444	6585	28
5725	6629	28
1450	6651	7
5786	5777	2
4844	6616	14
1379	6585	28
1895	6651	7
4776	6585	28
6430	6585	28
3331	6599	14
4999	6651	7
1439	6651	19
3231	6651	19
4227	163	5
4678	6651	19
3177	6651	19
591	6585	28
2359	6651	22
3752	6651	19
799	6651	19
1019	6552	14
1834	1834	18
6282	163	5
6006	5994	2
6318	163	5
5713	5690	2
631	6629	28
2449	6651	4
2516	163	5
1785	1780	2
2270	163	5
2816	6651	7
694	694	18
3525	3516	2
4142	4137	2
2516	6552	14
5147	6651	19
6482	6478	2
1341	163	5
5791	163	5
2200	6651	19
3547	6585	28
3575	163	5
3809	163	5
4605	163	5
4042	4024	2
1633	6651	19
4425	6622	14
2477	6628	21
1031	6555	14
4683	6651	19
2189	2185	2
4748	4727	2
5281	6619	14
2154	6556	14
629	63	7
4656	4649	2
625	6585	28
220	6569	12
2401	6651	3
5928	6585	28
2898	6651	7
4170	163	5
823	163	5
5483	6651	19
2358	6549	10
2584	6651	7
4958	6651	7
1492	1492	18
3151	163	5
5410	6618	14
5592	6609	14
4708	6651	7
1659	6651	19
2581	163	5
6628	6562	15
4812	6610	14
1346	1339	2
2015	6651	19
6013	6585	28
712	712	18
4414	163	5
983	163	5
1133	6585	28
6631	6547	28
5569	6651	7
1084	6554	14
5375	6651	7
4573	6614	14
4158	6624	14
3740	163	5
4821	6651	19
5461	5456	2
3782	6585	28
5342	5317	2
3649	6651	7
5478	6651	7
5730	163	5
4513	6651	19
6255	6253	2
3089	163	5
5869	163	5
2374	6651	3
1368	6651	19
2284	6629	28
3710	6651	7
4209	4189	2
1986	163	5
5989	6651	7
3383	3377	2
4096	163	5
490	487	2
5434	6651	19
4371	6629	28
6214	6208	2
5614	6605	14
1322	6552	14
742	6651	19
6075	6585	28
4149	163	5
2865	6651	7
5766	6651	19
1701	163	5
6461	163	5
5766	6618	14
2831	6585	28
1066	6651	7
4393	6616	14
2699	2694	2
5356	6585	28
3938	6585	28
2358	2358	11
5450	5447	2
2419	6619	21
835	6557	14
1667	6651	7
5984	6651	19
5590	6651	7
1996	1996	18
3699	163	5
6556	6556	16
6129	6651	19
5919	6651	19
3989	6585	28
6255	6585	28
685	6629	28
6503	6585	28
4213	6627	14
4590	6605	14
3294	163	5
6066	163	5
4573	4562	2
5574	6617	14
2538	163	5
3721	6651	19
2776	163	5
4266	4241	2
5304	6616	14
5125	6651	19
5164	5152	2
5180	163	5
1497	6556	14
6101	6651	7
2765	6585	28
707	6585	28
5289	163	5
2794	6593	14
3663	6598	14
5739	6651	7
2791	6651	22
3987	6618	14
923	6555	14
1141	6651	19
342	334	2
4363	6651	19
2494	6557	14
376	6557	14
2349	2349	11
4942	6627	14
1855	1852	2
4188	6585	28
5494	6585	28
4089	4076	2
3409	3408	2
6561	6581	27
1204	163	5
3657	6585	28
4247	6609	14
6329	6651	7
4371	6651	22
649	6629	28
6399	6651	7
6048	6553	14
1043	6558	14
1227	6553	14
1882	6651	19
6574	6577	27
3883	6585	28
6343	6651	22
5726	163	5
3180	6651	19
4680	6608	14
4687	6615	14
1548	1546	2
6123	6651	19
715	712	2
3706	6651	19
4877	163	5
6355	6651	7
1626	6651	19
3998	6651	22
3661	6651	7
6389	163	5
3925	3920	2
2207	6585	28
5467	6651	7
6459	6585	28
3314	3311	2
2326	3	4
1917	1915	2
4263	6625	14
2725	6599	14
4309	6619	14
2633	6585	28
2492	6555	14
4736	4727	2
1902	6585	28
6198	163	5
6256	6651	19
5788	6614	14
1108	6629	28
305	6651	7
2874	6596	14
3392	6651	19
2036	6585	28
3209	163	5
1819	1816	2
4236	6651	19
3696	6622	14
3267	3267	18
4319	4319	18
2456	6565	12
5401	5395	2
1729	6651	7
3576	6651	7
3631	6585	28
5004	6585	28
6542	6577	27
5636	5612	2
1776	163	5
3394	163	5
5464	6651	19
2595	2586	2
5493	6651	19
2277	6585	28
819	6585	28
2851	163	5
6040	6020	2
3203	3203	18
4559	6626	14
2784	163	5
534	6553	14
581	6585	28
4656	6585	28
1882	163	5
493	6557	14
5507	6585	28
5292	6604	14
1219	6651	7
4964	6585	28
6150	6145	2
806	163	5
5472	6619	14
6309	6651	7
3244	6651	19
3682	163	5
6394	6651	7
1235	6552	14
4249	6651	19
4674	6651	7
5275	6651	19
3980	6585	28
6351	6651	19
4284	6651	7
1444	6557	14
4350	6651	7
1959	6651	7
1206	6585	28
6364	6651	7
1164	1162	2
1796	163	5
3356	6651	7
1560	163	5
2615	6597	14
2311	2311	11
5338	5317	2
2352	6566	12
3534	3527	2
4333	6585	28
1493	6651	7
5198	6585	28
4770	4753	2
6220	6554	14
5804	6604	14
5429	6611	14
4803	4779	2
4058	6611	14
2286	6651	7
5335	5317	2
3340	6651	7
1971	6651	7
4789	6585	28
212	6554	21
1321	6629	28
1360	6554	14
4148	6585	28
4292	6651	19
2582	163	5
5884	6651	7
1924	6651	22
6400	6397	2
2403	6565	12
1541	6585	28
2184	6559	14
3982	3972	2
3315	6651	7
6059	6055	2
3402	163	5
4657	6651	19
2008	163	5
6478	6478	18
3158	6651	7
1334	163	5
4972	6605	14
251	6543	28
3164	3159	2
3125	3117	2
2073	6651	7
1597	6557	14
6490	6651	19
2716	6629	28
4451	6585	28
5205	6585	28
2544	2544	18
5965	6651	19
4569	6651	7
5000	6607	14
4170	6651	7
1098	6559	14
6586	6629	25
5699	6651	7
3882	3868	2
2100	6651	19
1055	163	5
3689	6651	19
509	505	2
1208	6552	14
1067	6585	28
5686	6625	14
5320	163	5
753	6651	7
2933	6585	28
4525	4510	2
6048	163	5
2490	6651	19
3328	6651	7
1381	6585	28
830	163	5
1889	6585	28
1362	163	5
5279	5265	2
4104	6553	14
357	163	5
5844	6651	7
2410	6543	28
3597	6651	19
1674	6651	7
4243	163	5
3571	6629	28
3685	3677	2
452	6651	7
5948	5933	2
4093	4076	2
1525	163	5
4290	4267	2
4700	6585	28
5340	6651	7
2155	6557	14
1403	6651	7
4664	163	5
5399	6585	28
2679	6597	14
3560	6629	28
4125	6617	14
422	6558	14
2551	6558	14
4735	163	5
3559	6585	28
1012	6554	14
723	6651	19
410	6585	28
1226	6552	14
1551	6585	28
787	6554	14
1040	6585	28
3527	6629	28
4098	6651	19
893	6651	19
475	469	2
5471	5456	2
6110	6651	7
3395	6599	14
4218	6606	14
2393	151	4
2303	163	5
2164	6585	28
6102	6100	2
6048	6585	28
3952	6585	28
4921	6651	19
2682	6651	7
1575	1573	2
5051	5048	2
6198	6559	14
1304	6651	3
3356	3355	2
5280	6618	14
3415	6585	28
505	505	18
5258	6622	14
3389	6585	28
5436	6618	14
587	6552	14
5195	6651	7
4707	6609	14
630	6585	28
2047	6651	19
5161	6651	19
211	6549	10
4675	4675	18
4466	6651	19
248	52	7
204	6569	12
3042	6592	14
4288	6651	7
504	6559	14
1420	6651	22
3493	6598	14
1603	1600	2
6372	6553	14
4923	4918	2
1052	6651	19
6195	163	5
3188	3181	2
3067	6651	7
765	6651	19
3990	3972	2
642	6651	19
1328	163	5
4562	6629	28
6537	6651	19
3058	6597	14
3480	163	5
5667	6651	7
3943	3920	2
1747	6651	7
6379	6651	22
3183	6651	7
668	667	2
3449	163	5
277	6585	28
5355	6585	28
4466	6651	7
6098	6091	2
6349	163	5
388	6651	22
1026	1018	2
5052	5048	2
516	163	5
1489	6585	28
4127	6651	7
3112	6596	14
5804	6651	7
3717	6617	14
5050	6651	19
4419	6651	7
5021	6651	19
3352	6598	14
4763	6613	14
3065	6585	28
5893	6585	28
684	163	5
6016	163	5
1596	6651	7
1750	33	7
4858	4857	2
610	6651	19
3660	6651	19
3832	34	7
689	6651	19
4862	6585	28
1291	6597	21
1138	6554	14
3246	6600	14
3561	3560	2
5471	6618	14
1923	6585	28
3174	6594	14
3390	3386	2
383	6651	19
3676	6585	28
4866	6585	28
573	568	2
1250	1243	2
5760	163	5
4796	6651	7
2640	6651	7
4258	4241	2
6371	163	5
6114	6585	28
401	6585	28
1100	1099	2
4793	6651	19
4131	163	5
2080	163	5
6627	6653	6
5731	6651	7
3030	6591	14
1893	6651	19
2370	2	4
4058	163	5
2874	2868	2
1433	6585	28
3402	6585	28
4179	6651	19
4153	4137	2
6127	6651	22
2362	6554	14
3207	3203	2
2411	6647	10
5470	6651	19
237	149	4
4200	6651	7
3063	6585	28
1919	6555	14
3347	163	5
4128	4111	2
5767	6651	7
5423	6651	7
6399	6585	28
5280	163	5
3435	6585	28
4105	6651	19
2193	163	5
3791	3781	2
4733	6651	7
2117	2113	2
6171	6651	7
1584	6553	14
3339	6596	14
5952	6651	7
1707	1699	2
5804	5803	2
3776	6585	28
4118	6651	7
3855	3842	2
3652	6598	14
194	194	11
2961	6651	7
6554	6560	6
2697	163	5
5384	6585	28
5545	6651	19
5535	6604	14
432	6585	28
2268	6651	19
2329	6651	3
6047	6651	19
3589	6585	28
3838	6651	19
5175	163	5
4275	6651	7
2452	149	4
1928	163	5
5992	6651	7
5319	6651	7
1203	1198	2
4129	6585	28
4672	163	5
4894	163	5
3488	163	5
581	163	5
201	6543	28
5834	6651	7
1709	163	5
392	6651	7
5898	6651	19
5045	6626	14
461	6585	28
1697	6558	14
4982	6651	7
3031	6651	19
978	6651	19
5345	5343	2
5795	6651	7
539	163	5
1619	6552	14
2442	6651	4
3017	6651	7
6281	6585	28
5226	6651	7
6589	6543	9
2317	0	4
294	289	2
4263	4241	2
4542	6651	7
2537	6585	28
758	163	5
380	163	5
4521	163	5
1717	6629	28
520	6651	19
6045	6020	2
5480	6651	7
5961	5959	2
719	6558	14
5625	6616	14
6323	163	5
6251	163	5
1315	6585	28
2935	163	5
1735	6651	22
4972	163	5
3671	6651	7
1436	6651	19
4129	6651	7
3828	6651	19
2687	2683	2
5380	5369	2
678	6651	7
1168	6585	28
1790	6651	19
4719	6651	7
1265	6569	12
2318	1	4
2765	6651	7
4447	6585	28
6042	6651	7
2401	36	4
5960	6585	28
5598	5586	2
5061	6585	28
824	6651	19
2801	6600	14
5652	5638	2
3990	6621	14
2445	6543	28
5610	6627	14
3144	6651	7
1623	163	5
5792	5777	2
2343	6565	12
776	6552	14
5778	6651	19
1046	163	5
4951	6651	7
3488	6651	19
4582	6623	14
4103	6585	28
5585	6585	28
6552	6577	28
5633	6651	19
3727	6651	7
5290	6651	19
1858	59	7
3877	6651	7
1592	6585	28
3619	6651	7
784	784	18
4252	6585	28
1129	6651	7
5220	6651	19
3654	6651	19
1145	6552	14
1258	6543	28
767	6585	28
5067	5048	2
1430	6552	14
4621	4614	2
5069	5048	2
1839	6651	7
4647	4640	2
4211	6625	14
4147	6651	19
6382	6651	7
5607	163	5
253	102	4
711	703	2
4329	6613	14
1993	6557	14
2536	6593	14
5783	6651	19
1860	1852	2
6110	6552	14
5086	6651	7
2040	163	5
5468	6651	7
4653	6607	14
3813	6609	14
5962	6651	19
3480	3474	2
983	6552	14
853	163	5
3317	3311	2
4349	163	5
4348	4345	2
1030	163	5
502	103	7
2361	6553	14
1633	1627	2
3783	6651	19
4002	163	5
2002	47	7
1009	6629	28
6069	6651	7
454	6554	14
6476	6585	28
5269	6651	7
5396	6651	7
4528	6651	7
569	6651	7
3696	3677	2
2924	163	5
1631	6651	19
2489	6651	7
2739	6585	28
5732	6651	19
6013	6651	19
3507	6585	28
5491	6585	28
374	6651	7
3758	163	5
4338	6651	19
4457	6651	7
3890	163	5
318	6553	14
1282	6543	28
5682	5664	2
2571	6651	7
1692	6585	28
5442	6585	28
1388	1384	2
1014	6651	7
4474	4458	2
5982	6651	7
2694	6629	28
3261	6554	14
2027	6651	19
5805	6651	7
897	163	5
2407	151	4
2867	6585	28
5006	6651	19
2249	6651	19
285	6556	14
4456	6585	28
957	6585	28
1467	6553	14
4549	4536	2
218	6554	21
2383	2383	11
2884	6651	7
1770	6651	7
5681	6651	7
358	6557	14
6193	6651	19
2327	6606	21
5273	5265	2
3339	6651	7
2004	6651	19
1469	6555	14
777	6553	14
2848	163	5
330	163	5
4455	6651	19
4731	163	5
4484	6651	22
1390	163	5
5536	6605	14
1003	163	5
1282	6654	10
2873	6585	28
1950	6585	28
250	6651	7
6005	5994	2
6247	163	5
2805	6593	14
4652	6585	28
1969	6629	28
3672	163	5
1772	6651	19
1724	1717	2
4909	6651	22
1867	6557	14
1287	6651	3
6240	6556	14
3048	6651	7
3664	3655	2
4627	163	5
2175	6651	7
4640	4640	18
3807	6629	28
551	163	5
2228	6585	28
3764	6651	7
2531	6651	19
4275	6585	28
6148	6554	14
2507	163	5
5686	5664	2
1469	163	5
5148	6585	28
569	568	2
2272	163	5
714	712	2
655	6557	14
3963	6585	28
6375	6585	28
1017	6651	7
5713	6585	28
6375	6651	7
1965	1960	2
490	6585	28
664	6557	14
1772	6651	7
5287	6651	19
172	6629	28
5735	5725	2
5983	6651	19
2552	6651	7
246	242	2
4929	6585	28
4599	6651	7
4245	6651	19
5465	6612	14
3650	6596	14
4812	6651	19
5785	6585	28
3653	6599	14
3383	6651	19
4593	6651	19
5445	6651	19
4815	6585	28
4309	6651	19
447	6651	7
3810	3807	2
5938	6651	7
6382	6379	2
3448	6651	7
4999	163	5
3620	6651	7
4435	6585	28
3917	6585	28
1199	1198	2
4732	163	5
5510	6651	7
1460	6651	7
1684	6651	7
6452	6651	7
674	6585	28
3545	6651	7
5506	6627	14
285	163	5
6380	6585	28
3528	6585	28
2717	6591	14
2491	163	5
6528	6585	28
5874	6651	7
2036	163	5
4381	163	5
3658	3655	2
6010	6585	28
6464	6651	7
217	6569	12
4563	6651	7
2841	163	5
1310	153	4
1857	6556	14
1988	6585	28
5868	163	5
3109	6651	19
5987	6585	28
5856	5855	2
4168	4163	2
743	6555	14
1868	1861	2
6425	6424	2
4545	6651	19
6384	6651	19
6414	6651	19
968	6651	7
4783	6607	14
6155	6651	7
2023	6651	22
4081	6585	28
4185	6651	7
438	6651	7
4759	6609	14
6433	6433	18
1069	6585	28
2474	3	4
4514	163	5
5429	5421	2
1943	6651	19
4420	6651	19
1884	6556	14
1089	6559	14
810	6585	28
2466	2466	11
2623	163	5
5504	6625	14
2859	6651	7
2427	6651	3
5767	6585	28
5077	6585	28
2550	6585	28
504	6585	28
6196	6190	2
5465	5456	2
6490	163	5
1200	163	5
6386	63	7
5740	6618	14
4724	6585	28
6411	6651	19
4440	6651	7
5502	163	5
977	6651	19
2550	2544	2
1535	6651	19
6368	6651	19
5546	163	5
797	6651	7
6066	6585	28
5775	6651	19
2387	6543	28
5660	6651	19
1460	163	5
931	163	5
5457	6585	28
2223	2221	2
2111	6558	14
5151	55	7
6398	163	5
2941	6599	14
6554	6554	16
4878	6651	19
2111	2104	2
6417	6651	19
6183	6651	7
4384	6585	28
4425	6651	7
1186	6651	19
2227	6651	19
5208	163	5
4992	4970	2
6019	6628	14
3307	3300	2
5768	6585	28
584	577	2
2565	163	5
3879	3868	2
776	6585	28
393	6556	14
3154	6651	19
4281	6651	19
3094	3084	2
2303	6651	7
4946	6651	7
5129	163	5
4259	6651	7
1981	6651	7
5270	6585	28
2181	2176	2
5320	6606	14
2334	6543	28
4615	6585	28
1262	6655	10
1424	6651	7
4443	6651	19
3705	3703	2
4434	4432	2
3716	6585	28
3160	6591	14
1059	163	5
2354	2354	11
6642	6637	20
5927	6585	28
628	34	7
4813	6651	7
1511	6651	7
3795	163	5
5649	6651	7
636	6556	14
4674	4649	2
382	379	2
4198	163	5
3345	6585	28
745	6651	19
5029	6651	7
1140	163	5
2106	2104	2
4052	6605	14
5442	163	5
5166	6651	7
2094	163	5
360	6651	19
648	640	2
3978	6585	28
1192	6651	19
4043	163	5
2081	6651	7
5303	163	5
5934	6604	14
5190	6651	19
2521	6557	14
944	63	7
2676	6651	7
6526	6651	7
6378	6370	2
3215	6585	28
4008	163	5
743	739	2
3822	163	5
5146	6585	28
4812	163	5
5440	6651	7
5190	6651	7
3370	6651	7
4090	6585	28
6145	6651	22
4609	6651	7
2366	163	5
2943	2943	18
1209	1207	2
4236	6624	14
2961	163	5
193	6651	4
1245	6553	14
5016	4996	2
2247	6585	28
4476	6585	28
1272	6543	28
5870	163	5
376	6651	19
1361	6651	7
6428	163	5
2804	6651	7
2512	63	7
274	6554	14
1856	1852	2
2255	2248	2
379	6651	22
5411	6585	28
5229	6651	19
1976	6585	28
2395	2395	11
335	6651	7
4708	6651	19
5518	6585	28
3525	6651	19
1134	6585	28
1082	6651	19
1032	6651	7
2569	6651	7
821	163	5
3605	163	5
1515	163	5
2179	163	5
6207	6651	19
2805	2802	2
2124	6651	7
2282	6558	14
5970	6651	19
5576	6651	19
2671	6651	19
2702	6651	19
1900	163	5
286	163	5
1432	163	5
4923	6585	28
5048	6651	22
906	6556	14
4830	6651	19
1231	1225	2
6151	6145	2
4251	4241	2
2085	2077	2
3669	3666	2
4791	6651	7
4850	4831	2
3046	6585	28
291	289	2
2683	6629	28
2389	1	4
3342	163	5
1115	6558	14
2837	163	5
1848	6651	19
5613	6585	28
4795	6651	19
331	163	5
1595	6585	28
6641	6577	9
6440	6585	28
5923	5907	2
1375	1375	18
1294	6598	21
5838	6651	7
2126	163	5
298	6651	22
2763	163	5
4444	6651	19
1255	6543	28
3031	3029	2
418	6554	14
4746	163	5
1797	6651	19
5217	6651	19
1948	6557	14
6476	163	5
1124	6585	28
3864	6585	28
5985	6651	22
1546	6651	22
4526	6651	7
5235	6651	19
2623	6594	14
1756	6554	14
403	6651	19
4168	6608	14
5343	6629	28
1270	6594	21
1328	6558	14
3780	6651	19
2545	6552	14
2348	1	4
269	262	2
5211	5187	2
5648	163	5
3208	6651	7
5363	6651	7
2482	6651	19
2057	6558	14
3170	6651	22
6033	6651	7
2983	6597	14
1616	6651	19
5872	5855	2
4095	6651	19
3614	6651	19
4400	163	5
827	820	2
1705	6651	19
2412	2412	11
4286	6651	19
1455	6651	7
1002	163	5
5308	6651	19
3984	6585	28
2847	6585	28
574	163	5
5327	6651	7
4509	6651	7
3119	6592	14
422	415	2
2839	163	5
4689	163	5
2828	6585	28
4356	6585	28
3837	3833	2
4115	4111	2
4387	6585	28
4909	4909	18
3528	3527	2
6551	6563	28
1136	6651	19
6110	6651	19
5580	6623	14
240	240	11
5450	6554	14
431	424	2
2447	2447	11
3101	3095	2
3970	163	5
3196	6594	14
1166	6585	28
1023	1018	2
2425	151	4
6554	6548	15
6121	6651	19
1183	6651	7
4059	163	5
1477	6585	28
1232	6585	28
5341	6651	19
555	550	2
1932	6651	7
2126	6585	28
1865	163	5
2445	4	4
3719	6651	7
5558	6651	19
214	6569	12
2160	163	5
3984	163	5
6401	6397	2
4902	163	5
2084	6558	14
473	6651	19
5487	6651	7
3976	6607	14
2704	6651	19
2191	6651	7
435	163	5
1818	6585	28
945	6585	28
921	6651	7
5796	5777	2
4810	163	5
3187	6651	19
3926	6651	19
3824	6651	19
734	6585	28
2243	6651	7
1872	1870	2
5127	6651	19
2949	2943	2
1713	6651	19
5865	163	5
5304	163	5
5745	6651	7
2740	2738	2
3359	6585	28
6387	6651	19
3345	3344	2
524	523	2
4242	6651	7
360	163	5
4854	6651	7
4975	6651	7
2896	6651	7
4221	6651	19
1720	6554	14
2582	2575	2
4244	6651	19
3890	3868	2
2443	6651	4
3342	6651	19
4705	6651	7
1650	163	5
1449	163	5
6199	6199	18
3615	6651	22
4668	4649	2
1130	163	5
2510	6585	28
3318	6585	28
376	163	5
5797	6623	14
1353	1348	2
321	6585	28
1968	6651	19
4610	6651	7
767	6651	7
2740	6651	7
233	6651	4
1947	163	5
453	451	2
5402	5395	2
663	6556	14
4602	6585	28
6171	6651	19
3253	6651	7
1925	6651	19
4546	4536	2
3420	6651	7
3694	3677	2
4377	6585	28
6139	6651	7
3787	6651	19
4042	6585	28
769	6651	19
1766	1762	2
3251	6594	14
6288	6280	2
1491	6651	7
3063	163	5
5849	6585	28
399	397	2
2457	2457	11
1840	6651	19
5313	6585	28
419	6651	19
6560	85	26
2662	6651	7
2929	6651	7
6437	6585	28
6078	163	5
1820	1816	2
1508	1501	2
1557	1555	2
5199	6651	7
4828	6651	7
4670	6585	28
334	334	18
5275	5265	2
1306	6600	21
3163	6585	28
1694	6585	28
2529	6651	7
5494	6651	7
203	6553	21
1800	6651	19
1925	163	5
4132	6624	14
6056	6651	19
2922	6651	7
1005	6585	28
2637	6651	19
1825	6651	22
5582	163	5
3087	6585	28
6074	6651	7
2461	6651	4
2197	2194	2
562	6651	7
4662	6651	19
605	6651	19
6143	6651	7
176	163	5
250	242	2
5458	163	5
1185	1180	2
931	928	2
3735	6651	19
6342	163	5
4486	6651	19
4366	163	5
3722	6651	7
520	163	5
4370	6651	7
997	6557	14
1387	6554	14
2358	6543	28
3222	6585	28
1977	6651	19
754	6651	7
1729	6651	19
6586	6629	24
471	163	5
486	478	2
4453	6651	19
3019	163	5
1033	1027	2
4511	4510	2
5570	6585	28
3734	6651	7
5810	163	5
1739	163	5
4958	6651	19
4671	6651	19
6395	163	5
3197	163	5
499	6651	19
2009	6555	14
3152	6651	7
2494	2488	2
5366	6626	14
948	6585	28
237	237	11
2692	2683	2
2819	6585	28
1641	6651	7
1911	163	5
6165	6585	28
4926	6585	28
4074	6651	19
3875	6651	7
3975	3972	2
6362	163	5
5039	5022	2
1892	1888	2
4612	6585	28
2146	163	5
2014	6651	22
5731	5725	2
6588	14	8
2599	163	5
671	163	5
5334	163	5
4718	6585	28
5590	6651	19
2313	6651	3
770	6651	19
6028	6611	14
3466	6651	19
3841	6559	14
3193	6651	7
2425	6543	28
6093	6651	7
4467	6612	14
1100	6585	28
4414	4406	2
3357	3355	2
5012	6651	7
5691	6651	19
4041	6651	7
6324	6585	28
765	6651	7
5336	5317	2
3809	6605	14
2771	2771	18
3534	6585	28
2390	6615	21
3826	3807	2
2409	1	4
5300	6651	7
447	6651	19
1891	163	5
2125	163	5
336	6651	7
6373	6651	7
4356	6614	14
5876	6624	14
5424	6651	19
522	6651	19
6189	6585	28
5026	6651	19
5323	6585	28
2455	6645	10
6204	6651	19
5831	6585	28
2590	2586	2
1738	1735	2
1893	1888	2
1689	6651	7
489	163	5
6265	6262	2
2412	6565	12
6207	6199	2
3285	6585	28
2288	163	5
5792	6651	19
4712	6651	19
1680	6585	28
3416	6651	7
2967	6592	14
618	613	2
2036	2032	2
4219	4215	2
717	6585	28
1958	6651	7
4973	6651	7
5449	163	5
2416	6651	3
5600	6585	28
188	63	7
2441	6651	3
5841	6585	28
1641	163	5
5329	6651	19
2249	2248	2
3730	6604	14
2111	6651	19
3296	6597	14
696	163	5
4560	163	5
6277	6271	2
597	6651	19
4865	6585	28
3292	6585	28
1032	6556	14
4729	6605	14
890	6651	19
1240	6651	7
5694	6607	14
1564	1564	18
4199	163	5
1591	6651	22
6077	6585	28
5603	163	5
2384	2384	11
3194	6651	19
3492	6651	19
577	577	18
214	214	11
1119	1117	2
3290	6651	19
4109	163	5
2219	2212	2
530	6651	7
4083	6610	14
6286	6280	2
730	6629	28
283	6554	14
5832	5829	2
1786	163	5
1861	6651	22
4490	6585	28
3891	6626	14
4138	6651	19
2769	6599	14
2355	6645	10
2771	6629	28
3532	6595	14
5262	6651	19
5129	6651	7
1919	1915	2
5345	6651	7
2280	2275	2
2124	6651	19
3567	6651	7
5342	163	5
3774	3755	2
5070	6651	7
6382	6585	28
2304	6651	7
1193	1189	2
844	6585	28
6302	6555	14
6431	163	5
6494	6651	19
6354	6585	28
5038	163	5
1303	6651	3
5363	6585	28
2139	6585	28
1627	6629	28
5867	6651	7
6343	6343	18
4481	6585	28
4459	6651	19
2982	6585	28
1234	6629	28
2977	2976	2
3931	6585	28
2698	2694	2
4736	6651	19
4176	6651	19
3567	6585	28
2087	6651	19
5734	6651	19
263	262	2
5079	163	5
3142	6554	14
204	6651	3
3607	6651	7
6240	6651	7
4748	6585	28
5804	6585	28
5087	6651	19
3726	6585	28
572	6651	7
2410	2410	11
4988	6651	7
516	514	2
4020	6625	14
3919	6651	7
5264	6651	19
5762	6614	14
5389	6585	28
926	6558	14
4597	6651	7
3935	6651	7
2829	2824	2
5938	5933	2
4648	4640	2
4318	6585	28
4845	6585	28
2794	2791	2
1828	6651	19
4865	163	5
2449	2	4
3124	3117	2
6218	6585	28
5174	6651	19
698	6555	14
6284	6651	7
6464	6585	28
6135	6651	19
4516	4510	2
3296	6651	19
3782	163	5
3511	6585	28
1220	6585	28
3629	6556	14
3242	163	5
6524	6523	2
4431	6651	19
1975	1969	2
1548	6651	7
6612	6653	6
6140	6555	14
5656	163	5
2038	6585	28
2226	163	5
4178	6651	7
2500	163	5
5538	6651	7
5051	6585	28
5203	6651	7
4429	6585	28
4468	6613	14
3375	6599	14
5819	5803	2
1175	6651	7
3475	6651	7
2675	6585	28
211	6651	3
6565	6563	28
2834	6600	14
3341	6651	19
5381	6585	28
5841	6615	14
1193	6555	14
3769	6651	19
5003	6651	7
3317	6585	28
4447	4432	2
1030	1027	2
2892	6651	19
992	6552	14
2552	6559	14
5186	6651	19
1870	6651	22
3505	6629	28
2974	6651	19
3646	6651	19
2128	6651	19
2737	6651	7
764	6651	19
5203	6585	28
5676	6651	19
4874	6620	14
1437	6559	14
4954	6613	14
5787	6585	28
3981	163	5
4798	6651	19
1095	163	5
3740	6614	14
5263	6651	19
3192	6651	22
3386	6651	22
1016	163	5
6291	6651	19
1683	1681	2
2789	2782	2
3260	163	5
4479	6585	28
3854	6585	28
1723	6585	28
732	6651	7
6221	6217	2
4263	6651	7
4339	6651	19
3273	6585	28
1058	6651	19
2821	2813	2
3361	6651	7
4660	6651	19
4362	6620	14
2603	163	5
5089	6618	14
3416	3408	2
1108	6651	22
757	757	18
2770	163	5
718	6585	28
1897	1897	18
6291	6289	2
3753	6627	14
6471	6585	28
4030	6651	19
3361	3355	2
4797	6585	28
4263	6585	28
2368	0	4
440	6558	14
4120	6651	19
1520	6651	19
5582	6651	19
1587	1582	2
5057	6651	19
787	784	2
5947	163	5
5832	6585	28
4786	163	5
4986	6619	14
652	6651	7
3411	163	5
4397	163	5
6093	6553	14
2241	6585	28
4882	6585	28
3206	6593	14
5596	6613	14
628	163	5
891	163	5
4851	163	5
4490	4484	2
3400	6651	7
4207	4189	2
1488	6585	28
3806	6651	7
240	6558	21
1680	163	5
481	163	5
5083	6585	28
3531	163	5
262	6629	28
3642	6651	19
6313	6585	28
5976	6620	14
1128	6651	7
1976	6558	14
2741	163	5
2143	2140	2
3392	163	5
3082	6651	7
4222	6651	19
383	163	5
3008	6585	28
969	6651	19
4605	6620	14
4383	6606	14
2842	6651	19
6609	6609	16
2518	6554	14
4881	6651	7
5131	6608	14
5031	6585	28
4843	163	5
4082	4076	2
4943	4918	2
2473	6645	10
2227	6557	14
1126	6629	28
423	6651	7
1043	6651	19
972	6651	19
1181	6585	28
2637	6597	14
5960	163	5
1594	6585	28
2725	6651	19
2184	6651	19
4110	163	5
1799	1798	2
2375	1	4
2388	6654	10
4958	6585	28
2889	6585	28
3326	6585	28
435	6553	14
6266	6585	28
6446	163	5
1196	6585	28
1240	6557	14
4225	4215	2
778	6651	19
2907	6557	14
3287	163	5
2765	6651	19
2295	6585	28
2021	2014	2
3344	6629	28
4335	6585	28
4681	6609	14
950	6585	28
542	6585	28
4764	6585	28
1138	1135	2
2905	2901	2
5802	6585	28
6412	6557	14
2855	6651	19
462	6651	7
4382	6585	28
4545	6585	28
1481	163	5
3166	3159	2
5576	6651	7
1495	6554	14
2092	6585	28
2775	2771	2
3816	6585	28
6290	6651	19
1277	1277	11
6457	103	7
1521	6651	19
3812	6608	14
3347	6585	28
1530	163	5
2957	6585	28
1170	6585	28
4303	6613	14
5331	6617	14
2726	6585	28
5588	6651	19
4947	6585	28
1015	6651	19
3914	3894	2
2570	6585	28
3197	6651	7
4133	163	5
4788	4779	2
4793	6651	7
1751	1744	2
5728	6651	19
710	6651	19
3394	6598	14
2546	6651	7
1508	163	5
1617	163	5
5359	6619	14
4837	6609	14
4419	6585	28
6484	6651	19
6381	6651	7
619	6585	28
6255	163	5
5895	6617	14
2657	6585	28
4855	6651	7
5751	5751	18
1386	6553	14
4554	6651	7
210	6569	12
2847	6591	14
3255	6651	7
813	6585	28
5047	163	5
673	6557	14
6522	6585	28
5915	6585	28
1508	6651	7
4436	6651	7
183	6553	14
2463	4	4
4269	163	5
762	6556	14
6210	6553	14
1283	6596	21
2099	6555	14
438	6651	19
4403	4380	2
1282	153	4
2351	4	4
3714	3703	2
6423	6585	28
6070	6585	28
3201	6651	7
6108	6559	14
3551	6592	14
3570	6585	28
2735	163	5
5113	6585	28
220	6543	28
5223	6651	19
6400	163	5
1726	6629	28
3461	6651	19
596	6651	19
3246	6651	19
846	6585	28
4581	4562	2
2719	2716	2
3145	6585	28
1159	6651	19
500	496	2
4578	6651	19
818	6558	14
6227	6226	2
2587	6591	14
637	6585	28
5393	6627	14
6580	64	8
2589	2586	2
338	334	2
4646	6557	14
309	6553	14
6394	6651	19
437	6651	19
3845	163	5
3611	6597	14
651	6585	28
480	6651	7
786	6651	19
3080	6651	7
6338	6651	7
3186	6651	7
5197	6651	7
2877	163	5
2060	6651	7
3388	6651	7
5062	163	5
5246	163	5
480	6651	19
6522	6651	19
6422	6558	14
4998	6585	28
1694	6651	7
462	6651	19
466	460	2
545	6585	28
4219	163	5
1899	6553	14
4140	4137	2
2934	163	5
4500	4484	2
2288	6651	19
282	6651	7
873	6559	14
4461	6651	7
5093	6585	28
1284	6596	21
6539	163	5
2662	6600	14
1342	6554	14
2449	2449	11
2563	2553	2
6084	6651	7
4601	6616	14
5474	6651	19
215	6554	21
5291	5291	18
4053	163	5
3123	163	5
5750	5725	2
3806	3781	2
3942	6585	28
672	6585	28
1968	6559	14
2862	2857	2
2646	6595	14
4012	3998	2
830	829	2
3799	6651	19
2055	6556	14
5851	6651	7
3460	6651	7
1098	6585	28
5715	5690	2
4227	6651	7
5681	6585	28
485	6558	14
6191	163	5
1152	163	5
6090	6559	14
4871	6617	14
5491	6651	7
1091	163	5
2999	6585	28
2967	6651	7
1094	163	5
5995	6585	28
6618	6577	28
604	6629	28
2919	6651	19
752	6651	19
6367	163	5
4985	6651	19
6637	6543	25
3172	6651	19
4087	6585	28
4516	163	5
4231	6585	28
2678	6596	14
4328	163	5
6296	6651	19
2640	6585	28
224	6565	12
5910	6651	7
625	163	5
719	6651	19
2194	6629	28
4736	163	5
2158	6629	28
614	613	2
383	6651	7
2983	6585	28
4734	163	5
1457	6651	7
1841	63	7
5117	6651	7
931	6585	28
4893	6651	19
4089	163	5
373	6651	7
3749	6585	28
1859	1852	2
6648	104	8
4698	163	5
3922	6585	28
4152	6651	7
3382	6556	14
1106	6585	28
6394	163	5
1622	6585	28
2175	6585	28
5506	6651	7
4450	163	5
6441	6433	2
4011	6651	19
1851	6651	19
1943	6651	7
1999	1996	2
1422	6651	7
229	6644	10
267	6651	19
5061	6616	14
3690	6616	14
3924	6651	19
5428	6651	7
6382	6554	14
3497	6651	19
3739	6613	14
4962	163	5
3132	163	5
4034	6585	28
4638	163	5
4239	6651	7
6180	6559	14
1211	6651	19
1476	1474	2
6301	163	5
3600	6585	28
5145	6651	19
5648	5638	2
5267	6651	7
4903	6623	14
5208	6651	7
4987	6651	19
4850	6585	28
704	163	5
1115	6651	7
5160	163	5
6401	6651	7
5445	6651	7
4411	6651	7
2205	6651	7
3660	6651	7
2280	6556	14
3436	6651	7
489	487	2
4502	6621	14
1356	6651	19
4815	6651	19
4727	6651	22
4124	6651	19
5658	6651	7
1074	163	5
5486	6607	14
1463	6651	7
1345	6651	19
2393	6543	28
4291	6651	7
2120	6558	14
3578	6651	7
495	163	5
3589	163	5
4437	6651	19
1848	1843	2
4227	6651	19
2326	6606	21
1922	163	5
5215	6605	14
3796	3781	2
5133	6585	28
5874	6585	28
6253	6651	22
3740	6651	7
1441	6651	19
5694	6651	19
2208	163	5
6306	6298	2
2168	6651	7
354	6585	28
1661	163	5
2805	6585	28
1857	6651	7
261	6543	28
633	163	5
706	6585	28
4338	4319	2
4335	6619	14
1990	6554	14
5138	163	5
1247	6651	19
5860	5855	2
1310	6543	28
1056	163	5
2080	6554	14
4828	163	5
3007	6585	28
4295	163	5
3853	3842	2
6167	163	5
6625	6577	28
3101	6651	7
1629	6553	14
723	163	5
5015	163	5
4597	6585	28
545	6651	19
6315	6651	19
3686	6612	14
645	163	5
6366	6361	2
5604	6651	19
3863	6585	28
3226	6651	7
5275	6585	28
3974	6651	7
6565	5	8
4744	6651	7
4152	6618	14
6326	6325	2
4274	6610	14
3061	6651	19
1899	6651	7
5221	6651	7
4050	6629	28
3856	163	5
5896	6585	28
237	6651	3
1766	6651	19
1244	163	5
3317	6596	14
2332	3	4
3725	163	5
1046	6585	28
2510	6651	19
2964	6651	7
5228	6651	7
2719	6585	28
5668	6651	7
5357	6617	14
4617	163	5
2737	2727	2
2261	163	5
6230	163	5
2043	2041	2
3273	163	5
4914	6651	19
860	6651	19
1365	6559	14
6170	6585	28
5583	5560	2
3927	6610	14
1105	6651	19
5478	5456	2
2702	6585	28
3514	6651	7
6342	6559	14
5799	5777	2
3093	163	5
700	163	5
3901	6610	14
6199	6651	22
1628	6651	7
3855	6585	28
2177	6651	19
4672	4649	2
4436	6607	14
4726	163	5
4043	6651	7
4646	70	7
1401	1393	2
3742	6616	14
6000	6585	28
434	6651	19
2135	6651	7
3925	6651	19
5376	6651	7
6342	6585	28
2312	6565	12
5843	6651	19
4046	6585	28
2330	1	4
4539	6651	19
4292	4267	2
5763	6651	7
4419	163	5
3319	6585	28
2493	6556	14
4533	6585	28
922	6651	19
5745	6623	14
1095	6651	19
3966	163	5
1828	6651	7
6434	6651	19
1572	6585	28
3897	6651	19
5760	6651	19
3184	6651	7
2977	6591	14
562	6651	19
6121	6118	2
1426	6585	28
1450	163	5
3468	3463	2
1461	6585	28
4842	163	5
4451	4432	2
4388	6585	28
5257	5239	2
3380	163	5
293	6651	19
4321	6651	19
4695	6651	19
4194	6585	28
5924	6651	7
1595	1591	2
5023	6651	19
3852	3842	2
3058	163	5
2697	6651	19
4188	6651	7
4576	6651	19
1455	6585	28
4561	6585	28
2161	6651	7
6362	6651	7
5901	6623	14
1900	6651	7
6570	93	8
1031	6651	19
6358	6651	7
6477	6585	28
2127	6585	28
2920	6651	19
1001	163	5
4124	4111	2
6148	6145	2
6417	6553	14
5860	6651	19
2344	2344	11
2637	2630	2
3211	6585	28
2358	6611	21
4583	6585	28
4394	6617	14
375	370	2
2071	2068	2
5160	6585	28
1459	1456	2
5609	5586	2
1727	6552	14
6149	6145	2
1843	1843	18
1095	6585	28
1658	1654	2
2314	3	4
764	6585	28
505	6651	22
4280	6585	28
4796	6585	28
3676	6651	7
3497	163	5
3374	163	5
601	6651	7
1259	6569	12
3943	6651	7
241	6543	28
1753	6651	22
5675	163	5
2170	163	5
2383	6543	28
6498	6496	2
6389	6651	19
1657	6651	7
3773	6651	19
3325	6651	7
2267	2266	2
1044	6651	19
2300	6558	14
5894	6651	19
3401	3397	2
2665	6651	7
4887	4883	2
5707	6585	28
405	397	2
632	163	5
3041	6591	14
6412	6406	2
4166	4163	2
283	6651	19
3636	163	5
2234	6585	28
1313	163	5
225	6550	10
4835	6651	19
4983	6616	14
2445	6655	10
2617	6651	19
2292	6559	14
839	163	5
5556	6651	7
2048	6651	19
1175	6651	19
363	6585	28
1969	6651	22
404	6585	28
6274	6554	14
4598	6613	14
2936	6651	7
5583	163	5
6000	163	5
3002	163	5
3177	3170	2
5866	6614	14
5442	6651	19
3133	6595	14
1783	163	5
4019	163	5
5682	163	5
1102	6585	28
6142	6585	28
3102	163	5
4224	4215	2
202	6651	3
6221	6651	7
2473	2473	11
6514	6514	18
979	973	2
259	6651	4
3100	6651	7
450	6651	19
4832	163	5
968	6651	19
2686	6651	19
3667	163	5
2449	6623	21
4204	6651	7
5026	6651	7
4302	6612	14
936	6651	7
3614	163	5
3206	6585	28
162	134	0
5931	6651	19
1536	6651	19
3669	163	5
3272	6651	7
4775	6651	19
2147	163	5
5589	6585	28
4060	6651	19
4776	6651	7
3398	3397	2
4623	6585	28
4660	6585	28
5763	163	5
5837	6585	28
3356	6651	19
2946	6585	28
3212	6585	28
6128	6585	28
5404	6585	28
2764	6585	28
2664	6552	14
6343	6629	28
2870	6651	19
1448	163	5
5170	5152	2
4538	6651	7
2240	2239	2
2912	6592	14
6345	6553	14
5489	5482	2
3879	6614	14
720	712	2
6112	6651	19
4591	163	5
1905	6559	14
3058	6651	7
3888	163	5
1461	6651	7
4981	6651	7
6159	6585	28
4901	6651	19
5405	6651	19
6594	6594	16
1562	1555	2
4498	6651	7
1765	6651	7
1047	6651	19
2945	163	5
4021	6651	7
1797	6651	7
2024	6585	28
4737	163	5
4866	6612	14
4680	4675	2
3213	6651	19
5772	5751	2
1003	6585	28
3933	6585	28
196	6651	4
1550	6585	28
1863	163	5
2917	6585	28
3600	3593	2
5608	6625	14
6544	6575	28
654	6651	7
4469	6651	7
2084	6651	19
597	6553	14
3177	6597	14
2167	6629	28
6642	6567	28
3659	6585	28
837	829	2
2307	6651	7
5823	163	5
6160	6585	28
5679	6618	14
1903	163	5
2289	2284	2
4430	6627	14
6426	6424	2
2635	6651	19
3275	6585	28
992	163	5
502	496	2
1166	163	5
5291	6651	22
4520	6613	14
5882	163	5
3504	6559	14
2206	6585	28
2842	163	5
5937	163	5
5910	6606	14
164	163	2
4967	6585	28
3403	6651	7
682	6557	14
2900	6585	28
4147	6585	28
3575	6585	28
2454	2454	11
2276	2275	2
839	6651	19
2463	6655	10
1151	163	5
2031	163	5
1855	6651	19
6231	6651	19
2855	6651	7
3102	6585	28
3867	6651	19
3039	6651	19
3388	6592	14
2999	6651	19
1091	6552	14
5319	6651	19
4528	6621	14
2728	6591	14
4560	6585	28
6276	6651	7
6494	6651	7
4584	4562	2
4549	6651	19
5640	6651	19
4376	4371	2
359	6651	19
5600	5586	2
4966	4944	2
5407	6585	28
1690	1690	18
3411	6593	14
2631	6591	14
1585	6651	19
6410	6406	2
6245	6651	7
3864	6625	14
757	6629	28
1307	1307	11
5537	6651	19
3199	6585	28
2258	6651	7
564	6651	7
1961	163	5
4675	6629	28
872	163	5
1662	6559	14
3233	6651	7
5639	163	5
6377	6651	19
1796	1789	2
6431	6651	19
2577	6585	28
4968	6585	28
3285	163	5
3731	163	5
6053	6558	14
6271	6271	18
6601	5	8
894	6585	28
3393	6585	28
5787	5777	2
2581	6596	14
4717	6585	28
5150	5126	2
2469	6651	3
2051	6651	19
6574	6563	28
970	964	2
859	163	5
2214	6651	19
2448	6543	28
4422	6619	14
4844	6585	28
5604	6585	28
368	6558	14
4866	163	5
4924	6585	28
1934	6651	7
6557	94	1
350	6558	14
3779	6627	14
3000	163	5
5052	6585	28
5216	6651	7
4716	163	5
1657	6651	19
6033	6585	28
607	6585	28
3607	3604	2
4899	6619	14
5105	5100	2
1211	163	5
3992	6651	19
1381	163	5
3245	3236	2
6357	6585	28
3737	6585	28
4387	6651	7
4265	4241	2
1857	163	5
6062	163	5
710	6558	14
5626	6651	7
178	172	2
2390	2390	11
4289	4267	2
4935	4918	2
6242	163	5
1001	6585	28
4433	163	5
2930	6651	7
909	6651	7
3073	3073	18
1815	6559	14
4932	163	5
5401	6585	28
3230	163	5
4104	6651	19
6512	6585	28
3330	6598	14
4597	6612	14
3194	163	5
5643	6651	7
3249	6651	7
2108	6555	14
5064	6651	19
738	6651	19
5783	163	5
2659	6585	28
4051	6651	7
4697	163	5
1101	6553	14
1139	6651	19
3076	6651	7
5516	6651	7
409	6585	28
3081	6651	19
1422	163	5
1093	1090	2
5829	6629	28
771	6585	28
6015	5994	2
3393	163	5
5103	6585	28
5448	163	5
1164	163	5
655	649	2
6146	163	5
642	6553	14
4110	6651	7
4051	6651	19
3680	6606	14
4757	6607	14
4239	6651	19
6600	111	1
710	163	5
1831	6557	14
624	622	2
4749	163	5
5436	6651	19
6070	6557	14
425	6651	19
5783	6585	28
5615	5612	2
5027	5022	2
638	6651	7
4959	6618	14
1254	78	4
2875	2868	2
6536	6532	2
1577	6651	7
3779	6585	28
781	6651	19
3797	6651	19
4888	4883	2
740	6651	19
3760	6585	28
2426	0	4
2265	6651	7
529	6585	28
6495	6559	14
1331	6651	19
1629	6585	28
4334	6618	14
6618	6651	1
1315	6651	7
5536	6651	19
5876	6585	28
5375	6651	19
276	6651	19
5078	6651	19
5916	6651	7
5335	163	5
2013	2005	2
665	163	5
5972	5959	2
6521	6651	19
2843	6651	19
5579	5560	2
4862	6651	19
3575	6651	7
6225	6559	14
6210	6651	7
1317	6651	7
2488	2488	18
1844	6552	14
6201	6651	19
3695	6651	19
3735	3729	2
742	163	5
3829	6651	7
4528	6651	19
2049	6651	19
1912	6585	28
3267	6651	22
4122	6651	7
4184	6651	7
1062	6559	14
1312	6629	28
1091	6651	7
3141	6585	28
5006	6613	14
2838	6593	14
4331	6651	7
4511	6604	14
3434	6594	14
1117	1117	18
4190	6651	7
2125	2122	2
5702	6651	19
2342	1	4
3497	3496	2
4813	4805	2
322	6585	28
4975	4970	2
5078	163	5
5794	6585	28
5562	5560	2
2578	6585	28
5110	6651	7
2260	2257	2
4279	6651	19
992	991	2
501	6651	19
5203	5187	2
3102	3095	2
4523	4510	2
5184	6651	19
1522	6651	19
5448	6585	28
2431	6566	12
341	163	5
2441	6565	12
1023	6556	14
5057	6585	28
2296	2293	2
6103	6100	2
5051	6651	19
2114	6552	14
6101	163	5
4808	6651	19
5057	5048	2
3732	6651	19
5335	6651	19
1267	1267	11
5752	6651	19
1474	1474	18
4004	3998	2
3098	3095	2
731	730	2
3620	3615	2
2571	163	5
1688	163	5
2677	163	5
3232	6651	7
2115	6585	28
2394	2394	11
2064	6651	7
1968	1960	2
2329	6654	10
5857	163	5
1676	1672	2
5066	5048	2
3439	6599	14
3456	6651	19
5774	6585	28
3050	6600	14
2376	6613	21
2925	6585	28
885	163	5
3374	3366	2
1709	1708	2
366	6585	28
2979	2976	2
1664	6651	19
3879	6651	19
337	6585	28
5115	5100	2
1561	6651	7
4888	6651	19
1490	163	5
5757	5751	2
3061	6600	14
822	6585	28
5121	5100	2
2723	2716	2
5140	163	5
620	129	7
659	6552	14
6582	6575	28
1659	6585	28
3241	3236	2
4395	6585	28
1749	6556	14
1091	1090	2
3464	6591	14
402	6651	7
2133	163	5
3915	3894	2
3426	163	5
5717	5716	2
5373	6651	7
1341	6651	19
3921	3920	2
947	6651	7
1815	6585	28
6236	6651	7
1889	6651	19
3479	6585	28
863	6651	7
1387	163	5
3212	6599	14
5742	163	5
2502	6651	19
731	6552	14
1023	6651	19
3235	6651	7
5251	6585	28
4378	6558	14
5331	6651	19
5714	6651	7
4083	6585	28
1653	1645	2
5081	6651	7
4375	6585	28
4054	6651	7
785	6585	28
2886	6597	14
2054	6651	7
1589	163	5
320	163	5
3992	6623	14
1198	6629	28
4873	6619	14
4073	4050	2
4361	6585	28
1232	163	5
1934	6552	14
4822	163	5
5102	5100	2
3604	3604	18
2780	6651	19
1077	1072	2
6552	157	1
2173	128	7
4767	163	5
1020	6585	28
5794	5777	2
2621	6592	14
4813	163	5
6605	6576	15
2921	2921	18
4020	3998	2
5544	6613	14
5932	163	5
3987	6585	28
1423	6585	28
4672	6651	7
6391	6585	28
543	6553	14
4138	6604	14
6156	163	5
2044	6651	7
5515	163	5
5258	5239	2
1868	163	5
357	6556	14
4678	4675	2
1963	6651	7
6588	6575	28
3281	6585	28
3109	6593	14
3847	3842	2
3990	6651	7
2444	2444	11
1039	6651	7
478	6651	22
4749	6651	19
4907	6651	7
3812	163	5
951	6651	19
240	6543	28
2203	6629	28
831	829	2
2098	6554	14
1842	1834	2
5805	6651	19
2481	6585	28
2584	6651	19
5490	5482	2
3815	6611	14
5421	6651	22
1427	6651	19
5300	6612	14
6628	6577	28
4323	6651	7
2435	2432	2
1466	163	5
360	6585	28
1710	1708	2
6650	109	8
6610	6610	16
1271	1271	11
4544	6611	14
1814	163	5
1302	6599	21
2317	6543	28
4847	4831	2
6485	6478	2
3504	6585	28
4624	6613	14
3407	163	5
1878	6585	28
5159	6585	28
1034	163	5
1190	1189	2
2831	6651	7
2931	163	5
2151	6651	7
3883	6651	19
4407	6604	14
6214	6651	7
6427	6651	7
4766	163	5
5667	163	5
2901	6651	22
3991	6651	7
3205	163	5
2154	6651	19
6259	6651	19
4024	4024	18
369	361	2
587	6651	7
5179	6651	7
1299	1299	11
5605	6651	19
1630	6585	28
4661	6615	14
1506	6651	7
5996	6605	14
6142	6651	19
1802	6555	14
1253	6651	3
230	6644	10
2903	6651	19
4287	6585	28
1267	6651	3
2669	6651	19
5388	6622	14
2841	6585	28
3480	6596	14
3173	6593	14
1477	163	5
1908	1906	2
1418	6651	7
6266	6651	19
5223	5213	2
4458	6629	28
2391	6543	28
5278	5265	2
806	6651	19
2527	2524	2
2432	2432	18
3630	6585	28
3956	6651	19
511	6585	28
6213	6651	7
1753	6629	28
6162	6154	2
3171	6591	14
3954	3946	2
2701	6597	14
2543	2533	2
3771	3755	2
1751	6585	28
1504	1501	2
2213	6585	28
1754	6651	19
1015	1009	2
3118	163	5
1898	6651	7
2612	2608	2
3484	163	5
3509	3505	2
1678	6651	19
272	163	5
4846	6651	19
3961	6585	28
3785	3781	2
211	6543	28
4331	6585	28
1626	163	5
1740	6651	7
6221	6555	14
5677	6585	28
2705	6651	22
3791	6613	14
5673	6651	19
4386	4380	2
3752	163	5
5578	6651	7
3230	6595	14
611	6651	19
2701	163	5
840	163	5
3850	6611	14
3582	3582	18
4708	6585	28
2947	6585	28
2004	1996	2
3717	6651	7
4573	163	5
5886	5881	2
5469	5456	2
1078	6557	14
1025	163	5
840	6553	14
3115	163	5
3346	163	5
2994	2987	2
5218	6585	28
5707	163	5
5618	6651	7
6470	163	5
2796	6595	14
4331	163	5
2670	6651	7
5823	6651	19
6586	14	8
4265	6651	7
1589	1582	2
4939	6585	28
3747	6621	14
4946	163	5
1509	163	5
3631	6558	14
3231	6651	7
3683	6651	19
5007	4996	2
3332	163	5
2579	6651	19
1425	6585	28
5363	5343	2
2407	2407	11
3801	6623	14
737	163	5
4097	6651	19
5593	6610	14
4280	6651	19
5471	6585	28
4126	6651	7
2542	163	5
1658	163	5
1212	6585	28
1286	140	4
1599	6651	19
6303	6556	14
4748	6624	14
6589	6651	25
917	163	5
2280	6651	7
6283	6651	7
3136	6651	7
1417	6585	28
3630	6651	7
5486	5482	2
2818	163	5
5081	163	5
6210	6651	19
2860	6651	7
5732	163	5
3388	3386	2
5905	163	5
2377	6565	12
1680	6559	14
3621	3615	2
3037	6651	7
5120	6623	14
3423	3419	2
3280	3278	2
5759	163	5
6447	6651	19
3542	6651	7
2871	6593	14
1547	163	5
199	6651	3
3059	163	5
5541	5534	2
1754	1753	2
2812	6651	19
4184	4163	2
5220	6610	14
4866	4857	2
3007	6651	19
6016	5994	2
4810	4805	2
5215	163	5
4553	4536	2
182	6651	19
5543	6651	19
1186	6557	14
5316	6651	19
384	6651	19
2117	6585	28
5990	6651	19
4712	6614	14
4313	6651	7
5254	6651	19
3389	3386	2
1777	163	5
6421	31	7
1088	163	5
2176	6629	28
2923	6585	28
5511	6606	14
5909	5907	2
4503	4484	2
5664	5664	18
2268	6651	7
2569	6651	19
4610	6585	28
2141	163	5
2116	2113	2
4478	4458	2
5949	163	5
1469	1465	2
421	6651	7
5582	6585	28
2350	3	4
971	6585	28
2773	2771	2
2502	2497	2
1602	6651	7
1243	6651	22
250	163	5
566	6558	14
5651	6616	14
3576	6651	19
5212	6651	19
1083	6651	7
1534	6585	28
1988	6552	14
5387	6585	28
4482	6651	19
3935	6651	19
5988	6554	14
1408	6585	28
5365	6651	19
3449	6585	28
5413	6651	7
3858	6651	7
4796	163	5
4027	6606	14
4302	4293	2
6008	163	5
4233	6651	7
3029	3029	18
4036	6585	28
4089	6651	7
5289	6651	19
1304	153	4
6591	111	1
5164	6651	19
6641	14	8
5503	6651	19
1433	1429	2
3092	3084	2
841	163	5
351	163	5
2675	2672	2
5284	163	5
4355	163	5
898	6651	19
5827	5803	2
5997	6585	28
2791	2791	18
2126	6555	14
5416	5395	2
339	6585	28
6357	6651	7
2601	6585	28
1160	6558	14
6335	163	5
1830	6651	7
5161	5152	2
5572	6651	7
2173	163	5
3022	6585	28
5973	6617	14
4677	4675	2
3398	6585	28
4370	6651	19
1675	6651	19
4368	163	5
5577	6585	28
4691	6619	14
4191	6605	14
6414	6559	14
4404	6651	7
1950	163	5
2161	6585	28
2163	2158	2
4228	6651	7
2808	2802	2
2166	6651	7
2247	6651	7
5242	6606	14
2468	6626	21
4452	4432	2
3604	6629	28
2443	2443	11
3613	6651	19
2451	6565	12
636	631	2
3924	6607	14
880	874	2
6247	6651	7
5589	163	5
6117	6109	2
4755	6585	28
2848	6585	28
5189	6651	7
5815	6651	19
468	6651	19
1677	6651	19
6035	6651	19
2299	2293	2
6590	6570	24
6381	6379	2
6194	6651	19
6140	6651	19
2740	6592	14
4800	4779	2
1668	6651	19
6272	6651	7
4078	163	5
3569	6651	19
6465	6556	14
6069	6064	2
3067	6585	28
1498	6585	28
6572	64	8
1848	6556	14
4292	163	5
2525	6552	14
746	6651	19
5454	5447	2
5605	6585	28
1830	6651	19
6548	27	8
4706	6608	14
2487	163	5
1622	6651	7
2008	6554	14
2030	127	7
607	6651	19
4689	6651	19
3609	6585	28
3712	163	5
4284	6620	14
6532	6532	18
4245	163	5
321	163	5
747	6651	19
5322	6651	19
3936	6651	19
2836	163	5
6005	6614	14
4900	6585	28
2665	6651	19
1720	1717	2
6083	6552	14
5031	5022	2
2182	163	5
3726	163	5
831	6651	7
5518	6613	14
4139	6585	28
6466	6651	19
614	6585	28
4147	6651	7
5274	6612	14
6029	6020	2
3871	6585	28
2715	6600	14
2314	6543	28
4599	4588	2
1887	6559	14
4858	6604	14
2280	6585	28
3411	6585	28
880	163	5
2779	6598	14
2673	6591	14
1141	6651	7
5507	6651	7
436	6651	19
4571	6585	28
2058	6651	19
1213	163	5
732	163	5
300	298	2
873	865	2
1732	6651	19
1216	6651	22
4542	163	5
4409	6585	28
5733	5725	2
2551	2544	2
780	775	2
5167	163	5
3923	163	5
6247	6244	2
1574	6651	19
3485	6629	28
6221	6651	19
5974	6651	7
3387	6651	7
2240	163	5
707	6651	7
6029	6651	7
1532	163	5
3155	163	5
2344	6565	12
5134	6651	19
4373	6651	19
948	6651	19
4144	163	5
2676	163	5
3478	6651	19
3561	6651	7
2688	6651	7
1151	6585	28
1556	6651	7
1556	6651	19
5073	6628	14
518	163	5
4644	6555	14
6570	6546	28
3321	6600	14
4442	4432	2
384	6651	7
2243	6651	19
1272	1272	11
1964	6651	7
551	550	2
2590	6651	7
5634	6625	14
627	6556	14
4470	6651	19
4290	6626	14
5056	6651	19
2205	163	5
4123	4111	2
3326	3322	2
1174	163	5
1960	6651	22
6269	6651	19
4557	6651	19
3871	6606	14
5957	163	5
4505	6624	14
832	6651	19
4728	4727	2
197	6569	12
5490	6611	14
5076	6651	7
773	6651	7
1263	6651	3
5825	6625	14
5542	6651	7
4578	6619	14
6048	6046	2
1695	6585	28
4901	6651	7
3378	6651	19
5098	6651	19
4195	4189	2
1923	6651	7
3215	6651	19
4604	6585	28
4742	4727	2
1229	6651	7
513	6651	7
4835	163	5
2983	6651	19
2157	6651	19
4343	4319	2
5419	163	5
2548	6555	14
2579	6585	28
6462	6585	28
2600	163	5
1138	163	5
625	622	2
5534	6629	28
701	694	2
1027	1027	18
2244	2239	2
3193	6651	19
1665	6651	19
3485	3485	18
2492	2488	2
3761	163	5
5484	6585	28
2335	0	4
6633	6547	28
2689	6596	14
327	6585	28
2145	6651	19
3209	6585	28
4762	6585	28
6077	163	5
1181	6651	19
3361	6585	28
2889	6651	19
1300	1300	11
4312	6622	14
301	6651	19
2229	6559	14
3537	3527	2
5444	5421	2
3161	163	5
1517	6585	28
3872	6585	28
3445	6585	28
2366	6585	28
6297	6651	19
260	6655	10
1607	6585	28
2249	163	5
5456	6651	22
3987	3972	2
5342	6651	7
439	433	2
2993	6585	28
1412	6651	7
4083	6651	19
4596	163	5
3010	163	5
2194	2194	18
980	6558	14
4564	6651	19
4596	6651	7
5662	5638	2
4518	163	5
3424	6595	14
6208	6629	28
3676	6600	14
5282	6651	7
4723	6585	28
6540	6532	2
4948	6651	19
4396	6585	28
5945	5933	2
1359	6651	19
2546	6651	19
612	163	5
5793	6619	14
3337	6651	19
4360	163	5
4120	163	5
4543	6610	14
2091	6651	7
783	163	5
4931	163	5
1584	163	5
2844	6585	28
5108	6651	19
3230	6585	28
1218	6651	7
1295	1295	11
1703	6585	28
5041	6651	19
3932	163	5
1579	6651	19
5264	6651	7
4982	163	5
1428	1420	2
4884	6651	7
3989	6651	7
4612	6651	7
724	6651	19
2663	6629	28
5400	6651	7
3620	6651	19
3472	6651	19
2352	6610	21
2539	6596	14
2074	2068	2
2528	163	5
4776	6651	19
1653	163	5
4763	163	5
3329	6597	14
2555	6585	28
6088	6557	14
2688	6585	28
3454	6592	14
4834	6585	28
3231	6596	14
3835	163	5
2055	2050	2
2114	6585	28
4028	6651	7
6206	163	5
5092	5074	2
2412	6655	10
5222	163	5
2281	163	5
1200	6651	19
3804	6626	14
1024	6585	28
1236	163	5
6008	5994	2
5371	6651	7
1954	163	5
5070	5048	2
5404	5395	2
5043	6624	14
2762	6651	19
5704	6617	14
3605	6585	28
4192	163	5
6292	6651	19
2276	6552	14
2902	6651	19
6243	6235	2
1392	6585	28
4997	6651	19
974	163	5
3136	6585	28
3508	6651	7
4302	6651	7
3199	3192	2
2869	6651	7
962	6558	14
3969	6651	19
554	6651	19
2428	2	4
4862	6608	14
5123	6626	14
3015	6651	7
3473	6600	14
2501	6555	14
5969	5959	2
5912	6585	28
5051	6606	14
528	163	5
3425	6651	7
6403	6651	19
5901	6585	28
216	6651	3
4010	6651	7
4780	6651	7
1788	6651	19
6486	6478	2
3502	3496	2
3225	3225	18
5224	6585	28
6200	6552	14
3968	3946	2
311	163	5
4643	6554	14
2202	6585	28
3797	3781	2
2256	6651	19
4806	6651	19
3389	6651	19
1064	6651	19
4287	6623	14
3584	6651	7
1841	6651	19
212	151	4
5417	5395	2
3606	6592	14
6417	6415	2
5130	5126	2
3547	6651	7
1777	1771	2
1454	6558	14
5184	163	5
2137	9	7
3117	6651	22
3096	3095	2
1712	6651	19
3602	6585	28
1079	1072	2
3205	3203	2
5527	5508	2
2250	2248	2
6070	6064	2
2763	2760	2
4550	6617	14
2357	2357	11
2487	6585	28
3170	6629	28
1152	1144	2
1989	163	5
514	514	18
1817	6651	19
2485	6651	7
1394	6651	19
3601	6651	19
695	6651	7
2040	2032	2
5072	163	5
5665	6585	28
3800	6585	28
5288	5265	2
1879	6651	22
6624	6542	15
400	6651	7
1355	163	5
3050	3040	2
2516	6585	28
4264	4241	2
4768	6651	19
1932	163	5
5355	163	5
3837	6555	14
2632	6592	14
4221	6609	14
821	820	2
6444	6651	19
268	6651	19
3232	163	5
2792	6585	28
614	6651	19
1831	163	5
1046	6651	7
5024	6605	14
1871	6552	14
4456	4432	2
3811	6651	7
2089	6651	7
1032	163	5
2629	6651	19
6079	6073	2
4914	6651	7
3327	6651	19
3198	163	5
5341	6651	7
362	6651	19
229	102	4
5667	6585	28
5943	6613	14
1552	6557	14
3112	3106	2
5410	163	5
1807	6651	22
2624	2619	2
6631	6585	9
2688	6651	19
6499	6651	19
2858	6585	28
4445	163	5
5292	5291	2
5621	6585	28
5944	163	5
4328	4319	2
285	280	2
4698	6626	14
4320	6651	19
3616	6585	28
3303	6593	14
6149	6651	7
1202	6651	7
5888	6651	7
1609	6629	28
3580	163	5
4448	6619	14
3287	6599	14
229	6556	21
3746	6651	7
3709	6651	7
351	6651	7
1431	6651	19
5575	5560	2
4042	6651	7
1763	6552	14
2458	6549	10
1520	6585	28
5524	6651	19
3802	6585	28
990	6651	19
5536	5534	2
4135	163	5
4960	6651	19
3550	6651	19
1352	6651	19
6106	6557	14
3598	6585	28
4580	4562	2
3212	6651	19
1966	59	7
2354	1	4
6365	6651	19
5793	6585	28
1352	6585	28
1402	1402	18
4245	6585	28
5038	6619	14
4892	6651	7
2570	6596	14
6617	6651	1
681	163	5
2768	6651	7
1378	1375	2
3348	163	5
2858	6591	14
2880	2879	2
322	6651	19
606	6651	19
3949	6651	19
447	163	5
4196	6585	28
5852	6651	7
905	6651	19
5670	5664	2
3792	6651	19
6190	6651	22
5325	6611	14
5834	5829	2
2808	6585	28
4129	6621	14
6260	6585	28
4763	6651	19
5475	6585	28
2381	6565	12
3665	6651	7
3646	6592	14
1205	1198	2
5673	6651	7
6077	6651	19
490	6651	7
4721	6623	14
2073	6585	28
276	271	2
6451	6451	18
2582	6597	14
5423	6585	28
4762	6612	14
2962	163	5
2885	163	5
349	163	5
5955	6585	28
4508	6651	19
5928	6651	7
2334	6651	3
1972	6651	7
4567	163	5
6339	6651	7
4858	6651	7
6022	6020	2
2588	6592	14
6148	6651	19
5103	6651	19
755	6585	28
2444	6622	21
639	6651	19
4912	6651	19
4873	6585	28
5398	6606	14
1277	6569	12
2684	163	5
5430	5421	2
1363	163	5
5656	6621	14
3423	6651	7
4364	6651	19
1223	1216	2
4893	6585	28
5940	163	5
5567	163	5
4457	6585	28
2460	6543	28
977	973	2
1118	6651	7
4267	4267	18
3500	6585	28
765	6559	14
4164	6651	7
1911	6651	19
4806	6585	28
4475	6651	7
5729	6585	28
5227	163	5
2251	163	5
1757	6651	7
5271	6585	28
4161	6651	19
2126	2122	2
5405	6651	7
1213	6651	19
4183	6651	7
3387	6651	19
4876	6651	7
2880	6591	14
1835	6585	28
1980	163	5
2012	6651	7
2940	6651	7
1282	143	4
1544	163	5
3253	6651	19
1648	6651	7
3970	6627	14
4093	6651	19
495	6585	28
2449	6565	12
4487	6585	28
5157	6651	19
5968	163	5
5492	5482	2
3820	3807	2
2924	2921	2
2363	6555	14
4221	6585	28
6534	6651	19
5818	6618	14
5299	6611	14
1749	6651	7
5133	6651	7
6414	6651	7
6496	6496	18
6323	6651	19
2804	163	5
207	6651	3
362	361	2
1413	6553	14
2412	4	4
3468	163	5
1479	6651	7
1563	163	5
2642	6585	28
6009	6585	28
3170	3170	18
2035	6651	7
675	6559	14
1691	163	5
4950	4944	2
3168	6651	7
6056	6552	14
2774	163	5
3959	6651	7
4789	163	5
1821	6585	28
3564	6594	14
627	6585	28
5136	6585	28
5451	6651	19
5222	6612	14
2338	2338	11
3863	3842	2
4334	6585	28
1963	163	5
214	6651	4
1441	163	5
1965	163	5
5298	6610	14
4273	4267	2
2397	6651	3
635	6651	19
2027	6585	28
4990	6585	28
6315	6651	7
3512	6597	14
2653	6585	28
195	6552	21
1509	6651	7
6186	6651	19
1161	163	5
1056	6651	7
3335	163	5
3019	6585	28
4816	6585	28
4186	163	5
1802	6651	7
3539	6651	19
2900	6651	19
2978	2976	2
3479	163	5
6270	6651	7
5020	6585	28
1170	1162	2
1619	163	5
3914	6585	28
2137	163	5
2441	6622	21
2545	6651	19
2065	159	7
5681	5664	2
6150	163	5
5679	6585	28
1161	6651	7
3710	3703	2
387	6559	14
626	6651	19
2227	2221	2
3514	6585	28
1038	6651	7
4237	4215	2
2512	6557	14
6489	6585	28
1531	163	5
3445	6651	19
1617	1609	2
1656	6651	7
6503	6496	2
411	6651	19
2336	6543	28
545	163	5
1500	163	5
1088	1081	2
1336	1330	2
801	6651	7
2346	6609	21
3634	6651	19
3143	163	5
2330	6565	12
4458	4458	18
1996	6651	22
5263	6651	7
338	6651	7
3000	6585	28
3641	6651	7
2177	2176	2
1449	6553	14
546	6651	7
1321	1321	18
1606	1600	2
3696	6651	7
2513	63	7
601	6585	28
5559	6651	7
2895	6585	28
5736	163	5
4068	6651	19
1749	163	5
717	712	2
1018	1018	18
6621	6621	16
254	6644	10
1517	6651	19
2414	6543	28
5681	163	5
4418	163	5
2568	6585	28
884	6651	19
4854	6626	14
4715	6651	19
6335	6651	7
6396	6559	14
3609	6651	7
3631	6651	7
949	6651	7
5393	6651	19
5454	6558	14
1174	1171	2
256	256	11
867	163	5
2819	2813	2
6420	6585	28
4276	6585	28
716	712	2
6597	111	1
5946	6651	7
2995	6651	19
6086	6651	19
4007	6651	7
6607	6653	6
2533	2533	18
3350	163	5
4655	6585	28
687	6553	14
2543	6585	28
4557	6651	7
6249	6651	19
5971	6585	28
252	6651	3
1053	163	5
3171	6585	28
2356	6651	3
2192	6651	19
998	6651	7
1918	6585	28
2931	6651	7
2351	6651	3
3963	3946	2
4134	163	5
593	6651	7
5080	6609	14
3701	3677	2
227	6651	3
1965	6651	7
4408	6651	7
2776	6585	28
1098	1090	2
901	901	18
6198	6190	2
985	982	2
4285	6585	28
4505	163	5
3346	6592	14
3596	6585	28
5109	6651	7
6633	115	8
5980	6585	28
3312	6651	19
369	6585	28
4936	6621	14
3220	6596	14
3469	6651	19
4863	6651	7
1592	163	5
5240	6651	19
2517	2515	2
1476	6651	7
690	685	2
2586	2586	18
4907	6627	14
2358	151	4
654	649	2
4809	6651	19
628	622	2
5948	163	5
3450	3441	2
3746	163	5
889	6585	28
1361	6555	14
2199	2194	2
1651	6557	14
3347	3344	2
3812	6585	28
5530	163	5
2252	6585	28
699	6651	7
1282	1282	11
2565	6585	28
3347	6593	14
5711	6585	28
4507	4484	2
6378	163	5
1476	163	5
997	163	5
2754	6585	28
4466	163	5
4367	6625	14
3731	6651	19
6162	6585	28
4101	4076	2
2652	6651	22
1655	1654	2
4124	163	5
3313	6651	19
529	523	2
1033	6585	28
1293	151	4
3090	6596	14
6624	6577	28
4979	6651	7
1518	6651	7
1957	6651	19
1503	1501	2
4951	163	5
3850	6585	28
494	6585	28
4698	6651	7
4767	6651	19
1031	6585	28
4541	163	5
832	6651	7
744	163	5
2909	6559	14
1661	6651	7
5824	5803	2
6300	163	5
4015	6651	7
1169	130	7
2914	6651	19
3264	163	5
2342	6644	10
1829	163	5
6080	6651	19
4594	6585	28
978	163	5
4884	6651	19
6649	6547	28
736	6651	19
4170	6585	28
3850	3842	2
3765	163	5
236	152	4
3230	6651	19
920	919	2
5590	6585	28
2535	6592	14
845	838	2
5059	6651	7
4088	4076	2
5357	163	5
3289	3289	18
4074	6651	7
881	6651	7
5571	163	5
860	163	5
1252	6591	21
672	6651	7
3573	6592	14
5814	163	5
1568	6585	28
328	163	5
6269	6558	14
1553	163	5
4166	6651	19
5465	6651	19
450	163	5
2181	6651	7
5344	6585	28
2830	6651	19
5137	6614	14
5619	6651	7
3663	6651	7
5136	163	5
4000	3998	2
5797	6651	19
5573	163	5
522	514	2
6202	6651	7
2785	2782	2
908	6651	19
165	6585	28
201	6553	21
4695	4675	2
413	6651	7
3996	163	5
2978	6592	14
5318	6604	14
3158	3148	2
4003	3998	2
2846	2846	18
2341	6651	3
3540	6651	19
498	6585	28
847	6651	22
4493	6651	19
6399	6651	19
4867	6651	7
4242	6604	14
3846	163	5
3528	163	5
4184	6651	19
626	6585	28
6108	6100	2
1431	1429	2
1825	6629	28
5284	5265	2
5407	5395	2
1970	1969	2
652	6554	14
1625	6558	14
1664	6552	14
5628	163	5
2923	2921	2
1960	6629	28
352	6629	28
3882	163	5
2123	163	5
2720	6651	7
4322	6585	28
5111	5100	2
1026	6559	14
1199	163	5
1040	6651	19
176	6585	28
2339	6543	28
889	6651	19
367	110	7
2569	163	5
5983	163	5
6183	6553	14
4115	6651	19
2499	6651	19
1182	163	5
5994	6651	22
2391	2391	11
3641	6598	14
6248	6555	14
2918	163	5
2259	163	5
1612	6554	14
4691	6651	7
5910	163	5
4269	6651	7
3488	6651	7
3587	6651	19
5237	163	5
5893	6651	7
6184	6585	28
6627	6577	28
2615	6651	19
5143	6585	28
3957	6585	28
3071	163	5
5994	6629	28
1898	6552	14
2411	6618	21
6402	6651	19
236	6556	21
1107	6651	7
6197	6585	28
2831	163	5
955	6651	22
6488	163	5
299	298	2
6444	6553	14
6611	6651	1
6538	163	5
2844	163	5
5106	163	5
891	6651	7
1508	6651	19
2114	163	5
4070	4050	2
3837	6651	19
1909	1906	2
5255	6651	19
6115	6585	28
692	6651	19
903	6651	7
5780	6651	19
5379	163	5
4537	163	5
2381	2381	11
3742	6651	19
2254	6557	14
5085	5074	2
1927	1924	2
5171	6585	28
550	6629	28
4084	6651	19
4374	4371	2
2618	163	5
1745	6651	7
2425	6566	12
3345	6591	14
3010	6651	7
4221	4215	2
2851	6595	14
1538	6651	19
527	523	2
5008	4996	2
5059	5048	2
3471	163	5
1469	6651	19
3318	163	5
547	6651	7
2193	6559	14
1813	6651	19
6122	6585	28
6311	6585	28
5486	6651	7
871	6557	14
3474	6651	22
4643	6585	28
3540	3538	2
1125	1117	2
465	6585	28
6505	6505	18
3212	163	5
1847	6585	28
2096	6651	7
2606	6651	19
1429	1429	18
1849	1843	2
6519	6651	7
5519	6614	14
877	874	2
4780	4779	2
2269	2266	2
4744	163	5
996	6585	28
1792	163	5
3233	6651	19
5540	6651	19
1579	163	5
1155	1153	2
6058	6651	7
6051	163	5
4048	6627	14
1701	6553	14
734	6555	14
6303	6298	2
1952	1951	2
5022	5022	18
4490	6651	7
2959	6595	14
1779	163	5
4999	6606	14
3149	3148	2
4182	163	5
5920	6616	14
4006	3998	2
5350	6610	14
1037	6552	14
1523	163	5
3303	6651	19
4256	6651	7
3813	6651	7
809	6651	19
3738	6585	28
5884	6585	28
2336	6644	10
4518	6651	7
2026	163	5
4248	6651	7
5378	6651	19
3669	6593	14
3748	6585	28
5202	6618	14
1124	1117	2
2742	6651	7
307	6629	28
2944	2943	2
5232	6585	28
4788	163	5
4215	6629	28
2467	2467	11
3860	6585	28
4655	6651	7
4849	4831	2
226	149	4
4808	6651	7
3871	6651	7
4191	6651	7
4104	163	5
1205	6651	19
5769	6621	14
170	6585	28
5453	6651	19
2338	6647	10
6410	6555	14
6175	6651	19
951	946	2
2668	6585	28
4625	6614	14
1585	163	5
5538	5534	2
2750	6585	28
5974	6618	14
3364	6599	14
2616	6651	19
5358	6585	28
2029	2023	2
5352	6612	14
248	6557	14
2467	6645	10
5159	163	5
4547	6585	28
6557	6557	16
1760	163	5
2291	6651	19
3692	6651	7
5498	163	5
547	541	2
4113	6651	19
4460	6585	28
2513	2506	2
4897	6651	7
5607	6585	28
1494	6651	7
3908	6651	19
3332	6600	14
5584	6651	19
4685	6613	14
6374	6555	14
2469	2469	11
1216	1216	18
1713	6585	28
5591	6651	7
3594	3593	2
6237	6651	7
4466	4458	2
6222	6651	7
270	262	2
4559	6585	28
6150	6651	19
1263	6592	21
5539	6585	28
895	163	5
551	6585	28
6630	64	8
2450	6651	3
6438	6556	14
6630	6547	28
5398	5395	2
2043	6651	19
1137	6585	28
1891	6651	7
771	6651	19
3730	6651	7
784	6651	22
713	712	2
690	6585	28
6025	6651	19
1652	6651	7
2150	6552	14
1682	6552	14
886	883	2
1459	6554	14
2955	2954	2
3940	6651	19
5046	5022	2
2940	6598	14
5571	6651	19
4783	6585	28
4641	6552	14
2442	6651	3
2695	6591	14
244	6585	28
3754	163	5
6471	6651	7
6193	163	5
3177	163	5
2007	6651	19
3232	6597	14
1407	6585	28
1218	6585	28
5921	6617	14
718	6557	14
4211	6651	19
3621	25	7
3681	6651	19
5317	5317	18
1594	6651	19
2887	6651	7
2370	6543	28
5451	163	5
6461	6460	2
4390	6613	14
5174	6651	7
682	6585	28
794	6651	7
3907	6616	14
5348	6651	19
6211	6651	7
587	586	2
1210	6554	14
3250	6585	28
1453	6557	14
2773	6651	7
5501	5482	2
4412	6651	19
2235	6651	7
4282	6618	14
2334	6566	12
5523	5508	2
2026	2023	2
6089	6651	7
4994	163	5
3363	6651	19
1022	6585	28
1981	1978	2
5706	163	5
245	242	2
1995	6559	14
4989	6585	28
775	6629	28
2234	6651	7
636	6651	19
224	6555	21
774	6651	7
1512	163	5
2384	3	4
5138	6615	14
3568	163	5
5602	163	5
5466	6613	14
6336	6651	19
6593	111	1
2470	6651	3
1465	6651	22
4214	4189	2
4022	163	5
1620	6585	28
3386	3386	18
5606	163	5
6288	6651	7
1729	163	5
484	6651	7
3311	3311	18
3233	163	5
723	721	2
6561	85	8
5111	6651	7
1425	6651	19
4054	6607	14
4427	6585	28
382	6585	28
4720	163	5
3040	6629	28
3441	3441	18
6576	96	8
3440	163	5
6279	6271	2
5687	5664	2
3262	6651	19
6337	6585	28
6573	6570	9
3868	6651	22
2295	6651	19
4233	163	5
6306	6559	14
1399	6585	28
6023	6585	28
3042	6585	28
3531	6651	19
2981	2976	2
6609	6576	15
1613	6555	14
2000	1996	2
4653	163	5
4752	4727	2
5080	6651	7
4142	6651	7
6406	6629	28
1276	6654	10
4273	163	5
3686	6585	28
2708	163	5
761	6585	28
2580	2575	2
885	6651	7
3762	6651	7
6399	6397	2
3191	6585	28
5250	6585	28
5076	163	5
5641	6585	28
5897	6619	14
2425	6620	21
6458	6558	14
2687	163	5
3673	163	5
2663	6651	22
4917	6559	14
509	163	5
2571	6585	28
5280	6651	19
3902	163	5
2750	2749	2
5318	6651	7
4333	163	5
1032	6585	28
5625	6651	19
5054	6651	19
515	6585	28
1533	163	5
3775	6651	7
338	6585	28
2097	163	5
4233	6585	28
5649	5638	2
6093	163	5
5351	163	5
5859	6607	14
662	6651	19
6224	6585	28
5773	163	5
2641	6629	28
3748	6622	14
2351	2351	11
4469	6651	19
3672	6596	14
5045	6651	7
5685	163	5
4959	4944	2
4500	6651	19
5264	163	5
4309	6585	28
3238	6651	7
2146	6651	7
944	6585	28
3294	6585	28
3797	163	5
1248	1243	2
6184	6181	2
366	6651	19
3536	6651	19
4426	6585	28
210	6543	28
5345	163	5
957	6553	14
4896	6651	19
1984	6585	28
4331	6615	14
2949	6651	7
2696	163	5
2794	163	5
6189	6651	19
652	6651	19
2200	6585	28
1888	6651	22
1383	6651	7
1396	1393	2
5031	6651	19
306	298	2
2416	6619	21
941	6651	19
5570	5560	2
5293	163	5
4785	6609	14
5064	6651	7
6391	6388	2
329	325	2
4017	6651	7
931	6651	7
3134	3128	2
2903	2901	2
1711	6585	28
4971	4970	2
303	298	2
5852	163	5
2780	6585	28
6084	6585	28
4120	4111	2
3849	3842	2
5453	6557	14
3850	163	5
6329	6555	14
4169	6651	7
3292	6651	7
5652	6585	28
4558	6651	19
752	163	5
4860	6585	28
1689	163	5
2594	6651	19
6333	163	5
4794	6651	19
2006	6651	19
713	6552	14
2474	6651	4
2664	6651	19
5898	6585	28
1176	6556	14
2456	6543	28
3851	6651	7
821	6651	7
4165	4163	2
5378	6651	7
6620	6651	1
4673	6585	28
5987	6651	19
3664	6651	19
2263	6585	28
1913	6651	7
3817	6651	7
2712	6585	28
1531	6651	19
1958	163	5
375	6585	28
5449	6553	14
4899	6651	7
713	6585	28
2723	6651	7
5899	6621	14
2182	6651	19
4948	4944	2
4610	4588	2
1703	163	5
863	856	2
6459	163	5
3166	6651	19
4788	6585	28
2333	6607	21
2566	6592	14
5672	5664	2
949	6651	19
4454	6625	14
3570	6600	14
1878	6559	14
6105	6651	7
3285	6651	7
258	6651	3
5286	5265	2
2597	6651	22
3809	6651	7
5324	6651	19
1703	6651	19
996	991	2
1083	6553	14
3799	6585	28
1274	6651	3
1165	6651	7
2931	6585	28
3965	3946	2
2590	163	5
3031	6651	7
4679	6651	19
5225	6585	28
2790	163	5
5598	6585	28
5775	6627	14
745	739	2
4032	6585	28
311	6651	7
4207	6585	28
4694	6651	19
664	163	5
3197	3192	2
6373	6370	2
1201	6651	19
5615	6606	14
5924	6620	14
572	6651	19
3823	6651	19
5877	6651	19
3445	3441	2
622	622	18
3069	6597	14
6027	6610	14
2307	6585	28
3595	6651	19
5010	4996	2
1512	1510	2
4482	6627	14
4424	6621	14
6152	6558	14
5728	6651	7
3143	6651	7
6393	6556	14
5102	163	5
1423	6651	7
4533	6651	19
2025	6553	14
2825	6585	28
3367	3366	2
5239	6651	22
6100	6629	28
1268	6569	12
2754	2749	2
1302	6569	12
3491	6585	28
995	6651	7
207	102	4
2528	6651	19
2987	6629	28
4606	6651	19
1237	6651	7
3557	6598	14
5391	6651	19
3901	6585	28
775	775	18
972	6559	14
5034	6651	7
3843	6585	28
5498	6651	7
5174	6625	14
5889	6611	14
4743	4727	2
6495	163	5
538	6557	14
875	6552	14
5357	6651	19
1640	6651	19
3447	163	5
6521	163	5
4318	4293	2
1929	6556	14
1864	6554	14
6409	6651	19
2565	6651	7
3608	6651	19
557	6651	7
4128	6585	28
1832	163	5
3265	125	7
4635	4614	2
1238	6651	7
5792	6618	14
5217	6585	28
4204	6651	19
2267	6552	14
5707	5690	2
6566	6602	28
3247	3247	18
3053	6585	28
5050	6605	14
3536	6599	14
4376	163	5
1499	6558	14
197	6651	3
965	6651	7
405	163	5
4592	6651	7
2580	6651	7
1886	163	5
4191	4189	2
1407	6556	14
333	6559	14
3999	6651	19
2046	2041	2
4232	6585	28
5110	163	5
5411	163	5
2002	6557	14
5157	6651	7
1077	6651	19
6222	163	5
4373	6651	7
2306	2302	2
425	6552	14
3851	6651	19
4260	6651	7
2839	6594	14
2095	6651	22
6012	6651	7
5217	6607	14
2582	6651	19
1048	6554	14
2833	6651	7
4988	163	5
4530	4510	2
4230	6651	7
3323	6585	28
1837	6585	28
2030	6558	14
5554	6623	14
3090	6651	7
1725	6559	14
1600	6629	28
5769	6651	7
2281	6557	14
1755	6651	19
4192	6585	28
4188	6651	19
546	6651	19
3446	6585	28
550	550	18
3472	6585	28
6223	103	7
5923	6651	19
5226	6585	28
2623	6651	7
816	811	2
3716	6616	14
3147	163	5
3309	6651	19
5364	6585	28
3837	6651	7
2666	6585	28
4212	6651	7
797	163	5
4776	163	5
2321	6651	3
3925	163	5
3786	163	5
2261	6651	19
273	6585	28
492	6651	7
171	163	5
4489	6651	19
6167	6555	14
1527	6651	19
1977	163	5
1375	6651	22
4070	6623	14
1788	6585	28
554	6555	14
4424	163	5
4639	6585	28
6037	6585	28
6132	6651	7
1065	1063	2
4049	6651	19
3965	6622	14
4299	6609	14
5945	6615	14
171	6585	28
5338	6624	14
925	6651	19
3982	6585	28
2049	163	5
2396	6616	21
534	532	2
5061	6651	19
2308	2302	2
4507	6651	7
457	6557	14
698	6651	7
5327	6613	14
4461	6606	14
2882	163	5
4957	6651	7
1139	6555	14
2095	6629	28
6523	6629	28
830	6585	28
5867	163	5
2279	163	5
1226	163	5
3616	163	5
2348	1	4
1767	163	5
4274	6651	7
3682	6651	19
4231	163	5
3396	163	5
969	6651	7
2325	2	4
3885	6620	14
750	6651	19
4788	6651	19
5615	163	5
6373	163	5
4926	6651	19
2381	0	4
5393	6585	28
198	6569	12
3688	6614	14
4812	6651	7
2915	6651	19
5211	6651	19
2333	6543	28
1681	6629	28
1248	163	5
1903	6585	28
1053	6559	14
2873	6651	7
714	6651	7
3275	6598	14
3109	6585	28
3846	3842	2
634	631	2
1270	6654	10
6089	163	5
4427	6651	7
2137	6651	19
3240	6594	14
3172	6592	14
3045	6651	19
3595	3593	2
2514	6559	14
5718	6585	28
5488	163	5
5423	6605	14
2572	6585	28
3709	6585	28
3448	6597	14
4436	6585	28
2603	6585	28
5397	6585	28
6460	6460	18
4246	6585	28
1740	1735	2
2109	163	5
2915	6651	7
6067	6651	7
1268	153	4
3269	3267	2
1113	6556	14
2648	6585	28
381	6651	7
1386	6585	28
1978	1978	18
168	163	2
2761	6651	19
2980	6585	28
5849	6623	14
2352	6543	28
6244	6651	22
5335	6621	14
207	207	11
5595	6612	14
2681	6585	28
2201	6558	14
4832	6585	28
5912	6608	14
3772	6651	19
504	6651	19
5967	6611	14
4372	163	5
288	6651	19
2046	6585	28
5625	6651	7
6295	6651	19
5430	6612	14
3575	6651	19
840	6585	28
430	6585	28
4816	6614	14
5169	6651	7
173	6585	28
1637	1636	2
3191	6651	19
281	6585	28
254	6543	28
4805	6651	22
3533	163	5
2145	163	5
2555	2553	2
2435	6651	7
4534	6585	28
899	163	5
5065	6651	7
1796	6558	14
1236	6553	14
6101	6552	14
1455	1447	2
4405	6585	28
5019	4996	2
651	6553	14
3834	163	5
2007	2005	2
588	6651	7
5291	6629	28
3143	3139	2
2260	6651	19
1887	6651	19
2005	2005	18
4971	6651	19
738	6559	14
2438	6557	14
4521	4510	2
2821	6598	14
866	163	5
4890	6651	7
5505	6585	28
5566	6651	19
868	865	2
3776	6651	19
6131	6651	19
3603	6651	19
2092	2086	2
4327	163	5
5999	163	5
1822	6557	14
6004	163	5
1148	6555	14
4653	4649	2
3848	6651	19
2446	6543	28
869	865	2
2379	6613	21
935	163	5
2576	6585	28
5528	5508	2
3949	6651	7
1593	6651	7
5841	163	5
3793	3781	2
4951	6651	19
6447	6442	2
258	6543	28
2429	6651	4
1525	6585	28
471	6651	7
701	6585	28
3000	2998	2
2191	163	5
2006	6651	7
824	820	2
1179	6651	19
335	163	5
1664	6585	28
995	6555	14
1171	6629	28
3950	6651	7
552	6651	19
1320	6651	19
5480	6585	28
822	820	2
5248	6612	14
5572	6615	14
3753	163	5
1223	6585	28
3274	163	5
4868	6614	14
3045	3040	2
5409	163	5
1684	1681	2
999	6559	14
5878	6626	14
3381	6555	14
1123	1117	2
1080	6651	19
4685	4675	2
6356	6352	2
5322	6651	7
2578	6651	7
6082	6629	28
5546	5534	2
3759	6585	28
5842	163	5
232	6569	12
4929	4918	2
808	6651	19
611	6558	14
4725	6651	7
662	163	5
4981	6614	14
4325	6651	7
5658	5638	2
4439	6651	7
489	6585	28
1704	163	5
4916	6558	14
5058	6613	14
6211	6651	19
728	6651	19
4455	163	5
2676	2672	2
865	865	18
1374	1366	2
2982	6651	19
6336	6651	7
1185	6556	14
4169	4163	2
4369	6585	28
4552	4536	2
6009	163	5
5808	6651	7
6521	6585	28
4285	6651	19
927	163	5
6603	6602	28
1269	1269	11
6594	111	1
4107	6556	14
3775	163	5
3616	6651	19
860	856	2
6362	6552	14
4158	4137	2
205	6645	10
435	6651	19
5347	163	5
956	6651	7
5238	163	5
693	6559	14
2739	6651	7
6151	6585	28
368	361	2
5264	6628	14
5267	5265	2
2337	6645	10
5355	6615	14
732	6651	19
4443	6614	14
5510	6605	14
4523	6651	7
4687	4675	2
2480	6651	19
3944	163	5
2428	2428	11
2377	3	4
3644	6651	22
1452	6651	7
6458	163	5
1831	1825	2
4153	163	5
2354	1	4
1612	6585	28
3577	6651	19
6540	6559	14
6368	6585	28
3440	6651	19
4029	6651	7
2499	6553	14
2073	6651	19
590	6651	19
4500	163	5
3446	6595	14
3107	6651	19
876	874	2
2971	6596	14
3648	6651	19
1581	6585	28
3559	6651	19
3343	3333	2
1453	6651	19
1132	6557	14
5111	6651	19
1468	6585	28
3522	163	5
4450	6621	14
2660	6598	14
4760	163	5
1053	1045	2
4399	163	5
4820	6651	19
2786	163	5
5708	6651	19
1311	151	4
2416	6565	12
5333	6651	19
1503	6651	7
3350	6596	14
3140	6651	19
3662	163	5
1190	6585	28
5387	5369	2
1055	6651	19
4505	6651	19
170	145	7
4061	163	5
3311	6651	22
6526	163	5
359	352	2
6552	6548	15
4509	6585	28
4931	6616	14
2165	163	5
5199	6585	28
5059	6651	19
4789	4779	2
5084	6651	19
2676	6651	19
4387	4380	2
4927	6651	19
1856	6651	19
4807	6651	7
4159	163	5
800	6558	14
603	595	2
5518	6651	7
3929	3920	2
3526	163	5
5996	6651	7
5875	6623	14
4789	6613	14
6653	6581	27
2279	6651	7
820	820	18
5543	6585	28
2542	6651	19
3384	6651	19
3424	6585	28
1112	6651	19
684	676	2
4848	6585	28
4869	6615	14
3586	3582	2
2163	6585	28
2853	6651	19
5194	6651	7
2416	2	4
3258	6629	28
1720	6651	7
1367	163	5
6619	6653	6
1755	6585	28
3346	6651	19
5269	6607	14
2533	6629	28
2826	6592	14
1460	6555	14
760	6554	14
4333	6651	19
3749	3729	2
2248	6629	28
1110	6553	14
5257	6651	7
1520	1519	2
6099	6091	2
1422	6553	14
3459	6651	19
6311	6651	19
861	6556	14
1889	1888	2
4352	6651	19
4443	6585	28
1578	6556	14
3133	6651	19
2470	6543	28
3707	6651	7
6264	6553	14
1628	163	5
5150	6627	14
5863	5855	2
3121	3117	2
3567	6597	14
3295	163	5
5999	6651	7
5359	6651	19
2810	6598	14
961	6557	14
234	6543	28
4272	6651	7
4280	6616	14
4941	4918	2
4884	6604	14
1056	1054	2
5113	6651	19
2887	2879	2
1975	6557	14
5433	6585	28
5308	5291	2
4389	6585	28
5261	6585	28
3734	6608	14
1668	6556	14
5128	5126	2
5049	6604	14
5217	5213	2
1935	1933	2
5033	6585	28
5688	6651	19
1335	6585	28
164	6552	14
3917	6651	7
315	163	5
1293	149	4
2659	6597	14
2492	6651	19
2390	6645	10
3183	6585	28
3885	3868	2
2254	163	5
4595	6610	14
4072	6651	7
3119	6651	19
2492	6585	28
1266	1266	11
6315	6307	2
2602	163	5
443	6651	7
4479	6651	7
4786	6651	19
2405	6647	10
1504	6554	14
3888	3868	2
948	6553	14
5682	6621	14
4156	6585	28
5802	6651	19
5199	163	5
6244	6244	18
1257	6591	21
2678	6651	19
5773	6625	14
3542	6585	28
5457	6604	14
2343	2343	11
3673	3666	2
2382	6614	21
4199	6585	28
5679	6651	19
1423	6651	19
3088	6594	14
5252	6616	14
5521	163	5
6187	163	5
6224	6217	2
2056	63	7
4272	6651	19
2801	6651	19
5606	6623	14
5295	6585	28
2392	4	4
4679	6651	7
3641	6585	28
4073	6585	28
605	163	5
2638	6598	14
6212	6208	2
4741	6651	7
3191	3181	2
1662	6651	19
3794	6651	19
4837	4831	2
2797	6651	7
1680	6651	7
5018	6625	14
4548	6651	7
5336	163	5
1021	6585	28
1993	163	5
176	6651	7
5102	6605	14
2421	6620	21
2994	163	5
2966	6651	7
5425	6585	28
5685	6651	19
4266	163	5
4859	6651	19
4513	6585	28
2743	6651	7
6137	6136	2
508	6651	7
789	6585	28
3629	3624	2
2593	2586	2
1325	6585	28
1958	1951	2
3024	3020	2
5268	163	5
926	919	2
4816	6651	19
2516	6651	19
5618	5612	2
2732	6651	19
6498	163	5
1112	6555	14
5656	6651	7
1334	6651	19
1182	6651	19
4832	4831	2
4045	6624	14
2341	6565	12
5749	5725	2
4314	6651	7
3306	6651	7
1484	6552	14
1534	1528	2
2959	6651	7
565	163	5
1407	6651	7
5730	6585	28
967	6585	28
5444	6626	14
1168	163	5
4931	6585	28
925	6557	14
4176	4163	2
4213	6651	7
2103	6585	28
420	163	5
5965	6585	28
3522	6651	19
6590	6570	25
2824	6629	28
2503	163	5
3265	6651	19
752	6555	14
1307	6600	21
1010	6552	14
407	6651	7
2892	6651	7
6490	6554	14
4902	6651	7
3810	163	5
6440	6651	19
6057	163	5
3681	6651	7
6112	6109	2
2118	6651	7
3746	6651	19
2837	6651	19
5672	6651	7
4117	6609	14
2324	1	4
5863	6585	28
1902	6556	14
4190	6585	28
4428	6651	19
6586	6575	28
6368	163	5
2336	2336	11
5348	6608	14
4991	4970	2
6503	6651	19
2262	163	5
4755	6605	14
1904	6651	19
5663	6651	19
5726	5725	2
6096	6585	28
4031	6651	19
2214	6651	7
483	6585	28
2246	6558	14
2534	2533	2
3779	3755	2
3185	6651	19
6448	163	5
6287	163	5
4237	6585	28
1516	6651	19
1876	1870	2
430	163	5
3306	6585	28
5524	163	5
860	6585	28
4492	163	5
1038	163	5
3872	6651	19
6001	6651	19
1558	6554	14
5569	6651	19
853	6651	19
1527	6585	28
3867	6585	28
3111	6595	14
4928	4918	2
1722	1717	2
4439	163	5
4422	4406	2
2965	2965	18
1786	1780	2
3003	6585	28
6255	6651	19
1167	163	5
891	883	2
5182	6651	7
1554	6559	14
1920	163	5
4570	163	5
3124	163	5
5263	5239	2
225	6555	21
3855	163	5
791	163	5
2651	6651	19
5780	6585	28
2200	6557	14
5566	6651	7
4411	6651	19
3515	6585	28
6525	6553	14
637	6651	19
1884	6585	28
4516	6609	14
5904	5881	2
1648	163	5
5993	6559	14
4007	6585	28
1186	163	5
1302	6651	3
3011	6651	7
1562	163	5
2125	6651	7
3364	3355	2
5466	5456	2
3432	6585	28
2556	6585	28
674	6651	19
2236	6651	7
3922	3920	2
1051	6557	14
5903	6585	28
3535	163	5
6229	6554	14
6016	6625	14
2624	6651	7
1169	6651	19
3432	6651	19
2321	4	4
6230	6585	28
312	6651	19
1293	6549	10
5202	163	5
3426	6651	19
1790	1789	2
2952	6651	7
5452	5447	2
4175	4163	2
647	6585	28
256	6651	4
3110	6594	14
2513	163	5
6068	163	5
4765	163	5
6649	6575	28
4453	6585	28
6047	6046	2
1845	163	5
3584	3582	2
6038	6621	14
6157	6554	14
5747	6651	19
6381	6553	14
6619	6577	28
818	163	5
1401	6651	19
4996	6629	28
4175	6585	28
1716	6585	28
2210	6585	28
3790	6651	7
4880	6651	19
5762	163	5
6606	6651	1
2242	6554	14
774	163	5
1012	163	5
882	6651	19
2283	6559	14
4547	163	5
3150	3148	2
2819	6651	19
3818	6651	19
2454	6651	4
3055	163	5
2891	6651	7
3255	6598	14
3948	3946	2
953	6651	19
2070	6585	28
1037	6651	19
6539	6651	19
5543	6651	7
2310	6651	7
5540	163	5
3756	6651	7
6558	6558	16
3955	6651	7
3041	163	5
4788	6612	14
6340	6334	2
6344	6552	14
1972	1969	2
2926	163	5
448	6557	14
6601	6581	27
3700	6626	14
1309	6647	10
4071	6624	14
1076	6651	7
1907	163	5
3188	6597	14
3210	6651	7
2959	6651	19
5900	6585	28
3519	163	5
1854	6651	7
4758	6585	28
2388	6543	28
1364	6558	14
180	6559	14
1275	6594	21
5789	6615	14
4170	6651	19
5202	6585	28
6413	6651	19
5035	6651	19
4386	6651	7
412	406	2
1462	6557	14
2413	6566	12
4771	6585	28
4510	6651	22
2003	6558	14
2574	6651	19
6287	6280	2
3958	6651	19
3278	3278	18
2369	2369	11
990	163	5
193	6552	21
2460	6651	4
4583	6651	19
1792	1789	2
4599	163	5
2168	6651	19
1661	6651	19
1154	6552	14
4143	6585	28
1158	6651	19
1761	1753	2
5651	6651	19
296	6651	7
2286	2284	2
5276	6614	14
1799	6651	19
3876	3868	2
1212	163	5
6383	6379	2
2439	6651	19
1863	1861	2
2238	2230	2
1788	163	5
324	6559	14
934	163	5
458	163	5
2752	6593	14
1004	163	5
1295	6569	12
1679	6558	14
636	6651	7
2895	6651	19
2578	163	5
6134	6127	2
4639	4614	2
2132	2131	2
4193	6651	7
1998	1996	2
3488	6585	28
6323	6316	2
1168	1162	2
2172	6651	7
1307	78	4
1186	31	7
5716	6651	22
5908	6651	19
1057	6651	7
5965	6651	7
1677	163	5
3619	6585	28
3136	6598	14
1646	1645	2
5332	163	5
1560	6556	14
4075	6651	19
5661	6651	7
5597	6585	28
3725	6625	14
890	883	2
5899	163	5
2809	6651	19
457	163	5
362	6552	14
2156	6651	7
1774	1771	2
4454	6651	19
5887	6585	28
3367	6591	14
5455	6651	7
4640	6629	28
1217	6585	28
534	6651	19
5966	6610	14
341	6585	28
6248	163	5
5444	6585	28
5513	6608	14
1611	6651	7
6366	6651	7
6434	6552	14
2761	6591	14
5039	6651	19
3715	3703	2
2895	2890	2
2018	6585	28
1400	6558	14
4664	6651	7
924	919	2
2979	163	5
6302	163	5
1902	163	5
5191	6651	19
2424	6543	28
2320	3	4
2455	6565	12
2552	2544	2
5717	6651	19
5885	6585	28
833	6651	19
793	793	18
4484	4484	18
6201	6553	14
813	163	5
5736	6651	7
5848	163	5
2290	6651	19
1536	6559	14
3085	6591	14
3079	3073	2
2293	2293	18
5394	6628	14
214	6554	21
817	6651	19
1445	6651	19
5584	6651	7
4196	6610	14
2000	6585	28
6162	6559	14
2501	6651	19
1436	163	5
3369	3366	2
4377	4371	2
2239	6629	28
5093	163	5
6214	6557	14
2624	163	5
5890	6651	7
5303	6585	28
1191	6651	19
6356	163	5
6188	6585	28
1899	1897	2
4547	6651	19
1687	6651	7
3648	3644	2
6002	6651	19
4114	163	5
2165	6651	19
1103	163	5
3867	3842	2
4147	163	5
3862	6651	7
4056	6585	28
1487	6651	19
3130	6651	7
3004	6596	14
5187	5187	18
1193	6651	19
6595	111	1
778	775	2
3482	6651	7
4995	4970	2
4374	6651	7
1588	6557	14
4410	163	5
3771	163	5
3137	3128	2
5926	6651	7
2308	6557	14
2760	6651	22
366	6556	14
1682	1681	2
3724	6624	14
6363	163	5
1688	1681	2
4361	6619	14
1641	6585	28
3995	3972	2
6019	6651	19
3376	163	5
5981	6651	19
4381	6651	7
5585	5560	2
5725	5725	18
4094	6651	19
1369	1366	2
4751	163	5
1626	6585	28
5838	163	5
409	406	2
5660	163	5
2712	6651	7
962	955	2
2478	6543	28
1956	6651	7
6293	6651	19
6425	163	5
1351	6651	7
3504	6651	19
3671	6651	19
3362	3355	2
3598	6651	19
3691	163	5
4635	6651	7
1809	163	5
3695	163	5
4272	6585	28
3327	163	5
4368	6651	7
1090	6629	28
4288	4267	2
3939	6585	28
5967	163	5
841	6651	7
3821	3807	2
6027	6020	2
3185	3181	2
210	133	4
5998	163	5
3255	6585	28
3070	6585	28
1656	6585	28
2189	6585	28
5795	6651	19
3303	163	5
758	6651	19
2003	1996	2
1067	6555	14
327	6651	7
1105	6557	14
5852	6626	14
5466	6651	19
4725	6651	19
2478	2478	11
5821	6621	14
1193	163	5
971	6558	14
6193	6585	28
3979	6651	19
6423	6651	7
825	6585	28
1264	6654	10
406	406	18
6461	6651	19
4593	4588	2
1908	6651	19
5994	5994	18
2658	163	5
3850	6651	7
4297	6607	14
4611	163	5
4444	6615	14
4156	6651	7
4281	163	5
6226	6629	28
5798	6585	28
2109	2104	2
5044	5022	2
367	6557	14
2038	6651	7
761	163	5
5025	163	5
1096	1090	2
4233	6621	14
1249	6585	28
341	6558	14
5210	6585	28
4472	6585	28
3162	3159	2
1999	6585	28
3401	163	5
3010	6591	14
6058	163	5
4202	4189	2
381	6553	14
5321	6651	19
796	163	5
3991	6585	28
3887	6651	7
5253	6617	14
4440	6585	28
203	203	11
4884	6585	28
4349	4345	2
1590	6651	19
3373	6651	7
2110	6585	28
4240	6651	19
4343	6627	14
2501	163	5
6615	6651	1
834	829	2
3372	3366	2
1850	163	5
1462	6585	28
4944	4944	18
4478	163	5
3188	163	5
2504	163	5
2990	6651	19
2082	163	5
1188	1180	2
2119	6651	19
6473	6469	2
6389	6552	14
5017	6624	14
3120	6651	7
1851	6585	28
3857	3842	2
4323	4319	2
4803	163	5
4130	6651	7
5262	163	5
327	6651	19
4060	4050	2
3146	6585	28
4063	163	5
4000	6585	28
6627	6651	1
5098	163	5
4839	6585	28
660	6651	19
3080	163	5
3447	6651	19
2466	6644	10
6134	6651	7
1823	6651	19
4629	6651	19
5650	6651	19
1731	163	5
2866	6599	14
2557	6594	14
5020	4996	2
5114	6651	19
2146	2140	2
2185	2185	18
6305	88	7
2353	6654	10
2554	163	5
6022	6585	28
678	6585	28
2346	151	4
5134	163	5
6592	111	1
6602	5	8
5301	5291	2
4710	6651	7
5557	6651	7
678	676	2
2435	6651	19
6240	6235	2
3429	6651	19
4342	4319	2
2678	6585	28
1592	6651	19
5975	6619	14
5072	6651	7
628	6557	14
6294	6556	14
6293	6585	28
1785	6651	7
1333	6651	7
6179	6651	7
2382	6565	12
4607	6622	14
868	6651	7
2043	163	5
4671	6625	14
4651	6605	14
5752	163	5
939	163	5
2335	0	4
3906	3894	2
1880	163	5
3698	163	5
3798	6651	7
5055	6651	19
5278	6585	28
5261	6651	7
3448	6651	19
4150	163	5
5073	163	5
305	6585	28
5833	6651	7
4283	163	5
1667	6555	14
1482	6585	28
5901	163	5
4724	163	5
5563	6585	28
931	6651	19
4709	4701	2
5230	5213	2
428	6651	7
4958	6617	14
822	6553	14
915	6585	28
4236	6651	7
814	6651	19
1219	163	5
2386	6643	10
2297	6555	14
5020	6651	19
290	6651	19
1739	1735	2
3649	3644	2
4867	4857	2
5464	6611	14
4211	6651	7
3439	163	5
6184	6554	14
522	6559	14
178	6585	28
1051	6651	7
4280	6651	7
5021	6585	28
4220	6608	14
6536	6585	28
2520	6585	28
1857	1852	2
480	6553	14
6014	6651	19
2201	6585	28
4636	6625	14
2254	6651	7
5531	6651	7
1383	6585	28
1485	1483	2
4541	4536	2
4544	6585	28
3234	163	5
6258	6585	28
6060	163	5
1962	1960	2
5850	6651	19
3315	6651	19
5077	6651	19
730	6651	22
4819	163	5
5500	5482	2
3919	6585	28
1385	6552	14
6355	163	5
2208	2203	2
1458	1456	2
4234	163	5
4870	163	5
2881	6651	19
3200	6598	14
2964	163	5
2935	2932	2
4147	6613	14
2993	163	5
5653	6585	28
4049	163	5
1631	6555	14
4787	163	5
4892	163	5
3513	6651	19
351	343	2
4993	6651	7
773	163	5
2849	6585	28
4162	6585	28
1416	6556	14
1781	6585	28
3851	6612	14
5154	163	5
4939	6651	7
3409	6651	7
5297	6651	7
2585	6651	19
5468	6651	19
4137	4137	18
4896	6616	14
2961	6585	28
3219	3214	2
1002	1000	2
5196	5187	2
1658	6651	19
2778	6597	14
6214	6651	19
2722	163	5
5654	6619	14
4168	6651	7
1433	163	5
2025	6651	7
991	6651	22
4982	6615	14
3239	6651	7
5143	6620	14
4359	163	5
2019	6651	7
1350	6585	28
1359	6585	28
5928	6651	19
1314	6651	19
3240	6651	19
4569	6585	28
6334	6334	18
3543	6595	14
5259	5239	2
4398	163	5
4178	6651	19
5269	6585	28
4932	4918	2
1472	6651	19
3437	6651	7
2046	6556	14
5022	6651	22
6187	6651	7
5659	6585	28
5042	163	5
688	6651	7
4476	163	5
3351	3344	2
3976	6651	7
368	6651	19
3330	3322	2
634	6651	7
1155	6585	28
2932	6629	28
5776	163	5
1542	6585	28
2357	4	4
2767	6651	7
1511	6552	14
1562	6651	19
5230	6585	28
5961	6605	14
2088	6585	28
6653	6651	22
1918	6554	14
1075	6554	14
4167	163	5
769	6651	7
4019	6624	14
1577	6555	14
2760	2760	18
6189	6559	14
4743	6651	7
1368	6585	28
643	6554	14
2257	2257	18
5821	6651	7
5640	6651	7
2938	6651	19
2987	6651	22
289	6651	22
3772	6651	7
2148	6651	7
2093	6558	14
4914	4909	2
1601	6651	19
2555	163	5
1109	6651	7
512	505	2
3324	163	5
2289	6556	14
2920	6600	14
4983	6585	28
4025	163	5
4362	4345	2
979	163	5
3859	6620	14
3432	163	5
2136	6556	14
1973	6651	7
4077	163	5
6069	6651	19
4934	6651	7
547	6651	19
5557	6626	14
3099	6594	14
5560	5560	18
6356	6585	28
1442	6585	28
1226	6651	19
3104	6651	7
2460	6565	12
2444	6543	28
2679	6585	28
1615	6585	28
850	6585	28
2105	2104	2
3528	6651	7
2850	6585	28
3790	163	5
272	6651	7
2389	6543	28
2237	6651	19
1441	6554	14
4023	6651	19
6129	6127	2
5445	6585	28
6572	6547	28
2378	4	4
2660	163	5
6356	6651	19
791	6651	7
1597	6651	19
1833	6651	7
2163	6651	7
4621	6585	28
4553	6651	19
906	901	2
3592	6651	7
3352	163	5
4869	163	5
6531	6585	28
1153	6629	28
1235	1234	2
199	6569	12
3453	6585	28
3202	6585	28
2466	6543	28
1464	163	5
6579	6651	25
5069	6651	19
291	6651	19
2299	163	5
837	163	5
5153	163	5
5002	163	5
4558	6651	7
5586	6629	28
3180	3170	2
4177	6617	14
4159	6651	7
2375	6651	3
642	6585	28
2581	6651	19
3794	6651	7
526	523	2
2387	36	4
2872	6651	19
4938	6651	7
4377	103	7
6609	6651	1
2963	6651	7
5616	6651	7
5506	163	5
4085	163	5
2071	163	5
5328	6651	19
4854	4831	2
2773	6592	14
2817	6594	14
950	946	2
1010	6651	19
4186	4163	2
5599	6585	28
6303	6585	28
2728	2727	2
3664	6651	7
6279	163	5
1156	6651	7
498	6553	14
539	6585	28
5232	5213	2
3718	3703	2
1105	6585	28
394	388	2
6324	6651	19
3921	6651	19
3665	6585	28
5558	6585	28
285	6585	28
1038	6553	14
1324	6585	28
5902	6651	19
5895	6585	28
4771	6621	14
1819	6585	28
5732	5725	2
4294	6651	19
4001	6585	28
5970	6651	7
2458	6566	12
3787	6585	28
5817	6585	28
5334	6651	19
5984	6585	28
927	6651	19
5788	6585	28
6237	163	5
5594	6585	28
4554	163	5
6625	6651	1
6357	6352	2
4219	6651	19
3474	6629	28
2786	6555	14
2479	6651	22
5092	6651	7
439	6585	28
6360	6559	14
4712	163	5
5025	6606	14
4852	6585	28
561	6585	28
427	424	2
2727	6629	28
5969	6613	14
5791	6617	14
1332	6651	7
4391	4380	2
6131	6585	28
482	478	2
5559	6651	19
2142	2140	2
2696	2694	2
1202	1198	2
4707	6651	19
2882	6651	7
3487	6651	19
6435	6553	14
4756	6585	28
4962	4944	2
2826	2824	2
4055	6608	14
2650	2641	2
565	31	7
1529	6552	14
192	6651	4
518	6651	19
1569	6556	14
2438	6585	28
2726	163	5
2518	163	5
4857	6651	22
1545	6559	14
4522	163	5
656	6651	19
5909	163	5
2525	2524	2
1197	1189	2
876	6553	14
2020	6585	28
567	163	5
1173	6651	19
5627	6651	19
1409	6651	19
3990	6651	19
4084	6651	7
6332	6585	28
5178	6629	28
825	6651	19
1626	6651	7
2984	2976	2
264	6651	7
4374	6585	28
2121	6559	14
4380	4380	18
6424	6424	18
4190	4189	2
1320	6585	28
2885	6596	14
5306	163	5
956	6552	14
5261	6625	14
1048	6651	7
4390	6585	28
3586	163	5
1318	6557	14
899	6585	28
1649	6555	14
943	6557	14
2823	163	5
506	6651	7
1294	6543	28
6526	6651	19
6241	6585	28
2592	2586	2
2621	6651	7
3557	3549	2
2397	6616	21
4392	6615	14
1692	6651	7
4895	6615	14
1470	6556	14
5967	5959	2
2399	4	4
1252	6569	12
3798	163	5
2431	6549	10
6153	6651	19
1078	113	7
859	6585	28
3248	6591	14
689	685	2
4747	4727	2
166	6651	19
338	6651	19
6426	163	5
6613	6613	16
4217	6651	7
6160	6651	19
1309	6600	21
5116	6651	7
3445	6594	14
5142	6619	14
3599	6585	28
1921	6585	28
1754	6585	28
2629	6585	28
4343	6651	7
2588	6651	19
1523	6651	7
804	163	5
515	6651	7
1756	163	5
1570	163	5
3541	163	5
743	6651	7
1659	6651	7
4315	6585	28
3518	6651	7
3610	6651	19
4466	6611	14
5176	6627	14
5602	6585	28
4532	6625	14
3145	6557	14
1115	163	5
2466	6651	4
1236	1234	2
3167	6651	19
6452	163	5
6435	6651	7
4268	6651	7
6484	163	5
299	163	5
1623	6556	14
218	6569	12
4447	6651	7
935	6558	14
2854	6651	7
4993	6651	19
2451	4	4
1645	6651	22
2777	6596	14
4110	4102	2
5312	6651	19
2461	6625	21
2354	6611	21
5081	6585	28
752	6585	28
4763	6585	28
4239	163	5
2560	6651	19
4116	6608	14
5013	6585	28
1048	6585	28
3818	3807	2
978	6556	14
4052	6651	19
2133	6553	14
2833	6651	19
6605	6653	6
3752	6651	7
736	6585	28
2485	6651	19
2561	6585	28
4886	6606	14
5605	6651	7
2458	6624	21
328	6651	19
2800	6599	14
5033	6614	14
5372	6606	14
839	6651	7
1489	163	5
3586	6651	7
356	6555	14
4100	6627	14
1104	6556	14
4127	6619	14
1194	6556	14
2889	6651	7
4676	6651	19
5766	163	5
696	6651	19
592	163	5
5611	6628	14
1355	6651	7
6507	163	5
5166	6585	28
4310	163	5
4514	6607	14
2724	163	5
1911	1906	2
2496	6585	28
4833	6651	19
4974	163	5
2015	6552	14
5550	163	5
2974	163	5
248	163	5
1966	6651	19
3520	6651	19
4038	6651	19
5485	6606	14
1252	6654	10
3937	6620	14
4316	6626	14
6015	6585	28
3506	3505	2
4545	6612	14
3223	6585	28
4993	4970	2
6417	163	5
547	6557	14
6449	6442	2
3486	3485	2
4346	6604	14
597	163	5
434	6651	7
1165	163	5
5587	6585	28
231	6543	28
5298	6585	28
6576	6578	28
1576	6651	7
3284	3278	2
887	163	5
4710	6585	28
3583	6651	7
3985	163	5
5719	6651	7
5696	5690	2
3491	6651	19
1025	6651	19
602	6585	28
4743	6651	19
1083	6585	28
4831	6629	28
6205	6651	19
3496	6651	22
1323	6585	28
6418	6415	2
5219	6585	28
701	6651	7
4586	4562	2
2527	6651	19
4568	6651	19
3864	163	5
5065	6620	14
6052	163	5
3659	3655	2
3704	6651	19
561	6651	7
1656	1654	2
4014	6651	19
1029	6651	19
915	6651	7
524	6651	19
5025	6651	7
4782	6585	28
4981	6585	28
3094	6651	19
4802	6651	7
5221	163	5
5460	6585	28
1281	6566	12
3281	6593	14
5911	6607	14
1523	6555	14
3334	163	5
3951	3946	2
208	6651	4
6442	6442	18
2808	6651	7
2585	2575	2
4326	4319	2
5501	6651	7
5657	6622	14
4967	6626	14
6426	6651	19
2992	163	5
2937	6651	19
798	6651	19
5993	6651	19
1889	163	5
2776	6651	19
4286	6585	28
2257	6629	28
2484	2479	2
6502	6585	28
3001	6593	14
4952	163	5
759	757	2
6380	6379	2
1763	6651	7
455	451	2
2294	163	5
4471	6651	7
3443	6651	7
6402	6397	2
5697	6651	7
4225	6651	19
5233	6623	14
1206	6559	14
6591	111	1
296	6585	28
520	514	2
1242	1234	2
6076	6651	19
5245	6651	7
5714	6627	14
638	6651	19
4518	4510	2
5634	6585	28
5049	163	5
5826	6651	19
4584	6651	7
1165	6651	19
3963	6620	14
5219	5213	2
586	586	18
5774	5751	2
6081	6651	7
963	6651	7
5811	163	5
3055	6651	7
3193	6591	14
2874	6585	28
6208	6651	22
230	6569	12
1984	6557	14
5102	6585	28
5553	6651	7
2672	6651	22
1370	6651	7
3297	6651	19
6351	6651	7
3986	3972	2
5429	163	5
2069	6651	7
4135	6585	28
4064	4050	2
6648	6651	25
4918	6651	22
1222	6557	14
5921	6585	28
3536	6585	28
1400	1393	2
6050	163	5
6048	6651	19
3176	3170	2
1295	78	4
3935	6618	14
2583	6598	14
2527	6651	7
4699	6651	19
1344	6585	28
2992	6595	14
1305	6543	28
2473	6651	3
5452	163	5
1718	6552	14
1946	1942	2
5801	163	5
3293	6594	14
4210	6651	19
2823	2813	2
3283	3278	2
5130	6585	28
2960	6585	28
930	163	5
6641	6567	28
5911	163	5
5229	5213	2
5859	163	5
3458	3452	2
915	163	5
6553	13	1
3832	163	5
5854	6628	14
2430	4	4
6553	6560	6
5150	163	5
6421	6557	14
6360	6651	19
1541	6651	7
356	6651	7
5124	6627	14
5174	5152	2
3855	6651	7
1896	163	5
3259	3258	2
5763	6615	14
623	6552	14
2085	6559	14
234	6651	3
3788	3781	2
3129	6651	7
219	6569	12
4974	4970	2
2865	6585	28
2258	6552	14
2152	6651	7
4666	6620	14
2171	6585	28
2556	6651	19
2404	2404	11
3222	6651	19
4122	4111	2
1191	163	5
4353	6651	19
861	6585	28
1014	163	5
5705	6651	7
4343	163	5
3538	6651	22
6464	6555	14
4125	6651	19
4146	6612	14
2684	6585	28
742	739	2
188	181	2
1478	6651	19
1719	6651	19
6125	6118	2
708	6585	28
1804	6585	28
4197	6585	28
283	6651	7
1624	6585	28
3597	6651	7
2718	163	5
4182	6585	28
684	6585	28
5230	6620	14
3703	6629	28
294	6651	7
2861	6585	28
1734	6651	19
2869	6591	14
3099	6651	7
1259	1259	11
4742	6651	7
4840	6651	19
4289	163	5
3501	3496	2
4217	163	5
4529	6651	7
6414	163	5
2920	6651	7
1138	6651	7
5510	5508	2
3898	6651	7
4394	6651	19
5628	6619	14
2369	6644	10
1436	6585	28
693	6585	28
6323	6585	28
2480	6585	28
2256	6559	14
929	928	2
3168	6599	14
421	6585	28
4881	6651	19
3695	6621	14
2741	6593	14
3059	3051	2
705	6651	19
4163	6651	22
3895	6585	28
348	6651	19
758	6552	14
1150	163	5
5088	6617	14
6031	6651	19
2452	2452	11
4783	6651	7
5402	6651	7
5809	6651	7
2042	6585	28
6041	6651	7
3590	6651	19
3202	6651	19
4329	6585	28
3413	6595	14
4985	6651	7
3787	3781	2
1529	1528	2
3406	6585	28
4985	6585	28
2089	6651	19
774	6559	14
2086	6651	22
4811	6609	14
1554	163	5
2620	2619	2
6595	6577	28
4905	6651	7
2295	163	5
2682	6600	14
4511	6651	19
4018	3998	2
2569	2564	2
225	225	11
6468	6651	7
4738	6651	19
2408	6618	21
562	6554	14
1258	6654	10
300	6585	28
751	6585	28
3682	6608	14
6033	6651	19
4650	6585	28
395	6558	14
2539	163	5
2173	2167	2
2222	2221	2
1883	1879	2
6002	5994	2
404	6651	19
1845	1843	2
4919	6585	28
3464	6651	7
249	6651	19
2017	2014	2
213	6651	3
3394	6651	7
702	6651	7
1287	6543	28
1194	163	5
2368	6612	21
640	6629	28
2402	6617	21
3633	6629	28
6558	6577	28
2916	6596	14
1514	6585	28
2375	1	4
2703	6651	19
163	163	18
5958	6628	14
1951	1951	18
4757	6651	19
1164	6651	19
2265	2257	2
3716	163	5
4114	6651	19
1297	6651	3
5434	6651	7
625	6554	14
4390	6651	19
5918	6585	28
2317	0	4
5659	6624	14
6029	6612	14
3625	3624	2
6006	6585	28
5311	6651	7
2753	163	5
3078	6585	28
4002	6585	28
2080	2077	2
4831	6651	22
1737	1735	2
3353	3344	2
4728	6651	19
3473	3463	2
3385	6651	19
1283	6543	28
882	6559	14
1880	6552	14
556	163	5
6525	163	5
782	6651	19
1829	6585	28
3299	6585	28
4702	6651	7
2862	6651	7
5882	5881	2
4383	163	5
2398	3	4
1839	6585	28
3470	6651	7
3256	163	5
1427	21	7
5958	6651	19
5425	6607	14
6616	6577	28
6073	6629	28
5064	163	5
2541	6598	14
5984	163	5
1772	1771	2
5160	6651	7
6554	6577	28
4426	6651	7
3096	6651	7
3308	163	5
5442	6651	7
3255	163	5
209	6651	4
571	6651	7
2422	2422	11
2693	2683	2
2816	6585	28
1770	6559	14
4972	6651	19
6370	6629	28
2321	6565	12
5237	6627	14
1877	1870	2
4168	6585	28
4201	163	5
2628	2619	2
389	6651	19
880	6651	7
640	640	18
2852	2846	2
431	6651	7
5610	6585	28
5749	163	5
723	6553	14
676	6651	22
4977	4970	2
3824	3807	2
5614	5612	2
2468	2468	11
4362	6651	19
3121	163	5
4580	6651	7
2946	2943	2
1102	163	5
2611	2608	2
2783	163	5
5894	5881	2
1670	25	7
2463	4	4
3903	6585	28
601	6651	19
1378	6651	19
6084	163	5
173	163	5
4818	4805	2
1833	6585	28
5238	6628	14
6559	6560	6
5967	6651	7
774	6585	28
3864	6651	19
1356	1348	2
3756	163	5
3046	3040	2
998	6651	19
3622	3615	2
4629	4614	2
1967	25	7
1452	6556	14
4326	6651	7
3967	6624	14
714	163	5
2586	6629	28
1392	6651	19
2477	6651	3
997	6651	7
2878	6600	14
3913	163	5
2916	6585	28
1382	1375	2
3512	6651	7
4966	6625	14
1839	1834	2
3279	6651	7
5528	6651	19
2471	0	4
2347	0	4
5786	6612	14
5070	6625	14
6284	6585	28
4649	6629	28
3216	6651	19
3282	3278	2
4025	6604	14
902	163	5
1194	6651	7
4195	6609	14
5777	6651	22
3003	6651	19
593	6651	19
3310	3300	2
1479	6585	28
1557	163	5
5251	163	5
4063	6616	14
5520	163	5
2042	163	5
1104	1099	2
1023	163	5
344	163	5
195	102	4
236	236	11
5882	6585	28
6329	6325	2
2097	2095	2
6554	120	1
2978	6651	7
2637	6585	28
962	6651	7
3197	6595	14
3827	6585	28
1079	6651	7
3650	3644	2
211	151	4
1272	78	4
726	721	2
4907	6585	28
4913	4909	2
3733	6651	19
3883	3868	2
2664	6651	7
4730	6651	19
4353	6651	7
2348	6565	12
1757	163	5
5889	6651	7
4057	6651	7
6545	6543	9
6466	163	5
1587	6651	7
1938	6651	7
1488	6651	19
2040	6559	14
5360	6651	19
173	6651	19
6435	163	5
4577	6618	14
6339	6334	2
314	6651	7
326	325	2
5391	6585	28
1349	6651	7
680	676	2
3090	163	5
4757	163	5
6037	6651	7
420	415	2
5012	4996	2
2684	2683	2
2790	6651	7
3081	6585	28
2708	6651	19
6052	6557	14
3733	163	5
377	163	5
1731	1726	2
1189	6629	28
4821	6619	14
6438	6585	28
3910	6585	28
4388	163	5
1507	6651	7
3978	6651	7
1603	6554	14
2945	6592	14
2334	151	4
812	811	2
3308	3300	2
366	6651	7
1808	6585	28
995	6585	28
319	6554	14
5145	6622	14
5526	6585	28
4531	6651	7
5913	5907	2
2620	163	5
5959	6651	22
6315	163	5
3274	6651	19
926	163	5
1916	6651	19
2991	6651	7
2367	6585	28
4038	6651	7
918	6559	14
1297	6569	12
649	6651	22
1826	163	5
2934	6592	14
2772	163	5
846	6559	14
4872	6585	28
2508	163	5
805	163	5
4954	6651	19
993	6585	28
6139	6554	14
5204	6651	19
209	102	4
191	6569	12
5511	5508	2
412	6651	19
1118	6651	19
4556	6651	19
4224	6651	19
4990	163	5
866	6552	14
335	334	2
4059	6651	7
3172	3170	2
2484	6556	14
6606	6653	6
5229	163	5
6228	6553	14
1252	1252	11
2094	2086	2
3309	6585	28
938	6651	7
1650	1645	2
2818	6585	28
662	6585	28
4246	4241	2
847	847	18
2778	2771	2
4872	6651	19
4110	6585	28
3904	6613	14
4969	6651	7
4913	6585	28
3268	163	5
200	6543	28
2888	163	5
3661	6651	19
1378	163	5
2587	6585	28
6592	111	1
6437	6651	7
2236	6557	14
411	6585	28
585	6559	14
3800	6622	14
3326	6594	14
3594	163	5
2486	6651	19
5309	5291	2
4897	163	5
694	6651	22
5045	163	5
2128	6557	14
5588	6605	14
501	496	2
2320	6651	3
3916	163	5
4496	6585	28
3722	6651	19
4677	6651	7
6504	6559	14
5041	163	5
5920	6651	7
1736	6651	19
3365	6585	28
6485	6585	28
548	6585	28
623	6585	28
5234	6651	19
3857	6618	14
2956	6651	7
1188	6651	19
5599	163	5
3540	6651	7
6328	6554	14
5457	6651	19
4479	163	5
1191	6553	14
5678	163	5
3768	3755	2
3702	3677	2
1075	163	5
1030	6554	14
5315	6651	7
4021	6651	19
5961	6651	19
987	6585	28
4052	4050	2
4754	163	5
5420	6585	28
4555	4536	2
1608	6651	19
6105	163	5
1749	6585	28
2911	163	5
245	6554	14
4908	6628	14
1632	1627	2
1722	6556	14
4658	6651	19
3204	6651	19
1858	6651	19
2907	6651	19
5866	163	5
6522	163	5
1148	6651	7
4441	6585	28
3189	6598	14
6631	64	8
5509	6651	7
4098	6585	28
5900	5881	2
4891	6611	14
203	6651	4
1467	6651	7
6458	6651	19
3524	6651	19
4471	6616	14
1283	6569	12
3955	163	5
3803	163	5
5452	6556	14
2659	163	5
4649	6651	22
2319	6645	10
933	6585	28
2245	6651	19
3118	6585	28
1612	6651	7
2379	6651	3
5866	5855	2
3223	6651	19
222	222	11
3460	163	5
5289	6585	28
2957	2954	2
5327	6585	28
994	163	5
6042	6651	19
5588	5586	2
3692	6618	14
2053	6554	14
5755	6585	28
6453	6585	28
6250	6651	19
4903	4883	2
4609	4588	2
4618	6585	28
6316	6651	22
2759	6585	28
4928	6585	28
171	6651	19
4002	6607	14
6486	6651	7
6094	6585	28
4178	4163	2
3687	6613	14
2383	6651	3
1952	163	5
2795	6651	19
4596	6585	28
6565	6543	27
3419	6629	28
3013	6594	14
3502	31	7
3452	6629	28
4913	6651	7
2270	6651	19
6447	6651	7
5526	163	5
2287	6585	28
1018	6651	22
2859	6585	28
6251	6558	14
5397	6605	14
5542	6585	28
1170	163	5
993	6651	7
6321	6585	28
6507	6651	7
803	6552	14
4505	6651	7
2021	163	5
5091	163	5
190	6569	12
6569	6563	28
5847	6651	7
5835	6585	28
1362	6651	19
3970	3946	2
347	343	2
6345	163	5
2311	0	4
5439	6621	14
1835	6651	7
4468	4458	2
6220	6651	7
5647	6651	19
227	6543	28
4567	6608	14
1440	163	5
4879	6625	14
4642	6585	28
6326	6585	28
2054	6585	28
2227	6585	28
3200	6651	7
5189	6605	14
6159	6651	19
5979	6623	14
3697	6651	19
3186	6651	19
1281	151	4
4818	6616	14
6300	6651	7
2863	6651	19
6441	6559	14
313	6651	19
3763	6585	28
6298	6651	22
5615	6651	7
2484	6585	28
578	6651	19
981	6651	19
6251	6651	19
1306	153	4
2326	6651	3
1144	6651	22
4228	6616	14
560	6552	14
2665	2663	2
3563	6593	14
322	316	2
1913	163	5
5723	6651	19
3767	6615	14
223	6550	10
4890	4883	2
2420	0	4
2258	6585	28
2691	6585	28
1366	6629	28
417	6651	19
5784	5777	2
5692	6585	28
5694	6651	7
2758	6651	19
4103	6651	19
1302	1302	11
3332	6585	28
3748	6651	7
4616	6651	19
2323	0	4
2326	2326	11
5494	6651	19
5357	6585	28
6098	6651	19
2991	2987	2
5115	6585	28
5083	163	5
2426	6651	3
5371	6651	19
3840	163	5
2285	6651	7
5279	163	5
3781	6629	28
4626	6651	7
4111	4111	18
1505	163	5
4998	163	5
2401	6565	12
6460	6651	22
3900	6585	28
1137	6553	14
4669	163	5
1125	6651	7
4112	4111	2
5841	6651	19
256	6569	12
4569	6610	14
726	6556	14
1036	6629	28
4746	4727	2
4018	6651	7
5547	6585	28
4606	6585	28
2043	6553	14
681	676	2
4608	163	5
1667	6651	19
2148	6651	19
1869	6559	14
199	199	11
3920	3920	18
2504	2497	2
6488	6651	19
6414	6406	2
4089	6651	19
1010	6585	28
5869	6651	19
2520	2515	2
185	181	2
1883	6585	28
1687	6651	19
4203	6617	14
512	6651	7
3380	6585	28
4445	6616	14
3063	6591	14
1468	6554	14
5114	6585	28
5385	5369	2
763	757	2
6384	6556	14
280	6651	22
3906	6651	7
6142	6136	2
4475	6651	19
6462	6651	19
2384	6543	28
1743	6651	7
3093	6651	7
1412	6585	28
3197	6585	28
5908	6651	7
326	163	5
2336	1	4
3200	6585	28
1316	6555	14
4853	6651	19
3145	3139	2
6438	6651	7
3867	6628	14
2013	6651	19
2145	6585	28
699	6585	28
3141	6651	19
1094	6651	19
5024	5022	2
1172	6651	7
2305	6554	14
200	6552	21
3773	6621	14
2381	6543	28
3315	6594	14
1704	6651	7
1336	6585	28
4457	163	5
1011	6651	19
699	6651	19
5329	6651	7
2746	6651	19
6452	6451	2
1260	6592	21
5830	6651	7
1964	6555	14
3563	6651	19
6283	6585	28
4851	6651	7
2025	163	5
3149	163	5
2102	2095	2
2883	6651	19
1580	6585	28
6142	6651	7
5405	6585	28
4253	6585	28
3082	3073	2
923	163	5
5978	163	5
730	730	18
4154	6651	7
2683	6651	22
2271	6556	14
3767	3755	2
2180	163	5
5987	6651	7
1567	163	5
2322	151	4
2339	6655	10
258	6569	12
6517	6514	2
3701	6627	14
1647	6651	7
4287	6651	19
257	6543	28
794	6651	19
1080	6651	7
6623	6653	6
4823	6651	7
3502	6557	14
3924	6585	28
295	6651	19
2738	2738	18
317	6651	19
445	442	2
4907	163	5
3120	6593	14
2148	6585	28
1467	6651	19
1222	163	5
4781	163	5
5282	6651	19
2924	6651	19
2412	6618	21
382	6554	14
4058	4050	2
4647	6651	7
869	6585	28
4871	4857	2
4494	6651	19
5330	6616	14
6297	6559	14
3127	3117	2
2183	2176	2
1085	6555	14
1116	6651	7
4227	6585	28
5422	6651	7
1635	6651	7
4845	163	5
1260	6651	3
4488	6651	7
3416	6598	14
930	6651	7
3832	3807	2
3137	6585	28
624	6651	7
6225	6585	28
3310	6651	7
6534	6553	14
5895	5881	2
5577	6651	19
4808	6606	14
1921	6651	19
3950	6585	28
6431	6651	7
358	163	5
648	6651	19
3492	6585	28
193	6569	12
6286	6651	7
3124	6585	28
6083	6651	19
5801	6651	19
3221	3214	2
4286	4267	2
2705	6629	28
1293	1293	11
3513	163	5
3080	3073	2
5778	5777	2
3907	163	5
6439	6651	19
3884	6619	14
5926	5907	2
5741	5725	2
4655	163	5
1452	6651	19
6228	6651	19
5001	4996	2
3482	3474	2
4435	6651	19
4547	4536	2
3982	6651	19
5158	6651	19
3770	3755	2
2649	6585	28
4676	6604	14
5415	6651	19
6393	6585	28
2088	163	5
649	649	18
1682	163	5
5623	6651	19
3072	6600	14
5063	6651	19
2028	2023	2
4709	6585	28
5355	6651	7
5172	6623	14
3284	6596	14
6479	6552	14
6398	6397	2
223	6543	28
2402	0	4
4291	6627	14
4427	6624	14
3581	6651	7
3185	163	5
2642	6591	14
3027	6651	19
1862	163	5
4313	6585	28
3895	3894	2
5714	5690	2
3082	6599	14
737	730	2
2167	2167	18
2919	6651	7
2433	6585	28
4873	4857	2
2714	163	5
4072	6585	28
1606	6585	28
934	6651	19
4847	6651	7
2218	2212	2
5525	163	5
4785	6651	7
4985	4970	2
703	6629	28
1099	6651	22
5698	6651	7
2342	6543	28
2789	6651	7
771	6556	14
999	991	2
3474	3474	18
4402	4380	2
6520	6585	28
5117	163	5
6444	6585	28
773	6558	14
6285	6651	19
4642	4640	2
2034	2032	2
4581	6585	28
1635	6559	14
5141	5126	2
6236	6552	14
759	6553	14
2607	6651	7
2103	6651	19
3195	6585	28
1139	1135	2
6492	6585	28
6556	91	1
1052	6585	28
4388	4380	2
2642	163	5
6435	6585	28
3738	6651	19
3537	6651	19
2147	2140	2
3700	3677	2
2233	2230	2
6317	6316	2
3856	6585	28
4620	6609	14
2151	6585	28
2054	163	5
3252	6595	14
2305	163	5
3902	6611	14
2834	163	5
5154	6585	28
5021	6628	14
1607	163	5
1740	163	5
2906	6651	7
6259	6557	14
2495	6651	7
576	6651	19
2387	6615	21
4131	6651	19
2756	163	5
2052	6651	19
331	325	2
4670	6651	7
3851	3842	2
671	6651	7
2231	6585	28
6067	6651	19
1558	6585	28
3305	6595	14
3617	6651	7
3469	6651	7
1469	6585	28
1644	6585	28
3638	6651	19
6512	163	5
531	163	5
4381	6585	28
1374	6585	28
2529	2524	2
1799	6585	28
1306	6651	3
4258	6585	28
3643	163	5
5300	6585	28
4719	6585	28
255	6645	10
1610	6585	28
1113	6651	19
2393	6651	3
4539	6651	7
3491	6651	7
4344	6628	14
3454	3452	2
5360	5343	2
2073	163	5
4823	4805	2
1623	6585	28
3633	6651	22
6203	6651	19
6393	6651	7
1962	6651	7
4043	6622	14
1349	6585	28
1025	6558	14
3805	3781	2
5828	163	5
6571	6570	9
6584	6563	28
4330	4319	2
6650	6575	28
2446	6622	21
6354	6651	19
519	6556	14
6152	6651	7
238	238	11
5489	6651	19
4988	4970	2
5110	5100	2
2373	151	4
1611	6553	14
2072	6585	28
4923	6651	7
3783	3781	2
4718	6651	19
4448	163	5
6453	163	5
2604	6597	14
4638	6651	19
2707	6651	19
3153	6585	28
6003	6612	14
2988	6585	28
4481	163	5
2880	163	5
3893	63	7
6052	6585	28
4294	6585	28
6363	6651	19
395	388	2
1773	6553	14
4088	6585	28
5594	6651	19
6392	6555	14
2798	6651	7
1136	6651	7
2548	6651	19
4368	6651	19
5861	5855	2
6124	51	7
2446	6549	10
1937	6555	14
2372	6655	10
1148	6651	19
516	6585	28
6421	6415	2
2919	163	5
5170	163	5
5435	5421	2
1016	6651	19
5686	6651	7
6339	6651	19
4061	6585	28
5154	6651	19
1113	6585	28
1442	1438	2
2833	6585	28
225	6565	12
1998	6585	28
5252	163	5
5825	163	5
4074	4050	2
3606	6651	7
2364	6585	28
2536	2533	2
2153	6585	28
5277	5265	2
5336	6651	7
5510	6651	19
3313	163	5
4085	6651	7
2969	163	5
6377	6585	28
2007	6651	7
2237	6558	14
5747	163	5
3927	6651	19
1813	6651	7
1367	6651	19
5008	163	5
2865	6651	19
5316	6628	14
233	6556	21
5171	6622	14
6258	163	5
1749	6651	19
2781	163	5
4359	6651	19
2202	163	5
1682	6651	7
5294	6585	28
3656	163	5
2590	6585	28
4884	4883	2
4026	6585	28
179	163	5
6044	6651	19
2724	6651	7
5020	163	5
3203	6651	22
1028	6651	7
1360	6651	7
3127	163	5
5673	6612	14
3456	163	5
2919	6599	14
2968	6651	7
6610	6651	1
2322	6566	12
2455	2	4
5009	4996	2
3556	6651	19
1882	6554	14
3367	163	5
218	218	11
2365	6651	7
4774	6624	14
4270	6651	19
1053	6585	28
4164	6585	28
4715	6585	28
5575	6651	7
914	6585	28
3351	6585	28
5959	6629	28
5147	163	5
4602	6651	19
1919	6651	7
391	6554	14
2496	6651	19
5897	163	5
591	163	5
1292	143	4
6626	6626	16
2898	2890	2
6333	6585	28
892	892	18
4047	6651	7
3089	3084	2
2366	2359	2
1446	1438	2
3349	6651	19
4729	6585	28
1835	1834	2
4649	4649	18
3675	3666	2
672	163	5
6090	6651	19
5969	6585	28
3543	6651	7
1133	1126	2
3722	6585	28
3766	6585	28
3648	163	5
6501	6651	7
1127	6651	19
2532	2524	2
2232	6651	19
1307	6651	3
4481	6626	14
6328	6651	19
5562	6651	7
5561	5560	2
4865	6651	7
3793	6585	28
6571	6575	28
4805	6629	28
1559	6651	19
5842	6651	19
1122	163	5
3133	163	5
5517	6651	19
4608	6585	28
752	6651	7
3025	6585	28
201	161	4
4138	6651	7
1446	6651	19
5647	5638	2
827	163	5
3844	6605	14
4381	6604	14
6261	6253	2
5108	163	5
6617	6576	15
2378	6651	3
2014	6629	28
2776	6595	14
6228	163	5
5789	6585	28
2966	2965	2
2527	6554	14
985	6585	28
4121	6613	14
2713	163	5
2306	163	5
1291	1291	11
3479	6651	19
2135	6555	14
6065	6651	19
2666	6651	7
3155	6585	28
3928	3920	2
472	163	5
2174	6651	19
3822	3807	2
2823	6600	14
6175	6172	2
6155	6585	28
2918	6651	19
2067	6651	19
3755	3755	18
384	6556	14
1001	6651	7
4390	4380	2
6489	6651	19
3115	6585	28
2323	6651	3
328	6651	7
4745	6621	14
1869	163	5
434	6585	28
5822	163	5
896	6555	14
5330	163	5
3253	6585	28
565	6557	14
4364	6585	28
2450	2450	11
5435	6651	7
486	6651	7
738	6651	7
5294	6651	7
4764	6651	19
1846	1843	2
1502	6651	19
1202	6585	28
5084	6651	7
2371	6651	3
5936	6651	19
4416	6613	14
786	6585	28
5771	5751	2
3510	6651	19
4014	6651	7
2873	2868	2
5909	6651	19
4327	6651	19
5340	163	5
5283	6651	19
6305	6585	28
4353	4345	2
3940	6623	14
5436	163	5
5980	6651	19
4725	6585	28
4752	6651	19
6173	163	5
4431	4406	2
6528	6651	19
3942	6651	7
3704	6585	28
497	163	5
3729	6629	28
5576	6619	14
5086	6651	19
4425	4406	2
6492	6556	14
2412	6543	28
4395	163	5
1312	1312	18
4703	163	5
4794	6618	14
1979	6651	7
5963	6651	19
4146	6651	19
4105	6585	28
3602	6599	14
1170	6651	19
4883	6629	28
702	694	2
3257	6585	28
3512	163	5
6472	6651	19
3974	163	5
4432	4432	18
3844	163	5
6463	6585	28
4552	6651	19
2182	6651	7
4090	163	5
1752	6585	28
1025	6651	7
4338	163	5
3003	163	5
2640	163	5
2574	6585	28
4352	6585	28
1832	6585	28
4013	6618	14
3638	163	5
396	163	5
3979	163	5
411	406	2
210	6655	10
5541	6651	7
5078	5074	2
1793	6585	28
812	6651	7
558	163	5
4402	6651	7
1239	6651	19
2195	6651	19
1797	6559	14
5268	6585	28
5391	163	5
3847	6651	7
2651	6585	28
5696	163	5
5387	6621	14
4111	6629	28
2038	163	5
4281	6617	14
3499	6554	14
1305	151	4
4163	4163	18
5302	6614	14
4313	6651	19
3207	6585	28
5750	6628	14
6037	6620	14
4356	6651	19
4440	6611	14
4808	6585	28
4604	6619	14
4765	6615	14
5685	6624	14
4677	6651	19
5763	6585	28
896	892	2
2896	2890	2
5663	6585	28
4680	163	5
3552	6651	7
2432	6629	28
2646	6651	7
1004	1000	2
4424	6651	7
2715	2705	2
4050	4050	18
6233	6651	19
6063	6651	19
3344	6651	22
1983	163	5
3645	6585	28
6464	163	5
1502	163	5
3773	163	5
6079	163	5
5637	163	5
4795	163	5
4749	6651	7
5185	163	5
4924	6651	7
2425	6651	3
4312	163	5
521	514	2
3219	163	5
2107	6554	14
2053	6585	28
4645	6651	7
6279	6585	28
2113	2113	18
5163	6614	14
4819	6585	28
1433	6555	14
3523	6597	14
5888	5881	2
1286	1286	11
1160	125	7
4229	163	5
5001	6651	19
6130	6554	14
4151	6651	19
5515	6610	14
1912	1906	2
1324	6554	14
2242	6651	19
392	6651	19
3762	3755	2
4022	6627	14
3417	6651	19
281	6651	7
229	6543	28
2996	6599	14
5004	163	5
167	163	2
3336	3333	2
5677	5664	2
691	6651	19
3632	6585	28
2609	2608	2
6031	6614	14
4817	4805	2
2871	6651	19
6115	6557	14
6516	6585	28
5229	6585	28
2357	6565	12
6471	6553	14
3291	6651	7
5517	6612	14
4835	4831	2
1421	6585	28
3846	6607	14
1014	1009	2
1215	1207	2
228	6569	12
4283	6619	14
3101	6585	28
6010	6651	7
3522	6585	28
1288	6569	12
889	6651	7
1384	1384	18
1354	163	5
6436	6585	28
2301	163	5
2285	6552	14
5443	6625	14
6264	6262	2
1928	1924	2
4970	4970	18
4650	4649	2
3146	3139	2
732	6553	14
1953	6651	19
5846	6651	7
2565	6591	14
1468	1465	2
5250	6614	14
925	163	5
4542	6585	28
777	775	2
1270	6651	3
6294	6289	2
5003	6610	14
4301	6651	19
2434	163	5
4698	6585	28
3508	6651	19
1552	6651	19
3109	6651	7
1833	163	5
2652	6629	28
2476	6627	21
4540	163	5
1242	6559	14
4621	6651	7
6456	6651	19
1294	6654	10
646	640	2
2101	163	5
2270	6555	14
4258	6651	7
4064	6651	19
1886	1879	2
5728	6585	28
2094	6585	28
4911	4909	2
4118	6651	19
3382	6651	19
5266	6604	14
1671	6585	28
4778	4753	2
5101	5100	2
1210	6651	19
2713	6585	28
5346	6651	19
411	6556	14
3118	3117	2
2495	163	5
6166	6554	14
6349	6651	19
6372	6370	2
4809	4805	2
4019	6651	19
3226	163	5
1857	6585	28
1075	6651	19
4156	6651	19
408	6553	14
1166	1162	2
5997	5994	2
5599	6651	19
5036	6617	14
4095	4076	2
3791	6585	28
2163	6556	14
2322	149	4
4673	6627	14
1629	6651	19
5072	6627	14
6025	6585	28
6138	6651	7
6598	6542	15
917	6558	14
1673	163	5
3858	163	5
6066	6651	7
5171	5152	2
6626	6542	15
3053	3051	2
6211	6585	28
4875	4857	2
2297	6585	28
5332	6585	28
4863	6609	14
5597	163	5
2117	6651	7
2908	2901	2
2588	6651	7
6390	6585	28
1874	163	5
4768	6585	28
1854	6651	19
3409	163	5
4602	163	5
1199	6552	14
1992	1987	2
945	6651	19
660	163	5
3376	3366	2
3691	6651	7
4096	6623	14
3826	6585	28
5324	163	5
5546	6651	19
1232	6651	7
515	6651	19
1503	6585	28
2166	2158	2
1544	1537	2
1681	6651	22
6471	163	5
997	991	2
224	224	11
3826	6651	7
4181	6651	7
6495	6487	2
4692	6651	19
4732	6651	19
6212	6555	14
6304	163	5
2731	6651	7
5029	6651	19
5733	163	5
648	6559	14
5284	6651	7
2174	6558	14
5745	5725	2
4409	4406	2
1586	6555	14
4067	6651	19
769	6554	14
5569	6585	28
2193	6651	19
4632	4614	2
2538	2533	2
804	6585	28
5255	5239	2
708	6651	7
407	6585	28
355	352	2
6158	6555	14
1283	1283	11
4273	6651	19
5908	6604	14
1208	6651	19
3952	6609	14
4330	6651	7
1305	149	4
6033	163	5
5813	6585	28
5684	5664	2
6008	6617	14
1652	6585	28
4340	6624	14
4937	6622	14
6225	163	5
5540	6609	14
445	6651	7
929	6651	7
782	6651	7
5554	6585	28
4341	163	5
583	577	2
240	6651	3
2099	6651	7
687	163	5
4063	6651	19
5618	6651	19
2613	2608	2
4710	6651	19
4455	6651	7
5325	6585	28
6349	6557	14
3173	163	5
5722	5716	2
3821	6617	14
740	6651	7
607	163	5
2559	6585	28
3171	163	5
677	6651	19
1257	6566	12
2733	6585	28
304	163	5
936	6585	28
4522	6651	19
4413	6585	28
412	6557	14
3434	163	5
5862	163	5
6436	6651	19
1823	6651	7
2333	6651	3
1569	1564	2
6283	6554	14
1449	1447	2
6149	163	5
3800	6651	19
3546	163	5
620	6651	19
718	712	2
704	6651	7
5378	6612	14
5739	5725	2
589	6554	14
4455	6585	28
1432	1429	2
3754	6585	28
4037	163	5
6174	163	5
262	262	18
2557	2553	2
6535	6651	19
2967	163	5
6010	163	5
5184	6651	7
1226	1225	2
1532	6651	7
1572	6651	19
3337	6594	14
444	163	5
4125	6585	28
3753	3729	2
2051	6585	28
3344	3344	18
5879	6627	14
1303	6543	28
2851	6651	7
5837	5829	2
3131	6651	19
6185	163	5
6140	6136	2
6302	6651	7
1392	6559	14
3565	6585	28
756	748	2
3099	163	5
2651	163	5
2881	6592	14
2753	6651	19
5695	163	5
3398	6591	14
5657	6651	19
3766	6651	19
5428	163	5
4284	4267	2
6557	6577	28
428	163	5
4081	4076	2
1354	6651	19
3486	6651	19
4843	6585	28
2382	1	4
5858	163	5
3629	163	5
5361	6651	7
627	622	2
2827	2824	2
1576	6554	14
2639	163	5
4477	4458	2
2777	2771	2
5789	6651	7
2595	6651	7
4719	4701	2
4520	163	5
2935	6651	19
6033	6020	2
5837	6651	19
5921	6651	7
5095	6585	28
5364	6651	19
1129	6585	28
3341	163	5
5101	6651	7
2913	2910	2
4224	6585	28
4750	6651	7
2063	6555	14
3617	6585	28
4568	4562	2
5391	5369	2
5365	6651	7
1596	163	5
5475	163	5
6608	6653	6
1195	1189	2
2039	2032	2
983	6651	7
2591	2586	2
823	6651	7
1999	6651	7
345	6651	7
4418	6651	19
5426	6585	28
2329	6543	28
2695	6651	19
6134	6585	28
6518	6555	14
1425	6651	7
1094	1090	2
5299	163	5
6512	6558	14
5926	163	5
1350	6553	14
1327	1321	2
6457	6451	2
1829	6555	14
6313	163	5
4747	6651	7
5371	6605	14
988	82	7
3835	3833	2
4138	6585	28
5697	6651	19
2567	6651	7
5156	6651	7
2774	2771	2
914	6555	14
2199	6556	14
4905	6625	14
5369	6651	22
1943	6585	28
2397	2	4
4564	6585	28
4493	6612	14
6177	6651	19
1764	6651	19
707	6555	14
5836	6651	7
5057	6651	7
3657	6651	7
1846	6585	28
949	6585	28
5132	163	5
4675	6651	22
1166	6555	14
6051	6556	14
807	163	5
5601	163	5
2766	6585	28
3540	6592	14
4587	4562	2
5060	6651	19
5709	163	5
5104	6651	7
4201	6651	7
1104	6585	28
1446	6559	14
361	6629	28
2661	2652	2
3510	3505	2
743	6585	28
1743	1735	2
1927	6554	14
2977	6651	7
3492	163	5
3599	6651	19
3651	6651	7
764	142	7
3211	3203	2
4449	6651	7
3755	6651	22
3172	163	5
6413	163	5
6615	6653	6
4102	4102	18
4447	6651	19
1277	6595	21
4684	4675	2
4543	4536	2
1759	6651	7
5392	6651	19
6132	163	5
5733	6651	7
3055	6594	14
5235	6585	28
2627	163	5
3189	6585	28
3324	6585	28
4972	6651	7
6269	163	5
3100	3095	2
4889	163	5
4351	6585	28
5730	5725	2
2666	163	5
1285	6647	10
3312	163	5
864	856	2
275	6651	19
1748	1744	2
3739	3729	2
3266	163	5
3182	6585	28
2451	6623	21
636	6585	28
2112	163	5
3111	6651	7
247	242	2
3574	6585	28
3625	6552	14
2320	6565	12
5036	6651	7
5846	163	5
1652	1645	2
1285	78	4
6342	6651	19
339	163	5
5788	5777	2
2450	3	4
250	6651	19
3103	3095	2
320	6651	19
1420	1420	18
4445	4432	2
6075	6651	19
5094	6651	7
4118	6610	14
6034	6020	2
565	6651	19
2883	6585	28
2729	6651	7
3971	6585	28
1614	6585	28
3339	163	5
1288	6651	3
3806	163	5
3493	3485	2
1219	6585	28
5556	6585	28
4828	6585	28
1771	6651	22
4750	6651	19
2144	6651	19
1529	6651	19
4596	4588	2
1238	163	5
4548	6651	19
2997	6651	7
1559	6585	28
5912	6651	19
6639	6543	9
321	6556	14
5542	163	5
4061	4050	2
5469	6585	28
2571	6651	19
2464	2464	11
2683	2683	18
6536	163	5
1832	1825	2
1473	6651	19
3252	3247	2
3944	6627	14
3153	6651	19
5920	6585	28
2181	6651	19
4955	6614	14
5639	6585	28
3562	3560	2
2415	6565	12
1716	1708	2
945	937	2
5358	163	5
1238	6555	14
1306	143	4
3715	6651	7
3123	3117	2
3221	6597	14
6353	6651	7
2958	163	5
2872	6594	14
6041	6020	2
2899	6651	7
6595	111	1
2128	6651	7
3879	163	5
444	442	2
1365	6651	7
4298	163	5
2350	6543	28
5069	163	5
5573	6616	14
1263	149	4
6005	6651	7
6213	6585	28
612	6559	14
4095	6585	28
1851	163	5
598	163	5
4127	163	5
1457	163	5
4754	6585	28
5786	6651	19
1077	163	5
1512	6651	7
6364	6361	2
5274	163	5
1016	6558	14
231	6651	4
1266	6651	3
3841	3833	2
231	6556	21
1663	6629	28
1884	163	5
5688	6585	28
3268	6651	7
3640	6651	7
2588	163	5
2392	4	4
5940	6610	14
3027	3020	2
6402	6651	7
5543	5534	2
1130	1126	2
3479	6651	7
6486	6585	28
4588	4588	18
5241	6651	19
3971	163	5
189	163	5
4963	6651	7
561	559	2
3235	6585	28
4306	6616	14
3420	6651	19
1323	163	5
692	6558	14
4899	6585	28
4947	6651	19
5111	163	5
3284	163	5
5746	163	5
3913	6585	28
716	6651	19
2425	2425	11
3706	163	5
5963	5959	2
1618	6629	28
3681	3677	2
6149	6585	28
6178	6585	28
5171	6651	7
653	6651	19
4730	6585	28
1863	6651	19
750	6553	14
646	163	5
5117	6651	19
1372	6651	7
2769	2760	2
3573	163	5
5888	6610	14
5337	6623	14
3665	3655	2
1264	1264	11
5634	163	5
5553	6651	19
2178	163	5
4817	6651	19
1248	6556	14
1810	6651	7
6316	6629	28
1985	163	5
5503	6585	28
5496	5482	2
4446	6617	14
3473	6585	28
897	6585	28
5591	6608	14
1040	6555	14
1674	6553	14
3095	6651	22
3542	3538	2
932	6651	7
4723	4701	2
921	6553	14
4119	163	5
3202	3192	2
6107	6585	28
4940	6585	28
2071	6651	19
3754	3729	2
4268	6651	19
2561	163	5
3899	163	5
699	694	2
1026	6651	7
1239	1234	2
2417	6619	21
5602	6619	14
1081	6651	22
332	325	2
428	6555	14
2772	2771	2
2596	163	5
2645	163	5
5193	6609	14
1294	6569	12
6590	6646	23
5950	6585	28
1329	163	5
404	6651	7
5717	6585	28
926	6651	19
3565	6651	19
5208	6585	28
4673	6651	19
2799	6651	19
6045	6651	7
2335	6651	3
2344	6543	28
2306	6555	14
5834	6608	14
3570	6651	7
6193	6651	7
2701	6651	7
1585	6554	14
2984	163	5
4326	6585	28
4478	6651	7
1570	6585	28
5641	6651	19
6089	6651	19
5376	6651	19
5658	6651	19
5136	6613	14
1965	6556	14
461	6552	14
5589	5586	2
2461	2	4
6438	6433	2
3988	3972	2
6153	6585	28
179	6585	28
3902	3894	2
4205	6651	7
2593	6651	7
1237	6651	19
1415	163	5
5602	5586	2
4914	6556	14
5301	6613	14
4016	3998	2
4843	6615	14
4665	6585	28
4185	6651	19
2453	6654	10
1977	1969	2
3154	6596	14
570	163	5
3778	6651	19
4322	6651	7
1159	6585	28
4040	4024	2
2395	6565	12
3227	3225	2
5888	6651	19
4872	163	5
3810	6585	28
4733	4727	2
4123	163	5
2491	2488	2
5602	6651	7
2971	6651	19
249	242	2
3653	6651	19
1172	163	5
3405	6598	14
1363	6651	19
4126	4111	2
4997	163	5
2986	6600	14
5661	6651	19
5765	6617	14
1300	6543	28
2457	6565	12
598	595	2
1747	6651	19
6539	126	7
5772	6651	7
483	6651	19
5305	5291	2
6358	6651	19
462	460	2
4511	6585	28
4915	6557	14
1034	6651	19
2017	6651	7
5071	6651	7
1849	6651	7
5106	6651	19
1824	163	5
2931	2921	2
1810	1807	2
5648	6651	19
4754	6651	19
1881	6651	19
2360	6585	28
5464	5456	2
6474	6469	2
2023	2023	18
4273	6609	14
1489	6557	14
2136	6651	7
386	6558	14
1064	6552	14
1738	163	5
5288	6626	14
3636	6585	28
1010	6651	7
177	163	5
6076	6585	28
6366	6556	14
2811	6599	14
5826	163	5
213	6543	28
5936	6651	7
2157	163	5
2136	6585	28
2021	6558	14
4563	163	5
1919	6585	28
2474	6627	21
3156	6651	7
4278	163	5
3460	6598	14
5000	6651	7
2602	6651	7
2321	6655	10
1266	6593	21
4047	6651	19
1253	6569	12
2329	6607	21
4767	4753	2
1708	1708	18
1761	6585	28
2745	163	5
4268	6604	14
2905	163	5
4975	6651	19
1090	6651	22
4492	6585	28
6533	6651	7
5744	6585	28
780	6651	7
4075	6628	14
1831	6651	7
580	6585	28
1261	6651	3
2440	163	5
6446	6555	14
4891	6651	7
1071	6651	7
2273	163	5
3304	163	5
2459	0	4
5961	6585	28
5652	6651	7
2626	6651	7
977	6585	28
5244	6608	14
2459	6565	12
1229	6651	19
5943	6651	19
1869	6651	19
5529	6651	19
3762	6610	14
4009	163	5
372	6651	7
3448	3441	2
1332	6651	19
4892	6585	28
2759	6651	19
5719	5716	2
5475	6651	7
1669	1663	2
6263	6262	2
1082	6585	28
4296	6585	28
5301	163	5
3778	3755	2
4846	6618	14
6102	163	5
2815	6651	19
5212	6585	28
4921	6651	7
4444	6585	28
4218	4215	2
1537	6651	22
2382	6644	10
1078	6651	19
6004	6585	28
607	604	2
2531	6651	7
2722	6596	14
1524	6556	14
5858	6651	7
5779	6585	28
1697	6585	28
3309	3300	2
809	6558	14
3461	6599	14
633	631	2
1464	6651	19
2613	163	5
3419	3419	18
2914	6594	14
5809	5803	2
5896	6651	19
4363	4345	2
4618	163	5
5813	5803	2
648	163	5
2135	6585	28
3956	163	5
631	6651	22
476	163	5
3952	163	5
1034	6585	28
2465	0	4
4633	4614	2
1021	6651	19
4126	6651	19
1022	163	5
1060	6651	19
2307	6556	14
4551	6585	28
4622	163	5
5699	163	5
5567	6585	28
386	379	2
5673	5664	2
5747	5725	2
5416	163	5
4678	6585	28
4348	6651	7
4981	6651	19
3288	3278	2
4469	6614	14
4685	6651	19
366	163	5
3866	163	5
3778	6651	7
1290	6651	3
1419	1411	2
2927	6585	28
632	6585	28
3370	6594	14
454	451	2
4772	6585	28
776	775	2
3837	6585	28
5634	6651	19
4611	6651	7
4578	4562	2
2600	2597	2
1910	163	5
5288	6651	19
2660	6585	28
1803	6556	14
5856	163	5
3997	6651	7
3479	6595	14
666	6559	14
5349	5343	2
660	6585	28
2319	6565	12
4087	6614	14
1851	6651	7
323	6651	19
5048	5048	18
193	6543	28
4325	6651	19
4114	4111	2
321	316	2
2436	6651	19
801	6559	14
3734	6651	19
798	793	2
5464	6651	7
2956	6592	14
6440	6558	14
1267	78	4
230	230	11
5945	6651	19
909	6559	14
4471	4458	2
3334	6591	14
671	6585	28
2543	6651	19
259	6655	10
1270	1270	11
446	6555	14
5156	6607	14
893	163	5
2467	6651	4
2237	6585	28
4052	6651	7
5665	163	5
2232	6651	7
3373	6651	19
6042	6020	2
608	6555	14
371	163	5
4095	163	5
4865	6651	19
659	6651	7
5114	163	5
6202	6199	2
2442	6644	10
4603	6651	7
3851	163	5
2747	6585	28
3652	3644	2
4962	6585	28
4430	6651	7
420	6651	7
2893	2890	2
2396	6565	12
6426	6585	28
4526	4510	2
4167	4163	2
4892	4883	2
4686	6614	14
2821	6651	19
5588	6651	7
3459	3452	2
6237	6651	19
810	6651	19
5403	163	5
1611	163	5
5454	163	5
5382	5369	2
4107	6651	7
3651	163	5
5289	5265	2
725	6555	14
2543	6651	7
3498	3496	2
2342	6565	12
2422	2	4
5934	163	5
1024	1018	2
397	397	18
5429	6585	28
787	6651	7
5330	5317	2
1876	163	5
4502	6651	19
3052	6591	14
5322	6585	28
346	163	5
1426	6651	19
1722	6651	7
904	6585	28
2042	6651	7
5752	6604	14
4399	6651	19
849	6651	19
6596	6542	15
2821	6651	7
5663	5638	2
2868	6651	22
5100	6629	28
5095	5074	2
4841	6585	28
6250	6244	2
2182	6585	28
3379	6585	28
6151	31	7
1070	1063	2
2195	6585	28
5868	5855	2
1872	6651	19
6353	6585	28
1149	6585	28
4792	4779	2
2320	6605	21
6173	6585	28
4046	6625	14
3837	163	5
3013	6585	28
3617	6553	14
4180	4163	2
2264	163	5
6213	6208	2
3674	6651	19
4450	6651	7
2465	6654	10
3004	2998	2
4038	6585	28
1651	163	5
1692	6651	19
1753	1753	18
4753	4753	18
4369	6651	19
1531	1528	2
2033	6552	14
5741	163	5
4229	6617	14
5911	5907	2
6403	6397	2
5612	6629	28
6165	163	5
6188	6181	2
6533	6585	28
3071	3062	2
3108	3106	2
4551	6618	14
6490	6487	2
3923	6606	14
1451	6555	14
2417	6651	3
3133	3128	2
2761	2760	2
3987	6651	7
6070	6651	19
6024	6020	2
254	254	11
337	334	2
1795	1789	2
3336	6585	28
3715	6615	14
3418	6651	19
5029	5022	2
4768	163	5
1628	6552	14
5808	5803	2
2877	2868	2
681	6585	28
3994	163	5
4216	6604	14
6319	6651	7
4964	6623	14
3058	3051	2
5438	6620	14
5071	5048	2
6622	6651	1
3483	6585	28
3889	163	5
485	6585	28
4235	163	5
2810	6651	7
3372	6651	19
4448	4432	2
590	586	2
3876	6651	19
1840	11	7
4193	6651	19
6123	6651	7
1879	6629	28
5224	6651	19
3261	163	5
1210	163	5
2205	6585	28
4340	6585	28
2408	6543	28
3495	6585	28
3567	163	5
1761	163	5
5620	6611	14
1610	6651	7
3780	163	5
2840	2835	2
5188	163	5
1875	6651	19
571	163	5
1955	1951	2
4416	6585	28
6071	163	5
4810	6585	28
4696	4675	2
1566	6585	28
5599	6616	14
5288	6585	28
3664	6599	14
2609	6651	7
1369	6651	19
587	163	5
510	6556	14
3075	6592	14
6341	6651	19
3099	3095	2
274	271	2
6636	6585	9
2168	2167	2
1786	6651	7
536	6651	7
4298	4293	2
5539	6651	19
6499	163	5
4008	3998	2
6242	6558	14
3196	6651	7
5370	6651	19
1387	6585	28
6238	6585	28
6004	6651	7
6350	6585	28
2245	25	7
2227	6651	7
1914	6651	7
5949	6585	28
4741	6585	28
693	6651	19
1657	1654	2
4872	6618	14
4756	6651	7
5423	5421	2
3708	6585	28
407	6552	14
445	6651	19
1394	163	5
598	6554	14
4433	6651	7
789	784	2
5739	6585	28
4387	6651	19
1425	1420	2
1923	163	5
2685	6592	14
4917	6651	19
1727	6651	19
2344	3	4
3751	6651	7
3176	6651	7
1630	6651	7
6403	6557	14
4543	6585	28
1292	6655	10
3111	3106	2
6204	6585	28
731	6651	19
5466	6651	7
1470	6585	28
4236	163	5
3953	6585	28
6122	6118	2
5927	6651	7
5782	163	5
1169	1162	2
3317	6651	7
2117	163	5
2110	6651	7
2916	2910	2
1921	6557	14
5391	6625	14
1284	6651	3
4935	6651	19
4451	163	5
6038	6651	19
5124	6651	7
2481	2479	2
5032	6585	28
3021	3020	2
6381	6651	19
4423	4406	2
6306	6651	7
5682	6585	28
553	163	5
4632	6651	7
3878	6585	28
5891	163	5
6200	6585	28
2291	2284	2
5214	6585	28
3211	6651	7
5422	163	5
4492	6611	14
5806	6651	19
3484	3474	2
3245	6651	7
1261	78	4
1550	6651	7
3291	163	5
4383	6585	28
1424	163	5
3921	6585	28
5998	6651	19
5982	6651	19
1345	163	5
2574	2564	2
3540	6585	28
4589	6585	28
5915	5907	2
4476	6651	7
3258	6651	22
2053	6651	7
213	6651	4
3505	6651	22
5892	6651	19
3224	6651	19
1400	6585	28
6025	6651	7
6196	6557	14
4948	163	5
286	160	7
252	6569	12
5707	6620	14
4042	6651	19
5718	163	5
1358	1357	2
4158	6651	19
1700	6585	28
3838	6651	7
6535	163	5
4366	6651	7
641	640	2
1236	6651	19
5207	6651	19
1405	6585	28
2385	4	4
1651	6651	19
532	532	18
6507	6505	2
6276	163	5
2121	6651	7
3431	6591	14
3361	6651	19
274	163	5
2878	6585	28
2507	6651	7
938	6585	28
3895	6651	19
5677	6651	19
2917	6651	7
1217	1216	2
4840	163	5
5437	6585	28
1623	6651	19
2858	6651	7
5114	6617	14
2562	2553	2
4700	6651	7
2166	6559	14
4429	163	5
527	6555	14
1935	6651	7
5730	6651	7
192	102	4
3178	6651	7
6376	6370	2
4871	6651	7
2267	6585	28
1617	6651	19
1574	163	5
611	604	2
5698	6651	19
842	6585	28
5684	163	5
5627	6651	7
3284	6585	28
2859	6592	14
2243	6585	28
2509	2506	2
2808	6596	14
506	163	5
4172	6651	7
3595	6651	7
3679	6651	19
1450	6651	19
6594	6577	28
3425	6651	19
3899	3894	2
5439	5421	2
1284	78	4
2097	6651	19
4192	4189	2
5901	5881	2
5678	6651	19
4494	163	5
538	6585	28
1605	1600	2
6170	6558	14
6620	6620	16
5088	6651	7
4402	163	5
3442	6651	7
2187	6553	14
3456	6651	7
2058	6559	14
890	6651	7
5997	6651	19
5238	6585	28
4400	6651	19
3222	163	5
4568	6585	28
3227	163	5
3355	6629	28
1323	6553	14
2490	163	5
3453	6591	14
3291	3289	2
4692	6585	28
731	163	5
3687	6651	7
430	6557	14
548	541	2
3622	6558	14
4201	6585	28
5732	6651	7
5881	6629	28
5948	6651	19
2774	6651	7
4354	6651	7
1039	6554	14
5645	163	5
2900	6600	14
1381	6651	7
2077	2077	18
951	6556	14
5604	6651	7
196	6647	10
4162	6651	7
4862	163	5
2220	6585	28
875	874	2
1486	6554	14
1013	6555	14
1227	1225	2
2992	6651	7
3404	6597	14
5290	6585	28
5137	6585	28
483	163	5
3081	6598	14
1968	6651	7
3994	6585	28
5581	6651	7
922	6585	28
1971	163	5
481	478	2
5309	6651	19
3027	6585	28
507	505	2
192	6543	28
4108	6585	28
2622	6651	19
4401	6651	7
2710	2705	2
2576	163	5
5520	5508	2
4686	6651	7
212	161	4
2650	6599	14
4556	6623	14
5059	6585	28
1024	6651	7
4589	6651	7
449	6651	19
1154	1153	2
2775	6585	28
2253	2248	2
358	6585	28
5124	5100	2
5747	6651	7
2594	163	5
5439	163	5
5564	6651	7
6413	6651	7
6301	6651	7
2211	2203	2
1468	6651	7
3506	163	5
1420	6629	28
5865	6585	28
1422	1420	2
4404	163	5
989	163	5
4175	6651	7
3633	3633	18
5253	6651	7
6040	6585	28
3410	6651	7
3072	163	5
1685	6585	28
4673	6651	7
1414	1411	2
5005	6612	14
4250	6612	14
2297	6651	19
1465	6629	28
5132	5126	2
4374	6651	19
6404	6585	28
1998	163	5
1252	6543	28
2559	163	5
3602	3593	2
3941	6651	19
499	6585	28
1086	6651	19
868	6651	19
2897	6597	14
6202	6554	14
6011	6620	14
353	6651	19
267	6585	28
709	6585	28
2344	3	4
6328	6651	7
874	874	18
456	6651	19
4758	6608	14
335	6585	28
3882	6617	14
5151	6585	28
2868	2868	18
3055	6585	28
3549	6651	22
3559	3549	2
4072	6651	19
3969	6626	14
3853	6585	28
460	460	18
5115	6618	14
1522	1519	2
5728	5725	2
1263	6566	12
4940	6651	7
2708	2705	2
3576	163	5
5011	4996	2
3921	6604	14
603	6651	7
4463	6651	19
4555	6651	7
2039	6651	19
597	595	2
876	6651	19
4853	4831	2
2743	6595	14
441	163	5
1107	1099	2
706	6651	19
841	6651	19
5077	6651	7
2657	6651	7
5805	6605	14
4731	6585	28
1594	1591	2
2247	6559	14
5241	6651	7
5937	5933	2
2079	6585	28
6047	163	5
5119	5100	2
3680	6651	19
6178	163	5
5062	6651	19
1154	163	5
4929	6651	19
5658	6623	14
259	259	11
2190	163	5
3060	163	5
1460	6585	28
5047	6585	28
3652	163	5
3282	6594	14
1700	163	5
3164	6651	19
1014	6585	28
3693	3677	2
4613	6651	19
2698	6594	14
2874	6651	7
5331	6651	7
4027	163	5
1912	6651	7
5987	5985	2
3501	6556	14
753	6585	28
4702	6651	19
327	6553	14
3691	3677	2
4351	163	5
4709	6611	14
6175	6554	14
4066	6619	14
4911	6651	19
5125	163	5
5923	6585	28
2691	2683	2
4837	163	5
3027	6651	7
494	6651	19
312	6585	28
3886	163	5
2144	6555	14
3217	6585	28
2527	163	5
1266	6569	12
5516	163	5
1549	6585	28
4227	4215	2
895	892	2
5307	5291	2
4460	163	5
677	163	5
675	6585	28
4410	6607	14
329	6585	28
1154	6585	28
934	6651	7
3416	6651	19
4332	6651	7
3390	6651	19
3501	6585	28
5167	6651	7
1012	6585	28
5956	6651	19
4727	6629	28
6000	6651	7
1738	6651	7
1233	6559	14
976	163	5
5392	6626	14
1155	163	5
2988	6651	7
4328	6612	14
1278	1278	11
222	149	4
5699	6612	14
621	6651	7
4128	6651	7
3099	6585	28
2187	6585	28
2794	6651	7
2037	6585	28
5178	5178	18
2016	6651	19
5667	6606	14
5934	5933	2
4088	6615	14
3208	6651	19
6035	6618	14
4560	6627	14
6231	163	5
491	6651	19
3134	163	5
1432	6554	14
1973	163	5
2368	6565	12
2923	6592	14
3149	6591	14
2928	6651	19
5227	6651	19
1107	6585	28
2721	163	5
2858	6651	19
5013	6651	19
5340	5317	2
3279	6585	28
4048	6585	28
2452	6651	3
3700	163	5
2833	2824	2
5375	5369	2
2332	3	4
962	163	5
4015	6651	19
5005	6651	7
2338	6608	21
5286	6651	19
1313	6651	19
511	6557	14
3566	6585	28
3134	6596	14
2528	2524	2
1962	6585	28
2630	6629	28
3427	3419	2
6544	6546	28
4205	163	5
5009	163	5
4963	6622	14
6215	6558	14
5568	5560	2
3469	3463	2
3596	3593	2
4240	6651	7
211	6566	12
6248	6651	7
4948	6607	14
5888	163	5
533	532	2
3614	6600	14
4328	6651	7
6476	6469	2
4187	4163	2
1029	163	5
4794	4779	2
5601	6651	7
4177	4163	2
2482	6651	7
4413	6610	14
760	6585	28
4899	6651	19
1532	1528	2
6197	163	5
1917	163	5
2356	6611	21
6380	6552	14
2823	6651	7
3224	6585	28
1693	6554	14
1673	1672	2
204	102	4
2178	6651	7
398	397	2
5266	6651	19
2916	6651	19
3939	6622	14
5040	6585	28
6158	163	5
941	6585	28
1925	6552	14
1535	6585	28
963	6651	19
2434	6553	14
6595	6595	16
257	6651	3
2346	6566	12
1275	149	4
4933	6585	28
735	6651	19
3486	6585	28
2092	51	7
1738	6554	14
2842	6597	14
5289	6651	7
5732	6610	14
3640	6651	19
4258	6651	19
5151	6651	19
2029	6557	14
1301	78	4
3123	6596	14
478	6629	28
4148	6614	14
2462	6651	3
616	6651	7
3668	6651	7
5953	163	5
1196	6558	14
2127	6651	7
6041	6585	28
2282	6651	7
332	6585	28
1604	163	5
4791	4779	2
2096	6552	14
765	163	5
2150	163	5
3234	6599	14
4199	6651	7
287	163	5
3563	163	5
5880	6651	7
6075	163	5
1949	6585	28
735	6651	7
4975	6585	28
4712	4701	2
6591	6577	28
2374	6654	10
3728	6585	28
2291	163	5
4115	6585	28
871	6651	7
4954	6651	7
3138	6651	19
2743	163	5
1912	163	5
4771	163	5
5517	163	5
4550	6585	28
1190	6552	14
1275	6651	3
5818	6651	19
426	6585	28
2263	6651	19
2204	6651	19
4179	4163	2
5644	163	5
1253	6644	10
4174	6585	28
2801	2791	2
5609	163	5
4195	6585	28
3208	3203	2
6105	6556	14
3550	163	5
4014	3998	2
3910	6651	19
2624	6651	19
5800	163	5
2451	6651	3
2223	163	5
1736	1735	2
2934	6651	7
3414	6585	28
5742	6651	7
5817	5803	2
1052	1045	2
5750	6585	28
4713	4701	2
4409	6651	7
4388	6651	7
2389	6615	21
2045	6555	14
2627	6651	19
5299	6585	28
5922	6651	19
5262	6651	7
4002	3998	2
3118	6651	7
1913	6651	19
4341	6585	28
4663	6585	28
2059	2059	18
5292	163	5
2202	2194	2
1980	6651	7
3612	6585	28
1224	163	5
3689	6615	14
1378	6554	14
5032	6613	14
3589	6597	14
1678	119	7
4198	6612	14
5354	6614	14
5296	163	5
1256	6543	28
2305	6585	28
4647	6651	19
6090	6585	28
5336	6622	14
3053	6592	14
2615	2608	2
4869	6585	28
5592	6651	7
5640	6605	14
5628	6585	28
586	6629	28
6065	163	5
4792	6651	19
2973	163	5
1526	6558	14
5130	163	5
2206	6651	7
657	163	5
4579	163	5
1505	6585	28
5126	5126	18
6233	163	5
695	6585	28
290	6651	7
4398	6651	7
3162	6651	19
6248	6651	19
2827	6585	28
4201	6615	14
1575	163	5
5174	6585	28
3083	6600	14
5164	6651	7
4232	163	5
425	6585	28
3553	6594	14
3813	6651	19
1176	6585	28
2225	6651	7
6592	6592	16
3054	6585	28
1224	6651	19
4005	163	5
1224	1216	2
3839	6557	14
1013	6651	19
6139	6136	2
6225	6217	2
3483	6651	7
2081	2077	2
4045	4024	2
720	6651	19
720	6559	14
2214	6553	14
5879	6651	7
772	6585	28
4868	6651	7
2838	6651	19
3522	6596	14
6648	6575	28
6300	6298	2
2066	163	5
2419	149	4
2074	6585	28
6482	6651	7
1314	163	5
5642	6651	19
4270	6606	14
4280	4267	2
5991	6651	19
5379	5369	2
3954	163	5
194	6569	12
1791	6585	28
1940	6585	28
1210	1207	2
788	163	5
500	163	5
5156	5152	2
3049	163	5
2716	6651	22
2518	6585	28
5472	6585	28
1758	6651	7
1804	6557	14
762	6651	7
2024	163	5
256	6559	21
3771	6651	19
6314	6307	2
2385	6655	10
1306	6569	12
5788	6651	7
2075	18	7
4369	4345	2
2654	6651	7
4525	6651	7
5322	163	5
422	163	5
2368	6651	3
1263	6543	28
4466	6585	28
3518	6592	14
1887	1879	2
1650	6651	7
3634	6585	28
5303	5291	2
988	6651	19
1611	6651	19
4378	163	5
6650	6547	28
3421	6585	28
5109	6585	28
3494	6651	19
1920	6585	28
983	6585	28
935	6585	28
2355	6565	12
3498	163	5
2946	163	5
4357	4345	2
5084	163	5
5683	5664	2
4701	4701	18
3340	3333	2
1239	6556	14
4564	6651	7
6510	6505	2
4917	4909	2
609	604	2
817	6585	28
5752	6585	28
6146	6651	7
3096	6585	28
3885	6651	7
4231	4215	2
233	6647	10
3492	6597	14
731	6585	28
4880	163	5
4036	6615	14
3503	24	7
1693	6651	7
1374	163	5
2491	6585	28
2547	6651	7
6032	6651	7
2325	6606	21
1616	163	5
3045	163	5
6253	6629	28
1755	163	5
3296	163	5
1803	6651	7
2019	6556	14
6035	6020	2
4062	6585	28
4388	6651	19
5776	6585	28
561	6651	19
3059	6598	14
5295	6651	7
891	6585	28
4055	6585	28
3241	6585	28
2348	6610	21
2754	163	5
2527	6585	28
5690	5690	18
5459	163	5
2938	6585	28
5876	163	5
4019	6651	7
4528	4510	2
6173	6172	2
1319	163	5
527	163	5
3959	6651	19
5561	6604	14
6583	90	8
2633	2630	2
6012	6585	28
2448	1	4
6579	114	8
3331	6651	19
3880	163	5
5052	6651	7
4396	4380	2
2847	163	5
5119	6651	19
2688	163	5
1908	6651	7
3674	163	5
4570	6611	14
5720	6651	19
2266	6629	28
780	6585	28
4157	6585	28
2988	2987	2
1921	6651	7
328	6585	28
3710	6585	28
4155	6651	7
215	6644	10
6185	6651	7
6242	6651	7
4911	6585	28
2860	6651	19
6498	6553	14
2346	2346	11
213	6569	12
2093	2086	2
3936	6619	14
3539	6651	7
2422	6651	3
3449	6651	7
5680	6619	14
6432	163	5
3368	6651	19
364	6585	28
2598	6585	28
4081	163	5
832	829	2
2240	6651	19
3438	3430	2
4827	6625	14
2423	6620	21
3155	3148	2
2567	2564	2
5650	6585	28
2251	2248	2
4418	6585	28
6554	123	1
4449	6620	14
2975	163	5
4868	6585	28
5441	6623	14
3317	6651	19
1049	6555	14
5603	6620	14
310	6585	28
2951	6585	28
6589	6547	28
5800	6651	7
5824	6651	19
1196	6651	7
5944	5933	2
2679	2672	2
3852	163	5
5545	6585	28
2883	163	5
5315	5291	2
4150	6651	19
206	6553	21
1677	6585	28
5310	5291	2
3893	3868	2
2324	6543	28
5619	6610	14
5368	163	5
2460	6644	10
4444	163	5
6573	6575	28
1210	6651	7
1217	6651	7
2961	2954	2
3539	6585	28
1287	6549	10
239	6543	28
6034	6651	19
4243	6585	28
6372	6651	19
422	6651	7
3036	3029	2
6473	6585	28
5169	6585	28
6023	163	5
5717	163	5
5101	6604	14
2816	6593	14
3020	3020	18
5446	62	7
6336	163	5
1992	6651	7
5212	5187	2
2083	6651	19
6472	6651	7
5325	6651	7
5078	6585	28
5635	6585	28
4472	4458	2
4472	6651	19
3582	6629	28
3097	6585	28
2136	163	5
363	6651	7
5090	6651	19
3779	6651	7
4888	6608	14
197	102	4
2669	6557	14
5091	6585	28
5532	6627	14
4426	4406	2
5161	6612	14
1834	6651	22
3089	6595	14
4577	4562	2
1784	6651	7
5315	6651	19
3074	6591	14
1991	6651	7
464	6651	7
4431	6628	14
1040	1036	2
3121	6651	7
1481	6651	7
4305	163	5
3435	163	5
5748	6626	14
928	6651	22
870	163	5
467	460	2
3050	6585	28
4740	4727	2
6431	6424	2
3981	6585	28
966	964	2
5456	6629	28
3545	163	5
2741	2738	2
6121	6651	7
3244	3236	2
3606	163	5
2424	6565	12
6204	163	5
4109	6558	14
6136	6629	28
5157	163	5
5553	163	5
4922	6607	14
1092	6651	19
1078	6585	28
2830	2824	2
4980	4970	2
174	6651	19
4627	6616	14
3773	6651	7
6566	6563	28
3414	6651	7
722	6585	28
5529	163	5
2098	6651	7
767	6552	14
6480	6553	14
421	6557	14
5988	5985	2
5525	6585	28
5573	6585	28
2034	6651	7
200	149	4
3892	6627	14
1297	1297	11
6499	6554	14
5617	6651	7
265	6554	14
5926	6651	19
5589	6606	14
5764	163	5
1163	6651	19
2319	6605	21
5205	6621	14
3006	2998	2
6378	6651	7
2633	163	5
5399	6607	14
5011	163	5
1576	163	5
2940	6651	19
6039	6585	28
3320	3311	2
3618	163	5
5862	6610	14
2985	6651	7
2938	6596	14
6291	6651	7
6095	163	5
5097	163	5
3393	6651	19
1683	6651	7
3115	6599	14
1538	6585	28
5520	6585	28
2317	6605	21
3076	6585	28
4128	6620	14
581	6651	7
2471	6627	21
3687	6651	19
4119	6611	14
2140	6651	22
1900	6554	14
1506	6556	14
2618	6600	14
5500	6621	14
2016	163	5
1299	6598	21
2566	163	5
4269	6585	28
3534	6651	19
3710	163	5
5292	6585	28
661	6651	7
668	6651	7
940	163	5
474	469	2
3235	6600	14
3412	6585	28
4104	4102	2
2361	6585	28
4840	6612	14
6387	6651	7
2357	4	4
4178	163	5
4557	4536	2
6480	6585	28
2693	6651	7
4609	163	5
6076	6554	14
812	6651	19
5548	6585	28
5447	5447	18
5502	6651	7
1594	6554	14
510	6651	7
5067	163	5
4033	4024	2
1688	6651	7
3294	3289	2
557	6558	14
1630	1627	2
1159	163	5
935	928	2
6331	6651	7
5502	5482	2
2204	163	5
1137	1135	2
3655	6629	28
706	6651	7
4264	6651	7
6621	6653	6
349	6651	7
5720	163	5
1223	163	5
1273	6543	28
6025	6020	2
3889	3868	2
4375	163	5
1740	6585	28
4595	4588	2
6458	6585	28
3818	6585	28
1389	6651	7
2953	163	5
2658	6651	19
6009	5994	2
467	6651	19
2210	163	5
870	865	2
6297	6289	2
1726	1726	18
2602	2597	2
3113	6651	7
3314	6651	19
3627	163	5
1304	6569	12
358	6651	7
2746	163	5
5206	6651	7
1581	6651	19
4272	6608	14
5032	5022	2
3013	163	5
3368	3366	2
2840	6595	14
2345	6543	28
4480	6585	28
5471	6651	19
2407	6543	28
6023	6651	7
3269	6585	28
3112	6585	28
4941	6651	7
207	6569	12
3871	163	5
6007	5994	2
1526	6585	28
4148	163	5
1916	6651	7
4605	6651	19
2877	6651	7
5961	6651	7
2298	6585	28
3891	163	5
4555	6651	19
1435	6557	14
3030	163	5
3389	163	5
4601	6585	28
4518	6585	28
2048	2041	2
5993	6585	28
4983	4970	2
1706	40	7
4856	6651	19
3969	6651	7
5829	6651	22
6292	6289	2
1718	6651	7
3247	6651	22
6096	6651	7
6365	163	5
2062	6651	7
525	6651	7
1638	1636	2
1719	163	5
6350	6343	2
6124	6557	14
226	226	11
868	6585	28
2736	163	5
3042	6651	19
3849	6651	19
4173	4163	2
3366	6651	22
6373	6554	14
168	6651	19
2367	6559	14
2711	6651	7
3271	6651	7
1201	6585	28
5079	6651	7
5688	163	5
6182	6651	7
1818	163	5
707	703	2
5170	6585	28
2431	6651	3
2674	6651	7
2643	6585	28
2853	6585	28
402	6651	19
1746	6585	28
2147	6651	7
5654	6585	28
5084	5074	2
6346	6585	28
1695	6556	14
6376	6585	28
2340	6608	21
1586	6651	7
5720	6651	7
6176	6651	7
1131	1126	2
258	6559	21
5832	6651	7
2803	2802	2
1147	1144	2
1351	163	5
749	6651	19
1241	1234	2
2924	6651	7
2507	2506	2
1101	6651	19
2729	6585	28
1573	6629	28
5409	5395	2
3727	163	5
5842	6585	28
3377	6651	22
2411	6651	3
5339	6625	14
3458	6596	14
1974	6651	19
5729	6607	14
196	196	11
1097	118	7
5859	6585	28
2990	6651	7
2618	6651	19
2959	6585	28
2327	4	4
4094	4076	2
3724	3703	2
3186	3181	2
552	6651	7
6152	6585	28
3342	3333	2
5611	5586	2
3521	6651	19
1332	1330	2
2281	6651	19
1985	6558	14
4924	6651	19
269	6585	28
5674	5664	2
1784	163	5
5982	6585	28
5581	5560	2
849	6651	7
4760	6651	7
4315	4293	2
1986	6585	28
6204	6199	2
5035	6616	14
1666	163	5
2200	163	5
6592	6542	15
6220	6651	19
6003	6651	7
4827	163	5
4652	6651	7
1715	6585	28
2732	2727	2
2718	6651	7
3113	6585	28
2745	6651	19
5565	163	5
5196	6585	28
396	6651	7
1890	1888	2
1673	6585	28
5508	5508	18
390	6553	14
6349	6343	2
5435	6651	19
1145	1144	2
6185	6651	19
6347	6651	19
5062	6585	28
1035	163	5
6197	6558	14
2759	6651	7
3820	6651	19
961	6651	19
3015	6585	28
4511	6651	7
1406	6651	19
463	6651	7
5839	5829	2
2008	6585	28
2282	6651	19
3942	6625	14
4429	6626	14
5603	6651	19
2231	163	5
1007	6651	7
5513	6651	7
5220	6651	7
2935	6593	14
4540	6607	14
2980	6651	19
6390	6651	19
1346	163	5
3668	3666	2
3328	163	5
5087	6651	7
3495	6651	7
3502	6651	19
3348	6651	19
1389	6585	28
5066	6585	28
4290	6651	19
6396	163	5
3904	3894	2
4166	6585	28
1479	6651	19
5904	6585	28
5068	6651	19
498	6651	19
3165	6651	7
332	6651	7
914	163	5
4099	6626	14
5619	163	5
1244	6552	14
2949	163	5
5039	163	5
3243	6651	19
3326	6651	7
1116	6651	19
5351	5343	2
6353	6352	2
2347	6543	28
763	138	7
3962	6651	7
2437	163	5
3348	6594	14
4807	6585	28
5182	163	5
6238	163	5
5846	6620	14
6628	6628	16
3433	6651	19
5194	6585	28
4199	6613	14
1912	6651	19
2575	6651	22
4834	6651	7
2562	6585	28
1863	6651	7
1037	6585	28
1322	6585	28
4559	6651	19
5522	6651	19
757	6651	22
6379	6629	28
5911	6651	7
1275	6549	10
6530	6558	14
6294	6651	19
2463	2463	11
6209	6651	7
672	6651	19
3536	163	5
4667	163	5
3458	6651	19
221	6554	21
6515	6514	2
5367	6627	14
2326	6543	28
2793	6651	19
2822	6585	28
5218	6608	14
4145	4137	2
3476	6592	14
3927	163	5
1923	1915	2
1288	6654	10
1129	163	5
2498	6585	28
4202	6585	28
5145	5126	2
2910	6629	28
4441	6612	14
6207	6651	7
1291	6569	12
2526	2524	2
3716	6651	7
3468	6585	28
2962	6598	14
544	6651	19
5692	5690	2
4197	6651	19
2800	6651	7
244	6651	19
5791	6651	19
4146	6651	7
3048	163	5
355	6585	28
4392	6651	7
5484	5482	2
4990	4970	2
3472	163	5
3740	3729	2
3808	6585	28
5926	6585	28
5476	5456	2
6113	6651	19
3761	6585	28
291	6651	7
2870	6651	7
6161	6585	28
5310	6651	19
5491	163	5
1289	6543	28
1051	6651	19
1755	6553	14
3609	6651	19
5580	6651	7
3430	3430	18
1764	1762	2
539	6558	14
182	163	5
3849	6585	28
1943	163	5
5429	6651	7
2611	6593	14
4965	6624	14
1315	1312	2
958	163	5
1561	6651	19
1831	6651	19
4806	6604	14
2867	163	5
1082	6651	7
4435	6606	14
3224	163	5
731	6651	7
4091	6651	19
3932	6585	28
4064	163	5
4986	6651	7
1008	163	5
3401	6585	28
1909	6554	14
4570	4562	2
2844	6651	7
534	163	5
674	163	5
1565	6585	28
4146	6585	28
204	6644	10
181	6629	28
2135	6651	19
4238	4215	2
4245	6607	14
3135	6651	19
5334	6651	7
6586	6646	23
3753	6651	7
3647	6585	28
972	6651	7
2231	2230	2
3809	6585	28
4281	6585	28
888	6651	19
4083	163	5
3827	6651	19
4621	6651	19
1859	6585	28
3953	6651	19
2377	6647	10
5089	6651	7
2152	6554	14
6015	6624	14
1473	6651	7
4338	6585	28
2972	6651	7
3736	163	5
2368	6543	28
1063	6629	28
1497	6651	19
4257	4241	2
1457	1456	2
3607	6651	19
5683	6622	14
4939	6651	19
4186	6585	28
621	6651	19
4277	6613	14
5539	5534	2
4065	6651	7
2981	6651	7
2467	6565	12
615	6585	28
1309	6569	12
4423	6620	14
5311	163	5
6093	6585	28
1033	163	5
2541	6651	7
1961	6651	7
4167	6651	7
3467	6651	19
289	6629	28
2526	6553	14
5904	163	5
6095	6651	7
1629	163	5
6091	6091	18
624	163	5
3587	6585	28
1214	6651	19
5211	163	5
3957	6651	7
6004	5994	2
3594	6651	7
4180	163	5
2324	6565	12
1428	6651	7
4842	6585	28
1247	6585	28
4949	6585	28
3845	6585	28
2364	163	5
2502	6651	7
3295	3289	2
902	901	2
5620	6651	7
6443	6585	28
2160	6553	14
5778	6651	7
4999	6651	19
2512	6651	19
2811	6585	28
2088	6553	14
5297	163	5
5973	5959	2
470	469	2
2398	3	4
201	6651	3
4189	6629	28
1945	6651	19
177	6651	19
3951	6651	19
2120	163	5
482	6555	14
2967	6585	28
5206	6622	14
5055	6585	28
3525	6651	7
3360	3355	2
6045	163	5
3176	163	5
1059	1054	2
4967	4944	2
2178	6585	28
1009	6651	22
5276	6651	7
3967	6651	19
935	6651	7
6370	6651	22
683	6651	19
715	6554	14
6426	6553	14
1580	1573	2
6428	6555	14
4065	163	5
2034	6651	19
3031	6592	14
5045	6651	19
5044	6625	14
5439	6651	19
2335	6608	21
5358	6618	14
564	163	5
2997	2987	2
1849	6557	14
1535	163	5
596	6552	14
3078	163	5
1017	6559	14
3252	163	5
378	6651	19
5256	6585	28
4496	6651	7
2418	6655	10
3309	6599	14
5670	6609	14
3181	3181	18
3091	6597	14
3683	6585	28
1230	163	5
5255	6651	7
5082	6651	7
255	6651	3
5000	6585	28
1337	6651	7
1701	1699	2
2594	6598	14
2308	6651	7
6365	6361	2
3417	6585	28
5907	6629	28
1697	6651	19
5053	6651	7
2675	163	5
370	370	18
3880	6651	19
2722	6585	28
4807	6651	19
4905	6585	28
6000	6609	14
5347	6651	19
3218	6651	7
5884	6606	14
1448	6651	19
1384	6629	28
1062	6651	7
5974	6585	28
222	6543	28
2441	6543	28
4467	6651	19
1058	6585	28
3870	6651	19
3635	6592	14
5661	163	5
3500	163	5
682	163	5
4651	6651	19
1204	6585	28
440	163	5
5675	5664	2
2336	6565	12
2082	6585	28
1322	163	5
4100	4076	2
6018	163	5
1233	163	5
2468	6543	28
1671	6559	14
3471	6598	14
4143	6609	14
3014	6595	14
419	163	5
1820	6585	28
3351	6651	7
2441	0	4
5488	5482	2
479	6552	14
3385	6651	7
2175	163	5
1660	6585	28
3381	6585	28
5526	6651	19
1685	163	5
4779	6629	28
3937	3920	2
1430	6651	7
4290	6585	28
6147	6585	28
3793	6615	14
2138	6585	28
1245	6651	19
6418	6554	14
5844	163	5
4142	163	5
1723	6651	19
4420	163	5
751	748	2
4657	6585	28
1513	6585	28
2463	6651	3
1868	6585	28
6441	6651	19
651	6651	19
5598	163	5
6400	6554	14
6491	163	5
6315	6585	28
790	6651	7
3184	6651	19
1408	6557	14
796	6651	19
2881	6585	28
378	163	5
2968	6585	28
5631	6585	28
4361	6651	19
838	838	18
791	6558	14
2022	163	5
237	6549	10
5125	5100	2
6204	6556	14
3819	6651	7
1272	6569	12
3139	6651	22
4981	163	5
5622	6613	14
4233	6651	19
4928	163	5
6219	6217	2
1173	6585	28
3077	6594	14
3909	3894	2
3260	6553	14
4203	6585	28
630	6651	19
651	6651	7
1466	6552	14
1910	1906	2
5692	6605	14
2170	6651	19
2249	6552	14
3717	6651	19
3562	6592	14
4238	6626	14
5578	6585	28
4256	4241	2
3570	163	5
2075	6585	28
1615	6557	14
5297	6609	14
2701	6585	28
2409	6644	10
6477	6469	2
423	6585	28
680	163	5
5952	6651	19
6497	6651	7
1679	6651	7
253	6543	28
5568	6651	7
3958	3946	2
1390	1384	2
2338	6543	28
4206	6585	28
2878	6651	19
1310	6569	12
5497	6618	14
1707	163	5
5514	6651	7
3959	6616	14
2607	163	5
6299	6585	28
800	6585	28
6216	163	5
4504	163	5
3387	6585	28
1132	103	7
4367	6651	19
4651	163	5
3013	6651	19
1074	6553	14
2108	6651	19
520	6557	14
2063	6651	19
5039	6620	14
3242	6585	28
5295	163	5
6503	6558	14
4653	6651	7
1459	6651	19
4804	6585	28
3840	6585	28
472	6651	7
6413	6558	14
1589	6585	28
5356	6651	7
1665	6585	28
1027	6629	28
3516	6651	22
6300	6651	19
1016	6651	7
6056	6651	7
2423	6651	3
2699	6595	14
3146	6651	19
4164	163	5
3928	6611	14
5919	6585	28
6463	163	5
3550	3549	2
1041	1036	2
3156	6598	14
4065	6585	28
4155	6651	19
4888	6585	28
6412	6651	19
2571	6597	14
630	622	2
3672	6651	7
5523	6651	7
5989	6585	28
6059	6555	14
6040	6623	14
1746	6651	19
2568	6651	19
4733	163	5
1455	163	5
3490	6651	19
5791	5777	2
2955	6651	7
609	6556	14
4377	163	5
2462	6543	28
5723	6558	14
3913	3894	2
3689	6585	28
3089	6651	7
2511	6556	14
5807	6585	28
412	6651	7
939	937	2
5591	5586	2
2124	2122	2
6121	6554	14
3318	6651	7
720	6585	28
5477	5456	2
4624	4614	2
4062	6651	7
6584	6578	28
938	163	5
5914	6651	19
1090	1090	18
5614	6651	19
1815	163	5
5934	6651	7
5572	6585	28
5968	6612	14
5792	6651	7
3012	3009	2
6439	6651	7
3184	6585	28
207	6553	21
5740	6651	19
5951	163	5
2590	6594	14
5734	5725	2
4603	6651	19
3544	6651	19
3169	6585	28
3475	6585	28
1705	6585	28
739	6651	22
3576	3571	2
459	451	2
5887	5881	2
5372	5369	2
3103	6585	28
5941	5933	2
4567	6651	7
3175	6651	19
5845	5829	2
5777	5777	18
3595	6592	14
5193	6585	28
2607	2597	2
2481	6651	19
1573	6651	22
2289	6585	28
5951	6621	14
3914	6651	19
6201	163	5
5765	5751	2
5785	163	5
2562	6651	7
323	6558	14
5754	5751	2
5870	6618	14
1419	6651	7
3823	6619	14
317	6552	14
3213	6651	7
4349	6651	7
2332	6565	12
4259	6651	19
2757	2749	2
5298	6651	7
403	6557	14
420	6651	19
6507	6553	14
3184	163	5
301	6585	28
4254	4241	2
5443	5421	2
2995	2987	2
2866	6651	7
5959	5959	18
3261	3258	2
2756	6585	28
2757	163	5
5241	6585	28
4297	6585	28
1381	6557	14
2226	6585	28
4209	6623	14
1305	6549	10
2424	4	4
5734	6612	14
3406	163	5
4912	6651	7
1733	1726	2
1725	163	5
6109	6651	22
1249	1243	2
935	6651	19
2394	36	4
2163	163	5
3484	6600	14
1633	142	7
4516	6651	19
3190	6651	19
2583	6651	7
221	6651	3
5285	6651	19
3086	163	5
1776	6556	14
3423	163	5
5165	6585	28
5512	6651	7
3874	6585	28
2735	6651	7
6556	6560	6
5955	6651	7
4628	6617	14
5180	6585	28
3443	6585	28
1728	6585	28
1477	6651	7
3495	3485	2
3412	6651	7
5880	6628	14
3723	6651	7
4811	4805	2
2164	6557	14
3371	6585	28
2142	163	5
3065	6651	7
3758	3755	2
4610	6651	19
5234	163	5
2606	6651	7
4878	6585	28
3215	6651	7
6130	163	5
5231	6585	28
2542	6599	14
4448	6651	19
6105	6100	2
4906	6626	14
792	6585	28
2220	6651	19
2540	6651	19
3955	6612	14
5673	6585	28
1014	6556	14
1819	6554	14
6230	6226	2
3517	6591	14
6202	163	5
5413	6585	28
2397	6543	28
3876	6611	14
3745	163	5
6169	6557	14
1947	6556	14
3378	3377	2
4859	6605	14
753	6651	19
885	6585	28
429	6556	14
3068	163	5
1308	78	4
1005	163	5
1246	6585	28
2525	163	5
3193	6585	28
5018	163	5
5986	6651	7
214	6543	28
2328	6549	10
5651	5638	2
4441	6651	7
3306	6596	14
2719	6651	7
5057	6612	14
1583	163	5
3392	3386	2
5028	5022	2
2374	6613	21
5953	6651	19
5948	6585	28
4581	6651	7
495	6651	7
3487	6651	7
2185	6651	22
4493	4484	2
6326	6651	19
2514	163	5
1660	163	5
3913	6651	7
6624	6624	16
475	54	7
4293	6629	28
2097	6553	14
2784	6553	14
5698	5690	2
5814	6651	19
1019	6651	7
4106	163	5
4061	6651	19
4813	6611	14
4305	4293	2
4394	6651	7
1575	6651	19
389	6651	7
2541	6585	28
3911	6651	19
480	478	2
5830	6585	28
1913	6558	14
1493	1492	2
2219	6651	7
3817	3807	2
2925	6594	14
3846	6651	19
4419	6651	19
5096	5074	2
6626	6577	28
4174	4163	2
3643	3633	2
5240	163	5
3819	6615	14
2735	2727	2
5871	6651	7
453	6651	19
3646	6651	7
2457	6624	21
5445	5421	2
2401	6541	4
6041	6651	19
2439	2432	2
4332	6616	14
6060	6651	19
2197	6651	19
2828	6651	7
4523	6651	19
3353	163	5
1679	6651	19
3566	6651	7
3637	3633	2
5574	5560	2
2775	6594	14
4105	4102	2
4155	4137	2
717	6556	14
5186	6585	28
5740	163	5
3831	6651	19
2344	6647	10
5947	6585	28
6066	6064	2
4625	6651	19
5793	163	5
4370	163	5
4758	163	5
6066	6651	19
5009	6651	19
2427	6565	12
4549	163	5
5400	6585	28
3472	6651	7
3525	6585	28
2915	6595	14
2747	2738	2
3843	6651	7
1575	6585	28
6015	163	5
2644	6593	14
546	541	2
4795	6619	14
2820	6585	28
5208	6651	19
1766	6585	28
4178	6585	28
5327	6651	19
5267	6651	19
2059	6651	22
295	163	5
5582	6625	14
2423	3	4
5399	6651	19
5501	6585	28
5514	6609	14
5321	6651	7
2353	6611	21
3709	6651	19
2470	151	4
2440	6585	28
4443	4432	2
2102	6651	19
5962	5959	2
1336	6651	7
1402	6629	28
2244	163	5
3797	6651	7
3931	3920	2
3435	6651	19
1917	6553	14
2269	6585	28
1711	6554	14
3873	6608	14
5096	163	5
502	6651	19
3605	3604	2
2565	6651	19
4221	163	5
1638	6553	14
6186	6556	14
6331	6557	14
5387	163	5
6282	6280	2
2347	2347	11
380	6585	28
2460	6651	3
1814	6558	14
2646	163	5
2926	6651	7
3548	6651	19
3426	6597	14
2583	2575	2
3014	6585	28
667	667	18
1298	6543	28
2296	6554	14
5073	6651	7
4991	6585	28
2509	163	5
662	6555	14
6063	6055	2
2349	6645	10
3941	6624	14
6120	6651	7
4500	6651	7
4505	4484	2
1813	6585	28
3312	6651	7
2753	2749	2
4703	6651	7
5224	6614	14
2893	163	5
3603	163	5
3433	6593	14
4021	163	5
3905	163	5
3883	6651	7
4169	6651	19
6623	6623	16
2955	6591	14
4852	6651	7
4330	6614	14
2355	6611	21
5176	6651	7
778	6554	14
487	6629	28
6374	6651	7
2211	6651	19
5204	6585	28
702	163	5
5874	163	5
437	6555	14
6168	163	5
6114	163	5
4250	163	5
1462	6651	19
6474	163	5
3995	6626	14
1256	1256	11
4793	163	5
5272	163	5
3607	6593	14
2985	6651	19
322	163	5
249	6585	28
6023	6606	14
216	6543	28
5623	6585	28
3647	3644	2
2591	6595	14
6070	6651	7
4541	6651	19
1758	1753	2
284	6555	14
3455	6651	7
5404	6651	7
4916	6651	19
1048	163	5
5866	6651	19
1367	6552	14
4188	4163	2
4122	6651	19
2638	2630	2
6220	6217	2
685	6651	22
3670	6651	7
2703	163	5
979	6585	28
4137	6629	28
560	163	5
3733	3729	2
507	6585	28
2366	6558	14
5977	6621	14
3956	6585	28
5980	6624	14
3214	6651	22
1795	51	7
1995	163	5
6518	6585	28
1046	1045	2
2659	6651	7
611	6651	7
3679	3677	2
2849	163	5
965	163	5
2406	6651	3
4295	6605	14
2947	163	5
511	31	7
387	6585	28
4516	6585	28
1787	6585	28
5294	6651	19
4977	6585	28
3881	3868	2
2709	6594	14
5039	6651	7
589	6585	28
1559	1555	2
3577	163	5
2244	6585	28
855	6651	7
4251	6651	7
3315	163	5
3695	6651	7
6432	6651	19
2511	6651	7
2858	163	5
2646	2641	2
2836	6591	14
1961	1960	2
2351	6565	12
1968	163	5
799	6557	14
3237	6651	19
3999	6651	7
1740	6556	14
5094	6585	28
5247	6651	19
1647	163	5
2229	163	5
985	163	5
1877	6651	7
1910	6651	19
2400	6566	12
615	163	5
5668	163	5
2809	2802	2
2419	2419	11
2495	2488	2
3745	6585	28
4941	6626	14
380	6651	7
2677	6651	19
933	163	5
527	6585	28
799	10	7
4956	6651	7
6326	163	5
2411	6543	28
6112	6651	7
5669	163	5
1271	6644	10
3655	3655	18
439	6651	19
938	937	2
2397	2397	11
2395	6654	10
4746	6651	7
2340	6549	10
4421	6585	28
2084	163	5
4498	6617	14
4228	163	5
4081	6651	19
5002	6585	28
5107	6651	19
6481	6651	19
4090	6651	19
1717	1717	18
852	6651	7
3463	6651	22
5669	6585	28
2625	163	5
4310	4293	2
5572	6651	19
3262	6585	28
2768	6598	14
4109	4102	2
3629	6585	28
3840	6651	19
4299	163	5
5505	6651	19
6313	6651	19
4824	6651	7
6596	6596	16
821	6552	14
3677	6629	28
1809	6585	28
3080	6651	19
2831	2824	2
5702	6651	7
6337	6651	19
2990	163	5
1632	6556	14
2264	6651	7
2260	163	5
4651	6651	7
1182	6585	28
2230	6651	22
436	6585	28
2699	6651	19
3375	3366	2
2812	163	5
6090	163	5
3180	6600	14
4802	6585	28
6382	163	5
1843	6629	28
3048	6585	28
3935	6585	28
4878	6651	7
2650	6651	19
833	163	5
1644	163	5
1218	6651	19
4985	163	5
1764	6553	14
3822	6585	28
3028	6651	19
1367	6651	7
5802	5777	2
3649	6651	19
4799	6651	19
5530	6625	14
704	6651	19
4183	6623	14
292	163	5
3698	6651	19
3898	6585	28
3973	6604	14
257	6647	10
1943	6552	14
3381	3377	2
1618	1618	18
1995	6585	28
3407	6651	7
2397	6645	10
1092	163	5
2421	6651	3
3036	163	5
717	6651	19
3438	6598	14
4662	6616	14
4832	6651	19
1707	6651	7
2083	6557	14
1181	1180	2
3668	6592	14
4624	6651	19
5737	6651	7
4772	6622	14
3132	3128	2
4760	6651	19
1849	163	5
5582	6651	7
5413	163	5
4977	6610	14
2353	2353	11
1332	6553	14
6557	6574	15
5850	6624	14
1637	163	5
4814	6651	7
2333	4	4
5248	6651	19
1287	6596	21
190	6543	28
882	163	5
484	478	2
6459	6651	19
5129	6606	14
3119	3117	2
6089	6082	2
5301	6651	7
699	6556	14
6138	6585	28
1175	6585	28
1677	6556	14
1959	6585	28
450	442	2
5609	6626	14
652	649	2
2765	163	5
5636	163	5
6254	6552	14
3144	6556	14
2940	2932	2
1868	6651	7
4563	4562	2
4456	6627	14
2638	6651	7
6306	163	5
5556	6625	14
2572	2564	2
4014	6585	28
6067	6585	28
5815	6585	28
5085	6651	19
5949	6619	14
5245	6651	19
6653	6546	28
4151	6617	14
6638	14	8
3675	6599	14
5228	5213	2
1718	163	5
3843	163	5
3007	6651	7
2414	0	4
342	6559	14
3304	6651	7
2379	6549	10
2700	163	5
4676	4675	2
2529	6556	14
5504	6651	7
4220	6651	19
3575	6594	14
1186	1180	2
2731	6585	28
372	6553	14
5840	6585	28
2376	2	4
552	6553	14
1628	6585	28
1293	6597	21
2617	6651	7
3443	163	5
4832	6604	14
3056	3051	2
2809	6651	7
2571	2564	2
3030	6651	19
3848	3842	2
5296	5291	2
5311	5291	2
3198	6651	19
5455	5447	2
4038	163	5
5754	6651	19
940	937	2
2439	163	5
4514	6585	28
2566	6585	28
3844	6651	7
4006	163	5
5140	6651	19
5764	6651	19
5483	6651	7
6163	6651	22
571	6554	14
3999	6604	14
578	6585	28
5467	163	5
6269	6262	2
2561	6598	14
3952	6651	7
2730	6651	7
459	6559	14
2755	2749	2
2539	2533	2
3592	3582	2
3276	6599	14
2862	6585	28
6215	6651	7
2631	163	5
4134	6585	28
2611	6585	28
4906	6585	28
531	523	2
2421	6565	12
888	6651	7
1970	6651	19
4311	163	5
4721	6651	19
5185	6585	28
5338	163	5
6401	6585	28
966	6553	14
5654	6651	19
3391	6595	14
5382	6651	7
5929	163	5
358	352	2
1459	6651	7
2331	6645	10
6126	6651	7
3414	163	5
1619	6651	7
5914	5907	2
4015	3998	2
2689	6651	19
707	163	5
1190	163	5
1538	1537	2
1002	6553	14
3836	6554	14
1849	6585	28
3467	3463	2
2307	163	5
2207	6651	7
347	6555	14
2158	6651	22
3588	163	5
5067	6651	19
2070	6651	7
4546	6651	7
2261	6555	14
1327	6557	14
4158	163	5
1838	6555	14
2900	163	5
5493	6651	7
1875	6651	7
3191	163	5
2622	163	5
5385	6619	14
4599	6614	14
6503	163	5
3951	6651	7
1103	6585	28
3663	3655	2
2992	6651	19
5584	6585	28
3056	6651	19
6535	6554	14
3754	6651	19
3055	6651	19
2766	2760	2
4278	6585	28
4630	6651	19
3411	3408	2
4376	6651	7
311	6651	19
3894	3894	18
1100	6651	19
4609	6651	19
5297	6585	28
5342	6628	14
2237	2230	2
5128	6585	28
5320	6585	28
1222	6585	28
5014	6651	7
5797	6651	7
179	6651	19
5158	6585	28
2328	6606	21
5421	5421	18
2160	6585	28
1922	6558	14
4747	6651	19
1746	1744	2
526	6554	14
1905	6651	19
283	280	2
3343	6651	7
409	163	5
486	163	5
4371	4371	18
1893	6651	7
2729	2727	2
5679	5664	2
2473	2	4
5426	163	5
2240	6552	14
4016	6651	7
3734	3729	2
2386	6566	12
4329	163	5
4781	6651	19
6503	6651	7
2006	6552	14
2690	6651	7
1643	6558	14
579	6553	14
381	6651	19
5549	6651	19
1813	1807	2
2261	6651	7
4161	4137	2
3426	6651	7
6609	6577	28
6334	6629	28
3522	6651	7
5722	163	5
1677	1672	2
2179	2176	2
5722	6585	28
1533	6651	19
5558	5534	2
3370	3366	2
1043	6651	7
386	6651	7
4786	6610	14
2270	6585	28
4157	6651	7
4424	6651	19
894	892	2
6513	6559	14
4945	6585	28
4492	6651	19
2879	2879	18
1413	6585	28
3026	3020	2
2903	163	5
2854	2846	2
4780	6604	14
3540	163	5
5030	163	5
2954	2954	18
3766	6651	7
3320	6651	19
4626	6585	28
1993	142	7
2332	6647	10
1189	6651	22
2754	6651	19
5929	5907	2
4262	6651	7
1187	1180	2
234	6556	21
960	6651	7
4912	163	5
2468	6565	12
5488	6651	19
3393	3386	2
6186	6585	28
2069	6552	14
3069	6651	19
3760	3755	2
4889	4883	2
304	6651	7
2322	6605	21
5703	6651	7
2846	6629	28
5383	6651	7
4506	6651	19
5564	163	5
5814	6614	14
4770	6651	19
4988	6651	19
4467	163	5
357	6651	7
3529	163	5
5408	163	5
5615	6585	28
613	613	18
542	6651	7
6441	163	5
2986	6585	28
933	928	2
4731	6607	14
4044	6623	14
610	163	5
952	946	2
641	6585	28
497	6651	7
6610	6653	6
1184	6651	7
5002	6609	14
4605	6651	7
5412	6585	28
5496	6651	19
5036	163	5
5965	5959	2
3647	163	5
1956	163	5
5028	6651	7
5470	5456	2
5503	6651	7
4938	6585	28
747	163	5
5721	5716	2
5941	6611	14
1511	6585	28
5271	163	5
403	6651	7
4334	163	5
834	6651	7
945	163	5
3113	6651	19
5801	6651	7
2869	6651	19
5543	6612	14
4333	6617	14
4630	6619	14
3525	163	5
4773	4753	2
910	6651	22
2967	6651	19
6115	6109	2
2413	2413	11
3772	163	5
1682	6585	28
1827	163	5
3483	3474	2
583	163	5
1183	163	5
395	6651	19
1675	6585	28
5637	5612	2
1269	6651	3
1279	1279	11
2154	163	5
1781	6651	7
6376	25	7
6286	6651	19
1783	6651	7
3455	6585	28
1195	6651	7
1146	6585	28
2695	2694	2
1956	6585	28
3730	6585	28
4875	6585	28
1782	6651	7
4672	6626	14
3201	6585	28
3369	6593	14
980	163	5
5677	6616	14
908	6651	7
5675	6585	28
3914	163	5
4027	6651	19
3362	6597	14
6308	6585	28
5904	6651	19
4895	4883	2
1571	163	5
1739	6555	14
5560	6651	22
2138	74	7
1657	6585	28
1262	1262	11
3596	6593	14
2860	163	5
1398	6651	7
6133	6585	28
619	613	2
1303	6569	12
4878	4857	2
3013	6651	7
1990	6651	7
3713	163	5
2365	6585	28
1488	163	5
208	6647	10
1439	6552	14
6347	6343	2
3150	6592	14
4283	6651	7
2955	6585	28
3918	3894	2
6274	163	5
4975	6608	14
405	6585	28
661	6585	28
2490	2488	2
315	6651	7
4290	163	5
1606	6651	19
296	6558	14
5792	6585	28
5697	6610	14
1343	1339	2
6511	6557	14
5693	163	5
6072	6651	19
4172	6585	28
1551	6556	14
1928	6585	28
3015	163	5
251	161	4
567	6651	19
4154	6585	28
3904	163	5
3945	6628	14
3705	6651	19
475	6557	14
5978	6622	14
2160	6651	7
413	6558	14
4419	4406	2
239	6549	10
3631	6651	19
5433	6651	7
5106	5100	2
461	6651	7
407	6651	19
5033	6651	19
3646	3644	2
3654	6651	7
2116	6585	28
6092	6585	28
734	163	5
2905	6651	7
856	6651	22
2864	6597	14
6141	6651	7
6293	163	5
4911	6651	7
3906	6585	28
4800	6651	7
243	6651	19
3705	163	5
5354	5343	2
1042	6557	14
6159	6651	7
1058	6651	7
4182	6651	7
5277	6615	14
435	6651	7
4380	6629	28
323	6651	7
465	163	5
4771	6651	7
1044	1036	2
678	6651	19
878	6651	19
5156	6585	28
3649	163	5
4249	6611	14
320	6651	7
2999	2998	2
5626	6585	28
1807	6629	28
220	6651	4
6248	6244	2
2851	6651	19
5847	6621	14
3490	6585	28
4585	6651	19
5662	6585	28
575	568	2
4797	4779	2
2953	2943	2
5744	6622	14
2636	6651	19
6310	6585	28
6194	6651	7
3815	6585	28
4194	163	5
3514	6651	19
6639	6575	28
4395	4380	2
1399	6651	19
1530	1528	2
2566	6651	19
2830	6585	28
984	6651	19
5272	6651	19
561	163	5
1510	1510	18
4894	6585	28
2895	6595	14
4729	6651	7
6285	163	5
3005	6651	19
6345	6343	2
2406	2406	11
3553	6651	19
4541	6651	7
318	316	2
3350	6651	19
5360	6620	14
6180	6172	2
6320	6585	28
5230	6651	7
2464	149	4
4968	4944	2
617	163	5
5468	6615	14
3316	163	5
2057	2050	2
2662	163	5
2601	6594	14
6008	6651	19
5236	5213	2
1855	6585	28
6367	6361	2
4680	6651	19
3160	6651	7
5565	6585	28
3307	6597	14
2631	6651	19
6220	163	5
2454	6651	3
2314	6604	21
1695	1690	2
3930	6585	28
507	6651	19
2186	6585	28
4109	6585	28
1901	6651	7
201	6654	10
1776	6651	19
785	784	2
4494	6613	14
1946	6555	14
2939	2932	2
373	6651	19
3830	163	5
2764	6651	19
3072	6585	28
1214	6558	14
4108	163	5
6278	163	5
6582	6581	9
5353	6585	28
2208	6651	19
6130	6651	19
3057	6596	14
5881	5881	18
2920	163	5
2099	6585	28
4574	6585	28
1509	1501	2
4344	6585	28
1476	6585	28
2504	6558	14
6565	6546	28
4793	4779	2
4891	4883	2
1715	1708	2
5680	6585	28
3546	3538	2
2552	6585	28
6618	6618	16
961	955	2
4085	6651	19
1597	1591	2
1147	6554	14
2685	6585	28
3827	6623	14
4910	163	5
1055	6552	14
2315	6655	10
6367	6557	14
4718	6651	7
2523	2515	2
879	6556	14
4001	6606	14
2289	6651	19
3471	6651	7
4201	4189	2
1079	163	5
1862	6651	7
6398	6585	28
2201	2194	2
3105	3095	2
6522	6651	7
2037	2032	2
2909	6585	28
5633	163	5
4234	6585	28
4393	6651	19
4747	6585	28
564	6556	14
2487	6651	19
2142	6651	7
556	6651	19
323	316	2
4561	4536	2
1789	6651	22
5033	163	5
3654	6585	28
866	6651	7
5540	5534	2
3824	6620	14
4112	163	5
3044	6585	28
2801	6651	7
3166	6585	28
5909	6605	14
818	6651	19
2136	2131	2
3482	6651	19
5995	163	5
5919	163	5
5157	6608	14
286	6651	19
4292	6628	14
5092	6651	19
2236	2230	2
4991	163	5
4954	163	5
5074	6629	28
3034	6651	7
6591	6591	16
3071	6599	14
4624	6651	7
639	6651	7
3945	51	7
6399	163	5
4630	6651	7
4811	6651	19
4489	6585	28
5123	6585	28
3699	6585	28
1039	1036	2
1580	6651	19
1818	6651	19
1688	6585	28
4327	6611	14
5828	6651	7
2873	163	5
6166	6163	2
1496	6555	14
2636	163	5
2172	6651	19
1335	6556	14
1619	1618	2
4819	6651	19
4490	6651	19
3385	6585	28
5825	5803	2
807	6651	19
3133	6585	28
4100	163	5
4732	4727	2
3032	6593	14
6450	6559	14
5748	6651	7
979	6651	19
1619	6651	19
843	838	2
1256	143	4
5431	5421	2
4694	6585	28
3189	6651	7
3408	6651	22
4059	6612	14
4372	6552	14
6282	6553	14
2374	6565	12
6007	6585	28
3004	6585	28
1860	6559	14
1333	6554	14
4622	6651	7
6115	139	7
556	6557	14
1389	163	5
2768	2760	2
5202	6651	19
2940	163	5
3447	6596	14
3969	6585	28
828	6559	14
6071	6558	14
1385	6651	19
3369	163	5
192	6552	21
3554	6585	28
3216	163	5
5488	6585	28
3765	6613	14
5503	6624	14
2515	2515	18
5701	163	5
4785	163	5
1381	6651	19
3507	3505	2
2661	6651	19
2382	6543	28
6411	6556	14
4572	6651	19
1294	143	4
469	6651	22
2186	6552	14
543	6651	19
2513	6558	14
5974	6651	19
3083	6651	7
4855	163	5
850	847	2
5221	6585	28
3082	6651	19
3359	6651	19
4593	6651	7
177	172	2
4785	6651	19
4396	163	5
4641	4640	2
1126	1126	18
2661	6599	14
2636	6585	28
3018	6651	7
1907	6552	14
6234	6226	2
2549	6585	28
5741	6619	14
1451	6651	7
880	6651	19
903	6585	28
1245	6651	7
6209	163	5
4865	4857	2
1340	6651	19
1810	163	5
4900	4883	2
267	6556	14
6012	6621	14
1391	1384	2
6146	6651	19
3285	6651	19
6257	6253	2
3978	6609	14
2947	6651	19
4622	6585	28
1259	78	4
5145	6651	7
4034	6651	19
3992	6651	7
4455	4432	2
6458	6651	7
2315	6543	28
6387	163	5
456	6651	7
700	6585	28
5437	163	5
1858	6557	14
2376	2376	11
5248	163	5
5807	163	5
5131	6585	28
3007	2998	2
3810	6651	19
6359	6558	14
5548	6617	14
5247	163	5
862	6557	14
6600	6542	15
1583	6651	7
1147	6651	19
1984	163	5
6177	6556	14
3256	6651	19
3327	6651	7
1004	6555	14
5023	6651	7
5575	6651	19
6240	6585	28
3226	6651	19
4668	6651	19
1130	6651	7
1338	6651	7
5906	6651	19
6510	6651	7
5639	5638	2
1557	6553	14
2407	6566	12
2596	6651	7
6261	6651	19
4254	6616	14
5331	5317	2
4295	6651	7
1280	6569	12
1563	6559	14
2631	6585	28
233	6651	3
5697	6585	28
6049	6651	7
6299	6651	19
1022	6651	19
575	6585	28
4083	4076	2
3128	6629	28
2639	2630	2
3380	6651	7
4548	6585	28
2970	6651	7
5152	6629	28
4407	6651	19
5548	6651	19
1069	6651	19
4369	6651	7
1125	6651	19
1055	6651	7
853	6557	14
2769	6651	19
4678	6651	7
1983	1978	2
862	856	2
1338	1330	2
6100	6651	22
6497	6552	14
4568	163	5
3957	163	5
5772	6624	14
4569	163	5
906	6651	7
1423	163	5
1047	1045	2
5806	6651	7
5156	6651	19
4742	6585	28
215	6651	3
4220	6651	7
5811	6651	19
4993	6626	14
5447	6629	28
3652	6585	28
905	6585	28
2308	163	5
4736	6612	14
716	6651	7
3399	3397	2
187	6585	28
4132	163	5
6607	6607	16
461	460	2
1376	6552	14
6313	6557	14
206	6645	10
169	163	2
1549	6651	7
4108	6557	14
1482	6651	19
921	163	5
2405	6543	28
1875	6556	14
3154	6585	28
2164	6651	19
3818	6651	7
5424	6585	28
2422	6651	4
2061	6651	7
1361	6651	19
1894	6651	7
890	6585	28
2869	163	5
1254	6645	10
1417	6557	14
1388	6651	19
4391	6651	19
633	6553	14
4071	6651	7
271	271	18
508	505	2
1986	6559	14
2670	163	5
3441	6651	22
329	163	5
755	748	2
3704	3703	2
1742	6585	28
3016	6651	7
1787	163	5
3207	6651	19
316	316	18
751	6651	7
3786	6651	7
3429	3419	2
6241	163	5
1662	163	5
663	163	5
1887	6651	7
3759	3755	2
5594	5586	2
346	6651	19
2252	6555	14
2445	6622	21
5492	6613	14
2717	2716	2
3991	163	5
2460	6625	21
2968	6593	14
5755	6651	7
5285	6623	14
779	6555	14
2002	1996	2
665	6651	7
2530	6557	14
2700	6651	7
4971	6585	28
2979	6651	7
259	6569	12
2200	2194	2
3019	3009	2
6089	6585	28
4564	163	5
5111	6585	28
3292	3289	2
1527	163	5
5854	6651	19
1437	163	5
2754	6651	7
1539	1537	2
5951	6651	7
2539	6651	7
837	6651	19
209	6655	10
4955	4944	2
4386	163	5
1745	6651	19
616	6554	14
3183	6651	19
5168	163	5
4703	6651	19
3793	6651	7
2130	6651	7
2639	6651	19
3898	6651	19
5818	163	5
5671	5664	2
1437	1429	2
6256	6585	28
264	6585	28
6186	163	5
4554	6585	28
5442	6624	14
1435	6585	28
3138	163	5
2746	6651	7
4858	163	5
1534	6557	14
1621	6585	28
2809	6597	14
1159	6557	14
5459	5456	2
5390	6585	28
2649	163	5
3263	6651	19
1929	6585	28
3919	3894	2
1937	163	5
3014	6651	7
1493	6651	19
2656	2652	2
4069	6651	19
5776	5751	2
1406	6555	14
1805	163	5
2422	6543	28
1374	6651	7
6386	163	5
2419	6549	10
2392	2392	11
5996	6651	19
3074	6585	28
1976	163	5
5001	6608	14
2518	6651	7
5037	6651	19
4903	6651	7
1862	6585	28
6597	6597	16
3465	6651	19
1763	163	5
3785	6607	14
6516	6651	7
2388	6615	21
1758	6651	19
1062	1054	2
4705	4701	2
2292	163	5
4195	6651	7
205	6651	4
6008	6585	28
6078	6556	14
5758	5751	2
6147	6553	14
1463	6585	28
1944	163	5
1649	163	5
5838	5829	2
3874	6609	14
5108	5100	2
3624	3624	18
4798	6651	7
2638	163	5
4051	6585	28
4069	6585	28
4342	6651	19
1279	6595	21
3974	6585	28
2149	6629	28
2259	6651	19
5631	6651	7
1104	6651	19
4135	6651	7
4992	6625	14
1052	6558	14
2691	6651	7
549	6651	7
5211	6651	7
2974	6599	14
4421	6651	19
647	6651	19
2116	6651	19
1042	1036	2
2227	163	5
2692	6651	19
3511	3505	2
2209	6585	28
4075	4050	2
4173	6651	19
3372	6596	14
5886	6585	28
2855	6585	28
414	163	5
3414	3408	2
2069	6585	28
1494	6553	14
3816	163	5
6530	6585	28
911	910	2
761	757	2
5826	5803	2
4060	163	5
5672	6585	28
2718	2716	2
5738	6651	19
2084	6585	28
3203	6629	28
4568	6651	7
2854	6585	28
4898	163	5
2087	6552	14
340	6557	14
5474	163	5
5281	6585	28
6542	6546	28
944	163	5
5374	5369	2
1794	6651	7
317	6585	28
3300	6651	22
6245	163	5
5423	163	5
6019	6651	7
3980	6651	7
3243	163	5
5312	6624	14
2007	6553	14
6038	6020	2
2145	2140	2
3936	6585	28
2142	6651	19
6345	6651	19
430	424	2
754	6651	19
3503	6651	19
251	6654	10
6177	6651	7
3194	3192	2
1853	163	5
1842	6559	14
6435	6651	19
2353	6565	12
1377	6651	7
4672	6585	28
1122	6651	7
4581	163	5
5671	6585	28
1178	6558	14
6424	6629	28
448	442	2
5585	6651	19
1007	6651	19
2876	6651	7
2171	2167	2
1175	163	5
410	163	5
3043	163	5
770	6585	28
3630	6557	14
1938	1933	2
2873	6595	14
679	163	5
6593	111	1
1490	6585	28
6135	163	5
2607	6651	19
4618	4614	2
6455	6651	7
3743	163	5
176	172	2
1182	1180	2
5738	163	5
4453	6651	7
5265	6651	22
5448	6552	14
5583	6651	19
1745	6552	14
3882	6651	7
4046	4024	2
2562	6651	19
1362	6556	14
1625	6651	19
2654	2652	2
3869	6585	28
999	163	5
1688	6558	14
5659	6651	19
544	6585	28
1451	6585	28
5867	6585	28
4946	4944	2
5810	6651	7
3352	6651	7
5329	6615	14
4700	163	5
3010	6585	28
4973	163	5
3276	3267	2
3156	3148	2
6517	6651	19
6483	6556	14
2277	6651	7
3534	6597	14
6258	6651	7
5709	6651	19
1779	6651	7
4208	6622	14
1100	6552	14
5971	163	5
6317	6651	19
1102	6554	14
3750	6651	19
2215	6585	28
5027	6651	7
2461	6565	12
6192	6651	7
1670	163	5
558	550	2
319	6585	28
3366	6629	28
5408	6616	14
3970	6585	28
2733	2727	2
3828	6624	14
1569	6585	28
884	6585	28
4926	6611	14
2562	6599	14
3466	6593	14
3124	6651	7
5705	163	5
1431	6585	28
912	6651	19
2649	6651	7
797	793	2
1836	6651	19
1349	6651	19
3276	6651	7
5986	6585	28
5769	6585	28
2658	6651	7
4945	163	5
5044	163	5
6088	6651	19
6121	6585	28
415	415	18
6368	6361	2
2318	2318	11
1921	1915	2
4499	6585	28
4801	163	5
3678	6604	14
3060	6651	19
2427	6621	21
1436	1429	2
3636	6593	14
693	163	5
3048	6598	14
1448	6552	14
4189	4189	18
2738	6651	22
5226	6616	14
3950	6651	19
1073	6651	19
3506	6591	14
6114	6556	14
1540	1537	2
6039	6651	7
256	6645	10
2281	6585	28
5169	6620	14
6389	6585	28
4503	6585	28
1338	6585	28
6215	6585	28
2380	6564	10
5175	6651	19
3325	3322	2
6517	163	5
5527	6651	7
5439	6585	28
5236	6626	14
6001	6585	28
228	228	11
2465	2465	11
3467	6594	14
1051	1045	2
1141	163	5
2845	163	5
3044	6651	7
1439	6585	28
998	6558	14
1518	6559	14
218	102	4
4895	6651	19
375	6651	19
5219	163	5
6044	6020	2
2482	163	5
6519	6651	19
1302	6543	28
2315	4	4
2423	6651	4
1389	6556	14
1029	6651	7
4881	6627	14
2315	2315	11
5499	6651	19
2318	6651	3
1390	6585	28
2736	6585	28
1372	6651	19
956	6585	28
805	6651	7
2328	2328	11
4815	6651	7
328	325	2
3878	163	5
1301	6569	12
4459	4458	2
1817	6651	7
512	6558	14
3839	98	7
5706	6651	19
3462	6585	28
5231	5213	2
4122	6585	28
2560	6597	14
210	132	4
255	255	11
2281	2275	2
691	137	7
2368	0	4
394	6651	19
3833	6651	22
5319	163	5
3002	2998	2
201	201	11
6110	163	5
5512	6651	19
2208	6556	14
2957	6651	7
2060	2059	2
3671	163	5
2891	163	5
5167	6585	28
5749	6585	28
3929	6612	14
222	6651	3
5117	5100	2
3281	6651	7
4809	6651	7
1773	6651	19
5878	6651	7
3264	6651	19
4081	6608	14
3278	6651	22
2906	6651	19
3343	6600	14
2999	163	5
3265	6558	14
4896	6585	28
6039	163	5
4626	6615	14
5928	163	5
191	102	4
2688	2683	2
1556	163	5
5267	6585	28
1497	163	5
4378	6585	28
2387	6651	3
871	6651	19
5214	6651	7
1149	6651	19
887	6555	14
1073	6552	14
508	6554	14
3817	6585	28
3669	6651	19
1149	6556	14
4424	4406	2
507	163	5
6415	6651	22
5816	6585	28
5627	5612	2
365	361	2
5735	6651	7
6038	163	5
1363	6651	7
5743	163	5
445	163	5
2757	6651	19
1656	163	5
4876	6651	19
911	163	5
3503	6558	14
2599	6592	14
1841	163	5
1602	6585	28
6177	6585	28
1854	1852	2
6061	6651	19
2462	3	4
4565	6606	14
6475	163	5
5834	6651	19
6348	163	5
5772	163	5
1164	6553	14
1571	6585	28
3945	6585	28
1970	6552	14
5923	6619	14
517	514	2
1118	6552	14
2043	6651	7
3836	6651	7
2659	6651	19
1282	6596	21
4501	6585	28
6508	163	5
3932	3920	2
3892	163	5
5669	6651	7
4602	6617	14
4970	6651	22
6193	6554	14
1772	6585	28
5063	6618	14
2066	6585	28
2154	6585	28
4511	163	5
4750	163	5
3334	3333	2
6473	6555	14
5826	6626	14
4777	4753	2
4839	6651	19
2159	6585	28
2018	2014	2
2929	2921	2
1155	6651	19
1266	6645	10
959	6555	14
941	6651	7
5663	6651	7
3932	6615	14
1246	6651	7
6068	6651	19
714	6585	28
5590	6607	14
719	163	5
4010	6651	19
3127	6600	14
669	6651	7
6508	6585	28
2281	6651	7
521	6558	14
601	163	5
2996	6651	19
4124	6651	7
6524	6552	14
1689	6559	14
1183	6554	14
4620	163	5
5263	6585	28
326	6651	7
3637	6651	19
6495	6585	28
5806	163	5
6422	163	5
6505	6651	22
5074	5074	18
4566	6585	28
563	163	5
3939	3920	2
3920	6651	22
3395	163	5
1584	6585	28
6501	163	5
664	658	2
905	6651	7
4040	163	5
4467	4458	2
384	163	5
3815	163	5
5633	6585	28
5565	6651	19
3559	6600	14
4492	4484	2
2255	6558	14
5975	6651	7
858	6553	14
3750	6624	14
893	6651	7
2052	6651	7
4039	4024	2
2060	6552	14
4739	6651	7
6304	31	7
5459	6606	14
2098	163	5
2311	0	4
4336	6620	14
5231	163	5
1331	163	5
1521	163	5
2075	163	5
2463	6625	21
2609	6651	19
990	6651	7
2051	6651	7
3813	163	5
4359	6617	14
2738	6629	28
5822	6622	14
4257	6619	14
6347	6585	28
1241	6585	28
5098	6651	7
1424	6651	19
3689	163	5
5550	6585	28
6381	163	5
5621	5612	2
6385	6651	19
6097	6585	28
5779	6651	19
3907	6585	28
5040	163	5
3201	6599	14
538	6651	7
1054	6651	22
210	210	11
5607	6651	7
3953	163	5
3032	163	5
1434	6651	19
2827	6651	7
1287	6566	12
3591	6651	7
3915	6651	7
1335	163	5
4872	6651	7
5119	6585	28
2188	6651	7
6405	6651	19
1102	6651	7
1742	6651	7
3388	163	5
4067	6620	14
2255	6585	28
4497	6585	28
6251	72	7
4044	6585	28
1628	6651	19
3316	6595	14
675	6651	19
4725	163	5
1412	6651	19
3353	6599	14
2049	6651	7
3949	6606	14
6219	6585	28
1917	6585	28
5844	6651	19
6513	6651	7
6213	6651	19
2899	2890	2
4882	163	5
4049	6651	7
4870	4857	2
2495	6558	14
4568	6609	14
5664	6651	22
2982	2976	2
3586	6594	14
942	937	2
798	6585	28
1977	6585	28
1958	6558	14
6608	6608	16
5461	6651	7
4883	4883	18
4026	6651	19
5731	6585	28
2261	2257	2
1064	163	5
956	163	5
4887	6607	14
1157	6651	19
1158	6556	14
4229	6651	19
4251	6651	19
3155	6651	19
5724	6585	28
1523	6651	19
1277	6543	28
669	6585	28
6204	6651	7
3628	6555	14
3585	6651	19
5754	6606	14
3284	6651	19
1782	6651	19
5858	5855	2
2306	6651	7
4232	6620	14
4766	6585	28
1894	6651	19
1951	6651	22
2105	6552	14
1216	6629	28
1136	6585	28
813	811	2
528	523	2
6005	163	5
5908	5907	2
3529	6585	28
1614	1609	2
932	6651	19
5415	6651	7
3161	6651	19
414	6585	28
1643	6585	28
3382	163	5
4342	6585	28
1945	6554	14
3087	6651	7
3721	6585	28
5507	6651	19
1291	6651	3
5075	6651	19
2271	6585	28
5441	6585	28
2629	6600	14
1770	1762	2
5008	6615	14
527	6651	7
949	163	5
1281	6651	3
5864	6651	7
3074	6651	19
2540	2533	2
5563	6651	7
4028	6651	19
3684	6585	28
4684	6612	14
2783	6651	19
404	163	5
2364	6651	19
583	6557	14
2606	2597	2
2608	6629	28
3458	163	5
2773	6651	19
2041	2041	18
4814	4805	2
994	6585	28
5170	6651	7
5609	6651	7
5838	6612	14
6001	6651	7
1602	1600	2
845	6585	28
4154	6651	19
5559	5534	2
3112	163	5
3597	6594	14
5627	163	5
2220	6651	7
6142	6557	14
4968	6651	7
3887	6651	19
5383	6651	19
6450	163	5
1698	6651	19
4617	6585	28
1493	163	5
1089	1081	2
6526	6585	28
6362	6361	2
5552	6651	19
1847	6651	19
656	163	5
4041	4024	2
3894	6629	28
4126	6585	28
4879	6651	19
2896	163	5
2914	2910	2
416	6552	14
2357	6611	21
6183	6651	19
5204	6620	14
5194	5187	2
4634	163	5
425	163	5
3593	3593	18
2989	6651	7
3728	3703	2
5235	163	5
4501	4484	2
5670	163	5
1178	1171	2
2398	6565	12
4364	6622	14
4765	6651	19
6144	6651	7
3870	6585	28
2186	163	5
3365	6600	14
2885	6651	19
6044	6585	28
4837	6585	28
1106	6558	14
249	6558	14
4870	6585	28
315	6585	28
4305	6585	28
1365	6585	28
3778	6626	14
383	6585	28
1616	6585	28
6404	6397	2
4368	6626	14
2217	6651	19
4402	6585	28
6400	6585	28
550	6651	22
1812	6585	28
549	6559	14
2027	163	5
5222	6651	19
5971	6615	14
5668	6651	19
3032	6651	7
1817	1816	2
4809	163	5
2618	2608	2
1447	1447	18
1999	6554	14
379	379	18
4560	6651	7
1418	1411	2
4980	6651	19
4699	6585	28
959	6651	7
1020	163	5
3047	163	5
2043	6585	28
5837	6651	7
3301	6651	7
3207	163	5
4301	6585	28
878	874	2
2245	6585	28
1746	163	5
2075	2068	2
2144	6651	7
3119	6651	7
4302	163	5
3008	2998	2
2594	6585	28
2175	6651	19
6182	6651	19
427	6651	19
3556	6651	7
4524	4510	2
4596	6611	14
2946	6651	19
830	6651	7
5297	5291	2
1779	6559	14
5807	6651	19
1865	1861	2
2144	6585	28
1454	6585	28
4821	6585	28
5270	5265	2
4684	6651	7
5589	6651	7
5197	5187	2
2278	6651	19
1228	6554	14
5070	163	5
3476	6651	19
1352	163	5
197	6651	4
1410	6651	7
6133	6557	14
4219	6651	7
3444	6593	14
2897	163	5
1937	6651	19
5915	6651	19
4781	4779	2
4291	4267	2
4612	6651	19
4732	6608	14
3988	6651	19
2943	6651	22
2471	6543	28
1874	1870	2
1797	1789	2
1520	163	5
6425	6651	19
4151	163	5
5539	6651	7
6074	6073	2
5837	6611	14
2122	6629	28
4509	4484	2
4769	4753	2
5634	6651	7
1178	6651	19
6335	6334	2
2421	2421	11
443	163	5
4098	4076	2
6373	6651	19
3182	6651	19
2279	6651	19
4881	4857	2
2813	6629	28
1648	6585	28
6075	6553	14
1702	6585	28
2856	6651	7
2501	6585	28
5174	163	5
2600	6593	14
2677	6585	28
5067	6651	7
3961	3946	2
5037	5022	2
1936	6554	14
4007	6651	19
1356	163	5
4352	163	5
5813	6651	7
4412	6609	14
537	6556	14
3728	6651	19
6207	6585	28
958	6585	28
2975	6585	28
1243	1243	18
3977	6608	14
1029	1027	2
4176	6616	14
4779	4779	18
5790	163	5
6256	163	5
5318	6585	28
2000	163	5
5917	6585	28
189	181	2
4317	6651	7
1734	163	5
6174	6651	19
3737	3729	2
2006	6585	28
646	6557	14
4054	4050	2
4499	4484	2
185	163	5
6103	6554	14
1778	6585	28
1633	6585	28
4347	6651	19
3304	6585	28
5505	6651	7
240	114	4
1964	163	5
4519	163	5
2209	6651	7
2269	6554	14
647	640	2
6122	163	5
3532	6585	28
5156	163	5
283	163	5
3104	6585	28
3663	163	5
4019	6585	28
216	216	11
4315	6651	7
6281	163	5
217	6651	4
4690	6651	19
709	6651	19
1225	1225	18
1911	6556	14
2048	40	7
3830	6651	7
4795	6651	7
224	6651	4
2770	6600	14
3858	6585	28
2403	1	4
395	6585	28
3066	163	5
5099	6651	19
5854	6651	7
2848	6651	7
2353	6651	3
5188	6604	14
3005	6651	7
6419	6585	28
6236	6651	19
4433	4432	2
4774	163	5
3532	163	5
1314	6651	7
3463	6629	28
3539	163	5
397	6651	22
206	6543	28
954	6559	14
6408	6585	28
2462	6565	12
199	156	4
4360	6618	14
6425	6552	14
329	6651	19
2772	6651	7
1548	6553	14
3908	6617	14
5794	6651	19
6511	6651	19
1346	6585	28
5770	6622	14
5871	6619	14
4171	4163	2
6179	6558	14
3063	3062	2
925	6585	28
919	6651	22
6278	31	7
5149	163	5
2847	6651	7
403	163	5
4946	6585	28
2650	6585	28
4117	4111	2
3428	163	5
5341	6585	28
2732	6651	7
5784	6651	19
2734	163	5
3486	6591	14
6075	6651	7
4248	6610	14
804	802	2
3376	6651	19
4080	4076	2
5879	6585	28
5968	6585	28
1169	6585	28
3390	6585	28
6243	6585	28
4693	6621	14
4057	4050	2
985	6651	19
2897	6651	19
6527	6585	28
2062	2059	2
1514	6651	19
1163	1162	2
1196	163	5
6601	111	26
2875	6651	7
5964	6651	19
5146	5126	2
5441	5421	2
6348	6651	7
6277	6651	19
715	6651	19
2953	6651	7
5279	6617	14
5502	6585	28
6359	6352	2
5094	6651	19
3468	6651	7
3677	3677	18
6143	6136	2
4976	6609	14
5395	5395	18
539	6651	19
4499	6651	19
3863	6624	14
4861	6585	28
2017	6585	28
4678	6606	14
2555	6651	19
2132	6552	14
1643	6651	7
4608	6651	7
5257	6621	14
6327	6585	28
1702	1699	2
4373	6553	14
2002	163	5
5889	6651	19
2244	6651	7
2687	6651	19
488	6585	28
4317	6651	19
5553	5534	2
1974	6556	14
5486	163	5
1620	6651	7
2859	2857	2
660	658	2
3967	6651	7
5455	6559	14
4670	4649	2
1043	6585	28
4244	6606	14
2517	6651	7
6147	6145	2
3885	6585	28
5440	6622	14
5887	6651	7
5817	163	5
1656	6651	19
2440	6651	19
1448	6585	28
1237	6554	14
1708	6629	28
1232	6651	19
3587	6595	14
2161	2158	2
4594	4588	2
393	6651	7
883	883	18
1991	163	5
1714	6651	19
605	6585	28
412	163	5
6366	6585	28
5973	6651	19
5111	6614	14
1422	6651	19
2402	6543	28
2772	6585	28
3053	6651	19
463	6651	19
1666	6651	7
1733	6585	28
2189	6555	14
3012	6651	7
3811	6607	14
1598	6651	19
2108	6585	28
1028	1027	2
661	658	2
2382	6651	3
345	6553	14
1322	6651	7
3301	6585	28
609	6651	7
2546	6585	28
5468	6585	28
466	6651	7
2821	6585	28
1941	1933	2
490	6554	14
3751	163	5
6583	6568	28
1931	6585	28
6299	6298	2
1513	1510	2
241	6566	12
855	6585	28
5925	6621	14
924	6651	19
1927	6651	19
2262	6585	28
3549	3549	18
1639	163	5
2547	2544	2
2067	6559	14
3658	6585	28
5646	5638	2
3352	6585	28
4665	6619	14
4871	6585	28
1397	1393	2
2870	163	5
4450	6651	19
2829	163	5
2788	6651	19
1508	6558	14
2139	6651	19
2031	2023	2
440	433	2
582	6651	19
1535	6558	14
186	6585	28
4583	4562	2
2192	6651	7
3427	6598	14
4482	163	5
6042	6585	28
1210	6585	28
1299	6543	28
3700	6651	19
1208	163	5
5504	6651	19
3907	3894	2
1268	6593	21
4801	6651	19
6642	14	8
5481	6651	7
3394	3386	2
1951	6629	28
427	6651	7
4040	6651	19
5630	6651	7
4991	6651	7
3283	6595	14
960	6651	19
1848	6651	7
3787	6651	7
4507	6651	19
5507	6628	14
1020	6651	7
5233	6651	7
5515	5508	2
6556	48	1
6069	163	5
4774	6651	7
5362	163	5
587	6651	19
3700	6651	7
4943	6585	28
1778	22	7
1003	6651	7
1560	6651	19
175	6554	14
6454	6585	28
5891	6613	14
4563	6604	14
3632	163	5
4802	4779	2
6173	6651	7
304	298	2
786	163	5
2621	6651	19
4885	6605	14
4262	163	5
886	6585	28
4579	6651	7
2351	6543	28
2865	6598	14
1716	6559	14
683	6585	28
6593	6593	16
6052	63	7
2948	6651	7
4677	6605	14
2698	6651	7
4035	163	5
1801	163	5
3163	3159	2
5068	6585	28
2971	163	5
5349	6651	7
6347	6555	14
5027	6651	19
3102	6597	14
2528	6651	7
4618	6607	14
2983	163	5
5948	6651	7
1328	6651	7
6102	6651	19
1738	6585	28
2270	2266	2
2724	6598	14
5266	6585	28
3350	3344	2
5949	6651	19
3591	6651	19
2490	6651	7
5922	5907	2
1739	6585	28
3513	6651	7
5937	6607	14
2779	163	5
2937	6595	14
2367	6651	7
1809	6553	14
2101	6651	19
5952	5933	2
912	6651	7
1488	6651	7
683	6558	14
3475	163	5
2964	6651	19
3127	6651	19
297	6651	7
716	163	5
4575	6651	19
463	460	2
4494	6585	28
981	973	2
1837	6554	14
3002	6585	28
4914	6585	28
1619	6585	28
1452	163	5
964	964	18
3618	6585	28
261	6566	12
5573	6651	7
4724	4701	2
3305	6651	7
3299	6651	19
4570	6585	28
2157	6585	28
4063	4050	2
3391	6651	7
350	6585	28
2609	6591	14
2392	6543	28
897	6651	19
2629	2619	2
1526	6651	19
5254	6618	14
6017	6651	7
3206	3203	2
1757	6651	19
1071	163	5
1019	163	5
6287	6558	14
4066	163	5
5126	6651	22
187	6651	19
3904	6651	19
6333	6651	7
728	6651	7
5482	6651	22
4576	4562	2
3218	163	5
4797	163	5
2763	6593	14
4637	6626	14
5906	163	5
1805	6558	14
2283	6585	28
5148	6651	19
1568	6651	7
1311	6549	10
3268	6651	19
4473	6585	28
6514	6629	28
3515	3505	2
3977	163	5
4898	6651	7
280	6629	28
442	442	18
3723	3703	2
4722	6624	14
231	6645	10
5729	6651	7
701	163	5
1163	6552	14
2379	6543	28
213	102	4
2447	0	4
6203	163	5
1649	6585	28
3066	6651	7
952	6651	19
4767	6617	14
3861	6651	7
2488	6651	22
4550	163	5
4683	6585	28
4382	163	5
2887	6585	28
3452	3452	18
455	6555	14
390	6585	28
513	6651	19
2010	6651	7
5256	163	5
4175	6615	14
2363	6651	19
279	6585	28
2526	6651	19
1163	6651	7
5555	6651	19
4085	6585	28
4750	6585	28
1264	153	4
2504	6651	7
2408	6654	10
1801	6554	14
3764	6585	28
2629	163	5
1644	6651	7
1634	6558	14
5855	6629	28
1526	163	5
3280	6592	14
1462	1456	2
360	6559	14
3659	6651	7
4419	6616	14
3644	6629	28
2710	6651	7
3525	6599	14
4501	163	5
4057	6651	19
2930	6651	19
3984	6615	14
2865	163	5
3888	6585	28
436	163	5
1919	163	5
6478	6629	28
2476	149	4
2886	163	5
2557	6651	19
1642	25	7
989	31	7
3903	163	5
6510	6585	28
6293	6651	7
1519	6629	28
6394	6557	14
4310	6620	14
4196	6651	19
308	6651	19
1770	163	5
3790	6612	14
3533	6651	19
1241	6651	19
5296	6608	14
6359	6585	28
5016	6651	19
3660	163	5
1317	6651	19
691	685	2
3218	6651	19
6312	6651	7
426	163	5
1395	6651	19
3801	6585	28
1891	6651	19
2301	6585	28
4226	6651	19
932	928	2
5247	5239	2
4228	4215	2
4922	6585	28
2832	6651	7
5924	5907	2
4103	6651	7
3735	6651	7
2159	6651	19
4600	163	5
4178	6618	14
1447	6629	28
2520	6651	19
3174	163	5
4465	163	5
1192	1189	2
2951	6598	14
2337	6565	12
3897	6606	14
2475	6543	28
6303	163	5
2436	6585	28
3717	3703	2
876	163	5
3379	163	5
5055	6610	14
2301	6651	19
1155	6553	14
924	163	5
2309	6651	19
1936	6585	28
2001	1996	2
293	163	5
775	6651	22
2957	163	5
789	6651	19
5172	5152	2
5865	5855	2
1439	6651	7
4031	6651	7
4725	4701	2
1792	6585	28
2736	6651	19
580	577	2
3650	6651	19
3524	6598	14
6239	6651	7
2037	6651	7
1533	6585	28
6114	6651	7
4237	6625	14
4429	6651	7
5849	6651	19
1340	6552	14
1970	163	5
1902	6651	7
1489	6651	19
4119	6651	7
3046	6651	7
5550	6651	7
2350	2350	11
349	6651	19
1844	6651	7
2751	6651	7
5427	6585	28
5919	6615	14
6245	6585	28
4576	6617	14
5996	163	5
5169	5152	2
2316	2316	11
1492	6651	22
4498	163	5
2032	2032	18
2407	6651	3
5561	6651	7
1679	6585	28
5978	6651	19
4631	6651	19
6003	5994	2
6270	6651	19
2400	6549	10
4208	6585	28
4799	6623	14
1982	6651	19
2115	6651	7
4408	6651	19
4471	163	5
2369	6612	21
3451	6585	28
6259	163	5
1558	1555	2
1638	163	5
5666	5664	2
6052	6651	19
6162	163	5
6333	6651	19
1998	6553	14
6071	6064	2
4116	6651	19
769	6585	28
2186	6651	7
3561	163	5
5643	163	5
3459	6597	14
3988	163	5
2496	163	5
6272	6552	14
2521	6651	7
5192	6651	19
6392	6388	2
1904	6558	14
450	6585	28
5512	5508	2
4876	163	5
5647	6585	28
2371	3	4
4106	6651	19
1950	1942	2
4203	6651	7
1449	6651	7
5269	163	5
1141	1135	2
4602	4588	2
2896	6585	28
877	6585	28
5158	5152	2
414	406	2
1666	6554	14
4508	6651	7
2072	6555	14
1008	6559	14
2361	2359	2
5929	6651	19
2906	163	5
5336	6585	28
3313	6585	28
4784	6651	7
3886	6621	14
1888	1888	18
581	577	2
3541	6585	28
4153	6619	14
4753	6651	22
1677	6651	7
930	6553	14
5132	6651	7
184	6651	19
4093	6620	14
1867	6585	28
4136	6628	14
3857	6651	7
3514	6599	14
4717	6619	14
5915	163	5
4709	163	5
582	163	5
5735	6613	14
2781	2771	2
4012	6651	7
5056	163	5
3058	6651	19
4187	6651	19
1412	163	5
2029	163	5
4297	163	5
5675	6651	19
5064	6585	28
2133	6651	19
5200	6651	7
2960	2954	2
2732	163	5
3213	6600	14
5713	6626	14
354	352	2
3531	6594	14
894	6651	19
4924	4918	2
610	604	2
6483	6585	28
1005	6651	7
4403	163	5
5418	6651	7
2807	6651	19
4937	4918	2
2339	4	4
1161	1153	2
2617	2608	2
3968	6585	28
5068	163	5
3011	6585	28
2767	2760	2
3493	6585	28
1070	6651	19
5308	6585	28
5365	163	5
4325	6585	28
3797	6585	28
1313	6552	14
3328	6585	28
1265	78	4
4504	6585	28
5843	6585	28
1644	1636	2
3977	6585	28
1548	6651	19
479	6585	28
3297	6585	28
6420	163	5
3810	6606	14
2839	6651	7
6034	6651	7
2161	163	5
2326	6565	12
5090	6585	28
1752	6651	7
1298	140	4
5083	5074	2
1762	6629	28
1092	6585	28
2365	2359	2
5527	163	5
4768	6618	14
2125	6554	14
5402	163	5
2963	6585	28
4934	6619	14
5503	163	5
4187	6585	28
3639	6596	14
3610	6651	7
2144	2140	2
846	163	5
5629	6651	19
3801	163	5
5166	5152	2
1131	6651	7
6590	6575	28
2477	6543	28
2711	2705	2
2362	6585	28
4853	6651	7
251	151	4
169	6557	14
3699	6625	14
4867	6651	19
1524	163	5
5004	4996	2
5030	5022	2
616	6585	28
6454	6651	7
1703	1699	2
3886	6651	7
1076	1072	2
4807	163	5
5635	6626	14
4625	6651	7
294	6585	28
3453	163	5
465	6556	14
1947	6651	7
3225	6629	28
4436	4432	2
1009	1009	18
6416	6552	14
2922	6585	28
2521	6651	19
1614	163	5
5529	6585	28
3217	6651	19
4405	4380	2
6561	6546	28
1011	6651	7
3774	6651	19
1792	6651	19
5905	6651	19
1159	1153	2
6442	6629	28
4204	4189	2
632	6651	7
1879	1879	18
183	181	2
2720	2716	2
1886	6651	19
2816	163	5
2268	163	5
2923	163	5
2441	0	4
6303	6651	7
2752	6651	7
5271	6609	14
5966	6651	19
1333	6585	28
3367	6651	19
5874	5855	2
1606	6557	14
5514	6585	28
4929	6651	7
5448	5447	2
2923	6651	19
1135	6651	22
2344	6651	3
4312	6651	7
871	865	2
1885	6557	14
4702	163	5
1572	6651	7
1438	6651	22
2577	6592	14
2957	6651	19
3342	6585	28
3769	6617	14
3354	163	5
1763	6651	19
333	325	2
4556	163	5
3216	6592	14
5441	6651	19
6226	6651	22
5933	6651	22
5534	5534	18
4131	6585	28
3246	163	5
3612	6651	7
2629	6651	7
6448	6442	2
932	163	5
4175	163	5
3938	6651	7
5922	163	5
1076	6555	14
3248	163	5
3130	163	5
5922	6651	7
856	856	18
5724	5716	2
3060	6651	7
419	6555	14
4057	6610	14
1257	6543	28
2401	6543	28
2252	6651	7
2313	6543	28
2399	2399	11
5221	6611	14
5202	5187	2
1073	6585	28
1908	163	5
6057	6651	19
1376	6651	19
6468	163	5
4902	6651	19
1480	1474	2
829	6629	28
255	102	4
4103	6552	14
4555	163	5
3083	6651	19
4960	6651	7
4824	4805	2
3023	163	5
1361	6585	28
3355	6651	22
6524	163	5
5607	6624	14
2734	2727	2
4180	6620	14
1323	6651	19
5679	6651	7
5646	6651	7
2958	6651	19
4990	6651	19
591	6556	14
4596	6651	19
164	163	5
381	6585	28
2252	6651	19
1629	6651	7
6295	6557	14
1281	149	4
1417	163	5
1541	1537	2
6649	108	8
3814	163	5
2579	6594	14
1240	1234	2
880	6557	14
2670	2663	2
538	532	2
1939	1933	2
3167	6598	14
4472	6651	7
2350	6565	12
1034	6558	14
400	163	5
2939	163	5
3021	163	5
1639	6651	7
4816	4805	2
2404	6543	28
308	6651	7
2515	6651	22
1184	6651	19
5711	163	5
417	6651	7
2999	6591	14
1615	6651	7
2978	163	5
1806	1798	2
2183	6651	19
2442	6565	12
1396	6585	28
3345	163	5
6377	6370	2
5704	6585	28
4902	6622	14
1865	6585	28
3310	6600	14
6070	163	5
3721	163	5
5086	6615	14
1477	6554	14
729	6559	14
619	103	7
203	102	4
3236	6651	22
6610	6577	28
3558	6651	19
1112	1108	2
5596	6651	19
226	6555	21
740	6552	14
3743	6585	28
4241	4241	18
6308	6307	2
6167	6585	28
5593	163	5
5921	5907	2
4428	6585	28
1840	1834	2
4330	163	5
1707	6651	19
2045	6651	19
5399	163	5
3698	6651	7
4715	163	5
4586	6651	19
824	163	5
5358	6651	19
2420	6654	10
3092	6598	14
3489	163	5
497	6585	28
2393	6566	12
6524	6585	28
2562	163	5
2866	6651	19
4270	6585	28
2970	2965	2
1246	163	5
4079	163	5
4367	6651	7
5813	6613	14
1440	6585	28
3759	6607	14
4069	6651	7
3379	6651	19
2436	2432	2
1536	1528	2
5006	6651	7
3386	6629	28
237	6543	28
5853	6651	19
2530	6651	19
5018	4996	2
4925	6610	14
2555	6592	14
3558	6651	7
1892	163	5
6034	163	5
4385	163	5
4854	6585	28
2918	2910	2
507	6553	14
6055	6651	22
284	6651	7
1123	6585	28
4604	4588	2
6094	6554	14
4630	4614	2
736	730	2
3213	163	5
3979	6585	28
4289	6651	19
4315	6651	19
5122	6585	28
3193	163	5
2603	2597	2
5559	6628	14
3400	3397	2
6087	163	5
1324	1321	2
5619	5612	2
4587	6585	28
2033	2032	2
4919	4918	2
1418	6558	14
3365	6651	7
1236	6651	7
1603	6651	19
1591	1591	18
859	856	2
5413	6621	14
3693	6619	14
2398	6647	10
2623	6651	19
6351	163	5
6341	6585	28
4005	3998	2
533	6552	14
3743	6651	19
1011	1009	2
2930	2921	2
1049	163	5
3018	6585	28
1806	6651	19
3303	6651	7
3431	6585	28
5328	6585	28
1925	6585	28
622	6629	28
2013	6559	14
4472	6617	14
1457	6651	19
4632	163	5
1113	1108	2
562	6585	28
4714	6651	19
5839	6651	19
1985	6585	28
4953	6612	14
260	152	4
777	6651	19
2800	6585	28
4832	6651	7
1730	163	5
6129	163	5
5796	163	5
922	163	5
6384	163	5
2713	6651	19
498	496	2
1413	163	5
1240	6585	28
4712	6585	28
4998	4996	2
2668	6651	7
4302	6651	19
4384	6651	19
2471	6654	10
792	6651	19
5844	5829	2
2342	6609	21
279	6559	14
480	163	5
5422	6585	28
1287	149	4
4124	6585	28
749	163	5
2427	6651	4
2247	163	5
5641	5638	2
3745	6619	14
5232	6651	7
3581	6600	14
231	231	11
2447	6651	3
2026	6585	28
722	721	2
3673	6597	14
3114	3106	2
4016	6585	28
6519	6556	14
3557	6585	28
3792	6585	28
364	6651	19
2044	2041	2
2404	6617	21
6195	6585	28
6352	6651	22
272	271	2
6363	6553	14
3802	6624	14
466	6585	28
6346	6343	2
2531	6585	28
425	424	2
2680	163	5
6125	6558	14
4947	163	5
4876	6622	14
2226	6556	14
2807	6595	14
1253	6543	28
3339	3333	2
4259	4241	2
4005	6610	14
3199	6651	19
2380	6651	3
5557	6651	19
5383	5369	2
4686	163	5
1429	6629	28
499	6651	7
3758	6651	19
1248	6651	7
2666	2663	2
5830	6651	19
6479	6478	2
2288	6555	14
4342	6626	14
3782	6604	14
1642	6557	14
4994	6651	7
1548	163	5
5895	6651	7
4645	6585	28
3548	6600	14
5694	6585	28
2359	2359	18
1415	6651	19
1673	6552	14
427	163	5
4925	6585	28
2026	6651	7
5930	163	5
6527	6555	14
504	496	2
5386	6651	19
6350	136	7
1742	163	5
3626	6585	28
442	6629	28
5943	6585	28
5185	5178	2
518	6651	7
3375	6651	7
4478	6623	14
481	6651	7
5373	6651	19
4279	6615	14
312	6651	7
3404	6651	19
3561	6591	14
4412	4406	2
2072	2068	2
1436	6558	14
4470	6615	14
5144	6621	14
591	6651	7
293	6555	14
5748	6651	19
1067	6651	7
4803	6651	7
366	361	2
1743	163	5
2487	2479	2
4281	4267	2
854	163	5
2550	6651	19
2256	163	5
5960	6651	19
5431	6651	7
1173	6553	14
535	532	2
6278	6585	28
5703	6616	14
1334	6651	7
3384	6651	7
3036	6651	7
6608	6577	28
1204	6557	14
4717	163	5
4346	6651	7
1206	1198	2
1648	6554	14
2917	163	5
2387	6565	12
3500	6651	19
1207	6651	22
3306	163	5
2415	2415	11
1350	6651	7
2541	163	5
3714	6585	28
3685	6651	7
804	6553	14
833	6555	14
2998	2998	18
1938	6651	19
6108	163	5
6360	6585	28
1811	1807	2
3763	6651	7
2456	6651	3
5876	5855	2
3935	163	5
5454	6585	28
835	163	5
3920	6629	28
645	6556	14
5740	6585	28
4979	4970	2
5146	6651	19
2888	2879	2
338	6555	14
738	163	5
4086	6651	19
4644	163	5
3384	3377	2
5372	6585	28
5473	6651	19
4585	4562	2
644	6555	14
2498	6651	19
4039	6585	28
4694	6622	14
1286	6543	28
643	640	2
4263	6651	19
5401	6651	7
1255	6591	21
5622	6585	28
1181	6651	7
1731	6556	14
5300	163	5
5489	163	5
1739	6651	19
6347	6651	7
4814	6585	28
5563	5560	2
3212	3203	2
5722	6557	14
2861	6651	19
5286	6651	7
3287	3278	2
6445	6651	7
2141	6651	7
6126	6559	14
5935	6605	14
4540	6651	7
917	910	2
3601	6651	7
5744	6651	7
2054	2050	2
3807	3807	18
2587	163	5
3643	6600	14
3255	3247	2
2477	2477	11
4851	6623	14
2807	6651	7
771	163	5
4652	4649	2
704	6585	28
772	6557	14
6588	6567	28
2453	6543	28
3047	3040	2
1108	1108	18
3251	6651	19
5099	6585	28
2500	6554	14
200	6651	3
3855	6616	14
1892	6651	19
5923	6651	7
2207	6555	14
6217	6217	18
2564	2564	18
2928	6597	14
2689	163	5
2440	6651	7
1177	163	5
3812	6651	19
5509	6604	14
2831	6651	19
4100	6651	19
6059	6651	7
2410	6565	12
2393	149	4
3757	6585	28
2838	163	5
1527	6651	7
1866	6651	19
324	6585	28
1119	163	5
5905	5881	2
4534	4510	2
3328	6651	19
6223	163	5
6206	6651	19
2612	6594	14
278	6651	7
1362	6651	7
1632	163	5
2001	163	5
376	25	7
4557	6624	14
5036	5022	2
972	6585	28
4358	4345	2
5827	6585	28
535	6554	14
386	6651	19
2129	2122	2
3238	3236	2
837	6651	7
3416	6585	28
1930	6651	7
6285	6556	14
4119	6585	28
4504	6623	14
4572	6651	7
6510	163	5
3373	6597	14
1964	6651	19
3324	6651	7
6637	6567	28
5389	5369	2
1828	163	5
4355	6651	19
1357	6651	22
3756	6651	19
3803	6651	19
6312	6585	28
1318	1312	2
1765	6554	14
706	163	5
3859	6651	7
5880	6585	28
1197	163	5
2248	2248	18
4400	6585	28
558	6559	14
3500	3496	2
261	6559	21
5715	163	5
4561	6651	19
1759	6585	28
755	10	7
5864	5855	2
195	6645	10
4089	6616	14
6315	6559	14
5831	6651	19
1611	1609	2
1829	6651	7
2899	6599	14
2755	6585	28
3762	6651	19
1784	6651	19
1220	6651	7
4367	6585	28
5986	5985	2
2453	6651	3
270	6651	7
3630	6651	19
1772	6552	14
650	6651	19
193	6644	10
5489	6585	28
4195	163	5
3809	3807	2
3515	6651	7
4694	6651	7
5098	5074	2
2433	6552	14
6159	163	5
1791	163	5
3385	6559	14
4172	163	5
4620	4614	2
5609	6585	28
3499	6585	28
182	6585	28
5353	6651	19
1121	6651	7
3022	6651	7
5795	5777	2
5620	6585	28
1979	163	5
1547	6585	28
1820	6651	19
3162	6651	7
1075	6585	28
4351	6609	14
6623	6577	28
2920	2910	2
3126	6599	14
4143	6651	19
2906	6556	14
6628	131	1
4692	4675	2
323	163	5
2886	6585	28
5643	6651	19
860	6651	7
6234	6559	14
5195	6651	19
4349	6651	19
5838	6585	28
6425	6651	7
5941	6585	28
4104	6651	7
4874	4857	2
3501	6651	19
6195	6651	7
6223	6651	19
1979	1978	2
2409	1	4
5056	6585	28
6620	6577	28
3593	6651	22
4246	6608	14
3490	3485	2
3132	6651	19
1495	6651	19
1158	6651	7
6043	6651	19
3756	6604	14
5407	163	5
4759	4753	2
3744	6651	7
5871	6651	19
5721	163	5
3051	6629	28
4550	4536	2
4338	6622	14
4338	6651	7
1893	6585	28
3334	6651	7
1479	6556	14
4174	163	5
3732	6651	7
5339	5317	2
5608	6585	28
1002	6651	7
1543	1537	2
3127	6585	28
2225	6555	14
3250	3247	2
1852	6651	22
236	6655	10
2184	6651	7
6642	6577	25
6021	6651	19
253	6651	3
1435	6651	19
6182	6585	28
3233	3225	2
5639	6651	19
4734	6651	19
6096	163	5
1552	163	5
6029	163	5
5990	6651	7
1871	6585	28
600	6556	14
4723	6651	7
4140	6606	14
3510	6651	7
1411	1411	18
5991	6557	14
5629	163	5
3891	6651	19
216	6651	4
3765	6651	7
2743	2738	2
1352	6555	14
4660	6651	7
1159	68	7
1765	163	5
6108	6651	7
3053	6651	7
3604	6651	22
1129	1126	2
3356	6585	28
4074	6585	28
3465	3463	2
2285	6585	28
4942	163	5
5971	5959	2
3821	6651	19
2197	6554	14
185	6651	19
4960	4944	2
5747	6625	14
5858	6585	28
2278	163	5
4903	163	5
1096	163	5
3626	6553	14
665	6585	28
6481	163	5
6043	163	5
3422	6651	7
644	6651	19
922	6554	14
3531	3527	2
4758	6651	7
5727	5725	2
2053	6651	19
3098	6593	14
1280	6655	10
5687	163	5
2370	2370	11
1704	1699	2
1208	6651	7
2137	6585	28
3585	6651	7
341	6651	7
4231	6651	19
1412	6552	14
5414	6585	28
970	6651	19
605	604	2
910	910	18
2426	6565	12
2466	6626	21
4159	6625	14
6189	6181	2
591	6651	19
846	6651	19
4080	163	5
389	388	2
5228	6651	19
1395	1393	2
3654	163	5
4699	6651	7
4254	6651	19
1371	1366	2
3332	6651	19
5739	163	5
3080	6597	14
2715	6651	7
2349	6610	21
3341	3333	2
1798	6629	28
1011	163	5
3645	6651	19
5226	163	5
4635	6651	19
3126	163	5
2647	163	5
3134	6651	19
3651	3644	2
6648	6581	9
4282	6585	28
2855	6599	14
2662	6651	19
2237	163	5
596	595	2
3321	6585	28
3612	6651	19
2294	6552	14
1444	163	5
6125	6585	28
5558	6627	14
464	6555	14
3730	163	5
6641	6575	28
6346	6651	19
4778	6585	28
4817	6585	28
3079	6596	14
5538	6585	28
6262	6262	18
3051	3051	18
186	6651	19
560	559	2
4060	6651	7
5549	6651	7
5012	6651	19
1560	6585	28
2737	6651	19
943	163	5
196	102	4
629	6651	19
3635	3633	2
4950	6651	19
765	757	2
1693	163	5
1477	1474	2
3643	6585	28
3504	6651	7
5630	6585	28
1686	1681	2
525	6651	19
1122	6585	28
4021	6585	28
1713	163	5
6491	6487	2
5674	6585	28
4798	4779	2
3919	6651	19
168	6556	14
5223	6613	14
1810	6651	19
3659	163	5
5141	6618	14
2129	6651	7
1330	1330	18
5406	163	5
5274	6585	28
2182	2176	2
5950	163	5
6317	163	5
4274	6585	28
4297	4293	2
5477	6624	14
417	163	5
642	640	2
1474	6629	28
5907	5907	18
5060	6651	7
4366	6651	19
6462	6460	2
4576	6651	7
3354	6585	28
2349	2	4
1041	163	5
3245	163	5
3207	6594	14
2150	2149	2
211	6553	21
5636	6627	14
1516	6585	28
5382	163	5
6056	163	5
302	6585	28
2686	6585	28
4067	163	5
1212	1207	2
409	6651	19
2373	6543	28
5287	6625	14
3420	6585	28
982	6629	28
3337	3333	2
5863	6611	14
3241	6651	19
4149	6651	19
1030	6651	7
3976	3972	2
1259	6651	3
3007	6599	14
3295	6585	28
380	6552	14
3671	6585	28
6333	6325	2
3280	6651	7
4126	6618	14
4523	6585	28
5977	6651	7
1852	6629	28
827	6651	7
4722	6651	19
4728	6651	7
3418	163	5
5774	6651	7
1271	6651	3
5489	6651	7
6074	163	5
5898	6620	14
3653	6651	7
2977	6585	28
2494	6651	7
5516	6651	19
2370	2	4
1464	1456	2
4824	6585	28
846	6651	7
6090	6082	2
3014	163	5
5139	163	5
2582	6585	28
3471	6585	28
2715	163	5
5055	5048	2
2517	6585	28
2217	6585	28
5908	163	5
2283	2275	2
6107	6651	19
2123	6651	19
468	163	5
2336	6608	21
5090	163	5
5449	6585	28
6275	6585	28
1929	163	5
5176	6651	19
3270	3267	2
3637	6585	28
3822	6618	14
1700	6651	19
5090	5074	2
2784	6651	7
554	163	5
6275	6651	7
6388	6651	22
5167	5152	2
2218	163	5
6349	6585	28
408	6651	19
5761	163	5
4409	163	5
2459	6543	28
2777	6651	19
4298	6651	19
4495	4484	2
408	163	5
1424	6585	28
4959	6651	19
3603	6651	7
4835	6651	7
3881	163	5
296	163	5
1368	163	5
4197	4189	2
6310	163	5
3229	6585	28
4940	163	5
4432	6651	22
1516	163	5
3534	6651	7
6502	163	5
4886	163	5
3918	163	5
2981	163	5
2834	6651	19
3963	6651	7
5510	6585	28
3233	6585	28
1569	6651	19
976	6651	19
6257	6555	14
2995	6651	7
1771	6629	28
352	6651	22
2042	6552	14
5917	6651	7
2547	163	5
2971	6651	7
2885	6651	7
1264	6593	21
5518	6651	19
2035	6585	28
4112	6585	28
1079	6585	28
2051	163	5
4993	163	5
3523	6651	7
2634	163	5
209	6569	12
4846	163	5
4980	163	5
2159	163	5
3866	6651	19
1965	6651	19
1901	6651	19
5551	6620	14
5013	4996	2
4581	6651	19
6476	6651	19
1229	6585	28
2778	163	5
5968	6651	19
2799	163	5
2212	6629	28
6158	6585	28
943	6651	19
4172	6612	14
971	6651	19
2536	6651	19
4173	163	5
430	6651	19
4497	6616	14
4185	6585	28
3665	6600	14
6360	6352	2
3044	6651	19
1367	6585	28
2508	6585	28
2764	6651	7
6072	6559	14
1337	6558	14
2911	6651	19
295	6557	14
2349	2	4
2799	6585	28
443	442	2
255	6569	12
3383	6557	14
4880	4857	2
635	163	5
6080	6558	14
4080	6651	19
3380	3377	2
3000	6651	19
3297	6651	7
4974	6607	14
3736	6585	28
2191	2185	2
5943	163	5
2908	6558	14
1273	6569	12
659	6585	28
3596	6651	7
1158	6585	28
282	163	5
2852	6651	7
5893	163	5
3082	6585	28
4010	6615	14
543	163	5
6260	6253	2
3645	6591	14
6387	6585	28
3115	6651	7
4628	6651	19
306	6585	28
1144	6629	28
4877	4857	2
957	955	2
6566	6543	27
5173	5152	2
5792	163	5
5600	6651	19
4753	6629	28
1536	6651	7
4001	3998	2
258	6651	4
5526	6651	7
2021	6651	7
1522	163	5
4934	6651	19
3520	6651	7
6327	6651	7
2357	6651	3
3223	163	5
6088	6082	2
6594	6601	6
2580	163	5
5935	6651	7
5937	6651	19
2372	2372	11
5418	6626	14
4183	6651	19
3692	3677	2
4784	163	5
3501	6651	7
2068	2068	18
2644	2641	2
1274	1274	11
5876	6651	19
4477	6622	14
5581	163	5
2313	6565	12
3635	6585	28
4365	6651	7
2342	2342	11
2173	6651	19
1127	6585	28
3625	6651	7
1769	6651	19
2856	163	5
4306	4293	2
4953	6585	28
618	6651	19
3396	6585	28
2193	6651	7
6449	163	5
4049	6585	28
680	6651	7
5431	6613	14
2225	6651	19
696	694	2
6516	163	5
5102	6651	7
3875	6585	28
5800	5777	2
6092	6091	2
5113	163	5
3259	6651	7
5524	6585	28
2499	163	5
728	163	5
601	595	2
235	6651	4
4578	6651	7
4823	6651	19
1617	6651	7
4259	163	5
1011	6585	28
918	6651	7
5972	163	5
6371	6585	28
6200	6651	7
1886	6651	7
5240	6585	28
4249	4241	2
5780	163	5
2661	163	5
994	991	2
788	6585	28
1516	6557	14
4551	6651	19
4157	6651	19
639	631	2
1616	6558	14
4788	6651	7
779	163	5
3563	6585	28
2410	2	4
5237	5213	2
5288	163	5
6500	6555	14
6314	6558	14
3323	6651	19
5114	5100	2
4719	6621	14
6588	6585	9
635	6651	7
2783	2782	2
2927	6651	7
2105	163	5
5345	6651	19
4471	6585	28
5474	6651	7
3749	163	5
1119	6651	7
1014	6651	19
2996	6651	7
247	6651	19
3265	6585	28
2245	163	5
1484	163	5
2539	6651	19
3461	6585	28
5878	6651	19
1999	163	5
6052	6046	2
3519	3516	2
3907	6651	19
4379	6651	19
3590	163	5
3772	6585	28
3186	6585	28
458	451	2
4438	4432	2
4087	6651	7
3000	6592	14
1442	163	5
566	163	5
2843	6585	28
1669	163	5
6498	6585	28
6081	6585	28
1601	163	5
1251	6651	7
2329	0	4
1806	163	5
4033	6651	19
6214	6585	28
2391	3	4
2395	6616	21
548	6651	19
3412	6594	14
4327	6585	28
2568	163	5
494	487	2
6355	6554	14
4103	163	5
666	6651	19
6475	6557	14
6477	6651	7
2469	6565	12
5799	6651	19
4305	6615	14
2608	2608	18
4791	6651	19
2644	6651	19
2970	6651	19
4953	163	5
3458	6585	28
3148	6629	28
3560	6651	22
2577	6651	7
2687	6594	14
6187	6651	19
5393	5369	2
2924	6593	14
4219	6585	28
540	6559	14
3779	6651	19
3417	163	5
1630	163	5
5005	163	5
753	6556	14
638	163	5
1012	1009	2
5553	6622	14
4961	6620	14
2269	6651	19
3190	3181	2
2328	6651	3
339	334	2
2612	163	5
5192	5187	2
843	6585	28
2383	2	4
4726	6651	7
3673	6651	7
2584	163	5
2196	6651	7
5052	6607	14
5916	6612	14
6164	6651	7
4551	4536	2
3208	6585	28
2712	163	5
4845	6651	19
422	6651	19
3499	6651	19
1616	6651	7
2509	6651	7
2662	6585	28
820	6629	28
4482	6585	28
5400	6608	14
5331	163	5
3329	3322	2
553	550	2
5622	5612	2
3316	6651	19
1802	163	5
902	6651	19
1595	163	5
1443	6651	19
1744	6629	28
5340	6626	14
472	6651	19
5629	6651	7
3357	6651	7
5226	5213	2
260	260	11
6261	163	5
1626	6559	14
4794	163	5
6257	6651	19
275	6585	28
2642	6651	19
5305	163	5
1327	6651	19
205	102	4
4533	163	5
826	6585	28
357	6651	19
6134	163	5
5828	6585	28
390	6651	19
3299	3289	2
2982	6596	14
4160	6651	7
5671	6651	19
5833	6607	14
1914	6651	19
2136	6651	19
4910	6552	14
5277	163	5
5795	163	5
6187	6557	14
5562	6651	19
5236	163	5
2451	2451	11
3042	3040	2
401	397	2
4861	6607	14
4303	4293	2
596	163	5
5710	6651	7
584	163	5
2820	6651	19
6161	163	5
3583	6591	14
741	6585	28
1133	6651	19
6413	6406	2
4452	6585	28
3059	6651	19
4442	6651	7
4260	6622	14
5417	163	5
3490	6595	14
1823	6585	28
5103	5100	2
3251	6651	7
5012	163	5
1953	6651	7
192	192	11
2250	163	5
1307	6569	12
1405	6554	14
2480	6651	7
6428	6424	2
2748	2738	2
6534	6585	28
4087	163	5
4485	6651	19
5016	6651	7
2641	2641	18
1674	1672	2
1050	6651	19
766	6629	28
324	163	5
3811	6651	19
1398	6651	19
1698	6559	14
4286	6651	7
5551	6651	19
6622	6622	16
789	6651	7
4244	6585	28
5487	6585	28
5349	163	5
2730	6593	14
5099	6628	14
2356	2356	11
996	6651	19
2930	6585	28
5356	5343	2
4816	6651	7
1331	6552	14
3223	6651	7
806	802	2
2332	6607	21
2614	2608	2
3109	163	5
206	6651	3
6603	6546	28
5599	6651	7
1195	6585	28
2289	6651	7
4382	6605	14
4585	6626	14
1272	6651	3
3877	163	5
5978	6651	7
2676	6594	14
3401	6651	7
5564	6585	28
4648	6585	28
1114	6585	28
6552	6560	6
2885	6585	28
1931	6558	14
5049	6651	19
1761	6651	7
4912	6585	28
3064	6651	7
287	6558	14
4035	6651	7
4631	6620	14
1885	1879	2
830	6552	14
865	6629	28
6058	6554	14
3543	163	5
6457	163	5
3381	6651	7
5761	6613	14
2411	3	4
6011	6651	19
2650	6651	7
3724	6585	28
1239	6651	7
3862	3842	2
828	6651	19
2321	6605	21
5198	6651	7
927	6585	28
4690	6585	28
1359	1357	2
1065	6585	28
3100	6585	28
1170	6651	7
1805	1798	2
6242	6651	19
4152	6585	28
3888	6651	19
1313	1312	2
973	6651	22
1599	163	5
2493	6651	7
477	6651	19
902	6585	28
594	6651	19
5374	6651	7
3623	6585	28
1979	6651	19
5871	5855	2
3945	163	5
212	6651	3
2268	6585	28
5183	6585	28
6370	6370	18
3316	6651	7
5648	6585	28
3640	6585	28
3349	3344	2
2781	6651	7
968	163	5
2195	2194	2
6205	163	5
3475	6591	14
788	6651	7
4386	6651	19
3290	163	5
3210	6597	14
790	6557	14
5945	6585	28
4619	163	5
3653	6585	28
862	163	5
5286	6624	14
270	6559	14
1513	6651	19
2654	6651	19
6619	6619	16
3026	122	7
5097	6626	14
3107	6651	7
3321	6651	19
6291	6585	28
2849	2846	2
5906	6628	14
4850	6651	19
4246	163	5
4913	6651	19
4492	6651	7
717	163	5
4495	6614	14
5112	6651	7
3314	6593	14
4171	6651	19
5954	6624	14
3711	3703	2
3439	6651	7
3889	6585	28
4387	163	5
5474	5456	2
3699	6651	19
6487	6487	18
5561	163	5
1432	6651	19
3227	6592	14
6117	6585	28
4636	4614	2
6383	163	5
3331	3322	2
5484	163	5
1811	163	5
4723	163	5
4678	163	5
6357	6556	14
3864	3842	2
4607	6651	7
3400	6585	28
6417	6651	7
5516	6611	14
3836	163	5
2952	163	5
2993	6651	19
5467	5456	2
6223	6585	28
2925	6651	19
4276	4267	2
269	163	5
1211	6555	14
1150	6651	7
599	6651	7
1593	6651	19
3016	6651	19
5039	6585	28
6164	6585	28
438	6556	14
4633	163	5
4638	6651	7
2982	6651	7
3820	163	5
3498	6553	14
1714	28	7
3592	163	5
670	667	2
6329	6585	28
6395	6651	19
4307	6651	7
603	163	5
3960	6617	14
4958	163	5
3744	6618	14
3964	6621	14
3062	6651	22
5463	6585	28
6207	163	5
6164	6163	2
174	6553	14
2192	6585	28
4085	4076	2
4292	6585	28
2388	6565	12
2649	6651	19
4969	6585	28
989	6558	14
3021	6651	7
5262	6585	28
677	6585	28
5793	5777	2
3039	6651	7
1555	1555	18
6506	6585	28
1292	6569	12
5075	163	5
5671	6651	7
2492	6651	7
1276	6569	12
3702	6651	7
1890	6553	14
1283	6651	3
6127	6127	18
3077	6585	28
3264	6557	14
769	163	5
2442	6543	28
1723	1717	2
5610	6651	19
374	370	2
5469	6616	14
605	6552	14
1637	6585	28
5813	6651	19
3361	6596	14
3122	6651	7
431	6651	19
6119	6585	28
981	163	5
6380	6651	19
5604	6621	14
1957	1951	2
3789	6585	28
6499	6496	2
871	6585	28
815	811	2
6094	6651	7
5397	5395	2
3667	6591	14
5917	5907	2
1710	6651	7
5935	163	5
401	6555	14
951	163	5
3300	6629	28
5746	5725	2
5745	6651	19
250	6559	14
1397	6651	7
5517	6585	28
2535	6585	28
4942	4918	2
1844	1843	2
1850	6651	19
3667	6651	7
5689	6585	28
3217	163	5
2311	6654	10
5593	6585	28
3078	6651	7
4943	6651	19
540	532	2
1575	6651	7
6613	6651	1
3070	6598	14
1060	6557	14
4070	6651	19
1309	1309	11
1812	1807	2
5790	6651	7
5091	5074	2
2268	2266	2
3345	6651	19
6393	163	5
4668	6651	7
1042	163	5
4376	6556	14
4957	6651	19
4616	6651	7
3708	163	5
6299	6552	14
3216	6585	28
1988	1987	2
6391	163	5
4559	163	5
759	6651	7
3780	9	7
3148	6651	22
2443	6543	28
2075	6558	14
6216	6559	14
5104	163	5
1498	6651	19
2234	2230	2
250	6585	28
1845	6585	28
4670	6624	14
5982	5959	2
1574	6552	14
1958	6651	19
2343	2	4
4321	163	5
2859	6651	19
2564	6651	22
1908	6585	28
5460	6651	7
6504	163	5
5368	6651	7
4769	6619	14
5406	5395	2
3828	3807	2
4240	6628	14
3359	6594	14
5987	6553	14
5161	6585	28
420	6556	14
3480	6651	19
4861	4857	2
1065	6553	14
1509	6559	14
965	964	2
2507	6651	19
281	6552	14
354	6553	14
5172	6651	7
4802	6626	14
2946	6593	14
5273	6651	7
2871	163	5
2346	6543	28
1967	6585	28
2882	6593	14
3600	163	5
3840	6558	14
513	163	5
719	6651	7
3640	163	5
885	883	2
6602	6546	28
3329	6585	28
6096	6556	14
4347	4345	2
1454	1447	2
3145	163	5
4654	6651	19
742	6554	14
1154	6651	7
4382	6651	19
5512	6585	28
1664	163	5
4872	4857	2
3190	6651	7
2015	6585	28
5843	5829	2
1696	6651	7
2182	6557	14
4681	6585	28
2456	3	4
4218	6585	28
3376	6585	28
288	6585	28
1621	6554	14
2434	6651	7
3711	6611	14
2518	2515	2
4261	6651	19
1697	6651	7
3021	6552	14
4060	6585	28
2968	6651	19
2076	6585	28
1099	6629	28
3861	3842	2
195	6651	4
2142	6553	14
5389	163	5
6605	6651	1
5595	6651	19
6437	163	5
1355	6651	19
1474	6651	22
5093	6651	19
6175	6585	28
2180	6585	28
304	6651	19
2009	6651	19
1658	6651	7
5425	163	5
5273	6611	14
1487	6555	14
4440	4432	2
5491	5482	2
2862	6595	14
6476	6558	14
2513	6651	19
3654	3644	2
5565	5560	2
4992	6585	28
531	6651	19
974	6651	7
5123	163	5
6487	6651	22
1818	1816	2
4997	6585	28
2241	2239	2
3069	6651	7
1530	6651	7
3706	6651	7
2418	2418	11
4231	6619	14
1855	6651	7
634	6585	28
3079	6651	7
2963	6599	14
3489	3485	2
1135	1135	18
5902	6651	7
3711	163	5
3964	6651	19
5989	6651	19
573	6651	7
2714	6651	19
5249	6613	14
3846	6651	7
1974	6651	7
1447	6651	22
4555	6585	28
4590	4588	2
5281	6651	19
6163	6163	18
5804	163	5
4205	6651	19
5531	6626	14
2556	2553	2
6381	6585	28
2067	2059	2
2655	6593	14
583	6585	28
2880	6651	7
4855	6627	14
5930	6585	28
2918	6598	14
405	6651	7
6454	6651	19
6223	6217	2
1318	163	5
708	6651	19
2498	6651	7
5536	163	5
1198	1198	18
4960	6585	28
3187	6585	28
3226	3225	2
5187	6629	28
3486	163	5
6099	6585	28
2868	6629	28
6539	6558	14
2802	6651	22
4001	6651	19
166	163	5
5613	5612	2
4294	4293	2
345	343	2
5653	6618	14
2151	6651	19
492	6556	14
3464	6585	28
2850	163	5
3418	6585	28
308	6585	28
2996	6585	28
219	102	4
724	6585	28
4735	4727	2
5958	163	5
3747	163	5
415	6629	28
5107	6585	28
6044	6651	7
5204	163	5
432	6651	7
5822	5803	2
2613	6651	19
2392	6565	12
1060	6585	28
5144	5126	2
5537	163	5
3047	6651	19
3002	6651	7
2092	6651	19
2462	6647	10
4464	163	5
2834	6585	28
462	6585	28
6481	6478	2
5627	6585	28
2614	6596	14
3977	3972	2
590	6585	28
4590	6585	28
221	6543	28
1292	6543	28
1594	163	5
2748	6600	14
5411	6619	14
1097	163	5
1146	6651	19
3209	6596	14
2489	163	5
5655	6651	7
3697	6623	14
3389	6593	14
2083	6585	28
4231	6651	7
718	163	5
5498	6651	19
3966	6585	28
5942	163	5
3204	6651	7
4566	163	5
810	802	2
2592	6651	7
2190	6651	19
5390	6651	19
4473	4458	2
2219	6651	19
4391	6585	28
3552	6593	14
3172	6651	7
4440	6651	19
3934	6651	7
1876	6557	14
167	6555	14
3279	6651	19
1250	6585	28
5984	117	7
5645	6610	14
5163	6651	19
2770	6585	28
6142	163	5
5696	6651	19
1827	1825	2
2113	6629	28
1976	1969	2
3024	6651	7
2383	2	4
5991	163	5
4826	4805	2
623	622	2
543	6651	7
3579	163	5
6257	163	5
426	424	2
4708	4701	2
6232	6651	7
5746	6651	7
1376	163	5
3050	163	5
6544	6547	28
2514	6585	28
357	352	2
3957	6651	19
2329	0	4
2633	6593	14
5318	163	5
4813	6585	28
5087	163	5
5880	5855	2
1467	1465	2
2139	6559	14
3717	6585	28
5854	5829	2
4342	163	5
4084	6611	14
1317	1312	2
6397	6651	22
5241	6605	14
5545	6651	7
4506	6651	7
4659	6651	7
2767	6585	28
6378	6651	19
5829	5829	18
6450	6651	7
2583	163	5
1885	6585	28
1319	6585	28
3635	163	5
2352	6651	3
1383	1375	2
205	6553	21
6252	6651	19
5210	6626	14
5487	6608	14
3824	6651	7
680	6555	14
485	478	2
5788	6651	19
4522	6585	28
1971	6651	19
2207	163	5
4325	6609	14
4422	6651	7
3476	163	5
2920	6585	28
6051	6651	7
438	163	5
6247	6585	28
2892	2890	2
2536	6585	28
762	6585	28
3614	6585	28
5141	6585	28
4990	6623	14
5861	6609	14
4691	163	5
3958	6651	7
5816	163	5
4666	6651	7
4706	6585	28
4001	163	5
2645	6585	28
1179	1171	2
5899	6651	7
4152	4137	2
2079	6651	7
3484	6585	28
4412	6585	28
5236	6585	28
2552	163	5
1305	6651	3
1557	6585	28
5796	6651	7
4413	6651	7
2449	6645	10
3760	6651	7
191	6552	21
3685	6611	14
4336	6651	19
1182	6651	7
4720	4701	2
767	163	5
5750	6651	7
4846	6651	7
1110	6585	28
4086	6613	14
5975	6651	19
5264	5239	2
1756	6651	7
6352	6352	18
4570	6651	7
3939	6651	19
2229	2221	2
5395	6651	22
1304	6599	21
2499	6651	7
461	6651	19
3064	163	5
2080	6585	28
4198	6585	28
620	163	5
3822	6651	19
5771	6585	28
3989	6620	14
2310	6585	28
6573	6547	28
5916	6585	28
2166	6651	19
4334	6651	7
4579	6620	14
6292	163	5
440	6651	7
5347	6585	28
3318	3311	2
3741	6585	28
6265	6651	7
6072	163	5
4064	6617	14
1701	6651	7
3196	3192	2
5385	6651	19
5120	6585	28
2450	6623	21
3680	6585	28
705	703	2
5267	6605	14
219	6554	21
1561	6585	28
474	163	5
1111	6554	14
1702	6554	14
2233	6585	28
3736	6651	19
1297	6647	10
2533	6651	22
217	6554	21
1620	1618	2
1340	6651	7
345	6651	19
808	6585	28
6192	6553	14
1448	1447	2
5742	6585	28
746	163	5
1630	6554	14
5040	6651	19
763	6557	14
3821	163	5
2094	6651	7
3008	163	5
3962	3946	2
4473	163	5
963	6585	28
2647	2641	2
926	6585	28
2337	2	4
1125	163	5
4967	6651	7
1403	6651	19
1421	6651	7
3108	163	5
2675	6651	19
2443	6622	21
1052	6651	7
2502	6585	28
5361	6585	28
4755	6651	19
804	6651	7
1904	163	5
2505	6651	19
5294	163	5
4221	6651	7
1354	1348	2
5776	6651	19
2185	6629	28
5403	5395	2
291	163	5
571	568	2
5694	5690	2
4341	6625	14
3130	6651	19
4035	6585	28
5108	6651	7
1502	1501	2
4485	6651	7
2463	6565	12
4369	6627	14
4041	6585	28
330	6651	19
4928	6651	19
1869	6585	28
1769	6558	14
3784	6606	14
4880	6651	7
3722	163	5
321	6651	7
3937	163	5
4904	6651	7
1615	163	5
1952	6651	7
1122	6651	19
753	163	5
6276	6585	28
2048	163	5
5449	6651	7
3129	6591	14
3833	6629	28
4666	163	5
4859	6651	7
3020	6651	22
5836	6585	28
1066	6585	28
1344	6651	7
2768	6585	28
767	766	2
4525	6651	19
2731	163	5
4004	6585	28
4590	6651	7
3263	163	5
2842	6651	7
3445	163	5
4111	6651	22
1561	163	5
2707	163	5
911	6651	19
6210	6208	2
6111	6553	14
3455	6593	14
259	6559	21
824	6585	28
3382	6585	28
1121	163	5
2751	2749	2
5032	6651	19
991	6629	28
5939	6651	7
862	6585	28
2108	6651	7
3585	6593	14
3239	6651	19
4843	6651	19
1290	1290	11
3852	6585	28
6125	6651	19
4053	6651	19
5774	6626	14
4785	6585	28
3461	6651	7
4213	163	5
1601	1600	2
4165	6651	19
1900	1897	2
2908	6651	7
441	433	2
444	6651	7
4216	163	5
5396	6585	28
5794	163	5
2426	6543	28
2071	6554	14
1316	6651	19
5819	6651	7
1225	6629	28
3844	6585	28
4613	6585	28
3749	6623	14
4387	6610	14
2792	163	5
2614	163	5
5631	5612	2
3063	6651	7
5812	6651	7
1734	1726	2
4283	4267	2
2703	6651	7
1528	6651	22
1389	1384	2
594	6585	28
2780	6651	7
5628	6651	7
6301	6554	14
5299	6651	19
5768	163	5
1021	6651	7
6086	163	5
2813	6651	22
432	6651	19
1383	6559	14
5312	6585	28
6364	6585	28
1146	6553	14
1416	6651	19
2129	163	5
4341	4319	2
4604	6651	19
5416	6651	7
661	6651	19
1385	6585	28
657	649	2
5976	6585	28
5883	163	5
1370	6651	19
6165	6651	7
6369	6559	14
3269	6592	14
5418	6585	28
906	163	5
5883	6651	7
286	6585	28
3307	6651	7
6270	6559	14
6443	6651	7
1228	163	5
2310	6559	14
5930	6651	7
3416	163	5
897	6556	14
5437	5421	2
4394	163	5
832	163	5
3700	6585	28
1145	163	5
5249	6651	19
6086	6585	28
4979	6585	28
1649	1645	2
2410	6651	3
1856	6555	14
5494	163	5
2218	6651	19
3524	163	5
5016	6585	28
5974	163	5
3175	6595	14
929	163	5
553	6651	7
3472	3463	2
3243	6597	14
2138	163	5
2558	6651	7
1006	6557	14
1593	6585	28
5981	5959	2
1400	6651	7
928	6629	28
610	6557	14
3898	3894	2
2221	6651	22
4358	6616	14
1657	6554	14
2832	163	5
5910	6651	19
5710	6585	28
6027	6585	28
4840	4831	2
1385	1384	2
1721	6651	19
1781	163	5
4569	6651	19
1923	6559	14
6577	5	8
396	6585	28
2794	6651	19
3719	6585	28
2613	6595	14
977	163	5
5468	5456	2
174	163	5
2750	6591	14
6580	6575	28
3876	163	5
5743	6585	28
4099	6651	7
3126	3117	2
5830	6604	14
315	6559	14
805	6651	19
6134	6651	19
3295	6596	14
503	74	7
825	6556	14
6181	6651	22
6045	6628	14
2453	6624	21
4092	6619	14
3285	3278	2
5711	5690	2
4593	163	5
2079	6651	19
3049	6585	28
4165	6585	28
4887	6651	19
4719	6651	19
884	6552	14
1774	6585	28
3566	163	5
2633	6651	7
2103	6651	7
1121	6555	14
3961	6651	7
3925	6651	7
341	334	2
4469	4458	2
5963	163	5
3681	6585	28
2797	2791	2
3731	3729	2
501	6556	14
1431	6651	7
4682	6610	14
1705	163	5
793	6629	28
2497	6651	22
3030	6651	7
1171	1171	18
6440	6651	7
2548	6585	28
5499	6585	28
2459	2459	11
589	586	2
5476	6651	7
6412	34	7
407	406	2
5557	6585	28
544	6554	14
4977	6651	7
6107	6100	2
4117	163	5
1106	6651	7
884	6651	7
1005	6556	14
3997	6651	19
3459	6651	7
1064	6585	28
965	6651	19
1583	1582	2
2511	6651	19
2306	6585	28
500	6555	14
6607	6576	15
4240	6585	28
6111	163	5
272	6651	19
3403	6651	19
6500	6651	19
4916	163	5
4113	6651	7
1030	6651	19
5446	6585	28
2395	0	4
498	6651	7
4760	6585	28
3798	6620	14
1438	1438	18
5159	6610	14
2044	6585	28
5616	5612	2
3928	6585	28
629	622	2
1731	6585	28
2316	6543	28
3751	6625	14
1006	1000	2
3962	6619	14
4073	6651	19
5129	5126	2
1961	6585	28
4687	6651	7
2130	6585	28
246	6585	28
2947	6651	7
6640	6575	28
6309	6553	14
602	6651	7
886	163	5
6471	6469	2
5292	6651	19
866	6651	19
2390	2	4
4320	6604	14
6053	6651	19
2134	6585	28
4995	163	5
5320	6651	7
2710	6585	28
510	6651	19
202	6651	4
898	6651	7
1836	6553	14
6016	6651	19
5962	6606	14
5851	5829	2
6013	6622	14
5325	5317	2
857	6651	19
3440	6585	28
383	379	2
5496	6651	7
3078	6651	19
427	6585	28
5002	6651	19
3634	6591	14
4550	6651	19
3825	3807	2
359	6651	7
6243	6559	14
669	6553	14
1907	6651	7
4014	163	5
4687	163	5
5216	5213	2
2936	6585	28
3697	6651	7
6280	6651	22
1710	6553	14
5139	6616	14
3934	6585	28
6035	6585	28
5686	6651	19
492	6651	19
4584	163	5
6618	6584	15
3259	163	5
4141	6651	7
4030	6651	7
1589	6651	7
756	6585	28
2316	6604	21
6450	6585	28
776	163	5
6081	6559	14
3211	6598	14
2246	6585	28
4468	163	5
3968	6651	19
6365	6651	7
2547	6651	19
3299	163	5
6571	6651	25
5746	6651	19
3602	6651	19
1455	6651	19
2753	6585	28
3422	3419	2
269	6651	7
5550	6651	19
6265	163	5
1314	6553	14
5143	5126	2
5464	6585	28
4646	6585	28
502	163	5
6391	6554	14
1300	6654	10
1101	6585	28
454	6651	7
6120	6651	19
2409	6543	28
6036	6619	14
645	640	2
1747	6585	28
3022	3020	2
303	163	5
1786	6651	19
2736	6599	14
6304	6298	2
1776	6651	7
4478	6651	19
5903	163	5
1239	6585	28
1274	6569	12
2479	6629	28
5759	5751	2
4724	6626	14
3517	6651	19
1827	6585	28
3024	6585	28
3011	6592	14
6411	6406	2
5887	6651	19
1345	1339	2
1566	6651	7
5516	5508	2
6130	6127	2
3734	6585	28
5095	6651	19
3757	6605	14
4900	6651	7
3234	6585	28
4167	6651	19
1741	6585	28
4250	4241	2
5068	6651	7
2761	6585	28
4200	4189	2
4667	6651	7
2282	2275	2
2019	6651	19
1915	6629	28
2586	6651	22
813	6553	14
2975	6600	14
1466	6651	19
1768	1762	2
3598	6595	14
1035	1027	2
1337	163	5
4374	163	5
2345	6655	10
1134	163	5
6484	40	7
4890	6651	19
4582	6651	7
916	910	2
1550	163	5
305	163	5
4617	6651	19
3104	3095	2
4814	6612	14
2453	0	4
5216	6606	14
5659	5638	2
861	6651	19
1358	163	5
4210	4189	2
5718	5716	2
6604	6651	1
1948	6651	7
2088	6651	19
5462	163	5
2800	163	5
5784	163	5
6640	6577	25
4431	6651	7
3338	163	5
1416	1411	2
2810	2802	2
6537	163	5
836	163	5
1230	1225	2
3802	6651	19
1770	6585	28
4458	6651	22
1872	6553	14
6403	6651	7
1329	6585	28
6172	6651	22
1149	1144	2
6626	6651	1
6084	6651	19
546	163	5
5370	163	5
2558	163	5
3262	163	5
400	397	2
1547	6552	14
3372	163	5
5796	6651	19
1414	6651	7
3155	6651	7
1896	6651	7
6596	111	1
1947	6585	28
1512	6651	19
4499	163	5
1377	1375	2
1128	1126	2
6219	6651	7
2670	6585	28
2860	2857	2
5134	5126	2
1652	6558	14
1019	6651	19
6013	5994	2
4417	6585	28
4319	6629	28
6513	6651	19
680	6585	28
2577	163	5
6205	6585	28
2670	6651	19
5754	163	5
5677	163	5
6139	6651	19
2016	2014	2
5475	5456	2
6215	6651	19
4441	4432	2
4853	6625	14
3477	6651	19
3692	6651	19
4836	6651	19
2367	163	5
2510	6555	14
2036	6555	14
5525	5508	2
3509	163	5
773	6651	19
4265	163	5
784	6629	28
2441	2441	11
3246	6651	7
5231	6651	7
3923	6651	7
2177	163	5
3723	163	5
5370	6651	7
4831	4831	18
4321	6605	14
5617	6585	28
3243	3236	2
1150	6651	19
655	6651	7
3739	6651	19
249	147	7
4852	163	5
3214	6629	28
3802	3781	2
353	163	5
2114	6651	19
4565	6651	19
4313	4293	2
1442	6555	14
2409	6565	12
5338	6651	19
2312	1	4
3526	3516	2
1356	6585	28
5524	6651	7
5878	6585	28
5087	5074	2
798	6556	14
4324	6651	19
2202	6559	14
1371	163	5
777	6651	7
3308	6598	14
6584	99	8
3787	6609	14
5717	6651	7
3890	6625	14
6110	6585	28
1377	6585	28
2732	6585	28
4716	6618	14
907	901	2
5939	5933	2
6040	6651	19
3206	6651	7
5222	6585	28
457	451	2
3741	6615	14
6339	6556	14
1936	6651	19
848	6552	14
5454	6651	19
3724	6651	7
537	532	2
196	6543	28
6533	6532	2
6230	6555	14
2940	6585	28
4029	6651	19
5724	6651	7
1424	6555	14
4806	6651	7
1642	6651	19
4841	6651	19
3015	6651	19
2110	2104	2
2599	6651	19
305	6558	14
2806	6651	19
6311	6307	2
1799	6552	14
4703	6605	14
5060	6585	28
592	6585	28
181	181	18
3578	6597	14
3083	3073	2
4094	6585	28
4092	4076	2
5873	163	5
3579	3571	2
2461	6543	28
1454	6651	19
6636	6575	28
573	6651	19
6330	6651	7
1894	6585	28
755	163	5
3083	6585	28
6104	6651	7
6509	163	5
2372	4	4
689	6585	28
4677	163	5
1907	6651	19
2057	6651	7
6324	163	5
369	163	5
6043	6626	14
2881	2879	2
1073	6651	7
5937	6585	28
204	6543	28
1567	6585	28
878	6585	28
6439	6585	28
4337	6651	19
6614	6576	15
2141	6585	28
5262	6626	14
1280	6651	3
3326	163	5
4394	4380	2
3230	3225	2
274	6585	28
2841	6651	7
2758	6651	7
3338	6651	19
3876	6651	7
3035	6596	14
6479	6651	7
3413	6651	19
3897	163	5
1060	1054	2
4194	6651	7
5571	6585	28
3497	6651	7
6510	6651	19
5555	6585	28
1152	6559	14
946	6629	28
2115	6553	14
2289	163	5
6266	6262	2
6508	6651	19
1414	6585	28
2226	6651	19
2026	6651	19
2725	6585	28
4829	4805	2
5719	6554	14
4661	6585	28
3242	6651	19
5624	6651	7
3714	6651	19
1316	6585	28
1835	6552	14
1336	6651	19
1085	6651	19
3171	6651	19
2353	6543	28
4740	6616	14
466	163	5
3346	3344	2
828	820	2
6461	6552	14
4413	163	5
892	6629	28
6279	6651	19
5168	6585	28
3088	6585	28
2072	6651	19
6212	6651	7
6168	6651	7
1206	6651	7
6263	6651	7
3453	3452	2
1466	6651	7
5088	6585	28
1095	1090	2
4261	6623	14
1278	6543	28
3001	6585	28
4251	6613	14
3697	3677	2
5173	6651	19
6532	6651	22
6144	6651	19
4542	6651	19
243	242	2
3870	3868	2
1252	140	4
6484	6585	28
5511	6651	7
560	6651	19
4320	6651	7
752	748	2
1373	1366	2
1199	6585	28
256	6651	3
5872	163	5
4184	6624	14
4046	163	5
974	6552	14
4767	6651	7
6511	163	5
5278	163	5
2839	6651	19
3453	6651	19
2452	6543	28
2164	163	5
2119	25	7
2818	2813	2
3182	3181	2
2614	6651	7
1013	6585	28
2850	2846	2
6080	6073	2
4040	6585	28
1609	6651	22
789	163	5
200	200	11
3908	3894	2
6273	6585	28
1644	6651	19
6232	6226	2
3760	6608	14
1537	1537	18
629	6558	14
2591	6585	28
2625	6585	28
6265	6585	28
5733	6611	14
5726	6651	7
2456	2456	11
5899	6585	28
2788	6585	28
633	6585	28
276	6556	14
2658	2652	2
2166	6585	28
5722	6651	19
6369	163	5
1243	6629	28
1674	6651	19
5354	6651	19
4715	4701	2
1403	6552	14
1968	6585	28
5872	6651	7
576	163	5
1660	6557	14
2581	6585	28
4335	6651	7
5331	6585	28
5543	163	5
5270	6651	7
4644	6585	28
5476	6651	19
2341	2341	11
5763	5751	2
5069	6624	14
2127	163	5
3922	163	5
4860	4857	2
5088	5074	2
4252	6651	19
4348	6606	14
3465	6651	7
5280	6651	7
2543	6600	14
6445	163	5
6502	6651	7
4935	6651	7
4535	6585	28
2832	6598	14
4908	6651	19
651	649	2
5567	6651	7
1957	6585	28
3064	6592	14
560	6651	7
5873	6651	19
952	6585	28
5644	6609	14
5242	6651	7
567	6651	7
6538	35	7
5671	6610	14
5069	6585	28
721	6629	28
3149	6585	28
1706	6558	14
4205	4189	2
6132	6651	19
1070	163	5
4752	6585	28
3743	6651	7
5506	5482	2
212	212	11
4794	6651	7
1391	6651	7
5015	4996	2
959	163	5
996	6651	7
2815	6651	7
4077	6651	7
2450	6647	10
2904	2901	2
1278	6651	3
2552	6651	19
255	6559	21
1853	6552	14
4632	6651	19
2993	6651	7
2079	6553	14
5339	6651	19
572	568	2
2382	2382	11
5549	163	5
3216	6651	7
1182	6553	14
825	820	2
2264	2257	2
1143	6651	19
3232	6651	19
1177	6557	14
4839	4831	2
2202	6651	7
4113	6585	28
4891	6585	28
727	6557	14
274	6651	7
3910	3894	2
4406	4406	18
5215	5213	2
1350	1348	2
1906	1906	18
4610	163	5
5771	163	5
1067	6651	19
5098	6585	28
4874	6585	28
1417	1411	2
3985	6651	7
668	6651	19
6506	6651	19
3544	3538	2
5081	6610	14
3936	6651	7
2744	163	5
5637	6651	7
1741	1735	2
1940	6651	19
5606	6651	19
3049	6651	19
4766	6616	14
4390	163	5
5966	6651	7
4109	6651	19
4647	6558	14
5685	6651	7
2569	6595	14
1732	6585	28
4504	6651	7
2795	2791	2
1664	6651	7
5394	6651	7
5248	6585	28
5992	163	5
3437	3430	2
3854	6615	14
3277	6600	14
2335	6543	28
5175	6651	7
3266	3258	2
4391	6651	7
1231	6651	19
4802	6651	19
6249	6244	2
4965	4944	2
2612	6585	28
1087	163	5
1711	6651	19
4078	6585	28
5753	6605	14
2204	6651	7
3737	163	5
1466	1465	2
5493	6614	14
1506	1501	2
4670	6651	19
6371	6651	19
2626	6585	28
3248	6651	19
1904	6651	7
5260	6585	28
5477	163	5
671	6651	19
4130	6622	14
263	6585	28
523	6651	22
5620	5612	2
5321	163	5
2003	163	5
1012	6651	7
5293	5291	2
4167	6585	28
3374	6598	14
3181	6651	22
2391	6647	10
5000	163	5
1841	1834	2
1317	163	5
3095	3095	18
4604	6651	7
3006	6651	7
5836	163	5
2725	163	5
6366	163	5
517	163	5
2172	6585	28
1545	6585	28
410	406	2
1314	1312	2
1440	6651	7
5656	6585	28
2175	6559	14
2298	163	5
2493	2488	2
4595	163	5
900	6651	7
657	6559	14
1087	6651	19
1148	6585	28
5021	163	5
1005	1000	2
2120	6651	19
5522	6651	7
1097	1090	2
2604	2597	2
2211	163	5
439	163	5
1201	6554	14
5931	6627	14
1741	6557	14
1666	1663	2
2108	2104	2
1781	1780	2
6592	6577	28
4003	6651	19
331	6585	28
3424	6651	7
3612	163	5
4392	4380	2
2702	163	5
2867	6651	19
781	163	5
2312	6651	3
2948	163	5
5977	163	5
5065	5048	2
3330	6651	7
2264	6585	28
1736	6585	28
3167	3159	2
5658	6585	28
3130	3128	2
2424	6655	10
3768	6651	19
2863	6596	14
503	6558	14
1822	6585	28
4782	6651	7
2364	2359	2
4634	6623	14
4445	6585	28
2650	163	5
6367	6651	7
4336	6651	7
478	478	18
690	6651	19
4065	6651	19
4515	6651	7
5191	163	5
6627	6627	16
4022	3998	2
2815	6585	28
5669	5664	2
5179	6585	28
5324	6585	28
2828	6651	19
4059	4050	2
2295	6651	7
3297	6598	14
311	6555	14
6223	6557	14
4192	6606	14
6497	6585	28
6556	6576	15
3314	163	5
3523	3516	2
1634	125	7
2134	6651	7
3819	3807	2
5038	6651	19
2090	2086	2
688	6554	14
1869	6651	7
2363	6585	28
1525	1519	2
2130	6559	14
6525	6585	28
575	6651	7
1953	163	5
2373	6549	10
4554	6621	14
2105	6651	19
3246	3236	2
4309	4293	2
897	6651	7
2668	2663	2
3375	6651	19
3491	6596	14
4434	6651	19
393	163	5
1712	6585	28
326	6552	14
3518	6585	28
5482	5482	18
637	163	5
2372	6612	21
4838	4831	2
3835	6651	7
4475	4458	2
1241	6651	7
3974	6605	14
4374	6554	14
2853	6651	7
4332	6585	28
5233	6651	19
3092	6585	28
2845	6651	19
1661	6585	28
3782	6651	7
726	6585	28
5558	163	5
2159	6552	14
4056	6609	14
960	6556	14
5674	6651	7
3969	163	5
4674	6585	28
2752	6651	19
1985	1978	2
4508	6585	28
6083	163	5
1015	163	5
1369	163	5
1033	6651	7
222	151	4
1192	163	5
2945	6651	7
5940	6651	19
3587	3582	2
2318	6543	28
4251	6585	28
4019	3998	2
4425	6651	19
1727	6651	7
4318	6651	7
4428	6651	7
380	6651	19
3281	163	5
3117	6629	28
4509	163	5
1096	6585	28
2156	6585	28
3420	3419	2
4936	6651	19
319	6651	19
5541	6610	14
2907	19	7
3609	6595	14
6613	6653	6
3125	6585	28
3116	6585	28
4488	4484	2
5199	5187	2
3167	6651	7
5020	6651	7
5032	163	5
2070	2068	2
6176	163	5
3396	3386	2
1421	163	5
2639	6599	14
1737	6553	14
3718	6585	28
3798	6585	28
6289	6651	22
5534	6651	22
1092	6553	14
3242	6596	14
1290	6645	10
3110	3106	2
2300	46	7
2549	6556	14
5259	6585	28
833	6651	7
6054	163	5
1194	6585	28
4418	4406	2
4296	163	5
1788	1780	2
6559	6548	15
4264	6585	28
3468	6651	19
2559	2553	2
1540	6651	19
3758	6651	7
1227	6651	19
3562	6651	19
2183	6651	7
3323	6591	14
5574	163	5
6239	6585	28
4587	6651	19
4213	6585	28
5942	6612	14
6455	6555	14
3331	6651	7
4193	163	5
2526	163	5
5817	6651	7
5440	6585	28
4071	4050	2
2314	3	4
393	6651	19
3473	6651	19
3066	3062	2
6354	6352	2
1463	6651	19
4689	6585	28
5753	6651	19
2826	6585	28
202	6553	21
4226	4215	2
4813	6651	19
3219	6585	28
5810	6585	28
6316	6316	18
6126	6585	28
5374	6651	19
3966	3946	2
4196	163	5
2853	6597	14
2099	2095	2
986	6651	19
1808	6651	19
686	6585	28
5585	6628	14
2836	2835	2
2703	6585	28
4157	6623	14
2195	6651	7
3950	6607	14
3810	6651	7
2890	2890	18
5094	6623	14
2572	6651	19
1068	6651	19
2210	6558	14
3174	6651	19
2121	163	5
1323	6651	7
417	415	2
3223	3214	2
4452	163	5
2807	163	5
3160	163	5
6236	6585	28
4692	6651	7
1409	1402	2
6136	6136	18
6162	6651	19
4383	4380	2
5568	6651	19
3040	6651	22
3893	6628	14
6222	6217	2
5415	6623	14
4184	6585	28
2058	6585	28
254	6651	3
3872	6607	14
3731	6605	14
3819	6651	19
1488	1483	2
492	6585	28
4913	163	5
573	6585	28
5536	6585	28
300	6553	14
3337	163	5
2609	6585	28
3249	6585	28
2389	2389	11
169	6651	7
5521	6651	19
6097	6651	19
3238	6585	28
5256	6651	19
1954	6554	14
4267	6651	22
1821	1816	2
6254	6651	19
6335	6585	28
182	181	2
4901	163	5
2532	6651	19
1617	6559	14
2693	6585	28
6013	163	5
1037	6651	7
2135	163	5
4395	6651	7
611	163	5
4257	6585	28
5940	6585	28
3590	6651	7
3951	6585	28
6239	6235	2
855	6651	19
1115	6585	28
3772	3755	2
4136	163	5
3146	163	5
237	6556	21
1928	6651	19
382	163	5
5721	6651	19
4438	6609	14
4430	163	5
1604	6651	19
1160	6585	28
3628	6585	28
6528	6556	14
5556	163	5
2639	6585	28
1607	1600	2
2064	163	5
1197	6651	19
2429	2429	11
4149	4137	2
3253	163	5
2811	2802	2
5938	6585	28
4696	6651	19
4508	6627	14
2530	2524	2
766	6651	22
4864	6651	19
4987	6651	7
5872	6620	14
4160	6585	28
5986	163	5
6356	6651	7
5354	163	5
716	6585	28
2159	2158	2
6267	163	5
1893	6556	14
1174	6651	19
5287	6651	7
644	6651	7
2096	2095	2
6283	163	5
6504	6651	19
2243	6555	14
6221	6585	28
6099	163	5
675	163	5
1161	6651	19
1965	6585	28
5357	6651	7
2155	163	5
3029	6651	22
1671	1663	2
4143	6651	7
3804	6651	19
536	6555	14
1795	6557	14
5179	163	5
783	6559	14
3250	6651	19
3533	6651	7
5017	6651	19
4877	6623	14
4025	6651	7
652	6585	28
4116	6585	28
3076	6651	19
3827	6651	7
2494	163	5
2882	6585	28
393	388	2
914	6651	7
3970	6651	19
1706	6585	28
966	163	5
2611	6651	19
5579	6622	14
6233	6585	28
4498	6651	19
1494	6585	28
2224	2221	2
1109	1108	2
565	559	2
1720	6651	19
5500	6585	28
1234	1234	18
4711	6613	14
2915	2910	2
516	6651	7
2666	6651	19
2168	163	5
3949	163	5
5163	5152	2
4616	4614	2
477	6651	7
6590	14	8
5023	6604	14
6273	6271	2
4261	4241	2
3816	6651	19
5767	6651	19
1867	6651	19
925	919	2
5435	6585	28
1042	6651	7
2830	6651	7
5132	6585	28
6001	163	5
3035	6585	28
4915	144	7
1527	6559	14
2435	6585	28
4061	6614	14
4768	6651	7
915	6651	19
1103	6555	14
5321	6585	28
578	577	2
1407	6651	19
1150	6557	14
1881	1879	2
367	163	5
2079	2077	2
1799	163	5
4652	163	5
6441	6585	28
6025	163	5
197	6552	21
3602	163	5
2421	6651	4
3991	6651	19
2134	6651	19
5010	6585	28
3376	6600	14
1672	1672	18
6548	6546	28
2574	163	5
6331	6585	28
2912	6651	19
6026	6609	14
166	6651	7
5368	5343	2
6050	6651	19
5057	163	5
4599	6585	28
570	6553	14
5147	6624	14
282	6651	19
1418	6651	19
3550	6591	14
2759	163	5
3181	6629	28
3597	3593	2
3320	6585	28
944	937	2
4917	163	5
5643	6608	14
3834	6552	14
2026	6554	14
4760	6610	14
5234	6624	14
4259	6585	28
4409	6606	14
5618	6609	14
5440	163	5
3988	6585	28
1806	6651	7
1976	6651	7
4915	4909	2
2640	6600	14
3119	6585	28
5010	163	5
6553	6548	15
6330	6585	28
4020	6651	7
5977	6651	19
5581	6624	14
4097	6651	7
6559	6577	28
3430	6629	28
3639	163	5
5254	6651	7
467	6585	28
4512	6585	28
1205	6585	28
592	17	7
4604	163	5
2090	6585	28
199	6543	28
3097	6651	19
3475	6651	19
1370	163	5
5570	6651	7
2232	6553	14
2907	6585	28
3311	6629	28
6281	6651	19
4979	6651	19
1888	6629	28
1209	6585	28
5783	6609	14
4986	6585	28
4136	31	7
1495	6651	7
621	163	5
6553	6577	28
3289	6629	28
1791	6651	19
2651	6651	7
6203	6585	28
5179	6651	19
2073	2068	2
5356	6616	14
5124	163	5
3568	6585	28
6156	6154	2
1470	163	5
2288	6651	7
2170	6585	28
1329	6651	7
4282	163	5
1801	6651	19
2976	6651	22
3995	6651	7
3153	163	5
4825	4805	2
900	6651	19
1312	6651	22
4957	4944	2
4953	4944	2
5705	6585	28
1484	6651	19
5508	6629	28
1372	1366	2
6246	6244	2
593	6558	14
4896	163	5
4477	6651	19
2749	6629	28
4679	6607	14
6044	163	5
3374	6585	28
2213	2212	2
751	6554	14
3878	6613	14
6460	6629	28
4803	6651	19
6015	6651	19
231	6651	3
2505	6559	14
780	163	5
1215	6559	14
778	6585	28
2971	6585	28
3387	6591	14
1462	163	5
3520	3516	2
2745	6651	7
2890	6651	22
5247	6611	14
2157	6559	14
4005	6651	7
5862	6651	19
2827	163	5
5058	6651	19
6633	6651	25
4266	6651	7
6348	6585	28
2548	2544	2
4519	6585	28
5597	6614	14
4092	6585	28
2515	6629	28
2673	2672	2
4815	4805	2
5386	5369	2
6485	105	7
2825	2824	2
1936	1933	2
1541	6651	19
4865	6611	14
3052	6651	7
3201	6651	19
2570	6651	7
4220	163	5
258	102	4
1836	163	5
4537	6651	7
5827	6651	7
1315	6554	14
301	163	5
1414	6651	19
2319	2	4
5404	163	5
6377	25	7
1377	163	5
1673	6651	7
2464	6625	21
3039	6585	28
5406	6651	19
1278	6645	10
3045	6585	28
3121	6651	19
6572	6570	9
924	6651	7
1785	6556	14
3257	163	5
932	6555	14
3675	6651	19
2359	6629	28
5656	6651	19
5143	163	5
1992	163	5
3303	6585	28
1650	6651	19
526	6651	19
3615	3615	18
6106	6651	7
3787	163	5
4090	6651	7
5477	6651	19
4239	6585	28
5385	6585	28
1693	1690	2
4739	6651	19
4880	6626	14
3330	6585	28
890	163	5
4935	6620	14
963	163	5
3534	163	5
3813	3807	2
1167	1162	2
2405	3	4
5089	163	5
1120	6554	14
3291	6592	14
2082	6651	7
1524	1519	2
2549	6651	19
6169	6163	2
6401	163	5
5395	6629	28
2684	6591	14
1150	6585	28
1920	6651	19
1233	6651	19
2579	2575	2
419	6651	7
1557	6651	19
6019	6585	28
2271	6651	19
1043	1036	2
2242	2239	2
5099	5074	2
2324	6606	21
1493	6552	14
4878	163	5
6593	6601	6
3955	6651	19
6030	163	5
2877	6651	19
2052	6585	28
5432	6651	7
764	757	2
4732	6651	7
6337	6554	14
3997	6628	14
2960	6651	19
2634	6585	28
2096	163	5
2403	6651	3
2286	163	5
6083	6585	28
6469	6469	18
3270	6651	7
1274	153	4
2848	2846	2
5377	6611	14
5960	5959	2
2327	2327	11
2804	6585	28
3675	6651	7
5189	5187	2
2414	6565	12
5161	6651	7
2038	2032	2
2376	6565	12
3892	6651	7
3373	6585	28
3706	6606	14
5096	6625	14
3584	6585	28
4363	6621	14
4519	6651	19
313	6651	7
428	424	2
2887	6651	19
3530	163	5
1984	6651	19
726	6651	7
374	6651	19
2802	6629	28
768	6553	14
798	163	5
6135	6559	14
4303	6585	28
2472	6651	3
2131	2131	18
3652	6651	19
708	6556	14
3148	3148	18
6579	6575	28
4873	163	5
1255	6651	3
5723	6585	28
1545	163	5
4534	6651	7
5234	6585	28
1176	6651	19
5378	5369	2
2378	6613	21
5452	6585	28
5013	6620	14
2434	6585	28
282	6553	14
2930	6599	14
1237	6585	28
3989	163	5
4529	6651	19
6189	6651	7
3404	6651	7
1674	163	5
5081	6651	19
5933	5933	18
2761	163	5
957	6651	19
1280	6543	28
5963	6651	7
734	6651	7
2681	6651	7
614	6651	7
6101	6585	28
5891	6585	28
5284	6622	14
815	6651	7
2605	6651	7
1122	6556	14
904	6554	14
580	6554	14
2431	151	4
2442	2442	11
6024	6585	28
2152	6585	28
6179	6172	2
5306	6585	28
3874	6651	19
1940	15	7
2669	6651	7
3305	163	5
3599	163	5
4663	4649	2
5550	6619	14
2944	6651	7
5416	6651	19
1943	1942	2
194	6552	21
5764	6585	28
3068	6651	19
3796	163	5
3072	6651	19
3707	163	5
5544	6585	28
4864	6651	7
202	202	11
2709	163	5
3753	6585	28
2854	6651	19
488	6651	19
5216	6585	28
6191	6651	7
2950	2943	2
597	6585	28
3976	163	5
966	6651	19
6430	103	7
4283	6585	28
317	6651	7
1880	1879	2
1220	6555	14
5591	6585	28
4636	163	5
5125	79	7
6081	6651	19
1409	6585	28
708	163	5
1120	6651	7
1732	1726	2
5393	163	5
5163	163	5
3207	6651	7
1929	1924	2
2265	163	5
3776	6624	14
4365	6651	19
3433	163	5
5941	6651	19
1352	1348	2
1257	149	4
2422	6645	10
3015	6596	14
483	478	2
4021	3998	2
1774	6651	19
5774	6651	19
2045	163	5
4962	6651	7
4885	6651	19
4908	6651	7
4977	163	5
5715	6651	19
1625	1618	2
6131	163	5
1850	6651	7
1945	1942	2
5875	6585	28
389	6585	28
835	98	7
3836	3833	2
5358	6651	7
5533	6651	19
5164	6615	14
2494	6585	28
5348	6651	7
1419	6585	28
6112	6585	28
6002	6611	14
1691	6651	19
3529	6592	14
1783	6651	19
2330	1	4
6603	6563	28
2130	6651	19
1358	6651	7
3379	3377	2
5735	163	5
3027	163	5
5160	5152	2
3136	3128	2
5115	6651	19
403	397	2
5412	5395	2
2001	6651	19
4707	4701	2
2886	6651	19
5177	163	5
4464	6585	28
3592	6585	28
1094	6555	14
2701	6651	19
3279	3278	2
2671	2663	2
4787	6611	14
5373	6585	28
2397	6565	12
5246	6651	7
381	163	5
3638	3633	2
4465	6651	19
4445	6651	19
558	6651	19
918	6651	19
3683	6609	14
6212	6651	19
6173	6651	19
1410	6559	14
2343	6645	10
2880	6651	19
3938	6651	19
654	6651	19
205	205	11
6485	6651	19
6613	6576	15
260	6559	21
3701	6651	7
552	6585	28
4953	6651	19
2430	2430	11
3097	163	5
395	163	5
6618	6653	6
5206	6651	19
4335	4319	2
4777	6651	7
2035	2032	2
6168	6556	14
5274	6651	19
795	163	5
411	6651	7
2836	6651	19
5014	6621	14
3112	6651	7
6319	6554	14
857	6651	7
3333	6651	22
3213	3203	2
2708	6593	14
5708	6651	7
3494	3485	2
1594	6651	7
223	6555	21
5267	163	5
1625	6651	7
1480	6651	19
3334	6651	19
6287	6585	28
2009	6651	7
1224	6651	7
5831	6651	7
4906	163	5
2956	6585	28
1809	6651	19
4682	6651	19
1606	163	5
2554	6591	14
6017	6585	28
2750	6651	7
5232	6651	19
3186	163	5
3286	6598	14
6357	6651	19
3500	6651	7
6057	6585	28
1392	163	5
1690	6629	28
4190	163	5
5499	6651	7
4436	163	5
3527	3527	18
2332	2332	11
5819	6585	28
187	6651	7
1842	6585	28
1670	6651	19
5922	6585	28
5865	6613	14
5708	5690	2
3011	163	5
4293	6651	22
3984	6651	7
3577	6585	28
5909	6651	7
4839	163	5
4531	6624	14
2745	6585	28
4942	6585	28
3277	6651	19
5845	163	5
2741	6651	7
2149	2149	18
3451	163	5
4697	4675	2
453	6585	28
330	6585	28
6177	6172	2
4069	4050	2
1498	31	7
246	6651	7
1760	6651	7
1507	1501	2
4235	4215	2
2861	6594	14
2328	149	4
3312	3311	2
1937	6651	7
4669	6651	19
279	6651	7
4894	6651	19
6443	163	5
5185	6558	14
3951	163	5
606	604	2
1247	6555	14
3763	6651	19
1003	6554	14
1909	163	5
3911	6585	28
3913	6651	19
3699	6651	7
4473	6651	7
5372	6651	19
5938	163	5
6565	6602	28
305	6651	19
966	6651	7
6492	6651	19
4291	163	5
970	52	7
4944	6629	28
4968	6651	19
6196	6585	28
1132	1126	2
5179	5178	2
741	6651	7
3937	6585	28
5479	6651	19
2876	163	5
5715	6628	14
5255	6585	28
4000	6651	19
699	163	5
1275	1275	11
5415	163	5
647	6651	7
3224	6600	14
4086	6585	28
6202	6651	19
4270	6651	7
359	163	5
4861	6651	19
858	6651	19
3167	163	5
1830	163	5
1160	6651	19
298	298	18
629	6585	28
733	6554	14
1134	6559	14
672	667	2
1769	163	5
4222	6610	14
5849	163	5
2096	6651	19
6336	6585	28
2498	6552	14
4508	4484	2
986	6651	7
1183	1180	2
5830	163	5
5736	6585	28
3379	6651	7
6454	6554	14
803	802	2
1511	163	5
3708	3703	2
2341	6654	10
1083	1081	2
6463	6651	7
476	107	7
5960	6604	14
4696	6651	7
4306	6585	28
1263	151	4
162	6570	28
1032	6651	19
911	6585	28
545	6651	7
3622	6651	19
2861	2857	2
179	172	2
4171	6651	7
1950	6651	7
2823	6585	28
5229	6619	14
3557	6651	7
5203	163	5
4563	6585	28
4216	6651	7
295	289	2
4308	6618	14
4969	4944	2
1485	6553	14
3004	163	5
2441	6654	10
3855	6651	19
5764	5751	2
4055	6651	7
4037	6585	28
3454	163	5
3775	3755	2
2323	6606	21
2253	163	5
6174	6553	14
4833	163	5
6179	6585	28
4530	163	5
1087	1081	2
3849	6651	7
4590	6651	19
868	6554	14
2537	6651	7
379	6629	28
1654	6629	28
5470	6585	28
4367	163	5
6407	6585	28
3150	6585	28
5737	6585	28
4427	163	5
2957	6593	14
5378	6585	28
5578	5560	2
5619	6651	19
4447	6618	14
5270	163	5
4606	6651	7
4180	6651	7
1309	6651	3
2564	6629	28
4980	6585	28
2273	6651	19
3176	6596	14
4483	6585	28
6028	6020	2
6297	163	5
1782	6585	28
5476	6585	28
1518	6585	28
3439	6651	19
5509	163	5
4141	6651	19
3728	6651	7
4768	4753	2
1268	1268	11
740	6585	28
4464	4458	2
3804	3781	2
3746	3729	2
6613	6577	28
2109	6556	14
1605	163	5
991	991	18
5217	6651	7
1140	6651	19
493	487	2
5946	6651	19
2276	6585	28
5249	6585	28
1500	6585	28
4709	6651	19
5131	6651	19
1535	1528	2
4077	4076	2
2464	6543	28
6128	6651	19
1545	1537	2
1142	163	5
5341	163	5
4838	6651	19
1956	1951	2
4346	4345	2
5362	6622	14
3450	6585	28
5649	6651	19
4848	6651	7
2706	2705	2
2722	6651	19
3688	6651	7
808	6557	14
3635	6651	7
2905	6651	19
904	6651	19
815	163	5
6260	163	5
3144	3139	2
3843	6651	19
5564	5560	2
1296	78	4
633	6651	7
3019	6600	14
1764	6651	7
208	6569	12
2593	6597	14
1567	1564	2
602	595	2
1211	1207	2
5428	6585	28
705	163	5
2076	2068	2
1310	6600	21
1082	163	5
4648	6651	19
1917	6651	19
299	6651	7
6474	6585	28
3270	6651	19
2320	6543	28
3712	6651	19
3265	163	5
1016	6585	28
171	163	2
5144	6651	19
3679	6651	7
863	163	5
1750	1744	2
3065	6651	19
5632	6623	14
1176	1171	2
3710	6651	19
1652	6651	19
3259	6585	28
744	739	2
2472	2472	11
5463	6651	7
4829	6651	19
2335	6565	12
2927	2921	2
4655	4649	2
2011	2005	2
5888	6585	28
3733	6585	28
5854	163	5
4253	6651	7
687	6651	7
3897	3894	2
3363	6585	28
3931	6651	7
2074	6651	19
4806	4805	2
3747	6651	19
975	6553	14
2119	163	5
3639	6651	7
1363	6557	14
2605	6585	28
3168	3159	2
5260	6624	14
5533	163	5
1396	163	5
5051	163	5
3997	163	5
3745	3729	2
5808	6651	19
691	6585	28
4654	6585	28
3948	6651	19
5153	6604	14
3284	6651	7
6074	6651	19
5008	6651	19
225	6651	4
2237	6651	7
6445	6651	19
192	6644	10
1342	6651	19
1230	6556	14
1456	6629	28
4561	6651	7
5751	6629	28
1917	6651	7
3520	6585	28
6321	163	5
2706	6591	14
5265	6629	28
5989	5985	2
5040	6621	14
4144	4137	2
4347	6605	14
3399	6592	14
6632	26	8
710	92	7
569	163	5
4924	163	5
5929	6651	7
1399	6557	14
1128	6553	14
4310	6585	28
5021	4996	2
5411	6651	7
3584	163	5
6433	6651	22
3371	6595	14
6022	6605	14
779	6585	28
2685	163	5
6446	6585	28
1120	6651	19
199	152	4
1058	1054	2
984	163	5
5513	6585	28
241	6558	21
6087	6082	2
476	6585	28
3911	6651	7
1930	6585	28
624	6585	28
5277	6585	28
4947	4944	2
3577	3571	2
3273	3267	2
5418	5395	2
690	6556	14
6338	6555	14
782	163	5
896	6585	28
471	6585	28
5828	5803	2
5887	6609	14
1832	6651	7
819	6651	7
3015	3009	2
6269	46	7
3847	6608	14
6492	6487	2
5256	6620	14
5823	6651	7
5362	6651	7
3607	6585	28
5140	6585	28
6507	6585	28
6043	6651	7
5703	163	5
4157	4137	2
747	739	2
2884	2879	2
5668	6607	14
4043	6651	19
1382	163	5
4600	4588	2
1986	6651	7
4861	163	5
5886	6651	7
5774	163	5
1111	6585	28
5824	163	5
4849	163	5
1172	6552	14
5478	6651	19
1745	6585	28
401	163	5
2656	163	5
2951	6651	7
2714	2705	2
641	163	5
3790	6585	28
4446	6651	19
2119	2113	2
3914	6651	7
3877	3868	2
1355	1348	2
797	6651	19
3896	163	5
6473	163	5
3987	6651	19
1954	6651	7
5381	6651	19
2085	6651	7
5949	5933	2
865	6651	22
4232	6651	19
5503	5482	2
2944	6651	19
6026	163	5
2902	6585	28
3467	6585	28
6235	6651	22
4524	6651	7
1808	163	5
3004	6651	7
1734	6559	14
4378	4371	2
1830	6585	28
2290	6557	14
1899	6651	19
3178	163	5
4542	6609	14
6346	6554	14
2902	2901	2
1481	6558	14
4194	6651	19
4260	4241	2
1878	163	5
5542	5534	2
1398	6556	14
4291	6651	19
2380	2380	11
5136	6651	7
353	6651	7
4539	6585	28
191	6543	28
2534	6651	7
5430	6585	28
5556	5534	2
3272	6651	19
3877	6651	19
6599	6542	15
6555	6577	28
5635	6651	7
2495	6651	19
5626	6617	14
1712	6555	14
1085	1081	2
3627	6651	19
6140	6651	7
6040	163	5
4985	6618	14
4416	4406	2
750	6651	7
3765	3755	2
6188	163	5
6612	6651	1
2263	2257	2
465	6651	7
1250	6651	19
3157	3148	2
861	163	5
3350	6585	28
3885	6651	19
1063	1063	18
1375	6629	28
3620	163	5
4161	6651	7
1978	6651	22
4391	163	5
2849	6651	19
5932	6651	19
212	6569	12
6432	6559	14
3396	6651	19
2428	6645	10
6405	6559	14
3134	6585	28
633	6651	19
4799	6585	28
6285	6280	2
4401	163	5
2491	6651	19
2484	6651	7
2796	6651	7
1483	6651	22
1665	6651	7
2988	6591	14
5870	5855	2
5583	6651	7
984	6651	7
348	163	5
813	6651	7
3849	6610	14
5646	6611	14
4135	6651	19
6317	6552	14
619	163	5
5747	6585	28
2913	6651	7
1142	6651	7
5003	6585	28
6214	163	5
1914	6559	14
6146	6145	2
3063	6651	19
5900	163	5
5384	6651	7
3610	163	5
1666	6585	28
3728	6628	14
5695	5690	2
718	63	7
653	6585	28
4260	163	5
194	6651	4
5439	6651	7
1554	1546	2
2821	163	5
6087	6651	19
6185	6585	28
3348	6651	7
1641	1636	2
4721	6585	28
2030	163	5
1551	163	5
677	6651	7
202	6543	28
1895	6651	19
4657	4649	2
2632	163	5
6092	163	5
368	163	5
6111	6109	2
1539	6553	14
6595	6542	15
1292	6597	21
1483	1483	18
6084	6553	14
6538	6651	19
3156	6651	19
5397	163	5
3239	163	5
5930	6626	14
496	6629	28
3558	3549	2
4393	6651	7
4040	6619	14
2936	6594	14
5998	6607	14
6461	6651	7
4269	4267	2
5332	5317	2
2115	163	5
4034	6613	14
5458	6651	7
1947	1942	2
3155	6597	14
721	6651	22
464	163	5
1142	1135	2
5587	6604	14
6614	6653	6
6143	6585	28
521	125	7
5118	6651	19
5811	5803	2
1643	6651	19
1954	6585	28
2274	163	5
1412	1411	2
2584	2575	2
4877	6651	7
4875	6621	14
6064	6064	18
6375	6370	2
3631	3624	2
3611	3604	2
2622	6593	14
6453	6451	2
1143	6585	28
1441	1438	2
2080	6651	7
240	6603	12
2488	6629	28
3971	6628	14
963	955	2
4886	4883	2
3364	6651	7
281	163	5
4662	163	5
452	6585	28
3199	163	5
6012	163	5
446	6651	7
4973	6651	19
2421	1	4
3097	6651	7
1132	6585	28
1686	6651	19
826	6651	7
4519	6651	7
1415	6555	14
3262	6651	7
2542	6651	7
3856	6651	19
3904	6585	28
4885	6651	7
4476	6621	14
6246	6651	7
6039	6020	2
6203	6199	2
4662	4649	2
5824	6585	28
3239	6585	28
2036	6651	7
2223	6585	28
1000	1000	18
4198	6651	19
686	6552	14
3768	6585	28
2585	6600	14
1551	6651	7
337	6651	19
1344	163	5
3544	6651	7
659	163	5
5080	6585	28
3903	6651	19
1981	6585	28
1069	163	5
958	955	2
2538	6651	7
3490	6651	7
5570	6651	19
2790	2782	2
309	6585	28
937	6629	28
4611	6651	19
4848	6620	14
5507	163	5
3438	6651	7
2853	2846	2
5278	6651	7
1106	163	5
3859	163	5
1905	6651	7
1365	163	5
5398	6651	19
4306	163	5
192	6569	12
3073	6651	22
6103	6651	7
1218	163	5
3759	6651	19
1043	163	5
4787	6585	28
3981	6651	19
808	6651	7
5489	6610	14
2312	1	4
792	784	2
5290	163	5
6311	6555	14
5080	6651	19
1263	6549	10
2002	6651	19
2782	6651	22
2778	6585	28
1864	6651	7
6272	6651	19
2845	6651	7
535	6651	7
1499	163	5
4893	4883	2
3291	6585	28
4397	6651	19
1838	163	5
706	6554	14
5654	163	5
5684	6651	19
3038	163	5
816	6651	7
846	838	2
3874	6651	7
5059	6614	14
4483	6628	14
2574	6651	7
1214	1207	2
2060	6585	28
5044	6651	19
1310	1310	11
1868	6558	14
2192	6558	14
3018	3009	2
5272	5265	2
4577	6585	28
2983	2976	2
2472	6644	10
3839	163	5
5085	6651	7
1804	163	5
5743	6651	19
5703	6585	28
5306	6651	7
2217	6556	14
4521	6585	28
5261	5239	2
2711	6651	19
1417	6651	19
1515	6556	14
5718	6553	14
3875	6651	19
1237	1234	2
5592	5586	2
3033	3029	2
5172	6585	28
1782	6553	14
6477	163	5
1935	163	5
3532	3527	2
1494	163	5
182	6552	14
4276	6651	7
4357	6651	19
574	6651	7
5407	6651	7
5713	6651	7
6434	6585	28
6578	5	8
1748	6651	19
2859	163	5
6483	6651	7
6309	6651	19
4216	4215	2
4318	6628	14
780	6556	14
5640	163	5
3893	6651	19
903	163	5
5624	6651	19
5122	163	5
1655	6552	14
6498	6651	19
947	163	5
1386	1384	2
5913	6651	19
573	6556	14
1419	163	5
737	6558	14
4033	6585	28
884	163	5
1259	6592	21
3477	163	5
786	784	2
4893	163	5
5076	6651	19
927	6651	7
4157	163	5
5811	6651	7
5089	6585	28
2184	6585	28
1889	6651	7
3622	6651	7
3425	6596	14
3288	6651	7
1260	1260	11
1791	6553	14
853	6585	28
1130	6651	19
844	163	5
1451	6651	19
4066	4050	2
630	6559	14
3924	6651	7
1050	6585	28
4136	6651	19
3917	6626	14
2050	6651	22
2872	2868	2
4730	6651	7
499	6554	14
5787	6651	7
1938	163	5
2748	163	5
2117	6555	14
459	6651	19
5851	6625	14
3444	6651	19
3588	6585	28
2742	163	5
552	163	5
6354	6553	14
1123	163	5
2952	6651	19
5832	6651	19
254	6569	12
2660	2652	2
3245	6585	28
1548	6585	28
4274	4267	2
3479	3474	2
2798	6585	28
1362	6585	28
227	6654	10
1864	6585	28
4531	4510	2
5533	6585	28
4406	6629	28
3030	6585	28
3898	163	5
3919	163	5
4049	6628	14
2598	6651	7
369	6559	14
5134	6651	7
1387	6651	19
1781	6651	19
5034	6615	14
5162	5152	2
2849	6593	14
5297	6651	19
216	6569	12
4238	6651	7
2716	2716	18
4421	163	5
1799	6651	7
4861	6651	7
239	239	11
2201	6651	7
5116	6585	28
5046	6627	14
6596	111	1
4356	6651	7
886	6554	14
3081	163	5
5084	6585	28
809	802	2
5129	6585	28
4468	6585	28
3554	6651	19
6079	6585	28
2853	163	5
4869	4857	2
6085	6082	2
3179	6651	7
3511	6596	14
3973	6651	19
5837	163	5
3254	6597	14
5254	5239	2
1351	6554	14
953	163	5
5524	6619	14
4505	6585	28
4736	6585	28
1513	6651	7
2978	6651	19
4526	6651	19
2150	6651	7
1380	163	5
6270	163	5
6193	6190	2
4247	6651	19
2699	163	5
1826	6552	14
5171	6651	19
6128	163	5
4229	6585	28
2042	6651	19
6275	163	5
1733	6651	19
3179	163	5
6553	42	1
2446	151	4
1571	125	7
2411	6565	12
4143	163	5
1778	163	5
4336	163	5
5109	6612	14
4549	6651	7
4131	4111	2
385	6651	19
697	694	2
4134	6651	7
3750	6651	7
3931	6614	14
6544	5	8
375	6556	14
835	829	2
5635	163	5
2360	6651	19
1056	6651	19
6559	6559	16
5622	6651	19
5681	6620	14
3414	6651	19
5822	6585	28
1288	140	4
2251	6651	7
3110	6585	28
3674	6651	7
6502	6496	2
664	6651	19
1461	6556	14
1585	6585	28
1557	6651	7
3293	3289	2
4269	6605	14
3140	163	5
5653	6651	19
1711	1708	2
6444	6651	7
402	163	5
2327	6543	28
2972	6597	14
6449	6585	28
1142	6558	14
5624	163	5
5419	6651	7
4812	6585	28
4983	6651	7
2718	6585	28
4364	6651	7
1730	6585	28
3012	6585	28
5210	6651	7
482	6651	19
6118	6629	28
1525	6557	14
3185	6594	14
2171	6651	7
2475	4	4
230	6651	4
1785	6585	28
2348	6644	10
5352	6651	7
829	6651	22
4558	4536	2
4855	6585	28
2756	6651	7
4712	6651	7
3737	6651	19
349	6585	28
4776	6626	14
6146	6585	28
2334	2334	11
4423	163	5
3741	163	5
4268	4267	2
5316	6585	28
4502	4484	2
1501	6651	22
2177	6552	14
5120	5100	2
1202	6555	14
2998	6651	22
1299	6651	3
2415	6651	3
4601	4588	2
879	874	2
1167	6651	7
2083	163	5
3469	6585	28
3729	3729	18
417	6585	28
1541	6555	14
5998	5994	2
4163	6629	28
1640	163	5
3149	6651	19
473	6585	28
5544	6651	7
2713	6598	14
5705	6618	14
1725	1717	2
1903	1897	2
1724	6585	28
4416	6651	19
4030	4024	2
5250	6651	19
5319	6585	28
3033	6594	14
5252	6585	28
679	6554	14
4443	163	5
756	163	5
1611	6585	28
1496	6651	7
1311	6651	3
2339	6608	21
2910	6651	22
477	6585	28
3044	6594	14
2785	6554	14
4041	6651	19
3980	163	5
962	6651	19
5100	6651	22
5506	6585	28
1987	6629	28
3094	6585	28
1540	6651	7
513	6559	14
3666	3666	18
2420	6543	28
1893	163	5
2893	6651	7
2414	6654	10
2845	6585	28
3429	6585	28
1387	6651	7
6493	163	5
5214	6651	19
489	6553	14
5353	6613	14
5259	163	5
5510	163	5
5062	5048	2
1251	6585	28
6623	6542	15
4627	6651	19
402	6585	28
4486	6651	7
3041	6651	19
515	514	2
2169	6553	14
4029	6608	14
1131	163	5
5082	6611	14
236	6569	12
3496	6629	28
6506	6552	14
3890	6585	28
3408	6629	28
5688	6651	7
3470	163	5
3794	6585	28
5018	6651	19
6437	6555	14
6222	6556	14
5237	6651	19
6535	6651	7
6328	6325	2
821	6651	19
5726	6604	14
2731	6594	14
4952	6585	28
1959	6651	19
1325	163	5
3293	6585	28
4962	6651	19
3922	6651	7
2977	163	5
364	6651	7
3757	163	5
5672	6611	14
5488	6651	7
686	6651	19
2730	6651	19
4661	163	5
377	6651	19
5244	6651	7
4352	6651	7
223	223	11
3280	6651	19
6637	6642	20
1957	6651	7
3965	163	5
4138	163	5
4490	163	5
5918	6651	7
3276	6651	19
2309	6651	7
1404	6651	19
3313	3311	2
3860	6621	14
3212	6651	7
2180	6651	7
4035	4024	2
3356	163	5
814	6585	28
4538	6605	14
6604	6576	15
2989	6592	14
6194	6555	14
5885	5881	2
445	6585	28
6026	6651	7
4181	6585	28
644	6585	28
5785	6611	14
691	163	5
518	6585	28
702	6559	14
2231	6552	14
1988	163	5
1823	163	5
3039	3029	2
2954	6651	22
874	6651	22
3860	6651	7
5981	163	5
4026	163	5
2438	6651	19
2323	0	4
3941	6585	28
5902	6585	28
1413	6651	19
199	6552	21
5244	163	5
1926	6651	19
600	6651	7
1896	6651	19
4769	163	5
4280	163	5
3406	6651	19
2348	6543	28
1783	6554	14
2469	6655	10
4565	163	5
2461	6645	10
4271	6585	28
5148	5126	2
959	6651	19
1213	6557	14
960	955	2
650	163	5
5408	6651	19
6232	6557	14
1150	1144	2
1482	6651	7
5950	6620	14
4538	6585	28
2491	6554	14
3642	6651	7
372	370	2
3865	6651	19
190	6552	21
1418	6585	28
4691	4675	2
3628	6651	7
6124	6651	19
4567	6651	19
2378	2378	11
3327	3322	2
3421	6651	19
5629	5612	2
6306	6585	28
5701	6651	19
3175	163	5
4417	6614	14
2506	6629	28
3264	3258	2
3562	6651	7
3143	6585	28
264	6651	19
3958	6585	28
3090	6651	19
6330	6556	14
3819	6585	28
5276	5265	2
278	6651	19
3092	6651	19
1335	6651	7
5525	6620	14
3738	6612	14
6439	6557	14
5913	6651	7
2914	6651	7
453	6553	14
6246	6553	14
3124	6597	14
6160	163	5
5657	163	5
4722	163	5
6061	6055	2
5642	5638	2
5173	6624	14
2391	6565	12
6464	6460	2
2620	6585	28
6368	6558	14
4486	163	5
1105	163	5
3367	6651	7
4197	6651	7
163	6651	22
2398	2398	11
1463	1456	2
5662	6651	19
6274	6651	7
4666	6585	28
1451	163	5
5781	6585	28
4214	163	5
4462	6651	19
276	6585	28
3995	163	5
1773	6651	7
4962	6621	14
3140	6651	7
5243	6585	28
511	6651	19
3715	6585	28
5753	163	5
3792	3781	2
6045	6585	28
6362	6585	28
3381	163	5
616	613	2
3101	163	5
6145	6629	28
1336	163	5
3864	6651	7
1262	6592	21
444	6651	19
1972	163	5
6024	6651	19
494	163	5
5008	6651	7
4855	6651	19
2174	6585	28
2055	6651	19
1811	6585	28
6198	6585	28
2190	2185	2
214	102	4
4629	6651	7
3410	6651	19
3517	6585	28
2379	6566	12
2069	2068	2
370	6651	22
1294	6651	3
6429	163	5
5190	5187	2
5317	6651	22
6515	6651	7
3724	6651	19
5193	163	5
6249	163	5
3457	6651	7
6614	6614	16
4920	6585	28
5758	6610	14
4121	4111	2
5305	6651	7
464	6651	19
4207	6651	19
6198	6651	19
2241	163	5
4043	6585	28
783	6651	7
617	6555	14
5660	6651	7
2402	0	4
2112	6651	7
6438	6651	19
933	6651	7
6443	6442	2
2354	6543	28
429	6651	7
2460	1	4
1581	6559	14
948	946	2
515	163	5
203	6569	12
5663	163	5
760	757	2
724	6554	14
3045	6595	14
2016	6651	7
5268	5265	2
3696	6651	19
2162	6585	28
1583	6552	14
3220	6651	19
481	6554	14
3286	3278	2
5889	5881	2
1803	1798	2
1680	1672	2
3521	6595	14
1139	6585	28
5061	5048	2
5230	6651	19
5932	6585	28
1796	6651	7
3764	3755	2
4778	6628	14
172	172	18
2844	6651	19
5011	6585	28
3478	6594	14
6192	6585	28
3955	3946	2
347	163	5
1588	6651	19
2416	6543	28
4427	4406	2
6650	6634	25
5213	6651	22
5668	5664	2
4931	6651	19
1326	163	5
3656	3655	2
5379	6613	14
4003	6585	28
5989	163	5
2097	6585	28
4141	4137	2
2601	163	5
779	775	2
2833	163	5
2838	6585	28
6500	6496	2
6472	6585	28
4826	6651	19
2331	2331	11
993	6651	19
3407	3397	2
2914	6585	28
5499	5482	2
2973	6651	7
2798	6651	19
3948	6651	7
6260	6651	19
4980	6613	14
4986	6651	19
4527	163	5
1641	6556	14
6361	6651	22
2801	163	5
5883	6651	19
1703	6555	14
922	919	2
3422	163	5
4333	4319	2
4539	6606	14
5627	6618	14
3102	6651	19
900	6585	28
705	6585	28
253	6651	4
4347	163	5
2293	6629	28
1036	1036	18
3968	163	5
734	6651	19
3421	3419	2
3042	6651	7
5778	163	5
2707	2705	2
1793	6651	7
2737	6585	28
3905	6614	14
6290	6585	28
3591	163	5
5810	5803	2
2257	6651	22
2679	6651	19
1013	163	5
3617	6651	19
242	242	18
5523	6651	19
3033	163	5
1523	1519	2
741	6553	14
6263	6552	14
1993	6585	28
5315	6627	14
3869	3868	2
1678	6557	14
4437	6585	28
3526	6600	14
3507	6592	14
5873	6585	28
4787	6651	19
4607	4588	2
5500	6651	19
220	102	4
954	6585	28
5402	6585	28
2394	6543	28
4005	6651	19
4483	6651	7
6516	6514	2
1004	6651	19
398	6552	14
4078	6651	19
6091	6651	22
1524	6651	19
6205	6199	2
6296	6585	28
1119	6585	28
1935	6651	19
2088	2086	2
2454	6543	28
3058	6585	28
6422	6415	2
3087	6593	14
2476	2476	11
1775	163	5
1550	6651	19
1552	1546	2
1406	1402	2
6360	163	5
690	6651	7
206	102	4
6359	6651	7
5177	5152	2
1759	6651	19
6268	6557	14
4745	6651	7
4764	163	5
1752	6651	19
3617	163	5
3953	6610	14
5105	6651	19
6385	6585	28
3853	6651	7
305	298	2
5554	163	5
3401	6594	14
5137	6651	19
2035	6554	14
5976	6651	7
4251	163	5
2123	6585	28
4910	6585	28
4574	6651	7
553	6651	19
6456	6451	2
647	6558	14
2879	6629	28
1655	6585	28
1616	1609	2
5497	5482	2
5069	6651	7
3598	6651	7
6378	6585	28
4772	163	5
1702	6651	19
1902	6651	19
519	163	5
4906	6651	19
1228	6651	7
647	163	5
6515	6651	19
942	6585	28
1607	6558	14
1265	6651	3
6522	6514	2
3364	6651	19
3165	3159	2
3444	6651	7
3896	3894	2
472	469	2
6325	6651	22
2090	6651	19
2598	2597	2
2165	2158	2
4479	6624	14
2696	6592	14
3880	6615	14
6256	6253	2
5416	6624	14
1269	6593	21
3030	3029	2
6003	163	5
3641	3633	2
1045	1045	18
3669	6651	7
2244	6556	14
4222	163	5
4820	6651	7
1345	6557	14
3789	6651	7
5144	163	5
6227	6552	14
3892	3868	2
4695	6623	14
5710	6651	19
5251	6615	14
1276	1276	11
6530	6651	19
3362	6585	28
2725	6651	7
4617	6651	7
1456	6651	22
1812	6651	19
251	6559	21
2302	6629	28
2691	163	5
1184	6555	14
5420	6651	7
4726	6651	19
4772	6651	19
6273	6651	19
452	6552	14
5356	163	5
3574	6651	7
1256	6591	21
2004	6559	14
3297	163	5
2326	3	4
2374	0	4
3555	6596	14
1549	1546	2
979	6557	14
6217	6651	22
5181	6651	7
3590	3582	2
228	6654	10
415	6651	22
3969	3946	2
3282	163	5
3549	6629	28
3555	6651	7
2303	6585	28
943	6585	28
1531	6651	7
567	559	2
1446	6651	7
6161	6154	2
2628	6599	14
5782	6585	28
6276	6556	14
3805	163	5
5621	6651	19
4911	6553	14
5011	6618	14
6444	163	5
1592	1591	2
3887	6585	28
5390	6651	7
685	685	18
4506	163	5
2254	6651	19
1320	6559	14
4120	6585	28
191	6654	10
4544	6651	19
2596	6651	19
1167	6651	19
813	6651	19
1338	163	5
1729	6554	14
1542	6651	7
6242	6585	28
1789	1789	18
3435	3430	2
3954	6611	14
4425	6585	28
5882	6651	19
2402	6651	3
2519	2515	2
2394	6616	21
3901	163	5
309	307	2
3596	163	5
2206	163	5
5147	6585	28
484	163	5
3989	3972	2
5901	6651	7
2700	6596	14
3791	6651	19
6248	6585	28
389	6552	14
3653	163	5
3878	3868	2
887	6651	19
1319	1312	2
4567	6585	28
2290	163	5
2333	2333	11
3852	6651	19
985	6554	14
6106	6585	28
687	685	2
1986	6651	19
5027	163	5
242	6651	22
499	163	5
3651	6597	14
3730	6651	19
4978	6611	14
3529	6651	19
3046	6596	14
5014	163	5
3857	6651	19
6490	6651	7
6531	6651	19
5010	6651	19
2593	6651	19
4029	6585	28
4892	6612	14
2330	6607	21
5058	6585	28
4857	4857	18
2601	6651	19
6057	6055	2
1404	1402	2
5180	6651	19
5903	6625	14
4088	6651	19
6420	6651	19
4192	6651	19
1747	6554	14
4155	163	5
5755	6607	14
2112	6651	19
876	6585	28
4695	6651	7
4285	6651	7
5290	5265	2
589	163	5
5953	6623	14
3368	6585	28
2797	6596	14
650	6651	7
1248	6651	19
4551	163	5
3835	6651	19
5342	6585	28
4468	6651	19
2321	2321	11
4588	6629	28
3947	6604	14
1260	6645	10
845	6651	19
3917	163	5
3052	6651	19
4139	163	5
2092	6557	14
1325	6651	7
1545	6651	19
5734	6585	28
4179	6585	28
4682	6651	7
2590	6651	19
6039	6622	14
4107	6585	28
3200	163	5
2974	6585	28
2621	2619	2
2393	2393	11
3248	3247	2
3701	6651	19
5689	6651	19
2732	6595	14
3536	6651	7
2742	6594	14
3544	163	5
5812	6585	28
941	937	2
481	6585	28
589	6651	7
4613	4588	2
4770	6651	7
5135	6651	7
1591	6629	28
5756	6651	19
3019	6651	19
3162	6585	28
4100	6585	28
1285	6543	28
2785	6651	7
1718	1717	2
3507	163	5
1094	6585	28
3462	6651	19
723	6585	28
367	6585	28
1706	163	5
2405	6565	12
3435	6651	7
5160	6611	14
1650	6556	14
6539	6532	2
4256	6618	14
1874	6651	19
1162	1162	18
3462	3452	2
4218	6651	19
3786	6585	28
6196	163	5
927	6559	14
5821	6651	19
4964	163	5
1662	1654	2
745	6585	28
537	163	5
1358	6651	19
4795	6585	28
5077	5074	2
4784	6651	19
1531	6585	28
1872	163	5
1547	6651	19
4265	6651	19
347	6651	19
4532	6651	7
5623	6651	7
247	6585	28
5799	6625	14
5644	5638	2
675	667	2
3336	6593	14
4614	6651	22
6416	6585	28
3178	6585	28
4940	6625	14
5345	6585	28
4714	6651	7
5247	6585	28
6212	163	5
1424	1420	2
2057	163	5
4917	6651	7
3568	6598	14
5151	6628	14
6497	6651	19
2369	1	4
3926	3920	2
3065	6593	14
3674	6598	14
5047	5022	2
4728	163	5
1563	6651	7
4073	6651	7
837	6559	14
443	6651	19
4315	6625	14
3691	6585	28
3290	6651	7
506	6552	14
1859	163	5
4633	6622	14
5775	5751	2
3163	6594	14
4581	6622	14
1865	6651	19
2068	6629	28
1728	163	5
5836	6651	19
343	343	18
3780	3755	2
1675	1672	2
5089	5074	2
3831	6585	28
2121	6585	28
1195	6557	14
220	6655	10
2045	2041	2
6054	6559	14
552	550	2
5934	6585	28
4754	4753	2
621	6585	28
473	469	2
2792	6651	7
6156	6585	28
4875	163	5
1292	6651	3
1500	1492	2
1712	1708	2
3746	6585	28
6531	6651	7
2631	6651	7
4490	6609	14
3583	3582	2
288	6651	7
4853	6585	28
5007	6614	14
4777	6651	19
2292	6585	28
2250	6553	14
5544	163	5
5097	6651	19
235	6569	12
2385	6565	12
1899	163	5
3594	6591	14
4785	4779	2
1970	6585	28
5276	6651	19
2062	6651	19
5698	163	5
172	6651	22
760	6651	7
5037	6585	28
1563	1555	2
2010	2005	2
1082	1081	2
2394	6651	3
5713	163	5
2594	6651	7
556	550	2
4957	6616	14
1228	1225	2
2550	163	5
5430	163	5
1172	6585	28
5808	6608	14
5073	6585	28
5598	6615	14
2895	163	5
5785	6651	7
3619	163	5
3067	6651	19
6486	6651	19
5545	6614	14
3808	6604	14
4207	6621	14
5152	5152	18
3573	6651	19
1484	6651	7
4403	6626	14
413	406	2
1878	6651	7
2118	163	5
457	63	7
5015	6622	14
872	865	2
5451	6651	7
1462	6651	7
2236	6651	19
3476	6585	28
2993	6596	14
574	6557	14
3460	6651	19
5338	6651	7
6078	6585	28
2011	6585	28
2232	2230	2
5905	6585	28
1984	1978	2
2550	6651	7
4966	163	5
4790	6651	7
2816	2813	2
2917	6651	19
3191	6600	14
972	964	2
4377	6557	14
2612	6651	19
4376	6585	28
2502	163	5
6082	6651	22
4340	4319	2
5313	6625	14
3825	163	5
2464	6651	3
2972	163	5
5028	6609	14
5912	163	5
290	6552	14
3779	163	5
3909	6651	19
5004	6611	14
169	163	5
5377	6651	19
4775	6625	14
6093	6651	19
365	6651	7
4543	163	5
4358	6651	19
3983	6651	19
5954	6585	28
4731	6651	7
1679	163	5
406	6651	22
5369	6629	28
510	6585	28
6284	6651	19
2508	6651	7
5970	6614	14
533	163	5
2421	6543	28
2408	2408	11
2317	6654	10
3721	6651	7
2466	1	4
6243	163	5
3842	6629	28
1408	25	7
6152	163	5
3320	163	5
4751	6651	19
1066	6554	14
3554	3549	2
5269	6651	19
217	6543	28
6252	163	5
1512	6553	14
330	6651	7
6636	6547	28
5049	6651	7
3756	6585	28
6120	6553	14
2949	6651	19
2709	6651	19
6038	6651	7
540	6651	7
5295	6651	19
1360	6651	19
735	6585	28
932	6585	28
1909	6651	19
2109	6651	19
4484	6629	28
5229	6651	7
4261	6585	28
2997	6600	14
449	6558	14
1016	1009	2
3801	6651	19
3141	3139	2
949	946	2
6130	6585	28
1285	6596	21
2129	6585	28
3316	6585	28
1398	163	5
2637	6651	7
3683	6651	7
6176	6172	2
877	163	5
1269	151	4
3614	6651	7
1348	1348	18
1873	6651	7
4339	6623	14
5869	6651	7
2635	6595	14
2775	6651	19
5326	5317	2
4575	6651	7
3294	6595	14
6055	6055	18
2913	163	5
4008	6585	28
5678	5664	2
6058	6055	2
263	6651	19
1396	6554	14
6175	6651	7
3173	6651	19
1981	6651	19
3403	6596	14
6459	6559	14
3427	6651	7
4220	4215	2
1345	6651	7
5886	6608	14
4166	6651	7
198	6651	3
1392	1384	2
3335	6651	7
668	6585	28
5104	6651	19
5453	6651	7
6274	6651	19
384	379	2
4518	6611	14
261	149	4
3390	6594	14
514	6651	22
941	163	5
5696	6609	14
1814	6651	7
4521	6651	7
1089	6585	28
6639	14	8
1532	6651	19
4451	6622	14
576	568	2
2602	6595	14
6183	6585	28
5315	6585	28
2039	6558	14
5351	6651	7
4502	6585	28
1265	6543	28
4211	163	5
2351	6610	21
5209	6625	14
2719	163	5
3636	6651	7
6385	6557	14
3903	6612	14
1301	1301	11
2820	2813	2
1747	1744	2
1533	1528	2
4676	163	5
4810	6651	19
5492	6651	7
4259	6621	14
2447	0	4
2078	2077	2
5964	6585	28
2789	6558	14
5364	163	5
3783	6651	7
5294	5291	2
3690	6585	28
5495	6585	28
4572	163	5
3142	6585	28
3518	163	5
2224	6554	14
4610	6625	14
3470	3463	2
6091	6629	28
4583	163	5
2843	6651	7
4437	6651	7
4771	6651	19
5235	6651	7
5626	163	5
1116	6559	14
2165	6558	14
4781	6605	14
229	229	11
6538	6557	14
5842	5829	2
3363	6598	14
4620	6585	28
6059	163	5
5386	6651	7
5377	5369	2
1706	6651	19
3887	163	5
2278	6651	7
1498	1492	2
736	6557	14
260	6543	28
6545	64	8
4549	6585	28
6479	163	5
4769	6585	28
4121	6651	19
3372	6651	7
5519	6651	7
1948	163	5
2388	2388	11
3310	163	5
2132	163	5
1577	6585	28
5587	6651	7
3085	163	5
1260	6569	12
4353	163	5
2694	2694	18
5505	163	5
4461	6585	28
1913	1906	2
2471	6651	3
674	6651	7
5894	6616	14
5700	6585	28
3460	3452	2
5551	5534	2
5831	163	5
789	6556	14
911	6651	7
1571	1564	2
5813	163	5
4275	163	5
3738	6651	7
448	163	5
950	6651	7
3523	6585	28
2452	151	4
1023	6585	28
779	6651	7
5017	6585	28
2698	6651	19
1397	6651	19
953	946	2
4262	6624	14
4543	6651	19
1035	6651	19
5394	5369	2
328	6554	14
1964	1960	2
257	6559	21
4969	6651	19
2477	6603	12
5183	6556	14
2047	6585	28
3828	163	5
6309	163	5
3830	6585	28
1069	6557	14
4838	6585	28
4337	6621	14
790	6585	28
3312	6591	14
1543	6651	19
1989	6651	19
1157	6555	14
3183	6592	14
3098	6651	19
5238	6651	19
2524	6629	28
525	163	5
5066	163	5
1741	6651	19
6259	6651	7
4413	6651	19
6265	6554	14
3707	6585	28
3934	6651	19
5432	5421	2
3138	6585	28
2795	6594	14
4796	6620	14
4096	6585	28
6138	6553	14
2894	6594	14
5801	6627	14
4271	163	5
1694	6555	14
1326	1321	2
4613	6651	7
2403	2403	11
655	6585	28
2559	6651	7
5076	6585	28
4075	6585	28
419	6585	28
3152	163	5
1397	163	5
5332	6618	14
2120	63	7
5995	6651	7
3327	6585	28
634	163	5
4254	163	5
1800	6651	7
3583	6585	28
2122	2122	18
4580	6585	28
5637	6651	19
2033	163	5
822	6651	7
5833	6585	28
2325	6565	12
998	6585	28
4037	6616	14
1254	6543	28
1529	6651	7
6529	163	5
6330	6325	2
2540	6585	28
5988	6585	28
1966	1960	2
1782	1780	2
1779	6585	28
2628	163	5
4512	6651	7
3977	6651	7
1592	6651	7
3511	6651	7
3057	3051	2
1727	6585	28
5597	6651	7
4681	4675	2
1470	1465	2
3572	3571	2
6621	6576	15
1038	1036	2
4474	6651	19
4431	6585	28
2907	2901	2
4664	4649	2
1700	6651	7
3366	3366	18
1791	6651	7
2949	6596	14
4951	6610	14
894	6553	14
1300	6651	3
645	6651	19
1684	6585	28
3782	6651	19
1991	1987	2
5228	6585	28
2547	6585	28
6452	6585	28
325	6629	28
1291	78	4
3060	6599	14
3034	163	5
5340	6651	19
4688	6616	14
2505	163	5
3519	6585	28
2807	2802	2
4544	163	5
2558	6651	19
583	6651	19
189	6651	7
2681	6599	14
2632	6585	28
5372	6651	7
446	6651	19
5465	6651	7
5209	6585	28
4134	4111	2
4375	6651	19
4012	6585	28
2077	6651	22
4101	6585	28
2882	2879	2
5183	6651	19
3535	6651	19
4736	6651	7
391	6651	7
2600	6651	7
6489	6553	14
4546	163	5
1723	6557	14
1649	6651	7
1811	6651	19
248	242	2
5323	6651	7
2076	6651	7
3094	163	5
1179	6585	28
4528	163	5
6531	6559	14
5601	6585	28
3152	6594	14
6059	6651	19
3061	3051	2
4932	6651	7
5268	6606	14
6141	163	5
4801	6625	14
729	6651	19
5797	6585	28
5361	163	5
845	163	5
5379	6651	7
2581	6651	7
4781	6585	28
4468	6651	7
297	6651	19
5804	6651	19
4220	6585	28
5988	6651	7
1608	6559	14
5344	6604	14
4579	6585	28
1851	6559	14
2046	6651	19
2603	6596	14
5390	6624	14
3879	6651	7
457	6651	19
6475	6469	2
4491	163	5
976	6554	14
895	6651	7
2483	163	5
2047	163	5
877	6554	14
6419	6555	14
1503	163	5
6640	6585	9
3673	6651	19
1415	1411	2
3009	6629	28
4846	6585	28
3723	6651	19
4016	163	5
6509	6651	7
5237	6585	28
4330	6585	28
2695	163	5
1695	163	5
2576	2575	2
2777	6585	28
4033	6612	14
1475	6651	19
6632	6567	28
5209	5187	2
5613	6604	14
3340	163	5
934	6585	28
1077	6651	7
2352	149	4
6015	6651	7
1517	1510	2
2006	2005	2
5090	6651	7
2746	6585	28
1029	6553	14
2645	6651	7
4182	6622	14
6305	6558	14
4642	6651	7
936	6651	19
6410	163	5
2436	6555	14
3238	163	5
3250	163	5
5840	163	5
2956	163	5
3743	3729	2
2062	6554	14
5033	5022	2
3979	6651	7
6632	6581	25
869	6651	7
5471	163	5
2173	6585	28
3727	6651	19
331	6651	19
1605	6585	28
2986	163	5
3870	6651	7
3128	3128	18
3147	6585	28
543	541	2
2436	6651	7
3238	6592	14
3111	6585	28
6648	6547	28
4303	163	5
4423	6651	19
2228	6651	19
3585	6585	28
5240	5239	2
2022	2014	2
4867	6585	28
3642	6585	28
1386	163	5
5997	6606	14
3698	3677	2
6307	6651	22
4243	6605	14
2560	6585	28
1255	1255	11
5559	6585	28
1577	6651	19
1028	6651	19
4172	6651	19
388	388	18
5045	5022	2
5145	6585	28
339	6651	7
3242	6651	7
4289	6585	28
4583	6651	7
6229	6585	28
389	163	5
2592	163	5
3335	6585	28
2423	6543	28
6508	6505	2
2673	6585	28
1707	6559	14
2735	6651	19
1226	6585	28
3840	3833	2
4044	163	5
6158	6651	7
4299	6651	19
215	215	11
1511	6651	19
5766	6651	7
1680	6651	19
301	298	2
4301	6651	7
6053	6046	2
4299	6585	28
4835	6607	14
1213	146	7
2474	6651	3
3239	6593	14
5732	6585	28
5034	163	5
3505	3505	18
1421	6651	19
5695	6651	7
3878	6651	7
4263	163	5
630	163	5
6345	6585	28
1427	6585	28
4312	6585	28
3240	3236	2
2749	2749	18
4897	6585	28
5680	163	5
6071	6651	7
6176	6585	28
5270	6608	14
2736	6651	7
4090	4076	2
1820	6555	14
6107	163	5
4879	6651	7
6369	6651	19
3912	6651	7
266	6651	7
6077	6651	7
3980	6611	14
3527	6651	22
639	163	5
4166	163	5
1067	163	5
4700	4675	2
1588	6585	28
4926	6651	7
258	6647	10
2029	6651	7
4517	6651	7
2153	163	5
871	163	5
6264	6651	19
5978	5959	2
236	6543	28
2589	6585	28
218	6651	4
750	163	5
4952	4944	2
201	150	4
2209	6651	19
4104	6585	28
2881	6651	7
2986	2976	2
4036	6651	7
727	721	2
5299	6651	7
4049	4024	2
3467	6651	7
1794	6585	28
403	6585	28
2449	6651	3
5764	6651	7
2747	163	5
3415	163	5
3255	6651	19
5071	6626	14
5964	5959	2
1716	6651	19
5612	5612	18
4911	163	5
1443	163	5
3698	6585	28
2362	2359	2
3271	6594	14
4261	6651	7
6529	6651	19
2664	6585	28
241	6549	10
4078	4076	2
3091	6585	28
2497	2497	18
2341	6609	21
811	6651	22
1775	6555	14
3869	6651	19
286	6557	14
1004	6585	28
433	6651	22
3725	6651	19
2784	2782	2
2529	163	5
1905	163	5
635	6585	28
1482	1474	2
3373	163	5
3838	6585	28
616	6651	19
6653	6653	28
4713	6585	28
3195	3192	2
5850	5829	2
5865	6651	7
3822	6651	7
1974	6585	28
1487	6585	28
5401	6609	14
4893	6651	7
4217	6605	14
5646	163	5
3195	6593	14
2108	163	5
6232	6585	28
2991	163	5
3551	6651	7
937	6651	22
6206	6585	28
1585	1582	2
4572	4562	2
2605	6598	14
4360	6585	28
1815	6651	19
6226	6226	18
858	163	5
190	6651	3
6386	6651	19
6545	6575	28
5669	6608	14
1213	6585	28
1700	1699	2
1692	6553	14
2609	163	5
2426	2426	11
3900	6651	19
6474	6651	7
2847	2846	2
4099	6585	28
4238	6585	28
3483	6651	19
5313	6651	7
5119	163	5
1006	6651	7
1847	163	5
3161	3159	2
3347	6651	19
6102	6585	28
5067	6585	28
5432	163	5
5252	6651	19
4890	163	5
1671	6651	7
3050	6651	7
5337	163	5
183	6585	28
6536	6651	7
4535	31	7
6017	6626	14
4619	6651	19
4352	6610	14
4051	163	5
5044	6585	28
1822	6651	19
4922	6651	7
1211	6585	28
1333	6651	19
2995	6598	14
4255	6585	28
3040	3040	18
3541	6651	19
1337	6585	28
1372	6585	28
5532	5508	2
6486	163	5
634	6651	19
3970	6651	7
1724	6651	7
6488	6487	2
1099	1099	18
6170	163	5
1322	1321	2
1403	163	5
285	6651	7
4661	6651	19
1270	143	4
2543	163	5
3588	6651	7
5885	6607	14
3637	6651	7
6574	6546	28
4242	163	5
2783	6552	14
5375	6609	14
2955	6651	19
4082	6651	19
3678	6651	19
3712	3703	2
4225	6651	7
4073	163	5
533	6585	28
4133	6651	19
2573	6651	19
4977	6651	19
4885	163	5
6463	6460	2
3940	6651	7
5440	6651	19
1299	151	4
6642	6543	9
4053	6651	7
536	6651	19
5981	6651	7
1554	6651	7
5309	6651	7
5179	6552	14
423	6559	14
6489	6651	7
6353	6552	14
2944	6591	14
2734	6585	28
5373	5369	2
745	6557	14
2798	2791	2
4908	4883	2
1699	6651	22
3557	163	5
3028	163	5
2570	2564	2
2258	2257	2
5244	6651	19
1639	1636	2
253	6559	21
5651	6585	28
3283	6585	28
176	6651	19
4592	6651	19
5638	5638	18
1580	6651	7
3147	6651	7
6428	6651	7
3777	163	5
3476	6651	7
1149	6651	7
4574	163	5
5009	6585	28
5426	6651	19
6346	163	5
2151	163	5
2072	6651	7
6164	6651	19
6292	6651	7
2084	6651	7
1974	163	5
1630	6651	19
2075	6651	19
6345	6651	7
1106	6651	19
2788	88	7
1695	6651	19
804	6651	19
2725	2716	2
3730	3729	2
3679	6585	28
6017	6651	19
6600	6600	16
3862	6585	28
6047	6651	7
4739	163	5
2037	6556	14
5531	5508	2
778	163	5
5642	6607	14
5515	6651	19
4092	6651	19
2950	6585	28
5201	6585	28
3867	163	5
2503	6585	28
1728	1726	2
3834	3833	2
2270	6651	7
4410	4406	2
6178	6651	19
2534	6585	28
5960	6651	7
5409	6617	14
3070	6651	7
3253	6596	14
3609	163	5
3272	163	5
3565	3560	2
3114	6585	28
4029	163	5
1768	163	5
2417	2417	11
1774	163	5
3799	6621	14
4372	6585	28
3788	6585	28
189	6585	28
432	163	5
299	6585	28
6169	6651	7
3205	6585	28
6277	163	5
5497	6585	28
2217	163	5
6375	163	5
2240	6651	7
2095	2095	18
3118	6591	14
5952	163	5
5183	6651	7
6527	6651	7
2302	2302	18
2593	6585	28
6337	163	5
3195	163	5
4903	6585	28
2457	6543	28
3028	3020	2
2339	2339	11
6078	6651	7
2064	6585	28
4025	6585	28
4592	6585	28
5828	6628	14
5611	6651	7
5623	163	5
2119	6557	14
5197	6585	28
1529	6585	28
407	163	5
4928	6651	7
5038	6651	7
4638	4614	2
6301	6298	2
3159	6629	28
4955	6585	28
5662	163	5
2647	6651	7
4607	163	5
5947	6651	7
3724	163	5
1199	6651	19
6429	6585	28
1206	163	5
5977	5959	2
2350	3	4
4708	6610	14
4162	6628	14
4078	6605	14
4069	6622	14
2305	2302	2
544	6651	7
2110	163	5
2511	6585	28
5037	163	5
1963	6554	14
2076	6559	14
196	6651	3
2429	6543	28
1342	163	5
5579	163	5
1290	6569	12
6295	6585	28
5739	6651	19
2104	2104	18
2642	2641	2
6062	6651	19
245	163	5
5857	6605	14
1949	163	5
3003	2998	2
2385	2385	11
6181	6629	28
6137	6552	14
5222	6651	7
5933	6629	28
4847	6651	19
2735	6585	28
6332	6651	19
1484	6585	28
2198	2194	2
1801	6585	28
917	6651	19
3891	3868	2
4586	6651	7
986	6555	14
4070	6651	7
1514	163	5
2526	6651	7
6014	163	5
6369	6361	2
217	6651	3
870	6556	14
5306	6651	19
5518	5508	2
375	6651	7
2826	6651	19
5046	6585	28
1026	6585	28
2518	6651	19
4128	6651	19
2247	6651	19
5181	163	5
3978	163	5
4058	6651	7
2189	163	5
961	52	7
564	6651	19
163	6629	28
981	6559	14
2753	6594	14
1904	6585	28
1831	6585	28
3375	163	5
1335	6651	19
2343	6609	21
4603	163	5
1266	78	4
2067	6651	7
5946	163	5
3739	163	5
3687	163	5
4216	6585	28
1359	163	5
4605	6585	28
5806	5803	2
6227	6651	19
2733	6651	7
3821	6585	28
6616	6653	6
1480	6585	28
4205	6585	28
1231	163	5
4155	6585	28
6028	6651	19
1854	6553	14
6515	163	5
2294	6651	19
1567	6651	7
534	6651	7
5870	6585	28
4847	6619	14
2884	6585	28
5361	6651	19
3583	6651	19
5914	6651	7
2632	6651	19
4553	163	5
2054	6651	19
2874	163	5
6633	6585	9
2404	2	4
3144	6585	28
1038	6651	19
3202	6600	14
2098	2095	2
3492	3485	2
3138	6651	7
2081	6555	14
2870	2868	2
2729	163	5
3701	6585	28
4626	4614	2
2188	6585	28
4638	6585	28
1587	6556	14
2848	6651	19
6160	6154	2
1927	6585	28
2271	2266	2
3174	6585	28
1647	6585	28
2470	2470	11
1042	6651	19
382	6651	19
6625	6625	16
2388	0	4
466	6651	19
6638	6575	28
795	6651	7
5801	5777	2
1651	6585	28
6576	6546	28
6519	163	5
1080	6559	14
2814	2813	2
2604	6585	28
3733	6651	7
6261	6585	28
1866	163	5
6468	6559	14
5944	6651	19
5175	6585	28
4899	4883	2
5128	163	5
4464	6651	19
6363	6361	2
6085	6554	14
493	163	5
3895	6604	14
1982	1978	2
3046	163	5
3341	6651	7
4434	6585	28
6653	6581	28
3431	163	5
4116	4111	2
5617	6651	19
3008	6651	19
5149	5126	2
5767	163	5
1613	6651	19
4716	6651	7
6473	6651	19
3786	3781	2
4698	6651	19
4094	6621	14
1955	6651	7
1382	6558	14
1254	6569	12
3483	163	5
265	6585	28
3996	6651	7
6431	6585	28
661	6554	14
2721	6651	7
2087	6585	28
489	6651	19
3978	6651	19
371	6651	7
2898	6598	14
988	982	2
1229	163	5
1682	6651	19
1023	6651	7
4601	163	5
5835	5829	2
6394	6585	28
493	6585	28
6105	6651	19
1351	6651	19
352	352	18
3158	6585	28
995	991	2
854	6651	7
2451	4	4
4398	4380	2
2972	2965	2
5611	163	5
3717	163	5
276	6651	7
4098	6625	14
1201	163	5
3079	6651	19
1320	1312	2
1509	6651	19
1530	6553	14
2924	6585	28
1405	6651	7
1665	163	5
2554	6651	7
5635	6651	19
232	6556	21
5126	6629	28
2714	6599	14
1684	163	5
5873	6621	14
5484	6651	19
809	163	5
5711	6651	7
5442	5421	2
3800	163	5
3096	6651	19
6453	6651	19
5151	163	5
4668	163	5
169	6651	19
3113	3106	2
4346	6585	28
5025	6651	19
4722	6651	7
2252	2248	2
6018	6627	14
5528	6651	7
2752	2749	2
1814	1807	2
5662	6651	7
5310	163	5
4634	4614	2
3034	6595	14
6470	6585	28
3578	6585	28
2378	4	4
2948	2943	2
3684	163	5
4495	6651	7
4547	6614	14
6104	163	5
4662	6651	7
6318	6553	14
745	103	7
5405	6613	14
2260	6554	14
5713	6651	19
2780	6599	14
2253	6651	7
4763	6651	7
923	6651	19
6504	6585	28
4363	163	5
3354	6651	7
1388	6651	7
6156	6651	19
5056	6611	14
5893	6615	14
1532	6555	14
3500	6555	14
5221	6651	19
4900	6620	14
2041	6651	22
3265	3258	2
4773	6651	7
6288	6651	19
396	6559	14
254	6559	21
6322	6585	28
5469	6651	19
781	6585	28
480	6585	28
621	6559	14
3437	6597	14
6295	6651	7
6517	6651	7
3108	6592	14
1319	6558	14
6116	6651	19
6466	6651	7
2236	163	5
3510	6585	28
5394	163	5
1984	6651	7
6149	6651	19
1022	1018	2
5287	5265	2
1244	1243	2
6538	6585	28
1086	163	5
2325	6645	10
5931	5907	2
4210	6585	28
1061	6651	7
1608	1600	2
4160	6626	14
6072	6064	2
1853	6651	7
1481	6651	19
6338	6334	2
4921	163	5
5131	163	5
5275	163	5
279	6651	19
5043	5022	2
2653	2652	2
3142	3139	2
332	6651	19
4054	6585	28
6176	6651	19
2965	6629	28
970	6585	28
3115	3106	2
818	6585	28
3035	6651	19
1007	163	5
2625	6651	19
2627	6598	14
6154	6651	22
168	6651	7
5419	6627	14
186	6651	7
1747	163	5
5303	6651	7
3365	3355	2
4212	4189	2
2378	6655	10
2507	6552	14
844	51	7
1346	6558	14
6304	6557	14
6318	6316	2
2755	6651	19
4381	6651	19
3074	163	5
5760	6651	7
888	883	2
1353	6651	19
2414	2414	11
3272	6595	14
4370	6585	28
1368	6553	14
3397	6629	28
4910	4909	2
5249	6651	7
5191	6651	7
1746	6553	14
6591	6542	15
1479	163	5
4062	6615	14
4010	3998	2
4300	6585	28
509	6651	7
3389	6651	7
1914	1906	2
5181	6651	19
2487	6651	7
4226	163	5
2101	2095	2
5751	6651	22
5035	6585	28
3402	3397	2
2767	6651	19
5833	163	5
2692	6585	28
1192	6585	28
3447	3441	2
1084	163	5
5333	6585	28
4759	163	5
3209	6651	7
1308	6600	21
3611	6651	7
697	6585	28
1041	6585	28
3745	6651	7
5995	6604	14
574	6585	28
5770	5751	2
3556	6585	28
5650	163	5
992	6651	7
1404	6585	28
1669	6557	14
5250	163	5
1471	6557	14
2386	2386	11
2025	6585	28
3888	6651	7
3005	6585	28
3705	6585	28
2040	6585	28
3982	6613	14
1507	6585	28
1496	6651	19
1215	163	5
727	163	5
3579	6651	7
3854	6651	19
2371	3	4
5780	5777	2
1826	6585	28
6372	6651	7
3172	6585	28
4871	6651	19
1944	6585	28
6115	6651	19
5157	5152	2
5339	6651	7
3682	6585	28
356	6651	19
1615	6651	19
1018	6629	28
4690	6651	7
2627	2619	2
2434	6651	19
3088	3084	2
5954	6651	19
4625	6585	28
5457	5456	2
2881	163	5
3816	6651	7
1201	6651	7
1624	1618	2
2485	2479	2
3775	6585	28
5762	6651	19
5537	6585	28
2926	6651	19
5552	163	5
2120	2113	2
4034	6651	7
5565	6608	14
2063	2059	2
3956	3946	2
4470	6651	7
6141	6556	14
2433	163	5
1294	1294	11
4232	4215	2
2077	6629	28
4883	6651	22
2375	6644	10
1255	78	4
3626	163	5
2517	163	5
5381	6615	14
5886	6651	19
5086	6585	28
3947	3946	2
1238	1234	2
2707	6585	28
6092	6651	7
6404	6651	19
5087	6616	14
548	6558	14
4593	6608	14
3204	6591	14
5648	6651	7
1415	6651	7
5533	5508	2
488	6651	7
1194	6651	19
1163	6585	28
944	6558	14
346	6554	14
713	6651	7
3941	163	5
2177	6585	28
5805	6585	28
800	6651	19
3912	3894	2
3153	6595	14
2020	163	5
5884	163	5
234	6651	4
2487	6559	14
3512	6651	19
1553	6651	7
3702	6628	14
3116	3106	2
1435	163	5
6076	6651	7
4066	6585	28
1552	6651	7
936	6559	14
2266	6651	22
2568	2564	2
6054	6046	2
1097	6585	28
2399	6543	28
4756	4753	2
2338	3	4
265	6651	19
1696	6651	19
4155	6621	14
3861	6585	28
5103	6651	7
4439	6585	28
4954	6585	28
1177	1171	2
6603	6543	27
5902	163	5
1623	1618	2
5532	6585	28
5968	5959	2
673	9	7
1103	6651	7
4400	6651	7
5741	6585	28
5490	163	5
5214	163	5
3146	6558	14
502	6585	28
1118	6585	28
3210	3203	2
2444	6651	3
5409	6585	28
4840	6651	7
4292	6651	7
5374	6608	14
4360	6651	7
3641	6651	19
5893	5881	2
5513	163	5
3928	6651	7
2952	6585	28
6261	6559	14
1918	1915	2
2496	6559	14
4093	6585	28
3279	6591	14
6056	6585	28
2852	6596	14
2030	6651	19
2724	6651	19
1598	163	5
5256	6651	7
4641	163	5
3760	6651	19
2473	6543	28
4829	6585	28
5605	5586	2
184	6651	7
4742	6651	19
5843	6651	7
6383	6585	28
1504	6651	7
6449	6651	19
4955	6651	19
5422	6604	14
4193	6607	14
4587	163	5
6237	6585	28
3026	6557	14
4110	6651	19
3199	6597	14
5279	6585	28
5574	6585	28
2500	6585	28
4790	6614	14
1161	6559	14
3371	6651	19
277	163	5
6068	6555	14
5289	6627	14
5107	163	5
2007	6585	28
181	6651	22
2525	6651	7
1946	6585	28
2370	6612	21
2129	6558	14
2770	6651	7
2599	2597	2
2780	163	5
3621	6651	19
1721	6555	14
6060	6055	2
3582	6651	22
3399	6585	28
5520	6615	14
3784	6651	19
6147	163	5
4016	6651	19
1969	1969	18
2579	163	5
6042	163	5
6596	6577	28
1478	1474	2
794	6585	28
3017	6585	28
3937	6651	7
1824	6559	14
3707	3703	2
4116	163	5
3449	6651	19
2276	6651	19
5236	6651	7
1041	6651	19
5954	5933	2
2713	2705	2
5735	6651	19
1714	1708	2
2189	6651	7
492	487	2
1002	6651	19
5198	6614	14
3672	6651	19
921	6585	28
1185	6585	28
2188	6554	14
5480	6627	14
1269	6549	10
2072	163	5
3428	6585	28
3591	6599	14
6116	6558	14
5192	6585	28
243	163	5
1071	6559	14
3358	6651	7
5752	6651	7
4935	163	5
4294	6651	7
1151	6651	19
715	6585	28
6028	163	5
6589	61	8
1042	6585	28
315	6651	19
4456	163	5
6043	6020	2
374	6585	28
4969	163	5
6587	6575	28
1782	163	5
4804	6651	19
1670	6558	14
4038	4024	2
592	6557	14
5495	6616	14
4744	6585	28
4378	6651	19
3396	6651	7
1667	6585	28
335	6552	14
975	6651	19
3941	6651	7
4651	6585	28
3360	163	5
5818	6651	7
5684	6623	14
1283	78	4
3006	6598	14
4021	6626	14
1031	1027	2
4920	6651	19
6129	6651	7
841	6554	14
3125	6598	14
2795	6651	7
1253	1253	11
912	6585	28
1299	6549	10
4243	6651	7
2348	6651	3
5475	6651	19
2310	163	5
444	6553	14
6003	6585	28
2927	6596	14
3871	6651	19
4115	6607	14
1289	6651	3
2101	6651	7
1672	6651	22
5942	6651	19
4778	163	5
1445	6651	7
3228	6651	7
487	6651	22
5949	6651	7
6268	6585	28
3826	6622	14
1710	6585	28
1022	6555	14
4742	163	5
1471	1465	2
1810	6554	14
1754	6552	14
1311	1311	11
4004	6651	19
3205	6651	19
310	6554	14
2483	2479	2
6211	6554	14
6516	6651	19
1226	6651	7
6373	6585	28
2315	6604	21
643	6585	28
4959	6585	28
1093	6585	28
4834	6606	14
1334	6585	28
4898	6651	19
5228	163	5
5580	6585	28
751	6651	19
6174	6172	2
2478	6628	21
3343	6651	19
5461	6651	19
4140	6651	7
4366	6585	28
1480	6651	7
2282	163	5
5433	6615	14
6515	6585	28
4915	6651	19
1491	163	5
1713	6556	14
2010	6585	28
2274	6585	28
6062	6558	14
3038	6651	19
4608	6651	19
2573	6599	14
5840	6614	14
4279	6585	28
6141	6585	28
1258	6592	21
2156	163	5
1882	6585	28
3113	163	5
5956	5933	2
2458	6651	3
4265	6585	28
5079	6608	14
2621	163	5
5116	163	5
4821	4805	2
5547	6651	7
2696	6651	7
2302	6651	22
6506	6651	7
5969	6651	7
538	163	5
4122	6614	14
4579	6651	19
2462	6651	4
4245	4241	2
1767	1762	2
5462	5456	2
5789	5777	2
5015	6651	7
4830	4805	2
5612	6651	22
4869	6651	19
1069	1063	2
4665	6651	19
1982	6585	28
4566	6651	7
2379	151	4
2226	2221	2
3754	82	7
4956	6615	14
3250	6651	7
5029	163	5
1167	6585	28
6493	6487	2
4796	6651	19
4980	6651	7
2369	6651	3
5657	6585	28
2301	6651	7
4614	6629	28
2328	151	4
2456	6624	21
248	6585	28
4575	6616	14
1391	6585	28
1736	6552	14
3071	6651	7
6551	45	8
3139	3139	18
199	6655	10
4777	6627	14
3529	6651	7
3647	6651	7
2340	151	4
4642	163	5
6143	163	5
3297	3289	2
1485	6585	28
4035	6651	19
1294	153	4
3498	6651	19
5472	6651	19
2309	2302	2
3618	6651	19
4595	6651	19
5630	163	5
4798	163	5
2922	163	5
1100	163	5
5798	163	5
4351	4345	2
646	28	7
2124	6553	14
1724	6558	14
3997	6585	28
5969	163	5
4425	163	5
4571	6651	19
4761	163	5
4465	6610	14
6020	6629	28
5506	6651	19
522	163	5
5809	6651	19
2900	2890	2
1261	6543	28
5009	6616	14
2814	6651	7
3325	6593	14
3523	6651	19
4548	163	5
1564	6651	22
2614	6585	28
6176	6555	14
2351	4	4
3319	3311	2
4101	6651	7
6333	6559	14
2485	6557	14
5304	6585	28
5567	5560	2
882	6585	28
222	6554	21
2089	6585	28
3467	163	5
5047	6651	7
2272	6585	28
5139	6585	28
6289	6629	28
5129	6651	19
1934	6585	28
2301	6559	14
3686	6651	7
5309	163	5
2517	6651	19
5892	5881	2
3668	6585	28
1854	6585	28
1068	6585	28
5388	163	5
2981	6651	19
2730	163	5
3816	6612	14
3086	6592	14
709	31	7
1916	6552	14
3264	6585	28
1871	1870	2
5384	6651	19
2381	6614	21
5134	6585	28
4606	6621	14
2933	2932	2
6502	6651	19
5719	6585	28
2381	6654	10
5670	6585	28
6630	6629	9
1369	6651	7
3349	6585	28
2394	6541	4
4086	6651	7
2829	6595	14
429	6651	19
5214	5213	2
4780	6585	28
2876	6585	28
1690	6651	22
528	6651	7
3988	6651	7
3688	6651	19
2430	6621	21
588	163	5
238	6543	28
4863	4857	2
316	6629	28
2012	6558	14
6450	6651	19
877	6651	19
1885	6651	19
673	163	5
2712	6651	19
5635	5612	2
464	460	2
916	6651	7
2901	6629	28
6492	6651	7
2360	6552	14
3031	163	5
6032	6615	14
4209	163	5
5284	6651	19
1098	6651	19
6297	6651	7
2453	6565	12
2652	2652	18
4414	6651	7
1607	6651	19
3333	6629	28
4964	6651	19
1128	6585	28
5149	6651	7
4837	6651	7
2512	2506	2
969	6556	14
2267	6651	7
184	163	5
5719	6651	19
3845	6651	7
6386	6558	14
3473	6651	7
5962	6651	7
6501	6585	28
2126	6651	7
1997	6585	28
1528	6629	28
4589	6651	19
3446	6651	19
3547	6651	19
4961	163	5
3334	6585	28
2724	2716	2
3761	6651	19
238	6651	3
5853	6627	14
1055	6585	28
646	6585	28
3144	163	5
3071	6651	19
4655	6609	14
504	163	5
6427	6585	28
6403	163	5
3109	3106	2
1819	163	5
1856	163	5
4580	6651	19
2644	163	5
4187	163	5
2069	163	5
6047	6585	28
6463	6651	19
6470	6469	2
3669	6585	28
4143	4137	2
3047	6585	28
1330	6651	22
5249	163	5
5339	163	5
6133	6127	2
5149	6626	14
2960	163	5
4822	6620	14
6375	6651	19
6321	6651	19
5387	6651	7
3303	3300	2
4323	6607	14
386	163	5
2761	6651	7
5643	6585	28
1152	6651	7
4881	163	5
3714	6614	14
4741	4727	2
5783	5777	2
1399	163	5
5891	6651	19
196	6569	12
3976	6585	28
2703	2694	2
4113	163	5
4473	6618	14
6039	6651	19
5201	6651	19
754	748	2
1199	6651	7
3122	6651	19
3767	163	5
529	163	5
391	388	2
1197	6559	14
3221	163	5
6605	6605	16
1527	1519	2
1684	6554	14
4316	163	5
473	163	5
5023	6585	28
295	6651	7
234	6569	12
785	6651	7
2927	6651	19
3100	6651	19
5903	6651	7
347	6585	28
1924	1924	18
4325	163	5
3592	6651	19
2009	2005	2
5225	5213	2
336	163	5
5555	163	5
6302	6651	19
2942	163	5
5655	6620	14
4077	6604	14
4964	6651	7
5706	6651	7
2402	6654	10
3831	6627	14
4015	6585	28
2395	6543	28
6148	6651	7
5075	6585	28
337	6554	14
3222	3214	2
1072	6629	28
2146	6651	19
3886	6651	19
5592	6585	28
3075	6651	7
3397	3397	18
1733	6558	14
4577	6651	7
5207	6623	14
5854	6585	28
1741	163	5
6579	6577	9
6196	6651	19
1493	6585	28
1670	6585	28
2602	6651	19
6622	6653	6
2844	6599	14
4942	6651	19
1200	6585	28
4006	6651	19
5230	163	5
2436	163	5
5006	6585	28
4775	6585	28
3298	6651	7
1055	1054	2
4517	4510	2
5880	6651	19
3427	6585	28
1290	6597	21
1340	1339	2
4310	6651	7
302	6651	19
1400	6651	19
1507	6651	19
1316	163	5
3877	6612	14
4472	163	5
562	559	2
3377	6629	28
5389	6651	7
6530	163	5
509	6651	19
1944	6651	7
3630	163	5
1464	6585	28
3391	6585	28
4327	6651	7
4162	4137	2
5047	6628	14
1155	6651	7
3021	6585	28
3600	6651	7
1495	163	5
4173	6613	14
5696	6651	7
2616	6598	14
4125	163	5
693	685	2
6285	6651	7
1939	6585	28
5746	6585	28
3538	6629	28
4254	6585	28
5580	6651	19
4762	6651	7
5693	6651	7
2899	163	5
2030	2023	2
1177	6585	28
2954	6629	28
676	6629	28
5428	6610	14
6269	6585	28
3579	6598	14
2011	40	7
2671	6651	7
5207	6651	7
4477	6651	7
1556	6552	14
221	6569	12
2083	2077	2
4418	6651	7
1877	6558	14
6277	6651	7
5890	5881	2
1342	6585	28
4527	6651	7
5095	163	5
3282	6651	7
1972	6554	14
1341	6651	7
4234	6622	14
1408	1402	2
3547	6599	14
2856	6585	28
4151	4137	2
5484	6651	7
5242	5239	2
6386	6379	2
5475	6622	14
5778	6604	14
6244	6629	28
4715	6651	7
1778	1771	2
3570	6651	19
5727	6651	19
568	6651	22
4751	6651	7
1983	6556	14
1833	1825	2
849	163	5
1731	6651	7
2980	6651	7
3086	6651	19
5861	163	5
6397	6629	28
2308	6585	28
6092	6651	19
308	6552	14
3180	6585	28
4033	163	5
2867	2857	2
4174	6651	7
6113	6109	2
4628	6585	28
3691	6651	19
2213	6552	14
5262	5239	2
1070	6558	14
5793	6651	7
1310	6655	10
6365	6555	14
2068	6651	22
6409	6585	28
724	163	5
6396	6651	19
4357	6585	28
4775	163	5
2832	6651	19
2803	6651	7
2864	6585	28
1724	6651	19
1906	6651	22
3841	6651	7
4415	6612	14
5350	5343	2
855	6559	14
4616	163	5
2480	163	5
2806	6651	7
4679	163	5
4354	4345	2
3188	6585	28
4253	4241	2
1370	6585	28
5128	6651	19
582	577	2
3464	3463	2
6280	6629	28
4345	6651	22
949	6554	14
1869	1861	2
3598	163	5
1460	1456	2
1679	1672	2
6059	6585	28
3222	6651	7
307	307	18
2358	149	4
2595	6599	14
655	163	5
2360	163	5
3514	3505	2
4815	6613	14
5925	6585	28
6408	6406	2
3427	6651	19
1374	6559	14
2792	2791	2
2585	163	5
6524	6651	7
1456	1456	18
198	6552	21
2894	163	5
4720	6651	19
247	163	5
3839	6585	28
1725	6651	7
2825	6651	7
1242	6651	7
4827	6651	7
5756	6585	28
3777	6585	28
5448	6651	19
2486	6651	7
2139	163	5
4988	6585	28
2079	163	5
6210	6585	28
4212	163	5
3761	6609	14
4230	163	5
5857	6585	28
6035	6651	7
2642	6651	7
3777	6625	14
3335	3333	2
1169	6558	14
416	6651	19
5561	6585	28
4770	6620	14
2573	163	5
1766	6555	14
324	6651	19
2448	6651	3
6424	6651	22
5521	5508	2
5563	6606	14
488	6552	14
4556	4536	2
288	6559	14
1289	6597	21
363	6553	14
4235	6651	19
936	163	5
362	163	5
4355	6613	14
852	6651	19
4550	6651	7
1335	1330	2
6272	6585	28
2537	6594	14
1156	1153	2
5979	6651	7
1109	6552	14
1536	6585	28
1122	1117	2
4036	6651	19
2170	2167	2
2929	163	5
2368	2368	11
3407	6585	28
292	6554	14
4459	6585	28
5654	6651	7
6143	6651	19
4749	6585	28
3489	6651	7
6599	111	1
6027	6651	7
3630	3624	2
4965	6585	28
5835	6609	14
1950	6559	14
4757	6585	28
1346	6651	7
233	6569	12
3271	6585	28
3558	163	5
6126	6651	19
4218	163	5
6171	163	5
1395	6553	14
6434	6651	7
5384	5369	2
1057	6585	28
5645	6651	7
4807	6605	14
1640	1636	2
5683	163	5
2007	163	5
5610	6651	7
3078	6595	14
4239	4215	2
5526	6621	14
5586	5586	18
3506	6651	7
6366	6651	19
1279	6651	3
5001	6651	7
3158	6600	14
2937	6585	28
1613	1609	2
4354	163	5
5050	6651	7
1175	6555	14
1106	1099	2
5596	6585	28
3580	6651	19
1341	6553	14
2444	3	4
6168	6163	2
5283	163	5
1252	6651	3
3882	6651	19
795	6651	19
2626	2619	2
2231	6651	7
6534	163	5
6069	6556	14
2986	6651	7
666	163	5
3004	6651	19
3814	6651	7
4437	4432	2
5241	163	5
1405	163	5
3270	6585	28
6397	6397	18
5693	5690	2
4791	6615	14
3854	3842	2
2648	163	5
4181	163	5
4489	4484	2
1699	1699	18
1176	163	5
510	163	5
377	370	2
4010	6585	28
1179	6651	7
6408	6553	14
1416	6585	28
5636	6585	28
2320	6647	10
3687	6585	28
3066	6594	14
6599	6601	6
6443	6552	14
2491	6651	7
4614	4614	18
448	6585	28
5002	4996	2
2332	6543	28
3163	6651	19
5839	6613	14
4598	6651	7
4092	163	5
1577	1573	2
3599	3593	2
5646	6585	28
1986	1978	2
811	6629	28
1201	1198	2
721	721	18
2772	6651	19
3217	3214	2
3874	163	5
5702	6585	28
1844	6585	28
1786	6585	28
1940	163	5
6005	6651	19
4174	6614	14
1687	1681	2
768	6585	28
3442	163	5
985	6651	7
1953	6585	28
4091	163	5
476	6651	19
246	163	5
5770	6651	7
4294	6604	14
5850	6585	28
2472	6543	28
5110	6585	28
5755	5751	2
4998	6651	19
5661	5638	2
1777	6585	28
2757	6585	28
2292	6651	19
934	928	2
1570	56	7
1461	6651	19
653	649	2
2605	163	5
3783	6585	28
6335	6651	19
2786	6651	7
5435	163	5
6307	6629	28
2045	6585	28
3692	6585	28
5240	6604	14
3546	6585	28
555	6556	14
3772	6620	14
581	6651	19
4845	6651	7
2911	6591	14
5790	5777	2
2688	6595	14
5396	5395	2
3852	6613	14
345	6585	28
4566	6651	19
211	211	11
6161	6651	7
2805	6651	19
692	6585	28
3226	6585	28
5414	6651	7
1510	6629	28
3295	6651	7
2240	6585	28
297	289	2
1828	1825	2
5897	6651	7
2989	6651	19
1892	6555	14
947	6585	28
2897	6585	28
1542	163	5
3974	6651	19
2377	6651	3
2162	163	5
3661	3655	2
5019	163	5
4693	6651	19
2172	2167	2
2455	6543	28
2013	6651	7
356	352	2
1926	1924	2
1013	1009	2
3907	6651	7
5146	6651	7
2278	6554	14
6164	6552	14
1982	6651	7
5370	6585	28
4711	6651	7
2414	6619	21
2386	6651	3
4663	6651	19
3307	6585	28
3950	3946	2
3358	6593	14
5233	6585	28
5753	6651	7
2681	6651	19
3974	3972	2
3818	6614	14
1260	78	4
3897	6651	7
3423	6585	28
3909	163	5
489	6651	7
914	910	2
5182	6555	14
5782	5777	2
645	6585	28
3829	6625	14
2134	6554	14
215	6569	12
4688	4675	2
810	163	5
3369	6651	19
3169	6651	19
3947	6651	7
3783	163	5
380	379	2
174	172	2
1231	6557	14
5497	163	5
4952	6651	7
2481	6553	14
1200	1198	2
6477	6559	14
3690	163	5
5811	6611	14
4739	6585	28
5003	4996	2
4773	6585	28
4873	6651	19
363	6651	19
3815	6651	7
1020	6553	14
3489	6594	14
5147	6651	7
5103	6606	14
4772	4753	2
5955	5933	2
2532	163	5
1087	6585	28
2215	163	5
2243	163	5
1371	6651	19
343	6651	22
599	6555	14
4105	163	5
4139	6651	7
2048	6585	28
4202	163	5
5992	5985	2
3332	6651	7
1996	6629	28
777	163	5
2451	6655	10
3933	163	5
5457	163	5
2318	6644	10
6444	6442	2
2561	6651	7
3912	6585	28
3868	6629	28
3129	6585	28
1162	6651	22
5975	6585	28
2277	6553	14
4133	4111	2
1645	6629	28
5583	6626	14
5450	163	5
1143	6651	7
6513	6585	28
4765	6585	28
6511	6505	2
770	163	5
3773	6585	28
529	6557	14
2196	6585	28
5756	6651	7
5765	163	5
3642	6599	14
4186	6626	14
5940	5933	2
2808	6651	19
2814	163	5
1695	6651	7
391	163	5
3276	6585	28
3023	6585	28
2100	6651	7
4237	6651	7
3578	163	5
4496	163	5
224	6543	28
5744	6651	19
6392	6651	7
4022	6651	19
4929	6614	14
2991	6594	14
3929	163	5
2008	6651	7
1394	6585	28
378	6585	28
1657	163	5
2786	6651	19
166	6585	28
4575	4562	2
3180	163	5
2418	6619	21
6099	6651	7
2391	3	4
5580	163	5
4417	6651	7
4825	6651	19
1002	6585	28
1084	6651	19
5533	6651	7
5417	6625	14
1800	163	5
882	6651	7
2917	6597	14
3915	6624	14
2726	2716	2
5600	6617	14
859	6651	7
6284	6280	2
869	163	5
2888	6585	28
4600	6651	19
4255	4241	2
2997	6585	28
1036	6651	22
1157	6585	28
4894	6614	14
5271	5265	2
4285	4267	2
5323	6651	19
5071	6651	19
4088	6651	7
1613	163	5
6628	41	1
2770	2760	2
1847	6555	14
2604	6651	19
1512	6585	28
5268	6651	19
2449	6543	28
6168	6585	28
485	6651	19
2382	1	4
3840	6651	7
3338	6585	28
6215	163	5
1961	6552	14
5972	6651	7
3620	6556	14
1934	6651	19
164	6585	28
2179	6651	19
2677	6595	14
207	6651	4
576	6585	28
6511	6585	28
1368	1366	2
4074	163	5
6162	6651	7
3796	6651	19
238	114	4
4994	4970	2
884	883	2
5056	5048	2
5285	6585	28
3566	6651	19
1167	6556	14
6380	6651	7
1320	6651	7
2616	6651	7
1579	6557	14
756	6651	7
3183	163	5
4957	163	5
4955	163	5
5860	6608	14
1767	6585	28
1819	6651	7
3684	6610	14
1860	163	5
5970	5959	2
4460	4458	2
4393	6585	28
3263	3258	2
6465	6651	19
3832	6628	14
3590	6598	14
5515	6585	28
3546	6651	7
711	6651	7
3395	6651	19
268	6651	7
5517	5508	2
3735	6609	14
3776	3755	2
6580	6547	28
316	6651	22
4544	4536	2
1877	6585	28
3349	163	5
2797	6651	19
919	919	18
1686	6585	28
4635	163	5
3988	6619	14
5769	5751	2
6423	6651	19
1238	6651	19
5840	5829	2
5781	6651	19
3812	6651	7
810	6651	7
4279	6651	7
3742	163	5
5912	5907	2
4130	6651	19
428	6585	28
2778	6651	19
5708	163	5
541	6629	28
3964	3946	2
3187	3181	2
4773	6651	19
965	6552	14
4729	6651	19
1750	6651	19
848	6651	19
956	955	2
3519	6651	7
6216	6585	28
5400	6651	19
6057	6553	14
205	6569	12
6574	6578	28
4053	6585	28
265	262	2
2374	0	4
3435	6595	14
1286	6651	3
2573	2564	2
5791	6585	28
1203	6556	14
2070	6553	14
2276	6651	7
5293	6585	28
5666	6605	14
5255	163	5
452	163	5
6485	163	5
6308	6651	7
4734	6651	7
5298	163	5
5421	6629	28
722	163	5
6447	163	5
1691	6651	7
3234	3225	2
3960	6651	19
5343	6651	22
5644	6651	7
3865	163	5
4707	163	5
4757	4753	2
5483	6585	28
1578	6585	28
3072	6651	7
5866	6651	7
3569	6585	28
608	6585	28
2558	6585	28
861	6651	7
5349	6585	28
2945	6651	19
6405	6397	2
6322	6316	2
6597	111	1
2283	6651	7
4687	6651	19
1328	6585	28
3190	163	5
4986	163	5
213	213	11
3777	6651	7
6493	6585	28
814	811	2
3090	3084	2
1276	6543	28
2644	6651	7
5268	6651	7
4141	6607	14
1992	6556	14
2300	163	5
1545	6651	7
2847	6651	19
1184	163	5
2938	6651	7
6456	6585	28
6501	6556	14
663	6585	28
1400	163	5
2209	6557	14
2904	6651	7
4535	6651	19
473	6651	7
1794	163	5
4623	6612	14
2437	6556	14
1693	6585	28
5962	163	5
578	6552	14
504	6651	7
6034	6585	28
852	163	5
4028	6607	14
5652	163	5
4308	6651	19
4807	4805	2
665	6651	19
4735	6585	28
4823	6585	28
4860	6606	14
2773	163	5
4570	6651	19
5367	6585	28
4242	4241	2
6481	6651	7
5058	5048	2
6324	6651	7
4780	6651	19
1202	6651	19
4125	6651	7
2765	2760	2
1896	1888	2
3530	6593	14
1603	6651	7
724	6651	7
2742	6651	19
4052	163	5
6200	6199	2
2195	6552	14
6134	6558	14
5169	6651	19
2985	6585	28
1426	6651	7
4091	6618	14
5075	5074	2
4183	163	5
1371	6651	7
6051	6651	19
3327	6595	14
4176	6585	28
5726	6585	28
3362	6651	7
2777	6651	7
969	163	5
4922	6651	19
2984	6585	28
3559	163	5
5508	6651	22
2273	6651	7
1390	6557	14
3610	6585	28
909	901	2
4096	6651	19
5532	6651	7
540	6585	28
1647	6553	14
3305	6585	28
3232	3225	2
4701	6629	28
287	6651	19
1203	6585	28
2542	6585	28
2755	163	5
710	703	2
3271	6651	19
6319	6585	28
3009	3009	18
6358	163	5
3938	6621	14
3685	163	5
208	102	4
3610	6596	14
3390	163	5
5318	5317	2
3845	6651	19
841	838	2
2792	6651	19
4026	6651	7
966	6585	28
6508	6651	7
4242	6585	28
6448	6585	28
4705	163	5
1711	6651	7
2361	163	5
5196	6612	14
755	6558	14
5955	6651	19
5885	163	5
3041	3040	2
1979	6585	28
3720	6620	14
707	6651	19
2819	6596	14
3273	6596	14
2160	2158	2
6534	6651	7
4552	6619	14
2948	6585	28
5380	163	5
1233	1225	2
4681	6651	19
886	6651	19
5326	6585	28
866	6585	28
4383	6651	7
4092	6651	7
414	6559	14
3825	6651	19
1835	163	5
342	6651	19
6419	163	5
2040	6651	19
2591	163	5
3026	163	5
4274	6651	19
5798	5777	2
5496	6617	14
2415	6543	28
4073	6626	14
5450	6651	19
1413	1411	2
173	6651	7
2342	6651	3
6274	6585	28
5984	5959	2
5951	6651	19
429	163	5
1019	1018	2
572	6555	14
2849	6651	7
5307	6651	19
5657	6651	7
3915	6585	28
2261	6585	28
4796	4779	2
4147	4137	2
5438	6585	28
5065	163	5
4196	4189	2
843	6556	14
3457	163	5
6256	6651	7
5216	6651	19
3880	6585	28
5737	6615	14
2889	163	5
6152	6145	2
1321	6651	22
1012	6651	19
3615	6629	28
4098	6651	7
318	6651	19
3083	163	5
5637	6628	14
1836	1834	2
2295	6553	14
5441	6651	7
3016	6585	28
5042	6585	28
2508	2506	2
2390	6651	3
290	163	5
3213	6585	28
5272	6610	14
4637	6651	19
288	163	5
3584	6651	19
1404	6553	14
4375	4371	2
4937	163	5
4646	4640	2
801	6651	19
3860	3842	2
4615	6651	19
6498	6651	7
2922	6591	14
1970	6651	7
961	163	5
4062	163	5
4530	6623	14
3951	6608	14
4448	6651	7
4398	6651	19
4559	4536	2
5708	6621	14
4573	6651	7
4235	6585	28
5130	6651	19
6408	163	5
712	6629	28
2486	6558	14
277	6557	14
1486	163	5
5205	163	5
3545	6585	28
5401	6651	19
3766	163	5
6623	6651	1
4358	163	5
1168	6557	14
4695	163	5
3756	3755	2
3913	6622	14
6531	163	5
2556	6651	7
1761	6559	14
3346	6585	28
4399	6622	14
1942	6651	22
4632	6585	28
1449	6585	28
1156	6651	19
1059	6585	28
4793	6617	14
3792	6614	14
4485	6585	28
385	6585	28
3945	6651	19
3569	163	5
4039	163	5
3968	6625	14
1822	1816	2
1464	6559	14
2274	6651	7
1851	1843	2
4938	163	5
4191	6585	28
598	6585	28
3870	6605	14
4746	6651	19
3384	163	5
2942	6585	28
5810	6610	14
5435	6617	14
4913	6555	14
1088	6585	28
3252	6585	28
4284	6651	19
3163	163	5
232	6651	3
3684	6651	19
980	973	2
1598	6651	7
1903	6557	14
1297	6598	21
2572	6651	7
5463	6651	19
5930	6651	19
4844	163	5
3392	6651	7
5259	6623	14
2217	2212	2
6207	6559	14
5366	6585	28
1556	1555	2
1563	6651	19
6638	6585	9
5640	5638	2
2049	6585	28
4465	6585	28
4636	6585	28
4322	6651	19
5704	6651	19
2545	6651	7
511	505	2
4223	6585	28
5918	5907	2
5918	6614	14
3825	6621	14
3616	3615	2
5856	6604	14
3145	6651	19
2484	6651	19
4960	163	5
4680	6651	7
925	6651	7
3537	6585	28
1883	6651	19
2194	6651	22
4430	4406	2
1692	163	5
4714	4701	2
4015	6620	14
2935	6651	7
6170	6651	19
4250	6585	28
5759	6651	19
1140	6585	28
6050	6555	14
4080	6607	14
6041	6624	14
3096	163	5
5197	6613	14
2130	2122	2
6458	6451	2
3147	6651	19
4476	6651	19
3606	6585	28
2286	6651	19
1669	6651	7
1766	6651	7
272	6585	28
4287	163	5
6064	6651	22
1204	1198	2
6320	6651	19
837	6585	28
2120	6585	28
3819	163	5
4459	163	5
5380	6651	7
3338	6595	14
1874	6651	7
729	163	5
1956	6651	19
5767	6619	14
3842	6651	22
334	6629	28
3037	163	5
5691	5690	2
4504	4484	2
4168	6651	19
2643	2641	2
4764	6651	7
6495	6651	19
6344	6651	19
2437	6651	19
2300	2293	2
1721	6585	28
1174	6585	28
4488	163	5
385	6557	14
192	6651	3
2481	163	5
1829	1825	2
3725	6651	7
4794	6585	28
3688	6585	28
216	102	4
5055	6651	7
3108	6651	19
270	6585	28
4960	6619	14
584	6651	7
175	6651	19
2321	4	4
1732	163	5
2963	6651	19
1177	6651	7
3315	6585	28
4424	6585	28
3466	3463	2
1497	6651	7
3099	6651	19
4182	6651	19
344	6552	14
6432	6424	2
5569	5560	2
4743	6585	28
4669	6585	28
683	676	2
2499	2497	2
5570	163	5
4574	4562	2
200	6549	10
1105	103	7
1838	6651	7
3178	6651	19
1308	6645	10
1598	6558	14
1020	6651	19
4217	4215	2
2103	6559	14
479	6651	19
3383	113	7
3881	6651	7
3621	6585	28
347	6651	7
5611	6585	28
1794	6651	19
3803	6651	7
4385	6651	7
4164	6651	19
3616	6651	7
5531	163	5
1347	6585	28
4819	6651	7
1846	163	5
4366	6624	14
235	6556	21
6182	6552	14
6467	6558	14
678	163	5
6138	6651	19
5906	5881	2
2882	6651	19
875	6651	19
1083	163	5
3930	6613	14
5495	6651	7
4153	6651	19
887	6585	28
4640	6651	22
3145	83	7
4058	6585	28
3287	6585	28
189	6651	19
6278	6558	14
2373	6651	3
1097	6558	14
4984	4970	2
3720	3703	2
3171	3170	2
2535	2533	2
3718	6651	19
4948	6651	7
1826	1825	2
1875	1870	2
3825	6651	7
3399	6651	19
1263	1263	11
1491	6559	14
3496	3496	18
953	138	7
913	6585	28
535	6651	19
5419	6651	19
439	6557	14
4366	4345	2
1859	6651	19
2960	6596	14
5737	5725	2
1261	6569	12
4287	6651	7
4633	6585	28
5252	6651	7
5381	5369	2
2342	1	4
3165	163	5
6243	6651	19
226	6549	10
881	6585	28
2109	6585	28
6286	163	5
1258	143	4
244	6651	7
4164	6604	14
1737	163	5
4926	163	5
2315	6565	12
2106	6651	19
5198	6651	19
5042	6623	14
2386	6543	28
1015	68	7
3299	6600	14
5625	5612	2
2384	3	4
6311	6651	7
2734	6651	19
5719	163	5
3464	163	5
3499	3496	2
2671	6559	14
3043	6585	28
388	6629	28
2107	6651	19
5883	5881	2
1063	6651	22
5861	6651	7
692	6651	7
2850	6651	7
3189	6651	19
4572	6613	14
1650	6585	28
2221	2221	18
3711	6585	28
4658	163	5
2913	6585	28
6467	6585	28
3784	6651	7
4309	163	5
2729	6592	14
2742	6585	28
2932	2932	18
2647	6585	28
3607	163	5
4257	6651	19
4230	6618	14
1668	1663	2
4202	6651	7
924	6585	28
6065	6552	14
5135	6612	14
772	163	5
2656	6651	19
3611	6651	19
1144	1144	18
3830	6626	14
1188	6585	28
1838	6651	19
2380	6565	12
273	163	5
3191	6651	7
2877	6599	14
3961	163	5
2053	2050	2
3777	3755	2
4751	6585	28
1515	6651	7
335	6651	19
1247	163	5
3292	163	5
4864	4857	2
3680	3677	2
3508	6585	28
3786	6608	14
1632	6585	28
254	6651	4
1749	1744	2
1768	6651	7
3561	6651	19
1873	1870	2
2870	6592	14
4478	6585	28
993	991	2
2875	6597	14
1373	6585	28
1622	1618	2
5337	6651	19
2678	6651	7
5779	6651	7
5939	6651	19
5426	6608	14
4844	6651	7
6119	6118	2
5665	5664	2
5072	5048	2
4027	6651	7
1826	6651	19
5064	5048	2
585	6651	7
2928	163	5
4037	6651	7
3455	6651	19
840	838	2
2191	6557	14
2078	163	5
1235	163	5
2863	6651	7
3628	163	5
450	6651	7
3965	6651	19
6488	6552	14
1660	1654	2
4451	6651	7
2522	6585	28
2199	6651	7
453	6651	7
2040	6651	7
695	6651	19
2064	6556	14
2265	6585	28
2884	163	5
895	6651	19
5877	5855	2
2526	6585	28
1059	6651	7
5279	6651	19
195	6651	3
698	694	2
3606	3604	2
794	6552	14
6529	6557	14
5794	6651	7
6116	6109	2
4949	6651	19
1559	6651	7
4648	6651	7
1783	6585	28
851	6555	14
1774	6554	14
3121	6594	14
3586	6585	28
1006	6585	28
2389	6644	10
674	6558	14
2990	6593	14
2012	6651	19
1281	6543	28
6348	6556	14
3544	6585	28
5485	163	5
2745	2738	2
3795	3781	2
6233	6651	7
1484	1483	2
3613	163	5
6309	6585	28
6241	6651	7
6000	6651	19
5721	6585	28
3809	6651	19
3241	163	5
4334	6651	19
5461	6608	14
3678	3677	2
387	6651	19
920	6651	19
3384	6558	14
5963	6585	28
4465	6651	7
6521	6558	14
1573	1573	18
3564	6585	28
6578	6546	28
5024	6585	28
2836	6585	28
2911	6651	7
1342	6651	7
4411	6608	14
1854	163	5
3959	6585	28
3116	6600	14
2457	6655	10
448	6651	19
3629	6651	7
1404	6651	7
4071	6651	19
1696	1690	2
1785	163	5
1905	6585	28
2222	6552	14
3364	163	5
436	6554	14
453	163	5
1601	6552	14
5080	163	5
5109	163	5
1989	6585	28
5577	163	5
4798	6622	14
4035	6614	14
939	6651	19
750	748	2
4317	6627	14
219	6543	28
2471	0	4
5010	6617	14
1698	6651	7
542	163	5
669	667	2
1543	163	5
3795	6651	19
6314	6651	7
4112	6651	7
260	156	4
188	6558	14
165	6553	14
4671	163	5
1584	1582	2
4519	6612	14
1482	6559	14
4257	163	5
4863	163	5
1765	1762	2
4627	6651	7
1975	6651	19
2387	2387	11
4660	163	5
3371	3366	2
4255	6651	7
1301	6599	21
2634	6651	7
1490	6651	7
5800	6651	19
4784	4779	2
1051	6585	28
4497	6651	19
4093	6651	7
174	6585	28
2447	6543	28
1172	1171	2
6081	163	5
701	6651	19
635	631	2
4101	6651	19
2801	6585	28
4223	6651	19
975	973	2
3228	3225	2
266	262	2
5676	163	5
3808	6651	19
3814	6610	14
4620	6651	7
2065	6557	14
2352	2352	11
4342	6651	7
1136	6552	14
2087	2086	2
202	102	4
1538	163	5
4491	4484	2
6083	6651	7
3231	163	5
5145	163	5
1887	163	5
2617	6599	14
2793	163	5
4319	6651	22
1468	6651	19
4344	6651	19
5617	5612	2
5218	6651	7
4399	6585	28
5449	5447	2
3543	6585	28
5809	163	5
5563	6651	19
6548	6578	28
1443	6651	7
1303	78	4
5820	6585	28
337	163	5
1289	6644	10
3248	6585	28
4810	6608	14
2071	6651	7
3645	3644	2
4079	6606	14
2992	2987	2
4722	6585	28
790	163	5
5862	6651	7
426	6553	14
1138	6585	28
3240	6585	28
2992	6585	28
4949	6651	7
2988	163	5
4464	6609	14
6286	6557	14
3391	163	5
5199	6651	19
3596	6651	19
4563	6651	19
2782	6629	28
754	6557	14
5530	6651	19
5350	6651	7
4165	6605	14
6036	163	5
2649	6598	14
1895	6558	14
2560	6651	7
5857	5855	2
1715	6558	14
5245	6585	28
2657	6595	14
4991	6651	19
3296	3289	2
332	6558	14
3599	6596	14
5896	163	5
1082	6552	14
1190	6651	19
1073	1072	2
3763	6611	14
386	6585	28
1726	6651	22
3555	163	5
3841	163	5
4314	4293	2
1217	163	5
1973	6555	14
6552	6552	16
422	6585	28
4681	6651	7
4203	6651	19
5316	5291	2
3117	3117	18
4578	6585	28
1313	6651	7
2737	163	5
6310	6554	14
800	6651	7
1061	163	5
3436	6585	28
6355	6352	2
697	6554	14
3103	6651	7
245	6651	19
2465	6626	21
5453	6585	28
1378	6651	7
5781	6607	14
6405	6585	28
5293	6651	7
1220	6651	19
4253	163	5
1147	6651	7
2702	6598	14
3290	6591	14
2017	6651	19
2371	6647	10
1268	6651	3
1045	6651	22
6010	5994	2
5935	5933	2
555	6651	19
2668	6651	19
736	9	7
5858	6651	19
1794	6556	14
1426	1420	2
729	6585	28
957	163	5
1911	6585	28
2216	6555	14
3324	3322	2
374	163	5
3933	6616	14
4260	6651	19
4531	6651	19
3218	6585	28
5743	6651	7
917	6651	7
763	6651	19
1639	6585	28
821	6585	28
4501	6620	14
6146	6552	14
4295	6651	19
4972	4970	2
1952	6552	14
4963	163	5
832	6585	28
954	6651	19
2275	6651	22
3174	3170	2
4752	6628	14
5814	6651	7
5936	6606	14
3780	6585	28
1743	6651	19
6218	6552	14
1435	1429	2
3257	6600	14
5310	6651	7
595	6629	28
3863	163	5
6098	6558	14
5547	5534	2
5465	163	5
2654	6585	28
2575	6629	28
4248	6651	19
2779	6651	7
4180	6651	19
2984	6651	7
806	6651	7
1376	6585	28
1578	1573	2
5467	6614	14
5302	6651	7
3236	3236	18
1228	6585	28
4173	6651	7
3437	6585	28
4156	4137	2
5621	163	5
1821	6651	19
2630	2630	18
196	6552	21
4704	6651	7
1898	6651	19
1356	6559	14
1907	6585	28
283	6585	28
6044	6627	14
3301	3300	2
4778	6651	7
6127	6629	28
1369	6554	14
2442	6622	21
5848	6585	28
6111	6651	7
1755	6651	7
5907	6651	22
2682	2672	2
4900	6651	19
4953	6651	7
5105	6608	14
1317	6556	14
4121	6651	7
4009	6651	19
4052	6585	28
2596	6585	28
5319	6605	14
6088	163	5
1764	163	5
4746	6622	14
3698	6624	14
4850	163	5
1402	6651	22
361	6651	22
5418	163	5
3227	6651	7
3010	3009	2
783	6585	28
3526	6651	19
2717	6651	19
4804	6628	14
5327	5317	2
4238	6651	19
3884	6651	19
4403	6585	28
623	6651	19
6593	6542	15
2627	6585	28
6117	6651	19
3097	3095	2
2511	2506	2
1234	6651	22
5900	6651	19
5254	6585	28
5244	6585	28
314	6651	19
2597	2597	18
5168	5152	2
5351	6651	19
2486	6585	28
4235	6651	7
3270	163	5
912	163	5
4447	163	5
3551	6651	19
1480	6557	14
933	6556	14
4809	6585	28
3052	6585	28
5594	6651	7
2015	6651	7
3379	6553	14
5624	6615	14
1806	6585	28
4189	6651	22
2710	6651	19
1364	6651	19
4995	6628	14
5473	163	5
5656	5638	2
5138	6585	28
5572	163	5
2793	6651	7
3504	163	5
2344	6609	21
1175	1171	2
4551	6651	7
1190	6651	7
4442	6585	28
6469	6629	28
5242	6585	28
1496	1492	2
1556	6585	28
1635	6585	28
2354	6651	3
2811	6651	19
591	586	2
533	6651	19
5285	5265	2
3359	3355	2
4162	163	5
5192	6608	14
5396	6651	19
4879	6585	28
4717	6651	19
2178	6651	19
6413	6585	28
5529	5508	2
266	6555	14
4464	6651	7
2170	6651	7
2414	6651	3
6639	6544	25
525	6585	28
3489	6651	19
5692	6651	7
2400	151	4
3916	6585	28
3612	3604	2
6061	163	5
6252	6651	7
1873	6651	19
1217	6552	14
1442	6651	7
206	6651	4
5106	6609	14
1475	163	5
5987	163	5
6198	6651	7
1938	6556	14
1663	6651	22
1882	6651	7
2078	6585	28
4829	163	5
4715	6617	14
3286	6585	28
4558	6625	14
4407	6585	28
929	6552	14
4674	163	5
3567	3560	2
5548	163	5
2712	6597	14
843	6651	7
3892	6585	28
608	604	2
824	6651	7
6054	6651	7
6021	6651	7
3419	6651	22
3719	6619	14
6319	6316	2
2958	6651	7
2106	6553	14
2942	6651	7
2929	6651	19
310	163	5
1771	1771	18
3123	6651	19
1472	6558	14
2775	6651	7
2576	6591	14
4491	6610	14
3290	6585	28
6320	6316	2
6085	6651	7
4799	6651	7
2303	6552	14
3263	6651	7
3993	163	5
4047	163	5
1748	163	5
2198	6585	28
3292	6651	19
1652	163	5
2012	163	5
5797	163	5
3676	163	5
2020	6557	14
162	6651	13
4315	163	5
4689	6651	7
4609	6585	28
2685	2683	2
3421	163	5
5698	6585	28
5642	163	5
4624	6585	28
3613	6585	28
5796	6585	28
3532	6651	7
4737	6651	19
5258	163	5
6510	6556	14
2626	6597	14
289	289	18
4843	4831	2
1303	6647	10
3808	3807	2
661	163	5
4462	6585	28
551	6651	7
2028	6556	14
5905	6627	14
6367	6585	28
5177	6628	14
4091	6651	7
1941	6559	14
1783	1780	2
971	163	5
416	415	2
705	6553	14
3091	6651	19
5138	6651	19
3767	6651	19
978	6651	7
2052	2050	2
3179	6585	28
4618	6651	7
5478	6625	14
1949	6558	14
5233	5213	2
3777	6651	19
4930	6651	19
1642	163	5
3895	163	5
5749	6651	19
2717	163	5
5701	5690	2
3758	6585	28
2878	163	5
5238	5213	2
5140	5126	2
3038	6651	7
5903	6651	19
739	739	18
503	163	5
3448	163	5
575	6558	14
4072	163	5
3471	3463	2
1118	1117	2
1883	6651	7
2424	4	4
6617	6617	16
1495	1492	2
4491	6585	28
708	703	2
1820	6651	7
4722	4701	2
4517	6585	28
2804	6651	19
5492	163	5
4896	4883	2
1569	6651	7
1836	6651	7
2525	6651	19
4758	6651	19
4829	6651	7
408	406	2
4748	163	5
525	6553	14
2396	6543	28
3834	6585	28
663	6651	19
2686	163	5
2131	6629	28
5276	6585	28
2511	163	5
2271	6651	7
2061	6651	19
1752	1744	2
6220	6585	28
255	6543	28
677	6552	14
4463	163	5
3017	163	5
6305	6651	19
4139	6605	14
5388	5369	2
544	541	2
1499	1492	2
816	6651	19
285	6651	19
2376	2	4
6423	6559	14
6327	6325	2
918	6585	28
1089	163	5
833	829	2
4688	6585	28
1140	1135	2
3077	3073	2
6215	6208	2
2718	6651	19
2458	151	4
4765	4753	2
6322	6557	14
3952	3946	2
1808	6651	7
175	6585	28
4718	163	5
2929	6585	28
835	6585	28
3340	6597	14
6580	6651	25
3733	6607	14
4381	4380	2
3585	3582	2
1620	163	5
3154	3148	2
1941	6651	19
6008	6651	7
5998	6651	7
5172	6651	19
5078	6607	14
1918	6651	19
776	6651	7
5992	6585	28
576	6651	7
4106	6651	7
3930	6651	7
2277	163	5
4339	163	5
620	613	2
3906	6651	19
6018	6651	19
3632	6559	14
5869	6585	28
2514	6651	7
4565	6651	7
2205	6553	14
1863	6585	28
1045	6629	28
3882	6585	28
5731	163	5
5740	5725	2
2331	6565	12
3131	3128	2
6430	6557	14
2310	2302	2
3985	6585	28
6157	6651	7
4919	163	5
3806	6628	14
4695	6585	28
5151	5126	2
299	6651	19
4552	6651	7
5638	6629	28
1003	1000	2
6156	6651	7
6405	6651	7
1110	1108	2
1230	6585	28
6227	6585	28
4863	6585	28
6290	6289	2
3664	6585	28
1817	6552	14
3797	6619	14
5247	6651	7
5223	6651	7
830	6651	19
2573	6651	7
4262	4241	2
5791	6651	7
521	6651	19
2420	0	4
3157	6651	19
1181	6552	14
6331	6325	2
2286	6585	28
3057	6585	28
2218	6585	28
3594	6585	28
4983	163	5
902	6651	7
2437	6585	28
5820	163	5
6529	6585	28
660	6651	7
451	451	18
714	6651	19
3553	6585	28
3353	6585	28
5749	6627	14
1668	163	5
6245	6552	14
4460	6651	7
4870	6651	7
3911	163	5
3566	3560	2
4984	6617	14
5386	6585	28
2845	2835	2
5414	163	5
423	415	2
5661	6626	14
497	6552	14
3477	6651	7
2357	6543	28
1130	6585	28
2039	6585	28
3217	6593	14
3672	6585	28
524	6552	14
2368	6654	10
2022	6651	19
5027	6608	14
6267	6651	19
294	6556	14
312	6556	14
978	973	2
4827	6651	19
3662	6597	14
460	6629	28
5323	6609	14
2904	6585	28
3774	6622	14
484	6651	19
6588	6581	24
2624	6595	14
5272	6585	28
3282	6651	19
1748	6651	7
5936	6585	28
3346	6651	7
5412	6620	14
1542	6651	19
1358	6552	14
5287	163	5
2235	6585	28
2863	2857	2
5041	6651	7
1104	163	5
5992	6558	14
325	325	18
990	6585	28
2711	6596	14
1279	6543	28
467	6651	7
945	6651	7
4457	6651	19
6073	6651	22
1931	1924	2
5153	6585	28
5366	163	5
3498	6585	28
5072	6585	28
974	6585	28
5144	6651	7
3662	6651	7
1763	6585	28
3358	6585	28
3960	163	5
953	6585	28
5360	163	5
1093	6651	7
3241	6595	14
5521	6651	7
4513	4510	2
1590	6651	7
5443	6651	7
519	6651	7
6508	6554	14
5257	6585	28
4191	163	5
2143	6651	19
4998	6651	7
1125	6559	14
1220	1216	2
4732	6585	28
4703	6585	28
6084	6082	2
3992	163	5
850	6554	14
1326	6556	14
4522	4510	2
4637	163	5
5818	5803	2
6071	6651	19
1638	6651	7
3450	6651	19
4459	6604	14
6259	6253	2
3961	6651	19
392	6585	28
4127	6651	19
3042	163	5
980	6651	19
481	6651	19
5292	6651	7
1810	6585	28
2346	6549	10
362	6585	28
2114	6651	7
1286	153	4
4033	6651	7
6560	6561	28
275	6555	14
1218	1216	2
3472	6599	14
5540	6585	28
2297	2293	2
3242	3236	2
3661	163	5
5271	6651	19
3229	6594	14
2363	163	5
3056	6585	28
5139	5126	2
764	163	5
272	6552	14
761	6651	7
245	6585	28
5026	6585	28
6166	163	5
2915	163	5
2431	6621	21
4134	6651	19
6111	6651	19
2536	6651	7
2164	6651	7
5483	163	5
2284	6651	22
3105	6651	7
4797	6651	7
2727	6651	22
842	6651	19
3738	3729	2
2327	6565	12
474	6651	19
3426	6585	28
4825	163	5
4720	6651	7
2361	6651	19
1576	6651	19
1861	1861	18
5237	6651	7
1597	163	5
839	838	2
3546	6598	14
4949	4944	2
313	163	5
3697	163	5
5865	6651	19
5824	6651	7
1256	6651	3
792	6559	14
3193	3192	2
2754	6595	14
2788	163	5
1054	6629	28
195	195	11
5175	6626	14
1434	163	5
781	775	2
4375	6651	7
6552	60	1
4257	6651	7
5286	163	5
970	6557	14
1458	6651	19
4032	6651	19
3732	6585	28
2793	6592	14
5376	6610	14
2429	6647	10
1621	6651	19
1694	6651	19
6572	6651	25
5212	6651	7
1107	6651	19
6137	6651	7
265	163	5
3994	6625	14
3400	163	5
2867	6651	7
4324	6651	7
6126	163	5
1714	163	5
5548	5534	2
3715	6651	19
5164	163	5
906	6585	28
5049	6585	28
5214	6604	14
5177	6585	28
3789	3781	2
994	6554	14
5527	6585	28
2490	6553	14
2554	6651	19
603	6585	28
2818	6651	19
1520	6651	7
3324	6651	19
939	6651	7
814	6554	14
1171	6651	22
458	6585	28
259	6651	3
4167	6607	14
3246	6585	28
951	6585	28
6619	6651	1
2681	163	5
5271	6651	7
3828	6585	28
1739	6651	7
5670	6651	7
4442	6651	19
3249	6651	19
5808	163	5
6512	6505	2
2052	163	5
4481	4458	2
1699	6629	28
5603	5586	2
3580	6651	7
2060	163	5
1236	6585	28
3337	6651	7
4945	6604	14
851	847	2
5082	6585	28
3087	6651	19
4575	6585	28
431	6585	28
5931	6651	7
2190	6585	28
907	163	5
2386	6614	21
2298	2293	2
4646	163	5
499	496	2
4652	6651	19
3660	3655	2
4404	6651	19
6155	163	5
218	6651	3
5535	163	5
1232	1225	2
429	424	2
5341	5317	2
6031	6020	2
6456	6556	14
5191	5187	2
414	6651	19
6072	6651	7
3415	6651	19
4661	4649	2
580	163	5
1774	6651	7
5547	6651	19
4838	6651	7
5259	6651	19
1614	6651	19
5735	6585	28
867	865	2
2057	6585	28
4243	6651	19
1212	6651	7
6521	158	7
2601	2597	2
1874	6555	14
6300	6585	28
746	6651	7
1744	6651	22
3442	3441	2
3801	6651	7
931	6554	14
1302	6645	10
5653	163	5
2276	163	5
3049	6599	14
3716	3703	2
3670	6594	14
2621	6585	28
2128	6585	28
2769	6585	28
1396	6651	7
6308	6552	14
857	163	5
6065	6651	7
4084	4076	2
1675	6651	7
2828	6594	14
6506	163	5
5955	6625	14
5700	163	5
6384	6585	28
1912	6557	14
3151	3148	2
1645	1645	18
3405	6651	7
3108	6585	28
4595	6651	7
2265	6559	14
5730	6651	19
709	6557	14
3517	3516	2
1944	1942	2
2155	2149	2
242	6629	28
5376	6585	28
410	6651	19
1751	6558	14
2531	6558	14
3319	6651	7
2536	163	5
3848	163	5
2187	6651	7
1838	6585	28
6046	6651	22
3827	163	5
3173	3170	2
5518	163	5
5916	6651	19
6465	6585	28
1026	163	5
6355	6585	28
5409	6651	7
4659	163	5
1668	6651	7
4852	6651	19
6016	6651	7
4261	163	5
3340	6585	28
2720	6594	14
4311	4293	2
5091	6651	19
1505	6555	14
881	6651	19
5863	6651	19
398	6651	19
1411	6629	28
4800	6624	14
5417	6651	7
4435	4432	2
2153	6651	19
4208	163	5
3274	6597	14
3965	6651	7
5206	5187	2
1007	6558	14
2343	6543	28
4078	6651	7
2226	6651	7
6246	6585	28
5875	163	5
456	451	2
3758	6606	14
826	820	2
6302	6298	2
2666	6554	14
696	6585	28
5678	6651	7
4133	6585	28
4875	6651	19
1017	6585	28
1057	1054	2
3422	6585	28
3690	3677	2
3254	3247	2
2755	6596	14
2118	6556	14
1079	6558	14
356	163	5
3854	6651	7
5725	6651	22
5761	6585	28
2908	6651	19
1528	1528	18
2309	163	5
4138	4137	2
823	6585	28
2162	6651	7
2946	6651	7
748	6651	22
5941	6651	7
5256	5239	2
3929	6585	28
2563	6651	19
3666	6629	28
6342	6334	2
1796	6651	19
5812	163	5
3272	3267	2
1526	6651	7
221	156	4
5224	5213	2
404	397	2
4534	6651	19
1795	6651	19
3805	6585	28
5384	6618	14
5812	6651	19
1803	6651	19
5385	6651	7
1124	6558	14
5101	163	5
6382	6651	19
6235	6235	18
2884	6595	14
4817	6615	14
5806	6585	28
3828	6651	7
2819	6651	7
6320	163	5
1587	6651	19
496	6651	22
1035	6651	7
6169	163	5
1061	6585	28
364	163	5
2509	6585	28
2086	2086	18
3266	6651	7
844	6651	19
3634	6651	7
2952	2943	2
1605	6651	19
2236	6585	28
3903	3894	2
297	6585	28
6081	6073	2
2303	6651	19
5463	6610	14
1928	6651	7
3003	6651	7
3449	6598	14
867	6585	28
1518	163	5
6597	6577	28
290	6585	28
2863	163	5
5737	6651	19
6480	6651	19
1008	1000	2
2558	2553	2
5348	5343	2
3891	6585	28
1067	1063	2
4373	6585	28
5131	6651	7
4643	6651	7
1998	6651	7
4553	6585	28
5311	6623	14
6053	6585	28
5352	5343	2
2428	6651	3
6495	6651	7
2523	163	5
1015	6585	28
4212	6626	14
1676	6585	28
5359	6651	7
3746	6620	14
330	6556	14
4326	6651	19
5573	6651	19
4764	6614	14
5473	6620	14
6372	163	5
5971	6651	7
5041	6585	28
3395	6651	7
772	6651	19
5074	6651	22
4053	6606	14
6294	163	5
6342	6651	7
3832	6585	28
1142	6585	28
6087	6556	14
2714	6651	7
719	6585	28
1775	1771	2
5333	5317	2
2233	6554	14
2942	2932	2
2618	6651	7
4324	6585	28
6264	163	5
3411	6651	19
3506	6651	19
590	6651	7
774	6651	19
3360	6585	28
512	6651	19
2778	6651	7
1651	1645	2
6367	6651	19
1207	1207	18
1157	6651	7
6511	155	7
6154	6629	28
5282	6620	14
5378	163	5
4232	6651	7
3187	163	5
1576	6585	28
4230	6651	19
5083	6612	14
6062	6055	2
4552	6585	28
5456	5456	18
1467	163	5
6509	6555	14
5002	6651	7
4345	6629	28
2001	6556	14
2673	6651	7
2499	6585	28
4930	4918	2
692	685	2
6395	6651	7
5463	163	5
1507	163	5
4635	6624	14
907	135	7
2447	6565	12
567	6585	28
4271	6607	14
680	6651	19
4301	163	5
4346	6651	19
4360	4345	2
6479	6651	19
2231	6651	19
6009	6651	7
417	6553	14
3873	163	5
3406	6651	7
342	163	5
805	6585	28
2966	6585	28
586	6651	22
2413	6651	3
5956	6585	28
1109	163	5
1842	6651	19
6003	6651	19
1897	6651	22
2329	6565	12
1268	6543	28
2730	6585	28
6133	76	7
224	6550	10
6340	163	5
1632	6651	19
1361	163	5
891	6651	19
5306	5291	2
5873	6651	7
4939	163	5
1459	163	5
2951	2943	2
5043	6651	7
6451	6629	28
5649	6614	14
3114	6651	19
6329	6651	19
5845	6585	28
3537	6651	7
5822	6651	7
4020	6585	28
3119	163	5
4267	6629	28
3076	6593	14
6520	6651	19
4240	4215	2
4761	6651	19
3689	3677	2
6530	6651	7
3105	6651	19
483	6651	7
5878	163	5
394	6585	28
3573	3571	2
264	262	2
2402	2402	11
5037	6651	7
2686	2683	2
334	6651	22
4097	6585	28
1376	1375	2
5189	6585	28
5496	163	5
5595	6651	7
572	163	5
5579	6651	7
279	271	2
1517	6558	14
1672	6629	28
5596	5586	2
4997	4996	2
6338	6651	19
4236	6585	28
5782	6651	19
1095	6556	14
314	6558	14
1246	1243	2
2585	6585	28
3310	6585	28
3024	6555	14
2477	114	4
3056	163	5
604	604	18
1610	1609	2
4925	6651	7
5166	6651	19
1273	6594	21
2796	2791	2
4497	4484	2
6030	6613	14
3206	163	5
2532	6651	7
2625	6651	7
2951	163	5
3494	6585	28
3795	6651	7
3622	163	5
6537	6556	14
6445	6585	28
6288	6559	14
2589	6593	14
306	163	5
3256	6585	28
5858	6606	14
3413	3408	2
2682	6651	19
2324	6644	10
4619	4614	2
4830	163	5
1727	163	5
5767	5751	2
5806	6606	14
162	32	22
6188	6651	7
2521	2515	2
3783	6605	14
4023	3998	2
4730	6606	14
2891	6591	14
6011	6651	7
2100	2095	2
3681	6607	14
2968	2965	2
5863	163	5
1780	6651	22
6409	6554	14
3226	6591	14
400	6585	28
5710	5690	2
5644	6585	28
2611	163	5
2029	6651	19
1569	163	5
5101	6585	28
4417	163	5
286	280	2
378	370	2
2788	6557	14
4119	6651	19
5138	6651	7
3301	6651	19
5831	6605	14
891	6559	14
929	6651	19
2238	163	5
4066	6651	19
1640	6651	7
1039	163	5
3198	3192	2
5682	6651	19
6436	6433	2
6053	163	5
5739	6617	14
3283	163	5
6528	6523	2
844	838	2
4046	6651	7
3545	6651	19
2378	6565	12
4571	6612	14
5689	163	5
4389	6651	19
2465	6651	3
2312	6644	10
6042	6625	14
4348	6585	28
220	6651	3
3236	6629	28
2234	6651	19
1466	6585	28
5024	163	5
4114	6585	28
4179	163	5
4421	4406	2
749	6651	7
3814	6585	28
3693	163	5
3674	6585	28
793	6651	22
2467	6651	3
3287	6651	19
1409	63	7
2175	2167	2
4056	6651	19
5400	5395	2
2664	2663	2
3072	3062	2
3626	6651	7
869	6651	19
1285	6651	3
529	6651	7
2798	163	5
1523	6585	28
4905	6651	19
2168	6585	28
5917	6651	19
2773	6585	28
873	6651	7
3670	6651	19
5180	6651	7
4881	6585	28
5351	6611	14
5184	6557	14
5473	6651	7
2584	6599	14
4254	6651	7
5166	6617	14
5695	6585	28
490	6651	19
6361	6361	18
4195	6651	19
3277	163	5
4616	6605	14
503	6585	28
4704	6651	19
725	721	2
3565	6595	14
3279	163	5
5698	6611	14
2606	163	5
1804	6651	7
5699	5690	2
4705	6651	19
6068	6651	7
4676	6651	7
2991	6651	19
3205	6651	7
903	901	2
2823	6651	19
2974	2965	2
1214	163	5
2909	6651	19
3233	6598	14
6569	6546	28
5364	5343	2
5303	6651	19
3394	6651	19
4226	6651	7
3420	6591	14
969	964	2
5222	5213	2
4811	163	5
2875	6585	28
5846	6651	19
5756	5751	2
2387	6541	4
2995	163	5
6302	6585	28
4782	163	5
3967	163	5
6030	6020	2
2025	2023	2
4851	4831	2
2009	163	5
6203	6555	14
554	6651	7
3841	6651	19
3911	3894	2
2822	6651	7
6254	6253	2
2843	6598	14
477	469	2
6182	6181	2
2174	163	5
1061	6651	19
1636	1636	18
1028	163	5
2485	163	5
5139	6651	19
6014	5994	2
1582	6651	22
6313	6307	2
656	649	2
5710	163	5
4253	6651	19
4005	6585	28
4449	6585	28
2813	2813	18
817	6557	14
3471	6651	19
6410	6651	19
3781	6651	22
2768	163	5
5716	6629	28
872	6558	14
5334	5317	2
4380	6651	22
4836	163	5
3502	6585	28
3461	3452	2
2947	6594	14
3001	163	5
6263	6585	28
568	6629	28
992	6585	28
2826	6651	7
4643	6651	19
451	6651	22
5205	5187	2
4862	6651	7
4321	4319	2
1136	1135	2
3708	6608	14
5188	5187	2
2319	2	4
6544	66	8
2398	6651	3
3569	6599	14
266	163	5
1681	1681	18
973	973	18
3424	163	5
3077	6651	7
2546	6553	14
390	163	5
5014	4996	2
3710	6610	14
941	6555	14
200	151	4
2101	6585	28
5355	6651	19
5788	163	5
4951	4944	2
2909	2901	2
1362	1357	2
2320	3	4
3927	3920	2
5925	5907	2
3608	6585	28
438	433	2
1298	1298	11
3385	3377	2
3691	6617	14
4405	6628	14
6260	6558	14
4497	163	5
4907	6651	19
6455	6651	19
788	6555	14
202	6569	12
1283	6644	10
2301	2293	2
1196	1189	2
2096	6585	28
5511	6651	19
744	6556	14
1894	1888	2
5523	163	5
2998	6629	28
2478	6566	12
899	6558	14
3760	163	5
1239	163	5
3480	6585	28
2843	2835	2
4228	6585	28
3648	6585	28
4940	6651	19
303	6556	14
5507	5482	2
6323	6558	14
5280	5265	2
4856	6651	7
5576	6585	28
2814	6651	19
3325	6585	28
4791	163	5
1071	1063	2
569	6651	19
5250	5239	2
3775	6623	14
6325	6325	18
6326	6651	7
260	6651	3
5017	4996	2
1123	6557	14
1942	6629	28
1298	6651	3
4277	163	5
5253	5239	2
4885	6585	28
2523	6585	28
748	748	18
2193	6585	28
5738	6651	7
1428	6651	19
2103	2095	2
5314	163	5
1202	163	5
666	658	2
5083	6651	19
3113	6597	14
6327	6651	19
1807	1807	18
3803	3781	2
615	6651	7
3556	6597	14
6107	6651	7
2928	6585	28
3009	6651	22
729	721	2
3990	163	5
6488	6651	7
654	6585	28
5310	6585	28
1751	6651	19
1571	6558	14
3192	6629	28
656	6651	7
2638	6585	28
3671	6595	14
5578	6651	19
4538	163	5
2506	6651	22
282	6585	28
4999	4996	2
5232	163	5
4316	6651	19
2098	6651	19
4586	163	5
2192	2185	2
4080	6651	7
3454	6651	7
1848	163	5
1151	1144	2
849	847	2
2625	2619	2
6150	6585	28
1994	6651	19
5105	163	5
1136	163	5
5184	6585	28
4740	6651	19
6417	6585	28
3023	6651	19
5906	6585	28
4573	6585	28
4922	163	5
1581	1573	2
3977	6651	19
4133	6625	14
6628	6653	6
655	6651	19
3918	6627	14
5198	163	5
4994	6651	19
6409	163	5
3623	6651	19
5227	6617	14
6624	6653	6
1440	6553	14
1937	1933	2
2184	2176	2
5779	6605	14
6012	5994	2
3859	6585	28
3862	6623	14
1024	6651	19
327	163	5
6500	163	5
3180	6651	7
5597	5586	2
5225	6615	14
3839	6651	19
4699	163	5
3120	6651	19
255	6651	4
6155	6552	14
5333	163	5
637	631	2
3198	6585	28
6461	6585	28
1873	163	5
2994	6651	19
653	6651	7
2658	6596	14
3842	3842	18
198	6543	28
340	6651	7
3184	6593	14
4165	163	5
5680	6651	19
4032	6651	7
2759	6600	14
1697	1690	2
1044	6651	7
1883	6555	14
4240	163	5
5170	6651	19
6106	163	5
1597	6585	28
6225	6651	19
2964	6585	28
5721	6651	7
2690	6651	19
4933	4918	2
2730	2727	2
3643	6651	7
850	6651	7
6485	6558	14
1871	163	5
1324	163	5
1197	6585	28
4644	6651	7
2563	163	5
1279	6647	10
4973	6606	14
1242	6651	19
1371	6585	28
4332	163	5
500	6651	19
5127	6604	14
4411	6585	28
594	163	5
3805	6651	7
1359	6553	14
6227	163	5
1865	6555	14
3014	6651	19
1852	1852	18
4318	6651	19
1205	6558	14
4513	6606	14
512	6585	28
5047	6651	19
4986	4970	2
349	6557	14
1736	163	5
4571	4562	2
3597	6585	28
5555	5534	2
5504	6585	28
6014	6585	28
1086	6556	14
2903	6651	7
5714	6651	19
540	6651	19
6428	6651	19
3885	163	5
1546	6629	28
4751	6627	14
4825	6623	14
4812	4805	2
6293	6555	14
2897	2890	2
4894	6651	7
1709	6552	14
1944	6651	19
6276	6271	2
4512	6651	19
2583	6651	19
4580	6621	14
1895	163	5
4651	4649	2
1903	6651	19
3235	3225	2
5206	163	5
2239	2239	18
5588	6585	28
2473	6651	4
3038	6585	28
2804	6592	14
5201	6651	7
5954	6651	7
4077	6651	19
5342	6651	19
2926	6595	14
4192	6651	7
3168	6585	28
803	163	5
6170	6163	2
5134	6611	14
3619	6555	14
4121	163	5
1124	6651	19
1086	6651	7
3610	3604	2
2971	2965	2
6192	6651	19
4020	163	5
4936	163	5
1552	6585	28
3249	6592	14
2112	6559	14
5850	163	5
4410	6585	28
1596	6651	19
5691	6604	14
1212	6556	14
3256	6599	14
3886	6585	28
4951	6585	28
6273	6651	7
215	6543	28
739	6629	28
5532	163	5
1169	163	5
4773	6623	14
2509	6651	19
5389	6651	19
188	163	5
4449	4432	2
4130	163	5
5371	163	5
879	6585	28
350	6651	7
396	388	2
2950	6651	19
6332	6558	14
4706	6651	7
2751	163	5
4460	6651	19
2375	2375	11
791	6585	28
1350	6651	19
951	6651	7
257	6651	4
357	6585	28
6304	6585	28
3182	163	5
5932	5907	2
6371	6651	7
383	6555	14
3603	6585	28
3757	3755	2
4724	6651	19
2817	6651	7
6525	6523	2
5784	6585	28
5376	163	5
2615	6651	7
2192	163	5
2262	6556	14
761	6651	19
5993	163	5
2145	6556	14
5497	6651	19
1021	6554	14
2698	6585	28
1496	163	5
5225	6651	19
3016	3009	2
434	433	2
5947	6617	14
2323	6654	10
3268	3267	2
4597	4588	2
4286	6622	14
1404	163	5
4349	6607	14
5387	6651	19
6185	6181	2
2670	6558	14
1966	163	5
2345	6609	21
1112	163	5
3495	6600	14
4435	6651	7
3169	163	5
5892	163	5
4341	6651	19
4976	6651	19
2259	2257	2
2133	6651	7
468	6585	28
4060	6613	14
3169	6600	14
4622	4614	2
269	6558	14
268	163	5
5436	6585	28
2789	163	5
3726	6651	19
1640	6555	14
3093	3084	2
3177	6651	7
3076	163	5
4144	6585	28
1989	6651	7
810	6559	14
2104	6629	28
5760	6585	28
4713	6615	14
6253	6253	18
1279	6569	12
3194	6585	28
3680	6651	7
3270	6593	14
233	233	11
6395	6558	14
2545	2544	2
3465	6585	28
2720	163	5
282	280	2
3769	163	5
2862	163	5
3320	6599	14
5830	5829	2
2178	2176	2
5941	163	5
6281	6552	14
6462	163	5
648	6585	28
4256	6585	28
4360	6651	19
329	6555	14
5169	163	5
4361	6651	7
1143	6559	14
787	6585	28
4218	6651	7
1864	163	5
2475	2475	11
5143	6651	7
6401	6651	19
1364	6651	7
1506	6585	28
2541	2533	2
1800	1798	2
4236	4215	2
5640	6585	28
3658	6651	19
3457	6585	28
3537	6600	14
1522	6585	28
1273	6651	3
3402	6595	14
849	6585	28
5910	6585	28
3624	6629	28
4394	6585	28
2044	163	5
4688	163	5
3832	6651	19
1107	163	5
3919	6628	14
921	919	2
6036	6020	2
1344	1339	2
567	6559	14
967	6554	14
3338	6651	7
3106	6629	28
3060	3051	2
1179	163	5
5597	6651	19
2229	6651	7
4322	163	5
2779	6585	28
1223	6651	19
5786	6651	7
2038	6557	14
563	6585	28
484	6585	28
5212	163	5
3579	6585	28
1899	6585	28
6383	6555	14
5505	5482	2
4065	6618	14
874	6629	28
3200	6651	19
5283	6585	28
2785	6651	19
4645	163	5
2857	6629	28
1778	6558	14
3909	6618	14
6445	6554	14
458	40	7
5118	163	5
203	6543	28
6128	6127	2
4247	4241	2
1578	6651	19
2027	6651	7
6353	6651	19
4992	163	5
1728	6553	14
2803	6585	28
6010	6619	14
5118	5100	2
3422	6593	14
5362	6585	28
2784	6585	28
1983	6651	7
5406	6585	28
1666	6651	19
4989	4970	2
3942	163	5
1691	6552	14
3068	6585	28
5901	6651	19
2696	6651	19
2015	163	5
5615	6651	19
1787	1780	2
6494	6558	14
5894	163	5
6453	6651	7
5885	6651	19
5571	6651	7
5063	5048	2
3601	3593	2
235	6543	28
1329	1321	2
4530	6651	19
971	6651	7
4487	6651	19
6288	163	5
745	163	5
1692	1690	2
5591	6651	19
5911	6585	28
6411	6585	28
5216	163	5
3744	3729	2
5631	163	5
4890	6585	28
1864	1861	2
6290	6552	14
1562	6585	28
2601	6651	7
2252	163	5
1850	6558	14
5028	6651	19
4043	4024	2
6341	6334	2
3262	3258	2
5245	5239	2
4887	163	5
2042	2041	2
557	163	5
915	910	2
2174	2167	2
3306	3300	2
299	6552	14
4838	6610	14
1085	6585	28
2439	6651	7
626	6555	14
1254	6651	3
6283	6651	19
2475	4	4
6499	6651	7
5239	5239	18
6165	6163	2
3690	6651	19
1007	6585	28
6027	6651	19
1478	6651	7
3227	6585	28
3807	6651	22
3250	6593	14
2693	163	5
4227	6615	14
1929	6651	7
3022	6651	19
424	6629	28
4679	6585	28
4683	6651	7
5137	6651	7
738	6585	28
2741	6651	19
2622	6651	7
6629	6546	28
2100	163	5
1127	6651	7
4774	6651	19
6262	6651	22
5120	6651	19
4976	163	5
3464	6651	19
6254	6651	7
2169	6585	28
4290	6651	7
6236	163	5
5227	6585	28
3187	6596	14
4244	6651	7
3644	3644	18
5045	6585	28
690	163	5
2298	6651	7
1952	6585	28
1515	1510	2
3378	6585	28
5571	5560	2
4878	6624	14
3744	6651	19
1064	6651	7
524	6585	28
733	6585	28
3555	6585	28
3659	6594	14
5961	163	5
1104	6651	7
1954	6651	19
1405	6651	19
5162	6651	19
2395	6651	3
2815	6592	14
5760	5751	2
3173	6651	7
4247	6651	7
2894	6651	7
6359	163	5
5246	6585	28
6490	6585	28
4818	6651	7
195	6569	12
6296	6651	7
6323	6651	7
3341	6585	28
4462	6651	7
1275	6543	28
524	6651	7
2420	6651	3
5581	6585	28
6294	6651	7
2235	6556	14
840	6651	7
2926	2921	2
2313	2	4
3613	6651	7
4834	163	5
2318	6605	21
875	6651	7
3204	163	5
2333	6565	12
5371	6585	28
2544	6629	28
5042	5022	2
2833	6599	14
3179	6599	14
2373	6612	21
5388	6585	28
630	6651	7
4097	4076	2
1595	6555	14
3732	163	5
4365	6585	28
5494	6615	14
520	31	7
5031	6651	7
5624	6585	28
3983	6651	7
1725	6651	19
5346	163	5
4385	6651	19
5754	6651	7
2304	6553	14
2836	6651	7
3631	163	5
5314	6651	7
2296	6585	28
1019	6585	28
6185	6555	14
4102	6629	28
3465	6592	14
2472	1	4
5092	163	5
4636	6651	19
3866	3842	2
1618	6651	22
4717	6651	7
895	6585	28
177	6651	7
1963	6651	19
4670	163	5
2013	6585	28
5608	6651	19
3068	6596	14
344	6651	19
6482	163	5
1286	6569	12
5272	6651	7
5352	6585	28
1499	6585	28
470	163	5
5614	163	5
1349	163	5
5924	6651	19
2693	6651	19
6063	6651	7
1600	6651	22
2734	6651	7
2031	6585	28
1997	6651	7
1586	6585	28
4207	6651	7
1131	6651	19
1947	6651	19
747	6559	14
5790	6616	14
3423	6594	14
3430	6651	22
2806	2802	2
1608	6585	28
852	6585	28
3176	6585	28
2275	6629	28
4362	6585	28
2781	6585	28
3081	6651	7
1470	6651	7
5085	6614	14
5132	6609	14
1390	6651	19
5691	6651	7
5040	6651	7
6165	6651	19
5676	5664	2
3434	6651	19
3999	3998	2
3804	6585	28
6296	6289	2
2472	6565	12
4023	6585	28
3834	6651	7
2782	2782	18
5691	6585	28
3225	6651	22
2803	6651	19
959	6585	28
5942	6651	7
3210	163	5
5005	6585	28
6625	6542	15
6305	163	5
1242	6585	28
4160	4137	2
6066	6553	14
3137	6651	19
4989	6651	19
4515	6585	28
5790	6651	19
3688	3677	2
4885	4883	2
2656	6594	14
1244	6585	28
369	6651	19
526	6651	7
6209	6585	28
2458	2458	11
3992	3972	2
3168	6651	19
5180	5178	2
5142	5126	2
214	6651	3
3315	3311	2
3984	3972	2
5787	163	5
292	6651	19
3829	6585	28
4036	4024	2
1178	6585	28
2877	6585	28
6018	5994	2
4816	163	5
2568	6651	7
4578	163	5
585	577	2
2014	2014	18
5723	163	5
4710	163	5
4140	6585	28
2792	6591	14
1977	6559	14
2222	6651	7
2747	6651	19
2704	163	5
5810	6651	19
5535	6651	7
4166	6606	14
3848	6651	7
5293	6605	14
3195	6651	7
4927	6651	7
3244	163	5
3051	6651	22
5353	163	5
6171	6585	28
4354	6585	28
1624	163	5
5277	6651	7
2131	6651	22
6296	163	5
1250	163	5
3985	6616	14
3873	6651	7
2391	6615	21
2051	6552	14
3390	6651	7
2171	6555	14
1669	6585	28
6555	6574	15
6416	6651	7
5405	163	5
1631	6651	7
5080	5074	2
522	6651	7
2341	6543	28
5568	163	5
5278	6616	14
3201	163	5
5112	163	5
4989	6622	14
6040	6651	7
5773	5751	2
1598	1591	2
5077	6606	14
256	102	4
4453	163	5
1514	1510	2
1941	6651	7
1586	6651	19
6129	6553	14
6305	6298	2
3761	6651	7
6077	6073	2
1858	6585	28
1383	163	5
4709	6651	7
4079	6651	7
6369	6585	28
5577	6620	14
663	658	2
1380	6556	14
1300	6599	21
5626	5612	2
1208	1207	2
2379	149	4
4384	6607	14
3858	3842	2
755	6651	19
4278	6614	14
4984	163	5
3769	6651	7
3914	6623	14
5219	6651	19
4766	6651	7
6001	5994	2
2838	6651	7
1015	6557	14
5105	6585	28
1940	6558	14
1062	6651	19
5981	6625	14
3142	6651	19
2901	2901	18
3987	163	5
988	163	5
4444	4432	2
5410	5395	2
3581	3571	2
5258	6651	19
2199	6651	19
1590	6559	14
278	271	2
6555	80	1
6306	6651	19
1566	163	5
1907	1906	2
1460	6651	19
4728	6604	14
767	6651	19
5761	6651	19
3038	3029	2
2345	2345	11
3378	6651	7
5312	6651	7
2947	2943	2
607	6554	14
3028	6585	28
4197	163	5
2535	163	5
1662	6651	7
547	6585	28
3407	6600	14
5993	5985	2
2610	2608	2
394	163	5
5746	6624	14
4707	6585	28
5593	5586	2
5273	6651	19
2482	6554	14
4684	6651	19
2061	6553	14
2125	6585	28
3831	163	5
4994	6585	28
3121	6585	28
1060	163	5
2602	6585	28
5006	163	5
5776	152	7
5397	6651	19
3636	6651	19
6106	6100	2
2121	6651	19
4199	6651	19
4145	6651	19
2377	6543	28
2909	163	5
5305	6617	14
3263	6585	28
3572	163	5
1230	6651	19
4211	6585	28
187	6557	14
4070	6585	28
5857	6651	7
231	102	4
4850	6651	7
6026	6585	28
2678	163	5
2512	163	5
529	6651	19
2810	6651	19
5668	6585	28
4340	6651	19
5704	163	5
5772	6651	19
474	6651	7
4161	6627	14
3031	6585	28
2911	6585	28
1881	6651	7
2337	2337	11
3227	6651	19
3293	6651	19
1833	6559	14
743	163	5
3493	6651	7
5686	6585	28
5127	6585	28
1614	6556	14
5307	6619	14
5977	6585	28
6189	163	5
599	163	5
1929	6651	19
3363	163	5
4687	6585	28
535	163	5
5701	6585	28
5986	6552	14
5231	6651	19
751	163	5
1103	1099	2
3085	6651	7
2825	163	5
207	6647	10
3609	3604	2
5819	6651	19
1464	6651	7
2214	163	5
5911	6651	19
5034	6585	28
6006	6651	19
307	6651	22
4864	6585	28
5364	6624	14
3694	163	5
1773	163	5
5275	6651	7
1975	6585	28
6283	6280	2
5892	6585	28
6463	6554	14
2001	6585	28
3036	6585	28
4868	4857	2
2567	6593	14
6435	6433	2
4278	4267	2
6273	6553	14
1432	6585	28
1129	6651	19
1373	6651	19
3309	163	5
1658	6585	28
277	6651	19
6584	6577	27
2223	6651	19
1742	6558	14
1303	1303	11
5085	163	5
1368	6651	7
5460	163	5
880	6585	28
2953	6651	19
5936	163	5
4467	6585	28
2610	6592	14
2461	6651	3
1678	163	5
6468	6460	2
3718	163	5
4009	6614	14
6201	6651	7
6427	6424	2
1599	6651	7
6050	6585	28
5055	163	5
2964	2954	2
5364	6651	7
292	6651	7
4658	6651	7
2409	6651	3
4140	6651	19
4048	163	5
5546	6615	14
1712	6651	7
205	6543	28
5501	6651	19
2857	2857	18
2685	6651	19
3606	6651	19
1445	6585	28
4760	4753	2
2776	2771	2
5566	163	5
3899	6651	7
6263	163	5
858	6585	28
2925	2921	2
4996	4996	18
1145	6651	19
2056	6557	14
6529	6651	7
6122	6555	14
6178	6172	2
6396	6388	2
2925	6651	7
4639	163	5
3339	6585	28
2032	6629	28
3405	3397	2
1248	6585	28
3531	6585	28
483	6556	14
3548	6651	7
2232	6585	28
5797	5777	2
3200	3192	2
4439	6651	19
5896	6618	14
5296	6651	7
3530	3527	2
5661	6585	28
760	163	5
2935	6585	28
4591	6651	7
5835	163	5
5701	6614	14
2292	2284	2
3577	6596	14
5283	5265	2
1994	6585	28
2709	2705	2
5159	6651	19
5404	6612	14
913	6651	7
5379	6651	19
1890	6585	28
3776	163	5
1997	163	5
2097	6651	7
4509	6628	14
1011	6553	14
4528	6585	28
5715	6651	7
5744	163	5
1643	1636	2
4009	6585	28
5991	5985	2
3639	6651	19
6467	6651	19
3528	6651	19
2404	6651	3
238	6652	10
5785	5777	2
2016	6585	28
5504	163	5
4353	6611	14
5426	5421	2
5070	6651	19
6416	163	5
3694	6651	19
1072	6651	22
5072	6651	19
2450	6565	12
1685	1681	2
1948	6651	19
6063	6559	14
473	6555	14
4340	6651	7
5168	6619	14
1305	1305	11
5300	6651	19
4963	4944	2
3369	6585	28
3592	6600	14
2347	6610	21
5046	6651	19
2021	6651	19
5191	6607	14
5424	163	5
6284	163	5
6489	6487	2
1646	6651	7
3906	6615	14
4959	6651	7
3001	6651	7
4304	6651	7
6616	6576	15
2459	6651	3
972	163	5
1716	6651	7
4660	4649	2
1427	1420	2
219	6651	4
5458	6585	28
2010	6651	19
5586	6651	22
5729	6651	19
987	6651	19
6600	6601	6
4485	4484	2
2519	6651	19
220	220	11
6406	6651	22
171	6651	7
3862	6651	19
688	685	2
3905	6651	7
6443	6651	19
5633	6624	14
1876	6585	28
1599	6585	28
1309	6543	28
3425	163	5
2225	163	5
3548	163	5
2050	2050	18
1326	6651	7
1370	1366	2
3359	163	5
3713	6651	19
2651	6600	14
6047	6552	14
2156	6558	14
2228	6558	14
681	6556	14
523	6629	28
4876	4857	2
239	6557	21
2417	3	4
5050	163	5
4745	4727	2
5128	6605	14
4454	6585	28
2878	2868	2
4132	6585	28
967	6651	7
4721	6651	7
1080	6585	28
6240	163	5
2147	6558	14
4882	6628	14
4082	6585	28
1872	6585	28
4922	4918	2
2371	2371	11
1066	163	5
1920	6651	7
2263	163	5
6258	6556	14
5916	5907	2
2723	6651	19
4064	6651	7
2328	6543	28
233	102	4
1788	6559	14
1745	1744	2
3643	6651	19
1143	1135	2
4123	6651	19
5772	6585	28
4926	4918	2
5938	6651	19
1539	6651	7
2425	149	4
4509	6651	19
5137	5126	2
2195	163	5
2551	6651	7
2332	6651	3
1227	6585	28
5983	6585	28
3942	3920	2
4039	6618	14
5020	6627	14
3981	3972	2
1483	6629	28
367	6651	19
4404	6627	14
4149	6585	28
4015	163	5
695	163	5
4902	6585	28
5501	163	5
3339	6651	19
1728	6651	7
5319	5317	2
208	6553	21
2179	6585	28
4396	6619	14
4030	163	5
2021	6585	28
1317	6585	28
2887	163	5
4995	6585	28
2078	6651	19
2843	163	5
5897	6585	28
2284	2284	18
5845	6619	14
4127	6585	28
4523	163	5
4006	6611	14
6172	6629	28
6555	6651	1
4975	163	5
657	6651	7
4037	6651	19
6321	6316	2
4615	6604	14
5431	6585	28
1583	6651	19
248	6651	19
4307	6585	28
1941	6585	28
3404	163	5
1409	6558	14
427	6554	14
3481	6597	14
319	163	5
2771	6651	22
1963	1960	2
2201	6651	19
2740	163	5
4961	6651	19
1922	6651	7
348	6651	7
1084	6651	7
5004	6651	7
996	163	5
1971	6553	14
2012	6585	28
4737	6613	14
1762	6651	22
6596	6601	6
6270	6585	28
1596	1591	2
3520	163	5
3426	3419	2
2619	6629	28
6459	6651	7
3993	6585	28
4594	6651	19
1221	163	5
6349	141	7
233	6543	28
845	57	7
1187	6558	14
2446	2446	11
5337	5317	2
4226	6585	28
2689	2683	2
6282	6651	7
6088	6585	28
5368	6585	28
3811	3807	2
6404	6651	7
4150	6585	28
6402	6585	28
2678	2672	2
2706	6585	28
2242	163	5
6037	6651	19
5764	6616	14
278	6585	28
2161	6554	14
2830	6596	14
4691	6651	19
1245	163	5
6376	6651	19
2238	6651	19
5822	6651	19
3603	6600	14
738	730	2
253	6644	10
2164	2158	2
4202	6616	14
4792	6616	14
6080	163	5
2554	6585	28
6488	6585	28
3228	6651	19
4023	6651	7
5643	5638	2
3107	163	5
4819	6617	14
5893	6651	19
4156	163	5
6209	6651	19
2299	6557	14
715	6651	7
4927	6585	28
2366	6651	19
5890	163	5
2918	6585	28
531	6651	7
1284	1284	11
6285	6585	28
4274	163	5
3320	6651	7
4428	6625	14
5757	163	5
3428	3419	2
313	6585	28
5694	163	5
6101	6100	2
6191	6552	14
4818	6651	19
4332	4319	2
4344	4319	2
3293	163	5
5495	6651	19
3478	6585	28
5484	6605	14
3194	6592	14
1949	1942	2
3084	6651	22
5243	5239	2
5167	6651	19
5781	5777	2
2962	6651	19
864	6651	7
1077	6585	28
1379	6651	19
3563	3560	2
1844	163	5
1885	163	5
4025	6651	19
4949	6608	14
1475	1474	2
1450	6554	14
301	6554	14
5805	5803	2
714	6553	14
3532	6651	19
6353	163	5
5329	5317	2
4469	163	5
2156	6651	19
5997	163	5
2340	149	4
4082	6609	14
576	6559	14
2454	6644	10
4866	6651	7
6449	6558	14
3488	3485	2
213	6554	21
6509	6585	28
3632	6651	19
491	6555	14
4034	4024	2
3125	163	5
331	6557	14
554	6585	28
3896	6585	28
372	6651	19
4471	6651	19
709	703	2
4521	6614	14
1925	1924	2
2950	163	5
3398	6651	19
6097	6091	2
6591	6601	6
2438	6651	7
2273	2266	2
1277	6644	10
6273	163	5
6542	6563	28
1901	6585	28
5562	6605	14
987	982	2
5743	6621	14
1035	6585	28
3901	6651	7
5438	163	5
1047	6553	14
5501	6622	14
5348	163	5
2817	6585	28
954	6651	7
4786	6585	28
3516	3516	18
6102	6651	7
4436	6651	19
5542	6651	19
2029	6585	28
3495	6651	19
351	6559	14
5712	6651	7
2534	6591	14
834	6556	14
4594	6609	14
859	6651	19
2275	2275	18
2584	6585	28
408	6651	7
782	6558	14
3308	6651	19
4516	6651	7
1853	6585	28
6319	163	5
4368	4345	2
2197	6651	7
2247	2239	2
4704	163	5
252	6559	21
4738	6651	7
2720	6651	19
6517	6585	28
5208	5187	2
5347	5343	2
1347	6651	7
2347	6651	3
5114	6651	7
3844	3842	2
2715	6585	28
6108	6651	19
3088	6651	7
4329	4319	2
3808	163	5
904	6651	7
5995	6651	19
3635	6651	19
3362	163	5
2529	6585	28
3427	163	5
2333	4	4
4402	6625	14
1847	1843	2
3450	163	5
800	793	2
2377	2377	11
5564	6607	14
3336	6651	19
1222	1216	2
4619	6608	14
5765	6651	19
5875	6651	7
2640	6651	19
3727	3703	2
637	6651	7
3199	6651	7
465	6651	19
746	739	2
536	532	2
5325	163	5
4301	6611	14
5304	6651	19
6455	6585	28
2362	163	5
640	6651	22
4536	6651	22
6128	6552	14
6299	6651	7
5983	6627	14
4449	6651	19
2567	6585	28
5527	6651	19
506	6651	19
898	892	2
173	172	2
6365	6585	28
4474	6585	28
4007	3998	2
3553	163	5
3085	3084	2
6000	5994	2
6191	6190	2
6144	6559	14
6061	6585	28
1473	163	5
1346	6651	19
4110	6559	14
2331	2	4
3175	6651	7
682	6651	19
4129	6651	19
2408	0	4
1225	6651	22
1333	163	5
4860	163	5
252	6651	4
4032	4024	2
768	6651	7
1246	6554	14
3274	6651	7
6297	6585	28
4588	6651	22
5476	6623	14
2022	6585	28
5522	6585	28
4079	4076	2
2216	6651	19
475	6585	28
1329	6651	19
3539	6591	14
6540	6585	28
3611	6585	28
2776	6651	7
4072	4050	2
5697	5690	2
333	6585	28
190	151	4
4120	6612	14
4249	6651	7
1992	6651	19
5372	163	5
1132	6651	19
758	6585	28
1610	6651	19
2255	163	5
4820	6618	14
3656	6651	7
5431	6651	19
1634	6585	28
735	730	2
1355	6558	14
1930	6651	19
857	6552	14
1685	6651	19
6388	6388	18
3507	6651	7
4668	6622	14
4042	6621	14
3405	6651	19
1334	1330	2
5076	5074	2
2016	6553	14
6033	6616	14
6032	6020	2
2708	6651	7
2748	6651	19
1793	163	5
5815	6615	14
2445	6651	3
5628	5612	2
5958	5933	2
6140	6585	28
210	6651	3
4945	6651	7
6558	6574	15
3067	6595	14
4300	6610	14
3684	6651	7
6098	163	5
1276	140	4
3899	6608	14
2737	6600	14
3561	6585	28
3924	3920	2
2448	6565	12
5451	5447	2
2850	6594	14
6184	6651	7
801	163	5
987	163	5
2547	6554	14
1633	163	5
3140	3139	2
5604	163	5
3445	6651	7
5486	6651	19
2119	6585	28
3114	6598	14
4781	6651	7
4420	6651	7
1184	1180	2
3894	6651	22
2684	6651	19
5552	5534	2
2186	2185	2
6633	6575	28
401	6651	19
2498	2497	2
5058	163	5
5890	6585	28
3383	6585	28
3277	3267	2
1890	163	5
2173	6557	14
1530	6651	19
3578	3571	2
5956	163	5
614	163	5
1041	6556	14
2644	6585	28
3563	6651	7
6167	6651	19
5759	6611	14
1515	6651	19
2313	2	4
463	163	5
2424	6620	21
4950	6651	7
5314	6626	14
2445	6565	12
796	6651	7
1685	6555	14
6276	6651	19
179	6651	7
4389	163	5
3862	163	5
4363	6651	7
6006	6651	7
671	6555	14
337	6651	7
3814	6651	19
3695	3677	2
2076	6651	19
2401	6617	21
4123	6585	28
2400	149	4
1797	6585	28
1033	6651	19
281	6651	19
3176	6651	19
4429	6651	19
508	6585	28
3070	6651	19
4745	163	5
4803	6585	28
1214	6585	28
3572	6651	7
1232	6558	14
345	163	5
6649	6585	9
834	6585	28
617	6585	28
5924	163	5
4936	4918	2
4738	163	5
5816	5803	2
3713	6651	7
2606	6599	14
1841	6558	14
5274	5265	2
2269	163	5
6344	6585	28
1686	6556	14
6281	6651	7
5587	5586	2
3790	3781	2
1942	1942	18
5874	6622	14
2148	163	5
6581	6546	28
2503	6651	7
2148	2140	2
517	6585	28
232	6651	4
1188	163	5
2085	6585	28
1580	6558	14
6031	163	5
4804	154	7
4199	4189	2
6132	6127	2
3966	6623	14
1219	6651	19
4411	163	5
4943	124	7
5587	6651	19
4077	6585	28
2503	2497	2
2445	2445	11
5213	6629	28
2713	6651	7
3139	6629	28
224	6651	3
3510	163	5
3251	3247	2
5182	6585	28
2812	6600	14
6317	6651	7
2623	2619	2
231	6569	12
918	163	5
3352	6651	19
5118	6651	7
838	6629	28
2279	6555	14
3150	6651	19
3535	6598	14
5557	163	5
2433	6651	19
1267	6543	28
418	6651	7
4272	163	5
6236	6235	2
6337	6334	2
1613	6585	28
2490	6585	28
3313	6592	14
2093	6651	19
6403	6585	28
5821	163	5
2464	151	4
230	6556	21
2438	163	5
1687	163	5
799	163	5
5280	6585	28
1891	1888	2
5821	6585	28
6620	6548	15
5168	6651	19
204	6651	4
508	6651	19
4524	6617	14
6105	6585	28
3672	3666	2
4833	6585	28
5023	5022	2
3054	6651	7
1290	6543	28
4936	6585	28
6137	163	5
3892	6651	19
2467	2	4
2864	2857	2
4535	6628	14
3511	163	5
2921	6651	22
2607	6585	28
4406	6651	22
4507	6626	14
6037	6020	2
1288	6543	28
711	6585	28
3363	3355	2
2416	6645	10
1890	6651	7
2241	6651	19
1931	6651	7
6074	6585	28
1363	6585	28
2141	2140	2
3983	6614	14
5243	6651	19
588	6651	19
3526	6585	28
1570	6651	19
1399	25	7
4130	6585	28
2633	6651	19
5275	6613	14
1405	1402	2
669	6651	19
6533	6552	14
6411	6651	7
5443	6585	28
4434	6651	7
6124	6118	2
1956	6556	14
1511	1510	2
3533	3527	2
5802	6651	7
2408	6565	12
1953	1951	2
1989	1987	2
2587	6651	7
1949	6651	7
2317	6651	3
2969	6594	14
6518	6514	2
3402	6651	7
169	6585	28
226	6543	28
4456	6651	19
3025	6556	14
1410	163	5
5787	6613	14
612	6585	28
4204	6585	28
5163	6651	7
6129	6585	28
6296	6558	14
3877	6585	28
4557	6585	28
5528	163	5
5209	6651	19
5869	5855	2
3046	6651	19
2991	6585	28
4350	6651	19
5462	6609	14
5359	6585	28
875	6585	28
2933	6651	7
2752	163	5
5601	5586	2
5700	6651	7
2443	6645	10
5190	6606	14
4441	163	5
1780	1780	18
1046	6552	14
4601	6651	7
4017	6622	14
512	163	5
1017	1009	2
2204	2203	2
3011	3009	2
5287	6585	28
5833	6651	19
5744	5725	2
5704	5690	2
4337	6585	28
355	6651	7
4488	6651	19
1053	6651	7
1120	163	5
4906	4883	2
6324	6316	2
3720	6651	19
1765	6585	28
2338	6651	3
1343	6555	14
3094	6600	14
4224	163	5
4686	4675	2
324	316	2
6239	163	5
4135	4111	2
2686	6593	14
6143	6558	14
2475	6627	21
5563	163	5
3166	6651	7
5018	6585	28
243	6552	14
4973	6585	28
3925	6585	28
2071	6585	28
6350	163	5
5576	163	5
1790	6552	14
5354	6585	28
4863	6651	19
320	316	2
4067	6651	7
5173	163	5
518	514	2
1538	6651	7
3933	6651	7
2429	6565	12
2822	6599	14
4811	6585	28
5273	6585	28
5762	5751	2
1504	6651	19
6423	163	5
4533	4510	2
6256	6554	14
992	6651	19
946	946	18
5790	6585	28
2820	6597	14
1922	6651	19
6211	163	5
2806	6594	14
1141	6557	14
3068	3062	2
1656	6553	14
3456	6594	14
688	6585	28
758	757	2
5812	5803	2
1242	163	5
4789	6651	7
4055	163	5
6422	6651	19
3650	163	5
1280	6595	21
3179	3170	2
4612	4588	2
5369	5369	18
1398	1393	2
5786	6585	28
1372	163	5
1603	6585	28
3872	163	5
1787	69	7
4582	163	5
437	433	2
4537	6651	19
4841	4831	2
1297	78	4
3089	6585	28
3806	6651	19
656	6585	28
1298	6655	10
191	6651	3
3450	6599	14
5610	5586	2
4152	6651	19
3454	6585	28
3589	6651	7
1247	1243	2
4611	6626	14
2695	6585	28
2333	6655	10
1475	6651	7
288	280	2
2343	6651	3
864	6585	28
3221	6651	19
866	865	2
1268	6655	10
6224	6651	19
2941	6651	19
686	163	5
815	6555	14
5845	6651	7
3322	3322	18
6384	6651	7
762	757	2
1454	6651	7
351	6651	19
1758	6585	28
3552	6651	19
4154	6620	14
5799	163	5
4871	163	5
4937	6585	28
5112	5100	2
1256	6569	12
759	6651	19
4141	163	5
4501	6651	7
264	6553	14
4584	6625	14
4027	4024	2
2113	6651	22
5173	6651	7
5131	5126	2
5761	5751	2
3487	163	5
4535	163	5
6249	6585	28
4849	6585	28
4533	6626	14
4382	6651	7
6434	6433	2
4737	6651	7
4710	6612	14
2238	6585	28
3670	3666	2
5350	163	5
6238	6554	14
3341	6598	14
4420	4406	2
5019	6585	28
595	595	18
1471	163	5
317	316	2
1505	1501	2
3285	6597	14
4177	6651	7
4415	4406	2
500	6651	7
5210	163	5
6533	6651	19
5921	6651	19
5752	5751	2
700	6651	19
2790	6585	28
826	163	5
1077	6556	14
1584	6651	7
3395	3386	2
912	910	2
5840	6651	7
2949	6585	28
742	6585	28
2389	6651	3
2123	2122	2
3784	6585	28
4258	6620	14
939	6585	28
2163	6651	19
4961	6585	28
3034	3029	2
4094	6651	7
3973	163	5
5618	6585	28
5847	6651	19
781	6651	7
1268	143	4
5913	6585	28
1886	6558	14
1057	6651	19
2400	6651	3
1776	6585	28
1922	6585	28
5464	163	5
261	6549	10
5228	6618	14
3054	6651	19
4488	6585	28
6135	6651	7
711	6651	19
2218	6557	14
1269	6566	12
1327	6651	7
1895	6585	28
5453	163	5
2360	2359	2
4414	6585	28
913	6554	14
687	6651	19
1068	6651	7
555	163	5
4790	4779	2
1278	6595	21
3947	6585	28
5834	6585	28
2539	6585	28
4206	6651	19
6559	148	1
336	6585	28
3034	6651	19
3574	6593	14
2914	163	5
1276	6651	3
5995	5994	2
5689	5664	2
229	6651	3
4758	4753	2
5700	6651	19
4507	163	5
4821	6651	7
5195	6585	28
5128	6651	7
4495	163	5
5603	6651	7
5841	5829	2
3091	163	5
5486	6585	28
4904	6585	28
4542	4536	2
4864	163	5
4780	163	5
6560	6581	28
1588	6651	7
4747	6623	14
1896	6559	14
5622	163	5
2428	2	4
3161	6585	28
5638	6651	22
541	6651	22
5605	6622	14
6569	6602	28
4654	4649	2
484	6557	14
513	505	2
4357	6615	14
2939	6651	7
2997	6651	19
5153	5152	2
1197	6651	7
1525	6651	19
6518	6651	19
558	6585	28
3933	6651	19
4271	6651	7
2893	6651	19
5773	6651	19
1351	6585	28
4654	6608	14
2837	6585	28
5572	5560	2
2763	6585	28
4808	163	5
5034	6651	19
1382	6651	7
897	892	2
4527	6620	14
3734	163	5
4603	4588	2
2274	2266	2
2762	2760	2
2039	6651	7
2407	6549	10
4879	4857	2
1669	6651	19
4209	6585	28
4897	6617	14
4145	163	5
4575	163	5
4735	6611	14
1391	6651	19
371	6585	28
5693	6606	14
4187	6627	14
486	6651	19
870	6585	28
2503	6651	19
5441	163	5
1687	6585	28
5626	6651	19
975	6585	28
4350	6608	14
2018	6555	14
2673	6651	19
4992	6651	19
2796	163	5
683	20	7
5552	6621	14
6560	6651	17
6195	6556	14
2323	6565	12
6069	6585	28
860	6555	14
896	6651	7
1284	6543	28
6165	6553	14
960	6585	28
2474	6565	12
6117	6559	14
4314	6585	28
495	6559	14
2230	6629	28
6277	6557	14
6123	6585	28
566	6585	28
3202	6651	7
5498	5482	2
4282	6651	7
6641	6578	25
6604	6653	6
5957	6627	14
1598	6585	28
632	6651	19
6118	6118	18
4693	6585	28
5140	6651	7
5883	6605	14
5224	163	5
2395	0	4
4912	4909	2
4622	6651	19
5799	6651	7
6352	6629	28
4703	4701	2
2207	2203	2
5188	6651	7
3898	6607	14
6166	6651	7
5190	6585	28
1401	163	5
1541	163	5
6404	6558	14
2316	151	4
449	6651	7
3266	6651	19
5630	6651	19
683	163	5
4365	4345	2
6340	6557	14
1971	6585	28
3823	3807	2
6219	6651	19
3257	6651	7
4141	6585	28
4621	6610	14
4105	6554	14
4433	6651	19
3788	6651	7
5000	4996	2
1707	6585	28
4641	6585	28
3161	6592	14
2787	6651	7
3984	6651	19
664	6651	7
519	514	2
4082	6651	7
4088	163	5
1522	6554	14
3478	3474	2
1139	163	5
6246	163	5
1047	6651	7
2322	6651	3
2004	163	5
1590	6585	28
3465	163	5
2362	6651	19
907	6651	19
1809	1807	2
4348	6651	19
1908	6553	14
4630	6585	28
5522	6617	14
5731	6651	19
1238	6585	28
5741	6651	7
4202	6651	19
3761	3755	2
1980	6651	19
2142	6585	28
2997	163	5
1761	6651	19
4200	6585	28
2337	2	4
5523	6585	28
1339	6629	28
2710	6595	14
6560	6651	22
2429	3	4
6653	84	26
2752	6585	28
4361	4345	2
4824	6651	19
5079	5074	2
3280	6585	28
4592	6607	14
3254	6585	28
6491	6651	7
5826	6585	28
3530	6585	28
5996	5994	2
4107	6651	19
6338	6585	28
988	6585	28
1916	1915	2
2840	6651	19
2444	6565	12
3603	3593	2
3169	6651	7
2546	163	5
5248	6651	7
4343	6651	19
2187	163	5
2674	6651	19
188	6651	19
2944	6585	28
5246	6610	14
5860	6585	28
6258	6651	19
4331	6651	19
5296	6585	28
4264	6651	19
5979	5959	2
1933	6651	22
1339	1339	18
1008	6585	28
1459	6585	28
1802	1798	2
765	6585	28
3078	3073	2
5388	6651	19
2181	163	5
6009	6651	19
4379	6585	28
3721	3703	2
5696	6585	28
6113	163	5
5869	6617	14
1173	1171	2
462	163	5
723	6651	7
5380	6585	28
1224	6585	28
4149	6615	14
918	910	2
3220	6585	28
4978	6651	7
5223	6585	28
551	6651	19
5314	5291	2
3767	6651	7
2767	163	5
3551	163	5
1481	1474	2
3053	163	5
684	6559	14
3153	3148	2
3930	3920	2
4936	6651	7
4011	163	5
3336	163	5
2516	2515	2
4616	6585	28
1453	163	5
2476	6549	10
6260	6651	7
2363	6651	7
5263	6627	14
4226	6614	14
284	6585	28
5474	6585	28
728	721	2
3616	6552	14
2080	6651	19
2106	163	5
2669	6585	28
2904	163	5
1051	163	5
2373	6566	12
5870	6651	19
673	667	2
2774	6593	14
2636	2630	2
5321	6607	14
3209	3203	2
1804	1798	2
3764	163	5
1759	163	5
1215	6651	19
4112	6651	19
5651	163	5
4591	4588	2
2375	6565	12
5972	6616	14
964	6651	22
1533	6556	14
2948	6595	14
2271	163	5
2107	163	5
3794	6616	14
3194	6651	7
1052	163	5
4506	6625	14
3824	163	5
5446	6628	14
5093	6622	14
4023	6628	14
5053	5048	2
531	6585	28
3581	163	5
5705	6651	19
5103	163	5
4823	6621	14
6422	6585	28
253	6569	12
1164	6651	7
3564	6651	19
4099	163	5
5527	6622	14
4495	6585	28
4256	6651	19
1840	6585	28
4679	4675	2
5308	6651	7
4621	163	5
5133	163	5
336	334	2
3276	163	5
2926	6585	28
4336	4319	2
4689	4675	2
4984	6585	28
5950	6651	7
3642	3633	2
4860	6651	19
2551	163	5
3038	6599	14
3151	6651	7
3678	6585	28
3853	6651	19
3755	6629	28
1040	163	5
5620	163	5
4266	6585	28
2419	6543	28
5192	6651	7
3150	6651	7
3345	6651	7
5848	6622	14
559	6629	28
4921	6606	14
1296	6569	12
1901	6555	14
5227	5213	2
4933	163	5
6035	163	5
5891	5881	2
1455	6559	14
2721	6651	19
5060	6615	14
3621	163	5
3865	6585	28
190	190	11
2091	6585	28
5606	6651	7
5374	6585	28
5757	6585	28
5853	5829	2
5031	6612	14
4452	6651	19
6398	6651	19
2428	6543	28
1180	1180	18
4179	6619	14
3817	6651	19
3884	163	5
1593	6553	14
4438	6651	19
4748	6651	7
4127	4111	2
1267	6647	10
1264	140	4
3183	3181	2
2963	2954	2
5872	6651	19
1785	6651	19
2307	2302	2
590	163	5
853	847	2
234	234	11
3618	6651	7
1157	1153	2
3981	6651	7
2478	6549	10
3069	6585	28
2904	6554	14
5490	6585	28
5059	163	5
3308	6651	7
3406	3397	2
5034	5022	2
5757	6609	14
6332	163	5
2367	2359	2
3258	3258	18
5947	5933	2
5895	163	5
3403	3397	2
781	6557	14
268	6557	14
3605	6651	19
5835	6651	19
6024	6651	7
3157	6651	7
1401	6585	28
6257	6651	7
4448	6585	28
2712	2705	2
265	6651	7
4613	163	5
1655	6651	7
2579	6651	7
3657	6592	14
1730	6651	7
2011	163	5
2985	2976	2
1565	163	5
1607	106	7
1553	6585	28
5899	6651	19
1192	6651	7
6056	6055	2
5470	6651	7
2723	6597	14
6094	163	5
5436	5421	2
2959	163	5
3254	6651	7
1386	6651	7
1625	6585	28
1325	6651	19
3962	163	5
509	6555	14
4930	6651	7
669	163	5
4388	6611	14
6351	6559	14
4183	6585	28
5877	163	5
5531	6585	28
671	667	2
5459	6585	28
4744	6651	19
2787	2782	2
579	163	5
4297	6651	7
4439	6610	14
2428	6565	12
2777	163	5
4665	4649	2
6540	6651	7
639	6559	14
6482	6555	14
3553	6651	7
6301	6651	19
5157	6585	28
1233	6651	7
2860	6593	14
3956	6613	14
5433	6651	19
2138	6651	19
3600	6597	14
6473	6651	7
5165	6616	14
6190	6629	28
5094	5074	2
5864	6651	19
227	6556	21
5202	6651	7
2476	6651	3
3996	3972	2
2534	6651	19
2988	6651	19
4774	4753	2
2081	6651	19
4252	163	5
2127	6651	19
3282	6585	28
5957	6651	19
1037	163	5
5220	163	5
373	6585	28
390	388	2
595	6651	22
5410	6651	7
4405	163	5
2841	6596	14
2419	6566	12
3114	163	5
2325	6543	28
1308	6543	28
1513	6554	14
4091	6585	28
449	163	5
4018	6651	19
1992	6585	28
6078	6651	19
3012	163	5
1481	6585	28
5517	6651	7
2899	6651	19
575	6651	19
4691	6585	28
1733	163	5
3070	3062	2
3658	6593	14
2130	163	5
908	901	2
700	694	2
872	6651	19
1235	6585	28
4520	4510	2
603	6651	19
2798	6597	14
4763	4753	2
5991	6585	28
2470	149	4
3637	163	5
3576	6585	28
4907	4883	2
1258	6651	3
4363	6585	28
2453	2453	11
2702	2694	2
3677	6651	22
2340	2340	11
292	6585	28
1874	6585	28
5022	6629	28
6103	163	5
3354	6600	14
4694	4675	2
1299	6566	12
1674	6585	28
4997	6651	7
4494	6651	7
1233	6585	28
5605	163	5
5120	163	5
3136	163	5
1576	1573	2
4321	6585	28
5233	163	5
4841	6651	7
5519	163	5
454	163	5
4904	6624	14
4743	6619	14
2339	4	4
4982	6585	28
5187	6651	22
6186	6181	2
3141	163	5
228	102	4
6396	6651	7
6524	6651	19
6085	6651	19
6471	6651	19
870	6651	7
5219	6609	14
5504	5482	2
1113	6651	7
2750	163	5
5492	6651	19
3893	163	5
2315	6651	3
3468	6595	14
4783	163	5
6310	6651	7
2372	4	4
2648	6651	7
2667	2663	2
1151	6558	14
6135	6127	2
5724	6651	19
2202	6651	19
1546	1546	18
1752	6559	14
4475	6585	28
1503	6651	19
4272	4267	2
3826	163	5
980	6651	7
6002	163	5
1846	6554	14
1380	6585	28
4123	6651	7
6013	6651	7
625	6651	19
1376	6651	7
1384	6651	22
1196	6651	19
2415	6644	10
1967	6558	14
3220	163	5
5515	6651	7
6595	6601	6
4150	6651	7
2483	6585	28
6169	6585	28
1568	6651	19
1676	6651	7
5259	6651	7
3701	163	5
2356	3	4
3459	6585	28
3177	6585	28
1491	1483	2
280	280	18
6571	6547	28
4212	6585	28
1476	6553	14
1143	163	5
2984	6598	14
2274	6559	14
817	6651	7
1126	6651	22
4658	4649	2
2829	6651	7
3774	6585	28
4032	163	5
2322	2322	11
2989	163	5
6606	6606	16
2984	6651	19
1449	6651	19
2508	6553	14
4483	6651	19
2599	6585	28
1309	78	4
3001	6651	19
4244	4241	2
465	460	2
232	6645	10
5189	6651	19
1769	6585	28
3487	6585	28
5082	163	5
1085	6651	7
544	163	5
3759	6651	7
5314	6585	28
773	6585	28
6419	6415	2
6251	6585	28
5636	6651	19
5231	6621	14
1261	6647	10
4441	6651	19
1435	75	7
6138	163	5
2766	6651	7
318	6651	7
1123	6651	19
2238	6559	14
2553	6651	22
623	163	5
3357	6585	28
4808	4805	2
3843	3842	2
2818	6595	14
5433	163	5
257	6569	12
828	6585	28
2171	163	5
2470	6626	21
1534	103	7
5115	163	5
2018	163	5
3024	163	5
423	163	5
3618	3615	2
1920	6556	14
594	6559	14
5631	6651	19
1955	163	5
4560	6651	19
5432	6614	14
4561	163	5
5512	6607	14
1475	6585	28
676	676	18
5388	6651	7
2768	6651	19
2061	6585	28
2680	2672	2
2348	2348	11
4438	163	5
1059	6556	14
321	6651	19
770	6555	14
5008	6585	28
3817	6613	14
1505	6651	19
849	6553	14
1361	1357	2
3874	3868	2
4671	6651	7
477	6559	14
6095	6091	2
1302	78	4
4718	4701	2
2598	6651	19
693	6651	7
5836	5829	2
5343	5343	18
2531	163	5
5260	163	5
1550	6555	14
1301	6644	10
2783	6651	7
498	163	5
3944	6585	28
4024	6651	22
3860	6651	19
1867	6651	7
3568	6651	19
1904	1897	2
747	6651	7
2381	0	4
2429	6651	3
6588	6646	23
354	163	5
4777	6585	28
5137	163	5
333	163	5
5835	6651	7
1709	6585	28
6480	6478	2
5608	5586	2
2519	163	5
3930	6651	19
6098	6585	28
5338	6585	28
2549	2544	2
2950	6651	7
4411	4406	2
4483	163	5
653	163	5
4654	6651	7
2418	6543	28
5476	163	5
1305	6566	12
308	163	5
3725	3703	2
6228	6226	2
5728	6606	14
3574	3571	2
1623	6651	7
5304	5291	2
6114	6109	2
955	6629	28
5322	6608	14
668	163	5
4029	4024	2
2024	6651	7
819	6559	14
2046	163	5
3154	6651	7
5839	6585	28
2406	4	4
6398	6651	7
293	6585	28
1146	1144	2
5821	5803	2
4045	163	5
1886	6585	28
625	6651	7
5856	6651	7
1006	6651	19
1406	6585	28
455	163	5
3223	6599	14
310	6651	7
4247	6585	28
6249	6651	7
5922	6618	14
722	6552	14
4521	6651	19
5019	6651	7
1153	1153	18
1813	163	5
4273	6651	7
4725	6627	14
855	163	5
1192	6554	14
3026	6585	28
5189	163	5
6496	6651	22
3288	6600	14
1882	1879	2
3335	6651	19
2690	163	5
5905	6651	7
4956	6585	28
2689	6651	7
1565	1564	2
1558	6651	19
4442	163	5
1458	6553	14
4710	4701	2
6374	163	5
1341	1339	2
2968	163	5
5648	6613	14
4486	4484	2
3135	163	5
1342	1339	2
2145	6651	7
1273	78	4
599	6585	28
365	6651	19
2300	6585	28
1596	6585	28
6150	6556	14
802	6629	28
4746	6585	28
3400	6651	19
3455	3452	2
4501	6651	19
556	6651	7
1567	6554	14
2245	6557	14
4593	6585	28
1821	163	5
1757	6585	28
1433	6651	19
323	6585	28
4442	6613	14
4765	6651	7
3676	3666	2
4487	6606	14
2978	6585	28
5006	4996	2
2388	0	4
3260	6651	19
1825	1825	18
2866	6585	28
3857	163	5
613	6651	22
487	487	18
441	6559	14
2327	6655	10
297	6559	14
5859	6651	7
506	505	2
207	6543	28
5077	163	5
2278	6585	28
5885	6651	7
1499	6651	19
756	6651	19
1271	6543	28
3451	6651	19
6076	163	5
5148	163	5
5150	6651	19
834	163	5
2151	2149	2
2726	6651	7
2876	6598	14
1037	1036	2
5013	163	5
3623	3615	2
6387	6379	2
5733	6651	19
5819	6619	14
6021	6020	2
5082	6651	19
768	766	2
1440	1438	2
1131	6585	28
1443	1438	2
564	559	2
6551	6578	28
3485	6651	22
2476	151	4
493	6651	19
5465	6585	28
4639	6651	19
4353	6585	28
4524	6651	19
2209	2203	2
553	6554	14
3286	163	5
990	6559	14
536	6585	28
725	6585	28
2317	2317	11
5851	6585	28
2143	6554	14
2740	6585	28
495	487	2
5773	6651	7
4540	6585	28
5414	6622	14
3979	3972	2
5339	6585	28
2731	6651	19
2964	6600	14
902	6552	14
6631	6651	25
5390	5369	2
3437	6651	19
446	6585	28
2152	2149	2
4453	6624	14
5867	5855	2
3159	6651	22
4648	163	5
4512	163	5
898	6557	14
6507	6651	19
3302	6651	19
894	163	5
2035	6651	19
3208	163	5
1381	1375	2
1160	1153	2
6616	6616	16
930	6651	19
4002	6651	19
2343	2	4
5266	6651	7
3116	163	5
2475	6565	12
697	163	5
3235	163	5
2049	6559	14
4974	6585	28
4326	163	5
1425	6556	14
5007	6651	7
1308	1308	11
5866	6585	28
1671	6651	19
4891	163	5
3645	6651	7
6264	6651	7
4217	6651	19
1133	6558	14
344	6651	7
4057	6585	28
1565	6552	14
1315	6651	19
6004	6613	14
2854	163	5
6399	6553	14
4056	6651	7
3318	6651	19
3778	163	5
5429	6651	19
6132	6556	14
5251	5239	2
5116	6651	19
5001	6585	28
6409	6651	7
2626	163	5
4830	6628	14
5152	6651	22
1229	1225	2
4799	163	5
2421	6644	10
1754	6651	7
4634	6651	7
1258	1258	11
3869	6604	14
3251	6585	28
1399	1393	2
6229	6651	7
6649	6635	25
1221	1216	2
4857	6629	28
1871	6651	19
4524	6585	28
4275	6651	19
3553	3549	2
2598	163	5
5455	6651	19
4317	4293	2
3002	6651	19
5673	163	5
3433	6651	7
5046	6651	7
6598	111	1
6615	6615	16
2019	2014	2
726	163	5
1204	103	7
1722	163	5
3124	6651	19
1932	1924	2
4216	6651	19
4042	163	5
3982	163	5
2473	6565	12
6339	163	5
1817	163	5
3625	6585	28
2967	2965	2
639	6585	28
3972	6651	22
3231	3225	2
5013	6651	7
6558	6560	6
5805	163	5
2403	6543	28
1240	6651	19
3054	3051	2
1612	6651	19
1533	6651	7
817	163	5
1617	6585	28
6418	6651	19
1352	6651	7
2923	6651	7
1793	1789	2
3627	6554	14
3451	3441	2
5660	6585	28
943	937	2
3782	3781	2
3884	6585	28
1298	153	4
892	6651	22
3221	6651	7
2861	163	5
5048	6629	28
1881	6553	14
5874	6651	19
6364	6651	19
1542	1537	2
528	6585	28
6375	6556	14
5928	5907	2
4123	6615	14
6275	6651	19
4031	6585	28
6637	6575	28
1716	163	5
2655	163	5
584	6651	19
1473	6559	14
5215	6651	7
1971	1969	2
976	6651	7
3670	6585	28
4401	4380	2
4405	6651	7
3351	163	5
2806	163	5
6470	6651	7
1639	6651	19
2540	6651	7
2396	1	4
434	163	5
4117	6651	19
2422	6620	21
5913	6609	14
2394	6565	12
6523	6523	18
1827	6651	19
2444	6651	4
4095	6651	7
5107	6651	7
4615	4614	2
5819	163	5
1058	6555	14
689	163	5
5468	163	5
4392	163	5
4750	4727	2
1513	163	5
1759	6557	14
1686	6651	7
1293	6566	12
5998	6585	28
2912	6651	7
4470	6585	28
4592	4588	2
969	6585	28
2155	6651	19
2557	6651	7
1928	6555	14
5552	6651	7
1044	6559	14
3317	163	5
3367	6585	28
3283	6651	7
3069	3062	2
3061	6585	28
1589	6651	19
5898	6651	7
4684	163	5
1675	163	5
851	6585	28
1219	1216	2
4571	163	5
5519	6585	28
3105	163	5
737	6651	7
6153	6559	14
733	163	5
5313	163	5
4635	6585	28
2677	2672	2
4930	163	5
4420	6585	28
5632	163	5
4122	163	5
5853	163	5
4556	6651	7
5159	6651	7
5896	5881	2
1116	6585	28
475	6651	19
236	156	4
5208	6624	14
2336	1	4
5616	6607	14
1621	1618	2
3122	6585	28
997	6585	28
470	6651	7
4626	163	5
5512	163	5
6483	6651	19
5365	5343	2
2657	2652	2
5150	6651	7
6095	6555	14
1498	163	5
1079	6651	19
3557	6651	19
2091	2086	2
4545	4536	2
5101	6651	19
4320	6585	28
5787	6651	19
3217	6651	7
230	102	4
353	352	2
1568	163	5
5705	5690	2
1269	149	4
571	6585	28
1166	6651	19
2885	2879	2
3927	6585	28
6016	6585	28
1905	1897	2
2945	6585	28
320	6555	14
2653	6591	14
3003	6595	14
3035	6651	7
3738	163	5
446	442	2
3321	3311	2
3391	3386	2
1133	46	7
4874	6651	7
3018	163	5
687	6585	28
1737	6651	19
193	193	11
4923	163	5
2126	6651	19
4513	163	5
5775	6585	28
3206	6651	19
5859	5855	2
3483	6599	14
6267	6556	14
522	6585	28
4969	6628	14
2085	6651	19
548	163	5
1331	1330	2
6080	98	7
6028	6585	28
4510	4510	18
537	6585	28
2965	6651	22
5591	163	5
645	6651	7
5645	6585	28
3079	6585	28
5687	6585	28
4300	6651	7
539	532	2
5370	5369	2
600	6651	19
4191	6651	19
3497	6552	14
1200	6553	14
479	163	5
1221	6585	28
3999	6585	28
4658	6612	14
384	6585	28
4889	6651	7
2764	6594	14
5323	5317	2
1502	6552	14
3502	163	5
1061	1054	2
1390	6651	7
1453	1447	2
5438	6651	19
3979	6610	14
2116	6651	7
5877	6585	28
4984	6651	19
4051	6604	14
842	6555	14
5341	6627	14
1137	6651	19
6119	6651	7
510	505	2
1356	6651	7
4305	6651	7
1876	6651	19
2869	2868	2
4967	6651	19
4836	4831	2
706	703	2
6395	6585	28
6140	163	5
2450	6543	28
2384	6651	3
3995	6585	28
2483	6555	14
3770	6651	7
4828	4805	2
3704	6604	14
5613	6651	19
2958	6585	28
1347	6651	19
1689	6651	19
2188	6651	19
2540	163	5
2161	6651	19
2692	163	5
1110	6651	7
6230	6651	7
3994	6651	7
3444	3441	2
877	6651	7
4916	4909	2
4316	6651	7
292	289	2
1249	6651	19
4107	4102	2
2789	6651	19
6086	6555	14
2010	163	5
1870	6629	28
4080	6585	28
2667	163	5
3260	3258	2
6364	163	5
2020	25	7
3794	3781	2
2550	6557	14
5155	6585	28
3451	6651	7
3329	6651	19
6418	6585	28
2274	6651	19
2952	6599	14
1091	6651	19
209	6651	3
3552	163	5
1756	1753	2
301	6651	7
3093	6585	28
1222	6651	19
437	6585	28
5270	6651	19
4740	6651	7
6128	6651	7
2883	6651	7
3626	6651	19
4799	4779	2
2361	6651	7
6408	6651	19
4304	4293	2
3948	6585	28
4598	6585	28
4704	6606	14
4351	6651	7
4087	4076	2
6097	163	5
226	6566	12
4408	6585	28
5580	5560	2
953	6558	14
2894	2890	2
6390	6553	14
5825	6651	19
1608	6651	7
4899	163	5
3149	6651	7
3263	6556	14
5554	6651	19
5781	163	5
2941	6651	7
4545	163	5
2376	6651	3
1262	6651	3
2115	6651	19
1049	6651	7
5102	6651	19
2206	6651	19
4094	163	5
1001	6552	14
3927	6651	7
1367	1366	2
1343	163	5
3301	6591	14
851	6651	7
1696	163	5
2402	6565	12
3432	6651	7
5730	6608	14
5054	6585	28
2589	6651	7
2595	6585	28
2939	6597	14
5944	6614	14
5226	6651	19
5444	6651	7
2656	6651	7
6257	6585	28
3111	163	5
4845	4831	2
2956	2954	2
2501	2497	2
399	6651	7
471	6553	14
811	811	18
4463	6585	28
3753	6651	19
4050	6651	22
5469	6651	7
2337	6608	21
883	6651	22
5630	6621	14
5892	6614	14
1377	6651	19
6267	6585	28
4414	6651	19
6150	6651	7
503	496	2
1498	6557	14
3742	6651	7
4148	4137	2
5408	5395	2
6183	6181	2
600	595	2
873	6651	19
468	460	2
2246	6651	19
899	6651	19
1990	1987	2
5601	6618	14
5927	163	5
1574	1573	2
2709	6585	28
917	6585	28
3074	6651	7
3440	6651	7
4571	6651	7
3693	6585	28
2936	6651	19
2922	6651	19
3723	6585	28
4622	6611	14
770	766	2
4479	4458	2
6539	6585	28
3244	6598	14
2381	6651	3
3415	3408	2
413	6651	19
814	163	5
4136	4111	2
952	6651	7
1811	6651	7
2762	6651	7
4403	6651	7
1890	6651	19
4707	6651	7
4133	6651	7
1994	6558	14
3587	163	5
6312	6651	19
3425	3419	2
4146	4137	2
2069	6651	19
6155	6651	19
5051	6651	7
5095	6624	14
2510	163	5
4335	163	5
6587	6543	9
4978	6585	28
6359	6651	19
1790	6585	28
4898	6585	28
2251	6585	28
2544	6651	22
3309	6651	7
1203	6651	19
2655	2652	2
5850	6651	7
2632	6651	7
5976	6651	19
719	712	2
1057	163	5
2457	4	4
1485	6651	7
3340	6651	19
4948	6585	28
385	38	7
178	6651	19
4955	6651	7
4067	4050	2
2152	163	5
227	6569	12
2596	6600	14
1898	163	5
1299	149	4
5990	6556	14
6166	6585	28
3583	163	5
1105	1099	2
4304	6614	14
5641	163	5
5307	6651	7
5980	5959	2
4161	6585	28
5207	163	5
5749	6651	7
1563	6585	28
310	307	2
1778	6651	19
4234	6651	19
3457	6651	19
6028	6651	7
3802	6651	7
4437	6608	14
6586	6585	9
1701	6651	19
4229	6651	7
2832	2824	2
2927	163	5
6229	6226	2
4984	6651	7
4304	163	5
234	6647	10
2031	6651	7
4311	6585	28
818	6651	7
879	6651	19
313	6557	14
4696	163	5
2229	6585	28
2408	6651	3
327	325	2
658	658	18
614	6552	14
4306	6651	19
3536	3527	2
355	163	5
3811	163	5
5900	6651	7
311	6585	28
4025	4024	2
3825	6585	28
1534	6651	19
4012	163	5
1822	163	5
1115	1108	2
1704	6585	28
3189	3181	2
6604	6577	28
5446	6651	19
2715	6651	19
4362	163	5
5186	6651	7
6099	6559	14
2340	6566	12
2160	6651	19
1549	6651	19
4350	6585	28
3740	6651	19
2154	2149	2
6327	6553	14
5558	6651	7
1331	6585	28
2151	6553	14
