rule_index	rule	grounding
Rule_1408	?a type PatientCondition => ?a spanConfidence 1.0	ischemic_heart_disease__al-khatib-2017-aha-acc-hrs-guideline-va-and-scd_n0035/e_0003 type PatientCondition => ischemic_heart_disease__al-khatib-2017-aha-acc-hrs-guideline-va-and-scd_n0035/e_0003 spanConfidence 1.0
Rule_1408	?a type PatientCondition => ?a spanConfidence 1.0	asymptomatic__al-khatib-2017-aha-acc-hrs-guideline-va-and-scd_n0060/e_0002 type PatientCondition => asymptomatic__al-khatib-2017-aha-acc-hrs-guideline-va-and-scd_n0060/e_0002 spanConfidence 1.0
Rule_1408	?a type PatientCondition => ?a spanConfidence 1.0	symptomatic_HF__glikson-2021-2021-esc-guidelines-on-cardiac-pacing-and-cardiac-resynchro_n0053/e_0004 type PatientCondition => symptomatic_HF__glikson-2021-2021-esc-guidelines-on-cardiac-pacing-and-cardiac-resynchro_n0053/e_0004 spanConfidence 1.0
Rule_1408	?a type PatientCondition => ?a spanConfidence 1.0	good_functional_capacity__pelliccia-2020-2020-esc-guidelines-on-sports-cardiology-and-exercise-in_n0060/e_0015 type PatientCondition => good_functional_capacity__pelliccia-2020-2020-esc-guidelines-on-sports-cardiology-and-exercise-in_n0060/e_0015 spanConfidence 1.0
Rule_1408	?a type PatientCondition => ?a spanConfidence 1.0	frequent_or_complex_VAs__pelliccia-2020-2020-esc-guidelines-on-sports-cardiology-and-exercise-in_n0057/e_0027 type PatientCondition => frequent_or_complex_VAs__pelliccia-2020-2020-esc-guidelines-on-sports-cardiology-and-exercise-in_n0057/e_0027 spanConfidence 1.0
Rule_1408	?a type PatientCondition => ?a spanConfidence 1.0	renal_failure__zeppenfeld-2022-esc-guidelines-va-and-scd_n0025/e_0069 type PatientCondition => renal_failure__zeppenfeld-2022-esc-guidelines-va-and-scd_n0025/e_0069 spanConfidence 1.0
Rule_1408	?a type PatientCondition => ?a spanConfidence 1.0	stenosis_of_left_main_or_proximal_LAD__mcdonagh-2023-esc-guidelines_n0021/e_0040 type PatientCondition => stenosis_of_left_main_or_proximal_LAD__mcdonagh-2023-esc-guidelines_n0021/e_0040 spanConfidence 1.0
Rule_1408	?a type PatientCondition => ?a spanConfidence 1.0	Fabry_disease__mcdonagh-2023-esc-guidelines_n0031/e_0007 type PatientCondition => Fabry_disease__mcdonagh-2023-esc-guidelines_n0031/e_0007 spanConfidence 1.0
Rule_1408	?a type PatientCondition => ?a spanConfidence 1.0	3-vessel_disease__zeppenfeld-2022-esc-guidelines-va-and-scd_n0026/e_0007 type PatientCondition => 3-vessel_disease__zeppenfeld-2022-esc-guidelines-va-and-scd_n0026/e_0007 spanConfidence 1.0
Rule_1408	?a type PatientCondition => ?a spanConfidence 1.0	conductor_coil_fracture__braunschweig-2010-management-of-patients-receiving-implantable-cardiac-d_n0007/e_0033 type PatientCondition => conductor_coil_fracture__braunschweig-2010-management-of-patients-receiving-implantable-cardiac-d_n0007/e_0033 spanConfidence 1.0
Rule_1408	?a type PatientCondition => ?a spanConfidence 1.0	cardiac_and_noncardiac_disorders__heidenreich-2022-aha-acc-hfsa-guidelines_n0013/e_0025 type PatientCondition => cardiac_and_noncardiac_disorders__heidenreich-2022-aha-acc-hfsa-guidelines_n0013/e_0025 spanConfidence 1.0
Rule_1408	?a type PatientCondition => ?a spanConfidence 1.0	issues_with_detection__glikson-2021-2021-esc-guidelines-on-cardiac-pacing-and-cardiac-resynchro_n0057/e_0014 type PatientCondition => issues_with_detection__glikson-2021-2021-esc-guidelines-on-cardiac-pacing-and-cardiac-resynchro_n0057/e_0014 spanConfidence 1.0
Rule_1408	?a type PatientCondition => ?a spanConfidence 1.0	long_QT_syndrome__al-khatib-2017-aha-acc-hrs-guideline-va-and-scd_n0055/e_0009 type PatientCondition => long_QT_syndrome__al-khatib-2017-aha-acc-hrs-guideline-va-and-scd_n0055/e_0009 spanConfidence 1.0
Rule_1408	?a type PatientCondition => ?a spanConfidence 1.0	Electromagnetic_interference__braunschweig-2010-management-of-patients-receiving-implantable-cardiac-d_n0007/e_0016 type PatientCondition => Electromagnetic_interference__braunschweig-2010-management-of-patients-receiving-implantable-cardiac-d_n0007/e_0016 spanConfidence 1.0
Rule_1408	?a type PatientCondition => ?a spanConfidence 1.0	BrS_type_1_ECG__zeppenfeld-2022-esc-guidelines-va-and-scd_n0025/e_0011 type PatientCondition => BrS_type_1_ECG__zeppenfeld-2022-esc-guidelines-va-and-scd_n0025/e_0011 spanConfidence 1.0
Rule_1408	?a type PatientCondition => ?a spanConfidence 1.0	Severe_and_persistent_symptoms_of_heart_failure__mcdonagh-2023-esc-guidelines_n0058/e_0002 type PatientCondition => Severe_and_persistent_symptoms_of_heart_failure__mcdonagh-2023-esc-guidelines_n0058/e_0002 spanConfidence 1.0
Rule_1408	?a type PatientCondition => ?a spanConfidence 1.0	functional_status__al-khatib-2017-aha-acc-hrs-guideline-va-and-scd_n0033/e_0018 type PatientCondition => functional_status__al-khatib-2017-aha-acc-hrs-guideline-va-and-scd_n0033/e_0018 spanConfidence 1.0
Rule_1408	?a type PatientCondition => ?a spanConfidence 1.0	Muehrcke_lines_in_nails__vest-2019-nutrition-obesity-and-cachexia-in-patients-with-heart-failure_n0002/e_0009 type PatientCondition => Muehrcke_lines_in_nails__vest-2019-nutrition-obesity-and-cachexia-in-patients-with-heart-failure_n0002/e_0009 spanConfidence 1.0
Rule_1408	?a type PatientCondition => ?a spanConfidence 1.0	adenosine-sensitive_syncope__glikson-2021-2021-esc-guidelines-on-cardiac-pacing-and-cardiac-resynchro_n0049/e_0018 type PatientCondition => adenosine-sensitive_syncope__glikson-2021-2021-esc-guidelines-on-cardiac-pacing-and-cardiac-resynchro_n0049/e_0018 spanConfidence 1.0
Rule_1408	?a type PatientCondition => ?a spanConfidence 1.0	bradycardia__glikson-2021-2021-esc-guidelines-on-cardiac-pacing-and-cardiac-resynchro_n0084/e_0003 type PatientCondition => bradycardia__glikson-2021-2021-esc-guidelines-on-cardiac-pacing-and-cardiac-resynchro_n0084/e_0003 spanConfidence 1.0
Rule_1408	?a type PatientCondition => ?a spanConfidence 1.0	Brugada_syndrome__al-khatib-2017-aha-acc-hrs-guideline-va-and-scd_n0053/e_0006 type PatientCondition => Brugada_syndrome__al-khatib-2017-aha-acc-hrs-guideline-va-and-scd_n0053/e_0006 spanConfidence 1.0
Rule_1408	?a type PatientCondition => ?a spanConfidence 1.0	previous_cardiotoxicity__mcdonagh-2023-esc-guidelines_n0022/e_0092 type PatientCondition => previous_cardiotoxicity__mcdonagh-2023-esc-guidelines_n0022/e_0092 spanConfidence 1.0
Rule_1408	?a type PatientCondition => ?a spanConfidence 1.0	Repeated_ICD_firings__sectio-4_n0001/e_0022 type PatientCondition => Repeated_ICD_firings__sectio-4_n0001/e_0022 spanConfidence 1.0
Rule_1408	?a type PatientCondition => ?a spanConfidence 1.0	severe_bronchial_asthma__zeppenfeld-2022-esc-guidelines-va-and-scd_n0025/e_0070 type PatientCondition => severe_bronchial_asthma__zeppenfeld-2022-esc-guidelines-va-and-scd_n0025/e_0070 spanConfidence 1.0
Rule_1408	?a type PatientCondition => ?a spanConfidence 1.0	inappropriate_therapy__vijgen-2009-updated-recommendations-for-driving-by-patients-with-implant_n0005/e_0004 type PatientCondition => inappropriate_therapy__vijgen-2009-updated-recommendations-for-driving-by-patients-with-implant_n0005/e_0004 spanConfidence 1.0
Rule_1408	?a type PatientCondition => ?a spanConfidence 1.0	paroxysmal_or_persistent_AF__mcdonagh-2023-esc-guidelines_n0024/e_0026 type PatientCondition => paroxysmal_or_persistent_AF__mcdonagh-2023-esc-guidelines_n0024/e_0026 spanConfidence 1.0
Rule_1408	?a type PatientCondition => ?a spanConfidence 1.0	asymptomatic_pause(s)_%3E6_s__glikson-2021-2021-esc-guidelines-on-cardiac-pacing-and-cardiac-resynchro_n0049/e_0008 type PatientCondition => asymptomatic_pause(s)_%3E6_s__glikson-2021-2021-esc-guidelines-on-cardiac-pacing-and-cardiac-resynchro_n0049/e_0008 spanConfidence 1.0
Rule_1408	?a type PatientCondition => ?a spanConfidence 1.0	NYHA_class_III_or_IV__glikson-2021-2021-esc-guidelines-on-cardiac-pacing-and-cardiac-resynchro_n0052/e_0004 type PatientCondition => NYHA_class_III_or_IV__glikson-2021-2021-esc-guidelines-on-cardiac-pacing-and-cardiac-resynchro_n0052/e_0004 spanConfidence 1.0
Rule_1408	?a type PatientCondition => ?a spanConfidence 1.0	dangerous_heart_rhythm__cardiosmart-decision-aid-icd-for-hf_n0002/e_0020 type PatientCondition => dangerous_heart_rhythm__cardiosmart-decision-aid-icd-for-hf_n0002/e_0020 spanConfidence 1.0
Rule_1408	?a type PatientCondition => ?a spanConfidence 1.0	sleep_disturbances__riegel-2009-promoting-self-care-in-persons-with-heart-failure_n0002/e_0023 type PatientCondition => sleep_disturbances__riegel-2009-promoting-self-care-in-persons-with-heart-failure_n0002/e_0023 spanConfidence 1.0
Rule_1408	?a type PatientCondition => ?a spanConfidence 1.0	Dyspnea_at_rest__execut-1_n0020/e_0006 type PatientCondition => Dyspnea_at_rest__execut-1_n0020/e_0006 spanConfidence 1.0
Rule_1408	?a type PatientCondition => ?a spanConfidence 1.0	early_changes_to_the_structure_of_the_heart__cardiosmart-modul1-zusammengefugt_n0002/e_0004 type PatientCondition => early_changes_to_the_structure_of_the_heart__cardiosmart-modul1-zusammengefugt_n0002/e_0004 spanConfidence 1.0
Rule_1408	?a type PatientCondition => ?a spanConfidence 1.0	severe_HF__sectio-1_n0016/e_0034 type PatientCondition => severe_HF__sectio-1_n0016/e_0034 spanConfidence 1.0
Rule_1408	?a type PatientCondition => ?a spanConfidence 1.0	dangerous_heart_rhythm__cardiosmart-decision-aid-icd-for-hf_n0002/e_0002 type PatientCondition => dangerous_heart_rhythm__cardiosmart-decision-aid-icd-for-hf_n0002/e_0002 spanConfidence 1.0
Rule_1408	?a type PatientCondition => ?a spanConfidence 1.0	anorexia__vest-2019-nutrition-obesity-and-cachexia-in-patients-with-heart-failure_n0005/e_9013 type PatientCondition => anorexia__vest-2019-nutrition-obesity-and-cachexia-in-patients-with-heart-failure_n0005/e_9013 spanConfidence 1.0
Rule_1408	?a type PatientCondition => ?a spanConfidence 1.0	known_or_suspected_valvular_disease__regitz-zagrosek-2018-2018-esc-guideline-for-the-management-of-cardiovasc_n0022/e_0005 type PatientCondition => known_or_suspected_valvular_disease__regitz-zagrosek-2018-2018-esc-guideline-for-the-management-of-cardiovasc_n0022/e_0005 spanConfidence 1.0
Rule_1408	?a type PatientCondition => ?a spanConfidence 1.0	NYHA_III/IV_HF__zeppenfeld-2022-esc-guidelines-va-and-scd_n0025/e_0068 type PatientCondition => NYHA_III/IV_HF__zeppenfeld-2022-esc-guidelines-va-and-scd_n0025/e_0068 spanConfidence 1.0
Rule_1408	?a type PatientCondition => ?a spanConfidence 1.0	SCA_due_to_VT/VF__al-khatib-2017-aha-acc-hrs-guideline-va-and-scd_n0039/e_0020 type PatientCondition => SCA_due_to_VT/VF__al-khatib-2017-aha-acc-hrs-guideline-va-and-scd_n0039/e_0020 spanConfidence 1.0
Rule_1408	?a type PatientCondition => ?a spanConfidence 1.0	absence_of_a_documented_cardioinhibitory_reflex__glikson-2021-2021-esc-guidelines-on-cardiac-pacing-and-cardiac-resynchro_n0085/e_0050 type PatientCondition => absence_of_a_documented_cardioinhibitory_reflex__glikson-2021-2021-esc-guidelines-on-cardiac-pacing-and-cardiac-resynchro_n0085/e_0050 spanConfidence 1.0
Rule_1408	?a type PatientCondition => ?a spanConfidence 1.0	compression_ultrasound_is_negative__regitz-zagrosek-2018-2018-esc-guideline-for-the-management-of-cardiovasc_n0029/e_0035 type PatientCondition => compression_ultrasound_is_negative__regitz-zagrosek-2018-2018-esc-guideline-for-the-management-of-cardiovasc_n0029/e_0035 spanConfidence 1.0
Rule_1408	?a type PatientCondition => ?a spanConfidence 1.0	snoring__riegel-2009-promoting-self-care-in-persons-with-heart-failure_n0004/e_0075 type PatientCondition => snoring__riegel-2009-promoting-self-care-in-persons-with-heart-failure_n0004/e_0075 spanConfidence 1.0
Rule_1408	?a type PatientCondition => ?a spanConfidence 1.0	patient_has_been_afebrile_for_at_least_24_h__glikson-2021-2021-esc-guidelines-on-cardiac-pacing-and-cardiac-resynchro_n0073/e_0015 type PatientCondition => patient_has_been_afebrile_for_at_least_24_h__glikson-2021-2021-esc-guidelines-on-cardiac-pacing-and-cardiac-resynchro_n0073/e_0015 spanConfidence 1.0
Rule_1408	?a type PatientCondition => ?a spanConfidence 1.0	Acute_coronary_syndromes__execut-1_n0020/e_0011 type PatientCondition => Acute_coronary_syndromes__execut-1_n0020/e_0011 spanConfidence 1.0
Rule_1408	?a type PatientCondition => ?a spanConfidence 1.0	physical_signs_specific_to_micronutrient_deficiencies__vest-2019-nutrition-obesity-and-cachexia-in-patients-with-heart-failure_n0002/e_0008 type PatientCondition => physical_signs_specific_to_micronutrient_deficiencies__vest-2019-nutrition-obesity-and-cachexia-in-patients-with-heart-failure_n0002/e_0008 spanConfidence 1.0
Rule_1408	?a type PatientCondition => ?a spanConfidence 1.0	Altered_mentation__sectio-4_n0001/e_0005 type PatientCondition => Altered_mentation__sectio-4_n0001/e_0005 spanConfidence 1.0
Rule_1408	?a type PatientCondition => ?a spanConfidence 1.0	no_further_prolongation__glikson-2021-2021-esc-guidelines-on-cardiac-pacing-and-cardiac-resynchro_n0063/e_0021 type PatientCondition => no_further_prolongation__glikson-2021-2021-esc-guidelines-on-cardiac-pacing-and-cardiac-resynchro_n0063/e_0021 spanConfidence 1.0
Rule_1408	?a type PatientCondition => ?a spanConfidence 1.0	unexplained_dyspnoea__mcdonagh-2023-esc-guidelines_n0031/e_0046 type PatientCondition => unexplained_dyspnoea__mcdonagh-2023-esc-guidelines_n0031/e_0046 spanConfidence 1.0
Rule_1408	?a type PatientCondition => ?a spanConfidence 1.0	subsequent_pregnancy__regitz-zagrosek-2018-2018-esc-guideline-for-the-management-of-cardiovasc_n0025/e_0037 type PatientCondition => subsequent_pregnancy__regitz-zagrosek-2018-2018-esc-guideline-for-the-management-of-cardiovasc_n0025/e_0037 spanConfidence 1.0
Rule_1408	?a type PatientCondition => ?a spanConfidence 1.0	diaphragmatic_myopotentials__braunschweig-2010-management-of-patients-receiving-implantable-cardiac-d_n0007/e_0059 type PatientCondition => diaphragmatic_myopotentials__braunschweig-2010-management-of-patients-receiving-implantable-cardiac-d_n0007/e_0059 spanConfidence 1.0
Rule_1408	?a type PatientCondition => ?a spanConfidence 1.0	inducible_sustained_VT__al-khatib-2017-aha-acc-hrs-guideline-va-and-scd_n0035/e_0032 type PatientCondition => inducible_sustained_VT__al-khatib-2017-aha-acc-hrs-guideline-va-and-scd_n0035/e_0032 spanConfidence 1.0
Rule_1408	?a type PatientCondition => ?a spanConfidence 1.0	severe_HF__sectio-1_n0016/e_0025 type PatientCondition => severe_HF__sectio-1_n0016/e_0025 spanConfidence 1.0
Rule_1408	?a type PatientCondition => ?a spanConfidence 1.0	depression__riegel-2009-promoting-self-care-in-persons-with-heart-failure_n0004/e_0036 type PatientCondition => depression__riegel-2009-promoting-self-care-in-persons-with-heart-failure_n0004/e_0036 spanConfidence 1.0
Rule_1408	?a type PatientCondition => ?a spanConfidence 1.0	obstetrical_indications__regitz-zagrosek-2018-2018-esc-guideline-for-the-management-of-cardiovasc_n0016/e_0044 type PatientCondition => obstetrical_indications__regitz-zagrosek-2018-2018-esc-guideline-for-the-management-of-cardiovasc_n0016/e_0044 spanConfidence 1.0
Rule_1408	?a type PatientCondition => ?a spanConfidence 1.0	restrictive_cardiomyopathy__mcdonagh-2023-esc-guidelines_n0020/e_0005 type PatientCondition => restrictive_cardiomyopathy__mcdonagh-2023-esc-guidelines_n0020/e_0005 spanConfidence 1.0
Rule_1408	?a type PatientCondition => ?a spanConfidence 1.0	AV_block__zeppenfeld-2022-esc-guidelines-va-and-scd_n0026/e_0017 type PatientCondition => AV_block__zeppenfeld-2022-esc-guidelines-va-and-scd_n0026/e_0017 spanConfidence 1.0
Rule_1408	?a type PatientCondition => ?a spanConfidence 1.0	without_atherosclerotic_vascular_disease__execut-1_n0036/e_0007 type PatientCondition => without_atherosclerotic_vascular_disease__execut-1_n0036/e_0007 spanConfidence 1.0
Rule_1408	?a type PatientCondition => ?a spanConfidence 1.0	HF__tsutsui-2023-natriuretic-peptides-role-in-the-diagnosis-and-management-o_n0001/e_0003 type PatientCondition => HF__tsutsui-2023-natriuretic-peptides-role-in-the-diagnosis-and-management-o_n0001/e_0003 spanConfidence 1.0
Rule_1408	?a type PatientCondition => ?a spanConfidence 1.0	asymptomatic_pause(s)_%3E6_s__glikson-2021-2021-esc-guidelines-on-cardiac-pacing-and-cardiac-resynchro_n0085/e_0046 type PatientCondition => asymptomatic_pause(s)_%3E6_s__glikson-2021-2021-esc-guidelines-on-cardiac-pacing-and-cardiac-resynchro_n0085/e_0046 spanConfidence 1.0
Rule_1408	?a type PatientCondition => ?a spanConfidence 1.0	VT/VF__zeppenfeld-2022-esc-guidelines-va-and-scd_n0025/e_0016 type PatientCondition => VT/VF__zeppenfeld-2022-esc-guidelines-va-and-scd_n0025/e_0016 spanConfidence 1.0
Rule_1408	?a type PatientCondition => ?a spanConfidence 1.0	CV_disease__mcdonagh-2023-esc-guidelines_n0022/e_0161 type PatientCondition => CV_disease__mcdonagh-2023-esc-guidelines_n0022/e_0161 spanConfidence 1.0
Rule_1408	?a type PatientCondition => ?a spanConfidence 1.0	Hypotension__sectio-4_n0001/e_0003 type PatientCondition => Hypotension__sectio-4_n0001/e_0003 spanConfidence 1.0
Rule_1408	?a type PatientCondition => ?a spanConfidence 1.0	refractory_cardiogenic_shock__mcdonagh-2023-esc-guidelines_n0023/e_0098 type PatientCondition => refractory_cardiogenic_shock__mcdonagh-2023-esc-guidelines_n0023/e_0098 spanConfidence 1.0
Rule_1408	?a type PatientCondition => ?a spanConfidence 1.0	pre-existing_RBBB__glikson-2021-2021-esc-guidelines-on-cardiac-pacing-and-cardiac-resynchro_n0063/e_0012 type PatientCondition => pre-existing_RBBB__glikson-2021-2021-esc-guidelines-on-cardiac-pacing-and-cardiac-resynchro_n0063/e_0012 spanConfidence 1.0
Rule_1408	?a type PatientCondition => ?a spanConfidence 1.0	bradyarrhythmias__glikson-2021-2021-esc-guidelines-on-cardiac-pacing-and-cardiac-resynchro_n0046/e_0040 type PatientCondition => bradyarrhythmias__glikson-2021-2021-esc-guidelines-on-cardiac-pacing-and-cardiac-resynchro_n0046/e_0040 spanConfidence 1.0
Rule_1408	?a type PatientCondition => ?a spanConfidence 1.0	delivery_starts_while_on_a_VKA_or_in_less_than_2_weeks_after_discontinuation_of_a_VKA__regitz-zagrosek-2018-2018-esc-guideline-for-the-management-of-cardiovasc_n0023/e_0007 type PatientCondition => delivery_starts_while_on_a_VKA_or_in_less_than_2_weeks_after_discontinuation_of_a_VKA__regitz-zagrosek-2018-2018-esc-guideline-for-the-management-of-cardiovasc_n0023/e_0007 spanConfidence 1.0
Rule_1408	?a type PatientCondition => ?a spanConfidence 1.0	patient_is_euvolaemic__mcdonagh-2023-esc-guidelines_n0024/e_0025 type PatientCondition => patient_is_euvolaemic__mcdonagh-2023-esc-guidelines_n0024/e_0025 spanConfidence 1.0
Rule_1408	?a type PatientCondition => ?a spanConfidence 1.0	rapid_atrial_fibrillation__execut-1_n0020/e_0010 type PatientCondition => rapid_atrial_fibrillation__execut-1_n0020/e_0010 spanConfidence 1.0
Rule_1408	?a type PatientCondition => ?a spanConfidence 1.0	battery_runs_out__cardiosmart-decision-aid-icd-for-hf_n0002/e_0064 type PatientCondition => battery_runs_out__cardiosmart-decision-aid-icd-for-hf_n0002/e_0064 spanConfidence 1.0
Rule_1408	?a type PatientCondition => ?a spanConfidence 1.0	suspected_NICM__al-khatib-2017-aha-acc-hrs-guideline-va-and-scd_n0038/e_0007 type PatientCondition => suspected_NICM__al-khatib-2017-aha-acc-hrs-guideline-va-and-scd_n0038/e_0007 spanConfidence 1.0
Rule_1408	?a type PatientCondition => ?a spanConfidence 1.0	unable_to_tolerate_or_have_contraindications_for_a_beta-blocker__mcdonagh-2023-esc-guidelines_n0035/e_0038 type PatientCondition => unable_to_tolerate_or_have_contraindications_for_a_beta-blocker__mcdonagh-2023-esc-guidelines_n0035/e_0038 spanConfidence 1.0
Rule_1408	?a type PatientCondition => ?a spanConfidence 1.0	non-LBBB_QRS_morphology__glikson-2021-2021-esc-guidelines-on-cardiac-pacing-and-cardiac-resynchro_n0051/e_0023 type PatientCondition => non-LBBB_QRS_morphology__glikson-2021-2021-esc-guidelines-on-cardiac-pacing-and-cardiac-resynchro_n0051/e_0023 spanConfidence 1.0
Rule_1408	?a type PatientCondition => ?a spanConfidence 1.0	difficulties_to_attend_in-office_visits__glikson-2021-2021-esc-guidelines-on-cardiac-pacing-and-cardiac-resynchro_n0080/e_0005 type PatientCondition => difficulties_to_attend_in-office_visits__glikson-2021-2021-esc-guidelines-on-cardiac-pacing-and-cardiac-resynchro_n0080/e_0005 spanConfidence 1.0
Rule_1408	?a type PatientCondition => ?a spanConfidence 1.0	absence_of_adequate_human_safety_data__regitz-zagrosek-2018-2018-esc-guideline-for-the-management-of-cardiovasc_n0030/e_0008 type PatientCondition => absence_of_adequate_human_safety_data__regitz-zagrosek-2018-2018-esc-guideline-for-the-management-of-cardiovasc_n0030/e_0008 spanConfidence 1.0
Rule_1408	?a type PatientCondition => ?a spanConfidence 1.0	HF__heidenreich-2022-aha-acc-hfsa-guidelines_n0035/e_0018 type PatientCondition => HF__heidenreich-2022-aha-acc-hfsa-guidelines_n0035/e_0018 spanConfidence 1.0
Rule_1408	?a type PatientCondition => ?a spanConfidence 1.0	Pregnancy__regitz-zagrosek-2018-2018-esc-guideline-for-the-management-of-cardiovasc_n0048/e_0021 type PatientCondition => Pregnancy__regitz-zagrosek-2018-2018-esc-guideline-for-the-management-of-cardiovasc_n0048/e_0021 spanConfidence 1.0
Rule_1408	?a type PatientCondition => ?a spanConfidence 1.0	Turner_syndrome__pelliccia-2020-2020-esc-guidelines-on-sports-cardiology-and-exercise-in_n0053/e_0005 type PatientCondition => Turner_syndrome__pelliccia-2020-2020-esc-guidelines-on-sports-cardiology-and-exercise-in_n0053/e_0005 spanConfidence 1.0
Rule_1408	?a type PatientCondition => ?a spanConfidence 1.0	diagnosis_of_PAH_(group_1)__regitz-zagrosek-2018-2018-esc-guideline-for-the-management-of-cardiovasc_n0017/e_0002 type PatientCondition => diagnosis_of_PAH_(group_1)__regitz-zagrosek-2018-2018-esc-guideline-for-the-management-of-cardiovasc_n0017/e_0002 spanConfidence 1.0
Rule_1408	?a type PatientCondition => ?a spanConfidence 1.0	Chronotropic_incompetence_after_heart_transplantation__glikson-2021-2021-esc-guidelines-on-cardiac-pacing-and-cardiac-resynchro_n0061/e_0019 type PatientCondition => Chronotropic_incompetence_after_heart_transplantation__glikson-2021-2021-esc-guidelines-on-cardiac-pacing-and-cardiac-resynchro_n0061/e_0019 spanConfidence 1.0
Rule_1408	?a type PatientCondition => ?a spanConfidence 1.0	Liver_tenderness__sectio-4_n0004/e_0021 type PatientCondition => Liver_tenderness__sectio-4_n0004/e_0021 spanConfidence 1.0
Rule_1408	?a type PatientCondition => ?a spanConfidence 1.0	reduced_LVEF__execut-1_n0036/e_0036 type PatientCondition => reduced_LVEF__execut-1_n0036/e_0036 spanConfidence 1.0
Rule_1408	?a type PatientCondition => ?a spanConfidence 1.0	electrolyte_abnormalities,_recent_changes_to_the_ECG,_excess_inter-dialysis_weight_gain,_changing_or_titration_of_medication_regimen,_pulmonary_congestion,_and_increasing_peripheral_oedema__pelliccia-2020-2020-esc-guidelines-on-sports-cardiology-and-exercise-in_n0077/e_0011 type PatientCondition => electrolyte_abnormalities,_recent_changes_to_the_ECG,_excess_inter-dialysis_weight_gain,_changing_or_titration_of_medication_regimen,_pulmonary_congestion,_and_increasing_peripheral_oedema__pelliccia-2020-2020-esc-guidelines-on-sports-cardiology-and-exercise-in_n0077/e_0011 spanConfidence 1.0
Rule_1408	?a type PatientCondition => ?a spanConfidence 1.0	HFrEF_(%3C40%25)__glikson-2021-2021-esc-guidelines-on-cardiac-pacing-and-cardiac-resynchro_n0054/e_0004 type PatientCondition => HFrEF_(%3C40%25)__glikson-2021-2021-esc-guidelines-on-cardiac-pacing-and-cardiac-resynchro_n0054/e_0004 spanConfidence 1.0
Rule_1408	?a type PatientCondition => ?a spanConfidence 1.0	stage_D_(advanced)_HF__heidenreich-2022-aha-acc-hfsa-guidelines_n0084/e_0008 type PatientCondition => stage_D_(advanced)_HF__heidenreich-2022-aha-acc-hfsa-guidelines_n0084/e_0008 spanConfidence 1.0
Rule_1408	?a type PatientCondition => ?a spanConfidence 1.0	congestive_symptoms__regitz-zagrosek-2018-2018-esc-guideline-for-the-management-of-cardiovasc_n0022/e_0010 type PatientCondition => congestive_symptoms__regitz-zagrosek-2018-2018-esc-guideline-for-the-management-of-cardiovasc_n0022/e_0010 spanConfidence 1.0
Rule_1408	?a type PatientCondition => ?a spanConfidence 1.0	HF__heidenreich-2022-aha-acc-hfsa-guidelines_n0035/e_0021 type PatientCondition => HF__heidenreich-2022-aha-acc-hfsa-guidelines_n0035/e_0021 spanConfidence 1.0
Rule_1408	?a type PatientCondition => ?a spanConfidence 1.0	2-vessel_disease_with_total_occlusion__zeppenfeld-2022-esc-guidelines-va-and-scd_n0026/e_0008 type PatientCondition => 2-vessel_disease_with_total_occlusion__zeppenfeld-2022-esc-guidelines-va-and-scd_n0026/e_0008 spanConfidence 1.0
Rule_1408	?a type PatientCondition => ?a spanConfidence 1.0	high-risk_HF__heidenreich-2022-aha-acc-hfsa-guidelines_n0095/e_0002 type PatientCondition => high-risk_HF__heidenreich-2022-aha-acc-hfsa-guidelines_n0095/e_0002 spanConfidence 1.0
Rule_1408	?a type PatientCondition => ?a spanConfidence 1.0	hypoalbuminemia__vest-2019-nutrition-obesity-and-cachexia-in-patients-with-heart-failure_n0002/e_0010 type PatientCondition => hypoalbuminemia__vest-2019-nutrition-obesity-and-cachexia-in-patients-with-heart-failure_n0002/e_0010 spanConfidence 1.0
Rule_1408	?a type PatientCondition => ?a spanConfidence 1.0	VA__al-khatib-2017-aha-acc-hrs-guideline-va-and-scd_n0058/e_0004 type PatientCondition => VA__al-khatib-2017-aha-acc-hrs-guideline-va-and-scd_n0058/e_0004 spanConfidence 1.0
Rule_1408	?a type PatientCondition => ?a spanConfidence 1.0	ischaemic_aetiology__mcdonagh-2023-esc-guidelines_n0045/e_0014 type PatientCondition => ischaemic_aetiology__mcdonagh-2023-esc-guidelines_n0045/e_0014 spanConfidence 1.0
Rule_1408	?a type PatientCondition => ?a spanConfidence 1.0	SR__mcdonagh-2023-esc-guidelines_n0035/e_0020 type PatientCondition => SR__mcdonagh-2023-esc-guidelines_n0035/e_0020 spanConfidence 1.0
Rule_1408	?a type PatientCondition => ?a spanConfidence 1.0	known_or_suspected_congenital_or_acquired_cardiovascular_and_aortic_disease__regitz-zagrosek-2018-2018-esc-guideline-for-the-management-of-cardiovasc_n0016/e_0004 type PatientCondition => known_or_suspected_congenital_or_acquired_cardiovascular_and_aortic_disease__regitz-zagrosek-2018-2018-esc-guideline-for-the-management-of-cardiovasc_n0016/e_0004 spanConfidence 1.0
Rule_1408	?a type PatientCondition => ?a spanConfidence 1.0	psychosocial_stressors__visseren-2021-esc-guidelines-cardiovascular-disease-prevention_n0029/e_0002 type PatientCondition => psychosocial_stressors__visseren-2021-esc-guidelines-cardiovascular-disease-prevention_n0029/e_0002 spanConfidence 1.0
Rule_1408	?a type PatientCondition => ?a spanConfidence 1.0	Pregnancy__regitz-zagrosek-2018-2018-esc-guideline-for-the-management-of-cardiovasc_n0017/e_0014 type PatientCondition => Pregnancy__regitz-zagrosek-2018-2018-esc-guideline-for-the-management-of-cardiovasc_n0017/e_0014 spanConfidence 1.0
Rule_1408	?a type PatientCondition => ?a spanConfidence 1.0	SCD__al-khatib-2017-aha-acc-hrs-guideline-va-and-scd_n0079/e_0012 type PatientCondition => SCD__al-khatib-2017-aha-acc-hrs-guideline-va-and-scd_n0079/e_0012 spanConfidence 1.0
Rule_1408	?a type PatientCondition => ?a spanConfidence 1.0	neuromuscular_disorders__al-khatib-2017-aha-acc-hrs-guideline-va-and-scd_n0051/e_0002 type PatientCondition => neuromuscular_disorders__al-khatib-2017-aha-acc-hrs-guideline-va-and-scd_n0051/e_0002 spanConfidence 1.0
Rule_1408	?a type PatientCondition => ?a spanConfidence 1.0	worsening_HF__mcdonagh-2023-esc-guidelines_n0035/e_0047 type PatientCondition => worsening_HF__mcdonagh-2023-esc-guidelines_n0035/e_0047 spanConfidence 1.0
Rule_1408	?a type PatientCondition => ?a spanConfidence 1.0	cardiac_conduction_disease__glikson-2021-2021-esc-guidelines-on-cardiac-pacing-and-cardiac-resynchro_n0038/e_0009 type PatientCondition => cardiac_conduction_disease__glikson-2021-2021-esc-guidelines-on-cardiac-pacing-and-cardiac-resynchro_n0038/e_0009 spanConfidence 1.0
Rule_1408	?a type PatientCondition => ?a spanConfidence 1.0	congestive_symptoms__regitz-zagrosek-2018-2018-esc-guideline-for-the-management-of-cardiovasc_n0048/e_0043 type PatientCondition => congestive_symptoms__regitz-zagrosek-2018-2018-esc-guideline-for-the-management-of-cardiovasc_n0048/e_0043 spanConfidence 1.0
Rule_1408	?a type PatientCondition => ?a spanConfidence 1.0	stable__sectio-4_n0004/e_0012 type PatientCondition => stable__sectio-4_n0004/e_0012 spanConfidence 1.0
Rule_1408	?a type PatientCondition => ?a spanConfidence 1.0	spontaneous_documented_symptomatic_asystolic_pause(s)_%3E3_s__glikson-2021-2021-esc-guidelines-on-cardiac-pacing-and-cardiac-resynchro_n0049/e_0006 type PatientCondition => spontaneous_documented_symptomatic_asystolic_pause(s)_%3E3_s__glikson-2021-2021-esc-guidelines-on-cardiac-pacing-and-cardiac-resynchro_n0049/e_0006 spanConfidence 1.0
Rule_1408	?a type PatientCondition => ?a spanConfidence 1.0	absence_of_a_documented_cardioinhibitory_reflex__glikson-2021-2021-esc-guidelines-on-cardiac-pacing-and-cardiac-resynchro_n0049/e_0020 type PatientCondition => absence_of_a_documented_cardioinhibitory_reflex__glikson-2021-2021-esc-guidelines-on-cardiac-pacing-and-cardiac-resynchro_n0049/e_0020 spanConfidence 1.0
Rule_1408	?a type PatientCondition => ?a spanConfidence 1.0	congenital_complete_or_high-degree_AVB__glikson-2021-2021-esc-guidelines-on-cardiac-pacing-and-cardiac-resynchro_n0064/e_0002 type PatientCondition => congenital_complete_or_high-degree_AVB__glikson-2021-2021-esc-guidelines-on-cardiac-pacing-and-cardiac-resynchro_n0064/e_0002 spanConfidence 1.0
Rule_1408	?a type PatientCondition => ?a spanConfidence 1.0	ST_changes__lenarczyk-2024-management-of-patients-with-an-electrical-storm-or-cluste_n0010/e_0023 type PatientCondition => ST_changes__lenarczyk-2024-management-of-patients-with-an-electrical-storm-or-cluste_n0010/e_0023 spanConfidence 1.0
Rule_1408	?a type PatientCondition => ?a spanConfidence 1.0	type_2_diabetes__heidenreich-2022-aha-acc-hfsa-guidelines_n0047/e_0005 type PatientCondition => type_2_diabetes__heidenreich-2022-aha-acc-hfsa-guidelines_n0047/e_0005 spanConfidence 1.0
Rule_1408	?a type PatientCondition => ?a spanConfidence 1.0	reversible_causes__al-khatib-2017-aha-acc-hrs-guideline-va-and-scd_n0033/e_0007 type PatientCondition => reversible_causes__al-khatib-2017-aha-acc-hrs-guideline-va-and-scd_n0033/e_0007 spanConfidence 1.0
Rule_1408	?a type PatientCondition => ?a spanConfidence 1.0	blood_pressure_remains_%3E_130/80_mm_Hg__sectio-1_n0030/e_0017 type PatientCondition => blood_pressure_remains_%3E_130/80_mm_Hg__sectio-1_n0030/e_0017 spanConfidence 1.0
Rule_1408	?a type PatientCondition => ?a spanConfidence 1.0	worsening_HF__mcdonagh-2023-esc-guidelines_n0046/e_0043 type PatientCondition => worsening_HF__mcdonagh-2023-esc-guidelines_n0046/e_0043 spanConfidence 1.0
Rule_1408	?a type PatientCondition => ?a spanConfidence 1.0	prior_cardiac_arrest__pelliccia-2020-2020-esc-guidelines-on-sports-cardiology-and-exercise-in_n0066/e_0027 type PatientCondition => prior_cardiac_arrest__pelliccia-2020-2020-esc-guidelines-on-sports-cardiology-and-exercise-in_n0066/e_0027 spanConfidence 1.0
Rule_1408	?a type PatientCondition => ?a spanConfidence 1.0	non-sustained_VT_or_PVT__zeppenfeld-2022-esc-guidelines-va-and-scd_n0025/e_0048 type PatientCondition => non-sustained_VT_or_PVT__zeppenfeld-2022-esc-guidelines-va-and-scd_n0025/e_0048 spanConfidence 1.0
Rule_1408	?a type PatientCondition => ?a spanConfidence 1.0	pre-operative_conduction_abnormality__glikson-2021-2021-esc-guidelines-on-cardiac-pacing-and-cardiac-resynchro_n0061/e_0010 type PatientCondition => pre-operative_conduction_abnormality__glikson-2021-2021-esc-guidelines-on-cardiac-pacing-and-cardiac-resynchro_n0061/e_0010 spanConfidence 1.0
Rule_1408	?a type PatientCondition => ?a spanConfidence 1.0	LV_non-compaction__mcdonagh-2023-esc-guidelines_n0031/e_0009 type PatientCondition => LV_non-compaction__mcdonagh-2023-esc-guidelines_n0031/e_0009 spanConfidence 1.0
Rule_1408	?a type PatientCondition => ?a spanConfidence 1.0	reversible_causes__al-khatib-2017-aha-acc-hrs-guideline-va-and-scd_n0073/e_0022 type PatientCondition => reversible_causes__al-khatib-2017-aha-acc-hrs-guideline-va-and-scd_n0073/e_0022 spanConfidence 1.0
Rule_1408	?a type PatientCondition => ?a spanConfidence 1.0	ischaemia__zeppenfeld-2022-esc-guidelines-va-and-scd_n0035/e_0007 type PatientCondition => ischaemia__zeppenfeld-2022-esc-guidelines-va-and-scd_n0035/e_0007 spanConfidence 1.0
Rule_1408	?a type PatientCondition => ?a spanConfidence 1.0	changes_in_appetite__riegel-2009-promoting-self-care-in-persons-with-heart-failure_n0004/e_0043 type PatientCondition => changes_in_appetite__riegel-2009-promoting-self-care-in-persons-with-heart-failure_n0004/e_0043 spanConfidence 1.0
Rule_1408	?a type PatientCondition => ?a spanConfidence 1.0	SCA__al-khatib-2017-aha-acc-hrs-guideline-va-and-scd_n0074/e_0013 type PatientCondition => SCA__al-khatib-2017-aha-acc-hrs-guideline-va-and-scd_n0074/e_0013 spanConfidence 1.0
Rule_1408	?a type PatientCondition => ?a spanConfidence 1.0	VT__al-khatib-2017-aha-acc-hrs-guideline-va-and-scd_n0032/e_0010 type PatientCondition => VT__al-khatib-2017-aha-acc-hrs-guideline-va-and-scd_n0032/e_0010 spanConfidence 1.0
Rule_1408	?a type PatientCondition => ?a spanConfidence 1.0	symptomatic_bradycardia__glikson-2021-2021-esc-guidelines-on-cardiac-pacing-and-cardiac-resynchro_n0036/e_0003 type PatientCondition => symptomatic_bradycardia__glikson-2021-2021-esc-guidelines-on-cardiac-pacing-and-cardiac-resynchro_n0036/e_0003 spanConfidence 1.0
Rule_1408	?a type PatientCondition => ?a spanConfidence 1.0	VA__al-khatib-2017-aha-acc-hrs-guideline-va-and-scd_n0016/e_0003 type PatientCondition => VA__al-khatib-2017-aha-acc-hrs-guideline-va-and-scd_n0016/e_0003 spanConfidence 1.0
Rule_1408	?a type PatientCondition => ?a spanConfidence 1.0	CV_disease__mcdonagh-2023-esc-guidelines_n0022/e_0091 type PatientCondition => CV_disease__mcdonagh-2023-esc-guidelines_n0022/e_0091 spanConfidence 1.0
Rule_1408	?a type PatientCondition => ?a spanConfidence 1.0	pathological_substrates_for_fatal_arrhythmias__pelliccia-2020-2020-esc-guidelines-on-sports-cardiology-and-exercise-in_n0068/e_0008 type PatientCondition => pathological_substrates_for_fatal_arrhythmias__pelliccia-2020-2020-esc-guidelines-on-sports-cardiology-and-exercise-in_n0068/e_0008 spanConfidence 1.0
Rule_1408	?a type PatientCondition => ?a spanConfidence 1.0	functional_status__al-khatib-2017-aha-acc-hrs-guideline-va-and-scd_n0035/e_0027 type PatientCondition => functional_status__al-khatib-2017-aha-acc-hrs-guideline-va-and-scd_n0035/e_0027 spanConfidence 1.0
Rule_1408	?a type PatientCondition => ?a spanConfidence 1.0	sustained_VA__al-khatib-2017-aha-acc-hrs-guideline-va-and-scd_n0059/e_0008 type PatientCondition => sustained_VA__al-khatib-2017-aha-acc-hrs-guideline-va-and-scd_n0059/e_0008 spanConfidence 1.0
Rule_1408	?a type PatientCondition => ?a spanConfidence 1.0	scaling_of_scalp__vest-2019-nutrition-obesity-and-cachexia-in-patients-with-heart-failure_n0002/e_0013 type PatientCondition => scaling_of_scalp__vest-2019-nutrition-obesity-and-cachexia-in-patients-with-heart-failure_n0002/e_0013 spanConfidence 1.0
Rule_1408	?a type PatientCondition => ?a spanConfidence 1.0	Hemodynamically_significant_arrhythmia__sectio-4_n0001/e_0009 type PatientCondition => Hemodynamically_significant_arrhythmia__sectio-4_n0001/e_0009 spanConfidence 1.0
Rule_1408	?a type PatientCondition => ?a spanConfidence 1.0	Twiddler%5C's_syndrome__glikson-2021-2021-esc-guidelines-on-cardiac-pacing-and-cardiac-resynchro_n0073/e_0005 type PatientCondition => Twiddler%5C's_syndrome__glikson-2021-2021-esc-guidelines-on-cardiac-pacing-and-cardiac-resynchro_n0073/e_0005 spanConfidence 1.0
Rule_1408	?a type PatientCondition => ?a spanConfidence 1.0	adult_congenital_heart_disease__al-khatib-2017-aha-acc-hrs-guideline-va-and-scd_n0073/e_0014 type PatientCondition => adult_congenital_heart_disease__al-khatib-2017-aha-acc-hrs-guideline-va-and-scd_n0073/e_0014 spanConfidence 1.0
Rule_1408	?a type PatientCondition => ?a spanConfidence 1.0	HFpEF__mcdonagh-2023-esc-guidelines_n0058/e_0014 type PatientCondition => HFpEF__mcdonagh-2023-esc-guidelines_n0058/e_0014 spanConfidence 1.0
Rule_1408	?a type PatientCondition => ?a spanConfidence 1.0	cardiac_symptoms__pelliccia-2020-2020-esc-guidelines-on-sports-cardiology-and-exercise-in_n0057/e_0004 type PatientCondition => cardiac_symptoms__pelliccia-2020-2020-esc-guidelines-on-sports-cardiology-and-exercise-in_n0057/e_0004 spanConfidence 1.0
Rule_1408	?a type PatientCondition => ?a spanConfidence 1.0	congenital_heart_disease__mcdonagh-2023-esc-guidelines_n0020/e_0006 type PatientCondition => congenital_heart_disease__mcdonagh-2023-esc-guidelines_n0020/e_0006 spanConfidence 1.0
Rule_1408	?a type PatientCondition => ?a spanConfidence 1.0	Even_without_dyspnea__sectio-4_n0001/e_0013 type PatientCondition => Even_without_dyspnea__sectio-4_n0001/e_0013 spanConfidence 1.0
Rule_1408	?a type PatientCondition => ?a spanConfidence 1.0	pre-excitation__pelliccia-2020-2020-esc-guidelines-on-sports-cardiology-and-exercise-in_n0064/e_0010 type PatientCondition => pre-excitation__pelliccia-2020-2020-esc-guidelines-on-sports-cardiology-and-exercise-in_n0064/e_0010 spanConfidence 1.0
Rule_1408	?a type PatientCondition => ?a spanConfidence 1.0	asystolic_syncope_during_tilt_testing__glikson-2021-2021-esc-guidelines-on-cardiac-pacing-and-cardiac-resynchro_n0085/e_0048 type PatientCondition => asystolic_syncope_during_tilt_testing__glikson-2021-2021-esc-guidelines-on-cardiac-pacing-and-cardiac-resynchro_n0085/e_0048 spanConfidence 1.0
Rule_1408	?a type PatientCondition => ?a spanConfidence 1.0	severe_symptoms_or_systolic_pulmonary_artery_pressure_%3E50_mmHg__regitz-zagrosek-2018-2018-esc-guideline-for-the-management-of-cardiovasc_n0022/e_0026 type PatientCondition => severe_symptoms_or_systolic_pulmonary_artery_pressure_%3E50_mmHg__regitz-zagrosek-2018-2018-esc-guideline-for-the-management-of-cardiovasc_n0022/e_0026 spanConfidence 1.0
Rule_1408	?a type PatientCondition => ?a spanConfidence 1.0	SND__glikson-2021-2021-esc-guidelines-on-cardiac-pacing-and-cardiac-resynchro_n0046/e_0002 type PatientCondition => SND__glikson-2021-2021-esc-guidelines-on-cardiac-pacing-and-cardiac-resynchro_n0046/e_0002 spanConfidence 1.0
Rule_1408	?a type PatientCondition => ?a spanConfidence 1.0	Persistent_electrical_instability__lenarczyk-2024-management-of-patients-with-an-electrical-storm-or-cluste_n0010/e_0041 type PatientCondition => Persistent_electrical_instability__lenarczyk-2024-management-of-patients-with-an-electrical-storm-or-cluste_n0010/e_0041 spanConfidence 1.0
Rule_1408	?a type PatientCondition => ?a spanConfidence 1.0	CHF__sbolli-2020-depression-and-heart-failure_n0003/e_0024 type PatientCondition => CHF__sbolli-2020-depression-and-heart-failure_n0003/e_0024 spanConfidence 1.0
Rule_1408	?a type PatientCondition => ?a spanConfidence 1.0	progressive_cardiac_involvement__al-khatib-2017-aha-acc-hrs-guideline-va-and-scd_n0050/e_0010 type PatientCondition => progressive_cardiac_involvement__al-khatib-2017-aha-acc-hrs-guideline-va-and-scd_n0050/e_0010 spanConfidence 1.0
Rule_1408	?a type PatientCondition => ?a spanConfidence 1.0	signs_of_congestion__mcdonagh-2023-esc-guidelines_n0022/e_0015 type PatientCondition => signs_of_congestion__mcdonagh-2023-esc-guidelines_n0022/e_0015 spanConfidence 1.0
Rule_1408	?a type PatientCondition => ?a spanConfidence 1.0	moderate_HF__sectio-1_n0016/e_0035 type PatientCondition => moderate_HF__sectio-1_n0016/e_0035 spanConfidence 1.0
Rule_1408	?a type PatientCondition => ?a spanConfidence 1.0	advanced_HF__heidenreich-2022-aha-acc-hfsa-guidelines_n0113/e_0007 type PatientCondition => advanced_HF__heidenreich-2022-aha-acc-hfsa-guidelines_n0113/e_0007 spanConfidence 1.0
Rule_1408	?a type PatientCondition => ?a spanConfidence 1.0	HF__vest-2019-nutrition-obesity-and-cachexia-in-patients-with-heart-failure_n0005/e_9012 type PatientCondition => HF__vest-2019-nutrition-obesity-and-cachexia-in-patients-with-heart-failure_n0005/e_9012 spanConfidence 1.0
Rule_1408	?a type PatientCondition => ?a spanConfidence 1.0	complex_or_sustained_VA__al-khatib-2017-aha-acc-hrs-guideline-va-and-scd_n0073/e_0008 type PatientCondition => complex_or_sustained_VA__al-khatib-2017-aha-acc-hrs-guideline-va-and-scd_n0073/e_0008 spanConfidence 1.0
Rule_1408	?a type PatientCondition => ?a spanConfidence 1.0	reduced_or_discontinued__heidenreich-2022-aha-acc-hfsa-guidelines_n0108/e_0032 type PatientCondition => reduced_or_discontinued__heidenreich-2022-aha-acc-hfsa-guidelines_n0108/e_0032 spanConfidence 1.0
Rule_1408	?a type PatientCondition => ?a spanConfidence 1.0	atrial_fibrillation,_left_atrial_thrombosis,_or_prior_embolism__regitz-zagrosek-2018-2018-esc-guideline-for-the-management-of-cardiovasc_n0022/e_0019 type PatientCondition => atrial_fibrillation,_left_atrial_thrombosis,_or_prior_embolism__regitz-zagrosek-2018-2018-esc-guideline-for-the-management-of-cardiovasc_n0022/e_0019 spanConfidence 1.0
Rule_1408	?a type PatientCondition => ?a spanConfidence 1.0	cardiac_involvement__al-khatib-2017-aha-acc-hrs-guideline-va-and-scd_n0050/e_0017 type PatientCondition => cardiac_involvement__al-khatib-2017-aha-acc-hrs-guideline-va-and-scd_n0050/e_0017 spanConfidence 1.0
Rule_1408	?a type PatientCondition => ?a spanConfidence 1.0	Worsened_congestion__sectio-4_n0001/e_0012 type PatientCondition => Worsened_congestion__sectio-4_n0001/e_0012 spanConfidence 1.0
Rule_1408	?a type PatientCondition => ?a spanConfidence 1.0	without_jailing_it_between_ring_and_annulus__glikson-2021-2021-esc-guidelines-on-cardiac-pacing-and-cardiac-resynchro_n0061/e_0033 type PatientCondition => without_jailing_it_between_ring_and_annulus__glikson-2021-2021-esc-guidelines-on-cardiac-pacing-and-cardiac-resynchro_n0061/e_0033 spanConfidence 1.0
Rule_1408	?a type PatientCondition => ?a spanConfidence 1.0	cardiac_arrest__al-khatib-2017-aha-acc-hrs-guideline-va-and-scd_n0059/e_0007 type PatientCondition => cardiac_arrest__al-khatib-2017-aha-acc-hrs-guideline-va-and-scd_n0059/e_0007 spanConfidence 1.0
Rule_1408	?a type PatientCondition => ?a spanConfidence 1.0	weekly_anti-Xa_level_monitoring_and_dose-adjustment_is_not_available__regitz-zagrosek-2018-2018-esc-guideline-for-the-management-of-cardiovasc_n0023/e_0067 type PatientCondition => weekly_anti-Xa_level_monitoring_and_dose-adjustment_is_not_available__regitz-zagrosek-2018-2018-esc-guideline-for-the-management-of-cardiovasc_n0023/e_0067 spanConfidence 1.0
Rule_1408	?a type PatientCondition => ?a spanConfidence 1.0	muscular_dystrophy__al-khatib-2017-aha-acc-hrs-guideline-va-and-scd_n0050/e_0015 type PatientCondition => muscular_dystrophy__al-khatib-2017-aha-acc-hrs-guideline-va-and-scd_n0050/e_0015 spanConfidence 1.0
Rule_1408	?a type PatientCondition => ?a spanConfidence 1.0	unexpected_decline_in_body_weight__riegel-2009-promoting-self-care-in-persons-with-heart-failure_n0002/e_0006 type PatientCondition => unexpected_decline_in_body_weight__riegel-2009-promoting-self-care-in-persons-with-heart-failure_n0002/e_0006 spanConfidence 1.0
Rule_1408	?a type PatientCondition => ?a spanConfidence 1.0	heart_problem__cardiosmart-decision-aid-icd-for-hf_n0002/e_0051 type PatientCondition => heart_problem__cardiosmart-decision-aid-icd-for-hf_n0002/e_0051 spanConfidence 1.0
Rule_1408	?a type PatientCondition => ?a spanConfidence 1.0	asymptomatic_BBB__glikson-2021-2021-esc-guidelines-on-cardiac-pacing-and-cardiac-resynchro_n0085/e_0040 type PatientCondition => asymptomatic_BBB__glikson-2021-2021-esc-guidelines-on-cardiac-pacing-and-cardiac-resynchro_n0085/e_0040 spanConfidence 1.0
Rule_1408	?a type PatientCondition => ?a spanConfidence 1.0	progressive_cardiac_conduction_disease__glikson-2021-2021-esc-guidelines-on-cardiac-pacing-and-cardiac-resynchro_n0038/e_0004 type PatientCondition => progressive_cardiac_conduction_disease__glikson-2021-2021-esc-guidelines-on-cardiac-pacing-and-cardiac-resynchro_n0038/e_0004 spanConfidence 1.0
Rule_1408	?a type PatientCondition => ?a spanConfidence 1.0	HFrEF__mcdonagh-2023-esc-guidelines_n0031/e_0023 type PatientCondition => HFrEF__mcdonagh-2023-esc-guidelines_n0031/e_0023 spanConfidence 1.0
Rule_1408	?a type PatientCondition => ?a spanConfidence 1.0	VTE__regitz-zagrosek-2018-2018-esc-guideline-for-the-management-of-cardiovasc_n0050/e_0015 type PatientCondition => VTE__regitz-zagrosek-2018-2018-esc-guideline-for-the-management-of-cardiovasc_n0050/e_0015 spanConfidence 1.0
Rule_1408	?a type PatientCondition => ?a spanConfidence 1.0	short_QT_syndrome__al-khatib-2017-aha-acc-hrs-guideline-va-and-scd_n0053/e_0005 type PatientCondition => short_QT_syndrome__al-khatib-2017-aha-acc-hrs-guideline-va-and-scd_n0053/e_0005 spanConfidence 1.0
Rule_1408	?a type PatientCondition => ?a spanConfidence 1.0	chronic_HF__heidenreich-2022-aha-acc-hfsa-guidelines_n0017/e_0007 type PatientCondition => chronic_HF__heidenreich-2022-aha-acc-hfsa-guidelines_n0017/e_0007 spanConfidence 1.0
Rule_1408	?a type PatientCondition => ?a spanConfidence 1.0	NYHA_II%E2%80%93IV__sbolli-2020-depression-and-heart-failure_n0003/e_0027 type PatientCondition => NYHA_II%E2%80%93IV__sbolli-2020-depression-and-heart-failure_n0003/e_0027 spanConfidence 1.0
Rule_1408	?a type PatientCondition => ?a spanConfidence 1.0	diabetes__mcdonagh-2023-esc-guidelines_n0021/e_0032 type PatientCondition => diabetes__mcdonagh-2023-esc-guidelines_n0021/e_0032 spanConfidence 1.0
Rule_1408	?a type PatientCondition => ?a spanConfidence 1.0	Stress_symptoms__visseren-2021-esc-guidelines-cardiovascular-disease-prevention_n0029/e_0001 type PatientCondition => Stress_symptoms__visseren-2021-esc-guidelines-cardiovascular-disease-prevention_n0029/e_0001 spanConfidence 1.0
Rule_1408	?a type PatientCondition => ?a spanConfidence 1.0	tricuspid_valve_involvement__glikson-2021-2021-esc-guidelines-on-cardiac-pacing-and-cardiac-resynchro_n0061/e_0013 type PatientCondition => tricuspid_valve_involvement__glikson-2021-2021-esc-guidelines-on-cardiac-pacing-and-cardiac-resynchro_n0061/e_0013 spanConfidence 1.0
Rule_1408	?a type PatientCondition => ?a spanConfidence 1.0	low_body_mass_index__glikson-2021-2021-esc-guidelines-on-cardiac-pacing-and-cardiac-resynchro_n0073/e_0004 type PatientCondition => low_body_mass_index__glikson-2021-2021-esc-guidelines-on-cardiac-pacing-and-cardiac-resynchro_n0073/e_0004 spanConfidence 1.0
Rule_1408	?a type PatientCondition => ?a spanConfidence 1.0	NICM__al-khatib-2017-aha-acc-hrs-guideline-va-and-scd_n0050/e_0005 type PatientCondition => NICM__al-khatib-2017-aha-acc-hrs-guideline-va-and-scd_n0050/e_0005 spanConfidence 1.0
Rule_1408	?a type PatientCondition => ?a spanConfidence 1.0	NSVT__al-khatib-2017-aha-acc-hrs-guideline-va-and-scd_n0035/e_0029 type PatientCondition => NSVT__al-khatib-2017-aha-acc-hrs-guideline-va-and-scd_n0035/e_0029 spanConfidence 1.0
Rule_1408	?a type PatientCondition => ?a spanConfidence 1.0	persistent_atrial_fibrillation__regitz-zagrosek-2018-2018-esc-guideline-for-the-management-of-cardiovasc_n0025/e_0049 type PatientCondition => persistent_atrial_fibrillation__regitz-zagrosek-2018-2018-esc-guideline-for-the-management-of-cardiovasc_n0025/e_0049 spanConfidence 1.0
Rule_1408	?a type PatientCondition => ?a spanConfidence 1.0	anemia__heidenreich-2022-aha-acc-hfsa-guidelines_n0099/e_0003 type PatientCondition => anemia__heidenreich-2022-aha-acc-hfsa-guidelines_n0099/e_0003 spanConfidence 1.0
Rule_1408	?a type PatientCondition => ?a spanConfidence 1.0	severe_symptoms_refractory_to_pharmacological_therapy__mcdonagh-2023-esc-guidelines_n0045/e_0045 type PatientCondition => severe_symptoms_refractory_to_pharmacological_therapy__mcdonagh-2023-esc-guidelines_n0045/e_0045 spanConfidence 1.0
Rule_1408	?a type PatientCondition => ?a spanConfidence 1.0	NYHA_class_IV__sectio-1_n0017/e_0004 type PatientCondition => NYHA_class_IV__sectio-1_n0017/e_0004 spanConfidence 1.0
Rule_1408	?a type PatientCondition => ?a spanConfidence 1.0	Dyspnea_at_rest__sectio-4_n0001/e_0006 type PatientCondition => Dyspnea_at_rest__sectio-4_n0001/e_0006 spanConfidence 1.0
Rule_1408	?a type PatientCondition => ?a spanConfidence 1.0	type_2_diabetes__pelliccia-2020-2020-esc-guidelines-on-sports-cardiology-and-exercise-in_n0043/e_0005 type PatientCondition => type_2_diabetes__pelliccia-2020-2020-esc-guidelines-on-sports-cardiology-and-exercise-in_n0043/e_0005 spanConfidence 1.0
Rule_1408	?a type PatientCondition => ?a spanConfidence 1.0	sustained_VA__al-khatib-2017-aha-acc-hrs-guideline-va-and-scd_n0060/e_0008 type PatientCondition => sustained_VA__al-khatib-2017-aha-acc-hrs-guideline-va-and-scd_n0060/e_0008 spanConfidence 1.0
Rule_1408	?a type PatientCondition => ?a spanConfidence 1.0	asymptomatic_pause(s)_%3E6_s__glikson-2021-2021-esc-guidelines-on-cardiac-pacing-and-cardiac-resynchro_n0046/e_0034 type PatientCondition => asymptomatic_pause(s)_%3E6_s__glikson-2021-2021-esc-guidelines-on-cardiac-pacing-and-cardiac-resynchro_n0046/e_0034 spanConfidence 1.0
Rule_1408	?a type PatientCondition => ?a spanConfidence 1.0	Associated_comorbid_conditions__sectio-4_n0001/e_0017 type PatientCondition => Associated_comorbid_conditions__sectio-4_n0001/e_0017 spanConfidence 1.0
Rule_1408	?a type PatientCondition => ?a spanConfidence 1.0	AF-related_bradycardia__glikson-2021-2021-esc-guidelines-on-cardiac-pacing-and-cardiac-resynchro_n0046/e_0023 type PatientCondition => AF-related_bradycardia__glikson-2021-2021-esc-guidelines-on-cardiac-pacing-and-cardiac-resynchro_n0046/e_0023 spanConfidence 1.0
Rule_1408	?a type PatientCondition => ?a spanConfidence 1.0	burden_of_comorbidities__al-khatib-2017-aha-acc-hrs-guideline-va-and-scd_n0033/e_0017 type PatientCondition => burden_of_comorbidities__al-khatib-2017-aha-acc-hrs-guideline-va-and-scd_n0033/e_0017 spanConfidence 1.0
Rule_1408	?a type PatientCondition => ?a spanConfidence 1.0	ischemic_heart_disease__al-khatib-2017-aha-acc-hrs-guideline-va-and-scd_n0033/e_0020 type PatientCondition => ischemic_heart_disease__al-khatib-2017-aha-acc-hrs-guideline-va-and-scd_n0033/e_0020 spanConfidence 1.0
Rule_1408	?a type PatientCondition => ?a spanConfidence 1.0	persistent_signs_of_congestion__mcdonagh-2023-esc-guidelines_n0022/e_0008 type PatientCondition => persistent_signs_of_congestion__mcdonagh-2023-esc-guidelines_n0022/e_0008 spanConfidence 1.0
Rule_1408	?a type PatientCondition => ?a spanConfidence 1.0	ischemic_heart_disease__al-khatib-2017-aha-acc-hrs-guideline-va-and-scd_n0033/e_0002 type PatientCondition => ischemic_heart_disease__al-khatib-2017-aha-acc-hrs-guideline-va-and-scd_n0033/e_0002 spanConfidence 1.0
Rule_1408	?a type PatientCondition => ?a spanConfidence 1.0	Hypotension__execut-1_n0020/e_0003 type PatientCondition => Hypotension__execut-1_n0020/e_0003 spanConfidence 1.0
Rule_1408	?a type PatientCondition => ?a spanConfidence 1.0	Ascites__sectio-4_n0004/e_0016 type PatientCondition => Ascites__sectio-4_n0004/e_0016 spanConfidence 1.0
Rule_1408	?a type PatientCondition => ?a spanConfidence 1.0	Nocturnal_cough__sectio-4_n0004/e_0026 type PatientCondition => Nocturnal_cough__sectio-4_n0004/e_0026 spanConfidence 1.0
Rule_1408	?a type PatientCondition => ?a spanConfidence 1.0	anxiety__riegel-2009-promoting-self-care-in-persons-with-heart-failure_n0004/e_0061 type PatientCondition => anxiety__riegel-2009-promoting-self-care-in-persons-with-heart-failure_n0004/e_0061 spanConfidence 1.0
Rule_1408	?a type PatientCondition => ?a spanConfidence 1.0	NICM__al-khatib-2017-aha-acc-hrs-guideline-va-and-scd_n0051/e_0004 type PatientCondition => NICM__al-khatib-2017-aha-acc-hrs-guideline-va-and-scd_n0051/e_0004 spanConfidence 1.0
Rule_1408	?a type PatientCondition => ?a spanConfidence 1.0	following_recovery_from_acute_myocarditis__pelliccia-2020-2020-esc-guidelines-on-sports-cardiology-and-exercise-in_n0075/e_0036 type PatientCondition => following_recovery_from_acute_myocarditis__pelliccia-2020-2020-esc-guidelines-on-sports-cardiology-and-exercise-in_n0075/e_0036 spanConfidence 1.0
Rule_1408	?a type PatientCondition => ?a spanConfidence 1.0	SCD__heidenreich-2022-aha-acc-hfsa-guidelines_n0035/e_0014 type PatientCondition => SCD__heidenreich-2022-aha-acc-hfsa-guidelines_n0035/e_0014 spanConfidence 1.0
Rule_1408	?a type PatientCondition => ?a spanConfidence 1.0	intractable,_end-stage_HF__lenarczyk-2024-management-of-patients-with-an-electrical-storm-or-cluste_n0023/e_0011 type PatientCondition => intractable,_end-stage_HF__lenarczyk-2024-management-of-patients-with-an-electrical-storm-or-cluste_n0023/e_0011 spanConfidence 1.0
Rule_1408	?a type PatientCondition => ?a spanConfidence 1.0	hypokalemia__al-khatib-2017-aha-acc-hrs-guideline-va-and-scd_n0071/e_0007 type PatientCondition => hypokalemia__al-khatib-2017-aha-acc-hrs-guideline-va-and-scd_n0071/e_0007 spanConfidence 1.0
Rule_1408	?a type PatientCondition => ?a spanConfidence 1.0	cardiovascular_instability__heidenreich-2022-aha-acc-hfsa-guidelines_n0108/e_0020 type PatientCondition => cardiovascular_instability__heidenreich-2022-aha-acc-hfsa-guidelines_n0108/e_0020 spanConfidence 1.0
Rule_1408	?a type PatientCondition => ?a spanConfidence 1.0	asystolic_syncope_during_tilt_testing__glikson-2021-2021-esc-guidelines-on-cardiac-pacing-and-cardiac-resynchro_n0049/e_0013 type PatientCondition => asystolic_syncope_during_tilt_testing__glikson-2021-2021-esc-guidelines-on-cardiac-pacing-and-cardiac-resynchro_n0049/e_0013 spanConfidence 1.0
Rule_1408	?a type PatientCondition => ?a spanConfidence 1.0	ACS__ambrosetti-2020-secondary-prevention-comprehensive-cardiovascular-rehabi_n0003/e_0004 type PatientCondition => ACS__ambrosetti-2020-secondary-prevention-comprehensive-cardiovascular-rehabi_n0003/e_0004 spanConfidence 1.0
Rule_1408	?a type PatientCondition => ?a spanConfidence 1.0	ventricular_arrhythmia_causing_haemodynamic_instability__mcdonagh-2023-esc-guidelines_n0045/e_0005 type PatientCondition => ventricular_arrhythmia_causing_haemodynamic_instability__mcdonagh-2023-esc-guidelines_n0045/e_0005 spanConfidence 1.0
Rule_1408	?a type PatientCondition => ?a spanConfidence 1.0	rapidly_conducted_supraventricular_arrhythmia__glikson-2021-2021-esc-guidelines-on-cardiac-pacing-and-cardiac-resynchro_n0057/e_0019 type PatientCondition => rapidly_conducted_supraventricular_arrhythmia__glikson-2021-2021-esc-guidelines-on-cardiac-pacing-and-cardiac-resynchro_n0057/e_0019 spanConfidence 1.0
Rule_1408	?a type PatientCondition => ?a spanConfidence 1.0	3-vessel_disease__zeppenfeld-2022-esc-guidelines-va-and-scd_n0025/e_0066 type PatientCondition => 3-vessel_disease__zeppenfeld-2022-esc-guidelines-va-and-scd_n0025/e_0066 spanConfidence 1.0
Rule_1408	?a type PatientCondition => ?a spanConfidence 1.0	ICD-related_concerns__zeppenfeld-2022-esc-guidelines-va-and-scd_n0048/e_0007 type PatientCondition => ICD-related_concerns__zeppenfeld-2022-esc-guidelines-va-and-scd_n0048/e_0007 spanConfidence 1.0
Rule_1408	?a type PatientCondition => ?a spanConfidence 1.0	bradyarrhythmias__glikson-2021-2021-esc-guidelines-on-cardiac-pacing-and-cardiac-resynchro_n0085/e_0016 type PatientCondition => bradyarrhythmias__glikson-2021-2021-esc-guidelines-on-cardiac-pacing-and-cardiac-resynchro_n0085/e_0016 spanConfidence 1.0
Rule_1408	?a type PatientCondition => ?a spanConfidence 1.0	Altered_mentation__execut-1_n0020/e_0005 type PatientCondition => Altered_mentation__execut-1_n0020/e_0005 spanConfidence 1.0
Rule_1408	?a type PatientCondition => ?a spanConfidence 1.0	LVEF_%3C45%25__mcdonagh-2023-esc-guidelines_n0035/e_0059 type PatientCondition => LVEF_%3C45%25__mcdonagh-2023-esc-guidelines_n0035/e_0059 spanConfidence 1.0
Rule_1408	?a type PatientCondition => ?a spanConfidence 1.0	unexplained_syncope__al-khatib-2017-aha-acc-hrs-guideline-va-and-scd_n0033/e_0021 type PatientCondition => unexplained_syncope__al-khatib-2017-aha-acc-hrs-guideline-va-and-scd_n0033/e_0021 spanConfidence 1.0
Rule_1408	?a type PatientCondition => ?a spanConfidence 1.0	Pulmonary_embolus__sectio-4_n0001/e_0019 type PatientCondition => Pulmonary_embolus__sectio-4_n0001/e_0019 spanConfidence 1.0
Rule_1408	?a type PatientCondition => ?a spanConfidence 1.0	Double_or_triple_sensing_of_ventricular_signals__braunschweig-2010-management-of-patients-receiving-implantable-cardiac-d_n0007/e_0050 type PatientCondition => Double_or_triple_sensing_of_ventricular_signals__braunschweig-2010-management-of-patients-receiving-implantable-cardiac-d_n0007/e_0050 spanConfidence 1.0
Rule_1408	?a type PatientCondition => ?a spanConfidence 1.0	symptomatic_ventricular_arrhythmias__mcdonagh-2023-esc-guidelines_n0031/e_0020 type PatientCondition => symptomatic_ventricular_arrhythmias__mcdonagh-2023-esc-guidelines_n0031/e_0020 spanConfidence 1.0
Rule_1408	?a type PatientCondition => ?a spanConfidence 1.0	Diabetic_ketoacidosis__sectio-4_n0001/e_0020 type PatientCondition => Diabetic_ketoacidosis__sectio-4_n0001/e_0020 spanConfidence 1.0
Rule_1408	?a type PatientCondition => ?a spanConfidence 1.0	intracardiac_abscess__glikson-2021-2021-esc-guidelines-on-cardiac-pacing-and-cardiac-resynchro_n0061/e_0012 type PatientCondition => intracardiac_abscess__glikson-2021-2021-esc-guidelines-on-cardiac-pacing-and-cardiac-resynchro_n0061/e_0012 spanConfidence 1.0
Rule_1408	?a type PatientCondition => ?a spanConfidence 1.0	SCD__heidenreich-2022-aha-acc-hfsa-guidelines_n0033/e_0018 type PatientCondition => SCD__heidenreich-2022-aha-acc-hfsa-guidelines_n0033/e_0018 spanConfidence 1.0
Rule_1408	?a type PatientCondition => ?a spanConfidence 1.0	pacemaker-dependent__mcdonagh-2023-esc-guidelines_n0024/e_0035 type PatientCondition => pacemaker-dependent__mcdonagh-2023-esc-guidelines_n0024/e_0035 spanConfidence 1.0
Rule_1408	?a type PatientCondition => ?a spanConfidence 1.0	complete_AVB_with_low_or_no_escape_rhythm__glikson-2021-2021-esc-guidelines-on-cardiac-pacing-and-cardiac-resynchro_n0086/e_0005 type PatientCondition => complete_AVB_with_low_or_no_escape_rhythm__glikson-2021-2021-esc-guidelines-on-cardiac-pacing-and-cardiac-resynchro_n0086/e_0005 spanConfidence 1.0
Rule_1408	?a type PatientCondition => ?a spanConfidence 1.0	significant_changes_in_HF_symptoms_or_signs__heidenreich-2022-aha-acc-hfsa-guidelines_n0108/e_0029 type PatientCondition => significant_changes_in_HF_symptoms_or_signs__heidenreich-2022-aha-acc-hfsa-guidelines_n0108/e_0029 spanConfidence 1.0
Rule_1408	?a type PatientCondition => ?a spanConfidence 1.0	long_QT_syndrome__al-khatib-2017-aha-acc-hrs-guideline-va-and-scd_n0054/e_0011 type PatientCondition => long_QT_syndrome__al-khatib-2017-aha-acc-hrs-guideline-va-and-scd_n0054/e_0011 spanConfidence 1.0
Rule_1408	?a type PatientCondition => ?a spanConfidence 1.0	suspected_NICM__al-khatib-2017-aha-acc-hrs-guideline-va-and-scd_n0038/e_0002 type PatientCondition => suspected_NICM__al-khatib-2017-aha-acc-hrs-guideline-va-and-scd_n0038/e_0002 spanConfidence 1.0
Rule_1408	?a type PatientCondition => ?a spanConfidence 1.0	moderate_to_severe_HF_symptoms__execut-1_n0049/e_0028 type PatientCondition => moderate_to_severe_HF_symptoms__execut-1_n0049/e_0028 spanConfidence 1.0
Rule_1408	?a type PatientCondition => ?a spanConfidence 1.0	hypomagnesaemia__pelliccia-2020-2020-esc-guidelines-on-sports-cardiology-and-exercise-in_n0066/e_0010 type PatientCondition => hypomagnesaemia__pelliccia-2020-2020-esc-guidelines-on-sports-cardiology-and-exercise-in_n0066/e_0010 spanConfidence 1.0
Rule_1408	?a type PatientCondition => ?a spanConfidence 1.0	Severe_impairment_of_exercise_capacity__mcdonagh-2023-esc-guidelines_n0058/e_0024 type PatientCondition => Severe_impairment_of_exercise_capacity__mcdonagh-2023-esc-guidelines_n0058/e_0024 spanConfidence 1.0
Rule_1408	?a type PatientCondition => ?a spanConfidence 1.0	AF__braunschweig-2010-management-of-patients-receiving-implantable-cardiac-d_n0007/e_0067 type PatientCondition => AF__braunschweig-2010-management-of-patients-receiving-implantable-cardiac-d_n0007/e_0067 spanConfidence 1.0
Rule_1408	?a type PatientCondition => ?a spanConfidence 1.0	unexplained_syncope__al-khatib-2017-aha-acc-hrs-guideline-va-and-scd_n0073/e_0004 type PatientCondition => unexplained_syncope__al-khatib-2017-aha-acc-hrs-guideline-va-and-scd_n0073/e_0004 spanConfidence 1.0
Rule_1408	?a type PatientCondition => ?a spanConfidence 1.0	causative_mutation__al-khatib-2017-aha-acc-hrs-guideline-va-and-scd_n0053/e_0002 type PatientCondition => causative_mutation__al-khatib-2017-aha-acc-hrs-guideline-va-and-scd_n0053/e_0002 spanConfidence 1.0
Rule_1408	?a type PatientCondition => ?a spanConfidence 1.0	AVB__glikson-2021-2021-esc-guidelines-on-cardiac-pacing-and-cardiac-resynchro_n0085/e_0084 type PatientCondition => AVB__glikson-2021-2021-esc-guidelines-on-cardiac-pacing-and-cardiac-resynchro_n0085/e_0084 spanConfidence 1.0
Rule_1408	?a type PatientCondition => ?a spanConfidence 1.0	family_history_of_NICM_or_SCD_in_a_first-degree_relative__al-khatib-2017-aha-acc-hrs-guideline-va-and-scd_n0038/e_0016 type PatientCondition => family_history_of_NICM_or_SCD_in_a_first-degree_relative__al-khatib-2017-aha-acc-hrs-guideline-va-and-scd_n0038/e_0016 spanConfidence 1.0
Rule_1408	?a type PatientCondition => ?a spanConfidence 1.0	persistent_LV_dysfunction__pelliccia-2020-2020-esc-guidelines-on-sports-cardiology-and-exercise-in_n0060/e_0028 type PatientCondition => persistent_LV_dysfunction__pelliccia-2020-2020-esc-guidelines-on-sports-cardiology-and-exercise-in_n0060/e_0028 spanConfidence 1.0
Rule_1408	?a type PatientCondition => ?a spanConfidence 1.0	Worsening_renal_function__sectio-4_n0001/e_0004 type PatientCondition => Worsening_renal_function__sectio-4_n0001/e_0004 spanConfidence 1.0
Rule_1408	?a type PatientCondition => ?a spanConfidence 1.0	incomplete_biventricular_pacing_(%3C90%E2%80%9395%25)__glikson-2021-2021-esc-guidelines-on-cardiac-pacing-and-cardiac-resynchro_n0052/e_0013 type PatientCondition => incomplete_biventricular_pacing_(%3C90%E2%80%9395%25)__glikson-2021-2021-esc-guidelines-on-cardiac-pacing-and-cardiac-resynchro_n0052/e_0013 spanConfidence 1.0
Rule_1408	?a type PatientCondition => ?a spanConfidence 1.0	NYHA_III/IV_HF__zeppenfeld-2022-esc-guidelines-va-and-scd_n0026/e_0009 type PatientCondition => NYHA_III/IV_HF__zeppenfeld-2022-esc-guidelines-va-and-scd_n0026/e_0009 spanConfidence 1.0
Rule_1408	?a type PatientCondition => ?a spanConfidence 1.0	after_recovery_of_LV_function__regitz-zagrosek-2018-2018-esc-guideline-for-the-management-of-cardiovasc_n0025/e_0020 type PatientCondition => after_recovery_of_LV_function__regitz-zagrosek-2018-2018-esc-guideline-for-the-management-of-cardiovasc_n0025/e_0020 spanConfidence 1.0
Rule_1408	?a type PatientCondition => ?a spanConfidence 1.0	exercise_intolerance__mcdonagh-2023-esc-guidelines_n0031/e_0047 type PatientCondition => exercise_intolerance__mcdonagh-2023-esc-guidelines_n0031/e_0047 spanConfidence 1.0
Rule_1408	?a type PatientCondition => ?a spanConfidence 1.0	VA__al-khatib-2017-aha-acc-hrs-guideline-va-and-scd_n0046/e_0020 type PatientCondition => VA__al-khatib-2017-aha-acc-hrs-guideline-va-and-scd_n0046/e_0020 spanConfidence 1.0
Rule_1408	?a type PatientCondition => ?a spanConfidence 1.0	congenital_or_acquired_long_QT_syndrome__al-khatib-2017-aha-acc-hrs-guideline-va-and-scd_n0072/e_0009 type PatientCondition => congenital_or_acquired_long_QT_syndrome__al-khatib-2017-aha-acc-hrs-guideline-va-and-scd_n0072/e_0009 spanConfidence 1.0
Rule_1408	?a type PatientCondition => ?a spanConfidence 1.0	high-degree_AVB__glikson-2021-2021-esc-guidelines-on-cardiac-pacing-and-cardiac-resynchro_n0054/e_0008 type PatientCondition => high-degree_AVB__glikson-2021-2021-esc-guidelines-on-cardiac-pacing-and-cardiac-resynchro_n0054/e_0008 spanConfidence 1.0
Rule_1408	?a type PatientCondition => ?a spanConfidence 1.0	documented_cardioinhibitory_reflex__glikson-2021-2021-esc-guidelines-on-cardiac-pacing-and-cardiac-resynchro_n0049/e_0021 type PatientCondition => documented_cardioinhibitory_reflex__glikson-2021-2021-esc-guidelines-on-cardiac-pacing-and-cardiac-resynchro_n0049/e_0021 spanConfidence 1.0
Rule_1408	?a type PatientCondition => ?a spanConfidence 1.0	hypertension__heidenreich-2022-aha-acc-hfsa-guidelines_n0099/e_0013 type PatientCondition => hypertension__heidenreich-2022-aha-acc-hfsa-guidelines_n0099/e_0013 spanConfidence 1.0
Rule_1408	?a type PatientCondition => ?a spanConfidence 1.0	malignant_arrhythmias__mcdonagh-2023-esc-guidelines_n0058/e_0021 type PatientCondition => malignant_arrhythmias__mcdonagh-2023-esc-guidelines_n0058/e_0021 spanConfidence 1.0
Rule_1408	?a type PatientCondition => ?a spanConfidence 1.0	inflammation__vest-2019-nutrition-obesity-and-cachexia-in-patients-with-heart-failure_n0002/e_0003 type PatientCondition => inflammation__vest-2019-nutrition-obesity-and-cachexia-in-patients-with-heart-failure_n0002/e_0003 spanConfidence 1.0
Rule_1408	?a type PatientCondition => ?a spanConfidence 1.0	HF__heidenreich-2022-aha-acc-hfsa-guidelines_n0035/e_0006 type PatientCondition => HF__heidenreich-2022-aha-acc-hfsa-guidelines_n0035/e_0006 spanConfidence 1.0
Rule_1408	?a type PatientCondition => ?a spanConfidence 1.0	CRT_indication__glikson-2021-2021-esc-guidelines-on-cardiac-pacing-and-cardiac-resynchro_n0055/e_0003 type PatientCondition => CRT_indication__glikson-2021-2021-esc-guidelines-on-cardiac-pacing-and-cardiac-resynchro_n0055/e_0003 spanConfidence 1.0
Rule_1408	?a type PatientCondition => ?a spanConfidence 1.0	Turner_syndrome__pelliccia-2020-2020-esc-guidelines-on-sports-cardiology-and-exercise-in_n0053/e_0024 type PatientCondition => Turner_syndrome__pelliccia-2020-2020-esc-guidelines-on-sports-cardiology-and-exercise-in_n0053/e_0024 spanConfidence 1.0
Rule_1408	?a type PatientCondition => ?a spanConfidence 1.0	Nail,_hair,_and_skin_changes__vest-2019-nutrition-obesity-and-cachexia-in-patients-with-heart-failure_n0002/e_0015 type PatientCondition => Nail,_hair,_and_skin_changes__vest-2019-nutrition-obesity-and-cachexia-in-patients-with-heart-failure_n0002/e_0015 spanConfidence 1.0
Rule_1408	?a type PatientCondition => ?a spanConfidence 1.0	HFrEF__glikson-2021-2021-esc-guidelines-on-cardiac-pacing-and-cardiac-resynchro_n0052/e_0018 type PatientCondition => HFrEF__glikson-2021-2021-esc-guidelines-on-cardiac-pacing-and-cardiac-resynchro_n0052/e_0018 spanConfidence 1.0
Rule_1408	?a type PatientCondition => ?a spanConfidence 1.0	absence_of_structural_disease__al-khatib-2017-aha-acc-hrs-guideline-va-and-scd_n0079/e_0014 type PatientCondition => absence_of_structural_disease__al-khatib-2017-aha-acc-hrs-guideline-va-and-scd_n0079/e_0014 spanConfidence 1.0
Rule_1408	?a type PatientCondition => ?a spanConfidence 1.0	pregnancy__regitz-zagrosek-2018-2018-esc-guideline-for-the-management-of-cardiovasc_n0029/e_0046 type PatientCondition => pregnancy__regitz-zagrosek-2018-2018-esc-guideline-for-the-management-of-cardiovasc_n0029/e_0046 spanConfidence 1.0
Rule_1408	?a type PatientCondition => ?a spanConfidence 1.0	reversible_causes__lenarczyk-2024-management-of-patients-with-an-electrical-storm-or-cluste_n0010/e_0014 type PatientCondition => reversible_causes__lenarczyk-2024-management-of-patients-with-an-electrical-storm-or-cluste_n0010/e_0014 spanConfidence 1.0
Rule_1408	?a type PatientCondition => ?a spanConfidence 1.0	early_repolarization_pattern_on_ECG__al-khatib-2017-aha-acc-hrs-guideline-va-and-scd_n0059/e_0003 type PatientCondition => early_repolarization_pattern_on_ECG__al-khatib-2017-aha-acc-hrs-guideline-va-and-scd_n0059/e_0003 spanConfidence 1.0
Rule_1408	?a type PatientCondition => ?a spanConfidence 1.0	fluid_retention__ambrosetti-2020-secondary-prevention-comprehensive-cardiovascular-rehabi_n0006/e_9101 type PatientCondition => fluid_retention__ambrosetti-2020-secondary-prevention-comprehensive-cardiovascular-rehabi_n0006/e_9101 spanConfidence 1.0
Rule_1408	?a type PatientCondition => ?a spanConfidence 1.0	a_comprehensive_evaluation_did_not_demonstrate_a_cause__glikson-2021-2021-esc-guidelines-on-cardiac-pacing-and-cardiac-resynchro_n0085/e_0008 type PatientCondition => a_comprehensive_evaluation_did_not_demonstrate_a_cause__glikson-2021-2021-esc-guidelines-on-cardiac-pacing-and-cardiac-resynchro_n0085/e_0008 spanConfidence 1.0
Rule_1408	?a type PatientCondition => ?a spanConfidence 1.0	cardioinhibitory_carotid_sinus_syndrome__glikson-2021-2021-esc-guidelines-on-cardiac-pacing-and-cardiac-resynchro_n0049/e_0012 type PatientCondition => cardioinhibitory_carotid_sinus_syndrome__glikson-2021-2021-esc-guidelines-on-cardiac-pacing-and-cardiac-resynchro_n0049/e_0012 spanConfidence 1.0
Rule_1408	?a type PatientCondition => ?a spanConfidence 1.0	anxiety__riegel-2009-promoting-self-care-in-persons-with-heart-failure_n0004/e_0037 type PatientCondition => anxiety__riegel-2009-promoting-self-care-in-persons-with-heart-failure_n0004/e_0037 spanConfidence 1.0
Rule_1408	?a type PatientCondition => ?a spanConfidence 1.0	residual_myocardial_scar__pelliccia-2020-2020-esc-guidelines-on-sports-cardiology-and-exercise-in_n0060/e_0027 type PatientCondition => residual_myocardial_scar__pelliccia-2020-2020-esc-guidelines-on-sports-cardiology-and-exercise-in_n0060/e_0027 spanConfidence 1.0
Rule_1408	?a type PatientCondition => ?a spanConfidence 1.0	structural_heart_disease__glikson-2021-2021-esc-guidelines-on-cardiac-pacing-and-cardiac-resynchro_n0036/e_0004 type PatientCondition => structural_heart_disease__glikson-2021-2021-esc-guidelines-on-cardiac-pacing-and-cardiac-resynchro_n0036/e_0004 spanConfidence 1.0
Rule_1408	?a type PatientCondition => ?a spanConfidence 1.0	Hemodynamically_significant_arrhythmia__execut-1_n0020/e_0009 type PatientCondition => Hemodynamically_significant_arrhythmia__execut-1_n0020/e_0009 spanConfidence 1.0
Rule_1408	?a type PatientCondition => ?a spanConfidence 1.0	symptoms_caused_by_AF__heidenreich-2022-aha-acc-hfsa-guidelines_n0101/e_0013 type PatientCondition => symptoms_caused_by_AF__heidenreich-2022-aha-acc-hfsa-guidelines_n0101/e_0013 spanConfidence 1.0
Rule_1408	?a type PatientCondition => ?a spanConfidence 1.0	iron_deficiency__mcdonagh-2023-esc-guidelines_n0022/e_0080 type PatientCondition => iron_deficiency__mcdonagh-2023-esc-guidelines_n0022/e_0080 spanConfidence 1.0
Rule_1408	?a type PatientCondition => ?a spanConfidence 1.0	Pneumonia__execut-1_n0020/e_0016 type PatientCondition => Pneumonia__execut-1_n0020/e_0016 spanConfidence 1.0
Rule_1408	?a type PatientCondition => ?a spanConfidence 1.0	Exacerbating_factors__sectio-4_n0008/e_0015 type PatientCondition => Exacerbating_factors__sectio-4_n0008/e_0015 spanConfidence 1.0
Rule_1408	?a type PatientCondition => ?a spanConfidence 1.0	signs_and/or_symptoms_of_congestion__mcdonagh-2023-esc-guidelines_n0035/e_0003 type PatientCondition => signs_and/or_symptoms_of_congestion__mcdonagh-2023-esc-guidelines_n0035/e_0003 spanConfidence 1.0
Rule_1408	?a type PatientCondition => ?a spanConfidence 1.0	HFpEF__glikson-2021-2021-esc-guidelines-on-cardiac-pacing-and-cardiac-resynchro_n0052/e_0025 type PatientCondition => HFpEF__glikson-2021-2021-esc-guidelines-on-cardiac-pacing-and-cardiac-resynchro_n0052/e_0025 spanConfidence 1.0
Rule_1408	?a type PatientCondition => ?a spanConfidence 1.0	shortness_of_breath__riegel-2009-promoting-self-care-in-persons-with-heart-failure_n0002/e_0007 type PatientCondition => shortness_of_breath__riegel-2009-promoting-self-care-in-persons-with-heart-failure_n0002/e_0007 spanConfidence 1.0
Rule_1408	?a type PatientCondition => ?a spanConfidence 1.0	non-LBBB_QRS_morphology__mcdonagh-2023-esc-guidelines_n0046/e_0023 type PatientCondition => non-LBBB_QRS_morphology__mcdonagh-2023-esc-guidelines_n0046/e_0023 spanConfidence 1.0
Rule_1408	?a type PatientCondition => ?a spanConfidence 1.0	MI__glikson-2021-2021-esc-guidelines-on-cardiac-pacing-and-cardiac-resynchro_n0085/e_0082 type PatientCondition => MI__glikson-2021-2021-esc-guidelines-on-cardiac-pacing-and-cardiac-resynchro_n0085/e_0082 spanConfidence 1.0
Rule_1408	?a type PatientCondition => ?a spanConfidence 1.0	PPCM__heidenreich-2022-aha-acc-hfsa-guidelines_n0108/e_0040 type PatientCondition => PPCM__heidenreich-2022-aha-acc-hfsa-guidelines_n0108/e_0040 spanConfidence 1.0
Rule_1408	?a type PatientCondition => ?a spanConfidence 1.0	active_inflammation_is_present__pelliccia-2020-2020-esc-guidelines-on-sports-cardiology-and-exercise-in_n0075/e_0044 type PatientCondition => active_inflammation_is_present__pelliccia-2020-2020-esc-guidelines-on-sports-cardiology-and-exercise-in_n0075/e_0044 spanConfidence 1.0
Rule_1408	?a type PatientCondition => ?a spanConfidence 1.0	SCA__al-khatib-2017-aha-acc-hrs-guideline-va-and-scd_n0053/e_0011 type PatientCondition => SCA__al-khatib-2017-aha-acc-hrs-guideline-va-and-scd_n0053/e_0011 spanConfidence 1.0
Rule_1408	?a type PatientCondition => ?a spanConfidence 1.0	protein_deficiency__vest-2019-nutrition-obesity-and-cachexia-in-patients-with-heart-failure_n0002/e_0012 type PatientCondition => protein_deficiency__vest-2019-nutrition-obesity-and-cachexia-in-patients-with-heart-failure_n0002/e_0012 spanConfidence 1.0
Rule_1408	?a type PatientCondition => ?a spanConfidence 1.0	recovery_from_acute_myocarditis__pelliccia-2020-2020-esc-guidelines-on-sports-cardiology-and-exercise-in_n0060/e_0005 type PatientCondition => recovery_from_acute_myocarditis__pelliccia-2020-2020-esc-guidelines-on-sports-cardiology-and-exercise-in_n0060/e_0005 spanConfidence 1.0
Rule_1408	?a type PatientCondition => ?a spanConfidence 1.0	Pulmonary_embolus__execut-1_n0020/e_0017 type PatientCondition => Pulmonary_embolus__execut-1_n0020/e_0017 spanConfidence 1.0
Rule_1408	?a type PatientCondition => ?a spanConfidence 1.0	ventricular_rates_remain_rapid_despite_medical_therapy__heidenreich-2022-aha-acc-hfsa-guidelines_n0101/e_0021 type PatientCondition => ventricular_rates_remain_rapid_despite_medical_therapy__heidenreich-2022-aha-acc-hfsa-guidelines_n0101/e_0021 spanConfidence 1.0
Rule_1408	?a type PatientCondition => ?a spanConfidence 1.0	fever__zeppenfeld-2022-esc-guidelines-va-and-scd_n0035/e_0009 type PatientCondition => fever__zeppenfeld-2022-esc-guidelines-va-and-scd_n0035/e_0009 spanConfidence 1.0
Rule_1408	?a type PatientCondition => ?a spanConfidence 1.0	adult_congenital_heart_disease__al-khatib-2017-aha-acc-hrs-guideline-va-and-scd_n0073/e_0020 type PatientCondition => adult_congenital_heart_disease__al-khatib-2017-aha-acc-hrs-guideline-va-and-scd_n0073/e_0020 spanConfidence 1.0
Rule_1408	?a type PatientCondition => ?a spanConfidence 1.0	malfunction__lenarczyk-2024-management-of-patients-with-an-electrical-storm-or-cluste_n0010/e_0034 type PatientCondition => malfunction__lenarczyk-2024-management-of-patients-with-an-electrical-storm-or-cluste_n0010/e_0034 spanConfidence 1.0
Rule_1408	?a type PatientCondition => ?a spanConfidence 1.0	rhythm_disturbance_is_transient_and_resolves__glikson-2021-2021-esc-guidelines-on-cardiac-pacing-and-cardiac-resynchro_n0061/e_0004 type PatientCondition => rhythm_disturbance_is_transient_and_resolves__glikson-2021-2021-esc-guidelines-on-cardiac-pacing-and-cardiac-resynchro_n0061/e_0004 spanConfidence 1.0
Rule_1408	?a type PatientCondition => ?a spanConfidence 1.0	NYHA_II%E2%80%93IV__sbolli-2020-depression-and-heart-failure_n0003/e_0014 type PatientCondition => NYHA_II%E2%80%93IV__sbolli-2020-depression-and-heart-failure_n0003/e_0014 spanConfidence 1.0
Rule_1408	?a type PatientCondition => ?a spanConfidence 1.0	resuscitated_SCA__al-khatib-2017-aha-acc-hrs-guideline-va-and-scd_n0042/e_0017 type PatientCondition => resuscitated_SCA__al-khatib-2017-aha-acc-hrs-guideline-va-and-scd_n0042/e_0017 spanConfidence 1.0
Rule_1408	?a type PatientCondition => ?a spanConfidence 1.0	cardiomyopathy__heidenreich-2022-aha-acc-hfsa-guidelines_n0013/e_0013 type PatientCondition => cardiomyopathy__heidenreich-2022-aha-acc-hfsa-guidelines_n0013/e_0013 spanConfidence 1.0
Rule_1408	?a type PatientCondition => ?a spanConfidence 1.0	comorbidities__mcdonagh-2023-esc-guidelines_n0021/e_0041 type PatientCondition => comorbidities__mcdonagh-2023-esc-guidelines_n0021/e_0041 spanConfidence 1.0
Rule_1408	?a type PatientCondition => ?a spanConfidence 1.0	anemia__heidenreich-2022-aha-acc-hfsa-guidelines_n0099/e_0008 type PatientCondition => anemia__heidenreich-2022-aha-acc-hfsa-guidelines_n0099/e_0008 spanConfidence 1.0
Rule_1408	?a type PatientCondition => ?a spanConfidence 1.0	HF__glikson-2021-2021-esc-guidelines-on-cardiac-pacing-and-cardiac-resynchro_n0051/e_0037 type PatientCondition => HF__glikson-2021-2021-esc-guidelines-on-cardiac-pacing-and-cardiac-resynchro_n0051/e_0037 spanConfidence 1.0
Rule_1408	?a type PatientCondition => ?a spanConfidence 1.0	early_repolarization_pattern_on_ECG__al-khatib-2017-aha-acc-hrs-guideline-va-and-scd_n0059/e_0012 type PatientCondition => early_repolarization_pattern_on_ECG__al-khatib-2017-aha-acc-hrs-guideline-va-and-scd_n0059/e_0012 spanConfidence 1.0
Rule_1408	?a type PatientCondition => ?a spanConfidence 1.0	coronary_artery_stenosis__mcdonagh-2023-esc-guidelines_n0023/e_0009 type PatientCondition => coronary_artery_stenosis__mcdonagh-2023-esc-guidelines_n0023/e_0009 spanConfidence 1.0
Rule_1408	?a type PatientCondition => ?a spanConfidence 1.0	contraindications_for_some_drugs_in_pregnancy__regitz-zagrosek-2018-2018-esc-guideline-for-the-management-of-cardiovasc_n0025/e_0005 type PatientCondition => contraindications_for_some_drugs_in_pregnancy__regitz-zagrosek-2018-2018-esc-guideline-for-the-management-of-cardiovasc_n0025/e_0005 spanConfidence 1.0
Rule_1408	?a type PatientCondition => ?a spanConfidence 1.0	Orthopnea__sectio-4_n0004/e_0024 type PatientCondition => Orthopnea__sectio-4_n0004/e_0024 spanConfidence 1.0
Rule_1408	?a type PatientCondition => ?a spanConfidence 1.0	possible_increased_food_intake_due_to_improved_appetite__sectio-4_n0004/e_0004 type PatientCondition => possible_increased_food_intake_due_to_improved_appetite__sectio-4_n0004/e_0004 spanConfidence 1.0
Rule_1408	?a type PatientCondition => ?a spanConfidence 1.0	electromagnetic_radiation_from_external_sources__braunschweig-2010-management-of-patients-receiving-implantable-cardiac-d_n0007/e_0017 type PatientCondition => electromagnetic_radiation_from_external_sources__braunschweig-2010-management-of-patients-receiving-implantable-cardiac-d_n0007/e_0017 spanConfidence 1.0
Rule_1408	?a type PatientCondition => ?a spanConfidence 1.0	AF__glikson-2021-2021-esc-guidelines-on-cardiac-pacing-and-cardiac-resynchro_n0054/e_0011 type PatientCondition => AF__glikson-2021-2021-esc-guidelines-on-cardiac-pacing-and-cardiac-resynchro_n0054/e_0011 spanConfidence 1.0
Rule_1408	?a type PatientCondition => ?a spanConfidence 1.0	angina__mcdonagh-2023-esc-guidelines_n0024/e_0042 type PatientCondition => angina__mcdonagh-2023-esc-guidelines_n0024/e_0042 spanConfidence 1.0
Rule_1408	?a type PatientCondition => ?a spanConfidence 1.0	HF_hospitalization__mcdonagh-2023-2023-focused-update-of-the-2021-esc-guidelines-for-the-dia_n0014/e_0007 type PatientCondition => HF_hospitalization__mcdonagh-2023-2023-focused-update-of-the-2021-esc-guidelines-for-the-dia_n0014/e_0007 spanConfidence 1.0
Rule_1408	?a type PatientCondition => ?a spanConfidence 1.0	pre-existing_conduction_abnormality__glikson-2021-2021-esc-guidelines-on-cardiac-pacing-and-cardiac-resynchro_n0063/e_0027 type PatientCondition => pre-existing_conduction_abnormality__glikson-2021-2021-esc-guidelines-on-cardiac-pacing-and-cardiac-resynchro_n0063/e_0027 spanConfidence 1.0
Rule_1408	?a type PatientCondition => ?a spanConfidence 1.0	SCD__al-khatib-2017-aha-acc-hrs-guideline-va-and-scd_n0044/e_0023 type PatientCondition => SCD__al-khatib-2017-aha-acc-hrs-guideline-va-and-scd_n0044/e_0023 spanConfidence 1.0
Rule_1408	?a type PatientCondition => ?a spanConfidence 1.0	high_output_states__mcdonagh-2023-esc-guidelines_n0032/e_0007 type PatientCondition => high_output_states__mcdonagh-2023-esc-guidelines_n0032/e_0007 spanConfidence 1.0
Rule_1408	?a type PatientCondition => ?a spanConfidence 1.0	previous_peripartum_cardiomyopathy__heidenreich-2022-aha-acc-hfsa-guidelines_n0107/e_0002 type PatientCondition => previous_peripartum_cardiomyopathy__heidenreich-2022-aha-acc-hfsa-guidelines_n0107/e_0002 spanConfidence 1.0
Rule_1408	?a type PatientCondition => ?a spanConfidence 1.0	no_risk_factors__glikson-2021-2021-esc-guidelines-on-cardiac-pacing-and-cardiac-resynchro_n0064/e_0015 type PatientCondition => no_risk_factors__glikson-2021-2021-esc-guidelines-on-cardiac-pacing-and-cardiac-resynchro_n0064/e_0015 spanConfidence 1.0
Rule_1408	?a type PatientCondition => ?a spanConfidence 1.0	catecholaminergic_polymorphic_ventricular_tachycardia__al-khatib-2017-aha-acc-hrs-guideline-va-and-scd_n0053/e_0004 type PatientCondition => catecholaminergic_polymorphic_ventricular_tachycardia__al-khatib-2017-aha-acc-hrs-guideline-va-and-scd_n0053/e_0004 spanConfidence 1.0
Rule_1408	?a type PatientCondition => ?a spanConfidence 1.0	new_onset_of_rapid_atrial_fibrillation__sectio-4_n0001/e_0010 type PatientCondition => new_onset_of_rapid_atrial_fibrillation__sectio-4_n0001/e_0010 spanConfidence 1.0
Rule_1408	?a type PatientCondition => ?a spanConfidence 1.0	active_inflammation_is_present__pelliccia-2020-2020-esc-guidelines-on-sports-cardiology-and-exercise-in_n0060/e_0021 type PatientCondition => active_inflammation_is_present__pelliccia-2020-2020-esc-guidelines-on-sports-cardiology-and-exercise-in_n0060/e_0021 spanConfidence 1.0
Rule_1408	?a type PatientCondition => ?a spanConfidence 1.0	HF__mcdonagh-2023-esc-guidelines_n0020/e_0003 type PatientCondition => HF__mcdonagh-2023-esc-guidelines_n0020/e_0003 spanConfidence 1.0
Rule_1408	?a type PatientCondition => ?a spanConfidence 1.0	high_blood_pressure__cardiosmart-modul1-zusammengefugt_n0002/e_0002 type PatientCondition => high_blood_pressure__cardiosmart-modul1-zusammengefugt_n0002/e_0002 spanConfidence 1.0
Rule_1408	?a type PatientCondition => ?a spanConfidence 1.0	Lead_fracture__braunschweig-2010-management-of-patients-receiving-implantable-cardiac-d_n0007/e_0036 type PatientCondition => Lead_fracture__braunschweig-2010-management-of-patients-receiving-implantable-cardiac-d_n0007/e_0036 spanConfidence 1.0
Rule_1408	?a type PatientCondition => ?a spanConfidence 1.0	LBBB_QRS_morphology__mcdonagh-2023-esc-guidelines_n0046/e_0033 type PatientCondition => LBBB_QRS_morphology__mcdonagh-2023-esc-guidelines_n0046/e_0033 spanConfidence 1.0
Rule_1408	?a type PatientCondition => ?a spanConfidence 1.0	without_other_evidence_of_atherosclerotic_vascular_disease__execut-1_n0036/e_0004 type PatientCondition => without_other_evidence_of_atherosclerotic_vascular_disease__execut-1_n0036/e_0004 spanConfidence 1.0
Rule_1408	?a type PatientCondition => ?a spanConfidence 1.0	iron_deficiency__mcdonagh-2023-2023-focused-update-of-the-2021-esc-guidelines-for-the-dia_n0016/e_0016 type PatientCondition => iron_deficiency__mcdonagh-2023-2023-focused-update-of-the-2021-esc-guidelines-for-the-dia_n0016/e_0016 spanConfidence 1.0
Rule_1408	?a type PatientCondition => ?a spanConfidence 1.0	HF__heidenreich-2022-aha-acc-hfsa-guidelines_n0033/e_0022 type PatientCondition => HF__heidenreich-2022-aha-acc-hfsa-guidelines_n0033/e_0022 spanConfidence 1.0
Rule_1408	?a type PatientCondition => ?a spanConfidence 1.0	obstructive_sleep_apnea__heidenreich-2022-aha-acc-hfsa-guidelines_n0099/e_0021 type PatientCondition => obstructive_sleep_apnea__heidenreich-2022-aha-acc-hfsa-guidelines_n0099/e_0021 spanConfidence 1.0
Rule_1408	?a type PatientCondition => ?a spanConfidence 1.0	asymptomatic_arrhythmias_that_are_not_felt_to_contribute_to_HF_or_ventricular_dysfunction__execut-1_n0036/e_0032 type PatientCondition => asymptomatic_arrhythmias_that_are_not_felt_to_contribute_to_HF_or_ventricular_dysfunction__execut-1_n0036/e_0032 spanConfidence 1.0
Rule_1408	?a type PatientCondition => ?a spanConfidence 1.0	iron_deficiency__heidenreich-2022-aha-acc-hfsa-guidelines_n0099/e_0002 type PatientCondition => iron_deficiency__heidenreich-2022-aha-acc-hfsa-guidelines_n0099/e_0002 spanConfidence 1.0
Rule_1408	?a type PatientCondition => ?a spanConfidence 1.0	NYHA_class_III%E2%80%93IV__pelliccia-2020-2020-esc-guidelines-on-sports-cardiology-and-exercise-in_n0073/e_0020 type PatientCondition => NYHA_class_III%E2%80%93IV__pelliccia-2020-2020-esc-guidelines-on-sports-cardiology-and-exercise-in_n0073/e_0020 spanConfidence 1.0
Rule_1408	?a type PatientCondition => ?a spanConfidence 1.0	without_genotyping_prior_to_death__al-khatib-2017-aha-acc-hrs-guideline-va-and-scd_n0079/e_0020 type PatientCondition => without_genotyping_prior_to_death__al-khatib-2017-aha-acc-hrs-guideline-va-and-scd_n0079/e_0020 spanConfidence 1.0
Rule_1408	?a type PatientCondition => ?a spanConfidence 1.0	signs_of_battery_depletion__glikson-2021-2021-esc-guidelines-on-cardiac-pacing-and-cardiac-resynchro_n0079/e_0012 type PatientCondition => signs_of_battery_depletion__glikson-2021-2021-esc-guidelines-on-cardiac-pacing-and-cardiac-resynchro_n0079/e_0012 spanConfidence 1.0
Rule_1408	?a type PatientCondition => ?a spanConfidence 1.0	iron_deficiency__mcdonagh-2023-esc-guidelines_n0022/e_0070 type PatientCondition => iron_deficiency__mcdonagh-2023-esc-guidelines_n0022/e_0070 spanConfidence 1.0
Rule_1408	?a type PatientCondition => ?a spanConfidence 1.0	electrolyte_imbalance__pelliccia-2020-2020-esc-guidelines-on-sports-cardiology-and-exercise-in_n0066/e_0008 type PatientCondition => electrolyte_imbalance__pelliccia-2020-2020-esc-guidelines-on-sports-cardiology-and-exercise-in_n0066/e_0008 spanConfidence 1.0
Rule_1408	?a type PatientCondition => ?a spanConfidence 1.0	clinical_severity__pelliccia-2020-2020-esc-guidelines-on-sports-cardiology-and-exercise-in_n0075/e_0041 type PatientCondition => clinical_severity__pelliccia-2020-2020-esc-guidelines-on-sports-cardiology-and-exercise-in_n0075/e_0041 spanConfidence 1.0
Rule_1408	?a type PatientCondition => ?a spanConfidence 1.0	HFrEF__regitz-zagrosek-2018-2018-esc-guideline-for-the-management-of-cardiovasc_n0025/e_0013 type PatientCondition => HFrEF__regitz-zagrosek-2018-2018-esc-guideline-for-the-management-of-cardiovasc_n0025/e_0013 spanConfidence 1.0
Rule_1408	?a type PatientCondition => ?a spanConfidence 1.0	dyspnea__heidenreich-2022-aha-acc-hfsa-guidelines_n0017/e_0002 type PatientCondition => dyspnea__heidenreich-2022-aha-acc-hfsa-guidelines_n0017/e_0002 spanConfidence 1.0
Rule_1408	?a type PatientCondition => ?a spanConfidence 1.0	inability_to_afford_medicines__riegel-2009-promoting-self-care-in-persons-with-heart-failure_n0004/e_0065 type PatientCondition => inability_to_afford_medicines__riegel-2009-promoting-self-care-in-persons-with-heart-failure_n0004/e_0065 spanConfidence 1.0
Rule_1408	?a type PatientCondition => ?a spanConfidence 1.0	SCA__al-khatib-2017-aha-acc-hrs-guideline-va-and-scd_n0033/e_0003 type PatientCondition => SCA__al-khatib-2017-aha-acc-hrs-guideline-va-and-scd_n0033/e_0003 spanConfidence 1.0
Rule_1408	?a type PatientCondition => ?a spanConfidence 1.0	non-LBBB_QRS_morphology__glikson-2021-2021-esc-guidelines-on-cardiac-pacing-and-cardiac-resynchro_n0051/e_0031 type PatientCondition => non-LBBB_QRS_morphology__glikson-2021-2021-esc-guidelines-on-cardiac-pacing-and-cardiac-resynchro_n0051/e_0031 spanConfidence 1.0
Rule_1408	?a type PatientCondition => ?a spanConfidence 1.0	anxiety__riegel-2009-promoting-self-care-in-persons-with-heart-failure_n0002/e_0019 type PatientCondition => anxiety__riegel-2009-promoting-self-care-in-persons-with-heart-failure_n0002/e_0019 spanConfidence 1.0
Rule_1408	?a type PatientCondition => ?a spanConfidence 1.0	Edema__sectio-4_n0004/e_0015 type PatientCondition => Edema__sectio-4_n0004/e_0015 spanConfidence 1.0
Rule_1408	?a type PatientCondition => ?a spanConfidence 1.0	SCD__al-khatib-2017-aha-acc-hrs-guideline-va-and-scd_n0039/e_0019 type PatientCondition => SCD__al-khatib-2017-aha-acc-hrs-guideline-va-and-scd_n0039/e_0019 spanConfidence 1.0
Rule_1408	?a type PatientCondition => ?a spanConfidence 1.0	worsening_HF__riegel-2009-promoting-self-care-in-persons-with-heart-failure_n0002/e_0010 type PatientCondition => worsening_HF__riegel-2009-promoting-self-care-in-persons-with-heart-failure_n0002/e_0010 spanConfidence 1.0
Rule_1408	?a type PatientCondition => ?a spanConfidence 1.0	pulmonary_or_systemic_congestion__mcdonagh-2023-esc-guidelines_n0058/e_0015 type PatientCondition => pulmonary_or_systemic_congestion__mcdonagh-2023-esc-guidelines_n0058/e_0015 spanConfidence 1.0
Rule_1408	?a type PatientCondition => ?a spanConfidence 1.0	heart_problem__cardiosmart-decision-aid-icd-for-hf_n0002/e_0053 type PatientCondition => heart_problem__cardiosmart-decision-aid-icd-for-hf_n0002/e_0053 spanConfidence 1.0
Rule_1408	?a type PatientCondition => ?a spanConfidence 1.0	fatigue__riegel-2009-promoting-self-care-in-persons-with-heart-failure_n0002/e_0009 type PatientCondition => fatigue__riegel-2009-promoting-self-care-in-persons-with-heart-failure_n0002/e_0009 spanConfidence 1.0
Rule_1408	?a type PatientCondition => ?a spanConfidence 1.0	Evidence_of_severely_decompensated_HF,_including:__sectio-4_n0001/e_0002 type PatientCondition => Evidence_of_severely_decompensated_HF,_including:__sectio-4_n0001/e_0002 spanConfidence 1.0
Rule_1408	?a type PatientCondition => ?a spanConfidence 1.0	rhythm_control_strategy_fails_or_is_not_desired__heidenreich-2022-aha-acc-hfsa-guidelines_n0101/e_0020 type PatientCondition => rhythm_control_strategy_fails_or_is_not_desired__heidenreich-2022-aha-acc-hfsa-guidelines_n0101/e_0020 spanConfidence 1.0
Rule_1408	?a type PatientCondition => ?a spanConfidence 1.0	LBBB_QRS_morphology__glikson-2021-2021-esc-guidelines-on-cardiac-pacing-and-cardiac-resynchro_n0051/e_0014 type PatientCondition => LBBB_QRS_morphology__glikson-2021-2021-esc-guidelines-on-cardiac-pacing-and-cardiac-resynchro_n0051/e_0014 spanConfidence 1.0
Rule_1408	?a type PatientCondition => ?a spanConfidence 1.0	comorbid_conditions__riegel-2009-promoting-self-care-in-persons-with-heart-failure_n0004/e_0046 type PatientCondition => comorbid_conditions__riegel-2009-promoting-self-care-in-persons-with-heart-failure_n0004/e_0046 spanConfidence 1.0
Rule_1408	?a type PatientCondition => ?a spanConfidence 1.0	bradyarrhythmias__glikson-2021-2021-esc-guidelines-on-cardiac-pacing-and-cardiac-resynchro_n0046/e_0013 type PatientCondition => bradyarrhythmias__glikson-2021-2021-esc-guidelines-on-cardiac-pacing-and-cardiac-resynchro_n0046/e_0013 spanConfidence 1.0
Rule_1408	?a type PatientCondition => ?a spanConfidence 1.0	VT/VF__al-khatib-2017-aha-acc-hrs-guideline-va-and-scd_n0033/e_0004 type PatientCondition => VT/VF__al-khatib-2017-aha-acc-hrs-guideline-va-and-scd_n0033/e_0004 spanConfidence 1.0
Rule_1408	?a type PatientCondition => ?a spanConfidence 1.0	systemic_vasodilation__heidenreich-2022-aha-acc-hfsa-guidelines_n0108/e_0080 type PatientCondition => systemic_vasodilation__heidenreich-2022-aha-acc-hfsa-guidelines_n0108/e_0080 spanConfidence 1.0
Rule_1408	?a type PatientCondition => ?a spanConfidence 1.0	central_sleep_apnea__heidenreich-2022-aha-acc-hfsa-guidelines_n0099/e_0026 type PatientCondition => central_sleep_apnea__heidenreich-2022-aha-acc-hfsa-guidelines_n0099/e_0026 spanConfidence 1.0
Rule_1408	?a type PatientCondition => ?a spanConfidence 1.0	STEMI__lenarczyk-2024-management-of-patients-with-an-electrical-storm-or-cluste_n0010/e_0040 type PatientCondition => STEMI__lenarczyk-2024-management-of-patients-with-an-electrical-storm-or-cluste_n0010/e_0040 spanConfidence 1.0
Rule_1408	?a type PatientCondition => ?a spanConfidence 1.0	known_defects_in_memory__riegel-2009-promoting-self-care-in-persons-with-heart-failure_n0004/e_0086 type PatientCondition => known_defects_in_memory__riegel-2009-promoting-self-care-in-persons-with-heart-failure_n0004/e_0086 spanConfidence 1.0
Rule_1408	?a type PatientCondition => ?a spanConfidence 1.0	bradycardia%E2%80%93tachycardia_variant_of_SND__glikson-2021-2021-esc-guidelines-on-cardiac-pacing-and-cardiac-resynchro_n0046/e_0028 type PatientCondition => bradycardia%E2%80%93tachycardia_variant_of_SND__glikson-2021-2021-esc-guidelines-on-cardiac-pacing-and-cardiac-resynchro_n0046/e_0028 spanConfidence 1.0
Rule_1408	?a type PatientCondition => ?a spanConfidence 1.0	structural_abnormalities__mcdonagh-2023-esc-guidelines_n0058/e_0013 type PatientCondition => structural_abnormalities__mcdonagh-2023-esc-guidelines_n0058/e_0013 spanConfidence 1.0
Rule_1408	?a type PatientCondition => ?a spanConfidence 1.0	frailty__mcdonagh-2023-esc-guidelines_n0056/e_0009 type PatientCondition => frailty__mcdonagh-2023-esc-guidelines_n0056/e_0009 spanConfidence 1.0
Rule_1408	?a type PatientCondition => ?a spanConfidence 1.0	muscle_wasting__riegel-2009-promoting-self-care-in-persons-with-heart-failure_n0004/e_0045 type PatientCondition => muscle_wasting__riegel-2009-promoting-self-care-in-persons-with-heart-failure_n0004/e_0045 spanConfidence 1.0
Rule_1408	?a type PatientCondition => ?a spanConfidence 1.0	transient_ischemic_accident_or_stroke__execut-1_n0020/e_0019 type PatientCondition => transient_ischemic_accident_or_stroke__execut-1_n0020/e_0019 spanConfidence 1.0
Rule_1408	?a type PatientCondition => ?a spanConfidence 1.0	multivessel_disease__mcdonagh-2023-esc-guidelines_n0021/e_0033 type PatientCondition => multivessel_disease__mcdonagh-2023-esc-guidelines_n0021/e_0033 spanConfidence 1.0
Rule_1408	?a type PatientCondition => ?a spanConfidence 1.0	cardioinhibitory_carotid_sinus_syndrome__glikson-2021-2021-esc-guidelines-on-cardiac-pacing-and-cardiac-resynchro_n0085/e_0047 type PatientCondition => cardioinhibitory_carotid_sinus_syndrome__glikson-2021-2021-esc-guidelines-on-cardiac-pacing-and-cardiac-resynchro_n0085/e_0047 spanConfidence 1.0
Rule_1408	?a type PatientCondition => ?a spanConfidence 1.0	active_inflammation_is_present__pelliccia-2020-2020-esc-guidelines-on-sports-cardiology-and-exercise-in_n0061/e_0007 type PatientCondition => active_inflammation_is_present__pelliccia-2020-2020-esc-guidelines-on-sports-cardiology-and-exercise-in_n0061/e_0007 spanConfidence 1.0
Rule_1408	?a type PatientCondition => ?a spanConfidence 1.0	conducted_AF__glikson-2021-2021-esc-guidelines-on-cardiac-pacing-and-cardiac-resynchro_n0052/e_0015 type PatientCondition => conducted_AF__glikson-2021-2021-esc-guidelines-on-cardiac-pacing-and-cardiac-resynchro_n0052/e_0015 spanConfidence 1.0
Rule_1408	?a type PatientCondition => ?a spanConfidence 1.0	worsening_of_HF_symptoms__mcdonagh-2023-esc-guidelines_n0024/e_0027 type PatientCondition => worsening_of_HF_symptoms__mcdonagh-2023-esc-guidelines_n0024/e_0027 spanConfidence 1.0
Rule_1408	?a type PatientCondition => ?a spanConfidence 1.0	pulmonary_or_systemic_congestion__execut-1_n0020/e_0013 type PatientCondition => pulmonary_or_systemic_congestion__execut-1_n0020/e_0013 spanConfidence 1.0
Rule_1408	?a type PatientCondition => ?a spanConfidence 1.0	gastrointestinal_symptoms__vest-2019-nutrition-obesity-and-cachexia-in-patients-with-heart-failure_n0002/e_0006 type PatientCondition => gastrointestinal_symptoms__vest-2019-nutrition-obesity-and-cachexia-in-patients-with-heart-failure_n0002/e_0006 spanConfidence 1.0
Rule_1408	?a type PatientCondition => ?a spanConfidence 1.0	symptoms__cardiosmart-decision-aid-icd-for-hf_n0002/e_0052 type PatientCondition => symptoms__cardiosmart-decision-aid-icd-for-hf_n0002/e_0052 spanConfidence 1.0
Rule_1408	?a type PatientCondition => ?a spanConfidence 1.0	suspected_ongoing_ischaemia__lenarczyk-2024-management-of-patients-with-an-electrical-storm-or-cluste_n0010/e_0042 type PatientCondition => suspected_ongoing_ischaemia__lenarczyk-2024-management-of-patients-with-an-electrical-storm-or-cluste_n0010/e_0042 spanConfidence 1.0
Rule_1408	?a type PatientCondition => ?a spanConfidence 1.0	low-amplitude_R-waves__braunschweig-2010-management-of-patients-receiving-implantable-cardiac-d_n0007/e_0005 type PatientCondition => low-amplitude_R-waves__braunschweig-2010-management-of-patients-receiving-implantable-cardiac-d_n0007/e_0005 spanConfidence 1.0
Rule_1408	?a type PatientCondition => ?a spanConfidence 1.0	VA__al-khatib-2017-aha-acc-hrs-guideline-va-and-scd_n0081/e_0002 type PatientCondition => VA__al-khatib-2017-aha-acc-hrs-guideline-va-and-scd_n0081/e_0002 spanConfidence 1.0
Rule_1408	?a type PatientCondition => ?a spanConfidence 1.0	LV_dysfunction__regitz-zagrosek-2018-2018-esc-guideline-for-the-management-of-cardiovasc_n0022/e_0032 type PatientCondition => LV_dysfunction__regitz-zagrosek-2018-2018-esc-guideline-for-the-management-of-cardiovasc_n0022/e_0032 spanConfidence 1.0
Rule_1408	?a type PatientCondition => ?a spanConfidence 1.0	constrictive_pericarditis__mcdonagh-2023-esc-guidelines_n0020/e_0004 type PatientCondition => constrictive_pericarditis__mcdonagh-2023-esc-guidelines_n0020/e_0004 spanConfidence 1.0
Rule_1408	?a type PatientCondition => ?a spanConfidence 1.0	obesity__mcdonagh-2023-esc-guidelines_n0052/e_0018 type PatientCondition => obesity__mcdonagh-2023-esc-guidelines_n0052/e_0018 spanConfidence 1.0
Rule_1408	?a type PatientCondition => ?a spanConfidence 1.0	AVB__glikson-2021-2021-esc-guidelines-on-cardiac-pacing-and-cardiac-resynchro_n0049/e_0011 type PatientCondition => AVB__glikson-2021-2021-esc-guidelines-on-cardiac-pacing-and-cardiac-resynchro_n0049/e_0011 spanConfidence 1.0
Rule_1408	?a type PatientCondition => ?a spanConfidence 1.0	HFrEF__al-khatib-2017-aha-acc-hrs-guideline-va-and-scd_n0047/e_0002 type PatientCondition => HFrEF__al-khatib-2017-aha-acc-hrs-guideline-va-and-scd_n0047/e_0002 spanConfidence 1.0
Rule_1408	?a type PatientCondition => ?a spanConfidence 1.0	meaningful_survival_of_greater_than_1_year__al-khatib-2017-aha-acc-hrs-guideline-va-and-scd_n0035/e_0009 type PatientCondition => meaningful_survival_of_greater_than_1_year__al-khatib-2017-aha-acc-hrs-guideline-va-and-scd_n0035/e_0009 spanConfidence 1.0
Rule_1408	?a type PatientCondition => ?a spanConfidence 1.0	nutritional_risk__vest-2019-nutrition-obesity-and-cachexia-in-patients-with-heart-failure_n0006/e_0001 type PatientCondition => nutritional_risk__vest-2019-nutrition-obesity-and-cachexia-in-patients-with-heart-failure_n0006/e_0001 spanConfidence 1.0
Rule_1408	?a type PatientCondition => ?a spanConfidence 1.0	type_2_diabetes__heidenreich-2022-aha-acc-hfsa-guidelines_n0048/e_0005 type PatientCondition => type_2_diabetes__heidenreich-2022-aha-acc-hfsa-guidelines_n0048/e_0005 spanConfidence 1.0
Rule_1408	?a type PatientCondition => ?a spanConfidence 1.0	suspected_infiltrative_disease__mcdonagh-2023-esc-guidelines_n0031/e_0006 type PatientCondition => suspected_infiltrative_disease__mcdonagh-2023-esc-guidelines_n0031/e_0006 spanConfidence 1.0
Rule_1408	?a type PatientCondition => ?a spanConfidence 1.0	chronotropic_incompetence__glikson-2021-2021-esc-guidelines-on-cardiac-pacing-and-cardiac-resynchro_n0046/e_0017 type PatientCondition => chronotropic_incompetence__glikson-2021-2021-esc-guidelines-on-cardiac-pacing-and-cardiac-resynchro_n0046/e_0017 spanConfidence 1.0
Rule_1408	?a type PatientCondition => ?a spanConfidence 1.0	High-degree_or_complete_AVB_after_cardiac_surgery__glikson-2021-2021-esc-guidelines-on-cardiac-pacing-and-cardiac-resynchro_n0061/e_0001 type PatientCondition => High-degree_or_complete_AVB_after_cardiac_surgery__glikson-2021-2021-esc-guidelines-on-cardiac-pacing-and-cardiac-resynchro_n0061/e_0001 spanConfidence 1.0
Rule_1408	?a type PatientCondition => ?a spanConfidence 1.0	further_conduction_disturbance__glikson-2021-2021-esc-guidelines-on-cardiac-pacing-and-cardiac-resynchro_n0063/e_0013 type PatientCondition => further_conduction_disturbance__glikson-2021-2021-esc-guidelines-on-cardiac-pacing-and-cardiac-resynchro_n0063/e_0013 spanConfidence 1.0
Rule_1408	?a type PatientCondition => ?a spanConfidence 1.0	pregnancy__regitz-zagrosek-2018-2018-esc-guideline-for-the-management-of-cardiovasc_n0018/e_0009 type PatientCondition => pregnancy__regitz-zagrosek-2018-2018-esc-guideline-for-the-management-of-cardiovasc_n0018/e_0009 spanConfidence 1.0
Rule_1408	?a type PatientCondition => ?a spanConfidence 1.0	bradycardia__glikson-2021-2021-esc-guidelines-on-cardiac-pacing-and-cardiac-resynchro_n0084/e_0013 type PatientCondition => bradycardia__glikson-2021-2021-esc-guidelines-on-cardiac-pacing-and-cardiac-resynchro_n0084/e_0013 spanConfidence 1.0
Rule_1408	?a type PatientCondition => ?a spanConfidence 1.0	symptoms_of_impaired_ventricular_function_or_ventricular_dilatation__regitz-zagrosek-2018-2018-esc-guideline-for-the-management-of-cardiovasc_n0022/e_0047 type PatientCondition => symptoms_of_impaired_ventricular_function_or_ventricular_dilatation__regitz-zagrosek-2018-2018-esc-guideline-for-the-management-of-cardiovasc_n0022/e_0047 spanConfidence 1.0
Rule_1408	?a type PatientCondition => ?a spanConfidence 1.0	VF__al-khatib-2017-aha-acc-hrs-guideline-va-and-scd_n0035/e_0033 type PatientCondition => VF__al-khatib-2017-aha-acc-hrs-guideline-va-and-scd_n0035/e_0033 spanConfidence 1.0
Rule_1408	?a type PatientCondition => ?a spanConfidence 1.0	diagnosis_of_PAH_(group_1)__regitz-zagrosek-2018-2018-esc-guideline-for-the-management-of-cardiovasc_n0048/e_0016 type PatientCondition => diagnosis_of_PAH_(group_1)__regitz-zagrosek-2018-2018-esc-guideline-for-the-management-of-cardiovasc_n0048/e_0016 spanConfidence 1.0
Rule_1408	?a type PatientCondition => ?a spanConfidence 1.0	VA__al-khatib-2017-aha-acc-hrs-guideline-va-and-scd_n0034/e_0004 type PatientCondition => VA__al-khatib-2017-aha-acc-hrs-guideline-va-and-scd_n0034/e_0004 spanConfidence 1.0
Rule_1408	?a type PatientCondition => ?a spanConfidence 1.0	poor_sleep__riegel-2009-promoting-self-care-in-persons-with-heart-failure_n0004/e_0073 type PatientCondition => poor_sleep__riegel-2009-promoting-self-care-in-persons-with-heart-failure_n0004/e_0073 spanConfidence 1.0
Rule_1408	?a type PatientCondition => ?a spanConfidence 1.0	PVT__zeppenfeld-2022-esc-guidelines-va-and-scd_n0025/e_0042 type PatientCondition => PVT__zeppenfeld-2022-esc-guidelines-va-and-scd_n0025/e_0042 spanConfidence 1.0
Rule_1408	?a type PatientCondition => ?a spanConfidence 1.0	reversible_myocardial_ischaemia__mcdonagh-2023-esc-guidelines_n0031/e_0038 type PatientCondition => reversible_myocardial_ischaemia__mcdonagh-2023-esc-guidelines_n0031/e_0038 spanConfidence 1.0
Rule_1408	?a type PatientCondition => ?a spanConfidence 1.0	potentially_serious_arrhythmias__pelliccia-2020-2020-esc-guidelines-on-sports-cardiology-and-exercise-in_n0073/e_0015 type PatientCondition => potentially_serious_arrhythmias__pelliccia-2020-2020-esc-guidelines-on-sports-cardiology-and-exercise-in_n0073/e_0015 spanConfidence 1.0
Rule_1408	?a type PatientCondition => ?a spanConfidence 1.0	renal_failure__zeppenfeld-2022-esc-guidelines-va-and-scd_n0026/e_0010 type PatientCondition => renal_failure__zeppenfeld-2022-esc-guidelines-va-and-scd_n0026/e_0010 spanConfidence 1.0
Rule_1408	?a type PatientCondition => ?a spanConfidence 1.0	moderate_HF__sectio-1_n0016/e_0016 type PatientCondition => moderate_HF__sectio-1_n0016/e_0016 spanConfidence 1.0
Rule_1408	?a type PatientCondition => ?a spanConfidence 1.0	Associated_comorbid_conditions__execut-1_n0020/e_0015 type PatientCondition => Associated_comorbid_conditions__execut-1_n0020/e_0015 spanConfidence 1.0
Rule_1408	?a type PatientCondition => ?a spanConfidence 1.0	stable_sustained_VT__al-khatib-2017-aha-acc-hrs-guideline-va-and-scd_n0039/e_0002 type PatientCondition => stable_sustained_VT__al-khatib-2017-aha-acc-hrs-guideline-va-and-scd_n0039/e_0002 spanConfidence 1.0
Rule_1408	?a type PatientCondition => ?a spanConfidence 1.0	AVB__glikson-2021-2021-esc-guidelines-on-cardiac-pacing-and-cardiac-resynchro_n0085/e_0080 type PatientCondition => AVB__glikson-2021-2021-esc-guidelines-on-cardiac-pacing-and-cardiac-resynchro_n0085/e_0080 spanConfidence 1.0
Rule_1408	?a type PatientCondition => ?a spanConfidence 1.0	refractory_sustained_VA__al-khatib-2017-aha-acc-hrs-guideline-va-and-scd_n0080/e_0010 type PatientCondition => refractory_sustained_VA__al-khatib-2017-aha-acc-hrs-guideline-va-and-scd_n0080/e_0010 spanConfidence 1.0
Rule_1408	?a type PatientCondition => ?a spanConfidence 1.0	CHF__sbolli-2020-depression-and-heart-failure_n0003/e_0012 type PatientCondition => CHF__sbolli-2020-depression-and-heart-failure_n0003/e_0012 spanConfidence 1.0
Rule_1408	?a type PatientCondition => ?a spanConfidence 1.0	hypertension__heidenreich-2022-aha-acc-hfsa-guidelines_n0030/e_0003 type PatientCondition => hypertension__heidenreich-2022-aha-acc-hfsa-guidelines_n0030/e_0003 spanConfidence 1.0
Rule_1408	?a type PatientCondition => ?a spanConfidence 1.0	additional_risk_factors__heidenreich-2022-aha-acc-hfsa-guidelines_n0101/e_0028 type PatientCondition => additional_risk_factors__heidenreich-2022-aha-acc-hfsa-guidelines_n0101/e_0028 spanConfidence 1.0
Rule_1408	?a type PatientCondition => ?a spanConfidence 1.0	Electromagnetic_sources__braunschweig-2010-management-of-patients-receiving-implantable-cardiac-d_n0007/e_0026 type PatientCondition => Electromagnetic_sources__braunschweig-2010-management-of-patients-receiving-implantable-cardiac-d_n0007/e_0026 spanConfidence 1.0
Rule_1408	?a type PatientCondition => ?a spanConfidence 1.0	CPVT__zeppenfeld-2022-esc-guidelines-va-and-scd_n0025/e_0032 type PatientCondition => CPVT__zeppenfeld-2022-esc-guidelines-va-and-scd_n0025/e_0032 spanConfidence 1.0
Rule_1408	?a type PatientCondition => ?a spanConfidence 1.0	NYHA_class_II-III__sectio-1_n0017/e_0003 type PatientCondition => NYHA_class_II-III__sectio-1_n0017/e_0003 spanConfidence 1.0
Rule_1408	?a type PatientCondition => ?a spanConfidence 1.0	HFrEF__mcdonagh-2023-2023-focused-update-of-the-2021-esc-guidelines-for-the-dia_n0016/e_0004 type PatientCondition => HFrEF__mcdonagh-2023-2023-focused-update-of-the-2021-esc-guidelines-for-the-dia_n0016/e_0004 spanConfidence 1.0
Rule_1408	?a type PatientCondition => ?a spanConfidence 1.0	symptomatic_HF_(NYHA_class_II%E2%80%93III)__mcdonagh-2023-esc-guidelines_n0045/e_0013 type PatientCondition => symptomatic_HF_(NYHA_class_II%E2%80%93III)__mcdonagh-2023-esc-guidelines_n0045/e_0013 spanConfidence 1.0
Rule_1408	?a type PatientCondition => ?a spanConfidence 1.0	sustained_VT__al-khatib-2017-aha-acc-hrs-guideline-va-and-scd_n0074/e_0003 type PatientCondition => sustained_VT__al-khatib-2017-aha-acc-hrs-guideline-va-and-scd_n0074/e_0003 spanConfidence 1.0
Rule_1408	?a type PatientCondition => ?a spanConfidence 1.0	arterial_hypertension__pelliccia-2020-2020-esc-guidelines-on-sports-cardiology-and-exercise-in_n0043/e_0004 type PatientCondition => arterial_hypertension__pelliccia-2020-2020-esc-guidelines-on-sports-cardiology-and-exercise-in_n0043/e_0004 spanConfidence 1.0
Rule_1408	?a type PatientCondition => ?a spanConfidence 1.0	patient_is_asymptomatic_at_presentation__al-khatib-2017-aha-acc-hrs-guideline-va-and-scd_n0051/e_0014 type PatientCondition => patient_is_asymptomatic_at_presentation__al-khatib-2017-aha-acc-hrs-guideline-va-and-scd_n0051/e_0014 spanConfidence 1.0
Rule_1408	?a type PatientCondition => ?a spanConfidence 1.0	conduction_disturbance__glikson-2021-2021-esc-guidelines-on-cardiac-pacing-and-cardiac-resynchro_n0085/e_0055 type PatientCondition => conduction_disturbance__glikson-2021-2021-esc-guidelines-on-cardiac-pacing-and-cardiac-resynchro_n0085/e_0055 spanConfidence 1.0
Rule_1408	?a type PatientCondition => ?a spanConfidence 1.0	post-MI_HF__sectio-1_n0016/e_0019 type PatientCondition => post-MI_HF__sectio-1_n0016/e_0019 spanConfidence 1.0
Rule_1408	?a type PatientCondition => ?a spanConfidence 1.0	low-amplitude_VF__braunschweig-2010-management-of-patients-receiving-implantable-cardiac-d_n0007/e_0007 type PatientCondition => low-amplitude_VF__braunschweig-2010-management-of-patients-receiving-implantable-cardiac-d_n0007/e_0007 spanConfidence 1.0
Rule_1408	?a type PatientCondition => ?a spanConfidence 1.0	VT__al-khatib-2017-aha-acc-hrs-guideline-va-and-scd_n0036/e_0009 type PatientCondition => VT__al-khatib-2017-aha-acc-hrs-guideline-va-and-scd_n0036/e_0009 spanConfidence 1.0
Rule_1408	?a type PatientCondition => ?a spanConfidence 1.0	inappropriate_ICD_therapies__zeppenfeld-2022-esc-guidelines-va-and-scd_n0047/e_0003 type PatientCondition => inappropriate_ICD_therapies__zeppenfeld-2022-esc-guidelines-va-and-scd_n0047/e_0003 spanConfidence 1.0
Rule_1408	?a type PatientCondition => ?a spanConfidence 1.0	syncope_of_unknown_origin_compatible_with_a_reflex_mechanism__glikson-2021-2021-esc-guidelines-on-cardiac-pacing-and-cardiac-resynchro_n0084/e_0008 type PatientCondition => syncope_of_unknown_origin_compatible_with_a_reflex_mechanism__glikson-2021-2021-esc-guidelines-on-cardiac-pacing-and-cardiac-resynchro_n0084/e_0008 spanConfidence 1.0
Rule_1408	?a type PatientCondition => ?a spanConfidence 1.0	coronary_artery_stenosis__mcdonagh-2023-esc-guidelines_n0031/e_0031 type PatientCondition => coronary_artery_stenosis__mcdonagh-2023-esc-guidelines_n0031/e_0031 spanConfidence 1.0
Rule_1408	?a type PatientCondition => ?a spanConfidence 1.0	myotonic_dystrophy_type_1__al-khatib-2017-aha-acc-hrs-guideline-va-and-scd_n0050/e_0020 type PatientCondition => myotonic_dystrophy_type_1__al-khatib-2017-aha-acc-hrs-guideline-va-and-scd_n0050/e_0020 spanConfidence 1.0
Rule_1408	?a type PatientCondition => ?a spanConfidence 1.0	resting_tachypnea__execut-1_n0020/e_0007 type PatientCondition => resting_tachypnea__execut-1_n0020/e_0007 spanConfidence 1.0
Rule_1408	?a type PatientCondition => ?a spanConfidence 1.0	absence_of_frequent_and/or_complex_VAs__pelliccia-2020-2020-esc-guidelines-on-sports-cardiology-and-exercise-in_n0057/e_0022 type PatientCondition => absence_of_frequent_and/or_complex_VAs__pelliccia-2020-2020-esc-guidelines-on-sports-cardiology-and-exercise-in_n0057/e_0022 spanConfidence 1.0
Rule_1408	?a type PatientCondition => ?a spanConfidence 1.0	VTE__regitz-zagrosek-2018-2018-esc-guideline-for-the-management-of-cardiovasc_n0029/e_0002 type PatientCondition => VTE__regitz-zagrosek-2018-2018-esc-guideline-for-the-management-of-cardiovasc_n0029/e_0002 spanConfidence 1.0
Rule_1408	?a type PatientCondition => ?a spanConfidence 1.0	lead_fracture__braunschweig-2010-management-of-patients-receiving-implantable-cardiac-d_n0007/e_0031 type PatientCondition => lead_fracture__braunschweig-2010-management-of-patients-receiving-implantable-cardiac-d_n0007/e_0031 spanConfidence 1.0
Rule_1408	?a type PatientCondition => ?a spanConfidence 1.0	background_neurohormonal_inhibition__execut-1_n0049/e_0029 type PatientCondition => background_neurohormonal_inhibition__execut-1_n0049/e_0029 spanConfidence 1.0
Rule_1408	?a type PatientCondition => ?a spanConfidence 1.0	sustained_VT__al-khatib-2017-aha-acc-hrs-guideline-va-and-scd_n0044/e_0005 type PatientCondition => sustained_VT__al-khatib-2017-aha-acc-hrs-guideline-va-and-scd_n0044/e_0005 spanConfidence 1.0
Rule_1408	?a type PatientCondition => ?a spanConfidence 1.0	without_atherosclerotic_vascular_disease__execut-1_n0035/e_0007 type PatientCondition => without_atherosclerotic_vascular_disease__execut-1_n0035/e_0007 spanConfidence 1.0
Rule_1408	?a type PatientCondition => ?a spanConfidence 1.0	low_battery__al-khatib-2017-aha-acc-hrs-guideline-va-and-scd_n0081/e_0012 type PatientCondition => low_battery__al-khatib-2017-aha-acc-hrs-guideline-va-and-scd_n0081/e_0012 spanConfidence 1.0
Rule_1408	?a type PatientCondition => ?a spanConfidence 1.0	tetralogy_of_Fallot__pelliccia-2020-2020-esc-guidelines-on-sports-cardiology-and-exercise-in_n0053/e_0040 type PatientCondition => tetralogy_of_Fallot__pelliccia-2020-2020-esc-guidelines-on-sports-cardiology-and-exercise-in_n0053/e_0040 spanConfidence 1.0
Rule_1408	?a type PatientCondition => ?a spanConfidence 1.0	NYHA_class_II_or_III_HF__al-khatib-2017-aha-acc-hrs-guideline-va-and-scd_n0035/e_0006 type PatientCondition => NYHA_class_II_or_III_HF__al-khatib-2017-aha-acc-hrs-guideline-va-and-scd_n0035/e_0006 spanConfidence 1.0
Rule_1408	?a type PatientCondition => ?a spanConfidence 1.0	saturations_%3C85%25_and/or_heart_failure__regitz-zagrosek-2018-2018-esc-guideline-for-the-management-of-cardiovasc_n0018/e_0008 type PatientCondition => saturations_%3C85%25_and/or_heart_failure__regitz-zagrosek-2018-2018-esc-guideline-for-the-management-of-cardiovasc_n0018/e_0008 spanConfidence 1.0
Rule_1408	?a type PatientCondition => ?a spanConfidence 1.0	if_available__heidenreich-2022-aha-acc-hfsa-guidelines_n0108/e_0118 type PatientCondition => if_available__heidenreich-2022-aha-acc-hfsa-guidelines_n0108/e_0118 spanConfidence 1.0
Rule_1408	?a type PatientCondition => ?a spanConfidence 1.0	LV_dysfunction__al-khatib-2017-aha-acc-hrs-guideline-va-and-scd_n0038/e_0014 type PatientCondition => LV_dysfunction__al-khatib-2017-aha-acc-hrs-guideline-va-and-scd_n0038/e_0014 spanConfidence 1.0
Rule_1408	?a type PatientCondition => ?a spanConfidence 1.0	absence_of_frequent_and/or_complex_VAs__pelliccia-2020-2020-esc-guidelines-on-sports-cardiology-and-exercise-in_n0060/e_0016 type PatientCondition => absence_of_frequent_and/or_complex_VAs__pelliccia-2020-2020-esc-guidelines-on-sports-cardiology-and-exercise-in_n0060/e_0016 spanConfidence 1.0
Rule_1408	?a type PatientCondition => ?a spanConfidence 1.0	long_QT_syndrome__al-khatib-2017-aha-acc-hrs-guideline-va-and-scd_n0054/e_0005 type PatientCondition => long_QT_syndrome__al-khatib-2017-aha-acc-hrs-guideline-va-and-scd_n0054/e_0005 spanConfidence 1.0
Rule_1408	?a type PatientCondition => ?a spanConfidence 1.0	VT__al-khatib-2017-aha-acc-hrs-guideline-va-and-scd_n0032/e_0019 type PatientCondition => VT__al-khatib-2017-aha-acc-hrs-guideline-va-and-scd_n0032/e_0019 spanConfidence 1.0
Rule_1408	?a type PatientCondition => ?a spanConfidence 1.0	VA__al-khatib-2017-aha-acc-hrs-guideline-va-and-scd_n0058/e_0005 type PatientCondition => VA__al-khatib-2017-aha-acc-hrs-guideline-va-and-scd_n0058/e_0005 spanConfidence 1.0
Rule_1408	?a type PatientCondition => ?a spanConfidence 1.0	HF__heidenreich-2022-aha-acc-hfsa-guidelines_n0030/e_0015 type PatientCondition => HF__heidenreich-2022-aha-acc-hfsa-guidelines_n0030/e_0015 spanConfidence 1.0
Rule_1408	?a type PatientCondition => ?a spanConfidence 1.0	Staphylococcus_aureus_infection__glikson-2021-2021-esc-guidelines-on-cardiac-pacing-and-cardiac-resynchro_n0061/e_0011 type PatientCondition => Staphylococcus_aureus_infection__glikson-2021-2021-esc-guidelines-on-cardiac-pacing-and-cardiac-resynchro_n0061/e_0011 spanConfidence 1.0
Rule_1408	?a type PatientCondition => ?a spanConfidence 1.0	long_QT_syndrome__al-khatib-2017-aha-acc-hrs-guideline-va-and-scd_n0053/e_0003 type PatientCondition => long_QT_syndrome__al-khatib-2017-aha-acc-hrs-guideline-va-and-scd_n0053/e_0003 spanConfidence 1.0
Rule_1408	?a type PatientCondition => ?a spanConfidence 1.0	VA__al-khatib-2017-aha-acc-hrs-guideline-va-and-scd_n0046/e_0012 type PatientCondition => VA__al-khatib-2017-aha-acc-hrs-guideline-va-and-scd_n0046/e_0012 spanConfidence 1.0
Rule_1408	?a type PatientCondition => ?a spanConfidence 1.0	SND_after_cardiac_surgery_and_heart_transplantation__glikson-2021-2021-esc-guidelines-on-cardiac-pacing-and-cardiac-resynchro_n0061/e_0015 type PatientCondition => SND_after_cardiac_surgery_and_heart_transplantation__glikson-2021-2021-esc-guidelines-on-cardiac-pacing-and-cardiac-resynchro_n0061/e_0015 spanConfidence 1.0
Rule_1408	?a type PatientCondition => ?a spanConfidence 1.0	EMIs__braunschweig-2010-management-of-patients-receiving-implantable-cardiac-d_n0007/e_0018 type PatientCondition => EMIs__braunschweig-2010-management-of-patients-receiving-implantable-cardiac-d_n0007/e_0018 spanConfidence 1.0
Rule_1408	?a type PatientCondition => ?a spanConfidence 1.0	LBBB_QRS_morphology__glikson-2021-2021-esc-guidelines-on-cardiac-pacing-and-cardiac-resynchro_n0051/e_0005 type PatientCondition => LBBB_QRS_morphology__glikson-2021-2021-esc-guidelines-on-cardiac-pacing-and-cardiac-resynchro_n0051/e_0005 spanConfidence 1.0
Rule_1408	?a type PatientCondition => ?a spanConfidence 1.0	complete_or_high-degree_AVB__glikson-2021-2021-esc-guidelines-on-cardiac-pacing-and-cardiac-resynchro_n0063/e_0003 type PatientCondition => complete_or_high-degree_AVB__glikson-2021-2021-esc-guidelines-on-cardiac-pacing-and-cardiac-resynchro_n0063/e_0003 spanConfidence 1.0
Rule_1408	?a type PatientCondition => ?a spanConfidence 1.0	allergy_to_adenosine__zeppenfeld-2022-esc-guidelines-va-and-scd_n0026/e_0022 type PatientCondition => allergy_to_adenosine__zeppenfeld-2022-esc-guidelines-va-and-scd_n0026/e_0022 spanConfidence 1.0
Rule_1408	?a type PatientCondition => ?a spanConfidence 1.0	health_disparities__heidenreich-2022-aha-acc-hfsa-guidelines_n0102/e_0002 type PatientCondition => health_disparities__heidenreich-2022-aha-acc-hfsa-guidelines_n0102/e_0002 spanConfidence 1.0
Rule_1408	?a type PatientCondition => ?a spanConfidence 1.0	Dyspnea__sectio-4_n0004/e_0027 type PatientCondition => Dyspnea__sectio-4_n0004/e_0027 spanConfidence 1.0
Rule_1408	?a type PatientCondition => ?a spanConfidence 1.0	alopecia__vest-2019-nutrition-obesity-and-cachexia-in-patients-with-heart-failure_n0002/e_0011 type PatientCondition => alopecia__vest-2019-nutrition-obesity-and-cachexia-in-patients-with-heart-failure_n0002/e_0011 spanConfidence 1.0
Rule_1408	?a type PatientCondition => ?a spanConfidence 1.0	lead_insulation_failure__braunschweig-2010-management-of-patients-receiving-implantable-cardiac-d_n0007/e_0032 type PatientCondition => lead_insulation_failure__braunschweig-2010-management-of-patients-receiving-implantable-cardiac-d_n0007/e_0032 spanConfidence 1.0
Rule_1408	?a type PatientCondition => ?a spanConfidence 1.0	signs_of_congestion__mcdonagh-2023-esc-guidelines_n0021/e_0021 type PatientCondition => signs_of_congestion__mcdonagh-2023-esc-guidelines_n0021/e_0021 spanConfidence 1.0
Rule_1408	?a type PatientCondition => ?a spanConfidence 1.0	Major_electrolyte_disturbance__sectio-4_n0001/e_0016 type PatientCondition => Major_electrolyte_disturbance__sectio-4_n0001/e_0016 spanConfidence 1.0
Rule_1408	?a type PatientCondition => ?a spanConfidence 1.0	cachexia__ambrosetti-2020-secondary-prevention-comprehensive-cardiovascular-rehabi_n0006/e_9103 type PatientCondition => cachexia__ambrosetti-2020-secondary-prevention-comprehensive-cardiovascular-rehabi_n0006/e_9103 spanConfidence 1.0
Rule_1408	?a type PatientCondition => ?a spanConfidence 1.0	congenital_complete_or_high-degree_AVB__glikson-2021-2021-esc-guidelines-on-cardiac-pacing-and-cardiac-resynchro_n0064/e_0013 type PatientCondition => congenital_complete_or_high-degree_AVB__glikson-2021-2021-esc-guidelines-on-cardiac-pacing-and-cardiac-resynchro_n0064/e_0013 spanConfidence 1.0
Rule_1408	?a type PatientCondition => ?a spanConfidence 1.0	Left_main_stenosis__zeppenfeld-2022-esc-guidelines-va-and-scd_n0026/e_0005 type PatientCondition => Left_main_stenosis__zeppenfeld-2022-esc-guidelines-va-and-scd_n0026/e_0005 spanConfidence 1.0
Rule_1408	?a type PatientCondition => ?a spanConfidence 1.0	pacing_is_no_longer_indicated__glikson-2021-2021-esc-guidelines-on-cardiac-pacing-and-cardiac-resynchro_n0078/e_0001 type PatientCondition => pacing_is_no_longer_indicated__glikson-2021-2021-esc-guidelines-on-cardiac-pacing-and-cardiac-resynchro_n0078/e_0001 spanConfidence 1.0
Rule_1408	?a type PatientCondition => ?a spanConfidence 1.0	Lead-_and_connector-block_failure__braunschweig-2010-management-of-patients-receiving-implantable-cardiac-d_n0007/e_0030 type PatientCondition => Lead-_and_connector-block_failure__braunschweig-2010-management-of-patients-receiving-implantable-cardiac-d_n0007/e_0030 spanConfidence 1.0
Rule_1408	?a type PatientCondition => ?a spanConfidence 1.0	prolonged_QTc__pelliccia-2020-2020-esc-guidelines-on-sports-cardiology-and-exercise-in_n0066/e_0003 type PatientCondition => prolonged_QTc__pelliccia-2020-2020-esc-guidelines-on-sports-cardiology-and-exercise-in_n0066/e_0003 spanConfidence 1.0
Rule_1408	?a type PatientCondition => ?a spanConfidence 1.0	tetralogy_of_Fallot__pelliccia-2020-2020-esc-guidelines-on-sports-cardiology-and-exercise-in_n0053/e_0026 type PatientCondition => tetralogy_of_Fallot__pelliccia-2020-2020-esc-guidelines-on-sports-cardiology-and-exercise-in_n0053/e_0026 spanConfidence 1.0
Rule_1408	?a type PatientCondition => ?a spanConfidence 1.0	anorexia__vest-2019-nutrition-obesity-and-cachexia-in-patients-with-heart-failure_n0005/e_9002 type PatientCondition => anorexia__vest-2019-nutrition-obesity-and-cachexia-in-patients-with-heart-failure_n0005/e_9002 spanConfidence 1.0
Rule_1408	?a type PatientCondition => ?a spanConfidence 1.0	asymptomatic_arrhythmias_that_are_not_felt_to_contribute_to_HF_or_ventricular_dysfunction__execut-1_n0035/e_0032 type PatientCondition => asymptomatic_arrhythmias_that_are_not_felt_to_contribute_to_HF_or_ventricular_dysfunction__execut-1_n0035/e_0032 spanConfidence 1.0
Rule_1408	?a type PatientCondition => ?a spanConfidence 1.0	hyperkalemia__heidenreich-2022-aha-acc-hfsa-guidelines_n0046/e_0013 type PatientCondition => hyperkalemia__heidenreich-2022-aha-acc-hfsa-guidelines_n0046/e_0013 spanConfidence 1.0
Rule_1408	?a type PatientCondition => ?a spanConfidence 1.0	symptoms_of_SAS__glikson-2021-2021-esc-guidelines-on-cardiac-pacing-and-cardiac-resynchro_n0039/e_0003 type PatientCondition => symptoms_of_SAS__glikson-2021-2021-esc-guidelines-on-cardiac-pacing-and-cardiac-resynchro_n0039/e_0003 spanConfidence 1.0
Rule_1408	?a type PatientCondition => ?a spanConfidence 1.0	rapidly_progressive_HF__mcdonagh-2023-esc-guidelines_n0032/e_0021 type PatientCondition => rapidly_progressive_HF__mcdonagh-2023-esc-guidelines_n0032/e_0021 spanConfidence 1.0
Rule_1408	?a type PatientCondition => ?a spanConfidence 1.0	clinical_factors_indicating_the_presence_of_advanced_HF__heidenreich-2022-aha-acc-hfsa-guidelines_n0013/e_0010 type PatientCondition => clinical_factors_indicating_the_presence_of_advanced_HF__heidenreich-2022-aha-acc-hfsa-guidelines_n0013/e_0010 spanConfidence 1.0
Rule_1408	?a type PatientCondition => ?a spanConfidence 1.0	previous_gastrointestinal_surgery__vest-2019-nutrition-obesity-and-cachexia-in-patients-with-heart-failure_n0002/e_0005 type PatientCondition => previous_gastrointestinal_surgery__vest-2019-nutrition-obesity-and-cachexia-in-patients-with-heart-failure_n0002/e_0005 spanConfidence 1.0
Rule_1408	?a type PatientCondition => ?a spanConfidence 1.0	renal_insufficiency__heidenreich-2022-aha-acc-hfsa-guidelines_n0049/e_0012 type PatientCondition => renal_insufficiency__heidenreich-2022-aha-acc-hfsa-guidelines_n0049/e_0012 spanConfidence 1.0
Rule_1408	?a type PatientCondition => ?a spanConfidence 1.0	suspicion_of_ongoing_myocardial_ischaemia__zeppenfeld-2022-esc-guidelines-va-and-scd_n0031/e_0005 type PatientCondition => suspicion_of_ongoing_myocardial_ischaemia__zeppenfeld-2022-esc-guidelines-va-and-scd_n0031/e_0005 spanConfidence 1.0
Rule_1408	?a type PatientCondition => ?a spanConfidence 1.0	aortic_dilatation__pelliccia-2020-2020-esc-guidelines-on-sports-cardiology-and-exercise-in_n0053/e_0009 type PatientCondition => aortic_dilatation__pelliccia-2020-2020-esc-guidelines-on-sports-cardiology-and-exercise-in_n0053/e_0009 spanConfidence 1.0
Rule_1408	?a type PatientCondition => ?a spanConfidence 1.0	prior_MI__al-khatib-2017-aha-acc-hrs-guideline-va-and-scd_n0035/e_0030 type PatientCondition => prior_MI__al-khatib-2017-aha-acc-hrs-guideline-va-and-scd_n0035/e_0030 spanConfidence 1.0
Rule_1408	?a type PatientCondition => ?a spanConfidence 1.0	Pneumonia__sectio-4_n0001/e_0018 type PatientCondition => Pneumonia__sectio-4_n0001/e_0018 spanConfidence 1.0
Rule_1408	?a type PatientCondition => ?a spanConfidence 1.0	excessive_percentage_of_RV_pacing__ferrick-2023-2023-hrs-ehra-aphrs-lahrs-expert-consensus-statement-on-pra_n0023/e_0021 type PatientCondition => excessive_percentage_of_RV_pacing__ferrick-2023-2023-hrs-ehra-aphrs-lahrs-expert-consensus-statement-on-pra_n0023/e_0021 spanConfidence 1.0
Rule_1408	?a type PatientCondition => ?a spanConfidence 1.0	NYHA_class_IV__sectio-1_n0017/e_0008 type PatientCondition => NYHA_class_IV__sectio-1_n0017/e_0008 spanConfidence 1.0
Rule_1408	?a type PatientCondition => ?a spanConfidence 1.0	PVCs__zeppenfeld-2022-esc-guidelines-va-and-scd_n0025/e_0018 type PatientCondition => PVCs__zeppenfeld-2022-esc-guidelines-va-and-scd_n0025/e_0018 spanConfidence 1.0
Rule_1408	?a type PatientCondition => ?a spanConfidence 1.0	severe_LV_diastolic_dysfunction__mcdonagh-2023-esc-guidelines_n0058/e_0012 type PatientCondition => severe_LV_diastolic_dysfunction__mcdonagh-2023-esc-guidelines_n0058/e_0012 spanConfidence 1.0
Rule_1408	?a type PatientCondition => ?a spanConfidence 1.0	NICM__al-khatib-2017-aha-acc-hrs-guideline-va-and-scd_n0038/e_0012 type PatientCondition => NICM__al-khatib-2017-aha-acc-hrs-guideline-va-and-scd_n0038/e_0012 spanConfidence 1.0
Rule_1408	?a type PatientCondition => ?a spanConfidence 1.0	Left_main_stenosis__zeppenfeld-2022-esc-guidelines-va-and-scd_n0025/e_0064 type PatientCondition => Left_main_stenosis__zeppenfeld-2022-esc-guidelines-va-and-scd_n0025/e_0064 spanConfidence 1.0
Rule_1408	?a type PatientCondition => ?a spanConfidence 1.0	Turner_syndrome__pelliccia-2020-2020-esc-guidelines-on-sports-cardiology-and-exercise-in_n0053/e_0038 type PatientCondition => Turner_syndrome__pelliccia-2020-2020-esc-guidelines-on-sports-cardiology-and-exercise-in_n0053/e_0038 spanConfidence 1.0
Rule_1408	?a type PatientCondition => ?a spanConfidence 1.0	presenting_VA__zeppenfeld-2022-esc-guidelines-va-and-scd_n0035/e_0012 type PatientCondition => presenting_VA__zeppenfeld-2022-esc-guidelines-va-and-scd_n0035/e_0012 spanConfidence 1.0
Rule_1408	?a type PatientCondition => ?a spanConfidence 1.0	Double_tachycardias__braunschweig-2010-management-of-patients-receiving-implantable-cardiac-d_n0007/e_0064 type PatientCondition => Double_tachycardias__braunschweig-2010-management-of-patients-receiving-implantable-cardiac-d_n0007/e_0064 spanConfidence 1.0
Rule_1408	?a type PatientCondition => ?a spanConfidence 1.0	social_determinants_of_health__heidenreich-2022-aha-acc-hfsa-guidelines_n0102/e_0006 type PatientCondition => social_determinants_of_health__heidenreich-2022-aha-acc-hfsa-guidelines_n0102/e_0006 spanConfidence 1.0
Rule_1408	?a type PatientCondition => ?a spanConfidence 1.0	pathogenic_mutation__zeppenfeld-2022-esc-guidelines-va-and-scd_n0034/e_0017 type PatientCondition => pathogenic_mutation__zeppenfeld-2022-esc-guidelines-va-and-scd_n0034/e_0017 spanConfidence 1.0
Rule_1408	?a type PatientCondition => ?a spanConfidence 1.0	Severe_cardiac_dysfunction__mcdonagh-2023-esc-guidelines_n0058/e_0004 type PatientCondition => Severe_cardiac_dysfunction__mcdonagh-2023-esc-guidelines_n0058/e_0004 spanConfidence 1.0
Rule_1408	?a type PatientCondition => ?a spanConfidence 1.0	asymptomatic__al-khatib-2017-aha-acc-hrs-guideline-va-and-scd_n0059/e_0002 type PatientCondition => asymptomatic__al-khatib-2017-aha-acc-hrs-guideline-va-and-scd_n0059/e_0002 spanConfidence 1.0
Rule_1408	?a type PatientCondition => ?a spanConfidence 1.0	aortic_dilatation__pelliccia-2020-2020-esc-guidelines-on-sports-cardiology-and-exercise-in_n0053/e_0006 type PatientCondition => aortic_dilatation__pelliccia-2020-2020-esc-guidelines-on-sports-cardiology-and-exercise-in_n0053/e_0006 spanConfidence 1.0
Rule_1408	?a type PatientCondition => ?a spanConfidence 1.0	VA__al-khatib-2017-aha-acc-hrs-guideline-va-and-scd_n0037/e_0010 type PatientCondition => VA__al-khatib-2017-aha-acc-hrs-guideline-va-and-scd_n0037/e_0010 spanConfidence 1.0
Rule_1408	?a type PatientCondition => ?a spanConfidence 1.0	hyperkalemia__heidenreich-2022-aha-acc-hfsa-guidelines_n0046/e_0017 type PatientCondition => hyperkalemia__heidenreich-2022-aha-acc-hfsa-guidelines_n0046/e_0017 spanConfidence 1.0
Rule_1408	?a type PatientCondition => ?a spanConfidence 1.0	HF__vest-2019-nutrition-obesity-and-cachexia-in-patients-with-heart-failure_n0005/e_9001 type PatientCondition => HF__vest-2019-nutrition-obesity-and-cachexia-in-patients-with-heart-failure_n0005/e_9001 spanConfidence 1.0
Rule_1408	?a type PatientCondition => ?a spanConfidence 1.0	Acute_coronary_syndromes__sectio-4_n0001/e_0011 type PatientCondition => Acute_coronary_syndromes__sectio-4_n0001/e_0011 spanConfidence 1.0
Rule_1408	?a type PatientCondition => ?a spanConfidence 1.0	cardiac_arrest__al-khatib-2017-aha-acc-hrs-guideline-va-and-scd_n0060/e_0007 type PatientCondition => cardiac_arrest__al-khatib-2017-aha-acc-hrs-guideline-va-and-scd_n0060/e_0007 spanConfidence 1.0
Rule_1408	?a type PatientCondition => ?a spanConfidence 1.0	important_residual_hemodynamic_lesions__al-khatib-2017-aha-acc-hrs-guideline-va-and-scd_n0073/e_0009 type PatientCondition => important_residual_hemodynamic_lesions__al-khatib-2017-aha-acc-hrs-guideline-va-and-scd_n0073/e_0009 spanConfidence 1.0
Rule_1408	?a type PatientCondition => ?a spanConfidence 1.0	another_illness__cardiosmart-decision-aid-icd-for-hf_n0002/e_0070 type PatientCondition => another_illness__cardiosmart-decision-aid-icd-for-hf_n0002/e_0070 spanConfidence 1.0
Rule_1408	?a type PatientCondition => ?a spanConfidence 1.0	pregnancy_occurs__regitz-zagrosek-2018-2018-esc-guideline-for-the-management-of-cardiovasc_n0014/e_0003 type PatientCondition => pregnancy_occurs__regitz-zagrosek-2018-2018-esc-guideline-for-the-management-of-cardiovasc_n0014/e_0003 spanConfidence 1.0
Rule_1408	?a type PatientCondition => ?a spanConfidence 1.0	chronic_HF__riegel-2009-promoting-self-care-in-persons-with-heart-failure_n0004/e_0038 type PatientCondition => chronic_HF__riegel-2009-promoting-self-care-in-persons-with-heart-failure_n0004/e_0038 spanConfidence 1.0
Rule_1408	?a type PatientCondition => ?a spanConfidence 1.0	carotid_stenosis__glikson-2021-2021-esc-guidelines-on-cardiac-pacing-and-cardiac-resynchro_n0084/e_0005 type PatientCondition => carotid_stenosis__glikson-2021-2021-esc-guidelines-on-cardiac-pacing-and-cardiac-resynchro_n0084/e_0005 spanConfidence 1.0
Rule_1408	?a type PatientCondition => ?a spanConfidence 1.0	asymptomatic__glikson-2021-2021-esc-guidelines-on-cardiac-pacing-and-cardiac-resynchro_n0046/e_0046 type PatientCondition => asymptomatic__glikson-2021-2021-esc-guidelines-on-cardiac-pacing-and-cardiac-resynchro_n0046/e_0046 spanConfidence 1.0
Rule_1408	?a type PatientCondition => ?a spanConfidence 1.0	blood_pressure_remains_%3E_130/80_mm_Hg__sectio-1_n0030/e_0023 type PatientCondition => blood_pressure_remains_%3E_130/80_mm_Hg__sectio-1_n0030/e_0023 spanConfidence 1.0
Rule_1408	?a type PatientCondition => ?a spanConfidence 1.0	absence_of_clinical_safety_data__regitz-zagrosek-2018-2018-esc-guideline-for-the-management-of-cardiovasc_n0030/e_0004 type PatientCondition => absence_of_clinical_safety_data__regitz-zagrosek-2018-2018-esc-guideline-for-the-management-of-cardiovasc_n0030/e_0004 spanConfidence 1.0
Rule_1408	?a type PatientCondition => ?a spanConfidence 1.0	emotional_distress__riegel-2009-promoting-self-care-in-persons-with-heart-failure_n0002/e_0017 type PatientCondition => emotional_distress__riegel-2009-promoting-self-care-in-persons-with-heart-failure_n0002/e_0017 spanConfidence 1.0
Rule_1408	?a type PatientCondition => ?a spanConfidence 1.0	documented_arrhythmias__pelliccia-2020-2020-esc-guidelines-on-sports-cardiology-and-exercise-in_n0064/e_0011 type PatientCondition => documented_arrhythmias__pelliccia-2020-2020-esc-guidelines-on-sports-cardiology-and-exercise-in_n0064/e_0011 spanConfidence 1.0
Rule_1408	?a type PatientCondition => ?a spanConfidence 1.0	symptoms__regitz-zagrosek-2018-2018-esc-guideline-for-the-management-of-cardiovasc_n0022/e_0034 type PatientCondition => symptoms__regitz-zagrosek-2018-2018-esc-guideline-for-the-management-of-cardiovasc_n0022/e_0034 spanConfidence 1.0
Rule_1408	?a type PatientCondition => ?a spanConfidence 1.0	symptoms_during_exercise__glikson-2021-2021-esc-guidelines-on-cardiac-pacing-and-cardiac-resynchro_n0046/e_0018 type PatientCondition => symptoms_during_exercise__glikson-2021-2021-esc-guidelines-on-cardiac-pacing-and-cardiac-resynchro_n0046/e_0018 spanConfidence 1.0
Rule_1408	?a type PatientCondition => ?a spanConfidence 1.0	Asthma__zeppenfeld-2022-esc-guidelines-va-and-scd_n0026/e_0020 type PatientCondition => Asthma__zeppenfeld-2022-esc-guidelines-va-and-scd_n0026/e_0020 spanConfidence 1.0
Rule_1408	?a type PatientCondition => ?a spanConfidence 1.0	moderate_HF__sectio-1_n0016/e_0007 type PatientCondition => moderate_HF__sectio-1_n0016/e_0007 spanConfidence 1.0
Rule_1408	?a type PatientCondition => ?a spanConfidence 1.0	neuromuscular_disorders__al-khatib-2017-aha-acc-hrs-guideline-va-and-scd_n0050/e_0002 type PatientCondition => neuromuscular_disorders__al-khatib-2017-aha-acc-hrs-guideline-va-and-scd_n0050/e_0002 spanConfidence 1.0
Rule_1408	?a type PatientCondition => ?a spanConfidence 1.0	HF__heidenreich-2022-aha-acc-hfsa-guidelines_n0033/e_0010 type PatientCondition => HF__heidenreich-2022-aha-acc-hfsa-guidelines_n0033/e_0010 spanConfidence 1.0
Rule_1408	?a type PatientCondition => ?a spanConfidence 1.0	meaningful_survival_of_greater_than_1_year__al-khatib-2017-aha-acc-hrs-guideline-va-and-scd_n0035/e_0042 type PatientCondition => meaningful_survival_of_greater_than_1_year__al-khatib-2017-aha-acc-hrs-guideline-va-and-scd_n0035/e_0042 spanConfidence 1.0
Rule_1408	?a type PatientCondition => ?a spanConfidence 1.0	inflammatory_disease_(myocarditis)__mcdonagh-2023-esc-guidelines_n0031/e_0008 type PatientCondition => inflammatory_disease_(myocarditis)__mcdonagh-2023-esc-guidelines_n0031/e_0008 spanConfidence 1.0
Rule_1408	?a type PatientCondition => ?a spanConfidence 1.0	pregnancy__regitz-zagrosek-2018-2018-esc-guideline-for-the-management-of-cardiovasc_n0023/e_0004 type PatientCondition => pregnancy__regitz-zagrosek-2018-2018-esc-guideline-for-the-management-of-cardiovasc_n0023/e_0004 spanConfidence 1.0
Rule_1408	?a type PatientCondition => ?a spanConfidence 1.0	angina__mcdonagh-2023-esc-guidelines_n0031/e_0018 type PatientCondition => angina__mcdonagh-2023-esc-guidelines_n0031/e_0018 spanConfidence 1.0
Rule_1408	?a type PatientCondition => ?a spanConfidence 1.0	renal_insufficiency__heidenreich-2022-aha-acc-hfsa-guidelines_n0046/e_0014 type PatientCondition => renal_insufficiency__heidenreich-2022-aha-acc-hfsa-guidelines_n0046/e_0014 spanConfidence 1.0
Rule_1408	?a type PatientCondition => ?a spanConfidence 1.0	Very_strong_EMI_fields__braunschweig-2010-management-of-patients-receiving-implantable-cardiac-d_n0007/e_0028 type PatientCondition => Very_strong_EMI_fields__braunschweig-2010-management-of-patients-receiving-implantable-cardiac-d_n0007/e_0028 spanConfidence 1.0
Rule_1408	?a type PatientCondition => ?a spanConfidence 1.0	NYHA_class_III%E2%80%93IV__mcdonagh-2023-esc-guidelines_n0035/e_0061 type PatientCondition => NYHA_class_III%E2%80%93IV__mcdonagh-2023-esc-guidelines_n0035/e_0061 spanConfidence 1.0
Rule_1408	?a type PatientCondition => ?a spanConfidence 1.0	CV_and_non-CV_comorbidities__mcdonagh-2023-esc-guidelines_n0020/e_0047 type PatientCondition => CV_and_non-CV_comorbidities__mcdonagh-2023-esc-guidelines_n0020/e_0047 spanConfidence 1.0
Rule_1408	?a type PatientCondition => ?a spanConfidence 1.0	advanced_AVB__glikson-2021-2021-esc-guidelines-on-cardiac-pacing-and-cardiac-resynchro_n0085/e_0004 type PatientCondition => advanced_AVB__glikson-2021-2021-esc-guidelines-on-cardiac-pacing-and-cardiac-resynchro_n0085/e_0004 spanConfidence 1.0
Rule_1408	?a type PatientCondition => ?a spanConfidence 1.0	SCD__al-khatib-2017-aha-acc-hrs-guideline-va-and-scd_n0079/e_0005 type PatientCondition => SCD__al-khatib-2017-aha-acc-hrs-guideline-va-and-scd_n0079/e_0005 spanConfidence 1.0
Rule_1408	?a type PatientCondition => ?a spanConfidence 1.0	SCD__al-khatib-2017-aha-acc-hrs-guideline-va-and-scd_n0044/e_0034 type PatientCondition => SCD__al-khatib-2017-aha-acc-hrs-guideline-va-and-scd_n0044/e_0034 spanConfidence 1.0
Rule_1408	?a type PatientCondition => ?a spanConfidence 1.0	Type_1_BrS_ECG__zeppenfeld-2022-esc-guidelines-va-and-scd_n0025/e_0017 type PatientCondition => Type_1_BrS_ECG__zeppenfeld-2022-esc-guidelines-va-and-scd_n0025/e_0017 spanConfidence 1.0
Rule_1408	?a type PatientCondition => ?a spanConfidence 1.0	severe,_unpredictable,_recurrent_syncope__glikson-2021-2021-esc-guidelines-on-cardiac-pacing-and-cardiac-resynchro_n0049/e_0005 type PatientCondition => severe,_unpredictable,_recurrent_syncope__glikson-2021-2021-esc-guidelines-on-cardiac-pacing-and-cardiac-resynchro_n0049/e_0005 spanConfidence 1.0
Rule_1408	?a type PatientCondition => ?a spanConfidence 1.0	inducible_sustained_monomorphic_VT__al-khatib-2017-aha-acc-hrs-guideline-va-and-scd_n0033/e_0022 type PatientCondition => inducible_sustained_monomorphic_VT__al-khatib-2017-aha-acc-hrs-guideline-va-and-scd_n0033/e_0022 spanConfidence 1.0
Rule_1408	?a type PatientCondition => ?a spanConfidence 1.0	new-onset_alternating_BBB__glikson-2021-2021-esc-guidelines-on-cardiac-pacing-and-cardiac-resynchro_n0063/e_0008 type PatientCondition => new-onset_alternating_BBB__glikson-2021-2021-esc-guidelines-on-cardiac-pacing-and-cardiac-resynchro_n0063/e_0008 spanConfidence 1.0
Rule_1408	?a type PatientCondition => ?a spanConfidence 1.0	structural_heart_disease__pelliccia-2020-2020-esc-guidelines-on-sports-cardiology-and-exercise-in_n0064/e_0004 type PatientCondition => structural_heart_disease__pelliccia-2020-2020-esc-guidelines-on-sports-cardiology-and-exercise-in_n0064/e_0004 spanConfidence 1.0
Rule_1408	?a type PatientCondition => ?a spanConfidence 1.0	HF__heidenreich-2022-aha-acc-hfsa-guidelines_n0034/e_0003 type PatientCondition => HF__heidenreich-2022-aha-acc-hfsa-guidelines_n0034/e_0003 spanConfidence 1.0
Rule_1408	?a type PatientCondition => ?a spanConfidence 1.0	CHF__sbolli-2020-depression-and-heart-failure_n0003/e_0001 type PatientCondition => CHF__sbolli-2020-depression-and-heart-failure_n0003/e_0001 spanConfidence 1.0
Rule_1408	?a type PatientCondition => ?a spanConfidence 1.0	resting_tachypnea__sectio-4_n0001/e_0007 type PatientCondition => resting_tachypnea__sectio-4_n0001/e_0007 spanConfidence 1.0
Rule_1408	?a type PatientCondition => ?a spanConfidence 1.0	detection_of_VT__braunschweig-2010-management-of-patients-receiving-implantable-cardiac-d_n0007/e_0010 type PatientCondition => detection_of_VT__braunschweig-2010-management-of-patients-receiving-implantable-cardiac-d_n0007/e_0010 spanConfidence 1.0
Rule_1408	?a type PatientCondition => ?a spanConfidence 1.0	cardiovascular_and_non-cardiovascular_comorbidities__mcdonagh-2023-esc-guidelines_n0050/e_0004 type PatientCondition => cardiovascular_and_non-cardiovascular_comorbidities__mcdonagh-2023-esc-guidelines_n0050/e_0004 spanConfidence 1.0
Rule_1408	?a type PatientCondition => ?a spanConfidence 1.0	renal_insufficiency__heidenreich-2022-aha-acc-hfsa-guidelines_n0050/e_0012 type PatientCondition => renal_insufficiency__heidenreich-2022-aha-acc-hfsa-guidelines_n0050/e_0012 spanConfidence 1.0
Rule_1408	?a type PatientCondition => ?a spanConfidence 1.0	NYHA_class_IV__mcdonagh-2023-esc-guidelines_n0045/e_0044 type PatientCondition => NYHA_class_IV__mcdonagh-2023-esc-guidelines_n0045/e_0044 spanConfidence 1.0
Rule_1408	?a type PatientCondition => ?a spanConfidence 1.0	Fatigue,_lightheadedness__sectio-4_n0004/e_0028 type PatientCondition => Fatigue,_lightheadedness__sectio-4_n0004/e_0028 spanConfidence 1.0
Rule_1408	?a type PatientCondition => ?a spanConfidence 1.0	anaemia__mcdonagh-2023-esc-guidelines_n0022/e_0069 type PatientCondition => anaemia__mcdonagh-2023-esc-guidelines_n0022/e_0069 spanConfidence 1.0
Rule_1408	?a type PatientCondition => ?a spanConfidence 1.0	organ_hypoperfusion__mcdonagh-2023-esc-guidelines_n0021/e_0010 type PatientCondition => organ_hypoperfusion__mcdonagh-2023-esc-guidelines_n0021/e_0010 spanConfidence 1.0
Rule_1408	?a type PatientCondition => ?a spanConfidence 1.0	symptomatic__regitz-zagrosek-2018-2018-esc-guideline-for-the-management-of-cardiovasc_n0022/e_0031 type PatientCondition => symptomatic__regitz-zagrosek-2018-2018-esc-guideline-for-the-management-of-cardiovasc_n0022/e_0031 spanConfidence 1.0
Rule_1408	?a type PatientCondition => ?a spanConfidence 1.0	BP_remains_%3E_130/80_mm_Hg__sectio-1_n0030/e_0013 type PatientCondition => BP_remains_%3E_130/80_mm_Hg__sectio-1_n0030/e_0013 spanConfidence 1.0
Rule_1408	?a type PatientCondition => ?a spanConfidence 1.0	high_degree_AV_block__mcdonagh-2023-esc-guidelines_n0046/e_0016 type PatientCondition => high_degree_AV_block__mcdonagh-2023-esc-guidelines_n0046/e_0016 spanConfidence 1.0
Rule_1408	?a type PatientCondition => ?a spanConfidence 1.0	HF__heidenreich-2022-aha-acc-hfsa-guidelines_n0030/e_0010 type PatientCondition => HF__heidenreich-2022-aha-acc-hfsa-guidelines_n0030/e_0010 spanConfidence 1.0
Rule_1408	?a type PatientCondition => ?a spanConfidence 1.0	absolute_contraindications__mcdonagh-2023-esc-guidelines_n0021/e_0005 type PatientCondition => absolute_contraindications__mcdonagh-2023-esc-guidelines_n0021/e_0005 spanConfidence 1.0
Rule_1408	?a type PatientCondition => ?a spanConfidence 1.0	abnormalities_of_nutrient_absorption/assimilation__vest-2019-nutrition-obesity-and-cachexia-in-patients-with-heart-failure_n0002/e_0044 type PatientCondition => abnormalities_of_nutrient_absorption/assimilation__vest-2019-nutrition-obesity-and-cachexia-in-patients-with-heart-failure_n0002/e_0044 spanConfidence 1.0
Rule_1408	?a type PatientCondition => ?a spanConfidence 1.0	HF__heidenreich-2022-aha-acc-hfsa-guidelines_n0035/e_0003 type PatientCondition => HF__heidenreich-2022-aha-acc-hfsa-guidelines_n0035/e_0003 spanConfidence 1.0
Rule_1408	?a type PatientCondition => ?a spanConfidence 1.0	hyperglycemia__heidenreich-2022-aha-acc-hfsa-guidelines_n0099/e_0031 type PatientCondition => hyperglycemia__heidenreich-2022-aha-acc-hfsa-guidelines_n0099/e_0031 spanConfidence 1.0
Rule_1408	?a type PatientCondition => ?a spanConfidence 1.0	low_output__mcdonagh-2023-esc-guidelines_n0058/e_0018 type PatientCondition => low_output__mcdonagh-2023-esc-guidelines_n0058/e_0018 spanConfidence 1.0
Rule_1408	?a type PatientCondition => ?a spanConfidence 1.0	dyspnoea_and/or_an_embolic_event__regitz-zagrosek-2018-2018-esc-guideline-for-the-management-of-cardiovasc_n0023/e_0035 type PatientCondition => dyspnoea_and/or_an_embolic_event__regitz-zagrosek-2018-2018-esc-guideline-for-the-management-of-cardiovasc_n0023/e_0035 spanConfidence 1.0
Rule_1408	?a type PatientCondition => ?a spanConfidence 1.0	HFmrEF__mcdonagh-2023-2023-focused-update-of-the-2021-esc-guidelines-for-the-dia_n0016/e_0005 type PatientCondition => HFmrEF__mcdonagh-2023-2023-focused-update-of-the-2021-esc-guidelines-for-the-dia_n0016/e_0005 spanConfidence 1.0
Rule_1408	?a type PatientCondition => ?a spanConfidence 1.0	SCD__al-khatib-2017-aha-acc-hrs-guideline-va-and-scd_n0044/e_0028 type PatientCondition => SCD__al-khatib-2017-aha-acc-hrs-guideline-va-and-scd_n0044/e_0028 spanConfidence 1.0
Rule_1408	?a type PatientCondition => ?a spanConfidence 1.0	Symptoms_suggestive_of_transient_ischemic_accident_or_stroke__sectio-4_n0001/e_0021 type PatientCondition => Symptoms_suggestive_of_transient_ischemic_accident_or_stroke__sectio-4_n0001/e_0021 spanConfidence 1.0
Rule_1408	?a type PatientCondition => ?a spanConfidence 1.0	ischemic_heart_disease__al-khatib-2017-aha-acc-hrs-guideline-va-and-scd_n0035/e_0012 type PatientCondition => ischemic_heart_disease__al-khatib-2017-aha-acc-hrs-guideline-va-and-scd_n0035/e_0012 spanConfidence 1.0
Rule_1408	?a type PatientCondition => ?a spanConfidence 1.0	advanced_HF__heidenreich-2022-aha-acc-hfsa-guidelines_n0084/e_0002 type PatientCondition => advanced_HF__heidenreich-2022-aha-acc-hfsa-guidelines_n0084/e_0002 spanConfidence 1.0
Rule_1408	?a type PatientCondition => ?a spanConfidence 1.0	symptomatic_bradycardia__glikson-2021-2021-esc-guidelines-on-cardiac-pacing-and-cardiac-resynchro_n0084/e_0017 type PatientCondition => symptomatic_bradycardia__glikson-2021-2021-esc-guidelines-on-cardiac-pacing-and-cardiac-resynchro_n0084/e_0017 spanConfidence 1.0
Rule_1408	?a type PatientCondition => ?a spanConfidence 1.0	Non-operable_severe_valve_abnormalities__mcdonagh-2023-esc-guidelines_n0058/e_0008 type PatientCondition => Non-operable_severe_valve_abnormalities__mcdonagh-2023-esc-guidelines_n0058/e_0008 spanConfidence 1.0
Rule_1408	?a type PatientCondition => ?a spanConfidence 1.0	possible_inherited_disease__heidenreich-2022-aha-acc-hfsa-guidelines_n0013/e_0016 type PatientCondition => possible_inherited_disease__heidenreich-2022-aha-acc-hfsa-guidelines_n0013/e_0016 spanConfidence 1.0
Rule_1408	?a type PatientCondition => ?a spanConfidence 1.0	conduction_disease__al-khatib-2017-aha-acc-hrs-guideline-va-and-scd_n0038/e_0013 type PatientCondition => conduction_disease__al-khatib-2017-aha-acc-hrs-guideline-va-and-scd_n0038/e_0013 spanConfidence 1.0
Rule_1408	?a type PatientCondition => ?a spanConfidence 1.0	Isolated_RV_failure__mcdonagh-2023-esc-guidelines_n0058/e_0006 type PatientCondition => Isolated_RV_failure__mcdonagh-2023-esc-guidelines_n0058/e_0006 spanConfidence 1.0
Rule_1408	?a type PatientCondition => ?a spanConfidence 1.0	NYHA_class_IV__al-khatib-2017-aha-acc-hrs-guideline-va-and-scd_n0047/e_0005 type PatientCondition => NYHA_class_IV__al-khatib-2017-aha-acc-hrs-guideline-va-and-scd_n0047/e_0005 spanConfidence 1.0
Rule_1408	?a type PatientCondition => ?a spanConfidence 1.0	renal_insufficiency__execut-1_n0049/e_0025 type PatientCondition => renal_insufficiency__execut-1_n0049/e_0025 spanConfidence 1.0
Rule_1408	?a type PatientCondition => ?a spanConfidence 1.0	arrhythmogenic_right_ventricular_cardiomyopathy__al-khatib-2017-aha-acc-hrs-guideline-va-and-scd_n0042/e_0002 type PatientCondition => arrhythmogenic_right_ventricular_cardiomyopathy__al-khatib-2017-aha-acc-hrs-guideline-va-and-scd_n0042/e_0002 spanConfidence 1.0
Rule_1408	?a type PatientCondition => ?a spanConfidence 1.0	Hepatomegaly__sectio-4_n0004/e_0018 type PatientCondition => Hepatomegaly__sectio-4_n0004/e_0018 spanConfidence 1.0
Rule_1408	?a type PatientCondition => ?a spanConfidence 1.0	social_determinants_of_health__heidenreich-2022-aha-acc-hfsa-guidelines_n0013/e_0027 type PatientCondition => social_determinants_of_health__heidenreich-2022-aha-acc-hfsa-guidelines_n0013/e_0027 spanConfidence 1.0
Rule_1408	?a type PatientCondition => ?a spanConfidence 1.0	heart_is_weak_or_stiff__cardiosmart-modul1-zusammengefugt_n0002/e_0010 type PatientCondition => heart_is_weak_or_stiff__cardiosmart-modul1-zusammengefugt_n0002/e_0010 spanConfidence 1.0
Rule_1408	?a type PatientCondition => ?a spanConfidence 1.0	torsades_de_pointes__al-khatib-2017-aha-acc-hrs-guideline-va-and-scd_n0071/e_0009 type PatientCondition => torsades_de_pointes__al-khatib-2017-aha-acc-hrs-guideline-va-and-scd_n0071/e_0009 spanConfidence 1.0
Rule_1408	?a type PatientCondition => ?a spanConfidence 1.0	SCD__al-khatib-2017-aha-acc-hrs-guideline-va-and-scd_n0039/e_0010 type PatientCondition => SCD__al-khatib-2017-aha-acc-hrs-guideline-va-and-scd_n0039/e_0010 spanConfidence 1.0
Rule_1408	?a type PatientCondition => ?a spanConfidence 1.0	battery_depletion__glikson-2021-2021-esc-guidelines-on-cardiac-pacing-and-cardiac-resynchro_n0080/e_0025 type PatientCondition => battery_depletion__glikson-2021-2021-esc-guidelines-on-cardiac-pacing-and-cardiac-resynchro_n0080/e_0025 spanConfidence 1.0
Rule_1408	?a type PatientCondition => ?a spanConfidence 1.0	low_cardiac_output__mcdonagh-2023-esc-guidelines_n0021/e_0009 type PatientCondition => low_cardiac_output__mcdonagh-2023-esc-guidelines_n0021/e_0009 spanConfidence 1.0
Rule_1408	?a type PatientCondition => ?a spanConfidence 1.0	NYHA_class_I_or_II__pelliccia-2020-2020-esc-guidelines-on-sports-cardiology-and-exercise-in_n0073/e_0014 type PatientCondition => NYHA_class_I_or_II__pelliccia-2020-2020-esc-guidelines-on-sports-cardiology-and-exercise-in_n0073/e_0014 spanConfidence 1.0
Rule_1408	?a type PatientCondition => ?a spanConfidence 1.0	mutation__zeppenfeld-2022-esc-guidelines-va-and-scd_n0034/e_0005 type PatientCondition => mutation__zeppenfeld-2022-esc-guidelines-va-and-scd_n0034/e_0005 spanConfidence 1.0
Rule_1408	?a type PatientCondition => ?a spanConfidence 1.0	spontaneous_documented_symptomatic_asystolic_pause(s)_%3E3_s__glikson-2021-2021-esc-guidelines-on-cardiac-pacing-and-cardiac-resynchro_n0085/e_0045 type PatientCondition => spontaneous_documented_symptomatic_asystolic_pause(s)_%3E3_s__glikson-2021-2021-esc-guidelines-on-cardiac-pacing-and-cardiac-resynchro_n0085/e_0045 spanConfidence 1.0
Rule_1408	?a type PatientCondition => ?a spanConfidence 1.0	malnutrition__vest-2019-nutrition-obesity-and-cachexia-in-patients-with-heart-failure_n0002/e_0002 type PatientCondition => malnutrition__vest-2019-nutrition-obesity-and-cachexia-in-patients-with-heart-failure_n0002/e_0002 spanConfidence 1.0
Rule_1408	?a type PatientCondition => ?a spanConfidence 1.0	severe_HF__sectio-1_n0016/e_0015 type PatientCondition => severe_HF__sectio-1_n0016/e_0015 spanConfidence 1.0
Rule_1408	?a type PatientCondition => ?a spanConfidence 1.0	predictors_of_persistence__glikson-2021-2021-esc-guidelines-on-cardiac-pacing-and-cardiac-resynchro_n0061/e_0009 type PatientCondition => predictors_of_persistence__glikson-2021-2021-esc-guidelines-on-cardiac-pacing-and-cardiac-resynchro_n0061/e_0009 spanConfidence 1.0
Rule_1408	?a type PatientCondition => ?a spanConfidence 1.0	syncope__al-khatib-2017-aha-acc-hrs-guideline-va-and-scd_n0016/e_0002 type PatientCondition => syncope__al-khatib-2017-aha-acc-hrs-guideline-va-and-scd_n0016/e_0002 spanConfidence 1.0
Rule_1408	?a type PatientCondition => ?a spanConfidence 1.0	worsening_HF__mcdonagh-2023-esc-guidelines_n0023/e_0060 type PatientCondition => worsening_HF__mcdonagh-2023-esc-guidelines_n0023/e_0060 spanConfidence 1.0
Rule_1408	?a type PatientCondition => ?a spanConfidence 1.0	diagnosis_of_HF__tsutsui-2023-natriuretic-peptides-role-in-the-diagnosis-and-management-o_n0001/e_0027 type PatientCondition => diagnosis_of_HF__tsutsui-2023-natriuretic-peptides-role-in-the-diagnosis-and-management-o_n0001/e_0027 spanConfidence 1.0
Rule_1408	?a type PatientCondition => ?a spanConfidence 1.0	Major_electrolyte_disturbance__execut-1_n0020/e_0014 type PatientCondition => Major_electrolyte_disturbance__execut-1_n0020/e_0014 spanConfidence 1.0
Rule_1408	?a type PatientCondition => ?a spanConfidence 1.0	patient_is_asymptomatic_at_presentation__al-khatib-2017-aha-acc-hrs-guideline-va-and-scd_n0050/e_0018 type PatientCondition => patient_is_asymptomatic_at_presentation__al-khatib-2017-aha-acc-hrs-guideline-va-and-scd_n0050/e_0018 spanConfidence 1.0
Rule_1408	?a type PatientCondition => ?a spanConfidence 1.0	SND__glikson-2021-2021-esc-guidelines-on-cardiac-pacing-and-cardiac-resynchro_n0046/e_0007 type PatientCondition => SND__glikson-2021-2021-esc-guidelines-on-cardiac-pacing-and-cardiac-resynchro_n0046/e_0007 spanConfidence 1.0
Rule_1408	?a type PatientCondition => ?a spanConfidence 1.0	HF_signs_or_symptoms__heidenreich-2022-aha-acc-hfsa-guidelines_n0108/e_0019 type PatientCondition => HF_signs_or_symptoms__heidenreich-2022-aha-acc-hfsa-guidelines_n0108/e_0019 spanConfidence 1.0
Rule_1408	?a type PatientCondition => ?a spanConfidence 1.0	pathogenic_genetic_variant__glikson-2021-2021-esc-guidelines-on-cardiac-pacing-and-cardiac-resynchro_n0038/e_0007 type PatientCondition => pathogenic_genetic_variant__glikson-2021-2021-esc-guidelines-on-cardiac-pacing-and-cardiac-resynchro_n0038/e_0007 spanConfidence 1.0
Rule_1408	?a type PatientCondition => ?a spanConfidence 1.0	meaningful_survival_greater_than_1_year__al-khatib-2017-aha-acc-hrs-guideline-va-and-scd_n0033/e_0009 type PatientCondition => meaningful_survival_greater_than_1_year__al-khatib-2017-aha-acc-hrs-guideline-va-and-scd_n0033/e_0009 spanConfidence 1.0
Rule_1408	?a type PatientCondition => ?a spanConfidence 1.0	anaemia_in_HF__mcdonagh-2023-esc-guidelines_n0022/e_0087 type PatientCondition => anaemia_in_HF__mcdonagh-2023-esc-guidelines_n0022/e_0087 spanConfidence 1.0
Rule_1408	?a type PatientCondition => ?a spanConfidence 1.0	alcohol_abuse__mcdonagh-2023-esc-guidelines_n0052/e_0020 type PatientCondition => alcohol_abuse__mcdonagh-2023-esc-guidelines_n0052/e_0020 spanConfidence 1.0
Rule_1408	?a type PatientCondition => ?a spanConfidence 1.0	T-wave_detection__braunschweig-2010-management-of-patients-receiving-implantable-cardiac-d_n0007/e_0009 type PatientCondition => T-wave_detection__braunschweig-2010-management-of-patients-receiving-implantable-cardiac-d_n0007/e_0009 spanConfidence 1.0
Rule_1408	?a type PatientCondition => ?a spanConfidence 1.0	HF__heidenreich-2022-aha-acc-hfsa-guidelines_n0030/e_0004 type PatientCondition => HF__heidenreich-2022-aha-acc-hfsa-guidelines_n0030/e_0004 spanConfidence 1.0
Rule_1408	?a type PatientCondition => ?a spanConfidence 1.0	symptoms_related_to_pressure/manipulation_of_the_carotid_sinus_area__glikson-2021-2021-esc-guidelines-on-cardiac-pacing-and-cardiac-resynchro_n0084/e_0009 type PatientCondition => symptoms_related_to_pressure/manipulation_of_the_carotid_sinus_area__glikson-2021-2021-esc-guidelines-on-cardiac-pacing-and-cardiac-resynchro_n0084/e_0009 spanConfidence 1.0
Rule_1408	?a type PatientCondition => ?a spanConfidence 1.0	family_history_changes__zeppenfeld-2022-esc-guidelines-va-and-scd_n0034/e_0047 type PatientCondition => family_history_changes__zeppenfeld-2022-esc-guidelines-va-and-scd_n0034/e_0047 spanConfidence 1.0
Rule_1408	?a type PatientCondition => ?a spanConfidence 1.0	potentially_heritable_cardiomyopathy__al-khatib-2017-aha-acc-hrs-guideline-va-and-scd_n0079/e_0013 type PatientCondition => potentially_heritable_cardiomyopathy__al-khatib-2017-aha-acc-hrs-guideline-va-and-scd_n0079/e_0013 spanConfidence 1.0
Rule_1408	?a type PatientCondition => ?a spanConfidence 1.0	SCA_due_to_VT_or_VF__al-khatib-2017-aha-acc-hrs-guideline-va-and-scd_n0073/e_0021 type PatientCondition => SCA_due_to_VT_or_VF__al-khatib-2017-aha-acc-hrs-guideline-va-and-scd_n0073/e_0021 spanConfidence 1.0
Rule_1408	?a type PatientCondition => ?a spanConfidence 1.0	previously_identified_phenotype_for_a_genetic_arrhythmia-associated_disorder__al-khatib-2017-aha-acc-hrs-guideline-va-and-scd_n0079/e_0019 type PatientCondition => previously_identified_phenotype_for_a_genetic_arrhythmia-associated_disorder__al-khatib-2017-aha-acc-hrs-guideline-va-and-scd_n0079/e_0019 spanConfidence 1.0
Rule_1408	?a type PatientCondition => ?a spanConfidence 1.0	advanced_AVB__glikson-2021-2021-esc-guidelines-on-cardiac-pacing-and-cardiac-resynchro_n0039/e_0005 type PatientCondition => advanced_AVB__glikson-2021-2021-esc-guidelines-on-cardiac-pacing-and-cardiac-resynchro_n0039/e_0005 spanConfidence 1.0
Rule_1408	?a type PatientCondition => ?a spanConfidence 1.0	Diabetic_ketoacidosis__execut-1_n0020/e_0018 type PatientCondition => Diabetic_ketoacidosis__execut-1_n0020/e_0018 spanConfidence 1.0
Rule_1408	?a type PatientCondition => ?a spanConfidence 1.0	high_output_states__mcdonagh-2023-esc-guidelines_n0020/e_0007 type PatientCondition => high_output_states__mcdonagh-2023-esc-guidelines_n0020/e_0007 spanConfidence 1.0
Rule_1408	?a type PatientCondition => ?a spanConfidence 1.0	vitamins_A,_B_(any),_C,_or_K,_zinc,_or_iron_deficiencies__vest-2019-nutrition-obesity-and-cachexia-in-patients-with-heart-failure_n0002/e_0016 type PatientCondition => vitamins_A,_B_(any),_C,_or_K,_zinc,_or_iron_deficiencies__vest-2019-nutrition-obesity-and-cachexia-in-patients-with-heart-failure_n0002/e_0016 spanConfidence 1.0
Rule_1408	?a type PatientCondition => ?a spanConfidence 1.0	iron_deficiency__mcdonagh-2023-2023-focused-update-of-the-2021-esc-guidelines-for-the-dia_n0016/e_0006 type PatientCondition => iron_deficiency__mcdonagh-2023-2023-focused-update-of-the-2021-esc-guidelines-for-the-dia_n0016/e_0006 spanConfidence 1.0
Rule_1408	?a type PatientCondition => ?a spanConfidence 1.0	previous_cardiotoxicity__mcdonagh-2023-esc-guidelines_n0022/e_0162 type PatientCondition => previous_cardiotoxicity__mcdonagh-2023-esc-guidelines_n0022/e_0162 spanConfidence 1.0
Rule_1408	?a type PatientCondition => ?a spanConfidence 1.0	VA__al-khatib-2017-aha-acc-hrs-guideline-va-and-scd_n0030/e_0002 type PatientCondition => VA__al-khatib-2017-aha-acc-hrs-guideline-va-and-scd_n0030/e_0002 spanConfidence 1.0
Rule_1408	?a type PatientCondition => ?a spanConfidence 1.0	dangerous_heart_rhythm__cardiosmart-decision-aid-icd-for-hf_n0002/e_0027 type PatientCondition => dangerous_heart_rhythm__cardiosmart-decision-aid-icd-for-hf_n0002/e_0027 spanConfidence 1.0
Rule_1408	?a type PatientCondition => ?a spanConfidence 1.0	myotonic_dystrophy_type_1__al-khatib-2017-aha-acc-hrs-guideline-va-and-scd_n0051/e_0016 type PatientCondition => myotonic_dystrophy_type_1__al-khatib-2017-aha-acc-hrs-guideline-va-and-scd_n0051/e_0016 spanConfidence 1.0
Rule_1408	?a type PatientCondition => ?a spanConfidence 1.0	hemodynamically_unstable_VT__al-khatib-2017-aha-acc-hrs-guideline-va-and-scd_n0033/e_0005 type PatientCondition => hemodynamically_unstable_VT__al-khatib-2017-aha-acc-hrs-guideline-va-and-scd_n0033/e_0005 spanConfidence 1.0
Rule_1408	?a type PatientCondition => ?a spanConfidence 1.0	iron_overload/haemochromatosis__mcdonagh-2023-esc-guidelines_n0031/e_0012 type PatientCondition => iron_overload/haemochromatosis__mcdonagh-2023-esc-guidelines_n0031/e_0012 spanConfidence 1.0
Rule_1408	?a type PatientCondition => ?a spanConfidence 1.0	HF__heidenreich-2022-aha-acc-hfsa-guidelines_n0013/e_0002 type PatientCondition => HF__heidenreich-2022-aha-acc-hfsa-guidelines_n0013/e_0002 spanConfidence 1.0
Rule_1408	?a type PatientCondition => ?a spanConfidence 1.0	Previously_undiagnosed_HF_with_signs_and_symptoms_of_systemic_or_pulmonary_congestion__sectio-4_n0001/e_0023 type PatientCondition => Previously_undiagnosed_HF_with_signs_and_symptoms_of_systemic_or_pulmonary_congestion__sectio-4_n0001/e_0023 spanConfidence 1.0
Rule_1408	?a type PatientCondition => ?a spanConfidence 1.0	severe_bradycardia__glikson-2021-2021-esc-guidelines-on-cardiac-pacing-and-cardiac-resynchro_n0039/e_0004 type PatientCondition => severe_bradycardia__glikson-2021-2021-esc-guidelines-on-cardiac-pacing-and-cardiac-resynchro_n0039/e_0004 spanConfidence 1.0
Rule_1408	?a type PatientCondition => ?a spanConfidence 1.0	monomorphic_VT__al-khatib-2017-aha-acc-hrs-guideline-va-and-scd_n0029/e_0002 type PatientCondition => monomorphic_VT__al-khatib-2017-aha-acc-hrs-guideline-va-and-scd_n0029/e_0002 spanConfidence 1.0
Rule_1408	?a type PatientCondition => ?a spanConfidence 1.0	sedentary_habit__mcdonagh-2023-esc-guidelines_n0052/e_0017 type PatientCondition => sedentary_habit__mcdonagh-2023-esc-guidelines_n0052/e_0017 spanConfidence 1.0
Rule_1408	?a type PatientCondition => ?a spanConfidence 1.0	comorbidities__mcdonagh-2023-esc-guidelines_n0056/e_0010 type PatientCondition => comorbidities__mcdonagh-2023-esc-guidelines_n0056/e_0010 spanConfidence 1.0
Rule_1408	?a type PatientCondition => ?a spanConfidence 1.0	Signs_and_symptoms_of_pulmonary_or_systemic_congestion__sectio-4_n0001/e_0014 type PatientCondition => Signs_and_symptoms_of_pulmonary_or_systemic_congestion__sectio-4_n0001/e_0014 spanConfidence 1.0
Rule_1408	?a type PatientCondition => ?a spanConfidence 1.0	depression__riegel-2009-promoting-self-care-in-persons-with-heart-failure_n0004/e_0060 type PatientCondition => depression__riegel-2009-promoting-self-care-in-persons-with-heart-failure_n0004/e_0060 spanConfidence 1.0
Rule_1408	?a type PatientCondition => ?a spanConfidence 1.0	HFpEF__sbolli-2020-depression-and-heart-failure_n0003/e_0026 type PatientCondition => HFpEF__sbolli-2020-depression-and-heart-failure_n0003/e_0026 spanConfidence 1.0
Rule_1408	?a type PatientCondition => ?a spanConfidence 1.0	NYHA_class_I_HF__al-khatib-2017-aha-acc-hrs-guideline-va-and-scd_n0035/e_0015 type PatientCondition => NYHA_class_I_HF__al-khatib-2017-aha-acc-hrs-guideline-va-and-scd_n0035/e_0015 spanConfidence 1.0
Rule_1408	?a type PatientCondition => ?a spanConfidence 1.0	comorbidities__mcdonagh-2023-esc-guidelines_n0023/e_0100 type PatientCondition => comorbidities__mcdonagh-2023-esc-guidelines_n0023/e_0100 spanConfidence 1.0
Rule_1408	?a type PatientCondition => ?a spanConfidence 1.0	diastolic_(E%5C'_%3C_9_cm/s)_dysfunction__pelliccia-2020-2020-esc-guidelines-on-sports-cardiology-and-exercise-in_n0057/e_0008 type PatientCondition => diastolic_(E%5C'_%3C_9_cm/s)_dysfunction__pelliccia-2020-2020-esc-guidelines-on-sports-cardiology-and-exercise-in_n0057/e_0008 spanConfidence 1.0
Rule_1408	?a type PatientCondition => ?a spanConfidence 1.0	risk_of_death_due_to_a_VA__al-khatib-2017-aha-acc-hrs-guideline-va-and-scd_n0033/e_0013 type PatientCondition => risk_of_death_due_to_a_VA__al-khatib-2017-aha-acc-hrs-guideline-va-and-scd_n0033/e_0013 spanConfidence 1.0
Rule_1408	?a type PatientCondition => ?a spanConfidence 1.0	RBBB__glikson-2021-2021-esc-guidelines-on-cardiac-pacing-and-cardiac-resynchro_n0063/e_0033 type PatientCondition => RBBB__glikson-2021-2021-esc-guidelines-on-cardiac-pacing-and-cardiac-resynchro_n0063/e_0033 spanConfidence 1.0
Rule_1408	?a type PatientCondition => ?a spanConfidence 1.0	Complex_ventricular_ectopy__glikson-2021-2021-esc-guidelines-on-cardiac-pacing-and-cardiac-resynchro_n0064/e_0009 type PatientCondition => Complex_ventricular_ectopy__glikson-2021-2021-esc-guidelines-on-cardiac-pacing-and-cardiac-resynchro_n0064/e_0009 spanConfidence 1.0
Rule_1408	?a type PatientCondition => ?a spanConfidence 1.0	HFmrEF__glikson-2021-2021-esc-guidelines-on-cardiac-pacing-and-cardiac-resynchro_n0052/e_0022 type PatientCondition => HFmrEF__glikson-2021-2021-esc-guidelines-on-cardiac-pacing-and-cardiac-resynchro_n0052/e_0022 spanConfidence 1.0
Rule_1408	?a type PatientCondition => ?a spanConfidence 1.0	HFrEF__mcdonagh-2023-2023-focused-update-of-the-2021-esc-guidelines-for-the-dia_n0016/e_0014 type PatientCondition => HFrEF__mcdonagh-2023-2023-focused-update-of-the-2021-esc-guidelines-for-the-dia_n0016/e_0014 spanConfidence 1.0
Rule_1408	?a type PatientCondition => ?a spanConfidence 1.0	NYHA_functional_class_I_status__pelliccia-2020-2020-esc-guidelines-on-sports-cardiology-and-exercise-in_n0041/e_0013 type PatientCondition => NYHA_functional_class_I_status__pelliccia-2020-2020-esc-guidelines-on-sports-cardiology-and-exercise-in_n0041/e_0013 spanConfidence 1.0
Rule_1408	?a type PatientCondition => ?a spanConfidence 1.0	normal_troponin_and_biomarkers_of_inflammation__pelliccia-2020-2020-esc-guidelines-on-sports-cardiology-and-exercise-in_n0060/e_0010 type PatientCondition => normal_troponin_and_biomarkers_of_inflammation__pelliccia-2020-2020-esc-guidelines-on-sports-cardiology-and-exercise-in_n0060/e_0010 spanConfidence 1.0
Rule_1408	?a type PatientCondition => ?a spanConfidence 1.0	heritable_disease__zeppenfeld-2022-esc-guidelines-va-and-scd_n0034/e_0012 type PatientCondition => heritable_disease__zeppenfeld-2022-esc-guidelines-va-and-scd_n0034/e_0012 spanConfidence 1.0
Rule_1408	?a type PatientCondition => ?a spanConfidence 1.0	VT__al-khatib-2017-aha-acc-hrs-guideline-va-and-scd_n0066/e_0007 type PatientCondition => VT__al-khatib-2017-aha-acc-hrs-guideline-va-and-scd_n0066/e_0007 spanConfidence 1.0
Rule_1408	?a type PatientCondition => ?a spanConfidence 1.0	elevated_risk_of_foetal_abnormalities__regitz-zagrosek-2018-2018-esc-guideline-for-the-management-of-cardiovasc_n0016/e_0014 type PatientCondition => elevated_risk_of_foetal_abnormalities__regitz-zagrosek-2018-2018-esc-guideline-for-the-management-of-cardiovasc_n0016/e_0014 spanConfidence 1.0
Rule_1408	?a type PatientCondition => ?a spanConfidence 1.0	pacemaker_dependency__glikson-2021-2021-esc-guidelines-on-cardiac-pacing-and-cardiac-resynchro_n0080/e_0013 type PatientCondition => pacemaker_dependency__glikson-2021-2021-esc-guidelines-on-cardiac-pacing-and-cardiac-resynchro_n0080/e_0013 spanConfidence 1.0
Rule_1408	?a type PatientCondition => ?a spanConfidence 1.0	burden_of_comorbidities__al-khatib-2017-aha-acc-hrs-guideline-va-and-scd_n0035/e_0026 type PatientCondition => burden_of_comorbidities__al-khatib-2017-aha-acc-hrs-guideline-va-and-scd_n0035/e_0026 spanConfidence 1.0
Rule_1408	?a type PatientCondition => ?a spanConfidence 1.0	symptoms__cardiosmart-decision-aid-icd-for-hf_n0002/e_0050 type PatientCondition => symptoms__cardiosmart-decision-aid-icd-for-hf_n0002/e_0050 spanConfidence 1.0
Rule_1408	?a type PatientCondition => ?a spanConfidence 1.0	Pregnancy__regitz-zagrosek-2018-2018-esc-guideline-for-the-management-of-cardiovasc_n0048/e_0019 type PatientCondition => Pregnancy__regitz-zagrosek-2018-2018-esc-guideline-for-the-management-of-cardiovasc_n0048/e_0019 spanConfidence 1.0
Rule_1408	?a type PatientCondition => ?a spanConfidence 1.0	meaningful_survival_of_greater_than_1_year__al-khatib-2017-aha-acc-hrs-guideline-va-and-scd_n0035/e_0018 type PatientCondition => meaningful_survival_of_greater_than_1_year__al-khatib-2017-aha-acc-hrs-guideline-va-and-scd_n0035/e_0018 spanConfidence 1.0
Rule_1408	?a type PatientCondition => ?a spanConfidence 1.0	changes_in_HF_symptoms__riegel-2009-promoting-self-care-in-persons-with-heart-failure_n0004/e_0027 type PatientCondition => changes_in_HF_symptoms__riegel-2009-promoting-self-care-in-persons-with-heart-failure_n0004/e_0027 spanConfidence 1.0
Rule_1408	?a type PatientCondition => ?a spanConfidence 1.0	hypomagnesemia__al-khatib-2017-aha-acc-hrs-guideline-va-and-scd_n0071/e_0008 type PatientCondition => hypomagnesemia__al-khatib-2017-aha-acc-hrs-guideline-va-and-scd_n0071/e_0008 spanConfidence 1.0
Rule_1408	?a type PatientCondition => ?a spanConfidence 1.0	drug-induced_cardiomyopathy__heidenreich-2022-aha-acc-hfsa-guidelines_n0104/e_0022 type PatientCondition => drug-induced_cardiomyopathy__heidenreich-2022-aha-acc-hfsa-guidelines_n0104/e_0022 spanConfidence 1.0
Rule_1408	?a type PatientCondition => ?a spanConfidence 1.0	SND__glikson-2021-2021-esc-guidelines-on-cardiac-pacing-and-cardiac-resynchro_n0046/e_0038 type PatientCondition => SND__glikson-2021-2021-esc-guidelines-on-cardiac-pacing-and-cardiac-resynchro_n0046/e_0038 spanConfidence 1.0
Rule_1408	?a type PatientCondition => ?a spanConfidence 1.0	sinus_arrest__glikson-2021-2021-esc-guidelines-on-cardiac-pacing-and-cardiac-resynchro_n0046/e_0036 type PatientCondition => sinus_arrest__glikson-2021-2021-esc-guidelines-on-cardiac-pacing-and-cardiac-resynchro_n0046/e_0036 spanConfidence 1.0
Rule_1408	?a type PatientCondition => ?a spanConfidence 1.0	HFmrEF__mcdonagh-2023-2023-focused-update-of-the-2021-esc-guidelines-for-the-dia_n0016/e_0015 type PatientCondition => HFmrEF__mcdonagh-2023-2023-focused-update-of-the-2021-esc-guidelines-for-the-dia_n0016/e_0015 spanConfidence 1.0
Rule_1408	?a type PatientCondition => ?a spanConfidence 1.0	frequent,_complex,_or_sustained_VA__al-khatib-2017-aha-acc-hrs-guideline-va-and-scd_n0073/e_0003 type PatientCondition => frequent,_complex,_or_sustained_VA__al-khatib-2017-aha-acc-hrs-guideline-va-and-scd_n0073/e_0003 spanConfidence 1.0
Rule_1408	?a type PatientCondition => ?a spanConfidence 1.0	bradycardia%E2%80%93tachycardia_form_of_SND__glikson-2021-2021-esc-guidelines-on-cardiac-pacing-and-cardiac-resynchro_n0046/e_0012 type PatientCondition => bradycardia%E2%80%93tachycardia_form_of_SND__glikson-2021-2021-esc-guidelines-on-cardiac-pacing-and-cardiac-resynchro_n0046/e_0012 spanConfidence 1.0
Rule_1408	?a type PatientCondition => ?a spanConfidence 1.0	first_episode,_a_prolonged_episode,_or_a_high_burden_of_atrial_arrhythmia__ferrick-2023-2023-hrs-ehra-aphrs-lahrs-expert-consensus-statement-on-pra_n0023/e_0015 type PatientCondition => first_episode,_a_prolonged_episode,_or_a_high_burden_of_atrial_arrhythmia__ferrick-2023-2023-hrs-ehra-aphrs-lahrs-expert-consensus-statement-on-pra_n0023/e_0015 spanConfidence 1.0
Rule_1408	?a type PatientCondition => ?a spanConfidence 1.0	new_LBBB__glikson-2021-2021-esc-guidelines-on-cardiac-pacing-and-cardiac-resynchro_n0063/e_0018 type PatientCondition => new_LBBB__glikson-2021-2021-esc-guidelines-on-cardiac-pacing-and-cardiac-resynchro_n0063/e_0018 spanConfidence 1.0
Rule_1408	?a type PatientCondition => ?a spanConfidence 1.0	EN_is_not_feasible_or_sufficient__vest-2019-nutrition-obesity-and-cachexia-in-patients-with-heart-failure_n0006/e_0015 type PatientCondition => EN_is_not_feasible_or_sufficient__vest-2019-nutrition-obesity-and-cachexia-in-patients-with-heart-failure_n0006/e_0015 spanConfidence 1.0
Rule_1408	?a type PatientCondition => ?a spanConfidence 1.0	signs_of_worsening_HF__riegel-2009-promoting-self-care-in-persons-with-heart-failure_n0004/e_0059 type PatientCondition => signs_of_worsening_HF__riegel-2009-promoting-self-care-in-persons-with-heart-failure_n0004/e_0059 spanConfidence 1.0
Rule_1408	?a type PatientCondition => ?a spanConfidence 1.0	(latent)_pre-excitation__pelliccia-2020-2020-esc-guidelines-on-sports-cardiology-and-exercise-in_n0064/e_0003 type PatientCondition => (latent)_pre-excitation__pelliccia-2020-2020-esc-guidelines-on-sports-cardiology-and-exercise-in_n0064/e_0003 spanConfidence 1.0
Rule_1408	?a type PatientCondition => ?a spanConfidence 1.0	Previously_undiagnosed_HF_with_signs_and_symptoms_of_systemic_or_pulmonary_congestion__execut-1_n0020/e_0021 type PatientCondition => Previously_undiagnosed_HF_with_signs_and_symptoms_of_systemic_or_pulmonary_congestion__execut-1_n0020/e_0021 spanConfidence 1.0
Rule_1408	?a type PatientCondition => ?a spanConfidence 1.0	arrhythmic_syncope__pelliccia-2020-2020-esc-guidelines-on-sports-cardiology-and-exercise-in_n0066/e_0028 type PatientCondition => arrhythmic_syncope__pelliccia-2020-2020-esc-guidelines-on-sports-cardiology-and-exercise-in_n0066/e_0028 spanConfidence 1.0
Rule_1408	?a type PatientCondition => ?a spanConfidence 1.0	sleep-disordered_breathing__heidenreich-2022-aha-acc-hfsa-guidelines_n0099/e_0017 type PatientCondition => sleep-disordered_breathing__heidenreich-2022-aha-acc-hfsa-guidelines_n0099/e_0017 spanConfidence 1.0
Rule_1408	?a type PatientCondition => ?a spanConfidence 1.0	VF__al-khatib-2017-aha-acc-hrs-guideline-va-and-scd_n0074/e_0004 type PatientCondition => VF__al-khatib-2017-aha-acc-hrs-guideline-va-and-scd_n0074/e_0004 spanConfidence 1.0
Rule_1408	?a type PatientCondition => ?a spanConfidence 1.0	clinical_phenotype_of_cardiac_conduction_disease__glikson-2021-2021-esc-guidelines-on-cardiac-pacing-and-cardiac-resynchro_n0038/e_0008 type PatientCondition => clinical_phenotype_of_cardiac_conduction_disease__glikson-2021-2021-esc-guidelines-on-cardiac-pacing-and-cardiac-resynchro_n0038/e_0008 spanConfidence 1.0
Rule_1408	?a type PatientCondition => ?a spanConfidence 1.0	symptoms__regitz-zagrosek-2018-2018-esc-guideline-for-the-management-of-cardiovasc_n0022/e_0050 type PatientCondition => symptoms__regitz-zagrosek-2018-2018-esc-guideline-for-the-management-of-cardiovasc_n0022/e_0050 spanConfidence 1.0
Rule_1408	?a type PatientCondition => ?a spanConfidence 1.0	HFrEF__sbolli-2020-depression-and-heart-failure_n0003/e_0025 type PatientCondition => HFrEF__sbolli-2020-depression-and-heart-failure_n0003/e_0025 spanConfidence 1.0
Rule_1408	?a type PatientCondition => ?a spanConfidence 1.0	no_bleeding_complications__regitz-zagrosek-2018-2018-esc-guideline-for-the-management-of-cardiovasc_n0023/e_0030 type PatientCondition => no_bleeding_complications__regitz-zagrosek-2018-2018-esc-guideline-for-the-management-of-cardiovasc_n0023/e_0030 spanConfidence 1.0
Rule_1408	?a type PatientCondition => ?a spanConfidence 1.0	SCD__al-khatib-2017-aha-acc-hrs-guideline-va-and-scd_n0079/e_0002 type PatientCondition => SCD__al-khatib-2017-aha-acc-hrs-guideline-va-and-scd_n0079/e_0002 spanConfidence 1.0
Rule_1408	?a type PatientCondition => ?a spanConfidence 1.0	medication-refractory_HF__al-khatib-2017-aha-acc-hrs-guideline-va-and-scd_n0035/e_0045 type PatientCondition => medication-refractory_HF__al-khatib-2017-aha-acc-hrs-guideline-va-and-scd_n0035/e_0045 spanConfidence 1.0
Rule_1408	?a type PatientCondition => ?a spanConfidence 1.0	depression__riegel-2009-promoting-self-care-in-persons-with-heart-failure_n0002/e_0018 type PatientCondition => depression__riegel-2009-promoting-self-care-in-persons-with-heart-failure_n0002/e_0018 spanConfidence 1.0
Rule_1408	?a type PatientCondition => ?a spanConfidence 1.0	insufficient_calorie/protein_intake__vest-2019-nutrition-obesity-and-cachexia-in-patients-with-heart-failure_n0002/e_0043 type PatientCondition => insufficient_calorie/protein_intake__vest-2019-nutrition-obesity-and-cachexia-in-patients-with-heart-failure_n0002/e_0043 spanConfidence 1.0
Rule_1408	?a type PatientCondition => ?a spanConfidence 1.0	acute_myocarditis__pelliccia-2020-2020-esc-guidelines-on-sports-cardiology-and-exercise-in_n0060/e_0024 type PatientCondition => acute_myocarditis__pelliccia-2020-2020-esc-guidelines-on-sports-cardiology-and-exercise-in_n0060/e_0024 spanConfidence 1.0
Rule_1408	?a type PatientCondition => ?a spanConfidence 1.0	Hepatojugular_reflux__sectio-4_n0004/e_0020 type PatientCondition => Hepatojugular_reflux__sectio-4_n0004/e_0020 spanConfidence 1.0
Rule_1408	?a type PatientCondition => ?a spanConfidence 1.0	False-positive_arrhythmia_detection__braunschweig-2010-management-of-patients-receiving-implantable-cardiac-d_n0007/e_0002 type PatientCondition => False-positive_arrhythmia_detection__braunschweig-2010-management-of-patients-receiving-implantable-cardiac-d_n0007/e_0002 spanConfidence 1.0
Rule_1408	?a type PatientCondition => ?a spanConfidence 1.0	advanced_HF__mcdonagh-2023-esc-guidelines_n0021/e_0003 type PatientCondition => advanced_HF__mcdonagh-2023-esc-guidelines_n0021/e_0003 spanConfidence 1.0
Rule_1408	?a type PatientCondition => ?a spanConfidence 1.0	SR__mcdonagh-2023-esc-guidelines_n0035/e_0035 type PatientCondition => SR__mcdonagh-2023-esc-guidelines_n0035/e_0035 spanConfidence 1.0
Rule_1408	?a type PatientCondition => ?a spanConfidence 1.0	adult_congenital_heart_disease__al-khatib-2017-aha-acc-hrs-guideline-va-and-scd_n0073/e_0007 type PatientCondition => adult_congenital_heart_disease__al-khatib-2017-aha-acc-hrs-guideline-va-and-scd_n0073/e_0007 spanConfidence 1.0
Rule_1408	?a type PatientCondition => ?a spanConfidence 1.0	chronotropic_incompetence_persisting_for_%3E6_weeks_after_heart_transplantation__glikson-2021-2021-esc-guidelines-on-cardiac-pacing-and-cardiac-resynchro_n0061/e_0021 type PatientCondition => chronotropic_incompetence_persisting_for_%3E6_weeks_after_heart_transplantation__glikson-2021-2021-esc-guidelines-on-cardiac-pacing-and-cardiac-resynchro_n0061/e_0021 spanConfidence 1.0
Rule_1408	?a type PatientCondition => ?a spanConfidence 1.0	not_from_ischemic_cardiomyopathy__execut-1_n0036/e_0003 type PatientCondition => not_from_ischemic_cardiomyopathy__execut-1_n0036/e_0003 spanConfidence 1.0
Rule_1408	?a type PatientCondition => ?a spanConfidence 1.0	symptomatic_HF_(NYHA_class_II%E2%80%93III)__mcdonagh-2023-esc-guidelines_n0045/e_0023 type PatientCondition => symptomatic_HF_(NYHA_class_II%E2%80%93III)__mcdonagh-2023-esc-guidelines_n0045/e_0023 spanConfidence 1.0
Rule_1408	?a type PatientCondition => ?a spanConfidence 1.0	arrhythmias__glikson-2021-2021-esc-guidelines-on-cardiac-pacing-and-cardiac-resynchro_n0080/e_0022 type PatientCondition => arrhythmias__glikson-2021-2021-esc-guidelines-on-cardiac-pacing-and-cardiac-resynchro_n0080/e_0022 spanConfidence 1.0
Rule_1408	?a type PatientCondition => ?a spanConfidence 1.0	syncope__pelliccia-2020-2020-esc-guidelines-on-sports-cardiology-and-exercise-in_n0057/e_0018 type PatientCondition => syncope__pelliccia-2020-2020-esc-guidelines-on-sports-cardiology-and-exercise-in_n0057/e_0018 spanConfidence 1.0
Rule_1408	?a type PatientCondition => ?a spanConfidence 1.0	conduction_disturbances__glikson-2021-2021-esc-guidelines-on-cardiac-pacing-and-cardiac-resynchro_n0036/e_0006 type PatientCondition => conduction_disturbances__glikson-2021-2021-esc-guidelines-on-cardiac-pacing-and-cardiac-resynchro_n0036/e_0006 spanConfidence 1.0
Rule_1408	?a type PatientCondition => ?a spanConfidence 1.0	HF__heidenreich-2022-aha-acc-hfsa-guidelines_n0033/e_0007 type PatientCondition => HF__heidenreich-2022-aha-acc-hfsa-guidelines_n0033/e_0007 spanConfidence 1.0
Rule_1408	?a type PatientCondition => ?a spanConfidence 1.0	DCM__mcdonagh-2023-esc-guidelines_n0023/e_0032 type PatientCondition => DCM__mcdonagh-2023-esc-guidelines_n0023/e_0032 spanConfidence 1.0
Rule_1408	?a type PatientCondition => ?a spanConfidence 1.0	Moderate_aortic_dilatation__pelliccia-2020-2020-esc-guidelines-on-sports-cardiology-and-exercise-in_n0053/e_0017 type PatientCondition => Moderate_aortic_dilatation__pelliccia-2020-2020-esc-guidelines-on-sports-cardiology-and-exercise-in_n0053/e_0017 spanConfidence 1.0
Rule_1408	?a type PatientCondition => ?a spanConfidence 1.0	Non-operable_severe_congenital_abnormalities__mcdonagh-2023-esc-guidelines_n0058/e_0009 type PatientCondition => Non-operable_severe_congenital_abnormalities__mcdonagh-2023-esc-guidelines_n0058/e_0009 spanConfidence 1.0
Rule_1408	?a type PatientCondition => ?a spanConfidence 1.0	Emery-Dreifuss_and_limb-girdle_type_IB_muscular_dystrophies__al-khatib-2017-aha-acc-hrs-guideline-va-and-scd_n0051/e_0007 type PatientCondition => Emery-Dreifuss_and_limb-girdle_type_IB_muscular_dystrophies__al-khatib-2017-aha-acc-hrs-guideline-va-and-scd_n0051/e_0007 spanConfidence 1.0
Rule_1408	?a type PatientCondition => ?a spanConfidence 1.0	outer_insulation_failure__braunschweig-2010-management-of-patients-receiving-implantable-cardiac-d_n0007/e_0039 type PatientCondition => outer_insulation_failure__braunschweig-2010-management-of-patients-receiving-implantable-cardiac-d_n0007/e_0039 spanConfidence 1.0
Rule_1408	?a type PatientCondition => ?a spanConfidence 1.0	Myopotentials__braunschweig-2010-management-of-patients-receiving-implantable-cardiac-d_n0007/e_0056 type PatientCondition => Myopotentials__braunschweig-2010-management-of-patients-receiving-implantable-cardiac-d_n0007/e_0056 spanConfidence 1.0
Rule_1408	?a type PatientCondition => ?a spanConfidence 1.0	HF__heidenreich-2022-aha-acc-hfsa-guidelines_n0033/e_0003 type PatientCondition => HF__heidenreich-2022-aha-acc-hfsa-guidelines_n0033/e_0003 spanConfidence 1.0
Rule_1408	?a type PatientCondition => ?a spanConfidence 1.0	HF__heidenreich-2022-aha-acc-hfsa-guidelines_n0030/e_0018 type PatientCondition => HF__heidenreich-2022-aha-acc-hfsa-guidelines_n0030/e_0018 spanConfidence 1.0
Rule_1408	?a type PatientCondition => ?a spanConfidence 1.0	sinus_arrest__glikson-2021-2021-esc-guidelines-on-cardiac-pacing-and-cardiac-resynchro_n0049/e_0010 type PatientCondition => sinus_arrest__glikson-2021-2021-esc-guidelines-on-cardiac-pacing-and-cardiac-resynchro_n0049/e_0010 spanConfidence 1.0
Rule_1408	?a type PatientCondition => ?a spanConfidence 1.0	potential_cardiac_channelopathy__al-khatib-2017-aha-acc-hrs-guideline-va-and-scd_n0079/e_0015 type PatientCondition => potential_cardiac_channelopathy__al-khatib-2017-aha-acc-hrs-guideline-va-and-scd_n0079/e_0015 spanConfidence 1.0
Rule_1408	?a type PatientCondition => ?a spanConfidence 1.0	short_QT_syndrome__al-khatib-2017-aha-acc-hrs-guideline-va-and-scd_n0060/e_0006 type PatientCondition => short_QT_syndrome__al-khatib-2017-aha-acc-hrs-guideline-va-and-scd_n0060/e_0006 spanConfidence 1.0
Rule_1408	?a type PatientCondition => ?a spanConfidence 1.0	meaningful_survival_of_greater_than_1_year__al-khatib-2017-aha-acc-hrs-guideline-va-and-scd_n0033/e_0025 type PatientCondition => meaningful_survival_of_greater_than_1_year__al-khatib-2017-aha-acc-hrs-guideline-va-and-scd_n0033/e_0025 spanConfidence 1.0
Rule_1408	?a type PatientCondition => ?a spanConfidence 1.0	potentially_heritable_cardiac_conditions__heidenreich-2022-aha-acc-hfsa-guidelines_n0108/e_0003 type PatientCondition => potentially_heritable_cardiac_conditions__heidenreich-2022-aha-acc-hfsa-guidelines_n0108/e_0003 spanConfidence 1.0
Rule_1408	?a type PatientCondition => ?a spanConfidence 1.0	pre-excitation__zeppenfeld-2022-esc-guidelines-va-and-scd_n0026/e_0018 type PatientCondition => pre-excitation__zeppenfeld-2022-esc-guidelines-va-and-scd_n0026/e_0018 spanConfidence 1.0
Rule_1408	?a type PatientCondition => ?a spanConfidence 1.0	conduction_disease__zeppenfeld-2022-esc-guidelines-va-and-scd_n0025/e_0014 type PatientCondition => conduction_disease__zeppenfeld-2022-esc-guidelines-va-and-scd_n0025/e_0014 spanConfidence 1.0
Rule_1408	?a type PatientCondition => ?a spanConfidence 1.0	IGT__ambrosetti-2020-secondary-prevention-comprehensive-cardiovascular-rehabi_n0013/e_9001 type PatientCondition => IGT__ambrosetti-2020-secondary-prevention-comprehensive-cardiovascular-rehabi_n0013/e_9001 spanConfidence 1.0
Rule_1408	?a type PatientCondition => ?a spanConfidence 1.0	absence_of_syncope__pelliccia-2020-2020-esc-guidelines-on-sports-cardiology-and-exercise-in_n0057/e_0026 type PatientCondition => absence_of_syncope__pelliccia-2020-2020-esc-guidelines-on-sports-cardiology-and-exercise-in_n0057/e_0026 spanConfidence 1.0
Rule_1408	?a type PatientCondition => ?a spanConfidence 1.0	SCD__al-khatib-2017-aha-acc-hrs-guideline-va-and-scd_n0079/e_0018 type PatientCondition => SCD__al-khatib-2017-aha-acc-hrs-guideline-va-and-scd_n0079/e_0018 spanConfidence 1.0
Rule_1408	?a type PatientCondition => ?a spanConfidence 1.0	inability_to_exercise__mcdonagh-2023-esc-guidelines_n0058/e_0025 type PatientCondition => inability_to_exercise__mcdonagh-2023-esc-guidelines_n0058/e_0025 spanConfidence 1.0
Rule_1408	?a type PatientCondition => ?a spanConfidence 1.0	fall_in_blood_pressure_below_baseline__regitz-zagrosek-2018-2018-esc-guideline-for-the-management-of-cardiovasc_n0022/e_0039 type PatientCondition => fall_in_blood_pressure_below_baseline__regitz-zagrosek-2018-2018-esc-guideline-for-the-management-of-cardiovasc_n0022/e_0039 spanConfidence 1.0
Rule_1408	?a type PatientCondition => ?a spanConfidence 1.0	Increased_JVP__sectio-4_n0004/e_0019 type PatientCondition => Increased_JVP__sectio-4_n0004/e_0019 spanConfidence 1.0
Rule_1408	?a type PatientCondition => ?a spanConfidence 1.0	symptomatic_HF__heidenreich-2022-aha-acc-hfsa-guidelines_n0013/e_0009 type PatientCondition => symptomatic_HF__heidenreich-2022-aha-acc-hfsa-guidelines_n0013/e_0009 spanConfidence 1.0
Rule_1408	?a type PatientCondition => ?a spanConfidence 1.0	AF__glikson-2021-2021-esc-guidelines-on-cardiac-pacing-and-cardiac-resynchro_n0052/e_0006 type PatientCondition => AF__glikson-2021-2021-esc-guidelines-on-cardiac-pacing-and-cardiac-resynchro_n0052/e_0006 spanConfidence 1.0
Rule_1408	?a type PatientCondition => ?a spanConfidence 1.0	potential_causes_of_bradycardia__glikson-2021-2021-esc-guidelines-on-cardiac-pacing-and-cardiac-resynchro_n0084/e_0024 type PatientCondition => potential_causes_of_bradycardia__glikson-2021-2021-esc-guidelines-on-cardiac-pacing-and-cardiac-resynchro_n0084/e_0024 spanConfidence 1.0
Rule_1408	?a type PatientCondition => ?a spanConfidence 1.0	HFpEF__glikson-2021-2021-esc-guidelines-on-cardiac-pacing-and-cardiac-resynchro_n0052/e_0028 type PatientCondition => HFpEF__glikson-2021-2021-esc-guidelines-on-cardiac-pacing-and-cardiac-resynchro_n0052/e_0028 spanConfidence 1.0
Rule_1408	?a type PatientCondition => ?a spanConfidence 1.0	fever__glikson-2021-2021-esc-guidelines-on-cardiac-pacing-and-cardiac-resynchro_n0073/e_0013 type PatientCondition => fever__glikson-2021-2021-esc-guidelines-on-cardiac-pacing-and-cardiac-resynchro_n0073/e_0013 spanConfidence 1.0
Rule_1408	?a type PatientCondition => ?a spanConfidence 1.0	bradyarrhythmias_related_to_SND__glikson-2021-2021-esc-guidelines-on-cardiac-pacing-and-cardiac-resynchro_n0046/e_0044 type PatientCondition => bradyarrhythmias_related_to_SND__glikson-2021-2021-esc-guidelines-on-cardiac-pacing-and-cardiac-resynchro_n0046/e_0044 spanConfidence 1.0
Rule_1408	?a type PatientCondition => ?a spanConfidence 1.0	conservative_and_medical_therapy_has_failed__regitz-zagrosek-2018-2018-esc-guideline-for-the-management-of-cardiovasc_n0016/e_0059 type PatientCondition => conservative_and_medical_therapy_has_failed__regitz-zagrosek-2018-2018-esc-guideline-for-the-management-of-cardiovasc_n0016/e_0059 spanConfidence 1.0
Rule_1408	?a type PatientCondition => ?a spanConfidence 1.0	pregnancy__regitz-zagrosek-2018-2018-esc-guideline-for-the-management-of-cardiovasc_n0018/e_0003 type PatientCondition => pregnancy__regitz-zagrosek-2018-2018-esc-guideline-for-the-management-of-cardiovasc_n0018/e_0003 spanConfidence 1.0
Rule_1408	?a type PatientCondition => ?a spanConfidence 1.0	absence_of_clinical_safety_data__regitz-zagrosek-2018-2018-esc-guideline-for-the-management-of-cardiovasc_n0051/e_0005 type PatientCondition => absence_of_clinical_safety_data__regitz-zagrosek-2018-2018-esc-guideline-for-the-management-of-cardiovasc_n0051/e_0005 spanConfidence 1.0
Rule_1408	?a type PatientCondition => ?a spanConfidence 1.0	identification_of_residual_congestion__tsutsui-2023-natriuretic-peptides-role-in-the-diagnosis-and-management-o_n0003/e_0012 type PatientCondition => identification_of_residual_congestion__tsutsui-2023-natriuretic-peptides-role-in-the-diagnosis-and-management-o_n0003/e_0012 spanConfidence 1.0
Rule_1408	?a type PatientCondition => ?a spanConfidence 1.0	hypoxaemia__zeppenfeld-2022-esc-guidelines-va-and-scd_n0035/e_0008 type PatientCondition => hypoxaemia__zeppenfeld-2022-esc-guidelines-va-and-scd_n0035/e_0008 spanConfidence 1.0
Rule_1408	?a type PatientCondition => ?a spanConfidence 1.0	intrinsic_QRS_is_narrow__glikson-2021-2021-esc-guidelines-on-cardiac-pacing-and-cardiac-resynchro_n0057/e_0020 type PatientCondition => intrinsic_QRS_is_narrow__glikson-2021-2021-esc-guidelines-on-cardiac-pacing-and-cardiac-resynchro_n0057/e_0020 spanConfidence 1.0
Rule_1408	?a type PatientCondition => ?a spanConfidence 1.0	low_percentage_of_biventricular_pacing__ferrick-2023-2023-hrs-ehra-aphrs-lahrs-expert-consensus-statement-on-pra_n0023/e_0012 type PatientCondition => low_percentage_of_biventricular_pacing__ferrick-2023-2023-hrs-ehra-aphrs-lahrs-expert-consensus-statement-on-pra_n0023/e_0012 spanConfidence 1.0
Rule_1408	?a type PatientCondition => ?a spanConfidence 1.0	arterial_hypertension_and_type_2_diabetes__pelliccia-2020-2020-esc-guidelines-on-sports-cardiology-and-exercise-in_n0075/e_0009 type PatientCondition => arterial_hypertension_and_type_2_diabetes__pelliccia-2020-2020-esc-guidelines-on-sports-cardiology-and-exercise-in_n0075/e_0009 spanConfidence 1.0
Rule_1408	?a type PatientCondition => ?a spanConfidence 1.0	constrictive_pericarditis__mcdonagh-2023-esc-guidelines_n0032/e_0004 type PatientCondition => constrictive_pericarditis__mcdonagh-2023-esc-guidelines_n0032/e_0004 spanConfidence 1.0
Rule_1408	?a type PatientCondition => ?a spanConfidence 1.0	coronary_artery_stenosis__mcdonagh-2023-esc-guidelines_n0023/e_0012 type PatientCondition => coronary_artery_stenosis__mcdonagh-2023-esc-guidelines_n0023/e_0012 spanConfidence 1.0
Rule_1408	?a type PatientCondition => ?a spanConfidence 1.0	myocardial_infiltrative_processes__al-khatib-2017-aha-acc-hrs-guideline-va-and-scd_n0038/e_0003 type PatientCondition => myocardial_infiltrative_processes__al-khatib-2017-aha-acc-hrs-guideline-va-and-scd_n0038/e_0003 spanConfidence 1.0
Rule_1408	?a type PatientCondition => ?a spanConfidence 1.0	reversible_causes__zeppenfeld-2022-esc-guidelines-va-and-scd_n0035/e_0005 type PatientCondition => reversible_causes__zeppenfeld-2022-esc-guidelines-va-and-scd_n0035/e_0005 spanConfidence 1.0
Rule_1408	?a type PatientCondition => ?a spanConfidence 1.0	swelling__riegel-2009-promoting-self-care-in-persons-with-heart-failure_n0002/e_0008 type PatientCondition => swelling__riegel-2009-promoting-self-care-in-persons-with-heart-failure_n0002/e_0008 spanConfidence 1.0
Rule_1408	?a type PatientCondition => ?a spanConfidence 1.0	specific_causes__heidenreich-2022-aha-acc-hfsa-guidelines_n0013/e_0020 type PatientCondition => specific_causes__heidenreich-2022-aha-acc-hfsa-guidelines_n0013/e_0020 spanConfidence 1.0
Rule_1408	?a type PatientCondition => ?a spanConfidence 1.0	social_isolation__riegel-2009-promoting-self-care-in-persons-with-heart-failure_n0004/e_0093 type PatientCondition => social_isolation__riegel-2009-promoting-self-care-in-persons-with-heart-failure_n0004/e_0093 spanConfidence 1.0
Rule_1408	?a type PatientCondition => ?a spanConfidence 1.0	Type_I_BrS_ECG__zeppenfeld-2022-esc-guidelines-va-and-scd_n0025/e_0012 type PatientCondition => Type_I_BrS_ECG__zeppenfeld-2022-esc-guidelines-va-and-scd_n0025/e_0012 spanConfidence 1.0
Rule_1408	?a type PatientCondition => ?a spanConfidence 1.0	severe_HF__mcdonagh-2023-esc-guidelines_n0031/e_0050 type PatientCondition => severe_HF__mcdonagh-2023-esc-guidelines_n0031/e_0050 spanConfidence 1.0
Rule_1408	?a type PatientCondition => ?a spanConfidence 1.0	restrictive_cardiomyopathy__mcdonagh-2023-esc-guidelines_n0032/e_0005 type PatientCondition => restrictive_cardiomyopathy__mcdonagh-2023-esc-guidelines_n0032/e_0005 spanConfidence 1.0
Rule_1408	?a type PatientCondition => ?a spanConfidence 1.0	electrolyte_imbalances__zeppenfeld-2022-esc-guidelines-va-and-scd_n0035/e_0006 type PatientCondition => electrolyte_imbalances__zeppenfeld-2022-esc-guidelines-va-and-scd_n0035/e_0006 spanConfidence 1.0
Rule_1408	?a type PatientCondition => ?a spanConfidence 1.0	heritable_disease__al-khatib-2017-aha-acc-hrs-guideline-va-and-scd_n0038/e_0020 type PatientCondition => heritable_disease__al-khatib-2017-aha-acc-hrs-guideline-va-and-scd_n0038/e_0020 spanConfidence 1.0
Rule_1408	?a type PatientCondition => ?a spanConfidence 1.0	Pregnancy__regitz-zagrosek-2018-2018-esc-guideline-for-the-management-of-cardiovasc_n0048/e_0037 type PatientCondition => Pregnancy__regitz-zagrosek-2018-2018-esc-guideline-for-the-management-of-cardiovasc_n0048/e_0037 spanConfidence 1.0
Rule_1408	?a type PatientCondition => ?a spanConfidence 1.0	electrocardiographic_abnormalities__al-khatib-2017-aha-acc-hrs-guideline-va-and-scd_n0042/e_0010 type PatientCondition => electrocardiographic_abnormalities__al-khatib-2017-aha-acc-hrs-guideline-va-and-scd_n0042/e_0010 spanConfidence 1.0
Rule_1408	?a type PatientCondition => ?a spanConfidence 1.0	early_repolarization_pattern_on_ECG__al-khatib-2017-aha-acc-hrs-guideline-va-and-scd_n0059/e_0006 type PatientCondition => early_repolarization_pattern_on_ECG__al-khatib-2017-aha-acc-hrs-guideline-va-and-scd_n0059/e_0006 spanConfidence 1.0
Rule_1408	?a type PatientCondition => ?a spanConfidence 1.0	pelvic_thrombosis__regitz-zagrosek-2018-2018-esc-guideline-for-the-management-of-cardiovasc_n0029/e_0037 type PatientCondition => pelvic_thrombosis__regitz-zagrosek-2018-2018-esc-guideline-for-the-management-of-cardiovasc_n0029/e_0037 spanConfidence 1.0
Rule_1408	?a type PatientCondition => ?a spanConfidence 1.0	significant_comorbidities__lenarczyk-2024-management-of-patients-with-an-electrical-storm-or-cluste_n0023/e_0009 type PatientCondition => significant_comorbidities__lenarczyk-2024-management-of-patients-with-an-electrical-storm-or-cluste_n0023/e_0009 spanConfidence 1.0
Rule_1408	?a type PatientCondition => ?a spanConfidence 1.0	refractory_HF_symptoms__al-khatib-2017-aha-acc-hrs-guideline-va-and-scd_n0080/e_0009 type PatientCondition => refractory_HF_symptoms__al-khatib-2017-aha-acc-hrs-guideline-va-and-scd_n0080/e_0009 spanConfidence 1.0
Rule_1408	?a type PatientCondition => ?a spanConfidence 1.0	Atrial_and_ventricular_arrhythmias__braunschweig-2010-management-of-patients-receiving-implantable-cardiac-d_n0007/e_0065 type PatientCondition => Atrial_and_ventricular_arrhythmias__braunschweig-2010-management-of-patients-receiving-implantable-cardiac-d_n0007/e_0065 spanConfidence 1.0
Rule_1408	?a type PatientCondition => ?a spanConfidence 1.0	severe_ADHF__execut-1_n0020/e_0002 type PatientCondition => severe_ADHF__execut-1_n0020/e_0002 spanConfidence 1.0
Rule_1408	?a type PatientCondition => ?a spanConfidence 1.0	Severe_aortic_dilatation__pelliccia-2020-2020-esc-guidelines-on-sports-cardiology-and-exercise-in_n0053/e_0031 type PatientCondition => Severe_aortic_dilatation__pelliccia-2020-2020-esc-guidelines-on-sports-cardiology-and-exercise-in_n0053/e_0031 spanConfidence 1.0
Rule_1408	?a type PatientCondition => ?a spanConfidence 1.0	proband_has_a_disease_causing_mutation__al-khatib-2017-aha-acc-hrs-guideline-va-and-scd_n0042/e_0006 type PatientCondition => proband_has_a_disease_causing_mutation__al-khatib-2017-aha-acc-hrs-guideline-va-and-scd_n0042/e_0006 spanConfidence 1.0
Rule_1408	?a type PatientCondition => ?a spanConfidence 1.0	myocardial_ischaemia__mcdonagh-2023-esc-guidelines_n0031/e_0033 type PatientCondition => myocardial_ischaemia__mcdonagh-2023-esc-guidelines_n0031/e_0033 spanConfidence 1.0
Rule_1408	?a type PatientCondition => ?a spanConfidence 1.0	heart_problem__cardiosmart-decision-aid-icd-for-hf_n0002/e_0054 type PatientCondition => heart_problem__cardiosmart-decision-aid-icd-for-hf_n0002/e_0054 spanConfidence 1.0
Rule_1408	?a type PatientCondition => ?a spanConfidence 1.0	presence_of_ischaemia__mcdonagh-2023-esc-guidelines_n0031/e_0025 type PatientCondition => presence_of_ischaemia__mcdonagh-2023-esc-guidelines_n0031/e_0025 spanConfidence 1.0
Rule_1408	?a type PatientCondition => ?a spanConfidence 1.0	significant_ventricular_dysfunction__al-khatib-2017-aha-acc-hrs-guideline-va-and-scd_n0042/e_0019 type PatientCondition => significant_ventricular_dysfunction__al-khatib-2017-aha-acc-hrs-guideline-va-and-scd_n0042/e_0019 spanConfidence 1.0
Rule_1408	?a type PatientCondition => ?a spanConfidence 1.0	blood_pressure_remains_%3E_130/80_mm_Hg__sectio-1_n0030/e_0027 type PatientCondition => blood_pressure_remains_%3E_130/80_mm_Hg__sectio-1_n0030/e_0027 spanConfidence 1.0
Rule_1408	?a type PatientCondition => ?a spanConfidence 1.0	clinical_findings__al-khatib-2017-aha-acc-hrs-guideline-va-and-scd_n0079/e_0010 type PatientCondition => clinical_findings__al-khatib-2017-aha-acc-hrs-guideline-va-and-scd_n0079/e_0010 spanConfidence 1.0
Rule_1408	?a type PatientCondition => ?a spanConfidence 1.0	pregnancy__regitz-zagrosek-2018-2018-esc-guideline-for-the-management-of-cardiovasc_n0018/e_0012 type PatientCondition => pregnancy__regitz-zagrosek-2018-2018-esc-guideline-for-the-management-of-cardiovasc_n0018/e_0012 spanConfidence 1.0
Rule_1408	?a type PatientCondition => ?a spanConfidence 1.0	reduced_LVEF__execut-1_n0035/e_0036 type PatientCondition => reduced_LVEF__execut-1_n0035/e_0036 spanConfidence 1.0
Rule_1408	?a type PatientCondition => ?a spanConfidence 1.0	family_history_of_LVNC_or_cardiomyopathy__pelliccia-2020-2020-esc-guidelines-on-sports-cardiology-and-exercise-in_n0057/e_0005 type PatientCondition => family_history_of_LVNC_or_cardiomyopathy__pelliccia-2020-2020-esc-guidelines-on-sports-cardiology-and-exercise-in_n0057/e_0005 spanConfidence 1.0
Rule_1408	?a type PatientCondition => ?a spanConfidence 1.0	dyspnoea__mcdonagh-2023-esc-guidelines_n0031/e_0039 type PatientCondition => dyspnoea__mcdonagh-2023-esc-guidelines_n0031/e_0039 spanConfidence 1.0
Rule_1408	?a type PatientCondition => ?a spanConfidence 1.0	symptoms__cardiosmart-modul1-zusammengefugt_n0002/e_0017 type PatientCondition => symptoms__cardiosmart-modul1-zusammengefugt_n0002/e_0017 spanConfidence 1.0
Rule_1408	?a type PatientCondition => ?a spanConfidence 1.0	haemodynamic-compromising_bradyarrhythmia_refractory_to_intravenous_chronotropic_drugs__glikson-2021-2021-esc-guidelines-on-cardiac-pacing-and-cardiac-resynchro_n0086/e_0035 type PatientCondition => haemodynamic-compromising_bradyarrhythmia_refractory_to_intravenous_chronotropic_drugs__glikson-2021-2021-esc-guidelines-on-cardiac-pacing-and-cardiac-resynchro_n0086/e_0035 spanConfidence 1.0
Rule_1408	?a type PatientCondition => ?a spanConfidence 1.0	persistent_signs_of_congestion__mcdonagh-2023-esc-guidelines_n0021/e_0014 type PatientCondition => persistent_signs_of_congestion__mcdonagh-2023-esc-guidelines_n0021/e_0014 spanConfidence 1.0
Rule_1408	?a type PatientCondition => ?a spanConfidence 1.0	VA__al-khatib-2017-aha-acc-hrs-guideline-va-and-scd_n0039/e_0015 type PatientCondition => VA__al-khatib-2017-aha-acc-hrs-guideline-va-and-scd_n0039/e_0015 spanConfidence 1.0
Rule_1408	?a type PatientCondition => ?a spanConfidence 1.0	PND_or_cough__sectio-4_n0004/e_0025 type PatientCondition => PND_or_cough__sectio-4_n0004/e_0025 spanConfidence 1.0
Rule_1408	?a type PatientCondition => ?a spanConfidence 1.0	Pauses_%3E3%C3%97_the_cycle_length_of_the_ventricular_escape_rhythm__glikson-2021-2021-esc-guidelines-on-cardiac-pacing-and-cardiac-resynchro_n0064/e_0005 type PatientCondition => Pauses_%3E3%C3%97_the_cycle_length_of_the_ventricular_escape_rhythm__glikson-2021-2021-esc-guidelines-on-cardiac-pacing-and-cardiac-resynchro_n0064/e_0005 spanConfidence 1.0
Rule_1408	?a type PatientCondition => ?a spanConfidence 1.0	complete_AVB_with_low_or_no_escape_rhythm_when_resolution_is_unlikely__glikson-2021-2021-esc-guidelines-on-cardiac-pacing-and-cardiac-resynchro_n0061/e_0005 type PatientCondition => complete_AVB_with_low_or_no_escape_rhythm_when_resolution_is_unlikely__glikson-2021-2021-esc-guidelines-on-cardiac-pacing-and-cardiac-resynchro_n0061/e_0005 spanConfidence 1.0
Rule_1408	?a type PatientCondition => ?a spanConfidence 1.0	abnormal_response_to_pharmacological_challenge__glikson-2021-2021-esc-guidelines-on-cardiac-pacing-and-cardiac-resynchro_n0085/e_0036 type PatientCondition => abnormal_response_to_pharmacological_challenge__glikson-2021-2021-esc-guidelines-on-cardiac-pacing-and-cardiac-resynchro_n0085/e_0036 spanConfidence 1.0
Rule_1408	?a type PatientCondition => ?a spanConfidence 1.0	drug-induced_VAs__zeppenfeld-2022-esc-guidelines-va-and-scd_n0035/e_0003 type PatientCondition => drug-induced_VAs__zeppenfeld-2022-esc-guidelines-va-and-scd_n0035/e_0003 spanConfidence 1.0
Rule_1408	?a type PatientCondition => ?a spanConfidence 1.0	diabetes__cardiosmart-modul1-zusammengefugt_n0002/e_0003 type PatientCondition => diabetes__cardiosmart-modul1-zusammengefugt_n0002/e_0003 spanConfidence 1.0
Rule_1408	?a type PatientCondition => ?a spanConfidence 1.0	iron_deficiency__mcdonagh-2023-esc-guidelines_n0022/e_0150 type PatientCondition => iron_deficiency__mcdonagh-2023-esc-guidelines_n0022/e_0150 spanConfidence 1.0
Rule_1408	?a type PatientCondition => ?a spanConfidence 1.0	T-wave_oversensing__braunschweig-2010-management-of-patients-receiving-implantable-cardiac-d_n0007/e_0001 type PatientCondition => T-wave_oversensing__braunschweig-2010-management-of-patients-receiving-implantable-cardiac-d_n0007/e_0001 spanConfidence 1.0
Rule_1408	?a type PatientCondition => ?a spanConfidence 1.0	hemodynamically_unstable_VT__al-khatib-2017-aha-acc-hrs-guideline-va-and-scd_n0039/e_0021 type PatientCondition => hemodynamically_unstable_VT__al-khatib-2017-aha-acc-hrs-guideline-va-and-scd_n0039/e_0021 spanConfidence 1.0
Rule_1408	?a type PatientCondition => ?a spanConfidence 1.0	pectoral_myopotentials__braunschweig-2010-management-of-patients-receiving-implantable-cardiac-d_n0007/e_0057 type PatientCondition => pectoral_myopotentials__braunschweig-2010-management-of-patients-receiving-implantable-cardiac-d_n0007/e_0057 spanConfidence 1.0
Rule_1408	?a type PatientCondition => ?a spanConfidence 1.0	non-ischaemic_aetiology__mcdonagh-2023-esc-guidelines_n0045/e_0024 type PatientCondition => non-ischaemic_aetiology__mcdonagh-2023-esc-guidelines_n0045/e_0024 spanConfidence 1.0
Rule_1408	?a type PatientCondition => ?a spanConfidence 1.0	risk_of_sudden_cardiac_death__mcdonagh-2023-esc-guidelines_n0045/e_0036 type PatientCondition => risk_of_sudden_cardiac_death__mcdonagh-2023-esc-guidelines_n0045/e_0036 spanConfidence 1.0
Rule_1408	?a type PatientCondition => ?a spanConfidence 1.0	weight_loss__riegel-2009-promoting-self-care-in-persons-with-heart-failure_n0004/e_0044 type PatientCondition => weight_loss__riegel-2009-promoting-self-care-in-persons-with-heart-failure_n0004/e_0044 spanConfidence 1.0
Rule_1408	?a type PatientCondition => ?a spanConfidence 1.0	bifascicular_block__glikson-2021-2021-esc-guidelines-on-cardiac-pacing-and-cardiac-resynchro_n0085/e_0041 type PatientCondition => bifascicular_block__glikson-2021-2021-esc-guidelines-on-cardiac-pacing-and-cardiac-resynchro_n0085/e_0041 spanConfidence 1.0
Rule_1408	?a type PatientCondition => ?a spanConfidence 1.0	second-_or_third-degree_intra-_or_infra-Hisian_block_during_incremental_atrial_pacing__glikson-2021-2021-esc-guidelines-on-cardiac-pacing-and-cardiac-resynchro_n0085/e_0035 type PatientCondition => second-_or_third-degree_intra-_or_infra-Hisian_block_during_incremental_atrial_pacing__glikson-2021-2021-esc-guidelines-on-cardiac-pacing-and-cardiac-resynchro_n0085/e_0035 spanConfidence 1.0
Rule_1408	?a type PatientCondition => ?a spanConfidence 1.0	no_evidence_of_ongoing_inflammation_or_myocardial_fibrosis_on_CMR__pelliccia-2020-2020-esc-guidelines-on-sports-cardiology-and-exercise-in_n0060/e_0014 type PatientCondition => no_evidence_of_ongoing_inflammation_or_myocardial_fibrosis_on_CMR__pelliccia-2020-2020-esc-guidelines-on-sports-cardiology-and-exercise-in_n0060/e_0014 spanConfidence 1.0
Rule_1408	?a type PatientCondition => ?a spanConfidence 1.0	essential_fatty_acid_deficiency__vest-2019-nutrition-obesity-and-cachexia-in-patients-with-heart-failure_n0002/e_0014 type PatientCondition => essential_fatty_acid_deficiency__vest-2019-nutrition-obesity-and-cachexia-in-patients-with-heart-failure_n0002/e_0014 spanConfidence 1.0
Rule_1408	?a type PatientCondition => ?a spanConfidence 1.0	concomitant_VT__braunschweig-2010-management-of-patients-receiving-implantable-cardiac-d_n0007/e_0068 type PatientCondition => concomitant_VT__braunschweig-2010-management-of-patients-receiving-implantable-cardiac-d_n0007/e_0068 spanConfidence 1.0
Rule_1408	?a type PatientCondition => ?a spanConfidence 1.0	VA__al-khatib-2017-aha-acc-hrs-guideline-va-and-scd_n0074/e_0018 type PatientCondition => VA__al-khatib-2017-aha-acc-hrs-guideline-va-and-scd_n0074/e_0018 spanConfidence 1.0
Rule_1408	?a type PatientCondition => ?a spanConfidence 1.0	suspected_arrhythmogenic_right_ventricular_cardiomyopathy__al-khatib-2017-aha-acc-hrs-guideline-va-and-scd_n0042/e_0008 type PatientCondition => suspected_arrhythmogenic_right_ventricular_cardiomyopathy__al-khatib-2017-aha-acc-hrs-guideline-va-and-scd_n0042/e_0008 spanConfidence 1.0
Rule_1408	?a type PatientCondition => ?a spanConfidence 1.0	anaemia_in_HF__mcdonagh-2023-esc-guidelines_n0022/e_0157 type PatientCondition => anaemia_in_HF__mcdonagh-2023-esc-guidelines_n0022/e_0157 spanConfidence 1.0
Rule_1408	?a type PatientCondition => ?a spanConfidence 1.0	NYHA_class_IV_symptoms__al-khatib-2017-aha-acc-hrs-guideline-va-and-scd_n0035/e_0038 type PatientCondition => NYHA_class_IV_symptoms__al-khatib-2017-aha-acc-hrs-guideline-va-and-scd_n0035/e_0038 spanConfidence 1.0
Rule_1408	?a type PatientCondition => ?a spanConfidence 1.0	High-degree_or_complete_AVB_after_cardiac_surgery__glikson-2021-2021-esc-guidelines-on-cardiac-pacing-and-cardiac-resynchro_n0086/e_0001 type PatientCondition => High-degree_or_complete_AVB_after_cardiac_surgery__glikson-2021-2021-esc-guidelines-on-cardiac-pacing-and-cardiac-resynchro_n0086/e_0001 spanConfidence 1.0
Rule_1408	?a type PatientCondition => ?a spanConfidence 1.0	congenital_heart_disease__mcdonagh-2023-esc-guidelines_n0032/e_0006 type PatientCondition => congenital_heart_disease__mcdonagh-2023-esc-guidelines_n0032/e_0006 spanConfidence 1.0
Rule_1408	?a type PatientCondition => ?a spanConfidence 1.0	sustained_VT__al-khatib-2017-aha-acc-hrs-guideline-va-and-scd_n0042/e_0018 type PatientCondition => sustained_VT__al-khatib-2017-aha-acc-hrs-guideline-va-and-scd_n0042/e_0018 spanConfidence 1.0
Rule_1408	?a type PatientCondition => ?a spanConfidence 1.0	moderate_HF__sectio-1_n0016/e_0026 type PatientCondition => moderate_HF__sectio-1_n0016/e_0026 spanConfidence 1.0
Rule_1408	?a type PatientCondition => ?a spanConfidence 1.0	Wasting_of_subcutaneous_fat_and/or_skeletal_muscle__vest-2019-nutrition-obesity-and-cachexia-in-patients-with-heart-failure_n0002/e_0007 type PatientCondition => Wasting_of_subcutaneous_fat_and/or_skeletal_muscle__vest-2019-nutrition-obesity-and-cachexia-in-patients-with-heart-failure_n0002/e_0007 spanConfidence 1.0
Rule_1408	?a type PatientCondition => ?a spanConfidence 1.0	pregnant__heidenreich-2022-aha-acc-hfsa-guidelines_n0107/e_0015 type PatientCondition => pregnant__heidenreich-2022-aha-acc-hfsa-guidelines_n0107/e_0015 spanConfidence 1.0
Rule_1408	?a type PatientCondition => ?a spanConfidence 1.0	Worsened_congestion__execut-1_n0020/e_0012 type PatientCondition => Worsened_congestion__execut-1_n0020/e_0012 spanConfidence 1.0
Rule_1408	?a type PatientCondition => ?a spanConfidence 1.0	NYHA_II%E2%80%93IV__sbolli-2020-depression-and-heart-failure_n0003/e_0003 type PatientCondition => NYHA_II%E2%80%93IV__sbolli-2020-depression-and-heart-failure_n0003/e_0003 spanConfidence 1.0
Rule_1408	?a type PatientCondition => ?a spanConfidence 1.0	diagnosis_of_HF__tsutsui-2023-natriuretic-peptides-role-in-the-diagnosis-and-management-o_n0001/e_0024 type PatientCondition => diagnosis_of_HF__tsutsui-2023-natriuretic-peptides-role-in-the-diagnosis-and-management-o_n0001/e_0024 spanConfidence 1.0
Rule_1408	?a type PatientCondition => ?a spanConfidence 1.0	presence_of_structural_heart_disease__glikson-2021-2021-esc-guidelines-on-cardiac-pacing-and-cardiac-resynchro_n0084/e_0018 type PatientCondition => presence_of_structural_heart_disease__glikson-2021-2021-esc-guidelines-on-cardiac-pacing-and-cardiac-resynchro_n0084/e_0018 spanConfidence 1.0
Rule_1408	?a type PatientCondition => ?a spanConfidence 1.0	preeclampsia__heidenreich-2022-aha-acc-hfsa-guidelines_n0108/e_0038 type PatientCondition => preeclampsia__heidenreich-2022-aha-acc-hfsa-guidelines_n0108/e_0038 spanConfidence 1.0
Rule_1408	?a type PatientCondition => ?a spanConfidence 1.0	bradyarrhythmias__glikson-2021-2021-esc-guidelines-on-cardiac-pacing-and-cardiac-resynchro_n0046/e_0009 type PatientCondition => bradyarrhythmias__glikson-2021-2021-esc-guidelines-on-cardiac-pacing-and-cardiac-resynchro_n0046/e_0009 spanConfidence 1.0
Rule_1408	?a type PatientCondition => ?a spanConfidence 1.0	planning_for_pregnancy__heidenreich-2022-aha-acc-hfsa-guidelines_n0107/e_0016 type PatientCondition => planning_for_pregnancy__heidenreich-2022-aha-acc-hfsa-guidelines_n0107/e_0016 spanConfidence 1.0
Rule_1408	?a type PatientCondition => ?a spanConfidence 1.0	possible_correctable_cause__zeppenfeld-2022-esc-guidelines-va-and-scd_n0035/e_0011 type PatientCondition => possible_correctable_cause__zeppenfeld-2022-esc-guidelines-va-and-scd_n0035/e_0011 spanConfidence 1.0
Rule_1408	?a type PatientCondition => ?a spanConfidence 1.0	SND__glikson-2021-2021-esc-guidelines-on-cardiac-pacing-and-cardiac-resynchro_n0046/e_0045 type PatientCondition => SND__glikson-2021-2021-esc-guidelines-on-cardiac-pacing-and-cardiac-resynchro_n0046/e_0045 spanConfidence 1.0
Rule_1408	?a type PatientCondition => ?a spanConfidence 1.0	comorbidities__mcdonagh-2023-esc-guidelines_n0021/e_0048 type PatientCondition => comorbidities__mcdonagh-2023-esc-guidelines_n0021/e_0048 spanConfidence 1.0
Rule_1408	?a type PatientCondition => ?a spanConfidence 1.0	HCM__regitz-zagrosek-2018-2018-esc-guideline-for-the-management-of-cardiovasc_n0025/e_0047 type PatientCondition => HCM__regitz-zagrosek-2018-2018-esc-guideline-for-the-management-of-cardiovasc_n0025/e_0047 spanConfidence 1.0
Rule_1408	?a type PatientCondition => ?a spanConfidence 1.0	Symptoms__glikson-2021-2021-esc-guidelines-on-cardiac-pacing-and-cardiac-resynchro_n0064/e_0004 type PatientCondition => Symptoms__glikson-2021-2021-esc-guidelines-on-cardiac-pacing-and-cardiac-resynchro_n0064/e_0004 spanConfidence 1.0
Rule_1408	?a type PatientCondition => ?a spanConfidence 1.0	probable_pulmonary_hypertension__mcdonagh-2023-esc-guidelines_n0032/e_0010 type PatientCondition => probable_pulmonary_hypertension__mcdonagh-2023-esc-guidelines_n0032/e_0010 spanConfidence 1.0
Rule_1408	?a type PatientCondition => ?a spanConfidence 1.0	obstructive_and_central_sleep_apnea__heidenreich-2022-aha-acc-hfsa-guidelines_n0099/e_0019 type PatientCondition => obstructive_and_central_sleep_apnea__heidenreich-2022-aha-acc-hfsa-guidelines_n0099/e_0019 spanConfidence 1.0
Rule_1408	?a type PatientCondition => ?a spanConfidence 1.0	without_other_evidence_of_atherosclerotic_vascular_disease__execut-1_n0035/e_0004 type PatientCondition => without_other_evidence_of_atherosclerotic_vascular_disease__execut-1_n0035/e_0004 spanConfidence 1.0
Rule_1408	?a type PatientCondition => ?a spanConfidence 1.0	LVEF_does_not_normalize__regitz-zagrosek-2018-2018-esc-guideline-for-the-management-of-cardiovasc_n0025/e_0038 type PatientCondition => LVEF_does_not_normalize__regitz-zagrosek-2018-2018-esc-guideline-for-the-management-of-cardiovasc_n0025/e_0038 spanConfidence 1.0
Rule_1408	?a type PatientCondition => ?a spanConfidence 1.0	SND__glikson-2021-2021-esc-guidelines-on-cardiac-pacing-and-cardiac-resynchro_n0085/e_0015 type PatientCondition => SND__glikson-2021-2021-esc-guidelines-on-cardiac-pacing-and-cardiac-resynchro_n0085/e_0015 spanConfidence 1.0
Rule_1408	?a type PatientCondition => ?a spanConfidence 1.0	malfunction__braunschweig-2010-management-of-patients-receiving-implantable-cardiac-d_n0007/e_0045 type PatientCondition => malfunction__braunschweig-2010-management-of-patients-receiving-implantable-cardiac-d_n0007/e_0045 spanConfidence 1.0
Rule_1408	?a type PatientCondition => ?a spanConfidence 1.0	severe_bradycardia__glikson-2021-2021-esc-guidelines-on-cardiac-pacing-and-cardiac-resynchro_n0085/e_0003 type PatientCondition => severe_bradycardia__glikson-2021-2021-esc-guidelines-on-cardiac-pacing-and-cardiac-resynchro_n0085/e_0003 spanConfidence 1.0
Rule_1408	?a type PatientCondition => ?a spanConfidence 1.0	chronic_thrombo-embolic_pulmonary_hypertension__regitz-zagrosek-2018-2018-esc-guideline-for-the-management-of-cardiovasc_n0017/e_0007 type PatientCondition => chronic_thrombo-embolic_pulmonary_hypertension__regitz-zagrosek-2018-2018-esc-guideline-for-the-management-of-cardiovasc_n0017/e_0007 spanConfidence 1.0
Rule_1408	?a type PatientCondition => ?a spanConfidence 1.0	progressive_cardiac_involvement__al-khatib-2017-aha-acc-hrs-guideline-va-and-scd_n0051/e_0008 type PatientCondition => progressive_cardiac_involvement__al-khatib-2017-aha-acc-hrs-guideline-va-and-scd_n0051/e_0008 spanConfidence 1.0
Rule_1408	?a type PatientCondition => ?a spanConfidence 1.0	meaningful_survival_of_greater_than_1_year__al-khatib-2017-aha-acc-hrs-guideline-va-and-scd_n0035/e_0036 type PatientCondition => meaningful_survival_of_greater_than_1_year__al-khatib-2017-aha-acc-hrs-guideline-va-and-scd_n0035/e_0036 spanConfidence 1.0
Rule_1408	?a type PatientCondition => ?a spanConfidence 1.0	CKD__visseren-2021-esc-guidelines-cardiovascular-disease-prevention_n0077/e_0009 type PatientCondition => CKD__visseren-2021-esc-guidelines-cardiovascular-disease-prevention_n0077/e_0009 spanConfidence 1.0
Rule_1408	?a type PatientCondition => ?a spanConfidence 1.0	reversal_of_the_proximal_and_distal_coil__braunschweig-2010-management-of-patients-receiving-implantable-cardiac-d_n0007/e_0058 type PatientCondition => reversal_of_the_proximal_and_distal_coil__braunschweig-2010-management-of-patients-receiving-implantable-cardiac-d_n0007/e_0058 spanConfidence 1.0
Rule_1408	?a type PatientCondition => ?a spanConfidence 1.0	nearing_the_end_of_life_from_other_illness__al-khatib-2017-aha-acc-hrs-guideline-va-and-scd_n0080/e_0011 type PatientCondition => nearing_the_end_of_life_from_other_illness__al-khatib-2017-aha-acc-hrs-guideline-va-and-scd_n0080/e_0011 spanConfidence 1.0
Rule_1408	?a type PatientCondition => ?a spanConfidence 1.0	when_these_mandate_sports_restrictions__pelliccia-2020-2020-esc-guidelines-on-sports-cardiology-and-exercise-in_n0076/e_0037 type PatientCondition => when_these_mandate_sports_restrictions__pelliccia-2020-2020-esc-guidelines-on-sports-cardiology-and-exercise-in_n0076/e_0037 spanConfidence 1.0
Rule_1408	?a type PatientCondition => ?a spanConfidence 1.0	latent_pre-excitation__zeppenfeld-2022-esc-guidelines-va-and-scd_n0026/e_0014 type PatientCondition => latent_pre-excitation__zeppenfeld-2022-esc-guidelines-va-and-scd_n0026/e_0014 spanConfidence 1.0
Rule_1408	?a type PatientCondition => ?a spanConfidence 1.0	arrhythmogenic_right_ventricular_cardiomyopathy__al-khatib-2017-aha-acc-hrs-guideline-va-and-scd_n0042/e_0015 type PatientCondition => arrhythmogenic_right_ventricular_cardiomyopathy__al-khatib-2017-aha-acc-hrs-guideline-va-and-scd_n0042/e_0015 spanConfidence 1.0
Rule_1408	?a type PatientCondition => ?a spanConfidence 1.0	Even_in_the_absence_of_weight_gain__sectio-4_n0001/e_0015 type PatientCondition => Even_in_the_absence_of_weight_gain__sectio-4_n0001/e_0015 spanConfidence 1.0
Rule_1408	?a type PatientCondition => ?a spanConfidence 1.0	accessory_pathway__zeppenfeld-2022-esc-guidelines-va-and-scd_n0026/e_0019 type PatientCondition => accessory_pathway__zeppenfeld-2022-esc-guidelines-va-and-scd_n0026/e_0019 spanConfidence 1.0
Rule_1408	?a type PatientCondition => ?a spanConfidence 1.0	loose_set_screws__braunschweig-2010-management-of-patients-receiving-implantable-cardiac-d_n0007/e_0034 type PatientCondition => loose_set_screws__braunschweig-2010-management-of-patients-receiving-implantable-cardiac-d_n0007/e_0034 spanConfidence 1.0
Rule_1408	?a type PatientCondition => ?a spanConfidence 1.0	cigarette_smoking__mcdonagh-2023-esc-guidelines_n0052/e_0019 type PatientCondition => cigarette_smoking__mcdonagh-2023-esc-guidelines_n0052/e_0019 spanConfidence 1.0
Rule_1408	?a type PatientCondition => ?a spanConfidence 1.0	lifestyle_and_behavioral_factors__heidenreich-2022-aha-acc-hfsa-guidelines_n0013/e_0026 type PatientCondition => lifestyle_and_behavioral_factors__heidenreich-2022-aha-acc-hfsa-guidelines_n0013/e_0026 spanConfidence 1.0
Rule_1408	?a type PatientCondition => ?a spanConfidence 1.0	Pulmonary_rales__sectio-4_n0004/e_0017 type PatientCondition => Pulmonary_rales__sectio-4_n0004/e_0017 spanConfidence 1.0
Rule_1408	?a type PatientCondition => ?a spanConfidence 1.0	hemodynamically_unstable_VT__al-khatib-2017-aha-acc-hrs-guideline-va-and-scd_n0073/e_0015 type PatientCondition => hemodynamically_unstable_VT__al-khatib-2017-aha-acc-hrs-guideline-va-and-scd_n0073/e_0015 spanConfidence 1.0
Rule_1408	?a type PatientCondition => ?a spanConfidence 1.0	risk_of_death_due_to_a_VA__al-khatib-2017-aha-acc-hrs-guideline-va-and-scd_n0035/e_0022 type PatientCondition => risk_of_death_due_to_a_VA__al-khatib-2017-aha-acc-hrs-guideline-va-and-scd_n0035/e_0022 spanConfidence 1.0
Rule_1408	?a type PatientCondition => ?a spanConfidence 1.0	Broad_QRS_escape_rhythm__glikson-2021-2021-esc-guidelines-on-cardiac-pacing-and-cardiac-resynchro_n0064/e_0007 type PatientCondition => Broad_QRS_escape_rhythm__glikson-2021-2021-esc-guidelines-on-cardiac-pacing-and-cardiac-resynchro_n0064/e_0007 spanConfidence 1.0
Rule_1408	?a type PatientCondition => ?a spanConfidence 1.0	symptoms__zeppenfeld-2022-esc-guidelines-va-and-scd_n0034/e_0046 type PatientCondition => symptoms__zeppenfeld-2022-esc-guidelines-va-and-scd_n0034/e_0046 spanConfidence 1.0
Rule_1408	?a type PatientCondition => ?a spanConfidence 1.0	Emery-Dreifuss_and_limb-girdle_type_IB_muscular_dystrophies__al-khatib-2017-aha-acc-hrs-guideline-va-and-scd_n0050/e_0009 type PatientCondition => Emery-Dreifuss_and_limb-girdle_type_IB_muscular_dystrophies__al-khatib-2017-aha-acc-hrs-guideline-va-and-scd_n0050/e_0009 spanConfidence 1.0
Rule_1408	?a type PatientCondition => ?a spanConfidence 1.0	normal_LV_systolic_function__pelliccia-2020-2020-esc-guidelines-on-sports-cardiology-and-exercise-in_n0060/e_0011 type PatientCondition => normal_LV_systolic_function__pelliccia-2020-2020-esc-guidelines-on-sports-cardiology-and-exercise-in_n0060/e_0011 spanConfidence 1.0
Rule_1408	?a type PatientCondition => ?a spanConfidence 1.0	stable_sustained_VT__al-khatib-2017-aha-acc-hrs-guideline-va-and-scd_n0033/e_0006 type PatientCondition => stable_sustained_VT__al-khatib-2017-aha-acc-hrs-guideline-va-and-scd_n0033/e_0006 spanConfidence 1.0
Rule_1408	?a type PatientCondition => ?a spanConfidence 1.0	BP_has_been_controlled__pelliccia-2020-2020-esc-guidelines-on-sports-cardiology-and-exercise-in_n0074/e_0042 type PatientCondition => BP_has_been_controlled__pelliccia-2020-2020-esc-guidelines-on-sports-cardiology-and-exercise-in_n0074/e_0042 spanConfidence 1.0
Rule_1408	?a type PatientCondition => ?a spanConfidence 1.0	proximal_stenosis_%3E90%25_of_large_vessels__mcdonagh-2023-esc-guidelines_n0021/e_0039 type PatientCondition => proximal_stenosis_%3E90%25_of_large_vessels__mcdonagh-2023-esc-guidelines_n0021/e_0039 spanConfidence 1.0
Rule_1408	?a type PatientCondition => ?a spanConfidence 1.0	NYHA_class_II-III__sectio-1_n0017/e_0007 type PatientCondition => NYHA_class_II-III__sectio-1_n0017/e_0007 spanConfidence 1.0
Rule_1408	?a type PatientCondition => ?a spanConfidence 1.0	anaemia__mcdonagh-2023-esc-guidelines_n0022/e_0139 type PatientCondition => anaemia__mcdonagh-2023-esc-guidelines_n0022/e_0139 spanConfidence 1.0
Rule_1408	?a type PatientCondition => ?a spanConfidence 1.0	cardiac_channelopathy__al-khatib-2017-aha-acc-hrs-guideline-va-and-scd_n0053/e_0010 type PatientCondition => cardiac_channelopathy__al-khatib-2017-aha-acc-hrs-guideline-va-and-scd_n0053/e_0010 spanConfidence 1.0
Rule_1408	?a type PatientCondition => ?a spanConfidence 1.0	severe_HF__sectio-1_n0016/e_0006 type PatientCondition => severe_HF__sectio-1_n0016/e_0006 spanConfidence 1.0
Rule_1408	?a type PatientCondition => ?a spanConfidence 1.0	dangerous_heart_rhythm__cardiosmart-decision-aid-icd-for-hf_n0002/e_0007 type PatientCondition => dangerous_heart_rhythm__cardiosmart-decision-aid-icd-for-hf_n0002/e_0007 spanConfidence 1.0
Rule_1408	?a type PatientCondition => ?a spanConfidence 1.0	potentially_serious_arrhythmias__pelliccia-2020-2020-esc-guidelines-on-sports-cardiology-and-exercise-in_n0073/e_0021 type PatientCondition => potentially_serious_arrhythmias__pelliccia-2020-2020-esc-guidelines-on-sports-cardiology-and-exercise-in_n0073/e_0021 spanConfidence 1.0
Rule_1408	?a type PatientCondition => ?a spanConfidence 1.0	repaired_complex_congenital_heart_disease__al-khatib-2017-aha-acc-hrs-guideline-va-and-scd_n0073/e_0002 type PatientCondition => repaired_complex_congenital_heart_disease__al-khatib-2017-aha-acc-hrs-guideline-va-and-scd_n0073/e_0002 spanConfidence 1.0
Rule_1408	?a type PatientCondition => ?a spanConfidence 1.0	worsening_HF__mcdonagh-2023-esc-guidelines_n0023/e_0054 type PatientCondition => worsening_HF__mcdonagh-2023-esc-guidelines_n0023/e_0054 spanConfidence 1.0
Rule_1408	?a type PatientCondition => ?a spanConfidence 1.0	unavailable_or_not_feasible__visseren-2021-esc-guidelines-cardiovascular-disease-prevention_n0029/e_0008 type PatientCondition => unavailable_or_not_feasible__visseren-2021-esc-guidelines-cardiovascular-disease-prevention_n0029/e_0008 spanConfidence 1.0
Rule_1408	?a type PatientCondition => ?a spanConfidence 1.0	VT__al-khatib-2017-aha-acc-hrs-guideline-va-and-scd_n0031/e_0021 type PatientCondition => VT__al-khatib-2017-aha-acc-hrs-guideline-va-and-scd_n0031/e_0021 spanConfidence 1.0
Rule_1408	?a type PatientCondition => ?a spanConfidence 1.0	SCD__al-khatib-2017-aha-acc-hrs-guideline-va-and-scd_n0044/e_0002 type PatientCondition => SCD__al-khatib-2017-aha-acc-hrs-guideline-va-and-scd_n0044/e_0002 spanConfidence 1.0
Rule_1408	?a type PatientCondition => ?a spanConfidence 1.0	stable_rhythm__zeppenfeld-2022-esc-guidelines-va-and-scd_n0032/e_0015 type PatientCondition => stable_rhythm__zeppenfeld-2022-esc-guidelines-va-and-scd_n0032/e_0015 spanConfidence 1.0
Rule_1408	?a type PatientCondition => ?a spanConfidence 1.0	VT__al-khatib-2017-aha-acc-hrs-guideline-va-and-scd_n0031/e_0013 type PatientCondition => VT__al-khatib-2017-aha-acc-hrs-guideline-va-and-scd_n0031/e_0013 spanConfidence 1.0
Rule_1408	?a type PatientCondition => ?a spanConfidence 1.0	muscular_dystrophy__al-khatib-2017-aha-acc-hrs-guideline-va-and-scd_n0051/e_0012 type PatientCondition => muscular_dystrophy__al-khatib-2017-aha-acc-hrs-guideline-va-and-scd_n0051/e_0012 spanConfidence 1.0
Rule_1408	?a type PatientCondition => ?a spanConfidence 1.0	Prolonged_QT_interval__glikson-2021-2021-esc-guidelines-on-cardiac-pacing-and-cardiac-resynchro_n0064/e_0008 type PatientCondition => Prolonged_QT_interval__glikson-2021-2021-esc-guidelines-on-cardiac-pacing-and-cardiac-resynchro_n0064/e_0008 spanConfidence 1.0
Rule_1408	?a type PatientCondition => ?a spanConfidence 1.0	suspicion_of_BrS__zeppenfeld-2022-esc-guidelines-va-and-scd_n0034/e_0034 type PatientCondition => suspicion_of_BrS__zeppenfeld-2022-esc-guidelines-va-and-scd_n0034/e_0034 spanConfidence 1.0
Rule_1408	?a type PatientCondition => ?a spanConfidence 1.0	pacemaker_dependency__glikson-2021-2021-esc-guidelines-on-cardiac-pacing-and-cardiac-resynchro_n0086/e_0048 type PatientCondition => pacemaker_dependency__glikson-2021-2021-esc-guidelines-on-cardiac-pacing-and-cardiac-resynchro_n0086/e_0048 spanConfidence 1.0
Rule_1408	?a type PatientCondition => ?a spanConfidence 1.0	hypokalaemia__pelliccia-2020-2020-esc-guidelines-on-sports-cardiology-and-exercise-in_n0066/e_0009 type PatientCondition => hypokalaemia__pelliccia-2020-2020-esc-guidelines-on-sports-cardiology-and-exercise-in_n0066/e_0009 spanConfidence 1.0
Rule_1408	?a type PatientCondition => ?a spanConfidence 1.0	HF__heidenreich-2022-aha-acc-hfsa-guidelines_n0033/e_0025 type PatientCondition => HF__heidenreich-2022-aha-acc-hfsa-guidelines_n0033/e_0025 spanConfidence 1.0
Rule_1408	?a type PatientCondition => ?a spanConfidence 1.0	unable_to_tolerate_an_ACE-I_or_ARNI__mcdonagh-2023-esc-guidelines_n0035/e_0011 type PatientCondition => unable_to_tolerate_an_ACE-I_or_ARNI__mcdonagh-2023-esc-guidelines_n0035/e_0011 spanConfidence 1.0
Rule_1408	?a type PatientCondition => ?a spanConfidence 1.0	not_from_ischemic_cardiomyopathy__execut-1_n0035/e_0003 type PatientCondition => not_from_ischemic_cardiomyopathy__execut-1_n0035/e_0003 spanConfidence 1.0
Rule_1408	?a type PatientCondition => ?a spanConfidence 1.0	Worsening_renal_function__execut-1_n0020/e_0004 type PatientCondition => Worsening_renal_function__execut-1_n0020/e_0004 spanConfidence 1.0
Rule_1408	?a type PatientCondition => ?a spanConfidence 1.0	potential_underlying_causes_of_reversible_bradycardia__glikson-2021-2021-esc-guidelines-on-cardiac-pacing-and-cardiac-resynchro_n0037/e_0004 type PatientCondition => potential_underlying_causes_of_reversible_bradycardia__glikson-2021-2021-esc-guidelines-on-cardiac-pacing-and-cardiac-resynchro_n0037/e_0004 spanConfidence 1.0
Rule_1408	?a type PatientCondition => ?a spanConfidence 1.0	unexplained_or_new_cardiovascular_signs_or_symptoms__regitz-zagrosek-2018-2018-esc-guideline-for-the-management-of-cardiovasc_n0016/e_0017 type PatientCondition => unexplained_or_new_cardiovascular_signs_or_symptoms__regitz-zagrosek-2018-2018-esc-guideline-for-the-management-of-cardiovasc_n0016/e_0017 spanConfidence 1.0
Rule_1408	?a type PatientCondition => ?a spanConfidence 1.0	evidence_of_clinical_congestion__heidenreich-2022-aha-acc-hfsa-guidelines_n0013/e_0004 type PatientCondition => evidence_of_clinical_congestion__heidenreich-2022-aha-acc-hfsa-guidelines_n0013/e_0004 spanConfidence 1.0
Rule_1408	?a type PatientCondition => ?a spanConfidence 1.0	HFpEF__mcdonagh-2023-esc-guidelines_n0032/e_0017 type PatientCondition => HFpEF__mcdonagh-2023-esc-guidelines_n0032/e_0017 spanConfidence 1.0
Rule_1408	?a type PatientCondition => ?a spanConfidence 1.0	VT__al-khatib-2017-aha-acc-hrs-guideline-va-and-scd_n0050/e_0025 type PatientCondition => VT__al-khatib-2017-aha-acc-hrs-guideline-va-and-scd_n0050/e_0025 spanConfidence 1.0
Rule_1408	?a type PatientCondition => ?a spanConfidence 1.0	endocarditis__regitz-zagrosek-2018-2018-esc-guideline-for-the-management-of-cardiovasc_n0016/e_0062 type PatientCondition => endocarditis__regitz-zagrosek-2018-2018-esc-guideline-for-the-management-of-cardiovasc_n0016/e_0062 spanConfidence 1.0
Rule_1408	?a type PatientCondition => ?a spanConfidence 1.0	severe_hypertension__regitz-zagrosek-2018-2018-esc-guideline-for-the-management-of-cardiovasc_n0050/e_0012 type PatientCondition => severe_hypertension__regitz-zagrosek-2018-2018-esc-guideline-for-the-management-of-cardiovasc_n0050/e_0012 spanConfidence 1.0
Rule_1408	?a type PatientCondition => ?a spanConfidence 1.0	QT_prolongation__lenarczyk-2024-management-of-patients-with-an-electrical-storm-or-cluste_n0010/e_0024 type PatientCondition => QT_prolongation__lenarczyk-2024-management-of-patients-with-an-electrical-storm-or-cluste_n0010/e_0024 spanConfidence 1.0
Rule_1408	?a type PatientCondition => ?a spanConfidence 1.0	endocarditis__regitz-zagrosek-2018-2018-esc-guideline-for-the-management-of-cardiovasc_n0048/e_0013 type PatientCondition => endocarditis__regitz-zagrosek-2018-2018-esc-guideline-for-the-management-of-cardiovasc_n0048/e_0013 spanConfidence 1.0
Rule_1408	?a type PatientCondition => ?a spanConfidence 1.0	sinus_node_disease__zeppenfeld-2022-esc-guidelines-va-and-scd_n0026/e_0021 type PatientCondition => sinus_node_disease__zeppenfeld-2022-esc-guidelines-va-and-scd_n0026/e_0021 spanConfidence 1.0
Rule_1408	?a type PatientCondition => ?a spanConfidence 1.0	sarcoidosis__mcdonagh-2023-esc-guidelines_n0031/e_0011 type PatientCondition => sarcoidosis__mcdonagh-2023-esc-guidelines_n0031/e_0011 spanConfidence 1.0
Rule_1408	?a type PatientCondition => ?a spanConfidence 1.0	iron_deficiency__mcdonagh-2023-esc-guidelines_n0022/e_0140 type PatientCondition => iron_deficiency__mcdonagh-2023-esc-guidelines_n0022/e_0140 spanConfidence 1.0
Rule_1408	?a type PatientCondition => ?a spanConfidence 1.0	LBBB_QRS_morphology__mcdonagh-2023-esc-guidelines_n0046/e_0005 type PatientCondition => LBBB_QRS_morphology__mcdonagh-2023-esc-guidelines_n0046/e_0005 spanConfidence 1.0
Rule_1408	?a type PatientCondition => ?a spanConfidence 1.0	exercise_testing_is_impractical__zeppenfeld-2022-esc-guidelines-va-and-scd_n0034/e_0040 type PatientCondition => exercise_testing_is_impractical__zeppenfeld-2022-esc-guidelines-va-and-scd_n0034/e_0040 spanConfidence 1.0
