rule_index	rule	grounding
Rule_1485	?a direction FOR => ?a operation ASSESS	visseren-2021-esc-guidelines-cardiovascular-disease-prevention_n0080/na_0001 direction FOR => visseren-2021-esc-guidelines-cardiovascular-disease-prevention_n0080/na_0001 operation ASSESS
Rule_1485	?a direction FOR => ?a operation ASSESS	zeppenfeld-2022-esc-guidelines-va-and-scd_n0096/na_0020 direction FOR => zeppenfeld-2022-esc-guidelines-va-and-scd_n0096/na_0020 operation ASSESS
Rule_1485	?a direction FOR => ?a operation ASSESS	su_verified_e5f20076152902f9b102f37b1a83cdc79baea0d42000f6c76a83acfae0e39670_table_2/na_0016 direction FOR => su_verified_e5f20076152902f9b102f37b1a83cdc79baea0d42000f6c76a83acfae0e39670_table_2/na_0016 operation ASSESS
Rule_1485	?a direction FOR => ?a operation ASSESS	sectio-1_n0012/na_0006 direction FOR => sectio-1_n0012/na_0006 operation ASSESS
Rule_1485	?a direction FOR => ?a operation ASSESS	tsutsui-2023-natriuretic-peptides-role-in-the-diagnosis-and-management-o_n0001/na_0002 direction FOR => tsutsui-2023-natriuretic-peptides-role-in-the-diagnosis-and-management-o_n0001/na_0002 operation ASSESS
Rule_1485	?a direction FOR => ?a operation ASSESS	visseren-2021-esc-guidelines-cardiovascular-disease-prevention_n0010/na_0012 direction FOR => visseren-2021-esc-guidelines-cardiovascular-disease-prevention_n0010/na_0012 operation ASSESS
Rule_1485	?a direction FOR => ?a operation ASSESS	visseren-2021-esc-guidelines-cardiovascular-disease-prevention_n0079/na_0004 direction FOR => visseren-2021-esc-guidelines-cardiovascular-disease-prevention_n0079/na_0004 operation ASSESS
Rule_1485	?a direction FOR => ?a operation ASSESS	zeppenfeld-2022-esc-guidelines-va-and-scd_n0058/na_0001 direction FOR => zeppenfeld-2022-esc-guidelines-va-and-scd_n0058/na_0001 operation ASSESS
Rule_1485	?a direction FOR => ?a operation ASSESS	tsutsui-2023-natriuretic-peptides-role-in-the-diagnosis-and-management-o_n0001/na_0001 direction FOR => tsutsui-2023-natriuretic-peptides-role-in-the-diagnosis-and-management-o_n0001/na_0001 operation ASSESS
Rule_1485	?a direction FOR => ?a operation ASSESS	sectio-1_n0006/na_0018 direction FOR => sectio-1_n0006/na_0018 operation ASSESS
Rule_1485	?a direction FOR => ?a operation ASSESS	visseren-2021-esc-guidelines-cardiovascular-disease-prevention_n0030/na_0004 direction FOR => visseren-2021-esc-guidelines-cardiovascular-disease-prevention_n0030/na_0004 operation ASSESS
Rule_1485	?a direction FOR => ?a operation ASSESS	vest-2019-nutrition-obesity-and-cachexia-in-patients-with-heart-failure_n0002/na_0007 direction FOR => vest-2019-nutrition-obesity-and-cachexia-in-patients-with-heart-failure_n0002/na_0007 operation ASSESS
Rule_1485	?a direction FOR => ?a operation ASSESS	glikson-2021-2021-esc-guidelines-on-cardiac-pacing-and-cardiac-resynchro_n0020/na_0003 direction FOR => glikson-2021-2021-esc-guidelines-on-cardiac-pacing-and-cardiac-resynchro_n0020/na_0003 operation ASSESS
Rule_1485	?a direction FOR => ?a operation ASSESS	glikson-2021-2021-esc-guidelines-on-cardiac-pacing-and-cardiac-resynchro_n0020/na_0085 direction FOR => glikson-2021-2021-esc-guidelines-on-cardiac-pacing-and-cardiac-resynchro_n0020/na_0085 operation ASSESS
Rule_1485	?a direction FOR => ?a operation ASSESS	mcdonagh-2023-esc-guidelines_n0094/na_0010 direction FOR => mcdonagh-2023-esc-guidelines_n0094/na_0010 operation ASSESS
Rule_1485	?a direction FOR => ?a operation ASSESS	glikson-2021-2021-esc-guidelines-on-cardiac-pacing-and-cardiac-resynchro_n0020/na_0005 direction FOR => glikson-2021-2021-esc-guidelines-on-cardiac-pacing-and-cardiac-resynchro_n0020/na_0005 operation ASSESS
Rule_1485	?a direction FOR => ?a operation ASSESS	supp-material-esc-guidelines_n0019/na_0006 direction FOR => supp-material-esc-guidelines_n0019/na_0006 operation ASSESS
Rule_1485	?a direction FOR => ?a operation ASSESS	regitz-zagrosek-2018-2018-esc-guideline-for-the-management-of-cardiovasc_n0051/na_0001 direction FOR => regitz-zagrosek-2018-2018-esc-guideline-for-the-management-of-cardiovasc_n0051/na_0001 operation ASSESS
Rule_1485	?a direction FOR => ?a operation ASSESS	visseren-2021-esc-guidelines-cardiovascular-disease-prevention_n0033/na_0004 direction FOR => visseren-2021-esc-guidelines-cardiovascular-disease-prevention_n0033/na_0004 operation ASSESS
Rule_1485	?a direction FOR => ?a operation ASSESS	sectio-1_n0006/na_0017 direction FOR => sectio-1_n0006/na_0017 operation ASSESS
Rule_1485	?a direction FOR => ?a operation ASSESS	lenarczyk-2024-management-of-patients-with-an-electrical-storm-or-cluste_n0010/na_0002 direction FOR => lenarczyk-2024-management-of-patients-with-an-electrical-storm-or-cluste_n0010/na_0002 operation ASSESS
Rule_1485	?a direction FOR => ?a operation ASSESS	zeppenfeld-2022-esc-guidelines-va-and-scd_n0091/na_0013 direction FOR => zeppenfeld-2022-esc-guidelines-va-and-scd_n0091/na_0013 operation ASSESS
Rule_1485	?a direction FOR => ?a operation ASSESS	su_verified_e5f20076152902f9b102f37b1a83cdc79baea0d42000f6c76a83acfae0e39670_table_2/na_0011 direction FOR => su_verified_e5f20076152902f9b102f37b1a83cdc79baea0d42000f6c76a83acfae0e39670_table_2/na_0011 operation ASSESS
Rule_1485	?a direction FOR => ?a operation ASSESS	zeppenfeld-2022-esc-guidelines-va-and-scd_n0092/na_0021 direction FOR => zeppenfeld-2022-esc-guidelines-va-and-scd_n0092/na_0021 operation ASSESS
Rule_1485	?a direction FOR => ?a operation ASSESS	execut-1_n0040/na_0009 direction FOR => execut-1_n0040/na_0009 operation ASSESS
Rule_1485	?a direction FOR => ?a operation ASSESS	ambrosetti-2020-secondary-prevention-comprehensive-cardiovascular-rehabi_n0016/na_0022 direction FOR => ambrosetti-2020-secondary-prevention-comprehensive-cardiovascular-rehabi_n0016/na_0022 operation ASSESS
Rule_1485	?a direction FOR => ?a operation ASSESS	mcdonagh-2023-esc-guidelines_n0022/na_0038 direction FOR => mcdonagh-2023-esc-guidelines_n0022/na_0038 operation ASSESS
Rule_1485	?a direction FOR => ?a operation ASSESS	heidenreich-2022-aha-acc-hfsa-guidelines_n0039/na_0012 direction FOR => heidenreich-2022-aha-acc-hfsa-guidelines_n0039/na_0012 operation ASSESS
Rule_1485	?a direction FOR => ?a operation ASSESS	maddox-2021-2021-update-to-the-2017-acc-expert-consensus-decision-pathwa_n0017/na_0002 direction FOR => maddox-2021-2021-update-to-the-2017-acc-expert-consensus-decision-pathwa_n0017/na_0002 operation ASSESS
Rule_1485	?a direction FOR => ?a operation ASSESS	execut-1_n0047/na_0007 direction FOR => execut-1_n0047/na_0007 operation ASSESS
Rule_1485	?a direction FOR => ?a operation ASSESS	braunschweig-2010-management-of-patients-receiving-implantable-cardiac-d_n0007/na_0019 direction FOR => braunschweig-2010-management-of-patients-receiving-implantable-cardiac-d_n0007/na_0019 operation ASSESS
Rule_1485	?a direction FOR => ?a operation ASSESS	sectio-1_n0007/na_0014 direction FOR => sectio-1_n0007/na_0014 operation ASSESS
Rule_1485	?a direction FOR => ?a operation ASSESS	mcdonagh-2023-esc-guidelines_n0062/na_0009 direction FOR => mcdonagh-2023-esc-guidelines_n0062/na_0009 operation ASSESS
Rule_1485	?a direction FOR => ?a operation ASSESS	sectio-1_n0012/na_0002 direction FOR => sectio-1_n0012/na_0002 operation ASSESS
Rule_1485	?a direction FOR => ?a operation ASSESS	su_verified_1d4ae21bdadbacafa8087e019976dde180c346c5d4626772c2b286528336efac_table_14/na_0007 direction FOR => su_verified_1d4ae21bdadbacafa8087e019976dde180c346c5d4626772c2b286528336efac_table_14/na_0007 operation ASSESS
Rule_1485	?a direction FOR => ?a operation ASSESS	su_verified_e5f20076152902f9b102f37b1a83cdc79baea0d42000f6c76a83acfae0e39670_table_2/na_0001 direction FOR => su_verified_e5f20076152902f9b102f37b1a83cdc79baea0d42000f6c76a83acfae0e39670_table_2/na_0001 operation ASSESS
Rule_1485	?a direction FOR => ?a operation ASSESS	supp-material-esc-guidelines_n0019/na_0003 direction FOR => supp-material-esc-guidelines_n0019/na_0003 operation ASSESS
Rule_1485	?a direction FOR => ?a operation ASSESS	zeppenfeld-2022-esc-guidelines-va-and-scd_n0091/na_0012 direction FOR => zeppenfeld-2022-esc-guidelines-va-and-scd_n0091/na_0012 operation ASSESS
Rule_1485	?a direction FOR => ?a operation ASSESS	su_verified_6ed52cdf724db04223b4d1c2e62f3c35f6b42bc19bc5e3198277d681d47e1eb9_table_25/na_0013 direction FOR => su_verified_6ed52cdf724db04223b4d1c2e62f3c35f6b42bc19bc5e3198277d681d47e1eb9_table_25/na_0013 operation ASSESS
Rule_1485	?a direction FOR => ?a operation ASSESS	ambrosetti-2020-secondary-prevention-comprehensive-cardiovascular-rehabi_n0015/na_0001 direction FOR => ambrosetti-2020-secondary-prevention-comprehensive-cardiovascular-rehabi_n0015/na_0001 operation ASSESS
Rule_1485	?a direction FOR => ?a operation ASSESS	ambrosetti-2020-secondary-prevention-comprehensive-cardiovascular-rehabi_n0015/na_0003 direction FOR => ambrosetti-2020-secondary-prevention-comprehensive-cardiovascular-rehabi_n0015/na_0003 operation ASSESS
Rule_1485	?a direction FOR => ?a operation ASSESS	ambrosetti-2020-secondary-prevention-comprehensive-cardiovascular-rehabi_n0013/na_0001 direction FOR => ambrosetti-2020-secondary-prevention-comprehensive-cardiovascular-rehabi_n0013/na_0001 operation ASSESS
Rule_1485	?a direction FOR => ?a operation ASSESS	mcdonagh-2023-esc-guidelines_n0020/na_0010 direction FOR => mcdonagh-2023-esc-guidelines_n0020/na_0010 operation ASSESS
Rule_1485	?a direction FOR => ?a operation ASSESS	riegel-2009-promoting-self-care-in-persons-with-heart-failure_n0004/na_0028 direction FOR => riegel-2009-promoting-self-care-in-persons-with-heart-failure_n0004/na_0028 operation ASSESS
Rule_1485	?a direction FOR => ?a operation ASSESS	sectio-4_n0008/na_0001 direction FOR => sectio-4_n0008/na_0001 operation ASSESS
Rule_1485	?a direction FOR => ?a operation ASSESS	zeppenfeld-2022-esc-guidelines-va-and-scd_n0053/na_0002 direction FOR => zeppenfeld-2022-esc-guidelines-va-and-scd_n0053/na_0002 operation ASSESS
Rule_1485	?a direction FOR => ?a operation ASSESS	zeppenfeld-2022-esc-guidelines-va-and-scd_n0034/na_0001 direction FOR => zeppenfeld-2022-esc-guidelines-va-and-scd_n0034/na_0001 operation ASSESS
Rule_1485	?a direction FOR => ?a operation ASSESS	heidenreich-2022-aha-acc-hfsa-guidelines_n0108/na_0002 direction FOR => heidenreich-2022-aha-acc-hfsa-guidelines_n0108/na_0002 operation ASSESS
Rule_1485	?a direction FOR => ?a operation ASSESS	regitz-zagrosek-2018-2018-esc-guideline-for-the-management-of-cardiovasc_n0030/na_0003 direction FOR => regitz-zagrosek-2018-2018-esc-guideline-for-the-management-of-cardiovasc_n0030/na_0003 operation ASSESS
Rule_1485	?a direction FOR => ?a operation ASSESS	mebaza-2015-recommendations-on-pre-hospital-early-hospital-management-of_n0004/na_0058 direction FOR => mebaza-2015-recommendations-on-pre-hospital-early-hospital-management-of_n0004/na_0058 operation ASSESS
Rule_1485	?a direction FOR => ?a operation ASSESS	zeppenfeld-2022-esc-guidelines-va-and-scd_n0095/na_0008 direction FOR => zeppenfeld-2022-esc-guidelines-va-and-scd_n0095/na_0008 operation ASSESS
Rule_1485	?a direction FOR => ?a operation ASSESS	pelliccia-2020-2020-esc-guidelines-on-sports-cardiology-and-exercise-in_n0027/na_0003 direction FOR => pelliccia-2020-2020-esc-guidelines-on-sports-cardiology-and-exercise-in_n0027/na_0003 operation ASSESS
Rule_1485	?a direction FOR => ?a operation ASSESS	riegel-2009-promoting-self-care-in-persons-with-heart-failure_n0004/na_0018 direction FOR => riegel-2009-promoting-self-care-in-persons-with-heart-failure_n0004/na_0018 operation ASSESS
Rule_1485	?a direction FOR => ?a operation ASSESS	zeppenfeld-2022-esc-guidelines-va-and-scd_n0097/na_0001 direction FOR => zeppenfeld-2022-esc-guidelines-va-and-scd_n0097/na_0001 operation ASSESS
Rule_1485	?a direction FOR => ?a operation ASSESS	pelliccia-2020-2020-esc-guidelines-on-sports-cardiology-and-exercise-in_n0075/na_0010 direction FOR => pelliccia-2020-2020-esc-guidelines-on-sports-cardiology-and-exercise-in_n0075/na_0010 operation ASSESS
Rule_1485	?a direction FOR => ?a operation ASSESS	heidenreich-2022-aha-acc-hfsa-guidelines_n0097/na_0011 direction FOR => heidenreich-2022-aha-acc-hfsa-guidelines_n0097/na_0011 operation ASSESS
Rule_1485	?a direction FOR => ?a operation ASSESS	execut-1_n0026/na_0020 direction FOR => execut-1_n0026/na_0020 operation ASSESS
Rule_1485	?a direction FOR => ?a operation ASSESS	ambrosetti-2020-secondary-prevention-comprehensive-cardiovascular-rehabi_n0011/na_0023 direction FOR => ambrosetti-2020-secondary-prevention-comprehensive-cardiovascular-rehabi_n0011/na_0023 operation ASSESS
Rule_1485	?a direction FOR => ?a operation ASSESS	mcdonagh-2023-esc-guidelines_n0055/na_0016 direction FOR => mcdonagh-2023-esc-guidelines_n0055/na_0016 operation ASSESS
Rule_1485	?a direction FOR => ?a operation ASSESS	al-khatib-2017-aha-acc-hrs-guideline-va-and-scd_n0031/na_0005 direction FOR => al-khatib-2017-aha-acc-hrs-guideline-va-and-scd_n0031/na_0005 operation ASSESS
Rule_1485	?a direction FOR => ?a operation ASSESS	zeppenfeld-2022-esc-guidelines-va-and-scd_n0026/na_0009 direction FOR => zeppenfeld-2022-esc-guidelines-va-and-scd_n0026/na_0009 operation ASSESS
Rule_1485	?a direction FOR => ?a operation ASSESS	pelliccia-2020-2020-esc-guidelines-on-sports-cardiology-and-exercise-in_n0076/na_0023 direction FOR => pelliccia-2020-2020-esc-guidelines-on-sports-cardiology-and-exercise-in_n0076/na_0023 operation ASSESS
Rule_1485	?a direction FOR => ?a operation ASSESS	ambrosetti-2020-secondary-prevention-comprehensive-cardiovascular-rehabi_n0008/na_0001 direction FOR => ambrosetti-2020-secondary-prevention-comprehensive-cardiovascular-rehabi_n0008/na_0001 operation ASSESS
Rule_1485	?a direction FOR => ?a operation ASSESS	su_verified_1d4ae21bdadbacafa8087e019976dde180c346c5d4626772c2b286528336efac_table_14/na_0009 direction FOR => su_verified_1d4ae21bdadbacafa8087e019976dde180c346c5d4626772c2b286528336efac_table_14/na_0009 operation ASSESS
Rule_1485	?a direction FOR => ?a operation ASSESS	heidenreich-2022-aha-acc-hfsa-guidelines_n0099/na_0004 direction FOR => heidenreich-2022-aha-acc-hfsa-guidelines_n0099/na_0004 operation ASSESS
Rule_1485	?a direction FOR => ?a operation ASSESS	visseren-2021-esc-guidelines-cardiovascular-disease-prevention_n0011/na_0002 direction FOR => visseren-2021-esc-guidelines-cardiovascular-disease-prevention_n0011/na_0002 operation ASSESS
Rule_1485	?a direction FOR => ?a operation ASSESS	mcdonagh-2023-esc-guidelines_n0096/na_0001 direction FOR => mcdonagh-2023-esc-guidelines_n0096/na_0001 operation ASSESS
Rule_1485	?a direction FOR => ?a operation ASSESS	ambrosetti-2020-secondary-prevention-comprehensive-cardiovascular-rehabi_n0011/na_0020 direction FOR => ambrosetti-2020-secondary-prevention-comprehensive-cardiovascular-rehabi_n0011/na_0020 operation ASSESS
Rule_1485	?a direction FOR => ?a operation ASSESS	su_verified_6ed52cdf724db04223b4d1c2e62f3c35f6b42bc19bc5e3198277d681d47e1eb9_table_25/na_0006 direction FOR => su_verified_6ed52cdf724db04223b4d1c2e62f3c35f6b42bc19bc5e3198277d681d47e1eb9_table_25/na_0006 operation ASSESS
Rule_1485	?a direction FOR => ?a operation ASSESS	zeppenfeld-2022-esc-guidelines-va-and-scd_n0048/na_0001 direction FOR => zeppenfeld-2022-esc-guidelines-va-and-scd_n0048/na_0001 operation ASSESS
Rule_1485	?a direction FOR => ?a operation ASSESS	sectio-1_n0007/na_0015 direction FOR => sectio-1_n0007/na_0015 operation ASSESS
Rule_1485	?a direction FOR => ?a operation ASSESS	sectio-1_n0010/na_0027 direction FOR => sectio-1_n0010/na_0027 operation ASSESS
Rule_1485	?a direction FOR => ?a operation ASSESS	visseren-2021-esc-guidelines-cardiovascular-disease-prevention_n0027/na_0004 direction FOR => visseren-2021-esc-guidelines-cardiovascular-disease-prevention_n0027/na_0004 operation ASSESS
Rule_1485	?a direction FOR => ?a operation ASSESS	sectio-1_n0006/na_0004 direction FOR => sectio-1_n0006/na_0004 operation ASSESS
Rule_1485	?a direction FOR => ?a operation ASSESS	zeppenfeld-2022-esc-guidelines-va-and-scd_n0020/na_0016 direction FOR => zeppenfeld-2022-esc-guidelines-va-and-scd_n0020/na_0016 operation ASSESS
Rule_1485	?a direction FOR => ?a operation ASSESS	seb24c-1_n0001/na_0002 direction FOR => seb24c-1_n0001/na_0002 operation ASSESS
Rule_1485	?a direction FOR => ?a operation ASSESS	mcdonagh-2023-esc-guidelines_n0022/na_0036 direction FOR => mcdonagh-2023-esc-guidelines_n0022/na_0036 operation ASSESS
Rule_1485	?a direction FOR => ?a operation ASSESS	visseren-2021-esc-guidelines-cardiovascular-disease-prevention_n0033/na_0010 direction FOR => visseren-2021-esc-guidelines-cardiovascular-disease-prevention_n0033/na_0010 operation ASSESS
Rule_1485	?a direction FOR => ?a operation ASSESS	su_verified_0074e29f31a1f0feb082e0064bee46f60bf6b5ae3f8703d1231341374ed97e52_table_1/na_0075 direction FOR => su_verified_0074e29f31a1f0feb082e0064bee46f60bf6b5ae3f8703d1231341374ed97e52_table_1/na_0075 operation ASSESS
Rule_1485	?a direction FOR => ?a operation ASSESS	mcdonagh-2023-esc-guidelines_n0076/na_0002 direction FOR => mcdonagh-2023-esc-guidelines_n0076/na_0002 operation ASSESS
Rule_1485	?a direction FOR => ?a operation ASSESS	mcdonagh-2023-esc-guidelines_n0050/na_0001 direction FOR => mcdonagh-2023-esc-guidelines_n0050/na_0001 operation ASSESS
Rule_1485	?a direction FOR => ?a operation ASSESS	su_verified_e5f20076152902f9b102f37b1a83cdc79baea0d42000f6c76a83acfae0e39670_table_1/na_0011 direction FOR => su_verified_e5f20076152902f9b102f37b1a83cdc79baea0d42000f6c76a83acfae0e39670_table_1/na_0011 operation ASSESS
Rule_1485	?a direction FOR => ?a operation ASSESS	ambrosetti-2020-secondary-prevention-comprehensive-cardiovascular-rehabi_n0008/na_0002 direction FOR => ambrosetti-2020-secondary-prevention-comprehensive-cardiovascular-rehabi_n0008/na_0002 operation ASSESS
Rule_1485	?a direction FOR => ?a operation ASSESS	mcdonagh-2023-esc-guidelines_n0096/na_0009 direction FOR => mcdonagh-2023-esc-guidelines_n0096/na_0009 operation ASSESS
Rule_1485	?a direction FOR => ?a operation ASSESS	mcdonagh-2023-esc-guidelines_n0022/na_0033 direction FOR => mcdonagh-2023-esc-guidelines_n0022/na_0033 operation ASSESS
Rule_1485	?a direction FOR => ?a operation ASSESS	zeppenfeld-2022-esc-guidelines-va-and-scd_n0019/na_0054 direction FOR => zeppenfeld-2022-esc-guidelines-va-and-scd_n0019/na_0054 operation ASSESS
Rule_1485	?a direction FOR => ?a operation ASSESS	mcdonagh-2023-esc-guidelines_n0096/na_0019 direction FOR => mcdonagh-2023-esc-guidelines_n0096/na_0019 operation ASSESS
Rule_1485	?a direction FOR => ?a operation ASSESS	ambrosetti-2020-secondary-prevention-comprehensive-cardiovascular-rehabi_n0008/na_0006 direction FOR => ambrosetti-2020-secondary-prevention-comprehensive-cardiovascular-rehabi_n0008/na_0006 operation ASSESS
Rule_1485	?a direction FOR => ?a operation ASSESS	heidenreich-2022-aha-acc-hfsa-guidelines_n0039/na_0026 direction FOR => heidenreich-2022-aha-acc-hfsa-guidelines_n0039/na_0026 operation ASSESS
Rule_1485	?a direction FOR => ?a operation ASSESS	su_verified_6ed52cdf724db04223b4d1c2e62f3c35f6b42bc19bc5e3198277d681d47e1eb9_table_25/na_0001 direction FOR => su_verified_6ed52cdf724db04223b4d1c2e62f3c35f6b42bc19bc5e3198277d681d47e1eb9_table_25/na_0001 operation ASSESS
Rule_1485	?a direction FOR => ?a operation ASSESS	al-khatib-2017-aha-acc-hrs-guideline-va-and-scd_n0043/na_0008 direction FOR => al-khatib-2017-aha-acc-hrs-guideline-va-and-scd_n0043/na_0008 operation ASSESS
Rule_1485	?a direction FOR => ?a operation ASSESS	execut-1_n0027/na_0005 direction FOR => execut-1_n0027/na_0005 operation ASSESS
Rule_1485	?a direction FOR => ?a operation ASSESS	zeppenfeld-2022-esc-guidelines-va-and-scd_n0019/na_0060 direction FOR => zeppenfeld-2022-esc-guidelines-va-and-scd_n0019/na_0060 operation ASSESS
Rule_1485	?a direction FOR => ?a operation ASSESS	van-diepen-2017-contemporary-management-of-cardiogenic-shock_n0007/na_0006 direction FOR => van-diepen-2017-contemporary-management-of-cardiogenic-shock_n0007/na_0006 operation ASSESS
Rule_1485	?a direction FOR => ?a operation ASSESS	zeppenfeld-2022-esc-guidelines-va-and-scd_n0018/na_0019 direction FOR => zeppenfeld-2022-esc-guidelines-va-and-scd_n0018/na_0019 operation ASSESS
Rule_1485	?a direction FOR => ?a operation ASSESS	glikson-2021-2021-esc-guidelines-on-cardiac-pacing-and-cardiac-resynchro_n0020/na_0007 direction FOR => glikson-2021-2021-esc-guidelines-on-cardiac-pacing-and-cardiac-resynchro_n0020/na_0007 operation ASSESS
Rule_1485	?a direction FOR => ?a operation ASSESS	mcdonagh-2023-esc-guidelines_n0086/na_0004 direction FOR => mcdonagh-2023-esc-guidelines_n0086/na_0004 operation ASSESS
Rule_1485	?a direction FOR => ?a operation ASSESS	pelliccia-2020-2020-esc-guidelines-on-sports-cardiology-and-exercise-in_n0075/na_0017 direction FOR => pelliccia-2020-2020-esc-guidelines-on-sports-cardiology-and-exercise-in_n0075/na_0017 operation ASSESS
Rule_1485	?a direction FOR => ?a operation ASSESS	maddox-2021-2021-update-to-the-2017-acc-expert-consensus-decision-pathwa_n0014/na_0033 direction FOR => maddox-2021-2021-update-to-the-2017-acc-expert-consensus-decision-pathwa_n0014/na_0033 operation ASSESS
Rule_1485	?a direction FOR => ?a operation ASSESS	van-diepen-2017-contemporary-management-of-cardiogenic-shock_n0008/na_0010 direction FOR => van-diepen-2017-contemporary-management-of-cardiogenic-shock_n0008/na_0010 operation ASSESS
Rule_1485	?a direction FOR => ?a operation ASSESS	tsutsui-2023-natriuretic-peptides-role-in-the-diagnosis-and-management-o_n0001/na_0012 direction FOR => tsutsui-2023-natriuretic-peptides-role-in-the-diagnosis-and-management-o_n0001/na_0012 operation ASSESS
Rule_1485	?a direction FOR => ?a operation ASSESS	mcdonagh-2023-esc-guidelines_n0084/na_0013 direction FOR => mcdonagh-2023-esc-guidelines_n0084/na_0013 operation ASSESS
Rule_1485	?a direction FOR => ?a operation ASSESS	ambrosetti-2020-secondary-prevention-comprehensive-cardiovascular-rehabi_n0006/na_0007 direction FOR => ambrosetti-2020-secondary-prevention-comprehensive-cardiovascular-rehabi_n0006/na_0007 operation ASSESS
Rule_1485	?a direction FOR => ?a operation ASSESS	execut-1_n0036/na_0009 direction FOR => execut-1_n0036/na_0009 operation ASSESS
Rule_1485	?a direction FOR => ?a operation ASSESS	heidenreich-2022-aha-acc-hfsa-guidelines_n0039/na_0017 direction FOR => heidenreich-2022-aha-acc-hfsa-guidelines_n0039/na_0017 operation ASSESS
Rule_1485	?a direction FOR => ?a operation ASSESS	execut-1_n0008/na_0002 direction FOR => execut-1_n0008/na_0002 operation ASSESS
Rule_1485	?a direction FOR => ?a operation ASSESS	execut-1_n0026/na_0009 direction FOR => execut-1_n0026/na_0009 operation ASSESS
Rule_1485	?a direction FOR => ?a operation ASSESS	sectio-1_n0020/na_0007 direction FOR => sectio-1_n0020/na_0007 operation ASSESS
Rule_1485	?a direction FOR => ?a operation ASSESS	su_verified_0074e29f31a1f0feb082e0064bee46f60bf6b5ae3f8703d1231341374ed97e52_table_1/na_0009 direction FOR => su_verified_0074e29f31a1f0feb082e0064bee46f60bf6b5ae3f8703d1231341374ed97e52_table_1/na_0009 operation ASSESS
Rule_1485	?a direction FOR => ?a operation ASSESS	glikson-2021-2021-esc-guidelines-on-cardiac-pacing-and-cardiac-resynchro_n0086/na_0015 direction FOR => glikson-2021-2021-esc-guidelines-on-cardiac-pacing-and-cardiac-resynchro_n0086/na_0015 operation ASSESS
Rule_1485	?a direction FOR => ?a operation ASSESS	visseren-2021-esc-guidelines-cardiovascular-disease-prevention_n0056/na_0001 direction FOR => visseren-2021-esc-guidelines-cardiovascular-disease-prevention_n0056/na_0001 operation ASSESS
Rule_1485	?a direction FOR => ?a operation ASSESS	ambrosetti-2020-secondary-prevention-comprehensive-cardiovascular-rehabi_n0016/na_0001 direction FOR => ambrosetti-2020-secondary-prevention-comprehensive-cardiovascular-rehabi_n0016/na_0001 operation ASSESS
Rule_1485	?a direction FOR => ?a operation ASSESS	sectio-1_n0028/na_0012 direction FOR => sectio-1_n0028/na_0012 operation ASSESS
Rule_1485	?a direction FOR => ?a operation ASSESS	visseren-2021-esc-guidelines-cardiovascular-disease-prevention_n0010/na_0011 direction FOR => visseren-2021-esc-guidelines-cardiovascular-disease-prevention_n0010/na_0011 operation ASSESS
Rule_1485	?a direction FOR => ?a operation ASSESS	heidenreich-2022-aha-acc-hfsa-guidelines_n0108/na_0010 direction FOR => heidenreich-2022-aha-acc-hfsa-guidelines_n0108/na_0010 operation ASSESS
Rule_1485	?a direction FOR => ?a operation ASSESS	glikson-2021-2021-esc-guidelines-on-cardiac-pacing-and-cardiac-resynchro_n0020/na_0015 direction FOR => glikson-2021-2021-esc-guidelines-on-cardiac-pacing-and-cardiac-resynchro_n0020/na_0015 operation ASSESS
Rule_1485	?a direction FOR => ?a operation ASSESS	visseren-2021-esc-guidelines-cardiovascular-disease-prevention_n0079/na_0001 direction FOR => visseren-2021-esc-guidelines-cardiovascular-disease-prevention_n0079/na_0001 operation ASSESS
Rule_1485	?a direction FOR => ?a operation ASSESS	regitz-zagrosek-2018-2018-esc-guideline-for-the-management-of-cardiovasc_n0016/na_0003 direction FOR => regitz-zagrosek-2018-2018-esc-guideline-for-the-management-of-cardiovasc_n0016/na_0003 operation ASSESS
Rule_1485	?a direction FOR => ?a operation ASSESS	ambrosetti-2020-secondary-prevention-comprehensive-cardiovascular-rehabi_n0010/na_0003 direction FOR => ambrosetti-2020-secondary-prevention-comprehensive-cardiovascular-rehabi_n0010/na_0003 operation ASSESS
Rule_1485	?a direction FOR => ?a operation ASSESS	pelliccia-2020-2020-esc-guidelines-on-sports-cardiology-and-exercise-in_n0077/na_0007 direction FOR => pelliccia-2020-2020-esc-guidelines-on-sports-cardiology-and-exercise-in_n0077/na_0007 operation ASSESS
Rule_1485	?a direction FOR => ?a operation ASSESS	su_verified_1d4ae21bdadbacafa8087e019976dde180c346c5d4626772c2b286528336efac_table_14/na_0003 direction FOR => su_verified_1d4ae21bdadbacafa8087e019976dde180c346c5d4626772c2b286528336efac_table_14/na_0003 operation ASSESS
Rule_1485	?a direction FOR => ?a operation ASSESS	execut-1_n0008/na_0001 direction FOR => execut-1_n0008/na_0001 operation ASSESS
Rule_1485	?a direction FOR => ?a operation ASSESS	al-khatib-2017-aha-acc-hrs-guideline-va-and-scd_n0044/na_0001 direction FOR => al-khatib-2017-aha-acc-hrs-guideline-va-and-scd_n0044/na_0001 operation ASSESS
Rule_1485	?a direction FOR => ?a operation ASSESS	su_verified_6ed52cdf724db04223b4d1c2e62f3c35f6b42bc19bc5e3198277d681d47e1eb9_table_25/na_0007 direction FOR => su_verified_6ed52cdf724db04223b4d1c2e62f3c35f6b42bc19bc5e3198277d681d47e1eb9_table_25/na_0007 operation ASSESS
Rule_1485	?a direction FOR => ?a operation ASSESS	mcdonagh-2023-esc-guidelines_n0084/na_0016 direction FOR => mcdonagh-2023-esc-guidelines_n0084/na_0016 operation ASSESS
Rule_1485	?a direction FOR => ?a operation ASSESS	glikson-2021-2021-esc-guidelines-on-cardiac-pacing-and-cardiac-resynchro_n0085/na_0001 direction FOR => glikson-2021-2021-esc-guidelines-on-cardiac-pacing-and-cardiac-resynchro_n0085/na_0001 operation ASSESS
Rule_1485	?a direction FOR => ?a operation ASSESS	mebaza-2015-recommendations-on-pre-hospital-early-hospital-management-of_n0004/na_0067 direction FOR => mebaza-2015-recommendations-on-pre-hospital-early-hospital-management-of_n0004/na_0067 operation ASSESS
Rule_1485	?a direction FOR => ?a operation ASSESS	al-khatib-2017-aha-acc-hrs-guideline-va-and-scd_n0061/na_0003 direction FOR => al-khatib-2017-aha-acc-hrs-guideline-va-and-scd_n0061/na_0003 operation ASSESS
Rule_1485	?a direction FOR => ?a operation ASSESS	su_verified_e5f20076152902f9b102f37b1a83cdc79baea0d42000f6c76a83acfae0e39670_table_2/na_0014 direction FOR => su_verified_e5f20076152902f9b102f37b1a83cdc79baea0d42000f6c76a83acfae0e39670_table_2/na_0014 operation ASSESS
Rule_1485	?a direction FOR => ?a operation ASSESS	zeppenfeld-2022-esc-guidelines-va-and-scd_n0093/na_0005 direction FOR => zeppenfeld-2022-esc-guidelines-va-and-scd_n0093/na_0005 operation ASSESS
Rule_1485	?a direction FOR => ?a operation ASSESS	pelliccia-2020-2020-esc-guidelines-on-sports-cardiology-and-exercise-in_n0074/na_0011 direction FOR => pelliccia-2020-2020-esc-guidelines-on-sports-cardiology-and-exercise-in_n0074/na_0011 operation ASSESS
Rule_1485	?a direction FOR => ?a operation ASSESS	regitz-zagrosek-2018-2018-esc-guideline-for-the-management-of-cardiovasc_n0048/na_0001 direction FOR => regitz-zagrosek-2018-2018-esc-guideline-for-the-management-of-cardiovasc_n0048/na_0001 operation ASSESS
Rule_1485	?a direction FOR => ?a operation ASSESS	zeppenfeld-2022-esc-guidelines-va-and-scd_n0019/na_0024 direction FOR => zeppenfeld-2022-esc-guidelines-va-and-scd_n0019/na_0024 operation ASSESS
Rule_1485	?a direction FOR => ?a operation ASSESS	mebaza-2015-recommendations-on-pre-hospital-early-hospital-management-of_n0004/na_0066 direction FOR => mebaza-2015-recommendations-on-pre-hospital-early-hospital-management-of_n0004/na_0066 operation ASSESS
Rule_1485	?a direction FOR => ?a operation ASSESS	mcdonagh-2023-esc-guidelines_n0073/na_0005 direction FOR => mcdonagh-2023-esc-guidelines_n0073/na_0005 operation ASSESS
Rule_1485	?a direction FOR => ?a operation ASSESS	mcdonagh-2023-esc-guidelines_n0085/na_0003 direction FOR => mcdonagh-2023-esc-guidelines_n0085/na_0003 operation ASSESS
Rule_1485	?a direction FOR => ?a operation ASSESS	heidenreich-2022-aha-acc-hfsa-guidelines_n0039/na_0014 direction FOR => heidenreich-2022-aha-acc-hfsa-guidelines_n0039/na_0014 operation ASSESS
Rule_1485	?a direction FOR => ?a operation ASSESS	regitz-zagrosek-2018-2018-esc-guideline-for-the-management-of-cardiovasc_n0022/na_0001 direction FOR => regitz-zagrosek-2018-2018-esc-guideline-for-the-management-of-cardiovasc_n0022/na_0001 operation ASSESS
Rule_1485	?a direction FOR => ?a operation ASSESS	su_verified_0074e29f31a1f0feb082e0064bee46f60bf6b5ae3f8703d1231341374ed97e52_table_1/na_0006 direction FOR => su_verified_0074e29f31a1f0feb082e0064bee46f60bf6b5ae3f8703d1231341374ed97e52_table_1/na_0006 operation ASSESS
Rule_1485	?a direction FOR => ?a operation ASSESS	maddox-2021-2021-update-to-the-2017-acc-expert-consensus-decision-pathwa_n0017/na_0043 direction FOR => maddox-2021-2021-update-to-the-2017-acc-expert-consensus-decision-pathwa_n0017/na_0043 operation ASSESS
Rule_1485	?a direction FOR => ?a operation ASSESS	su_verified_6ed52cdf724db04223b4d1c2e62f3c35f6b42bc19bc5e3198277d681d47e1eb9_table_25/na_0009 direction FOR => su_verified_6ed52cdf724db04223b4d1c2e62f3c35f6b42bc19bc5e3198277d681d47e1eb9_table_25/na_0009 operation ASSESS
Rule_1485	?a direction FOR => ?a operation ASSESS	heidenreich-2022-aha-acc-hfsa-guidelines_n0108/na_0009 direction FOR => heidenreich-2022-aha-acc-hfsa-guidelines_n0108/na_0009 operation ASSESS
Rule_1485	?a direction FOR => ?a operation ASSESS	visseren-2021-esc-guidelines-cardiovascular-disease-prevention_n0083/na_0010 direction FOR => visseren-2021-esc-guidelines-cardiovascular-disease-prevention_n0083/na_0010 operation ASSESS
Rule_1485	?a direction FOR => ?a operation ASSESS	execut-1_n0026/na_0016 direction FOR => execut-1_n0026/na_0016 operation ASSESS
Rule_1485	?a direction FOR => ?a operation ASSESS	su_verified_6ed52cdf724db04223b4d1c2e62f3c35f6b42bc19bc5e3198277d681d47e1eb9_table_25/na_0010 direction FOR => su_verified_6ed52cdf724db04223b4d1c2e62f3c35f6b42bc19bc5e3198277d681d47e1eb9_table_25/na_0010 operation ASSESS
Rule_1485	?a direction FOR => ?a operation ASSESS	sectio-1_n0010/na_0025 direction FOR => sectio-1_n0010/na_0025 operation ASSESS
Rule_1485	?a direction FOR => ?a operation ASSESS	mcdonagh-2023-esc-guidelines_n0078/na_0001 direction FOR => mcdonagh-2023-esc-guidelines_n0078/na_0001 operation ASSESS
Rule_1485	?a direction FOR => ?a operation ASSESS	heidenreich-2022-aha-acc-hfsa-guidelines_n0037/na_0004 direction FOR => heidenreich-2022-aha-acc-hfsa-guidelines_n0037/na_0004 operation ASSESS
Rule_1485	?a direction FOR => ?a operation ASSESS	sectio-4_n0008/na_0002 direction FOR => sectio-4_n0008/na_0002 operation ASSESS
Rule_1485	?a direction FOR => ?a operation ASSESS	execut-1_n0047/na_0005 direction FOR => execut-1_n0047/na_0005 operation ASSESS
Rule_1485	?a direction FOR => ?a operation ASSESS	al-khatib-2017-aha-acc-hrs-guideline-va-and-scd_n0080/na_0003 direction FOR => al-khatib-2017-aha-acc-hrs-guideline-va-and-scd_n0080/na_0003 operation ASSESS
Rule_1485	?a direction FOR => ?a operation ASSESS	su_verified_0074e29f31a1f0feb082e0064bee46f60bf6b5ae3f8703d1231341374ed97e52_table_1/na_0073 direction FOR => su_verified_0074e29f31a1f0feb082e0064bee46f60bf6b5ae3f8703d1231341374ed97e52_table_1/na_0073 operation ASSESS
Rule_1485	?a direction FOR => ?a operation ASSESS	sectio-1_n0006/na_0013 direction FOR => sectio-1_n0006/na_0013 operation ASSESS
Rule_1485	?a direction FOR => ?a operation ASSESS	regitz-zagrosek-2018-2018-esc-guideline-for-the-management-of-cardiovasc_n0050/na_0017 direction FOR => regitz-zagrosek-2018-2018-esc-guideline-for-the-management-of-cardiovasc_n0050/na_0017 operation ASSESS
Rule_1485	?a direction FOR => ?a operation ASSESS	sectio-1_n0020/na_0006 direction FOR => sectio-1_n0020/na_0006 operation ASSESS
Rule_1485	?a direction FOR => ?a operation ASSESS	heidenreich-2022-aha-acc-hfsa-guidelines_n0085/na_0001 direction FOR => heidenreich-2022-aha-acc-hfsa-guidelines_n0085/na_0001 operation ASSESS
Rule_1485	?a direction FOR => ?a operation ASSESS	visseren-2021-esc-guidelines-cardiovascular-disease-prevention_n0079/na_0003 direction FOR => visseren-2021-esc-guidelines-cardiovascular-disease-prevention_n0079/na_0003 operation ASSESS
Rule_1485	?a direction FOR => ?a operation ASSESS	sectio-1_n0028/na_0005 direction FOR => sectio-1_n0028/na_0005 operation ASSESS
Rule_1485	?a direction FOR => ?a operation ASSESS	ambrosetti-2020-secondary-prevention-comprehensive-cardiovascular-rehabi_n0001/na_0017 direction FOR => ambrosetti-2020-secondary-prevention-comprehensive-cardiovascular-rehabi_n0001/na_0017 operation ASSESS
Rule_1485	?a direction FOR => ?a operation ASSESS	visseren-2021-esc-guidelines-cardiovascular-disease-prevention_n0027/na_0002 direction FOR => visseren-2021-esc-guidelines-cardiovascular-disease-prevention_n0027/na_0002 operation ASSESS
Rule_1485	?a direction FOR => ?a operation ASSESS	su_verified_e5f20076152902f9b102f37b1a83cdc79baea0d42000f6c76a83acfae0e39670_table_1/na_0014 direction FOR => su_verified_e5f20076152902f9b102f37b1a83cdc79baea0d42000f6c76a83acfae0e39670_table_1/na_0014 operation ASSESS
Rule_1485	?a direction FOR => ?a operation ASSESS	heidenreich-2022-aha-acc-hfsa-guidelines_n0014/na_0001 direction FOR => heidenreich-2022-aha-acc-hfsa-guidelines_n0014/na_0001 operation ASSESS
Rule_1485	?a direction FOR => ?a operation ASSESS	su_verified_e5f20076152902f9b102f37b1a83cdc79baea0d42000f6c76a83acfae0e39670_table_2/na_0017 direction FOR => su_verified_e5f20076152902f9b102f37b1a83cdc79baea0d42000f6c76a83acfae0e39670_table_2/na_0017 operation ASSESS
Rule_1485	?a direction FOR => ?a operation ASSESS	visseren-2021-esc-guidelines-cardiovascular-disease-prevention_n0010/na_0013 direction FOR => visseren-2021-esc-guidelines-cardiovascular-disease-prevention_n0010/na_0013 operation ASSESS
Rule_1485	?a direction FOR => ?a operation ASSESS	zeppenfeld-2022-esc-guidelines-va-and-scd_n0034/na_0007 direction FOR => zeppenfeld-2022-esc-guidelines-va-and-scd_n0034/na_0007 operation ASSESS
Rule_1485	?a direction FOR => ?a operation ASSESS	su_verified_6ed52cdf724db04223b4d1c2e62f3c35f6b42bc19bc5e3198277d681d47e1eb9_table_25/na_0011 direction FOR => su_verified_6ed52cdf724db04223b4d1c2e62f3c35f6b42bc19bc5e3198277d681d47e1eb9_table_25/na_0011 operation ASSESS
Rule_1485	?a direction FOR => ?a operation ASSESS	su_verified_0074e29f31a1f0feb082e0064bee46f60bf6b5ae3f8703d1231341374ed97e52_table_1/na_0015 direction FOR => su_verified_0074e29f31a1f0feb082e0064bee46f60bf6b5ae3f8703d1231341374ed97e52_table_1/na_0015 operation ASSESS
Rule_1485	?a direction FOR => ?a operation ASSESS	maddox-2021-2021-update-to-the-2017-acc-expert-consensus-decision-pathwa_n0014/na_0027 direction FOR => maddox-2021-2021-update-to-the-2017-acc-expert-consensus-decision-pathwa_n0014/na_0027 operation ASSESS
Rule_1485	?a direction FOR => ?a operation ASSESS	supp-material-esc-guidelines_n0019/na_0009 direction FOR => supp-material-esc-guidelines_n0019/na_0009 operation ASSESS
Rule_1485	?a direction FOR => ?a operation ASSESS	su_verified_0074e29f31a1f0feb082e0064bee46f60bf6b5ae3f8703d1231341374ed97e52_table_1/na_0004 direction FOR => su_verified_0074e29f31a1f0feb082e0064bee46f60bf6b5ae3f8703d1231341374ed97e52_table_1/na_0004 operation ASSESS
Rule_1485	?a direction FOR => ?a operation ASSESS	mebaza-2015-recommendations-on-pre-hospital-early-hospital-management-of_n0004/na_0042 direction FOR => mebaza-2015-recommendations-on-pre-hospital-early-hospital-management-of_n0004/na_0042 operation ASSESS
Rule_1485	?a direction FOR => ?a operation ASSESS	heidenreich-2022-aha-acc-hfsa-guidelines_n0013/na_0002 direction FOR => heidenreich-2022-aha-acc-hfsa-guidelines_n0013/na_0002 operation ASSESS
Rule_1485	?a direction FOR => ?a operation ASSESS	su_verified_e5f20076152902f9b102f37b1a83cdc79baea0d42000f6c76a83acfae0e39670_table_2/na_0005 direction FOR => su_verified_e5f20076152902f9b102f37b1a83cdc79baea0d42000f6c76a83acfae0e39670_table_2/na_0005 operation ASSESS
Rule_1485	?a direction FOR => ?a operation ASSESS	zeppenfeld-2022-esc-guidelines-va-and-scd_n0019/na_0008 direction FOR => zeppenfeld-2022-esc-guidelines-va-and-scd_n0019/na_0008 operation ASSESS
Rule_1485	?a direction FOR => ?a operation ASSESS	regitz-zagrosek-2018-2018-esc-guideline-for-the-management-of-cardiovasc_n0025/na_0015 direction FOR => regitz-zagrosek-2018-2018-esc-guideline-for-the-management-of-cardiovasc_n0025/na_0015 operation ASSESS
Rule_1485	?a direction FOR => ?a operation ASSESS	glikson-2021-2021-esc-guidelines-on-cardiac-pacing-and-cardiac-resynchro_n0072/na_0004 direction FOR => glikson-2021-2021-esc-guidelines-on-cardiac-pacing-and-cardiac-resynchro_n0072/na_0004 operation ASSESS
Rule_1485	?a direction FOR => ?a operation ASSESS	mebaza-2015-recommendations-on-pre-hospital-early-hospital-management-of_n0004/na_0050 direction FOR => mebaza-2015-recommendations-on-pre-hospital-early-hospital-management-of_n0004/na_0050 operation ASSESS
Rule_1485	?a direction FOR => ?a operation ASSESS	ambrosetti-2020-secondary-prevention-comprehensive-cardiovascular-rehabi_n0012/na_0005 direction FOR => ambrosetti-2020-secondary-prevention-comprehensive-cardiovascular-rehabi_n0012/na_0005 operation ASSESS
Rule_1485	?a direction FOR => ?a operation ASSESS	sectio-4_n0004/na_0002 direction FOR => sectio-4_n0004/na_0002 operation ASSESS
Rule_1485	?a direction FOR => ?a operation ASSESS	su_verified_0074e29f31a1f0feb082e0064bee46f60bf6b5ae3f8703d1231341374ed97e52_table_1/na_0092 direction FOR => su_verified_0074e29f31a1f0feb082e0064bee46f60bf6b5ae3f8703d1231341374ed97e52_table_1/na_0092 operation ASSESS
Rule_1485	?a direction FOR => ?a operation ASSESS	visseren-2021-esc-guidelines-cardiovascular-disease-prevention_n0080/na_0007 direction FOR => visseren-2021-esc-guidelines-cardiovascular-disease-prevention_n0080/na_0007 operation ASSESS
Rule_1485	?a direction FOR => ?a operation ASSESS	execut-1_n0035/na_0007 direction FOR => execut-1_n0035/na_0007 operation ASSESS
Rule_1485	?a direction FOR => ?a operation ASSESS	regitz-zagrosek-2018-2018-esc-guideline-for-the-management-of-cardiovasc_n0023/na_0001 direction FOR => regitz-zagrosek-2018-2018-esc-guideline-for-the-management-of-cardiovasc_n0023/na_0001 operation ASSESS
Rule_1485	?a direction FOR => ?a operation ASSESS	tsutsui-2023-natriuretic-peptides-role-in-the-diagnosis-and-management-o_n0001/na_0007 direction FOR => tsutsui-2023-natriuretic-peptides-role-in-the-diagnosis-and-management-o_n0001/na_0007 operation ASSESS
Rule_1485	?a direction FOR => ?a operation ASSESS	su_verified_e5f20076152902f9b102f37b1a83cdc79baea0d42000f6c76a83acfae0e39670_table_2/na_0004 direction FOR => su_verified_e5f20076152902f9b102f37b1a83cdc79baea0d42000f6c76a83acfae0e39670_table_2/na_0004 operation ASSESS
Rule_1485	?a direction FOR => ?a operation ASSESS	execut-1_n0027/na_0017 direction FOR => execut-1_n0027/na_0017 operation ASSESS
Rule_1485	?a direction FOR => ?a operation ASSESS	zeppenfeld-2022-esc-guidelines-va-and-scd_n0078/na_0003 direction FOR => zeppenfeld-2022-esc-guidelines-va-and-scd_n0078/na_0003 operation ASSESS
Rule_1485	?a direction FOR => ?a operation ASSESS	mcdonagh-2023-esc-guidelines_n0022/na_0007 direction FOR => mcdonagh-2023-esc-guidelines_n0022/na_0007 operation ASSESS
Rule_1485	?a direction FOR => ?a operation ASSESS	zeppenfeld-2022-esc-guidelines-va-and-scd_n0096/na_0019 direction FOR => zeppenfeld-2022-esc-guidelines-va-and-scd_n0096/na_0019 operation ASSESS
Rule_1485	?a direction FOR => ?a operation ASSESS	supp-material-esc-guidelines_n0019/na_0005 direction FOR => supp-material-esc-guidelines_n0019/na_0005 operation ASSESS
Rule_1485	?a direction FOR => ?a operation ASSESS	al-khatib-2017-aha-acc-hrs-guideline-va-and-scd_n0058/na_0006 direction FOR => al-khatib-2017-aha-acc-hrs-guideline-va-and-scd_n0058/na_0006 operation ASSESS
Rule_1485	?a direction FOR => ?a operation ASSESS	execut-1_n0040/na_0007 direction FOR => execut-1_n0040/na_0007 operation ASSESS
Rule_1485	?a direction FOR => ?a operation ASSESS	sectio-1_n0006/na_0015 direction FOR => sectio-1_n0006/na_0015 operation ASSESS
Rule_1485	?a direction FOR => ?a operation ASSESS	heidenreich-2022-aha-acc-hfsa-guidelines_n0030/na_0005 direction FOR => heidenreich-2022-aha-acc-hfsa-guidelines_n0030/na_0005 operation ASSESS
Rule_1485	?a direction FOR => ?a operation ASSESS	execut-1_n0026/na_0004 direction FOR => execut-1_n0026/na_0004 operation ASSESS
Rule_1485	?a direction FOR => ?a operation ASSESS	sectio-1_n0007/na_0005 direction FOR => sectio-1_n0007/na_0005 operation ASSESS
Rule_1485	?a direction FOR => ?a operation ASSESS	execut-1_n0040/na_0004 direction FOR => execut-1_n0040/na_0004 operation ASSESS
Rule_1485	?a direction FOR => ?a operation ASSESS	sectio-1_n0022/na_0006 direction FOR => sectio-1_n0022/na_0006 operation ASSESS
Rule_1485	?a direction FOR => ?a operation ASSESS	ambrosetti-2020-secondary-prevention-comprehensive-cardiovascular-rehabi_n0010/na_0001 direction FOR => ambrosetti-2020-secondary-prevention-comprehensive-cardiovascular-rehabi_n0010/na_0001 operation ASSESS
Rule_1485	?a direction FOR => ?a operation ASSESS	visseren-2021-esc-guidelines-cardiovascular-disease-prevention_n0032/na_0004 direction FOR => visseren-2021-esc-guidelines-cardiovascular-disease-prevention_n0032/na_0004 operation ASSESS
Rule_1485	?a direction FOR => ?a operation ASSESS	al-khatib-2017-aha-acc-hrs-guideline-va-and-scd_n0074/na_0001 direction FOR => al-khatib-2017-aha-acc-hrs-guideline-va-and-scd_n0074/na_0001 operation ASSESS
Rule_1485	?a direction FOR => ?a operation ASSESS	tsutsui-2023-natriuretic-peptides-role-in-the-diagnosis-and-management-o_n0001/na_0009 direction FOR => tsutsui-2023-natriuretic-peptides-role-in-the-diagnosis-and-management-o_n0001/na_0009 operation ASSESS
Rule_1485	?a direction FOR => ?a operation ASSESS	zeppenfeld-2022-esc-guidelines-va-and-scd_n0022/na_0001 direction FOR => zeppenfeld-2022-esc-guidelines-va-and-scd_n0022/na_0001 operation ASSESS
Rule_1485	?a direction FOR => ?a operation ASSESS	su_verified_0074e29f31a1f0feb082e0064bee46f60bf6b5ae3f8703d1231341374ed97e52_table_1/na_0002 direction FOR => su_verified_0074e29f31a1f0feb082e0064bee46f60bf6b5ae3f8703d1231341374ed97e52_table_1/na_0002 operation ASSESS
Rule_1485	?a direction FOR => ?a operation ASSESS	zeppenfeld-2022-esc-guidelines-va-and-scd_n0072/na_0004 direction FOR => zeppenfeld-2022-esc-guidelines-va-and-scd_n0072/na_0004 operation ASSESS
Rule_1485	?a direction FOR => ?a operation ASSESS	mcdonagh-2023-esc-guidelines_n0081/na_0005 direction FOR => mcdonagh-2023-esc-guidelines_n0081/na_0005 operation ASSESS
Rule_1485	?a direction FOR => ?a operation ASSESS	zeppenfeld-2022-esc-guidelines-va-and-scd_n0093/na_0006 direction FOR => zeppenfeld-2022-esc-guidelines-va-and-scd_n0093/na_0006 operation ASSESS
Rule_1485	?a direction FOR => ?a operation ASSESS	ferrick-2023-2023-hrs-ehra-aphrs-lahrs-expert-consensus-statement-on-pra_n0031/na_0002 direction FOR => ferrick-2023-2023-hrs-ehra-aphrs-lahrs-expert-consensus-statement-on-pra_n0031/na_0002 operation ASSESS
Rule_1485	?a direction FOR => ?a operation ASSESS	heidenreich-2022-aha-acc-hfsa-guidelines_n0039/na_0021 direction FOR => heidenreich-2022-aha-acc-hfsa-guidelines_n0039/na_0021 operation ASSESS
Rule_1485	?a direction FOR => ?a operation ASSESS	su_verified_0074e29f31a1f0feb082e0064bee46f60bf6b5ae3f8703d1231341374ed97e52_table_1/na_0003 direction FOR => su_verified_0074e29f31a1f0feb082e0064bee46f60bf6b5ae3f8703d1231341374ed97e52_table_1/na_0003 operation ASSESS
Rule_1485	?a direction FOR => ?a operation ASSESS	pelliccia-2020-2020-esc-guidelines-on-sports-cardiology-and-exercise-in_n0044/na_0004 direction FOR => pelliccia-2020-2020-esc-guidelines-on-sports-cardiology-and-exercise-in_n0044/na_0004 operation ASSESS
Rule_1485	?a direction FOR => ?a operation ASSESS	su_verified_6ed52cdf724db04223b4d1c2e62f3c35f6b42bc19bc5e3198277d681d47e1eb9_table_25/na_0003 direction FOR => su_verified_6ed52cdf724db04223b4d1c2e62f3c35f6b42bc19bc5e3198277d681d47e1eb9_table_25/na_0003 operation ASSESS
Rule_1485	?a direction FOR => ?a operation ASSESS	visseren-2021-esc-guidelines-cardiovascular-disease-prevention_n0033/na_0012 direction FOR => visseren-2021-esc-guidelines-cardiovascular-disease-prevention_n0033/na_0012 operation ASSESS
Rule_1485	?a direction FOR => ?a operation ASSESS	mcdonagh-2023-esc-guidelines_n0022/na_0022 direction FOR => mcdonagh-2023-esc-guidelines_n0022/na_0022 operation ASSESS
Rule_1485	?a direction FOR => ?a operation ASSESS	visseren-2021-esc-guidelines-cardiovascular-disease-prevention_n0081/na_0020 direction FOR => visseren-2021-esc-guidelines-cardiovascular-disease-prevention_n0081/na_0020 operation ASSESS
Rule_1485	?a direction FOR => ?a operation ASSESS	lenarczyk-2024-management-of-patients-with-an-electrical-storm-or-cluste_n0010/na_0003 direction FOR => lenarczyk-2024-management-of-patients-with-an-electrical-storm-or-cluste_n0010/na_0003 operation ASSESS
Rule_1485	?a direction FOR => ?a operation ASSESS	mcdonagh-2023-esc-guidelines_n0068/na_0029 direction FOR => mcdonagh-2023-esc-guidelines_n0068/na_0029 operation ASSESS
Rule_1485	?a direction FOR => ?a operation ASSESS	wilkoff-2008-hrs-ehra-expert-consenus-on-the-monitoring-of-cieds_n0005/na_0014 direction FOR => wilkoff-2008-hrs-ehra-expert-consenus-on-the-monitoring-of-cieds_n0005/na_0014 operation ASSESS
Rule_1485	?a direction FOR => ?a operation ASSESS	pelliccia-2020-2020-esc-guidelines-on-sports-cardiology-and-exercise-in_n0054/na_0001 direction FOR => pelliccia-2020-2020-esc-guidelines-on-sports-cardiology-and-exercise-in_n0054/na_0001 operation ASSESS
Rule_1485	?a direction FOR => ?a operation ASSESS	su_verified_e5f20076152902f9b102f37b1a83cdc79baea0d42000f6c76a83acfae0e39670_table_2/na_0010 direction FOR => su_verified_e5f20076152902f9b102f37b1a83cdc79baea0d42000f6c76a83acfae0e39670_table_2/na_0010 operation ASSESS
Rule_1485	?a direction FOR => ?a operation ASSESS	mcdonagh-2023-esc-guidelines_n0095/na_0006 direction FOR => mcdonagh-2023-esc-guidelines_n0095/na_0006 operation ASSESS
Rule_1485	?a direction FOR => ?a operation ASSESS	su_verified_e5f20076152902f9b102f37b1a83cdc79baea0d42000f6c76a83acfae0e39670_table_2/na_0008 direction FOR => su_verified_e5f20076152902f9b102f37b1a83cdc79baea0d42000f6c76a83acfae0e39670_table_2/na_0008 operation ASSESS
Rule_1485	?a direction FOR => ?a operation ASSESS	sectio-1_n0020/na_0002 direction FOR => sectio-1_n0020/na_0002 operation ASSESS
Rule_1485	?a direction FOR => ?a operation ASSESS	ambrosetti-2020-secondary-prevention-comprehensive-cardiovascular-rehabi_n0007/na_0023 direction FOR => ambrosetti-2020-secondary-prevention-comprehensive-cardiovascular-rehabi_n0007/na_0023 operation ASSESS
Rule_1485	?a direction FOR => ?a operation ASSESS	vest-2019-nutrition-obesity-and-cachexia-in-patients-with-heart-failure_n0002/na_0006 direction FOR => vest-2019-nutrition-obesity-and-cachexia-in-patients-with-heart-failure_n0002/na_0006 operation ASSESS
Rule_1485	?a direction FOR => ?a operation ASSESS	heidenreich-2022-aha-acc-hfsa-guidelines_n0025/na_0001 direction FOR => heidenreich-2022-aha-acc-hfsa-guidelines_n0025/na_0001 operation ASSESS
Rule_1485	?a direction FOR => ?a operation ASSESS	execut-1_n0035/na_0006 direction FOR => execut-1_n0035/na_0006 operation ASSESS
Rule_1485	?a direction FOR => ?a operation ASSESS	riegel-2009-promoting-self-care-in-persons-with-heart-failure_n0002/na_0009 direction FOR => riegel-2009-promoting-self-care-in-persons-with-heart-failure_n0002/na_0009 operation ASSESS
Rule_1485	?a direction FOR => ?a operation ASSESS	sectio-1_n0006/na_0020 direction FOR => sectio-1_n0006/na_0020 operation ASSESS
Rule_1485	?a direction FOR => ?a operation ASSESS	pelliccia-2020-2020-esc-guidelines-on-sports-cardiology-and-exercise-in_n0076/na_0005 direction FOR => pelliccia-2020-2020-esc-guidelines-on-sports-cardiology-and-exercise-in_n0076/na_0005 operation ASSESS
Rule_1485	?a direction FOR => ?a operation ASSESS	su_verified_e5f20076152902f9b102f37b1a83cdc79baea0d42000f6c76a83acfae0e39670_table_2/na_0007 direction FOR => su_verified_e5f20076152902f9b102f37b1a83cdc79baea0d42000f6c76a83acfae0e39670_table_2/na_0007 operation ASSESS
Rule_1485	?a direction FOR => ?a operation ASSESS	mcdonagh-2023-esc-guidelines_n0083/na_0001 direction FOR => mcdonagh-2023-esc-guidelines_n0083/na_0001 operation ASSESS
Rule_1485	?a direction FOR => ?a operation ASSESS	mcdonagh-2023-esc-guidelines_n0084/na_0014 direction FOR => mcdonagh-2023-esc-guidelines_n0084/na_0014 operation ASSESS
Rule_1485	?a direction FOR => ?a operation ASSESS	zeppenfeld-2022-esc-guidelines-va-and-scd_n0021/na_0009 direction FOR => zeppenfeld-2022-esc-guidelines-va-and-scd_n0021/na_0009 operation ASSESS
Rule_1485	?a direction FOR => ?a operation ASSESS	execut-1_n0026/na_0010 direction FOR => execut-1_n0026/na_0010 operation ASSESS
Rule_1485	?a direction FOR => ?a operation ASSESS	mcdonagh-2023-esc-guidelines_n0097/na_0008 direction FOR => mcdonagh-2023-esc-guidelines_n0097/na_0008 operation ASSESS
Rule_1485	?a direction FOR => ?a operation ASSESS	zeppenfeld-2022-esc-guidelines-va-and-scd_n0053/na_0001 direction FOR => zeppenfeld-2022-esc-guidelines-va-and-scd_n0053/na_0001 operation ASSESS
Rule_1485	?a direction FOR => ?a operation ASSESS	sectio-1_n0010/na_0010 direction FOR => sectio-1_n0010/na_0010 operation ASSESS
Rule_1485	?a direction FOR => ?a operation ASSESS	vest-2019-nutrition-obesity-and-cachexia-in-patients-with-heart-failure_n0006/na_0001 direction FOR => vest-2019-nutrition-obesity-and-cachexia-in-patients-with-heart-failure_n0006/na_0001 operation ASSESS
Rule_1485	?a direction FOR => ?a operation ASSESS	van-diepen-2017-contemporary-management-of-cardiogenic-shock_n0008/na_0009 direction FOR => van-diepen-2017-contemporary-management-of-cardiogenic-shock_n0008/na_0009 operation ASSESS
Rule_1485	?a direction FOR => ?a operation ASSESS	heidenreich-2022-aha-acc-hfsa-guidelines_n0097/na_0010 direction FOR => heidenreich-2022-aha-acc-hfsa-guidelines_n0097/na_0010 operation ASSESS
Rule_1485	?a direction FOR => ?a operation ASSESS	ambrosetti-2020-secondary-prevention-comprehensive-cardiovascular-rehabi_n0008/na_0008 direction FOR => ambrosetti-2020-secondary-prevention-comprehensive-cardiovascular-rehabi_n0008/na_0008 operation ASSESS
Rule_1485	?a direction FOR => ?a operation ASSESS	heidenreich-2022-aha-acc-hfsa-guidelines_n0085/na_0002 direction FOR => heidenreich-2022-aha-acc-hfsa-guidelines_n0085/na_0002 operation ASSESS
Rule_1485	?a direction FOR => ?a operation ASSESS	mcdonagh-2023-esc-guidelines_n0080/na_0001 direction FOR => mcdonagh-2023-esc-guidelines_n0080/na_0001 operation ASSESS
Rule_1485	?a direction FOR => ?a operation ASSESS	execut-1_n0048/na_0017 direction FOR => execut-1_n0048/na_0017 operation ASSESS
Rule_1485	?a direction FOR => ?a operation ASSESS	zeppenfeld-2022-esc-guidelines-va-and-scd_n0018/na_0021 direction FOR => zeppenfeld-2022-esc-guidelines-va-and-scd_n0018/na_0021 operation ASSESS
Rule_1485	?a direction FOR => ?a operation ASSESS	sectio-1_n0006/na_0019 direction FOR => sectio-1_n0006/na_0019 operation ASSESS
Rule_1485	?a direction FOR => ?a operation ASSESS	ambrosetti-2020-secondary-prevention-comprehensive-cardiovascular-rehabi_n0007/na_0001 direction FOR => ambrosetti-2020-secondary-prevention-comprehensive-cardiovascular-rehabi_n0007/na_0001 operation ASSESS
Rule_1485	?a direction FOR => ?a operation ASSESS	supp-material-esc-guidelines_n0019/na_0001 direction FOR => supp-material-esc-guidelines_n0019/na_0001 operation ASSESS
Rule_1485	?a direction FOR => ?a operation ASSESS	mcdonagh-2023-esc-guidelines_n0022/na_0027 direction FOR => mcdonagh-2023-esc-guidelines_n0022/na_0027 operation ASSESS
Rule_1485	?a direction FOR => ?a operation ASSESS	sectio-1_n0012/na_0017 direction FOR => sectio-1_n0012/na_0017 operation ASSESS
Rule_1485	?a direction FOR => ?a operation ASSESS	glikson-2021-2021-esc-guidelines-on-cardiac-pacing-and-cardiac-resynchro_n0020/na_0014 direction FOR => glikson-2021-2021-esc-guidelines-on-cardiac-pacing-and-cardiac-resynchro_n0020/na_0014 operation ASSESS
Rule_1485	?a direction FOR => ?a operation ASSESS	ambrosetti-2020-secondary-prevention-comprehensive-cardiovascular-rehabi_n0012/na_0024 direction FOR => ambrosetti-2020-secondary-prevention-comprehensive-cardiovascular-rehabi_n0012/na_0024 operation ASSESS
Rule_1485	?a direction FOR => ?a operation ASSESS	zeppenfeld-2022-esc-guidelines-va-and-scd_n0018/na_0036 direction FOR => zeppenfeld-2022-esc-guidelines-va-and-scd_n0018/na_0036 operation ASSESS
Rule_1485	?a direction FOR => ?a operation ASSESS	zeppenfeld-2022-esc-guidelines-va-and-scd_n0073/na_0001 direction FOR => zeppenfeld-2022-esc-guidelines-va-and-scd_n0073/na_0001 operation ASSESS
Rule_1485	?a direction FOR => ?a operation ASSESS	zeppenfeld-2022-esc-guidelines-va-and-scd_n0017/na_0009 direction FOR => zeppenfeld-2022-esc-guidelines-va-and-scd_n0017/na_0009 operation ASSESS
Rule_1485	?a direction FOR => ?a operation ASSESS	ambrosetti-2020-secondary-prevention-comprehensive-cardiovascular-rehabi_n0001/na_0032 direction FOR => ambrosetti-2020-secondary-prevention-comprehensive-cardiovascular-rehabi_n0001/na_0032 operation ASSESS
Rule_1485	?a direction FOR => ?a operation ASSESS	mcdonagh-2023-esc-guidelines_n0097/na_0012 direction FOR => mcdonagh-2023-esc-guidelines_n0097/na_0012 operation ASSESS
Rule_1485	?a direction FOR => ?a operation ASSESS	execut-1_n0041/na_0010 direction FOR => execut-1_n0041/na_0010 operation ASSESS
Rule_1485	?a direction FOR => ?a operation ASSESS	zeppenfeld-2022-esc-guidelines-va-and-scd_n0072/na_0006 direction FOR => zeppenfeld-2022-esc-guidelines-va-and-scd_n0072/na_0006 operation ASSESS
Rule_1485	?a direction FOR => ?a operation ASSESS	zeppenfeld-2022-esc-guidelines-va-and-scd_n0096/na_0006 direction FOR => zeppenfeld-2022-esc-guidelines-va-and-scd_n0096/na_0006 operation ASSESS
Rule_1485	?a direction FOR => ?a operation ASSESS	execut-1_n0035/na_0009 direction FOR => execut-1_n0035/na_0009 operation ASSESS
Rule_1485	?a direction FOR => ?a operation ASSESS	zeppenfeld-2022-esc-guidelines-va-and-scd_n0044/na_0001 direction FOR => zeppenfeld-2022-esc-guidelines-va-and-scd_n0044/na_0001 operation ASSESS
Rule_1485	?a direction FOR => ?a operation ASSESS	zeppenfeld-2022-esc-guidelines-va-and-scd_n0035/na_0002 direction FOR => zeppenfeld-2022-esc-guidelines-va-and-scd_n0035/na_0002 operation ASSESS
Rule_1485	?a direction FOR => ?a operation ASSESS	su_verified_0074e29f31a1f0feb082e0064bee46f60bf6b5ae3f8703d1231341374ed97e52_table_1/na_0060 direction FOR => su_verified_0074e29f31a1f0feb082e0064bee46f60bf6b5ae3f8703d1231341374ed97e52_table_1/na_0060 operation ASSESS
Rule_1485	?a direction FOR => ?a operation ASSESS	maddox-2021-2021-update-to-the-2017-acc-expert-consensus-decision-pathwa_n0017/na_0038 direction FOR => maddox-2021-2021-update-to-the-2017-acc-expert-consensus-decision-pathwa_n0017/na_0038 operation ASSESS
Rule_1485	?a direction FOR => ?a operation ASSESS	heidenreich-2022-aha-acc-hfsa-guidelines_n0104/na_0003 direction FOR => heidenreich-2022-aha-acc-hfsa-guidelines_n0104/na_0003 operation ASSESS
Rule_1485	?a direction FOR => ?a operation ASSESS	visseren-2021-esc-guidelines-cardiovascular-disease-prevention_n0032/na_0001 direction FOR => visseren-2021-esc-guidelines-cardiovascular-disease-prevention_n0032/na_0001 operation ASSESS
Rule_1485	?a direction FOR => ?a operation ASSESS	zeppenfeld-2022-esc-guidelines-va-and-scd_n0095/na_0013 direction FOR => zeppenfeld-2022-esc-guidelines-va-and-scd_n0095/na_0013 operation ASSESS
Rule_1485	?a direction FOR => ?a operation ASSESS	supp-material-esc-guidelines_n0019/na_0008 direction FOR => supp-material-esc-guidelines_n0019/na_0008 operation ASSESS
Rule_1485	?a direction FOR => ?a operation ASSESS	sectio-1_n0022/na_0007 direction FOR => sectio-1_n0022/na_0007 operation ASSESS
Rule_1485	?a direction FOR => ?a operation ASSESS	vest-2019-nutrition-obesity-and-cachexia-in-patients-with-heart-failure_n0002/na_0011 direction FOR => vest-2019-nutrition-obesity-and-cachexia-in-patients-with-heart-failure_n0002/na_0011 operation ASSESS
Rule_1485	?a direction FOR => ?a operation ASSESS	su_verified_0074e29f31a1f0feb082e0064bee46f60bf6b5ae3f8703d1231341374ed97e52_table_1/na_0001 direction FOR => su_verified_0074e29f31a1f0feb082e0064bee46f60bf6b5ae3f8703d1231341374ed97e52_table_1/na_0001 operation ASSESS
Rule_1485	?a direction FOR => ?a operation ASSESS	heidenreich-2022-aha-acc-hfsa-guidelines_n0021/na_0006 direction FOR => heidenreich-2022-aha-acc-hfsa-guidelines_n0021/na_0006 operation ASSESS
Rule_1485	?a direction FOR => ?a operation ASSESS	su_verified_e5f20076152902f9b102f37b1a83cdc79baea0d42000f6c76a83acfae0e39670_table_2/na_0015 direction FOR => su_verified_e5f20076152902f9b102f37b1a83cdc79baea0d42000f6c76a83acfae0e39670_table_2/na_0015 operation ASSESS
Rule_1485	?a direction FOR => ?a operation ASSESS	su_verified_0074e29f31a1f0feb082e0064bee46f60bf6b5ae3f8703d1231341374ed97e52_table_1/na_0084 direction FOR => su_verified_0074e29f31a1f0feb082e0064bee46f60bf6b5ae3f8703d1231341374ed97e52_table_1/na_0084 operation ASSESS
Rule_1485	?a direction FOR => ?a operation ASSESS	vest-2019-nutrition-obesity-and-cachexia-in-patients-with-heart-failure_n0002/na_0001 direction FOR => vest-2019-nutrition-obesity-and-cachexia-in-patients-with-heart-failure_n0002/na_0001 operation ASSESS
Rule_1485	?a direction FOR => ?a operation ASSESS	pelliccia-2020-2020-esc-guidelines-on-sports-cardiology-and-exercise-in_n0066/na_0005 direction FOR => pelliccia-2020-2020-esc-guidelines-on-sports-cardiology-and-exercise-in_n0066/na_0005 operation ASSESS
Rule_1485	?a direction FOR => ?a operation ASSESS	ambrosetti-2020-secondary-prevention-comprehensive-cardiovascular-rehabi_n0006/na_0002 direction FOR => ambrosetti-2020-secondary-prevention-comprehensive-cardiovascular-rehabi_n0006/na_0002 operation ASSESS
Rule_1485	?a direction FOR => ?a operation ASSESS	sectio-1_n0006/na_0009 direction FOR => sectio-1_n0006/na_0009 operation ASSESS
Rule_1485	?a direction FOR => ?a operation ASSESS	execut-1_n0026/na_0018 direction FOR => execut-1_n0026/na_0018 operation ASSESS
Rule_1485	?a direction FOR => ?a operation ASSESS	visseren-2021-esc-guidelines-cardiovascular-disease-prevention_n0029/na_0001 direction FOR => visseren-2021-esc-guidelines-cardiovascular-disease-prevention_n0029/na_0001 operation ASSESS
Rule_1485	?a direction FOR => ?a operation ASSESS	zeppenfeld-2022-esc-guidelines-va-and-scd_n0034/na_0002 direction FOR => zeppenfeld-2022-esc-guidelines-va-and-scd_n0034/na_0002 operation ASSESS
Rule_1485	?a direction FOR => ?a operation ASSESS	pelliccia-2020-2020-esc-guidelines-on-sports-cardiology-and-exercise-in_n0025/na_0003 direction FOR => pelliccia-2020-2020-esc-guidelines-on-sports-cardiology-and-exercise-in_n0025/na_0003 operation ASSESS
Rule_1485	?a direction FOR => ?a operation ASSESS	riegel-2009-promoting-self-care-in-persons-with-heart-failure_n0004/na_0034 direction FOR => riegel-2009-promoting-self-care-in-persons-with-heart-failure_n0004/na_0034 operation ASSESS
Rule_1485	?a direction FOR => ?a operation ASSESS	zeppenfeld-2022-esc-guidelines-va-and-scd_n0018/na_0035 direction FOR => zeppenfeld-2022-esc-guidelines-va-and-scd_n0018/na_0035 operation ASSESS
Rule_1485	?a direction FOR => ?a operation ASSESS	mcdonagh-2023-esc-guidelines_n0084/na_0015 direction FOR => mcdonagh-2023-esc-guidelines_n0084/na_0015 operation ASSESS
Rule_1485	?a direction FOR => ?a operation ASSESS	zeppenfeld-2022-esc-guidelines-va-and-scd_n0080/na_0001 direction FOR => zeppenfeld-2022-esc-guidelines-va-and-scd_n0080/na_0001 operation ASSESS
Rule_1485	?a direction FOR => ?a operation ASSESS	maddox-2021-2021-update-to-the-2017-acc-expert-consensus-decision-pathwa_n0008/na_0014 direction FOR => maddox-2021-2021-update-to-the-2017-acc-expert-consensus-decision-pathwa_n0008/na_0014 operation ASSESS
Rule_1485	?a direction FOR => ?a operation ASSESS	visseren-2021-esc-guidelines-cardiovascular-disease-prevention_n0010/na_0010 direction FOR => visseren-2021-esc-guidelines-cardiovascular-disease-prevention_n0010/na_0010 operation ASSESS
Rule_1485	?a direction FOR => ?a operation ASSESS	supp-material-esc-guidelines_n0019/na_0002 direction FOR => supp-material-esc-guidelines_n0019/na_0002 operation ASSESS
Rule_1485	?a direction FOR => ?a operation ASSESS	supp-material-esc-guidelines_n0019/na_0007 direction FOR => supp-material-esc-guidelines_n0019/na_0007 operation ASSESS
Rule_1485	?a direction FOR => ?a operation ASSESS	su_verified_0074e29f31a1f0feb082e0064bee46f60bf6b5ae3f8703d1231341374ed97e52_table_1/na_0008 direction FOR => su_verified_0074e29f31a1f0feb082e0064bee46f60bf6b5ae3f8703d1231341374ed97e52_table_1/na_0008 operation ASSESS
Rule_1485	?a direction FOR => ?a operation ASSESS	execut-1_n0026/na_0019 direction FOR => execut-1_n0026/na_0019 operation ASSESS
Rule_1485	?a direction FOR => ?a operation ASSESS	visseren-2021-esc-guidelines-cardiovascular-disease-prevention_n0033/na_0011 direction FOR => visseren-2021-esc-guidelines-cardiovascular-disease-prevention_n0033/na_0011 operation ASSESS
Rule_1485	?a direction FOR => ?a operation ASSESS	tsutsui-2023-natriuretic-peptides-role-in-the-diagnosis-and-management-o_n0001/na_0003 direction FOR => tsutsui-2023-natriuretic-peptides-role-in-the-diagnosis-and-management-o_n0001/na_0003 operation ASSESS
Rule_1485	?a direction FOR => ?a operation ASSESS	maddox-2021-2021-update-to-the-2017-acc-expert-consensus-decision-pathwa_n0014/na_0036 direction FOR => maddox-2021-2021-update-to-the-2017-acc-expert-consensus-decision-pathwa_n0014/na_0036 operation ASSESS
Rule_1485	?a direction FOR => ?a operation ASSESS	zeppenfeld-2022-esc-guidelines-va-and-scd_n0022/na_0016 direction FOR => zeppenfeld-2022-esc-guidelines-va-and-scd_n0022/na_0016 operation ASSESS
Rule_1485	?a direction FOR => ?a operation ASSESS	zeppenfeld-2022-esc-guidelines-va-and-scd_n0094/na_0018 direction FOR => zeppenfeld-2022-esc-guidelines-va-and-scd_n0094/na_0018 operation ASSESS
Rule_1485	?a direction FOR => ?a operation ASSESS	mcdonagh-2023-esc-guidelines_n0059/na_0011 direction FOR => mcdonagh-2023-esc-guidelines_n0059/na_0011 operation ASSESS
Rule_1485	?a direction FOR => ?a operation ASSESS	glikson-2021-2021-esc-guidelines-on-cardiac-pacing-and-cardiac-resynchro_n0020/na_0012 direction FOR => glikson-2021-2021-esc-guidelines-on-cardiac-pacing-and-cardiac-resynchro_n0020/na_0012 operation ASSESS
Rule_1485	?a direction FOR => ?a operation ASSESS	heidenreich-2022-aha-acc-hfsa-guidelines_n0021/na_0003 direction FOR => heidenreich-2022-aha-acc-hfsa-guidelines_n0021/na_0003 operation ASSESS
Rule_1485	?a direction FOR => ?a operation ASSESS	zeppenfeld-2022-esc-guidelines-va-and-scd_n0031/na_0001 direction FOR => zeppenfeld-2022-esc-guidelines-va-and-scd_n0031/na_0001 operation ASSESS
Rule_1485	?a direction FOR => ?a operation ASSESS	zeppenfeld-2022-esc-guidelines-va-and-scd_n0080/na_0004 direction FOR => zeppenfeld-2022-esc-guidelines-va-and-scd_n0080/na_0004 operation ASSESS
Rule_1485	?a direction FOR => ?a operation ASSESS	visseren-2021-esc-guidelines-cardiovascular-disease-prevention_n0080/na_0005 direction FOR => visseren-2021-esc-guidelines-cardiovascular-disease-prevention_n0080/na_0005 operation ASSESS
Rule_1485	?a direction FOR => ?a operation ASSESS	sectio-1_n0022/na_0009 direction FOR => sectio-1_n0022/na_0009 operation ASSESS
Rule_1485	?a direction FOR => ?a operation ASSESS	zeppenfeld-2022-esc-guidelines-va-and-scd_n0096/na_0005 direction FOR => zeppenfeld-2022-esc-guidelines-va-and-scd_n0096/na_0005 operation ASSESS
Rule_1485	?a direction FOR => ?a operation ASSESS	su_verified_1d4ae21bdadbacafa8087e019976dde180c346c5d4626772c2b286528336efac_table_14/na_0010 direction FOR => su_verified_1d4ae21bdadbacafa8087e019976dde180c346c5d4626772c2b286528336efac_table_14/na_0010 operation ASSESS
Rule_1485	?a direction FOR => ?a operation ASSESS	zeppenfeld-2022-esc-guidelines-va-and-scd_n0021/na_0005 direction FOR => zeppenfeld-2022-esc-guidelines-va-and-scd_n0021/na_0005 operation ASSESS
Rule_1485	?a direction FOR => ?a operation ASSESS	mcdonagh-2023-esc-guidelines_n0096/na_0007 direction FOR => mcdonagh-2023-esc-guidelines_n0096/na_0007 operation ASSESS
Rule_1485	?a direction FOR => ?a operation ASSESS	pelliccia-2020-2020-esc-guidelines-on-sports-cardiology-and-exercise-in_n0075/na_0012 direction FOR => pelliccia-2020-2020-esc-guidelines-on-sports-cardiology-and-exercise-in_n0075/na_0012 operation ASSESS
Rule_1485	?a direction FOR => ?a operation ASSESS	execut-1_n0021/na_0004 direction FOR => execut-1_n0021/na_0004 operation ASSESS
Rule_1485	?a direction FOR => ?a operation ASSESS	sectio-1_n0006/na_0016 direction FOR => sectio-1_n0006/na_0016 operation ASSESS
Rule_1485	?a direction FOR => ?a operation ASSESS	supp-material-esc-guidelines_n0019/na_0004 direction FOR => supp-material-esc-guidelines_n0019/na_0004 operation ASSESS
Rule_1485	?a direction FOR => ?a operation ASSESS	mcdonagh-2023-esc-guidelines_n0085/na_0002 direction FOR => mcdonagh-2023-esc-guidelines_n0085/na_0002 operation ASSESS
Rule_1485	?a direction FOR => ?a operation ASSESS	sectio-1_n0028/na_0007 direction FOR => sectio-1_n0028/na_0007 operation ASSESS
Rule_1485	?a direction FOR => ?a operation ASSESS	heidenreich-2022-aha-acc-hfsa-guidelines_n0013/na_0001 direction FOR => heidenreich-2022-aha-acc-hfsa-guidelines_n0013/na_0001 operation ASSESS
Rule_1485	?a direction FOR => ?a operation ASSESS	sectio-1_n0006/na_0010 direction FOR => sectio-1_n0006/na_0010 operation ASSESS
Rule_1485	?a direction FOR => ?a operation ASSESS	glikson-2021-2021-esc-guidelines-on-cardiac-pacing-and-cardiac-resynchro_n0081/na_0001 direction FOR => glikson-2021-2021-esc-guidelines-on-cardiac-pacing-and-cardiac-resynchro_n0081/na_0001 operation ASSESS
Rule_1485	?a direction FOR => ?a operation ASSESS	execut-1_n0026/na_0013 direction FOR => execut-1_n0026/na_0013 operation ASSESS
Rule_1485	?a direction FOR => ?a operation ASSESS	su_verified_e5f20076152902f9b102f37b1a83cdc79baea0d42000f6c76a83acfae0e39670_table_2/na_0012 direction FOR => su_verified_e5f20076152902f9b102f37b1a83cdc79baea0d42000f6c76a83acfae0e39670_table_2/na_0012 operation ASSESS
Rule_1485	?a direction FOR => ?a operation ASSESS	su_verified_0074e29f31a1f0feb082e0064bee46f60bf6b5ae3f8703d1231341374ed97e52_table_1/na_0054 direction FOR => su_verified_0074e29f31a1f0feb082e0064bee46f60bf6b5ae3f8703d1231341374ed97e52_table_1/na_0054 operation ASSESS
Rule_1485	?a direction FOR => ?a operation ASSESS	execut-1_n0040/na_0006 direction FOR => execut-1_n0040/na_0006 operation ASSESS
Rule_1485	?a direction FOR => ?a operation ASSESS	riegel-2009-promoting-self-care-in-persons-with-heart-failure_n0004/na_0014 direction FOR => riegel-2009-promoting-self-care-in-persons-with-heart-failure_n0004/na_0014 operation ASSESS
Rule_1485	?a direction FOR => ?a operation ASSESS	van-diepen-2017-contemporary-management-of-cardiogenic-shock_n0008/na_0024 direction FOR => van-diepen-2017-contemporary-management-of-cardiogenic-shock_n0008/na_0024 operation ASSESS
Rule_1485	?a direction FOR => ?a operation ASSESS	regitz-zagrosek-2018-2018-esc-guideline-for-the-management-of-cardiovasc_n0023/na_0016 direction FOR => regitz-zagrosek-2018-2018-esc-guideline-for-the-management-of-cardiovasc_n0023/na_0016 operation ASSESS
Rule_1485	?a direction FOR => ?a operation ASSESS	su_verified_0074e29f31a1f0feb082e0064bee46f60bf6b5ae3f8703d1231341374ed97e52_table_1/na_0040 direction FOR => su_verified_0074e29f31a1f0feb082e0064bee46f60bf6b5ae3f8703d1231341374ed97e52_table_1/na_0040 operation ASSESS
Rule_1485	?a direction FOR => ?a operation ASSESS	mcdonagh-2023-esc-guidelines_n0073/na_0001 direction FOR => mcdonagh-2023-esc-guidelines_n0073/na_0001 operation ASSESS
Rule_1485	?a direction FOR => ?a operation ASSESS	zeppenfeld-2022-esc-guidelines-va-and-scd_n0018/na_0018 direction FOR => zeppenfeld-2022-esc-guidelines-va-and-scd_n0018/na_0018 operation ASSESS
Rule_1485	?a direction FOR => ?a operation ASSESS	zeppenfeld-2022-esc-guidelines-va-and-scd_n0063/na_0005 direction FOR => zeppenfeld-2022-esc-guidelines-va-and-scd_n0063/na_0005 operation ASSESS
Rule_1485	?a direction FOR => ?a operation ASSESS	zeppenfeld-2022-esc-guidelines-va-and-scd_n0021/na_0007 direction FOR => zeppenfeld-2022-esc-guidelines-va-and-scd_n0021/na_0007 operation ASSESS
Rule_1485	?a direction FOR => ?a operation ASSESS	mcdonagh-2023-esc-guidelines_n0021/na_0007 direction FOR => mcdonagh-2023-esc-guidelines_n0021/na_0007 operation ASSESS
Rule_1485	?a direction FOR => ?a operation ASSESS	vest-2019-nutrition-obesity-and-cachexia-in-patients-with-heart-failure_n0002/na_0012 direction FOR => vest-2019-nutrition-obesity-and-cachexia-in-patients-with-heart-failure_n0002/na_0012 operation ASSESS
Rule_1485	?a direction FOR => ?a operation ASSESS	visseren-2021-esc-guidelines-cardiovascular-disease-prevention_n0080/na_0004 direction FOR => visseren-2021-esc-guidelines-cardiovascular-disease-prevention_n0080/na_0004 operation ASSESS
Rule_1485	?a direction FOR => ?a operation ASSESS	heidenreich-2022-aha-acc-hfsa-guidelines_n0015/na_0001 direction FOR => heidenreich-2022-aha-acc-hfsa-guidelines_n0015/na_0001 operation ASSESS
Rule_1485	?a direction FOR => ?a operation ASSESS	execut-1_n0026/na_0003 direction FOR => execut-1_n0026/na_0003 operation ASSESS
Rule_1485	?a direction FOR => ?a operation ASSESS	vest-2019-nutrition-obesity-and-cachexia-in-patients-with-heart-failure_n0002/na_0008 direction FOR => vest-2019-nutrition-obesity-and-cachexia-in-patients-with-heart-failure_n0002/na_0008 operation ASSESS
Rule_1485	?a direction FOR => ?a operation ASSESS	zeppenfeld-2022-esc-guidelines-va-and-scd_n0020/na_0017 direction FOR => zeppenfeld-2022-esc-guidelines-va-and-scd_n0020/na_0017 operation ASSESS
Rule_1485	?a direction FOR => ?a operation ASSESS	su_verified_0074e29f31a1f0feb082e0064bee46f60bf6b5ae3f8703d1231341374ed97e52_table_1/na_0010 direction FOR => su_verified_0074e29f31a1f0feb082e0064bee46f60bf6b5ae3f8703d1231341374ed97e52_table_1/na_0010 operation ASSESS
Rule_1485	?a direction FOR => ?a operation ASSESS	glikson-2021-2021-esc-guidelines-on-cardiac-pacing-and-cardiac-resynchro_n0020/na_0067 direction FOR => glikson-2021-2021-esc-guidelines-on-cardiac-pacing-and-cardiac-resynchro_n0020/na_0067 operation ASSESS
Rule_1485	?a direction FOR => ?a operation ASSESS	heidenreich-2022-aha-acc-hfsa-guidelines_n0030/na_0004 direction FOR => heidenreich-2022-aha-acc-hfsa-guidelines_n0030/na_0004 operation ASSESS
Rule_1485	?a direction FOR => ?a operation ASSESS	su_verified_6ed52cdf724db04223b4d1c2e62f3c35f6b42bc19bc5e3198277d681d47e1eb9_table_7/na_0046 direction FOR => su_verified_6ed52cdf724db04223b4d1c2e62f3c35f6b42bc19bc5e3198277d681d47e1eb9_table_7/na_0046 operation ASSESS
Rule_1485	?a direction FOR => ?a operation ASSESS	mcdonagh-2023-esc-guidelines_n0089/na_0005 direction FOR => mcdonagh-2023-esc-guidelines_n0089/na_0005 operation ASSESS
Rule_1485	?a direction FOR => ?a operation ASSESS	execut-1_n0021/na_0008 direction FOR => execut-1_n0021/na_0008 operation ASSESS
Rule_1485	?a direction FOR => ?a operation ASSESS	vest-2019-nutrition-obesity-and-cachexia-in-patients-with-heart-failure_n0002/na_0005 direction FOR => vest-2019-nutrition-obesity-and-cachexia-in-patients-with-heart-failure_n0002/na_0005 operation ASSESS
Rule_1485	?a direction FOR => ?a operation ASSESS	zeppenfeld-2022-esc-guidelines-va-and-scd_n0019/na_0050 direction FOR => zeppenfeld-2022-esc-guidelines-va-and-scd_n0019/na_0050 operation ASSESS
Rule_1485	?a direction FOR => ?a operation ASSESS	zeppenfeld-2022-esc-guidelines-va-and-scd_n0094/na_0013 direction FOR => zeppenfeld-2022-esc-guidelines-va-and-scd_n0094/na_0013 operation ASSESS
Rule_1485	?a direction FOR => ?a operation ASSESS	su_verified_0074e29f31a1f0feb082e0064bee46f60bf6b5ae3f8703d1231341374ed97e52_table_1/na_0083 direction FOR => su_verified_0074e29f31a1f0feb082e0064bee46f60bf6b5ae3f8703d1231341374ed97e52_table_1/na_0083 operation ASSESS
Rule_1485	?a direction FOR => ?a operation ASSESS	zeppenfeld-2022-esc-guidelines-va-and-scd_n0019/na_0049 direction FOR => zeppenfeld-2022-esc-guidelines-va-and-scd_n0019/na_0049 operation ASSESS
Rule_1485	?a direction FOR => ?a operation ASSESS	execut-1_n0038/na_0007 direction FOR => execut-1_n0038/na_0007 operation ASSESS
Rule_1485	?a direction FOR => ?a operation ASSESS	pelliccia-2020-2020-esc-guidelines-on-sports-cardiology-and-exercise-in_n0025/na_0004 direction FOR => pelliccia-2020-2020-esc-guidelines-on-sports-cardiology-and-exercise-in_n0025/na_0004 operation ASSESS
Rule_1485	?a direction FOR => ?a operation ASSESS	pelliccia-2020-2020-esc-guidelines-on-sports-cardiology-and-exercise-in_n0057/na_0001 direction FOR => pelliccia-2020-2020-esc-guidelines-on-sports-cardiology-and-exercise-in_n0057/na_0001 operation ASSESS
Rule_1485	?a direction FOR => ?a operation ASSESS	tsutsui-2023-natriuretic-peptides-role-in-the-diagnosis-and-management-o_n0001/na_0006 direction FOR => tsutsui-2023-natriuretic-peptides-role-in-the-diagnosis-and-management-o_n0001/na_0006 operation ASSESS
Rule_1485	?a direction FOR => ?a operation ASSESS	zeppenfeld-2022-esc-guidelines-va-and-scd_n0022/na_0024 direction FOR => zeppenfeld-2022-esc-guidelines-va-and-scd_n0022/na_0024 operation ASSESS
Rule_1485	?a direction FOR => ?a operation ASSESS	sectio-1_n0007/na_0017 direction FOR => sectio-1_n0007/na_0017 operation ASSESS
Rule_1485	?a direction FOR => ?a operation ASSESS	execut-1_n0026/na_0014 direction FOR => execut-1_n0026/na_0014 operation ASSESS
Rule_1485	?a direction FOR => ?a operation ASSESS	glikson-2021-2021-esc-guidelines-on-cardiac-pacing-and-cardiac-resynchro_n0020/na_0008 direction FOR => glikson-2021-2021-esc-guidelines-on-cardiac-pacing-and-cardiac-resynchro_n0020/na_0008 operation ASSESS
Rule_1485	?a direction FOR => ?a operation ASSESS	pelliccia-2020-2020-esc-guidelines-on-sports-cardiology-and-exercise-in_n0076/na_0009 direction FOR => pelliccia-2020-2020-esc-guidelines-on-sports-cardiology-and-exercise-in_n0076/na_0009 operation ASSESS
Rule_1485	?a direction FOR => ?a operation ASSESS	su_verified_6ed52cdf724db04223b4d1c2e62f3c35f6b42bc19bc5e3198277d681d47e1eb9_table_25/na_0008 direction FOR => su_verified_6ed52cdf724db04223b4d1c2e62f3c35f6b42bc19bc5e3198277d681d47e1eb9_table_25/na_0008 operation ASSESS
Rule_1485	?a direction FOR => ?a operation ASSESS	glikson-2021-2021-esc-guidelines-on-cardiac-pacing-and-cardiac-resynchro_n0020/na_0083 direction FOR => glikson-2021-2021-esc-guidelines-on-cardiac-pacing-and-cardiac-resynchro_n0020/na_0083 operation ASSESS
Rule_1485	?a direction FOR => ?a operation ASSESS	sectio-1_n0012/na_0019 direction FOR => sectio-1_n0012/na_0019 operation ASSESS
Rule_1485	?a direction FOR => ?a operation ASSESS	zeppenfeld-2022-esc-guidelines-va-and-scd_n0019/na_0053 direction FOR => zeppenfeld-2022-esc-guidelines-va-and-scd_n0019/na_0053 operation ASSESS
Rule_1485	?a direction FOR => ?a operation ASSESS	mcdonagh-2023-esc-guidelines_n0022/na_0003 direction FOR => mcdonagh-2023-esc-guidelines_n0022/na_0003 operation ASSESS
Rule_1485	?a direction FOR => ?a operation ASSESS	glikson-2021-2021-esc-guidelines-on-cardiac-pacing-and-cardiac-resynchro_n0020/na_0086 direction FOR => glikson-2021-2021-esc-guidelines-on-cardiac-pacing-and-cardiac-resynchro_n0020/na_0086 operation ASSESS
Rule_1485	?a direction FOR => ?a operation ASSESS	su_verified_6ed52cdf724db04223b4d1c2e62f3c35f6b42bc19bc5e3198277d681d47e1eb9_table_25/na_0014 direction FOR => su_verified_6ed52cdf724db04223b4d1c2e62f3c35f6b42bc19bc5e3198277d681d47e1eb9_table_25/na_0014 operation ASSESS
Rule_1485	?a direction FOR => ?a operation ASSESS	ambrosetti-2020-secondary-prevention-comprehensive-cardiovascular-rehabi_n0006/na_0005 direction FOR => ambrosetti-2020-secondary-prevention-comprehensive-cardiovascular-rehabi_n0006/na_0005 operation ASSESS
Rule_1485	?a direction FOR => ?a operation ASSESS	execut-1_n0038/na_0002 direction FOR => execut-1_n0038/na_0002 operation ASSESS
Rule_1485	?a direction FOR => ?a operation ASSESS	su_verified_0074e29f31a1f0feb082e0064bee46f60bf6b5ae3f8703d1231341374ed97e52_table_1/na_0013 direction FOR => su_verified_0074e29f31a1f0feb082e0064bee46f60bf6b5ae3f8703d1231341374ed97e52_table_1/na_0013 operation ASSESS
Rule_1485	?a direction FOR => ?a operation ASSESS	seb24c-1_n0002/na_0002 direction FOR => seb24c-1_n0002/na_0002 operation ASSESS
Rule_1485	?a direction FOR => ?a operation ASSESS	riegel-2009-promoting-self-care-in-persons-with-heart-failure_n0004/na_0003 direction FOR => riegel-2009-promoting-self-care-in-persons-with-heart-failure_n0004/na_0003 operation ASSESS
Rule_1485	?a direction FOR => ?a operation ASSESS	sectio-1_n0007/na_0016 direction FOR => sectio-1_n0007/na_0016 operation ASSESS
Rule_1485	?a direction FOR => ?a operation ASSESS	zeppenfeld-2022-esc-guidelines-va-and-scd_n0095/na_0011 direction FOR => zeppenfeld-2022-esc-guidelines-va-and-scd_n0095/na_0011 operation ASSESS
Rule_1485	?a direction FOR => ?a operation ASSESS	pelliccia-2020-2020-esc-guidelines-on-sports-cardiology-and-exercise-in_n0060/na_0001 direction FOR => pelliccia-2020-2020-esc-guidelines-on-sports-cardiology-and-exercise-in_n0060/na_0001 operation ASSESS
Rule_1485	?a direction FOR => ?a operation ASSESS	maddox-2021-2021-update-to-the-2017-acc-expert-consensus-decision-pathwa_n0014/na_0034 direction FOR => maddox-2021-2021-update-to-the-2017-acc-expert-consensus-decision-pathwa_n0014/na_0034 operation ASSESS
Rule_1485	?a direction FOR => ?a operation ASSESS	visseren-2021-esc-guidelines-cardiovascular-disease-prevention_n0011/na_0004 direction FOR => visseren-2021-esc-guidelines-cardiovascular-disease-prevention_n0011/na_0004 operation ASSESS
Rule_1485	?a direction FOR => ?a operation ASSESS	lenarczyk-2024-management-of-patients-with-an-electrical-storm-or-cluste_n0010/na_0011 direction FOR => lenarczyk-2024-management-of-patients-with-an-electrical-storm-or-cluste_n0010/na_0011 operation ASSESS
Rule_1485	?a direction FOR => ?a operation ASSESS	zeppenfeld-2022-esc-guidelines-va-and-scd_n0019/na_0036 direction FOR => zeppenfeld-2022-esc-guidelines-va-and-scd_n0019/na_0036 operation ASSESS
Rule_1485	?a direction FOR => ?a operation ASSESS	glikson-2021-2021-esc-guidelines-on-cardiac-pacing-and-cardiac-resynchro_n0020/na_0006 direction FOR => glikson-2021-2021-esc-guidelines-on-cardiac-pacing-and-cardiac-resynchro_n0020/na_0006 operation ASSESS
Rule_1485	?a direction FOR => ?a operation ASSESS	zeppenfeld-2022-esc-guidelines-va-and-scd_n0034/na_0005 direction FOR => zeppenfeld-2022-esc-guidelines-va-and-scd_n0034/na_0005 operation ASSESS
Rule_1485	?a direction FOR => ?a operation ASSESS	vest-2019-nutrition-obesity-and-cachexia-in-patients-with-heart-failure_n0006/na_0002 direction FOR => vest-2019-nutrition-obesity-and-cachexia-in-patients-with-heart-failure_n0006/na_0002 operation ASSESS
Rule_1485	?a direction FOR => ?a operation ASSESS	mcdonagh-2023-esc-guidelines_n0080/na_0004 direction FOR => mcdonagh-2023-esc-guidelines_n0080/na_0004 operation ASSESS
Rule_1485	?a direction FOR => ?a operation ASSESS	ambrosetti-2020-secondary-prevention-comprehensive-cardiovascular-rehabi_n0008/na_0007 direction FOR => ambrosetti-2020-secondary-prevention-comprehensive-cardiovascular-rehabi_n0008/na_0007 operation ASSESS
Rule_1485	?a direction FOR => ?a operation ASSESS	execut-1_n0027/na_0016 direction FOR => execut-1_n0027/na_0016 operation ASSESS
Rule_1485	?a direction FOR => ?a operation ASSESS	visseren-2021-esc-guidelines-cardiovascular-disease-prevention_n0081/na_0027 direction FOR => visseren-2021-esc-guidelines-cardiovascular-disease-prevention_n0081/na_0027 operation ASSESS
Rule_1485	?a direction FOR => ?a operation ASSESS	ambrosetti-2020-secondary-prevention-comprehensive-cardiovascular-rehabi_n0015/na_0002 direction FOR => ambrosetti-2020-secondary-prevention-comprehensive-cardiovascular-rehabi_n0015/na_0002 operation ASSESS
Rule_1485	?a direction FOR => ?a operation ASSESS	mebaza-2015-recommendations-on-pre-hospital-early-hospital-management-of_n0004/na_0081 direction FOR => mebaza-2015-recommendations-on-pre-hospital-early-hospital-management-of_n0004/na_0081 operation ASSESS
Rule_1485	?a direction FOR => ?a operation ASSESS	visseren-2021-esc-guidelines-cardiovascular-disease-prevention_n0033/na_0001 direction FOR => visseren-2021-esc-guidelines-cardiovascular-disease-prevention_n0033/na_0001 operation ASSESS
Rule_1485	?a direction FOR => ?a operation ASSESS	visseren-2021-esc-guidelines-cardiovascular-disease-prevention_n0011/na_0001 direction FOR => visseren-2021-esc-guidelines-cardiovascular-disease-prevention_n0011/na_0001 operation ASSESS
Rule_1485	?a direction FOR => ?a operation ASSESS	vest-2019-nutrition-obesity-and-cachexia-in-patients-with-heart-failure_n0002/na_0004 direction FOR => vest-2019-nutrition-obesity-and-cachexia-in-patients-with-heart-failure_n0002/na_0004 operation ASSESS
Rule_1485	?a direction FOR => ?a operation ASSESS	zeppenfeld-2022-esc-guidelines-va-and-scd_n0079/na_0002 direction FOR => zeppenfeld-2022-esc-guidelines-va-and-scd_n0079/na_0002 operation ASSESS
Rule_1485	?a direction FOR => ?a operation ASSESS	heidenreich-2022-aha-acc-hfsa-guidelines_n0028/na_0001 direction FOR => heidenreich-2022-aha-acc-hfsa-guidelines_n0028/na_0001 operation ASSESS
Rule_1485	?a direction FOR => ?a operation ASSESS	zeppenfeld-2022-esc-guidelines-va-and-scd_n0080/na_0002 direction FOR => zeppenfeld-2022-esc-guidelines-va-and-scd_n0080/na_0002 operation ASSESS
Rule_1485	?a direction FOR => ?a operation ASSESS	mcdonagh-2023-esc-guidelines_n0095/na_0004 direction FOR => mcdonagh-2023-esc-guidelines_n0095/na_0004 operation ASSESS
Rule_1485	?a direction FOR => ?a operation ASSESS	mcdonagh-2023-esc-guidelines_n0081/na_0004 direction FOR => mcdonagh-2023-esc-guidelines_n0081/na_0004 operation ASSESS
Rule_1485	?a direction FOR => ?a operation ASSESS	tsutsui-2023-natriuretic-peptides-role-in-the-diagnosis-and-management-o_n0001/na_0010 direction FOR => tsutsui-2023-natriuretic-peptides-role-in-the-diagnosis-and-management-o_n0001/na_0010 operation ASSESS
Rule_1485	?a direction FOR => ?a operation ASSESS	zeppenfeld-2022-esc-guidelines-va-and-scd_n0093/na_0015 direction FOR => zeppenfeld-2022-esc-guidelines-va-and-scd_n0093/na_0015 operation ASSESS
Rule_1485	?a direction FOR => ?a operation ASSESS	visseren-2021-esc-guidelines-cardiovascular-disease-prevention_n0030/na_0001 direction FOR => visseren-2021-esc-guidelines-cardiovascular-disease-prevention_n0030/na_0001 operation ASSESS
Rule_1485	?a direction FOR => ?a operation ASSESS	execut-1_n0021/na_0010 direction FOR => execut-1_n0021/na_0010 operation ASSESS
Rule_1485	?a direction FOR => ?a operation ASSESS	zeppenfeld-2022-esc-guidelines-va-and-scd_n0093/na_0007 direction FOR => zeppenfeld-2022-esc-guidelines-va-and-scd_n0093/na_0007 operation ASSESS
Rule_1485	?a direction FOR => ?a operation ASSESS	heidenreich-2022-aha-acc-hfsa-guidelines_n0039/na_0029 direction FOR => heidenreich-2022-aha-acc-hfsa-guidelines_n0039/na_0029 operation ASSESS
Rule_1485	?a direction FOR => ?a operation ASSESS	glikson-2021-2021-esc-guidelines-on-cardiac-pacing-and-cardiac-resynchro_n0086/na_0018 direction FOR => glikson-2021-2021-esc-guidelines-on-cardiac-pacing-and-cardiac-resynchro_n0086/na_0018 operation ASSESS
Rule_1485	?a direction FOR => ?a operation ASSESS	zeppenfeld-2022-esc-guidelines-va-and-scd_n0022/na_0022 direction FOR => zeppenfeld-2022-esc-guidelines-va-and-scd_n0022/na_0022 operation ASSESS
Rule_1485	?a direction FOR => ?a operation ASSESS	pelliccia-2020-2020-esc-guidelines-on-sports-cardiology-and-exercise-in_n0025/na_0002 direction FOR => pelliccia-2020-2020-esc-guidelines-on-sports-cardiology-and-exercise-in_n0025/na_0002 operation ASSESS
Rule_1485	?a direction FOR => ?a operation ASSESS	ambrosetti-2020-secondary-prevention-comprehensive-cardiovascular-rehabi_n0012/na_0020 direction FOR => ambrosetti-2020-secondary-prevention-comprehensive-cardiovascular-rehabi_n0012/na_0020 operation ASSESS
Rule_1485	?a direction FOR => ?a operation ASSESS	visseren-2021-esc-guidelines-cardiovascular-disease-prevention_n0033/na_0006 direction FOR => visseren-2021-esc-guidelines-cardiovascular-disease-prevention_n0033/na_0006 operation ASSESS
Rule_1485	?a direction FOR => ?a operation ASSESS	ambrosetti-2020-secondary-prevention-comprehensive-cardiovascular-rehabi_n0013/na_9001 direction FOR => ambrosetti-2020-secondary-prevention-comprehensive-cardiovascular-rehabi_n0013/na_9001 operation ASSESS
Rule_1485	?a direction FOR => ?a operation ASSESS	al-khatib-2017-aha-acc-hrs-guideline-va-and-scd_n0079/na_0002 direction FOR => al-khatib-2017-aha-acc-hrs-guideline-va-and-scd_n0079/na_0002 operation ASSESS
Rule_1485	?a direction FOR => ?a operation ASSESS	regitz-zagrosek-2018-2018-esc-guideline-for-the-management-of-cardiovasc_n0029/na_0003 direction FOR => regitz-zagrosek-2018-2018-esc-guideline-for-the-management-of-cardiovasc_n0029/na_0003 operation ASSESS
Rule_1485	?a direction FOR => ?a operation ASSESS	mcdonagh-2023-esc-guidelines_n0089/na_0007 direction FOR => mcdonagh-2023-esc-guidelines_n0089/na_0007 operation ASSESS
Rule_1485	?a direction FOR => ?a operation ASSESS	zeppenfeld-2022-esc-guidelines-va-and-scd_n0095/na_0016 direction FOR => zeppenfeld-2022-esc-guidelines-va-and-scd_n0095/na_0016 operation ASSESS
Rule_1485	?a direction FOR => ?a operation ASSESS	pelliccia-2020-2020-esc-guidelines-on-sports-cardiology-and-exercise-in_n0073/na_0004 direction FOR => pelliccia-2020-2020-esc-guidelines-on-sports-cardiology-and-exercise-in_n0073/na_0004 operation ASSESS
Rule_1485	?a direction FOR => ?a operation ASSESS	zeppenfeld-2022-esc-guidelines-va-and-scd_n0019/na_0026 direction FOR => zeppenfeld-2022-esc-guidelines-va-and-scd_n0019/na_0026 operation ASSESS
Rule_1485	?a direction FOR => ?a operation ASSESS	regitz-zagrosek-2018-2018-esc-guideline-for-the-management-of-cardiovasc_n0030/na_0001 direction FOR => regitz-zagrosek-2018-2018-esc-guideline-for-the-management-of-cardiovasc_n0030/na_0001 operation ASSESS
Rule_1485	?a direction FOR => ?a operation ASSESS	pelliccia-2020-2020-esc-guidelines-on-sports-cardiology-and-exercise-in_n0074/na_0002 direction FOR => pelliccia-2020-2020-esc-guidelines-on-sports-cardiology-and-exercise-in_n0074/na_0002 operation ASSESS
Rule_1485	?a direction FOR => ?a operation ASSESS	heidenreich-2022-aha-acc-hfsa-guidelines_n0108/na_0017 direction FOR => heidenreich-2022-aha-acc-hfsa-guidelines_n0108/na_0017 operation ASSESS
Rule_1485	?a direction FOR => ?a operation ASSESS	execut-1_n0038/na_0006 direction FOR => execut-1_n0038/na_0006 operation ASSESS
Rule_1485	?a direction FOR => ?a operation ASSESS	su_verified_6ed52cdf724db04223b4d1c2e62f3c35f6b42bc19bc5e3198277d681d47e1eb9_table_25/na_0005 direction FOR => su_verified_6ed52cdf724db04223b4d1c2e62f3c35f6b42bc19bc5e3198277d681d47e1eb9_table_25/na_0005 operation ASSESS
Rule_1485	?a direction FOR => ?a operation ASSESS	heidenreich-2022-aha-acc-hfsa-guidelines_n0108/na_0030 direction FOR => heidenreich-2022-aha-acc-hfsa-guidelines_n0108/na_0030 operation ASSESS
Rule_1485	?a direction FOR => ?a operation ASSESS	execut-1_n0021/na_0005 direction FOR => execut-1_n0021/na_0005 operation ASSESS
Rule_1485	?a direction FOR => ?a operation ASSESS	glikson-2021-2021-esc-guidelines-on-cardiac-pacing-and-cardiac-resynchro_n0078/na_0001 direction FOR => glikson-2021-2021-esc-guidelines-on-cardiac-pacing-and-cardiac-resynchro_n0078/na_0001 operation ASSESS
Rule_1485	?a direction FOR => ?a operation ASSESS	al-khatib-2017-aha-acc-hrs-guideline-va-and-scd_n0043/na_0007 direction FOR => al-khatib-2017-aha-acc-hrs-guideline-va-and-scd_n0043/na_0007 operation ASSESS
Rule_1485	?a direction FOR => ?a operation ASSESS	maddox-2021-2021-update-to-the-2017-acc-expert-consensus-decision-pathwa_n0014/na_0009 direction FOR => maddox-2021-2021-update-to-the-2017-acc-expert-consensus-decision-pathwa_n0014/na_0009 operation ASSESS
Rule_1485	?a direction FOR => ?a operation ASSESS	zeppenfeld-2022-esc-guidelines-va-and-scd_n0096/na_0014 direction FOR => zeppenfeld-2022-esc-guidelines-va-and-scd_n0096/na_0014 operation ASSESS
Rule_1485	?a direction FOR => ?a operation ASSESS	zeppenfeld-2022-esc-guidelines-va-and-scd_n0018/na_0020 direction FOR => zeppenfeld-2022-esc-guidelines-va-and-scd_n0018/na_0020 operation ASSESS
Rule_1485	?a direction FOR => ?a operation ASSESS	visseren-2021-esc-guidelines-cardiovascular-disease-prevention_n0056/na_0003 direction FOR => visseren-2021-esc-guidelines-cardiovascular-disease-prevention_n0056/na_0003 operation ASSESS
Rule_1485	?a direction FOR => ?a operation ASSESS	visseren-2021-esc-guidelines-cardiovascular-disease-prevention_n0033/na_0002 direction FOR => visseren-2021-esc-guidelines-cardiovascular-disease-prevention_n0033/na_0002 operation ASSESS
Rule_1485	?a direction FOR => ?a operation ASSESS	mebaza-2015-recommendations-on-pre-hospital-early-hospital-management-of_n0004/na_0047 direction FOR => mebaza-2015-recommendations-on-pre-hospital-early-hospital-management-of_n0004/na_0047 operation ASSESS
Rule_1485	?a direction FOR => ?a operation ASSESS	mcdonagh-2023-esc-guidelines_n0055/na_0018 direction FOR => mcdonagh-2023-esc-guidelines_n0055/na_0018 operation ASSESS
Rule_1485	?a direction FOR => ?a operation ASSESS	riegel-2009-promoting-self-care-in-persons-with-heart-failure_n0004/na_0026 direction FOR => riegel-2009-promoting-self-care-in-persons-with-heart-failure_n0004/na_0026 operation ASSESS
Rule_1485	?a direction FOR => ?a operation ASSESS	zeppenfeld-2022-esc-guidelines-va-and-scd_n0021/na_0021 direction FOR => zeppenfeld-2022-esc-guidelines-va-and-scd_n0021/na_0021 operation ASSESS
Rule_1485	?a direction FOR => ?a operation ASSESS	visseren-2021-esc-guidelines-cardiovascular-disease-prevention_n0027/na_0001 direction FOR => visseren-2021-esc-guidelines-cardiovascular-disease-prevention_n0027/na_0001 operation ASSESS
Rule_1485	?a direction FOR => ?a operation ASSESS	su_verified_0074e29f31a1f0feb082e0064bee46f60bf6b5ae3f8703d1231341374ed97e52_table_1/na_0074 direction FOR => su_verified_0074e29f31a1f0feb082e0064bee46f60bf6b5ae3f8703d1231341374ed97e52_table_1/na_0074 operation ASSESS
Rule_1485	?a direction FOR => ?a operation ASSESS	maddox-2021-2021-update-to-the-2017-acc-expert-consensus-decision-pathwa_n0014/na_0024 direction FOR => maddox-2021-2021-update-to-the-2017-acc-expert-consensus-decision-pathwa_n0014/na_0024 operation ASSESS
Rule_1485	?a direction FOR => ?a operation ASSESS	su_verified_e5f20076152902f9b102f37b1a83cdc79baea0d42000f6c76a83acfae0e39670_table_2/na_0009 direction FOR => su_verified_e5f20076152902f9b102f37b1a83cdc79baea0d42000f6c76a83acfae0e39670_table_2/na_0009 operation ASSESS
Rule_1485	?a direction FOR => ?a operation ASSESS	glikson-2021-2021-esc-guidelines-on-cardiac-pacing-and-cardiac-resynchro_n0020/na_0013 direction FOR => glikson-2021-2021-esc-guidelines-on-cardiac-pacing-and-cardiac-resynchro_n0020/na_0013 operation ASSESS
Rule_1485	?a direction FOR => ?a operation ASSESS	sectio-1_n0020/na_0001 direction FOR => sectio-1_n0020/na_0001 operation ASSESS
Rule_1485	?a direction FOR => ?a operation ASSESS	heidenreich-2022-aha-acc-hfsa-guidelines_n0108/na_0003 direction FOR => heidenreich-2022-aha-acc-hfsa-guidelines_n0108/na_0003 operation ASSESS
Rule_1485	?a direction FOR => ?a operation ASSESS	execut-1_n0026/na_0015 direction FOR => execut-1_n0026/na_0015 operation ASSESS
Rule_1485	?a direction FOR => ?a operation ASSESS	al-khatib-2017-aha-acc-hrs-guideline-va-and-scd_n0039/na_0002 direction FOR => al-khatib-2017-aha-acc-hrs-guideline-va-and-scd_n0039/na_0002 operation ASSESS
Rule_1485	?a direction FOR => ?a operation ASSESS	maddox-2021-2021-update-to-the-2017-acc-expert-consensus-decision-pathwa_n0008/na_0011 direction FOR => maddox-2021-2021-update-to-the-2017-acc-expert-consensus-decision-pathwa_n0008/na_0011 operation ASSESS
Rule_1485	?a direction FOR => ?a operation ASSESS	zeppenfeld-2022-esc-guidelines-va-and-scd_n0019/na_0042 direction FOR => zeppenfeld-2022-esc-guidelines-va-and-scd_n0019/na_0042 operation ASSESS
Rule_1485	?a direction FOR => ?a operation ASSESS	sectio-4_n0008/na_0011 direction FOR => sectio-4_n0008/na_0011 operation ASSESS
Rule_1485	?a direction FOR => ?a operation ASSESS	regitz-zagrosek-2018-2018-esc-guideline-for-the-management-of-cardiovasc_n0016/na_0001 direction FOR => regitz-zagrosek-2018-2018-esc-guideline-for-the-management-of-cardiovasc_n0016/na_0001 operation ASSESS
Rule_1485	?a direction FOR => ?a operation ASSESS	execut-1_n0027/na_0014 direction FOR => execut-1_n0027/na_0014 operation ASSESS
Rule_1485	?a direction FOR => ?a operation ASSESS	tsutsui-2023-natriuretic-peptides-role-in-the-diagnosis-and-management-o_n0001/na_0008 direction FOR => tsutsui-2023-natriuretic-peptides-role-in-the-diagnosis-and-management-o_n0001/na_0008 operation ASSESS
Rule_1485	?a direction FOR => ?a operation ASSESS	mcdonagh-2023-esc-guidelines_n0097/na_0014 direction FOR => mcdonagh-2023-esc-guidelines_n0097/na_0014 operation ASSESS
Rule_1485	?a direction FOR => ?a operation ASSESS	zeppenfeld-2022-esc-guidelines-va-and-scd_n0096/na_0015 direction FOR => zeppenfeld-2022-esc-guidelines-va-and-scd_n0096/na_0015 operation ASSESS
Rule_1485	?a direction FOR => ?a operation ASSESS	zeppenfeld-2022-esc-guidelines-va-and-scd_n0034/na_0004 direction FOR => zeppenfeld-2022-esc-guidelines-va-and-scd_n0034/na_0004 operation ASSESS
Rule_1485	?a direction FOR => ?a operation ASSESS	seb24c-1_n0004/na_0008 direction FOR => seb24c-1_n0004/na_0008 operation ASSESS
Rule_1485	?a direction FOR => ?a operation ASSESS	mcdonagh-2023-esc-guidelines_n0051/na_0007 direction FOR => mcdonagh-2023-esc-guidelines_n0051/na_0007 operation ASSESS
Rule_1485	?a direction FOR => ?a operation ASSESS	execut-1_n0047/na_0012 direction FOR => execut-1_n0047/na_0012 operation ASSESS
Rule_1485	?a direction FOR => ?a operation ASSESS	regitz-zagrosek-2018-2018-esc-guideline-for-the-management-of-cardiovasc_n0030/na_0002 direction FOR => regitz-zagrosek-2018-2018-esc-guideline-for-the-management-of-cardiovasc_n0030/na_0002 operation ASSESS
Rule_1485	?a direction FOR => ?a operation ASSESS	ambrosetti-2020-secondary-prevention-comprehensive-cardiovascular-rehabi_n0014/na_0003 direction FOR => ambrosetti-2020-secondary-prevention-comprehensive-cardiovascular-rehabi_n0014/na_0003 operation ASSESS
Rule_1485	?a direction FOR => ?a operation ASSESS	execut-1_n0036/na_0007 direction FOR => execut-1_n0036/na_0007 operation ASSESS
Rule_1485	?a direction FOR => ?a operation ASSESS	mcdonagh-2023-esc-guidelines_n0089/na_0006 direction FOR => mcdonagh-2023-esc-guidelines_n0089/na_0006 operation ASSESS
Rule_1485	?a direction FOR => ?a operation ASSESS	zeppenfeld-2022-esc-guidelines-va-and-scd_n0091/na_0014 direction FOR => zeppenfeld-2022-esc-guidelines-va-and-scd_n0091/na_0014 operation ASSESS
Rule_1485	?a direction FOR => ?a operation ASSESS	mcdonagh-2023-esc-guidelines_n0096/na_0023 direction FOR => mcdonagh-2023-esc-guidelines_n0096/na_0023 operation ASSESS
Rule_1485	?a direction FOR => ?a operation ASSESS	visseren-2021-esc-guidelines-cardiovascular-disease-prevention_n0030/na_0002 direction FOR => visseren-2021-esc-guidelines-cardiovascular-disease-prevention_n0030/na_0002 operation ASSESS
Rule_1485	?a direction FOR => ?a operation ASSESS	mcdonagh-2023-esc-guidelines_n0086/na_0005 direction FOR => mcdonagh-2023-esc-guidelines_n0086/na_0005 operation ASSESS
Rule_1485	?a direction FOR => ?a operation ASSESS	zeppenfeld-2022-esc-guidelines-va-and-scd_n0060/na_0008 direction FOR => zeppenfeld-2022-esc-guidelines-va-and-scd_n0060/na_0008 operation ASSESS
Rule_1485	?a direction FOR => ?a operation ASSESS	glikson-2021-2021-esc-guidelines-on-cardiac-pacing-and-cardiac-resynchro_n0020/na_0004 direction FOR => glikson-2021-2021-esc-guidelines-on-cardiac-pacing-and-cardiac-resynchro_n0020/na_0004 operation ASSESS
Rule_1485	?a direction FOR => ?a operation ASSESS	mcdonagh-2023-esc-guidelines_n0021/na_0003 direction FOR => mcdonagh-2023-esc-guidelines_n0021/na_0003 operation ASSESS
Rule_1485	?a direction FOR => ?a operation ASSESS	pelliccia-2020-2020-esc-guidelines-on-sports-cardiology-and-exercise-in_n0076/na_0002 direction FOR => pelliccia-2020-2020-esc-guidelines-on-sports-cardiology-and-exercise-in_n0076/na_0002 operation ASSESS
Rule_1485	?a direction FOR => ?a operation ASSESS	ambrosetti-2020-secondary-prevention-comprehensive-cardiovascular-rehabi_n0012/na_0019 direction FOR => ambrosetti-2020-secondary-prevention-comprehensive-cardiovascular-rehabi_n0012/na_0019 operation ASSESS
Rule_1485	?a direction FOR => ?a operation ASSESS	ambrosetti-2020-secondary-prevention-comprehensive-cardiovascular-rehabi_n0013/na_9002 direction FOR => ambrosetti-2020-secondary-prevention-comprehensive-cardiovascular-rehabi_n0013/na_9002 operation ASSESS
Rule_1485	?a direction FOR => ?a operation ASSESS	su_verified_e5f20076152902f9b102f37b1a83cdc79baea0d42000f6c76a83acfae0e39670_table_1/na_0005 direction FOR => su_verified_e5f20076152902f9b102f37b1a83cdc79baea0d42000f6c76a83acfae0e39670_table_1/na_0005 operation ASSESS
Rule_1485	?a direction FOR => ?a operation ASSESS	riegel-2009-promoting-self-care-in-persons-with-heart-failure_n0004/na_0030 direction FOR => riegel-2009-promoting-self-care-in-persons-with-heart-failure_n0004/na_0030 operation ASSESS
Rule_1485	?a direction FOR => ?a operation ASSESS	zeppenfeld-2022-esc-guidelines-va-and-scd_n0018/na_0032 direction FOR => zeppenfeld-2022-esc-guidelines-va-and-scd_n0018/na_0032 operation ASSESS
Rule_1485	?a direction FOR => ?a operation ASSESS	zeppenfeld-2022-esc-guidelines-va-and-scd_n0019/na_0045 direction FOR => zeppenfeld-2022-esc-guidelines-va-and-scd_n0019/na_0045 operation ASSESS
Rule_1485	?a direction FOR => ?a operation ASSESS	mebaza-2015-recommendations-on-pre-hospital-early-hospital-management-of_n0004/na_0074 direction FOR => mebaza-2015-recommendations-on-pre-hospital-early-hospital-management-of_n0004/na_0074 operation ASSESS
Rule_1485	?a direction FOR => ?a operation ASSESS	visseren-2021-esc-guidelines-cardiovascular-disease-prevention_n0027/na_0003 direction FOR => visseren-2021-esc-guidelines-cardiovascular-disease-prevention_n0027/na_0003 operation ASSESS
Rule_1485	?a direction FOR => ?a operation ASSESS	zeppenfeld-2022-esc-guidelines-va-and-scd_n0034/na_0003 direction FOR => zeppenfeld-2022-esc-guidelines-va-and-scd_n0034/na_0003 operation ASSESS
Rule_1485	?a direction FOR => ?a operation ASSESS	mebaza-2015-recommendations-on-pre-hospital-early-hospital-management-of_n0004/na_0069 direction FOR => mebaza-2015-recommendations-on-pre-hospital-early-hospital-management-of_n0004/na_0069 operation ASSESS
Rule_1485	?a direction FOR => ?a operation ASSESS	ambrosetti-2020-secondary-prevention-comprehensive-cardiovascular-rehabi_n0014/na_0002 direction FOR => ambrosetti-2020-secondary-prevention-comprehensive-cardiovascular-rehabi_n0014/na_0002 operation ASSESS
Rule_1485	?a direction FOR => ?a operation ASSESS	glikson-2021-2021-esc-guidelines-on-cardiac-pacing-and-cardiac-resynchro_n0020/na_0009 direction FOR => glikson-2021-2021-esc-guidelines-on-cardiac-pacing-and-cardiac-resynchro_n0020/na_0009 operation ASSESS
Rule_1485	?a direction FOR => ?a operation ASSESS	execut-1_n0036/na_0006 direction FOR => execut-1_n0036/na_0006 operation ASSESS
Rule_1485	?a direction FOR => ?a operation ASSESS	zeppenfeld-2022-esc-guidelines-va-and-scd_n0019/na_0019 direction FOR => zeppenfeld-2022-esc-guidelines-va-and-scd_n0019/na_0019 operation ASSESS
Rule_1485	?a direction FOR => ?a operation ASSESS	su_verified_0074e29f31a1f0feb082e0064bee46f60bf6b5ae3f8703d1231341374ed97e52_table_1/na_0007 direction FOR => su_verified_0074e29f31a1f0feb082e0064bee46f60bf6b5ae3f8703d1231341374ed97e52_table_1/na_0007 operation ASSESS
Rule_1485	?a direction FOR => ?a operation ASSESS	zeppenfeld-2022-esc-guidelines-va-and-scd_n0018/na_0027 direction FOR => zeppenfeld-2022-esc-guidelines-va-and-scd_n0018/na_0027 operation ASSESS
Rule_1485	?a direction FOR => ?a operation ASSESS	visseren-2021-esc-guidelines-cardiovascular-disease-prevention_n0079/na_0005 direction FOR => visseren-2021-esc-guidelines-cardiovascular-disease-prevention_n0079/na_0005 operation ASSESS
Rule_1485	?a direction FOR => ?a operation ASSESS	ferrick-2023-2023-hrs-ehra-aphrs-lahrs-expert-consensus-statement-on-pra_n0024/na_0001 direction FOR => ferrick-2023-2023-hrs-ehra-aphrs-lahrs-expert-consensus-statement-on-pra_n0024/na_0001 operation ASSESS
Rule_1485	?a direction FOR => ?a operation ASSESS	ambrosetti-2020-secondary-prevention-comprehensive-cardiovascular-rehabi_n0006/na_0003 direction FOR => ambrosetti-2020-secondary-prevention-comprehensive-cardiovascular-rehabi_n0006/na_0003 operation ASSESS
Rule_1485	?a direction FOR => ?a operation ASSESS	pelliccia-2020-2020-esc-guidelines-on-sports-cardiology-and-exercise-in_n0076/na_0007 direction FOR => pelliccia-2020-2020-esc-guidelines-on-sports-cardiology-and-exercise-in_n0076/na_0007 operation ASSESS
Rule_1485	?a direction FOR => ?a operation ASSESS	mullens-2019-the-use-of-diuretics-in-heart-failure-with-congestion_n0004/na_0002 direction FOR => mullens-2019-the-use-of-diuretics-in-heart-failure-with-congestion_n0004/na_0002 operation ASSESS
Rule_1485	?a direction FOR => ?a operation ASSESS	zeppenfeld-2022-esc-guidelines-va-and-scd_n0074/na_0002 direction FOR => zeppenfeld-2022-esc-guidelines-va-and-scd_n0074/na_0002 operation ASSESS
Rule_1485	?a direction FOR => ?a operation ASSESS	pelliccia-2020-2020-esc-guidelines-on-sports-cardiology-and-exercise-in_n0040/na_0004 direction FOR => pelliccia-2020-2020-esc-guidelines-on-sports-cardiology-and-exercise-in_n0040/na_0004 operation ASSESS
Rule_1485	?a direction FOR => ?a operation ASSESS	su_verified_e5f20076152902f9b102f37b1a83cdc79baea0d42000f6c76a83acfae0e39670_table_2/na_0013 direction FOR => su_verified_e5f20076152902f9b102f37b1a83cdc79baea0d42000f6c76a83acfae0e39670_table_2/na_0013 operation ASSESS
Rule_1485	?a direction FOR => ?a operation ASSESS	zeppenfeld-2022-esc-guidelines-va-and-scd_n0019/na_0010 direction FOR => zeppenfeld-2022-esc-guidelines-va-and-scd_n0019/na_0010 operation ASSESS
Rule_1485	?a direction FOR => ?a operation ASSESS	zeppenfeld-2022-esc-guidelines-va-and-scd_n0019/na_0051 direction FOR => zeppenfeld-2022-esc-guidelines-va-and-scd_n0019/na_0051 operation ASSESS
Rule_1485	?a direction FOR => ?a operation ASSESS	ambrosetti-2020-secondary-prevention-comprehensive-cardiovascular-rehabi_n0001/na_0040 direction FOR => ambrosetti-2020-secondary-prevention-comprehensive-cardiovascular-rehabi_n0001/na_0040 operation ASSESS
Rule_1485	?a direction FOR => ?a operation ASSESS	mcdonagh-2023-esc-guidelines_n0045/na_0004 direction FOR => mcdonagh-2023-esc-guidelines_n0045/na_0004 operation ASSESS
Rule_1485	?a direction FOR => ?a operation ASSESS	execut-1_n0048/na_0019 direction FOR => execut-1_n0048/na_0019 operation ASSESS
Rule_1485	?a direction FOR => ?a operation ASSESS	sectio-1_n0006/na_0003 direction FOR => sectio-1_n0006/na_0003 operation ASSESS
Rule_1485	?a direction FOR => ?a operation ASSESS	sectio-1_n0006/na_0014 direction FOR => sectio-1_n0006/na_0014 operation ASSESS
Rule_1485	?a direction FOR => ?a operation ASSESS	ambrosetti-2020-secondary-prevention-comprehensive-cardiovascular-rehabi_n0006/na_0001 direction FOR => ambrosetti-2020-secondary-prevention-comprehensive-cardiovascular-rehabi_n0006/na_0001 operation ASSESS
Rule_1485	?a direction FOR => ?a operation ASSESS	heidenreich-2022-aha-acc-hfsa-guidelines_n0019/na_0001 direction FOR => heidenreich-2022-aha-acc-hfsa-guidelines_n0019/na_0001 operation ASSESS
Rule_1485	?a direction FOR => ?a operation ASSESS	su_verified_e5f20076152902f9b102f37b1a83cdc79baea0d42000f6c76a83acfae0e39670_table_1/na_0008 direction FOR => su_verified_e5f20076152902f9b102f37b1a83cdc79baea0d42000f6c76a83acfae0e39670_table_1/na_0008 operation ASSESS
Rule_1485	?a direction FOR => ?a operation ASSESS	heidenreich-2022-aha-acc-hfsa-guidelines_n0108/na_0021 direction FOR => heidenreich-2022-aha-acc-hfsa-guidelines_n0108/na_0021 operation ASSESS
Rule_1485	?a direction FOR => ?a operation ASSESS	su_verified_0074e29f31a1f0feb082e0064bee46f60bf6b5ae3f8703d1231341374ed97e52_table_1/na_0020 direction FOR => su_verified_0074e29f31a1f0feb082e0064bee46f60bf6b5ae3f8703d1231341374ed97e52_table_1/na_0020 operation ASSESS
Rule_1485	?a direction FOR => ?a operation ASSESS	execut-1_n0041/na_0009 direction FOR => execut-1_n0041/na_0009 operation ASSESS
Rule_1485	?a direction FOR => ?a operation ASSESS	pelliccia-2020-2020-esc-guidelines-on-sports-cardiology-and-exercise-in_n0054/na_0003 direction FOR => pelliccia-2020-2020-esc-guidelines-on-sports-cardiology-and-exercise-in_n0054/na_0003 operation ASSESS
Rule_1485	?a direction FOR => ?a operation ASSESS	glikson-2021-2021-esc-guidelines-on-cardiac-pacing-and-cardiac-resynchro_n0039/na_0001 direction FOR => glikson-2021-2021-esc-guidelines-on-cardiac-pacing-and-cardiac-resynchro_n0039/na_0001 operation ASSESS
Rule_1485	?a direction FOR => ?a operation ASSESS	su_verified_e5f20076152902f9b102f37b1a83cdc79baea0d42000f6c76a83acfae0e39670_table_1/na_0003 direction FOR => su_verified_e5f20076152902f9b102f37b1a83cdc79baea0d42000f6c76a83acfae0e39670_table_1/na_0003 operation ASSESS
Rule_1485	?a direction FOR => ?a operation ASSESS	su_verified_6ed52cdf724db04223b4d1c2e62f3c35f6b42bc19bc5e3198277d681d47e1eb9_table_25/na_0015 direction FOR => su_verified_6ed52cdf724db04223b4d1c2e62f3c35f6b42bc19bc5e3198277d681d47e1eb9_table_25/na_0015 operation ASSESS
Rule_1485	?a direction FOR => ?a operation ASSESS	sectio-1_n0023/na_0010 direction FOR => sectio-1_n0023/na_0010 operation ASSESS
Rule_1485	?a direction FOR => ?a operation ASSESS	su_verified_e5f20076152902f9b102f37b1a83cdc79baea0d42000f6c76a83acfae0e39670_table_2/na_0002 direction FOR => su_verified_e5f20076152902f9b102f37b1a83cdc79baea0d42000f6c76a83acfae0e39670_table_2/na_0002 operation ASSESS
Rule_1485	?a direction FOR => ?a operation ASSESS	su_verified_1d4ae21bdadbacafa8087e019976dde180c346c5d4626772c2b286528336efac_table_14/na_0008 direction FOR => su_verified_1d4ae21bdadbacafa8087e019976dde180c346c5d4626772c2b286528336efac_table_14/na_0008 operation ASSESS
Rule_1485	?a direction FOR => ?a operation ASSESS	visseren-2021-esc-guidelines-cardiovascular-disease-prevention_n0056/na_0002 direction FOR => visseren-2021-esc-guidelines-cardiovascular-disease-prevention_n0056/na_0002 operation ASSESS
Rule_1485	?a direction FOR => ?a operation ASSESS	sectio-1_n0010/na_0014 direction FOR => sectio-1_n0010/na_0014 operation ASSESS
Rule_1485	?a direction FOR => ?a operation ASSESS	su_verified_1d4ae21bdadbacafa8087e019976dde180c346c5d4626772c2b286528336efac_table_14/na_0012 direction FOR => su_verified_1d4ae21bdadbacafa8087e019976dde180c346c5d4626772c2b286528336efac_table_14/na_0012 operation ASSESS
Rule_1485	?a direction FOR => ?a operation ASSESS	maddox-2021-2021-update-to-the-2017-acc-expert-consensus-decision-pathwa_n0014/na_0003 direction FOR => maddox-2021-2021-update-to-the-2017-acc-expert-consensus-decision-pathwa_n0014/na_0003 operation ASSESS
Rule_1485	?a direction FOR => ?a operation ASSESS	execut-1_n0027/na_0015 direction FOR => execut-1_n0027/na_0015 operation ASSESS
Rule_1485	?a direction FOR => ?a operation ASSESS	sectio-1_n0023/na_0009 direction FOR => sectio-1_n0023/na_0009 operation ASSESS
Rule_1485	?a direction FOR => ?a operation ASSESS	mcdonagh-2023-esc-guidelines_n0096/na_0008 direction FOR => mcdonagh-2023-esc-guidelines_n0096/na_0008 operation ASSESS
Rule_1485	?a direction FOR => ?a operation ASSESS	mullens-2019-the-use-of-diuretics-in-heart-failure-with-congestion_n0005/na_0002 direction FOR => mullens-2019-the-use-of-diuretics-in-heart-failure-with-congestion_n0005/na_0002 operation ASSESS
Rule_1485	?a direction FOR => ?a operation ASSESS	mcdonagh-2023-esc-guidelines_n0068/na_0018 direction FOR => mcdonagh-2023-esc-guidelines_n0068/na_0018 operation ASSESS
Rule_1485	?a direction FOR => ?a operation ASSESS	mcdonagh-2023-esc-guidelines_n0062/na_0007 direction FOR => mcdonagh-2023-esc-guidelines_n0062/na_0007 operation ASSESS
Rule_1485	?a direction FOR => ?a operation ASSESS	su_verified_6ed52cdf724db04223b4d1c2e62f3c35f6b42bc19bc5e3198277d681d47e1eb9_table_25/na_0012 direction FOR => su_verified_6ed52cdf724db04223b4d1c2e62f3c35f6b42bc19bc5e3198277d681d47e1eb9_table_25/na_0012 operation ASSESS
Rule_1485	?a direction FOR => ?a operation ASSESS	execut-1_n0026/na_0017 direction FOR => execut-1_n0026/na_0017 operation ASSESS
Rule_1485	?a direction FOR => ?a operation ASSESS	visseren-2021-esc-guidelines-cardiovascular-disease-prevention_n0033/na_0009 direction FOR => visseren-2021-esc-guidelines-cardiovascular-disease-prevention_n0033/na_0009 operation ASSESS
Rule_1485	?a direction FOR => ?a operation ASSESS	ambrosetti-2020-secondary-prevention-comprehensive-cardiovascular-rehabi_n0006/na_0008 direction FOR => ambrosetti-2020-secondary-prevention-comprehensive-cardiovascular-rehabi_n0006/na_0008 operation ASSESS
Rule_1485	?a direction FOR => ?a operation ASSESS	ambrosetti-2020-secondary-prevention-comprehensive-cardiovascular-rehabi_n0016/na_0012 direction FOR => ambrosetti-2020-secondary-prevention-comprehensive-cardiovascular-rehabi_n0016/na_0012 operation ASSESS
Rule_1485	?a direction FOR => ?a operation ASSESS	zeppenfeld-2022-esc-guidelines-va-and-scd_n0091/na_0011 direction FOR => zeppenfeld-2022-esc-guidelines-va-and-scd_n0091/na_0011 operation ASSESS
Rule_1485	?a direction FOR => ?a operation ASSESS	execut-1_n0021/na_0009 direction FOR => execut-1_n0021/na_0009 operation ASSESS
Rule_1485	?a direction FOR => ?a operation ASSESS	sectio-1_n0022/na_0004 direction FOR => sectio-1_n0022/na_0004 operation ASSESS
Rule_1485	?a direction FOR => ?a operation ASSESS	ambrosetti-2020-secondary-prevention-comprehensive-cardiovascular-rehabi_n0013/na_0032 direction FOR => ambrosetti-2020-secondary-prevention-comprehensive-cardiovascular-rehabi_n0013/na_0032 operation ASSESS
Rule_1485	?a direction FOR => ?a operation ASSESS	su_verified_6ed52cdf724db04223b4d1c2e62f3c35f6b42bc19bc5e3198277d681d47e1eb9_table_25/na_0002 direction FOR => su_verified_6ed52cdf724db04223b4d1c2e62f3c35f6b42bc19bc5e3198277d681d47e1eb9_table_25/na_0002 operation ASSESS
Rule_1485	?a direction FOR => ?a operation ASSESS	visseren-2021-esc-guidelines-cardiovascular-disease-prevention_n0080/na_0003 direction FOR => visseren-2021-esc-guidelines-cardiovascular-disease-prevention_n0080/na_0003 operation ASSESS
Rule_1485	?a direction FOR => ?a operation ASSESS	zeppenfeld-2022-esc-guidelines-va-and-scd_n0021/na_0012 direction FOR => zeppenfeld-2022-esc-guidelines-va-and-scd_n0021/na_0012 operation ASSESS
Rule_1485	?a direction FOR => ?a operation ASSESS	maddox-2021-2021-update-to-the-2017-acc-expert-consensus-decision-pathwa_n0014/na_0032 direction FOR => maddox-2021-2021-update-to-the-2017-acc-expert-consensus-decision-pathwa_n0014/na_0032 operation ASSESS
Rule_1485	?a direction FOR => ?a operation ASSESS	mcdonagh-2023-esc-guidelines_n0086/na_0002 direction FOR => mcdonagh-2023-esc-guidelines_n0086/na_0002 operation ASSESS
Rule_1485	?a direction FOR => ?a operation ASSESS	visseren-2021-esc-guidelines-cardiovascular-disease-prevention_n0033/na_0008 direction FOR => visseren-2021-esc-guidelines-cardiovascular-disease-prevention_n0033/na_0008 operation ASSESS
Rule_1485	?a direction FOR => ?a operation ASSESS	regitz-zagrosek-2018-2018-esc-guideline-for-the-management-of-cardiovasc_n0051/na_0002 direction FOR => regitz-zagrosek-2018-2018-esc-guideline-for-the-management-of-cardiovasc_n0051/na_0002 operation ASSESS
Rule_1485	?a direction FOR => ?a operation ASSESS	su_verified_6ed52cdf724db04223b4d1c2e62f3c35f6b42bc19bc5e3198277d681d47e1eb9_table_25/na_0004 direction FOR => su_verified_6ed52cdf724db04223b4d1c2e62f3c35f6b42bc19bc5e3198277d681d47e1eb9_table_25/na_0004 operation ASSESS
Rule_1485	?a direction FOR => ?a operation ASSESS	su_verified_0074e29f31a1f0feb082e0064bee46f60bf6b5ae3f8703d1231341374ed97e52_table_1/na_0005 direction FOR => su_verified_0074e29f31a1f0feb082e0064bee46f60bf6b5ae3f8703d1231341374ed97e52_table_1/na_0005 operation ASSESS
Rule_1485	?a direction FOR => ?a operation ASSESS	ambrosetti-2020-secondary-prevention-comprehensive-cardiovascular-rehabi_n0013/na_9000 direction FOR => ambrosetti-2020-secondary-prevention-comprehensive-cardiovascular-rehabi_n0013/na_9000 operation ASSESS
Rule_1485	?a direction FOR => ?a operation ASSESS	zeppenfeld-2022-esc-guidelines-va-and-scd_n0019/na_0027 direction FOR => zeppenfeld-2022-esc-guidelines-va-and-scd_n0019/na_0027 operation ASSESS
Rule_1485	?a direction FOR => ?a operation ASSESS	ambrosetti-2020-secondary-prevention-comprehensive-cardiovascular-rehabi_n0016/na_0015 direction FOR => ambrosetti-2020-secondary-prevention-comprehensive-cardiovascular-rehabi_n0016/na_0015 operation ASSESS
Rule_1485	?a direction FOR => ?a operation ASSESS	visseren-2021-esc-guidelines-cardiovascular-disease-prevention_n0010/na_0057 direction FOR => visseren-2021-esc-guidelines-cardiovascular-disease-prevention_n0010/na_0057 operation ASSESS
Rule_1485	?a direction FOR => ?a operation ASSESS	pelliccia-2020-2020-esc-guidelines-on-sports-cardiology-and-exercise-in_n0064/na_0001 direction FOR => pelliccia-2020-2020-esc-guidelines-on-sports-cardiology-and-exercise-in_n0064/na_0001 operation ASSESS
Rule_1485	?a direction FOR => ?a operation ASSESS	pelliccia-2020-2020-esc-guidelines-on-sports-cardiology-and-exercise-in_n0064/na_0004 direction FOR => pelliccia-2020-2020-esc-guidelines-on-sports-cardiology-and-exercise-in_n0064/na_0004 operation ASSESS
Rule_1485	?a direction FOR => ?a operation ASSESS	visseren-2021-esc-guidelines-cardiovascular-disease-prevention_n0010/na_0051 direction FOR => visseren-2021-esc-guidelines-cardiovascular-disease-prevention_n0010/na_0051 operation ASSESS
Rule_1485	?a direction FOR => ?a operation ASSESS	mcdonagh-2023-esc-guidelines_n0055/na_0009 direction FOR => mcdonagh-2023-esc-guidelines_n0055/na_0009 operation ASSESS
Rule_1485	?a direction FOR => ?a operation ASSESS	mcdonagh-2023-esc-guidelines_n0022/na_0025 direction FOR => mcdonagh-2023-esc-guidelines_n0022/na_0025 operation ASSESS
Rule_1485	?a direction FOR => ?a operation ASSESS	su_verified_e5f20076152902f9b102f37b1a83cdc79baea0d42000f6c76a83acfae0e39670_table_2/na_0006 direction FOR => su_verified_e5f20076152902f9b102f37b1a83cdc79baea0d42000f6c76a83acfae0e39670_table_2/na_0006 operation ASSESS
Rule_1485	?a direction FOR => ?a operation ASSESS	execut-1_n0019/na_0002 direction FOR => execut-1_n0019/na_0002 operation ASSESS
Rule_1485	?a direction FOR => ?a operation ASSESS	mcdonagh-2023-esc-guidelines_n0068/na_0016 direction FOR => mcdonagh-2023-esc-guidelines_n0068/na_0016 operation ASSESS
Rule_1485	?a direction FOR => ?a operation ASSESS	zeppenfeld-2022-esc-guidelines-va-and-scd_n0019/na_0011 direction FOR => zeppenfeld-2022-esc-guidelines-va-and-scd_n0019/na_0011 operation ASSESS
Rule_1485	?a direction FOR => ?a operation ASSESS	regitz-zagrosek-2018-2018-esc-guideline-for-the-management-of-cardiovasc_n0029/na_0008 direction FOR => regitz-zagrosek-2018-2018-esc-guideline-for-the-management-of-cardiovasc_n0029/na_0008 operation ASSESS
Rule_1485	?a direction FOR => ?a operation ASSESS	execut-1_n0038/na_0001 direction FOR => execut-1_n0038/na_0001 operation ASSESS
Rule_1485	?a direction FOR => ?a operation ASSESS	ambrosetti-2020-secondary-prevention-comprehensive-cardiovascular-rehabi_n0012/na_0002 direction FOR => ambrosetti-2020-secondary-prevention-comprehensive-cardiovascular-rehabi_n0012/na_0002 operation ASSESS
Rule_1485	?a direction FOR => ?a operation ASSESS	al-khatib-2017-aha-acc-hrs-guideline-va-and-scd_n0042/na_0001 direction FOR => al-khatib-2017-aha-acc-hrs-guideline-va-and-scd_n0042/na_0001 operation ASSESS
Rule_1485	?a direction FOR => ?a operation ASSESS	zeppenfeld-2022-esc-guidelines-va-and-scd_n0091/na_0009 direction FOR => zeppenfeld-2022-esc-guidelines-va-and-scd_n0091/na_0009 operation ASSESS
Rule_1485	?a direction FOR => ?a operation ASSESS	tsutsui-2023-natriuretic-peptides-role-in-the-diagnosis-and-management-o_n0001/na_0004 direction FOR => tsutsui-2023-natriuretic-peptides-role-in-the-diagnosis-and-management-o_n0001/na_0004 operation ASSESS
Rule_1485	?a direction FOR => ?a operation ASSESS	zeppenfeld-2022-esc-guidelines-va-and-scd_n0091/na_0008 direction FOR => zeppenfeld-2022-esc-guidelines-va-and-scd_n0091/na_0008 operation ASSESS
Rule_1485	?a direction FOR => ?a operation ASSESS	mcdonagh-2023-esc-guidelines_n0095/na_0001 direction FOR => mcdonagh-2023-esc-guidelines_n0095/na_0001 operation ASSESS
Rule_1485	?a direction FOR => ?a operation ASSESS	su_verified_e5f20076152902f9b102f37b1a83cdc79baea0d42000f6c76a83acfae0e39670_table_2/na_0003 direction FOR => su_verified_e5f20076152902f9b102f37b1a83cdc79baea0d42000f6c76a83acfae0e39670_table_2/na_0003 operation ASSESS
Rule_1485	?a direction FOR => ?a operation ASSESS	ambrosetti-2020-secondary-prevention-comprehensive-cardiovascular-rehabi_n0008/na_0010 direction FOR => ambrosetti-2020-secondary-prevention-comprehensive-cardiovascular-rehabi_n0008/na_0010 operation ASSESS
Rule_1485	?a direction FOR => ?a operation ASSESS	ambrosetti-2020-secondary-prevention-comprehensive-cardiovascular-rehabi_n0011/na_0001 direction FOR => ambrosetti-2020-secondary-prevention-comprehensive-cardiovascular-rehabi_n0011/na_0001 operation ASSESS
Rule_1485	?a direction FOR => ?a operation ASSESS	visseren-2021-esc-guidelines-cardiovascular-disease-prevention_n0064/na_0001 direction FOR => visseren-2021-esc-guidelines-cardiovascular-disease-prevention_n0064/na_0001 operation ASSESS
Rule_1485	?a direction FOR => ?a operation ASSESS	al-khatib-2017-aha-acc-hrs-guideline-va-and-scd_n0073/na_0001 direction FOR => al-khatib-2017-aha-acc-hrs-guideline-va-and-scd_n0073/na_0001 operation ASSESS
Rule_1485	?a direction FOR => ?a operation ASSESS	pelliccia-2020-2020-esc-guidelines-on-sports-cardiology-and-exercise-in_n0076/na_0008 direction FOR => pelliccia-2020-2020-esc-guidelines-on-sports-cardiology-and-exercise-in_n0076/na_0008 operation ASSESS
Rule_1485	?a direction FOR => ?a operation ASSESS	zeppenfeld-2022-esc-guidelines-va-and-scd_n0057/na_0001 direction FOR => zeppenfeld-2022-esc-guidelines-va-and-scd_n0057/na_0001 operation ASSESS
Rule_1485	?a direction FOR => ?a operation ASSESS	zeppenfeld-2022-esc-guidelines-va-and-scd_n0054/na_0001 direction FOR => zeppenfeld-2022-esc-guidelines-va-and-scd_n0054/na_0001 operation ASSESS
