rule_index	rule	grounding
Rule_4897	?a name ?d ?d type SurfaceForm => ?a type WikidataEntity	magaldrate name magaldrate | magaldrate type SurfaceForm => magaldrate type WikidataEntity
Rule_4897	?a name ?d ?d type SurfaceForm => ?a type WikidataEntity	hypohidrosis name hypohidrosis | hypohidrosis type SurfaceForm => hypohidrosis type WikidataEntity
Rule_4897	?a name ?d ?d type SurfaceForm => ?a type WikidataEntity	empagliflozin name empagliflozin | empagliflozin type SurfaceForm => empagliflozin type WikidataEntity
Rule_4897	?a name ?d ?d type SurfaceForm => ?a type WikidataEntity	2-(6-Aminopurin-9-yl)-5-(hydroxymethyl)oxolane-3,4-diol name 2-(6-Aminopurin-9-yl)-5-(hydroxymethyl)oxolane-3,4-diol | 2-(6-Aminopurin-9-yl)-5-(hydroxymethyl)oxolane-3,4-diol type SurfaceForm => 2-(6-Aminopurin-9-yl)-5-(hydroxymethyl)oxolane-3,4-diol type WikidataEntity
Rule_4897	?a name ?d ?d type SurfaceForm => ?a type WikidataEntity	rivaroxaban name rivaroxaban | rivaroxaban type SurfaceForm => rivaroxaban type WikidataEntity
Rule_4897	?a name ?d ?d type SurfaceForm => ?a type WikidataEntity	mibefradil name mibefradil | mibefradil type SurfaceForm => mibefradil type WikidataEntity
Rule_4897	?a name ?d ?d type SurfaceForm => ?a type WikidataEntity	assistant name assistant | assistant type SurfaceForm => assistant type WikidataEntity
Rule_4897	?a name ?d ?d type SurfaceForm => ?a type WikidataEntity	carteolol name carteolol | carteolol type SurfaceForm => carteolol type WikidataEntity
Rule_4897	?a name ?d ?d type SurfaceForm => ?a type WikidataEntity	desvenlafaxine name desvenlafaxine | desvenlafaxine type SurfaceForm => desvenlafaxine type WikidataEntity
Rule_4897	?a name ?d ?d type SurfaceForm => ?a type WikidataEntity	dexlansoprazole name dexlansoprazole | dexlansoprazole type SurfaceForm => dexlansoprazole type WikidataEntity
Rule_4897	?a name ?d ?d type SurfaceForm => ?a type WikidataEntity	document name document | document type SurfaceForm => document type WikidataEntity
Rule_4897	?a name ?d ?d type SurfaceForm => ?a type WikidataEntity	filtration name filtration | filtration type SurfaceForm => filtration type WikidataEntity
Rule_4897	?a name ?d ?d type SurfaceForm => ?a type WikidataEntity	probenecid name probenecid | probenecid type SurfaceForm => probenecid type WikidataEntity
Rule_4897	?a name ?d ?d type SurfaceForm => ?a type WikidataEntity	regimen name regimen | regimen type SurfaceForm => regimen type WikidataEntity
Rule_4897	?a name ?d ?d type SurfaceForm => ?a type WikidataEntity	symbol name symbol | symbol type SurfaceForm => symbol type WikidataEntity
Rule_4897	?a name ?d ?d type SurfaceForm => ?a type WikidataEntity	experimentation name experimentation | experimentation type SurfaceForm => experimentation type WikidataEntity
Rule_4897	?a name ?d ?d type SurfaceForm => ?a type WikidataEntity	triamcinolone name triamcinolone | triamcinolone type SurfaceForm => triamcinolone type WikidataEntity
Rule_4897	?a name ?d ?d type SurfaceForm => ?a type WikidataEntity	gabapentin name gabapentin | gabapentin type SurfaceForm => gabapentin type WikidataEntity
Rule_4897	?a name ?d ?d type SurfaceForm => ?a type WikidataEntity	virtue name virtue | virtue type SurfaceForm => virtue type WikidataEntity
Rule_4897	?a name ?d ?d type SurfaceForm => ?a type WikidataEntity	zolpidem name zolpidem | zolpidem type SurfaceForm => zolpidem type WikidataEntity
Rule_4897	?a name ?d ?d type SurfaceForm => ?a type WikidataEntity	diphenhydramine name diphenhydramine | diphenhydramine type SurfaceForm => diphenhydramine type WikidataEntity
Rule_4897	?a name ?d ?d type SurfaceForm => ?a type WikidataEntity	electrocardiography name electrocardiography | electrocardiography type SurfaceForm => electrocardiography type WikidataEntity
Rule_4897	?a name ?d ?d type SurfaceForm => ?a type WikidataEntity	hallucinogen name hallucinogen | hallucinogen type SurfaceForm => hallucinogen type WikidataEntity
Rule_4897	?a name ?d ?d type SurfaceForm => ?a type WikidataEntity	benzthiazide name benzthiazide | benzthiazide type SurfaceForm => benzthiazide type WikidataEntity
Rule_4897	?a name ?d ?d type SurfaceForm => ?a type WikidataEntity	pyridostigmine name pyridostigmine | pyridostigmine type SurfaceForm => pyridostigmine type WikidataEntity
Rule_4897	?a name ?d ?d type SurfaceForm => ?a type WikidataEntity	immunohistochemistry name immunohistochemistry | immunohistochemistry type SurfaceForm => immunohistochemistry type WikidataEntity
Rule_4897	?a name ?d ?d type SurfaceForm => ?a type WikidataEntity	mafenide name mafenide | mafenide type SurfaceForm => mafenide type WikidataEntity
Rule_4897	?a name ?d ?d type SurfaceForm => ?a type WikidataEntity	fluoroquinolone name fluoroquinolone | fluoroquinolone type SurfaceForm => fluoroquinolone type WikidataEntity
Rule_4897	?a name ?d ?d type SurfaceForm => ?a type WikidataEntity	acefylline name acefylline | acefylline type SurfaceForm => acefylline type WikidataEntity
Rule_4897	?a name ?d ?d type SurfaceForm => ?a type WikidataEntity	36 name 36 | 36 type SurfaceForm => 36 type WikidataEntity
Rule_4897	?a name ?d ?d type SurfaceForm => ?a type WikidataEntity	hypothymia name hypothymia | hypothymia type SurfaceForm => hypothymia type WikidataEntity
Rule_4897	?a name ?d ?d type SurfaceForm => ?a type WikidataEntity	atropine name atropine | atropine type SurfaceForm => atropine type WikidataEntity
Rule_4897	?a name ?d ?d type SurfaceForm => ?a type WikidataEntity	chills name chills | chills type SurfaceForm => chills type WikidataEntity
Rule_4897	?a name ?d ?d type SurfaceForm => ?a type WikidataEntity	D-sorbitol name D-sorbitol | D-sorbitol type SurfaceForm => D-sorbitol type WikidataEntity
Rule_4897	?a name ?d ?d type SurfaceForm => ?a type WikidataEntity	hydroxychloroquine name hydroxychloroquine | hydroxychloroquine type SurfaceForm => hydroxychloroquine type WikidataEntity
Rule_4897	?a name ?d ?d type SurfaceForm => ?a type WikidataEntity	epanolol name epanolol | epanolol type SurfaceForm => epanolol type WikidataEntity
Rule_4897	?a name ?d ?d type SurfaceForm => ?a type WikidataEntity	tizanidine name tizanidine | tizanidine type SurfaceForm => tizanidine type WikidataEntity
Rule_4897	?a name ?d ?d type SurfaceForm => ?a type WikidataEntity	propacetamol name propacetamol | propacetamol type SurfaceForm => propacetamol type WikidataEntity
Rule_4897	?a name ?d ?d type SurfaceForm => ?a type WikidataEntity	covering name covering | covering type SurfaceForm => covering type WikidataEntity
Rule_4897	?a name ?d ?d type SurfaceForm => ?a type WikidataEntity	arotinolol name arotinolol | arotinolol type SurfaceForm => arotinolol type WikidataEntity
Rule_4897	?a name ?d ?d type SurfaceForm => ?a type WikidataEntity	cenicriviroc name cenicriviroc | cenicriviroc type SurfaceForm => cenicriviroc type WikidataEntity
Rule_4897	?a name ?d ?d type SurfaceForm => ?a type WikidataEntity	sulfonamide name sulfonamide | sulfonamide type SurfaceForm => sulfonamide type WikidataEntity
Rule_4897	?a name ?d ?d type SurfaceForm => ?a type WikidataEntity	active name active | active type SurfaceForm => active type WikidataEntity
Rule_4897	?a name ?d ?d type SurfaceForm => ?a type WikidataEntity	ambroxol name ambroxol | ambroxol type SurfaceForm => ambroxol type WikidataEntity
Rule_4897	?a name ?d ?d type SurfaceForm => ?a type WikidataEntity	colestipol name colestipol | colestipol type SurfaceForm => colestipol type WikidataEntity
Rule_4897	?a name ?d ?d type SurfaceForm => ?a type WikidataEntity	selenium name selenium | selenium type SurfaceForm => selenium type WikidataEntity
Rule_4897	?a name ?d ?d type SurfaceForm => ?a type WikidataEntity	end name end | end type SurfaceForm => end type WikidataEntity
Rule_4897	?a name ?d ?d type SurfaceForm => ?a type WikidataEntity	dyphylline name dyphylline | dyphylline type SurfaceForm => dyphylline type WikidataEntity
Rule_4897	?a name ?d ?d type SurfaceForm => ?a type WikidataEntity	unconsciousness name unconsciousness | unconsciousness type SurfaceForm => unconsciousness type WikidataEntity
Rule_4897	?a name ?d ?d type SurfaceForm => ?a type WikidataEntity	crime name crime | crime type SurfaceForm => crime type WikidataEntity
Rule_4897	?a name ?d ?d type SurfaceForm => ?a type WikidataEntity	metric name metric | metric type SurfaceForm => metric type WikidataEntity
Rule_4897	?a name ?d ?d type SurfaceForm => ?a type WikidataEntity	sleep name sleep | sleep type SurfaceForm => sleep type WikidataEntity
Rule_4897	?a name ?d ?d type SurfaceForm => ?a type WikidataEntity	psychophysiology name psychophysiology | psychophysiology type SurfaceForm => psychophysiology type WikidataEntity
Rule_4897	?a name ?d ?d type SurfaceForm => ?a type WikidataEntity	gadolinium name gadolinium | gadolinium type SurfaceForm => gadolinium type WikidataEntity
Rule_4897	?a name ?d ?d type SurfaceForm => ?a type WikidataEntity	website name website | website type SurfaceForm => website type WikidataEntity
Rule_4897	?a name ?d ?d type SurfaceForm => ?a type WikidataEntity	L-menthol name L-menthol | L-menthol type SurfaceForm => L-menthol type WikidataEntity
Rule_4897	?a name ?d ?d type SurfaceForm => ?a type WikidataEntity	finding name finding | finding type SurfaceForm => finding type WikidataEntity
Rule_4897	?a name ?d ?d type SurfaceForm => ?a type WikidataEntity	suspected name suspected | suspected type SurfaceForm => suspected type WikidataEntity
Rule_4897	?a name ?d ?d type SurfaceForm => ?a type WikidataEntity	cilazaprilat name cilazaprilat | cilazaprilat type SurfaceForm => cilazaprilat type WikidataEntity
Rule_4897	?a name ?d ?d type SurfaceForm => ?a type WikidataEntity	LSM-1535 name LSM-1535 | LSM-1535 type SurfaceForm => LSM-1535 type WikidataEntity
Rule_4897	?a name ?d ?d type SurfaceForm => ?a type WikidataEntity	oxprenolol name oxprenolol | oxprenolol type SurfaceForm => oxprenolol type WikidataEntity
Rule_4897	?a name ?d ?d type SurfaceForm => ?a type WikidataEntity	diabetology name diabetology | diabetology type SurfaceForm => diabetology type WikidataEntity
Rule_4897	?a name ?d ?d type SurfaceForm => ?a type WikidataEntity	orthopnea name orthopnea | orthopnea type SurfaceForm => orthopnea type WikidataEntity
Rule_4897	?a name ?d ?d type SurfaceForm => ?a type WikidataEntity	chloride name chloride | chloride type SurfaceForm => chloride type WikidataEntity
Rule_4897	?a name ?d ?d type SurfaceForm => ?a type WikidataEntity	enanthem name enanthem | enanthem type SurfaceForm => enanthem type WikidataEntity
Rule_4897	?a name ?d ?d type SurfaceForm => ?a type WikidataEntity	methocarbamol name methocarbamol | methocarbamol type SurfaceForm => methocarbamol type WikidataEntity
Rule_4897	?a name ?d ?d type SurfaceForm => ?a type WikidataEntity	tegaserod name tegaserod | tegaserod type SurfaceForm => tegaserod type WikidataEntity
Rule_4897	?a name ?d ?d type SurfaceForm => ?a type WikidataEntity	glare name glare | glare type SurfaceForm => glare type WikidataEntity
Rule_4897	?a name ?d ?d type SurfaceForm => ?a type WikidataEntity	tag name tag | tag type SurfaceForm => tag type WikidataEntity
Rule_4897	?a name ?d ?d type SurfaceForm => ?a type WikidataEntity	medium name medium | medium type SurfaceForm => medium type WikidataEntity
Rule_4897	?a name ?d ?d type SurfaceForm => ?a type WikidataEntity	cefadroxil name cefadroxil | cefadroxil type SurfaceForm => cefadroxil type WikidataEntity
Rule_4897	?a name ?d ?d type SurfaceForm => ?a type WikidataEntity	(+/-)-methyldopa name (+/-)-methyldopa | (+/-)-methyldopa type SurfaceForm => (+/-)-methyldopa type WikidataEntity
Rule_4897	?a name ?d ?d type SurfaceForm => ?a type WikidataEntity	dyclonine name dyclonine | dyclonine type SurfaceForm => dyclonine type WikidataEntity
Rule_4897	?a name ?d ?d type SurfaceForm => ?a type WikidataEntity	piroxicam name piroxicam | piroxicam type SurfaceForm => piroxicam type WikidataEntity
Rule_4897	?a name ?d ?d type SurfaceForm => ?a type WikidataEntity	parthenolide name parthenolide | parthenolide type SurfaceForm => parthenolide type WikidataEntity
Rule_4897	?a name ?d ?d type SurfaceForm => ?a type WikidataEntity	curve name curve | curve type SurfaceForm => curve type WikidataEntity
Rule_4897	?a name ?d ?d type SurfaceForm => ?a type WikidataEntity	methyprylon name methyprylon | methyprylon type SurfaceForm => methyprylon type WikidataEntity
Rule_4897	?a name ?d ?d type SurfaceForm => ?a type WikidataEntity	L-thyroxine name L-thyroxine | L-thyroxine type SurfaceForm => L-thyroxine type WikidataEntity
Rule_4897	?a name ?d ?d type SurfaceForm => ?a type WikidataEntity	globin name globin | globin type SurfaceForm => globin type WikidataEntity
Rule_4897	?a name ?d ?d type SurfaceForm => ?a type WikidataEntity	safe name safe | safe type SurfaceForm => safe type WikidataEntity
Rule_4897	?a name ?d ?d type SurfaceForm => ?a type WikidataEntity	consulting name consulting | consulting type SurfaceForm => consulting type WikidataEntity
Rule_4897	?a name ?d ?d type SurfaceForm => ?a type WikidataEntity	(Z)-Toremifene name (Z)-Toremifene | (Z)-Toremifene type SurfaceForm => (Z)-Toremifene type WikidataEntity
Rule_4897	?a name ?d ?d type SurfaceForm => ?a type WikidataEntity	yohimbine name yohimbine | yohimbine type SurfaceForm => yohimbine type WikidataEntity
Rule_4897	?a name ?d ?d type SurfaceForm => ?a type WikidataEntity	aspect name aspect | aspect type SurfaceForm => aspect type WikidataEntity
Rule_4897	?a name ?d ?d type SurfaceForm => ?a type WikidataEntity	change name change | change type SurfaceForm => change type WikidataEntity
Rule_4897	?a name ?d ?d type SurfaceForm => ?a type WikidataEntity	washing name washing | washing type SurfaceForm => washing type WikidataEntity
Rule_4897	?a name ?d ?d type SurfaceForm => ?a type WikidataEntity	Acanthosis name Acanthosis | Acanthosis type SurfaceForm => Acanthosis type WikidataEntity
Rule_4897	?a name ?d ?d type SurfaceForm => ?a type WikidataEntity	amlodipine name amlodipine | amlodipine type SurfaceForm => amlodipine type WikidataEntity
Rule_4897	?a name ?d ?d type SurfaceForm => ?a type WikidataEntity	depersonalization name depersonalization | depersonalization type SurfaceForm => depersonalization type WikidataEntity
Rule_4897	?a name ?d ?d type SurfaceForm => ?a type WikidataEntity	metabolite name metabolite | metabolite type SurfaceForm => metabolite type WikidataEntity
Rule_4897	?a name ?d ?d type SurfaceForm => ?a type WikidataEntity	second name second | second type SurfaceForm => second type WikidataEntity
Rule_4897	?a name ?d ?d type SurfaceForm => ?a type WikidataEntity	lactone name lactone | lactone type SurfaceForm => lactone type WikidataEntity
Rule_4897	?a name ?d ?d type SurfaceForm => ?a type WikidataEntity	guanadrel name guanadrel | guanadrel type SurfaceForm => guanadrel type WikidataEntity
Rule_4897	?a name ?d ?d type SurfaceForm => ?a type WikidataEntity	monochlorobenzene name monochlorobenzene | monochlorobenzene type SurfaceForm => monochlorobenzene type WikidataEntity
Rule_4897	?a name ?d ?d type SurfaceForm => ?a type WikidataEntity	cough name cough | cough type SurfaceForm => cough type WikidataEntity
Rule_4897	?a name ?d ?d type SurfaceForm => ?a type WikidataEntity	retinoid name retinoid | retinoid type SurfaceForm => retinoid type WikidataEntity
Rule_4897	?a name ?d ?d type SurfaceForm => ?a type WikidataEntity	sterility name sterility | sterility type SurfaceForm => sterility type WikidataEntity
Rule_4897	?a name ?d ?d type SurfaceForm => ?a type WikidataEntity	bedaquiline name bedaquiline | bedaquiline type SurfaceForm => bedaquiline type WikidataEntity
Rule_4897	?a name ?d ?d type SurfaceForm => ?a type WikidataEntity	element name element | element type SurfaceForm => element type WikidataEntity
Rule_4897	?a name ?d ?d type SurfaceForm => ?a type WikidataEntity	amikacin name amikacin | amikacin type SurfaceForm => amikacin type WikidataEntity
Rule_4897	?a name ?d ?d type SurfaceForm => ?a type WikidataEntity	autopsy name autopsy | autopsy type SurfaceForm => autopsy type WikidataEntity
Rule_4897	?a name ?d ?d type SurfaceForm => ?a type WikidataEntity	simulacrum name simulacrum | simulacrum type SurfaceForm => simulacrum type WikidataEntity
Rule_4897	?a name ?d ?d type SurfaceForm => ?a type WikidataEntity	vadadustat name vadadustat | vadadustat type SurfaceForm => vadadustat type WikidataEntity
Rule_4897	?a name ?d ?d type SurfaceForm => ?a type WikidataEntity	genotype name genotype | genotype type SurfaceForm => genotype type WikidataEntity
Rule_4897	?a name ?d ?d type SurfaceForm => ?a type WikidataEntity	etiocholanedione name etiocholanedione | etiocholanedione type SurfaceForm => etiocholanedione type WikidataEntity
Rule_4897	?a name ?d ?d type SurfaceForm => ?a type WikidataEntity	pyrimidine name pyrimidine | pyrimidine type SurfaceForm => pyrimidine type WikidataEntity
Rule_4897	?a name ?d ?d type SurfaceForm => ?a type WikidataEntity	paroxetine name paroxetine | paroxetine type SurfaceForm => paroxetine type WikidataEntity
Rule_4897	?a name ?d ?d type SurfaceForm => ?a type WikidataEntity	monoterpenoid name monoterpenoid | monoterpenoid type SurfaceForm => monoterpenoid type WikidataEntity
Rule_4897	?a name ?d ?d type SurfaceForm => ?a type WikidataEntity	simeprevir name simeprevir | simeprevir type SurfaceForm => simeprevir type WikidataEntity
Rule_4897	?a name ?d ?d type SurfaceForm => ?a type WikidataEntity	salsalate name salsalate | salsalate type SurfaceForm => salsalate type WikidataEntity
Rule_4897	?a name ?d ?d type SurfaceForm => ?a type WikidataEntity	neurotransmitter name neurotransmitter | neurotransmitter type SurfaceForm => neurotransmitter type WikidataEntity
Rule_4897	?a name ?d ?d type SurfaceForm => ?a type WikidataEntity	diplopia name diplopia | diplopia type SurfaceForm => diplopia type WikidataEntity
Rule_4897	?a name ?d ?d type SurfaceForm => ?a type WikidataEntity	N-benzyl-N,alpha-dimethylphenethylamine name N-benzyl-N,alpha-dimethylphenethylamine | N-benzyl-N,alpha-dimethylphenethylamine type SurfaceForm => N-benzyl-N,alpha-dimethylphenethylamine type WikidataEntity
Rule_4897	?a name ?d ?d type SurfaceForm => ?a type WikidataEntity	you name you | you type SurfaceForm => you type WikidataEntity
Rule_4897	?a name ?d ?d type SurfaceForm => ?a type WikidataEntity	photosensitivity name photosensitivity | photosensitivity type SurfaceForm => photosensitivity type WikidataEntity
Rule_4897	?a name ?d ?d type SurfaceForm => ?a type WikidataEntity	anorectic name anorectic | anorectic type SurfaceForm => anorectic type WikidataEntity
Rule_4897	?a name ?d ?d type SurfaceForm => ?a type WikidataEntity	padding name padding | padding type SurfaceForm => padding type WikidataEntity
Rule_4897	?a name ?d ?d type SurfaceForm => ?a type WikidataEntity	doxylamine name doxylamine | doxylamine type SurfaceForm => doxylamine type WikidataEntity
Rule_4897	?a name ?d ?d type SurfaceForm => ?a type WikidataEntity	loratadine name loratadine | loratadine type SurfaceForm => loratadine type WikidataEntity
Rule_4897	?a name ?d ?d type SurfaceForm => ?a type WikidataEntity	humanities name humanities | humanities type SurfaceForm => humanities type WikidataEntity
Rule_4897	?a name ?d ?d type SurfaceForm => ?a type WikidataEntity	SLC5A6 name SLC5A6 | SLC5A6 type SurfaceForm => SLC5A6 type WikidataEntity
Rule_4897	?a name ?d ?d type SurfaceForm => ?a type WikidataEntity	3-(2-Methoxy-10H-phenothiazin-10-yl)-N,N,2-trimethylpropan-1-amine name 3-(2-Methoxy-10H-phenothiazin-10-yl)-N,N,2-trimethylpropan-1-amine | 3-(2-Methoxy-10H-phenothiazin-10-yl)-N,N,2-trimethylpropan-1-amine type SurfaceForm => 3-(2-Methoxy-10H-phenothiazin-10-yl)-N,N,2-trimethylpropan-1-amine type WikidataEntity
Rule_4897	?a name ?d ?d type SurfaceForm => ?a type WikidataEntity	bromodeoxyuridine name bromodeoxyuridine | bromodeoxyuridine type SurfaceForm => bromodeoxyuridine type WikidataEntity
Rule_4897	?a name ?d ?d type SurfaceForm => ?a type WikidataEntity	monotherapy name monotherapy | monotherapy type SurfaceForm => monotherapy type WikidataEntity
Rule_4897	?a name ?d ?d type SurfaceForm => ?a type WikidataEntity	archeparchy name archeparchy | archeparchy type SurfaceForm => archeparchy type WikidataEntity
Rule_4897	?a name ?d ?d type SurfaceForm => ?a type WikidataEntity	syndrome name syndrome | syndrome type SurfaceForm => syndrome type WikidataEntity
Rule_4897	?a name ?d ?d type SurfaceForm => ?a type WikidataEntity	omapatrilat name omapatrilat | omapatrilat type SurfaceForm => omapatrilat type WikidataEntity
Rule_4897	?a name ?d ?d type SurfaceForm => ?a type WikidataEntity	sufentanil name sufentanil | sufentanil type SurfaceForm => sufentanil type WikidataEntity
Rule_4897	?a name ?d ?d type SurfaceForm => ?a type WikidataEntity	methyclothiazide name methyclothiazide | methyclothiazide type SurfaceForm => methyclothiazide type WikidataEntity
Rule_4897	?a name ?d ?d type SurfaceForm => ?a type WikidataEntity	bortezomib name bortezomib | bortezomib type SurfaceForm => bortezomib type WikidataEntity
Rule_4897	?a name ?d ?d type SurfaceForm => ?a type WikidataEntity	pace name pace | pace type SurfaceForm => pace type WikidataEntity
Rule_4897	?a name ?d ?d type SurfaceForm => ?a type WikidataEntity	moxicoumone name moxicoumone | moxicoumone type SurfaceForm => moxicoumone type WikidataEntity
Rule_4897	?a name ?d ?d type SurfaceForm => ?a type WikidataEntity	lactam name lactam | lactam type SurfaceForm => lactam type WikidataEntity
Rule_4897	?a name ?d ?d type SurfaceForm => ?a type WikidataEntity	guanabenz name guanabenz | guanabenz type SurfaceForm => guanabenz type WikidataEntity
Rule_4897	?a name ?d ?d type SurfaceForm => ?a type WikidataEntity	cefdinir name cefdinir | cefdinir type SurfaceForm => cefdinir type WikidataEntity
Rule_4897	?a name ?d ?d type SurfaceForm => ?a type WikidataEntity	monitoring name monitoring | monitoring type SurfaceForm => monitoring type WikidataEntity
Rule_4897	?a name ?d ?d type SurfaceForm => ?a type WikidataEntity	lifetime name lifetime | lifetime type SurfaceForm => lifetime type WikidataEntity
Rule_4897	?a name ?d ?d type SurfaceForm => ?a type WikidataEntity	Q1361137 name Q1361137 | Q1361137 type SurfaceForm => Q1361137 type WikidataEntity
Rule_4897	?a name ?d ?d type SurfaceForm => ?a type WikidataEntity	software name software | software type SurfaceForm => software type WikidataEntity
Rule_4897	?a name ?d ?d type SurfaceForm => ?a type WikidataEntity	temazepam name temazepam | temazepam type SurfaceForm => temazepam type WikidataEntity
Rule_4897	?a name ?d ?d type SurfaceForm => ?a type WikidataEntity	manganese name manganese | manganese type SurfaceForm => manganese type WikidataEntity
Rule_4897	?a name ?d ?d type SurfaceForm => ?a type WikidataEntity	cyclosporine name cyclosporine | cyclosporine type SurfaceForm => cyclosporine type WikidataEntity
Rule_4897	?a name ?d ?d type SurfaceForm => ?a type WikidataEntity	1-testosterone name 1-testosterone | 1-testosterone type SurfaceForm => 1-testosterone type WikidataEntity
Rule_4897	?a name ?d ?d type SurfaceForm => ?a type WikidataEntity	resource name resource | resource type SurfaceForm => resource type WikidataEntity
Rule_4897	?a name ?d ?d type SurfaceForm => ?a type WikidataEntity	rhythm name rhythm | rhythm type SurfaceForm => rhythm type WikidataEntity
Rule_4897	?a name ?d ?d type SurfaceForm => ?a type WikidataEntity	delirium name delirium | delirium type SurfaceForm => delirium type WikidataEntity
Rule_4897	?a name ?d ?d type SurfaceForm => ?a type WikidataEntity	chemistry name chemistry | chemistry type SurfaceForm => chemistry type WikidataEntity
Rule_4897	?a name ?d ?d type SurfaceForm => ?a type WikidataEntity	cefalonium name cefalonium | cefalonium type SurfaceForm => cefalonium type WikidataEntity
Rule_4897	?a name ?d ?d type SurfaceForm => ?a type WikidataEntity	bromocriptine name bromocriptine | bromocriptine type SurfaceForm => bromocriptine type WikidataEntity
Rule_4897	?a name ?d ?d type SurfaceForm => ?a type WikidataEntity	noxa name noxa | noxa type SurfaceForm => noxa type WikidataEntity
Rule_4897	?a name ?d ?d type SurfaceForm => ?a type WikidataEntity	glutethimide name glutethimide | glutethimide type SurfaceForm => glutethimide type WikidataEntity
Rule_4897	?a name ?d ?d type SurfaceForm => ?a type WikidataEntity	sport name sport | sport type SurfaceForm => sport type WikidataEntity
Rule_4897	?a name ?d ?d type SurfaceForm => ?a type WikidataEntity	constellation name constellation | constellation type SurfaceForm => constellation type WikidataEntity
Rule_4897	?a name ?d ?d type SurfaceForm => ?a type WikidataEntity	granisetron name granisetron | granisetron type SurfaceForm => granisetron type WikidataEntity
Rule_4897	?a name ?d ?d type SurfaceForm => ?a type WikidataEntity	androstenedione name androstenedione | androstenedione type SurfaceForm => androstenedione type WikidataEntity
Rule_4897	?a name ?d ?d type SurfaceForm => ?a type WikidataEntity	cefotaxime name cefotaxime | cefotaxime type SurfaceForm => cefotaxime type WikidataEntity
Rule_4897	?a name ?d ?d type SurfaceForm => ?a type WikidataEntity	leronlimab name leronlimab | leronlimab type SurfaceForm => leronlimab type WikidataEntity
Rule_4897	?a name ?d ?d type SurfaceForm => ?a type WikidataEntity	dysphoria name dysphoria | dysphoria type SurfaceForm => dysphoria type WikidataEntity
Rule_4897	?a name ?d ?d type SurfaceForm => ?a type WikidataEntity	pulmonology name pulmonology | pulmonology type SurfaceForm => pulmonology type WikidataEntity
Rule_4897	?a name ?d ?d type SurfaceForm => ?a type WikidataEntity	judgment name judgment | judgment type SurfaceForm => judgment type WikidataEntity
Rule_4897	?a name ?d ?d type SurfaceForm => ?a type WikidataEntity	celiprolol name celiprolol | celiprolol type SurfaceForm => celiprolol type WikidataEntity
Rule_4897	?a name ?d ?d type SurfaceForm => ?a type WikidataEntity	romiplostim name romiplostim | romiplostim type SurfaceForm => romiplostim type WikidataEntity
Rule_4897	?a name ?d ?d type SurfaceForm => ?a type WikidataEntity	chloroethane name chloroethane | chloroethane type SurfaceForm => chloroethane type WikidataEntity
Rule_4897	?a name ?d ?d type SurfaceForm => ?a type WikidataEntity	eptifibatide name eptifibatide | eptifibatide type SurfaceForm => eptifibatide type WikidataEntity
Rule_4897	?a name ?d ?d type SurfaceForm => ?a type WikidataEntity	cefaclor name cefaclor | cefaclor type SurfaceForm => cefaclor type WikidataEntity
Rule_4897	?a name ?d ?d type SurfaceForm => ?a type WikidataEntity	delict name delict | delict type SurfaceForm => delict type WikidataEntity
Rule_4897	?a name ?d ?d type SurfaceForm => ?a type WikidataEntity	fluvastatin name fluvastatin | fluvastatin type SurfaceForm => fluvastatin type WikidataEntity
Rule_4897	?a name ?d ?d type SurfaceForm => ?a type WikidataEntity	dihydrocodeine name dihydrocodeine | dihydrocodeine type SurfaceForm => dihydrocodeine type WikidataEntity
Rule_4897	?a name ?d ?d type SurfaceForm => ?a type WikidataEntity	losartan name losartan | losartan type SurfaceForm => losartan type WikidataEntity
Rule_4897	?a name ?d ?d type SurfaceForm => ?a type WikidataEntity	ajmaline name ajmaline | ajmaline type SurfaceForm => ajmaline type WikidataEntity
Rule_4897	?a name ?d ?d type SurfaceForm => ?a type WikidataEntity	planning name planning | planning type SurfaceForm => planning type WikidataEntity
Rule_4897	?a name ?d ?d type SurfaceForm => ?a type WikidataEntity	interferon name interferon | interferon type SurfaceForm => interferon type WikidataEntity
Rule_4897	?a name ?d ?d type SurfaceForm => ?a type WikidataEntity	fostamatinib name fostamatinib | fostamatinib type SurfaceForm => fostamatinib type WikidataEntity
Rule_4897	?a name ?d ?d type SurfaceForm => ?a type WikidataEntity	supplementation name supplementation | supplementation type SurfaceForm => supplementation type WikidataEntity
Rule_4897	?a name ?d ?d type SurfaceForm => ?a type WikidataEntity	dextromethorphan name dextromethorphan | dextromethorphan type SurfaceForm => dextromethorphan type WikidataEntity
Rule_4897	?a name ?d ?d type SurfaceForm => ?a type WikidataEntity	nitrofurantoin name nitrofurantoin | nitrofurantoin type SurfaceForm => nitrofurantoin type WikidataEntity
Rule_4897	?a name ?d ?d type SurfaceForm => ?a type WikidataEntity	orphenadrine name orphenadrine | orphenadrine type SurfaceForm => orphenadrine type WikidataEntity
Rule_4897	?a name ?d ?d type SurfaceForm => ?a type WikidataEntity	anaesthesiology name anaesthesiology | anaesthesiology type SurfaceForm => anaesthesiology type WikidataEntity
Rule_4897	?a name ?d ?d type SurfaceForm => ?a type WikidataEntity	eseridine name eseridine | eseridine type SurfaceForm => eseridine type WikidataEntity
Rule_4897	?a name ?d ?d type SurfaceForm => ?a type WikidataEntity	LSM-4981 name LSM-4981 | LSM-4981 type SurfaceForm => LSM-4981 type WikidataEntity
Rule_4897	?a name ?d ?d type SurfaceForm => ?a type WikidataEntity	object name object | object type SurfaceForm => object type WikidataEntity
Rule_4897	?a name ?d ?d type SurfaceForm => ?a type WikidataEntity	individual name individual | individual type SurfaceForm => individual type WikidataEntity
Rule_4897	?a name ?d ?d type SurfaceForm => ?a type WikidataEntity	Harry name Harry | Harry type SurfaceForm => Harry type WikidataEntity
Rule_4897	?a name ?d ?d type SurfaceForm => ?a type WikidataEntity	Eroxon name Eroxon | Eroxon type SurfaceForm => Eroxon type WikidataEntity
Rule_4897	?a name ?d ?d type SurfaceForm => ?a type WikidataEntity	lomefloxacin name lomefloxacin | lomefloxacin type SurfaceForm => lomefloxacin type WikidataEntity
Rule_4897	?a name ?d ?d type SurfaceForm => ?a type WikidataEntity	self-management name self-management | self-management type SurfaceForm => self-management type WikidataEntity
Rule_4897	?a name ?d ?d type SurfaceForm => ?a type WikidataEntity	ethylmorphine name ethylmorphine | ethylmorphine type SurfaceForm => ethylmorphine type WikidataEntity
Rule_4897	?a name ?d ?d type SurfaceForm => ?a type WikidataEntity	tachypnea name tachypnea | tachypnea type SurfaceForm => tachypnea type WikidataEntity
Rule_4897	?a name ?d ?d type SurfaceForm => ?a type WikidataEntity	terfenadine name terfenadine | terfenadine type SurfaceForm => terfenadine type WikidataEntity
Rule_4897	?a name ?d ?d type SurfaceForm => ?a type WikidataEntity	molnupiravir name molnupiravir | molnupiravir type SurfaceForm => molnupiravir type WikidataEntity
Rule_4897	?a name ?d ?d type SurfaceForm => ?a type WikidataEntity	vasopressin name vasopressin | vasopressin type SurfaceForm => vasopressin type WikidataEntity
Rule_4897	?a name ?d ?d type SurfaceForm => ?a type WikidataEntity	aisle name aisle | aisle type SurfaceForm => aisle type WikidataEntity
Rule_4897	?a name ?d ?d type SurfaceForm => ?a type WikidataEntity	glucose name glucose | glucose type SurfaceForm => glucose type WikidataEntity
Rule_4897	?a name ?d ?d type SurfaceForm => ?a type WikidataEntity	twice name twice | twice type SurfaceForm => twice type WikidataEntity
Rule_4897	?a name ?d ?d type SurfaceForm => ?a type WikidataEntity	relapse name relapse | relapse type SurfaceForm => relapse type WikidataEntity
Rule_4897	?a name ?d ?d type SurfaceForm => ?a type WikidataEntity	endurance name endurance | endurance type SurfaceForm => endurance type WikidataEntity
Rule_4897	?a name ?d ?d type SurfaceForm => ?a type WikidataEntity	vardenafil name vardenafil | vardenafil type SurfaceForm => vardenafil type WikidataEntity
Rule_4897	?a name ?d ?d type SurfaceForm => ?a type WikidataEntity	tetrahydropalmatine name tetrahydropalmatine | tetrahydropalmatine type SurfaceForm => tetrahydropalmatine type WikidataEntity
Rule_4897	?a name ?d ?d type SurfaceForm => ?a type WikidataEntity	alprenolol name alprenolol | alprenolol type SurfaceForm => alprenolol type WikidataEntity
Rule_4897	?a name ?d ?d type SurfaceForm => ?a type WikidataEntity	droperidol name droperidol | droperidol type SurfaceForm => droperidol type WikidataEntity
Rule_4897	?a name ?d ?d type SurfaceForm => ?a type WikidataEntity	insertion name insertion | insertion type SurfaceForm => insertion type WikidataEntity
Rule_4897	?a name ?d ?d type SurfaceForm => ?a type WikidataEntity	workplace name workplace | workplace type SurfaceForm => workplace type WikidataEntity
Rule_4897	?a name ?d ?d type SurfaceForm => ?a type WikidataEntity	colesevelam name colesevelam | colesevelam type SurfaceForm => colesevelam type WikidataEntity
Rule_4897	?a name ?d ?d type SurfaceForm => ?a type WikidataEntity	antimineralocorticoid name antimineralocorticoid | antimineralocorticoid type SurfaceForm => antimineralocorticoid type WikidataEntity
Rule_4897	?a name ?d ?d type SurfaceForm => ?a type WikidataEntity	Ttr name Ttr | Ttr type SurfaceForm => Ttr type WikidataEntity
Rule_4897	?a name ?d ?d type SurfaceForm => ?a type WikidataEntity	woman name woman | woman type SurfaceForm => woman type WikidataEntity
Rule_4897	?a name ?d ?d type SurfaceForm => ?a type WikidataEntity	control name control | control type SurfaceForm => control type WikidataEntity
Rule_4897	?a name ?d ?d type SurfaceForm => ?a type WikidataEntity	ledipasvir name ledipasvir | ledipasvir type SurfaceForm => ledipasvir type WikidataEntity
Rule_4897	?a name ?d ?d type SurfaceForm => ?a type WikidataEntity	absorption name absorption | absorption type SurfaceForm => absorption type WikidataEntity
Rule_4897	?a name ?d ?d type SurfaceForm => ?a type WikidataEntity	metal name metal | metal type SurfaceForm => metal type WikidataEntity
Rule_4897	?a name ?d ?d type SurfaceForm => ?a type WikidataEntity	netilmicin name netilmicin | netilmicin type SurfaceForm => netilmicin type WikidataEntity
Rule_4897	?a name ?d ?d type SurfaceForm => ?a type WikidataEntity	(RS)-troglitazone name (RS)-troglitazone | (RS)-troglitazone type SurfaceForm => (RS)-troglitazone type WikidataEntity
Rule_4897	?a name ?d ?d type SurfaceForm => ?a type WikidataEntity	mesalazine name mesalazine | mesalazine type SurfaceForm => mesalazine type WikidataEntity
Rule_4897	?a name ?d ?d type SurfaceForm => ?a type WikidataEntity	percent name percent | percent type SurfaceForm => percent type WikidataEntity
Rule_4897	?a name ?d ?d type SurfaceForm => ?a type WikidataEntity	plecanatide name plecanatide | plecanatide type SurfaceForm => plecanatide type WikidataEntity
Rule_4897	?a name ?d ?d type SurfaceForm => ?a type WikidataEntity	nangibotide name nangibotide | nangibotide type SurfaceForm => nangibotide type WikidataEntity
Rule_4897	?a name ?d ?d type SurfaceForm => ?a type WikidataEntity	initiation name initiation | initiation type SurfaceForm => initiation type WikidataEntity
Rule_4897	?a name ?d ?d type SurfaceForm => ?a type WikidataEntity	temperament name temperament | temperament type SurfaceForm => temperament type WikidataEntity
Rule_4897	?a name ?d ?d type SurfaceForm => ?a type WikidataEntity	pandemic name pandemic | pandemic type SurfaceForm => pandemic type WikidataEntity
Rule_4897	?a name ?d ?d type SurfaceForm => ?a type WikidataEntity	xipamide name xipamide | xipamide type SurfaceForm => xipamide type WikidataEntity
Rule_4897	?a name ?d ?d type SurfaceForm => ?a type WikidataEntity	ethacizine name ethacizine | ethacizine type SurfaceForm => ethacizine type WikidataEntity
Rule_4897	?a name ?d ?d type SurfaceForm => ?a type WikidataEntity	type name type | type type SurfaceForm => type type WikidataEntity
Rule_4897	?a name ?d ?d type SurfaceForm => ?a type WikidataEntity	mitoxantrone name mitoxantrone | mitoxantrone type SurfaceForm => mitoxantrone type WikidataEntity
Rule_4897	?a name ?d ?d type SurfaceForm => ?a type WikidataEntity	adrenoblocker name adrenoblocker | adrenoblocker type SurfaceForm => adrenoblocker type WikidataEntity
Rule_4897	?a name ?d ?d type SurfaceForm => ?a type WikidataEntity	thiamphenicol name thiamphenicol | thiamphenicol type SurfaceForm => thiamphenicol type WikidataEntity
Rule_4897	?a name ?d ?d type SurfaceForm => ?a type WikidataEntity	ideology name ideology | ideology type SurfaceForm => ideology type WikidataEntity
Rule_4897	?a name ?d ?d type SurfaceForm => ?a type WikidataEntity	f-block name f-block | f-block type SurfaceForm => f-block type WikidataEntity
Rule_4897	?a name ?d ?d type SurfaceForm => ?a type WikidataEntity	hydrochloride name hydrochloride | hydrochloride type SurfaceForm => hydrochloride type WikidataEntity
Rule_4897	?a name ?d ?d type SurfaceForm => ?a type WikidataEntity	methoxybenzene name methoxybenzene | methoxybenzene type SurfaceForm => methoxybenzene type WikidataEntity
Rule_4897	?a name ?d ?d type SurfaceForm => ?a type WikidataEntity	carbenicillin name carbenicillin | carbenicillin type SurfaceForm => carbenicillin type WikidataEntity
Rule_4897	?a name ?d ?d type SurfaceForm => ?a type WikidataEntity	phentermine name phentermine | phentermine type SurfaceForm => phentermine type WikidataEntity
Rule_4897	?a name ?d ?d type SurfaceForm => ?a type WikidataEntity	competitiveness name competitiveness | competitiveness type SurfaceForm => competitiveness type WikidataEntity
Rule_4897	?a name ?d ?d type SurfaceForm => ?a type WikidataEntity	discontent name discontent | discontent type SurfaceForm => discontent type WikidataEntity
Rule_4897	?a name ?d ?d type SurfaceForm => ?a type WikidataEntity	material name material | material type SurfaceForm => material type WikidataEntity
Rule_4897	?a name ?d ?d type SurfaceForm => ?a type WikidataEntity	hypoxia name hypoxia | hypoxia type SurfaceForm => hypoxia type WikidataEntity
Rule_4897	?a name ?d ?d type SurfaceForm => ?a type WikidataEntity	good/s name good/s | good/s type SurfaceForm => good/s type WikidataEntity
Rule_4897	?a name ?d ?d type SurfaceForm => ?a type WikidataEntity	similarity name similarity | similarity type SurfaceForm => similarity type WikidataEntity
Rule_4897	?a name ?d ?d type SurfaceForm => ?a type WikidataEntity	ambulatory name ambulatory | ambulatory type SurfaceForm => ambulatory type WikidataEntity
Rule_4897	?a name ?d ?d type SurfaceForm => ?a type WikidataEntity	rel-alpha-tocopherol name rel-alpha-tocopherol | rel-alpha-tocopherol type SurfaceForm => rel-alpha-tocopherol type WikidataEntity
Rule_4897	?a name ?d ?d type SurfaceForm => ?a type WikidataEntity	isolation name isolation | isolation type SurfaceForm => isolation type WikidataEntity
Rule_4897	?a name ?d ?d type SurfaceForm => ?a type WikidataEntity	policy name policy | policy type SurfaceForm => policy type WikidataEntity
Rule_4897	?a name ?d ?d type SurfaceForm => ?a type WikidataEntity	acecainide name acecainide | acecainide type SurfaceForm => acecainide type WikidataEntity
Rule_4897	?a name ?d ?d type SurfaceForm => ?a type WikidataEntity	perdurant name perdurant | perdurant type SurfaceForm => perdurant type WikidataEntity
Rule_4897	?a name ?d ?d type SurfaceForm => ?a type WikidataEntity	ethambutol name ethambutol | ethambutol type SurfaceForm => ethambutol type WikidataEntity
Rule_4897	?a name ?d ?d type SurfaceForm => ?a type WikidataEntity	lavoltidine name lavoltidine | lavoltidine type SurfaceForm => lavoltidine type WikidataEntity
Rule_4897	?a name ?d ?d type SurfaceForm => ?a type WikidataEntity	sensing name sensing | sensing type SurfaceForm => sensing type WikidataEntity
Rule_4897	?a name ?d ?d type SurfaceForm => ?a type WikidataEntity	qualitative name qualitative | qualitative type SurfaceForm => qualitative type WikidataEntity
Rule_4897	?a name ?d ?d type SurfaceForm => ?a type WikidataEntity	regime name regime | regime type SurfaceForm => regime type WikidataEntity
Rule_4897	?a name ?d ?d type SurfaceForm => ?a type WikidataEntity	tinnitus name tinnitus | tinnitus type SurfaceForm => tinnitus type WikidataEntity
Rule_4897	?a name ?d ?d type SurfaceForm => ?a type WikidataEntity	meloxicam name meloxicam | meloxicam type SurfaceForm => meloxicam type WikidataEntity
Rule_4897	?a name ?d ?d type SurfaceForm => ?a type WikidataEntity	Dextromethadone name Dextromethadone | Dextromethadone type SurfaceForm => Dextromethadone type WikidataEntity
Rule_4897	?a name ?d ?d type SurfaceForm => ?a type WikidataEntity	milnacipran name milnacipran | milnacipran type SurfaceForm => milnacipran type WikidataEntity
Rule_4897	?a name ?d ?d type SurfaceForm => ?a type WikidataEntity	shaking name shaking | shaking type SurfaceForm => shaking type WikidataEntity
Rule_4897	?a name ?d ?d type SurfaceForm => ?a type WikidataEntity	zolmitriptan name zolmitriptan | zolmitriptan type SurfaceForm => zolmitriptan type WikidataEntity
Rule_4897	?a name ?d ?d type SurfaceForm => ?a type WikidataEntity	metipranolol name metipranolol | metipranolol type SurfaceForm => metipranolol type WikidataEntity
Rule_4897	?a name ?d ?d type SurfaceForm => ?a type WikidataEntity	acylcholine name acylcholine | acylcholine type SurfaceForm => acylcholine type WikidataEntity
Rule_4897	?a name ?d ?d type SurfaceForm => ?a type WikidataEntity	somnolence name somnolence | somnolence type SurfaceForm => somnolence type WikidataEntity
Rule_4897	?a name ?d ?d type SurfaceForm => ?a type WikidataEntity	clemastine name clemastine | clemastine type SurfaceForm => clemastine type WikidataEntity
Rule_4897	?a name ?d ?d type SurfaceForm => ?a type WikidataEntity	vilazodone name vilazodone | vilazodone type SurfaceForm => vilazodone type WikidataEntity
Rule_4897	?a name ?d ?d type SurfaceForm => ?a type WikidataEntity	technology name technology | technology type SurfaceForm => technology type WikidataEntity
Rule_4897	?a name ?d ?d type SurfaceForm => ?a type WikidataEntity	education name education | education type SurfaceForm => education type WikidataEntity
Rule_4897	?a name ?d ?d type SurfaceForm => ?a type WikidataEntity	oxmetidine name oxmetidine | oxmetidine type SurfaceForm => oxmetidine type WikidataEntity
Rule_4897	?a name ?d ?d type SurfaceForm => ?a type WikidataEntity	ticlopidine name ticlopidine | ticlopidine type SurfaceForm => ticlopidine type WikidataEntity
Rule_4897	?a name ?d ?d type SurfaceForm => ?a type WikidataEntity	vancomycin name vancomycin | vancomycin type SurfaceForm => vancomycin type WikidataEntity
Rule_4897	?a name ?d ?d type SurfaceForm => ?a type WikidataEntity	pathogenesis name pathogenesis | pathogenesis type SurfaceForm => pathogenesis type WikidataEntity
Rule_4897	?a name ?d ?d type SurfaceForm => ?a type WikidataEntity	guaifenesin name guaifenesin | guaifenesin type SurfaceForm => guaifenesin type WikidataEntity
Rule_4897	?a name ?d ?d type SurfaceForm => ?a type WikidataEntity	cardiomyopathy name cardiomyopathy | cardiomyopathy type SurfaceForm => cardiomyopathy type WikidataEntity
Rule_4897	?a name ?d ?d type SurfaceForm => ?a type WikidataEntity	cerivastatin name cerivastatin | cerivastatin type SurfaceForm => cerivastatin type WikidataEntity
Rule_4897	?a name ?d ?d type SurfaceForm => ?a type WikidataEntity	alditol name alditol | alditol type SurfaceForm => alditol type WikidataEntity
Rule_4897	?a name ?d ?d type SurfaceForm => ?a type WikidataEntity	metaproterenol name metaproterenol | metaproterenol type SurfaceForm => metaproterenol type WikidataEntity
Rule_4897	?a name ?d ?d type SurfaceForm => ?a type WikidataEntity	bronchospasm name bronchospasm | bronchospasm type SurfaceForm => bronchospasm type WikidataEntity
Rule_4897	?a name ?d ?d type SurfaceForm => ?a type WikidataEntity	amphotericin name amphotericin | amphotericin type SurfaceForm => amphotericin type WikidataEntity
Rule_4897	?a name ?d ?d type SurfaceForm => ?a type WikidataEntity	dirithromycin name dirithromycin | dirithromycin type SurfaceForm => dirithromycin type WikidataEntity
Rule_4897	?a name ?d ?d type SurfaceForm => ?a type WikidataEntity	fondaparinux name fondaparinux | fondaparinux type SurfaceForm => fondaparinux type WikidataEntity
Rule_4897	?a name ?d ?d type SurfaceForm => ?a type WikidataEntity	lung name lung | lung type SurfaceForm => lung type WikidataEntity
Rule_4897	?a name ?d ?d type SurfaceForm => ?a type WikidataEntity	earliness name earliness | earliness type SurfaceForm => earliness type WikidataEntity
Rule_4897	?a name ?d ?d type SurfaceForm => ?a type WikidataEntity	institution name institution | institution type SurfaceForm => institution type WikidataEntity
Rule_4897	?a name ?d ?d type SurfaceForm => ?a type WikidataEntity	damage name damage | damage type SurfaceForm => damage type WikidataEntity
Rule_4897	?a name ?d ?d type SurfaceForm => ?a type WikidataEntity	metolazone name metolazone | metolazone type SurfaceForm => metolazone type WikidataEntity
Rule_4897	?a name ?d ?d type SurfaceForm => ?a type WikidataEntity	beraprost name beraprost | beraprost type SurfaceForm => beraprost type WikidataEntity
Rule_4897	?a name ?d ?d type SurfaceForm => ?a type WikidataEntity	disorder name disorder | disorder type SurfaceForm => disorder type WikidataEntity
Rule_4897	?a name ?d ?d type SurfaceForm => ?a type WikidataEntity	finerenone name finerenone | finerenone type SurfaceForm => finerenone type WikidataEntity
Rule_4897	?a name ?d ?d type SurfaceForm => ?a type WikidataEntity	rimexolone name rimexolone | rimexolone type SurfaceForm => rimexolone type WikidataEntity
Rule_4897	?a name ?d ?d type SurfaceForm => ?a type WikidataEntity	hypolipidemic name hypolipidemic | hypolipidemic type SurfaceForm => hypolipidemic type WikidataEntity
Rule_4897	?a name ?d ?d type SurfaceForm => ?a type WikidataEntity	nafamostat name nafamostat | nafamostat type SurfaceForm => nafamostat type WikidataEntity
Rule_4897	?a name ?d ?d type SurfaceForm => ?a type WikidataEntity	nitroprusside name nitroprusside | nitroprusside type SurfaceForm => nitroprusside type WikidataEntity
Rule_4897	?a name ?d ?d type SurfaceForm => ?a type WikidataEntity	mirabegron name mirabegron | mirabegron type SurfaceForm => mirabegron type WikidataEntity
Rule_4897	?a name ?d ?d type SurfaceForm => ?a type WikidataEntity	pain name pain | pain type SurfaceForm => pain type WikidataEntity
Rule_4897	?a name ?d ?d type SurfaceForm => ?a type WikidataEntity	dyslipidemia name dyslipidemia | dyslipidemia type SurfaceForm => dyslipidemia type WikidataEntity
Rule_4897	?a name ?d ?d type SurfaceForm => ?a type WikidataEntity	spironolactone name spironolactone | spironolactone type SurfaceForm => spironolactone type WikidataEntity
Rule_4897	?a name ?d ?d type SurfaceForm => ?a type WikidataEntity	scientist name scientist | scientist type SurfaceForm => scientist type WikidataEntity
Rule_4897	?a name ?d ?d type SurfaceForm => ?a type WikidataEntity	lymphedema name lymphedema | lymphedema type SurfaceForm => lymphedema type WikidataEntity
Rule_4897	?a name ?d ?d type SurfaceForm => ?a type WikidataEntity	waterfall name waterfall | waterfall type SurfaceForm => waterfall type WikidataEntity
Rule_4897	?a name ?d ?d type SurfaceForm => ?a type WikidataEntity	smoking name smoking | smoking type SurfaceForm => smoking type WikidataEntity
Rule_4897	?a name ?d ?d type SurfaceForm => ?a type WikidataEntity	vitamin name vitamin | vitamin type SurfaceForm => vitamin type WikidataEntity
Rule_4897	?a name ?d ?d type SurfaceForm => ?a type WikidataEntity	rhinitis name rhinitis | rhinitis type SurfaceForm => rhinitis type WikidataEntity
Rule_4897	?a name ?d ?d type SurfaceForm => ?a type WikidataEntity	hepatomegaly name hepatomegaly | hepatomegaly type SurfaceForm => hepatomegaly type WikidataEntity
Rule_4897	?a name ?d ?d type SurfaceForm => ?a type WikidataEntity	calcium name calcium | calcium type SurfaceForm => calcium type WikidataEntity
Rule_4897	?a name ?d ?d type SurfaceForm => ?a type WikidataEntity	transport name transport | transport type SurfaceForm => transport type WikidataEntity
Rule_4897	?a name ?d ?d type SurfaceForm => ?a type WikidataEntity	metoprolol name metoprolol | metoprolol type SurfaceForm => metoprolol type WikidataEntity
Rule_4897	?a name ?d ?d type SurfaceForm => ?a type WikidataEntity	phot name phot | phot type SurfaceForm => phot type WikidataEntity
Rule_4897	?a name ?d ?d type SurfaceForm => ?a type WikidataEntity	notation name notation | notation type SurfaceForm => notation type WikidataEntity
Rule_4897	?a name ?d ?d type SurfaceForm => ?a type WikidataEntity	degarelix name degarelix | degarelix type SurfaceForm => degarelix type WikidataEntity
Rule_4897	?a name ?d ?d type SurfaceForm => ?a type WikidataEntity	calorimetry name calorimetry | calorimetry type SurfaceForm => calorimetry type WikidataEntity
Rule_4897	?a name ?d ?d type SurfaceForm => ?a type WikidataEntity	polyphenol name polyphenol | polyphenol type SurfaceForm => polyphenol type WikidataEntity
Rule_4897	?a name ?d ?d type SurfaceForm => ?a type WikidataEntity	primidone name primidone | primidone type SurfaceForm => primidone type WikidataEntity
Rule_4897	?a name ?d ?d type SurfaceForm => ?a type WikidataEntity	naphazoline name naphazoline | naphazoline type SurfaceForm => naphazoline type WikidataEntity
Rule_4897	?a name ?d ?d type SurfaceForm => ?a type WikidataEntity	doxazosin name doxazosin | doxazosin type SurfaceForm => doxazosin type WikidataEntity
Rule_4897	?a name ?d ?d type SurfaceForm => ?a type WikidataEntity	need name need | need type SurfaceForm => need type WikidataEntity
Rule_4897	?a name ?d ?d type SurfaceForm => ?a type WikidataEntity	apremilast name apremilast | apremilast type SurfaceForm => apremilast type WikidataEntity
Rule_4897	?a name ?d ?d type SurfaceForm => ?a type WikidataEntity	hepatology name hepatology | hepatology type SurfaceForm => hepatology type WikidataEntity
Rule_4897	?a name ?d ?d type SurfaceForm => ?a type WikidataEntity	year name year | year type SurfaceForm => year type WikidataEntity
Rule_4897	?a name ?d ?d type SurfaceForm => ?a type WikidataEntity	fosinopril name fosinopril | fosinopril type SurfaceForm => fosinopril type WikidataEntity
Rule_4897	?a name ?d ?d type SurfaceForm => ?a type WikidataEntity	cinoxacin name cinoxacin | cinoxacin type SurfaceForm => cinoxacin type WikidataEntity
Rule_4897	?a name ?d ?d type SurfaceForm => ?a type WikidataEntity	tripelennamine name tripelennamine | tripelennamine type SurfaceForm => tripelennamine type WikidataEntity
Rule_4897	?a name ?d ?d type SurfaceForm => ?a type WikidataEntity	apocynin name apocynin | apocynin type SurfaceForm => apocynin type WikidataEntity
Rule_4897	?a name ?d ?d type SurfaceForm => ?a type WikidataEntity	zafirlukast name zafirlukast | zafirlukast type SurfaceForm => zafirlukast type WikidataEntity
Rule_4897	?a name ?d ?d type SurfaceForm => ?a type WikidataEntity	half name half | half type SurfaceForm => half type WikidataEntity
Rule_4897	?a name ?d ?d type SurfaceForm => ?a type WikidataEntity	participant name participant | participant type SurfaceForm => participant type WikidataEntity
Rule_4897	?a name ?d ?d type SurfaceForm => ?a type WikidataEntity	furazolidone name furazolidone | furazolidone type SurfaceForm => furazolidone type WikidataEntity
Rule_4897	?a name ?d ?d type SurfaceForm => ?a type WikidataEntity	depigmentation name depigmentation | depigmentation type SurfaceForm => depigmentation type WikidataEntity
Rule_4897	?a name ?d ?d type SurfaceForm => ?a type WikidataEntity	ticarcillin name ticarcillin | ticarcillin type SurfaceForm => ticarcillin type WikidataEntity
Rule_4897	?a name ?d ?d type SurfaceForm => ?a type WikidataEntity	atomoxetine name atomoxetine | atomoxetine type SurfaceForm => atomoxetine type WikidataEntity
Rule_4897	?a name ?d ?d type SurfaceForm => ?a type WikidataEntity	pyridone name pyridone | pyridone type SurfaceForm => pyridone type WikidataEntity
Rule_4897	?a name ?d ?d type SurfaceForm => ?a type WikidataEntity	estimation name estimation | estimation type SurfaceForm => estimation type WikidataEntity
Rule_4897	?a name ?d ?d type SurfaceForm => ?a type WikidataEntity	2,3-dihydroquercetin name 2,3-dihydroquercetin | 2,3-dihydroquercetin type SurfaceForm => 2,3-dihydroquercetin type WikidataEntity
Rule_4897	?a name ?d ?d type SurfaceForm => ?a type WikidataEntity	hypotension name hypotension | hypotension type SurfaceForm => hypotension type WikidataEntity
Rule_4897	?a name ?d ?d type SurfaceForm => ?a type WikidataEntity	syncope name syncope | syncope type SurfaceForm => syncope type WikidataEntity
Rule_4897	?a name ?d ?d type SurfaceForm => ?a type WikidataEntity	dihydropyridine name dihydropyridine | dihydropyridine type SurfaceForm => dihydropyridine type WikidataEntity
Rule_4897	?a name ?d ?d type SurfaceForm => ?a type WikidataEntity	bromopride name bromopride | bromopride type SurfaceForm => bromopride type WikidataEntity
Rule_4897	?a name ?d ?d type SurfaceForm => ?a type WikidataEntity	magazine name magazine | magazine type SurfaceForm => magazine type WikidataEntity
Rule_4897	?a name ?d ?d type SurfaceForm => ?a type WikidataEntity	effusion name effusion | effusion type SurfaceForm => effusion type WikidataEntity
Rule_4897	?a name ?d ?d type SurfaceForm => ?a type WikidataEntity	Wikipedia:VideoWiki/Hypertension name Wikipedia:VideoWiki/Hypertension | Wikipedia:VideoWiki/Hypertension type SurfaceForm => Wikipedia:VideoWiki/Hypertension type WikidataEntity
Rule_4897	?a name ?d ?d type SurfaceForm => ?a type WikidataEntity	sunitinib name sunitinib | sunitinib type SurfaceForm => sunitinib type WikidataEntity
Rule_4897	?a name ?d ?d type SurfaceForm => ?a type WikidataEntity	competition name competition | competition type SurfaceForm => competition type WikidataEntity
Rule_4897	?a name ?d ?d type SurfaceForm => ?a type WikidataEntity	training name training | training type SurfaceForm => training type WikidataEntity
Rule_4897	?a name ?d ?d type SurfaceForm => ?a type WikidataEntity	(RS)-duloxetine name (RS)-duloxetine | (RS)-duloxetine type SurfaceForm => (RS)-duloxetine type WikidataEntity
Rule_4897	?a name ?d ?d type SurfaceForm => ?a type WikidataEntity	atazanavir name atazanavir | atazanavir type SurfaceForm => atazanavir type WikidataEntity
Rule_4897	?a name ?d ?d type SurfaceForm => ?a type WikidataEntity	venlafaxine name venlafaxine | venlafaxine type SurfaceForm => venlafaxine type WikidataEntity
Rule_4897	?a name ?d ?d type SurfaceForm => ?a type WikidataEntity	phoniatrics name phoniatrics | phoniatrics type SurfaceForm => phoniatrics type WikidataEntity
Rule_4897	?a name ?d ?d type SurfaceForm => ?a type WikidataEntity	reserpine name reserpine | reserpine type SurfaceForm => reserpine type WikidataEntity
Rule_4897	?a name ?d ?d type SurfaceForm => ?a type WikidataEntity	ratio name ratio | ratio type SurfaceForm => ratio type WikidataEntity
Rule_4897	?a name ?d ?d type SurfaceForm => ?a type WikidataEntity	perphenazine name perphenazine | perphenazine type SurfaceForm => perphenazine type WikidataEntity
Rule_4897	?a name ?d ?d type SurfaceForm => ?a type WikidataEntity	vaccination name vaccination | vaccination type SurfaceForm => vaccination type WikidataEntity
Rule_4897	?a name ?d ?d type SurfaceForm => ?a type WikidataEntity	mesocarb name mesocarb | mesocarb type SurfaceForm => mesocarb type WikidataEntity
Rule_4897	?a name ?d ?d type SurfaceForm => ?a type WikidataEntity	Ferumoxides name Ferumoxides | Ferumoxides type SurfaceForm => Ferumoxides type WikidataEntity
Rule_4897	?a name ?d ?d type SurfaceForm => ?a type WikidataEntity	collection name collection | collection type SurfaceForm => collection type WikidataEntity
Rule_4897	?a name ?d ?d type SurfaceForm => ?a type WikidataEntity	obesity name obesity | obesity type SurfaceForm => obesity type WikidataEntity
Rule_4897	?a name ?d ?d type SurfaceForm => ?a type WikidataEntity	mavrilimumab name mavrilimumab | mavrilimumab type SurfaceForm => mavrilimumab type WikidataEntity
Rule_4897	?a name ?d ?d type SurfaceForm => ?a type WikidataEntity	LSM-1835 name LSM-1835 | LSM-1835 type SurfaceForm => LSM-1835 type WikidataEntity
Rule_4897	?a name ?d ?d type SurfaceForm => ?a type WikidataEntity	betaxolol name betaxolol | betaxolol type SurfaceForm => betaxolol type WikidataEntity
Rule_4897	?a name ?d ?d type SurfaceForm => ?a type WikidataEntity	evaluation name evaluation | evaluation type SurfaceForm => evaluation type WikidataEntity
Rule_4897	?a name ?d ?d type SurfaceForm => ?a type WikidataEntity	consumption name consumption | consumption type SurfaceForm => consumption type WikidataEntity
Rule_4897	?a name ?d ?d type SurfaceForm => ?a type WikidataEntity	toxicology name toxicology | toxicology type SurfaceForm => toxicology type WikidataEntity
Rule_4897	?a name ?d ?d type SurfaceForm => ?a type WikidataEntity	polypeptide name polypeptide | polypeptide type SurfaceForm => polypeptide type WikidataEntity
Rule_4897	?a name ?d ?d type SurfaceForm => ?a type WikidataEntity	clozapine name clozapine | clozapine type SurfaceForm => clozapine type WikidataEntity
Rule_4897	?a name ?d ?d type SurfaceForm => ?a type WikidataEntity	isoprenaline name isoprenaline | isoprenaline type SurfaceForm => isoprenaline type WikidataEntity
Rule_4897	?a name ?d ?d type SurfaceForm => ?a type WikidataEntity	levomethadyl name levomethadyl | levomethadyl type SurfaceForm => levomethadyl type WikidataEntity
Rule_4897	?a name ?d ?d type SurfaceForm => ?a type WikidataEntity	Pharmazeut name Pharmazeut | Pharmazeut type SurfaceForm => Pharmazeut type WikidataEntity
Rule_4897	?a name ?d ?d type SurfaceForm => ?a type WikidataEntity	pentoxyverine name pentoxyverine | pentoxyverine type SurfaceForm => pentoxyverine type WikidataEntity
Rule_4897	?a name ?d ?d type SurfaceForm => ?a type WikidataEntity	ubiquinone name ubiquinone | ubiquinone type SurfaceForm => ubiquinone type WikidataEntity
Rule_4897	?a name ?d ?d type SurfaceForm => ?a type WikidataEntity	eszopiclone name eszopiclone | eszopiclone type SurfaceForm => eszopiclone type WikidataEntity
Rule_4897	?a name ?d ?d type SurfaceForm => ?a type WikidataEntity	organism name organism | organism type SurfaceForm => organism type WikidataEntity
Rule_4897	?a name ?d ?d type SurfaceForm => ?a type WikidataEntity	well-being name well-being | well-being type SurfaceForm => well-being type WikidataEntity
Rule_4897	?a name ?d ?d type SurfaceForm => ?a type WikidataEntity	tocilizumab name tocilizumab | tocilizumab type SurfaceForm => tocilizumab type WikidataEntity
Rule_4897	?a name ?d ?d type SurfaceForm => ?a type WikidataEntity	Rodent name Rodent | Rodent type SurfaceForm => Rodent type WikidataEntity
Rule_4897	?a name ?d ?d type SurfaceForm => ?a type WikidataEntity	implementation name implementation | implementation type SurfaceForm => implementation type WikidataEntity
Rule_4897	?a name ?d ?d type SurfaceForm => ?a type WikidataEntity	benefits name benefits | benefits type SurfaceForm => benefits type WikidataEntity
Rule_4897	?a name ?d ?d type SurfaceForm => ?a type WikidataEntity	artery name artery | artery type SurfaceForm => artery type WikidataEntity
Rule_4897	?a name ?d ?d type SurfaceForm => ?a type WikidataEntity	ifenprodil name ifenprodil | ifenprodil type SurfaceForm => ifenprodil type WikidataEntity
Rule_4897	?a name ?d ?d type SurfaceForm => ?a type WikidataEntity	ravulizumab name ravulizumab | ravulizumab type SurfaceForm => ravulizumab type WikidataEntity
Rule_4897	?a name ?d ?d type SurfaceForm => ?a type WikidataEntity	dasatinib name dasatinib | dasatinib type SurfaceForm => dasatinib type WikidataEntity
Rule_4897	?a name ?d ?d type SurfaceForm => ?a type WikidataEntity	(11beta)-9-fluoro-11,17,21-trihydroxy-16-methylpregna-1,4-diene-3,20-dione name (11beta)-9-fluoro-11,17,21-trihydroxy-16-methylpregna-1,4-diene-3,20-dione | (11beta)-9-fluoro-11,17,21-trihydroxy-16-methylpregna-1,4-diene-3,20-dione type SurfaceForm => (11beta)-9-fluoro-11,17,21-trihydroxy-16-methylpregna-1,4-diene-3,20-dione type WikidataEntity
Rule_4897	?a name ?d ?d type SurfaceForm => ?a type WikidataEntity	analgesia name analgesia | analgesia type SurfaceForm => analgesia type WikidataEntity
Rule_4897	?a name ?d ?d type SurfaceForm => ?a type WikidataEntity	pericarditis name pericarditis | pericarditis type SurfaceForm => pericarditis type WikidataEntity
Rule_4897	?a name ?d ?d type SurfaceForm => ?a type WikidataEntity	cilostazol name cilostazol | cilostazol type SurfaceForm => cilostazol type WikidataEntity
Rule_4897	?a name ?d ?d type SurfaceForm => ?a type WikidataEntity	intubation name intubation | intubation type SurfaceForm => intubation type WikidataEntity
Rule_4897	?a name ?d ?d type SurfaceForm => ?a type WikidataEntity	pregnant name pregnant | pregnant type SurfaceForm => pregnant type WikidataEntity
Rule_4897	?a name ?d ?d type SurfaceForm => ?a type WikidataEntity	album name album | album type SurfaceForm => album type WikidataEntity
Rule_4897	?a name ?d ?d type SurfaceForm => ?a type WikidataEntity	diuretic name diuretic | diuretic type SurfaceForm => diuretic type WikidataEntity
Rule_4897	?a name ?d ?d type SurfaceForm => ?a type WikidataEntity	norfloxacin name norfloxacin | norfloxacin type SurfaceForm => norfloxacin type WikidataEntity
Rule_4897	?a name ?d ?d type SurfaceForm => ?a type WikidataEntity	tolterodine name tolterodine | tolterodine type SurfaceForm => tolterodine type WikidataEntity
Rule_4897	?a name ?d ?d type SurfaceForm => ?a type WikidataEntity	propicillin name propicillin | propicillin type SurfaceForm => propicillin type WikidataEntity
Rule_4897	?a name ?d ?d type SurfaceForm => ?a type WikidataEntity	antagonist name antagonist | antagonist type SurfaceForm => antagonist type WikidataEntity
Rule_4897	?a name ?d ?d type SurfaceForm => ?a type WikidataEntity	concept name concept | concept type SurfaceForm => concept type WikidataEntity
Rule_4897	?a name ?d ?d type SurfaceForm => ?a type WikidataEntity	week name week | week type SurfaceForm => week type WikidataEntity
Rule_4897	?a name ?d ?d type SurfaceForm => ?a type WikidataEntity	notion name notion | notion type SurfaceForm => notion type WikidataEntity
Rule_4897	?a name ?d ?d type SurfaceForm => ?a type WikidataEntity	omnivore name omnivore | omnivore type SurfaceForm => omnivore type WikidataEntity
Rule_4897	?a name ?d ?d type SurfaceForm => ?a type WikidataEntity	disruption name disruption | disruption type SurfaceForm => disruption type WikidataEntity
Rule_4897	?a name ?d ?d type SurfaceForm => ?a type WikidataEntity	ifosfamide name ifosfamide | ifosfamide type SurfaceForm => ifosfamide type WikidataEntity
Rule_4897	?a name ?d ?d type SurfaceForm => ?a type WikidataEntity	song name song | song type SurfaceForm => song type WikidataEntity
Rule_4897	?a name ?d ?d type SurfaceForm => ?a type WikidataEntity	characterization name characterization | characterization type SurfaceForm => characterization type WikidataEntity
Rule_4897	?a name ?d ?d type SurfaceForm => ?a type WikidataEntity	urology name urology | urology type SurfaceForm => urology type WikidataEntity
Rule_4897	?a name ?d ?d type SurfaceForm => ?a type WikidataEntity	vorinostat name vorinostat | vorinostat type SurfaceForm => vorinostat type WikidataEntity
Rule_4897	?a name ?d ?d type SurfaceForm => ?a type WikidataEntity	buprenorphine name buprenorphine | buprenorphine type SurfaceForm => buprenorphine type WikidataEntity
Rule_4897	?a name ?d ?d type SurfaceForm => ?a type WikidataEntity	dihydrofuran name dihydrofuran | dihydrofuran type SurfaceForm => dihydrofuran type WikidataEntity
Rule_4897	?a name ?d ?d type SurfaceForm => ?a type WikidataEntity	desa name desa | desa type SurfaceForm => desa type WikidataEntity
Rule_4897	?a name ?d ?d type SurfaceForm => ?a type WikidataEntity	anticoagulation name anticoagulation | anticoagulation type SurfaceForm => anticoagulation type WikidataEntity
Rule_4897	?a name ?d ?d type SurfaceForm => ?a type WikidataEntity	sennoside name sennoside | sennoside type SurfaceForm => sennoside type WikidataEntity
Rule_4897	?a name ?d ?d type SurfaceForm => ?a type WikidataEntity	bitolterol name bitolterol | bitolterol type SurfaceForm => bitolterol type WikidataEntity
Rule_4897	?a name ?d ?d type SurfaceForm => ?a type WikidataEntity	hypoxemia name hypoxemia | hypoxemia type SurfaceForm => hypoxemia type WikidataEntity
Rule_4897	?a name ?d ?d type SurfaceForm => ?a type WikidataEntity	tranilast name tranilast | tranilast type SurfaceForm => tranilast type WikidataEntity
Rule_4897	?a name ?d ?d type SurfaceForm => ?a type WikidataEntity	homeostasis name homeostasis | homeostasis type SurfaceForm => homeostasis type WikidataEntity
Rule_4897	?a name ?d ?d type SurfaceForm => ?a type WikidataEntity	quinaprilat name quinaprilat | quinaprilat type SurfaceForm => quinaprilat type WikidataEntity
Rule_4897	?a name ?d ?d type SurfaceForm => ?a type WikidataEntity	ethchlorvynol name ethchlorvynol | ethchlorvynol type SurfaceForm => ethchlorvynol type WikidataEntity
Rule_4897	?a name ?d ?d type SurfaceForm => ?a type WikidataEntity	adalimumab name adalimumab | adalimumab type SurfaceForm => adalimumab type WikidataEntity
Rule_4897	?a name ?d ?d type SurfaceForm => ?a type WikidataEntity	CG5504 name CG5504 | CG5504 type SurfaceForm => CG5504 type WikidataEntity
Rule_4897	?a name ?d ?d type SurfaceForm => ?a type WikidataEntity	storage name storage | storage type SurfaceForm => storage type WikidataEntity
Rule_4897	?a name ?d ?d type SurfaceForm => ?a type WikidataEntity	flesh name flesh | flesh type SurfaceForm => flesh type WikidataEntity
Rule_4897	?a name ?d ?d type SurfaceForm => ?a type WikidataEntity	capital name capital | capital type SurfaceForm => capital type WikidataEntity
Rule_4897	?a name ?d ?d type SurfaceForm => ?a type WikidataEntity	phenylpropanolamine name phenylpropanolamine | phenylpropanolamine type SurfaceForm => phenylpropanolamine type WikidataEntity
Rule_4897	?a name ?d ?d type SurfaceForm => ?a type WikidataEntity	hypokalemia name hypokalemia | hypokalemia type SurfaceForm => hypokalemia type WikidataEntity
Rule_4897	?a name ?d ?d type SurfaceForm => ?a type WikidataEntity	linaclotide name linaclotide | linaclotide type SurfaceForm => linaclotide type WikidataEntity
Rule_4897	?a name ?d ?d type SurfaceForm => ?a type WikidataEntity	nutrition name nutrition | nutrition type SurfaceForm => nutrition type WikidataEntity
Rule_4897	?a name ?d ?d type SurfaceForm => ?a type WikidataEntity	apprehension name apprehension | apprehension type SurfaceForm => apprehension type WikidataEntity
Rule_4897	?a name ?d ?d type SurfaceForm => ?a type WikidataEntity	hygiene name hygiene | hygiene type SurfaceForm => hygiene type WikidataEntity
Rule_4897	?a name ?d ?d type SurfaceForm => ?a type WikidataEntity	steroid name steroid | steroid type SurfaceForm => steroid type WikidataEntity
Rule_4897	?a name ?d ?d type SurfaceForm => ?a type WikidataEntity	betamethasone name betamethasone | betamethasone type SurfaceForm => betamethasone type WikidataEntity
Rule_4897	?a name ?d ?d type SurfaceForm => ?a type WikidataEntity	oxazolidinone name oxazolidinone | oxazolidinone type SurfaceForm => oxazolidinone type WikidataEntity
Rule_4897	?a name ?d ?d type SurfaceForm => ?a type WikidataEntity	lidamidine name lidamidine | lidamidine type SurfaceForm => lidamidine type WikidataEntity
Rule_4897	?a name ?d ?d type SurfaceForm => ?a type WikidataEntity	structure name structure | structure type SurfaceForm => structure type WikidataEntity
Rule_4897	?a name ?d ?d type SurfaceForm => ?a type WikidataEntity	indication name indication | indication type SurfaceForm => indication type WikidataEntity
Rule_4897	?a name ?d ?d type SurfaceForm => ?a type WikidataEntity	midazolam name midazolam | midazolam type SurfaceForm => midazolam type WikidataEntity
Rule_4897	?a name ?d ?d type SurfaceForm => ?a type WikidataEntity	neuroscientist name neuroscientist | neuroscientist type SurfaceForm => neuroscientist type WikidataEntity
Rule_4897	?a name ?d ?d type SurfaceForm => ?a type WikidataEntity	Integrilin name Integrilin | Integrilin type SurfaceForm => Integrilin type WikidataEntity
Rule_4897	?a name ?d ?d type SurfaceForm => ?a type WikidataEntity	dexmedetomidine name dexmedetomidine | dexmedetomidine type SurfaceForm => dexmedetomidine type WikidataEntity
Rule_4897	?a name ?d ?d type SurfaceForm => ?a type WikidataEntity	mapping name mapping | mapping type SurfaceForm => mapping type WikidataEntity
Rule_4897	?a name ?d ?d type SurfaceForm => ?a type WikidataEntity	arteriosclerosis name arteriosclerosis | arteriosclerosis type SurfaceForm => arteriosclerosis type WikidataEntity
Rule_4897	?a name ?d ?d type SurfaceForm => ?a type WikidataEntity	narcology name narcology | narcology type SurfaceForm => narcology type WikidataEntity
Rule_4897	?a name ?d ?d type SurfaceForm => ?a type WikidataEntity	audiologist name audiologist | audiologist type SurfaceForm => audiologist type WikidataEntity
Rule_4897	?a name ?d ?d type SurfaceForm => ?a type WikidataEntity	casirivimab/imdevimab name casirivimab/imdevimab | casirivimab/imdevimab type SurfaceForm => casirivimab/imdevimab type WikidataEntity
Rule_4897	?a name ?d ?d type SurfaceForm => ?a type WikidataEntity	procedure name procedure | procedure type SurfaceForm => procedure type WikidataEntity
Rule_4897	?a name ?d ?d type SurfaceForm => ?a type WikidataEntity	cefuroxime name cefuroxime | cefuroxime type SurfaceForm => cefuroxime type WikidataEntity
Rule_4897	?a name ?d ?d type SurfaceForm => ?a type WikidataEntity	simendan name simendan | simendan type SurfaceForm => simendan type WikidataEntity
Rule_4897	?a name ?d ?d type SurfaceForm => ?a type WikidataEntity	electricity name electricity | electricity type SurfaceForm => electricity type WikidataEntity
Rule_4897	?a name ?d ?d type SurfaceForm => ?a type WikidataEntity	scar name scar | scar type SurfaceForm => scar type WikidataEntity
Rule_4897	?a name ?d ?d type SurfaceForm => ?a type WikidataEntity	pressure name pressure | pressure type SurfaceForm => pressure type WikidataEntity
Rule_4897	?a name ?d ?d type SurfaceForm => ?a type WikidataEntity	cloxacillin name cloxacillin | cloxacillin type SurfaceForm => cloxacillin type WikidataEntity
Rule_4897	?a name ?d ?d type SurfaceForm => ?a type WikidataEntity	sugar name sugar | sugar type SurfaceForm => sugar type WikidataEntity
Rule_4897	?a name ?d ?d type SurfaceForm => ?a type WikidataEntity	guanethidine name guanethidine | guanethidine type SurfaceForm => guanethidine type WikidataEntity
Rule_4897	?a name ?d ?d type SurfaceForm => ?a type WikidataEntity	epirubicin name epirubicin | epirubicin type SurfaceForm => epirubicin type WikidataEntity
Rule_4897	?a name ?d ?d type SurfaceForm => ?a type WikidataEntity	celecoxib name celecoxib | celecoxib type SurfaceForm => celecoxib type WikidataEntity
Rule_4897	?a name ?d ?d type SurfaceForm => ?a type WikidataEntity	maprotiline name maprotiline | maprotiline type SurfaceForm => maprotiline type WikidataEntity
Rule_4897	?a name ?d ?d type SurfaceForm => ?a type WikidataEntity	fenretinide name fenretinide | fenretinide type SurfaceForm => fenretinide type WikidataEntity
Rule_4897	?a name ?d ?d type SurfaceForm => ?a type WikidataEntity	being name being | being type SurfaceForm => being type WikidataEntity
Rule_4897	?a name ?d ?d type SurfaceForm => ?a type WikidataEntity	(RS)-balaglitazone name (RS)-balaglitazone | (RS)-balaglitazone type SurfaceForm => (RS)-balaglitazone type WikidataEntity
Rule_4897	?a name ?d ?d type SurfaceForm => ?a type WikidataEntity	ethers name ethers | ethers type SurfaceForm => ethers type WikidataEntity
Rule_4897	?a name ?d ?d type SurfaceForm => ?a type WikidataEntity	internist name internist | internist type SurfaceForm => internist type WikidataEntity
Rule_4897	?a name ?d ?d type SurfaceForm => ?a type WikidataEntity	Identify name Identify | Identify type SurfaceForm => Identify type WikidataEntity
Rule_4897	?a name ?d ?d type SurfaceForm => ?a type WikidataEntity	rac-warfarin name rac-warfarin | rac-warfarin type SurfaceForm => rac-warfarin type WikidataEntity
Rule_4897	?a name ?d ?d type SurfaceForm => ?a type WikidataEntity	aztreonam name aztreonam | aztreonam type SurfaceForm => aztreonam type WikidataEntity
Rule_4897	?a name ?d ?d type SurfaceForm => ?a type WikidataEntity	angioedema name angioedema | angioedema type SurfaceForm => angioedema type WikidataEntity
Rule_4897	?a name ?d ?d type SurfaceForm => ?a type WikidataEntity	racemate name racemate | racemate type SurfaceForm => racemate type WikidataEntity
Rule_4897	?a name ?d ?d type SurfaceForm => ?a type WikidataEntity	hemoptysis name hemoptysis | hemoptysis type SurfaceForm => hemoptysis type WikidataEntity
Rule_4897	?a name ?d ?d type SurfaceForm => ?a type WikidataEntity	(E)-cefprozil name (E)-cefprozil | (E)-cefprozil type SurfaceForm => (E)-cefprozil type WikidataEntity
Rule_4897	?a name ?d ?d type SurfaceForm => ?a type WikidataEntity	urokinase name urokinase | urokinase type SurfaceForm => urokinase type WikidataEntity
Rule_4897	?a name ?d ?d type SurfaceForm => ?a type WikidataEntity	treprostinil name treprostinil | treprostinil type SurfaceForm => treprostinil type WikidataEntity
Rule_4897	?a name ?d ?d type SurfaceForm => ?a type WikidataEntity	radical name radical | radical type SurfaceForm => radical type WikidataEntity
Rule_4897	?a name ?d ?d type SurfaceForm => ?a type WikidataEntity	sevoflurane name sevoflurane | sevoflurane type SurfaceForm => sevoflurane type WikidataEntity
Rule_4897	?a name ?d ?d type SurfaceForm => ?a type WikidataEntity	triiodothyronine name triiodothyronine | triiodothyronine type SurfaceForm => triiodothyronine type WikidataEntity
Rule_4897	?a name ?d ?d type SurfaceForm => ?a type WikidataEntity	pneumonia name pneumonia | pneumonia type SurfaceForm => pneumonia type WikidataEntity
Rule_4897	?a name ?d ?d type SurfaceForm => ?a type WikidataEntity	abciximab name abciximab | abciximab type SurfaceForm => abciximab type WikidataEntity
Rule_4897	?a name ?d ?d type SurfaceForm => ?a type WikidataEntity	phendimetrazine name phendimetrazine | phendimetrazine type SurfaceForm => phendimetrazine type WikidataEntity
Rule_4897	?a name ?d ?d type SurfaceForm => ?a type WikidataEntity	andrographolide name andrographolide | andrographolide type SurfaceForm => andrographolide type WikidataEntity
Rule_4897	?a name ?d ?d type SurfaceForm => ?a type WikidataEntity	machine name machine | machine type SurfaceForm => machine type WikidataEntity
Rule_4897	?a name ?d ?d type SurfaceForm => ?a type WikidataEntity	enoximone name enoximone | enoximone type SurfaceForm => enoximone type WikidataEntity
Rule_4897	?a name ?d ?d type SurfaceForm => ?a type WikidataEntity	434 name 434 | 434 type SurfaceForm => 434 type WikidataEntity
Rule_4897	?a name ?d ?d type SurfaceForm => ?a type WikidataEntity	spice name spice | spice type SurfaceForm => spice type WikidataEntity
Rule_4897	?a name ?d ?d type SurfaceForm => ?a type WikidataEntity	neurosurgery name neurosurgery | neurosurgery type SurfaceForm => neurosurgery type WikidataEntity
Rule_4897	?a name ?d ?d type SurfaceForm => ?a type WikidataEntity	hydrocodone name hydrocodone | hydrocodone type SurfaceForm => hydrocodone type WikidataEntity
Rule_4897	?a name ?d ?d type SurfaceForm => ?a type WikidataEntity	alclometasone name alclometasone | alclometasone type SurfaceForm => alclometasone type WikidataEntity
Rule_4897	?a name ?d ?d type SurfaceForm => ?a type WikidataEntity	cephalexin name cephalexin | cephalexin type SurfaceForm => cephalexin type WikidataEntity
Rule_4897	?a name ?d ?d type SurfaceForm => ?a type WikidataEntity	sucralfate name sucralfate | sucralfate type SurfaceForm => sucralfate type WikidataEntity
Rule_4897	?a name ?d ?d type SurfaceForm => ?a type WikidataEntity	nortriptyline name nortriptyline | nortriptyline type SurfaceForm => nortriptyline type WikidataEntity
Rule_4897	?a name ?d ?d type SurfaceForm => ?a type WikidataEntity	(RS)-methadone name (RS)-methadone | (RS)-methadone type SurfaceForm => (RS)-methadone type WikidataEntity
Rule_4897	?a name ?d ?d type SurfaceForm => ?a type WikidataEntity	oxymetholone name oxymetholone | oxymetholone type SurfaceForm => oxymetholone type WikidataEntity
Rule_4897	?a name ?d ?d type SurfaceForm => ?a type WikidataEntity	childbirth name childbirth | childbirth type SurfaceForm => childbirth type WikidataEntity
Rule_4897	?a name ?d ?d type SurfaceForm => ?a type WikidataEntity	position name position | position type SurfaceForm => position type WikidataEntity
Rule_4897	?a name ?d ?d type SurfaceForm => ?a type WikidataEntity	human name human | human type SurfaceForm => human type WikidataEntity
Rule_4897	?a name ?d ?d type SurfaceForm => ?a type WikidataEntity	mechanism name mechanism | mechanism type SurfaceForm => mechanism type WikidataEntity
Rule_4897	?a name ?d ?d type SurfaceForm => ?a type WikidataEntity	hydromorphone name hydromorphone | hydromorphone type SurfaceForm => hydromorphone type WikidataEntity
Rule_4897	?a name ?d ?d type SurfaceForm => ?a type WikidataEntity	otamixaban name otamixaban | otamixaban type SurfaceForm => otamixaban type WikidataEntity
Rule_4897	?a name ?d ?d type SurfaceForm => ?a type WikidataEntity	antipyrine name antipyrine | antipyrine type SurfaceForm => antipyrine type WikidataEntity
Rule_4897	?a name ?d ?d type SurfaceForm => ?a type WikidataEntity	intoxication name intoxication | intoxication type SurfaceForm => intoxication type WikidataEntity
Rule_4897	?a name ?d ?d type SurfaceForm => ?a type WikidataEntity	difficulty name difficulty | difficulty type SurfaceForm => difficulty type WikidataEntity
Rule_4897	?a name ?d ?d type SurfaceForm => ?a type WikidataEntity	exertion name exertion | exertion type SurfaceForm => exertion type WikidataEntity
Rule_4897	?a name ?d ?d type SurfaceForm => ?a type WikidataEntity	catecholamine name catecholamine | catecholamine type SurfaceForm => catecholamine type WikidataEntity
Rule_4897	?a name ?d ?d type SurfaceForm => ?a type WikidataEntity	distigmine name distigmine | distigmine type SurfaceForm => distigmine type WikidataEntity
Rule_4897	?a name ?d ?d type SurfaceForm => ?a type WikidataEntity	optimization name optimization | optimization type SurfaceForm => optimization type WikidataEntity
Rule_4897	?a name ?d ?d type SurfaceForm => ?a type WikidataEntity	dextromoramide name dextromoramide | dextromoramide type SurfaceForm => dextromoramide type WikidataEntity
Rule_4897	?a name ?d ?d type SurfaceForm => ?a type WikidataEntity	fibrate name fibrate | fibrate type SurfaceForm => fibrate type WikidataEntity
Rule_4897	?a name ?d ?d type SurfaceForm => ?a type WikidataEntity	ezetimibe name ezetimibe | ezetimibe type SurfaceForm => ezetimibe type WikidataEntity
Rule_4897	?a name ?d ?d type SurfaceForm => ?a type WikidataEntity	bisphenol name bisphenol | bisphenol type SurfaceForm => bisphenol type WikidataEntity
Rule_4897	?a name ?d ?d type SurfaceForm => ?a type WikidataEntity	biomolecule name biomolecule | biomolecule type SurfaceForm => biomolecule type WikidataEntity
Rule_4897	?a name ?d ?d type SurfaceForm => ?a type WikidataEntity	aldehydes name aldehydes | aldehydes type SurfaceForm => aldehydes type WikidataEntity
Rule_4897	?a name ?d ?d type SurfaceForm => ?a type WikidataEntity	defibrillator name defibrillator | defibrillator type SurfaceForm => defibrillator type WikidataEntity
Rule_4897	?a name ?d ?d type SurfaceForm => ?a type WikidataEntity	bunolol name bunolol | bunolol type SurfaceForm => bunolol type WikidataEntity
Rule_4897	?a name ?d ?d type SurfaceForm => ?a type WikidataEntity	service name service | service type SurfaceForm => service type WikidataEntity
Rule_4897	?a name ?d ?d type SurfaceForm => ?a type WikidataEntity	relative name relative | relative type SurfaceForm => relative type WikidataEntity
Rule_4897	?a name ?d ?d type SurfaceForm => ?a type WikidataEntity	felbamate name felbamate | felbamate type SurfaceForm => felbamate type WikidataEntity
Rule_4897	?a name ?d ?d type SurfaceForm => ?a type WikidataEntity	state name state | state type SurfaceForm => state type WikidataEntity
Rule_4897	?a name ?d ?d type SurfaceForm => ?a type WikidataEntity	turbomachinery name turbomachinery | turbomachinery type SurfaceForm => turbomachinery type WikidataEntity
Rule_4897	?a name ?d ?d type SurfaceForm => ?a type WikidataEntity	domain name domain | domain type SurfaceForm => domain type WikidataEntity
Rule_4897	?a name ?d ?d type SurfaceForm => ?a type WikidataEntity	hypothyroidism name hypothyroidism | hypothyroidism type SurfaceForm => hypothyroidism type WikidataEntity
Rule_4897	?a name ?d ?d type SurfaceForm => ?a type WikidataEntity	norepinephrine name norepinephrine | norepinephrine type SurfaceForm => norepinephrine type WikidataEntity
Rule_4897	?a name ?d ?d type SurfaceForm => ?a type WikidataEntity	Wissenschaft name Wissenschaft | Wissenschaft type SurfaceForm => Wissenschaft type WikidataEntity
Rule_4897	?a name ?d ?d type SurfaceForm => ?a type WikidataEntity	cilazapril name cilazapril | cilazapril type SurfaceForm => cilazapril type WikidataEntity
Rule_4897	?a name ?d ?d type SurfaceForm => ?a type WikidataEntity	ethinamate name ethinamate | ethinamate type SurfaceForm => ethinamate type WikidataEntity
Rule_4897	?a name ?d ?d type SurfaceForm => ?a type WikidataEntity	bathing name bathing | bathing type SurfaceForm => bathing type WikidataEntity
Rule_4897	?a name ?d ?d type SurfaceForm => ?a type WikidataEntity	indigestion name indigestion | indigestion type SurfaceForm => indigestion type WikidataEntity
Rule_4897	?a name ?d ?d type SurfaceForm => ?a type WikidataEntity	articaine name articaine | articaine type SurfaceForm => articaine type WikidataEntity
Rule_4897	?a name ?d ?d type SurfaceForm => ?a type WikidataEntity	sacubitril/valsartan name sacubitril/valsartan | sacubitril/valsartan type SurfaceForm => sacubitril/valsartan type WikidataEntity
Rule_4897	?a name ?d ?d type SurfaceForm => ?a type WikidataEntity	adefovir name adefovir | adefovir type SurfaceForm => adefovir type WikidataEntity
Rule_4897	?a name ?d ?d type SurfaceForm => ?a type WikidataEntity	micronutrient name micronutrient | micronutrient type SurfaceForm => micronutrient type WikidataEntity
Rule_4897	?a name ?d ?d type SurfaceForm => ?a type WikidataEntity	DL-propoxyphene name DL-propoxyphene | DL-propoxyphene type SurfaceForm => DL-propoxyphene type WikidataEntity
Rule_4897	?a name ?d ?d type SurfaceForm => ?a type WikidataEntity	perindoprilat name perindoprilat | perindoprilat type SurfaceForm => perindoprilat type WikidataEntity
Rule_4897	?a name ?d ?d type SurfaceForm => ?a type WikidataEntity	release name release | release type SurfaceForm => release type WikidataEntity
Rule_4897	?a name ?d ?d type SurfaceForm => ?a type WikidataEntity	haloalkane name haloalkane | haloalkane type SurfaceForm => haloalkane type WikidataEntity
Rule_4897	?a name ?d ?d type SurfaceForm => ?a type WikidataEntity	vein name vein | vein type SurfaceForm => vein type WikidataEntity
Rule_4897	?a name ?d ?d type SurfaceForm => ?a type WikidataEntity	head name head | head type SurfaceForm => head type WikidataEntity
Rule_4897	?a name ?d ?d type SurfaceForm => ?a type WikidataEntity	workload name workload | workload type SurfaceForm => workload type WikidataEntity
Rule_4897	?a name ?d ?d type SurfaceForm => ?a type WikidataEntity	genealogy name genealogy | genealogy type SurfaceForm => genealogy type WikidataEntity
Rule_4897	?a name ?d ?d type SurfaceForm => ?a type WikidataEntity	beneficiary name beneficiary | beneficiary type SurfaceForm => beneficiary type WikidataEntity
Rule_4897	?a name ?d ?d type SurfaceForm => ?a type WikidataEntity	levocetirizine name levocetirizine | levocetirizine type SurfaceForm => levocetirizine type WikidataEntity
Rule_4897	?a name ?d ?d type SurfaceForm => ?a type WikidataEntity	cardanolides name cardanolides | cardanolides type SurfaceForm => cardanolides type WikidataEntity
Rule_4897	?a name ?d ?d type SurfaceForm => ?a type WikidataEntity	hyperkeratosis name hyperkeratosis | hyperkeratosis type SurfaceForm => hyperkeratosis type WikidataEntity
Rule_4897	?a name ?d ?d type SurfaceForm => ?a type WikidataEntity	quotient name quotient | quotient type SurfaceForm => quotient type WikidataEntity
Rule_4897	?a name ?d ?d type SurfaceForm => ?a type WikidataEntity	bradycardia name bradycardia | bradycardia type SurfaceForm => bradycardia type WikidataEntity
Rule_4897	?a name ?d ?d type SurfaceForm => ?a type WikidataEntity	pegloticase name pegloticase | pegloticase type SurfaceForm => pegloticase type WikidataEntity
Rule_4897	?a name ?d ?d type SurfaceForm => ?a type WikidataEntity	written name written | written type SurfaceForm => written type WikidataEntity
Rule_4897	?a name ?d ?d type SurfaceForm => ?a type WikidataEntity	opotherapy name opotherapy | opotherapy type SurfaceForm => opotherapy type WikidataEntity
Rule_4897	?a name ?d ?d type SurfaceForm => ?a type WikidataEntity	character name character | character type SurfaceForm => character type WikidataEntity
Rule_4897	?a name ?d ?d type SurfaceForm => ?a type WikidataEntity	glycosaminoglycan name glycosaminoglycan | glycosaminoglycan type SurfaceForm => glycosaminoglycan type WikidataEntity
Rule_4897	?a name ?d ?d type SurfaceForm => ?a type WikidataEntity	overweight name overweight | overweight type SurfaceForm => overweight type WikidataEntity
Rule_4897	?a name ?d ?d type SurfaceForm => ?a type WikidataEntity	technique name technique | technique type SurfaceForm => technique type WikidataEntity
Rule_4897	?a name ?d ?d type SurfaceForm => ?a type WikidataEntity	solitude name solitude | solitude type SurfaceForm => solitude type WikidataEntity
Rule_4897	?a name ?d ?d type SurfaceForm => ?a type WikidataEntity	dysproteinemia name dysproteinemia | dysproteinemia type SurfaceForm => dysproteinemia type WikidataEntity
Rule_4897	?a name ?d ?d type SurfaceForm => ?a type WikidataEntity	Phanurane name Phanurane | Phanurane type SurfaceForm => Phanurane type WikidataEntity
Rule_4897	?a name ?d ?d type SurfaceForm => ?a type WikidataEntity	complete name complete | complete type SurfaceForm => complete type WikidataEntity
Rule_4897	?a name ?d ?d type SurfaceForm => ?a type WikidataEntity	dipyridamole name dipyridamole | dipyridamole type SurfaceForm => dipyridamole type WikidataEntity
Rule_4897	?a name ?d ?d type SurfaceForm => ?a type WikidataEntity	prednicarbate name prednicarbate | prednicarbate type SurfaceForm => prednicarbate type WikidataEntity
Rule_4897	?a name ?d ?d type SurfaceForm => ?a type WikidataEntity	grammeme name grammeme | grammeme type SurfaceForm => grammeme type WikidataEntity
Rule_4897	?a name ?d ?d type SurfaceForm => ?a type WikidataEntity	1 name 1 | 1 type SurfaceForm => 1 type WikidataEntity
Rule_4897	?a name ?d ?d type SurfaceForm => ?a type WikidataEntity	association name association | association type SurfaceForm => association type WikidataEntity
Rule_4897	?a name ?d ?d type SurfaceForm => ?a type WikidataEntity	nilotinib name nilotinib | nilotinib type SurfaceForm => nilotinib type WikidataEntity
Rule_4897	?a name ?d ?d type SurfaceForm => ?a type WikidataEntity	fraction name fraction | fraction type SurfaceForm => fraction type WikidataEntity
Rule_4897	?a name ?d ?d type SurfaceForm => ?a type WikidataEntity	agenesis name agenesis | agenesis type SurfaceForm => agenesis type WikidataEntity
Rule_4897	?a name ?d ?d type SurfaceForm => ?a type WikidataEntity	Cefotetan name Cefotetan | Cefotetan type SurfaceForm => Cefotetan type WikidataEntity
Rule_4897	?a name ?d ?d type SurfaceForm => ?a type WikidataEntity	trifluridine name trifluridine | trifluridine type SurfaceForm => trifluridine type WikidataEntity
Rule_4897	?a name ?d ?d type SurfaceForm => ?a type WikidataEntity	coordination name coordination | coordination type SurfaceForm => coordination type WikidataEntity
Rule_4897	?a name ?d ?d type SurfaceForm => ?a type WikidataEntity	physiotherapist name physiotherapist | physiotherapist type SurfaceForm => physiotherapist type WikidataEntity
Rule_4897	?a name ?d ?d type SurfaceForm => ?a type WikidataEntity	aprepitant name aprepitant | aprepitant type SurfaceForm => aprepitant type WikidataEntity
Rule_4897	?a name ?d ?d type SurfaceForm => ?a type WikidataEntity	gemcitabine name gemcitabine | gemcitabine type SurfaceForm => gemcitabine type WikidataEntity
Rule_4897	?a name ?d ?d type SurfaceForm => ?a type WikidataEntity	patent name patent | patent type SurfaceForm => patent type WikidataEntity
Rule_4897	?a name ?d ?d type SurfaceForm => ?a type WikidataEntity	chlorobenzene name chlorobenzene | chlorobenzene type SurfaceForm => chlorobenzene type WikidataEntity
Rule_4897	?a name ?d ?d type SurfaceForm => ?a type WikidataEntity	(RS)-azemiglitazone name (RS)-azemiglitazone | (RS)-azemiglitazone type SurfaceForm => (RS)-azemiglitazone type WikidataEntity
Rule_4897	?a name ?d ?d type SurfaceForm => ?a type WikidataEntity	communication name communication | communication type SurfaceForm => communication type WikidataEntity
Rule_4897	?a name ?d ?d type SurfaceForm => ?a type WikidataEntity	irbesartan name irbesartan | irbesartan type SurfaceForm => irbesartan type WikidataEntity
Rule_4897	?a name ?d ?d type SurfaceForm => ?a type WikidataEntity	norethisterone name norethisterone | norethisterone type SurfaceForm => norethisterone type WikidataEntity
Rule_4897	?a name ?d ?d type SurfaceForm => ?a type WikidataEntity	liraglutide name liraglutide | liraglutide type SurfaceForm => liraglutide type WikidataEntity
Rule_4897	?a name ?d ?d type SurfaceForm => ?a type WikidataEntity	periodical name periodical | periodical type SurfaceForm => periodical type WikidataEntity
Rule_4897	?a name ?d ?d type SurfaceForm => ?a type WikidataEntity	cluster name cluster | cluster type SurfaceForm => cluster type WikidataEntity
Rule_4897	?a name ?d ?d type SurfaceForm => ?a type WikidataEntity	polymyxins name polymyxins | polymyxins type SurfaceForm => polymyxins type WikidataEntity
Rule_4897	?a name ?d ?d type SurfaceForm => ?a type WikidataEntity	somatrem name somatrem | somatrem type SurfaceForm => somatrem type WikidataEntity
Rule_4897	?a name ?d ?d type SurfaceForm => ?a type WikidataEntity	tacrolimus name tacrolimus | tacrolimus type SurfaceForm => tacrolimus type WikidataEntity
Rule_4897	?a name ?d ?d type SurfaceForm => ?a type WikidataEntity	function name function | function type SurfaceForm => function type WikidataEntity
Rule_4897	?a name ?d ?d type SurfaceForm => ?a type WikidataEntity	cognition name cognition | cognition type SurfaceForm => cognition type WikidataEntity
Rule_4897	?a name ?d ?d type SurfaceForm => ?a type WikidataEntity	iron name iron | iron type SurfaceForm => iron type WikidataEntity
Rule_4897	?a name ?d ?d type SurfaceForm => ?a type WikidataEntity	epidemiology name epidemiology | epidemiology type SurfaceForm => epidemiology type WikidataEntity
Rule_4897	?a name ?d ?d type SurfaceForm => ?a type WikidataEntity	unit name unit | unit type SurfaceForm => unit type WikidataEntity
Rule_4897	?a name ?d ?d type SurfaceForm => ?a type WikidataEntity	color name color | color type SurfaceForm => color type WikidataEntity
Rule_4897	?a name ?d ?d type SurfaceForm => ?a type WikidataEntity	prilocaine name prilocaine | prilocaine type SurfaceForm => prilocaine type WikidataEntity
Rule_4897	?a name ?d ?d type SurfaceForm => ?a type WikidataEntity	mirtazapine name mirtazapine | mirtazapine type SurfaceForm => mirtazapine type WikidataEntity
Rule_4897	?a name ?d ?d type SurfaceForm => ?a type WikidataEntity	scintigraphy name scintigraphy | scintigraphy type SurfaceForm => scintigraphy type WikidataEntity
Rule_4897	?a name ?d ?d type SurfaceForm => ?a type WikidataEntity	insomnia name insomnia | insomnia type SurfaceForm => insomnia type WikidataEntity
Rule_4897	?a name ?d ?d type SurfaceForm => ?a type WikidataEntity	valsartan name valsartan | valsartan type SurfaceForm => valsartan type WikidataEntity
Rule_4897	?a name ?d ?d type SurfaceForm => ?a type WikidataEntity	thioridazine name thioridazine | thioridazine type SurfaceForm => thioridazine type WikidataEntity
Rule_4897	?a name ?d ?d type SurfaceForm => ?a type WikidataEntity	ageusia name ageusia | ageusia type SurfaceForm => ageusia type WikidataEntity
Rule_4897	?a name ?d ?d type SurfaceForm => ?a type WikidataEntity	nursing name nursing | nursing type SurfaceForm => nursing type WikidataEntity
Rule_4897	?a name ?d ?d type SurfaceForm => ?a type WikidataEntity	single name single | single type SurfaceForm => single type WikidataEntity
Rule_4897	?a name ?d ?d type SurfaceForm => ?a type WikidataEntity	sensitivity name sensitivity | sensitivity type SurfaceForm => sensitivity type WikidataEntity
Rule_4897	?a name ?d ?d type SurfaceForm => ?a type WikidataEntity	centrism name centrism | centrism type SurfaceForm => centrism type WikidataEntity
Rule_4897	?a name ?d ?d type SurfaceForm => ?a type WikidataEntity	cyamemazine name cyamemazine | cyamemazine type SurfaceForm => cyamemazine type WikidataEntity
Rule_4897	?a name ?d ?d type SurfaceForm => ?a type WikidataEntity	myofilament name myofilament | myofilament type SurfaceForm => myofilament type WikidataEntity
Rule_4897	?a name ?d ?d type SurfaceForm => ?a type WikidataEntity	roentgenology name roentgenology | roentgenology type SurfaceForm => roentgenology type WikidataEntity
Rule_4897	?a name ?d ?d type SurfaceForm => ?a type WikidataEntity	spirit name spirit | spirit type SurfaceForm => spirit type WikidataEntity
Rule_4897	?a name ?d ?d type SurfaceForm => ?a type WikidataEntity	scale name scale | scale type SurfaceForm => scale type WikidataEntity
Rule_4897	?a name ?d ?d type SurfaceForm => ?a type WikidataEntity	audiology name audiology | audiology type SurfaceForm => audiology type WikidataEntity
Rule_4897	?a name ?d ?d type SurfaceForm => ?a type WikidataEntity	diazoles name diazoles | diazoles type SurfaceForm => diazoles type WikidataEntity
Rule_4897	?a name ?d ?d type SurfaceForm => ?a type WikidataEntity	propionate name propionate | propionate type SurfaceForm => propionate type WikidataEntity
Rule_4897	?a name ?d ?d type SurfaceForm => ?a type WikidataEntity	levofloxacin name levofloxacin | levofloxacin type SurfaceForm => levofloxacin type WikidataEntity
Rule_4897	?a name ?d ?d type SurfaceForm => ?a type WikidataEntity	fever name fever | fever type SurfaceForm => fever type WikidataEntity
Rule_4897	?a name ?d ?d type SurfaceForm => ?a type WikidataEntity	amlodipine/benazepril name amlodipine/benazepril | amlodipine/benazepril type SurfaceForm => amlodipine/benazepril type WikidataEntity
Rule_4897	?a name ?d ?d type SurfaceForm => ?a type WikidataEntity	fat name fat | fat type SurfaceForm => fat type WikidataEntity
Rule_4897	?a name ?d ?d type SurfaceForm => ?a type WikidataEntity	angiography name angiography | angiography type SurfaceForm => angiography type WikidataEntity
Rule_4897	?a name ?d ?d type SurfaceForm => ?a type WikidataEntity	echocardiogram name echocardiogram | echocardiogram type SurfaceForm => echocardiogram type WikidataEntity
Rule_4897	?a name ?d ?d type SurfaceForm => ?a type WikidataEntity	tiebreaker name tiebreaker | tiebreaker type SurfaceForm => tiebreaker type WikidataEntity
Rule_4897	?a name ?d ?d type SurfaceForm => ?a type WikidataEntity	dabrafenib name dabrafenib | dabrafenib type SurfaceForm => dabrafenib type WikidataEntity
Rule_4897	?a name ?d ?d type SurfaceForm => ?a type WikidataEntity	Systematic name Systematic | Systematic type SurfaceForm => Systematic type WikidataEntity
Rule_4897	?a name ?d ?d type SurfaceForm => ?a type WikidataEntity	butabarbital name butabarbital | butabarbital type SurfaceForm => butabarbital type WikidataEntity
Rule_4897	?a name ?d ?d type SurfaceForm => ?a type WikidataEntity	Q15057490 name Q15057490 | Q15057490 type SurfaceForm => Q15057490 type WikidataEntity
Rule_4897	?a name ?d ?d type SurfaceForm => ?a type WikidataEntity	chlorphentermine name chlorphentermine | chlorphentermine type SurfaceForm => chlorphentermine type WikidataEntity
Rule_4897	?a name ?d ?d type SurfaceForm => ?a type WikidataEntity	carditis name carditis | carditis type SurfaceForm => carditis type WikidataEntity
Rule_4897	?a name ?d ?d type SurfaceForm => ?a type WikidataEntity	antiasthmatic name antiasthmatic | antiasthmatic type SurfaceForm => antiasthmatic type WikidataEntity
Rule_4897	?a name ?d ?d type SurfaceForm => ?a type WikidataEntity	esmirtazapine name esmirtazapine | esmirtazapine type SurfaceForm => esmirtazapine type WikidataEntity
Rule_4897	?a name ?d ?d type SurfaceForm => ?a type WikidataEntity	episode name episode | episode type SurfaceForm => episode type WikidataEntity
Rule_4897	?a name ?d ?d type SurfaceForm => ?a type WikidataEntity	paresthesia name paresthesia | paresthesia type SurfaceForm => paresthesia type WikidataEntity
Rule_4897	?a name ?d ?d type SurfaceForm => ?a type WikidataEntity	alitretinoin name alitretinoin | alitretinoin type SurfaceForm => alitretinoin type WikidataEntity
Rule_4897	?a name ?d ?d type SurfaceForm => ?a type WikidataEntity	Asn-Ser name Asn-Ser | Asn-Ser type SurfaceForm => Asn-Ser type WikidataEntity
Rule_4897	?a name ?d ?d type SurfaceForm => ?a type WikidataEntity	situation name situation | situation type SurfaceForm => situation type WikidataEntity
Rule_4897	?a name ?d ?d type SurfaceForm => ?a type WikidataEntity	rofecoxib name rofecoxib | rofecoxib type SurfaceForm => rofecoxib type WikidataEntity
Rule_4897	?a name ?d ?d type SurfaceForm => ?a type WikidataEntity	Topisolon name Topisolon | Topisolon type SurfaceForm => Topisolon type WikidataEntity
Rule_4897	?a name ?d ?d type SurfaceForm => ?a type WikidataEntity	bactericide name bactericide | bactericide type SurfaceForm => bactericide type WikidataEntity
Rule_4897	?a name ?d ?d type SurfaceForm => ?a type WikidataEntity	peptide name peptide | peptide type SurfaceForm => peptide type WikidataEntity
Rule_4897	?a name ?d ?d type SurfaceForm => ?a type WikidataEntity	electrolyte name electrolyte | electrolyte type SurfaceForm => electrolyte type WikidataEntity
Rule_4897	?a name ?d ?d type SurfaceForm => ?a type WikidataEntity	(RS)-citalopram name (RS)-citalopram | (RS)-citalopram type SurfaceForm => (RS)-citalopram type WikidataEntity
Rule_4897	?a name ?d ?d type SurfaceForm => ?a type WikidataEntity	cardiology name cardiology | cardiology type SurfaceForm => cardiology type WikidataEntity
Rule_4897	?a name ?d ?d type SurfaceForm => ?a type WikidataEntity	DL-ofloxacin name DL-ofloxacin | DL-ofloxacin type SurfaceForm => DL-ofloxacin type WikidataEntity
Rule_4897	?a name ?d ?d type SurfaceForm => ?a type WikidataEntity	thiazide name thiazide | thiazide type SurfaceForm => thiazide type WikidataEntity
Rule_4897	?a name ?d ?d type SurfaceForm => ?a type WikidataEntity	glenvastatin name glenvastatin | glenvastatin type SurfaceForm => glenvastatin type WikidataEntity
Rule_4897	?a name ?d ?d type SurfaceForm => ?a type WikidataEntity	tiotropium name tiotropium | tiotropium type SurfaceForm => tiotropium type WikidataEntity
Rule_4897	?a name ?d ?d type SurfaceForm => ?a type WikidataEntity	leflunomide name leflunomide | leflunomide type SurfaceForm => leflunomide type WikidataEntity
Rule_4897	?a name ?d ?d type SurfaceForm => ?a type WikidataEntity	benzphetamine name benzphetamine | benzphetamine type SurfaceForm => benzphetamine type WikidataEntity
Rule_4897	?a name ?d ?d type SurfaceForm => ?a type WikidataEntity	fibrillation name fibrillation | fibrillation type SurfaceForm => fibrillation type WikidataEntity
Rule_4897	?a name ?d ?d type SurfaceForm => ?a type WikidataEntity	force name force | force type SurfaceForm => force type WikidataEntity
Rule_4897	?a name ?d ?d type SurfaceForm => ?a type WikidataEntity	neurologist name neurologist | neurologist type SurfaceForm => neurologist type WikidataEntity
Rule_4897	?a name ?d ?d type SurfaceForm => ?a type WikidataEntity	shock name shock | shock type SurfaceForm => shock type WikidataEntity
Rule_4897	?a name ?d ?d type SurfaceForm => ?a type WikidataEntity	cidoxepin name cidoxepin | cidoxepin type SurfaceForm => cidoxepin type WikidataEntity
Rule_4897	?a name ?d ?d type SurfaceForm => ?a type WikidataEntity	glycoside name glycoside | glycoside type SurfaceForm => glycoside type WikidataEntity
Rule_4897	?a name ?d ?d type SurfaceForm => ?a type WikidataEntity	melphalan name melphalan | melphalan type SurfaceForm => melphalan type WikidataEntity
Rule_4897	?a name ?d ?d type SurfaceForm => ?a type WikidataEntity	ergotamine name ergotamine | ergotamine type SurfaceForm => ergotamine type WikidataEntity
Rule_4897	?a name ?d ?d type SurfaceForm => ?a type WikidataEntity	atenolol name atenolol | atenolol type SurfaceForm => atenolol type WikidataEntity
Rule_4897	?a name ?d ?d type SurfaceForm => ?a type WikidataEntity	age name age | age type SurfaceForm => age type WikidataEntity
Rule_4897	?a name ?d ?d type SurfaceForm => ?a type WikidataEntity	lepirudin name lepirudin | lepirudin type SurfaceForm => lepirudin type WikidataEntity
Rule_4897	?a name ?d ?d type SurfaceForm => ?a type WikidataEntity	diphenoxylate name diphenoxylate | diphenoxylate type SurfaceForm => diphenoxylate type WikidataEntity
Rule_4897	?a name ?d ?d type SurfaceForm => ?a type WikidataEntity	canagliflozin name canagliflozin | canagliflozin type SurfaceForm => canagliflozin type WikidataEntity
Rule_4897	?a name ?d ?d type SurfaceForm => ?a type WikidataEntity	tranquilizer name tranquilizer | tranquilizer type SurfaceForm => tranquilizer type WikidataEntity
Rule_4897	?a name ?d ?d type SurfaceForm => ?a type WikidataEntity	licorice name licorice | licorice type SurfaceForm => licorice type WikidataEntity
Rule_4897	?a name ?d ?d type SurfaceForm => ?a type WikidataEntity	depressant name depressant | depressant type SurfaceForm => depressant type WikidataEntity
Rule_4897	?a name ?d ?d type SurfaceForm => ?a type WikidataEntity	transplantation name transplantation | transplantation type SurfaceForm => transplantation type WikidataEntity
Rule_4897	?a name ?d ?d type SurfaceForm => ?a type WikidataEntity	compliance name compliance | compliance type SurfaceForm => compliance type WikidataEntity
Rule_4897	?a name ?d ?d type SurfaceForm => ?a type WikidataEntity	secosteroid name secosteroid | secosteroid type SurfaceForm => secosteroid type WikidataEntity
Rule_4897	?a name ?d ?d type SurfaceForm => ?a type WikidataEntity	system name system | system type SurfaceForm => system type WikidataEntity
Rule_4897	?a name ?d ?d type SurfaceForm => ?a type WikidataEntity	electrocardiogram name electrocardiogram | electrocardiogram type SurfaceForm => electrocardiogram type WikidataEntity
Rule_4897	?a name ?d ?d type SurfaceForm => ?a type WikidataEntity	access name access | access type SurfaceForm => access type WikidataEntity
Rule_4897	?a name ?d ?d type SurfaceForm => ?a type WikidataEntity	(RS)-bendroflumethiazide name (RS)-bendroflumethiazide | (RS)-bendroflumethiazide type SurfaceForm => (RS)-bendroflumethiazide type WikidataEntity
Rule_4897	?a name ?d ?d type SurfaceForm => ?a type WikidataEntity	benzodioxoles name benzodioxoles | benzodioxoles type SurfaceForm => benzodioxoles type WikidataEntity
Rule_4897	?a name ?d ?d type SurfaceForm => ?a type WikidataEntity	salmeterol name salmeterol | salmeterol type SurfaceForm => salmeterol type WikidataEntity
Rule_4897	?a name ?d ?d type SurfaceForm => ?a type WikidataEntity	cataract name cataract | cataract type SurfaceForm => cataract type WikidataEntity
Rule_4897	?a name ?d ?d type SurfaceForm => ?a type WikidataEntity	inherant name inherant | inherant type SurfaceForm => inherant type WikidataEntity
Rule_4897	?a name ?d ?d type SurfaceForm => ?a type WikidataEntity	piperidine name piperidine | piperidine type SurfaceForm => piperidine type WikidataEntity
Rule_4897	?a name ?d ?d type SurfaceForm => ?a type WikidataEntity	hemofiltration name hemofiltration | hemofiltration type SurfaceForm => hemofiltration type WikidataEntity
Rule_4897	?a name ?d ?d type SurfaceForm => ?a type WikidataEntity	hexocyclium name hexocyclium | hexocyclium type SurfaceForm => hexocyclium type WikidataEntity
Rule_4897	?a name ?d ?d type SurfaceForm => ?a type WikidataEntity	(2r)-2-(3,4-Dihydroxyphenyl)-3,5,7-trihydroxy-2,3-dihydro-4h-chromen-4-one name (2r)-2-(3,4-Dihydroxyphenyl)-3,5,7-trihydroxy-2,3-dihydro-4h-chromen-4-one | (2r)-2-(3,4-Dihydroxyphenyl)-3,5,7-trihydroxy-2,3-dihydro-4h-chromen-4-one type SurfaceForm => (2r)-2-(3,4-Dihydroxyphenyl)-3,5,7-trihydroxy-2,3-dihydro-4h-chromen-4-one type WikidataEntity
Rule_4897	?a name ?d ?d type SurfaceForm => ?a type WikidataEntity	antithrombotic name antithrombotic | antithrombotic type SurfaceForm => antithrombotic type WikidataEntity
Rule_4897	?a name ?d ?d type SurfaceForm => ?a type WikidataEntity	linezolid name linezolid | linezolid type SurfaceForm => linezolid type WikidataEntity
Rule_4897	?a name ?d ?d type SurfaceForm => ?a type WikidataEntity	myalgia name myalgia | myalgia type SurfaceForm => myalgia type WikidataEntity
Rule_4897	?a name ?d ?d type SurfaceForm => ?a type WikidataEntity	felodipine name felodipine | felodipine type SurfaceForm => felodipine type WikidataEntity
Rule_4897	?a name ?d ?d type SurfaceForm => ?a type WikidataEntity	tetrahydrocannabinol name tetrahydrocannabinol | tetrahydrocannabinol type SurfaceForm => tetrahydrocannabinol type WikidataEntity
Rule_4897	?a name ?d ?d type SurfaceForm => ?a type WikidataEntity	appliance name appliance | appliance type SurfaceForm => appliance type WikidataEntity
Rule_4897	?a name ?d ?d type SurfaceForm => ?a type WikidataEntity	neuropathy name neuropathy | neuropathy type SurfaceForm => neuropathy type WikidataEntity
Rule_4897	?a name ?d ?d type SurfaceForm => ?a type WikidataEntity	anorexia name anorexia | anorexia type SurfaceForm => anorexia type WikidataEntity
Rule_4897	?a name ?d ?d type SurfaceForm => ?a type WikidataEntity	facility name facility | facility type SurfaceForm => facility type WikidataEntity
Rule_4897	?a name ?d ?d type SurfaceForm => ?a type WikidataEntity	sulfabromomethazine name sulfabromomethazine | sulfabromomethazine type SurfaceForm => sulfabromomethazine type WikidataEntity
Rule_4897	?a name ?d ?d type SurfaceForm => ?a type WikidataEntity	voting name voting | voting type SurfaceForm => voting type WikidataEntity
Rule_4897	?a name ?d ?d type SurfaceForm => ?a type WikidataEntity	benzocycloheptenes name benzocycloheptenes | benzocycloheptenes type SurfaceForm => benzocycloheptenes type WikidataEntity
Rule_4897	?a name ?d ?d type SurfaceForm => ?a type WikidataEntity	nilvadipine name nilvadipine | nilvadipine type SurfaceForm => nilvadipine type WikidataEntity
Rule_4897	?a name ?d ?d type SurfaceForm => ?a type WikidataEntity	Q11548051 name Q11548051 | Q11548051 type SurfaceForm => Q11548051 type WikidataEntity
Rule_4897	?a name ?d ?d type SurfaceForm => ?a type WikidataEntity	dexpropranolol name dexpropranolol | dexpropranolol type SurfaceForm => dexpropranolol type WikidataEntity
Rule_4897	?a name ?d ?d type SurfaceForm => ?a type WikidataEntity	investigation name investigation | investigation type SurfaceForm => investigation type WikidataEntity
Rule_4897	?a name ?d ?d type SurfaceForm => ?a type WikidataEntity	(+)-norephedrin name (+)-norephedrin | (+)-norephedrin type SurfaceForm => (+)-norephedrin type WikidataEntity
Rule_4897	?a name ?d ?d type SurfaceForm => ?a type WikidataEntity	rank name rank | rank type SurfaceForm => rank type WikidataEntity
Rule_4897	?a name ?d ?d type SurfaceForm => ?a type WikidataEntity	HeartScore name HeartScore | HeartScore type SurfaceForm => HeartScore type WikidataEntity
Rule_4897	?a name ?d ?d type SurfaceForm => ?a type WikidataEntity	chloroquine name chloroquine | chloroquine type SurfaceForm => chloroquine type WikidataEntity
Rule_4897	?a name ?d ?d type SurfaceForm => ?a type WikidataEntity	colistimethate name colistimethate | colistimethate type SurfaceForm => colistimethate type WikidataEntity
Rule_4897	?a name ?d ?d type SurfaceForm => ?a type WikidataEntity	metadata name metadata | metadata type SurfaceForm => metadata type WikidataEntity
Rule_4897	?a name ?d ?d type SurfaceForm => ?a type WikidataEntity	ixazomib name ixazomib | ixazomib type SurfaceForm => ixazomib type WikidataEntity
Rule_4897	?a name ?d ?d type SurfaceForm => ?a type WikidataEntity	colestyramine name colestyramine | colestyramine type SurfaceForm => colestyramine type WikidataEntity
Rule_4897	?a name ?d ?d type SurfaceForm => ?a type WikidataEntity	patient name patient | patient type SurfaceForm => patient type WikidataEntity
Rule_4897	?a name ?d ?d type SurfaceForm => ?a type WikidataEntity	jaundice name jaundice | jaundice type SurfaceForm => jaundice type WikidataEntity
Rule_4897	?a name ?d ?d type SurfaceForm => ?a type WikidataEntity	polythiazide name polythiazide | polythiazide type SurfaceForm => polythiazide type WikidataEntity
Rule_4897	?a name ?d ?d type SurfaceForm => ?a type WikidataEntity	polyphagia name polyphagia | polyphagia type SurfaceForm => polyphagia type WikidataEntity
Rule_4897	?a name ?d ?d type SurfaceForm => ?a type WikidataEntity	glycine name glycine | glycine type SurfaceForm => glycine type WikidataEntity
Rule_4897	?a name ?d ?d type SurfaceForm => ?a type WikidataEntity	loperamide name loperamide | loperamide type SurfaceForm => loperamide type WikidataEntity
Rule_4897	?a name ?d ?d type SurfaceForm => ?a type WikidataEntity	polyneuropathy name polyneuropathy | polyneuropathy type SurfaceForm => polyneuropathy type WikidataEntity
Rule_4897	?a name ?d ?d type SurfaceForm => ?a type WikidataEntity	occurrent name occurrent | occurrent type SurfaceForm => occurrent type WikidataEntity
Rule_4897	?a name ?d ?d type SurfaceForm => ?a type WikidataEntity	Malignancy name Malignancy | Malignancy type SurfaceForm => Malignancy type WikidataEntity
Rule_4897	?a name ?d ?d type SurfaceForm => ?a type WikidataEntity	ibudilast name ibudilast | ibudilast type SurfaceForm => ibudilast type WikidataEntity
Rule_4897	?a name ?d ?d type SurfaceForm => ?a type WikidataEntity	remdesivir name remdesivir | remdesivir type SurfaceForm => remdesivir type WikidataEntity
Rule_4897	?a name ?d ?d type SurfaceForm => ?a type WikidataEntity	perm name perm | perm type SurfaceForm => perm type WikidataEntity
Rule_4897	?a name ?d ?d type SurfaceForm => ?a type WikidataEntity	benzocaine name benzocaine | benzocaine type SurfaceForm => benzocaine type WikidataEntity
Rule_4897	?a name ?d ?d type SurfaceForm => ?a type WikidataEntity	gemfibrozil name gemfibrozil | gemfibrozil type SurfaceForm => gemfibrozil type WikidataEntity
Rule_4897	?a name ?d ?d type SurfaceForm => ?a type WikidataEntity	reprogramming name reprogramming | reprogramming type SurfaceForm => reprogramming type WikidataEntity
Rule_4897	?a name ?d ?d type SurfaceForm => ?a type WikidataEntity	genodermatosis name genodermatosis | genodermatosis type SurfaceForm => genodermatosis type WikidataEntity
Rule_4897	?a name ?d ?d type SurfaceForm => ?a type WikidataEntity	station name station | station type SurfaceForm => station type WikidataEntity
Rule_4897	?a name ?d ?d type SurfaceForm => ?a type WikidataEntity	region name region | region type SurfaceForm => region type WikidataEntity
Rule_4897	?a name ?d ?d type SurfaceForm => ?a type WikidataEntity	lincomycin name lincomycin | lincomycin type SurfaceForm => lincomycin type WikidataEntity
Rule_4897	?a name ?d ?d type SurfaceForm => ?a type WikidataEntity	telemonitoring name telemonitoring | telemonitoring type SurfaceForm => telemonitoring type WikidataEntity
Rule_4897	?a name ?d ?d type SurfaceForm => ?a type WikidataEntity	15min name 15min | 15min type SurfaceForm => 15min type WikidataEntity
Rule_4897	?a name ?d ?d type SurfaceForm => ?a type WikidataEntity	metaraminol name metaraminol | metaraminol type SurfaceForm => metaraminol type WikidataEntity
Rule_4897	?a name ?d ?d type SurfaceForm => ?a type WikidataEntity	angiitis name angiitis | angiitis type SurfaceForm => angiitis type WikidataEntity
Rule_4897	?a name ?d ?d type SurfaceForm => ?a type WikidataEntity	dysfunction name dysfunction | dysfunction type SurfaceForm => dysfunction type WikidataEntity
Rule_4897	?a name ?d ?d type SurfaceForm => ?a type WikidataEntity	tobramycin name tobramycin | tobramycin type SurfaceForm => tobramycin type WikidataEntity
Rule_4897	?a name ?d ?d type SurfaceForm => ?a type WikidataEntity	maculopathy name maculopathy | maculopathy type SurfaceForm => maculopathy type WikidataEntity
Rule_4897	?a name ?d ?d type SurfaceForm => ?a type WikidataEntity	aminoquinoline name aminoquinoline | aminoquinoline type SurfaceForm => aminoquinoline type WikidataEntity
Rule_4897	?a name ?d ?d type SurfaceForm => ?a type WikidataEntity	morphology name morphology | morphology type SurfaceForm => morphology type WikidataEntity
Rule_4897	?a name ?d ?d type SurfaceForm => ?a type WikidataEntity	adapalene name adapalene | adapalene type SurfaceForm => adapalene type WikidataEntity
Rule_4897	?a name ?d ?d type SurfaceForm => ?a type WikidataEntity	increase name increase | increase type SurfaceForm => increase type WikidataEntity
Rule_4897	?a name ?d ?d type SurfaceForm => ?a type WikidataEntity	arthropathy name arthropathy | arthropathy type SurfaceForm => arthropathy type WikidataEntity
Rule_4897	?a name ?d ?d type SurfaceForm => ?a type WikidataEntity	atrophy name atrophy | atrophy type SurfaceForm => atrophy type WikidataEntity
Rule_4897	?a name ?d ?d type SurfaceForm => ?a type WikidataEntity	lyfe name lyfe | lyfe type SurfaceForm => lyfe type WikidataEntity
Rule_4897	?a name ?d ?d type SurfaceForm => ?a type WikidataEntity	sterol name sterol | sterol type SurfaceForm => sterol type WikidataEntity
Rule_4897	?a name ?d ?d type SurfaceForm => ?a type WikidataEntity	disease name disease | disease type SurfaceForm => disease type WikidataEntity
Rule_4897	?a name ?d ?d type SurfaceForm => ?a type WikidataEntity	converter name converter | converter type SurfaceForm => converter type WikidataEntity
Rule_4897	?a name ?d ?d type SurfaceForm => ?a type WikidataEntity	alfentanil name alfentanil | alfentanil type SurfaceForm => alfentanil type WikidataEntity
Rule_4897	?a name ?d ?d type SurfaceForm => ?a type WikidataEntity	treatment name treatment | treatment type SurfaceForm => treatment type WikidataEntity
Rule_4897	?a name ?d ?d type SurfaceForm => ?a type WikidataEntity	ketorolac name ketorolac | ketorolac type SurfaceForm => ketorolac type WikidataEntity
Rule_4897	?a name ?d ?d type SurfaceForm => ?a type WikidataEntity	thiobutabarbital name thiobutabarbital | thiobutabarbital type SurfaceForm => thiobutabarbital type WikidataEntity
Rule_4897	?a name ?d ?d type SurfaceForm => ?a type WikidataEntity	hospice name hospice | hospice type SurfaceForm => hospice type WikidataEntity
Rule_4897	?a name ?d ?d type SurfaceForm => ?a type WikidataEntity	storm name storm | storm type SurfaceForm => storm type WikidataEntity
Rule_4897	?a name ?d ?d type SurfaceForm => ?a type WikidataEntity	luseogliflozin name luseogliflozin | luseogliflozin type SurfaceForm => luseogliflozin type WikidataEntity
Rule_4897	?a name ?d ?d type SurfaceForm => ?a type WikidataEntity	17-methylmorphinan-3-ol name 17-methylmorphinan-3-ol | 17-methylmorphinan-3-ol type SurfaceForm => 17-methylmorphinan-3-ol type WikidataEntity
Rule_4897	?a name ?d ?d type SurfaceForm => ?a type WikidataEntity	ebrotidine name ebrotidine | ebrotidine type SurfaceForm => ebrotidine type WikidataEntity
Rule_4897	?a name ?d ?d type SurfaceForm => ?a type WikidataEntity	domperidone name domperidone | domperidone type SurfaceForm => domperidone type WikidataEntity
Rule_4897	?a name ?d ?d type SurfaceForm => ?a type WikidataEntity	continuum name continuum | continuum type SurfaceForm => continuum type WikidataEntity
Rule_4897	?a name ?d ?d type SurfaceForm => ?a type WikidataEntity	commodity name commodity | commodity type SurfaceForm => commodity type WikidataEntity
Rule_4897	?a name ?d ?d type SurfaceForm => ?a type WikidataEntity	amantadine name amantadine | amantadine type SurfaceForm => amantadine type WikidataEntity
Rule_4897	?a name ?d ?d type SurfaceForm => ?a type WikidataEntity	information name information | information type SurfaceForm => information type WikidataEntity
Rule_4897	?a name ?d ?d type SurfaceForm => ?a type WikidataEntity	gestrinone name gestrinone | gestrinone type SurfaceForm => gestrinone type WikidataEntity
Rule_4897	?a name ?d ?d type SurfaceForm => ?a type WikidataEntity	classification name classification | classification type SurfaceForm => classification type WikidataEntity
Rule_4897	?a name ?d ?d type SurfaceForm => ?a type WikidataEntity	heartburn name heartburn | heartburn type SurfaceForm => heartburn type WikidataEntity
Rule_4897	?a name ?d ?d type SurfaceForm => ?a type WikidataEntity	kanamycin name kanamycin | kanamycin type SurfaceForm => kanamycin type WikidataEntity
Rule_4897	?a name ?d ?d type SurfaceForm => ?a type WikidataEntity	hospital name hospital | hospital type SurfaceForm => hospital type WikidataEntity
Rule_4897	?a name ?d ?d type SurfaceForm => ?a type WikidataEntity	Visual name Visual | Visual type SurfaceForm => Visual type WikidataEntity
Rule_4897	?a name ?d ?d type SurfaceForm => ?a type WikidataEntity	multivitamin name multivitamin | multivitamin type SurfaceForm => multivitamin type WikidataEntity
Rule_4897	?a name ?d ?d type SurfaceForm => ?a type WikidataEntity	cetirizine name cetirizine | cetirizine type SurfaceForm => cetirizine type WikidataEntity
Rule_4897	?a name ?d ?d type SurfaceForm => ?a type WikidataEntity	diflunisal name diflunisal | diflunisal type SurfaceForm => diflunisal type WikidataEntity
Rule_4897	?a name ?d ?d type SurfaceForm => ?a type WikidataEntity	glucitol name glucitol | glucitol type SurfaceForm => glucitol type WikidataEntity
Rule_4897	?a name ?d ?d type SurfaceForm => ?a type WikidataEntity	carboxylate name carboxylate | carboxylate type SurfaceForm => carboxylate type WikidataEntity
Rule_4897	?a name ?d ?d type SurfaceForm => ?a type WikidataEntity	cefpodoxime name cefpodoxime | cefpodoxime type SurfaceForm => cefpodoxime type WikidataEntity
Rule_4897	?a name ?d ?d type SurfaceForm => ?a type WikidataEntity	prognosis name prognosis | prognosis type SurfaceForm => prognosis type WikidataEntity
Rule_4897	?a name ?d ?d type SurfaceForm => ?a type WikidataEntity	bisoprolol name bisoprolol | bisoprolol type SurfaceForm => bisoprolol type WikidataEntity
Rule_4897	?a name ?d ?d type SurfaceForm => ?a type WikidataEntity	emulator name emulator | emulator type SurfaceForm => emulator type WikidataEntity
Rule_4897	?a name ?d ?d type SurfaceForm => ?a type WikidataEntity	aura name aura | aura type SurfaceForm => aura type WikidataEntity
Rule_4897	?a name ?d ?d type SurfaceForm => ?a type WikidataEntity	(RS)-ketoprofen name (RS)-ketoprofen | (RS)-ketoprofen type SurfaceForm => (RS)-ketoprofen type WikidataEntity
Rule_4897	?a name ?d ?d type SurfaceForm => ?a type WikidataEntity	vortioxetine name vortioxetine | vortioxetine type SurfaceForm => vortioxetine type WikidataEntity
Rule_4897	?a name ?d ?d type SurfaceForm => ?a type WikidataEntity	dolichostenomelia name dolichostenomelia | dolichostenomelia type SurfaceForm => dolichostenomelia type WikidataEntity
Rule_4897	?a name ?d ?d type SurfaceForm => ?a type WikidataEntity	implant name implant | implant type SurfaceForm => implant type WikidataEntity
Rule_4897	?a name ?d ?d type SurfaceForm => ?a type WikidataEntity	psychotherapy name psychotherapy | psychotherapy type SurfaceForm => psychotherapy type WikidataEntity
Rule_4897	?a name ?d ?d type SurfaceForm => ?a type WikidataEntity	quinoline name quinoline | quinoline type SurfaceForm => quinoline type WikidataEntity
Rule_4897	?a name ?d ?d type SurfaceForm => ?a type WikidataEntity	fenipentol name fenipentol | fenipentol type SurfaceForm => fenipentol type WikidataEntity
Rule_4897	?a name ?d ?d type SurfaceForm => ?a type WikidataEntity	triol name triol | triol type SurfaceForm => triol type WikidataEntity
Rule_4897	?a name ?d ?d type SurfaceForm => ?a type WikidataEntity	nirmatrelvir/ritonavir name nirmatrelvir/ritonavir | nirmatrelvir/ritonavir type SurfaceForm => nirmatrelvir/ritonavir type WikidataEntity
Rule_4897	?a name ?d ?d type SurfaceForm => ?a type WikidataEntity	cangrelor name cangrelor | cangrelor type SurfaceForm => cangrelor type WikidataEntity
Rule_4897	?a name ?d ?d type SurfaceForm => ?a type WikidataEntity	prohormone name prohormone | prohormone type SurfaceForm => prohormone type WikidataEntity
Rule_4897	?a name ?d ?d type SurfaceForm => ?a type WikidataEntity	design name design | design type SurfaceForm => design type WikidataEntity
Rule_4897	?a name ?d ?d type SurfaceForm => ?a type WikidataEntity	aspoxicillin name aspoxicillin | aspoxicillin type SurfaceForm => aspoxicillin type WikidataEntity
Rule_4897	?a name ?d ?d type SurfaceForm => ?a type WikidataEntity	measurement name measurement | measurement type SurfaceForm => measurement type WikidataEntity
Rule_4897	?a name ?d ?d type SurfaceForm => ?a type WikidataEntity	tetrodotoxin name tetrodotoxin | tetrodotoxin type SurfaceForm => tetrodotoxin type WikidataEntity
Rule_4897	?a name ?d ?d type SurfaceForm => ?a type WikidataEntity	anophthalmia name anophthalmia | anophthalmia type SurfaceForm => anophthalmia type WikidataEntity
Rule_4897	?a name ?d ?d type SurfaceForm => ?a type WikidataEntity	rentiapril name rentiapril | rentiapril type SurfaceForm => rentiapril type WikidataEntity
Rule_4897	?a name ?d ?d type SurfaceForm => ?a type WikidataEntity	dienogest name dienogest | dienogest type SurfaceForm => dienogest type WikidataEntity
Rule_4897	?a name ?d ?d type SurfaceForm => ?a type WikidataEntity	Parecclesion name Parecclesion | Parecclesion type SurfaceForm => Parecclesion type WikidataEntity
Rule_4897	?a name ?d ?d type SurfaceForm => ?a type WikidataEntity	diphemanil name diphemanil | diphemanil type SurfaceForm => diphemanil type WikidataEntity
Rule_4897	?a name ?d ?d type SurfaceForm => ?a type WikidataEntity	Npc1 name Npc1 | Npc1 type SurfaceForm => Npc1 type WikidataEntity
Rule_4897	?a name ?d ?d type SurfaceForm => ?a type WikidataEntity	juvenile name juvenile | juvenile type SurfaceForm => juvenile type WikidataEntity
Rule_4897	?a name ?d ?d type SurfaceForm => ?a type WikidataEntity	clidinium name clidinium | clidinium type SurfaceForm => clidinium type WikidataEntity
Rule_4897	?a name ?d ?d type SurfaceForm => ?a type WikidataEntity	ertapenem name ertapenem | ertapenem type SurfaceForm => ertapenem type WikidataEntity
Rule_4897	?a name ?d ?d type SurfaceForm => ?a type WikidataEntity	sparfloxacin name sparfloxacin | sparfloxacin type SurfaceForm => sparfloxacin type WikidataEntity
Rule_4897	?a name ?d ?d type SurfaceForm => ?a type WikidataEntity	perindopril name perindopril | perindopril type SurfaceForm => perindopril type WikidataEntity
Rule_4897	?a name ?d ?d type SurfaceForm => ?a type WikidataEntity	gabexate name gabexate | gabexate type SurfaceForm => gabexate type WikidataEntity
Rule_4897	?a name ?d ?d type SurfaceForm => ?a type WikidataEntity	food name food | food type SurfaceForm => food type WikidataEntity
Rule_4897	?a name ?d ?d type SurfaceForm => ?a type WikidataEntity	dibucaine name dibucaine | dibucaine type SurfaceForm => dibucaine type WikidataEntity
Rule_4897	?a name ?d ?d type SurfaceForm => ?a type WikidataEntity	deserpidine name deserpidine | deserpidine type SurfaceForm => deserpidine type WikidataEntity
Rule_4897	?a name ?d ?d type SurfaceForm => ?a type WikidataEntity	tremor name tremor | tremor type SurfaceForm => tremor type WikidataEntity
Rule_4897	?a name ?d ?d type SurfaceForm => ?a type WikidataEntity	disability name disability | disability type SurfaceForm => disability type WikidataEntity
Rule_4897	?a name ?d ?d type SurfaceForm => ?a type WikidataEntity	procainamide name procainamide | procainamide type SurfaceForm => procainamide type WikidataEntity
Rule_4897	?a name ?d ?d type SurfaceForm => ?a type WikidataEntity	atenolol/chlorthalidone name atenolol/chlorthalidone | atenolol/chlorthalidone type SurfaceForm => atenolol/chlorthalidone type WikidataEntity
Rule_4897	?a name ?d ?d type SurfaceForm => ?a type WikidataEntity	hobby name hobby | hobby type SurfaceForm => hobby type WikidataEntity
Rule_4897	?a name ?d ?d type SurfaceForm => ?a type WikidataEntity	propiomazine name propiomazine | propiomazine type SurfaceForm => propiomazine type WikidataEntity
Rule_4897	?a name ?d ?d type SurfaceForm => ?a type WikidataEntity	medication name medication | medication type SurfaceForm => medication type WikidataEntity
Rule_4897	?a name ?d ?d type SurfaceForm => ?a type WikidataEntity	inamrinone name inamrinone | inamrinone type SurfaceForm => inamrinone type WikidataEntity
Rule_4897	?a name ?d ?d type SurfaceForm => ?a type WikidataEntity	methyltestosterone name methyltestosterone | methyltestosterone type SurfaceForm => methyltestosterone type WikidataEntity
Rule_4897	?a name ?d ?d type SurfaceForm => ?a type WikidataEntity	teicoplanin name teicoplanin | teicoplanin type SurfaceForm => teicoplanin type WikidataEntity
Rule_4897	?a name ?d ?d type SurfaceForm => ?a type WikidataEntity	determination name determination | determination type SurfaceForm => determination type WikidataEntity
Rule_4897	?a name ?d ?d type SurfaceForm => ?a type WikidataEntity	vernakalant name vernakalant | vernakalant type SurfaceForm => vernakalant type WikidataEntity
Rule_4897	?a name ?d ?d type SurfaceForm => ?a type WikidataEntity	sertraline name sertraline | sertraline type SurfaceForm => sertraline type WikidataEntity
Rule_4897	?a name ?d ?d type SurfaceForm => ?a type WikidataEntity	riociguat name riociguat | riociguat type SurfaceForm => riociguat type WikidataEntity
Rule_4897	?a name ?d ?d type SurfaceForm => ?a type WikidataEntity	nicardipine name nicardipine | nicardipine type SurfaceForm => nicardipine type WikidataEntity
Rule_4897	?a name ?d ?d type SurfaceForm => ?a type WikidataEntity	psycholeptic name psycholeptic | psycholeptic type SurfaceForm => psycholeptic type WikidataEntity
Rule_4897	?a name ?d ?d type SurfaceForm => ?a type WikidataEntity	troleandomycin name troleandomycin | troleandomycin type SurfaceForm => troleandomycin type WikidataEntity
Rule_4897	?a name ?d ?d type SurfaceForm => ?a type WikidataEntity	transformation name transformation | transformation type SurfaceForm => transformation type WikidataEntity
Rule_4897	?a name ?d ?d type SurfaceForm => ?a type WikidataEntity	trovafloxacin name trovafloxacin | trovafloxacin type SurfaceForm => trovafloxacin type WikidataEntity
Rule_4897	?a name ?d ?d type SurfaceForm => ?a type WikidataEntity	bosentan name bosentan | bosentan type SurfaceForm => bosentan type WikidataEntity
Rule_4897	?a name ?d ?d type SurfaceForm => ?a type WikidataEntity	ritodrine name ritodrine | ritodrine type SurfaceForm => ritodrine type WikidataEntity
Rule_4897	?a name ?d ?d type SurfaceForm => ?a type WikidataEntity	podiatry name podiatry | podiatry type SurfaceForm => podiatry type WikidataEntity
Rule_4897	?a name ?d ?d type SurfaceForm => ?a type WikidataEntity	prophylaxis name prophylaxis | prophylaxis type SurfaceForm => prophylaxis type WikidataEntity
Rule_4897	?a name ?d ?d type SurfaceForm => ?a type WikidataEntity	prazepam name prazepam | prazepam type SurfaceForm => prazepam type WikidataEntity
Rule_4897	?a name ?d ?d type SurfaceForm => ?a type WikidataEntity	endurant name endurant | endurant type SurfaceForm => endurant type WikidataEntity
Rule_4897	?a name ?d ?d type SurfaceForm => ?a type WikidataEntity	statute name statute | statute type SurfaceForm => statute type WikidataEntity
Rule_4897	?a name ?d ?d type SurfaceForm => ?a type WikidataEntity	locus name locus | locus type SurfaceForm => locus type WikidataEntity
Rule_4897	?a name ?d ?d type SurfaceForm => ?a type WikidataEntity	midwifery name midwifery | midwifery type SurfaceForm => midwifery type WikidataEntity
Rule_4897	?a name ?d ?d type SurfaceForm => ?a type WikidataEntity	N-(4-hydroxyphenyl)-3,7-dimethyl-9-(2,6,6-trimethyl-1-cyclohexenyl)nona-2,4,6,8-tetraenamide name N-(4-hydroxyphenyl)-3,7-dimethyl-9-(2,6,6-trimethyl-1-cyclohexenyl)nona-2,4,6,8-tetraenamide | N-(4-hydroxyphenyl)-3,7-dimethyl-9-(2,6,6-trimethyl-1-cyclohexenyl)nona-2,4,6,8-tetraenamide type SurfaceForm => N-(4-hydroxyphenyl)-3,7-dimethyl-9-(2,6,6-trimethyl-1-cyclohexenyl)nona-2,4,6,8-tetraenamide type WikidataEntity
Rule_4897	?a name ?d ?d type SurfaceForm => ?a type WikidataEntity	anticyclone name anticyclone | anticyclone type SurfaceForm => anticyclone type WikidataEntity
Rule_4897	?a name ?d ?d type SurfaceForm => ?a type WikidataEntity	enavogliflozin name enavogliflozin | enavogliflozin type SurfaceForm => enavogliflozin type WikidataEntity
Rule_4897	?a name ?d ?d type SurfaceForm => ?a type WikidataEntity	(-)-pentazocine name (-)-pentazocine | (-)-pentazocine type SurfaceForm => (-)-pentazocine type WikidataEntity
Rule_4897	?a name ?d ?d type SurfaceForm => ?a type WikidataEntity	newspaper name newspaper | newspaper type SurfaceForm => newspaper type WikidataEntity
Rule_4897	?a name ?d ?d type SurfaceForm => ?a type WikidataEntity	methenamine name methenamine | methenamine type SurfaceForm => methenamine type WikidataEntity
Rule_4897	?a name ?d ?d type SurfaceForm => ?a type WikidataEntity	chlorcyclizine name chlorcyclizine | chlorcyclizine type SurfaceForm => chlorcyclizine type WikidataEntity
Rule_4897	?a name ?d ?d type SurfaceForm => ?a type WikidataEntity	bulb name bulb | bulb type SurfaceForm => bulb type WikidataEntity
Rule_4897	?a name ?d ?d type SurfaceForm => ?a type WikidataEntity	signifier name signifier | signifier type SurfaceForm => signifier type WikidataEntity
Rule_4897	?a name ?d ?d type SurfaceForm => ?a type WikidataEntity	acetylcholine name acetylcholine | acetylcholine type SurfaceForm => acetylcholine type WikidataEntity
Rule_4897	?a name ?d ?d type SurfaceForm => ?a type WikidataEntity	calcitriol name calcitriol | calcitriol type SurfaceForm => calcitriol type WikidataEntity
Rule_4897	?a name ?d ?d type SurfaceForm => ?a type WikidataEntity	aprobarbital name aprobarbital | aprobarbital type SurfaceForm => aprobarbital type WikidataEntity
Rule_4897	?a name ?d ?d type SurfaceForm => ?a type WikidataEntity	product name product | product type SurfaceForm => product type WikidataEntity
Rule_4897	?a name ?d ?d type SurfaceForm => ?a type WikidataEntity	trade name trade | trade type SurfaceForm => trade type WikidataEntity
Rule_4897	?a name ?d ?d type SurfaceForm => ?a type WikidataEntity	ceftibuten name ceftibuten | ceftibuten type SurfaceForm => ceftibuten type WikidataEntity
Rule_4897	?a name ?d ?d type SurfaceForm => ?a type WikidataEntity	breakdown name breakdown | breakdown type SurfaceForm => breakdown type WikidataEntity
Rule_4897	?a name ?d ?d type SurfaceForm => ?a type WikidataEntity	gynaecology name gynaecology | gynaecology type SurfaceForm => gynaecology type WikidataEntity
Rule_4897	?a name ?d ?d type SurfaceForm => ?a type WikidataEntity	warning name warning | warning type SurfaceForm => warning type WikidataEntity
Rule_4897	?a name ?d ?d type SurfaceForm => ?a type WikidataEntity	bepridil name bepridil | bepridil type SurfaceForm => bepridil type WikidataEntity
Rule_4897	?a name ?d ?d type SurfaceForm => ?a type WikidataEntity	chlormezanone name chlormezanone | chlormezanone type SurfaceForm => chlormezanone type WikidataEntity
Rule_4897	?a name ?d ?d type SurfaceForm => ?a type WikidataEntity	1-(tert-Butylamino)-3-(2-cyclopentylphenoxy)propan-2-ol name 1-(tert-Butylamino)-3-(2-cyclopentylphenoxy)propan-2-ol | 1-(tert-Butylamino)-3-(2-cyclopentylphenoxy)propan-2-ol type SurfaceForm => 1-(tert-Butylamino)-3-(2-cyclopentylphenoxy)propan-2-ol type WikidataEntity
Rule_4897	?a name ?d ?d type SurfaceForm => ?a type WikidataEntity	oxazepam name oxazepam | oxazepam type SurfaceForm => oxazepam type WikidataEntity
Rule_4897	?a name ?d ?d type SurfaceForm => ?a type WikidataEntity	drinking name drinking | drinking type SurfaceForm => drinking type WikidataEntity
Rule_4897	?a name ?d ?d type SurfaceForm => ?a type WikidataEntity	rifaximin name rifaximin | rifaximin type SurfaceForm => rifaximin type WikidataEntity
Rule_4897	?a name ?d ?d type SurfaceForm => ?a type WikidataEntity	automorphism name automorphism | automorphism type SurfaceForm => automorphism type WikidataEntity
Rule_4897	?a name ?d ?d type SurfaceForm => ?a type WikidataEntity	ruxolitinib name ruxolitinib | ruxolitinib type SurfaceForm => ruxolitinib type WikidataEntity
Rule_4897	?a name ?d ?d type SurfaceForm => ?a type WikidataEntity	alpha-D-glucan name alpha-D-glucan | alpha-D-glucan type SurfaceForm => alpha-D-glucan type WikidataEntity
Rule_4897	?a name ?d ?d type SurfaceForm => ?a type WikidataEntity	snoring name snoring | snoring type SurfaceForm => snoring type WikidataEntity
Rule_4897	?a name ?d ?d type SurfaceForm => ?a type WikidataEntity	aliskiren name aliskiren | aliskiren type SurfaceForm => aliskiren type WikidataEntity
Rule_4897	?a name ?d ?d type SurfaceForm => ?a type WikidataEntity	grant name grant | grant type SurfaceForm => grant type WikidataEntity
Rule_4897	?a name ?d ?d type SurfaceForm => ?a type WikidataEntity	hose name hose | hose type SurfaceForm => hose type WikidataEntity
Rule_4897	?a name ?d ?d type SurfaceForm => ?a type WikidataEntity	hematoxylin name hematoxylin | hematoxylin type SurfaceForm => hematoxylin type WikidataEntity
Rule_4897	?a name ?d ?d type SurfaceForm => ?a type WikidataEntity	geriatrics name geriatrics | geriatrics type SurfaceForm => geriatrics type WikidataEntity
Rule_4897	?a name ?d ?d type SurfaceForm => ?a type WikidataEntity	precipitation name precipitation | precipitation type SurfaceForm => precipitation type WikidataEntity
Rule_4897	?a name ?d ?d type SurfaceForm => ?a type WikidataEntity	pipofezine name pipofezine | pipofezine type SurfaceForm => pipofezine type WikidataEntity
Rule_4897	?a name ?d ?d type SurfaceForm => ?a type WikidataEntity	azlocillin name azlocillin | azlocillin type SurfaceForm => azlocillin type WikidataEntity
Rule_4897	?a name ?d ?d type SurfaceForm => ?a type WikidataEntity	mrasb name mrasb | mrasb type SurfaceForm => mrasb type WikidataEntity
Rule_4897	?a name ?d ?d type SurfaceForm => ?a type WikidataEntity	24,25-Dihydroxycholecalciferol name 24,25-Dihydroxycholecalciferol | 24,25-Dihydroxycholecalciferol type SurfaceForm => 24,25-Dihydroxycholecalciferol type WikidataEntity
Rule_4897	?a name ?d ?d type SurfaceForm => ?a type WikidataEntity	nitrobenzene name nitrobenzene | nitrobenzene type SurfaceForm => nitrobenzene type WikidataEntity
Rule_4897	?a name ?d ?d type SurfaceForm => ?a type WikidataEntity	penicillin name penicillin | penicillin type SurfaceForm => penicillin type WikidataEntity
Rule_4897	?a name ?d ?d type SurfaceForm => ?a type WikidataEntity	thiazolidinedione name thiazolidinedione | thiazolidinedione type SurfaceForm => thiazolidinedione type WikidataEntity
Rule_4897	?a name ?d ?d type SurfaceForm => ?a type WikidataEntity	trifluoromethylbenzene name trifluoromethylbenzene | trifluoromethylbenzene type SurfaceForm => trifluoromethylbenzene type WikidataEntity
Rule_4897	?a name ?d ?d type SurfaceForm => ?a type WikidataEntity	amine name amine | amine type SurfaceForm => amine type WikidataEntity
Rule_4897	?a name ?d ?d type SurfaceForm => ?a type WikidataEntity	test name test | test type SurfaceForm => test type WikidataEntity
Rule_4897	?a name ?d ?d type SurfaceForm => ?a type WikidataEntity	property name property | property type SurfaceForm => property type WikidataEntity
Rule_4897	?a name ?d ?d type SurfaceForm => ?a type WikidataEntity	eprosartan name eprosartan | eprosartan type SurfaceForm => eprosartan type WikidataEntity
Rule_4897	?a name ?d ?d type SurfaceForm => ?a type WikidataEntity	early name early | early type SurfaceForm => early type WikidataEntity
Rule_4897	?a name ?d ?d type SurfaceForm => ?a type WikidataEntity	camylofin name camylofin | camylofin type SurfaceForm => camylofin type WikidataEntity
Rule_4897	?a name ?d ?d type SurfaceForm => ?a type WikidataEntity	suvorexant name suvorexant | suvorexant type SurfaceForm => suvorexant type WikidataEntity
Rule_4897	?a name ?d ?d type SurfaceForm => ?a type WikidataEntity	xanthines name xanthines | xanthines type SurfaceForm => xanthines type WikidataEntity
Rule_4897	?a name ?d ?d type SurfaceForm => ?a type WikidataEntity	sulfacytine name sulfacytine | sulfacytine type SurfaceForm => sulfacytine type WikidataEntity
Rule_4897	?a name ?d ?d type SurfaceForm => ?a type WikidataEntity	cube name cube | cube type SurfaceForm => cube type WikidataEntity
Rule_4897	?a name ?d ?d type SurfaceForm => ?a type WikidataEntity	(1R)-2-(methylamino)-1-phenyl-1-propanol name (1R)-2-(methylamino)-1-phenyl-1-propanol | (1R)-2-(methylamino)-1-phenyl-1-propanol type SurfaceForm => (1R)-2-(methylamino)-1-phenyl-1-propanol type WikidataEntity
Rule_4897	?a name ?d ?d type SurfaceForm => ?a type WikidataEntity	lesion name lesion | lesion type SurfaceForm => lesion type WikidataEntity
Rule_4897	?a name ?d ?d type SurfaceForm => ?a type WikidataEntity	oxaliplatin name oxaliplatin | oxaliplatin type SurfaceForm => oxaliplatin type WikidataEntity
Rule_4897	?a name ?d ?d type SurfaceForm => ?a type WikidataEntity	diflorasone name diflorasone | diflorasone type SurfaceForm => diflorasone type WikidataEntity
Rule_4897	?a name ?d ?d type SurfaceForm => ?a type WikidataEntity	rehabilitation name rehabilitation | rehabilitation type SurfaceForm => rehabilitation type WikidataEntity
Rule_4897	?a name ?d ?d type SurfaceForm => ?a type WikidataEntity	coronarography name coronarography | coronarography type SurfaceForm => coronarography type WikidataEntity
Rule_4897	?a name ?d ?d type SurfaceForm => ?a type WikidataEntity	Eip74EF name Eip74EF | Eip74EF type SurfaceForm => Eip74EF type WikidataEntity
Rule_4897	?a name ?d ?d type SurfaceForm => ?a type WikidataEntity	diazepam name diazepam | diazepam type SurfaceForm => diazepam type WikidataEntity
Rule_4897	?a name ?d ?d type SurfaceForm => ?a type WikidataEntity	rolofylline name rolofylline | rolofylline type SurfaceForm => rolofylline type WikidataEntity
Rule_4897	?a name ?d ?d type SurfaceForm => ?a type WikidataEntity	correlation name correlation | correlation type SurfaceForm => correlation type WikidataEntity
Rule_4897	?a name ?d ?d type SurfaceForm => ?a type WikidataEntity	review name review | review type SurfaceForm => review type WikidataEntity
Rule_4897	?a name ?d ?d type SurfaceForm => ?a type WikidataEntity	repdigit name repdigit | repdigit type SurfaceForm => repdigit type WikidataEntity
Rule_4897	?a name ?d ?d type SurfaceForm => ?a type WikidataEntity	fruit name fruit | fruit type SurfaceForm => fruit type WikidataEntity
Rule_4897	?a name ?d ?d type SurfaceForm => ?a type WikidataEntity	disaster name disaster | disaster type SurfaceForm => disaster type WikidataEntity
Rule_4897	?a name ?d ?d type SurfaceForm => ?a type WikidataEntity	disorientation name disorientation | disorientation type SurfaceForm => disorientation type WikidataEntity
Rule_4897	?a name ?d ?d type SurfaceForm => ?a type WikidataEntity	thiadiazoles name thiadiazoles | thiadiazoles type SurfaceForm => thiadiazoles type WikidataEntity
Rule_4897	?a name ?d ?d type SurfaceForm => ?a type WikidataEntity	customer name customer | customer type SurfaceForm => customer type WikidataEntity
Rule_4897	?a name ?d ?d type SurfaceForm => ?a type WikidataEntity	sulfamoxole name sulfamoxole | sulfamoxole type SurfaceForm => sulfamoxole type WikidataEntity
Rule_4897	?a name ?d ?d type SurfaceForm => ?a type WikidataEntity	animal name animal | animal type SurfaceForm => animal type WikidataEntity
Rule_4897	?a name ?d ?d type SurfaceForm => ?a type WikidataEntity	desipramine name desipramine | desipramine type SurfaceForm => desipramine type WikidataEntity
Rule_4897	?a name ?d ?d type SurfaceForm => ?a type WikidataEntity	gasocrinology name gasocrinology | gasocrinology type SurfaceForm => gasocrinology type WikidataEntity
Rule_4897	?a name ?d ?d type SurfaceForm => ?a type WikidataEntity	glycoprotein name glycoprotein | glycoprotein type SurfaceForm => glycoprotein type WikidataEntity
Rule_4897	?a name ?d ?d type SurfaceForm => ?a type WikidataEntity	village name village | village type SurfaceForm => village type WikidataEntity
Rule_4897	?a name ?d ?d type SurfaceForm => ?a type WikidataEntity	triage name triage | triage type SurfaceForm => triage type WikidataEntity
Rule_4897	?a name ?d ?d type SurfaceForm => ?a type WikidataEntity	heparinoid name heparinoid | heparinoid type SurfaceForm => heparinoid type WikidataEntity
Rule_4897	?a name ?d ?d type SurfaceForm => ?a type WikidataEntity	hot name hot | hot type SurfaceForm => hot type WikidataEntity
Rule_4897	?a name ?d ?d type SurfaceForm => ?a type WikidataEntity	thalidomide name thalidomide | thalidomide type SurfaceForm => thalidomide type WikidataEntity
Rule_4897	?a name ?d ?d type SurfaceForm => ?a type WikidataEntity	landiolol name landiolol | landiolol type SurfaceForm => landiolol type WikidataEntity
Rule_4897	?a name ?d ?d type SurfaceForm => ?a type WikidataEntity	flushing name flushing | flushing type SurfaceForm => flushing type WikidataEntity
Rule_4897	?a name ?d ?d type SurfaceForm => ?a type WikidataEntity	otolaryngology name otolaryngology | otolaryngology type SurfaceForm => otolaryngology type WikidataEntity
Rule_4897	?a name ?d ?d type SurfaceForm => ?a type WikidataEntity	vegetable name vegetable | vegetable type SurfaceForm => vegetable type WikidataEntity
Rule_4897	?a name ?d ?d type SurfaceForm => ?a type WikidataEntity	sweetener name sweetener | sweetener type SurfaceForm => sweetener type WikidataEntity
Rule_4897	?a name ?d ?d type SurfaceForm => ?a type WikidataEntity	losmapimod name losmapimod | losmapimod type SurfaceForm => losmapimod type WikidataEntity
Rule_4897	?a name ?d ?d type SurfaceForm => ?a type WikidataEntity	coalition name coalition | coalition type SurfaceForm => coalition type WikidataEntity
Rule_4897	?a name ?d ?d type SurfaceForm => ?a type WikidataEntity	lactation name lactation | lactation type SurfaceForm => lactation type WikidataEntity
Rule_4897	?a name ?d ?d type SurfaceForm => ?a type WikidataEntity	loracarbef name loracarbef | loracarbef type SurfaceForm => loracarbef type WikidataEntity
Rule_4897	?a name ?d ?d type SurfaceForm => ?a type WikidataEntity	dolasetron name dolasetron | dolasetron type SurfaceForm => dolasetron type WikidataEntity
Rule_4897	?a name ?d ?d type SurfaceForm => ?a type WikidataEntity	hydroflumethiazide name hydroflumethiazide | hydroflumethiazide type SurfaceForm => hydroflumethiazide type WikidataEntity
Rule_4897	?a name ?d ?d type SurfaceForm => ?a type WikidataEntity	polydipsia name polydipsia | polydipsia type SurfaceForm => polydipsia type WikidataEntity
Rule_4897	?a name ?d ?d type SurfaceForm => ?a type WikidataEntity	nefazodone name nefazodone | nefazodone type SurfaceForm => nefazodone type WikidataEntity
Rule_4897	?a name ?d ?d type SurfaceForm => ?a type WikidataEntity	furosemide name furosemide | furosemide type SurfaceForm => furosemide type WikidataEntity
Rule_4897	?a name ?d ?d type SurfaceForm => ?a type WikidataEntity	ulcer name ulcer | ulcer type SurfaceForm => ulcer type WikidataEntity
Rule_4897	?a name ?d ?d type SurfaceForm => ?a type WikidataEntity	confusion name confusion | confusion type SurfaceForm => confusion type WikidataEntity
Rule_4897	?a name ?d ?d type SurfaceForm => ?a type WikidataEntity	severity name severity | severity type SurfaceForm => severity type WikidataEntity
Rule_4897	?a name ?d ?d type SurfaceForm => ?a type WikidataEntity	rosuvastatin name rosuvastatin | rosuvastatin type SurfaceForm => rosuvastatin type WikidataEntity
Rule_4897	?a name ?d ?d type SurfaceForm => ?a type WikidataEntity	Bontril name Bontril | Bontril type SurfaceForm => Bontril type WikidataEntity
Rule_4897	?a name ?d ?d type SurfaceForm => ?a type WikidataEntity	polyuria name polyuria | polyuria type SurfaceForm => polyuria type WikidataEntity
Rule_4897	?a name ?d ?d type SurfaceForm => ?a type WikidataEntity	dynamometer name dynamometer | dynamometer type SurfaceForm => dynamometer type WikidataEntity
Rule_4897	?a name ?d ?d type SurfaceForm => ?a type WikidataEntity	carboprost name carboprost | carboprost type SurfaceForm => carboprost type WikidataEntity
Rule_4897	?a name ?d ?d type SurfaceForm => ?a type WikidataEntity	levalbuterol name levalbuterol | levalbuterol type SurfaceForm => levalbuterol type WikidataEntity
Rule_4897	?a name ?d ?d type SurfaceForm => ?a type WikidataEntity	angina name angina | angina type SurfaceForm => angina type WikidataEntity
Rule_4897	?a name ?d ?d type SurfaceForm => ?a type WikidataEntity	inpatients name inpatients | inpatients type SurfaceForm => inpatients type WikidataEntity
Rule_4897	?a name ?d ?d type SurfaceForm => ?a type WikidataEntity	duvoglustat name duvoglustat | duvoglustat type SurfaceForm => duvoglustat type WikidataEntity
Rule_4897	?a name ?d ?d type SurfaceForm => ?a type WikidataEntity	tachycardia name tachycardia | tachycardia type SurfaceForm => tachycardia type WikidataEntity
Rule_4897	?a name ?d ?d type SurfaceForm => ?a type WikidataEntity	intensive name intensive | intensive type SurfaceForm => intensive type WikidataEntity
Rule_4897	?a name ?d ?d type SurfaceForm => ?a type WikidataEntity	isradipine name isradipine | isradipine type SurfaceForm => isradipine type WikidataEntity
Rule_4897	?a name ?d ?d type SurfaceForm => ?a type WikidataEntity	energy name energy | energy type SurfaceForm => energy type WikidataEntity
Rule_4897	?a name ?d ?d type SurfaceForm => ?a type WikidataEntity	immediacy name immediacy | immediacy type SurfaceForm => immediacy type WikidataEntity
Rule_4897	?a name ?d ?d type SurfaceForm => ?a type WikidataEntity	operand name operand | operand type SurfaceForm => operand type WikidataEntity
Rule_4897	?a name ?d ?d type SurfaceForm => ?a type WikidataEntity	bromfenac name bromfenac | bromfenac type SurfaceForm => bromfenac type WikidataEntity
Rule_4897	?a name ?d ?d type SurfaceForm => ?a type WikidataEntity	conduct name conduct | conduct type SurfaceForm => conduct type WikidataEntity
Rule_4897	?a name ?d ?d type SurfaceForm => ?a type WikidataEntity	precursor name precursor | precursor type SurfaceForm => precursor type WikidataEntity
Rule_4897	?a name ?d ?d type SurfaceForm => ?a type WikidataEntity	varenicline name varenicline | varenicline type SurfaceForm => varenicline type WikidataEntity
Rule_4897	?a name ?d ?d type SurfaceForm => ?a type WikidataEntity	quality name quality | quality type SurfaceForm => quality type WikidataEntity
Rule_4897	?a name ?d ?d type SurfaceForm => ?a type WikidataEntity	drospirenone name drospirenone | drospirenone type SurfaceForm => drospirenone type WikidataEntity
Rule_4897	?a name ?d ?d type SurfaceForm => ?a type WikidataEntity	selinexor name selinexor | selinexor type SurfaceForm => selinexor type WikidataEntity
Rule_4897	?a name ?d ?d type SurfaceForm => ?a type WikidataEntity	L-tyrosine name L-tyrosine | L-tyrosine type SurfaceForm => L-tyrosine type WikidataEntity
Rule_4897	?a name ?d ?d type SurfaceForm => ?a type WikidataEntity	psychotherapist name psychotherapist | psychotherapist type SurfaceForm => psychotherapist type WikidataEntity
Rule_4897	?a name ?d ?d type SurfaceForm => ?a type WikidataEntity	flavonoid name flavonoid | flavonoid type SurfaceForm => flavonoid type WikidataEntity
Rule_4897	?a name ?d ?d type SurfaceForm => ?a type WikidataEntity	nitrogen name nitrogen | nitrogen type SurfaceForm => nitrogen type WikidataEntity
Rule_4897	?a name ?d ?d type SurfaceForm => ?a type WikidataEntity	migraine name migraine | migraine type SurfaceForm => migraine type WikidataEntity
Rule_4897	?a name ?d ?d type SurfaceForm => ?a type WikidataEntity	continuity name continuity | continuity type SurfaceForm => continuity type WikidataEntity
Rule_4897	?a name ?d ?d type SurfaceForm => ?a type WikidataEntity	hypocalcaemia name hypocalcaemia | hypocalcaemia type SurfaceForm => hypocalcaemia type WikidataEntity
Rule_4897	?a name ?d ?d type SurfaceForm => ?a type WikidataEntity	cardiologist name cardiologist | cardiologist type SurfaceForm => cardiologist type WikidataEntity
Rule_4897	?a name ?d ?d type SurfaceForm => ?a type WikidataEntity	amitriptyline name amitriptyline | amitriptyline type SurfaceForm => amitriptyline type WikidataEntity
Rule_4897	?a name ?d ?d type SurfaceForm => ?a type WikidataEntity	lenvatinib name lenvatinib | lenvatinib type SurfaceForm => lenvatinib type WikidataEntity
Rule_4897	?a name ?d ?d type SurfaceForm => ?a type WikidataEntity	dehydration name dehydration | dehydration type SurfaceForm => dehydration type WikidataEntity
Rule_4897	?a name ?d ?d type SurfaceForm => ?a type WikidataEntity	raubasine name raubasine | raubasine type SurfaceForm => raubasine type WikidataEntity
Rule_4897	?a name ?d ?d type SurfaceForm => ?a type WikidataEntity	clocortolone name clocortolone | clocortolone type SurfaceForm => clocortolone type WikidataEntity
Rule_4897	?a name ?d ?d type SurfaceForm => ?a type WikidataEntity	diet name diet | diet type SurfaceForm => diet type WikidataEntity
Rule_4897	?a name ?d ?d type SurfaceForm => ?a type WikidataEntity	image name image | image type SurfaceForm => image type WikidataEntity
Rule_4897	?a name ?d ?d type SurfaceForm => ?a type WikidataEntity	fluticasone name fluticasone | fluticasone type SurfaceForm => fluticasone type WikidataEntity
Rule_4897	?a name ?d ?d type SurfaceForm => ?a type WikidataEntity	alprostadil name alprostadil | alprostadil type SurfaceForm => alprostadil type WikidataEntity
Rule_4897	?a name ?d ?d type SurfaceForm => ?a type WikidataEntity	desflurane name desflurane | desflurane type SurfaceForm => desflurane type WikidataEntity
Rule_4897	?a name ?d ?d type SurfaceForm => ?a type WikidataEntity	care name care | care type SurfaceForm => care type WikidataEntity
Rule_4897	?a name ?d ?d type SurfaceForm => ?a type WikidataEntity	emtricitabine name emtricitabine | emtricitabine type SurfaceForm => emtricitabine type WikidataEntity
Rule_4897	?a name ?d ?d type SurfaceForm => ?a type WikidataEntity	roxithromycin name roxithromycin | roxithromycin type SurfaceForm => roxithromycin type WikidataEntity
Rule_4897	?a name ?d ?d type SurfaceForm => ?a type WikidataEntity	epistemology name epistemology | epistemology type SurfaceForm => epistemology type WikidataEntity
Rule_4897	?a name ?d ?d type SurfaceForm => ?a type WikidataEntity	opposite name opposite | opposite type SurfaceForm => opposite type WikidataEntity
Rule_4897	?a name ?d ?d type SurfaceForm => ?a type WikidataEntity	DL-triiodothyronine name DL-triiodothyronine | DL-triiodothyronine type SurfaceForm => DL-triiodothyronine type WikidataEntity
Rule_4897	?a name ?d ?d type SurfaceForm => ?a type WikidataEntity	mupirocin name mupirocin | mupirocin type SurfaceForm => mupirocin type WikidataEntity
Rule_4897	?a name ?d ?d type SurfaceForm => ?a type WikidataEntity	community name community | community type SurfaceForm => community type WikidataEntity
Rule_4897	?a name ?d ?d type SurfaceForm => ?a type WikidataEntity	reviparin name reviparin | reviparin type SurfaceForm => reviparin type WikidataEntity
Rule_4897	?a name ?d ?d type SurfaceForm => ?a type WikidataEntity	thrombocytopenia name thrombocytopenia | thrombocytopenia type SurfaceForm => thrombocytopenia type WikidataEntity
Rule_4897	?a name ?d ?d type SurfaceForm => ?a type WikidataEntity	screening name screening | screening type SurfaceForm => screening type WikidataEntity
Rule_4897	?a name ?d ?d type SurfaceForm => ?a type WikidataEntity	species name species | species type SurfaceForm => species type WikidataEntity
Rule_4897	?a name ?d ?d type SurfaceForm => ?a type WikidataEntity	chlorothiazide name chlorothiazide | chlorothiazide type SurfaceForm => chlorothiazide type WikidataEntity
Rule_4897	?a name ?d ?d type SurfaceForm => ?a type WikidataEntity	(RS)-lenalidomide name (RS)-lenalidomide | (RS)-lenalidomide type SurfaceForm => (RS)-lenalidomide type WikidataEntity
Rule_4897	?a name ?d ?d type SurfaceForm => ?a type WikidataEntity	hill name hill | hill type SurfaceForm => hill type WikidataEntity
Rule_4897	?a name ?d ?d type SurfaceForm => ?a type WikidataEntity	adenosine name adenosine | adenosine type SurfaceForm => adenosine type WikidataEntity
Rule_4897	?a name ?d ?d type SurfaceForm => ?a type WikidataEntity	(+/-)-phenylephrine name (+/-)-phenylephrine | (+/-)-phenylephrine type SurfaceForm => (+/-)-phenylephrine type WikidataEntity
Rule_4897	?a name ?d ?d type SurfaceForm => ?a type WikidataEntity	government name government | government type SurfaceForm => government type WikidataEntity
Rule_4897	?a name ?d ?d type SurfaceForm => ?a type WikidataEntity	intimacy name intimacy | intimacy type SurfaceForm => intimacy type WikidataEntity
Rule_4897	?a name ?d ?d type SurfaceForm => ?a type WikidataEntity	saquinavir name saquinavir | saquinavir type SurfaceForm => saquinavir type WikidataEntity
Rule_4897	?a name ?d ?d type SurfaceForm => ?a type WikidataEntity	flurazepam name flurazepam | flurazepam type SurfaceForm => flurazepam type WikidataEntity
Rule_4897	?a name ?d ?d type SurfaceForm => ?a type WikidataEntity	injection name injection | injection type SurfaceForm => injection type WikidataEntity
Rule_4897	?a name ?d ?d type SurfaceForm => ?a type WikidataEntity	ship name ship | ship type SurfaceForm => ship type WikidataEntity
Rule_4897	?a name ?d ?d type SurfaceForm => ?a type WikidataEntity	(+/-)-colchicine name (+/-)-colchicine | (+/-)-colchicine type SurfaceForm => (+/-)-colchicine type WikidataEntity
Rule_4897	?a name ?d ?d type SurfaceForm => ?a type WikidataEntity	dicloxacillin name dicloxacillin | dicloxacillin type SurfaceForm => dicloxacillin type WikidataEntity
Rule_4897	?a name ?d ?d type SurfaceForm => ?a type WikidataEntity	rodenticide name rodenticide | rodenticide type SurfaceForm => rodenticide type WikidataEntity
Rule_4897	?a name ?d ?d type SurfaceForm => ?a type WikidataEntity	set name set | set type SurfaceForm => set type WikidataEntity
Rule_4897	?a name ?d ?d type SurfaceForm => ?a type WikidataEntity	procalcitonin name procalcitonin | procalcitonin type SurfaceForm => procalcitonin type WikidataEntity
Rule_4897	?a name ?d ?d type SurfaceForm => ?a type WikidataEntity	amobarbital name amobarbital | amobarbital type SurfaceForm => amobarbital type WikidataEntity
Rule_4897	?a name ?d ?d type SurfaceForm => ?a type WikidataEntity	dihydralazine name dihydralazine | dihydralazine type SurfaceForm => dihydralazine type WikidataEntity
Rule_4897	?a name ?d ?d type SurfaceForm => ?a type WikidataEntity	serial name serial | serial type SurfaceForm => serial type WikidataEntity
Rule_4897	?a name ?d ?d type SurfaceForm => ?a type WikidataEntity	riboflavin name riboflavin | riboflavin type SurfaceForm => riboflavin type WikidataEntity
Rule_4897	?a name ?d ?d type SurfaceForm => ?a type WikidataEntity	biguanide name biguanide | biguanide type SurfaceForm => biguanide type WikidataEntity
Rule_4897	?a name ?d ?d type SurfaceForm => ?a type WikidataEntity	humidity name humidity | humidity type SurfaceForm => humidity type WikidataEntity
Rule_4897	?a name ?d ?d type SurfaceForm => ?a type WikidataEntity	ketoconazole name ketoconazole | ketoconazole type SurfaceForm => ketoconazole type WikidataEntity
Rule_4897	?a name ?d ?d type SurfaceForm => ?a type WikidataEntity	CHEMBL134330 name CHEMBL134330 | CHEMBL134330 type SurfaceForm => CHEMBL134330 type WikidataEntity
Rule_4897	?a name ?d ?d type SurfaceForm => ?a type WikidataEntity	tocopherol name tocopherol | tocopherol type SurfaceForm => tocopherol type WikidataEntity
Rule_4897	?a name ?d ?d type SurfaceForm => ?a type WikidataEntity	trioxsalen name trioxsalen | trioxsalen type SurfaceForm => trioxsalen type WikidataEntity
Rule_4897	?a name ?d ?d type SurfaceForm => ?a type WikidataEntity	quinolone name quinolone | quinolone type SurfaceForm => quinolone type WikidataEntity
Rule_4897	?a name ?d ?d type SurfaceForm => ?a type WikidataEntity	furan name furan | furan type SurfaceForm => furan type WikidataEntity
Rule_4897	?a name ?d ?d type SurfaceForm => ?a type WikidataEntity	hairstyle name hairstyle | hairstyle type SurfaceForm => hairstyle type WikidataEntity
Rule_4897	?a name ?d ?d type SurfaceForm => ?a type WikidataEntity	nabilone name nabilone | nabilone type SurfaceForm => nabilone type WikidataEntity
Rule_4897	?a name ?d ?d type SurfaceForm => ?a type WikidataEntity	vemurafenib name vemurafenib | vemurafenib type SurfaceForm => vemurafenib type WikidataEntity
Rule_4897	?a name ?d ?d type SurfaceForm => ?a type WikidataEntity	saxagliptin name saxagliptin | saxagliptin type SurfaceForm => saxagliptin type WikidataEntity
Rule_4897	?a name ?d ?d type SurfaceForm => ?a type WikidataEntity	dihydroazine name dihydroazine | dihydroazine type SurfaceForm => dihydroazine type WikidataEntity
Rule_4897	?a name ?d ?d type SurfaceForm => ?a type WikidataEntity	sulfinpyrazone name sulfinpyrazone | sulfinpyrazone type SurfaceForm => sulfinpyrazone type WikidataEntity
Rule_4897	?a name ?d ?d type SurfaceForm => ?a type WikidataEntity	accidental name accidental | accidental type SurfaceForm => accidental type WikidataEntity
Rule_4897	?a name ?d ?d type SurfaceForm => ?a type WikidataEntity	pre-eclampsia name pre-eclampsia | pre-eclampsia type SurfaceForm => pre-eclampsia type WikidataEntity
Rule_4897	?a name ?d ?d type SurfaceForm => ?a type WikidataEntity	itraconazole name itraconazole | itraconazole type SurfaceForm => itraconazole type WikidataEntity
Rule_4897	?a name ?d ?d type SurfaceForm => ?a type WikidataEntity	acetazolamide name acetazolamide | acetazolamide type SurfaceForm => acetazolamide type WikidataEntity
Rule_4897	?a name ?d ?d type SurfaceForm => ?a type WikidataEntity	transmission name transmission | transmission type SurfaceForm => transmission type WikidataEntity
Rule_4897	?a name ?d ?d type SurfaceForm => ?a type WikidataEntity	infertility name infertility | infertility type SurfaceForm => infertility type WikidataEntity
Rule_4897	?a name ?d ?d type SurfaceForm => ?a type WikidataEntity	(RS)-diethylpropion name (RS)-diethylpropion | (RS)-diethylpropion type SurfaceForm => (RS)-diethylpropion type WikidataEntity
Rule_4897	?a name ?d ?d type SurfaceForm => ?a type WikidataEntity	recovery name recovery | recovery type SurfaceForm => recovery type WikidataEntity
Rule_4897	?a name ?d ?d type SurfaceForm => ?a type WikidataEntity	significance name significance | significance type SurfaceForm => significance type WikidataEntity
Rule_4897	?a name ?d ?d type SurfaceForm => ?a type WikidataEntity	ingestion name ingestion | ingestion type SurfaceForm => ingestion type WikidataEntity
Rule_4897	?a name ?d ?d type SurfaceForm => ?a type WikidataEntity	pharmacy name pharmacy | pharmacy type SurfaceForm => pharmacy type WikidataEntity
Rule_4897	?a name ?d ?d type SurfaceForm => ?a type WikidataEntity	(RS)-ketamine name (RS)-ketamine | (RS)-ketamine type SurfaceForm => (RS)-ketamine type WikidataEntity
Rule_4897	?a name ?d ?d type SurfaceForm => ?a type WikidataEntity	dimepheptanol name dimepheptanol | dimepheptanol type SurfaceForm => dimepheptanol type WikidataEntity
Rule_4897	?a name ?d ?d type SurfaceForm => ?a type WikidataEntity	(2R)-daptomycin name (2R)-daptomycin | (2R)-daptomycin type SurfaceForm => (2R)-daptomycin type WikidataEntity
Rule_4897	?a name ?d ?d type SurfaceForm => ?a type WikidataEntity	cyanosis name cyanosis | cyanosis type SurfaceForm => cyanosis type WikidataEntity
Rule_4897	?a name ?d ?d type SurfaceForm => ?a type WikidataEntity	buclizine name buclizine | buclizine type SurfaceForm => buclizine type WikidataEntity
Rule_4897	?a name ?d ?d type SurfaceForm => ?a type WikidataEntity	tamoxifen name tamoxifen | tamoxifen type SurfaceForm => tamoxifen type WikidataEntity
Rule_4897	?a name ?d ?d type SurfaceForm => ?a type WikidataEntity	telaprevir name telaprevir | telaprevir type SurfaceForm => telaprevir type WikidataEntity
Rule_4897	?a name ?d ?d type SurfaceForm => ?a type WikidataEntity	relevance name relevance | relevance type SurfaceForm => relevance type WikidataEntity
Rule_4897	?a name ?d ?d type SurfaceForm => ?a type WikidataEntity	physics name physics | physics type SurfaceForm => physics type WikidataEntity
Rule_4897	?a name ?d ?d type SurfaceForm => ?a type WikidataEntity	tetrandrine name tetrandrine | tetrandrine type SurfaceForm => tetrandrine type WikidataEntity
Rule_4897	?a name ?d ?d type SurfaceForm => ?a type WikidataEntity	urticaria name urticaria | urticaria type SurfaceForm => urticaria type WikidataEntity
Rule_4897	?a name ?d ?d type SurfaceForm => ?a type WikidataEntity	telangiectasia name telangiectasia | telangiectasia type SurfaceForm => telangiectasia type WikidataEntity
Rule_4897	?a name ?d ?d type SurfaceForm => ?a type WikidataEntity	Lidex name Lidex | Lidex type SurfaceForm => Lidex type WikidataEntity
Rule_4897	?a name ?d ?d type SurfaceForm => ?a type WikidataEntity	Nifuratel name Nifuratel | Nifuratel type SurfaceForm => Nifuratel type WikidataEntity
Rule_4897	?a name ?d ?d type SurfaceForm => ?a type WikidataEntity	circumstance name circumstance | circumstance type SurfaceForm => circumstance type WikidataEntity
Rule_4897	?a name ?d ?d type SurfaceForm => ?a type WikidataEntity	convention name convention | convention type SurfaceForm => convention type WikidataEntity
Rule_4897	?a name ?d ?d type SurfaceForm => ?a type WikidataEntity	alogliptin name alogliptin | alogliptin type SurfaceForm => alogliptin type WikidataEntity
Rule_4897	?a name ?d ?d type SurfaceForm => ?a type WikidataEntity	cefoxitin name cefoxitin | cefoxitin type SurfaceForm => cefoxitin type WikidataEntity
Rule_4897	?a name ?d ?d type SurfaceForm => ?a type WikidataEntity	propanthelinium name propanthelinium | propanthelinium type SurfaceForm => propanthelinium type WikidataEntity
Rule_4897	?a name ?d ?d type SurfaceForm => ?a type WikidataEntity	aorta name aorta | aorta type SurfaceForm => aorta type WikidataEntity
Rule_4897	?a name ?d ?d type SurfaceForm => ?a type WikidataEntity	Q11482293 name Q11482293 | Q11482293 type SurfaceForm => Q11482293 type WikidataEntity
Rule_4897	?a name ?d ?d type SurfaceForm => ?a type WikidataEntity	weather name weather | weather type SurfaceForm => weather type WikidataEntity
Rule_4897	?a name ?d ?d type SurfaceForm => ?a type WikidataEntity	annulus name annulus | annulus type SurfaceForm => annulus type WikidataEntity
Rule_4897	?a name ?d ?d type SurfaceForm => ?a type WikidataEntity	demographics name demographics | demographics type SurfaceForm => demographics type WikidataEntity
Rule_4897	?a name ?d ?d type SurfaceForm => ?a type WikidataEntity	risperidone name risperidone | risperidone type SurfaceForm => risperidone type WikidataEntity
Rule_4897	?a name ?d ?d type SurfaceForm => ?a type WikidataEntity	pacing name pacing | pacing type SurfaceForm => pacing type WikidataEntity
Rule_4897	?a name ?d ?d type SurfaceForm => ?a type WikidataEntity	capecitabine name capecitabine | capecitabine type SurfaceForm => capecitabine type WikidataEntity
Rule_4897	?a name ?d ?d type SurfaceForm => ?a type WikidataEntity	phenethylamine name phenethylamine | phenethylamine type SurfaceForm => phenethylamine type WikidataEntity
Rule_4897	?a name ?d ?d type SurfaceForm => ?a type WikidataEntity	(R)-warfarin name (R)-warfarin | (R)-warfarin type SurfaceForm => (R)-warfarin type WikidataEntity
Rule_4897	?a name ?d ?d type SurfaceForm => ?a type WikidataEntity	(RS)-cyclophosphamide name (RS)-cyclophosphamide | (RS)-cyclophosphamide type SurfaceForm => (RS)-cyclophosphamide type WikidataEntity
Rule_4897	?a name ?d ?d type SurfaceForm => ?a type WikidataEntity	deficiency name deficiency | deficiency type SurfaceForm => deficiency type WikidataEntity
Rule_4897	?a name ?d ?d type SurfaceForm => ?a type WikidataEntity	vaborbactam name vaborbactam | vaborbactam type SurfaceForm => vaborbactam type WikidataEntity
Rule_4897	?a name ?d ?d type SurfaceForm => ?a type WikidataEntity	proteopathy name proteopathy | proteopathy type SurfaceForm => proteopathy type WikidataEntity
Rule_4897	?a name ?d ?d type SurfaceForm => ?a type WikidataEntity	tte name tte | tte type SurfaceForm => tte type WikidataEntity
Rule_4897	?a name ?d ?d type SurfaceForm => ?a type WikidataEntity	grepafloxacin name grepafloxacin | grepafloxacin type SurfaceForm => grepafloxacin type WikidataEntity
Rule_4897	?a name ?d ?d type SurfaceForm => ?a type WikidataEntity	asthenia name asthenia | asthenia type SurfaceForm => asthenia type WikidataEntity
Rule_4897	?a name ?d ?d type SurfaceForm => ?a type WikidataEntity	murderer name murderer | murderer type SurfaceForm => murderer type WikidataEntity
Rule_4897	?a name ?d ?d type SurfaceForm => ?a type WikidataEntity	pharmacology name pharmacology | pharmacology type SurfaceForm => pharmacology type WikidataEntity
Rule_4897	?a name ?d ?d type SurfaceForm => ?a type WikidataEntity	fluvoxamine name fluvoxamine | fluvoxamine type SurfaceForm => fluvoxamine type WikidataEntity
Rule_4897	?a name ?d ?d type SurfaceForm => ?a type WikidataEntity	hyoscyamine name hyoscyamine | hyoscyamine type SurfaceForm => hyoscyamine type WikidataEntity
Rule_4897	?a name ?d ?d type SurfaceForm => ?a type WikidataEntity	help name help | help type SurfaceForm => help type WikidataEntity
Rule_4897	?a name ?d ?d type SurfaceForm => ?a type WikidataEntity	Progressive name Progressive | Progressive type SurfaceForm => Progressive type WikidataEntity
Rule_4897	?a name ?d ?d type SurfaceForm => ?a type WikidataEntity	interval name interval | interval type SurfaceForm => interval type WikidataEntity
Rule_4897	?a name ?d ?d type SurfaceForm => ?a type WikidataEntity	anxiety name anxiety | anxiety type SurfaceForm => anxiety type WikidataEntity
Rule_4897	?a name ?d ?d type SurfaceForm => ?a type WikidataEntity	caretaking name caretaking | caretaking type SurfaceForm => caretaking type WikidataEntity
Rule_4897	?a name ?d ?d type SurfaceForm => ?a type WikidataEntity	narcotic name narcotic | narcotic type SurfaceForm => narcotic type WikidataEntity
Rule_4897	?a name ?d ?d type SurfaceForm => ?a type WikidataEntity	superpower name superpower | superpower type SurfaceForm => superpower type WikidataEntity
Rule_4897	?a name ?d ?d type SurfaceForm => ?a type WikidataEntity	fluocinolone name fluocinolone | fluocinolone type SurfaceForm => fluocinolone type WikidataEntity
Rule_4897	?a name ?d ?d type SurfaceForm => ?a type WikidataEntity	titration name titration | titration type SurfaceForm => titration type WikidataEntity
Rule_4897	?a name ?d ?d type SurfaceForm => ?a type WikidataEntity	physician name physician | physician type SurfaceForm => physician type WikidataEntity
Rule_4897	?a name ?d ?d type SurfaceForm => ?a type WikidataEntity	bismuth name bismuth | bismuth type SurfaceForm => bismuth type WikidataEntity
Rule_4897	?a name ?d ?d type SurfaceForm => ?a type WikidataEntity	taxane name taxane | taxane type SurfaceForm => taxane type WikidataEntity
Rule_4897	?a name ?d ?d type SurfaceForm => ?a type WikidataEntity	indoles name indoles | indoles type SurfaceForm => indoles type WikidataEntity
Rule_4897	?a name ?d ?d type SurfaceForm => ?a type WikidataEntity	budesonide/formoterol name budesonide/formoterol | budesonide/formoterol type SurfaceForm => budesonide/formoterol type WikidataEntity
Rule_4897	?a name ?d ?d type SurfaceForm => ?a type WikidataEntity	inequality name inequality | inequality type SurfaceForm => inequality type WikidataEntity
Rule_4897	?a name ?d ?d type SurfaceForm => ?a type WikidataEntity	vomiting name vomiting | vomiting type SurfaceForm => vomiting type WikidataEntity
Rule_4897	?a name ?d ?d type SurfaceForm => ?a type WikidataEntity	nebivolol name nebivolol | nebivolol type SurfaceForm => nebivolol type WikidataEntity
Rule_4897	?a name ?d ?d type SurfaceForm => ?a type WikidataEntity	extract name extract | extract type SurfaceForm => extract type WikidataEntity
Rule_4897	?a name ?d ?d type SurfaceForm => ?a type WikidataEntity	channel name channel | channel type SurfaceForm => channel type WikidataEntity
Rule_4897	?a name ?d ?d type SurfaceForm => ?a type WikidataEntity	infarction name infarction | infarction type SurfaceForm => infarction type WikidataEntity
Rule_4897	?a name ?d ?d type SurfaceForm => ?a type WikidataEntity	alkylhydroquinone name alkylhydroquinone | alkylhydroquinone type SurfaceForm => alkylhydroquinone type WikidataEntity
Rule_4897	?a name ?d ?d type SurfaceForm => ?a type WikidataEntity	publication name publication | publication type SurfaceForm => publication type WikidataEntity
Rule_4897	?a name ?d ?d type SurfaceForm => ?a type WikidataEntity	1,3-thiazolidine-2,4-dione name 1,3-thiazolidine-2,4-dione | 1,3-thiazolidine-2,4-dione type SurfaceForm => 1,3-thiazolidine-2,4-dione type WikidataEntity
Rule_4897	?a name ?d ?d type SurfaceForm => ?a type WikidataEntity	exenatide name exenatide | exenatide type SurfaceForm => exenatide type WikidataEntity
Rule_4897	?a name ?d ?d type SurfaceForm => ?a type WikidataEntity	thermoception name thermoception | thermoception type SurfaceForm => thermoception type WikidataEntity
Rule_4897	?a name ?d ?d type SurfaceForm => ?a type WikidataEntity	topiramate name topiramate | topiramate type SurfaceForm => topiramate type WikidataEntity
Rule_4897	?a name ?d ?d type SurfaceForm => ?a type WikidataEntity	acenocoumarol name acenocoumarol | acenocoumarol type SurfaceForm => acenocoumarol type WikidataEntity
Rule_4897	?a name ?d ?d type SurfaceForm => ?a type WikidataEntity	levobunolol name levobunolol | levobunolol type SurfaceForm => levobunolol type WikidataEntity
Rule_4897	?a name ?d ?d type SurfaceForm => ?a type WikidataEntity	sodium name sodium | sodium type SurfaceForm => sodium type WikidataEntity
Rule_4897	?a name ?d ?d type SurfaceForm => ?a type WikidataEntity	excipient name excipient | excipient type SurfaceForm => excipient type WikidataEntity
Rule_4897	?a name ?d ?d type SurfaceForm => ?a type WikidataEntity	rite name rite | rite type SurfaceForm => rite type WikidataEntity
Rule_4897	?a name ?d ?d type SurfaceForm => ?a type WikidataEntity	oxygen name oxygen | oxygen type SurfaceForm => oxygen type WikidataEntity
Rule_4897	?a name ?d ?d type SurfaceForm => ?a type WikidataEntity	skill name skill | skill type SurfaceForm => skill type WikidataEntity
Rule_4897	?a name ?d ?d type SurfaceForm => ?a type WikidataEntity	(E)-phytonadione name (E)-phytonadione | (E)-phytonadione type SurfaceForm => (E)-phytonadione type WikidataEntity
Rule_4897	?a name ?d ?d type SurfaceForm => ?a type WikidataEntity	learning name learning | learning type SurfaceForm => learning type WikidataEntity
Rule_4897	?a name ?d ?d type SurfaceForm => ?a type WikidataEntity	panobinostat name panobinostat | panobinostat type SurfaceForm => panobinostat type WikidataEntity
Rule_4897	?a name ?d ?d type SurfaceForm => ?a type WikidataEntity	beginning name beginning | beginning type SurfaceForm => beginning type WikidataEntity
Rule_4897	?a name ?d ?d type SurfaceForm => ?a type WikidataEntity	amiodarone name amiodarone | amiodarone type SurfaceForm => amiodarone type WikidataEntity
Rule_4897	?a name ?d ?d type SurfaceForm => ?a type WikidataEntity	meropenem name meropenem | meropenem type SurfaceForm => meropenem type WikidataEntity
Rule_4897	?a name ?d ?d type SurfaceForm => ?a type WikidataEntity	benzofurans name benzofurans | benzofurans type SurfaceForm => benzofurans type WikidataEntity
Rule_4897	?a name ?d ?d type SurfaceForm => ?a type WikidataEntity	menadione name menadione | menadione type SurfaceForm => menadione type WikidataEntity
Rule_4897	?a name ?d ?d type SurfaceForm => ?a type WikidataEntity	2-(methylamine)-1-phenyl-1-propanol name 2-(methylamine)-1-phenyl-1-propanol | 2-(methylamine)-1-phenyl-1-propanol type SurfaceForm => 2-(methylamine)-1-phenyl-1-propanol type WikidataEntity
Rule_4897	?a name ?d ?d type SurfaceForm => ?a type WikidataEntity	mesoridazine name mesoridazine | mesoridazine type SurfaceForm => mesoridazine type WikidataEntity
Rule_4897	?a name ?d ?d type SurfaceForm => ?a type WikidataEntity	revascularization name revascularization | revascularization type SurfaceForm => revascularization type WikidataEntity
Rule_4897	?a name ?d ?d type SurfaceForm => ?a type WikidataEntity	strength name strength | strength type SurfaceForm => strength type WikidataEntity
Rule_4897	?a name ?d ?d type SurfaceForm => ?a type WikidataEntity	trifluoperazine name trifluoperazine | trifluoperazine type SurfaceForm => trifluoperazine type WikidataEntity
Rule_4897	?a name ?d ?d type SurfaceForm => ?a type WikidataEntity	liquid name liquid | liquid type SurfaceForm => liquid type WikidataEntity
Rule_4897	?a name ?d ?d type SurfaceForm => ?a type WikidataEntity	sildenafil name sildenafil | sildenafil type SurfaceForm => sildenafil type WikidataEntity
Rule_4897	?a name ?d ?d type SurfaceForm => ?a type WikidataEntity	Q11447297 name Q11447297 | Q11447297 type SurfaceForm => Q11447297 type WikidataEntity
Rule_4897	?a name ?d ?d type SurfaceForm => ?a type WikidataEntity	(RS)-methoxyphenamine name (RS)-methoxyphenamine | (RS)-methoxyphenamine type SurfaceForm => (RS)-methoxyphenamine type WikidataEntity
Rule_4897	?a name ?d ?d type SurfaceForm => ?a type WikidataEntity	city name city | city type SurfaceForm => city type WikidataEntity
Rule_4897	?a name ?d ?d type SurfaceForm => ?a type WikidataEntity	acetamides name acetamides | acetamides type SurfaceForm => acetamides type WikidataEntity
Rule_4897	?a name ?d ?d type SurfaceForm => ?a type WikidataEntity	wheeze name wheeze | wheeze type SurfaceForm => wheeze type WikidataEntity
Rule_4897	?a name ?d ?d type SurfaceForm => ?a type WikidataEntity	overnutrition name overnutrition | overnutrition type SurfaceForm => overnutrition type WikidataEntity
Rule_4897	?a name ?d ?d type SurfaceForm => ?a type WikidataEntity	nifedipine name nifedipine | nifedipine type SurfaceForm => nifedipine type WikidataEntity
Rule_4897	?a name ?d ?d type SurfaceForm => ?a type WikidataEntity	lapatinib name lapatinib | lapatinib type SurfaceForm => lapatinib type WikidataEntity
Rule_4897	?a name ?d ?d type SurfaceForm => ?a type WikidataEntity	case name case | case type SurfaceForm => case type WikidataEntity
Rule_4897	?a name ?d ?d type SurfaceForm => ?a type WikidataEntity	edge name edge | edge type SurfaceForm => edge type WikidataEntity
Rule_4897	?a name ?d ?d type SurfaceForm => ?a type WikidataEntity	observable name observable | observable type SurfaceForm => observable type WikidataEntity
Rule_4897	?a name ?d ?d type SurfaceForm => ?a type WikidataEntity	analysis name analysis | analysis type SurfaceForm => analysis type WikidataEntity
Rule_4897	?a name ?d ?d type SurfaceForm => ?a type WikidataEntity	observation name observation | observation type SurfaceForm => observation type WikidataEntity
Rule_4897	?a name ?d ?d type SurfaceForm => ?a type WikidataEntity	layer name layer | layer type SurfaceForm => layer type WikidataEntity
Rule_4897	?a name ?d ?d type SurfaceForm => ?a type WikidataEntity	cost name cost | cost type SurfaceForm => cost type WikidataEntity
Rule_4897	?a name ?d ?d type SurfaceForm => ?a type WikidataEntity	cope name cope | cope type SurfaceForm => cope type WikidataEntity
Rule_4897	?a name ?d ?d type SurfaceForm => ?a type WikidataEntity	malnutrition name malnutrition | malnutrition type SurfaceForm => malnutrition type WikidataEntity
Rule_4897	?a name ?d ?d type SurfaceForm => ?a type WikidataEntity	vasoconstriction name vasoconstriction | vasoconstriction type SurfaceForm => vasoconstriction type WikidataEntity
Rule_4897	?a name ?d ?d type SurfaceForm => ?a type WikidataEntity	ziconotide name ziconotide | ziconotide type SurfaceForm => ziconotide type WikidataEntity
Rule_4897	?a name ?d ?d type SurfaceForm => ?a type WikidataEntity	group name group | group type SurfaceForm => group type WikidataEntity
Rule_4897	?a name ?d ?d type SurfaceForm => ?a type WikidataEntity	angiokeratoma name angiokeratoma | angiokeratoma type SurfaceForm => angiokeratoma type WikidataEntity
Rule_4897	?a name ?d ?d type SurfaceForm => ?a type WikidataEntity	sensation name sensation | sensation type SurfaceForm => sensation type WikidataEntity
Rule_4897	?a name ?d ?d type SurfaceForm => ?a type WikidataEntity	indacaterol name indacaterol | indacaterol type SurfaceForm => indacaterol type WikidataEntity
Rule_4897	?a name ?d ?d type SurfaceForm => ?a type WikidataEntity	moexipril name moexipril | moexipril type SurfaceForm => moexipril type WikidataEntity
Rule_4897	?a name ?d ?d type SurfaceForm => ?a type WikidataEntity	halothane name halothane | halothane type SurfaceForm => halothane type WikidataEntity
Rule_4897	?a name ?d ?d type SurfaceForm => ?a type WikidataEntity	nandrolone name nandrolone | nandrolone type SurfaceForm => nandrolone type WikidataEntity
Rule_4897	?a name ?d ?d type SurfaceForm => ?a type WikidataEntity	cyclobutane name cyclobutane | cyclobutane type SurfaceForm => cyclobutane type WikidataEntity
Rule_4897	?a name ?d ?d type SurfaceForm => ?a type WikidataEntity	neomycin name neomycin | neomycin type SurfaceForm => neomycin type WikidataEntity
Rule_4897	?a name ?d ?d type SurfaceForm => ?a type WikidataEntity	rivalry name rivalry | rivalry type SurfaceForm => rivalry type WikidataEntity
Rule_4897	?a name ?d ?d type SurfaceForm => ?a type WikidataEntity	infusion name infusion | infusion type SurfaceForm => infusion type WikidataEntity
Rule_4897	?a name ?d ?d type SurfaceForm => ?a type WikidataEntity	alphaprodine name alphaprodine | alphaprodine type SurfaceForm => alphaprodine type WikidataEntity
Rule_4897	?a name ?d ?d type SurfaceForm => ?a type WikidataEntity	landform name landform | landform type SurfaceForm => landform type WikidataEntity
Rule_4897	?a name ?d ?d type SurfaceForm => ?a type WikidataEntity	enoxacin name enoxacin | enoxacin type SurfaceForm => enoxacin type WikidataEntity
Rule_4897	?a name ?d ?d type SurfaceForm => ?a type WikidataEntity	(RS)-pioglitazone name (RS)-pioglitazone | (RS)-pioglitazone type SurfaceForm => (RS)-pioglitazone type WikidataEntity
Rule_4897	?a name ?d ?d type SurfaceForm => ?a type WikidataEntity	sorafenib name sorafenib | sorafenib type SurfaceForm => sorafenib type WikidataEntity
Rule_4897	?a name ?d ?d type SurfaceForm => ?a type WikidataEntity	it name it | it type SurfaceForm => it type WikidataEntity
Rule_4897	?a name ?d ?d type SurfaceForm => ?a type WikidataEntity	event name event | event type SurfaceForm => event type WikidataEntity
Rule_4897	?a name ?d ?d type SurfaceForm => ?a type WikidataEntity	qualifier name qualifier | qualifier type SurfaceForm => qualifier type WikidataEntity
Rule_4897	?a name ?d ?d type SurfaceForm => ?a type WikidataEntity	metiamide name metiamide | metiamide type SurfaceForm => metiamide type WikidataEntity
Rule_4897	?a name ?d ?d type SurfaceForm => ?a type WikidataEntity	interaction name interaction | interaction type SurfaceForm => interaction type WikidataEntity
Rule_4897	?a name ?d ?d type SurfaceForm => ?a type WikidataEntity	promazine name promazine | promazine type SurfaceForm => promazine type WikidataEntity
Rule_4897	?a name ?d ?d type SurfaceForm => ?a type WikidataEntity	histaminergic name histaminergic | histaminergic type SurfaceForm => histaminergic type WikidataEntity
Rule_4897	?a name ?d ?d type SurfaceForm => ?a type WikidataEntity	fenofibrate name fenofibrate | fenofibrate type SurfaceForm => fenofibrate type WikidataEntity
Rule_4897	?a name ?d ?d type SurfaceForm => ?a type WikidataEntity	erythritol name erythritol | erythritol type SurfaceForm => erythritol type WikidataEntity
Rule_4897	?a name ?d ?d type SurfaceForm => ?a type WikidataEntity	scoliosis name scoliosis | scoliosis type SurfaceForm => scoliosis type WikidataEntity
Rule_4897	?a name ?d ?d type SurfaceForm => ?a type WikidataEntity	pathology name pathology | pathology type SurfaceForm => pathology type WikidataEntity
Rule_4897	?a name ?d ?d type SurfaceForm => ?a type WikidataEntity	sarcoidosis name sarcoidosis | sarcoidosis type SurfaceForm => sarcoidosis type WikidataEntity
Rule_4897	?a name ?d ?d type SurfaceForm => ?a type WikidataEntity	bromodiphenhydramine name bromodiphenhydramine | bromodiphenhydramine type SurfaceForm => bromodiphenhydramine type WikidataEntity
Rule_4897	?a name ?d ?d type SurfaceForm => ?a type WikidataEntity	category name category | category type SurfaceForm => category type WikidataEntity
Rule_4897	?a name ?d ?d type SurfaceForm => ?a type WikidataEntity	nitroimidazole name nitroimidazole | nitroimidazole type SurfaceForm => nitroimidazole type WikidataEntity
Rule_4897	?a name ?d ?d type SurfaceForm => ?a type WikidataEntity	triazolobenzodiazepine name triazolobenzodiazepine | triazolobenzodiazepine type SurfaceForm => triazolobenzodiazepine type WikidataEntity
Rule_4897	?a name ?d ?d type SurfaceForm => ?a type WikidataEntity	(-)-gossypol name (-)-gossypol | (-)-gossypol type SurfaceForm => (-)-gossypol type WikidataEntity
Rule_4897	?a name ?d ?d type SurfaceForm => ?a type WikidataEntity	tofogliflozin name tofogliflozin | tofogliflozin type SurfaceForm => tofogliflozin type WikidataEntity
Rule_4897	?a name ?d ?d type SurfaceForm => ?a type WikidataEntity	xenobiotic name xenobiotic | xenobiotic type SurfaceForm => xenobiotic type WikidataEntity
Rule_4897	?a name ?d ?d type SurfaceForm => ?a type WikidataEntity	ganciclovir name ganciclovir | ganciclovir type SurfaceForm => ganciclovir type WikidataEntity
Rule_4897	?a name ?d ?d type SurfaceForm => ?a type WikidataEntity	metaxalone name metaxalone | metaxalone type SurfaceForm => metaxalone type WikidataEntity
Rule_4897	?a name ?d ?d type SurfaceForm => ?a type WikidataEntity	earthquake name earthquake | earthquake type SurfaceForm => earthquake type WikidataEntity
Rule_4897	?a name ?d ?d type SurfaceForm => ?a type WikidataEntity	programming name programming | programming type SurfaceForm => programming type WikidataEntity
Rule_4897	?a name ?d ?d type SurfaceForm => ?a type WikidataEntity	benazepril name benazepril | benazepril type SurfaceForm => benazepril type WikidataEntity
Rule_4897	?a name ?d ?d type SurfaceForm => ?a type WikidataEntity	desogestrel name desogestrel | desogestrel type SurfaceForm => desogestrel type WikidataEntity
Rule_4897	?a name ?d ?d type SurfaceForm => ?a type WikidataEntity	process name process | process type SurfaceForm => process type WikidataEntity
Rule_4897	?a name ?d ?d type SurfaceForm => ?a type WikidataEntity	valdecoxib name valdecoxib | valdecoxib type SurfaceForm => valdecoxib type WikidataEntity
Rule_4897	?a name ?d ?d type SurfaceForm => ?a type WikidataEntity	asterism name asterism | asterism type SurfaceForm => asterism type WikidataEntity
Rule_4897	?a name ?d ?d type SurfaceForm => ?a type WikidataEntity	glycoconjugate name glycoconjugate | glycoconjugate type SurfaceForm => glycoconjugate type WikidataEntity
Rule_4897	?a name ?d ?d type SurfaceForm => ?a type WikidataEntity	repunit name repunit | repunit type SurfaceForm => repunit type WikidataEntity
Rule_4897	?a name ?d ?d type SurfaceForm => ?a type WikidataEntity	stilbenoid name stilbenoid | stilbenoid type SurfaceForm => stilbenoid type WikidataEntity
Rule_4897	?a name ?d ?d type SurfaceForm => ?a type WikidataEntity	dicumarol name dicumarol | dicumarol type SurfaceForm => dicumarol type WikidataEntity
Rule_4897	?a name ?d ?d type SurfaceForm => ?a type WikidataEntity	(RS)-mexiletine name (RS)-mexiletine | (RS)-mexiletine type SurfaceForm => (RS)-mexiletine type WikidataEntity
Rule_4897	?a name ?d ?d type SurfaceForm => ?a type WikidataEntity	efegatran name efegatran | efegatran type SurfaceForm => efegatran type WikidataEntity
Rule_4897	?a name ?d ?d type SurfaceForm => ?a type WikidataEntity	confession name confession | confession type SurfaceForm => confession type WikidataEntity
Rule_4897	?a name ?d ?d type SurfaceForm => ?a type WikidataEntity	genetics name genetics | genetics type SurfaceForm => genetics type WikidataEntity
Rule_4897	?a name ?d ?d type SurfaceForm => ?a type WikidataEntity	dofetilide name dofetilide | dofetilide type SurfaceForm => dofetilide type WikidataEntity
Rule_4897	?a name ?d ?d type SurfaceForm => ?a type WikidataEntity	(RS)-hydroxyzine name (RS)-hydroxyzine | (RS)-hydroxyzine type SurfaceForm => (RS)-hydroxyzine type WikidataEntity
Rule_4897	?a name ?d ?d type SurfaceForm => ?a type WikidataEntity	aminoglycoside name aminoglycoside | aminoglycoside type SurfaceForm => aminoglycoside type WikidataEntity
Rule_4897	?a name ?d ?d type SurfaceForm => ?a type WikidataEntity	pattern name pattern | pattern type SurfaceForm => pattern type WikidataEntity
Rule_4897	?a name ?d ?d type SurfaceForm => ?a type WikidataEntity	panniculitis name panniculitis | panniculitis type SurfaceForm => panniculitis type WikidataEntity
Rule_4897	?a name ?d ?d type SurfaceForm => ?a type WikidataEntity	placebo name placebo | placebo type SurfaceForm => placebo type WikidataEntity
Rule_4897	?a name ?d ?d type SurfaceForm => ?a type WikidataEntity	enrollment name enrollment | enrollment type SurfaceForm => enrollment type WikidataEntity
Rule_4897	?a name ?d ?d type SurfaceForm => ?a type WikidataEntity	oligomer name oligomer | oligomer type SurfaceForm => oligomer type WikidataEntity
Rule_4897	?a name ?d ?d type SurfaceForm => ?a type WikidataEntity	4-(3,4-Dichlorophenyl)-n-methyl-1,2,3,4-tetrahydronaphthalen-1-amine name 4-(3,4-Dichlorophenyl)-n-methyl-1,2,3,4-tetrahydronaphthalen-1-amine | 4-(3,4-Dichlorophenyl)-n-methyl-1,2,3,4-tetrahydronaphthalen-1-amine type SurfaceForm => 4-(3,4-Dichlorophenyl)-n-methyl-1,2,3,4-tetrahydronaphthalen-1-amine type WikidataEntity
Rule_4897	?a name ?d ?d type SurfaceForm => ?a type WikidataEntity	neurodegeneration name neurodegeneration | neurodegeneration type SurfaceForm => neurodegeneration type WikidataEntity
Rule_4897	?a name ?d ?d type SurfaceForm => ?a type WikidataEntity	computer name computer | computer type SurfaceForm => computer type WikidataEntity
Rule_4897	?a name ?d ?d type SurfaceForm => ?a type WikidataEntity	tretinoin name tretinoin | tretinoin type SurfaceForm => tretinoin type WikidataEntity
Rule_4897	?a name ?d ?d type SurfaceForm => ?a type WikidataEntity	abatacept name abatacept | abatacept type SurfaceForm => abatacept type WikidataEntity
Rule_4897	?a name ?d ?d type SurfaceForm => ?a type WikidataEntity	hydrate name hydrate | hydrate type SurfaceForm => hydrate type WikidataEntity
Rule_4897	?a name ?d ?d type SurfaceForm => ?a type WikidataEntity	antimycobacterial name antimycobacterial | antimycobacterial type SurfaceForm => antimycobacterial type WikidataEntity
Rule_4897	?a name ?d ?d type SurfaceForm => ?a type WikidataEntity	etofylline name etofylline | etofylline type SurfaceForm => etofylline type WikidataEntity
Rule_4897	?a name ?d ?d type SurfaceForm => ?a type WikidataEntity	pyrrole name pyrrole | pyrrole type SurfaceForm => pyrrole type WikidataEntity
Rule_4897	?a name ?d ?d type SurfaceForm => ?a type WikidataEntity	leukoderma name leukoderma | leukoderma type SurfaceForm => leukoderma type WikidataEntity
Rule_4897	?a name ?d ?d type SurfaceForm => ?a type WikidataEntity	2 name 2 | 2 type SurfaceForm => 2 type WikidataEntity
Rule_4897	?a name ?d ?d type SurfaceForm => ?a type WikidataEntity	nitrendipine name nitrendipine | nitrendipine type SurfaceForm => nitrendipine type WikidataEntity
Rule_4897	?a name ?d ?d type SurfaceForm => ?a type WikidataEntity	halofantrine name halofantrine | halofantrine type SurfaceForm => halofantrine type WikidataEntity
Rule_4897	?a name ?d ?d type SurfaceForm => ?a type WikidataEntity	profession name profession | profession type SurfaceForm => profession type WikidataEntity
Rule_4897	?a name ?d ?d type SurfaceForm => ?a type WikidataEntity	self name self | self type SurfaceForm => self type WikidataEntity
Rule_4897	?a name ?d ?d type SurfaceForm => ?a type WikidataEntity	endocrinologist name endocrinologist | endocrinologist type SurfaceForm => endocrinologist type WikidataEntity
Rule_4897	?a name ?d ?d type SurfaceForm => ?a type WikidataEntity	sexology name sexology | sexology type SurfaceForm => sexology type WikidataEntity
Rule_4897	?a name ?d ?d type SurfaceForm => ?a type WikidataEntity	cyclacillin name cyclacillin | cyclacillin type SurfaceForm => cyclacillin type WikidataEntity
Rule_4897	?a name ?d ?d type SurfaceForm => ?a type WikidataEntity	pipe name pipe | pipe type SurfaceForm => pipe type WikidataEntity
Rule_4897	?a name ?d ?d type SurfaceForm => ?a type WikidataEntity	lacidipine name lacidipine | lacidipine type SurfaceForm => lacidipine type WikidataEntity
Rule_4897	?a name ?d ?d type SurfaceForm => ?a type WikidataEntity	pitavastatin name pitavastatin | pitavastatin type SurfaceForm => pitavastatin type WikidataEntity
Rule_4897	?a name ?d ?d type SurfaceForm => ?a type WikidataEntity	intersex name intersex | intersex type SurfaceForm => intersex type WikidataEntity
Rule_4897	?a name ?d ?d type SurfaceForm => ?a type WikidataEntity	6-methylprednisolone name 6-methylprednisolone | 6-methylprednisolone type SurfaceForm => 6-methylprednisolone type WikidataEntity
Rule_4897	?a name ?d ?d type SurfaceForm => ?a type WikidataEntity	tolvaptan name tolvaptan | tolvaptan type SurfaceForm => tolvaptan type WikidataEntity
Rule_4897	?a name ?d ?d type SurfaceForm => ?a type WikidataEntity	azosemide name azosemide | azosemide type SurfaceForm => azosemide type WikidataEntity
Rule_4897	?a name ?d ?d type SurfaceForm => ?a type WikidataEntity	alglucerase name alglucerase | alglucerase type SurfaceForm => alglucerase type WikidataEntity
Rule_4897	?a name ?d ?d type SurfaceForm => ?a type WikidataEntity	biopolymer name biopolymer | biopolymer type SurfaceForm => biopolymer type WikidataEntity
Rule_4897	?a name ?d ?d type SurfaceForm => ?a type WikidataEntity	dextroamphetamine name dextroamphetamine | dextroamphetamine type SurfaceForm => dextroamphetamine type WikidataEntity
Rule_4897	?a name ?d ?d type SurfaceForm => ?a type WikidataEntity	movement name movement | movement type SurfaceForm => movement type WikidataEntity
Rule_4897	?a name ?d ?d type SurfaceForm => ?a type WikidataEntity	torasemide name torasemide | torasemide type SurfaceForm => torasemide type WikidataEntity
Rule_4897	?a name ?d ?d type SurfaceForm => ?a type WikidataEntity	hypothesis name hypothesis | hypothesis type SurfaceForm => hypothesis type WikidataEntity
Rule_4897	?a name ?d ?d type SurfaceForm => ?a type WikidataEntity	projection name projection | projection type SurfaceForm => projection type WikidataEntity
Rule_4897	?a name ?d ?d type SurfaceForm => ?a type WikidataEntity	work name work | work type SurfaceForm => work type WikidataEntity
Rule_4897	?a name ?d ?d type SurfaceForm => ?a type WikidataEntity	paraproteinemia name paraproteinemia | paraproteinemia type SurfaceForm => paraproteinemia type WikidataEntity
Rule_4897	?a name ?d ?d type SurfaceForm => ?a type WikidataEntity	combination name combination | combination type SurfaceForm => combination type WikidataEntity
Rule_4897	?a name ?d ?d type SurfaceForm => ?a type WikidataEntity	chromonar name chromonar | chromonar type SurfaceForm => chromonar type WikidataEntity
Rule_4897	?a name ?d ?d type SurfaceForm => ?a type WikidataEntity	(E)-doxepin name (E)-doxepin | (E)-doxepin type SurfaceForm => (E)-doxepin type WikidataEntity
Rule_4897	?a name ?d ?d type SurfaceForm => ?a type WikidataEntity	E/e name E/e | E/e type SurfaceForm => E/e type WikidataEntity
Rule_4897	?a name ?d ?d type SurfaceForm => ?a type WikidataEntity	clonixin name clonixin | clonixin type SurfaceForm => clonixin type WikidataEntity
Rule_4897	?a name ?d ?d type SurfaceForm => ?a type WikidataEntity	halide name halide | halide type SurfaceForm => halide type WikidataEntity
Rule_4897	?a name ?d ?d type SurfaceForm => ?a type WikidataEntity	with name with | with type SurfaceForm => with type WikidataEntity
Rule_4897	?a name ?d ?d type SurfaceForm => ?a type WikidataEntity	agomelatine name agomelatine | agomelatine type SurfaceForm => agomelatine type WikidataEntity
Rule_4897	?a name ?d ?d type SurfaceForm => ?a type WikidataEntity	butorphanol name butorphanol | butorphanol type SurfaceForm => butorphanol type WikidataEntity
Rule_4897	?a name ?d ?d type SurfaceForm => ?a type WikidataEntity	cytarabine name cytarabine | cytarabine type SurfaceForm => cytarabine type WikidataEntity
Rule_4897	?a name ?d ?d type SurfaceForm => ?a type WikidataEntity	sesquiterpenoid name sesquiterpenoid | sesquiterpenoid type SurfaceForm => sesquiterpenoid type WikidataEntity
Rule_4897	?a name ?d ?d type SurfaceForm => ?a type WikidataEntity	asthma name asthma | asthma type SurfaceForm => asthma type WikidataEntity
Rule_4897	?a name ?d ?d type SurfaceForm => ?a type WikidataEntity	person name person | person type SurfaceForm => person type WikidataEntity
Rule_4897	?a name ?d ?d type SurfaceForm => ?a type WikidataEntity	dysuria name dysuria | dysuria type SurfaceForm => dysuria type WikidataEntity
Rule_4897	?a name ?d ?d type SurfaceForm => ?a type WikidataEntity	trapidil name trapidil | trapidil type SurfaceForm => trapidil type WikidataEntity
Rule_4897	?a name ?d ?d type SurfaceForm => ?a type WikidataEntity	meta-hydroxynorephedrine name meta-hydroxynorephedrine | meta-hydroxynorephedrine type SurfaceForm => meta-hydroxynorephedrine type WikidataEntity
Rule_4897	?a name ?d ?d type SurfaceForm => ?a type WikidataEntity	acetate name acetate | acetate type SurfaceForm => acetate type WikidataEntity
Rule_4897	?a name ?d ?d type SurfaceForm => ?a type WikidataEntity	idarubicin name idarubicin | idarubicin type SurfaceForm => idarubicin type WikidataEntity
Rule_4897	?a name ?d ?d type SurfaceForm => ?a type WikidataEntity	deferasirox name deferasirox | deferasirox type SurfaceForm => deferasirox type WikidataEntity
Rule_4897	?a name ?d ?d type SurfaceForm => ?a type WikidataEntity	subject name subject | subject type SurfaceForm => subject type WikidataEntity
Rule_4897	?a name ?d ?d type SurfaceForm => ?a type WikidataEntity	esomeprazole name esomeprazole | esomeprazole type SurfaceForm => esomeprazole type WikidataEntity
Rule_4897	?a name ?d ?d type SurfaceForm => ?a type WikidataEntity	sex name sex | sex type SurfaceForm => sex type WikidataEntity
Rule_4897	?a name ?d ?d type SurfaceForm => ?a type WikidataEntity	estazolam name estazolam | estazolam type SurfaceForm => estazolam type WikidataEntity
Rule_4897	?a name ?d ?d type SurfaceForm => ?a type WikidataEntity	oncology name oncology | oncology type SurfaceForm => oncology type WikidataEntity
Rule_4897	?a name ?d ?d type SurfaceForm => ?a type WikidataEntity	amiloride name amiloride | amiloride type SurfaceForm => amiloride type WikidataEntity
Rule_4897	?a name ?d ?d type SurfaceForm => ?a type WikidataEntity	hypoalbuminemia name hypoalbuminemia | hypoalbuminemia type SurfaceForm => hypoalbuminemia type WikidataEntity
Rule_4897	?a name ?d ?d type SurfaceForm => ?a type WikidataEntity	dimenhydrinate name dimenhydrinate | dimenhydrinate type SurfaceForm => dimenhydrinate type WikidataEntity
Rule_4897	?a name ?d ?d type SurfaceForm => ?a type WikidataEntity	anosmia name anosmia | anosmia type SurfaceForm => anosmia type WikidataEntity
Rule_4897	?a name ?d ?d type SurfaceForm => ?a type WikidataEntity	aprindine name aprindine | aprindine type SurfaceForm => aprindine type WikidataEntity
Rule_4897	?a name ?d ?d type SurfaceForm => ?a type WikidataEntity	substance name substance | substance type SurfaceForm => substance type WikidataEntity
Rule_4897	?a name ?d ?d type SurfaceForm => ?a type WikidataEntity	azatadine name azatadine | azatadine type SurfaceForm => azatadine type WikidataEntity
Rule_4897	?a name ?d ?d type SurfaceForm => ?a type WikidataEntity	medetomidine name medetomidine | medetomidine type SurfaceForm => medetomidine type WikidataEntity
Rule_4897	?a name ?d ?d type SurfaceForm => ?a type WikidataEntity	metronidazole name metronidazole | metronidazole type SurfaceForm => metronidazole type WikidataEntity
Rule_4897	?a name ?d ?d type SurfaceForm => ?a type WikidataEntity	grapheme name grapheme | grapheme type SurfaceForm => grapheme type WikidataEntity
Rule_4897	?a name ?d ?d type SurfaceForm => ?a type WikidataEntity	chlorpheniramine name chlorpheniramine | chlorpheniramine type SurfaceForm => chlorpheniramine type WikidataEntity
Rule_4897	?a name ?d ?d type SurfaceForm => ?a type WikidataEntity	neonatology name neonatology | neonatology type SurfaceForm => neonatology type WikidataEntity
Rule_4897	?a name ?d ?d type SurfaceForm => ?a type WikidataEntity	and name and | and type SurfaceForm => and type WikidataEntity
Rule_4897	?a name ?d ?d type SurfaceForm => ?a type WikidataEntity	print name print | print type SurfaceForm => print type WikidataEntity
Rule_4897	?a name ?d ?d type SurfaceForm => ?a type WikidataEntity	rejection name rejection | rejection type SurfaceForm => rejection type WikidataEntity
Rule_4897	?a name ?d ?d type SurfaceForm => ?a type WikidataEntity	temperature name temperature | temperature type SurfaceForm => temperature type WikidataEntity
Rule_4897	?a name ?d ?d type SurfaceForm => ?a type WikidataEntity	(2RS,6RS)-clopamide name (2RS,6RS)-clopamide | (2RS,6RS)-clopamide type SurfaceForm => (2RS,6RS)-clopamide type WikidataEntity
Rule_4897	?a name ?d ?d type SurfaceForm => ?a type WikidataEntity	edoxaban name edoxaban | edoxaban type SurfaceForm => edoxaban type WikidataEntity
Rule_4897	?a name ?d ?d type SurfaceForm => ?a type WikidataEntity	E-type name E-type | E-type type SurfaceForm => E-type type WikidataEntity
Rule_4897	?a name ?d ?d type SurfaceForm => ?a type WikidataEntity	neologism name neologism | neologism type SurfaceForm => neologism type WikidataEntity
Rule_4897	?a name ?d ?d type SurfaceForm => ?a type WikidataEntity	isoxsuprine name isoxsuprine | isoxsuprine type SurfaceForm => isoxsuprine type WikidataEntity
Rule_4897	?a name ?d ?d type SurfaceForm => ?a type WikidataEntity	ergometry name ergometry | ergometry type SurfaceForm => ergometry type WikidataEntity
Rule_4897	?a name ?d ?d type SurfaceForm => ?a type WikidataEntity	component name component | component type SurfaceForm => component type WikidataEntity
Rule_4897	?a name ?d ?d type SurfaceForm => ?a type WikidataEntity	pentoxifylline name pentoxifylline | pentoxifylline type SurfaceForm => pentoxifylline type WikidataEntity
Rule_4897	?a name ?d ?d type SurfaceForm => ?a type WikidataEntity	adolescence name adolescence | adolescence type SurfaceForm => adolescence type WikidataEntity
Rule_4897	?a name ?d ?d type SurfaceForm => ?a type WikidataEntity	nitrate name nitrate | nitrate type SurfaceForm => nitrate type WikidataEntity
Rule_4897	?a name ?d ?d type SurfaceForm => ?a type WikidataEntity	tenderness name tenderness | tenderness type SurfaceForm => tenderness type WikidataEntity
Rule_4897	?a name ?d ?d type SurfaceForm => ?a type WikidataEntity	terpenoids name terpenoids | terpenoids type SurfaceForm => terpenoids type WikidataEntity
Rule_4897	?a name ?d ?d type SurfaceForm => ?a type WikidataEntity	polymer name polymer | polymer type SurfaceForm => polymer type WikidataEntity
Rule_4897	?a name ?d ?d type SurfaceForm => ?a type WikidataEntity	vertigo name vertigo | vertigo type SurfaceForm => vertigo type WikidataEntity
Rule_4897	?a name ?d ?d type SurfaceForm => ?a type WikidataEntity	fibromyalgia name fibromyalgia | fibromyalgia type SurfaceForm => fibromyalgia type WikidataEntity
Rule_4897	?a name ?d ?d type SurfaceForm => ?a type WikidataEntity	article name article | article type SurfaceForm => article type WikidataEntity
Rule_4897	?a name ?d ?d type SurfaceForm => ?a type WikidataEntity	433 name 433 | 433 type SurfaceForm => 433 type WikidataEntity
Rule_4897	?a name ?d ?d type SurfaceForm => ?a type WikidataEntity	inflammation name inflammation | inflammation type SurfaceForm => inflammation type WikidataEntity
Rule_4897	?a name ?d ?d type SurfaceForm => ?a type WikidataEntity	prioritization name prioritization | prioritization type SurfaceForm => prioritization type WikidataEntity
Rule_4897	?a name ?d ?d type SurfaceForm => ?a type WikidataEntity	hypoesthesia name hypoesthesia | hypoesthesia type SurfaceForm => hypoesthesia type WikidataEntity
Rule_4897	?a name ?d ?d type SurfaceForm => ?a type WikidataEntity	indomethacin name indomethacin | indomethacin type SurfaceForm => indomethacin type WikidataEntity
Rule_4897	?a name ?d ?d type SurfaceForm => ?a type WikidataEntity	sequel name sequel | sequel type SurfaceForm => sequel type WikidataEntity
Rule_4897	?a name ?d ?d type SurfaceForm => ?a type WikidataEntity	nalbuphine name nalbuphine | nalbuphine type SurfaceForm => nalbuphine type WikidataEntity
Rule_4897	?a name ?d ?d type SurfaceForm => ?a type WikidataEntity	causality name causality | causality type SurfaceForm => causality type WikidataEntity
Rule_4897	?a name ?d ?d type SurfaceForm => ?a type WikidataEntity	carefulness name carefulness | carefulness type SurfaceForm => carefulness type WikidataEntity
Rule_4897	?a name ?d ?d type SurfaceForm => ?a type WikidataEntity	sargramostim name sargramostim | sargramostim type SurfaceForm => sargramostim type WikidataEntity
Rule_4897	?a name ?d ?d type SurfaceForm => ?a type WikidataEntity	DC-L1 name DC-L1 | DC-L1 type SurfaceForm => DC-L1 type WikidataEntity
Rule_4897	?a name ?d ?d type SurfaceForm => ?a type WikidataEntity	bupropion/naltrexone name bupropion/naltrexone | bupropion/naltrexone type SurfaceForm => bupropion/naltrexone type WikidataEntity
Rule_4897	?a name ?d ?d type SurfaceForm => ?a type WikidataEntity	sotalol name sotalol | sotalol type SurfaceForm => sotalol type WikidataEntity
Rule_4897	?a name ?d ?d type SurfaceForm => ?a type WikidataEntity	dapagliflozin name dapagliflozin | dapagliflozin type SurfaceForm => dapagliflozin type WikidataEntity
Rule_4897	?a name ?d ?d type SurfaceForm => ?a type WikidataEntity	fenamates name fenamates | fenamates type SurfaceForm => fenamates type WikidataEntity
Rule_4897	?a name ?d ?d type SurfaceForm => ?a type WikidataEntity	pancarditis name pancarditis | pancarditis type SurfaceForm => pancarditis type WikidataEntity
Rule_4897	?a name ?d ?d type SurfaceForm => ?a type WikidataEntity	anaphylaxis name anaphylaxis | anaphylaxis type SurfaceForm => anaphylaxis type WikidataEntity
Rule_4897	?a name ?d ?d type SurfaceForm => ?a type WikidataEntity	sign name sign | sign type SurfaceForm => sign type WikidataEntity
Rule_4897	?a name ?d ?d type SurfaceForm => ?a type WikidataEntity	dextropropoxyphene name dextropropoxyphene | dextropropoxyphene type SurfaceForm => dextropropoxyphene type WikidataEntity
Rule_4897	?a name ?d ?d type SurfaceForm => ?a type WikidataEntity	bronchitis name bronchitis | bronchitis type SurfaceForm => bronchitis type WikidataEntity
Rule_4897	?a name ?d ?d type SurfaceForm => ?a type WikidataEntity	provider name provider | provider type SurfaceForm => provider type WikidataEntity
Rule_4897	?a name ?d ?d type SurfaceForm => ?a type WikidataEntity	clonazepam name clonazepam | clonazepam type SurfaceForm => clonazepam type WikidataEntity
Rule_4897	?a name ?d ?d type SurfaceForm => ?a type WikidataEntity	(+)-gossypol name (+)-gossypol | (+)-gossypol type SurfaceForm => (+)-gossypol type WikidataEntity
Rule_4897	?a name ?d ?d type SurfaceForm => ?a type WikidataEntity	imiglucerase name imiglucerase | imiglucerase type SurfaceForm => imiglucerase type WikidataEntity
Rule_4897	?a name ?d ?d type SurfaceForm => ?a type WikidataEntity	dermatology name dermatology | dermatology type SurfaceForm => dermatology type WikidataEntity
Rule_4897	?a name ?d ?d type SurfaceForm => ?a type WikidataEntity	(RS)-dobutamine name (RS)-dobutamine | (RS)-dobutamine type SurfaceForm => (RS)-dobutamine type WikidataEntity
Rule_4897	?a name ?d ?d type SurfaceForm => ?a type WikidataEntity	pharmacist name pharmacist | pharmacist type SurfaceForm => pharmacist type WikidataEntity
Rule_4897	?a name ?d ?d type SurfaceForm => ?a type WikidataEntity	biomarker name biomarker | biomarker type SurfaceForm => biomarker type WikidataEntity
Rule_4897	?a name ?d ?d type SurfaceForm => ?a type WikidataEntity	nurse name nurse | nurse type SurfaceForm => nurse type WikidataEntity
Rule_4897	?a name ?d ?d type SurfaceForm => ?a type WikidataEntity	streptomycin name streptomycin | streptomycin type SurfaceForm => streptomycin type WikidataEntity
Rule_4897	?a name ?d ?d type SurfaceForm => ?a type WikidataEntity	gossypol name gossypol | gossypol type SurfaceForm => gossypol type WikidataEntity
Rule_4897	?a name ?d ?d type SurfaceForm => ?a type WikidataEntity	lifestyle name lifestyle | lifestyle type SurfaceForm => lifestyle type WikidataEntity
Rule_4897	?a name ?d ?d type SurfaceForm => ?a type WikidataEntity	usability name usability | usability type SurfaceForm => usability type WikidataEntity
Rule_4897	?a name ?d ?d type SurfaceForm => ?a type WikidataEntity	anaesthesia name anaesthesia | anaesthesia type SurfaceForm => anaesthesia type WikidataEntity
Rule_4897	?a name ?d ?d type SurfaceForm => ?a type WikidataEntity	gendered name gendered | gendered type SurfaceForm => gendered type WikidataEntity
Rule_4897	?a name ?d ?d type SurfaceForm => ?a type WikidataEntity	organotherapy name organotherapy | organotherapy type SurfaceForm => organotherapy type WikidataEntity
Rule_4897	?a name ?d ?d type SurfaceForm => ?a type WikidataEntity	vas name vas | vas type SurfaceForm => vas type WikidataEntity
Rule_4897	?a name ?d ?d type SurfaceForm => ?a type WikidataEntity	content name content | content type SurfaceForm => content type WikidataEntity
Rule_4897	?a name ?d ?d type SurfaceForm => ?a type WikidataEntity	asystole name asystole | asystole type SurfaceForm => asystole type WikidataEntity
Rule_4897	?a name ?d ?d type SurfaceForm => ?a type WikidataEntity	wind name wind | wind type SurfaceForm => wind type WikidataEntity
Rule_4897	?a name ?d ?d type SurfaceForm => ?a type WikidataEntity	bretylium name bretylium | bretylium type SurfaceForm => bretylium type WikidataEntity
Rule_4897	?a name ?d ?d type SurfaceForm => ?a type WikidataEntity	benzodiazepine name benzodiazepine | benzodiazepine type SurfaceForm => benzodiazepine type WikidataEntity
Rule_4897	?a name ?d ?d type SurfaceForm => ?a type WikidataEntity	Q96797202 name Q96797202 | Q96797202 type SurfaceForm => Q96797202 type WikidataEntity
Rule_4897	?a name ?d ?d type SurfaceForm => ?a type WikidataEntity	adjustment name adjustment | adjustment type SurfaceForm => adjustment type WikidataEntity
Rule_4897	?a name ?d ?d type SurfaceForm => ?a type WikidataEntity	barbiturates name barbiturates | barbiturates type SurfaceForm => barbiturates type WikidataEntity
Rule_4897	?a name ?d ?d type SurfaceForm => ?a type WikidataEntity	comic name comic | comic type SurfaceForm => comic type WikidataEntity
Rule_4897	?a name ?d ?d type SurfaceForm => ?a type WikidataEntity	goal name goal | goal type SurfaceForm => goal type WikidataEntity
Rule_4897	?a name ?d ?d type SurfaceForm => ?a type WikidataEntity	fluorobenzene name fluorobenzene | fluorobenzene type SurfaceForm => fluorobenzene type WikidataEntity
Rule_4897	?a name ?d ?d type SurfaceForm => ?a type WikidataEntity	phenazopyridine name phenazopyridine | phenazopyridine type SurfaceForm => phenazopyridine type WikidataEntity
Rule_4897	?a name ?d ?d type SurfaceForm => ?a type WikidataEntity	circumstantial name circumstantial | circumstantial type SurfaceForm => circumstantial type WikidataEntity
Rule_4897	?a name ?d ?d type SurfaceForm => ?a type WikidataEntity	rat name rat | rat type SurfaceForm => rat type WikidataEntity
Rule_4897	?a name ?d ?d type SurfaceForm => ?a type WikidataEntity	solifenacin name solifenacin | solifenacin type SurfaceForm => solifenacin type WikidataEntity
Rule_4897	?a name ?d ?d type SurfaceForm => ?a type WikidataEntity	cobalamin name cobalamin | cobalamin type SurfaceForm => cobalamin type WikidataEntity
Rule_4897	?a name ?d ?d type SurfaceForm => ?a type WikidataEntity	consultation name consultation | consultation type SurfaceForm => consultation type WikidataEntity
Rule_4897	?a name ?d ?d type SurfaceForm => ?a type WikidataEntity	doxercalciferol name doxercalciferol | doxercalciferol type SurfaceForm => doxercalciferol type WikidataEntity
Rule_4897	?a name ?d ?d type SurfaceForm => ?a type WikidataEntity	protriptyline name protriptyline | protriptyline type SurfaceForm => protriptyline type WikidataEntity
Rule_4897	?a name ?d ?d type SurfaceForm => ?a type WikidataEntity	desonide name desonide | desonide type SurfaceForm => desonide type WikidataEntity
Rule_4897	?a name ?d ?d type SurfaceForm => ?a type WikidataEntity	abstinence name abstinence | abstinence type SurfaceForm => abstinence type WikidataEntity
Rule_4897	?a name ?d ?d type SurfaceForm => ?a type WikidataEntity	Lch name Lch | Lch type SurfaceForm => Lch type WikidataEntity
Rule_4897	?a name ?d ?d type SurfaceForm => ?a type WikidataEntity	experiment name experiment | experiment type SurfaceForm => experiment type WikidataEntity
Rule_4897	?a name ?d ?d type SurfaceForm => ?a type WikidataEntity	everyone name everyone | everyone type SurfaceForm => everyone type WikidataEntity
Rule_4897	?a name ?d ?d type SurfaceForm => ?a type WikidataEntity	astemizole name astemizole | astemizole type SurfaceForm => astemizole type WikidataEntity
Rule_4897	?a name ?d ?d type SurfaceForm => ?a type WikidataEntity	cefixime name cefixime | cefixime type SurfaceForm => cefixime type WikidataEntity
Rule_4897	?a name ?d ?d type SurfaceForm => ?a type WikidataEntity	prostanoids name prostanoids | prostanoids type SurfaceForm => prostanoids type WikidataEntity
Rule_4897	?a name ?d ?d type SurfaceForm => ?a type WikidataEntity	hematology name hematology | hematology type SurfaceForm => hematology type WikidataEntity
Rule_4897	?a name ?d ?d type SurfaceForm => ?a type WikidataEntity	aprotinin name aprotinin | aprotinin type SurfaceForm => aprotinin type WikidataEntity
Rule_4897	?a name ?d ?d type SurfaceForm => ?a type WikidataEntity	hydrochlorothiazide name hydrochlorothiazide | hydrochlorothiazide type SurfaceForm => hydrochlorothiazide type WikidataEntity
Rule_4897	?a name ?d ?d type SurfaceForm => ?a type WikidataEntity	fluphenazine name fluphenazine | fluphenazine type SurfaceForm => fluphenazine type WikidataEntity
Rule_4897	?a name ?d ?d type SurfaceForm => ?a type WikidataEntity	reduction name reduction | reduction type SurfaceForm => reduction type WikidataEntity
Rule_4897	?a name ?d ?d type SurfaceForm => ?a type WikidataEntity	contour name contour | contour type SurfaceForm => contour type WikidataEntity
Rule_4897	?a name ?d ?d type SurfaceForm => ?a type WikidataEntity	tiotidine name tiotidine | tiotidine type SurfaceForm => tiotidine type WikidataEntity
Rule_4897	?a name ?d ?d type SurfaceForm => ?a type WikidataEntity	phenprocoumon name phenprocoumon | phenprocoumon type SurfaceForm => phenprocoumon type WikidataEntity
Rule_4897	?a name ?d ?d type SurfaceForm => ?a type WikidataEntity	device name device | device type SurfaceForm => device type WikidataEntity
Rule_4897	?a name ?d ?d type SurfaceForm => ?a type WikidataEntity	benzylpenicillin name benzylpenicillin | benzylpenicillin type SurfaceForm => benzylpenicillin type WikidataEntity
Rule_4897	?a name ?d ?d type SurfaceForm => ?a type WikidataEntity	those name those | those type SurfaceForm => those type WikidataEntity
Rule_4897	?a name ?d ?d type SurfaceForm => ?a type WikidataEntity	diterpenoid name diterpenoid | diterpenoid type SurfaceForm => diterpenoid type WikidataEntity
Rule_4897	?a name ?d ?d type SurfaceForm => ?a type WikidataEntity	delapril name delapril | delapril type SurfaceForm => delapril type WikidataEntity
Rule_4897	?a name ?d ?d type SurfaceForm => ?a type WikidataEntity	fenoldopam name fenoldopam | fenoldopam type SurfaceForm => fenoldopam type WikidataEntity
Rule_4897	?a name ?d ?d type SurfaceForm => ?a type WikidataEntity	daily name daily | daily type SurfaceForm => daily type WikidataEntity
Rule_4897	?a name ?d ?d type SurfaceForm => ?a type WikidataEntity	21-Chloro-9-fluoro-11,17-dihydroxy-16-methylpregna-1,4-diene-3,20-dione name 21-Chloro-9-fluoro-11,17-dihydroxy-16-methylpregna-1,4-diene-3,20-dione | 21-Chloro-9-fluoro-11,17-dihydroxy-16-methylpregna-1,4-diene-3,20-dione type SurfaceForm => 21-Chloro-9-fluoro-11,17-dihydroxy-16-methylpregna-1,4-diene-3,20-dione type WikidataEntity
Rule_4897	?a name ?d ?d type SurfaceForm => ?a type WikidataEntity	hematemesis name hematemesis | hematemesis type SurfaceForm => hematemesis type WikidataEntity
Rule_4897	?a name ?d ?d type SurfaceForm => ?a type WikidataEntity	bestrophinopathy name bestrophinopathy | bestrophinopathy type SurfaceForm => bestrophinopathy type WikidataEntity
Rule_4897	?a name ?d ?d type SurfaceForm => ?a type WikidataEntity	magnesium name magnesium | magnesium type SurfaceForm => magnesium type WikidataEntity
Rule_4897	?a name ?d ?d type SurfaceForm => ?a type WikidataEntity	nitrovasodilator name nitrovasodilator | nitrovasodilator type SurfaceForm => nitrovasodilator type WikidataEntity
Rule_4897	?a name ?d ?d type SurfaceForm => ?a type WikidataEntity	valganciclovir name valganciclovir | valganciclovir type SurfaceForm => valganciclovir type WikidataEntity
Rule_4897	?a name ?d ?d type SurfaceForm => ?a type WikidataEntity	telavancin name telavancin | telavancin type SurfaceForm => telavancin type WikidataEntity
Rule_4897	?a name ?d ?d type SurfaceForm => ?a type WikidataEntity	buprenorphine/naloxone name buprenorphine/naloxone | buprenorphine/naloxone type SurfaceForm => buprenorphine/naloxone type WikidataEntity
Rule_4897	?a name ?d ?d type SurfaceForm => ?a type WikidataEntity	microbiology name microbiology | microbiology type SurfaceForm => microbiology type WikidataEntity
Rule_4897	?a name ?d ?d type SurfaceForm => ?a type WikidataEntity	effectiveness name effectiveness | effectiveness type SurfaceForm => effectiveness type WikidataEntity
Rule_4897	?a name ?d ?d type SurfaceForm => ?a type WikidataEntity	harmfulness name harmfulness | harmfulness type SurfaceForm => harmfulness type WikidataEntity
Rule_4897	?a name ?d ?d type SurfaceForm => ?a type WikidataEntity	metabolism name metabolism | metabolism type SurfaceForm => metabolism type WikidataEntity
Rule_4897	?a name ?d ?d type SurfaceForm => ?a type WikidataEntity	dextran name dextran | dextran type SurfaceForm => dextran type WikidataEntity
Rule_4897	?a name ?d ?d type SurfaceForm => ?a type WikidataEntity	preference name preference | preference type SurfaceForm => preference type WikidataEntity
Rule_4897	?a name ?d ?d type SurfaceForm => ?a type WikidataEntity	fexofenadine name fexofenadine | fexofenadine type SurfaceForm => fexofenadine type WikidataEntity
Rule_4897	?a name ?d ?d type SurfaceForm => ?a type WikidataEntity	etomidate name etomidate | etomidate type SurfaceForm => etomidate type WikidataEntity
Rule_4897	?a name ?d ?d type SurfaceForm => ?a type WikidataEntity	organization name organization | organization type SurfaceForm => organization type WikidataEntity
Rule_4897	?a name ?d ?d type SurfaceForm => ?a type WikidataEntity	voice name voice | voice type SurfaceForm => voice type WikidataEntity
Rule_4897	?a name ?d ?d type SurfaceForm => ?a type WikidataEntity	otilimab name otilimab | otilimab type SurfaceForm => otilimab type WikidataEntity
Rule_4897	?a name ?d ?d type SurfaceForm => ?a type WikidataEntity	exterior name exterior | exterior type SurfaceForm => exterior type WikidataEntity
Rule_4897	?a name ?d ?d type SurfaceForm => ?a type WikidataEntity	tirofiban name tirofiban | tirofiban type SurfaceForm => tirofiban type WikidataEntity
Rule_4897	?a name ?d ?d type SurfaceForm => ?a type WikidataEntity	azole name azole | azole type SurfaceForm => azole type WikidataEntity
Rule_4897	?a name ?d ?d type SurfaceForm => ?a type WikidataEntity	oxtriphylline name oxtriphylline | oxtriphylline type SurfaceForm => oxtriphylline type WikidataEntity
Rule_4897	?a name ?d ?d type SurfaceForm => ?a type WikidataEntity	methylxanthine name methylxanthine | methylxanthine type SurfaceForm => methylxanthine type WikidataEntity
Rule_4897	?a name ?d ?d type SurfaceForm => ?a type WikidataEntity	Q107478770 name Q107478770 | Q107478770 type SurfaceForm => Q107478770 type WikidataEntity
Rule_4897	?a name ?d ?d type SurfaceForm => ?a type WikidataEntity	bupropion name bupropion | bupropion type SurfaceForm => bupropion type WikidataEntity
Rule_4897	?a name ?d ?d type SurfaceForm => ?a type WikidataEntity	(RS)-salbutamol name (RS)-salbutamol | (RS)-salbutamol type SurfaceForm => (RS)-salbutamol type WikidataEntity
Rule_4897	?a name ?d ?d type SurfaceForm => ?a type WikidataEntity	ustekinumab name ustekinumab | ustekinumab type SurfaceForm => ustekinumab type WikidataEntity
Rule_4897	?a name ?d ?d type SurfaceForm => ?a type WikidataEntity	means name means | means type SurfaceForm => means type WikidataEntity
Rule_4897	?a name ?d ?d type SurfaceForm => ?a type WikidataEntity	prerequisite name prerequisite | prerequisite type SurfaceForm => prerequisite type WikidataEntity
Rule_4897	?a name ?d ?d type SurfaceForm => ?a type WikidataEntity	exercise name exercise | exercise type SurfaceForm => exercise type WikidataEntity
Rule_4897	?a name ?d ?d type SurfaceForm => ?a type WikidataEntity	dutasteride name dutasteride | dutasteride type SurfaceForm => dutasteride type WikidataEntity
Rule_4897	?a name ?d ?d type SurfaceForm => ?a type WikidataEntity	levamlodipine name levamlodipine | levamlodipine type SurfaceForm => levamlodipine type WikidataEntity
Rule_4897	?a name ?d ?d type SurfaceForm => ?a type WikidataEntity	hypoglycemia name hypoglycemia | hypoglycemia type SurfaceForm => hypoglycemia type WikidataEntity
Rule_4897	?a name ?d ?d type SurfaceForm => ?a type WikidataEntity	black name black | black type SurfaceForm => black type WikidataEntity
Rule_4897	?a name ?d ?d type SurfaceForm => ?a type WikidataEntity	haloperidol name haloperidol | haloperidol type SurfaceForm => haloperidol type WikidataEntity
Rule_4897	?a name ?d ?d type SurfaceForm => ?a type WikidataEntity	lymphopenia name lymphopenia | lymphopenia type SurfaceForm => lymphopenia type WikidataEntity
Rule_4897	?a name ?d ?d type SurfaceForm => ?a type WikidataEntity	paricalcitol name paricalcitol | paricalcitol type SurfaceForm => paricalcitol type WikidataEntity
Rule_4897	?a name ?d ?d type SurfaceForm => ?a type WikidataEntity	friendship name friendship | friendship type SurfaceForm => friendship type WikidataEntity
Rule_4897	?a name ?d ?d type SurfaceForm => ?a type WikidataEntity	frequency name frequency | frequency type SurfaceForm => frequency type WikidataEntity
Rule_4897	?a name ?d ?d type SurfaceForm => ?a type WikidataEntity	hydration name hydration | hydration type SurfaceForm => hydration type WikidataEntity
Rule_4897	?a name ?d ?d type SurfaceForm => ?a type WikidataEntity	value name value | value type SurfaceForm => value type WikidataEntity
Rule_4897	?a name ?d ?d type SurfaceForm => ?a type WikidataEntity	(RS)-darglitazone name (RS)-darglitazone | (RS)-darglitazone type SurfaceForm => (RS)-darglitazone type WikidataEntity
Rule_4897	?a name ?d ?d type SurfaceForm => ?a type WikidataEntity	ketonemia name ketonemia | ketonemia type SurfaceForm => ketonemia type WikidataEntity
Rule_4897	?a name ?d ?d type SurfaceForm => ?a type WikidataEntity	pazopanib name pazopanib | pazopanib type SurfaceForm => pazopanib type WikidataEntity
Rule_4897	?a name ?d ?d type SurfaceForm => ?a type WikidataEntity	riding name riding | riding type SurfaceForm => riding type WikidataEntity
Rule_4897	?a name ?d ?d type SurfaceForm => ?a type WikidataEntity	sulfadiazine name sulfadiazine | sulfadiazine type SurfaceForm => sulfadiazine type WikidataEntity
Rule_4897	?a name ?d ?d type SurfaceForm => ?a type WikidataEntity	arthritis name arthritis | arthritis type SurfaceForm => arthritis type WikidataEntity
Rule_4897	?a name ?d ?d type SurfaceForm => ?a type WikidataEntity	CubeSat name CubeSat | CubeSat type SurfaceForm => CubeSat type WikidataEntity
Rule_4897	?a name ?d ?d type SurfaceForm => ?a type WikidataEntity	alkanolamine name alkanolamine | alkanolamine type SurfaceForm => alkanolamine type WikidataEntity
Rule_4897	?a name ?d ?d type SurfaceForm => ?a type WikidataEntity	encephalitis name encephalitis | encephalitis type SurfaceForm => encephalitis type WikidataEntity
Rule_4897	?a name ?d ?d type SurfaceForm => ?a type WikidataEntity	demeclocycline name demeclocycline | demeclocycline type SurfaceForm => demeclocycline type WikidataEntity
Rule_4897	?a name ?d ?d type SurfaceForm => ?a type WikidataEntity	tetrabenazine name tetrabenazine | tetrabenazine type SurfaceForm => tetrabenazine type WikidataEntity
Rule_4897	?a name ?d ?d type SurfaceForm => ?a type WikidataEntity	nausea name nausea | nausea type SurfaceForm => nausea type WikidataEntity
Rule_4897	?a name ?d ?d type SurfaceForm => ?a type WikidataEntity	diabetes name diabetes | diabetes type SurfaceForm => diabetes type WikidataEntity
Rule_4897	?a name ?d ?d type SurfaceForm => ?a type WikidataEntity	symptom name symptom | symptom type SurfaceForm => symptom type WikidataEntity
Rule_4897	?a name ?d ?d type SurfaceForm => ?a type WikidataEntity	worker name worker | worker type SurfaceForm => worker type WikidataEntity
Rule_4897	?a name ?d ?d type SurfaceForm => ?a type WikidataEntity	Anzemet name Anzemet | Anzemet type SurfaceForm => Anzemet type WikidataEntity
Rule_4897	?a name ?d ?d type SurfaceForm => ?a type WikidataEntity	allylestrenol name allylestrenol | allylestrenol type SurfaceForm => allylestrenol type WikidataEntity
Rule_4897	?a name ?d ?d type SurfaceForm => ?a type WikidataEntity	cilastatin name cilastatin | cilastatin type SurfaceForm => cilastatin type WikidataEntity
Rule_4897	?a name ?d ?d type SurfaceForm => ?a type WikidataEntity	encephalopathy name encephalopathy | encephalopathy type SurfaceForm => encephalopathy type WikidataEntity
Rule_4897	?a name ?d ?d type SurfaceForm => ?a type WikidataEntity	triptan name triptan | triptan type SurfaceForm => triptan type WikidataEntity
Rule_4897	?a name ?d ?d type SurfaceForm => ?a type WikidataEntity	quetiapine name quetiapine | quetiapine type SurfaceForm => quetiapine type WikidataEntity
Rule_4897	?a name ?d ?d type SurfaceForm => ?a type WikidataEntity	zomepirac name zomepirac | zomepirac type SurfaceForm => zomepirac type WikidataEntity
Rule_4897	?a name ?d ?d type SurfaceForm => ?a type WikidataEntity	piperacillin/tazobactam name piperacillin/tazobactam | piperacillin/tazobactam type SurfaceForm => piperacillin/tazobactam type WikidataEntity
Rule_4897	?a name ?d ?d type SurfaceForm => ?a type WikidataEntity	evolocumab name evolocumab | evolocumab type SurfaceForm => evolocumab type WikidataEntity
Rule_4897	?a name ?d ?d type SurfaceForm => ?a type WikidataEntity	budesonide name budesonide | budesonide type SurfaceForm => budesonide type WikidataEntity
Rule_4897	?a name ?d ?d type SurfaceForm => ?a type WikidataEntity	contraceptive name contraceptive | contraceptive type SurfaceForm => contraceptive type WikidataEntity
Rule_4897	?a name ?d ?d type SurfaceForm => ?a type WikidataEntity	prostaglandins name prostaglandins | prostaglandins type SurfaceForm => prostaglandins type WikidataEntity
Rule_4897	?a name ?d ?d type SurfaceForm => ?a type WikidataEntity	foscarnet name foscarnet | foscarnet type SurfaceForm => foscarnet type WikidataEntity
Rule_4897	?a name ?d ?d type SurfaceForm => ?a type WikidataEntity	intervention name intervention | intervention type SurfaceForm => intervention type WikidataEntity
Rule_4897	?a name ?d ?d type SurfaceForm => ?a type WikidataEntity	spasm name spasm | spasm type SurfaceForm => spasm type WikidataEntity
Rule_4897	?a name ?d ?d type SurfaceForm => ?a type WikidataEntity	penams name penams | penams type SurfaceForm => penams type WikidataEntity
Rule_4897	?a name ?d ?d type SurfaceForm => ?a type WikidataEntity	irritability name irritability | irritability type SurfaceForm => irritability type WikidataEntity
Rule_4897	?a name ?d ?d type SurfaceForm => ?a type WikidataEntity	insulin name insulin | insulin type SurfaceForm => insulin type WikidataEntity
Rule_4897	?a name ?d ?d type SurfaceForm => ?a type WikidataEntity	comburent name comburent | comburent type SurfaceForm => comburent type WikidataEntity
Rule_4897	?a name ?d ?d type SurfaceForm => ?a type WikidataEntity	parasitology name parasitology | parasitology type SurfaceForm => parasitology type WikidataEntity
Rule_4897	?a name ?d ?d type SurfaceForm => ?a type WikidataEntity	tertatolol name tertatolol | tertatolol type SurfaceForm => tertatolol type WikidataEntity
Rule_4897	?a name ?d ?d type SurfaceForm => ?a type WikidataEntity	isosorbide name isosorbide | isosorbide type SurfaceForm => isosorbide type WikidataEntity
Rule_4897	?a name ?d ?d type SurfaceForm => ?a type WikidataEntity	(+)-pseudoephedrine name (+)-pseudoephedrine | (+)-pseudoephedrine type SurfaceForm => (+)-pseudoephedrine type WikidataEntity
Rule_4897	?a name ?d ?d type SurfaceForm => ?a type WikidataEntity	diltiazem name diltiazem | diltiazem type SurfaceForm => diltiazem type WikidataEntity
Rule_4897	?a name ?d ?d type SurfaceForm => ?a type WikidataEntity	trimethoprim name trimethoprim | trimethoprim type SurfaceForm => trimethoprim type WikidataEntity
Rule_4897	?a name ?d ?d type SurfaceForm => ?a type WikidataEntity	variation name variation | variation type SurfaceForm => variation type WikidataEntity
Rule_4897	?a name ?d ?d type SurfaceForm => ?a type WikidataEntity	purchasing name purchasing | purchasing type SurfaceForm => purchasing type WikidataEntity
Rule_4897	?a name ?d ?d type SurfaceForm => ?a type WikidataEntity	desirudin name desirudin | desirudin type SurfaceForm => desirudin type WikidataEntity
Rule_4897	?a name ?d ?d type SurfaceForm => ?a type WikidataEntity	kindred name kindred | kindred type SurfaceForm => kindred type WikidataEntity
Rule_4897	?a name ?d ?d type SurfaceForm => ?a type WikidataEntity	ascites name ascites | ascites type SurfaceForm => ascites type WikidataEntity
Rule_4897	?a name ?d ?d type SurfaceForm => ?a type WikidataEntity	clevidipine name clevidipine | clevidipine type SurfaceForm => clevidipine type WikidataEntity
Rule_4897	?a name ?d ?d type SurfaceForm => ?a type WikidataEntity	nationality name nationality | nationality type SurfaceForm => nationality type WikidataEntity
Rule_4897	?a name ?d ?d type SurfaceForm => ?a type WikidataEntity	teratogenesis name teratogenesis | teratogenesis type SurfaceForm => teratogenesis type WikidataEntity
Rule_4897	?a name ?d ?d type SurfaceForm => ?a type WikidataEntity	environment name environment | environment type SurfaceForm => environment type WikidataEntity
Rule_4897	?a name ?d ?d type SurfaceForm => ?a type WikidataEntity	velpatasvir name velpatasvir | velpatasvir type SurfaceForm => velpatasvir type WikidataEntity
Rule_4897	?a name ?d ?d type SurfaceForm => ?a type WikidataEntity	signing name signing | signing type SurfaceForm => signing type WikidataEntity
Rule_4897	?a name ?d ?d type SurfaceForm => ?a type WikidataEntity	urinalysis name urinalysis | urinalysis type SurfaceForm => urinalysis type WikidataEntity
Rule_4897	?a name ?d ?d type SurfaceForm => ?a type WikidataEntity	clindamycin name clindamycin | clindamycin type SurfaceForm => clindamycin type WikidataEntity
Rule_4897	?a name ?d ?d type SurfaceForm => ?a type WikidataEntity	stative name stative | stative type SurfaceForm => stative type WikidataEntity
Rule_4897	?a name ?d ?d type SurfaceForm => ?a type WikidataEntity	telemedicine name telemedicine | telemedicine type SurfaceForm => telemedicine type WikidataEntity
Rule_4897	?a name ?d ?d type SurfaceForm => ?a type WikidataEntity	burping name burping | burping type SurfaceForm => burping type WikidataEntity
Rule_4897	?a name ?d ?d type SurfaceForm => ?a type WikidataEntity	traumatology name traumatology | traumatology type SurfaceForm => traumatology type WikidataEntity
Rule_4897	?a name ?d ?d type SurfaceForm => ?a type WikidataEntity	tenecteplase name tenecteplase | tenecteplase type SurfaceForm => tenecteplase type WikidataEntity
Rule_4897	?a name ?d ?d type SurfaceForm => ?a type WikidataEntity	consumer name consumer | consumer type SurfaceForm => consumer type WikidataEntity
Rule_4897	?a name ?d ?d type SurfaceForm => ?a type WikidataEntity	trimethobenzamide name trimethobenzamide | trimethobenzamide type SurfaceForm => trimethobenzamide type WikidataEntity
Rule_4897	?a name ?d ?d type SurfaceForm => ?a type WikidataEntity	oxacycle name oxacycle | oxacycle type SurfaceForm => oxacycle type WikidataEntity
Rule_4897	?a name ?d ?d type SurfaceForm => ?a type WikidataEntity	desoximetasone name desoximetasone | desoximetasone type SurfaceForm => desoximetasone type WikidataEntity
Rule_4897	?a name ?d ?d type SurfaceForm => ?a type WikidataEntity	(RS)-rosiglitazone name (RS)-rosiglitazone | (RS)-rosiglitazone type SurfaceForm => (RS)-rosiglitazone type WikidataEntity
Rule_4897	?a name ?d ?d type SurfaceForm => ?a type WikidataEntity	monobenzone name monobenzone | monobenzone type SurfaceForm => monobenzone type WikidataEntity
Rule_4897	?a name ?d ?d type SurfaceForm => ?a type WikidataEntity	Q15978631 name Q15978631 | Q15978631 type SurfaceForm => Q15978631 type WikidataEntity
Rule_4897	?a name ?d ?d type SurfaceForm => ?a type WikidataEntity	smoker name smoker | smoker type SurfaceForm => smoker type WikidataEntity
Rule_4897	?a name ?d ?d type SurfaceForm => ?a type WikidataEntity	team name team | team type SurfaceForm => team type WikidataEntity
Rule_4897	?a name ?d ?d type SurfaceForm => ?a type WikidataEntity	paliperidone name paliperidone | paliperidone type SurfaceForm => paliperidone type WikidataEntity
Rule_4897	?a name ?d ?d type SurfaceForm => ?a type WikidataEntity	urapidil name urapidil | urapidil type SurfaceForm => urapidil type WikidataEntity
Rule_4897	?a name ?d ?d type SurfaceForm => ?a type WikidataEntity	6 name 6 | 6 type SurfaceForm => 6 type WikidataEntity
Rule_4897	?a name ?d ?d type SurfaceForm => ?a type WikidataEntity	esmolol name esmolol | esmolol type SurfaceForm => esmolol type WikidataEntity
Rule_4897	?a name ?d ?d type SurfaceForm => ?a type WikidataEntity	aminophylline name aminophylline | aminophylline type SurfaceForm => aminophylline type WikidataEntity
Rule_4897	?a name ?d ?d type SurfaceForm => ?a type WikidataEntity	diazolidine name diazolidine | diazolidine type SurfaceForm => diazolidine type WikidataEntity
Rule_4897	?a name ?d ?d type SurfaceForm => ?a type WikidataEntity	delamanid name delamanid | delamanid type SurfaceForm => delamanid type WikidataEntity
Rule_4897	?a name ?d ?d type SurfaceForm => ?a type WikidataEntity	referendum name referendum | referendum type SurfaceForm => referendum type WikidataEntity
Rule_4897	?a name ?d ?d type SurfaceForm => ?a type WikidataEntity	phenibut name phenibut | phenibut type SurfaceForm => phenibut type WikidataEntity
Rule_4897	?a name ?d ?d type SurfaceForm => ?a type WikidataEntity	(S)-duloxetine name (S)-duloxetine | (S)-duloxetine type SurfaceForm => (S)-duloxetine type WikidataEntity
Rule_4897	?a name ?d ?d type SurfaceForm => ?a type WikidataEntity	man name man | man type SurfaceForm => man type WikidataEntity
Rule_4897	?a name ?d ?d type SurfaceForm => ?a type WikidataEntity	university name university | university type SurfaceForm => university type WikidataEntity
Rule_4897	?a name ?d ?d type SurfaceForm => ?a type WikidataEntity	thunderstorm name thunderstorm | thunderstorm type SurfaceForm => thunderstorm type WikidataEntity
Rule_4897	?a name ?d ?d type SurfaceForm => ?a type WikidataEntity	arformoterol name arformoterol | arformoterol type SurfaceForm => arformoterol type WikidataEntity
Rule_4897	?a name ?d ?d type SurfaceForm => ?a type WikidataEntity	limb name limb | limb type SurfaceForm => limb type WikidataEntity
Rule_4897	?a name ?d ?d type SurfaceForm => ?a type WikidataEntity	trichloromonofluoromethane name trichloromonofluoromethane | trichloromonofluoromethane type SurfaceForm => trichloromonofluoromethane type WikidataEntity
Rule_4897	?a name ?d ?d type SurfaceForm => ?a type WikidataEntity	norgestrel name norgestrel | norgestrel type SurfaceForm => norgestrel type WikidataEntity
Rule_4897	?a name ?d ?d type SurfaceForm => ?a type WikidataEntity	COVID-19 name COVID-19 | COVID-19 type SurfaceForm => COVID-19 type WikidataEntity
Rule_4897	?a name ?d ?d type SurfaceForm => ?a type WikidataEntity	flupentixol name flupentixol | flupentixol type SurfaceForm => flupentixol type WikidataEntity
Rule_4897	?a name ?d ?d type SurfaceForm => ?a type WikidataEntity	more name more | more type SurfaceForm => more type WikidataEntity
Rule_4897	?a name ?d ?d type SurfaceForm => ?a type WikidataEntity	importance name importance | importance type SurfaceForm => importance type WikidataEntity
Rule_4897	?a name ?d ?d type SurfaceForm => ?a type WikidataEntity	isoquinoline name isoquinoline | isoquinoline type SurfaceForm => isoquinoline type WikidataEntity
Rule_4897	?a name ?d ?d type SurfaceForm => ?a type WikidataEntity	Ergocalciferols name Ergocalciferols | Ergocalciferols type SurfaceForm => Ergocalciferols type WikidataEntity
Rule_4897	?a name ?d ?d type SurfaceForm => ?a type WikidataEntity	stable name stable | stable type SurfaceForm => stable type WikidataEntity
Rule_4897	?a name ?d ?d type SurfaceForm => ?a type WikidataEntity	semimonthly name semimonthly | semimonthly type SurfaceForm => semimonthly type WikidataEntity
Rule_4897	?a name ?d ?d type SurfaceForm => ?a type WikidataEntity	fluorometholone name fluorometholone | fluorometholone type SurfaceForm => fluorometholone type WikidataEntity
Rule_4897	?a name ?d ?d type SurfaceForm => ?a type WikidataEntity	procaine name procaine | procaine type SurfaceForm => procaine type WikidataEntity
Rule_4897	?a name ?d ?d type SurfaceForm => ?a type WikidataEntity	patiromer name patiromer | patiromer type SurfaceForm => patiromer type WikidataEntity
Rule_4897	?a name ?d ?d type SurfaceForm => ?a type WikidataEntity	etidocaine name etidocaine | etidocaine type SurfaceForm => etidocaine type WikidataEntity
Rule_4897	?a name ?d ?d type SurfaceForm => ?a type WikidataEntity	plant name plant | plant type SurfaceForm => plant type WikidataEntity
Rule_4897	?a name ?d ?d type SurfaceForm => ?a type WikidataEntity	rifampicin name rifampicin | rifampicin type SurfaceForm => rifampicin type WikidataEntity
Rule_4897	?a name ?d ?d type SurfaceForm => ?a type WikidataEntity	bleeding name bleeding | bleeding type SurfaceForm => bleeding type WikidataEntity
Rule_4897	?a name ?d ?d type SurfaceForm => ?a type WikidataEntity	cefepime name cefepime | cefepime type SurfaceForm => cefepime type WikidataEntity
Rule_4897	?a name ?d ?d type SurfaceForm => ?a type WikidataEntity	analgesic name analgesic | analgesic type SurfaceForm => analgesic type WikidataEntity
Rule_4897	?a name ?d ?d type SurfaceForm => ?a type WikidataEntity	EZ-resveratrol name EZ-resveratrol | EZ-resveratrol type SurfaceForm => EZ-resveratrol type WikidataEntity
Rule_4897	?a name ?d ?d type SurfaceForm => ?a type WikidataEntity	sacubitril name sacubitril | sacubitril type SurfaceForm => sacubitril type WikidataEntity
Rule_4897	?a name ?d ?d type SurfaceForm => ?a type WikidataEntity	pirbuterol name pirbuterol | pirbuterol type SurfaceForm => pirbuterol type WikidataEntity
Rule_4897	?a name ?d ?d type SurfaceForm => ?a type WikidataEntity	garlic name garlic | garlic type SurfaceForm => garlic type WikidataEntity
Rule_4897	?a name ?d ?d type SurfaceForm => ?a type WikidataEntity	tradipitant name tradipitant | tradipitant type SurfaceForm => tradipitant type WikidataEntity
Rule_4897	?a name ?d ?d type SurfaceForm => ?a type WikidataEntity	mesterolone name mesterolone | mesterolone type SurfaceForm => mesterolone type WikidataEntity
Rule_4897	?a name ?d ?d type SurfaceForm => ?a type WikidataEntity	carisoprodol name carisoprodol | carisoprodol type SurfaceForm => carisoprodol type WikidataEntity
Rule_4897	?a name ?d ?d type SurfaceForm => ?a type WikidataEntity	cefamandole name cefamandole | cefamandole type SurfaceForm => cefamandole type WikidataEntity
Rule_4897	?a name ?d ?d type SurfaceForm => ?a type WikidataEntity	alprazolam name alprazolam | alprazolam type SurfaceForm => alprazolam type WikidataEntity
Rule_4897	?a name ?d ?d type SurfaceForm => ?a type WikidataEntity	triflupromazine name triflupromazine | triflupromazine type SurfaceForm => triflupromazine type WikidataEntity
Rule_4897	?a name ?d ?d type SurfaceForm => ?a type WikidataEntity	L-carbocysteine name L-carbocysteine | L-carbocysteine type SurfaceForm => L-carbocysteine type WikidataEntity
Rule_4897	?a name ?d ?d type SurfaceForm => ?a type WikidataEntity	escitalopram name escitalopram | escitalopram type SurfaceForm => escitalopram type WikidataEntity
Rule_4897	?a name ?d ?d type SurfaceForm => ?a type WikidataEntity	phenothiazine name phenothiazine | phenothiazine type SurfaceForm => phenothiazine type WikidataEntity
Rule_4897	?a name ?d ?d type SurfaceForm => ?a type WikidataEntity	ledipasvir/sofosbuvir name ledipasvir/sofosbuvir | ledipasvir/sofosbuvir type SurfaceForm => ledipasvir/sofosbuvir type WikidataEntity
Rule_4897	?a name ?d ?d type SurfaceForm => ?a type WikidataEntity	trimeprazine name trimeprazine | trimeprazine type SurfaceForm => trimeprazine type WikidataEntity
Rule_4897	?a name ?d ?d type SurfaceForm => ?a type WikidataEntity	alkaloid name alkaloid | alkaloid type SurfaceForm => alkaloid type WikidataEntity
Rule_4897	?a name ?d ?d type SurfaceForm => ?a type WikidataEntity	enrofloxacin name enrofloxacin | enrofloxacin type SurfaceForm => enrofloxacin type WikidataEntity
Rule_4897	?a name ?d ?d type SurfaceForm => ?a type WikidataEntity	palivizumab name palivizumab | palivizumab type SurfaceForm => palivizumab type WikidataEntity
Rule_4897	?a name ?d ?d type SurfaceForm => ?a type WikidataEntity	ramelteon name ramelteon | ramelteon type SurfaceForm => ramelteon type WikidataEntity
Rule_4897	?a name ?d ?d type SurfaceForm => ?a type WikidataEntity	dexamethasone name dexamethasone | dexamethasone type SurfaceForm => dexamethasone type WikidataEntity
Rule_4897	?a name ?d ?d type SurfaceForm => ?a type WikidataEntity	pro-form name pro-form | pro-form type SurfaceForm => pro-form type WikidataEntity
Rule_4897	?a name ?d ?d type SurfaceForm => ?a type WikidataEntity	feeding name feeding | feeding type SurfaceForm => feeding type WikidataEntity
Rule_4897	?a name ?d ?d type SurfaceForm => ?a type WikidataEntity	ibuprofen name ibuprofen | ibuprofen type SurfaceForm => ibuprofen type WikidataEntity
Rule_4897	?a name ?d ?d type SurfaceForm => ?a type WikidataEntity	hyperthyroidism name hyperthyroidism | hyperthyroidism type SurfaceForm => hyperthyroidism type WikidataEntity
Rule_4897	?a name ?d ?d type SurfaceForm => ?a type WikidataEntity	ondansetron name ondansetron | ondansetron type SurfaceForm => ondansetron type WikidataEntity
Rule_4897	?a name ?d ?d type SurfaceForm => ?a type WikidataEntity	hypopigmentation name hypopigmentation | hypopigmentation type SurfaceForm => hypopigmentation type WikidataEntity
Rule_4897	?a name ?d ?d type SurfaceForm => ?a type WikidataEntity	death name death | death type SurfaceForm => death type WikidataEntity
Rule_4897	?a name ?d ?d type SurfaceForm => ?a type WikidataEntity	pregabalin name pregabalin | pregabalin type SurfaceForm => pregabalin type WikidataEntity
Rule_4897	?a name ?d ?d type SurfaceForm => ?a type WikidataEntity	isoprenoid name isoprenoid | isoprenoid type SurfaceForm => isoprenoid type WikidataEntity
Rule_4897	?a name ?d ?d type SurfaceForm => ?a type WikidataEntity	indapamide name indapamide | indapamide type SurfaceForm => indapamide type WikidataEntity
Rule_4897	?a name ?d ?d type SurfaceForm => ?a type WikidataEntity	expectations name expectations | expectations type SurfaceForm => expectations type WikidataEntity
Rule_4897	?a name ?d ?d type SurfaceForm => ?a type WikidataEntity	lisdexamfetamine name lisdexamfetamine | lisdexamfetamine type SurfaceForm => lisdexamfetamine type WikidataEntity
Rule_4897	?a name ?d ?d type SurfaceForm => ?a type WikidataEntity	aspirin name aspirin | aspirin type SurfaceForm => aspirin type WikidataEntity
Rule_4897	?a name ?d ?d type SurfaceForm => ?a type WikidataEntity	moisture name moisture | moisture type SurfaceForm => moisture type WikidataEntity
Rule_4897	?a name ?d ?d type SurfaceForm => ?a type WikidataEntity	connectivity name connectivity | connectivity type SurfaceForm => connectivity type WikidataEntity
Rule_4897	?a name ?d ?d type SurfaceForm => ?a type WikidataEntity	ramipril name ramipril | ramipril type SurfaceForm => ramipril type WikidataEntity
Rule_4897	?a name ?d ?d type SurfaceForm => ?a type WikidataEntity	bnc2 name bnc2 | bnc2 type SurfaceForm => bnc2 type WikidataEntity
Rule_4897	?a name ?d ?d type SurfaceForm => ?a type WikidataEntity	bicarbonate name bicarbonate | bicarbonate type SurfaceForm => bicarbonate type WikidataEntity
Rule_4897	?a name ?d ?d type SurfaceForm => ?a type WikidataEntity	visceromegaly name visceromegaly | visceromegaly type SurfaceForm => visceromegaly type WikidataEntity
Rule_4897	?a name ?d ?d type SurfaceForm => ?a type WikidataEntity	icosanoid name icosanoid | icosanoid type SurfaceForm => icosanoid type WikidataEntity
Rule_4897	?a name ?d ?d type SurfaceForm => ?a type WikidataEntity	action/behavior name action/behavior | action/behavior type SurfaceForm => action/behavior type WikidataEntity
Rule_4897	?a name ?d ?d type SurfaceForm => ?a type WikidataEntity	dexmethylphenidate name dexmethylphenidate | dexmethylphenidate type SurfaceForm => dexmethylphenidate type WikidataEntity
Rule_4897	?a name ?d ?d type SurfaceForm => ?a type WikidataEntity	cyclohexanones name cyclohexanones | cyclohexanones type SurfaceForm => cyclohexanones type WikidataEntity
Rule_4897	?a name ?d ?d type SurfaceForm => ?a type WikidataEntity	conjunction name conjunction | conjunction type SurfaceForm => conjunction type WikidataEntity
Rule_4897	?a name ?d ?d type SurfaceForm => ?a type WikidataEntity	histology name histology | histology type SurfaceForm => histology type WikidataEntity
Rule_4897	?a name ?d ?d type SurfaceForm => ?a type WikidataEntity	papaverine name papaverine | papaverine type SurfaceForm => papaverine type WikidataEntity
Rule_4897	?a name ?d ?d type SurfaceForm => ?a type WikidataEntity	chlorpromazine name chlorpromazine | chlorpromazine type SurfaceForm => chlorpromazine type WikidataEntity
Rule_4897	?a name ?d ?d type SurfaceForm => ?a type WikidataEntity	professional name professional | professional type SurfaceForm => professional type WikidataEntity
Rule_4897	?a name ?d ?d type SurfaceForm => ?a type WikidataEntity	gearbox name gearbox | gearbox type SurfaceForm => gearbox type WikidataEntity
Rule_4897	?a name ?d ?d type SurfaceForm => ?a type WikidataEntity	theophylline name theophylline | theophylline type SurfaceForm => theophylline type WikidataEntity
Rule_4897	?a name ?d ?d type SurfaceForm => ?a type WikidataEntity	thiazine name thiazine | thiazine type SurfaceForm => thiazine type WikidataEntity
Rule_4897	?a name ?d ?d type SurfaceForm => ?a type WikidataEntity	intensity name intensity | intensity type SurfaceForm => intensity type WikidataEntity
Rule_4897	?a name ?d ?d type SurfaceForm => ?a type WikidataEntity	before name before | before type SurfaceForm => before type WikidataEntity
Rule_4897	?a name ?d ?d type SurfaceForm => ?a type WikidataEntity	alirocumab name alirocumab | alirocumab type SurfaceForm => alirocumab type WikidataEntity
Rule_4897	?a name ?d ?d type SurfaceForm => ?a type WikidataEntity	box name box | box type SurfaceForm => box type WikidataEntity
Rule_4897	?a name ?d ?d type SurfaceForm => ?a type WikidataEntity	counseling name counseling | counseling type SurfaceForm => counseling type WikidataEntity
Rule_4897	?a name ?d ?d type SurfaceForm => ?a type WikidataEntity	nafcillin name nafcillin | nafcillin type SurfaceForm => nafcillin type WikidataEntity
Rule_4897	?a name ?d ?d type SurfaceForm => ?a type WikidataEntity	DL-amphetamine name DL-amphetamine | DL-amphetamine type SurfaceForm => DL-amphetamine type WikidataEntity
Rule_4897	?a name ?d ?d type SurfaceForm => ?a type WikidataEntity	taxon name taxon | taxon type SurfaceForm => taxon type WikidataEntity
Rule_4897	?a name ?d ?d type SurfaceForm => ?a type WikidataEntity	bisacodyl name bisacodyl | bisacodyl type SurfaceForm => bisacodyl type WikidataEntity
Rule_4897	?a name ?d ?d type SurfaceForm => ?a type WikidataEntity	methylphenidate name methylphenidate | methylphenidate type SurfaceForm => methylphenidate type WikidataEntity
Rule_4897	?a name ?d ?d type SurfaceForm => ?a type WikidataEntity	cyclobenzaprine name cyclobenzaprine | cyclobenzaprine type SurfaceForm => cyclobenzaprine type WikidataEntity
Rule_4897	?a name ?d ?d type SurfaceForm => ?a type WikidataEntity	disulfiram name disulfiram | disulfiram type SurfaceForm => disulfiram type WikidataEntity
Rule_4897	?a name ?d ?d type SurfaceForm => ?a type WikidataEntity	halcinonide name halcinonide | halcinonide type SurfaceForm => halcinonide type WikidataEntity
Rule_4897	?a name ?d ?d type SurfaceForm => ?a type WikidataEntity	aplasia name aplasia | aplasia type SurfaceForm => aplasia type WikidataEntity
Rule_4897	?a name ?d ?d type SurfaceForm => ?a type WikidataEntity	esatenolol name esatenolol | esatenolol type SurfaceForm => esatenolol type WikidataEntity
Rule_4897	?a name ?d ?d type SurfaceForm => ?a type WikidataEntity	Previous name Previous | Previous type SurfaceForm => Previous type WikidataEntity
Rule_4897	?a name ?d ?d type SurfaceForm => ?a type WikidataEntity	airline name airline | airline type SurfaceForm => airline type WikidataEntity
Rule_4897	?a name ?d ?d type SurfaceForm => ?a type WikidataEntity	febuxostat name febuxostat | febuxostat type SurfaceForm => febuxostat type WikidataEntity
Rule_4897	?a name ?d ?d type SurfaceForm => ?a type WikidataEntity	habitat name habitat | habitat type SurfaceForm => habitat type WikidataEntity
Rule_4897	?a name ?d ?d type SurfaceForm => ?a type WikidataEntity	midodrine name midodrine | midodrine type SurfaceForm => midodrine type WikidataEntity
Rule_4897	?a name ?d ?d type SurfaceForm => ?a type WikidataEntity	action name action | action type SurfaceForm => action type WikidataEntity
Rule_4897	?a name ?d ?d type SurfaceForm => ?a type WikidataEntity	tagma name tagma | tagma type SurfaceForm => tagma type WikidataEntity
Rule_4897	?a name ?d ?d type SurfaceForm => ?a type WikidataEntity	cephalothin name cephalothin | cephalothin type SurfaceForm => cephalothin type WikidataEntity
Rule_4897	?a name ?d ?d type SurfaceForm => ?a type WikidataEntity	purines name purines | purines type SurfaceForm => purines type WikidataEntity
Rule_4897	?a name ?d ?d type SurfaceForm => ?a type WikidataEntity	criterion name criterion | criterion type SurfaceForm => criterion type WikidataEntity
Rule_4897	?a name ?d ?d type SurfaceForm => ?a type WikidataEntity	hemodynamics name hemodynamics | hemodynamics type SurfaceForm => hemodynamics type WikidataEntity
Rule_4897	?a name ?d ?d type SurfaceForm => ?a type WikidataEntity	electrophysiology name electrophysiology | electrophysiology type SurfaceForm => electrophysiology type WikidataEntity
Rule_4897	?a name ?d ?d type SurfaceForm => ?a type WikidataEntity	building name building | building type SurfaceForm => building type WikidataEntity
Rule_4897	?a name ?d ?d type SurfaceForm => ?a type WikidataEntity	methandrostenolone name methandrostenolone | methandrostenolone type SurfaceForm => methandrostenolone type WikidataEntity
Rule_4897	?a name ?d ?d type SurfaceForm => ?a type WikidataEntity	naloxegol name naloxegol | naloxegol type SurfaceForm => naloxegol type WikidataEntity
Rule_4897	?a name ?d ?d type SurfaceForm => ?a type WikidataEntity	psychosis name psychosis | psychosis type SurfaceForm => psychosis type WikidataEntity
Rule_4897	?a name ?d ?d type SurfaceForm => ?a type WikidataEntity	imipramine name imipramine | imipramine type SurfaceForm => imipramine type WikidataEntity
Rule_4897	?a name ?d ?d type SurfaceForm => ?a type WikidataEntity	management name management | management type SurfaceForm => management type WikidataEntity
Rule_4897	?a name ?d ?d type SurfaceForm => ?a type WikidataEntity	extremities name extremities | extremities type SurfaceForm => extremities type WikidataEntity
Rule_4897	?a name ?d ?d type SurfaceForm => ?a type WikidataEntity	coronaropathy name coronaropathy | coronaropathy type SurfaceForm => coronaropathy type WikidataEntity
Rule_4897	?a name ?d ?d type SurfaceForm => ?a type WikidataEntity	carvedilol name carvedilol | carvedilol type SurfaceForm => carvedilol type WikidataEntity
Rule_4897	?a name ?d ?d type SurfaceForm => ?a type WikidataEntity	myocarditis name myocarditis | myocarditis type SurfaceForm => myocarditis type WikidataEntity
Rule_4897	?a name ?d ?d type SurfaceForm => ?a type WikidataEntity	ibutilide name ibutilide | ibutilide type SurfaceForm => ibutilide type WikidataEntity
Rule_4897	?a name ?d ?d type SurfaceForm => ?a type WikidataEntity	hyperkalemia name hyperkalemia | hyperkalemia type SurfaceForm => hyperkalemia type WikidataEntity
Rule_4897	?a name ?d ?d type SurfaceForm => ?a type WikidataEntity	pindolol name pindolol | pindolol type SurfaceForm => pindolol type WikidataEntity
Rule_4897	?a name ?d ?d type SurfaceForm => ?a type WikidataEntity	line name line | line type SurfaceForm => line type WikidataEntity
Rule_4897	?a name ?d ?d type SurfaceForm => ?a type WikidataEntity	headache name headache | headache type SurfaceForm => headache type WikidataEntity
Rule_4897	?a name ?d ?d type SurfaceForm => ?a type WikidataEntity	(RS)-rivoglitazone name (RS)-rivoglitazone | (RS)-rivoglitazone type SurfaceForm => (RS)-rivoglitazone type WikidataEntity
Rule_4897	?a name ?d ?d type SurfaceForm => ?a type WikidataEntity	personalized name personalized | personalized type SurfaceForm => personalized type WikidataEntity
Rule_4897	?a name ?d ?d type SurfaceForm => ?a type WikidataEntity	fludrocortisone name fludrocortisone | fludrocortisone type SurfaceForm => fludrocortisone type WikidataEntity
Rule_4897	?a name ?d ?d type SurfaceForm => ?a type WikidataEntity	interference name interference | interference type SurfaceForm => interference type WikidataEntity
Rule_4897	?a name ?d ?d type SurfaceForm => ?a type WikidataEntity	anhidrosis name anhidrosis | anhidrosis type SurfaceForm => anhidrosis type WikidataEntity
Rule_4897	?a name ?d ?d type SurfaceForm => ?a type WikidataEntity	candesartan name candesartan | candesartan type SurfaceForm => candesartan type WikidataEntity
Rule_4897	?a name ?d ?d type SurfaceForm => ?a type WikidataEntity	ertugliflozin name ertugliflozin | ertugliflozin type SurfaceForm => ertugliflozin type WikidataEntity
Rule_4897	?a name ?d ?d type SurfaceForm => ?a type WikidataEntity	atorvastatin name atorvastatin | atorvastatin type SurfaceForm => atorvastatin type WikidataEntity
Rule_4897	?a name ?d ?d type SurfaceForm => ?a type WikidataEntity	during name during | during type SurfaceForm => during type WikidataEntity
Rule_4897	?a name ?d ?d type SurfaceForm => ?a type WikidataEntity	psychiatry name psychiatry | psychiatry type SurfaceForm => psychiatry type WikidataEntity
Rule_4897	?a name ?d ?d type SurfaceForm => ?a type WikidataEntity	prevention name prevention | prevention type SurfaceForm => prevention type WikidataEntity
Rule_4897	?a name ?d ?d type SurfaceForm => ?a type WikidataEntity	thyroglobulin name thyroglobulin | thyroglobulin type SurfaceForm => thyroglobulin type WikidataEntity
Rule_4897	?a name ?d ?d type SurfaceForm => ?a type WikidataEntity	unpleasantness name unpleasantness | unpleasantness type SurfaceForm => unpleasantness type WikidataEntity
Rule_4897	?a name ?d ?d type SurfaceForm => ?a type WikidataEntity	role name role | role type SurfaceForm => role type WikidataEntity
Rule_4897	?a name ?d ?d type SurfaceForm => ?a type WikidataEntity	prednisolone name prednisolone | prednisolone type SurfaceForm => prednisolone type WikidataEntity
Rule_4897	?a name ?d ?d type SurfaceForm => ?a type WikidataEntity	probucol name probucol | probucol type SurfaceForm => probucol type WikidataEntity
Rule_4897	?a name ?d ?d type SurfaceForm => ?a type WikidataEntity	labetalol name labetalol | labetalol type SurfaceForm => labetalol type WikidataEntity
Rule_4897	?a name ?d ?d type SurfaceForm => ?a type WikidataEntity	fingolimod name fingolimod | fingolimod type SurfaceForm => fingolimod type WikidataEntity
Rule_4897	?a name ?d ?d type SurfaceForm => ?a type WikidataEntity	fiber name fiber | fiber type SurfaceForm => fiber type WikidataEntity
Rule_4897	?a name ?d ?d type SurfaceForm => ?a type WikidataEntity	blindness name blindness | blindness type SurfaceForm => blindness type WikidataEntity
Rule_4897	?a name ?d ?d type SurfaceForm => ?a type WikidataEntity	complication name complication | complication type SurfaceForm => complication type WikidataEntity
Rule_4897	?a name ?d ?d type SurfaceForm => ?a type WikidataEntity	sarcopenia name sarcopenia | sarcopenia type SurfaceForm => sarcopenia type WikidataEntity
Rule_4897	?a name ?d ?d type SurfaceForm => ?a type WikidataEntity	spirapril name spirapril | spirapril type SurfaceForm => spirapril type WikidataEntity
Rule_4897	?a name ?d ?d type SurfaceForm => ?a type WikidataEntity	lubiprostone name lubiprostone | lubiprostone type SurfaceForm => lubiprostone type WikidataEntity
Rule_4897	?a name ?d ?d type SurfaceForm => ?a type WikidataEntity	dysphagia name dysphagia | dysphagia type SurfaceForm => dysphagia type WikidataEntity
Rule_4897	?a name ?d ?d type SurfaceForm => ?a type WikidataEntity	videodisc name videodisc | videodisc type SurfaceForm => videodisc type WikidataEntity
Rule_4897	?a name ?d ?d type SurfaceForm => ?a type WikidataEntity	iloperidone name iloperidone | iloperidone type SurfaceForm => iloperidone type WikidataEntity
Rule_4897	?a name ?d ?d type SurfaceForm => ?a type WikidataEntity	doxorubicin name doxorubicin | doxorubicin type SurfaceForm => doxorubicin type WikidataEntity
Rule_4897	?a name ?d ?d type SurfaceForm => ?a type WikidataEntity	pomalidomide name pomalidomide | pomalidomide type SurfaceForm => pomalidomide type WikidataEntity
Rule_4897	?a name ?d ?d type SurfaceForm => ?a type WikidataEntity	tinzaparin name tinzaparin | tinzaparin type SurfaceForm => tinzaparin type WikidataEntity
Rule_4897	?a name ?d ?d type SurfaceForm => ?a type WikidataEntity	warship name warship | warship type SurfaceForm => warship type WikidataEntity
Rule_4897	?a name ?d ?d type SurfaceForm => ?a type WikidataEntity	department name department | department type SurfaceForm => department type WikidataEntity
Rule_4897	?a name ?d ?d type SurfaceForm => ?a type WikidataEntity	oseltamivir name oseltamivir | oseltamivir type SurfaceForm => oseltamivir type WikidataEntity
Rule_4897	?a name ?d ?d type SurfaceForm => ?a type WikidataEntity	lipoglycopeptides name lipoglycopeptides | lipoglycopeptides type SurfaceForm => lipoglycopeptides type WikidataEntity
Rule_4897	?a name ?d ?d type SurfaceForm => ?a type WikidataEntity	biologist name biologist | biologist type SurfaceForm => biologist type WikidataEntity
Rule_4897	?a name ?d ?d type SurfaceForm => ?a type WikidataEntity	megestrol name megestrol | megestrol type SurfaceForm => megestrol type WikidataEntity
Rule_4897	?a name ?d ?d type SurfaceForm => ?a type WikidataEntity	pyrrolidine name pyrrolidine | pyrrolidine type SurfaceForm => pyrrolidine type WikidataEntity
Rule_4897	?a name ?d ?d type SurfaceForm => ?a type WikidataEntity	neuropsychiatry name neuropsychiatry | neuropsychiatry type SurfaceForm => neuropsychiatry type WikidataEntity
Rule_4897	?a name ?d ?d type SurfaceForm => ?a type WikidataEntity	H2-Q12 name H2-Q12 | H2-Q12 type SurfaceForm => H2-Q12 type WikidataEntity
Rule_4897	?a name ?d ?d type SurfaceForm => ?a type WikidataEntity	hypoproteinemia name hypoproteinemia | hypoproteinemia type SurfaceForm => hypoproteinemia type WikidataEntity
Rule_4897	?a name ?d ?d type SurfaceForm => ?a type WikidataEntity	propranolol name propranolol | propranolol type SurfaceForm => propranolol type WikidataEntity
Rule_4897	?a name ?d ?d type SurfaceForm => ?a type WikidataEntity	etozoline name etozoline | etozoline type SurfaceForm => etozoline type WikidataEntity
Rule_4897	?a name ?d ?d type SurfaceForm => ?a type WikidataEntity	Ddavp name Ddavp | Ddavp type SurfaceForm => Ddavp type WikidataEntity
Rule_4897	?a name ?d ?d type SurfaceForm => ?a type WikidataEntity	stenosis name stenosis | stenosis type SurfaceForm => stenosis type WikidataEntity
Rule_4897	?a name ?d ?d type SurfaceForm => ?a type WikidataEntity	methotrexate name methotrexate | methotrexate type SurfaceForm => methotrexate type WikidataEntity
Rule_4897	?a name ?d ?d type SurfaceForm => ?a type WikidataEntity	ranolazine name ranolazine | ranolazine type SurfaceForm => ranolazine type WikidataEntity
Rule_4897	?a name ?d ?d type SurfaceForm => ?a type WikidataEntity	tree name tree | tree type SurfaceForm => tree type WikidataEntity
Rule_4897	?a name ?d ?d type SurfaceForm => ?a type WikidataEntity	elevation name elevation | elevation type SurfaceForm => elevation type WikidataEntity
Rule_4897	?a name ?d ?d type SurfaceForm => ?a type WikidataEntity	N-acetyl-DL-cysteine name N-acetyl-DL-cysteine | N-acetyl-DL-cysteine type SurfaceForm => N-acetyl-DL-cysteine type WikidataEntity
Rule_4897	?a name ?d ?d type SurfaceForm => ?a type WikidataEntity	preposition name preposition | preposition type SurfaceForm => preposition type WikidataEntity
Rule_4897	?a name ?d ?d type SurfaceForm => ?a type WikidataEntity	triazolam name triazolam | triazolam type SurfaceForm => triazolam type WikidataEntity
Rule_4897	?a name ?d ?d type SurfaceForm => ?a type WikidataEntity	fistula name fistula | fistula type SurfaceForm => fistula type WikidataEntity
Rule_4897	?a name ?d ?d type SurfaceForm => ?a type WikidataEntity	toxicity name toxicity | toxicity type SurfaceForm => toxicity type WikidataEntity
Rule_4897	?a name ?d ?d type SurfaceForm => ?a type WikidataEntity	suprofen name suprofen | suprofen type SurfaceForm => suprofen type WikidataEntity
Rule_4897	?a name ?d ?d type SurfaceForm => ?a type WikidataEntity	kinship name kinship | kinship type SurfaceForm => kinship type WikidataEntity
Rule_4897	?a name ?d ?d type SurfaceForm => ?a type WikidataEntity	necrosis name necrosis | necrosis type SurfaceForm => necrosis type WikidataEntity
Rule_4897	?a name ?d ?d type SurfaceForm => ?a type WikidataEntity	glycopeptide name glycopeptide | glycopeptide type SurfaceForm => glycopeptide type WikidataEntity
Rule_4897	?a name ?d ?d type SurfaceForm => ?a type WikidataEntity	salt name salt | salt type SurfaceForm => salt type WikidataEntity
Rule_4897	?a name ?d ?d type SurfaceForm => ?a type WikidataEntity	self-monitoring name self-monitoring | self-monitoring type SurfaceForm => self-monitoring type WikidataEntity
Rule_4897	?a name ?d ?d type SurfaceForm => ?a type WikidataEntity	remifentanil name remifentanil | remifentanil type SurfaceForm => remifentanil type WikidataEntity
Rule_4897	?a name ?d ?d type SurfaceForm => ?a type WikidataEntity	creation name creation | creation type SurfaceForm => creation type WikidataEntity
Rule_4897	?a name ?d ?d type SurfaceForm => ?a type WikidataEntity	lorcaserin name lorcaserin | lorcaserin type SurfaceForm => lorcaserin type WikidataEntity
Rule_4897	?a name ?d ?d type SurfaceForm => ?a type WikidataEntity	propofol name propofol | propofol type SurfaceForm => propofol type WikidataEntity
Rule_4897	?a name ?d ?d type SurfaceForm => ?a type WikidataEntity	organofluorine name organofluorine | organofluorine type SurfaceForm => organofluorine type WikidataEntity
Rule_4897	?a name ?d ?d type SurfaceForm => ?a type WikidataEntity	abdomen name abdomen | abdomen type SurfaceForm => abdomen type WikidataEntity
Rule_4897	?a name ?d ?d type SurfaceForm => ?a type WikidataEntity	edema name edema | edema type SurfaceForm => edema type WikidataEntity
Rule_4897	?a name ?d ?d type SurfaceForm => ?a type WikidataEntity	word name word | word type SurfaceForm => word type WikidataEntity
Rule_4897	?a name ?d ?d type SurfaceForm => ?a type WikidataEntity	etanercept name etanercept | etanercept type SurfaceForm => etanercept type WikidataEntity
Rule_4897	?a name ?d ?d type SurfaceForm => ?a type WikidataEntity	business name business | business type SurfaceForm => business type WikidataEntity
Rule_4897	?a name ?d ?d type SurfaceForm => ?a type WikidataEntity	orbifloxacin name orbifloxacin | orbifloxacin type SurfaceForm => orbifloxacin type WikidataEntity
Rule_4897	?a name ?d ?d type SurfaceForm => ?a type WikidataEntity	ebselen name ebselen | ebselen type SurfaceForm => ebselen type WikidataEntity
Rule_4897	?a name ?d ?d type SurfaceForm => ?a type WikidataEntity	mizagliflozin name mizagliflozin | mizagliflozin type SurfaceForm => mizagliflozin type WikidataEntity
Rule_4897	?a name ?d ?d type SurfaceForm => ?a type WikidataEntity	levosulpiride name levosulpiride | levosulpiride type SurfaceForm => levosulpiride type WikidataEntity
Rule_4897	?a name ?d ?d type SurfaceForm => ?a type WikidataEntity	fluid name fluid | fluid type SurfaceForm => fluid type WikidataEntity
Rule_4897	?a name ?d ?d type SurfaceForm => ?a type WikidataEntity	oxymorphone name oxymorphone | oxymorphone type SurfaceForm => oxymorphone type WikidataEntity
Rule_4897	?a name ?d ?d type SurfaceForm => ?a type WikidataEntity	methimazole name methimazole | methimazole type SurfaceForm => methimazole type WikidataEntity
Rule_4897	?a name ?d ?d type SurfaceForm => ?a type WikidataEntity	archdiocese name archdiocese | archdiocese type SurfaceForm => archdiocese type WikidataEntity
Rule_4897	?a name ?d ?d type SurfaceForm => ?a type WikidataEntity	caregiver name caregiver | caregiver type SurfaceForm => caregiver type WikidataEntity
Rule_4897	?a name ?d ?d type SurfaceForm => ?a type WikidataEntity	thirst name thirst | thirst type SurfaceForm => thirst type WikidataEntity
Rule_4897	?a name ?d ?d type SurfaceForm => ?a type WikidataEntity	constipation name constipation | constipation type SurfaceForm => constipation type WikidataEntity
Rule_4897	?a name ?d ?d type SurfaceForm => ?a type WikidataEntity	chlorzoxazone name chlorzoxazone | chlorzoxazone type SurfaceForm => chlorzoxazone type WikidataEntity
Rule_4897	?a name ?d ?d type SurfaceForm => ?a type WikidataEntity	telmisartan name telmisartan | telmisartan type SurfaceForm => telmisartan type WikidataEntity
Rule_4897	?a name ?d ?d type SurfaceForm => ?a type WikidataEntity	trypanosomiasis name trypanosomiasis | trypanosomiasis type SurfaceForm => trypanosomiasis type WikidataEntity
Rule_4897	?a name ?d ?d type SurfaceForm => ?a type WikidataEntity	estimate name estimate | estimate type SurfaceForm => estimate type WikidataEntity
Rule_4897	?a name ?d ?d type SurfaceForm => ?a type WikidataEntity	megacolon name megacolon | megacolon type SurfaceForm => megacolon type WikidataEntity
Rule_4897	?a name ?d ?d type SurfaceForm => ?a type WikidataEntity	Americans name Americans | Americans type SurfaceForm => Americans type WikidataEntity
Rule_4897	?a name ?d ?d type SurfaceForm => ?a type WikidataEntity	verapamil name verapamil | verapamil type SurfaceForm => verapamil type WikidataEntity
Rule_4897	?a name ?d ?d type SurfaceForm => ?a type WikidataEntity	heroin name heroin | heroin type SurfaceForm => heroin type WikidataEntity
Rule_4897	?a name ?d ?d type SurfaceForm => ?a type WikidataEntity	MDMA name MDMA | MDMA type SurfaceForm => MDMA type WikidataEntity
Rule_4897	?a name ?d ?d type SurfaceForm => ?a type WikidataEntity	levonordefrin name levonordefrin | levonordefrin type SurfaceForm => levonordefrin type WikidataEntity
Rule_4897	?a name ?d ?d type SurfaceForm => ?a type WikidataEntity	film name film | film type SurfaceForm => film type WikidataEntity
Rule_4897	?a name ?d ?d type SurfaceForm => ?a type WikidataEntity	tocainide name tocainide | tocainide type SurfaceForm => tocainide type WikidataEntity
Rule_4897	?a name ?d ?d type SurfaceForm => ?a type WikidataEntity	angiology name angiology | angiology type SurfaceForm => angiology type WikidataEntity
Rule_4897	?a name ?d ?d type SurfaceForm => ?a type WikidataEntity	hypogonadism name hypogonadism | hypogonadism type SurfaceForm => hypogonadism type WikidataEntity
Rule_4897	?a name ?d ?d type SurfaceForm => ?a type WikidataEntity	phenoxybenzamine name phenoxybenzamine | phenoxybenzamine type SurfaceForm => phenoxybenzamine type WikidataEntity
Rule_4897	?a name ?d ?d type SurfaceForm => ?a type WikidataEntity	gentamicin name gentamicin | gentamicin type SurfaceForm => gentamicin type WikidataEntity
Rule_4897	?a name ?d ?d type SurfaceForm => ?a type WikidataEntity	hemoglobin name hemoglobin | hemoglobin type SurfaceForm => hemoglobin type WikidataEntity
Rule_4897	?a name ?d ?d type SurfaceForm => ?a type WikidataEntity	lovastatin name lovastatin | lovastatin type SurfaceForm => lovastatin type WikidataEntity
Rule_4897	?a name ?d ?d type SurfaceForm => ?a type WikidataEntity	clarithromycin name clarithromycin | clarithromycin type SurfaceForm => clarithromycin type WikidataEntity
Rule_4897	?a name ?d ?d type SurfaceForm => ?a type WikidataEntity	paclitaxel name paclitaxel | paclitaxel type SurfaceForm => paclitaxel type WikidataEntity
Rule_4897	?a name ?d ?d type SurfaceForm => ?a type WikidataEntity	cimetidine name cimetidine | cimetidine type SurfaceForm => cimetidine type WikidataEntity
Rule_4897	?a name ?d ?d type SurfaceForm => ?a type WikidataEntity	citizenship name citizenship | citizenship type SurfaceForm => citizenship type WikidataEntity
Rule_4897	?a name ?d ?d type SurfaceForm => ?a type WikidataEntity	uptake name uptake | uptake type SurfaceForm => uptake type WikidataEntity
Rule_4897	?a name ?d ?d type SurfaceForm => ?a type WikidataEntity	hurt name hurt | hurt type SurfaceForm => hurt type WikidataEntity
Rule_4897	?a name ?d ?d type SurfaceForm => ?a type WikidataEntity	dihydrotachysterol name dihydrotachysterol | dihydrotachysterol type SurfaceForm => dihydrotachysterol type WikidataEntity
Rule_4897	?a name ?d ?d type SurfaceForm => ?a type WikidataEntity	term name term | term type SurfaceForm => term type WikidataEntity
Rule_4897	?a name ?d ?d type SurfaceForm => ?a type WikidataEntity	hypomagnesemia name hypomagnesemia | hypomagnesemia type SurfaceForm => hypomagnesemia type WikidataEntity
Rule_4897	?a name ?d ?d type SurfaceForm => ?a type WikidataEntity	herb name herb | herb type SurfaceForm => herb type WikidataEntity
Rule_4897	?a name ?d ?d type SurfaceForm => ?a type WikidataEntity	secretion name secretion | secretion type SurfaceForm => secretion type WikidataEntity
Rule_4897	?a name ?d ?d type SurfaceForm => ?a type WikidataEntity	L-morphan name L-morphan | L-morphan type SurfaceForm => L-morphan type WikidataEntity
Rule_4897	?a name ?d ?d type SurfaceForm => ?a type WikidataEntity	nizatidine name nizatidine | nizatidine type SurfaceForm => nizatidine type WikidataEntity
Rule_4897	?a name ?d ?d type SurfaceForm => ?a type WikidataEntity	(RS)-fenfluramine name (RS)-fenfluramine | (RS)-fenfluramine type SurfaceForm => (RS)-fenfluramine type WikidataEntity
Rule_4897	?a name ?d ?d type SurfaceForm => ?a type WikidataEntity	tropisetron name tropisetron | tropisetron type SurfaceForm => tropisetron type WikidataEntity
Rule_4897	?a name ?d ?d type SurfaceForm => ?a type WikidataEntity	auditory name auditory | auditory type SurfaceForm => auditory type WikidataEntity
Rule_4897	?a name ?d ?d type SurfaceForm => ?a type WikidataEntity	hyperlipidemia name hyperlipidemia | hyperlipidemia type SurfaceForm => hyperlipidemia type WikidataEntity
Rule_4897	?a name ?d ?d type SurfaceForm => ?a type WikidataEntity	specialist name specialist | specialist type SurfaceForm => specialist type WikidataEntity
Rule_4897	?a name ?d ?d type SurfaceForm => ?a type WikidataEntity	diphenidol name diphenidol | diphenidol type SurfaceForm => diphenidol type WikidataEntity
Rule_4897	?a name ?d ?d type SurfaceForm => ?a type WikidataEntity	ingredient name ingredient | ingredient type SurfaceForm => ingredient type WikidataEntity
Rule_4897	?a name ?d ?d type SurfaceForm => ?a type WikidataEntity	pediatrics name pediatrics | pediatrics type SurfaceForm => pediatrics type WikidataEntity
Rule_4897	?a name ?d ?d type SurfaceForm => ?a type WikidataEntity	vessel name vessel | vessel type SurfaceForm => vessel type WikidataEntity
Rule_4897	?a name ?d ?d type SurfaceForm => ?a type WikidataEntity	antibiotic name antibiotic | antibiotic type SurfaceForm => antibiotic type WikidataEntity
Rule_4897	?a name ?d ?d type SurfaceForm => ?a type WikidataEntity	relation name relation | relation type SurfaceForm => relation type WikidataEntity
Rule_4897	?a name ?d ?d type SurfaceForm => ?a type WikidataEntity	inactive name inactive | inactive type SurfaceForm => inactive type WikidataEntity
Rule_4897	?a name ?d ?d type SurfaceForm => ?a type WikidataEntity	naratriptan name naratriptan | naratriptan type SurfaceForm => naratriptan type WikidataEntity
Rule_4897	?a name ?d ?d type SurfaceForm => ?a type WikidataEntity	glitazone name glitazone | glitazone type SurfaceForm => glitazone type WikidataEntity
Rule_4897	?a name ?d ?d type SurfaceForm => ?a type WikidataEntity	trimipramine name trimipramine | trimipramine type SurfaceForm => trimipramine type WikidataEntity
Rule_4897	?a name ?d ?d type SurfaceForm => ?a type WikidataEntity	dabigatran name dabigatran | dabigatran type SurfaceForm => dabigatran type WikidataEntity
Rule_4897	?a name ?d ?d type SurfaceForm => ?a type WikidataEntity	science name science | science type SurfaceForm => science type WikidataEntity
Rule_4897	?a name ?d ?d type SurfaceForm => ?a type WikidataEntity	dalteparin name dalteparin | dalteparin type SurfaceForm => dalteparin type WikidataEntity
Rule_4897	?a name ?d ?d type SurfaceForm => ?a type WikidataEntity	letter name letter | letter type SurfaceForm => letter type WikidataEntity
Rule_4897	?a name ?d ?d type SurfaceForm => ?a type WikidataEntity	anisindione name anisindione | anisindione type SurfaceForm => anisindione type WikidataEntity
Rule_4897	?a name ?d ?d type SurfaceForm => ?a type WikidataEntity	practice name practice | practice type SurfaceForm => practice type WikidataEntity
Rule_4897	?a name ?d ?d type SurfaceForm => ?a type WikidataEntity	triamterene name triamterene | triamterene type SurfaceForm => triamterene type WikidataEntity
Rule_4897	?a name ?d ?d type SurfaceForm => ?a type WikidataEntity	sequelae name sequelae | sequelae type SurfaceForm => sequelae type WikidataEntity
Rule_4897	?a name ?d ?d type SurfaceForm => ?a type WikidataEntity	ovary name ovary | ovary type SurfaceForm => ovary type WikidataEntity
Rule_4897	?a name ?d ?d type SurfaceForm => ?a type WikidataEntity	fosinoprilat name fosinoprilat | fosinoprilat type SurfaceForm => fosinoprilat type WikidataEntity
Rule_4897	?a name ?d ?d type SurfaceForm => ?a type WikidataEntity	smartphone name smartphone | smartphone type SurfaceForm => smartphone type WikidataEntity
Rule_4897	?a name ?d ?d type SurfaceForm => ?a type WikidataEntity	(+/-)-ambrisentan name (+/-)-ambrisentan | (+/-)-ambrisentan type SurfaceForm => (+/-)-ambrisentan type WikidataEntity
Rule_4897	?a name ?d ?d type SurfaceForm => ?a type WikidataEntity	levosimendan name levosimendan | levosimendan type SurfaceForm => levosimendan type WikidataEntity
Rule_4897	?a name ?d ?d type SurfaceForm => ?a type WikidataEntity	lisinopril name lisinopril | lisinopril type SurfaceForm => lisinopril type WikidataEntity
Rule_4897	?a name ?d ?d type SurfaceForm => ?a type WikidataEntity	antidiuretic name antidiuretic | antidiuretic type SurfaceForm => antidiuretic type WikidataEntity
Rule_4897	?a name ?d ?d type SurfaceForm => ?a type WikidataEntity	therapy name therapy | therapy type SurfaceForm => therapy type WikidataEntity
Rule_4897	?a name ?d ?d type SurfaceForm => ?a type WikidataEntity	tissue name tissue | tissue type SurfaceForm => tissue type WikidataEntity
Rule_4897	?a name ?d ?d type SurfaceForm => ?a type WikidataEntity	lanadelumab name lanadelumab | lanadelumab type SurfaceForm => lanadelumab type WikidataEntity
Rule_4897	?a name ?d ?d type SurfaceForm => ?a type WikidataEntity	ischemia name ischemia | ischemia type SurfaceForm => ischemia type WikidataEntity
Rule_4897	?a name ?d ?d type SurfaceForm => ?a type WikidataEntity	folklore name folklore | folklore type SurfaceForm => folklore type WikidataEntity
Rule_4897	?a name ?d ?d type SurfaceForm => ?a type WikidataEntity	failure name failure | failure type SurfaceForm => failure type WikidataEntity
Rule_4897	?a name ?d ?d type SurfaceForm => ?a type WikidataEntity	N-acetyl-L-cysteine name N-acetyl-L-cysteine | N-acetyl-L-cysteine type SurfaceForm => N-acetyl-L-cysteine type WikidataEntity
Rule_4897	?a name ?d ?d type SurfaceForm => ?a type WikidataEntity	number name number | number type SurfaceForm => number type WikidataEntity
Rule_4897	?a name ?d ?d type SurfaceForm => ?a type WikidataEntity	nitrile name nitrile | nitrile type SurfaceForm => nitrile type WikidataEntity
Rule_4897	?a name ?d ?d type SurfaceForm => ?a type WikidataEntity	reasoning name reasoning | reasoning type SurfaceForm => reasoning type WikidataEntity
Rule_4897	?a name ?d ?d type SurfaceForm => ?a type WikidataEntity	ablation name ablation | ablation type SurfaceForm => ablation type WikidataEntity
Rule_4897	?a name ?d ?d type SurfaceForm => ?a type WikidataEntity	cocaine name cocaine | cocaine type SurfaceForm => cocaine type WikidataEntity
Rule_4897	?a name ?d ?d type SurfaceForm => ?a type WikidataEntity	cholesterol name cholesterol | cholesterol type SurfaceForm => cholesterol type WikidataEntity
Rule_4897	?a name ?d ?d type SurfaceForm => ?a type WikidataEntity	phenomenon name phenomenon | phenomenon type SurfaceForm => phenomenon type WikidataEntity
Rule_4897	?a name ?d ?d type SurfaceForm => ?a type WikidataEntity	azithromycin name azithromycin | azithromycin type SurfaceForm => azithromycin type WikidataEntity
Rule_4897	?a name ?d ?d type SurfaceForm => ?a type WikidataEntity	thromboembolism name thromboembolism | thromboembolism type SurfaceForm => thromboembolism type WikidataEntity
Rule_4897	?a name ?d ?d type SurfaceForm => ?a type WikidataEntity	cefapirin name cefapirin | cefapirin type SurfaceForm => cefapirin type WikidataEntity
Rule_4897	?a name ?d ?d type SurfaceForm => ?a type WikidataEntity	quazepam name quazepam | quazepam type SurfaceForm => quazepam type WikidataEntity
Rule_4897	?a name ?d ?d type SurfaceForm => ?a type WikidataEntity	calcipotriene name calcipotriene | calcipotriene type SurfaceForm => calcipotriene type WikidataEntity
Rule_4897	?a name ?d ?d type SurfaceForm => ?a type WikidataEntity	mifepristone name mifepristone | mifepristone type SurfaceForm => mifepristone type WikidataEntity
Rule_4897	?a name ?d ?d type SurfaceForm => ?a type WikidataEntity	complex name complex | complex type SurfaceForm => complex type WikidataEntity
Rule_4897	?a name ?d ?d type SurfaceForm => ?a type WikidataEntity	equilibrium name equilibrium | equilibrium type SurfaceForm => equilibrium type WikidataEntity
Rule_4897	?a name ?d ?d type SurfaceForm => ?a type WikidataEntity	swelling name swelling | swelling type SurfaceForm => swelling type WikidataEntity
Rule_4897	?a name ?d ?d type SurfaceForm => ?a type WikidataEntity	indicator name indicator | indicator type SurfaceForm => indicator type WikidataEntity
Rule_4897	?a name ?d ?d type SurfaceForm => ?a type WikidataEntity	glycopyrrolate name glycopyrrolate | glycopyrrolate type SurfaceForm => glycopyrrolate type WikidataEntity
Rule_4897	?a name ?d ?d type SurfaceForm => ?a type WikidataEntity	eribulin name eribulin | eribulin type SurfaceForm => eribulin type WikidataEntity
Rule_4897	?a name ?d ?d type SurfaceForm => ?a type WikidataEntity	mevastatin name mevastatin | mevastatin type SurfaceForm => mevastatin type WikidataEntity
Rule_4897	?a name ?d ?d type SurfaceForm => ?a type WikidataEntity	(S)-indapamide name (S)-indapamide | (S)-indapamide type SurfaceForm => (S)-indapamide type WikidataEntity
Rule_4897	?a name ?d ?d type SurfaceForm => ?a type WikidataEntity	languoid name languoid | languoid type SurfaceForm => languoid type WikidataEntity
Rule_4897	?a name ?d ?d type SurfaceForm => ?a type WikidataEntity	erythromycin name erythromycin | erythromycin type SurfaceForm => erythromycin type WikidataEntity
Rule_4897	?a name ?d ?d type SurfaceForm => ?a type WikidataEntity	heteroarene name heteroarene | heteroarene type SurfaceForm => heteroarene type WikidataEntity
Rule_4897	?a name ?d ?d type SurfaceForm => ?a type WikidataEntity	fluconazole name fluconazole | fluconazole type SurfaceForm => fluconazole type WikidataEntity
Rule_4897	?a name ?d ?d type SurfaceForm => ?a type WikidataEntity	predator name predator | predator type SurfaceForm => predator type WikidataEntity
Rule_4897	?a name ?d ?d type SurfaceForm => ?a type WikidataEntity	driving name driving | driving type SurfaceForm => driving type WikidataEntity
Rule_4897	?a name ?d ?d type SurfaceForm => ?a type WikidataEntity	vasospasm name vasospasm | vasospasm type SurfaceForm => vasospasm type WikidataEntity
Rule_4897	?a name ?d ?d type SurfaceForm => ?a type WikidataEntity	distortion name distortion | distortion type SurfaceForm => distortion type WikidataEntity
Rule_4897	?a name ?d ?d type SurfaceForm => ?a type WikidataEntity	cytopenia name cytopenia | cytopenia type SurfaceForm => cytopenia type WikidataEntity
Rule_4897	?a name ?d ?d type SurfaceForm => ?a type WikidataEntity	splenomegaly name splenomegaly | splenomegaly type SurfaceForm => splenomegaly type WikidataEntity
Rule_4897	?a name ?d ?d type SurfaceForm => ?a type WikidataEntity	expulsion name expulsion | expulsion type SurfaceForm => expulsion type WikidataEntity
Rule_4897	?a name ?d ?d type SurfaceForm => ?a type WikidataEntity	terbutaline name terbutaline | terbutaline type SurfaceForm => terbutaline type WikidataEntity
Rule_4897	?a name ?d ?d type SurfaceForm => ?a type WikidataEntity	questionnaire name questionnaire | questionnaire type SurfaceForm => questionnaire type WikidataEntity
Rule_4897	?a name ?d ?d type SurfaceForm => ?a type WikidataEntity	embryotoxicity name embryotoxicity | embryotoxicity type SurfaceForm => embryotoxicity type WikidataEntity
Rule_4897	?a name ?d ?d type SurfaceForm => ?a type WikidataEntity	heparin name heparin | heparin type SurfaceForm => heparin type WikidataEntity
Rule_4897	?a name ?d ?d type SurfaceForm => ?a type WikidataEntity	aneurysm name aneurysm | aneurysm type SurfaceForm => aneurysm type WikidataEntity
Rule_4897	?a name ?d ?d type SurfaceForm => ?a type WikidataEntity	background name background | background type SurfaceForm => background type WikidataEntity
Rule_4897	?a name ?d ?d type SurfaceForm => ?a type WikidataEntity	xerostomia name xerostomia | xerostomia type SurfaceForm => xerostomia type WikidataEntity
Rule_4897	?a name ?d ?d type SurfaceForm => ?a type WikidataEntity	down name down | down type SurfaceForm => down type WikidataEntity
Rule_4897	?a name ?d ?d type SurfaceForm => ?a type WikidataEntity	hypertension name hypertension | hypertension type SurfaceForm => hypertension type WikidataEntity
Rule_4897	?a name ?d ?d type SurfaceForm => ?a type WikidataEntity	statin name statin | statin type SurfaceForm => statin type WikidataEntity
Rule_4897	?a name ?d ?d type SurfaceForm => ?a type WikidataEntity	industry name industry | industry type SurfaceForm => industry type WikidataEntity
Rule_4897	?a name ?d ?d type SurfaceForm => ?a type WikidataEntity	amphetamine name amphetamine | amphetamine type SurfaceForm => amphetamine type WikidataEntity
Rule_4897	?a name ?d ?d type SurfaceForm => ?a type WikidataEntity	doxycycline name doxycycline | doxycycline type SurfaceForm => doxycycline type WikidataEntity
Rule_4897	?a name ?d ?d type SurfaceForm => ?a type WikidataEntity	infliximab name infliximab | infliximab type SurfaceForm => infliximab type WikidataEntity
Rule_4897	?a name ?d ?d type SurfaceForm => ?a type WikidataEntity	phenindione name phenindione | phenindione type SurfaceForm => phenindione type WikidataEntity
Rule_4897	?a name ?d ?d type SurfaceForm => ?a type WikidataEntity	nucleotide name nucleotide | nucleotide type SurfaceForm => nucleotide type WikidataEntity
Rule_4897	?a name ?d ?d type SurfaceForm => ?a type WikidataEntity	olmesartan name olmesartan | olmesartan type SurfaceForm => olmesartan type WikidataEntity
Rule_4897	?a name ?d ?d type SurfaceForm => ?a type WikidataEntity	weakness name weakness | weakness type SurfaceForm => weakness type WikidataEntity
Rule_4897	?a name ?d ?d type SurfaceForm => ?a type WikidataEntity	neuropediatrics name neuropediatrics | neuropediatrics type SurfaceForm => neuropediatrics type WikidataEntity
Rule_4897	?a name ?d ?d type SurfaceForm => ?a type WikidataEntity	spectroscopy name spectroscopy | spectroscopy type SurfaceForm => spectroscopy type WikidataEntity
Rule_4897	?a name ?d ?d type SurfaceForm => ?a type WikidataEntity	zaleplon name zaleplon | zaleplon type SurfaceForm => zaleplon type WikidataEntity
Rule_4897	?a name ?d ?d type SurfaceForm => ?a type WikidataEntity	cause name cause | cause type SurfaceForm => cause type WikidataEntity
Rule_4897	?a name ?d ?d type SurfaceForm => ?a type WikidataEntity	duration name duration | duration type SurfaceForm => duration type WikidataEntity
Rule_4897	?a name ?d ?d type SurfaceForm => ?a type WikidataEntity	timolol name timolol | timolol type SurfaceForm => timolol type WikidataEntity
Rule_4897	?a name ?d ?d type SurfaceForm => ?a type WikidataEntity	result name result | result type SurfaceForm => result type WikidataEntity
Rule_4897	?a name ?d ?d type SurfaceForm => ?a type WikidataEntity	montelukast name montelukast | montelukast type SurfaceForm => montelukast type WikidataEntity
Rule_4897	?a name ?d ?d type SurfaceForm => ?a type WikidataEntity	ketolides name ketolides | ketolides type SurfaceForm => ketolides type WikidataEntity
Rule_4897	?a name ?d ?d type SurfaceForm => ?a type WikidataEntity	emetology name emetology | emetology type SurfaceForm => emetology type WikidataEntity
Rule_4897	?a name ?d ?d type SurfaceForm => ?a type WikidataEntity	neuroscience name neuroscience | neuroscience type SurfaceForm => neuroscience type WikidataEntity
Rule_4897	?a name ?d ?d type SurfaceForm => ?a type WikidataEntity	Diclofenac name Diclofenac | Diclofenac type SurfaceForm => Diclofenac type WikidataEntity
Rule_4897	?a name ?d ?d type SurfaceForm => ?a type WikidataEntity	cortisol name cortisol | cortisol type SurfaceForm => cortisol type WikidataEntity
Rule_4897	?a name ?d ?d type SurfaceForm => ?a type WikidataEntity	distress name distress | distress type SurfaceForm => distress type WikidataEntity
Rule_4897	?a name ?d ?d type SurfaceForm => ?a type WikidataEntity	statistic name statistic | statistic type SurfaceForm => statistic type WikidataEntity
Rule_4897	?a name ?d ?d type SurfaceForm => ?a type WikidataEntity	Q10687207 name Q10687207 | Q10687207 type SurfaceForm => Q10687207 type WikidataEntity
Rule_4897	?a name ?d ?d type SurfaceForm => ?a type WikidataEntity	nadroparin name nadroparin | nadroparin type SurfaceForm => nadroparin type WikidataEntity
Rule_4897	?a name ?d ?d type SurfaceForm => ?a type WikidataEntity	presence name presence | presence type SurfaceForm => presence type WikidataEntity
Rule_4897	?a name ?d ?d type SurfaceForm => ?a type WikidataEntity	(RS)-nisoldipine name (RS)-nisoldipine | (RS)-nisoldipine type SurfaceForm => (RS)-nisoldipine type WikidataEntity
Rule_4897	?a name ?d ?d type SurfaceForm => ?a type WikidataEntity	amoxapine name amoxapine | amoxapine type SurfaceForm => amoxapine type WikidataEntity
Rule_4897	?a name ?d ?d type SurfaceForm => ?a type WikidataEntity	poisoning name poisoning | poisoning type SurfaceForm => poisoning type WikidataEntity
Rule_4897	?a name ?d ?d type SurfaceForm => ?a type WikidataEntity	methicillin name methicillin | methicillin type SurfaceForm => methicillin type WikidataEntity
Rule_4897	?a name ?d ?d type SurfaceForm => ?a type WikidataEntity	plan name plan | plan type SurfaceForm => plan type WikidataEntity
Rule_4897	?a name ?d ?d type SurfaceForm => ?a type WikidataEntity	deslanoside name deslanoside | deslanoside type SurfaceForm => deslanoside type WikidataEntity
Rule_4897	?a name ?d ?d type SurfaceForm => ?a type WikidataEntity	bacampicillin name bacampicillin | bacampicillin type SurfaceForm => bacampicillin type WikidataEntity
Rule_4897	?a name ?d ?d type SurfaceForm => ?a type WikidataEntity	infection name infection | infection type SurfaceForm => infection type WikidataEntity
Rule_4897	?a name ?d ?d type SurfaceForm => ?a type WikidataEntity	hepatotoxicity name hepatotoxicity | hepatotoxicity type SurfaceForm => hepatotoxicity type WikidataEntity
Rule_4897	?a name ?d ?d type SurfaceForm => ?a type WikidataEntity	aldohexose name aldohexose | aldohexose type SurfaceForm => aldohexose type WikidataEntity
Rule_4897	?a name ?d ?d type SurfaceForm => ?a type WikidataEntity	amlodipine/valsartan name amlodipine/valsartan | amlodipine/valsartan type SurfaceForm => amlodipine/valsartan type WikidataEntity
Rule_4897	?a name ?d ?d type SurfaceForm => ?a type WikidataEntity	nabumetone name nabumetone | nabumetone type SurfaceForm => nabumetone type WikidataEntity
Rule_4897	?a name ?d ?d type SurfaceForm => ?a type WikidataEntity	capsaicinoid name capsaicinoid | capsaicinoid type SurfaceForm => capsaicinoid type WikidataEntity
Rule_4897	?a name ?d ?d type SurfaceForm => ?a type WikidataEntity	olanzapine name olanzapine | olanzapine type SurfaceForm => olanzapine type WikidataEntity
Rule_4897	?a name ?d ?d type SurfaceForm => ?a type WikidataEntity	shape name shape | shape type SurfaceForm => shape type WikidataEntity
Rule_4897	?a name ?d ?d type SurfaceForm => ?a type WikidataEntity	usually name usually | usually type SurfaceForm => usually type WikidataEntity
Rule_4897	?a name ?d ?d type SurfaceForm => ?a type WikidataEntity	dihydroergotamine name dihydroergotamine | dihydroergotamine type SurfaceForm => dihydroergotamine type WikidataEntity
Rule_4897	?a name ?d ?d type SurfaceForm => ?a type WikidataEntity	proposal name proposal | proposal type SurfaceForm => proposal type WikidataEntity
Rule_4897	?a name ?d ?d type SurfaceForm => ?a type WikidataEntity	velagliflozin name velagliflozin | velagliflozin type SurfaceForm => velagliflozin type WikidataEntity
Rule_4897	?a name ?d ?d type SurfaceForm => ?a type WikidataEntity	myolysis name myolysis | myolysis type SurfaceForm => myolysis type WikidataEntity
Rule_4897	?a name ?d ?d type SurfaceForm => ?a type WikidataEntity	antipsychotics name antipsychotics | antipsychotics type SurfaceForm => antipsychotics type WikidataEntity
Rule_4897	?a name ?d ?d type SurfaceForm => ?a type WikidataEntity	dotarizine name dotarizine | dotarizine type SurfaceForm => dotarizine type WikidataEntity
Rule_4897	?a name ?d ?d type SurfaceForm => ?a type WikidataEntity	phase-out name phase-out | phase-out type SurfaceForm => phase-out type WikidataEntity
Rule_4897	?a name ?d ?d type SurfaceForm => ?a type WikidataEntity	pump name pump | pump type SurfaceForm => pump type WikidataEntity
Rule_4897	?a name ?d ?d type SurfaceForm => ?a type WikidataEntity	azolidine name azolidine | azolidine type SurfaceForm => azolidine type WikidataEntity
Rule_4897	?a name ?d ?d type SurfaceForm => ?a type WikidataEntity	cefoperazone name cefoperazone | cefoperazone type SurfaceForm => cefoperazone type WikidataEntity
Rule_4897	?a name ?d ?d type SurfaceForm => ?a type WikidataEntity	clothing name clothing | clothing type SurfaceForm => clothing type WikidataEntity
Rule_4897	?a name ?d ?d type SurfaceForm => ?a type WikidataEntity	influenza name influenza | influenza type SurfaceForm => influenza type WikidataEntity
Rule_4897	?a name ?d ?d type SurfaceForm => ?a type WikidataEntity	ibafloxacin name ibafloxacin | ibafloxacin type SurfaceForm => ibafloxacin type WikidataEntity
Rule_4897	?a name ?d ?d type SurfaceForm => ?a type WikidataEntity	ethinylestradiol name ethinylestradiol | ethinylestradiol type SurfaceForm => ethinylestradiol type WikidataEntity
Rule_4897	?a name ?d ?d type SurfaceForm => ?a type WikidataEntity	pravastatin name pravastatin | pravastatin type SurfaceForm => pravastatin type WikidataEntity
Rule_4897	?a name ?d ?d type SurfaceForm => ?a type WikidataEntity	cisplatin name cisplatin | cisplatin type SurfaceForm => cisplatin type WikidataEntity
Rule_4897	?a name ?d ?d type SurfaceForm => ?a type WikidataEntity	asenapine name asenapine | asenapine type SurfaceForm => asenapine type WikidataEntity
Rule_4897	?a name ?d ?d type SurfaceForm => ?a type WikidataEntity	preservative name preservative | preservative type SurfaceForm => preservative type WikidataEntity
Rule_4897	?a name ?d ?d type SurfaceForm => ?a type WikidataEntity	bosutinib name bosutinib | bosutinib type SurfaceForm => bosutinib type WikidataEntity
Rule_4897	?a name ?d ?d type SurfaceForm => ?a type WikidataEntity	deactivation name deactivation | deactivation type SurfaceForm => deactivation type WikidataEntity
Rule_4897	?a name ?d ?d type SurfaceForm => ?a type WikidataEntity	desomorphine name desomorphine | desomorphine type SurfaceForm => desomorphine type WikidataEntity
Rule_4897	?a name ?d ?d type SurfaceForm => ?a type WikidataEntity	tigecycline name tigecycline | tigecycline type SurfaceForm => tigecycline type WikidataEntity
Rule_4897	?a name ?d ?d type SurfaceForm => ?a type WikidataEntity	gliflozins name gliflozins | gliflozins type SurfaceForm => gliflozins type WikidataEntity
Rule_4897	?a name ?d ?d type SurfaceForm => ?a type WikidataEntity	cohort name cohort | cohort type SurfaceForm => cohort type WikidataEntity
Rule_4897	?a name ?d ?d type SurfaceForm => ?a type WikidataEntity	survivor name survivor | survivor type SurfaceForm => survivor type WikidataEntity
Rule_4897	?a name ?d ?d type SurfaceForm => ?a type WikidataEntity	moricizine name moricizine | moricizine type SurfaceForm => moricizine type WikidataEntity
Rule_4897	?a name ?d ?d type SurfaceForm => ?a type WikidataEntity	moderate name moderate | moderate type SurfaceForm => moderate type WikidataEntity
Rule_4897	?a name ?d ?d type SurfaceForm => ?a type WikidataEntity	azathioprine name azathioprine | azathioprine type SurfaceForm => azathioprine type WikidataEntity
Rule_4897	?a name ?d ?d type SurfaceForm => ?a type WikidataEntity	danazol name danazol | danazol type SurfaceForm => danazol type WikidataEntity
Rule_4897	?a name ?d ?d type SurfaceForm => ?a type WikidataEntity	magnitude name magnitude | magnitude type SurfaceForm => magnitude type WikidataEntity
Rule_4897	?a name ?d ?d type SurfaceForm => ?a type WikidataEntity	representation name representation | representation type SurfaceForm => representation type WikidataEntity
Rule_4897	?a name ?d ?d type SurfaceForm => ?a type WikidataEntity	demonstrative name demonstrative | demonstrative type SurfaceForm => demonstrative type WikidataEntity
Rule_4897	?a name ?d ?d type SurfaceForm => ?a type WikidataEntity	square name square | square type SurfaceForm => square type WikidataEntity
Rule_4897	?a name ?d ?d type SurfaceForm => ?a type WikidataEntity	zoonosis name zoonosis | zoonosis type SurfaceForm => zoonosis type WikidataEntity
Rule_4897	?a name ?d ?d type SurfaceForm => ?a type WikidataEntity	isoindolinone name isoindolinone | isoindolinone type SurfaceForm => isoindolinone type WikidataEntity
Rule_4897	?a name ?d ?d type SurfaceForm => ?a type WikidataEntity	aldose name aldose | aldose type SurfaceForm => aldose type WikidataEntity
Rule_4897	?a name ?d ?d type SurfaceForm => ?a type WikidataEntity	penbutolol name penbutolol | penbutolol type SurfaceForm => penbutolol type WikidataEntity
Rule_4897	?a name ?d ?d type SurfaceForm => ?a type WikidataEntity	iatrogenesis name iatrogenesis | iatrogenesis type SurfaceForm => iatrogenesis type WikidataEntity
Rule_4897	?a name ?d ?d type SurfaceForm => ?a type WikidataEntity	dissection name dissection | dissection type SurfaceForm => dissection type WikidataEntity
Rule_4897	?a name ?d ?d type SurfaceForm => ?a type WikidataEntity	isoproterenol name isoproterenol | isoproterenol type SurfaceForm => isoproterenol type WikidataEntity
Rule_4897	?a name ?d ?d type SurfaceForm => ?a type WikidataEntity	prednisone name prednisone | prednisone type SurfaceForm => prednisone type WikidataEntity
Rule_4897	?a name ?d ?d type SurfaceForm => ?a type WikidataEntity	disopyramide name disopyramide | disopyramide type SurfaceForm => disopyramide type WikidataEntity
Rule_4897	?a name ?d ?d type SurfaceForm => ?a type WikidataEntity	atigliflozin name atigliflozin | atigliflozin type SurfaceForm => atigliflozin type WikidataEntity
Rule_4897	?a name ?d ?d type SurfaceForm => ?a type WikidataEntity	chagoma name chagoma | chagoma type SurfaceForm => chagoma type WikidataEntity
Rule_4897	?a name ?d ?d type SurfaceForm => ?a type WikidataEntity	pregnancy name pregnancy | pregnancy type SurfaceForm => pregnancy type WikidataEntity
Rule_4897	?a name ?d ?d type SurfaceForm => ?a type WikidataEntity	peramivir name peramivir | peramivir type SurfaceForm => peramivir type WikidataEntity
Rule_4897	?a name ?d ?d type SurfaceForm => ?a type WikidataEntity	clopidogrel name clopidogrel | clopidogrel type SurfaceForm => clopidogrel type WikidataEntity
Rule_4897	?a name ?d ?d type SurfaceForm => ?a type WikidataEntity	adverb name adverb | adverb type SurfaceForm => adverb type WikidataEntity
Rule_4897	?a name ?d ?d type SurfaceForm => ?a type WikidataEntity	ampicillin/sulbactam name ampicillin/sulbactam | ampicillin/sulbactam type SurfaceForm => ampicillin/sulbactam type WikidataEntity
Rule_4897	?a name ?d ?d type SurfaceForm => ?a type WikidataEntity	urea name urea | urea type SurfaceForm => urea type WikidataEntity
Rule_4897	?a name ?d ?d type SurfaceForm => ?a type WikidataEntity	(R)-fluoxetine name (R)-fluoxetine | (R)-fluoxetine type SurfaceForm => (R)-fluoxetine type WikidataEntity
Rule_4897	?a name ?d ?d type SurfaceForm => ?a type WikidataEntity	proteinuria name proteinuria | proteinuria type SurfaceForm => proteinuria type WikidataEntity
Rule_4897	?a name ?d ?d type SurfaceForm => ?a type WikidataEntity	D-methamphetamine name D-methamphetamine | D-methamphetamine type SurfaceForm => D-methamphetamine type WikidataEntity
Rule_4897	?a name ?d ?d type SurfaceForm => ?a type WikidataEntity	range name range | range type SurfaceForm => range type WikidataEntity
Rule_4897	?a name ?d ?d type SurfaceForm => ?a type WikidataEntity	secobarbital name secobarbital | secobarbital type SurfaceForm => secobarbital type WikidataEntity
Rule_4897	?a name ?d ?d type SurfaceForm => ?a type WikidataEntity	(RS)-sibutramine name (RS)-sibutramine | (RS)-sibutramine type SurfaceForm => (RS)-sibutramine type WikidataEntity
Rule_4897	?a name ?d ?d type SurfaceForm => ?a type WikidataEntity	ceritinib name ceritinib | ceritinib type SurfaceForm => ceritinib type WikidataEntity
Rule_4897	?a name ?d ?d type SurfaceForm => ?a type WikidataEntity	dissociation name dissociation | dissociation type SurfaceForm => dissociation type WikidataEntity
Rule_4897	?a name ?d ?d type SurfaceForm => ?a type WikidataEntity	dressing name dressing | dressing type SurfaceForm => dressing type WikidataEntity
Rule_4897	?a name ?d ?d type SurfaceForm => ?a type WikidataEntity	meprobamate name meprobamate | meprobamate type SurfaceForm => meprobamate type WikidataEntity
Rule_4897	?a name ?d ?d type SurfaceForm => ?a type WikidataEntity	bevacizumab name bevacizumab | bevacizumab type SurfaceForm => bevacizumab type WikidataEntity
Rule_4897	?a name ?d ?d type SurfaceForm => ?a type WikidataEntity	quinupristin name quinupristin | quinupristin type SurfaceForm => quinupristin type WikidataEntity
Rule_4897	?a name ?d ?d type SurfaceForm => ?a type WikidataEntity	orthopedics name orthopedics | orthopedics type SurfaceForm => orthopedics type WikidataEntity
Rule_4897	?a name ?d ?d type SurfaceForm => ?a type WikidataEntity	zofenopril name zofenopril | zofenopril type SurfaceForm => zofenopril type WikidataEntity
Rule_4897	?a name ?d ?d type SurfaceForm => ?a type WikidataEntity	echocardiography name echocardiography | echocardiography type SurfaceForm => echocardiography type WikidataEntity
Rule_4897	?a name ?d ?d type SurfaceForm => ?a type WikidataEntity	zileuton name zileuton | zileuton type SurfaceForm => zileuton type WikidataEntity
Rule_4897	?a name ?d ?d type SurfaceForm => ?a type WikidataEntity	chlorthalidone name chlorthalidone | chlorthalidone type SurfaceForm => chlorthalidone type WikidataEntity
Rule_4897	?a name ?d ?d type SurfaceForm => ?a type WikidataEntity	accessibility name accessibility | accessibility type SurfaceForm => accessibility type WikidataEntity
Rule_4897	?a name ?d ?d type SurfaceForm => ?a type WikidataEntity	additive name additive | additive type SurfaceForm => additive type WikidataEntity
Rule_4897	?a name ?d ?d type SurfaceForm => ?a type WikidataEntity	methylnaltrexone name methylnaltrexone | methylnaltrexone type SurfaceForm => methylnaltrexone type WikidataEntity
Rule_4897	?a name ?d ?d type SurfaceForm => ?a type WikidataEntity	method name method | method type SurfaceForm => method type WikidataEntity
Rule_4897	?a name ?d ?d type SurfaceForm => ?a type WikidataEntity	eperisone name eperisone | eperisone type SurfaceForm => eperisone type WikidataEntity
Rule_4897	?a name ?d ?d type SurfaceForm => ?a type WikidataEntity	morphine name morphine | morphine type SurfaceForm => morphine type WikidataEntity
Rule_4897	?a name ?d ?d type SurfaceForm => ?a type WikidataEntity	mixture name mixture | mixture type SurfaceForm => mixture type WikidataEntity
Rule_4897	?a name ?d ?d type SurfaceForm => ?a type WikidataEntity	ketoacidosis name ketoacidosis | ketoacidosis type SurfaceForm => ketoacidosis type WikidataEntity
Rule_4897	?a name ?d ?d type SurfaceForm => ?a type WikidataEntity	knowledge name knowledge | knowledge type SurfaceForm => knowledge type WikidataEntity
Rule_4897	?a name ?d ?d type SurfaceForm => ?a type WikidataEntity	dactyly name dactyly | dactyly type SurfaceForm => dactyly type WikidataEntity
Rule_4897	?a name ?d ?d type SurfaceForm => ?a type WikidataEntity	diarylquinolines name diarylquinolines | diarylquinolines type SurfaceForm => diarylquinolines type WikidataEntity
Rule_4897	?a name ?d ?d type SurfaceForm => ?a type WikidataEntity	endocarditis name endocarditis | endocarditis type SurfaceForm => endocarditis type WikidataEntity
Rule_4897	?a name ?d ?d type SurfaceForm => ?a type WikidataEntity	mutation name mutation | mutation type SurfaceForm => mutation type WikidataEntity
Rule_4897	?a name ?d ?d type SurfaceForm => ?a type WikidataEntity	pheniramine name pheniramine | pheniramine type SurfaceForm => pheniramine type WikidataEntity
Rule_4897	?a name ?d ?d type SurfaceForm => ?a type WikidataEntity	metoclopramide name metoclopramide | metoclopramide type SurfaceForm => metoclopramide type WikidataEntity
Rule_4897	?a name ?d ?d type SurfaceForm => ?a type WikidataEntity	neostigmine name neostigmine | neostigmine type SurfaceForm => neostigmine type WikidataEntity
Rule_4897	?a name ?d ?d type SurfaceForm => ?a type WikidataEntity	acebutolol name acebutolol | acebutolol type SurfaceForm => acebutolol type WikidataEntity
Rule_4897	?a name ?d ?d type SurfaceForm => ?a type WikidataEntity	pimozide name pimozide | pimozide type SurfaceForm => pimozide type WikidataEntity
Rule_4897	?a name ?d ?d type SurfaceForm => ?a type WikidataEntity	cardioversion name cardioversion | cardioversion type SurfaceForm => cardioversion type WikidataEntity
Rule_4897	?a name ?d ?d type SurfaceForm => ?a type WikidataEntity	hypogeusia name hypogeusia | hypogeusia type SurfaceForm => hypogeusia type WikidataEntity
Rule_4897	?a name ?d ?d type SurfaceForm => ?a type WikidataEntity	hematuria name hematuria | hematuria type SurfaceForm => hematuria type WikidataEntity
Rule_4897	?a name ?d ?d type SurfaceForm => ?a type WikidataEntity	acrivastine name acrivastine | acrivastine type SurfaceForm => acrivastine type WikidataEntity
Rule_4897	?a name ?d ?d type SurfaceForm => ?a type WikidataEntity	periodically name periodically | periodically type SurfaceForm => periodically type WikidataEntity
Rule_4897	?a name ?d ?d type SurfaceForm => ?a type WikidataEntity	antidepressant name antidepressant | antidepressant type SurfaceForm => antidepressant type WikidataEntity
Rule_4897	?a name ?d ?d type SurfaceForm => ?a type WikidataEntity	hydralazine name hydralazine | hydralazine type SurfaceForm => hydralazine type WikidataEntity
Rule_4897	?a name ?d ?d type SurfaceForm => ?a type WikidataEntity	ethacridine name ethacridine | ethacridine type SurfaceForm => ethacridine type WikidataEntity
Rule_4897	?a name ?d ?d type SurfaceForm => ?a type WikidataEntity	leuprolide name leuprolide | leuprolide type SurfaceForm => leuprolide type WikidataEntity
Rule_4897	?a name ?d ?d type SurfaceForm => ?a type WikidataEntity	ketosis name ketosis | ketosis type SurfaceForm => ketosis type WikidataEntity
Rule_4897	?a name ?d ?d type SurfaceForm => ?a type WikidataEntity	alfuzosin name alfuzosin | alfuzosin type SurfaceForm => alfuzosin type WikidataEntity
Rule_4897	?a name ?d ?d type SurfaceForm => ?a type WikidataEntity	spirometry name spirometry | spirometry type SurfaceForm => spirometry type WikidataEntity
Rule_4897	?a name ?d ?d type SurfaceForm => ?a type WikidataEntity	equestrianism name equestrianism | equestrianism type SurfaceForm => equestrianism type WikidataEntity
Rule_4897	?a name ?d ?d type SurfaceForm => ?a type WikidataEntity	adult name adult | adult type SurfaceForm => adult type WikidataEntity
Rule_4897	?a name ?d ?d type SurfaceForm => ?a type WikidataEntity	apomorphine name apomorphine | apomorphine type SurfaceForm => apomorphine type WikidataEntity
Rule_4897	?a name ?d ?d type SurfaceForm => ?a type WikidataEntity	pirfenidone name pirfenidone | pirfenidone type SurfaceForm => pirfenidone type WikidataEntity
Rule_4897	?a name ?d ?d type SurfaceForm => ?a type WikidataEntity	cardiotoxicity name cardiotoxicity | cardiotoxicity type SurfaceForm => cardiotoxicity type WikidataEntity
Rule_4897	?a name ?d ?d type SurfaceForm => ?a type WikidataEntity	canrenone name canrenone | canrenone type SurfaceForm => canrenone type WikidataEntity
Rule_4897	?a name ?d ?d type SurfaceForm => ?a type WikidataEntity	tracheitis name tracheitis | tracheitis type SurfaceForm => tracheitis type WikidataEntity
Rule_4897	?a name ?d ?d type SurfaceForm => ?a type WikidataEntity	marbofloxacin name marbofloxacin | marbofloxacin type SurfaceForm => marbofloxacin type WikidataEntity
Rule_4897	?a name ?d ?d type SurfaceForm => ?a type WikidataEntity	talinolol name talinolol | talinolol type SurfaceForm => talinolol type WikidataEntity
Rule_4897	?a name ?d ?d type SurfaceForm => ?a type WikidataEntity	sedation name sedation | sedation type SurfaceForm => sedation type WikidataEntity
Rule_4897	?a name ?d ?d type SurfaceForm => ?a type WikidataEntity	(RS)-metoprolol name (RS)-metoprolol | (RS)-metoprolol type SurfaceForm => (RS)-metoprolol type WikidataEntity
Rule_4897	?a name ?d ?d type SurfaceForm => ?a type WikidataEntity	ophthalmology name ophthalmology | ophthalmology type SurfaceForm => ophthalmology type WikidataEntity
Rule_4897	?a name ?d ?d type SurfaceForm => ?a type WikidataEntity	leg name leg | leg type SurfaceForm => leg type WikidataEntity
Rule_4897	?a name ?d ?d type SurfaceForm => ?a type WikidataEntity	bandage name bandage | bandage type SurfaceForm => bandage type WikidataEntity
Rule_4897	?a name ?d ?d type SurfaceForm => ?a type WikidataEntity	female name female | female type SurfaceForm => female type WikidataEntity
Rule_4897	?a name ?d ?d type SurfaceForm => ?a type WikidataEntity	name name name | name type SurfaceForm => name type WikidataEntity
Rule_4897	?a name ?d ?d type SurfaceForm => ?a type WikidataEntity	simvastatin name simvastatin | simvastatin type SurfaceForm => simvastatin type WikidataEntity
Rule_4897	?a name ?d ?d type SurfaceForm => ?a type WikidataEntity	entry name entry | entry type SurfaceForm => entry type WikidataEntity
Rule_4897	?a name ?d ?d type SurfaceForm => ?a type WikidataEntity	natamycin name natamycin | natamycin type SurfaceForm => natamycin type WikidataEntity
Rule_4897	?a name ?d ?d type SurfaceForm => ?a type WikidataEntity	s-block name s-block | s-block type SurfaceForm => s-block type WikidataEntity
Rule_4897	?a name ?d ?d type SurfaceForm => ?a type WikidataEntity	sumatriptan name sumatriptan | sumatriptan type SurfaceForm => sumatriptan type WikidataEntity
Rule_4897	?a name ?d ?d type SurfaceForm => ?a type WikidataEntity	amcinonide name amcinonide | amcinonide type SurfaceForm => amcinonide type WikidataEntity
Rule_4897	?a name ?d ?d type SurfaceForm => ?a type WikidataEntity	tadalafil name tadalafil | tadalafil type SurfaceForm => tadalafil type WikidataEntity
Rule_4897	?a name ?d ?d type SurfaceForm => ?a type WikidataEntity	12 name 12 | 12 type SurfaceForm => 12 type WikidataEntity
Rule_4897	?a name ?d ?d type SurfaceForm => ?a type WikidataEntity	established name established | established type SurfaceForm => established type WikidataEntity
Rule_4897	?a name ?d ?d type SurfaceForm => ?a type WikidataEntity	output name output | output type SurfaceForm => output type WikidataEntity
Rule_4897	?a name ?d ?d type SurfaceForm => ?a type WikidataEntity	bisphosphonate name bisphosphonate | bisphosphonate type SurfaceForm => bisphosphonate type WikidataEntity
Rule_4897	?a name ?d ?d type SurfaceForm => ?a type WikidataEntity	oligohydramnios name oligohydramnios | oligohydramnios type SurfaceForm => oligohydramnios type WikidataEntity
Rule_4897	?a name ?d ?d type SurfaceForm => ?a type WikidataEntity	zilucoplan name zilucoplan | zilucoplan type SurfaceForm => zilucoplan type WikidataEntity
Rule_4897	?a name ?d ?d type SurfaceForm => ?a type WikidataEntity	lynestrenol name lynestrenol | lynestrenol type SurfaceForm => lynestrenol type WikidataEntity
Rule_4897	?a name ?d ?d type SurfaceForm => ?a type WikidataEntity	Q69436105 name Q69436105 | Q69436105 type SurfaceForm => Q69436105 type WikidataEntity
Rule_4897	?a name ?d ?d type SurfaceForm => ?a type WikidataEntity	lorazepam name lorazepam | lorazepam type SurfaceForm => lorazepam type WikidataEntity
Rule_4897	?a name ?d ?d type SurfaceForm => ?a type WikidataEntity	imidazolidine name imidazolidine | imidazolidine type SurfaceForm => imidazolidine type WikidataEntity
Rule_4897	?a name ?d ?d type SurfaceForm => ?a type WikidataEntity	ethoxzolamide name ethoxzolamide | ethoxzolamide type SurfaceForm => ethoxzolamide type WikidataEntity
Rule_4897	?a name ?d ?d type SurfaceForm => ?a type WikidataEntity	thrombolysis name thrombolysis | thrombolysis type SurfaceForm => thrombolysis type WikidataEntity
Rule_4897	?a name ?d ?d type SurfaceForm => ?a type WikidataEntity	collineation name collineation | collineation type SurfaceForm => collineation type WikidataEntity
Rule_4897	?a name ?d ?d type SurfaceForm => ?a type WikidataEntity	albuminuria name albuminuria | albuminuria type SurfaceForm => albuminuria type WikidataEntity
Rule_4897	?a name ?d ?d type SurfaceForm => ?a type WikidataEntity	DCTN1-p150 name DCTN1-p150 | DCTN1-p150 type SurfaceForm => DCTN1-p150 type WikidataEntity
Rule_4897	?a name ?d ?d type SurfaceForm => ?a type WikidataEntity	butacaine name butacaine | butacaine type SurfaceForm => butacaine type WikidataEntity
Rule_4897	?a name ?d ?d type SurfaceForm => ?a type WikidataEntity	butalbital name butalbital | butalbital type SurfaceForm => butalbital type WikidataEntity
Rule_4897	?a name ?d ?d type SurfaceForm => ?a type WikidataEntity	dextrothyroxine name dextrothyroxine | dextrothyroxine type SurfaceForm => dextrothyroxine type WikidataEntity
Rule_4897	?a name ?d ?d type SurfaceForm => ?a type WikidataEntity	glycerol name glycerol | glycerol type SurfaceForm => glycerol type WikidataEntity
Rule_4897	?a name ?d ?d type SurfaceForm => ?a type WikidataEntity	safety name safety | safety type SurfaceForm => safety type WikidataEntity
Rule_4897	?a name ?d ?d type SurfaceForm => ?a type WikidataEntity	testolactone name testolactone | testolactone type SurfaceForm => testolactone type WikidataEntity
Rule_4897	?a name ?d ?d type SurfaceForm => ?a type WikidataEntity	erythropoietin name erythropoietin | erythropoietin type SurfaceForm => erythropoietin type WikidataEntity
Rule_4897	?a name ?d ?d type SurfaceForm => ?a type WikidataEntity	nesiritide name nesiritide | nesiritide type SurfaceForm => nesiritide type WikidataEntity
Rule_4897	?a name ?d ?d type SurfaceForm => ?a type WikidataEntity	capsaicin name capsaicin | capsaicin type SurfaceForm => capsaicin type WikidataEntity
Rule_4897	?a name ?d ?d type SurfaceForm => ?a type WikidataEntity	eculizumab name eculizumab | eculizumab type SurfaceForm => eculizumab type WikidataEntity
Rule_4897	?a name ?d ?d type SurfaceForm => ?a type WikidataEntity	(2S,4R)-ketoconazole name (2S,4R)-ketoconazole | (2S,4R)-ketoconazole type SurfaceForm => (2S,4R)-ketoconazole type WikidataEntity
Rule_4897	?a name ?d ?d type SurfaceForm => ?a type WikidataEntity	mepivacaine name mepivacaine | mepivacaine type SurfaceForm => mepivacaine type WikidataEntity
Rule_4897	?a name ?d ?d type SurfaceForm => ?a type WikidataEntity	psychologist name psychologist | psychologist type SurfaceForm => psychologist type WikidataEntity
Rule_4897	?a name ?d ?d type SurfaceForm => ?a type WikidataEntity	extremity name extremity | extremity type SurfaceForm => extremity type WikidataEntity
Rule_4897	?a name ?d ?d type SurfaceForm => ?a type WikidataEntity	quantity name quantity | quantity type SurfaceForm => quantity type WikidataEntity
Rule_4897	?a name ?d ?d type SurfaceForm => ?a type WikidataEntity	Evaluate name Evaluate | Evaluate type SurfaceForm => Evaluate type WikidataEntity
Rule_4897	?a name ?d ?d type SurfaceForm => ?a type WikidataEntity	arthralgia name arthralgia | arthralgia type SurfaceForm => arthralgia type WikidataEntity
Rule_4897	?a name ?d ?d type SurfaceForm => ?a type WikidataEntity	ergometrine name ergometrine | ergometrine type SurfaceForm => ergometrine type WikidataEntity
Rule_4897	?a name ?d ?d type SurfaceForm => ?a type WikidataEntity	endocrinology name endocrinology | endocrinology type SurfaceForm => endocrinology type WikidataEntity
Rule_4897	?a name ?d ?d type SurfaceForm => ?a type WikidataEntity	tropane name tropane | tropane type SurfaceForm => tropane type WikidataEntity
Rule_4897	?a name ?d ?d type SurfaceForm => ?a type WikidataEntity	lurasidone name lurasidone | lurasidone type SurfaceForm => lurasidone type WikidataEntity
Rule_4897	?a name ?d ?d type SurfaceForm => ?a type WikidataEntity	prodine name prodine | prodine type SurfaceForm => prodine type WikidataEntity
Rule_4897	?a name ?d ?d type SurfaceForm => ?a type WikidataEntity	ritonavir name ritonavir | ritonavir type SurfaceForm => ritonavir type WikidataEntity
Rule_4897	?a name ?d ?d type SurfaceForm => ?a type WikidataEntity	continuous name continuous | continuous type SurfaceForm => continuous type WikidataEntity
Rule_4897	?a name ?d ?d type SurfaceForm => ?a type WikidataEntity	lamotrigine name lamotrigine | lamotrigine type SurfaceForm => lamotrigine type WikidataEntity
Rule_4897	?a name ?d ?d type SurfaceForm => ?a type WikidataEntity	ester name ester | ester type SurfaceForm => ester type WikidataEntity
Rule_4897	?a name ?d ?d type SurfaceForm => ?a type WikidataEntity	oxytocin name oxytocin | oxytocin type SurfaceForm => oxytocin type WikidataEntity
Rule_4897	?a name ?d ?d type SurfaceForm => ?a type WikidataEntity	benzquinamide name benzquinamide | benzquinamide type SurfaceForm => benzquinamide type WikidataEntity
Rule_4897	?a name ?d ?d type SurfaceForm => ?a type WikidataEntity	style name style | style type SurfaceForm => style type WikidataEntity
Rule_4897	?a name ?d ?d type SurfaceForm => ?a type WikidataEntity	dilation name dilation | dilation type SurfaceForm => dilation type WikidataEntity
Rule_4897	?a name ?d ?d type SurfaceForm => ?a type WikidataEntity	etiology name etiology | etiology type SurfaceForm => etiology type WikidataEntity
Rule_4897	?a name ?d ?d type SurfaceForm => ?a type WikidataEntity	immunosuppression name immunosuppression | immunosuppression type SurfaceForm => immunosuppression type WikidataEntity
Rule_4897	?a name ?d ?d type SurfaceForm => ?a type WikidataEntity	catheter name catheter | catheter type SurfaceForm => catheter type WikidataEntity
Rule_4897	?a name ?d ?d type SurfaceForm => ?a type WikidataEntity	imidazole name imidazole | imidazole type SurfaceForm => imidazole type WikidataEntity
Rule_4897	?a name ?d ?d type SurfaceForm => ?a type WikidataEntity	chlorphenesin name chlorphenesin | chlorphenesin type SurfaceForm => chlorphenesin type WikidataEntity
Rule_4897	?a name ?d ?d type SurfaceForm => ?a type WikidataEntity	formoterol name formoterol | formoterol type SurfaceForm => formoterol type WikidataEntity
Rule_4897	?a name ?d ?d type SurfaceForm => ?a type WikidataEntity	biotin name biotin | biotin type SurfaceForm => biotin type WikidataEntity
Rule_4897	?a name ?d ?d type SurfaceForm => ?a type WikidataEntity	Dordogne name Dordogne | Dordogne type SurfaceForm => Dordogne type WikidataEntity
Rule_4897	?a name ?d ?d type SurfaceForm => ?a type WikidataEntity	rac-salbutamol name rac-salbutamol | rac-salbutamol type SurfaceForm => rac-salbutamol type WikidataEntity
Rule_4897	?a name ?d ?d type SurfaceForm => ?a type WikidataEntity	family name family | family type SurfaceForm => family type WikidataEntity
Rule_4897	?a name ?d ?d type SurfaceForm => ?a type WikidataEntity	locomotion name locomotion | locomotion type SurfaceForm => locomotion type WikidataEntity
Rule_4897	?a name ?d ?d type SurfaceForm => ?a type WikidataEntity	clostebol name clostebol | clostebol type SurfaceForm => clostebol type WikidataEntity
Rule_4897	?a name ?d ?d type SurfaceForm => ?a type WikidataEntity	bexagliflozin name bexagliflozin | bexagliflozin type SurfaceForm => bexagliflozin type WikidataEntity
Rule_4897	?a name ?d ?d type SurfaceForm => ?a type WikidataEntity	fasciitis name fasciitis | fasciitis type SurfaceForm => fasciitis type WikidataEntity
Rule_4897	?a name ?d ?d type SurfaceForm => ?a type WikidataEntity	occupation name occupation | occupation type SurfaceForm => occupation type WikidataEntity
Rule_4897	?a name ?d ?d type SurfaceForm => ?a type WikidataEntity	(R)-carbinoxamine name (R)-carbinoxamine | (R)-carbinoxamine type SurfaceForm => (R)-carbinoxamine type WikidataEntity
Rule_4897	?a name ?d ?d type SurfaceForm => ?a type WikidataEntity	organomegaly name organomegaly | organomegaly type SurfaceForm => organomegaly type WikidataEntity
Rule_4897	?a name ?d ?d type SurfaceForm => ?a type WikidataEntity	variable name variable | variable type SurfaceForm => variable type WikidataEntity
Rule_4897	?a name ?d ?d type SurfaceForm => ?a type WikidataEntity	aripiprazole name aripiprazole | aripiprazole type SurfaceForm => aripiprazole type WikidataEntity
Rule_4897	?a name ?d ?d type SurfaceForm => ?a type WikidataEntity	Q57823731 name Q57823731 | Q57823731 type SurfaceForm => Q57823731 type WikidataEntity
Rule_4897	?a name ?d ?d type SurfaceForm => ?a type WikidataEntity	occurrence name occurrence | occurrence type SurfaceForm => occurrence type WikidataEntity
Rule_4897	?a name ?d ?d type SurfaceForm => ?a type WikidataEntity	piperazines name piperazines | piperazines type SurfaceForm => piperazines type WikidataEntity
Rule_4897	?a name ?d ?d type SurfaceForm => ?a type WikidataEntity	valacyclovir name valacyclovir | valacyclovir type SurfaceForm => valacyclovir type WikidataEntity
Rule_4897	?a name ?d ?d type SurfaceForm => ?a type WikidataEntity	trandolapril name trandolapril | trandolapril type SurfaceForm => trandolapril type WikidataEntity
Rule_4897	?a name ?d ?d type SurfaceForm => ?a type WikidataEntity	zanamivir name zanamivir | zanamivir type SurfaceForm => zanamivir type WikidataEntity
Rule_4897	?a name ?d ?d type SurfaceForm => ?a type WikidataEntity	piretanide name piretanide | piretanide type SurfaceForm => piretanide type WikidataEntity
Rule_4897	?a name ?d ?d type SurfaceForm => ?a type WikidataEntity	request name request | request type SurfaceForm => request type WikidataEntity
Rule_4897	?a name ?d ?d type SurfaceForm => ?a type WikidataEntity	ziprasidone name ziprasidone | ziprasidone type SurfaceForm => ziprasidone type WikidataEntity
Rule_4897	?a name ?d ?d type SurfaceForm => ?a type WikidataEntity	transparency name transparency | transparency type SurfaceForm => transparency type WikidataEntity
Rule_4897	?a name ?d ?d type SurfaceForm => ?a type WikidataEntity	oxocarbon name oxocarbon | oxocarbon type SurfaceForm => oxocarbon type WikidataEntity
Rule_4897	?a name ?d ?d type SurfaceForm => ?a type WikidataEntity	2-phenylphenol name 2-phenylphenol | 2-phenylphenol type SurfaceForm => 2-phenylphenol type WikidataEntity
Rule_4897	?a name ?d ?d type SurfaceForm => ?a type WikidataEntity	methdilazine name methdilazine | methdilazine type SurfaceForm => methdilazine type WikidataEntity
Rule_4897	?a name ?d ?d type SurfaceForm => ?a type WikidataEntity	accumulator name accumulator | accumulator type SurfaceForm => accumulator type WikidataEntity
Rule_4897	?a name ?d ?d type SurfaceForm => ?a type WikidataEntity	catheterization name catheterization | catheterization type SurfaceForm => catheterization type WikidataEntity
Rule_4897	?a name ?d ?d type SurfaceForm => ?a type WikidataEntity	lanthanide name lanthanide | lanthanide type SurfaceForm => lanthanide type WikidataEntity
Rule_4897	?a name ?d ?d type SurfaceForm => ?a type WikidataEntity	deuremidevir name deuremidevir | deuremidevir type SurfaceForm => deuremidevir type WikidataEntity
Rule_4897	?a name ?d ?d type SurfaceForm => ?a type WikidataEntity	disaccharide name disaccharide | disaccharide type SurfaceForm => disaccharide type WikidataEntity
Rule_4897	?a name ?d ?d type SurfaceForm => ?a type WikidataEntity	cisapride name cisapride | cisapride type SurfaceForm => cisapride type WikidataEntity
Rule_4897	?a name ?d ?d type SurfaceForm => ?a type WikidataEntity	omaveloxolone name omaveloxolone | omaveloxolone type SurfaceForm => omaveloxolone type WikidataEntity
Rule_4897	?a name ?d ?d type SurfaceForm => ?a type WikidataEntity	alacepril name alacepril | alacepril type SurfaceForm => alacepril type WikidataEntity
Rule_4897	?a name ?d ?d type SurfaceForm => ?a type WikidataEntity	ramiprilat name ramiprilat | ramiprilat type SurfaceForm => ramiprilat type WikidataEntity
Rule_4897	?a name ?d ?d type SurfaceForm => ?a type WikidataEntity	eletriptan name eletriptan | eletriptan type SurfaceForm => eletriptan type WikidataEntity
Rule_4897	?a name ?d ?d type SurfaceForm => ?a type WikidataEntity	distraction name distraction | distraction type SurfaceForm => distraction type WikidataEntity
Rule_4897	?a name ?d ?d type SurfaceForm => ?a type WikidataEntity	omeprazole name omeprazole | omeprazole type SurfaceForm => omeprazole type WikidataEntity
Rule_4897	?a name ?d ?d type SurfaceForm => ?a type WikidataEntity	hypericin name hypericin | hypericin type SurfaceForm => hypericin type WikidataEntity
Rule_4897	?a name ?d ?d type SurfaceForm => ?a type WikidataEntity	probability name probability | probability type SurfaceForm => probability type WikidataEntity
Rule_4897	?a name ?d ?d type SurfaceForm => ?a type WikidataEntity	pulley name pulley | pulley type SurfaceForm => pulley type WikidataEntity
Rule_4897	?a name ?d ?d type SurfaceForm => ?a type WikidataEntity	mecamylamine name mecamylamine | mecamylamine type SurfaceForm => mecamylamine type WikidataEntity
Rule_4897	?a name ?d ?d type SurfaceForm => ?a type WikidataEntity	D/L-sarcolysin name D/L-sarcolysin | D/L-sarcolysin type SurfaceForm => D/L-sarcolysin type WikidataEntity
Rule_4897	?a name ?d ?d type SurfaceForm => ?a type WikidataEntity	inconsistency name inconsistency | inconsistency type SurfaceForm => inconsistency type WikidataEntity
Rule_4897	?a name ?d ?d type SurfaceForm => ?a type WikidataEntity	zopiclone name zopiclone | zopiclone type SurfaceForm => zopiclone type WikidataEntity
Rule_4897	?a name ?d ?d type SurfaceForm => ?a type WikidataEntity	sotagliflozin name sotagliflozin | sotagliflozin type SurfaceForm => sotagliflozin type WikidataEntity
Rule_4897	?a name ?d ?d type SurfaceForm => ?a type WikidataEntity	lds name lds | lds type SurfaceForm => lds type WikidataEntity
Rule_4897	?a name ?d ?d type SurfaceForm => ?a type WikidataEntity	lipid name lipid | lipid type SurfaceForm => lipid type WikidataEntity
Rule_4897	?a name ?d ?d type SurfaceForm => ?a type WikidataEntity	DL-moramide name DL-moramide | DL-moramide type SurfaceForm => DL-moramide type WikidataEntity
Rule_4897	?a name ?d ?d type SurfaceForm => ?a type WikidataEntity	amyloidosis name amyloidosis | amyloidosis type SurfaceForm => amyloidosis type WikidataEntity
Rule_4897	?a name ?d ?d type SurfaceForm => ?a type WikidataEntity	after name after | after type SurfaceForm => after type WikidataEntity
Rule_4897	?a name ?d ?d type SurfaceForm => ?a type WikidataEntity	possibility name possibility | possibility type SurfaceForm => possibility type WikidataEntity
Rule_4897	?a name ?d ?d type SurfaceForm => ?a type WikidataEntity	ketone name ketone | ketone type SurfaceForm => ketone type WikidataEntity
Rule_4897	?a name ?d ?d type SurfaceForm => ?a type WikidataEntity	discomfort name discomfort | discomfort type SurfaceForm => discomfort type WikidataEntity
Rule_4897	?a name ?d ?d type SurfaceForm => ?a type WikidataEntity	quinquennium name quinquennium | quinquennium type SurfaceForm => quinquennium type WikidataEntity
Rule_4897	?a name ?d ?d type SurfaceForm => ?a type WikidataEntity	sneeze name sneeze | sneeze type SurfaceForm => sneeze type WikidataEntity
Rule_4897	?a name ?d ?d type SurfaceForm => ?a type WikidataEntity	narcosis name narcosis | narcosis type SurfaceForm => narcosis type WikidataEntity
Rule_4897	?a name ?d ?d type SurfaceForm => ?a type WikidataEntity	epinephrine name epinephrine | epinephrine type SurfaceForm => epinephrine type WikidataEntity
Rule_4897	?a name ?d ?d type SurfaceForm => ?a type WikidataEntity	equipment name equipment | equipment type SurfaceForm => equipment type WikidataEntity
Rule_4897	?a name ?d ?d type SurfaceForm => ?a type WikidataEntity	macitentan name macitentan | macitentan type SurfaceForm => macitentan type WikidataEntity
Rule_4897	?a name ?d ?d type SurfaceForm => ?a type WikidataEntity	outerwear name outerwear | outerwear type SurfaceForm => outerwear type WikidataEntity
Rule_4897	?a name ?d ?d type SurfaceForm => ?a type WikidataEntity	leukopenia name leukopenia | leukopenia type SurfaceForm => leukopenia type WikidataEntity
Rule_4897	?a name ?d ?d type SurfaceForm => ?a type WikidataEntity	polyketide name polyketide | polyketide type SurfaceForm => polyketide type WikidataEntity
Rule_4897	?a name ?d ?d type SurfaceForm => ?a type WikidataEntity	telmisartan/hydrochlorothiazide name telmisartan/hydrochlorothiazide | telmisartan/hydrochlorothiazide type SurfaceForm => telmisartan/hydrochlorothiazide type WikidataEntity
Rule_4897	?a name ?d ?d type SurfaceForm => ?a type WikidataEntity	metalloproteinase name metalloproteinase | metalloproteinase type SurfaceForm => metalloproteinase type WikidataEntity
Rule_4897	?a name ?d ?d type SurfaceForm => ?a type WikidataEntity	nimesulide name nimesulide | nimesulide type SurfaceForm => nimesulide type WikidataEntity
Rule_4897	?a name ?d ?d type SurfaceForm => ?a type WikidataEntity	hexose name hexose | hexose type SurfaceForm => hexose type WikidataEntity
Rule_4897	?a name ?d ?d type SurfaceForm => ?a type WikidataEntity	DL-methamphetamine name DL-methamphetamine | DL-methamphetamine type SurfaceForm => DL-methamphetamine type WikidataEntity
Rule_4897	?a name ?d ?d type SurfaceForm => ?a type WikidataEntity	bucindolol name bucindolol | bucindolol type SurfaceForm => bucindolol type WikidataEntity
Rule_4897	?a name ?d ?d type SurfaceForm => ?a type WikidataEntity	(RS)-fenoprofen name (RS)-fenoprofen | (RS)-fenoprofen type SurfaceForm => (RS)-fenoprofen type WikidataEntity
Rule_4897	?a name ?d ?d type SurfaceForm => ?a type WikidataEntity	fluoxymesterone name fluoxymesterone | fluoxymesterone type SurfaceForm => fluoxymesterone type WikidataEntity
Rule_4897	?a name ?d ?d type SurfaceForm => ?a type WikidataEntity	metformin name metformin | metformin type SurfaceForm => metformin type WikidataEntity
Rule_4897	?a name ?d ?d type SurfaceForm => ?a type WikidataEntity	ipragliflozin name ipragliflozin | ipragliflozin type SurfaceForm => ipragliflozin type WikidataEntity
Rule_4897	?a name ?d ?d type SurfaceForm => ?a type WikidataEntity	favipiravir name favipiravir | favipiravir type SurfaceForm => favipiravir type WikidataEntity
Rule_4897	?a name ?d ?d type SurfaceForm => ?a type WikidataEntity	amyloid name amyloid | amyloid type SurfaceForm => amyloid type WikidataEntity
Rule_4897	?a name ?d ?d type SurfaceForm => ?a type WikidataEntity	trademark name trademark | trademark type SurfaceForm => trademark type WikidataEntity
Rule_4897	?a name ?d ?d type SurfaceForm => ?a type WikidataEntity	utility name utility | utility type SurfaceForm => utility type WikidataEntity
Rule_4897	?a name ?d ?d type SurfaceForm => ?a type WikidataEntity	(RS)-clenbuterol name (RS)-clenbuterol | (RS)-clenbuterol type SurfaceForm => (RS)-clenbuterol type WikidataEntity
Rule_4897	?a name ?d ?d type SurfaceForm => ?a type WikidataEntity	apabetalone name apabetalone | apabetalone type SurfaceForm => apabetalone type WikidataEntity
Rule_4897	?a name ?d ?d type SurfaceForm => ?a type WikidataEntity	painting name painting | painting type SurfaceForm => painting type WikidataEntity
Rule_4897	?a name ?d ?d type SurfaceForm => ?a type WikidataEntity	cardioverter name cardioverter | cardioverter type SurfaceForm => cardioverter type WikidataEntity
Rule_4897	?a name ?d ?d type SurfaceForm => ?a type WikidataEntity	cholecalciferol name cholecalciferol | cholecalciferol type SurfaceForm => cholecalciferol type WikidataEntity
Rule_4897	?a name ?d ?d type SurfaceForm => ?a type WikidataEntity	photophobia name photophobia | photophobia type SurfaceForm => photophobia type WikidataEntity
Rule_4897	?a name ?d ?d type SurfaceForm => ?a type WikidataEntity	eplerenone name eplerenone | eplerenone type SurfaceForm => eplerenone type WikidataEntity
Rule_4897	?a name ?d ?d type SurfaceForm => ?a type WikidataEntity	genre name genre | genre type SurfaceForm => genre type WikidataEntity
Rule_4897	?a name ?d ?d type SurfaceForm => ?a type WikidataEntity	melitracen name melitracen | melitracen type SurfaceForm => melitracen type WikidataEntity
Rule_4897	?a name ?d ?d type SurfaceForm => ?a type WikidataEntity	(S)-warfarin name (S)-warfarin | (S)-warfarin type SurfaceForm => (S)-warfarin type WikidataEntity
Rule_4897	?a name ?d ?d type SurfaceForm => ?a type WikidataEntity	codeine name codeine | codeine type SurfaceForm => codeine type WikidataEntity
Rule_4897	?a name ?d ?d type SurfaceForm => ?a type WikidataEntity	sound name sound | sound type SurfaceForm => sound type WikidataEntity
Rule_4897	?a name ?d ?d type SurfaceForm => ?a type WikidataEntity	sequence name sequence | sequence type SurfaceForm => sequence type WikidataEntity
Rule_4897	?a name ?d ?d type SurfaceForm => ?a type WikidataEntity	macromolecule name macromolecule | macromolecule type SurfaceForm => macromolecule type WikidataEntity
Rule_4897	?a name ?d ?d type SurfaceForm => ?a type WikidataEntity	Fglu name Fglu | Fglu type SurfaceForm => Fglu type WikidataEntity
Rule_4897	?a name ?d ?d type SurfaceForm => ?a type WikidataEntity	mood name mood | mood type SurfaceForm => mood type WikidataEntity
Rule_4897	?a name ?d ?d type SurfaceForm => ?a type WikidataEntity	beta name beta | beta type SurfaceForm => beta type WikidataEntity
Rule_4897	?a name ?d ?d type SurfaceForm => ?a type WikidataEntity	motion name motion | motion type SurfaceForm => motion type WikidataEntity
Rule_4897	?a name ?d ?d type SurfaceForm => ?a type WikidataEntity	enalapril name enalapril | enalapril type SurfaceForm => enalapril type WikidataEntity
Rule_4897	?a name ?d ?d type SurfaceForm => ?a type WikidataEntity	salicylamide name salicylamide | salicylamide type SurfaceForm => salicylamide type WikidataEntity
Rule_4897	?a name ?d ?d type SurfaceForm => ?a type WikidataEntity	sonogram name sonogram | sonogram type SurfaceForm => sonogram type WikidataEntity
Rule_4897	?a name ?d ?d type SurfaceForm => ?a type WikidataEntity	mammal name mammal | mammal type SurfaceForm => mammal type WikidataEntity
Rule_4897	?a name ?d ?d type SurfaceForm => ?a type WikidataEntity	streptokinase name streptokinase | streptokinase type SurfaceForm => streptokinase type WikidataEntity
Rule_4897	?a name ?d ?d type SurfaceForm => ?a type WikidataEntity	vorapaxar name vorapaxar | vorapaxar type SurfaceForm => vorapaxar type WikidataEntity
Rule_4897	?a name ?d ?d type SurfaceForm => ?a type WikidataEntity	breastfeeding name breastfeeding | breastfeeding type SurfaceForm => breastfeeding type WikidataEntity
Rule_4897	?a name ?d ?d type SurfaceForm => ?a type WikidataEntity	perimeter name perimeter | perimeter type SurfaceForm => perimeter type WikidataEntity
Rule_4897	?a name ?d ?d type SurfaceForm => ?a type WikidataEntity	guideline name guideline | guideline type SurfaceForm => guideline type WikidataEntity
Rule_4897	?a name ?d ?d type SurfaceForm => ?a type WikidataEntity	tube name tube | tube type SurfaceForm => tube type WikidataEntity
Rule_4897	?a name ?d ?d type SurfaceForm => ?a type WikidataEntity	waveform name waveform | waveform type SurfaceForm => waveform type WikidataEntity
Rule_4897	?a name ?d ?d type SurfaceForm => ?a type WikidataEntity	gastroenterology name gastroenterology | gastroenterology type SurfaceForm => gastroenterology type WikidataEntity
Rule_4897	?a name ?d ?d type SurfaceForm => ?a type WikidataEntity	concern name concern | concern type SurfaceForm => concern type WikidataEntity
Rule_4897	?a name ?d ?d type SurfaceForm => ?a type WikidataEntity	appendage name appendage | appendage type SurfaceForm => appendage type WikidataEntity
Rule_4897	?a name ?d ?d type SurfaceForm => ?a type WikidataEntity	donepezil name donepezil | donepezil type SurfaceForm => donepezil type WikidataEntity
Rule_4897	?a name ?d ?d type SurfaceForm => ?a type WikidataEntity	sociology name sociology | sociology type SurfaceForm => sociology type WikidataEntity
Rule_4897	?a name ?d ?d type SurfaceForm => ?a type WikidataEntity	teratology name teratology | teratology type SurfaceForm => teratology type WikidataEntity
Rule_4897	?a name ?d ?d type SurfaceForm => ?a type WikidataEntity	icodextrin name icodextrin | icodextrin type SurfaceForm => icodextrin type WikidataEntity
Rule_4897	?a name ?d ?d type SurfaceForm => ?a type WikidataEntity	lupane name lupane | lupane type SurfaceForm => lupane type WikidataEntity
Rule_4897	?a name ?d ?d type SurfaceForm => ?a type WikidataEntity	flurandrenolide name flurandrenolide | flurandrenolide type SurfaceForm => flurandrenolide type WikidataEntity
Rule_4897	?a name ?d ?d type SurfaceForm => ?a type WikidataEntity	halazepam name halazepam | halazepam type SurfaceForm => halazepam type WikidataEntity
Rule_4897	?a name ?d ?d type SurfaceForm => ?a type WikidataEntity	buspirone name buspirone | buspirone type SurfaceForm => buspirone type WikidataEntity
Rule_4897	?a name ?d ?d type SurfaceForm => ?a type WikidataEntity	rilpivirine name rilpivirine | rilpivirine type SurfaceForm => rilpivirine type WikidataEntity
Rule_4897	?a name ?d ?d type SurfaceForm => ?a type WikidataEntity	rhinology name rhinology | rhinology type SurfaceForm => rhinology type WikidataEntity
Rule_4897	?a name ?d ?d type SurfaceForm => ?a type WikidataEntity	succession name succession | succession type SurfaceForm => succession type WikidataEntity
Rule_4897	?a name ?d ?d type SurfaceForm => ?a type WikidataEntity	vericiguat name vericiguat | vericiguat type SurfaceForm => vericiguat type WikidataEntity
Rule_4897	?a name ?d ?d type SurfaceForm => ?a type WikidataEntity	ephedra name ephedra | ephedra type SurfaceForm => ephedra type WikidataEntity
Rule_4897	?a name ?d ?d type SurfaceForm => ?a type WikidataEntity	phenazocine name phenazocine | phenazocine type SurfaceForm => phenazocine type WikidataEntity
Rule_4897	?a name ?d ?d type SurfaceForm => ?a type WikidataEntity	bupranolol name bupranolol | bupranolol type SurfaceForm => bupranolol type WikidataEntity
Rule_4897	?a name ?d ?d type SurfaceForm => ?a type WikidataEntity	mifentidine name mifentidine | mifentidine type SurfaceForm => mifentidine type WikidataEntity
Rule_4897	?a name ?d ?d type SurfaceForm => ?a type WikidataEntity	Ala-Ala-Asp name Ala-Ala-Asp | Ala-Ala-Asp type SurfaceForm => Ala-Ala-Asp type WikidataEntity
Rule_4897	?a name ?d ?d type SurfaceForm => ?a type WikidataEntity	methylenedioxyphenethylamines name methylenedioxyphenethylamines | methylenedioxyphenethylamines type SurfaceForm => methylenedioxyphenethylamines type WikidataEntity
Rule_4897	?a name ?d ?d type SurfaceForm => ?a type WikidataEntity	imipen name imipen | imipen type SurfaceForm => imipen type WikidataEntity
Rule_4897	?a name ?d ?d type SurfaceForm => ?a type WikidataEntity	anistreplase name anistreplase | anistreplase type SurfaceForm => anistreplase type WikidataEntity
Rule_4897	?a name ?d ?d type SurfaceForm => ?a type WikidataEntity	alcohols name alcohols | alcohols type SurfaceForm => alcohols type WikidataEntity
Rule_4897	?a name ?d ?d type SurfaceForm => ?a type WikidataEntity	fentanyl name fentanyl | fentanyl type SurfaceForm => fentanyl type WikidataEntity
Rule_4897	?a name ?d ?d type SurfaceForm => ?a type WikidataEntity	metaclass name metaclass | metaclass type SurfaceForm => metaclass type WikidataEntity
Rule_4897	?a name ?d ?d type SurfaceForm => ?a type WikidataEntity	replacement name replacement | replacement type SurfaceForm => replacement type WikidataEntity
Rule_4897	?a name ?d ?d type SurfaceForm => ?a type WikidataEntity	cefditoren name cefditoren | cefditoren type SurfaceForm => cefditoren type WikidataEntity
Rule_4897	?a name ?d ?d type SurfaceForm => ?a type WikidataEntity	sphingolipidosis name sphingolipidosis | sphingolipidosis type SurfaceForm => sphingolipidosis type WikidataEntity
Rule_4897	?a name ?d ?d type SurfaceForm => ?a type WikidataEntity	(E/Z)-doxepin name (E/Z)-doxepin | (E/Z)-doxepin type SurfaceForm => (E/Z)-doxepin type WikidataEntity
Rule_4897	?a name ?d ?d type SurfaceForm => ?a type WikidataEntity	undergoer name undergoer | undergoer type SurfaceForm => undergoer type WikidataEntity
Rule_4897	?a name ?d ?d type SurfaceForm => ?a type WikidataEntity	cyclizine name cyclizine | cyclizine type SurfaceForm => cyclizine type WikidataEntity
Rule_4897	?a name ?d ?d type SurfaceForm => ?a type WikidataEntity	anakinra name anakinra | anakinra type SurfaceForm => anakinra type WikidataEntity
Rule_4897	?a name ?d ?d type SurfaceForm => ?a type WikidataEntity	thromboinflammation name thromboinflammation | thromboinflammation type SurfaceForm => thromboinflammation type WikidataEntity
Rule_4897	?a name ?d ?d type SurfaceForm => ?a type WikidataEntity	mezlocillin name mezlocillin | mezlocillin type SurfaceForm => mezlocillin type WikidataEntity
Rule_4897	?a name ?d ?d type SurfaceForm => ?a type WikidataEntity	decision name decision | decision type SurfaceForm => decision type WikidataEntity
Rule_4897	?a name ?d ?d type SurfaceForm => ?a type WikidataEntity	gestation name gestation | gestation type SurfaceForm => gestation type WikidataEntity
Rule_4897	?a name ?d ?d type SurfaceForm => ?a type WikidataEntity	p-block name p-block | p-block type SurfaceForm => p-block type WikidataEntity
Rule_4897	?a name ?d ?d type SurfaceForm => ?a type WikidataEntity	skin name skin | skin type SurfaceForm => skin type WikidataEntity
Rule_4897	?a name ?d ?d type SurfaceForm => ?a type WikidataEntity	transfer name transfer | transfer type SurfaceForm => transfer type WikidataEntity
Rule_4897	?a name ?d ?d type SurfaceForm => ?a type WikidataEntity	alteplase name alteplase | alteplase type SurfaceForm => alteplase type WikidataEntity
Rule_4897	?a name ?d ?d type SurfaceForm => ?a type WikidataEntity	hormone name hormone | hormone type SurfaceForm => hormone type WikidataEntity
Rule_4897	?a name ?d ?d type SurfaceForm => ?a type WikidataEntity	stroke name stroke | stroke type SurfaceForm => stroke type WikidataEntity
Rule_4897	?a name ?d ?d type SurfaceForm => ?a type WikidataEntity	semaglutide name semaglutide | semaglutide type SurfaceForm => semaglutide type WikidataEntity
Rule_4897	?a name ?d ?d type SurfaceForm => ?a type WikidataEntity	antibody name antibody | antibody type SurfaceForm => antibody type WikidataEntity
Rule_4897	?a name ?d ?d type SurfaceForm => ?a type WikidataEntity	phenytoin name phenytoin | phenytoin type SurfaceForm => phenytoin type WikidataEntity
Rule_4897	?a name ?d ?d type SurfaceForm => ?a type WikidataEntity	endorsement name endorsement | endorsement type SurfaceForm => endorsement type WikidataEntity
Rule_4897	?a name ?d ?d type SurfaceForm => ?a type WikidataEntity	daunorubicin name daunorubicin | daunorubicin type SurfaceForm => daunorubicin type WikidataEntity
Rule_4897	?a name ?d ?d type SurfaceForm => ?a type WikidataEntity	ribavirin name ribavirin | ribavirin type SurfaceForm => ribavirin type WikidataEntity
Rule_4897	?a name ?d ?d type SurfaceForm => ?a type WikidataEntity	warfarin name warfarin | warfarin type SurfaceForm => warfarin type WikidataEntity
Rule_4897	?a name ?d ?d type SurfaceForm => ?a type WikidataEntity	clinician name clinician | clinician type SurfaceForm => clinician type WikidataEntity
Rule_4897	?a name ?d ?d type SurfaceForm => ?a type WikidataEntity	epidemic name epidemic | epidemic type SurfaceForm => epidemic type WikidataEntity
Rule_4897	?a name ?d ?d type SurfaceForm => ?a type WikidataEntity	hyponatremia name hyponatremia | hyponatremia type SurfaceForm => hyponatremia type WikidataEntity
Rule_4897	?a name ?d ?d type SurfaceForm => ?a type WikidataEntity	identity name identity | identity type SurfaceForm => identity type WikidataEntity
Rule_4897	?a name ?d ?d type SurfaceForm => ?a type WikidataEntity	nitrofuran name nitrofuran | nitrofuran type SurfaceForm => nitrofuran type WikidataEntity
Rule_4897	?a name ?d ?d type SurfaceForm => ?a type WikidataEntity	RRR-alpha-tocopherol name RRR-alpha-tocopherol | RRR-alpha-tocopherol type SurfaceForm => RRR-alpha-tocopherol type WikidataEntity
Rule_4897	?a name ?d ?d type SurfaceForm => ?a type WikidataEntity	pneumonitis name pneumonitis | pneumonitis type SurfaceForm => pneumonitis type WikidataEntity
Rule_4897	?a name ?d ?d type SurfaceForm => ?a type WikidataEntity	golimumab name golimumab | golimumab type SurfaceForm => golimumab type WikidataEntity
Rule_4897	?a name ?d ?d type SurfaceForm => ?a type WikidataEntity	resveratrol name resveratrol | resveratrol type SurfaceForm => resveratrol type WikidataEntity
Rule_4897	?a name ?d ?d type SurfaceForm => ?a type WikidataEntity	Dirlotapide name Dirlotapide | Dirlotapide type SurfaceForm => Dirlotapide type WikidataEntity
Rule_4897	?a name ?d ?d type SurfaceForm => ?a type WikidataEntity	(RS)-sulpiride name (RS)-sulpiride | (RS)-sulpiride type SurfaceForm => (RS)-sulpiride type WikidataEntity
Rule_4897	?a name ?d ?d type SurfaceForm => ?a type WikidataEntity	cyproheptadine name cyproheptadine | cyproheptadine type SurfaceForm => cyproheptadine type WikidataEntity
Rule_4897	?a name ?d ?d type SurfaceForm => ?a type WikidataEntity	eltrombopag name eltrombopag | eltrombopag type SurfaceForm => eltrombopag type WikidataEntity
Rule_4897	?a name ?d ?d type SurfaceForm => ?a type WikidataEntity	telithromycin name telithromycin | telithromycin type SurfaceForm => telithromycin type WikidataEntity
Rule_4897	?a name ?d ?d type SurfaceForm => ?a type WikidataEntity	diarrhea name diarrhea | diarrhea type SurfaceForm => diarrhea type WikidataEntity
Rule_4897	?a name ?d ?d type SurfaceForm => ?a type WikidataEntity	organ name organ | organ type SurfaceForm => organ type WikidataEntity
Rule_4897	?a name ?d ?d type SurfaceForm => ?a type WikidataEntity	ubidecarenone name ubidecarenone | ubidecarenone type SurfaceForm => ubidecarenone type WikidataEntity
Rule_4897	?a name ?d ?d type SurfaceForm => ?a type WikidataEntity	aerodrome name aerodrome | aerodrome type SurfaceForm => aerodrome type WikidataEntity
Rule_4897	?a name ?d ?d type SurfaceForm => ?a type WikidataEntity	captopril name captopril | captopril type SurfaceForm => captopril type WikidataEntity
Rule_4897	?a name ?d ?d type SurfaceForm => ?a type WikidataEntity	butane-1,2,3,4-tetrol name butane-1,2,3,4-tetrol | butane-1,2,3,4-tetrol type SurfaceForm => butane-1,2,3,4-tetrol type WikidataEntity
Rule_4897	?a name ?d ?d type SurfaceForm => ?a type WikidataEntity	rheumatology name rheumatology | rheumatology type SurfaceForm => rheumatology type WikidataEntity
Rule_4897	?a name ?d ?d type SurfaceForm => ?a type WikidataEntity	fatigue name fatigue | fatigue type SurfaceForm => fatigue type WikidataEntity
Rule_4897	?a name ?d ?d type SurfaceForm => ?a type WikidataEntity	levobupivacaine name levobupivacaine | levobupivacaine type SurfaceForm => levobupivacaine type WikidataEntity
Rule_4897	?a name ?d ?d type SurfaceForm => ?a type WikidataEntity	guanfacine name guanfacine | guanfacine type SurfaceForm => guanfacine type WikidataEntity
Rule_4897	?a name ?d ?d type SurfaceForm => ?a type WikidataEntity	iloprost name iloprost | iloprost type SurfaceForm => iloprost type WikidataEntity
Rule_4897	?a name ?d ?d type SurfaceForm => ?a type WikidataEntity	athlete name athlete | athlete type SurfaceForm => athlete type WikidataEntity
Rule_4897	?a name ?d ?d type SurfaceForm => ?a type WikidataEntity	lisinopril/amlodipine name lisinopril/amlodipine | lisinopril/amlodipine type SurfaceForm => lisinopril/amlodipine type WikidataEntity
Rule_4897	?a name ?d ?d type SurfaceForm => ?a type WikidataEntity	ritual name ritual | ritual type SurfaceForm => ritual type WikidataEntity
Rule_4897	?a name ?d ?d type SurfaceForm => ?a type WikidataEntity	lansoprazole name lansoprazole | lansoprazole type SurfaceForm => lansoprazole type WikidataEntity
Rule_4897	?a name ?d ?d type SurfaceForm => ?a type WikidataEntity	race name race | race type SurfaceForm => race type WikidataEntity
Rule_4897	?a name ?d ?d type SurfaceForm => ?a type WikidataEntity	ticrynafen name ticrynafen | ticrynafen type SurfaceForm => ticrynafen type WikidataEntity
Rule_4897	?a name ?d ?d type SurfaceForm => ?a type WikidataEntity	sevelamer name sevelamer | sevelamer type SurfaceForm => sevelamer type WikidataEntity
Rule_4897	?a name ?d ?d type SurfaceForm => ?a type WikidataEntity	algestone name algestone | algestone type SurfaceForm => algestone type WikidataEntity
Rule_4897	?a name ?d ?d type SurfaceForm => ?a type WikidataEntity	concentration name concentration | concentration type SurfaceForm => concentration type WikidataEntity
Rule_4897	?a name ?d ?d type SurfaceForm => ?a type WikidataEntity	gerontology name gerontology | gerontology type SurfaceForm => gerontology type WikidataEntity
Rule_4897	?a name ?d ?d type SurfaceForm => ?a type WikidataEntity	tomography name tomography | tomography type SurfaceForm => tomography type WikidataEntity
Rule_4897	?a name ?d ?d type SurfaceForm => ?a type WikidataEntity	continuant name continuant | continuant type SurfaceForm => continuant type WikidataEntity
Rule_4897	?a name ?d ?d type SurfaceForm => ?a type WikidataEntity	dianion name dianion | dianion type SurfaceForm => dianion type WikidataEntity
Rule_4897	?a name ?d ?d type SurfaceForm => ?a type WikidataEntity	trichlormethiazide name trichlormethiazide | trichlormethiazide type SurfaceForm => trichlormethiazide type WikidataEntity
Rule_4897	?a name ?d ?d type SurfaceForm => ?a type WikidataEntity	clofibrate name clofibrate | clofibrate type SurfaceForm => clofibrate type WikidataEntity
Rule_4897	?a name ?d ?d type SurfaceForm => ?a type WikidataEntity	fosfomycin name fosfomycin | fosfomycin type SurfaceForm => fosfomycin type WikidataEntity
Rule_4897	?a name ?d ?d type SurfaceForm => ?a type WikidataEntity	Q97097281 name Q97097281 | Q97097281 type SurfaceForm => Q97097281 type WikidataEntity
Rule_4897	?a name ?d ?d type SurfaceForm => ?a type WikidataEntity	dezocine name dezocine | dezocine type SurfaceForm => dezocine type WikidataEntity
Rule_4897	?a name ?d ?d type SurfaceForm => ?a type WikidataEntity	proto-agent name proto-agent | proto-agent type SurfaceForm => proto-agent type WikidataEntity
Rule_4897	?a name ?d ?d type SurfaceForm => ?a type WikidataEntity	risk name risk | risk type SurfaceForm => risk type WikidataEntity
Rule_4897	?a name ?d ?d type SurfaceForm => ?a type WikidataEntity	pyridine name pyridine | pyridine type SurfaceForm => pyridine type WikidataEntity
Rule_4897	?a name ?d ?d type SurfaceForm => ?a type WikidataEntity	prostacyclin name prostacyclin | prostacyclin type SurfaceForm => prostacyclin type WikidataEntity
Rule_4897	?a name ?d ?d type SurfaceForm => ?a type WikidataEntity	meglutol name meglutol | meglutol type SurfaceForm => meglutol type WikidataEntity
Rule_4897	?a name ?d ?d type SurfaceForm => ?a type WikidataEntity	immunoglobulin name immunoglobulin | immunoglobulin type SurfaceForm => immunoglobulin type WikidataEntity
Rule_4897	?a name ?d ?d type SurfaceForm => ?a type WikidataEntity	anticoagulant name anticoagulant | anticoagulant type SurfaceForm => anticoagulant type WikidataEntity
Rule_4897	?a name ?d ?d type SurfaceForm => ?a type WikidataEntity	therapist name therapist | therapist type SurfaceForm => therapist type WikidataEntity
Rule_4897	?a name ?d ?d type SurfaceForm => ?a type WikidataEntity	assessment name assessment | assessment type SurfaceForm => assessment type WikidataEntity
Rule_4897	?a name ?d ?d type SurfaceForm => ?a type WikidataEntity	cardiomegaly name cardiomegaly | cardiomegaly type SurfaceForm => cardiomegaly type WikidataEntity
Rule_4897	?a name ?d ?d type SurfaceForm => ?a type WikidataEntity	bumetanide name bumetanide | bumetanide type SurfaceForm => bumetanide type WikidataEntity
Rule_4897	?a name ?d ?d type SurfaceForm => ?a type WikidataEntity	lidocaine name lidocaine | lidocaine type SurfaceForm => lidocaine type WikidataEntity
Rule_4897	?a name ?d ?d type SurfaceForm => ?a type WikidataEntity	creatinine name creatinine | creatinine type SurfaceForm => creatinine type WikidataEntity
Rule_4897	?a name ?d ?d type SurfaceForm => ?a type WikidataEntity	hazard name hazard | hazard type SurfaceForm => hazard type WikidataEntity
Rule_4897	?a name ?d ?d type SurfaceForm => ?a type WikidataEntity	argatroban name argatroban | argatroban type SurfaceForm => argatroban type WikidataEntity
Rule_4897	?a name ?d ?d type SurfaceForm => ?a type WikidataEntity	selexipag name selexipag | selexipag type SurfaceForm => selexipag type WikidataEntity
Rule_4897	?a name ?d ?d type SurfaceForm => ?a type WikidataEntity	methacycline name methacycline | methacycline type SurfaceForm => methacycline type WikidataEntity
Rule_4897	?a name ?d ?d type SurfaceForm => ?a type WikidataEntity	tramadol name tramadol | tramadol type SurfaceForm => tramadol type WikidataEntity
Rule_4897	?a name ?d ?d type SurfaceForm => ?a type WikidataEntity	NOx name NOx | NOx type SurfaceForm => NOx type WikidataEntity
Rule_4897	?a name ?d ?d type SurfaceForm => ?a type WikidataEntity	lixisenatide name lixisenatide | lixisenatide type SurfaceForm => lixisenatide type WikidataEntity
Rule_4897	?a name ?d ?d type SurfaceForm => ?a type WikidataEntity	hepatitis name hepatitis | hepatitis type SurfaceForm => hepatitis type WikidataEntity
Rule_4897	?a name ?d ?d type SurfaceForm => ?a type WikidataEntity	topic name topic | topic type SurfaceForm => topic type WikidataEntity
Rule_4897	?a name ?d ?d type SurfaceForm => ?a type WikidataEntity	health name health | health type SurfaceForm => health type WikidataEntity
Rule_4897	?a name ?d ?d type SurfaceForm => ?a type WikidataEntity	3,4-methylenedioxyamphetamine name 3,4-methylenedioxyamphetamine | 3,4-methylenedioxyamphetamine type SurfaceForm => 3,4-methylenedioxyamphetamine type WikidataEntity
Rule_4897	?a name ?d ?d type SurfaceForm => ?a type WikidataEntity	nifurtimox name nifurtimox | nifurtimox type SurfaceForm => nifurtimox type WikidataEntity
Rule_4897	?a name ?d ?d type SurfaceForm => ?a type WikidataEntity	obstetrics name obstetrics | obstetrics type SurfaceForm => obstetrics type WikidataEntity
Rule_4897	?a name ?d ?d type SurfaceForm => ?a type WikidataEntity	sadness name sadness | sadness type SurfaceForm => sadness type WikidataEntity
Rule_4897	?a name ?d ?d type SurfaceForm => ?a type WikidataEntity	moxifloxacin name moxifloxacin | moxifloxacin type SurfaceForm => moxifloxacin type WikidataEntity
Rule_4897	?a name ?d ?d type SurfaceForm => ?a type WikidataEntity	vidarabine name vidarabine | vidarabine type SurfaceForm => vidarabine type WikidataEntity
Rule_4897	?a name ?d ?d type SurfaceForm => ?a type WikidataEntity	fluoxetine name fluoxetine | fluoxetine type SurfaceForm => fluoxetine type WikidataEntity
Rule_4897	?a name ?d ?d type SurfaceForm => ?a type WikidataEntity	cardiogram name cardiogram | cardiogram type SurfaceForm => cardiogram type WikidataEntity
Rule_4897	?a name ?d ?d type SurfaceForm => ?a type WikidataEntity	cystitis name cystitis | cystitis type SurfaceForm => cystitis type WikidataEntity
Rule_4897	?a name ?d ?d type SurfaceForm => ?a type WikidataEntity	pacemaker name pacemaker | pacemaker type SurfaceForm => pacemaker type WikidataEntity
Rule_4897	?a name ?d ?d type SurfaceForm => ?a type WikidataEntity	list name list | list type SurfaceForm => list type WikidataEntity
Rule_4897	?a name ?d ?d type SurfaceForm => ?a type WikidataEntity	oxide name oxide | oxide type SurfaceForm => oxide type WikidataEntity
Rule_4897	?a name ?d ?d type SurfaceForm => ?a type WikidataEntity	gout name gout | gout type SurfaceForm => gout type WikidataEntity
Rule_4897	?a name ?d ?d type SurfaceForm => ?a type WikidataEntity	lafutidine name lafutidine | lafutidine type SurfaceForm => lafutidine type WikidataEntity
Rule_4897	?a name ?d ?d type SurfaceForm => ?a type WikidataEntity	physiology name physiology | physiology type SurfaceForm => physiology type WikidataEntity
Rule_4897	?a name ?d ?d type SurfaceForm => ?a type WikidataEntity	congestion name congestion | congestion type SurfaceForm => congestion type WikidataEntity
Rule_4897	?a name ?d ?d type SurfaceForm => ?a type WikidataEntity	walking name walking | walking type SurfaceForm => walking type WikidataEntity
Rule_4897	?a name ?d ?d type SurfaceForm => ?a type WikidataEntity	macrolides name macrolides | macrolides type SurfaceForm => macrolides type WikidataEntity
Rule_4897	?a name ?d ?d type SurfaceForm => ?a type WikidataEntity	virology name virology | virology type SurfaceForm => virology type WikidataEntity
Rule_4897	?a name ?d ?d type SurfaceForm => ?a type WikidataEntity	aptitude name aptitude | aptitude type SurfaceForm => aptitude type WikidataEntity
Rule_4897	?a name ?d ?d type SurfaceForm => ?a type WikidataEntity	esophagitis name esophagitis | esophagitis type SurfaceForm => esophagitis type WikidataEntity
Rule_4897	?a name ?d ?d type SurfaceForm => ?a type WikidataEntity	plumbagin name plumbagin | plumbagin type SurfaceForm => plumbagin type WikidataEntity
Rule_4897	?a name ?d ?d type SurfaceForm => ?a type WikidataEntity	rhythmology name rhythmology | rhythmology type SurfaceForm => rhythmology type WikidataEntity
Rule_4897	?a name ?d ?d type SurfaceForm => ?a type WikidataEntity	neuropeptide name neuropeptide | neuropeptide type SurfaceForm => neuropeptide type WikidataEntity
Rule_4897	?a name ?d ?d type SurfaceForm => ?a type WikidataEntity	heart name heart | heart type SurfaceForm => heart type WikidataEntity
Rule_4897	?a name ?d ?d type SurfaceForm => ?a type WikidataEntity	myotonia name myotonia | myotonia type SurfaceForm => myotonia type WikidataEntity
Rule_4897	?a name ?d ?d type SurfaceForm => ?a type WikidataEntity	Amethopterin name Amethopterin | Amethopterin type SurfaceForm => Amethopterin type WikidataEntity
Rule_4897	?a name ?d ?d type SurfaceForm => ?a type WikidataEntity	prochlorperazine name prochlorperazine | prochlorperazine type SurfaceForm => prochlorperazine type WikidataEntity
Rule_4897	?a name ?d ?d type SurfaceForm => ?a type WikidataEntity	(RS)-edaglitazone name (RS)-edaglitazone | (RS)-edaglitazone type SurfaceForm => (RS)-edaglitazone type WikidataEntity
Rule_4897	?a name ?d ?d type SurfaceForm => ?a type WikidataEntity	rizatriptan name rizatriptan | rizatriptan type SurfaceForm => rizatriptan type WikidataEntity
Rule_4897	?a name ?d ?d type SurfaceForm => ?a type WikidataEntity	resuscitation name resuscitation | resuscitation type SurfaceForm => resuscitation type WikidataEntity
Rule_4897	?a name ?d ?d type SurfaceForm => ?a type WikidataEntity	depression name depression | depression type SurfaceForm => depression type WikidataEntity
Rule_4897	?a name ?d ?d type SurfaceForm => ?a type WikidataEntity	anatomy name anatomy | anatomy type SurfaceForm => anatomy type WikidataEntity
Rule_4897	?a name ?d ?d type SurfaceForm => ?a type WikidataEntity	potassium name potassium | potassium type SurfaceForm => potassium type WikidataEntity
Rule_4897	?a name ?d ?d type SurfaceForm => ?a type WikidataEntity	pemirolast name pemirolast | pemirolast type SurfaceForm => pemirolast type WikidataEntity
Rule_4897	?a name ?d ?d type SurfaceForm => ?a type WikidataEntity	Granisetronum name Granisetronum | Granisetronum type SurfaceForm => Granisetronum type WikidataEntity
Rule_4897	?a name ?d ?d type SurfaceForm => ?a type WikidataEntity	nitroxoline name nitroxoline | nitroxoline type SurfaceForm => nitroxoline type WikidataEntity
Rule_4897	?a name ?d ?d type SurfaceForm => ?a type WikidataEntity	carboxyamidotriazole name carboxyamidotriazole | carboxyamidotriazole type SurfaceForm => carboxyamidotriazole type WikidataEntity
Rule_4897	?a name ?d ?d type SurfaceForm => ?a type WikidataEntity	sportsperson name sportsperson | sportsperson type SurfaceForm => sportsperson type WikidataEntity
Rule_4897	?a name ?d ?d type SurfaceForm => ?a type WikidataEntity	epiquinine name epiquinine | epiquinine type SurfaceForm => epiquinine type WikidataEntity
Rule_4897	?a name ?d ?d type SurfaceForm => ?a type WikidataEntity	berbamine name berbamine | berbamine type SurfaceForm => berbamine type WikidataEntity
Rule_4897	?a name ?d ?d type SurfaceForm => ?a type WikidataEntity	stabilization name stabilization | stabilization type SurfaceForm => stabilization type WikidataEntity
Rule_4897	?a name ?d ?d type SurfaceForm => ?a type WikidataEntity	fluocinonide name fluocinonide | fluocinonide type SurfaceForm => fluocinonide type WikidataEntity
Rule_4897	?a name ?d ?d type SurfaceForm => ?a type WikidataEntity	6,9-Difluoro-11,17,21-trihydroxy-16-methylpregna-1,4-diene-3,20-dione name 6,9-Difluoro-11,17,21-trihydroxy-16-methylpregna-1,4-diene-3,20-dione | 6,9-Difluoro-11,17,21-trihydroxy-16-methylpregna-1,4-diene-3,20-dione type SurfaceForm => 6,9-Difluoro-11,17,21-trihydroxy-16-methylpregna-1,4-diene-3,20-dione type WikidataEntity
Rule_4897	?a name ?d ?d type SurfaceForm => ?a type WikidataEntity	apixaban name apixaban | apixaban type SurfaceForm => apixaban type WikidataEntity
Rule_4897	?a name ?d ?d type SurfaceForm => ?a type WikidataEntity	side name side | side type SurfaceForm => side type WikidataEntity
Rule_4897	?a name ?d ?d type SurfaceForm => ?a type WikidataEntity	(21R)-argatroban name (21R)-argatroban | (21R)-argatroban type SurfaceForm => (21R)-argatroban type WikidataEntity
Rule_4897	?a name ?d ?d type SurfaceForm => ?a type WikidataEntity	lightheadedness name lightheadedness | lightheadedness type SurfaceForm => lightheadedness type WikidataEntity
Rule_4897	?a name ?d ?d type SurfaceForm => ?a type WikidataEntity	pasireotide name pasireotide | pasireotide type SurfaceForm => pasireotide type WikidataEntity
Rule_4897	?a name ?d ?d type SurfaceForm => ?a type WikidataEntity	measurand name measurand | measurand type SurfaceForm => measurand type WikidataEntity
Rule_4897	?a name ?d ?d type SurfaceForm => ?a type WikidataEntity	danaparoid name danaparoid | danaparoid type SurfaceForm => danaparoid type WikidataEntity
Rule_4897	?a name ?d ?d type SurfaceForm => ?a type WikidataEntity	entity name entity | entity type SurfaceForm => entity type WikidataEntity
Rule_4897	?a name ?d ?d type SurfaceForm => ?a type WikidataEntity	mural name mural | mural type SurfaceForm => mural type WikidataEntity
Rule_4897	?a name ?d ?d type SurfaceForm => ?a type WikidataEntity	thyroxine name thyroxine | thyroxine type SurfaceForm => thyroxine type WikidataEntity
Rule_4897	?a name ?d ?d type SurfaceForm => ?a type WikidataEntity	dentistry name dentistry | dentistry type SurfaceForm => dentistry type WikidataEntity
Rule_4897	?a name ?d ?d type SurfaceForm => ?a type WikidataEntity	galantamine name galantamine | galantamine type SurfaceForm => galantamine type WikidataEntity
Rule_4897	?a name ?d ?d type SurfaceForm => ?a type WikidataEntity	apnea name apnea | apnea type SurfaceForm => apnea type WikidataEntity
Rule_4897	?a name ?d ?d type SurfaceForm => ?a type WikidataEntity	ketonuria name ketonuria | ketonuria type SurfaceForm => ketonuria type WikidataEntity
Rule_4897	?a name ?d ?d type SurfaceForm => ?a type WikidataEntity	(RS)-etodolac name (RS)-etodolac | (RS)-etodolac type SurfaceForm => (RS)-etodolac type WikidataEntity
Rule_4897	?a name ?d ?d type SurfaceForm => ?a type WikidataEntity	emergency name emergency | emergency type SurfaceForm => emergency type WikidataEntity
Rule_4897	?a name ?d ?d type SurfaceForm => ?a type WikidataEntity	oxycodone name oxycodone | oxycodone type SurfaceForm => oxycodone type WikidataEntity
Rule_4897	?a name ?d ?d type SurfaceForm => ?a type WikidataEntity	hexamer name hexamer | hexamer type SurfaceForm => hexamer type WikidataEntity
Rule_4897	?a name ?d ?d type SurfaceForm => ?a type WikidataEntity	Ularitide name Ularitide | Ularitide type SurfaceForm => Ularitide type WikidataEntity
Rule_4897	?a name ?d ?d type SurfaceForm => ?a type WikidataEntity	carboxamides name carboxamides | carboxamides type SurfaceForm => carboxamides type WikidataEntity
Rule_4897	?a name ?d ?d type SurfaceForm => ?a type WikidataEntity	theobromine name theobromine | theobromine type SurfaceForm => theobromine type WikidataEntity
Rule_4897	?a name ?d ?d type SurfaceForm => ?a type WikidataEntity	milrinone name milrinone | milrinone type SurfaceForm => milrinone type WikidataEntity
Rule_4897	?a name ?d ?d type SurfaceForm => ?a type WikidataEntity	quinapril name quinapril | quinapril type SurfaceForm => quinapril type WikidataEntity
Rule_4897	?a name ?d ?d type SurfaceForm => ?a type WikidataEntity	cathetus name cathetus | cathetus type SurfaceForm => cathetus type WikidataEntity
Rule_4897	?a name ?d ?d type SurfaceForm => ?a type WikidataEntity	SLC5A2 name SLC5A2 | SLC5A2 type SurfaceForm => SLC5A2 type WikidataEntity
Rule_4897	?a name ?d ?d type SurfaceForm => ?a type WikidataEntity	diuresis name diuresis | diuresis type SurfaceForm => diuresis type WikidataEntity
Rule_4897	?a name ?d ?d type SurfaceForm => ?a type WikidataEntity	diflucortolone name diflucortolone | diflucortolone type SurfaceForm => diflucortolone type WikidataEntity
Rule_4897	?a name ?d ?d type SurfaceForm => ?a type WikidataEntity	teamwork name teamwork | teamwork type SurfaceForm => teamwork type WikidataEntity
Rule_4897	?a name ?d ?d type SurfaceForm => ?a type WikidataEntity	tetracaine name tetracaine | tetracaine type SurfaceForm => tetracaine type WikidataEntity
Rule_4897	?a name ?d ?d type SurfaceForm => ?a type WikidataEntity	selection name selection | selection type SurfaceForm => selection type WikidataEntity
Rule_4897	?a name ?d ?d type SurfaceForm => ?a type WikidataEntity	modafinil name modafinil | modafinil type SurfaceForm => modafinil type WikidataEntity
Rule_4897	?a name ?d ?d type SurfaceForm => ?a type WikidataEntity	watercraft name watercraft | watercraft type SurfaceForm => watercraft type WikidataEntity
Rule_4897	?a name ?d ?d type SurfaceForm => ?a type WikidataEntity	ciprofloxacin name ciprofloxacin | ciprofloxacin type SurfaceForm => ciprofloxacin type WikidataEntity
Rule_4897	?a name ?d ?d type SurfaceForm => ?a type WikidataEntity	telephone name telephone | telephone type SurfaceForm => telephone type WikidataEntity
Rule_4897	?a name ?d ?d type SurfaceForm => ?a type WikidataEntity	melena name melena | melena type SurfaceForm => melena type WikidataEntity
Rule_4897	?a name ?d ?d type SurfaceForm => ?a type WikidataEntity	agent name agent | agent type SurfaceForm => agent type WikidataEntity
Rule_4897	?a name ?d ?d type SurfaceForm => ?a type WikidataEntity	curcumin name curcumin | curcumin type SurfaceForm => curcumin type WikidataEntity
Rule_4897	?a name ?d ?d type SurfaceForm => ?a type WikidataEntity	lopinavir/ritonavir name lopinavir/ritonavir | lopinavir/ritonavir type SurfaceForm => lopinavir/ritonavir type WikidataEntity
Rule_4897	?a name ?d ?d type SurfaceForm => ?a type WikidataEntity	mometasone name mometasone | mometasone type SurfaceForm => mometasone type WikidataEntity
Rule_4897	?a name ?d ?d type SurfaceForm => ?a type WikidataEntity	liberty name liberty | liberty type SurfaceForm => liberty type WikidataEntity
Rule_4897	?a name ?d ?d type SurfaceForm => ?a type WikidataEntity	sulindac name sulindac | sulindac type SurfaceForm => sulindac type WikidataEntity
Rule_4897	?a name ?d ?d type SurfaceForm => ?a type WikidataEntity	Lenzilumab name Lenzilumab | Lenzilumab type SurfaceForm => Lenzilumab type WikidataEntity
Rule_4897	?a name ?d ?d type SurfaceForm => ?a type WikidataEntity	fluindione name fluindione | fluindione type SurfaceForm => fluindione type WikidataEntity
Rule_4897	?a name ?d ?d type SurfaceForm => ?a type WikidataEntity	lamifiban name lamifiban | lamifiban type SurfaceForm => lamifiban type WikidataEntity
Rule_4897	?a name ?d ?d type SurfaceForm => ?a type WikidataEntity	biology name biology | biology type SurfaceForm => biology type WikidataEntity
Rule_4897	?a name ?d ?d type SurfaceForm => ?a type WikidataEntity	rabbit name rabbit | rabbit type SurfaceForm => rabbit type WikidataEntity
Rule_4897	?a name ?d ?d type SurfaceForm => ?a type WikidataEntity	sofosbuvir name sofosbuvir | sofosbuvir type SurfaceForm => sofosbuvir type WikidataEntity
Rule_4897	?a name ?d ?d type SurfaceForm => ?a type WikidataEntity	victim name victim | victim type SurfaceForm => victim type WikidataEntity
Rule_4897	?a name ?d ?d type SurfaceForm => ?a type WikidataEntity	lithium name lithium | lithium type SurfaceForm => lithium type WikidataEntity
Rule_4897	?a name ?d ?d type SurfaceForm => ?a type WikidataEntity	pramoxine name pramoxine | pramoxine type SurfaceForm => pramoxine type WikidataEntity
Rule_4897	?a name ?d ?d type SurfaceForm => ?a type WikidataEntity	taboo name taboo | taboo type SurfaceForm => taboo type WikidataEntity
Rule_4897	?a name ?d ?d type SurfaceForm => ?a type WikidataEntity	ambrisentan name ambrisentan | ambrisentan type SurfaceForm => ambrisentan type WikidataEntity
Rule_4897	?a name ?d ?d type SurfaceForm => ?a type WikidataEntity	sulfamethoxazole name sulfamethoxazole | sulfamethoxazole type SurfaceForm => sulfamethoxazole type WikidataEntity
Rule_4897	?a name ?d ?d type SurfaceForm => ?a type WikidataEntity	Polyhexanide name Polyhexanide | Polyhexanide type SurfaceForm => Polyhexanide type WikidataEntity
Rule_4897	?a name ?d ?d type SurfaceForm => ?a type WikidataEntity	norabietanes name norabietanes | norabietanes type SurfaceForm => norabietanes type WikidataEntity
Rule_4897	?a name ?d ?d type SurfaceForm => ?a type WikidataEntity	class name class | class type SurfaceForm => class type WikidataEntity
Rule_4897	?a name ?d ?d type SurfaceForm => ?a type WikidataEntity	pentamidine name pentamidine | pentamidine type SurfaceForm => pentamidine type WikidataEntity
Rule_4897	?a name ?d ?d type SurfaceForm => ?a type WikidataEntity	ampicillin name ampicillin | ampicillin type SurfaceForm => ampicillin type WikidataEntity
Rule_4897	?a name ?d ?d type SurfaceForm => ?a type WikidataEntity	ranibizumab name ranibizumab | ranibizumab type SurfaceForm => ranibizumab type WikidataEntity
Rule_4897	?a name ?d ?d type SurfaceForm => ?a type WikidataEntity	sulfamethizole name sulfamethizole | sulfamethizole type SurfaceForm => sulfamethizole type WikidataEntity
Rule_4897	?a name ?d ?d type SurfaceForm => ?a type WikidataEntity	josamycin name josamycin | josamycin type SurfaceForm => josamycin type WikidataEntity
Rule_4897	?a name ?d ?d type SurfaceForm => ?a type WikidataEntity	radiology name radiology | radiology type SurfaceForm => radiology type WikidataEntity
Rule_4897	?a name ?d ?d type SurfaceForm => ?a type WikidataEntity	pimavanserin name pimavanserin | pimavanserin type SurfaceForm => pimavanserin type WikidataEntity
Rule_4897	?a name ?d ?d type SurfaceForm => ?a type WikidataEntity	pantoprazole name pantoprazole | pantoprazole type SurfaceForm => pantoprazole type WikidataEntity
Rule_4897	?a name ?d ?d type SurfaceForm => ?a type WikidataEntity	levomilnacipran name levomilnacipran | levomilnacipran type SurfaceForm => levomilnacipran type WikidataEntity
Rule_4897	?a name ?d ?d type SurfaceForm => ?a type WikidataEntity	recrudescence name recrudescence | recrudescence type SurfaceForm => recrudescence type WikidataEntity
Rule_4897	?a name ?d ?d type SurfaceForm => ?a type WikidataEntity	lactate name lactate | lactate type SurfaceForm => lactate type WikidataEntity
Rule_4897	?a name ?d ?d type SurfaceForm => ?a type WikidataEntity	polyether name polyether | polyether type SurfaceForm => polyether type WikidataEntity
Rule_4897	?a name ?d ?d type SurfaceForm => ?a type WikidataEntity	prasugrel name prasugrel | prasugrel type SurfaceForm => prasugrel type WikidataEntity
Rule_4897	?a name ?d ?d type SurfaceForm => ?a type WikidataEntity	gatifloxacin name gatifloxacin | gatifloxacin type SurfaceForm => gatifloxacin type WikidataEntity
Rule_4897	?a name ?d ?d type SurfaceForm => ?a type WikidataEntity	2,5-diketopiperazines name 2,5-diketopiperazines | 2,5-diketopiperazines type SurfaceForm => 2,5-diketopiperazines type WikidataEntity
Rule_4897	?a name ?d ?d type SurfaceForm => ?a type WikidataEntity	feeling name feeling | feeling type SurfaceForm => feeling type WikidataEntity
Rule_4897	?a name ?d ?d type SurfaceForm => ?a type WikidataEntity	anagrelide name anagrelide | anagrelide type SurfaceForm => anagrelide type WikidataEntity
Rule_4897	?a name ?d ?d type SurfaceForm => ?a type WikidataEntity	thiethylperazine name thiethylperazine | thiethylperazine type SurfaceForm => thiethylperazine type WikidataEntity
Rule_4897	?a name ?d ?d type SurfaceForm => ?a type WikidataEntity	zonisamide name zonisamide | zonisamide type SurfaceForm => zonisamide type WikidataEntity
Rule_4897	?a name ?d ?d type SurfaceForm => ?a type WikidataEntity	polyol name polyol | polyol type SurfaceForm => polyol type WikidataEntity
Rule_4897	?a name ?d ?d type SurfaceForm => ?a type WikidataEntity	monocation name monocation | monocation type SurfaceForm => monocation type WikidataEntity
Rule_4897	?a name ?d ?d type SurfaceForm => ?a type WikidataEntity	glutarimide name glutarimide | glutarimide type SurfaceForm => glutarimide type WikidataEntity
Rule_4897	?a name ?d ?d type SurfaceForm => ?a type WikidataEntity	posaconazole name posaconazole | posaconazole type SurfaceForm => posaconazole type WikidataEntity
Rule_4897	?a name ?d ?d type SurfaceForm => ?a type WikidataEntity	clonidine name clonidine | clonidine type SurfaceForm => clonidine type WikidataEntity
Rule_4897	?a name ?d ?d type SurfaceForm => ?a type WikidataEntity	allopurinol name allopurinol | allopurinol type SurfaceForm => allopurinol type WikidataEntity
Rule_4897	?a name ?d ?d type SurfaceForm => ?a type WikidataEntity	bmi name bmi | bmi type SurfaceForm => bmi type WikidataEntity
Rule_4897	?a name ?d ?d type SurfaceForm => ?a type WikidataEntity	rituximab name rituximab | rituximab type SurfaceForm => rituximab type WikidataEntity
Rule_4897	?a name ?d ?d type SurfaceForm => ?a type WikidataEntity	Mensa name Mensa | Mensa type SurfaceForm => Mensa type WikidataEntity
Rule_4897	?a name ?d ?d type SurfaceForm => ?a type WikidataEntity	pharmacotherapy name pharmacotherapy | pharmacotherapy type SurfaceForm => pharmacotherapy type WikidataEntity
Rule_4897	?a name ?d ?d type SurfaceForm => ?a type WikidataEntity	advantage name advantage | advantage type SurfaceForm => advantage type WikidataEntity
Rule_4897	?a name ?d ?d type SurfaceForm => ?a type WikidataEntity	thymus name thymus | thymus type SurfaceForm => thymus type WikidataEntity
Rule_4897	?a name ?d ?d type SurfaceForm => ?a type WikidataEntity	mass name mass | mass type SurfaceForm => mass type WikidataEntity
Rule_4897	?a name ?d ?d type SurfaceForm => ?a type WikidataEntity	club name club | club type SurfaceForm => club type WikidataEntity
Rule_4897	?a name ?d ?d type SurfaceForm => ?a type WikidataEntity	phenindamine name phenindamine | phenindamine type SurfaceForm => phenindamine type WikidataEntity
Rule_4897	?a name ?d ?d type SurfaceForm => ?a type WikidataEntity	minoxidil name minoxidil | minoxidil type SurfaceForm => minoxidil type WikidataEntity
Rule_4897	?a name ?d ?d type SurfaceForm => ?a type WikidataEntity	3rd name 3rd | 3rd type SurfaceForm => 3rd type WikidataEntity
Rule_4897	?a name ?d ?d type SurfaceForm => ?a type WikidataEntity	(+/-)-ivabradine name (+/-)-ivabradine | (+/-)-ivabradine type SurfaceForm => (+/-)-ivabradine type WikidataEntity
Rule_4897	?a name ?d ?d type SurfaceForm => ?a type WikidataEntity	clomipramine name clomipramine | clomipramine type SurfaceForm => clomipramine type WikidataEntity
Rule_4897	?a name ?d ?d type SurfaceForm => ?a type WikidataEntity	immunotherapy name immunotherapy | immunotherapy type SurfaceForm => immunotherapy type WikidataEntity
Rule_4897	?a name ?d ?d type SurfaceForm => ?a type WikidataEntity	umifenovir name umifenovir | umifenovir type SurfaceForm => umifenovir type WikidataEntity
Rule_4897	?a name ?d ?d type SurfaceForm => ?a type WikidataEntity	levomethadone name levomethadone | levomethadone type SurfaceForm => levomethadone type WikidataEntity
Rule_4897	?a name ?d ?d type SurfaceForm => ?a type WikidataEntity	severe name severe | severe type SurfaceForm => severe type WikidataEntity
Rule_4897	?a name ?d ?d type SurfaceForm => ?a type WikidataEntity	newsletter name newsletter | newsletter type SurfaceForm => newsletter type WikidataEntity
Rule_4897	?a name ?d ?d type SurfaceForm => ?a type WikidataEntity	rule name rule | rule type SurfaceForm => rule type WikidataEntity
Rule_4897	?a name ?d ?d type SurfaceForm => ?a type WikidataEntity	ivabradine name ivabradine | ivabradine type SurfaceForm => ivabradine type WikidataEntity
Rule_4897	?a name ?d ?d type SurfaceForm => ?a type WikidataEntity	benznidazole name benznidazole | benznidazole type SurfaceForm => benznidazole type WikidataEntity
Rule_4897	?a name ?d ?d type SurfaceForm => ?a type WikidataEntity	methodology name methodology | methodology type SurfaceForm => methodology type WikidataEntity
Rule_4897	?a name ?d ?d type SurfaceForm => ?a type WikidataEntity	meat name meat | meat type SurfaceForm => meat type WikidataEntity
Rule_4897	?a name ?d ?d type SurfaceForm => ?a type WikidataEntity	thiopurine name thiopurine | thiopurine type SurfaceForm => thiopurine type WikidataEntity
Rule_4897	?a name ?d ?d type SurfaceForm => ?a type WikidataEntity	dronedarone name dronedarone | dronedarone type SurfaceForm => dronedarone type WikidataEntity
Rule_4897	?a name ?d ?d type SurfaceForm => ?a type WikidataEntity	wasting name wasting | wasting type SurfaceForm => wasting type WikidataEntity
Rule_4897	?a name ?d ?d type SurfaceForm => ?a type WikidataEntity	dopamine name dopamine | dopamine type SurfaceForm => dopamine type WikidataEntity
Rule_4897	?a name ?d ?d type SurfaceForm => ?a type WikidataEntity	amoxicillin name amoxicillin | amoxicillin type SurfaceForm => amoxicillin type WikidataEntity
Rule_4897	?a name ?d ?d type SurfaceForm => ?a type WikidataEntity	neurology name neurology | neurology type SurfaceForm => neurology type WikidataEntity
Rule_4897	?a name ?d ?d type SurfaceForm => ?a type WikidataEntity	esterase name esterase | esterase type SurfaceForm => esterase type WikidataEntity
Rule_4897	?a name ?d ?d type SurfaceForm => ?a type WikidataEntity	diagnosis name diagnosis | diagnosis type SurfaceForm => diagnosis type WikidataEntity
Rule_4897	?a name ?d ?d type SurfaceForm => ?a type WikidataEntity	uricase name uricase | uricase type SurfaceForm => uricase type WikidataEntity
Rule_4897	?a name ?d ?d type SurfaceForm => ?a type WikidataEntity	erythema name erythema | erythema type SurfaceForm => erythema type WikidataEntity
Rule_4897	?a name ?d ?d type SurfaceForm => ?a type WikidataEntity	Private name Private | Private type SurfaceForm => Private type WikidataEntity
Rule_4897	?a name ?d ?d type SurfaceForm => ?a type WikidataEntity	anxiolytic name anxiolytic | anxiolytic type SurfaceForm => anxiolytic type WikidataEntity
Rule_4897	?a name ?d ?d type SurfaceForm => ?a type WikidataEntity	container name container | container type SurfaceForm => container type WikidataEntity
Rule_4897	?a name ?d ?d type SurfaceForm => ?a type WikidataEntity	nitroglycerin name nitroglycerin | nitroglycerin type SurfaceForm => nitroglycerin type WikidataEntity
Rule_4897	?a name ?d ?d type SurfaceForm => ?a type WikidataEntity	dimethylxanthine name dimethylxanthine | dimethylxanthine type SurfaceForm => dimethylxanthine type WikidataEntity
Rule_4897	?a name ?d ?d type SurfaceForm => ?a type WikidataEntity	surgery name surgery | surgery type SurfaceForm => surgery type WikidataEntity
Rule_4897	?a name ?d ?d type SurfaceForm => ?a type WikidataEntity	cloak name cloak | cloak type SurfaceForm => cloak type WikidataEntity
Rule_4897	?a name ?d ?d type SurfaceForm => ?a type WikidataEntity	measure name measure | measure type SurfaceForm => measure type WikidataEntity
Rule_4897	?a name ?d ?d type SurfaceForm => ?a type WikidataEntity	supplement name supplement | supplement type SurfaceForm => supplement type WikidataEntity
Rule_4897	?a name ?d ?d type SurfaceForm => ?a type WikidataEntity	enterprise name enterprise | enterprise type SurfaceForm => enterprise type WikidataEntity
Rule_4897	?a name ?d ?d type SurfaceForm => ?a type WikidataEntity	oxacillin name oxacillin | oxacillin type SurfaceForm => oxacillin type WikidataEntity
Rule_4897	?a name ?d ?d type SurfaceForm => ?a type WikidataEntity	encainide name encainide | encainide type SurfaceForm => encainide type WikidataEntity
Rule_4897	?a name ?d ?d type SurfaceForm => ?a type WikidataEntity	ancrod name ancrod | ancrod type SurfaceForm => ancrod type WikidataEntity
Rule_4897	?a name ?d ?d type SurfaceForm => ?a type WikidataEntity	block name block | block type SurfaceForm => block type WikidataEntity
Rule_4897	?a name ?d ?d type SurfaceForm => ?a type WikidataEntity	crizotinib name crizotinib | crizotinib type SurfaceForm => crizotinib type WikidataEntity
Rule_4897	?a name ?d ?d type SurfaceForm => ?a type WikidataEntity	ranitidine name ranitidine | ranitidine type SurfaceForm => ranitidine type WikidataEntity
Rule_4897	?a name ?d ?d type SurfaceForm => ?a type WikidataEntity	brexpiprazole name brexpiprazole | brexpiprazole type SurfaceForm => brexpiprazole type WikidataEntity
Rule_4897	?a name ?d ?d type SurfaceForm => ?a type WikidataEntity	(RS)-5-methoxy-3,4-methylenedioxyamphetamine name (RS)-5-methoxy-3,4-methylenedioxyamphetamine | (RS)-5-methoxy-3,4-methylenedioxyamphetamine type SurfaceForm => (RS)-5-methoxy-3,4-methylenedioxyamphetamine type WikidataEntity
Rule_4897	?a name ?d ?d type SurfaceForm => ?a type WikidataEntity	command name command | command type SurfaceForm => command type WikidataEntity
Rule_4897	?a name ?d ?d type SurfaceForm => ?a type WikidataEntity	(RS)-netoglitazone name (RS)-netoglitazone | (RS)-netoglitazone type SurfaceForm => (RS)-netoglitazone type WikidataEntity
Rule_4897	?a name ?d ?d type SurfaceForm => ?a type WikidataEntity	(+)-taxifolin name (+)-taxifolin | (+)-taxifolin type SurfaceForm => (+)-taxifolin type WikidataEntity
Rule_4897	?a name ?d ?d type SurfaceForm => ?a type WikidataEntity	carfentanil name carfentanil | carfentanil type SurfaceForm => carfentanil type WikidataEntity
Rule_4897	?a name ?d ?d type SurfaceForm => ?a type WikidataEntity	autonomy name autonomy | autonomy type SurfaceForm => autonomy type WikidataEntity
Rule_4897	?a name ?d ?d type SurfaceForm => ?a type WikidataEntity	biopharmaceutical name biopharmaceutical | biopharmaceutical type SurfaceForm => biopharmaceutical type WikidataEntity
Rule_4897	?a name ?d ?d type SurfaceForm => ?a type WikidataEntity	defibrillation name defibrillation | defibrillation type SurfaceForm => defibrillation type WikidataEntity
Rule_4897	?a name ?d ?d type SurfaceForm => ?a type WikidataEntity	bupivacaine-(RS) name bupivacaine-(RS) | bupivacaine-(RS) type SurfaceForm => bupivacaine-(RS) type WikidataEntity
Rule_4897	?a name ?d ?d type SurfaceForm => ?a type WikidataEntity	osteoporosis name osteoporosis | osteoporosis type SurfaceForm => osteoporosis type WikidataEntity
Rule_4897	?a name ?d ?d type SurfaceForm => ?a type WikidataEntity	(RS)-englitazone name (RS)-englitazone | (RS)-englitazone type SurfaceForm => (RS)-englitazone type WikidataEntity
Rule_4897	?a name ?d ?d type SurfaceForm => ?a type WikidataEntity	recording name recording | recording type SurfaceForm => recording type WikidataEntity
Rule_4897	?a name ?d ?d type SurfaceForm => ?a type WikidataEntity	paradigm name paradigm | paradigm type SurfaceForm => paradigm type WikidataEntity
Rule_4897	?a name ?d ?d type SurfaceForm => ?a type WikidataEntity	Sos name Sos | Sos type SurfaceForm => Sos type WikidataEntity
Rule_4897	?a name ?d ?d type SurfaceForm => ?a type WikidataEntity	perazine name perazine | perazine type SurfaceForm => perazine type WikidataEntity
Rule_4897	?a name ?d ?d type SurfaceForm => ?a type WikidataEntity	hypertensiology name hypertensiology | hypertensiology type SurfaceForm => hypertensiology type WikidataEntity
Rule_4897	?a name ?d ?d type SurfaceForm => ?a type WikidataEntity	cannabinoids name cannabinoids | cannabinoids type SurfaceForm => cannabinoids type WikidataEntity
Rule_4897	?a name ?d ?d type SurfaceForm => ?a type WikidataEntity	birth name birth | birth type SurfaceForm => birth type WikidataEntity
Rule_4897	?a name ?d ?d type SurfaceForm => ?a type WikidataEntity	quinethazone name quinethazone | quinethazone type SurfaceForm => quinethazone type WikidataEntity
Rule_4897	?a name ?d ?d type SurfaceForm => ?a type WikidataEntity	anasarka name anasarka | anasarka type SurfaceForm => anasarka type WikidataEntity
Rule_4897	?a name ?d ?d type SurfaceForm => ?a type WikidataEntity	dibenzepin name dibenzepin | dibenzepin type SurfaceForm => dibenzepin type WikidataEntity
Rule_4897	?a name ?d ?d type SurfaceForm => ?a type WikidataEntity	(RS)-propafenone name (RS)-propafenone | (RS)-propafenone type SurfaceForm => (RS)-propafenone type WikidataEntity
Rule_4897	?a name ?d ?d type SurfaceForm => ?a type WikidataEntity	sertindole name sertindole | sertindole type SurfaceForm => sertindole type WikidataEntity
Rule_4897	?a name ?d ?d type SurfaceForm => ?a type WikidataEntity	cyclothiazide name cyclothiazide | cyclothiazide type SurfaceForm => cyclothiazide type WikidataEntity
Rule_4897	?a name ?d ?d type SurfaceForm => ?a type WikidataEntity	child name child | child type SurfaceForm => child type WikidataEntity
Rule_4897	?a name ?d ?d type SurfaceForm => ?a type WikidataEntity	psychology name psychology | psychology type SurfaceForm => psychology type WikidataEntity
Rule_4897	?a name ?d ?d type SurfaceForm => ?a type WikidataEntity	journal name journal | journal type SurfaceForm => journal type WikidataEntity
Rule_4897	?a name ?d ?d type SurfaceForm => ?a type WikidataEntity	visualization name visualization | visualization type SurfaceForm => visualization type WikidataEntity
Rule_4897	?a name ?d ?d type SurfaceForm => ?a type WikidataEntity	docusate name docusate | docusate type SurfaceForm => docusate type WikidataEntity
Rule_4897	?a name ?d ?d type SurfaceForm => ?a type WikidataEntity	score name score | score type SurfaceForm => score type WikidataEntity
Rule_4897	?a name ?d ?d type SurfaceForm => ?a type WikidataEntity	desmopressin name desmopressin | desmopressin type SurfaceForm => desmopressin type WikidataEntity
Rule_4897	?a name ?d ?d type SurfaceForm => ?a type WikidataEntity	trazodone name trazodone | trazodone type SurfaceForm => trazodone type WikidataEntity
Rule_4897	?a name ?d ?d type SurfaceForm => ?a type WikidataEntity	allergology name allergology | allergology type SurfaceForm => allergology type WikidataEntity
Rule_4897	?a name ?d ?d type SurfaceForm => ?a type WikidataEntity	nadolol name nadolol | nadolol type SurfaceForm => nadolol type WikidataEntity
Rule_4897	?a name ?d ?d type SurfaceForm => ?a type WikidataEntity	ticagrelor name ticagrelor | ticagrelor type SurfaceForm => ticagrelor type WikidataEntity
Rule_4897	?a name ?d ?d type SurfaceForm => ?a type WikidataEntity	solution name solution | solution type SurfaceForm => solution type WikidataEntity
Rule_4897	?a name ?d ?d type SurfaceForm => ?a type WikidataEntity	proto-patient name proto-patient | proto-patient type SurfaceForm => proto-patient type WikidataEntity
Rule_4897	?a name ?d ?d type SurfaceForm => ?a type WikidataEntity	demon name demon | demon type SurfaceForm => demon type WikidataEntity
Rule_4897	?a name ?d ?d type SurfaceForm => ?a type WikidataEntity	quinestrol name quinestrol | quinestrol type SurfaceForm => quinestrol type WikidataEntity
Rule_4897	?a name ?d ?d type SurfaceForm => ?a type WikidataEntity	opioid name opioid | opioid type SurfaceForm => opioid type WikidataEntity
Rule_4897	?a name ?d ?d type SurfaceForm => ?a type WikidataEntity	pethidine name pethidine | pethidine type SurfaceForm => pethidine type WikidataEntity
Rule_4897	?a name ?d ?d type SurfaceForm => ?a type WikidataEntity	cefazolin name cefazolin | cefazolin type SurfaceForm => cefazolin type WikidataEntity
Rule_4897	?a name ?d ?d type SurfaceForm => ?a type WikidataEntity	diamine name diamine | diamine type SurfaceForm => diamine type WikidataEntity
Rule_4897	?a name ?d ?d type SurfaceForm => ?a type WikidataEntity	protamine name protamine | protamine type SurfaceForm => protamine type WikidataEntity
Rule_4897	?a name ?d ?d type SurfaceForm => ?a type WikidataEntity	heptad name heptad | heptad type SurfaceForm => heptad type WikidataEntity
Rule_4897	?a name ?d ?d type SurfaceForm => ?a type WikidataEntity	ceftriaxone name ceftriaxone | ceftriaxone type SurfaceForm => ceftriaxone type WikidataEntity
Rule_4897	?a name ?d ?d type SurfaceForm => ?a type WikidataEntity	methylprednisolone name methylprednisolone | methylprednisolone type SurfaceForm => methylprednisolone type WikidataEntity
Rule_4897	?a name ?d ?d type SurfaceForm => ?a type WikidataEntity	detection name detection | detection type SurfaceForm => detection type WikidataEntity
Rule_4897	?a name ?d ?d type SurfaceForm => ?a type WikidataEntity	file name file | file type SurfaceForm => file type WikidataEntity
Rule_4897	?a name ?d ?d type SurfaceForm => ?a type WikidataEntity	phenol name phenol | phenol type SurfaceForm => phenol type WikidataEntity
Rule_4897	?a name ?d ?d type SurfaceForm => ?a type WikidataEntity	dibenzocycloheptene name dibenzocycloheptene | dibenzocycloheptene type SurfaceForm => dibenzocycloheptene type WikidataEntity
Rule_4897	?a name ?d ?d type SurfaceForm => ?a type WikidataEntity	alpha-glucosidase name alpha-glucosidase | alpha-glucosidase type SurfaceForm => alpha-glucosidase type WikidataEntity
Rule_4897	?a name ?d ?d type SurfaceForm => ?a type WikidataEntity	sulfasalazine name sulfasalazine | sulfasalazine type SurfaceForm => sulfasalazine type WikidataEntity
Rule_4897	?a name ?d ?d type SurfaceForm => ?a type WikidataEntity	custom name custom | custom type SurfaceForm => custom type WikidataEntity
Rule_4897	?a name ?d ?d type SurfaceForm => ?a type WikidataEntity	diol name diol | diol type SurfaceForm => diol type WikidataEntity
Rule_4897	?a name ?d ?d type SurfaceForm => ?a type WikidataEntity	deixis name deixis | deixis type SurfaceForm => deixis type WikidataEntity
Rule_4897	?a name ?d ?d type SurfaceForm => ?a type WikidataEntity	condition name condition | condition type SurfaceForm => condition type WikidataEntity
Rule_4897	?a name ?d ?d type SurfaceForm => ?a type WikidataEntity	almotriptan name almotriptan | almotriptan type SurfaceForm => almotriptan type WikidataEntity
Rule_4897	?a name ?d ?d type SurfaceForm => ?a type WikidataEntity	mazindol name mazindol | mazindol type SurfaceForm => mazindol type WikidataEntity
Rule_4897	?a name ?d ?d type SurfaceForm => ?a type WikidataEntity	opinion name opinion | opinion type SurfaceForm => opinion type WikidataEntity
Rule_4897	?a name ?d ?d type SurfaceForm => ?a type WikidataEntity	famotidine name famotidine | famotidine type SurfaceForm => famotidine type WikidataEntity
Rule_4897	?a name ?d ?d type SurfaceForm => ?a type WikidataEntity	immunology name immunology | immunology type SurfaceForm => immunology type WikidataEntity
Rule_4897	?a name ?d ?d type SurfaceForm => ?a type WikidataEntity	imidapril name imidapril | imidapril type SurfaceForm => imidapril type WikidataEntity
Rule_4897	?a name ?d ?d type SurfaceForm => ?a type WikidataEntity	tafamidis name tafamidis | tafamidis type SurfaceForm => tafamidis type WikidataEntity
Rule_4897	?a name ?d ?d type SurfaceForm => ?a type WikidataEntity	Pharmakon1600-01500346 name Pharmakon1600-01500346 | Pharmakon1600-01500346 type SurfaceForm => Pharmakon1600-01500346 type WikidataEntity
Rule_4897	?a name ?d ?d type SurfaceForm => ?a type WikidataEntity	condiment name condiment | condiment type SurfaceForm => condiment type WikidataEntity
Rule_4897	?a name ?d ?d type SurfaceForm => ?a type WikidataEntity	ATP(4-) name ATP(4-) | ATP(4-) type SurfaceForm => ATP(4-) type WikidataEntity
Rule_4897	?a name ?d ?d type SurfaceForm => ?a type WikidataEntity	cephaloglycin name cephaloglycin | cephaloglycin type SurfaceForm => cephaloglycin type WikidataEntity
Rule_4897	?a name ?d ?d type SurfaceForm => ?a type WikidataEntity	phosphodiesterase-3 name phosphodiesterase-3 | phosphodiesterase-3 type SurfaceForm => phosphodiesterase-3 type WikidataEntity
Rule_4897	?a name ?d ?d type SurfaceForm => ?a type WikidataEntity	propylthiouracil name propylthiouracil | propylthiouracil type SurfaceForm => propylthiouracil type WikidataEntity
Rule_4897	?a name ?d ?d type SurfaceForm => ?a type WikidataEntity	alopecia name alopecia | alopecia type SurfaceForm => alopecia type WikidataEntity
Rule_4897	?a name ?d ?d type SurfaceForm => ?a type WikidataEntity	rate name rate | rate type SurfaceForm => rate type WikidataEntity
Rule_4897	?a name ?d ?d type SurfaceForm => ?a type WikidataEntity	sending name sending | sending type SurfaceForm => sending type WikidataEntity
Rule_4897	?a name ?d ?d type SurfaceForm => ?a type WikidataEntity	doxapram name doxapram | doxapram type SurfaceForm => doxapram type WikidataEntity
Rule_4897	?a name ?d ?d type SurfaceForm => ?a type WikidataEntity	Q117898917 name Q117898917 | Q117898917 type SurfaceForm => Q117898917 type WikidataEntity
Rule_4897	?a name ?d ?d type SurfaceForm => ?a type WikidataEntity	morphinan name morphinan | morphinan type SurfaceForm => morphinan type WikidataEntity
Rule_4897	?a name ?d ?d type SurfaceForm => ?a type WikidataEntity	Bucillamine name Bucillamine | Bucillamine type SurfaceForm => Bucillamine type WikidataEntity
Rule_4897	?a name ?d ?d type SurfaceForm => ?a type WikidataEntity	derealization name derealization | derealization type SurfaceForm => derealization type WikidataEntity
Rule_4897	?a name ?d ?d type SurfaceForm => ?a type WikidataEntity	omalizumab name omalizumab | omalizumab type SurfaceForm => omalizumab type WikidataEntity
Rule_4897	?a name ?d ?d type SurfaceForm => ?a type WikidataEntity	cooperation name cooperation | cooperation type SurfaceForm => cooperation type WikidataEntity
Rule_4897	?a name ?d ?d type SurfaceForm => ?a type WikidataEntity	triazoles name triazoles | triazoles type SurfaceForm => triazoles type WikidataEntity
Rule_4897	?a name ?d ?d type SurfaceForm => ?a type WikidataEntity	upper name upper | upper type SurfaceForm => upper type WikidataEntity
Rule_4897	?a name ?d ?d type SurfaceForm => ?a type WikidataEntity	Studio name Studio | Studio type SurfaceForm => Studio type WikidataEntity
Rule_4897	?a name ?d ?d type SurfaceForm => ?a type WikidataEntity	nelfinavir name nelfinavir | nelfinavir type SurfaceForm => nelfinavir type WikidataEntity
Rule_4897	?a name ?d ?d type SurfaceForm => ?a type WikidataEntity	remestemcel-L name remestemcel-L | remestemcel-L type SurfaceForm => remestemcel-L type WikidataEntity
Rule_4897	?a name ?d ?d type SurfaceForm => ?a type WikidataEntity	psychiatrist name psychiatrist | psychiatrist type SurfaceForm => psychiatrist type WikidataEntity
Rule_4897	?a name ?d ?d type SurfaceForm => ?a type WikidataEntity	collaboration name collaboration | collaboration type SurfaceForm => collaboration type WikidataEntity
Rule_4897	?a name ?d ?d type SurfaceForm => ?a type WikidataEntity	activity name activity | activity type SurfaceForm => activity type WikidataEntity
Rule_4897	?a name ?d ?d type SurfaceForm => ?a type WikidataEntity	protocatechualdehyde name protocatechualdehyde | protocatechualdehyde type SurfaceForm => protocatechualdehyde type WikidataEntity
Rule_4897	?a name ?d ?d type SurfaceForm => ?a type WikidataEntity	less name less | less type SurfaceForm => less type WikidataEntity
Rule_4897	?a name ?d ?d type SurfaceForm => ?a type WikidataEntity	threshold name threshold | threshold type SurfaceForm => threshold type WikidataEntity
Rule_4897	?a name ?d ?d type SurfaceForm => ?a type WikidataEntity	LSM-1524 name LSM-1524 | LSM-1524 type SurfaceForm => LSM-1524 type WikidataEntity
Rule_4897	?a name ?d ?d type SurfaceForm => ?a type WikidataEntity	epilepsy name epilepsy | epilepsy type SurfaceForm => epilepsy type WikidataEntity
Rule_4897	?a name ?d ?d type SurfaceForm => ?a type WikidataEntity	nutrient name nutrient | nutrient type SurfaceForm => nutrient type WikidataEntity
Rule_4897	?a name ?d ?d type SurfaceForm => ?a type WikidataEntity	anisole name anisole | anisole type SurfaceForm => anisole type WikidataEntity
Rule_4897	?a name ?d ?d type SurfaceForm => ?a type WikidataEntity	beneficience name beneficience | beneficience type SurfaceForm => beneficience type WikidataEntity
Rule_4897	?a name ?d ?d type SurfaceForm => ?a type WikidataEntity	fluorouracil name fluorouracil | fluorouracil type SurfaceForm => fluorouracil type WikidataEntity
Rule_4897	?a name ?d ?d type SurfaceForm => ?a type WikidataEntity	Q104916368 name Q104916368 | Q104916368 type SurfaceForm => Q104916368 type WikidataEntity
Rule_4897	?a name ?d ?d type SurfaceForm => ?a type WikidataEntity	aciclovir name aciclovir | aciclovir type SurfaceForm => aciclovir type WikidataEntity
Rule_4897	?a name ?d ?d type SurfaceForm => ?a type WikidataEntity	(RS)-lobeglitazone name (RS)-lobeglitazone | (RS)-lobeglitazone type SurfaceForm => (RS)-lobeglitazone type WikidataEntity
Rule_4897	?a name ?d ?d type SurfaceForm => ?a type WikidataEntity	parament name parament | parament type SurfaceForm => parament type WikidataEntity
Rule_4897	?a name ?d ?d type SurfaceForm => ?a type WikidataEntity	phenylephrine name phenylephrine | phenylephrine type SurfaceForm => phenylephrine type WikidataEntity
Rule_4897	?a name ?d ?d type SurfaceForm => ?a type WikidataEntity	(+)-atenolol name (+)-atenolol | (+)-atenolol type SurfaceForm => (+)-atenolol type WikidataEntity
Rule_4897	?a name ?d ?d type SurfaceForm => ?a type WikidataEntity	4-amino-1-(2-deoxy-2,2-difluoro-D-erythro-pentofuranosyl)-2(1H)-pyrimidinone name 4-amino-1-(2-deoxy-2,2-difluoro-D-erythro-pentofuranosyl)-2(1H)-pyrimidinone | 4-amino-1-(2-deoxy-2,2-difluoro-D-erythro-pentofuranosyl)-2(1H)-pyrimidinone type SurfaceForm => 4-amino-1-(2-deoxy-2,2-difluoro-D-erythro-pentofuranosyl)-2(1H)-pyrimidinone type WikidataEntity
Rule_4897	?a name ?d ?d type SurfaceForm => ?a type WikidataEntity	acquisition name acquisition | acquisition type SurfaceForm => acquisition type WikidataEntity
Rule_4897	?a name ?d ?d type SurfaceForm => ?a type WikidataEntity	denosumab name denosumab | denosumab type SurfaceForm => denosumab type WikidataEntity
Rule_4897	?a name ?d ?d type SurfaceForm => ?a type WikidataEntity	desloratadine name desloratadine | desloratadine type SurfaceForm => desloratadine type WikidataEntity
Rule_4897	?a name ?d ?d type SurfaceForm => ?a type WikidataEntity	rash name rash | rash type SurfaceForm => rash type WikidataEntity
Rule_4897	?a name ?d ?d type SurfaceForm => ?a type WikidataEntity	catalog name catalog | catalog type SurfaceForm => catalog type WikidataEntity
Rule_4897	?a name ?d ?d type SurfaceForm => ?a type WikidataEntity	subset name subset | subset type SurfaceForm => subset type WikidataEntity
Rule_4897	?a name ?d ?d type SurfaceForm => ?a type WikidataEntity	nimodipine name nimodipine | nimodipine type SurfaceForm => nimodipine type WikidataEntity
Rule_4897	?a name ?d ?d type SurfaceForm => ?a type WikidataEntity	ophthalmoscopy name ophthalmoscopy | ophthalmoscopy type SurfaceForm => ophthalmoscopy type WikidataEntity
Rule_4897	?a name ?d ?d type SurfaceForm => ?a type WikidataEntity	fortitude name fortitude | fortitude type SurfaceForm => fortitude type WikidataEntity
Rule_4897	?a name ?d ?d type SurfaceForm => ?a type WikidataEntity	benzenesulfonamides name benzenesulfonamides | benzenesulfonamides type SurfaceForm => benzenesulfonamides type WikidataEntity
Rule_4897	?a name ?d ?d type SurfaceForm => ?a type WikidataEntity	biomedicine name biomedicine | biomedicine type SurfaceForm => biomedicine type WikidataEntity
Rule_4897	?a name ?d ?d type SurfaceForm => ?a type WikidataEntity	strategy name strategy | strategy type SurfaceForm => strategy type WikidataEntity
Rule_4897	?a name ?d ?d type SurfaceForm => ?a type WikidataEntity	effect name effect | effect type SurfaceForm => effect type WikidataEntity
Rule_4897	?a name ?d ?d type SurfaceForm => ?a type WikidataEntity	phenyltoloxamine name phenyltoloxamine | phenyltoloxamine type SurfaceForm => phenyltoloxamine type WikidataEntity
Rule_4897	?a name ?d ?d type SurfaceForm => ?a type WikidataEntity	convulsion name convulsion | convulsion type SurfaceForm => convulsion type WikidataEntity
Rule_4897	?a name ?d ?d type SurfaceForm => ?a type WikidataEntity	frailty name frailty | frailty type SurfaceForm => frailty type WikidataEntity
Rule_4897	?a name ?d ?d type SurfaceForm => ?a type WikidataEntity	oxymetazoline name oxymetazoline | oxymetazoline type SurfaceForm => oxymetazoline type WikidataEntity
Rule_4897	?a name ?d ?d type SurfaceForm => ?a type WikidataEntity	metalloprotein name metalloprotein | metalloprotein type SurfaceForm => metalloprotein type WikidataEntity
Rule_4897	?a name ?d ?d type SurfaceForm => ?a type WikidataEntity	tosufloxacin name tosufloxacin | tosufloxacin type SurfaceForm => tosufloxacin type WikidataEntity
Rule_4897	?a name ?d ?d type SurfaceForm => ?a type WikidataEntity	benazeprilat name benazeprilat | benazeprilat type SurfaceForm => benazeprilat type WikidataEntity
Rule_4897	?a name ?d ?d type SurfaceForm => ?a type WikidataEntity	drug name drug | drug type SurfaceForm => drug type WikidataEntity
Rule_4897	?a name ?d ?d type SurfaceForm => ?a type WikidataEntity	anilides name anilides | anilides type SurfaceForm => anilides type WikidataEntity
Rule_4897	?a name ?d ?d type SurfaceForm => ?a type WikidataEntity	amides name amides | amides type SurfaceForm => amides type WikidataEntity
Rule_4897	?a name ?d ?d type SurfaceForm => ?a type WikidataEntity	Communicate name Communicate | Communicate type SurfaceForm => Communicate type WikidataEntity
Rule_4897	?a name ?d ?d type SurfaceForm => ?a type WikidataEntity	game name game | game type SurfaceForm => game type WikidataEntity
Rule_4897	?a name ?d ?d type SurfaceForm => ?a type WikidataEntity	surveillance name surveillance | surveillance type SurfaceForm => surveillance type WikidataEntity
Rule_4897	?a name ?d ?d type SurfaceForm => ?a type WikidataEntity	center name center | center type SurfaceForm => center type WikidataEntity
Rule_4897	?a name ?d ?d type SurfaceForm => ?a type WikidataEntity	gemifloxacin name gemifloxacin | gemifloxacin type SurfaceForm => gemifloxacin type WikidataEntity
Rule_4897	?a name ?d ?d type SurfaceForm => ?a type WikidataEntity	latamoxef name latamoxef | latamoxef type SurfaceForm => latamoxef type WikidataEntity
Rule_4897	?a name ?d ?d type SurfaceForm => ?a type WikidataEntity	carbinoxamine name carbinoxamine | carbinoxamine type SurfaceForm => carbinoxamine type WikidataEntity
Rule_4897	?a name ?d ?d type SurfaceForm => ?a type WikidataEntity	caramiphen name caramiphen | caramiphen type SurfaceForm => caramiphen type WikidataEntity
Rule_4897	?a name ?d ?d type SurfaceForm => ?a type WikidataEntity	benzodihydrofuran name benzodihydrofuran | benzodihydrofuran type SurfaceForm => benzodihydrofuran type WikidataEntity
Rule_4897	?a name ?d ?d type SurfaceForm => ?a type WikidataEntity	tofacitinib name tofacitinib | tofacitinib type SurfaceForm => tofacitinib type WikidataEntity
Rule_4897	?a name ?d ?d type SurfaceForm => ?a type WikidataEntity	vasculitis name vasculitis | vasculitis type SurfaceForm => vasculitis type WikidataEntity
Rule_4897	?a name ?d ?d type SurfaceForm => ?a type WikidataEntity	competence name competence | competence type SurfaceForm => competence type WikidataEntity
Rule_4897	?a name ?d ?d type SurfaceForm => ?a type WikidataEntity	methyldopa name methyldopa | methyldopa type SurfaceForm => methyldopa type WikidataEntity
Rule_4897	?a name ?d ?d type SurfaceForm => ?a type WikidataEntity	ceftazidime name ceftazidime | ceftazidime type SurfaceForm => ceftazidime type WikidataEntity
Rule_4897	?a name ?d ?d type SurfaceForm => ?a type WikidataEntity	use name use | use type SurfaceForm => use type WikidataEntity
Rule_4897	?a name ?d ?d type SurfaceForm => ?a type WikidataEntity	gene name gene | gene type SurfaceForm => gene type WikidataEntity
Rule_4897	?a name ?d ?d type SurfaceForm => ?a type WikidataEntity	bronchoconstriction name bronchoconstriction | bronchoconstriction type SurfaceForm => bronchoconstriction type WikidataEntity
Rule_4897	?a name ?d ?d type SurfaceForm => ?a type WikidataEntity	chloroprocaine name chloroprocaine | chloroprocaine type SurfaceForm => chloroprocaine type WikidataEntity
Rule_4897	?a name ?d ?d type SurfaceForm => ?a type WikidataEntity	natural name natural | natural type SurfaceForm => natural type WikidataEntity
Rule_4897	?a name ?d ?d type SurfaceForm => ?a type WikidataEntity	anemia name anemia | anemia type SurfaceForm => anemia type WikidataEntity
Rule_4897	?a name ?d ?d type SurfaceForm => ?a type WikidataEntity	(+/-)-apremilast name (+/-)-apremilast | (+/-)-apremilast type SurfaceForm => (+/-)-apremilast type WikidataEntity
Rule_4897	?a name ?d ?d type SurfaceForm => ?a type WikidataEntity	hemodialysis name hemodialysis | hemodialysis type SurfaceForm => hemodialysis type WikidataEntity
Rule_4897	?a name ?d ?d type SurfaceForm => ?a type WikidataEntity	alpha-tocopherylquinone name alpha-tocopherylquinone | alpha-tocopherylquinone type SurfaceForm => alpha-tocopherylquinone type WikidataEntity
Rule_4897	?a name ?d ?d type SurfaceForm => ?a type WikidataEntity	carbohydrate name carbohydrate | carbohydrate type SurfaceForm => carbohydrate type WikidataEntity
Rule_4897	?a name ?d ?d type SurfaceForm => ?a type WikidataEntity	naproxen name naproxen | naproxen type SurfaceForm => naproxen type WikidataEntity
Rule_4897	?a name ?d ?d type SurfaceForm => ?a type WikidataEntity	history name history | history type SurfaceForm => history type WikidataEntity
Rule_4897	?a name ?d ?d type SurfaceForm => ?a type WikidataEntity	quinidine name quinidine | quinidine type SurfaceForm => quinidine type WikidataEntity
Rule_4897	?a name ?d ?d type SurfaceForm => ?a type WikidataEntity	ptosis name ptosis | ptosis type SurfaceForm => ptosis type WikidataEntity
Rule_4897	?a name ?d ?d type SurfaceForm => ?a type WikidataEntity	digitoxin name digitoxin | digitoxin type SurfaceForm => digitoxin type WikidataEntity
Rule_4897	?a name ?d ?d type SurfaceForm => ?a type WikidataEntity	benzonatate name benzonatate | benzonatate type SurfaceForm => benzonatate type WikidataEntity
Rule_4897	?a name ?d ?d type SurfaceForm => ?a type WikidataEntity	sulfisoxazole name sulfisoxazole | sulfisoxazole type SurfaceForm => sulfisoxazole type WikidataEntity
Rule_4897	?a name ?d ?d type SurfaceForm => ?a type WikidataEntity	flecainide name flecainide | flecainide type SurfaceForm => flecainide type WikidataEntity
Rule_4897	?a name ?d ?d type SurfaceForm => ?a type WikidataEntity	medicine name medicine | medicine type SurfaceForm => medicine type WikidataEntity
Rule_4897	?a name ?d ?d type SurfaceForm => ?a type WikidataEntity	Q16423891 name Q16423891 | Q16423891 type SurfaceForm => Q16423891 type WikidataEntity
Rule_4897	?a name ?d ?d type SurfaceForm => ?a type WikidataEntity	formamide name formamide | formamide type SurfaceForm => formamide type WikidataEntity
Rule_4897	?a name ?d ?d type SurfaceForm => ?a type WikidataEntity	integer name integer | integer type SurfaceForm => integer type WikidataEntity
Rule_4897	?a name ?d ?d type SurfaceForm => ?a type WikidataEntity	piperacillin name piperacillin | piperacillin type SurfaceForm => piperacillin type WikidataEntity
Rule_4897	?a name ?d ?d type SurfaceForm => ?a type WikidataEntity	life name life | life type SurfaceForm => life type WikidataEntity
Rule_4897	?a name ?d ?d type SurfaceForm => ?a type WikidataEntity	5-beta-dihydrotestosterone name 5-beta-dihydrotestosterone | 5-beta-dihydrotestosterone type SurfaceForm => 5-beta-dihydrotestosterone type WikidataEntity
Rule_4897	?a name ?d ?d type SurfaceForm => ?a type WikidataEntity	osimertinib name osimertinib | osimertinib type SurfaceForm => osimertinib type WikidataEntity
Rule_4897	?a name ?d ?d type SurfaceForm => ?a type WikidataEntity	voriconazole name voriconazole | voriconazole type SurfaceForm => voriconazole type WikidataEntity
Rule_4897	?a name ?d ?d type SurfaceForm => ?a type WikidataEntity	staining name staining | staining type SurfaceForm => staining type WikidataEntity
Rule_4897	?a name ?d ?d type SurfaceForm => ?a type WikidataEntity	often name often | often type SurfaceForm => often type WikidataEntity
Rule_4897	?a name ?d ?d type SurfaceForm => ?a type WikidataEntity	pipamperone name pipamperone | pipamperone type SurfaceForm => pipamperone type WikidataEntity
Rule_4897	?a name ?d ?d type SurfaceForm => ?a type WikidataEntity	ciglitazone name ciglitazone | ciglitazone type SurfaceForm => ciglitazone type WikidataEntity
Rule_4897	?a name ?d ?d type SurfaceForm => ?a type WikidataEntity	clobetasol name clobetasol | clobetasol type SurfaceForm => clobetasol type WikidataEntity
Rule_4897	?a name ?d ?d type SurfaceForm => ?a type WikidataEntity	palpitation name palpitation | palpitation type SurfaceForm => palpitation type WikidataEntity
Rule_4897	?a name ?d ?d type SurfaceForm => ?a type WikidataEntity	terazosin name terazosin | terazosin type SurfaceForm => terazosin type WikidataEntity
Rule_4897	?a name ?d ?d type SurfaceForm => ?a type WikidataEntity	turmeric name turmeric | turmeric type SurfaceForm => turmeric type WikidataEntity
Rule_4897	?a name ?d ?d type SurfaceForm => ?a type WikidataEntity	pilsicainide name pilsicainide | pilsicainide type SurfaceForm => pilsicainide type WikidataEntity
Rule_4897	?a name ?d ?d type SurfaceForm => ?a type WikidataEntity	efonidipine name efonidipine | efonidipine type SurfaceForm => efonidipine type WikidataEntity
Rule_4897	?a name ?d ?d type SurfaceForm => ?a type WikidataEntity	recreation name recreation | recreation type SurfaceForm => recreation type WikidataEntity
Rule_4897	?a name ?d ?d type SurfaceForm => ?a type WikidataEntity	dizziness name dizziness | dizziness type SurfaceForm => dizziness type WikidataEntity
Rule_4897	?a name ?d ?d type SurfaceForm => ?a type WikidataEntity	chlordiazepoxide name chlordiazepoxide | chlordiazepoxide type SurfaceForm => chlordiazepoxide type WikidataEntity
Rule_4897	?a name ?d ?d type SurfaceForm => ?a type WikidataEntity	aniline name aniline | aniline type SurfaceForm => aniline type WikidataEntity
Rule_4897	?a name ?d ?d type SurfaceForm => ?a type WikidataEntity	phentolamine name phentolamine | phentolamine type SurfaceForm => phentolamine type WikidataEntity
Rule_4897	?a name ?d ?d type SurfaceForm => ?a type WikidataEntity	taxoids name taxoids | taxoids type SurfaceForm => taxoids type WikidataEntity
Rule_4897	?a name ?d ?d type SurfaceForm => ?a type WikidataEntity	deformity name deformity | deformity type SurfaceForm => deformity type WikidataEntity
Rule_4897	?a name ?d ?d type SurfaceForm => ?a type WikidataEntity	erdosteine name erdosteine | erdosteine type SurfaceForm => erdosteine type WikidataEntity
Rule_4897	?a name ?d ?d type SurfaceForm => ?a type WikidataEntity	research name research | research type SurfaceForm => research type WikidataEntity
Rule_4897	?a name ?d ?d type SurfaceForm => ?a type WikidataEntity	piclidenoson name piclidenoson | piclidenoson type SurfaceForm => piclidenoson type WikidataEntity
Rule_4897	?a name ?d ?d type SurfaceForm => ?a type WikidataEntity	cachexia name cachexia | cachexia type SurfaceForm => cachexia type WikidataEntity
Rule_4897	?a name ?d ?d type SurfaceForm => ?a type WikidataEntity	embolism name embolism | embolism type SurfaceForm => embolism type WikidataEntity
Rule_4897	?a name ?d ?d type SurfaceForm => ?a type WikidataEntity	bambuterol name bambuterol | bambuterol type SurfaceForm => bambuterol type WikidataEntity
Rule_4897	?a name ?d ?d type SurfaceForm => ?a type WikidataEntity	timing name timing | timing type SurfaceForm => timing type WikidataEntity
Rule_4897	?a name ?d ?d type SurfaceForm => ?a type WikidataEntity	ceftizoxime name ceftizoxime | ceftizoxime type SurfaceForm => ceftizoxime type WikidataEntity
Rule_4897	?a name ?d ?d type SurfaceForm => ?a type WikidataEntity	proximity name proximity | proximity type SurfaceForm => proximity type WikidataEntity
Rule_4897	?a name ?d ?d type SurfaceForm => ?a type WikidataEntity	dose name dose | dose type SurfaceForm => dose type WikidataEntity
Rule_4897	?a name ?d ?d type SurfaceForm => ?a type WikidataEntity	(R/S)-cefamandole name (R/S)-cefamandole | (R/S)-cefamandole type SurfaceForm => (R/S)-cefamandole type WikidataEntity
Rule_4897	?a name ?d ?d type SurfaceForm => ?a type WikidataEntity	tolazoline name tolazoline | tolazoline type SurfaceForm => tolazoline type WikidataEntity
Rule_4897	?a name ?d ?d type SurfaceForm => ?a type WikidataEntity	marfanoid name marfanoid | marfanoid type SurfaceForm => marfanoid type WikidataEntity
Rule_4897	?a name ?d ?d type SurfaceForm => ?a type WikidataEntity	dyspnea name dyspnea | dyspnea type SurfaceForm => dyspnea type WikidataEntity
Rule_4897	?a name ?d ?d type SurfaceForm => ?a type WikidataEntity	current name current | current type SurfaceForm => current type WikidataEntity
Rule_4897	?a name ?d ?d type SurfaceForm => ?a type WikidataEntity	pteridine name pteridine | pteridine type SurfaceForm => pteridine type WikidataEntity
Rule_4897	?a name ?d ?d type SurfaceForm => ?a type WikidataEntity	naltrexone name naltrexone | naltrexone type SurfaceForm => naltrexone type WikidataEntity
Rule_4897	?a name ?d ?d type SurfaceForm => ?a type WikidataEntity	moving name moving | moving type SurfaceForm => moving type WikidataEntity
Rule_4897	?a name ?d ?d type SurfaceForm => ?a type WikidataEntity	hypersensitivity name hypersensitivity | hypersensitivity type SurfaceForm => hypersensitivity type WikidataEntity
Rule_4897	?a name ?d ?d type SurfaceForm => ?a type WikidataEntity	ketobemidone name ketobemidone | ketobemidone type SurfaceForm => ketobemidone type WikidataEntity
Rule_4897	?a name ?d ?d type SurfaceForm => ?a type WikidataEntity	dihydroxyacetone name dihydroxyacetone | dihydroxyacetone type SurfaceForm => dihydroxyacetone type WikidataEntity
Rule_4897	?a name ?d ?d type SurfaceForm => ?a type WikidataEntity	conjunctivitis name conjunctivitis | conjunctivitis type SurfaceForm => conjunctivitis type WikidataEntity
Rule_4897	?a name ?d ?d type SurfaceForm => ?a type WikidataEntity	problem name problem | problem type SurfaceForm => problem type WikidataEntity
Rule_4897	?a name ?d ?d type SurfaceForm => ?a type WikidataEntity	levonorgestrel name levonorgestrel | levonorgestrel type SurfaceForm => levonorgestrel type WikidataEntity
Rule_4897	?a name ?d ?d type SurfaceForm => ?a type WikidataEntity	ultrafiltration name ultrafiltration | ultrafiltration type SurfaceForm => ultrafiltration type WikidataEntity
Rule_4897	?a name ?d ?d type SurfaceForm => ?a type WikidataEntity	phenacetin name phenacetin | phenacetin type SurfaceForm => phenacetin type WikidataEntity
Rule_4897	?a name ?d ?d type SurfaceForm => ?a type WikidataEntity	telehealth name telehealth | telehealth type SurfaceForm => telehealth type WikidataEntity
Rule_4897	?a name ?d ?d type SurfaceForm => ?a type WikidataEntity	levomepromazine name levomepromazine | levomepromazine type SurfaceForm => levomepromazine type WikidataEntity
Rule_4897	?a name ?d ?d type SurfaceForm => ?a type WikidataEntity	orlistat name orlistat | orlistat type SurfaceForm => orlistat type WikidataEntity
Rule_4897	?a name ?d ?d type SurfaceForm => ?a type WikidataEntity	behavior name behavior | behavior type SurfaceForm => behavior type WikidataEntity
Rule_4897	?a name ?d ?d type SurfaceForm => ?a type WikidataEntity	digoxin name digoxin | digoxin type SurfaceForm => digoxin type WikidataEntity
Rule_4897	?a name ?d ?d type SurfaceForm => ?a type WikidataEntity	voglibose name voglibose | voglibose type SurfaceForm => voglibose type WikidataEntity
Rule_4897	?a name ?d ?d type SurfaceForm => ?a type WikidataEntity	ginseng name ginseng | ginseng type SurfaceForm => ginseng type WikidataEntity
Rule_4897	?a name ?d ?d type SurfaceForm => ?a type WikidataEntity	vandetanib name vandetanib | vandetanib type SurfaceForm => vandetanib type WikidataEntity
Rule_4897	?a name ?d ?d type SurfaceForm => ?a type WikidataEntity	thrombosis name thrombosis | thrombosis type SurfaceForm => thrombosis type WikidataEntity
Rule_4897	?a name ?d ?d type SurfaceForm => ?a type WikidataEntity	Flolan name Flolan | Flolan type SurfaceForm => Flolan type WikidataEntity
Rule_4897	?a name ?d ?d type SurfaceForm => ?a type WikidataEntity	implantation name implantation | implantation type SurfaceForm => implantation type WikidataEntity
Rule_4897	?a name ?d ?d type SurfaceForm => ?a type WikidataEntity	narrative name narrative | narrative type SurfaceForm => narrative type WikidataEntity
Rule_4897	?a name ?d ?d type SurfaceForm => ?a type WikidataEntity	battery name battery | battery type SurfaceForm => battery type WikidataEntity
Rule_4897	?a name ?d ?d type SurfaceForm => ?a type WikidataEntity	message name message | message type SurfaceForm => message type WikidataEntity
Rule_4897	?a name ?d ?d type SurfaceForm => ?a type WikidataEntity	quinine name quinine | quinine type SurfaceForm => quinine type WikidataEntity
Rule_4897	?a name ?d ?d type SurfaceForm => ?a type WikidataEntity	acidosis name acidosis | acidosis type SurfaceForm => acidosis type WikidataEntity
Rule_4897	?a name ?d ?d type SurfaceForm => ?a type WikidataEntity	nephrology name nephrology | nephrology type SurfaceForm => nephrology type WikidataEntity
Rule_4897	?a name ?d ?d type SurfaceForm => ?a type WikidataEntity	hyperglycemia name hyperglycemia | hyperglycemia type SurfaceForm => hyperglycemia type WikidataEntity
Rule_4897	?a name ?d ?d type SurfaceForm => ?a type WikidataEntity	sorption name sorption | sorption type SurfaceForm => sorption type WikidataEntity
Rule_4897	?a name ?d ?d type SurfaceForm => ?a type WikidataEntity	paracetamol name paracetamol | paracetamol type SurfaceForm => paracetamol type WikidataEntity
Rule_4897	?a name ?d ?d type SurfaceForm => ?a type WikidataEntity	protein name protein | protein type SurfaceForm => protein type WikidataEntity
Rule_4897	?a name ?d ?d type SurfaceForm => ?a type WikidataEntity	prazosin name prazosin | prazosin type SurfaceForm => prazosin type WikidataEntity
Rule_4897	?a name ?d ?d type SurfaceForm => ?a type WikidataEntity	airport name airport | airport type SurfaceForm => airport type WikidataEntity
