rule_index	rule	grounding
Rule_724	?a type ClinicalProcedure => ?a type SurfaceForm	diagnostic_approach_for_cad type ClinicalProcedure => diagnostic_approach_for_cad type SurfaceForm
Rule_724	?a type ClinicalProcedure => ?a type SurfaceForm	blood_testing:_routine_biochemical_assay,_fasting_blood_glucose,_hba1c,_total_cholesterol,_ldl-c,_hdl-c,_triglycerides,_uric_acid,_parameters_of_renal_function,_peptides type ClinicalProcedure => blood_testing:_routine_biochemical_assay,_fasting_blood_glucose,_hba1c,_total_cholesterol,_ldl-c,_hdl-c,_triglycerides,_uric_acid,_parameters_of_renal_function,_peptides type SurfaceForm
Rule_724	?a type ClinicalProcedure => ?a type SurfaceForm	blood_chemistry type ClinicalProcedure => blood_chemistry type SurfaceForm
Rule_724	?a type ClinicalProcedure => ?a type SurfaceForm	participation_in_all_recreational_sports type ClinicalProcedure => participation_in_all_recreational_sports type SurfaceForm
Rule_724	?a type ClinicalProcedure => ?a type SurfaceForm	patient-centered_counseling type ClinicalProcedure => patient-centered_counseling type SurfaceForm
Rule_724	?a type ClinicalProcedure => ?a type SurfaceForm	peak_flow-based_self-management type ClinicalProcedure => peak_flow-based_self-management type SurfaceForm
Rule_724	?a type ClinicalProcedure => ?a type SurfaceForm	external_defibrillation type ClinicalProcedure => external_defibrillation type SurfaceForm
Rule_724	?a type ClinicalProcedure => ?a type SurfaceForm	dynamic_exercise type ClinicalProcedure => dynamic_exercise type SurfaceForm
Rule_724	?a type ClinicalProcedure => ?a type SurfaceForm	breakfast_cereal type ClinicalProcedure => breakfast_cereal type SurfaceForm
Rule_724	?a type ClinicalProcedure => ?a type SurfaceForm	provide_multimodal_behavioural_interventions,_integrating_health_education,_physical_exercise_and_psychological_therapy,_for_psrfs_and_coping_with_illness type ClinicalProcedure => provide_multimodal_behavioural_interventions,_integrating_health_education,_physical_exercise_and_psychological_therapy,_for_psrfs_and_coping_with_illness type SurfaceForm
Rule_724	?a type ClinicalProcedure => ?a type SurfaceForm	communication_and_patient-caregiver_engagement_techniques type ClinicalProcedure => communication_and_patient-caregiver_engagement_techniques type SurfaceForm
Rule_724	?a type ClinicalProcedure => ?a type SurfaceForm	minimization_of_unnecessary_ventricular_pacing_through_programming type ClinicalProcedure => minimization_of_unnecessary_ventricular_pacing_through_programming type SurfaceForm
Rule_724	?a type ClinicalProcedure => ?a type SurfaceForm	gdmt type ClinicalProcedure => gdmt type SurfaceForm
Rule_724	?a type ClinicalProcedure => ?a type SurfaceForm	delivery type ClinicalProcedure => delivery type SurfaceForm
Rule_724	?a type ClinicalProcedure => ?a type SurfaceForm	cardiac_catheterization type ClinicalProcedure => cardiac_catheterization type SurfaceForm
Rule_724	?a type ClinicalProcedure => ?a type SurfaceForm	comprehensive_hf_disease_management type ClinicalProcedure => comprehensive_hf_disease_management type SurfaceForm
Rule_724	?a type ClinicalProcedure => ?a type SurfaceForm	mediterranean_style_diet type ClinicalProcedure => mediterranean_style_diet type SurfaceForm
Rule_724	?a type ClinicalProcedure => ?a type SurfaceForm	daily_awakening_and_spontaneous_breathing_trials type ClinicalProcedure => daily_awakening_and_spontaneous_breathing_trials type SurfaceForm
Rule_724	?a type ClinicalProcedure => ?a type SurfaceForm	atrial_fibrillation_ablation type ClinicalProcedure => atrial_fibrillation_ablation type SurfaceForm
Rule_724	?a type ClinicalProcedure => ?a type SurfaceForm	anticoagulation type ClinicalProcedure => anticoagulation type SurfaceForm
Rule_724	?a type ClinicalProcedure => ?a type SurfaceForm	cardiac_sympathetic_denervation type ClinicalProcedure => cardiac_sympathetic_denervation type SurfaceForm
Rule_724	?a type ClinicalProcedure => ?a type SurfaceForm	supportive_counseling type ClinicalProcedure => supportive_counseling type SurfaceForm
Rule_724	?a type ClinicalProcedure => ?a type SurfaceForm	dietary_goals_and_how_to_attain_them;_salt,_lipid_and_water_content_of_common_foods type ClinicalProcedure => dietary_goals_and_how_to_attain_them;_salt,_lipid_and_water_content_of_common_foods type SurfaceForm
Rule_724	?a type ClinicalProcedure => ?a type SurfaceForm	intubation type ClinicalProcedure => intubation type SurfaceForm
Rule_724	?a type ClinicalProcedure => ?a type SurfaceForm	clinical_evaluation type ClinicalProcedure => clinical_evaluation type SurfaceForm
Rule_724	?a type ClinicalProcedure => ?a type SurfaceForm	education:_evaluation_of_literacy_level_and_type_of_communication_needed;_clear,_comprehensible_information_on_the_basic_purpose_of_the_cr_programme_and_the_role_of_each_component;_information_and_education_on_perception_of_disease,_empowerment_and_self-management;_information_and_motivation_on_target_lifestyle_modifications_and_pharmacological_treatment_targets._personal_rehabilitation_goals_(apart_from_what_professionals_set_as_a_target)_possibly_added type ClinicalProcedure => education:_evaluation_of_literacy_level_and_type_of_communication_needed;_clear,_comprehensible_information_on_the_basic_purpose_of_the_cr_programme_and_the_role_of_each_component;_information_and_education_on_perception_of_disease,_empowerment_and_self-management;_information_and_motivation_on_target_lifestyle_modifications_and_pharmacological_treatment_targets._personal_rehabilitation_goals_(apart_from_what_professionals_set_as_a_target)_possibly_added type SurfaceForm
Rule_724	?a type ClinicalProcedure => ?a type SurfaceForm	explore_motivation_and_opportunities_to_increase_the_pa_level type ClinicalProcedure => explore_motivation_and_opportunities_to_increase_the_pa_level type SurfaceForm
Rule_724	?a type ClinicalProcedure => ?a type SurfaceForm	durable_lvad_implantation type ClinicalProcedure => durable_lvad_implantation type SurfaceForm
Rule_724	?a type ClinicalProcedure => ?a type SurfaceForm	evaluation_for_clinical_manifestations_of_hf_with_a_routine_history_and_physical_examination type ClinicalProcedure => evaluation_for_clinical_manifestations_of_hf_with_a_routine_history_and_physical_examination type SurfaceForm
Rule_724	?a type ClinicalProcedure => ?a type SurfaceForm	simplify_medication_regimens_whenever_possible type ClinicalProcedure => simplify_medication_regimens_whenever_possible type SurfaceForm
Rule_724	?a type ClinicalProcedure => ?a type SurfaceForm	upgrade_to_crt type ClinicalProcedure => upgrade_to_crt type SurfaceForm
Rule_724	?a type ClinicalProcedure => ?a type SurfaceForm	care_plan type ClinicalProcedure => care_plan type SurfaceForm
Rule_724	?a type ClinicalProcedure => ?a type SurfaceForm	providing_a_hands-on_education_session_with_the_rm_device type ClinicalProcedure => providing_a_hands-on_education_session_with_the_rm_device type SurfaceForm
Rule_724	?a type ClinicalProcedure => ?a type SurfaceForm	excessive_salt_intake type ClinicalProcedure => excessive_salt_intake type SurfaceForm
Rule_724	?a type ClinicalProcedure => ?a type SurfaceForm	emergency_management_system type ClinicalProcedure => emergency_management_system type SurfaceForm
Rule_724	?a type ClinicalProcedure => ?a type SurfaceForm	dialysis type ClinicalProcedure => dialysis type SurfaceForm
Rule_724	?a type ClinicalProcedure => ?a type SurfaceForm	treatment_interventions type ClinicalProcedure => treatment_interventions type SurfaceForm
Rule_724	?a type ClinicalProcedure => ?a type SurfaceForm	multidisciplinary_shared_decision-making type ClinicalProcedure => multidisciplinary_shared_decision-making type SurfaceForm
Rule_724	?a type ClinicalProcedure => ?a type SurfaceForm	in_patients_who_are_candidates_for_an_icd_and_who_have_crt_indication,_implantation_of_a_crt-d type ClinicalProcedure => in_patients_who_are_candidates_for_an_icd_and_who_have_crt_indication,_implantation_of_a_crt-d type SurfaceForm
Rule_724	?a type ClinicalProcedure => ?a type SurfaceForm	device_programming type ClinicalProcedure => device_programming type SurfaceForm
Rule_724	?a type ClinicalProcedure => ?a type SurfaceForm	multidisciplinary_management_strategies type ClinicalProcedure => multidisciplinary_management_strategies type SurfaceForm
Rule_724	?a type ClinicalProcedure => ?a type SurfaceForm	regular_exercise,_through_cardiac_rehabilitation,_combining_moderate-intensity_aerobic_and_resistance_exercise type ClinicalProcedure => regular_exercise,_through_cardiac_rehabilitation,_combining_moderate-intensity_aerobic_and_resistance_exercise type SurfaceForm
Rule_724	?a type ClinicalProcedure => ?a type SurfaceForm	offer_nicotine_replacement_therapy_and/or_bupropion,_varenicline type ClinicalProcedure => offer_nicotine_replacement_therapy_and/or_bupropion,_varenicline type SurfaceForm
Rule_724	?a type ClinicalProcedure => ?a type SurfaceForm	natriuretic_peptide_biomarker-based_screening type ClinicalProcedure => natriuretic_peptide_biomarker-based_screening type SurfaceForm
Rule_724	?a type ClinicalProcedure => ?a type SurfaceForm	smoking_of_tobacco type ClinicalProcedure => smoking_of_tobacco type SurfaceForm
Rule_724	?a type ClinicalProcedure => ?a type SurfaceForm	care_of_the_patient_with_heart_failure type ClinicalProcedure => care_of_the_patient_with_heart_failure type SurfaceForm
Rule_724	?a type ClinicalProcedure => ?a type SurfaceForm	consider_treating_with_patiromer_(note:_data_regarding_clinical_outcomes_are_pending_%5Bnct03888066%5D)_or_sodium_zirconium_cyclosilicate type ClinicalProcedure => consider_treating_with_patiromer_(note:_data_regarding_clinical_outcomes_are_pending_%5Bnct03888066%5D)_or_sodium_zirconium_cyclosilicate type SurfaceForm
Rule_724	?a type ClinicalProcedure => ?a type SurfaceForm	time:_at_least_20%E2%80%9330_min_(preferably_45%E2%80%9360_min)_per_session type ClinicalProcedure => time:_at_least_20%E2%80%9330_min_(preferably_45%E2%80%9360_min)_per_session type SurfaceForm
Rule_724	?a type ClinicalProcedure => ?a type SurfaceForm	medication_and_dietary_compliance type ClinicalProcedure => medication_and_dietary_compliance type SurfaceForm
Rule_724	?a type ClinicalProcedure => ?a type SurfaceForm	disease-modifying_pharmacological_and_device_therapy type ClinicalProcedure => disease-modifying_pharmacological_and_device_therapy type SurfaceForm
Rule_724	?a type ClinicalProcedure => ?a type SurfaceForm	review_and_react_to_high-priority_alerts type ClinicalProcedure => review_and_react_to_high-priority_alerts type SurfaceForm
Rule_724	?a type ClinicalProcedure => ?a type SurfaceForm	details_regarding_medication,_dietary_sodium_restriction,_and_recommended_activity_level type ClinicalProcedure => details_regarding_medication,_dietary_sodium_restriction,_and_recommended_activity_level type SurfaceForm
Rule_724	?a type ClinicalProcedure => ?a type SurfaceForm	consider_referral_to_sleep_medicine_specialist type ClinicalProcedure => consider_referral_to_sleep_medicine_specialist type SurfaceForm
Rule_724	?a type ClinicalProcedure => ?a type SurfaceForm	routine_collection_of_other_potential_modifiers type ClinicalProcedure => routine_collection_of_other_potential_modifiers type SurfaceForm
Rule_724	?a type ClinicalProcedure => ?a type SurfaceForm	when_appropriate,_provide_vocational_reintegration/return_to_work_strategies_of_patients_after_an_acute_cardiac_event type ClinicalProcedure => when_appropriate,_provide_vocational_reintegration/return_to_work_strategies_of_patients_after_an_acute_cardiac_event type SurfaceForm
Rule_724	?a type ClinicalProcedure => ?a type SurfaceForm	assessment_for_psrfs:_low_socio-economic_status,_lack_of_social_support,_stress_at_work_and_in_family_life,_posttraumatic_stress,_hostility,_social_isolation,_cognitive_impairment,_depression,_anxiety_and_other_mental_disorders. type ClinicalProcedure => assessment_for_psrfs:_low_socio-economic_status,_lack_of_social_support,_stress_at_work_and_in_family_life,_posttraumatic_stress,_hostility,_social_isolation,_cognitive_impairment,_depression,_anxiety_and_other_mental_disorders. type SurfaceForm
Rule_724	?a type ClinicalProcedure => ?a type SurfaceForm	surgery type ClinicalProcedure => surgery type SurfaceForm
Rule_724	?a type ClinicalProcedure => ?a type SurfaceForm	stay_as_active_as_their_abilities_and_health_condition_allow type ClinicalProcedure => stay_as_active_as_their_abilities_and_health_condition_allow type SurfaceForm
Rule_724	?a type ClinicalProcedure => ?a type SurfaceForm	monitor_response_to_iv_therapies type ClinicalProcedure => monitor_response_to_iv_therapies type SurfaceForm
Rule_724	?a type ClinicalProcedure => ?a type SurfaceForm	participation_in_leisure-time_or_competitive_sports type ClinicalProcedure => participation_in_leisure-time_or_competitive_sports type SurfaceForm
Rule_724	?a type ClinicalProcedure => ?a type SurfaceForm	measures_to_prevent_subsequent_inappropriate_therapy type ClinicalProcedure => measures_to_prevent_subsequent_inappropriate_therapy type SurfaceForm
Rule_724	?a type ClinicalProcedure => ?a type SurfaceForm	assess_hemodynamic_congestion type ClinicalProcedure => assess_hemodynamic_congestion type SurfaceForm
Rule_724	?a type ClinicalProcedure => ?a type SurfaceForm	icd_therapy type ClinicalProcedure => icd_therapy type SurfaceForm
Rule_724	?a type ClinicalProcedure => ?a type SurfaceForm	participation_in_high-intensity_exercise_(including_recreational_and_competitive_sports) type ClinicalProcedure => participation_in_high-intensity_exercise_(including_recreational_and_competitive_sports) type SurfaceForm
Rule_724	?a type ClinicalProcedure => ?a type SurfaceForm	balance_and_coordination_activities_%E2%80%A2_tai_chi_%E2%80%A2_yoga_%E2%80%A2_recreational_activities_using_paddles/sport_balls_to_challenge_hand%E2%80%93eye_coordination_%E2%80%A2_active-play_video_gaming_and_interactive_computer_games type ClinicalProcedure => balance_and_coordination_activities_%E2%80%A2_tai_chi_%E2%80%A2_yoga_%E2%80%A2_recreational_activities_using_paddles/sport_balls_to_challenge_hand%E2%80%93eye_coordination_%E2%80%A2_active-play_video_gaming_and_interactive_computer_games type SurfaceForm
Rule_724	?a type ClinicalProcedure => ?a type SurfaceForm	diuresis type ClinicalProcedure => diuresis type SurfaceForm
Rule_724	?a type ClinicalProcedure => ?a type SurfaceForm	medically_supervised,_structured,_comprehensive,_multidisciplinary_ebcr_and_prevention_programme type ClinicalProcedure => medically_supervised,_structured,_comprehensive,_multidisciplinary_ebcr_and_prevention_programme type SurfaceForm
Rule_724	?a type ClinicalProcedure => ?a type SurfaceForm	deep_sedation type ClinicalProcedure => deep_sedation type SurfaceForm
Rule_724	?a type ClinicalProcedure => ?a type SurfaceForm	the_icd_will_need_to_be_replaced type ClinicalProcedure => the_icd_will_need_to_be_replaced type SurfaceForm
Rule_724	?a type ClinicalProcedure => ?a type SurfaceForm	individualized_education_and_counseling_that_emphasizes_self-care type ClinicalProcedure => individualized_education_and_counseling_that_emphasizes_self-care type SurfaceForm
Rule_724	?a type ClinicalProcedure => ?a type SurfaceForm	urinary_analysis type ClinicalProcedure => urinary_analysis type SurfaceForm
Rule_724	?a type ClinicalProcedure => ?a type SurfaceForm	behavioural_and_nutritional_counselling type ClinicalProcedure => behavioural_and_nutritional_counselling type SurfaceForm
Rule_724	?a type ClinicalProcedure => ?a type SurfaceForm	treat_according_to_current_aha/acc_guidelines_on_the_management_of_blood_cholesterol_(165)_and_the_acc_ecdp_on_the_role_of_non-statin_therapies_for_ldl-cholesterol_lowering_in_the_management_of_ascvd_risk_(166) type ClinicalProcedure => treat_according_to_current_aha/acc_guidelines_on_the_management_of_blood_cholesterol_(165)_and_the_acc_ecdp_on_the_role_of_non-statin_therapies_for_ldl-cholesterol_lowering_in_the_management_of_ascvd_risk_(166) type SurfaceForm
Rule_724	?a type ClinicalProcedure => ?a type SurfaceForm	genetic_counseling_and_testing type ClinicalProcedure => genetic_counseling_and_testing type SurfaceForm
Rule_724	?a type ClinicalProcedure => ?a type SurfaceForm	potential_coronary_revascularization type ClinicalProcedure => potential_coronary_revascularization type SurfaceForm
Rule_724	?a type ClinicalProcedure => ?a type SurfaceForm	eligibility_for_competitive_sports_involving_low-_and_moderate-intensity_exercise type ClinicalProcedure => eligibility_for_competitive_sports_involving_low-_and_moderate-intensity_exercise type SurfaceForm
Rule_724	?a type ClinicalProcedure => ?a type SurfaceForm	cardiac_stress_imaging type ClinicalProcedure => cardiac_stress_imaging type SurfaceForm
Rule_724	?a type ClinicalProcedure => ?a type SurfaceForm	it type ClinicalProcedure => it type SurfaceForm
Rule_724	?a type ClinicalProcedure => ?a type SurfaceForm	low_salt_intake type ClinicalProcedure => low_salt_intake type SurfaceForm
Rule_724	?a type ClinicalProcedure => ?a type SurfaceForm	identify_malabsorption_history type ClinicalProcedure => identify_malabsorption_history type SurfaceForm
Rule_724	?a type ClinicalProcedure => ?a type SurfaceForm	endurance_(interval_training),_resistance_exercise_(especially_lower_body_exercise),_breathing_exercise_and_instruction_into_postures_to_help_shift_and_cough_up_phlegm type ClinicalProcedure => endurance_(interval_training),_resistance_exercise_(especially_lower_body_exercise),_breathing_exercise_and_instruction_into_postures_to_help_shift_and_cough_up_phlegm type SurfaceForm
Rule_724	?a type ClinicalProcedure => ?a type SurfaceForm	ultrasound-guided_central_line_placement type ClinicalProcedure => ultrasound-guided_central_line_placement type SurfaceForm
Rule_724	?a type ClinicalProcedure => ?a type SurfaceForm	elective_instrumental_delivery type ClinicalProcedure => elective_instrumental_delivery type SurfaceForm
Rule_724	?a type ClinicalProcedure => ?a type SurfaceForm	sport type ClinicalProcedure => sport type SurfaceForm
Rule_724	?a type ClinicalProcedure => ?a type SurfaceForm	triage_to_centers_that_can_provide_temporary_mcs type ClinicalProcedure => triage_to_centers_that_can_provide_temporary_mcs type SurfaceForm
Rule_724	?a type ClinicalProcedure => ?a type SurfaceForm	heart_transplantation type ClinicalProcedure => heart_transplantation type SurfaceForm
Rule_724	?a type ClinicalProcedure => ?a type SurfaceForm	dental_hygiene type ClinicalProcedure => dental_hygiene type SurfaceForm
Rule_724	?a type ClinicalProcedure => ?a type SurfaceForm	hf_specialty_care type ClinicalProcedure => hf_specialty_care type SurfaceForm
Rule_724	?a type ClinicalProcedure => ?a type SurfaceForm	ventricular_pacing_with_rate_response_function type ClinicalProcedure => ventricular_pacing_with_rate_response_function type SurfaceForm
Rule_724	?a type ClinicalProcedure => ?a type SurfaceForm	abstention type ClinicalProcedure => abstention type SurfaceForm
Rule_724	?a type ClinicalProcedure => ?a type SurfaceForm	clinical_observation type ClinicalProcedure => clinical_observation type SurfaceForm
Rule_724	?a type ClinicalProcedure => ?a type SurfaceForm	mri type ClinicalProcedure => mri type SurfaceForm
Rule_724	?a type ClinicalProcedure => ?a type SurfaceForm	magnesium_repletion type ClinicalProcedure => magnesium_repletion type SurfaceForm
Rule_724	?a type ClinicalProcedure => ?a type SurfaceForm	during_the_initial_phases_(duration_based_on_individual_features)_supervised,_in-hospital_exercise_training_programme_may_be_recommended,_especially,_to_verify_individual_responses_and_tolerability,_clinical_stability,_and_promptly_identify_signs_and_symptoms_indicating_to_modify_or_terminate_the_programme._the_supervision_should_include_physical_examination,_monitoring_of_hr,_bp_and_rhythm_before,_during_and_after_exercise_training._the_supervised_period_should_be_prolonged_in_patients_with_new_symptoms,_signs,_bp_abnormalities_and_increased_supraventricular_or_ventricular_ectopy_during_exercise type ClinicalProcedure => during_the_initial_phases_(duration_based_on_individual_features)_supervised,_in-hospital_exercise_training_programme_may_be_recommended,_especially,_to_verify_individual_responses_and_tolerability,_clinical_stability,_and_promptly_identify_signs_and_symptoms_indicating_to_modify_or_terminate_the_programme._the_supervision_should_include_physical_examination,_monitoring_of_hr,_bp_and_rhythm_before,_during_and_after_exercise_training._the_supervised_period_should_be_prolonged_in_patients_with_new_symptoms,_signs,_bp_abnormalities_and_increased_supraventricular_or_ventricular_ectopy_during_exercise type SurfaceForm
Rule_724	?a type ClinicalProcedure => ?a type SurfaceForm	action_plan type ClinicalProcedure => action_plan type SurfaceForm
Rule_724	?a type ClinicalProcedure => ?a type SurfaceForm	saturated_fatty_acid type ClinicalProcedure => saturated_fatty_acid type SurfaceForm
Rule_724	?a type ClinicalProcedure => ?a type SurfaceForm	autopsy type ClinicalProcedure => autopsy type SurfaceForm
Rule_724	?a type ClinicalProcedure => ?a type SurfaceForm	mhealth_interventions type ClinicalProcedure => mhealth_interventions type SurfaceForm
Rule_724	?a type ClinicalProcedure => ?a type SurfaceForm	close_contact_with_the_device type ClinicalProcedure => close_contact_with_the_device type SurfaceForm
Rule_724	?a type ClinicalProcedure => ?a type SurfaceForm	in_crt_candidates_in_whom_coronary_sinus_lead_implantation_is_unsuccessful,_hbp type ClinicalProcedure => in_crt_candidates_in_whom_coronary_sinus_lead_implantation_is_unsuccessful,_hbp type SurfaceForm
Rule_724	?a type ClinicalProcedure => ?a type SurfaceForm	sustained_aerobic_activity type ClinicalProcedure => sustained_aerobic_activity type SurfaceForm
Rule_724	?a type ClinicalProcedure => ?a type SurfaceForm	connect_patients_with_community_partners_such_as_food_pantries/_food_banks type ClinicalProcedure => connect_patients_with_community_partners_such_as_food_pantries/_food_banks type SurfaceForm
Rule_724	?a type ClinicalProcedure => ?a type SurfaceForm	vigorous-intensity_aerobic_pa type ClinicalProcedure => vigorous-intensity_aerobic_pa type SurfaceForm
Rule_724	?a type ClinicalProcedure => ?a type SurfaceForm	a_variety_of_options_for_learning_about_hf type ClinicalProcedure => a_variety_of_options_for_learning_about_hf type SurfaceForm
Rule_724	?a type ClinicalProcedure => ?a type SurfaceForm	haemodialysis type ClinicalProcedure => haemodialysis type SurfaceForm
Rule_724	?a type ClinicalProcedure => ?a type SurfaceForm	treat_according_to_current_asa/aha_guidelines_for_the_early_management_of_patients_with_acute_ischemic_stroke_(168) type ClinicalProcedure => treat_according_to_current_asa/aha_guidelines_for_the_early_management_of_patients_with_acute_ischemic_stroke_(168) type SurfaceForm
Rule_724	?a type ClinicalProcedure => ?a type SurfaceForm	measure_bp_1_min_and_3_min_after_standing_from_the_seated_position_in_all_patients_at_the_first_measurement_to_exclude_orthostatic_hypotension. type ClinicalProcedure => measure_bp_1_min_and_3_min_after_standing_from_the_seated_position_in_all_patients_at_the_first_measurement_to_exclude_orthostatic_hypotension. type SurfaceForm
Rule_724	?a type ClinicalProcedure => ?a type SurfaceForm	defibrillation_capabilities type ClinicalProcedure => defibrillation_capabilities type SurfaceForm
Rule_724	?a type ClinicalProcedure => ?a type SurfaceForm	substitute_for_disease-related_recommendations type ClinicalProcedure => substitute_for_disease-related_recommendations type SurfaceForm
Rule_724	?a type ClinicalProcedure => ?a type SurfaceForm	optimal_catheter_site_selection_(avoidance_of_femoral_approach) type ClinicalProcedure => optimal_catheter_site_selection_(avoidance_of_femoral_approach) type SurfaceForm
Rule_724	?a type ClinicalProcedure => ?a type SurfaceForm	diagnosis_of_lvnc type ClinicalProcedure => diagnosis_of_lvnc type SurfaceForm
Rule_724	?a type ClinicalProcedure => ?a type SurfaceForm	tailored_interventions type ClinicalProcedure => tailored_interventions type SurfaceForm
Rule_724	?a type ClinicalProcedure => ?a type SurfaceForm	unsalted_nuts type ClinicalProcedure => unsalted_nuts type SurfaceForm
Rule_724	?a type ClinicalProcedure => ?a type SurfaceForm	recommend_dietary_modifications type ClinicalProcedure => recommend_dietary_modifications type SurfaceForm
Rule_724	?a type ClinicalProcedure => ?a type SurfaceForm	crt_implantation type ClinicalProcedure => crt_implantation type SurfaceForm
Rule_724	?a type ClinicalProcedure => ?a type SurfaceForm	document_(where_feasible)_hemodynamic_status,_transthoracic_impedance,_patient_activity_and_other_physiologic_parameters_over_time_as_part_of_chronic_disease_monitoring_in_heart_failure type ClinicalProcedure => document_(where_feasible)_hemodynamic_status,_transthoracic_impedance,_patient_activity_and_other_physiologic_parameters_over_time_as_part_of_chronic_disease_monitoring_in_heart_failure type SurfaceForm
Rule_724	?a type ClinicalProcedure => ?a type SurfaceForm	assessment type ClinicalProcedure => assessment type SurfaceForm
Rule_724	?a type ClinicalProcedure => ?a type SurfaceForm	referral_to_social_work_services type ClinicalProcedure => referral_to_social_work_services type SurfaceForm
Rule_724	?a type ClinicalProcedure => ?a type SurfaceForm	implantation_of_a_true_bipolar_lead type ClinicalProcedure => implantation_of_a_true_bipolar_lead type SurfaceForm
Rule_724	?a type ClinicalProcedure => ?a type SurfaceForm	intake_of_food_rich_in_potassium_(e.g._fresh_fruits,_nuts,_fruit_juice) type ClinicalProcedure => intake_of_food_rich_in_potassium_(e.g._fresh_fruits,_nuts,_fruit_juice) type SurfaceForm
Rule_724	?a type ClinicalProcedure => ?a type SurfaceForm	referral_to_local_housing_services type ClinicalProcedure => referral_to_local_housing_services type SurfaceForm
Rule_724	?a type ClinicalProcedure => ?a type SurfaceForm	high-intensity_statin_plus_ezetimibe type ClinicalProcedure => high-intensity_statin_plus_ezetimibe type SurfaceForm
Rule_724	?a type ClinicalProcedure => ?a type SurfaceForm	a_baseline_cv_risk_assessment type ClinicalProcedure => a_baseline_cv_risk_assessment type SurfaceForm
Rule_724	?a type ClinicalProcedure => ?a type SurfaceForm	wireless_monitoring_of_the_pa_pressure_by_an_implanted_hemodynamic_monitor type ClinicalProcedure => wireless_monitoring_of_the_pa_pressure_by_an_implanted_hemodynamic_monitor type SurfaceForm
Rule_724	?a type ClinicalProcedure => ?a type SurfaceForm	lifestyle_changes_including_smoking_cessation,_a_low_saturated_fat,_high-fibre_diet,_aerobic_pa,_and_strength_training type ClinicalProcedure => lifestyle_changes_including_smoking_cessation,_a_low_saturated_fat,_high-fibre_diet,_aerobic_pa,_and_strength_training type SurfaceForm
Rule_724	?a type ClinicalProcedure => ?a type SurfaceForm	screening_for_sas type ClinicalProcedure => screening_for_sas type SurfaceForm
Rule_724	?a type ClinicalProcedure => ?a type SurfaceForm	plan_home-based_nursing_visits_for_appropriate_patients type ClinicalProcedure => plan_home-based_nursing_visits_for_appropriate_patients type SurfaceForm
Rule_724	?a type ClinicalProcedure => ?a type SurfaceForm	weight_loss type ClinicalProcedure => weight_loss type SurfaceForm
Rule_724	?a type ClinicalProcedure => ?a type SurfaceForm	offer_lifestyle_intervention_in_high-normal_bp_and_grade_1%E2%80%932%E2%80%933_hypertension type ClinicalProcedure => offer_lifestyle_intervention_in_high-normal_bp_and_grade_1%E2%80%932%E2%80%933_hypertension type SurfaceForm
Rule_724	?a type ClinicalProcedure => ?a type SurfaceForm	referral_to_a_psychotherapist type ClinicalProcedure => referral_to_a_psychotherapist type SurfaceForm
Rule_724	?a type ClinicalProcedure => ?a type SurfaceForm	termination type ClinicalProcedure => termination type SurfaceForm
Rule_724	?a type ClinicalProcedure => ?a type SurfaceForm	ambulation type ClinicalProcedure => ambulation type SurfaceForm
Rule_724	?a type ClinicalProcedure => ?a type SurfaceForm	participation_in_regular_moderate_exercise type ClinicalProcedure => participation_in_regular_moderate_exercise type SurfaceForm
Rule_724	?a type ClinicalProcedure => ?a type SurfaceForm	in_selected_patients_with_avb_in_context_of_anterior_wall_mi_and_acute_hf,_early_device_implantation_(crt-d/crt-p) type ClinicalProcedure => in_selected_patients_with_avb_in_context_of_anterior_wall_mi_and_acute_hf,_early_device_implantation_(crt-d/crt-p) type SurfaceForm
Rule_724	?a type ClinicalProcedure => ?a type SurfaceForm	electrical_cardioversion type ClinicalProcedure => electrical_cardioversion type SurfaceForm
Rule_724	?a type ClinicalProcedure => ?a type SurfaceForm	laboratory_exams type ClinicalProcedure => laboratory_exams type SurfaceForm
Rule_724	?a type ClinicalProcedure => ?a type SurfaceForm	high-intensity_interval_training_programmes type ClinicalProcedure => high-intensity_interval_training_programmes type SurfaceForm
Rule_724	?a type ClinicalProcedure => ?a type SurfaceForm	consumption_of_alcoholic_beverages_should_be_limited_to_two_glasses_per_day_(20_g/day_of_alcohol)_for_men_and_one_glass_per_day_(10_g/day_of_alcohol)_for_women. type ClinicalProcedure => consumption_of_alcoholic_beverages_should_be_limited_to_two_glasses_per_day_(20_g/day_of_alcohol)_for_men_and_one_glass_per_day_(10_g/day_of_alcohol)_for_women. type SurfaceForm
Rule_724	?a type ClinicalProcedure => ?a type SurfaceForm	investigated_for_ascvd_and_ascvd_risk_factors type ClinicalProcedure => investigated_for_ascvd_and_ascvd_risk_factors type SurfaceForm
Rule_724	?a type ClinicalProcedure => ?a type SurfaceForm	mechanical_circulatory_support type ClinicalProcedure => mechanical_circulatory_support type SurfaceForm
Rule_724	?a type ClinicalProcedure => ?a type SurfaceForm	continuous_monitoring type ClinicalProcedure => continuous_monitoring type SurfaceForm
Rule_724	?a type ClinicalProcedure => ?a type SurfaceForm	combined_heart-liver_or_heart-kidney_transplant type ClinicalProcedure => combined_heart-liver_or_heart-kidney_transplant type SurfaceForm
Rule_724	?a type ClinicalProcedure => ?a type SurfaceForm	read_a_food_label_to_check_sodium_amount_per_serving_and_sort_foods_into_high-_and_low-sodium_groups type ClinicalProcedure => read_a_food_label_to_check_sodium_amount_per_serving_and_sort_foods_into_high-_and_low-sodium_groups type SurfaceForm
Rule_724	?a type ClinicalProcedure => ?a type SurfaceForm	specific_antimicrobial_therapy type ClinicalProcedure => specific_antimicrobial_therapy type SurfaceForm
Rule_724	?a type ClinicalProcedure => ?a type SurfaceForm	csm type ClinicalProcedure => csm type SurfaceForm
Rule_724	?a type ClinicalProcedure => ?a type SurfaceForm	contact_a_healthcare_professional type ClinicalProcedure => contact_a_healthcare_professional type SurfaceForm
Rule_724	?a type ClinicalProcedure => ?a type SurfaceForm	bone_scintigraphy type ClinicalProcedure => bone_scintigraphy type SurfaceForm
Rule_724	?a type ClinicalProcedure => ?a type SurfaceForm	implantation_of_a_cardioverter_defibrillator type ClinicalProcedure => implantation_of_a_cardioverter_defibrillator type SurfaceForm
Rule_724	?a type ClinicalProcedure => ?a type SurfaceForm	geriatric_psychiatry_referral type ClinicalProcedure => geriatric_psychiatry_referral type SurfaceForm
Rule_724	?a type ClinicalProcedure => ?a type SurfaceForm	multidisciplinary_management type ClinicalProcedure => multidisciplinary_management type SurfaceForm
Rule_724	?a type ClinicalProcedure => ?a type SurfaceForm	all_ventricular_shock_therapies type ClinicalProcedure => all_ventricular_shock_therapies type SurfaceForm
Rule_724	?a type ClinicalProcedure => ?a type SurfaceForm	a_period_of_clinical_observation_for_at_least_5_days type ClinicalProcedure => a_period_of_clinical_observation_for_at_least_5_days type SurfaceForm
Rule_724	?a type ClinicalProcedure => ?a type SurfaceForm	aerobic_exercise type ClinicalProcedure => aerobic_exercise type SurfaceForm
Rule_724	?a type ClinicalProcedure => ?a type SurfaceForm	maximize_pulse_generator_longevity_while_maintaining_patient_safety type ClinicalProcedure => maximize_pulse_generator_longevity_while_maintaining_patient_safety type SurfaceForm
Rule_724	?a type ClinicalProcedure => ?a type SurfaceForm	stratify_and_triage type ClinicalProcedure => stratify_and_triage type SurfaceForm
Rule_724	?a type ClinicalProcedure => ?a type SurfaceForm	adherence:_to_the_medical_regime,_adequate_lifestyle,_and_self-monitoring_(weight,_bp,_symptoms) type ClinicalProcedure => adherence:_to_the_medical_regime,_adequate_lifestyle,_and_self-monitoring_(weight,_bp,_symptoms) type SurfaceForm
Rule_724	?a type ClinicalProcedure => ?a type SurfaceForm	nutritional_support type ClinicalProcedure => nutritional_support type SurfaceForm
Rule_724	?a type ClinicalProcedure => ?a type SurfaceForm	ambulatory_electrocardiographic_monitoring type ClinicalProcedure => ambulatory_electrocardiographic_monitoring type SurfaceForm
Rule_724	?a type ClinicalProcedure => ?a type SurfaceForm	2%E2%80%933_g/d_strength_of_evidence_=_fair type ClinicalProcedure => 2%E2%80%933_g/d_strength_of_evidence_=_fair type SurfaceForm
Rule_724	?a type ClinicalProcedure => ?a type SurfaceForm	dietary_modification type ClinicalProcedure => dietary_modification type SurfaceForm
Rule_724	?a type ClinicalProcedure => ?a type SurfaceForm	non-invasive_positive_pressure_ventilation type ClinicalProcedure => non-invasive_positive_pressure_ventilation type SurfaceForm
Rule_724	?a type ClinicalProcedure => ?a type SurfaceForm	%E2%89%A5200_g_of_fruit_per_day_(2%E2%80%933_servings) type ClinicalProcedure => %E2%89%A5200_g_of_fruit_per_day_(2%E2%80%933_servings) type SurfaceForm
Rule_724	?a type ClinicalProcedure => ?a type SurfaceForm	cardiac_surgery type ClinicalProcedure => cardiac_surgery type SurfaceForm
Rule_724	?a type ClinicalProcedure => ?a type SurfaceForm	%3C5_g_of_salt_per_day type ClinicalProcedure => %3C5_g_of_salt_per_day type SurfaceForm
Rule_724	?a type ClinicalProcedure => ?a type SurfaceForm	advance_care_planning type ClinicalProcedure => advance_care_planning type SurfaceForm
Rule_724	?a type ClinicalProcedure => ?a type SurfaceForm	in_patients_with_recurrent_unexplained_falls,_the_same_assessment_as_for_unexplained_syncope type ClinicalProcedure => in_patients_with_recurrent_unexplained_falls,_the_same_assessment_as_for_unexplained_syncope type SurfaceForm
Rule_724	?a type ClinicalProcedure => ?a type SurfaceForm	caloric_supplementation type ClinicalProcedure => caloric_supplementation type SurfaceForm
Rule_724	?a type ClinicalProcedure => ?a type SurfaceForm	evaluation_and_appropriate_treatment_for_residual_lesions/ventricular_dysfunction type ClinicalProcedure => evaluation_and_appropriate_treatment_for_residual_lesions/ventricular_dysfunction type SurfaceForm
Rule_724	?a type ClinicalProcedure => ?a type SurfaceForm	educate_using_practical,_patient-friendly_information type ClinicalProcedure => educate_using_practical,_patient-friendly_information type SurfaceForm
Rule_724	?a type ClinicalProcedure => ?a type SurfaceForm	no_role_of_e-cigarettes_for_smoking_cessation_(unclear_evidence_about_whether_e-cigarettes_or_other_electronic_nicotine_delivery_systems_are_useful_and_safe%3Csup%3E26%3C/sup%3E) type ClinicalProcedure => no_role_of_e-cigarettes_for_smoking_cessation_(unclear_evidence_about_whether_e-cigarettes_or_other_electronic_nicotine_delivery_systems_are_useful_and_safe%3Csup%3E26%3C/sup%3E) type SurfaceForm
Rule_724	?a type ClinicalProcedure => ?a type SurfaceForm	savr type ClinicalProcedure => savr type SurfaceForm
Rule_724	?a type ClinicalProcedure => ?a type SurfaceForm	sqts type ClinicalProcedure => sqts type SurfaceForm
Rule_724	?a type ClinicalProcedure => ?a type SurfaceForm	patient_and_family_education type ClinicalProcedure => patient_and_family_education type SurfaceForm
Rule_724	?a type ClinicalProcedure => ?a type SurfaceForm	frequency:_most_days_(at_least_3_days/week_and_preferably_6%E2%80%937_days/week)_for_aerobic_training;_2_times/week_for_resistance/strength_training type ClinicalProcedure => frequency:_most_days_(at_least_3_days/week_and_preferably_6%E2%80%937_days/week)_for_aerobic_training;_2_times/week_for_resistance/strength_training type SurfaceForm
Rule_724	?a type ClinicalProcedure => ?a type SurfaceForm	aerobic_training type ClinicalProcedure => aerobic_training type SurfaceForm
Rule_724	?a type ClinicalProcedure => ?a type SurfaceForm	alcohol_intake type ClinicalProcedure => alcohol_intake type SurfaceForm
Rule_724	?a type ClinicalProcedure => ?a type SurfaceForm	exercising_while_lying_supine_on_a_hard_surface type ClinicalProcedure => exercising_while_lying_supine_on_a_hard_surface type SurfaceForm
Rule_724	?a type ClinicalProcedure => ?a type SurfaceForm	participation_in_all_sports_activities type ClinicalProcedure => participation_in_all_sports_activities type SurfaceForm
Rule_724	?a type ClinicalProcedure => ?a type SurfaceForm	grapefruits,_pomelo,_ginger,_turmeric type ClinicalProcedure => grapefruits,_pomelo,_ginger,_turmeric type SurfaceForm
Rule_724	?a type ClinicalProcedure => ?a type SurfaceForm	epidural_analgesia type ClinicalProcedure => epidural_analgesia type SurfaceForm
Rule_724	?a type ClinicalProcedure => ?a type SurfaceForm	ablation type ClinicalProcedure => ablation type SurfaceForm
Rule_724	?a type ClinicalProcedure => ?a type SurfaceForm	diagnostic_strategies type ClinicalProcedure => diagnostic_strategies type SurfaceForm
Rule_724	?a type ClinicalProcedure => ?a type SurfaceForm	discharge_planning type ClinicalProcedure => discharge_planning type SurfaceForm
Rule_724	?a type ClinicalProcedure => ?a type SurfaceForm	sports_with_direct_bodily_contact_or_prone_to_trauma type ClinicalProcedure => sports_with_direct_bodily_contact_or_prone_to_trauma type SurfaceForm
Rule_724	?a type ClinicalProcedure => ?a type SurfaceForm	consider_intravenous_iron_replacement_for_symptom_improvement type ClinicalProcedure => consider_intravenous_iron_replacement_for_symptom_improvement type SurfaceForm
Rule_724	?a type ClinicalProcedure => ?a type SurfaceForm	prognostic_conversations type ClinicalProcedure => prognostic_conversations type SurfaceForm
Rule_724	?a type ClinicalProcedure => ?a type SurfaceForm	replacement_therapy type ClinicalProcedure => replacement_therapy type SurfaceForm
Rule_724	?a type ClinicalProcedure => ?a type SurfaceForm	palliative_care type ClinicalProcedure => palliative_care type SurfaceForm
Rule_724	?a type ClinicalProcedure => ?a type SurfaceForm	screening type ClinicalProcedure => screening type SurfaceForm
Rule_724	?a type ClinicalProcedure => ?a type SurfaceForm	rst type ClinicalProcedure => rst type SurfaceForm
Rule_724	?a type ClinicalProcedure => ?a type SurfaceForm	coronary_revascularization type ClinicalProcedure => coronary_revascularization type SurfaceForm
Rule_724	?a type ClinicalProcedure => ?a type SurfaceForm	%3C3_g/d_(class_iia)_strength_of_evidence_=_c type ClinicalProcedure => %3C3_g/d_(class_iia)_strength_of_evidence_=_c type SurfaceForm
Rule_724	?a type ClinicalProcedure => ?a type SurfaceForm	turned_off type ClinicalProcedure => turned_off type SurfaceForm
Rule_724	?a type ClinicalProcedure => ?a type SurfaceForm	regular_follow-up_controls type ClinicalProcedure => regular_follow-up_controls type SurfaceForm
Rule_724	?a type ClinicalProcedure => ?a type SurfaceForm	tailored_information type ClinicalProcedure => tailored_information type SurfaceForm
Rule_724	?a type ClinicalProcedure => ?a type SurfaceForm	continuous type ClinicalProcedure => continuous type SurfaceForm
Rule_724	?a type ClinicalProcedure => ?a type SurfaceForm	patient_dietary_intake_self-collection_and_analysis type ClinicalProcedure => patient_dietary_intake_self-collection_and_analysis type SurfaceForm
Rule_724	?a type ClinicalProcedure => ?a type SurfaceForm	changing_the_sensing_decay_algorithm type ClinicalProcedure => changing_the_sensing_decay_algorithm type SurfaceForm
Rule_724	?a type ClinicalProcedure => ?a type SurfaceForm	exercises_that_require_rapid_postural_variations type ClinicalProcedure => exercises_that_require_rapid_postural_variations type SurfaceForm
Rule_724	?a type ClinicalProcedure => ?a type SurfaceForm	treatment_of_acute_hf_in_achd_patients type ClinicalProcedure => treatment_of_acute_hf_in_achd_patients type SurfaceForm
Rule_724	?a type ClinicalProcedure => ?a type SurfaceForm	transitional_care_plan type ClinicalProcedure => transitional_care_plan type SurfaceForm
Rule_724	?a type ClinicalProcedure => ?a type SurfaceForm	intensive_sports type ClinicalProcedure => intensive_sports type SurfaceForm
Rule_724	?a type ClinicalProcedure => ?a type SurfaceForm	additional_measurements_may_have_to_be_performed_in_patients_with_unstable_bp_values_due_to_arrhythmias,_such_as_in_patients_with_af,_in_whom_manual_auscultatory_methods_should_be_used_as_most_automated_devices_have_not_been_validated_for_bp_measurement_in_af. type ClinicalProcedure => additional_measurements_may_have_to_be_performed_in_patients_with_unstable_bp_values_due_to_arrhythmias,_such_as_in_patients_with_af,_in_whom_manual_auscultatory_methods_should_be_used_as_most_automated_devices_have_not_been_validated_for_bp_measurement_in_af. type SurfaceForm
Rule_724	?a type ClinicalProcedure => ?a type SurfaceForm	endurance_exercise type ClinicalProcedure => endurance_exercise type SurfaceForm
Rule_724	?a type ClinicalProcedure => ?a type SurfaceForm	en_delivery type ClinicalProcedure => en_delivery type SurfaceForm
Rule_724	?a type ClinicalProcedure => ?a type SurfaceForm	in_patients_with_sarcoidosis_and_indication_for_permanent_pacing_who_have_lvef_%3C50%25,_implantation_of_a_crt-d type ClinicalProcedure => in_patients_with_sarcoidosis_and_indication_for_permanent_pacing_who_have_lvef_%3C50%25,_implantation_of_a_crt-d type SurfaceForm
Rule_724	?a type ClinicalProcedure => ?a type SurfaceForm	reasonable_as_adjuvant_therapy_for_hfref_nyha_ii%E2%80%93iv_strength_of_evidence_=_b type ClinicalProcedure => reasonable_as_adjuvant_therapy_for_hfref_nyha_ii%E2%80%93iv_strength_of_evidence_=_b type SurfaceForm
Rule_724	?a type ClinicalProcedure => ?a type SurfaceForm	avoidance_of_overweight type ClinicalProcedure => avoidance_of_overweight type SurfaceForm
Rule_724	?a type ClinicalProcedure => ?a type SurfaceForm	vigilant_follow-up type ClinicalProcedure => vigilant_follow-up type SurfaceForm
Rule_724	?a type ClinicalProcedure => ?a type SurfaceForm	exercise-based_cardiac_rehabilitation type ClinicalProcedure => exercise-based_cardiac_rehabilitation type SurfaceForm
Rule_724	?a type ClinicalProcedure => ?a type SurfaceForm	av_node_catheter_ablation type ClinicalProcedure => av_node_catheter_ablation type SurfaceForm
Rule_724	?a type ClinicalProcedure => ?a type SurfaceForm	individualized_recommendations type ClinicalProcedure => individualized_recommendations type SurfaceForm
Rule_724	?a type ClinicalProcedure => ?a type SurfaceForm	participation_in_high-intensity_exercise_or_competitive_sports type ClinicalProcedure => participation_in_high-intensity_exercise_or_competitive_sports type SurfaceForm
Rule_724	?a type ClinicalProcedure => ?a type SurfaceForm	adapt_caloric_intake_to_the_expected_consumption_during_intensive_phase_ii_exercise_training type ClinicalProcedure => adapt_caloric_intake_to_the_expected_consumption_during_intensive_phase_ii_exercise_training type SurfaceForm
Rule_724	?a type ClinicalProcedure => ?a type SurfaceForm	electrophysiological_study type ClinicalProcedure => electrophysiological_study type SurfaceForm
Rule_724	?a type ClinicalProcedure => ?a type SurfaceForm	referral_to_social_work_services_and_community_support_partners type ClinicalProcedure => referral_to_social_work_services_and_community_support_partners type SurfaceForm
Rule_724	?a type ClinicalProcedure => ?a type SurfaceForm	physical_activity type ClinicalProcedure => physical_activity type SurfaceForm
Rule_724	?a type ClinicalProcedure => ?a type SurfaceForm	current_immunizations type ClinicalProcedure => current_immunizations type SurfaceForm
Rule_724	?a type ClinicalProcedure => ?a type SurfaceForm	non-competitive_(low-intensity_recreational_skill-related_sports) type ClinicalProcedure => non-competitive_(low-intensity_recreational_skill-related_sports) type SurfaceForm
Rule_724	?a type ClinicalProcedure => ?a type SurfaceForm	renal_function type ClinicalProcedure => renal_function type SurfaceForm
Rule_724	?a type ClinicalProcedure => ?a type SurfaceForm	alternatives type ClinicalProcedure => alternatives type SurfaceForm
Rule_724	?a type ClinicalProcedure => ?a type SurfaceForm	smoking_cessation type ClinicalProcedure => smoking_cessation type SurfaceForm
Rule_724	?a type ClinicalProcedure => ?a type SurfaceForm	endomyocardial_biopsy type ClinicalProcedure => endomyocardial_biopsy type SurfaceForm
Rule_724	?a type ClinicalProcedure => ?a type SurfaceForm	multimodality_imaging_(cmr,_ct,_or_pet) type ClinicalProcedure => multimodality_imaging_(cmr,_ct,_or_pet) type SurfaceForm
Rule_724	?a type ClinicalProcedure => ?a type SurfaceForm	oral_treatment type ClinicalProcedure => oral_treatment type SurfaceForm
Rule_724	?a type ClinicalProcedure => ?a type SurfaceForm	sport_activity type ClinicalProcedure => sport_activity type SurfaceForm
Rule_724	?a type ClinicalProcedure => ?a type SurfaceForm	collision_sports type ClinicalProcedure => collision_sports type SurfaceForm
Rule_724	?a type ClinicalProcedure => ?a type SurfaceForm	observation_without_treatment type ClinicalProcedure => observation_without_treatment type SurfaceForm
Rule_724	?a type ClinicalProcedure => ?a type SurfaceForm	identify_and_correct_abnormal_cied_behavior type ClinicalProcedure => identify_and_correct_abnormal_cied_behavior type SurfaceForm
Rule_724	?a type ClinicalProcedure => ?a type SurfaceForm	high-intensity_exercise type ClinicalProcedure => high-intensity_exercise type SurfaceForm
Rule_724	?a type ClinicalProcedure => ?a type SurfaceForm	individual_tailored_evaluation type ClinicalProcedure => individual_tailored_evaluation type SurfaceForm
Rule_724	?a type ClinicalProcedure => ?a type SurfaceForm	system_for_taking_all_medications_as_prescribed type ClinicalProcedure => system_for_taking_all_medications_as_prescribed type SurfaceForm
Rule_724	?a type ClinicalProcedure => ?a type SurfaceForm	drug_withdrawal type ClinicalProcedure => drug_withdrawal type SurfaceForm
Rule_724	?a type ClinicalProcedure => ?a type SurfaceForm	pre-specified_management_algorithm type ClinicalProcedure => pre-specified_management_algorithm type SurfaceForm
Rule_724	?a type ClinicalProcedure => ?a type SurfaceForm	high_and_very_high_intensity_exercise,_contact,_and_power-sports type ClinicalProcedure => high_and_very_high_intensity_exercise,_contact,_and_power-sports type SurfaceForm
Rule_724	?a type ClinicalProcedure => ?a type SurfaceForm	transvenous_pacing type ClinicalProcedure => transvenous_pacing type SurfaceForm
Rule_724	?a type ClinicalProcedure => ?a type SurfaceForm	brs type ClinicalProcedure => brs type SurfaceForm
Rule_724	?a type ClinicalProcedure => ?a type SurfaceForm	participation_in_moderate-_to_high-intensity_exercise type ClinicalProcedure => participation_in_moderate-_to_high-intensity_exercise type SurfaceForm
Rule_724	?a type ClinicalProcedure => ?a type SurfaceForm	weight_reduction_by_means_of_diet,_exercise_and_behaviour_modification._it_is_recommended_in_obese_patients_(bmi_%5Cgeq_30_%5Ctext%7B_kg/m%7D%5E2,_or_waist_circumference_%5Cgeq_102_%5Ctext%7B_cm%7D_in_men_or_%5Cgeq_88_%5Ctext%7B_cm%7D_in_women),_and_should_be_considered_in_overweight_patients_(bmi_%5Cgeq_25_%5Ctext%7B_kg/m%7D%5E2,_or_waist_circumference_%5Cgeq_94_%5Ctext%7B_cm%7D_in_men_or_%5Cgeq_80_%5Ctext%7B_cm%7D_in_women),_particularly_if_associated_with_multiple_risk_factors_(such_as_hypertension,_hypercholesterolemia,_smoking_and_insulin_resistance_or_diabetes) type ClinicalProcedure => weight_reduction_by_means_of_diet,_exercise_and_behaviour_modification._it_is_recommended_in_obese_patients_(bmi_%5Cgeq_30_%5Ctext%7B_kg/m%7D%5E2,_or_waist_circumference_%5Cgeq_102_%5Ctext%7B_cm%7D_in_men_or_%5Cgeq_88_%5Ctext%7B_cm%7D_in_women),_and_should_be_considered_in_overweight_patients_(bmi_%5Cgeq_25_%5Ctext%7B_kg/m%7D%5E2,_or_waist_circumference_%5Cgeq_94_%5Ctext%7B_cm%7D_in_men_or_%5Cgeq_80_%5Ctext%7B_cm%7D_in_women),_particularly_if_associated_with_multiple_risk_factors_(such_as_hypertension,_hypercholesterolemia,_smoking_and_insulin_resistance_or_diabetes) type SurfaceForm
Rule_724	?a type ClinicalProcedure => ?a type SurfaceForm	screening_for_ascvd_and_kidney_disease_progression type ClinicalProcedure => screening_for_ascvd_and_kidney_disease_progression type SurfaceForm
Rule_724	?a type ClinicalProcedure => ?a type SurfaceForm	evidence-based_treatment type ClinicalProcedure => evidence-based_treatment type SurfaceForm
Rule_724	?a type ClinicalProcedure => ?a type SurfaceForm	multidisciplinary_hf_disease_management_programs type ClinicalProcedure => multidisciplinary_hf_disease_management_programs type SurfaceForm
Rule_724	?a type ClinicalProcedure => ?a type SurfaceForm	remove_the_icd type ClinicalProcedure => remove_the_icd type SurfaceForm
Rule_724	?a type ClinicalProcedure => ?a type SurfaceForm	autonomic_modulation type ClinicalProcedure => autonomic_modulation type SurfaceForm
Rule_724	?a type ClinicalProcedure => ?a type SurfaceForm	vt_ablation type ClinicalProcedure => vt_ablation type SurfaceForm
Rule_724	?a type ClinicalProcedure => ?a type SurfaceForm	unnecessary_ventricular_pacing type ClinicalProcedure => unnecessary_ventricular_pacing type SurfaceForm
Rule_724	?a type ClinicalProcedure => ?a type SurfaceForm	ht type ClinicalProcedure => ht type SurfaceForm
Rule_724	?a type ClinicalProcedure => ?a type SurfaceForm	urgent_mechanical_circulatory_support_as_a_%E2%80%9Cbridge_to_decision.%E2%80%9D type ClinicalProcedure => urgent_mechanical_circulatory_support_as_a_%E2%80%9Cbridge_to_decision.%E2%80%9D type SurfaceForm
Rule_724	?a type ClinicalProcedure => ?a type SurfaceForm	strenuous_exercise type ClinicalProcedure => strenuous_exercise type SurfaceForm
Rule_724	?a type ClinicalProcedure => ?a type SurfaceForm	salt_intake type ClinicalProcedure => salt_intake type SurfaceForm
Rule_724	?a type ClinicalProcedure => ?a type SurfaceForm	actionable_event_transmission type ClinicalProcedure => actionable_event_transmission type SurfaceForm
Rule_724	?a type ClinicalProcedure => ?a type SurfaceForm	alcohol_ablation type ClinicalProcedure => alcohol_ablation type SurfaceForm
Rule_724	?a type ClinicalProcedure => ?a type SurfaceForm	evaluation_of_frailty_by_validated_scores_(see_the_frailty_subsection) type ClinicalProcedure => evaluation_of_frailty_by_validated_scores_(see_the_frailty_subsection) type SurfaceForm
Rule_724	?a type ClinicalProcedure => ?a type SurfaceForm	re-programming type ClinicalProcedure => re-programming type SurfaceForm
Rule_724	?a type ClinicalProcedure => ?a type SurfaceForm	angiography type ClinicalProcedure => angiography type SurfaceForm
Rule_724	?a type ClinicalProcedure => ?a type SurfaceForm	regular_exercise_through_cardiac_rehabilitation type ClinicalProcedure => regular_exercise_through_cardiac_rehabilitation type SurfaceForm
Rule_724	?a type ClinicalProcedure => ?a type SurfaceForm	echocardiogram type ClinicalProcedure => echocardiogram type SurfaceForm
Rule_724	?a type ClinicalProcedure => ?a type SurfaceForm	in_patients_with_snd_and_ddd_pm,_minimization_of_unnecessary_ventricular_pacing_through_programming type ClinicalProcedure => in_patients_with_snd_and_ddd_pm,_minimization_of_unnecessary_ventricular_pacing_through_programming type SurfaceForm
Rule_724	?a type ClinicalProcedure => ?a type SurfaceForm	prophylaxis_for_vte type ClinicalProcedure => prophylaxis_for_vte type SurfaceForm
Rule_724	?a type ClinicalProcedure => ?a type SurfaceForm	participation_in_high-intensity_exercise_and_all_competitive_sports type ClinicalProcedure => participation_in_high-intensity_exercise_and_all_competitive_sports type SurfaceForm
Rule_724	?a type ClinicalProcedure => ?a type SurfaceForm	team-based_care type ClinicalProcedure => team-based_care type SurfaceForm
Rule_724	?a type ClinicalProcedure => ?a type SurfaceForm	direct_current_cardioversion type ClinicalProcedure => direct_current_cardioversion type SurfaceForm
Rule_724	?a type ClinicalProcedure => ?a type SurfaceForm	baseline_cv_risk_assessment type ClinicalProcedure => baseline_cv_risk_assessment type SurfaceForm
Rule_724	?a type ClinicalProcedure => ?a type SurfaceForm	in_the_home,_a_nursing_home,_or_a_special_hospice_unit type ClinicalProcedure => in_the_home,_a_nursing_home,_or_a_special_hospice_unit type SurfaceForm
Rule_724	?a type ClinicalProcedure => ?a type SurfaceForm	placing_an_icd type ClinicalProcedure => placing_an_icd type SurfaceForm
Rule_724	?a type ClinicalProcedure => ?a type SurfaceForm	fluid_restriction type ClinicalProcedure => fluid_restriction type SurfaceForm
Rule_724	?a type ClinicalProcedure => ?a type SurfaceForm	immediate_epicardial_pacemaker_implantation type ClinicalProcedure => immediate_epicardial_pacemaker_implantation type SurfaceForm
Rule_724	?a type ClinicalProcedure => ?a type SurfaceForm	low_sodium_diet type ClinicalProcedure => low_sodium_diet type SurfaceForm
Rule_724	?a type ClinicalProcedure => ?a type SurfaceForm	provide_specific_weight_loss_diet_instructions_strength_of_evidence_=_b type ClinicalProcedure => provide_specific_weight_loss_diet_instructions_strength_of_evidence_=_b type SurfaceForm
Rule_724	?a type ClinicalProcedure => ?a type SurfaceForm	monitor_adherence_and_target_patients_at_risk type ClinicalProcedure => monitor_adherence_and_target_patients_at_risk type SurfaceForm
Rule_724	?a type ClinicalProcedure => ?a type SurfaceForm	refills type ClinicalProcedure => refills type SurfaceForm
Rule_724	?a type ClinicalProcedure => ?a type SurfaceForm	daily_review_of_line_necessity type ClinicalProcedure => daily_review_of_line_necessity type SurfaceForm
Rule_724	?a type ClinicalProcedure => ?a type SurfaceForm	additional_support_to_manage_their_hf type ClinicalProcedure => additional_support_to_manage_their_hf type SurfaceForm
Rule_724	?a type ClinicalProcedure => ?a type SurfaceForm	when_using_auscultatory_methods,_use_phase_i_and_v_(sudden_reduction/disappearance)_korotkoff_sounds_to_identify_sbp_and_dbp,_respectively. type ClinicalProcedure => when_using_auscultatory_methods,_use_phase_i_and_v_(sudden_reduction/disappearance)_korotkoff_sounds_to_identify_sbp_and_dbp,_respectively. type SurfaceForm
Rule_724	?a type ClinicalProcedure => ?a type SurfaceForm	individualized_information type ClinicalProcedure => individualized_information type SurfaceForm
Rule_724	?a type ClinicalProcedure => ?a type SurfaceForm	in_patients_with_symptomatic_af_and_an_uncontrolled_heart_rate_who_are_candidates_for_avj_ablation_(irrespective_of_qrs_duration),_crt_rather_than_standard_rv_pacing type ClinicalProcedure => in_patients_with_symptomatic_af_and_an_uncontrolled_heart_rate_who_are_candidates_for_avj_ablation_(irrespective_of_qrs_duration),_crt_rather_than_standard_rv_pacing type SurfaceForm
Rule_724	?a type ClinicalProcedure => ?a type SurfaceForm	in_addition_to_preimplant_laboratory_tests,_specific_laboratory_tests type ClinicalProcedure => in_addition_to_preimplant_laboratory_tests,_specific_laboratory_tests type SurfaceForm
Rule_724	?a type ClinicalProcedure => ?a type SurfaceForm	tailored_exercise_programme type ClinicalProcedure => tailored_exercise_programme type SurfaceForm
Rule_724	?a type ClinicalProcedure => ?a type SurfaceForm	alternative_imaging_(eg,_cardiac_magnetic_resonance_%5Bcmr%5D,_cardiac_computed_tomography_%5Bct%5D,_radionuclide_imaging) type ClinicalProcedure => alternative_imaging_(eg,_cardiac_magnetic_resonance_%5Bcmr%5D,_cardiac_computed_tomography_%5Bct%5D,_radionuclide_imaging) type SurfaceForm
Rule_724	?a type ClinicalProcedure => ?a type SurfaceForm	hf_education type ClinicalProcedure => hf_education type SurfaceForm
Rule_724	?a type ClinicalProcedure => ?a type SurfaceForm	intervention_for_secondary_mr type ClinicalProcedure => intervention_for_secondary_mr type SurfaceForm
Rule_724	?a type ClinicalProcedure => ?a type SurfaceForm	dual_chamber_cardiac_pacing type ClinicalProcedure => dual_chamber_cardiac_pacing type SurfaceForm
Rule_724	?a type ClinicalProcedure => ?a type SurfaceForm	large-muscle_activities type ClinicalProcedure => large-muscle_activities type SurfaceForm
Rule_724	?a type ClinicalProcedure => ?a type SurfaceForm	plan_pharmacist_visits_for_complex_medication_regimens type ClinicalProcedure => plan_pharmacist_visits_for_complex_medication_regimens type SurfaceForm
Rule_724	?a type ClinicalProcedure => ?a type SurfaceForm	familial_evaluation type ClinicalProcedure => familial_evaluation type SurfaceForm
Rule_724	?a type ClinicalProcedure => ?a type SurfaceForm	deactivated_at_any_time type ClinicalProcedure => deactivated_at_any_time type SurfaceForm
Rule_724	?a type ClinicalProcedure => ?a type SurfaceForm	for_secondary_prevention_in_very-high-risk_patients_(i.e._documented_ascvd,_either_clinical_or_unequivocal_on_imaging),_an_ldl-c_reduction_of_$%5Cgeq_50%5C%25$_from_baseline_and_an_ldl-c_goal_of_$%3C_1.4$_mmol/l_(_$%3C_55$_mg/dl)_are_recommended type ClinicalProcedure => for_secondary_prevention_in_very-high-risk_patients_(i.e._documented_ascvd,_either_clinical_or_unequivocal_on_imaging),_an_ldl-c_reduction_of_$%5Cgeq_50%5C%25$_from_baseline_and_an_ldl-c_goal_of_$%3C_1.4$_mmol/l_(_$%3C_55$_mg/dl)_are_recommended type SurfaceForm
Rule_724	?a type ClinicalProcedure => ?a type SurfaceForm	vaginal_delivery type ClinicalProcedure => vaginal_delivery type SurfaceForm
Rule_724	?a type ClinicalProcedure => ?a type SurfaceForm	alcohol_consumption type ClinicalProcedure => alcohol_consumption type SurfaceForm
Rule_724	?a type ClinicalProcedure => ?a type SurfaceForm	treat_according_to_the_current_aha/acc/hrs_guideline_for_the_management_of_patients_with_atrial_fibrillation_(158,159) type ClinicalProcedure => treat_according_to_the_current_aha/acc/hrs_guideline_for_the_management_of_patients_with_atrial_fibrillation_(158,159) type SurfaceForm
Rule_724	?a type ClinicalProcedure => ?a type SurfaceForm	shared_decision-making_process type ClinicalProcedure => shared_decision-making_process type SurfaceForm
Rule_724	?a type ClinicalProcedure => ?a type SurfaceForm	surgical_treatment type ClinicalProcedure => surgical_treatment type SurfaceForm
Rule_724	?a type ClinicalProcedure => ?a type SurfaceForm	invasive_treatment type ClinicalProcedure => invasive_treatment type SurfaceForm
Rule_724	?a type ClinicalProcedure => ?a type SurfaceForm	intensive_exercise type ClinicalProcedure => intensive_exercise type SurfaceForm
Rule_724	?a type ClinicalProcedure => ?a type SurfaceForm	disposition_decisions type ClinicalProcedure => disposition_decisions type SurfaceForm
Rule_724	?a type ClinicalProcedure => ?a type SurfaceForm	hospitalized type ClinicalProcedure => hospitalized type SurfaceForm
Rule_724	?a type ClinicalProcedure => ?a type SurfaceForm	use_of_aed type ClinicalProcedure => use_of_aed type SurfaceForm
Rule_724	?a type ClinicalProcedure => ?a type SurfaceForm	abcde_bundle type ClinicalProcedure => abcde_bundle type SurfaceForm
Rule_724	?a type ClinicalProcedure => ?a type SurfaceForm	slowly_progressing_warm-up type ClinicalProcedure => slowly_progressing_warm-up type SurfaceForm
Rule_724	?a type ClinicalProcedure => ?a type SurfaceForm	at_least_light_activity_throughout_the_day type ClinicalProcedure => at_least_light_activity_throughout_the_day type SurfaceForm
Rule_724	?a type ClinicalProcedure => ?a type SurfaceForm	early_permanent_pacing type ClinicalProcedure => early_permanent_pacing type SurfaceForm
Rule_724	?a type ClinicalProcedure => ?a type SurfaceForm	consider_referral_to_endocrinologist type ClinicalProcedure => consider_referral_to_endocrinologist type SurfaceForm
Rule_724	?a type ClinicalProcedure => ?a type SurfaceForm	participation_in_at_least_150_min/week_of_moderate-intensity_aerobic_exercise_before,_during,_and_after_pregnancy type ClinicalProcedure => participation_in_at_least_150_min/week_of_moderate-intensity_aerobic_exercise_before,_during,_and_after_pregnancy type SurfaceForm
Rule_724	?a type ClinicalProcedure => ?a type SurfaceForm	structured_and_individually_reinforced_education type ClinicalProcedure => structured_and_individually_reinforced_education type SurfaceForm
Rule_724	?a type ClinicalProcedure => ?a type SurfaceForm	pre-participation_cardiovascular_evaluation type ClinicalProcedure => pre-participation_cardiovascular_evaluation type SurfaceForm
Rule_724	?a type ClinicalProcedure => ?a type SurfaceForm	schedule_for_up-titration type ClinicalProcedure => schedule_for_up-titration type SurfaceForm
Rule_724	?a type ClinicalProcedure => ?a type SurfaceForm	informed_discussion_about_cvd_risk_and_treatment_benefits type ClinicalProcedure => informed_discussion_about_cvd_risk_and_treatment_benefits type SurfaceForm
Rule_724	?a type ClinicalProcedure => ?a type SurfaceForm	assess_the_pa_type_and_level_in_any_patient_(how_many_days_and_minutes_per_day_are_spent_on_average_doing_pa_at_moderate_or_vigorous_intensity) type ClinicalProcedure => assess_the_pa_type_and_level_in_any_patient_(how_many_days_and_minutes_per_day_are_spent_on_average_doing_pa_at_moderate_or_vigorous_intensity) type SurfaceForm
Rule_724	?a type ClinicalProcedure => ?a type SurfaceForm	medical/device_therapy type ClinicalProcedure => medical/device_therapy type SurfaceForm
Rule_724	?a type ClinicalProcedure => ?a type SurfaceForm	hf_management type ClinicalProcedure => hf_management type SurfaceForm
Rule_724	?a type ClinicalProcedure => ?a type SurfaceForm	help_to_set_achievable_personal_goals_and_maintain_the_benefits type ClinicalProcedure => help_to_set_achievable_personal_goals_and_maintain_the_benefits type SurfaceForm
Rule_724	?a type ClinicalProcedure => ?a type SurfaceForm	upper_and_lower_body_exercises type ClinicalProcedure => upper_and_lower_body_exercises type SurfaceForm
Rule_724	?a type ClinicalProcedure => ?a type SurfaceForm	pharmacological_treatment_in_pregnancy type ClinicalProcedure => pharmacological_treatment_in_pregnancy type SurfaceForm
Rule_724	?a type ClinicalProcedure => ?a type SurfaceForm	pci type ClinicalProcedure => pci type SurfaceForm
Rule_724	?a type ClinicalProcedure => ?a type SurfaceForm	measure_bp_in_both_arms_at_the_first_visit_to_detect_possible_between-arm_differences._use_the_arm_with_the_higher_value_as_the_reference. type ClinicalProcedure => measure_bp_in_both_arms_at_the_first_visit_to_detect_possible_between-arm_differences._use_the_arm_with_the_higher_value_as_the_reference. type SurfaceForm
Rule_724	?a type ClinicalProcedure => ?a type SurfaceForm	genetic_counselling type ClinicalProcedure => genetic_counselling type SurfaceForm
Rule_724	?a type ClinicalProcedure => ?a type SurfaceForm	ask_patient_how_they_learn_best_and_provide_education_accordingly type ClinicalProcedure => ask_patient_how_they_learn_best_and_provide_education_accordingly type SurfaceForm
Rule_724	?a type ClinicalProcedure => ?a type SurfaceForm	discharge_regimen type ClinicalProcedure => discharge_regimen type SurfaceForm
Rule_724	?a type ClinicalProcedure => ?a type SurfaceForm	monitoring_of_pharmacological_therapy type ClinicalProcedure => monitoring_of_pharmacological_therapy type SurfaceForm
Rule_724	?a type ClinicalProcedure => ?a type SurfaceForm	weight_reduction_by_means_of_diet,_exercise_and_behaviour_modification type ClinicalProcedure => weight_reduction_by_means_of_diet,_exercise_and_behaviour_modification type SurfaceForm
Rule_724	?a type ClinicalProcedure => ?a type SurfaceForm	provide_a_written_explanation_of_the_purpose_of_each_medication_prescribed type ClinicalProcedure => provide_a_written_explanation_of_the_purpose_of_each_medication_prescribed type SurfaceForm
Rule_724	?a type ClinicalProcedure => ?a type SurfaceForm	cmr_or_pet_guided_sampling type ClinicalProcedure => cmr_or_pet_guided_sampling type SurfaceForm
Rule_724	?a type ClinicalProcedure => ?a type SurfaceForm	optimal_medical_treatment type ClinicalProcedure => optimal_medical_treatment type SurfaceForm
Rule_724	?a type ClinicalProcedure => ?a type SurfaceForm	clear_plan_for_transitional_care type ClinicalProcedure => clear_plan_for_transitional_care type SurfaceForm
Rule_724	?a type ClinicalProcedure => ?a type SurfaceForm	memory_care_support_groups type ClinicalProcedure => memory_care_support_groups type SurfaceForm
Rule_724	?a type ClinicalProcedure => ?a type SurfaceForm	restricted_activities type ClinicalProcedure => restricted_activities type SurfaceForm
Rule_724	?a type ClinicalProcedure => ?a type SurfaceForm	6-minute_walk_test type ClinicalProcedure => 6-minute_walk_test type SurfaceForm
Rule_724	?a type ClinicalProcedure => ?a type SurfaceForm	choice_between_tavi_and_savr type ClinicalProcedure => choice_between_tavi_and_savr type SurfaceForm
Rule_724	?a type ClinicalProcedure => ?a type SurfaceForm	lead_revision type ClinicalProcedure => lead_revision type SurfaceForm
Rule_724	?a type ClinicalProcedure => ?a type SurfaceForm	follow_the_recommendations_pertaining_to_the_underlying_disease type ClinicalProcedure => follow_the_recommendations_pertaining_to_the_underlying_disease type SurfaceForm
Rule_724	?a type ClinicalProcedure => ?a type SurfaceForm	%E2%80%A2_maintain_therapy_if_possible_%E2%80%A2_reduce_dosage_if_necessary_%E2%80%A2_avoid_abrupt_discontinuation_%E2%80%A2_if_discontinued_or_reduced,_reinstate_gradually type ClinicalProcedure => %E2%80%A2_maintain_therapy_if_possible_%E2%80%A2_reduce_dosage_if_necessary_%E2%80%A2_avoid_abrupt_discontinuation_%E2%80%A2_if_discontinued_or_reduced,_reinstate_gradually type SurfaceForm
Rule_724	?a type ClinicalProcedure => ?a type SurfaceForm	disease_management type ClinicalProcedure => disease_management type SurfaceForm
Rule_724	?a type ClinicalProcedure => ?a type SurfaceForm	consider_transcatheter_intervention_in_carefully_selected_patients_with_symptomatic_hf_and_secondary_mr_(163) type ClinicalProcedure => consider_transcatheter_intervention_in_carefully_selected_patients_with_symptomatic_hf_and_secondary_mr_(163) type SurfaceForm
Rule_724	?a type ClinicalProcedure => ?a type SurfaceForm	pre-pregnancy_evaluation type ClinicalProcedure => pre-pregnancy_evaluation type SurfaceForm
Rule_724	?a type ClinicalProcedure => ?a type SurfaceForm	provide_appropriate_management_of_noncardiac_comorbid_conditions type ClinicalProcedure => provide_appropriate_management_of_noncardiac_comorbid_conditions type SurfaceForm
Rule_724	?a type ClinicalProcedure => ?a type SurfaceForm	aortic_valve_intervention type ClinicalProcedure => aortic_valve_intervention type SurfaceForm
Rule_724	?a type ClinicalProcedure => ?a type SurfaceForm	self-management_strategies type ClinicalProcedure => self-management_strategies type SurfaceForm
Rule_724	?a type ClinicalProcedure => ?a type SurfaceForm	enrollment_in_an_rm_program type ClinicalProcedure => enrollment_in_an_rm_program type SurfaceForm
Rule_724	?a type ClinicalProcedure => ?a type SurfaceForm	management_plan type ClinicalProcedure => management_plan type SurfaceForm
Rule_724	?a type ClinicalProcedure => ?a type SurfaceForm	excessive_alcohol_intake type ClinicalProcedure => excessive_alcohol_intake type SurfaceForm
Rule_724	?a type ClinicalProcedure => ?a type SurfaceForm	plans_for_postdischarge_management type ClinicalProcedure => plans_for_postdischarge_management type SurfaceForm
Rule_724	?a type ClinicalProcedure => ?a type SurfaceForm	evaluation_for_possible_ischemic_heart_disease type ClinicalProcedure => evaluation_for_possible_ischemic_heart_disease type SurfaceForm
Rule_724	?a type ClinicalProcedure => ?a type SurfaceForm	site-based_remote_interrogation_technology type ClinicalProcedure => site-based_remote_interrogation_technology type SurfaceForm
Rule_724	?a type ClinicalProcedure => ?a type SurfaceForm	remind_patients_using_pharmacy_assistance_programs_that_refills/reorders_are_not_automatic type ClinicalProcedure => remind_patients_using_pharmacy_assistance_programs_that_refills/reorders_are_not_automatic type SurfaceForm
Rule_724	?a type ClinicalProcedure => ?a type SurfaceForm	risk_stratification type ClinicalProcedure => risk_stratification type SurfaceForm
Rule_724	?a type ClinicalProcedure => ?a type SurfaceForm	consumption_of_alcoholic_beverages type ClinicalProcedure => consumption_of_alcoholic_beverages type SurfaceForm
Rule_724	?a type ClinicalProcedure => ?a type SurfaceForm	evidence-based_oral_medical_treatment type ClinicalProcedure => evidence-based_oral_medical_treatment type SurfaceForm
Rule_724	?a type ClinicalProcedure => ?a type SurfaceForm	first-line_treatment type ClinicalProcedure => first-line_treatment type SurfaceForm
Rule_724	?a type ClinicalProcedure => ?a type SurfaceForm	monitor_response_to_therapy type ClinicalProcedure => monitor_response_to_therapy type SurfaceForm
Rule_724	?a type ClinicalProcedure => ?a type SurfaceForm	primary_prevention_of_scd type ClinicalProcedure => primary_prevention_of_scd type SurfaceForm
Rule_724	?a type ClinicalProcedure => ?a type SurfaceForm	transvenous_implantation_of_a_coronary_sinus_lead type ClinicalProcedure => transvenous_implantation_of_a_coronary_sinus_lead type SurfaceForm
Rule_724	?a type ClinicalProcedure => ?a type SurfaceForm	padding type ClinicalProcedure => padding type SurfaceForm
Rule_724	?a type ClinicalProcedure => ?a type SurfaceForm	opposite_side type ClinicalProcedure => opposite_side type SurfaceForm
Rule_724	?a type ClinicalProcedure => ?a type SurfaceForm	definitive_intervention type ClinicalProcedure => definitive_intervention type SurfaceForm
Rule_724	?a type ClinicalProcedure => ?a type SurfaceForm	pre-pregnancy_risk_assessment type ClinicalProcedure => pre-pregnancy_risk_assessment type SurfaceForm
Rule_724	?a type ClinicalProcedure => ?a type SurfaceForm	weight_reduction type ClinicalProcedure => weight_reduction type SurfaceForm
Rule_724	?a type ClinicalProcedure => ?a type SurfaceForm	may_be_considered_in_symptomatic_patients_(class_iib)_strength_of_evidence_=_b type ClinicalProcedure => may_be_considered_in_symptomatic_patients_(class_iib)_strength_of_evidence_=_b type SurfaceForm
Rule_724	?a type ClinicalProcedure => ?a type SurfaceForm	document_the_nature_and_frequency_of_arrhythmias_over_time_and_correlate_with_patient_symptoms_and_determine_the_appropriateness_of_cied_response_to_these_arrhythmias type ClinicalProcedure => document_the_nature_and_frequency_of_arrhythmias_over_time_and_correlate_with_patient_symptoms_and_determine_the_appropriateness_of_cied_response_to_these_arrhythmias type SurfaceForm
Rule_724	?a type ClinicalProcedure => ?a type SurfaceForm	electrolyte type ClinicalProcedure => electrolyte type SurfaceForm
Rule_724	?a type ClinicalProcedure => ?a type SurfaceForm	icd_shock_deactivation type ClinicalProcedure => icd_shock_deactivation type SurfaceForm
Rule_724	?a type ClinicalProcedure => ?a type SurfaceForm	turned_off_without_surgery type ClinicalProcedure => turned_off_without_surgery type SurfaceForm
Rule_724	?a type ClinicalProcedure => ?a type SurfaceForm	cardiac_transplantation type ClinicalProcedure => cardiac_transplantation type SurfaceForm
Rule_724	?a type ClinicalProcedure => ?a type SurfaceForm	clinical_evaluation_at_each_followup_visit type ClinicalProcedure => clinical_evaluation_at_each_followup_visit type SurfaceForm
Rule_724	?a type ClinicalProcedure => ?a type SurfaceForm	participation_in_sports_activities type ClinicalProcedure => participation_in_sports_activities type SurfaceForm
Rule_724	?a type ClinicalProcedure => ?a type SurfaceForm	stepwise_treatment-intensification_approach type ClinicalProcedure => stepwise_treatment-intensification_approach type SurfaceForm
Rule_724	?a type ClinicalProcedure => ?a type SurfaceForm	blood_pressure_lowering_treatment type ClinicalProcedure => blood_pressure_lowering_treatment type SurfaceForm
Rule_724	?a type ClinicalProcedure => ?a type SurfaceForm	prescribe_lower-cost_medications_if_of_similar_efficacy type ClinicalProcedure => prescribe_lower-cost_medications_if_of_similar_efficacy type SurfaceForm
Rule_724	?a type ClinicalProcedure => ?a type SurfaceForm	education_and_counseling type ClinicalProcedure => education_and_counseling type SurfaceForm
Rule_724	?a type ClinicalProcedure => ?a type SurfaceForm	cardiac_resynchronization type ClinicalProcedure => cardiac_resynchronization type SurfaceForm
Rule_724	?a type ClinicalProcedure => ?a type SurfaceForm	combined_resistance_exercise_(muscle_strength)_and_aerobic_training_(walking) type ClinicalProcedure => combined_resistance_exercise_(muscle_strength)_and_aerobic_training_(walking) type SurfaceForm
Rule_724	?a type ClinicalProcedure => ?a type SurfaceForm	participation_in_high-intensity_exercise type ClinicalProcedure => participation_in_high-intensity_exercise type SurfaceForm
Rule_724	?a type ClinicalProcedure => ?a type SurfaceForm	rm type ClinicalProcedure => rm type SurfaceForm
Rule_724	?a type ClinicalProcedure => ?a type SurfaceForm	other_surgical_options type ClinicalProcedure => other_surgical_options type SurfaceForm
Rule_724	?a type ClinicalProcedure => ?a type SurfaceForm	secondary_prevention_of_cvd type ClinicalProcedure => secondary_prevention_of_cvd type SurfaceForm
Rule_724	?a type ClinicalProcedure => ?a type SurfaceForm	triage_non-cied-related_health_problems_and_make_appropriate_referrals type ClinicalProcedure => triage_non-cied-related_health_problems_and_make_appropriate_referrals type SurfaceForm
Rule_724	?a type ClinicalProcedure => ?a type SurfaceForm	multi-disciplinary_patient_management type ClinicalProcedure => multi-disciplinary_patient_management type SurfaceForm
Rule_724	?a type ClinicalProcedure => ?a type SurfaceForm	back-up_pacing type ClinicalProcedure => back-up_pacing type SurfaceForm
Rule_724	?a type ClinicalProcedure => ?a type SurfaceForm	cessation type ClinicalProcedure => cessation type SurfaceForm
Rule_724	?a type ClinicalProcedure => ?a type SurfaceForm	refer_for_sleep_study type ClinicalProcedure => refer_for_sleep_study type SurfaceForm
Rule_724	?a type ClinicalProcedure => ?a type SurfaceForm	screening_for_ascvd_risk_factors_and_optimization_of_the_cvd_risk_profile type ClinicalProcedure => screening_for_ascvd_risk_factors_and_optimization_of_the_cvd_risk_profile type SurfaceForm
Rule_724	?a type ClinicalProcedure => ?a type SurfaceForm	prescription_of_exercise_training type ClinicalProcedure => prescription_of_exercise_training type SurfaceForm
Rule_724	?a type ClinicalProcedure => ?a type SurfaceForm	competitive_sport type ClinicalProcedure => competitive_sport type SurfaceForm
Rule_724	?a type ClinicalProcedure => ?a type SurfaceForm	toxicology_screens type ClinicalProcedure => toxicology_screens type SurfaceForm
Rule_724	?a type ClinicalProcedure => ?a type SurfaceForm	management_and_surveillance_strategies type ClinicalProcedure => management_and_surveillance_strategies type SurfaceForm
Rule_724	?a type ClinicalProcedure => ?a type SurfaceForm	basic_life_support type ClinicalProcedure => basic_life_support type SurfaceForm
Rule_724	?a type ClinicalProcedure => ?a type SurfaceForm	mitral_valve_surgery type ClinicalProcedure => mitral_valve_surgery type SurfaceForm
Rule_724	?a type ClinicalProcedure => ?a type SurfaceForm	enteral_nutrition_(en) type ClinicalProcedure => enteral_nutrition_(en) type SurfaceForm
Rule_724	?a type ClinicalProcedure => ?a type SurfaceForm	full_clinical_assessment_including_a_maximal_exercise_test type ClinicalProcedure => full_clinical_assessment_including_a_maximal_exercise_test type SurfaceForm
Rule_724	?a type ClinicalProcedure => ?a type SurfaceForm	surgical_epicardial_lead type ClinicalProcedure => surgical_epicardial_lead type SurfaceForm
Rule_724	?a type ClinicalProcedure => ?a type SurfaceForm	optimal_treatment_of_cv_risk_factors type ClinicalProcedure => optimal_treatment_of_cv_risk_factors type SurfaceForm
Rule_724	?a type ClinicalProcedure => ?a type SurfaceForm	participation_in_sport type ClinicalProcedure => participation_in_sport type SurfaceForm
Rule_724	?a type ClinicalProcedure => ?a type SurfaceForm	pre-operative_catheter_mapping_and_transection_of_vt-related_anatomical_isthmuses_before_or_during_the_intervention type ClinicalProcedure => pre-operative_catheter_mapping_and_transection_of_vt-related_anatomical_isthmuses_before_or_during_the_intervention type SurfaceForm
Rule_724	?a type ClinicalProcedure => ?a type SurfaceForm	ablation_of_the_accessory_pathway type ClinicalProcedure => ablation_of_the_accessory_pathway type SurfaceForm
Rule_724	?a type ClinicalProcedure => ?a type SurfaceForm	increased_activity_goals type ClinicalProcedure => increased_activity_goals type SurfaceForm
Rule_724	?a type ClinicalProcedure => ?a type SurfaceForm	surgical_ablation type ClinicalProcedure => surgical_ablation type SurfaceForm
Rule_724	?a type ClinicalProcedure => ?a type SurfaceForm	written_education_tools_provided_at_sixth_grade_reading_level_or_below type ClinicalProcedure => written_education_tools_provided_at_sixth_grade_reading_level_or_below type SurfaceForm
Rule_724	?a type ClinicalProcedure => ?a type SurfaceForm	fish_1%E2%80%932_times_per_week,_one_of_which_to_be_oily type ClinicalProcedure => fish_1%E2%80%932_times_per_week,_one_of_which_to_be_oily type SurfaceForm
Rule_724	?a type ClinicalProcedure => ?a type SurfaceForm	free_sugar_consumption type ClinicalProcedure => free_sugar_consumption type SurfaceForm
Rule_724	?a type ClinicalProcedure => ?a type SurfaceForm	continuation_of_intensive_or_competitive_sports_participation type ClinicalProcedure => continuation_of_intensive_or_competitive_sports_participation type SurfaceForm
Rule_724	?a type ClinicalProcedure => ?a type SurfaceForm	af_conversion type ClinicalProcedure => af_conversion type SurfaceForm
Rule_724	?a type ClinicalProcedure => ?a type SurfaceForm	provide_%E2%89%A51.1_g/d_protein_per_kg_actual_body_weight_to_prevent_catabolism_strength_of_evidence_=_fair type ClinicalProcedure => provide_%E2%89%A51.1_g/d_protein_per_kg_actual_body_weight_to_prevent_catabolism_strength_of_evidence_=_fair type SurfaceForm
Rule_724	?a type ClinicalProcedure => ?a type SurfaceForm	analysis_of_intracardiac_electrograms_and_event_markers type ClinicalProcedure => analysis_of_intracardiac_electrograms_and_event_markers type SurfaceForm
Rule_724	?a type ClinicalProcedure => ?a type SurfaceForm	vagal_manoeuvres type ClinicalProcedure => vagal_manoeuvres type SurfaceForm
Rule_724	?a type ClinicalProcedure => ?a type SurfaceForm	pacing type ClinicalProcedure => pacing type SurfaceForm
Rule_724	?a type ClinicalProcedure => ?a type SurfaceForm	consider_transfusion_in_severe_cases type ClinicalProcedure => consider_transfusion_in_severe_cases type SurfaceForm
Rule_724	?a type ClinicalProcedure => ?a type SurfaceForm	intensity:_moderate_(i.e._45%E2%80%9359%25_of_peak_oxygen_consumption,_50%E2%80%9370%25_of_w_%7Bpeak%7D_(above_the_first_ventilatory_threshold),_55%E2%80%9369%25_of_peak_heart_rate,_40%E2%80%9359%25_of_heart_rate_reserve_(to_be_calculated_on_top_of_rest_hr),_4%E2%80%936_mets,_or_12/20%E2%80%9314/20_of_the_borg_scale)_or_moderate-to-high_intensity_for_endurance_continuous_training._higher_intensities_of_exercise_bouts_for_endurance_high_intensity_interval_training_according_to_the_selected_protocol._the_%E2%80%98speech_rule%E2%80%99_(i.e._the_respiratory_rate_should_allow_conversation)_could_be_considered_as_an_additional_tool_to_control_intensity_when_hr_cannot_be_used._30%E2%80%9370%25_of_the_1-rm_for_the_upper_body_and_40%E2%80%9380%25_of_1-rm_for_lower_body_exercises,_with_12%E2%80%9315_repetitions_in_one_set_for_resistance/strength_training type ClinicalProcedure => intensity:_moderate_(i.e._45%E2%80%9359%25_of_peak_oxygen_consumption,_50%E2%80%9370%25_of_w_%7Bpeak%7D_(above_the_first_ventilatory_threshold),_55%E2%80%9369%25_of_peak_heart_rate,_40%E2%80%9359%25_of_heart_rate_reserve_(to_be_calculated_on_top_of_rest_hr),_4%E2%80%936_mets,_or_12/20%E2%80%9314/20_of_the_borg_scale)_or_moderate-to-high_intensity_for_endurance_continuous_training._higher_intensities_of_exercise_bouts_for_endurance_high_intensity_interval_training_according_to_the_selected_protocol._the_%E2%80%98speech_rule%E2%80%99_(i.e._the_respiratory_rate_should_allow_conversation)_could_be_considered_as_an_additional_tool_to_control_intensity_when_hr_cannot_be_used._30%E2%80%9370%25_of_the_1-rm_for_the_upper_body_and_40%E2%80%9380%25_of_1-rm_for_lower_body_exercises,_with_12%E2%80%9315_repetitions_in_one_set_for_resistance/strength_training type SurfaceForm
Rule_724	?a type ClinicalProcedure => ?a type SurfaceForm	determine_eligibility_for_the_supplemental_nutrition_assistance_program_(snap) type ClinicalProcedure => determine_eligibility_for_the_supplemental_nutrition_assistance_program_(snap) type SurfaceForm
Rule_724	?a type ClinicalProcedure => ?a type SurfaceForm	follow-up_for_development_of_cardiac_involvement type ClinicalProcedure => follow-up_for_development_of_cardiac_involvement type SurfaceForm
Rule_724	?a type ClinicalProcedure => ?a type SurfaceForm	maximal_barrier_precautions type ClinicalProcedure => maximal_barrier_precautions type SurfaceForm
Rule_724	?a type ClinicalProcedure => ?a type SurfaceForm	screening_for_serum_and_urine_monoclonal_light_chains_with_serum_and_urine_immunofixation_electrophoresis_and_serum_free_light_chains type ClinicalProcedure => screening_for_serum_and_urine_monoclonal_light_chains_with_serum_and_urine_immunofixation_electrophoresis_and_serum_free_light_chains type SurfaceForm
Rule_724	?a type ClinicalProcedure => ?a type SurfaceForm	caesarean_delivery type ClinicalProcedure => caesarean_delivery type SurfaceForm
Rule_724	?a type ClinicalProcedure => ?a type SurfaceForm	trans_unsaturated_fatty_acids:_as_little_as_possible,_preferably_no_intake_from_processed_food,_and_%3C1%25_of_total_energy_intake_from_natural_origin type ClinicalProcedure => trans_unsaturated_fatty_acids:_as_little_as_possible,_preferably_no_intake_from_processed_food,_and_%3C1%25_of_total_energy_intake_from_natural_origin type SurfaceForm
Rule_724	?a type ClinicalProcedure => ?a type SurfaceForm	dc_cardioversion type ClinicalProcedure => dc_cardioversion type SurfaceForm
Rule_724	?a type ClinicalProcedure => ?a type SurfaceForm	immunization_for_influenza_and_pneumococcal_disease type ClinicalProcedure => immunization_for_influenza_and_pneumococcal_disease type SurfaceForm
Rule_724	?a type ClinicalProcedure => ?a type SurfaceForm	skin_antisepsis type ClinicalProcedure => skin_antisepsis type SurfaceForm
Rule_724	?a type ClinicalProcedure => ?a type SurfaceForm	competitive_sports_participation type ClinicalProcedure => competitive_sports_participation type SurfaceForm
Rule_724	?a type ClinicalProcedure => ?a type SurfaceForm	other_cues type ClinicalProcedure => other_cues type SurfaceForm
Rule_724	?a type ClinicalProcedure => ?a type SurfaceForm	permanent_pacing type ClinicalProcedure => permanent_pacing type SurfaceForm
Rule_724	?a type ClinicalProcedure => ?a type SurfaceForm	resistance/strength_training type ClinicalProcedure => resistance/strength_training type SurfaceForm
Rule_724	?a type ClinicalProcedure => ?a type SurfaceForm	intravenous_administration_of_diuretics type ClinicalProcedure => intravenous_administration_of_diuretics type SurfaceForm
Rule_724	?a type ClinicalProcedure => ?a type SurfaceForm	in_the_home,_a_hospital_setting,_or_a_special_hospice_unit type ClinicalProcedure => in_the_home,_a_hospital_setting,_or_a_special_hospice_unit type SurfaceForm
Rule_724	?a type ClinicalProcedure => ?a type SurfaceForm	identify_cieds_approaching_end_of_battery_life,_to_identify_leads_at_risk_of_failure,_and_to_organize_cied_replacements_in_a_non-emergent_manner type ClinicalProcedure => identify_cieds_approaching_end_of_battery_life,_to_identify_leads_at_risk_of_failure,_and_to_organize_cied_replacements_in_a_non-emergent_manner type SurfaceForm
Rule_724	?a type ClinicalProcedure => ?a type SurfaceForm	lowering_of_the_sensitivity type ClinicalProcedure => lowering_of_the_sensitivity type SurfaceForm
Rule_724	?a type ClinicalProcedure => ?a type SurfaceForm	dental_cleaning type ClinicalProcedure => dental_cleaning type SurfaceForm
Rule_724	?a type ClinicalProcedure => ?a type SurfaceForm	not_recommended_for_routine_care_strength_of_evidence_=_b type ClinicalProcedure => not_recommended_for_routine_care_strength_of_evidence_=_b type SurfaceForm
Rule_724	?a type ClinicalProcedure => ?a type SurfaceForm	icd_implantation_for_primary_prevention type ClinicalProcedure => icd_implantation_for_primary_prevention type SurfaceForm
Rule_724	?a type ClinicalProcedure => ?a type SurfaceForm	care_from_multidisciplinary_teams type ClinicalProcedure => care_from_multidisciplinary_teams type SurfaceForm
Rule_724	?a type ClinicalProcedure => ?a type SurfaceForm	et_prescriptions type ClinicalProcedure => et_prescriptions type SurfaceForm
Rule_724	?a type ClinicalProcedure => ?a type SurfaceForm	legal_consultation type ClinicalProcedure => legal_consultation type SurfaceForm
Rule_724	?a type ClinicalProcedure => ?a type SurfaceForm	pacemaker_implantation type ClinicalProcedure => pacemaker_implantation type SurfaceForm
Rule_724	?a type ClinicalProcedure => ?a type SurfaceForm	endurance type ClinicalProcedure => endurance type SurfaceForm
Rule_724	?a type ClinicalProcedure => ?a type SurfaceForm	telehealth type ClinicalProcedure => telehealth type SurfaceForm
Rule_724	?a type ClinicalProcedure => ?a type SurfaceForm	temporary_transvenous_pacing type ClinicalProcedure => temporary_transvenous_pacing type SurfaceForm
Rule_724	?a type ClinicalProcedure => ?a type SurfaceForm	symptom_marking_or_manual_transmission type ClinicalProcedure => symptom_marking_or_manual_transmission type SurfaceForm
Rule_724	?a type ClinicalProcedure => ?a type SurfaceForm	low-_to_moderate-intensity_aerobic_exercise_training_(up_to_150_min/week),_and_low-_to_moderate-intensity_resistance_exercise_training_(2_day_per_week,_8%E2%80%9312_exercises,_12%E2%80%9315_repetitions),_and_flexibility_exercises type ClinicalProcedure => low-_to_moderate-intensity_aerobic_exercise_training_(up_to_150_min/week),_and_low-_to_moderate-intensity_resistance_exercise_training_(2_day_per_week,_8%E2%80%9312_exercises,_12%E2%80%9315_repetitions),_and_flexibility_exercises type SurfaceForm
Rule_724	?a type ClinicalProcedure => ?a type SurfaceForm	local/national/international_regulation_related_to_driving type ClinicalProcedure => local/national/international_regulation_related_to_driving type SurfaceForm
Rule_724	?a type ClinicalProcedure => ?a type SurfaceForm	resume_or_adapt_sexual_activity type ClinicalProcedure => resume_or_adapt_sexual_activity type SurfaceForm
Rule_724	?a type ClinicalProcedure => ?a type SurfaceForm	in_patients_with_kearns-sayre_syndrome_who_have_pr_prolongation,_any_degree_of_avb,_bundle_branch_block,_or_fascicular_block,_permanent_pacing type ClinicalProcedure => in_patients_with_kearns-sayre_syndrome_who_have_pr_prolongation,_any_degree_of_avb,_bundle_branch_block,_or_fascicular_block,_permanent_pacing type SurfaceForm
Rule_724	?a type ClinicalProcedure => ?a type SurfaceForm	implantation_of_a_permanent_pacemaker type ClinicalProcedure => implantation_of_a_permanent_pacemaker type SurfaceForm
Rule_724	?a type ClinicalProcedure => ?a type SurfaceForm	repositioning_of_the_lead type ClinicalProcedure => repositioning_of_the_lead type SurfaceForm
Rule_724	?a type ClinicalProcedure => ?a type SurfaceForm	biventricular_pacing_therapy type ClinicalProcedure => biventricular_pacing_therapy type SurfaceForm
Rule_724	?a type ClinicalProcedure => ?a type SurfaceForm	limits_for_alcohol_consumption_or_need_for_abstinence type ClinicalProcedure => limits_for_alcohol_consumption_or_need_for_abstinence type SurfaceForm
Rule_724	?a type ClinicalProcedure => ?a type SurfaceForm	risk_assessment type ClinicalProcedure => risk_assessment type SurfaceForm
Rule_724	?a type ClinicalProcedure => ?a type SurfaceForm	monitor_pharmacy_fills,_using_available_clinical_databases_or_automated_alerts_for_failed_fills_and_refills type ClinicalProcedure => monitor_pharmacy_fills,_using_available_clinical_databases_or_automated_alerts_for_failed_fills_and_refills type SurfaceForm
Rule_724	?a type ClinicalProcedure => ?a type SurfaceForm	participation_in_most_competitive_sports_with_a_moderate_and_high_cv_demand type ClinicalProcedure => participation_in_most_competitive_sports_with_a_moderate_and_high_cv_demand type SurfaceForm
Rule_724	?a type ClinicalProcedure => ?a type SurfaceForm	palliative_and_supportive_approaches type ClinicalProcedure => palliative_and_supportive_approaches type SurfaceForm
Rule_724	?a type ClinicalProcedure => ?a type SurfaceForm	exercises_performed_in_face_down_position_and_extreme_stretching_exercises_for_the_upper_part_of_the_body type ClinicalProcedure => exercises_performed_in_face_down_position_and_extreme_stretching_exercises_for_the_upper_part_of_the_body type SurfaceForm
Rule_724	?a type ClinicalProcedure => ?a type SurfaceForm	frequent_and_careful_follow-up_visits type ClinicalProcedure => frequent_and_careful_follow-up_visits type SurfaceForm
Rule_724	?a type ClinicalProcedure => ?a type SurfaceForm	30%E2%80%9345_g_of_fibre_per_day,_preferably_from_wholegrain_products type ClinicalProcedure => 30%E2%80%9345_g_of_fibre_per_day,_preferably_from_wholegrain_products type SurfaceForm
Rule_724	?a type ClinicalProcedure => ?a type SurfaceForm	chronic_dynamic_and_resistance_exercises type ClinicalProcedure => chronic_dynamic_and_resistance_exercises type SurfaceForm
Rule_724	?a type ClinicalProcedure => ?a type SurfaceForm	pharmacological_rate_control type ClinicalProcedure => pharmacological_rate_control type SurfaceForm
Rule_724	?a type ClinicalProcedure => ?a type SurfaceForm	removing_the_icd type ClinicalProcedure => removing_the_icd type SurfaceForm
Rule_724	?a type ClinicalProcedure => ?a type SurfaceForm	early_follow-up_visit type ClinicalProcedure => early_follow-up_visit type SurfaceForm
Rule_724	?a type ClinicalProcedure => ?a type SurfaceForm	circuit_training type ClinicalProcedure => circuit_training type SurfaceForm
Rule_724	?a type ClinicalProcedure => ?a type SurfaceForm	personalized_counseling type ClinicalProcedure => personalized_counseling type SurfaceForm
Rule_724	?a type ClinicalProcedure => ?a type SurfaceForm	treatment_of_distress type ClinicalProcedure => treatment_of_distress type SurfaceForm
Rule_724	?a type ClinicalProcedure => ?a type SurfaceForm	artificial_methods_of_inducing_autonomic_dysreflexia_by_causing_intentional_pain_to_the_lower_half_of_the_body_('boosting')_through_obstruction_of_an_indwelling_urinary_catheter,_overly_tight_leg_straps_and_electrical_shocks_or_other_methods_of_pain_to_the_genitalia_or_lower_limbs type ClinicalProcedure => artificial_methods_of_inducing_autonomic_dysreflexia_by_causing_intentional_pain_to_the_lower_half_of_the_body_('boosting')_through_obstruction_of_an_indwelling_urinary_catheter,_overly_tight_leg_straps_and_electrical_shocks_or_other_methods_of_pain_to_the_genitalia_or_lower_limbs type SurfaceForm
Rule_724	?a type ClinicalProcedure => ?a type SurfaceForm	implantation_of_icd type ClinicalProcedure => implantation_of_icd type SurfaceForm
Rule_724	?a type ClinicalProcedure => ?a type SurfaceForm	participation_in_competitive_sports_(with_or_without_icd) type ClinicalProcedure => participation_in_competitive_sports_(with_or_without_icd) type SurfaceForm
Rule_724	?a type ClinicalProcedure => ?a type SurfaceForm	history_and_physical_examination type ClinicalProcedure => history_and_physical_examination type SurfaceForm
Rule_724	?a type ClinicalProcedure => ?a type SurfaceForm	remote_device_management_of_pacemakers type ClinicalProcedure => remote_device_management_of_pacemakers type SurfaceForm
Rule_724	?a type ClinicalProcedure => ?a type SurfaceForm	provide_instructions_on_when_to_call_for_refills_or_report_problems type ClinicalProcedure => provide_instructions_on_when_to_call_for_refills_or_report_problems type SurfaceForm
Rule_724	?a type ClinicalProcedure => ?a type SurfaceForm	pcsk9_inhibitor_plus_high-intensity_statin type ClinicalProcedure => pcsk9_inhibitor_plus_high-intensity_statin type SurfaceForm
Rule_724	?a type ClinicalProcedure => ?a type SurfaceForm	treatment_of_hypertension type ClinicalProcedure => treatment_of_hypertension type SurfaceForm
Rule_724	?a type ClinicalProcedure => ?a type SurfaceForm	changing_sensing_decay_parameters type ClinicalProcedure => changing_sensing_decay_parameters type SurfaceForm
Rule_724	?a type ClinicalProcedure => ?a type SurfaceForm	revascularization type ClinicalProcedure => revascularization type SurfaceForm
Rule_724	?a type ClinicalProcedure => ?a type SurfaceForm	the_cuff_should_be_positioned_at_the_level_of_the_heart_with_the_back_and_arm_supported,_to_avoid_muscle_contraction_and_isometric-exercise-dependant_increases_in_bp. type ClinicalProcedure => the_cuff_should_be_positioned_at_the_level_of_the_heart_with_the_back_and_arm_supported,_to_avoid_muscle_contraction_and_isometric-exercise-dependant_increases_in_bp. type SurfaceForm
Rule_724	?a type ClinicalProcedure => ?a type SurfaceForm	adequate_caloric_and_protein_intake type ClinicalProcedure => adequate_caloric_and_protein_intake type SurfaceForm
Rule_724	?a type ClinicalProcedure => ?a type SurfaceForm	current_food_intake type ClinicalProcedure => current_food_intake type SurfaceForm
Rule_724	?a type ClinicalProcedure => ?a type SurfaceForm	before_permanent_pacemaker_implantation,_a_period_of_observation_for_up_to_6_weeks type ClinicalProcedure => before_permanent_pacemaker_implantation,_a_period_of_observation_for_up_to_6_weeks type SurfaceForm
Rule_724	?a type ClinicalProcedure => ?a type SurfaceForm	counseling type ClinicalProcedure => counseling type SurfaceForm
Rule_724	?a type ClinicalProcedure => ?a type SurfaceForm	low-calorie_diets_followed_by_food_reintroduction_and_weight-maintenance_phases type ClinicalProcedure => low-calorie_diets_followed_by_food_reintroduction_and_weight-maintenance_phases type SurfaceForm
Rule_724	?a type ClinicalProcedure => ?a type SurfaceForm	principles_of_patient-centred_care_and_shared_decision-making type ClinicalProcedure => principles_of_patient-centred_care_and_shared_decision-making type SurfaceForm
Rule_724	?a type ClinicalProcedure => ?a type SurfaceForm	intervention:_provide_structured_follow-up._offer_behavioural_advice_and_group_or_individual_counselling type ClinicalProcedure => intervention:_provide_structured_follow-up._offer_behavioural_advice_and_group_or_individual_counselling type SurfaceForm
Rule_724	?a type ClinicalProcedure => ?a type SurfaceForm	cardiac_imaging_(two-dimensional_and_doppler_echocardiography):_in_particular_left_ventricular_systolic_and_diastolic_function,_right_ventricular_systolic_function_and_heart_valve_diseases_evaluation_when_appropriate type ClinicalProcedure => cardiac_imaging_(two-dimensional_and_doppler_echocardiography):_in_particular_left_ventricular_systolic_and_diastolic_function,_right_ventricular_systolic_function_and_heart_valve_diseases_evaluation_when_appropriate type SurfaceForm
Rule_724	?a type ClinicalProcedure => ?a type SurfaceForm	active_and_systematic_mobilization_of_the_upper_and_lower_limbs type ClinicalProcedure => active_and_systematic_mobilization_of_the_upper_and_lower_limbs type SurfaceForm
Rule_724	?a type ClinicalProcedure => ?a type SurfaceForm	in-office_visits type ClinicalProcedure => in-office_visits type SurfaceForm
Rule_724	?a type ClinicalProcedure => ?a type SurfaceForm	awaiting_heart_transplant type ClinicalProcedure => awaiting_heart_transplant type SurfaceForm
Rule_724	?a type ClinicalProcedure => ?a type SurfaceForm	for_implantation_of_coronary_sinus_leads,_quadri-polar_leads type ClinicalProcedure => for_implantation_of_coronary_sinus_leads,_quadri-polar_leads type SurfaceForm
Rule_724	?a type ClinicalProcedure => ?a type SurfaceForm	optimize_raas_inhibitor_therapy type ClinicalProcedure => optimize_raas_inhibitor_therapy type SurfaceForm
Rule_724	?a type ClinicalProcedure => ?a type SurfaceForm	device_therapy type ClinicalProcedure => device_therapy type SurfaceForm
Rule_724	?a type ClinicalProcedure => ?a type SurfaceForm	av_nodal_ablation type ClinicalProcedure => av_nodal_ablation type SurfaceForm
Rule_724	?a type ClinicalProcedure => ?a type SurfaceForm	participation_in_structured_exercise_programmes type ClinicalProcedure => participation_in_structured_exercise_programmes type SurfaceForm
Rule_724	?a type ClinicalProcedure => ?a type SurfaceForm	af_ablation type ClinicalProcedure => af_ablation type SurfaceForm
Rule_724	?a type ClinicalProcedure => ?a type SurfaceForm	ventricular_pacing type ClinicalProcedure => ventricular_pacing type SurfaceForm
Rule_724	?a type ClinicalProcedure => ?a type SurfaceForm	decisions_on_when_to_initiate_treatments_to_reduce_pain_and_suffering_that_may_hasten_death type ClinicalProcedure => decisions_on_when_to_initiate_treatments_to_reduce_pain_and_suffering_that_may_hasten_death type SurfaceForm
Rule_724	?a type ClinicalProcedure => ?a type SurfaceForm	electrical_shock type ClinicalProcedure => electrical_shock type SurfaceForm
Rule_724	?a type ClinicalProcedure => ?a type SurfaceForm	balance_training type ClinicalProcedure => balance_training type SurfaceForm
Rule_724	?a type ClinicalProcedure => ?a type SurfaceForm	strong_support_network type ClinicalProcedure => strong_support_network type SurfaceForm
Rule_724	?a type ClinicalProcedure => ?a type SurfaceForm	individualized_cardiac_rehabilitation_programme type ClinicalProcedure => individualized_cardiac_rehabilitation_programme type SurfaceForm
Rule_724	?a type ClinicalProcedure => ?a type SurfaceForm	review_of_device_therapy type ClinicalProcedure => review_of_device_therapy type SurfaceForm
Rule_724	?a type ClinicalProcedure => ?a type SurfaceForm	strength_exercises type ClinicalProcedure => strength_exercises type SurfaceForm
Rule_724	?a type ClinicalProcedure => ?a type SurfaceForm	comprehensive_evaluation type ClinicalProcedure => comprehensive_evaluation type SurfaceForm
Rule_724	?a type ClinicalProcedure => ?a type SurfaceForm	nutritional_management type ClinicalProcedure => nutritional_management type SurfaceForm
Rule_724	?a type ClinicalProcedure => ?a type SurfaceForm	annual_review type ClinicalProcedure => annual_review type SurfaceForm
Rule_724	?a type ClinicalProcedure => ?a type SurfaceForm	participation_in_any_competitive_sport,_or_leisure_sports/exercise_of_mild_to_moderate_intensity type ClinicalProcedure => participation_in_any_competitive_sport,_or_leisure_sports/exercise_of_mild_to_moderate_intensity type SurfaceForm
Rule_724	?a type ClinicalProcedure => ?a type SurfaceForm	reminders type ClinicalProcedure => reminders type SurfaceForm
Rule_724	?a type ClinicalProcedure => ?a type SurfaceForm	psychotherapy type ClinicalProcedure => psychotherapy type SurfaceForm
Rule_724	?a type ClinicalProcedure => ?a type SurfaceForm	alcohol_advice type ClinicalProcedure => alcohol_advice type SurfaceForm
Rule_724	?a type ClinicalProcedure => ?a type SurfaceForm	interval type ClinicalProcedure => interval type SurfaceForm
Rule_724	?a type ClinicalProcedure => ?a type SurfaceForm	icd_therapies type ClinicalProcedure => icd_therapies type SurfaceForm
Rule_724	?a type ClinicalProcedure => ?a type SurfaceForm	medication_system_that_promotes_routine_adherence type ClinicalProcedure => medication_system_that_promotes_routine_adherence type SurfaceForm
Rule_724	?a type ClinicalProcedure => ?a type SurfaceForm	pre-operative_catheter_mapping type ClinicalProcedure => pre-operative_catheter_mapping type SurfaceForm
Rule_724	?a type ClinicalProcedure => ?a type SurfaceForm	catheter_ablation type ClinicalProcedure => catheter_ablation type SurfaceForm
Rule_724	?a type ClinicalProcedure => ?a type SurfaceForm	consider_costs_and_access type ClinicalProcedure => consider_costs_and_access type SurfaceForm
Rule_724	?a type ClinicalProcedure => ?a type SurfaceForm	exercise type ClinicalProcedure => exercise type SurfaceForm
Rule_724	?a type ClinicalProcedure => ?a type SurfaceForm	titration_of_guideline-directed_medication_dosing_to_achieve_target_doses type ClinicalProcedure => titration_of_guideline-directed_medication_dosing_to_achieve_target_doses type SurfaceForm
Rule_724	?a type ClinicalProcedure => ?a type SurfaceForm	recommend_22_kcal/kg_actual_body_weight_nourished_or_24_kcal/kg_malnourished,_or_base_on_ree_strength_of_evidence_=_fair type ClinicalProcedure => recommend_22_kcal/kg_actual_body_weight_nourished_or_24_kcal/kg_malnourished,_or_base_on_ree_strength_of_evidence_=_fair type SurfaceForm
Rule_724	?a type ClinicalProcedure => ?a type SurfaceForm	every_possible_support type ClinicalProcedure => every_possible_support type SurfaceForm
Rule_724	?a type ClinicalProcedure => ?a type SurfaceForm	more_seamless_system_from_inpatient_to_outpatient_care type ClinicalProcedure => more_seamless_system_from_inpatient_to_outpatient_care type SurfaceForm
Rule_724	?a type ClinicalProcedure => ?a type SurfaceForm	use_the_%22teach_back%22_principle_to_reinforce_education type ClinicalProcedure => use_the_%22teach_back%22_principle_to_reinforce_education type SurfaceForm
Rule_724	?a type ClinicalProcedure => ?a type SurfaceForm	potassium_repletion type ClinicalProcedure => potassium_repletion type SurfaceForm
Rule_724	?a type ClinicalProcedure => ?a type SurfaceForm	continuous_positive_airway_pressure type ClinicalProcedure => continuous_positive_airway_pressure type SurfaceForm
Rule_724	?a type ClinicalProcedure => ?a type SurfaceForm	patients_should_be_seated_comfortably_in_a_quiet_environment_for_5_min_before_bp_measurements. type ClinicalProcedure => patients_should_be_seated_comfortably_in_a_quiet_environment_for_5_min_before_bp_measurements. type SurfaceForm
Rule_724	?a type ClinicalProcedure => ?a type SurfaceForm	pes type ClinicalProcedure => pes type SurfaceForm
Rule_724	?a type ClinicalProcedure => ?a type SurfaceForm	regular_follow-up type ClinicalProcedure => regular_follow-up type SurfaceForm
Rule_724	?a type ClinicalProcedure => ?a type SurfaceForm	blood_pressure_lowering_therapy type ClinicalProcedure => blood_pressure_lowering_therapy type SurfaceForm
Rule_724	?a type ClinicalProcedure => ?a type SurfaceForm	electrophysiologic_intervention type ClinicalProcedure => electrophysiologic_intervention type SurfaceForm
Rule_724	?a type ClinicalProcedure => ?a type SurfaceForm	routine_flossing type ClinicalProcedure => routine_flossing type SurfaceForm
Rule_724	?a type ClinicalProcedure => ?a type SurfaceForm	identify_specific_signs_and_symptoms type ClinicalProcedure => identify_specific_signs_and_symptoms type SurfaceForm
Rule_724	?a type ClinicalProcedure => ?a type SurfaceForm	hbp type ClinicalProcedure => hbp type SurfaceForm
Rule_724	?a type ClinicalProcedure => ?a type SurfaceForm	reduction_in_energy_intake type ClinicalProcedure => reduction_in_energy_intake type SurfaceForm
Rule_724	?a type ClinicalProcedure => ?a type SurfaceForm	multiple_sessions_of_exercise type ClinicalProcedure => multiple_sessions_of_exercise type SurfaceForm
Rule_724	?a type ClinicalProcedure => ?a type SurfaceForm	ca type ClinicalProcedure => ca type SurfaceForm
Rule_724	?a type ClinicalProcedure => ?a type SurfaceForm	alert_parameters type ClinicalProcedure => alert_parameters type SurfaceForm
Rule_724	?a type ClinicalProcedure => ?a type SurfaceForm	sedation_protocols_targeting_light_sedation_with_rass_or_sas_scores type ClinicalProcedure => sedation_protocols_targeting_light_sedation_with_rass_or_sas_scores type SurfaceForm
Rule_724	?a type ClinicalProcedure => ?a type SurfaceForm	consider_drug_treatment_in_high_normal_bp,_in_very_high_risk_patients_with_cvd type ClinicalProcedure => consider_drug_treatment_in_high_normal_bp,_in_very_high_risk_patients_with_cvd type SurfaceForm
Rule_724	?a type ClinicalProcedure => ?a type SurfaceForm	in-hospital/pre-discharge_initiation_following_decompensation type ClinicalProcedure => in-hospital/pre-discharge_initiation_following_decompensation type SurfaceForm
Rule_724	?a type ClinicalProcedure => ?a type SurfaceForm	electrophysiologic_intervention,_including_icd_implantation type ClinicalProcedure => electrophysiologic_intervention,_including_icd_implantation type SurfaceForm
Rule_724	?a type ClinicalProcedure => ?a type SurfaceForm	abstain_from_alcohol type ClinicalProcedure => abstain_from_alcohol type SurfaceForm
Rule_724	?a type ClinicalProcedure => ?a type SurfaceForm	recommend_tools_that_support_adherence_in_real_time type ClinicalProcedure => recommend_tools_that_support_adherence_in_real_time type SurfaceForm
Rule_724	?a type ClinicalProcedure => ?a type SurfaceForm	patients_with_an_impaired_systemic_lv type ClinicalProcedure => patients_with_an_impaired_systemic_lv type SurfaceForm
Rule_724	?a type ClinicalProcedure => ?a type SurfaceForm	mediterranean-type_diet type ClinicalProcedure => mediterranean-type_diet type SurfaceForm
Rule_724	?a type ClinicalProcedure => ?a type SurfaceForm	stopping_smoking type ClinicalProcedure => stopping_smoking type SurfaceForm
Rule_724	?a type ClinicalProcedure => ?a type SurfaceForm	family_segregation type ClinicalProcedure => family_segregation type SurfaceForm
Rule_724	?a type ClinicalProcedure => ?a type SurfaceForm	all_smokers_should_be_professionally_encouraged_to_permanently_stop_smoking_all_forms_of_tobacco._follow-up,_referral_to_special_multidisciplinary_programmes_and/or_pharmacotherapy_(including_nicotine_replacement)_are_recommended,_as_a_stepwise_strategy_for_smoking_cessation._structured_approaches_are_to_be_used,_for_example,_5as:_ask,_advise,_assess,_assist,_arrange type ClinicalProcedure => all_smokers_should_be_professionally_encouraged_to_permanently_stop_smoking_all_forms_of_tobacco._follow-up,_referral_to_special_multidisciplinary_programmes_and/or_pharmacotherapy_(including_nicotine_replacement)_are_recommended,_as_a_stepwise_strategy_for_smoking_cessation._structured_approaches_are_to_be_used,_for_example,_5as:_ask,_advise,_assess,_assist,_arrange type SurfaceForm
Rule_724	?a type ClinicalProcedure => ?a type SurfaceForm	simple_questions type ClinicalProcedure => simple_questions type SurfaceForm
Rule_724	?a type ClinicalProcedure => ?a type SurfaceForm	public-access_defibrillation type ClinicalProcedure => public-access_defibrillation type SurfaceForm
Rule_724	?a type ClinicalProcedure => ?a type SurfaceForm	icd_implantation type ClinicalProcedure => icd_implantation type SurfaceForm
Rule_724	?a type ClinicalProcedure => ?a type SurfaceForm	re-evaluation type ClinicalProcedure => re-evaluation type SurfaceForm
Rule_724	?a type ClinicalProcedure => ?a type SurfaceForm	device_programming_tailored_to_specific_requirements_of_his_bundle_pacing type ClinicalProcedure => device_programming_tailored_to_specific_requirements_of_his_bundle_pacing type SurfaceForm
Rule_724	?a type ClinicalProcedure => ?a type SurfaceForm	intensified_attention_and_support type ClinicalProcedure => intensified_attention_and_support type SurfaceForm
Rule_724	?a type ClinicalProcedure => ?a type SurfaceForm	management type ClinicalProcedure => management type SurfaceForm
Rule_724	?a type ClinicalProcedure => ?a type SurfaceForm	concomitant_surgical_ablation type ClinicalProcedure => concomitant_surgical_ablation type SurfaceForm
Rule_724	?a type ClinicalProcedure => ?a type SurfaceForm	moderate_or_vigorous_aerobic_exercise type ClinicalProcedure => moderate_or_vigorous_aerobic_exercise type SurfaceForm
Rule_724	?a type ClinicalProcedure => ?a type SurfaceForm	dedicated_unit type ClinicalProcedure => dedicated_unit type SurfaceForm
Rule_724	?a type ClinicalProcedure => ?a type SurfaceForm	specific_laboratory_tests type ClinicalProcedure => specific_laboratory_tests type SurfaceForm
Rule_724	?a type ClinicalProcedure => ?a type SurfaceForm	insertion_of_a_sensing/pacing_lead type ClinicalProcedure => insertion_of_a_sensing/pacing_lead type SurfaceForm
Rule_724	?a type ClinicalProcedure => ?a type SurfaceForm	assessment:_daily_caloric_intake_and_dietary_content_of_fat,_saturated_fat,_sodium_and_other_nutrients._assess_eating_habits type ClinicalProcedure => assessment:_daily_caloric_intake_and_dietary_content_of_fat,_saturated_fat,_sodium_and_other_nutrients._assess_eating_habits type SurfaceForm
Rule_724	?a type ClinicalProcedure => ?a type SurfaceForm	period_of_observation type ClinicalProcedure => period_of_observation type SurfaceForm
Rule_724	?a type ClinicalProcedure => ?a type SurfaceForm	supervised_group_activities type ClinicalProcedure => supervised_group_activities type SurfaceForm
Rule_724	?a type ClinicalProcedure => ?a type SurfaceForm	interdisciplinary_cooperation type ClinicalProcedure => interdisciplinary_cooperation type SurfaceForm
Rule_724	?a type ClinicalProcedure => ?a type SurfaceForm	power_sports type ClinicalProcedure => power_sports type SurfaceForm
Rule_724	?a type ClinicalProcedure => ?a type SurfaceForm	cocaine,_cannabis,_and_excessive_alcohol_intake type ClinicalProcedure => cocaine,_cannabis,_and_excessive_alcohol_intake type SurfaceForm
Rule_724	?a type ClinicalProcedure => ?a type SurfaceForm	participation_in_recreational_exercise_programmes_of_low_to_moderate_intensity type ClinicalProcedure => participation_in_recreational_exercise_programmes_of_low_to_moderate_intensity type SurfaceForm
Rule_724	?a type ClinicalProcedure => ?a type SurfaceForm	mcs type ClinicalProcedure => mcs type SurfaceForm
Rule_724	?a type ClinicalProcedure => ?a type SurfaceForm	sodium_and_fluid_restriction type ClinicalProcedure => sodium_and_fluid_restriction type SurfaceForm
Rule_724	?a type ClinicalProcedure => ?a type SurfaceForm	optimize_the_patient's_quality_of_life type ClinicalProcedure => optimize_the_patient's_quality_of_life type SurfaceForm
Rule_724	?a type ClinicalProcedure => ?a type SurfaceForm	cardiac_ct type ClinicalProcedure => cardiac_ct type SurfaceForm
Rule_724	?a type ClinicalProcedure => ?a type SurfaceForm	decision_on_management_strategy type ClinicalProcedure => decision_on_management_strategy type SurfaceForm
Rule_724	?a type ClinicalProcedure => ?a type SurfaceForm	progressively_increasing_training_regimen type ClinicalProcedure => progressively_increasing_training_regimen type SurfaceForm
Rule_724	?a type ClinicalProcedure => ?a type SurfaceForm	passive_smoking type ClinicalProcedure => passive_smoking type SurfaceForm
Rule_724	?a type ClinicalProcedure => ?a type SurfaceForm	skill type ClinicalProcedure => skill type SurfaceForm
Rule_724	?a type ClinicalProcedure => ?a type SurfaceForm	all_forms_of_treatment_programme type ClinicalProcedure => all_forms_of_treatment_programme type SurfaceForm
Rule_724	?a type ClinicalProcedure => ?a type SurfaceForm	device_implantation type ClinicalProcedure => device_implantation type SurfaceForm
Rule_724	?a type ClinicalProcedure => ?a type SurfaceForm	icd_shock_therapy type ClinicalProcedure => icd_shock_therapy type SurfaceForm
Rule_724	?a type ClinicalProcedure => ?a type SurfaceForm	evaluation_for_residual_lesions_or_new_structural_abnormalities type ClinicalProcedure => evaluation_for_residual_lesions_or_new_structural_abnormalities type SurfaceForm
Rule_724	?a type ClinicalProcedure => ?a type SurfaceForm	alcohol_moderation_and_smoking_cessation type ClinicalProcedure => alcohol_moderation_and_smoking_cessation type SurfaceForm
Rule_724	?a type ClinicalProcedure => ?a type SurfaceForm	more_detailed_and_continuing_discussion type ClinicalProcedure => more_detailed_and_continuing_discussion type SurfaceForm
Rule_724	?a type ClinicalProcedure => ?a type SurfaceForm	cardiac_assessment type ClinicalProcedure => cardiac_assessment type SurfaceForm
Rule_724	?a type ClinicalProcedure => ?a type SurfaceForm	right_heart_catheterization type ClinicalProcedure => right_heart_catheterization type SurfaceForm
Rule_724	?a type ClinicalProcedure => ?a type SurfaceForm	participation_in_moderate-_to_high-intensity_exercise,_including_competitive_sports type ClinicalProcedure => participation_in_moderate-_to_high-intensity_exercise,_including_competitive_sports type SurfaceForm
Rule_724	?a type ClinicalProcedure => ?a type SurfaceForm	daily_exercise type ClinicalProcedure => daily_exercise type SurfaceForm
Rule_724	?a type ClinicalProcedure => ?a type SurfaceForm	cpet type ClinicalProcedure => cpet type SurfaceForm
Rule_724	?a type ClinicalProcedure => ?a type SurfaceForm	self_care type ClinicalProcedure => self_care type SurfaceForm
Rule_724	?a type ClinicalProcedure => ?a type SurfaceForm	stress_echocardiography type ClinicalProcedure => stress_echocardiography type SurfaceForm
Rule_724	?a type ClinicalProcedure => ?a type SurfaceForm	heart_transplant type ClinicalProcedure => heart_transplant type SurfaceForm
Rule_724	?a type ClinicalProcedure => ?a type SurfaceForm	acute_ppcm_treatment type ClinicalProcedure => acute_ppcm_treatment type SurfaceForm
Rule_724	?a type ClinicalProcedure => ?a type SurfaceForm	individualized_exercise_prescription type ClinicalProcedure => individualized_exercise_prescription type SurfaceForm
Rule_724	?a type ClinicalProcedure => ?a type SurfaceForm	sewing_in_the_lead_between_the_annulus_and_a_bioprosthesis_or_annuloplasty_ring type ClinicalProcedure => sewing_in_the_lead_between_the_annulus_and_a_bioprosthesis_or_annuloplasty_ring type SurfaceForm
Rule_724	?a type ClinicalProcedure => ?a type SurfaceForm	transvenous_transvalvular_approach type ClinicalProcedure => transvenous_transvalvular_approach type SurfaceForm
Rule_724	?a type ClinicalProcedure => ?a type SurfaceForm	clinical_history:_screening_for_cardiovascular_risk_factors,_comorbidities_and_disabilities type ClinicalProcedure => clinical_history:_screening_for_cardiovascular_risk_factors,_comorbidities_and_disabilities type SurfaceForm
Rule_724	?a type ClinicalProcedure => ?a type SurfaceForm	routine_preoperative_fasting type ClinicalProcedure => routine_preoperative_fasting type SurfaceForm
Rule_724	?a type ClinicalProcedure => ?a type SurfaceForm	chest_radiation type ClinicalProcedure => chest_radiation type SurfaceForm
Rule_724	?a type ClinicalProcedure => ?a type SurfaceForm	optimal_radiation_protection type ClinicalProcedure => optimal_radiation_protection type SurfaceForm
Rule_724	?a type ClinicalProcedure => ?a type SurfaceForm	restricting_direct_impact_sports type ClinicalProcedure => restricting_direct_impact_sports type SurfaceForm
Rule_724	?a type ClinicalProcedure => ?a type SurfaceForm	multi-professional_disease_management type ClinicalProcedure => multi-professional_disease_management type SurfaceForm
Rule_724	?a type ClinicalProcedure => ?a type SurfaceForm	advise_on_appropriate_types_of_activities_and_ways_of_progressing type ClinicalProcedure => advise_on_appropriate_types_of_activities_and_ways_of_progressing type SurfaceForm
Rule_724	?a type ClinicalProcedure => ?a type SurfaceForm	implantation_of_a_new_icd type ClinicalProcedure => implantation_of_a_new_icd type SurfaceForm
Rule_724	?a type ClinicalProcedure => ?a type SurfaceForm	supplemental_oxygen type ClinicalProcedure => supplemental_oxygen type SurfaceForm
Rule_724	?a type ClinicalProcedure => ?a type SurfaceForm	basic_hf_information,_cause_of_patient's_hf,_and_how_symptoms_relate_to_hf_status type ClinicalProcedure => basic_hf_information,_cause_of_patient's_hf,_and_how_symptoms_relate_to_hf_status type SurfaceForm
Rule_724	?a type ClinicalProcedure => ?a type SurfaceForm	personalized_approach type ClinicalProcedure => personalized_approach type SurfaceForm
Rule_724	?a type ClinicalProcedure => ?a type SurfaceForm	decision-making_skills type ClinicalProcedure => decision-making_skills type SurfaceForm
Rule_724	?a type ClinicalProcedure => ?a type SurfaceForm	rrt type ClinicalProcedure => rrt type SurfaceForm
Rule_724	?a type ClinicalProcedure => ?a type SurfaceForm	transplantation type ClinicalProcedure => transplantation type SurfaceForm
Rule_724	?a type ClinicalProcedure => ?a type SurfaceForm	current_drug_treatment type ClinicalProcedure => current_drug_treatment type SurfaceForm
Rule_724	?a type ClinicalProcedure => ?a type SurfaceForm	influenza_and_pneumococcal_vaccinations type ClinicalProcedure => influenza_and_pneumococcal_vaccinations type SurfaceForm
Rule_724	?a type ClinicalProcedure => ?a type SurfaceForm	exercise_or_sport_involving_forceful_physical_contact,_risk_of_falling_or_abdominal_trauma,_heavy_lifting,_scuba_diving,_or_exercising_at_high_altitude_when_unacclimatized type ClinicalProcedure => exercise_or_sport_involving_forceful_physical_contact,_risk_of_falling_or_abdominal_trauma,_heavy_lifting,_scuba_diving,_or_exercising_at_high_altitude_when_unacclimatized type SurfaceForm
Rule_724	?a type ClinicalProcedure => ?a type SurfaceForm	standard_therapy type ClinicalProcedure => standard_therapy type SurfaceForm
Rule_724	?a type ClinicalProcedure => ?a type SurfaceForm	graphic_educational_documents type ClinicalProcedure => graphic_educational_documents type SurfaceForm
Rule_724	?a type ClinicalProcedure => ?a type SurfaceForm	myocardial_perfusion_imaging type ClinicalProcedure => myocardial_perfusion_imaging type SurfaceForm
Rule_724	?a type ClinicalProcedure => ?a type SurfaceForm	preference_of_caregiver/family_involvement type ClinicalProcedure => preference_of_caregiver/family_involvement type SurfaceForm
Rule_724	?a type ClinicalProcedure => ?a type SurfaceForm	sports_participation type ClinicalProcedure => sports_participation type SurfaceForm
Rule_724	?a type ClinicalProcedure => ?a type SurfaceForm	transition_of_care type ClinicalProcedure => transition_of_care type SurfaceForm
Rule_724	?a type ClinicalProcedure => ?a type SurfaceForm	provision_of_an_individualized_exercise_prescription type ClinicalProcedure => provision_of_an_individualized_exercise_prescription type SurfaceForm
Rule_724	?a type ClinicalProcedure => ?a type SurfaceForm	initiation type ClinicalProcedure => initiation type SurfaceForm
Rule_724	?a type ClinicalProcedure => ?a type SurfaceForm	establishment_of_structured_follow-up_focused_on_rehabilitative_goals_and_secondary_prevention_in_the_short_and_long_term. type ClinicalProcedure => establishment_of_structured_follow-up_focused_on_rehabilitative_goals_and_secondary_prevention_in_the_short_and_long_term. type SurfaceForm
Rule_724	?a type ClinicalProcedure => ?a type SurfaceForm	standardization type ClinicalProcedure => standardization type SurfaceForm
Rule_724	?a type ClinicalProcedure => ?a type SurfaceForm	whenever_possible,_induce_spouses_and_other_family_members,_domestic_partners,_and/or_significant_others_in_such_sessions_(to_be_applied_to_other_lifestyle_measures_also)._teach_and_support_self-help_strategies_and_ability_to_obtain_effective_social_support. type ClinicalProcedure => whenever_possible,_induce_spouses_and_other_family_members,_domestic_partners,_and/or_significant_others_in_such_sessions_(to_be_applied_to_other_lifestyle_measures_also)._teach_and_support_self-help_strategies_and_ability_to_obtain_effective_social_support. type SurfaceForm
Rule_724	?a type ClinicalProcedure => ?a type SurfaceForm	medication/devices type ClinicalProcedure => medication/devices type SurfaceForm
Rule_724	?a type ClinicalProcedure => ?a type SurfaceForm	head_of_bed_elevation type ClinicalProcedure => head_of_bed_elevation type SurfaceForm
Rule_724	?a type ClinicalProcedure => ?a type SurfaceForm	implantation_of_a_transvalvular_rv_lead type ClinicalProcedure => implantation_of_a_transvalvular_rv_lead type SurfaceForm
Rule_724	?a type ClinicalProcedure => ?a type SurfaceForm	communication_with_the_patient's_family type ClinicalProcedure => communication_with_the_patient's_family type SurfaceForm
Rule_724	?a type ClinicalProcedure => ?a type SurfaceForm	genetic_counselling_and_genetic_testing type ClinicalProcedure => genetic_counselling_and_genetic_testing type SurfaceForm
Rule_724	?a type ClinicalProcedure => ?a type SurfaceForm	myomectomy type ClinicalProcedure => myomectomy type SurfaceForm
Rule_724	?a type ClinicalProcedure => ?a type SurfaceForm	informed_discussion type ClinicalProcedure => informed_discussion type SurfaceForm
Rule_724	?a type ClinicalProcedure => ?a type SurfaceForm	evaluation_and_treatment_of_svt_with_rapid_ventricular_conduction type ClinicalProcedure => evaluation_and_treatment_of_svt_with_rapid_ventricular_conduction type SurfaceForm
Rule_724	?a type ClinicalProcedure => ?a type SurfaceForm	reasonable_as_adjuvant_therapy_for_hfref_or_hfpef_nyha_ii%E2%80%93iv_(class_iia)_strength_of_evidence_=_b type ClinicalProcedure => reasonable_as_adjuvant_therapy_for_hfref_or_hfpef_nyha_ii%E2%80%93iv_(class_iia)_strength_of_evidence_=_b type SurfaceForm
Rule_724	?a type ClinicalProcedure => ?a type SurfaceForm	high-intensity_power_and_endurance_sports type ClinicalProcedure => high-intensity_power_and_endurance_sports type SurfaceForm
Rule_724	?a type ClinicalProcedure => ?a type SurfaceForm	treatment_of_hemodynamic_abnormalities_with_catheter_or_surgical_intervention type ClinicalProcedure => treatment_of_hemodynamic_abnormalities_with_catheter_or_surgical_intervention type SurfaceForm
Rule_724	?a type ClinicalProcedure => ?a type SurfaceForm	shared_decision-making_approach type ClinicalProcedure => shared_decision-making_approach type SurfaceForm
Rule_724	?a type ClinicalProcedure => ?a type SurfaceForm	submuscular_device_pocket type ClinicalProcedure => submuscular_device_pocket type SurfaceForm
Rule_724	?a type ClinicalProcedure => ?a type SurfaceForm	supervised,_in-hospital_exercise_training_programme type ClinicalProcedure => supervised,_in-hospital_exercise_training_programme type SurfaceForm
Rule_724	?a type ClinicalProcedure => ?a type SurfaceForm	supervised,_exercise-based,_cardiac_rehabilitation_programme type ClinicalProcedure => supervised,_exercise-based,_cardiac_rehabilitation_programme type SurfaceForm
Rule_724	?a type ClinicalProcedure => ?a type SurfaceForm	methods_to_increase_cr_and_prevention_referral_and_uptake type ClinicalProcedure => methods_to_increase_cr_and_prevention_referral_and_uptake type SurfaceForm
Rule_724	?a type ClinicalProcedure => ?a type SurfaceForm	evaluation_with_a_routine_history,_physical_examination,_chest_x-ray,_and_electrocardiogram_(ecg) type ClinicalProcedure => evaluation_with_a_routine_history,_physical_examination,_chest_x-ray,_and_electrocardiogram_(ecg) type SurfaceForm
Rule_724	?a type ClinicalProcedure => ?a type SurfaceForm	consultation_with_an_ep_specialist type ClinicalProcedure => consultation_with_an_ep_specialist type SurfaceForm
Rule_724	?a type ClinicalProcedure => ?a type SurfaceForm	adequate_control_of_the_ventricular_response_to_atrial_fibrillation type ClinicalProcedure => adequate_control_of_the_ventricular_response_to_atrial_fibrillation type SurfaceForm
Rule_724	?a type ClinicalProcedure => ?a type SurfaceForm	rapid_up-titration type ClinicalProcedure => rapid_up-titration type SurfaceForm
Rule_724	?a type ClinicalProcedure => ?a type SurfaceForm	hbp_with_a_ventricular_backup_lead type ClinicalProcedure => hbp_with_a_ventricular_backup_lead type SurfaceForm
Rule_724	?a type ClinicalProcedure => ?a type SurfaceForm	induction type ClinicalProcedure => induction type SurfaceForm
Rule_724	?a type ClinicalProcedure => ?a type SurfaceForm	education type ClinicalProcedure => education type SurfaceForm
Rule_724	?a type ClinicalProcedure => ?a type SurfaceForm	%E2%89%A5200_g_of_vegetables_per_day_(2%E2%80%933_servings) type ClinicalProcedure => %E2%89%A5200_g_of_vegetables_per_day_(2%E2%80%933_servings) type SurfaceForm
Rule_724	?a type ClinicalProcedure => ?a type SurfaceForm	specific_treatment type ClinicalProcedure => specific_treatment type SurfaceForm
Rule_724	?a type ClinicalProcedure => ?a type SurfaceForm	registered_dietitian_nutritionist_evaluation_for_malnutrition type ClinicalProcedure => registered_dietitian_nutritionist_evaluation_for_malnutrition type SurfaceForm
Rule_724	?a type ClinicalProcedure => ?a type SurfaceForm	venous_thromboembolism_prophylaxis type ClinicalProcedure => venous_thromboembolism_prophylaxis type SurfaceForm
Rule_724	?a type ClinicalProcedure => ?a type SurfaceForm	for_long-term_temporary_transvenous_pacing,_an_active_fixation_lead_inserted_through_the_skin_and_connected_to_an_external_pacemaker type ClinicalProcedure => for_long-term_temporary_transvenous_pacing,_an_active_fixation_lead_inserted_through_the_skin_and_connected_to_an_external_pacemaker type SurfaceForm
Rule_724	?a type ClinicalProcedure => ?a type SurfaceForm	endurance_sports type ClinicalProcedure => endurance_sports type SurfaceForm
Rule_724	?a type ClinicalProcedure => ?a type SurfaceForm	history type ClinicalProcedure => history type SurfaceForm
Rule_724	?a type ClinicalProcedure => ?a type SurfaceForm	pacing_therapy_for_bradycardia type ClinicalProcedure => pacing_therapy_for_bradycardia type SurfaceForm
Rule_724	?a type ClinicalProcedure => ?a type SurfaceForm	renal_replacement_therapy type ClinicalProcedure => renal_replacement_therapy type SurfaceForm
Rule_724	?a type ClinicalProcedure => ?a type SurfaceForm	sexual_activity type ClinicalProcedure => sexual_activity type SurfaceForm
Rule_724	?a type ClinicalProcedure => ?a type SurfaceForm	immune-modulating_formulas type ClinicalProcedure => immune-modulating_formulas type SurfaceForm
Rule_724	?a type ClinicalProcedure => ?a type SurfaceForm	reprogramming_the_device type ClinicalProcedure => reprogramming_the_device type SurfaceForm
Rule_724	?a type ClinicalProcedure => ?a type SurfaceForm	in_patients_treated_with_hbp,_device_programming_tailored_to_specific_requirements_of_his_bundle_pacing type ClinicalProcedure => in_patients_treated_with_hbp,_device_programming_tailored_to_specific_requirements_of_his_bundle_pacing type SurfaceForm
Rule_724	?a type ClinicalProcedure => ?a type SurfaceForm	an_early_follow-up_visit type ClinicalProcedure => an_early_follow-up_visit type SurfaceForm
Rule_724	?a type ClinicalProcedure => ?a type SurfaceForm	restrict_(processed)_meat type ClinicalProcedure => restrict_(processed)_meat type SurfaceForm
Rule_724	?a type ClinicalProcedure => ?a type SurfaceForm	intravenous_magnesium_and_potassium_supplementation type ClinicalProcedure => intravenous_magnesium_and_potassium_supplementation type SurfaceForm
Rule_724	?a type ClinicalProcedure => ?a type SurfaceForm	preventing_lactation type ClinicalProcedure => preventing_lactation type SurfaceForm
Rule_724	?a type ClinicalProcedure => ?a type SurfaceForm	fluid_balance type ClinicalProcedure => fluid_balance type SurfaceForm
Rule_724	?a type ClinicalProcedure => ?a type SurfaceForm	regular_assessment type ClinicalProcedure => regular_assessment type SurfaceForm
Rule_724	?a type ClinicalProcedure => ?a type SurfaceForm	icd_deactivation type ClinicalProcedure => icd_deactivation type SurfaceForm
Rule_724	?a type ClinicalProcedure => ?a type SurfaceForm	palliative_care_approaches type ClinicalProcedure => palliative_care_approaches type SurfaceForm
Rule_724	?a type ClinicalProcedure => ?a type SurfaceForm	smokers_who_quit_smoking_during_hospitalization_should_be_strongly_supported_to_stay_smoke_free_using_the_above_steps_in_smoking_cessation type ClinicalProcedure => smokers_who_quit_smoking_during_hospitalization_should_be_strongly_supported_to_stay_smoke_free_using_the_above_steps_in_smoking_cessation type SurfaceForm
Rule_724	?a type ClinicalProcedure => ?a type SurfaceForm	more_plant-based_food_pattern type ClinicalProcedure => more_plant-based_food_pattern type SurfaceForm
Rule_724	?a type ClinicalProcedure => ?a type SurfaceForm	hospice type ClinicalProcedure => hospice type SurfaceForm
Rule_724	?a type ClinicalProcedure => ?a type SurfaceForm	successful_thoracic_aorta_surgery type ClinicalProcedure => successful_thoracic_aorta_surgery type SurfaceForm
Rule_724	?a type ClinicalProcedure => ?a type SurfaceForm	resistance_training type ClinicalProcedure => resistance_training type SurfaceForm
Rule_724	?a type ClinicalProcedure => ?a type SurfaceForm	participation_in_high-intensity_recreational_exercise/sports_or_any_competitive_sports type ClinicalProcedure => participation_in_high-intensity_recreational_exercise/sports_or_any_competitive_sports type SurfaceForm
Rule_724	?a type ClinicalProcedure => ?a type SurfaceForm	in_patients_with_the_bradycardia-tachycardia_variant_of_snd,_programming_of_atrial_atp type ClinicalProcedure => in_patients_with_the_bradycardia-tachycardia_variant_of_snd,_programming_of_atrial_atp type SurfaceForm
Rule_724	?a type ClinicalProcedure => ?a type SurfaceForm	daily_sodium_intake_from_all_sources type ClinicalProcedure => daily_sodium_intake_from_all_sources type SurfaceForm
Rule_724	?a type ClinicalProcedure => ?a type SurfaceForm	mild_to_moderate_sedation type ClinicalProcedure => mild_to_moderate_sedation type SurfaceForm
Rule_724	?a type ClinicalProcedure => ?a type SurfaceForm	treat_according_to_current_acc/aha_guidelines_for_the_prevention,_detection,_evaluation,_and_management_of_high_blood_pressure_in_adults_(164) type ClinicalProcedure => treat_according_to_current_acc/aha_guidelines_for_the_prevention,_detection,_evaluation,_and_management_of_high_blood_pressure_in_adults_(164) type SurfaceForm
Rule_724	?a type ClinicalProcedure => ?a type SurfaceForm	nutritional_supplement_therapy type ClinicalProcedure => nutritional_supplement_therapy type SurfaceForm
Rule_724	?a type ClinicalProcedure => ?a type SurfaceForm	cardiopulmonary_exercise_test type ClinicalProcedure => cardiopulmonary_exercise_test type SurfaceForm
Rule_724	?a type ClinicalProcedure => ?a type SurfaceForm	early_follow-up type ClinicalProcedure => early_follow-up type SurfaceForm
Rule_724	?a type ClinicalProcedure => ?a type SurfaceForm	initiation_and_titration_of_gdmt type ClinicalProcedure => initiation_and_titration_of_gdmt type SurfaceForm
Rule_724	?a type ClinicalProcedure => ?a type SurfaceForm	connect_patients_with_community_housing_partners type ClinicalProcedure => connect_patients_with_community_housing_partners type SurfaceForm
Rule_724	?a type ClinicalProcedure => ?a type SurfaceForm	coronary_bypass_surgery type ClinicalProcedure => coronary_bypass_surgery type SurfaceForm
Rule_724	?a type ClinicalProcedure => ?a type SurfaceForm	follow-up_clinic_visit type ClinicalProcedure => follow-up_clinic_visit type SurfaceForm
Rule_724	?a type ClinicalProcedure => ?a type SurfaceForm	reprogramming type ClinicalProcedure => reprogramming type SurfaceForm
Rule_724	?a type ClinicalProcedure => ?a type SurfaceForm	clinical_evaluation_at_each_follow-up_visit type ClinicalProcedure => clinical_evaluation_at_each_follow-up_visit type SurfaceForm
Rule_724	?a type ClinicalProcedure => ?a type SurfaceForm	retrieval_of_recordings type ClinicalProcedure => retrieval_of_recordings type SurfaceForm
Rule_724	?a type ClinicalProcedure => ?a type SurfaceForm	identify_etiology type ClinicalProcedure => identify_etiology type SurfaceForm
Rule_724	?a type ClinicalProcedure => ?a type SurfaceForm	baseline_familial_evaluation type ClinicalProcedure => baseline_familial_evaluation type SurfaceForm
Rule_724	?a type ClinicalProcedure => ?a type SurfaceForm	change_of_chemotherapy type ClinicalProcedure => change_of_chemotherapy type SurfaceForm
Rule_724	?a type ClinicalProcedure => ?a type SurfaceForm	not_recommended_(class_iii)_strength_of_evidence_=_b type ClinicalProcedure => not_recommended_(class_iii)_strength_of_evidence_=_b type SurfaceForm
Rule_724	?a type ClinicalProcedure => ?a type SurfaceForm	stretching_(trunk,_upper_and_lower_extremities) type ClinicalProcedure => stretching_(trunk,_upper_and_lower_extremities) type SurfaceForm
Rule_724	?a type ClinicalProcedure => ?a type SurfaceForm	avoiding_the_valsalva_manoeuvre type ClinicalProcedure => avoiding_the_valsalva_manoeuvre type SurfaceForm
Rule_724	?a type ClinicalProcedure => ?a type SurfaceForm	expert_counselling type ClinicalProcedure => expert_counselling type SurfaceForm
Rule_724	?a type ClinicalProcedure => ?a type SurfaceForm	restrict_alcohol type ClinicalProcedure => restrict_alcohol type SurfaceForm
Rule_724	?a type ClinicalProcedure => ?a type SurfaceForm	curative_treatment_by_ablation type ClinicalProcedure => curative_treatment_by_ablation type SurfaceForm
Rule_724	?a type ClinicalProcedure => ?a type SurfaceForm	strategy_to_ensure_biventricular_capture type ClinicalProcedure => strategy_to_ensure_biventricular_capture type SurfaceForm
Rule_724	?a type ClinicalProcedure => ?a type SurfaceForm	electrophysiological_evaluation type ClinicalProcedure => electrophysiological_evaluation type SurfaceForm
Rule_724	?a type ClinicalProcedure => ?a type SurfaceForm	extent_of_precautionary_measures type ClinicalProcedure => extent_of_precautionary_measures type SurfaceForm
Rule_724	?a type ClinicalProcedure => ?a type SurfaceForm	diet type ClinicalProcedure => diet type SurfaceForm
Rule_724	?a type ClinicalProcedure => ?a type SurfaceForm	a_device_with_the_capability_of_atp_programming_for_smvt_up_to_high_rates type ClinicalProcedure => a_device_with_the_capability_of_atp_programming_for_smvt_up_to_high_rates type SurfaceForm
Rule_724	?a type ClinicalProcedure => ?a type SurfaceForm	follow-up_support type ClinicalProcedure => follow-up_support type SurfaceForm
Rule_724	?a type ClinicalProcedure => ?a type SurfaceForm	atp type ClinicalProcedure => atp type SurfaceForm
Rule_724	?a type ClinicalProcedure => ?a type SurfaceForm	decreased_ventricular_sensing type ClinicalProcedure => decreased_ventricular_sensing type SurfaceForm
Rule_724	?a type ClinicalProcedure => ?a type SurfaceForm	cmr type ClinicalProcedure => cmr type SurfaceForm
Rule_724	?a type ClinicalProcedure => ?a type SurfaceForm	less_intensive_education type ClinicalProcedure => less_intensive_education type SurfaceForm
Rule_724	?a type ClinicalProcedure => ?a type SurfaceForm	planned_delivery type ClinicalProcedure => planned_delivery type SurfaceForm
Rule_724	?a type ClinicalProcedure => ?a type SurfaceForm	other_micronutrients type ClinicalProcedure => other_micronutrients type SurfaceForm
Rule_724	?a type ClinicalProcedure => ?a type SurfaceForm	evaluation_of_the_programme_results_and_establishment_of_structured_follow-up type ClinicalProcedure => evaluation_of_the_programme_results_and_establishment_of_structured_follow-up type SurfaceForm
Rule_724	?a type ClinicalProcedure => ?a type SurfaceForm	comprehensive_education_and_counseling type ClinicalProcedure => comprehensive_education_and_counseling type SurfaceForm
Rule_724	?a type ClinicalProcedure => ?a type SurfaceForm	self-monitoring type ClinicalProcedure => self-monitoring type SurfaceForm
Rule_724	?a type ClinicalProcedure => ?a type SurfaceForm	treat_according_to_the_current_aha/acc_guideline_for_the_management_of_patients_with_valvular_heart_disease_(160,161)_and_acc_ecdp_on_the_management_of_mr_(162) type ClinicalProcedure => treat_according_to_the_current_aha/acc_guideline_for_the_management_of_patients_with_valvular_heart_disease_(160,161)_and_acc_ecdp_on_the_management_of_mr_(162) type SurfaceForm
Rule_724	?a type ClinicalProcedure => ?a type SurfaceForm	follow-up type ClinicalProcedure => follow-up type SurfaceForm
Rule_724	?a type ClinicalProcedure => ?a type SurfaceForm	comprehensive_patient_education_about_rm type ClinicalProcedure => comprehensive_patient_education_about_rm type SurfaceForm
Rule_724	?a type ClinicalProcedure => ?a type SurfaceForm	document_appropriate_cied_function type ClinicalProcedure => document_appropriate_cied_function type SurfaceForm
Rule_724	?a type ClinicalProcedure => ?a type SurfaceForm	home-based_and/or_clinic-based_programmes type ClinicalProcedure => home-based_and/or_clinic-based_programmes type SurfaceForm
Rule_724	?a type ClinicalProcedure => ?a type SurfaceForm	iron_supplementation type ClinicalProcedure => iron_supplementation type SurfaceForm
Rule_724	?a type ClinicalProcedure => ?a type SurfaceForm	ctca type ClinicalProcedure => ctca type SurfaceForm
Rule_724	?a type ClinicalProcedure => ?a type SurfaceForm	vegetable type ClinicalProcedure => vegetable type SurfaceForm
Rule_724	?a type ClinicalProcedure => ?a type SurfaceForm	tavi type ClinicalProcedure => tavi type SurfaceForm
Rule_724	?a type ClinicalProcedure => ?a type SurfaceForm	therapeutic_options type ClinicalProcedure => therapeutic_options type SurfaceForm
Rule_724	?a type ClinicalProcedure => ?a type SurfaceForm	counselling_against_sedentary_habit,_obesity,_cigarette_smoking,_and_alcohol_abuse type ClinicalProcedure => counselling_against_sedentary_habit,_obesity,_cigarette_smoking,_and_alcohol_abuse type SurfaceForm
Rule_724	?a type ClinicalProcedure => ?a type SurfaceForm	mediterranean_or_similar_diet type ClinicalProcedure => mediterranean_or_similar_diet type SurfaceForm
Rule_724	?a type ClinicalProcedure => ?a type SurfaceForm	vigorous-intensity_aerobic_exercise type ClinicalProcedure => vigorous-intensity_aerobic_exercise type SurfaceForm
Rule_724	?a type ClinicalProcedure => ?a type SurfaceForm	treatment_decisions type ClinicalProcedure => treatment_decisions type SurfaceForm
Rule_724	?a type ClinicalProcedure => ?a type SurfaceForm	maximize_opportunities_for_telehealth_visits_and_remote_monitoring type ClinicalProcedure => maximize_opportunities_for_telehealth_visits_and_remote_monitoring type SurfaceForm
Rule_724	?a type ClinicalProcedure => ?a type SurfaceForm	return_to_all_forms_of_exercise_including_competitive_sports type ClinicalProcedure => return_to_all_forms_of_exercise_including_competitive_sports type SurfaceForm
Rule_724	?a type ClinicalProcedure => ?a type SurfaceForm	hf_disease-management_program type ClinicalProcedure => hf_disease-management_program type SurfaceForm
Rule_724	?a type ClinicalProcedure => ?a type SurfaceForm	low-_to_moderate-intensity_recreational_sporting_activities type ClinicalProcedure => low-_to_moderate-intensity_recreational_sporting_activities type SurfaceForm
Rule_724	?a type ClinicalProcedure => ?a type SurfaceForm	disease_management_of_hf type ClinicalProcedure => disease_management_of_hf type SurfaceForm
Rule_724	?a type ClinicalProcedure => ?a type SurfaceForm	necessary_surgery type ClinicalProcedure => necessary_surgery type SurfaceForm
Rule_724	?a type ClinicalProcedure => ?a type SurfaceForm	first-choice_revascularization_strategy type ClinicalProcedure => first-choice_revascularization_strategy type SurfaceForm
Rule_724	?a type ClinicalProcedure => ?a type SurfaceForm	for_patients_with_ascvd_who_experience_a_second_vascular_event_within_2two_years_(not_necessarily_of_the_same_type_as_the_first_event)_while_taking_maximally_tolerated_statin_therapy,_an_ldl-c_goal_of_$%3C_1.0$_mmol/l_(_$%3C_40$_mg/dl)_may_be_considered type ClinicalProcedure => for_patients_with_ascvd_who_experience_a_second_vascular_event_within_2two_years_(not_necessarily_of_the_same_type_as_the_first_event)_while_taking_maximally_tolerated_statin_therapy,_an_ldl-c_goal_of_$%3C_1.0$_mmol/l_(_$%3C_40$_mg/dl)_may_be_considered type SurfaceForm
Rule_724	?a type ClinicalProcedure => ?a type SurfaceForm	symptoms:_cardiovascular_disease_(nyha_class_for_dyspnoea,_ccs_class_for_angina,_and_fontaine/rutherford_class_for_lower_extremities_pad) type ClinicalProcedure => symptoms:_cardiovascular_disease_(nyha_class_for_dyspnoea,_ccs_class_for_angina,_and_fontaine/rutherford_class_for_lower_extremities_pad) type SurfaceForm
Rule_724	?a type ClinicalProcedure => ?a type SurfaceForm	exercise_rehabilitation type ClinicalProcedure => exercise_rehabilitation type SurfaceForm
Rule_724	?a type ClinicalProcedure => ?a type SurfaceForm	echocardiography type ClinicalProcedure => echocardiography type SurfaceForm
Rule_724	?a type ClinicalProcedure => ?a type SurfaceForm	exposure_to_stressful_environments type ClinicalProcedure => exposure_to_stressful_environments type SurfaceForm
Rule_724	?a type ClinicalProcedure => ?a type SurfaceForm	drug_treatment_in_grade_1%E2%80%932%E2%80%933_hypertension type ClinicalProcedure => drug_treatment_in_grade_1%E2%80%932%E2%80%933_hypertension type SurfaceForm
Rule_724	?a type ClinicalProcedure => ?a type SurfaceForm	co-morbidities_in_hf_such_as_diabetes_mellitus,_af,_csa,_iron_deficiency,_and_cachexia type ClinicalProcedure => co-morbidities_in_hf_such_as_diabetes_mellitus,_af,_csa,_iron_deficiency,_and_cachexia type SurfaceForm
Rule_724	?a type ClinicalProcedure => ?a type SurfaceForm	discussion_of_uncertainty type ClinicalProcedure => discussion_of_uncertainty type SurfaceForm
Rule_724	?a type ClinicalProcedure => ?a type SurfaceForm	multi-disciplinary_care type ClinicalProcedure => multi-disciplinary_care type SurfaceForm
Rule_724	?a type ClinicalProcedure => ?a type SurfaceForm	cardioverter_defibrillator type ClinicalProcedure => cardioverter_defibrillator type SurfaceForm
Rule_724	?a type ClinicalProcedure => ?a type SurfaceForm	review_available_drug_levels_(e.g.,_digoxin,_inr)_or_concentrations_of_bnp/nt-probnp type ClinicalProcedure => review_available_drug_levels_(e.g.,_digoxin,_inr)_or_concentrations_of_bnp/nt-probnp type SurfaceForm
Rule_724	?a type ClinicalProcedure => ?a type SurfaceForm	adapt_physical_activity type ClinicalProcedure => adapt_physical_activity type SurfaceForm
Rule_724	?a type ClinicalProcedure => ?a type SurfaceForm	patient's_exercise_regimen type ClinicalProcedure => patient's_exercise_regimen type SurfaceForm
Rule_724	?a type ClinicalProcedure => ?a type SurfaceForm	oxygen_administration type ClinicalProcedure => oxygen_administration type SurfaceForm
Rule_724	?a type ClinicalProcedure => ?a type SurfaceForm	follow-up_by_phone_or_clinic_visit_early_after_discharge_to_reassess_volume_status type ClinicalProcedure => follow-up_by_phone_or_clinic_visit_early_after_discharge_to_reassess_volume_status type SurfaceForm
Rule_724	?a type ClinicalProcedure => ?a type SurfaceForm	tailored_exercise_interventions type ClinicalProcedure => tailored_exercise_interventions type SurfaceForm
Rule_724	?a type ClinicalProcedure => ?a type SurfaceForm	moderate-intensity type ClinicalProcedure => moderate-intensity type SurfaceForm
Rule_724	?a type ClinicalProcedure => ?a type SurfaceForm	comprehensive_assessment type ClinicalProcedure => comprehensive_assessment type SurfaceForm
Rule_724	?a type ClinicalProcedure => ?a type SurfaceForm	review_with_patient_to_determine_if_weight_loss_is_unintentional_and_whether_diuresis_contributed type ClinicalProcedure => review_with_patient_to_determine_if_weight_loss_is_unintentional_and_whether_diuresis_contributed type SurfaceForm
Rule_724	?a type ClinicalProcedure => ?a type SurfaceForm	sugar-sweetened_soft_drinks_and_alcoholic_beverages_consumption_must_be_discouraged type ClinicalProcedure => sugar-sweetened_soft_drinks_and_alcoholic_beverages_consumption_must_be_discouraged type SurfaceForm
Rule_724	?a type ClinicalProcedure => ?a type SurfaceForm	facilitate_access_to_copay_assistance type ClinicalProcedure => facilitate_access_to_copay_assistance type SurfaceForm
Rule_724	?a type ClinicalProcedure => ?a type SurfaceForm	patients_trying_to_quit_smoking_should_be_helped_in_maintaining_weight_during_this_period,_since_are_more_likely_to_put_on_between_3_and_5_kg_in_the_first_three_months_to_a_year type ClinicalProcedure => patients_trying_to_quit_smoking_should_be_helped_in_maintaining_weight_during_this_period,_since_are_more_likely_to_put_on_between_3_and_5_kg_in_the_first_three_months_to_a_year type SurfaceForm
Rule_724	?a type ClinicalProcedure => ?a type SurfaceForm	rt type ClinicalProcedure => rt type SurfaceForm
Rule_724	?a type ClinicalProcedure => ?a type SurfaceForm	smoking type ClinicalProcedure => smoking type SurfaceForm
Rule_724	?a type ClinicalProcedure => ?a type SurfaceForm	therapy type ClinicalProcedure => therapy type SurfaceForm
Rule_724	?a type ClinicalProcedure => ?a type SurfaceForm	participation_in_sports_and_exercise type ClinicalProcedure => participation_in_sports_and_exercise type SurfaceForm
Rule_724	?a type ClinicalProcedure => ?a type SurfaceForm	routine_venous_thromboembolism_prophylaxis type ClinicalProcedure => routine_venous_thromboembolism_prophylaxis type SurfaceForm
Rule_724	?a type ClinicalProcedure => ?a type SurfaceForm	essential_elements_of_patient_education_(with_associated_skills) type ClinicalProcedure => essential_elements_of_patient_education_(with_associated_skills) type SurfaceForm
Rule_724	?a type ClinicalProcedure => ?a type SurfaceForm	record_heart_rate_and_use_pulse_palpation_to_exclude_arrhythmia. type ClinicalProcedure => record_heart_rate_and_use_pulse_palpation_to_exclude_arrhythmia. type SurfaceForm
Rule_724	?a type ClinicalProcedure => ?a type SurfaceForm	use_hydralazine/isdn_if_an_arni/acei/arb_cannot_be_used type ClinicalProcedure => use_hydralazine/isdn_if_an_arni/acei/arb_cannot_be_used type SurfaceForm
Rule_724	?a type ClinicalProcedure => ?a type SurfaceForm	a_careful_and_thorough_clinical_assessment,_with_appropriate_investigation_for_known_or_potential_risk_factors type ClinicalProcedure => a_careful_and_thorough_clinical_assessment,_with_appropriate_investigation_for_known_or_potential_risk_factors type SurfaceForm
Rule_724	?a type ClinicalProcedure => ?a type SurfaceForm	vigorous_exercise_associated_with_a_maximal_predicted_heart_rate_%3E90%25_of_the_predicted_heart_rate type ClinicalProcedure => vigorous_exercise_associated_with_a_maximal_predicted_heart_rate_%3E90%25_of_the_predicted_heart_rate type SurfaceForm
Rule_724	?a type ClinicalProcedure => ?a type SurfaceForm	wireless_monitoring_of_pa_pressure_by_an_implanted_hemodynamic_monitor type ClinicalProcedure => wireless_monitoring_of_pa_pressure_by_an_implanted_hemodynamic_monitor type SurfaceForm
Rule_724	?a type ClinicalProcedure => ?a type SurfaceForm	monotherapy_and_low_doses type ClinicalProcedure => monotherapy_and_low_doses type SurfaceForm
Rule_724	?a type ClinicalProcedure => ?a type SurfaceForm	specialized_centre type ClinicalProcedure => specialized_centre type SurfaceForm
Rule_724	?a type ClinicalProcedure => ?a type SurfaceForm	minimize_the_amount_of_time_spent_being_sedentary_by_active_travelling_(cycling_or_walking),_taking_breaks_from_extended_periods_of_sitting_and_reducing_screen_time type ClinicalProcedure => minimize_the_amount_of_time_spent_being_sedentary_by_active_travelling_(cycling_or_walking),_taking_breaks_from_extended_periods_of_sitting_and_reducing_screen_time type SurfaceForm
Rule_724	?a type ClinicalProcedure => ?a type SurfaceForm	screening_for_endogenous_or_prolonged_reactive_depression type ClinicalProcedure => screening_for_endogenous_or_prolonged_reactive_depression type SurfaceForm
Rule_724	?a type ClinicalProcedure => ?a type SurfaceForm	gewichtsreduktion type ClinicalProcedure => gewichtsreduktion type SurfaceForm
Rule_724	?a type ClinicalProcedure => ?a type SurfaceForm	targets_for_outpatient_therapy type ClinicalProcedure => targets_for_outpatient_therapy type SurfaceForm
Rule_724	?a type ClinicalProcedure => ?a type SurfaceForm	advance_care_directives type ClinicalProcedure => advance_care_directives type SurfaceForm
Rule_724	?a type ClinicalProcedure => ?a type SurfaceForm	brain/chest_ct_scan type ClinicalProcedure => brain/chest_ct_scan type SurfaceForm
Rule_724	?a type ClinicalProcedure => ?a type SurfaceForm	pcsk9_inhibitor_plus_high-intensity_statin_plus_ezetimibe type ClinicalProcedure => pcsk9_inhibitor_plus_high-intensity_statin_plus_ezetimibe type SurfaceForm
Rule_724	?a type ClinicalProcedure => ?a type SurfaceForm	consumption_of_alcohol type ClinicalProcedure => consumption_of_alcohol type SurfaceForm
Rule_724	?a type ClinicalProcedure => ?a type SurfaceForm	patient_and_family_or_caregiver_discussions_about_quality_of_life_and_prognosis type ClinicalProcedure => patient_and_family_or_caregiver_discussions_about_quality_of_life_and_prognosis type SurfaceForm
Rule_724	?a type ClinicalProcedure => ?a type SurfaceForm	daily_sedation_vacation type ClinicalProcedure => daily_sedation_vacation type SurfaceForm
Rule_724	?a type ClinicalProcedure => ?a type SurfaceForm	pharmacological_treatment type ClinicalProcedure => pharmacological_treatment type SurfaceForm
Rule_724	?a type ClinicalProcedure => ?a type SurfaceForm	strength_training_exercises type ClinicalProcedure => strength_training_exercises type SurfaceForm
Rule_724	?a type ClinicalProcedure => ?a type SurfaceForm	implantation type ClinicalProcedure => implantation type SurfaceForm
Rule_724	?a type ClinicalProcedure => ?a type SurfaceForm	aggressive_therapeutic_lifestyle_changes type ClinicalProcedure => aggressive_therapeutic_lifestyle_changes type SurfaceForm
Rule_724	?a type ClinicalProcedure => ?a type SurfaceForm	assessment:_weight,_height,_waist;_analysis_of_nutrition_habits,_calories_intake_and_physical_activity type ClinicalProcedure => assessment:_weight,_height,_waist;_analysis_of_nutrition_habits,_calories_intake_and_physical_activity type SurfaceForm
Rule_724	?a type ClinicalProcedure => ?a type SurfaceForm	programmed_ventricular_stimulation type ClinicalProcedure => programmed_ventricular_stimulation type SurfaceForm
Rule_724	?a type ClinicalProcedure => ?a type SurfaceForm	contraceptive_planning type ClinicalProcedure => contraceptive_planning type SurfaceForm
Rule_724	?a type ClinicalProcedure => ?a type SurfaceForm	rt* type ClinicalProcedure => rt* type SurfaceForm
Rule_724	?a type ClinicalProcedure => ?a type SurfaceForm	hospitalization type ClinicalProcedure => hospitalization type SurfaceForm
Rule_724	?a type ClinicalProcedure => ?a type SurfaceForm	ask_for_support type ClinicalProcedure => ask_for_support type SurfaceForm
Rule_724	?a type ClinicalProcedure => ?a type SurfaceForm	the_most_intensive_education type ClinicalProcedure => the_most_intensive_education type SurfaceForm
Rule_724	?a type ClinicalProcedure => ?a type SurfaceForm	support_group_referral type ClinicalProcedure => support_group_referral type SurfaceForm
Rule_724	?a type ClinicalProcedure => ?a type SurfaceForm	nutritional_supplementation type ClinicalProcedure => nutritional_supplementation type SurfaceForm
Rule_724	?a type ClinicalProcedure => ?a type SurfaceForm	reconnection_of_the_lead type ClinicalProcedure => reconnection_of_the_lead type SurfaceForm
Rule_724	?a type ClinicalProcedure => ?a type SurfaceForm	repeated_exposure_to_material type ClinicalProcedure => repeated_exposure_to_material type SurfaceForm
Rule_724	?a type ClinicalProcedure => ?a type SurfaceForm	current_guidelines_for_non-pregnant_patients type ClinicalProcedure => current_guidelines_for_non-pregnant_patients type SurfaceForm
Rule_724	?a type ClinicalProcedure => ?a type SurfaceForm	inspiratory_muscle_training type ClinicalProcedure => inspiratory_muscle_training type SurfaceForm
Rule_724	?a type ClinicalProcedure => ?a type SurfaceForm	temporary_mcs type ClinicalProcedure => temporary_mcs type SurfaceForm
Rule_724	?a type ClinicalProcedure => ?a type SurfaceForm	training_volume_to_be_recommended:_to_perform_at_least_150_min_a_week_of_moderate_intensity_or_75_min_a_week_of_vigorous_intensity_aerobic_pa_or_an_equivalent_combination_thereof type ClinicalProcedure => training_volume_to_be_recommended:_to_perform_at_least_150_min_a_week_of_moderate_intensity_or_75_min_a_week_of_vigorous_intensity_aerobic_pa_or_an_equivalent_combination_thereof type SurfaceForm
Rule_724	?a type ClinicalProcedure => ?a type SurfaceForm	information_on_disease,_treatment_options_and_self-care type ClinicalProcedure => information_on_disease,_treatment_options_and_self-care type SurfaceForm
Rule_724	?a type ClinicalProcedure => ?a type SurfaceForm	cpap type ClinicalProcedure => cpap type SurfaceForm
Rule_724	?a type ClinicalProcedure => ?a type SurfaceForm	sports_that_may_potentially_affect_any_of_the_vad_components_(e.g._with_body_contact) type ClinicalProcedure => sports_that_may_potentially_affect_any_of_the_vad_components_(e.g._with_body_contact) type SurfaceForm
Rule_724	?a type ClinicalProcedure => ?a type SurfaceForm	exercise_programme type ClinicalProcedure => exercise_programme type SurfaceForm
Rule_724	?a type ClinicalProcedure => ?a type SurfaceForm	evaluate_secondary_causes type ClinicalProcedure => evaluate_secondary_causes type SurfaceForm
Rule_724	?a type ClinicalProcedure => ?a type SurfaceForm	home_meal_deliveries type ClinicalProcedure => home_meal_deliveries type SurfaceForm
Rule_724	?a type ClinicalProcedure => ?a type SurfaceForm	guiding_discharge_decisions type ClinicalProcedure => guiding_discharge_decisions type SurfaceForm
Rule_724	?a type ClinicalProcedure => ?a type SurfaceForm	moderate_endurance_and_dynamic_resistance_exercise type ClinicalProcedure => moderate_endurance_and_dynamic_resistance_exercise type SurfaceForm
Rule_724	?a type ClinicalProcedure => ?a type SurfaceForm	behavioral_strategies type ClinicalProcedure => behavioral_strategies type SurfaceForm
Rule_724	?a type ClinicalProcedure => ?a type SurfaceForm	home_health_aide type ClinicalProcedure => home_health_aide type SurfaceForm
Rule_724	?a type ClinicalProcedure => ?a type SurfaceForm	initial_treatment type ClinicalProcedure => initial_treatment type SurfaceForm
Rule_724	?a type ClinicalProcedure => ?a type SurfaceForm	motivational_interviewing type ClinicalProcedure => motivational_interviewing type SurfaceForm
Rule_724	?a type ClinicalProcedure => ?a type SurfaceForm	eat_fish,_preferably_fatty,_at_least_once_a_week type ClinicalProcedure => eat_fish,_preferably_fatty,_at_least_once_a_week type SurfaceForm
Rule_724	?a type ClinicalProcedure => ?a type SurfaceForm	practical_issues_related_to_long_haul_travel,_staying_abroad,_exposure_to_sun_(amiodarone_effects),_high_humidity_or_heat_(dehydration),_and_high_altitude_(oxygenation) type ClinicalProcedure => practical_issues_related_to_long_haul_travel,_staying_abroad,_exposure_to_sun_(amiodarone_effects),_high_humidity_or_heat_(dehydration),_and_high_altitude_(oxygenation) type SurfaceForm
Rule_724	?a type ClinicalProcedure => ?a type SurfaceForm	abstinence type ClinicalProcedure => abstinence type SurfaceForm
Rule_724	?a type ClinicalProcedure => ?a type SurfaceForm	hand_hygiene type ClinicalProcedure => hand_hygiene type SurfaceForm
Rule_724	?a type ClinicalProcedure => ?a type SurfaceForm	coronary_sinus_lead_implantation type ClinicalProcedure => coronary_sinus_lead_implantation type SurfaceForm
Rule_724	?a type ClinicalProcedure => ?a type SurfaceForm	reduce_sedentary_behaviours type ClinicalProcedure => reduce_sedentary_behaviours type SurfaceForm
Rule_724	?a type ClinicalProcedure => ?a type SurfaceForm	achd_patients_with_chronic_hf type ClinicalProcedure => achd_patients_with_chronic_hf type SurfaceForm
Rule_724	?a type ClinicalProcedure => ?a type SurfaceForm	multidisciplinary_discussion type ClinicalProcedure => multidisciplinary_discussion type SurfaceForm
Rule_724	?a type ClinicalProcedure => ?a type SurfaceForm	bp-lowering_treatment type ClinicalProcedure => bp-lowering_treatment type SurfaceForm
Rule_724	?a type ClinicalProcedure => ?a type SurfaceForm	detailed_information type ClinicalProcedure => detailed_information type SurfaceForm
Rule_724	?a type ClinicalProcedure => ?a type SurfaceForm	transection_of_vt-related_anatomical_isthmuses type ClinicalProcedure => transection_of_vt-related_anatomical_isthmuses type SurfaceForm
Rule_724	?a type ClinicalProcedure => ?a type SurfaceForm	treat_severe_obstructive_sleep_apnea type ClinicalProcedure => treat_severe_obstructive_sleep_apnea type SurfaceForm
Rule_724	?a type ClinicalProcedure => ?a type SurfaceForm	balloon_aortic_valvuloplasty type ClinicalProcedure => balloon_aortic_valvuloplasty type SurfaceForm
Rule_724	?a type ClinicalProcedure => ?a type SurfaceForm	ecg:_heart_rate,_rhythm,_repolarization_changes type ClinicalProcedure => ecg:_heart_rate,_rhythm,_repolarization_changes type SurfaceForm
Rule_724	?a type ClinicalProcedure => ?a type SurfaceForm	in_patients_with_cardiac_sarcoidosis_who_have_permanent_or_transient_avb,_implantation_of_a_device_capable_of_cardiac_pacing type ClinicalProcedure => in_patients_with_cardiac_sarcoidosis_who_have_permanent_or_transient_avb,_implantation_of_a_device_capable_of_cardiac_pacing type SurfaceForm
Rule_724	?a type ClinicalProcedure => ?a type SurfaceForm	participation_in_competitive_sports type ClinicalProcedure => participation_in_competitive_sports type SurfaceForm
Rule_724	?a type ClinicalProcedure => ?a type SurfaceForm	icd_implantation_or_replacement type ClinicalProcedure => icd_implantation_or_replacement type SurfaceForm
Rule_724	?a type ClinicalProcedure => ?a type SurfaceForm	lcsd type ClinicalProcedure => lcsd type SurfaceForm
Rule_724	?a type ClinicalProcedure => ?a type SurfaceForm	caesarean_section type ClinicalProcedure => caesarean_section type SurfaceForm
Rule_724	?a type ClinicalProcedure => ?a type SurfaceForm	routine_use_of_invasive_hemodynamic_monitoring type ClinicalProcedure => routine_use_of_invasive_hemodynamic_monitoring type SurfaceForm
Rule_724	?a type ClinicalProcedure => ?a type SurfaceForm	evaluate_and_initiate_treatment type ClinicalProcedure => evaluate_and_initiate_treatment type SurfaceForm
Rule_724	?a type ClinicalProcedure => ?a type SurfaceForm	local_immunization_practice type ClinicalProcedure => local_immunization_practice type SurfaceForm
Rule_724	?a type ClinicalProcedure => ?a type SurfaceForm	exercise_training type ClinicalProcedure => exercise_training type SurfaceForm
Rule_724	?a type ClinicalProcedure => ?a type SurfaceForm	invasive_procedures type ClinicalProcedure => invasive_procedures type SurfaceForm
Rule_724	?a type ClinicalProcedure => ?a type SurfaceForm	incorporate_reports_into_ehrs type ClinicalProcedure => incorporate_reports_into_ehrs type SurfaceForm
Rule_724	?a type ClinicalProcedure => ?a type SurfaceForm	implantation_of_a_crt_device type ClinicalProcedure => implantation_of_a_crt_device type SurfaceForm
Rule_724	?a type ClinicalProcedure => ?a type SurfaceForm	sleep_health type ClinicalProcedure => sleep_health type SurfaceForm
Rule_724	?a type ClinicalProcedure => ?a type SurfaceForm	offer_assistance_to_avoid_passive_smoking type ClinicalProcedure => offer_assistance_to_avoid_passive_smoking type SurfaceForm
Rule_724	?a type ClinicalProcedure => ?a type SurfaceForm	home_care type ClinicalProcedure => home_care type SurfaceForm
Rule_724	?a type ClinicalProcedure => ?a type SurfaceForm	potentially_cardiotoxic_anticancer_therapies type ClinicalProcedure => potentially_cardiotoxic_anticancer_therapies type SurfaceForm
Rule_724	?a type ClinicalProcedure => ?a type SurfaceForm	combination_of_endurance_and_resistance_exercise_(especially_lower_body_exercise)_and_activities_to_develop_flexibility,_coordination_and_body_awareness type ClinicalProcedure => combination_of_endurance_and_resistance_exercise_(especially_lower_body_exercise)_and_activities_to_develop_flexibility,_coordination_and_body_awareness type SurfaceForm
Rule_724	?a type ClinicalProcedure => ?a type SurfaceForm	in_patients_with_kearns-sayre_syndrome_without_cardiac_conduction_disorder,_permanent_pacing type ClinicalProcedure => in_patients_with_kearns-sayre_syndrome_without_cardiac_conduction_disorder,_permanent_pacing type SurfaceForm
Rule_724	?a type ClinicalProcedure => ?a type SurfaceForm	patient-centered_discharge_instructions type ClinicalProcedure => patient-centered_discharge_instructions type SurfaceForm
Rule_724	?a type ClinicalProcedure => ?a type SurfaceForm	written_and_oral_information type ClinicalProcedure => written_and_oral_information type SurfaceForm
Rule_724	?a type ClinicalProcedure => ?a type SurfaceForm	neonatal_follow-up type ClinicalProcedure => neonatal_follow-up type SurfaceForm
Rule_724	?a type ClinicalProcedure => ?a type SurfaceForm	ultrafiltration type ClinicalProcedure => ultrafiltration type SurfaceForm
Rule_724	?a type ClinicalProcedure => ?a type SurfaceForm	regular_discussion_about_exercise_participation type ClinicalProcedure => regular_discussion_about_exercise_participation type SurfaceForm
Rule_724	?a type ClinicalProcedure => ?a type SurfaceForm	secondary_prevention_of_scd type ClinicalProcedure => secondary_prevention_of_scd type SurfaceForm
Rule_724	?a type ClinicalProcedure => ?a type SurfaceForm	in_patients_with_neuromuscular_diseases_such_as_myotonic_dystrophy_type_1_and_any_second-_or_third-degree_avb_or_hv_%5Cgeq_70_ms,_with_or_without_symptoms,_permanent_pacing type ClinicalProcedure => in_patients_with_neuromuscular_diseases_such_as_myotonic_dystrophy_type_1_and_any_second-_or_third-degree_avb_or_hv_%5Cgeq_70_ms,_with_or_without_symptoms,_permanent_pacing type SurfaceForm
Rule_724	?a type ClinicalProcedure => ?a type SurfaceForm	standard_icu_bundles type ClinicalProcedure => standard_icu_bundles type SurfaceForm
Rule_724	?a type ClinicalProcedure => ?a type SurfaceForm	discuss_out-of-pocket_copays_proactively type ClinicalProcedure => discuss_out-of-pocket_copays_proactively type SurfaceForm
Rule_724	?a type ClinicalProcedure => ?a type SurfaceForm	immunosuppression type ClinicalProcedure => immunosuppression type SurfaceForm
Rule_724	?a type ClinicalProcedure => ?a type SurfaceForm	motivational_and_psychological_support type ClinicalProcedure => motivational_and_psychological_support type SurfaceForm
Rule_724	?a type ClinicalProcedure => ?a type SurfaceForm	noninvasive_stress_imaging_(stress_echocardiography,_single-photon_emission_ct_%5Bspect%5D,_cmr,_or_positron_emission_tomography_%5Bpet%5D) type ClinicalProcedure => noninvasive_stress_imaging_(stress_echocardiography,_single-photon_emission_ct_%5Bspect%5D,_cmr,_or_positron_emission_tomography_%5Bpet%5D) type SurfaceForm
Rule_724	?a type ClinicalProcedure => ?a type SurfaceForm	cessation_of_smoking type ClinicalProcedure => cessation_of_smoking type SurfaceForm
Rule_724	?a type ClinicalProcedure => ?a type SurfaceForm	adherence_to_a_healthy_diet type ClinicalProcedure => adherence_to_a_healthy_diet type SurfaceForm
Rule_724	?a type ClinicalProcedure => ?a type SurfaceForm	implantation_of_a_crt-d type ClinicalProcedure => implantation_of_a_crt-d type SurfaceForm
Rule_724	?a type ClinicalProcedure => ?a type SurfaceForm	optimization_of_diabetes_care_with_reduction_of_hemoglobin_a1c_as_appropriate type ClinicalProcedure => optimization_of_diabetes_care_with_reduction_of_hemoglobin_a1c_as_appropriate type SurfaceForm
Rule_724	?a type ClinicalProcedure => ?a type SurfaceForm	arrange_exercise_training_in_order_to_provide_an_energy_consumption_of_1000%E2%80%932000_kcal/week type ClinicalProcedure => arrange_exercise_training_in_order_to_provide_an_energy_consumption_of_1000%E2%80%932000_kcal/week type SurfaceForm
Rule_724	?a type ClinicalProcedure => ?a type SurfaceForm	fluid type ClinicalProcedure => fluid type SurfaceForm
Rule_724	?a type ClinicalProcedure => ?a type SurfaceForm	hiit type ClinicalProcedure => hiit type SurfaceForm
Rule_724	?a type ClinicalProcedure => ?a type SurfaceForm	period_of_clinical_observation type ClinicalProcedure => period_of_clinical_observation type SurfaceForm
Rule_724	?a type ClinicalProcedure => ?a type SurfaceForm	seek_help type ClinicalProcedure => seek_help type SurfaceForm
Rule_724	?a type ClinicalProcedure => ?a type SurfaceForm	weight_loss_for_stage_b_and_c_hf_with_obesity_strength_of_evidence_=_weak type ClinicalProcedure => weight_loss_for_stage_b_and_c_hf_with_obesity_strength_of_evidence_=_weak type SurfaceForm
Rule_724	?a type ClinicalProcedure => ?a type SurfaceForm	home-based_cr type ClinicalProcedure => home-based_cr type SurfaceForm
Rule_724	?a type ClinicalProcedure => ?a type SurfaceForm	encourage_weight_loss_for_patients_with_class_ii_obesity_or_greater;_consultation_with_an_obesity_medicine_specialist type ClinicalProcedure => encourage_weight_loss_for_patients_with_class_ii_obesity_or_greater;_consultation_with_an_obesity_medicine_specialist type SurfaceForm
Rule_724	?a type ClinicalProcedure => ?a type SurfaceForm	urgent_cag type ClinicalProcedure => urgent_cag type SurfaceForm
Rule_724	?a type ClinicalProcedure => ?a type SurfaceForm	heparin_bridging type ClinicalProcedure => heparin_bridging type SurfaceForm
Rule_724	?a type ClinicalProcedure => ?a type SurfaceForm	integrate_systematically_psychosocial_management_with_sexual_counselling_when_appropriate type ClinicalProcedure => integrate_systematically_psychosocial_management_with_sexual_counselling_when_appropriate type SurfaceForm
Rule_724	?a type ClinicalProcedure => ?a type SurfaceForm	limit_alcohol_intake type ClinicalProcedure => limit_alcohol_intake type SurfaceForm
Rule_724	?a type ClinicalProcedure => ?a type SurfaceForm	connectivity type ClinicalProcedure => connectivity type SurfaceForm
Rule_724	?a type ClinicalProcedure => ?a type SurfaceForm	influenza_vaccination type ClinicalProcedure => influenza_vaccination type SurfaceForm
Rule_724	?a type ClinicalProcedure => ?a type SurfaceForm	individualized,_but_%E2%89%A51.1_g/kg_strength_of_evidence_=_fair type ClinicalProcedure => individualized,_but_%E2%89%A51.1_g/kg_strength_of_evidence_=_fair type SurfaceForm
Rule_724	?a type ClinicalProcedure => ?a type SurfaceForm	resistance_training_of_extremities,_trunk_using_free_weights,_weight-bearing_or_partial_weight-bearing_activities,_elastic_bands,_spring_coils type ClinicalProcedure => resistance_training_of_extremities,_trunk_using_free_weights,_weight-bearing_or_partial_weight-bearing_activities,_elastic_bands,_spring_coils type SurfaceForm
Rule_724	?a type ClinicalProcedure => ?a type SurfaceForm	pre-implantation_laboratory_tests type ClinicalProcedure => pre-implantation_laboratory_tests type SurfaceForm
Rule_724	?a type ClinicalProcedure => ?a type SurfaceForm	pharmd_referral_to_review_prescription_assistance_eligibilities type ClinicalProcedure => pharmd_referral_to_review_prescription_assistance_eligibilities type SurfaceForm
Rule_724	?a type ClinicalProcedure => ?a type SurfaceForm	risk_factor_treatment type ClinicalProcedure => risk_factor_treatment type SurfaceForm
Rule_724	?a type ClinicalProcedure => ?a type SurfaceForm	put_under_the_skin_on_your_chest type ClinicalProcedure => put_under_the_skin_on_your_chest type SurfaceForm
Rule_724	?a type ClinicalProcedure => ?a type SurfaceForm	evidence-based_therapy type ClinicalProcedure => evidence-based_therapy type SurfaceForm
Rule_724	?a type ClinicalProcedure => ?a type SurfaceForm	optimal_treatment_according_to_hypertension_guidelines type ClinicalProcedure => optimal_treatment_according_to_hypertension_guidelines type SurfaceForm
Rule_724	?a type ClinicalProcedure => ?a type SurfaceForm	atrial_or_ventricular_pacing type ClinicalProcedure => atrial_or_ventricular_pacing type SurfaceForm
Rule_724	?a type ClinicalProcedure => ?a type SurfaceForm	hf_treatment type ClinicalProcedure => hf_treatment type SurfaceForm
Rule_724	?a type ClinicalProcedure => ?a type SurfaceForm	encourage_to_find_some_activity_patients_either_enjoy_and/or_that_they_can_include_in_their_daily_routines type ClinicalProcedure => encourage_to_find_some_activity_patients_either_enjoy_and/or_that_they_can_include_in_their_daily_routines type SurfaceForm
Rule_724	?a type ClinicalProcedure => ?a type SurfaceForm	prophylactic_permanent_pacemaker_implantation type ClinicalProcedure => prophylactic_permanent_pacemaker_implantation type SurfaceForm
Rule_724	?a type ClinicalProcedure => ?a type SurfaceForm	pvi type ClinicalProcedure => pvi type SurfaceForm
Rule_724	?a type ClinicalProcedure => ?a type SurfaceForm	lifestyle_changes type ClinicalProcedure => lifestyle_changes type SurfaceForm
Rule_724	?a type ClinicalProcedure => ?a type SurfaceForm	static_exercise type ClinicalProcedure => static_exercise type SurfaceForm
Rule_724	?a type ClinicalProcedure => ?a type SurfaceForm	consider_behavioral_supports type ClinicalProcedure => consider_behavioral_supports type SurfaceForm
Rule_724	?a type ClinicalProcedure => ?a type SurfaceForm	registered_dietitian_nutritionist_evaluation_for_potential_malnutrition type ClinicalProcedure => registered_dietitian_nutritionist_evaluation_for_potential_malnutrition type SurfaceForm
Rule_724	?a type ClinicalProcedure => ?a type SurfaceForm	communicate_with_other_clinicians_involved_in_care,_ideally_facilitated_by_electronic_health_records type ClinicalProcedure => communicate_with_other_clinicians_involved_in_care,_ideally_facilitated_by_electronic_health_records type SurfaceForm
Rule_724	?a type ClinicalProcedure => ?a type SurfaceForm	intravenous_magnesium_with_supplementation_of_potassium type ClinicalProcedure => intravenous_magnesium_with_supplementation_of_potassium type SurfaceForm
Rule_724	?a type ClinicalProcedure => ?a type SurfaceForm	carry_out_medicine_reconciliation_at_visits,_with_focus_on_discrepancies type ClinicalProcedure => carry_out_medicine_reconciliation_at_visits,_with_focus_on_discrepancies type SurfaceForm
Rule_724	?a type ClinicalProcedure => ?a type SurfaceForm	bed_mobilization_and_postural_training_or_supported_walking type ClinicalProcedure => bed_mobilization_and_postural_training_or_supported_walking type SurfaceForm
Rule_724	?a type ClinicalProcedure => ?a type SurfaceForm	ask_the_patient_about_his/her_smoking_status_and_use_of_other_tobacco_products._specify_both_amount_of_smoking_(cigarettes_per_day)_and_duration_of_smoking_(number_of_years) type ClinicalProcedure => ask_the_patient_about_his/her_smoking_status_and_use_of_other_tobacco_products._specify_both_amount_of_smoking_(cigarettes_per_day)_and_duration_of_smoking_(number_of_years) type SurfaceForm
Rule_724	?a type ClinicalProcedure => ?a type SurfaceForm	activities_to_develop_endurance,_strength,_flexibility,_coordination_and_balance type ClinicalProcedure => activities_to_develop_endurance,_strength,_flexibility,_coordination_and_balance type SurfaceForm
Rule_724	?a type ClinicalProcedure => ?a type SurfaceForm	further_data_needed type ClinicalProcedure => further_data_needed type SurfaceForm
Rule_724	?a type ClinicalProcedure => ?a type SurfaceForm	cardiac_magnetic_resonance_imaging type ClinicalProcedure => cardiac_magnetic_resonance_imaging type SurfaceForm
Rule_724	?a type ClinicalProcedure => ?a type SurfaceForm	cancer_therapy type ClinicalProcedure => cancer_therapy type SurfaceForm
Rule_724	?a type ClinicalProcedure => ?a type SurfaceForm	action_plan_for_how_and_when_to_notify_the_provider,_changes_to_make_in_diet,_fluid_and_diuretics type ClinicalProcedure => action_plan_for_how_and_when_to_notify_the_provider,_changes_to_make_in_diet,_fluid_and_diuretics type SurfaceForm
Rule_724	?a type ClinicalProcedure => ?a type SurfaceForm	emergency_revascularization type ClinicalProcedure => emergency_revascularization type SurfaceForm
Rule_724	?a type ClinicalProcedure => ?a type SurfaceForm	ensure_that_the_patient_has_an_adequate_support_system_to_allow_adherence_to_the_recommended_medical_regimen_and_lifestyle type ClinicalProcedure => ensure_that_the_patient_has_an_adequate_support_system_to_allow_adherence_to_the_recommended_medical_regimen_and_lifestyle type SurfaceForm
Rule_724	?a type ClinicalProcedure => ?a type SurfaceForm	cardiopulmonary_exercise_testing_(cpet) type ClinicalProcedure => cardiopulmonary_exercise_testing_(cpet) type SurfaceForm
Rule_724	?a type ClinicalProcedure => ?a type SurfaceForm	an_electrical_shock_to_the_heart type ClinicalProcedure => an_electrical_shock_to_the_heart type SurfaceForm
Rule_724	?a type ClinicalProcedure => ?a type SurfaceForm	need_for_support type ClinicalProcedure => need_for_support type SurfaceForm
Rule_724	?a type ClinicalProcedure => ?a type SurfaceForm	mixed type ClinicalProcedure => mixed type SurfaceForm
Rule_724	?a type ClinicalProcedure => ?a type SurfaceForm	cigarette_smoking_cessation type ClinicalProcedure => cigarette_smoking_cessation type SurfaceForm
Rule_724	?a type ClinicalProcedure => ?a type SurfaceForm	cognitive_behavioural_theory type ClinicalProcedure => cognitive_behavioural_theory type SurfaceForm
Rule_724	?a type ClinicalProcedure => ?a type SurfaceForm	preliminary_discussion type ClinicalProcedure => preliminary_discussion type SurfaceForm
Rule_724	?a type ClinicalProcedure => ?a type SurfaceForm	evidence-based_oral_medical_treatment_be_administered_before_discharge type ClinicalProcedure => evidence-based_oral_medical_treatment_be_administered_before_discharge type SurfaceForm
Rule_724	?a type ClinicalProcedure => ?a type SurfaceForm	mobile-health_application_such_as_myfitnesspal type ClinicalProcedure => mobile-health_application_such_as_myfitnesspal type SurfaceForm
Rule_724	?a type ClinicalProcedure => ?a type SurfaceForm	early_identification_of_asymptomatic_relatives type ClinicalProcedure => early_identification_of_asymptomatic_relatives type SurfaceForm
Rule_724	?a type ClinicalProcedure => ?a type SurfaceForm	managed_in_a_multidisciplinary_manner type ClinicalProcedure => managed_in_a_multidisciplinary_manner type SurfaceForm
Rule_724	?a type ClinicalProcedure => ?a type SurfaceForm	2%E2%80%933_g/d_(or_%3C2_g_if_refractory_hypervolemia)_strength_of_evidence_=_c type ClinicalProcedure => 2%E2%80%933_g/d_(or_%3C2_g_if_refractory_hypervolemia)_strength_of_evidence_=_c type SurfaceForm
Rule_724	?a type ClinicalProcedure => ?a type SurfaceForm	consultation type ClinicalProcedure => consultation type SurfaceForm
Rule_724	?a type ClinicalProcedure => ?a type SurfaceForm	diet_high_in_k_+_/calcium type ClinicalProcedure => diet_high_in_k_+_/calcium type SurfaceForm
Rule_724	?a type ClinicalProcedure => ?a type SurfaceForm	assess_remaining_dosage_units_(i.e.,_count_excess_remaining_tablets) type ClinicalProcedure => assess_remaining_dosage_units_(i.e.,_count_excess_remaining_tablets) type SurfaceForm
Rule_724	?a type ClinicalProcedure => ?a type SurfaceForm	surgical_revascularization type ClinicalProcedure => surgical_revascularization type SurfaceForm
Rule_724	?a type ClinicalProcedure => ?a type SurfaceForm	cr_environment type ClinicalProcedure => cr_environment type SurfaceForm
Rule_724	?a type ClinicalProcedure => ?a type SurfaceForm	early_intervention type ClinicalProcedure => early_intervention type SurfaceForm
Rule_724	?a type ClinicalProcedure => ?a type SurfaceForm	community_training type ClinicalProcedure => community_training type SurfaceForm
Rule_724	?a type ClinicalProcedure => ?a type SurfaceForm	breastfeeding type ClinicalProcedure => breastfeeding type SurfaceForm
Rule_724	?a type ClinicalProcedure => ?a type SurfaceForm	induction_of_labour type ClinicalProcedure => induction_of_labour type SurfaceForm
Rule_724	?a type ClinicalProcedure => ?a type SurfaceForm	exercise_training_should_be_prescribed_on_an_individualized_approach_after_careful_clinical_evaluation,_including_risk_stratification,_behavioural_characteristics,_personal_goals_and_exercise_preferences type ClinicalProcedure => exercise_training_should_be_prescribed_on_an_individualized_approach_after_careful_clinical_evaluation,_including_risk_stratification,_behavioural_characteristics,_personal_goals_and_exercise_preferences type SurfaceForm
Rule_724	?a type ClinicalProcedure => ?a type SurfaceForm	prescribe_90-day_quantities_for_refills type ClinicalProcedure => prescribe_90-day_quantities_for_refills type SurfaceForm
Rule_724	?a type ClinicalProcedure => ?a type SurfaceForm	inpatient_and_outpatient_exercise_therapy_or_rehabilitation type ClinicalProcedure => inpatient_and_outpatient_exercise_therapy_or_rehabilitation type SurfaceForm
Rule_724	?a type ClinicalProcedure => ?a type SurfaceForm	screening_for_cv_risk_factors_and_optimization_of_the_cv_risk_profile type ClinicalProcedure => screening_for_cv_risk_factors_and_optimization_of_the_cv_risk_profile type SurfaceForm
Rule_724	?a type ClinicalProcedure => ?a type SurfaceForm	physical_activity_and_healthy_diet type ClinicalProcedure => physical_activity_and_healthy_diet type SurfaceForm
Rule_724	?a type ClinicalProcedure => ?a type SurfaceForm	determine_readiness_to_change;_if_ready,_choose_a_date_for_quitting type ClinicalProcedure => determine_readiness_to_change;_if_ready,_choose_a_date_for_quitting type SurfaceForm
Rule_724	?a type ClinicalProcedure => ?a type SurfaceForm	in_patients_treated_with_hbp,_implantation_of_a_right_ventricular_lead_used_as_%E2%80%9Cbackup%E2%80%9D_for_pacing type ClinicalProcedure => in_patients_treated_with_hbp,_implantation_of_a_right_ventricular_lead_used_as_%E2%80%9Cbackup%E2%80%9D_for_pacing type SurfaceForm
Rule_724	?a type ClinicalProcedure => ?a type SurfaceForm	1%E2%80%932_l/d_strength_of_evidence_=_fair type ClinicalProcedure => 1%E2%80%932_l/d_strength_of_evidence_=_fair type SurfaceForm
Rule_724	?a type ClinicalProcedure => ?a type SurfaceForm	automatic_alerts_transmitted_by_rm type ClinicalProcedure => automatic_alerts_transmitted_by_rm type SurfaceForm
Rule_724	?a type ClinicalProcedure => ?a type SurfaceForm	adjunctive_therapy type ClinicalProcedure => adjunctive_therapy type SurfaceForm
Rule_724	?a type ClinicalProcedure => ?a type SurfaceForm	multiple_fluoroscopic_views type ClinicalProcedure => multiple_fluoroscopic_views type SurfaceForm
Rule_724	?a type ClinicalProcedure => ?a type SurfaceForm	parenteral_nutrition_(pn) type ClinicalProcedure => parenteral_nutrition_(pn) type SurfaceForm
Rule_724	?a type ClinicalProcedure => ?a type SurfaceForm	decisions_about_the_location_of_death,_home_services,_and_hospice_care type ClinicalProcedure => decisions_about_the_location_of_death,_home_services,_and_hospice_care type SurfaceForm
Rule_724	?a type ClinicalProcedure => ?a type SurfaceForm	transfer_patients_with_recurrent_msvt_or_recurrent_episodes_of_vf_triggered_by_a_similar_pvc_despite_optimal_medical_therapy_to_a_specialize type ClinicalProcedure => transfer_patients_with_recurrent_msvt_or_recurrent_episodes_of_vf_triggered_by_a_similar_pvc_despite_optimal_medical_therapy_to_a_specialize type SurfaceForm
Rule_724	?a type ClinicalProcedure => ?a type SurfaceForm	react_adequately_to_change_in_signs_and_symptoms type ClinicalProcedure => react_adequately_to_change_in_signs_and_symptoms type SurfaceForm
Rule_724	?a type ClinicalProcedure => ?a type SurfaceForm	educate_patients_concerning_medications_and_self_management_of_hf type ClinicalProcedure => educate_patients_concerning_medications_and_self_management_of_hf type SurfaceForm
Rule_724	?a type ClinicalProcedure => ?a type SurfaceForm	optimize_therapy type ClinicalProcedure => optimize_therapy type SurfaceForm
Rule_724	?a type ClinicalProcedure => ?a type SurfaceForm	cardiac_imaging type ClinicalProcedure => cardiac_imaging type SurfaceForm
Rule_724	?a type ClinicalProcedure => ?a type SurfaceForm	practical_issues type ClinicalProcedure => practical_issues type SurfaceForm
Rule_724	?a type ClinicalProcedure => ?a type SurfaceForm	supervised_individual_activities type ClinicalProcedure => supervised_individual_activities type SurfaceForm
Rule_724	?a type ClinicalProcedure => ?a type SurfaceForm	increasing_the_blanking_period type ClinicalProcedure => increasing_the_blanking_period type SurfaceForm
Rule_724	?a type ClinicalProcedure => ?a type SurfaceForm	where_goal_is_not_attained,_consider_referring_patient_to_specialist_in_obesity/endocrinologist type ClinicalProcedure => where_goal_is_not_attained,_consider_referring_patient_to_specialist_in_obesity/endocrinologist type SurfaceForm
Rule_724	?a type ClinicalProcedure => ?a type SurfaceForm	participation_in_individualized_leisure_exercise_programmes type ClinicalProcedure => participation_in_individualized_leisure_exercise_programmes type SurfaceForm
Rule_724	?a type ClinicalProcedure => ?a type SurfaceForm	participation_in_20_min_of_moderate-_to_vigorous-intensity_aerobic_exercise_at_least_3_times_a_week,_along_with_moderate-intensity_resistance_training_2%E2%80%933_times_per_week type ClinicalProcedure => participation_in_20_min_of_moderate-_to_vigorous-intensity_aerobic_exercise_at_least_3_times_a_week,_along_with_moderate-intensity_resistance_training_2%E2%80%933_times_per_week type SurfaceForm
Rule_724	?a type ClinicalProcedure => ?a type SurfaceForm	remote_device_management type ClinicalProcedure => remote_device_management type SurfaceForm
Rule_724	?a type ClinicalProcedure => ?a type SurfaceForm	pharmacological_therapy type ClinicalProcedure => pharmacological_therapy type SurfaceForm
Rule_724	?a type ClinicalProcedure => ?a type SurfaceForm	chest_x_ray type ClinicalProcedure => chest_x_ray type SurfaceForm
Rule_724	?a type ClinicalProcedure => ?a type SurfaceForm	specific_education_and_support type ClinicalProcedure => specific_education_and_support type SurfaceForm
Rule_724	?a type ClinicalProcedure => ?a type SurfaceForm	determine_eligibility_for_home_care_services type ClinicalProcedure => determine_eligibility_for_home_care_services type SurfaceForm
Rule_724	?a type ClinicalProcedure => ?a type SurfaceForm	prophylaxis type ClinicalProcedure => prophylaxis type SurfaceForm
Rule_724	?a type ClinicalProcedure => ?a type SurfaceForm	telemonitoring type ClinicalProcedure => telemonitoring type SurfaceForm
Rule_724	?a type ClinicalProcedure => ?a type SurfaceForm	optimize_pacemaker/icd_system_function_to_meet_the_patient's_clinical_requirements type ClinicalProcedure => optimize_pacemaker/icd_system_function_to_meet_the_patient's_clinical_requirements type SurfaceForm
Rule_724	?a type ClinicalProcedure => ?a type SurfaceForm	biventricular_pacing type ClinicalProcedure => biventricular_pacing type SurfaceForm
Rule_724	?a type ClinicalProcedure => ?a type SurfaceForm	assistance_with_social_and_financial_concerns type ClinicalProcedure => assistance_with_social_and_financial_concerns type SurfaceForm
Rule_724	?a type ClinicalProcedure => ?a type SurfaceForm	cardiac_function_and_side_effect_monitoring type ClinicalProcedure => cardiac_function_and_side_effect_monitoring type SurfaceForm
Rule_724	?a type ClinicalProcedure => ?a type SurfaceForm	this_observation_period type ClinicalProcedure => this_observation_period type SurfaceForm
Rule_724	?a type ClinicalProcedure => ?a type SurfaceForm	start_with_the_goals_of_therapy_(feeling_better_and_living_longer)_and_then_discuss_how_specific_actions_(medication_initiation,_intensification,_monitoring,_and_adherence)_support_those_goals_(example:_acc's_my_heart_failure_action_plan) type ClinicalProcedure => start_with_the_goals_of_therapy_(feeling_better_and_living_longer)_and_then_discuss_how_specific_actions_(medication_initiation,_intensification,_monitoring,_and_adherence)_support_those_goals_(example:_acc's_my_heart_failure_action_plan) type SurfaceForm
Rule_724	?a type ClinicalProcedure => ?a type SurfaceForm	consider_pulmonary_consultation type ClinicalProcedure => consider_pulmonary_consultation type SurfaceForm
Rule_724	?a type ClinicalProcedure => ?a type SurfaceForm	vaccinating_against_respiratory_illnesses type ClinicalProcedure => vaccinating_against_respiratory_illnesses type SurfaceForm
Rule_724	?a type ClinicalProcedure => ?a type SurfaceForm	high-_and_very_high-intensity_activity,_including_competitive_sports type ClinicalProcedure => high-_and_very_high-intensity_activity,_including_competitive_sports type SurfaceForm
Rule_724	?a type ClinicalProcedure => ?a type SurfaceForm	in_pacemaker_implantations_in_patients_with_possible_pocket_issues_such_as_increased_risk_of_erosion_due_to_low_body_mass_index,_twiddler's_syndrome_or_aesthetic_reasons,_a_submuscular_device_pocket type ClinicalProcedure => in_pacemaker_implantations_in_patients_with_possible_pocket_issues_such_as_increased_risk_of_erosion_due_to_low_body_mass_index,_twiddler's_syndrome_or_aesthetic_reasons,_a_submuscular_device_pocket type SurfaceForm
Rule_724	?a type ClinicalProcedure => ?a type SurfaceForm	healthy_diet_in_regard_to_cvd_risk type ClinicalProcedure => healthy_diet_in_regard_to_cvd_risk type SurfaceForm
Rule_724	?a type ClinicalProcedure => ?a type SurfaceForm	documentation_of_the_type_and_dose_of_naturoceutical_products_used_by_patients_with_hf type ClinicalProcedure => documentation_of_the_type_and_dose_of_naturoceutical_products_used_by_patients_with_hf type SurfaceForm
Rule_724	?a type ClinicalProcedure => ?a type SurfaceForm	treatment_initiation type ClinicalProcedure => treatment_initiation type SurfaceForm
Rule_724	?a type ClinicalProcedure => ?a type SurfaceForm	communication type ClinicalProcedure => communication type SurfaceForm
Rule_724	?a type ClinicalProcedure => ?a type SurfaceForm	tee_mv_repair type ClinicalProcedure => tee_mv_repair type SurfaceForm
Rule_724	?a type ClinicalProcedure => ?a type SurfaceForm	respiratory_training type ClinicalProcedure => respiratory_training type SurfaceForm
Rule_724	?a type ClinicalProcedure => ?a type SurfaceForm	omt type ClinicalProcedure => omt type SurfaceForm
Rule_724	?a type ClinicalProcedure => ?a type SurfaceForm	medication_regimen type ClinicalProcedure => medication_regimen type SurfaceForm
Rule_724	?a type ClinicalProcedure => ?a type SurfaceForm	documented_assessment_of_risk_factors_for_vte type ClinicalProcedure => documented_assessment_of_risk_factors_for_vte type SurfaceForm
Rule_724	?a type ClinicalProcedure => ?a type SurfaceForm	genetic_testing_with_ttr_gene_sequencing type ClinicalProcedure => genetic_testing_with_ttr_gene_sequencing type SurfaceForm
Rule_724	?a type ClinicalProcedure => ?a type SurfaceForm	equally_attentive_to_somatic_as_to_emotional_causes_of_symptoms type ClinicalProcedure => equally_attentive_to_somatic_as_to_emotional_causes_of_symptoms type SurfaceForm
Rule_724	?a type ClinicalProcedure => ?a type SurfaceForm	physical_examination type ClinicalProcedure => physical_examination type SurfaceForm
Rule_724	?a type ClinicalProcedure => ?a type SurfaceForm	pvc_ablation type ClinicalProcedure => pvc_ablation type SurfaceForm
Rule_724	?a type ClinicalProcedure => ?a type SurfaceForm	optimal_medical_and_device_therapy type ClinicalProcedure => optimal_medical_and_device_therapy type SurfaceForm
Rule_724	?a type ClinicalProcedure => ?a type SurfaceForm	standard_rv_pacing type ClinicalProcedure => standard_rv_pacing type SurfaceForm
Rule_724	?a type ClinicalProcedure => ?a type SurfaceForm	the_training_session type ClinicalProcedure => the_training_session type SurfaceForm
Rule_724	?a type ClinicalProcedure => ?a type SurfaceForm	previous_valvular_surgery type ClinicalProcedure => previous_valvular_surgery type SurfaceForm
Rule_724	?a type ClinicalProcedure => ?a type SurfaceForm	pace-and-ablate'_strategy type ClinicalProcedure => pace-and-ablate'_strategy type SurfaceForm
Rule_724	?a type ClinicalProcedure => ?a type SurfaceForm	transthoracic_echocardiography_(tte) type ClinicalProcedure => transthoracic_echocardiography_(tte) type SurfaceForm
Rule_724	?a type ClinicalProcedure => ?a type SurfaceForm	deactivation type ClinicalProcedure => deactivation type SurfaceForm
Rule_724	?a type ClinicalProcedure => ?a type SurfaceForm	quinidine type ClinicalProcedure => quinidine type SurfaceForm
Rule_724	?a type ClinicalProcedure => ?a type SurfaceForm	when_pacing_is_no_longer_indicated,_a_decision_on_the_management_strategy type ClinicalProcedure => when_pacing_is_no_longer_indicated,_a_decision_on_the_management_strategy type SurfaceForm
Rule_724	?a type ClinicalProcedure => ?a type SurfaceForm	preliminary_optimization_of_heart_failure_risk_factor_control_and_therapy type ClinicalProcedure => preliminary_optimization_of_heart_failure_risk_factor_control_and_therapy type SurfaceForm
Rule_724	?a type ClinicalProcedure => ?a type SurfaceForm	assess_for_psrfs_that_may_impede_success type ClinicalProcedure => assess_for_psrfs_that_may_impede_success type SurfaceForm
Rule_724	?a type ClinicalProcedure => ?a type SurfaceForm	critical_care_unit_monitoring type ClinicalProcedure => critical_care_unit_monitoring type SurfaceForm
Rule_724	?a type ClinicalProcedure => ?a type SurfaceForm	flexibility_training type ClinicalProcedure => flexibility_training type SurfaceForm
Rule_724	?a type ClinicalProcedure => ?a type SurfaceForm	sedation type ClinicalProcedure => sedation type SurfaceForm
Rule_724	?a type ClinicalProcedure => ?a type SurfaceForm	use_a_standard_bladder_cuff_(12%E2%80%9313_cm_wide_and_35_cm_long)_for_most_patients,_but_use_larger_and_smaller_cuffs_for_larger_(arm_circumference_%3E32_cm)_and_smaller_(arm_circumference_%3C26_cm)_arms,_respectively. type ClinicalProcedure => use_a_standard_bladder_cuff_(12%E2%80%9313_cm_wide_and_35_cm_long)_for_most_patients,_but_use_larger_and_smaller_cuffs_for_larger_(arm_circumference_%3E32_cm)_and_smaller_(arm_circumference_%3C26_cm)_arms,_respectively. type SurfaceForm
Rule_724	?a type ClinicalProcedure => ?a type SurfaceForm	full_blood_count type ClinicalProcedure => full_blood_count type SurfaceForm
Rule_724	?a type ClinicalProcedure => ?a type SurfaceForm	identify_patients_at_risk_and_initiate_appropriate_follow-up_with_field_safety_corrective_action/safety_alerts type ClinicalProcedure => identify_patients_at_risk_and_initiate_appropriate_follow-up_with_field_safety_corrective_action/safety_alerts type SurfaceForm
Rule_724	?a type ClinicalProcedure => ?a type SurfaceForm	advise_to_cope_with_adverse_effects_(e.g._excessive_shortness_of_breath) type ClinicalProcedure => advise_to_cope_with_adverse_effects_(e.g._excessive_shortness_of_breath) type SurfaceForm
Rule_724	?a type ClinicalProcedure => ?a type SurfaceForm	dapt type ClinicalProcedure => dapt type SurfaceForm
Rule_724	?a type ClinicalProcedure => ?a type SurfaceForm	left_cardiac_sympathetic_denervation type ClinicalProcedure => left_cardiac_sympathetic_denervation type SurfaceForm
Rule_724	?a type ClinicalProcedure => ?a type SurfaceForm	upgrade'_to_crt type ClinicalProcedure => upgrade'_to_crt type SurfaceForm
Rule_724	?a type ClinicalProcedure => ?a type SurfaceForm	cmr_with_lge type ClinicalProcedure => cmr_with_lge type SurfaceForm
Rule_724	?a type ClinicalProcedure => ?a type SurfaceForm	careful_presentation_of_recommendations type ClinicalProcedure => careful_presentation_of_recommendations type SurfaceForm
Rule_724	?a type ClinicalProcedure => ?a type SurfaceForm	disease_management_program type ClinicalProcedure => disease_management_program type SurfaceForm
Rule_724	?a type ClinicalProcedure => ?a type SurfaceForm	heparin-bridging_of_anticoagulated_patients type ClinicalProcedure => heparin-bridging_of_anticoagulated_patients type SurfaceForm
Rule_724	?a type ClinicalProcedure => ?a type SurfaceForm	%E2%80%A2_qtc_prolongation_(st-segment_prolonged)_%E2%80%A2_the_t-wave_unchanged_%E2%80%A2_dysrhythmias_uncommon_%E2%80%A2_tdp type ClinicalProcedure => %E2%80%A2_qtc_prolongation_(st-segment_prolonged)_%E2%80%A2_the_t-wave_unchanged_%E2%80%A2_dysrhythmias_uncommon_%E2%80%A2_tdp type SurfaceForm
Rule_724	?a type ClinicalProcedure => ?a type SurfaceForm	determine_eligibility_for_insurance_or_state-based_transportation,_or_reduced-cost_public_transportation type ClinicalProcedure => determine_eligibility_for_insurance_or_state-based_transportation,_or_reduced-cost_public_transportation type SurfaceForm
Rule_724	?a type ClinicalProcedure => ?a type SurfaceForm	atrial_atp type ClinicalProcedure => atrial_atp type SurfaceForm
Rule_724	?a type ClinicalProcedure => ?a type SurfaceForm	total_intake_of_free_sugars type ClinicalProcedure => total_intake_of_free_sugars type SurfaceForm
Rule_724	?a type ClinicalProcedure => ?a type SurfaceForm	supervised_period type ClinicalProcedure => supervised_period type SurfaceForm
Rule_724	?a type ClinicalProcedure => ?a type SurfaceForm	evaluate_and_revascularize_in_appropriate_patients type ClinicalProcedure => evaluate_and_revascularize_in_appropriate_patients type SurfaceForm
Rule_724	?a type ClinicalProcedure => ?a type SurfaceForm	withdrawal type ClinicalProcedure => withdrawal type SurfaceForm
Rule_724	?a type ClinicalProcedure => ?a type SurfaceForm	increase_intake type ClinicalProcedure => increase_intake type SurfaceForm
Rule_724	?a type ClinicalProcedure => ?a type SurfaceForm	remote_monitoring type ClinicalProcedure => remote_monitoring type SurfaceForm
Rule_724	?a type ClinicalProcedure => ?a type SurfaceForm	individually_recommended_skill_sports type ClinicalProcedure => individually_recommended_skill_sports type SurfaceForm
Rule_724	?a type ClinicalProcedure => ?a type SurfaceForm	biochemical_monitoring type ClinicalProcedure => biochemical_monitoring type SurfaceForm
Rule_724	?a type ClinicalProcedure => ?a type SurfaceForm	signed_and_witnessed_consent type ClinicalProcedure => signed_and_witnessed_consent type SurfaceForm
Rule_724	?a type ClinicalProcedure => ?a type SurfaceForm	aerobic_activity type ClinicalProcedure => aerobic_activity type SurfaceForm
Rule_724	?a type ClinicalProcedure => ?a type SurfaceForm	evidence-based_mental_healthcare type ClinicalProcedure => evidence-based_mental_healthcare type SurfaceForm
Rule_724	?a type ClinicalProcedure => ?a type SurfaceForm	decision_making type ClinicalProcedure => decision_making type SurfaceForm
Rule_724	?a type ClinicalProcedure => ?a type SurfaceForm	high-intensity_interval_training type ClinicalProcedure => high-intensity_interval_training type SurfaceForm
Rule_724	?a type ClinicalProcedure => ?a type SurfaceForm	mutation-specific_genetic_testing type ClinicalProcedure => mutation-specific_genetic_testing type SurfaceForm
Rule_724	?a type ClinicalProcedure => ?a type SurfaceForm	palliative_or_end-of-life_care type ClinicalProcedure => palliative_or_end-of-life_care type SurfaceForm
Rule_724	?a type ClinicalProcedure => ?a type SurfaceForm	become_familiar_with_and_advocate_for_systems_that_help_make_cost_sharing_automatic,_immediate,_and_transparent type ClinicalProcedure => become_familiar_with_and_advocate_for_systems_that_help_make_cost_sharing_automatic,_immediate,_and_transparent type SurfaceForm
Rule_724	?a type ClinicalProcedure => ?a type SurfaceForm	%3C2_l/d_for_serum_sodium_%3C130_meq/l_or_diuretic_resistance_strength_of_evidence_=_c type ClinicalProcedure => %3C2_l/d_for_serum_sodium_%3C130_meq/l_or_diuretic_resistance_strength_of_evidence_=_c type SurfaceForm
Rule_724	?a type ClinicalProcedure => ?a type SurfaceForm	refer_to_a_structural_heart_disease_expert type ClinicalProcedure => refer_to_a_structural_heart_disease_expert type SurfaceForm
Rule_724	?a type ClinicalProcedure => ?a type SurfaceForm	avoid_excessive_salt_intake_(%3E6_g/d),_without_a_specific_recommendation type ClinicalProcedure => avoid_excessive_salt_intake_(%3E6_g/d),_without_a_specific_recommendation type SurfaceForm
Rule_724	?a type ClinicalProcedure => ?a type SurfaceForm	replacement type ClinicalProcedure => replacement type SurfaceForm
Rule_724	?a type ClinicalProcedure => ?a type SurfaceForm	explain_effects_of_inactivity_and_help_add_pa_to_daily_life type ClinicalProcedure => explain_effects_of_inactivity_and_help_add_pa_to_daily_life type SurfaceForm
Rule_724	?a type ClinicalProcedure => ?a type SurfaceForm	type_and_setting_of_sports_(individual_vs._team) type ClinicalProcedure => type_and_setting_of_sports_(individual_vs._team) type SurfaceForm
Rule_724	?a type ClinicalProcedure => ?a type SurfaceForm	a_discussion_on_exercise_participation type ClinicalProcedure => a_discussion_on_exercise_participation type SurfaceForm
Rule_724	?a type ClinicalProcedure => ?a type SurfaceForm	investigation type ClinicalProcedure => investigation type SurfaceForm
Rule_724	?a type ClinicalProcedure => ?a type SurfaceForm	treatment_of_ascvd_risk_factors type ClinicalProcedure => treatment_of_ascvd_risk_factors type SurfaceForm
Rule_724	?a type ClinicalProcedure => ?a type SurfaceForm	provide_technical_expertise_and_education_to_colleagues,_patients,_and_community type ClinicalProcedure => provide_technical_expertise_and_education_to_colleagues,_patients,_and_community type SurfaceForm
Rule_724	?a type ClinicalProcedure => ?a type SurfaceForm	complete_assessment type ClinicalProcedure => complete_assessment type SurfaceForm
Rule_724	?a type ClinicalProcedure => ?a type SurfaceForm	patient_education type ClinicalProcedure => patient_education type SurfaceForm
Rule_724	?a type ClinicalProcedure => ?a type SurfaceForm	high-intensity_recreational_sports type ClinicalProcedure => high-intensity_recreational_sports type SurfaceForm
Rule_724	?a type ClinicalProcedure => ?a type SurfaceForm	a_center_with_expertise_in_the_management_of_patients_with_advanced_hf type ClinicalProcedure => a_center_with_expertise_in_the_management_of_patients_with_advanced_hf type SurfaceForm
Rule_724	?a type ClinicalProcedure => ?a type SurfaceForm	pvc-induced_cardiomyopathy type ClinicalProcedure => pvc-induced_cardiomyopathy type SurfaceForm
Rule_724	?a type ClinicalProcedure => ?a type SurfaceForm	regular_cr_exercise_training_regime type ClinicalProcedure => regular_cr_exercise_training_regime type SurfaceForm
Rule_724	?a type ClinicalProcedure => ?a type SurfaceForm	cardioversion type ClinicalProcedure => cardioversion type SurfaceForm
Rule_724	?a type ClinicalProcedure => ?a type SurfaceForm	crt_rather_than_rv_pacing type ClinicalProcedure => crt_rather_than_rv_pacing type SurfaceForm
Rule_724	?a type ClinicalProcedure => ?a type SurfaceForm	caloric_intake type ClinicalProcedure => caloric_intake type SurfaceForm
Rule_724	?a type ClinicalProcedure => ?a type SurfaceForm	recreational_(low-intensity_recreational)_sports_participation type ClinicalProcedure => recreational_(low-intensity_recreational)_sports_participation type SurfaceForm
Rule_724	?a type ClinicalProcedure => ?a type SurfaceForm	cardiovascular_therapies type ClinicalProcedure => cardiovascular_therapies type SurfaceForm
Rule_724	?a type ClinicalProcedure => ?a type SurfaceForm	lit type ClinicalProcedure => lit type SurfaceForm
Rule_724	?a type ClinicalProcedure => ?a type SurfaceForm	cardioprotection type ClinicalProcedure => cardioprotection type SurfaceForm
Rule_724	?a type ClinicalProcedure => ?a type SurfaceForm	referral_for_addiction_psychiatry_consultation type ClinicalProcedure => referral_for_addiction_psychiatry_consultation type SurfaceForm
Rule_724	?a type ClinicalProcedure => ?a type SurfaceForm	ddd_with_rate-responsive_pacing type ClinicalProcedure => ddd_with_rate-responsive_pacing type SurfaceForm
Rule_724	?a type ClinicalProcedure => ?a type SurfaceForm	valve_repair type ClinicalProcedure => valve_repair type SurfaceForm
Rule_724	?a type ClinicalProcedure => ?a type SurfaceForm	optimal_treatment_of_cardiovascular_risk_factors type ClinicalProcedure => optimal_treatment_of_cardiovascular_risk_factors type SurfaceForm
Rule_724	?a type ClinicalProcedure => ?a type SurfaceForm	fibre type ClinicalProcedure => fibre type SurfaceForm
Rule_724	?a type ClinicalProcedure => ?a type SurfaceForm	adapting_the_site_of_lead_and/or_device_implantation type ClinicalProcedure => adapting_the_site_of_lead_and/or_device_implantation type SurfaceForm
Rule_724	?a type ClinicalProcedure => ?a type SurfaceForm	treatment type ClinicalProcedure => treatment type SurfaceForm
Rule_724	?a type ClinicalProcedure => ?a type SurfaceForm	immediate_evaluation type ClinicalProcedure => immediate_evaluation type SurfaceForm
Rule_724	?a type ClinicalProcedure => ?a type SurfaceForm	for_venous_access,_the_cephalic_or_axillary_vein type ClinicalProcedure => for_venous_access,_the_cephalic_or_axillary_vein type SurfaceForm
Rule_724	?a type ClinicalProcedure => ?a type SurfaceForm	invasive_coronary_angiography type ClinicalProcedure => invasive_coronary_angiography type SurfaceForm
Rule_724	?a type ClinicalProcedure => ?a type SurfaceForm	assessment:_bp_frequently_at_rest._during_exercise_bp_should_be_monitored_when_hypertension_on_effort_is_suspected._a_sbp_up_to_200_mmhg_at_100_w_during_exercise_is_advised_as_acceptable_upper_limit%3Csup%3E25%3C/sup%3E type ClinicalProcedure => assessment:_bp_frequently_at_rest._during_exercise_bp_should_be_monitored_when_hypertension_on_effort_is_suspected._a_sbp_up_to_200_mmhg_at_100_w_during_exercise_is_advised_as_acceptable_upper_limit%3Csup%3E25%3C/sup%3E type SurfaceForm
Rule_724	?a type ClinicalProcedure => ?a type SurfaceForm	referral_to_a_comprehensive_hf_disease_management_program_that_delivers_individualized_care type ClinicalProcedure => referral_to_a_comprehensive_hf_disease_management_program_that_delivers_individualized_care type SurfaceForm
Rule_724	?a type ClinicalProcedure => ?a type SurfaceForm	urgent_ecv type ClinicalProcedure => urgent_ecv type SurfaceForm
Rule_724	?a type ClinicalProcedure => ?a type SurfaceForm	medical_treatment type ClinicalProcedure => medical_treatment type SurfaceForm
Rule_724	?a type ClinicalProcedure => ?a type SurfaceForm	placement_of_a_pa_line type ClinicalProcedure => placement_of_a_pa_line type SurfaceForm
Rule_724	?a type ClinicalProcedure => ?a type SurfaceForm	adoption_of_a_two-step_evaluation_of_psrfs_in_cr:_first,_to_ask_the_patient_single-item_questions_about_distinct_psrfs_and_then_to_apply_standardized_questionnaires_(i.e._the_heartqol_for_quality_of_life_in_patients_with_chd_across_european_language_groups;_or_hads_for_anxiety/depression) type ClinicalProcedure => adoption_of_a_two-step_evaluation_of_psrfs_in_cr:_first,_to_ask_the_patient_single-item_questions_about_distinct_psrfs_and_then_to_apply_standardized_questionnaires_(i.e._the_heartqol_for_quality_of_life_in_patients_with_chd_across_european_language_groups;_or_hads_for_anxiety/depression) type SurfaceForm
Rule_724	?a type ClinicalProcedure => ?a type SurfaceForm	fruit type ClinicalProcedure => fruit type SurfaceForm
Rule_724	?a type ClinicalProcedure => ?a type SurfaceForm	lying_and_standing_bp_measurements_should_also_be_considered_in_subsequent_visits_in_older_people,_in_people_with_dm,_and_in_other_conditions_in_which_orthostatic_hypotension_may_frequently_occur._initial_orthostatic_hypotension_may_occur_%3C1_min_after_standing_and_may_be_difficult_to_detect_with_conventional_measurement_techniques. type ClinicalProcedure => lying_and_standing_bp_measurements_should_also_be_considered_in_subsequent_visits_in_older_people,_in_people_with_dm,_and_in_other_conditions_in_which_orthostatic_hypotension_may_frequently_occur._initial_orthostatic_hypotension_may_occur_%3C1_min_after_standing_and_may_be_difficult_to_detect_with_conventional_measurement_techniques. type SurfaceForm
Rule_724	?a type ClinicalProcedure => ?a type SurfaceForm	adult_day_care type ClinicalProcedure => adult_day_care type SurfaceForm
Rule_724	?a type ClinicalProcedure => ?a type SurfaceForm	annual_cardiac_assessment type ClinicalProcedure => annual_cardiac_assessment type SurfaceForm
Rule_724	?a type ClinicalProcedure => ?a type SurfaceForm	driving_limitations_and_other_activities type ClinicalProcedure => driving_limitations_and_other_activities type SurfaceForm
Rule_724	?a type ClinicalProcedure => ?a type SurfaceForm	eat_healthily type ClinicalProcedure => eat_healthily type SurfaceForm
Rule_724	?a type ClinicalProcedure => ?a type SurfaceForm	education:_of_patient_(and_family_members)_regarding_dietary_goals_and_how_to_attain_them;_salt,_lipid_and_water_content_of_common_foods type ClinicalProcedure => education:_of_patient_(and_family_members)_regarding_dietary_goals_and_how_to_attain_them;_salt,_lipid_and_water_content_of_common_foods type SurfaceForm
Rule_724	?a type ClinicalProcedure => ?a type SurfaceForm	hit type ClinicalProcedure => hit type SurfaceForm
Rule_724	?a type ClinicalProcedure => ?a type SurfaceForm	consider_nephrology_consult type ClinicalProcedure => consider_nephrology_consult type SurfaceForm
Rule_724	?a type ClinicalProcedure => ?a type SurfaceForm	1.5%E2%80%932_l/d_in_stage_d_hf,_especially_with_hyponatremia_(class_iia)_strength_of_evidence_=_c type ClinicalProcedure => 1.5%E2%80%932_l/d_in_stage_d_hf,_especially_with_hyponatremia_(class_iia)_strength_of_evidence_=_c type SurfaceForm
Rule_724	?a type ClinicalProcedure => ?a type SurfaceForm	enrollment_in_hospice type ClinicalProcedure => enrollment_in_hospice type SurfaceForm
Rule_724	?a type ClinicalProcedure => ?a type SurfaceForm	moderate-intensity_aerobic_exercise type ClinicalProcedure => moderate-intensity_aerobic_exercise type SurfaceForm
Rule_724	?a type ClinicalProcedure => ?a type SurfaceForm	integrated_care_approach type ClinicalProcedure => integrated_care_approach type SurfaceForm
Rule_724	?a type ClinicalProcedure => ?a type SurfaceForm	initiation_of_drug_treatment type ClinicalProcedure => initiation_of_drug_treatment type SurfaceForm
Rule_724	?a type ClinicalProcedure => ?a type SurfaceForm	participation_in_high-_or_very_high-intensity_exercise_including_competitive_sports type ClinicalProcedure => participation_in_high-_or_very_high-intensity_exercise_including_competitive_sports type SurfaceForm
Rule_724	?a type ClinicalProcedure => ?a type SurfaceForm	medical_history_and_disease_chronicity type ClinicalProcedure => medical_history_and_disease_chronicity type SurfaceForm
Rule_724	?a type ClinicalProcedure => ?a type SurfaceForm	programming_of_atrial_atp type ClinicalProcedure => programming_of_atrial_atp type SurfaceForm
Rule_724	?a type ClinicalProcedure => ?a type SurfaceForm	replacement_of_an_existing_icd type ClinicalProcedure => replacement_of_an_existing_icd type SurfaceForm
Rule_724	?a type ClinicalProcedure => ?a type SurfaceForm	capitalize_on_opportunities_when_patients_are_most_predisposed_to_adherence type ClinicalProcedure => capitalize_on_opportunities_when_patients_are_most_predisposed_to_adherence type SurfaceForm
Rule_724	?a type ClinicalProcedure => ?a type SurfaceForm	medical_therapy type ClinicalProcedure => medical_therapy type SurfaceForm
Rule_724	?a type ClinicalProcedure => ?a type SurfaceForm	fruit_and_vegetables type ClinicalProcedure => fruit_and_vegetables type SurfaceForm
Rule_724	?a type ClinicalProcedure => ?a type SurfaceForm	1.5%E2%80%932_l/d type ClinicalProcedure => 1.5%E2%80%932_l/d type SurfaceForm
Rule_724	?a type ClinicalProcedure => ?a type SurfaceForm	sugar-sweetened_soft_drinks_and_alcoholic_beverages_consumption type ClinicalProcedure => sugar-sweetened_soft_drinks_and_alcoholic_beverages_consumption type SurfaceForm
Rule_724	?a type ClinicalProcedure => ?a type SurfaceForm	treat_according_to_current_aha/acc_guidelines_for_the_management_of_patients_with_valvular_heart_disease_(160,161) type ClinicalProcedure => treat_according_to_current_aha/acc_guidelines_for_the_management_of_patients_with_valvular_heart_disease_(160,161) type SurfaceForm
Rule_724	?a type ClinicalProcedure => ?a type SurfaceForm	discontinuing_the_presumed_responsible_medication type ClinicalProcedure => discontinuing_the_presumed_responsible_medication type SurfaceForm
Rule_724	?a type ClinicalProcedure => ?a type SurfaceForm	counselling type ClinicalProcedure => counselling type SurfaceForm
Rule_724	?a type ClinicalProcedure => ?a type SurfaceForm	multidisciplinary_collaborative_approach type ClinicalProcedure => multidisciplinary_collaborative_approach type SurfaceForm
Rule_724	?a type ClinicalProcedure => ?a type SurfaceForm	remote_device_monitoring type ClinicalProcedure => remote_device_monitoring type SurfaceForm
Rule_724	?a type ClinicalProcedure => ?a type SurfaceForm	if_patients_are_unable_to_engage_in_walking_or_cycling_based_activities_then_cr_programmes_should_work_with_patients_and_carers_to_facilitate_alternatives_such_as_chair_based_exercise,_wheelchair_ambulation_or_other_non-weight_bearing_options_such_as_aqua_aerobics_or_moderate_intensity_floor_based_calisthenics type ClinicalProcedure => if_patients_are_unable_to_engage_in_walking_or_cycling_based_activities_then_cr_programmes_should_work_with_patients_and_carers_to_facilitate_alternatives_such_as_chair_based_exercise,_wheelchair_ambulation_or_other_non-weight_bearing_options_such_as_aqua_aerobics_or_moderate_intensity_floor_based_calisthenics type SurfaceForm
Rule_724	?a type ClinicalProcedure => ?a type SurfaceForm	endurance_high_intensity_interval_training type ClinicalProcedure => endurance_high_intensity_interval_training type SurfaceForm
Rule_724	?a type ClinicalProcedure => ?a type SurfaceForm	non-competitive_(low-_to_moderate-intensity_recreational)_skill,_power,_mixed,_or_endurance_sports type ClinicalProcedure => non-competitive_(low-_to_moderate-intensity_recreational)_skill,_power,_mixed,_or_endurance_sports type SurfaceForm
Rule_724	?a type ClinicalProcedure => ?a type SurfaceForm	raw_meat_raw_seafood_unpasteurized_milk_cheese_from_unpasteurized_milk_mouldy_cheese_raw_eggs_soft_ice_grapefruits,_pomelo,_ginger,_turmeric type ClinicalProcedure => raw_meat_raw_seafood_unpasteurized_milk_cheese_from_unpasteurized_milk_mouldy_cheese_raw_eggs_soft_ice_grapefruits,_pomelo,_ginger,_turmeric type SurfaceForm
Rule_724	?a type ClinicalProcedure => ?a type SurfaceForm	personal_hygiene_and_general_measures_to_reduce_the_risk_of_infection type ClinicalProcedure => personal_hygiene_and_general_measures_to_reduce_the_risk_of_infection type SurfaceForm
Rule_724	?a type ClinicalProcedure => ?a type SurfaceForm	self-management type ClinicalProcedure => self-management type SurfaceForm
Rule_724	?a type ClinicalProcedure => ?a type SurfaceForm	participation_in_competitive_or_recreational_sports/exercise_of_moderate_and_high_intensity type ClinicalProcedure => participation_in_competitive_or_recreational_sports/exercise_of_moderate_and_high_intensity type SurfaceForm
Rule_724	?a type ClinicalProcedure => ?a type SurfaceForm	tailored_exercise_recommendations type ClinicalProcedure => tailored_exercise_recommendations type SurfaceForm
Rule_724	?a type ClinicalProcedure => ?a type SurfaceForm	contraceptive_counseling type ClinicalProcedure => contraceptive_counseling type SurfaceForm
Rule_724	?a type ClinicalProcedure => ?a type SurfaceForm	in_patients_with_symptomatic_af_and_an_uncontrolled_heart_rate_who_are_candidates_for_avj_ablation_(irrespective_of_qrs_duration),_rv_pacing type ClinicalProcedure => in_patients_with_symptomatic_af_and_an_uncontrolled_heart_rate_who_are_candidates_for_avj_ablation_(irrespective_of_qrs_duration),_rv_pacing type SurfaceForm
Rule_724	?a type ClinicalProcedure => ?a type SurfaceForm	surgical_or_transcutaneous_pulmonary_valve_replacement type ClinicalProcedure => surgical_or_transcutaneous_pulmonary_valve_replacement type SurfaceForm
Rule_724	?a type ClinicalProcedure => ?a type SurfaceForm	trans_unsaturated_fatty_acids type ClinicalProcedure => trans_unsaturated_fatty_acids type SurfaceForm
Rule_724	?a type ClinicalProcedure => ?a type SurfaceForm	cardiac_rehabilitation_program type ClinicalProcedure => cardiac_rehabilitation_program type SurfaceForm
Rule_724	?a type ClinicalProcedure => ?a type SurfaceForm	same_risk_stratifications_as_for_non-pregnant_women type ClinicalProcedure => same_risk_stratifications_as_for_non-pregnant_women type SurfaceForm
Rule_724	?a type ClinicalProcedure => ?a type SurfaceForm	post-mortem_genetic_testing type ClinicalProcedure => post-mortem_genetic_testing type SurfaceForm
Rule_724	?a type ClinicalProcedure => ?a type SurfaceForm	in_patients_with_neuromuscular_disease_such_as_myotonic_dystrophy_type_1_with_pr_%5Cgeq_240_ms_or_qrs_duration_%5Cgeq_120_ms,_permanent_pacemaker_implantation type ClinicalProcedure => in_patients_with_neuromuscular_disease_such_as_myotonic_dystrophy_type_1_with_pr_%5Cgeq_240_ms_or_qrs_duration_%5Cgeq_120_ms,_permanent_pacemaker_implantation type SurfaceForm
Rule_724	?a type ClinicalProcedure => ?a type SurfaceForm	permanent_pacemaker_implantation type ClinicalProcedure => permanent_pacemaker_implantation type SurfaceForm
Rule_724	?a type ClinicalProcedure => ?a type SurfaceForm	participate_in_engaged_benefit_designs type ClinicalProcedure => participate_in_engaged_benefit_designs type SurfaceForm
Rule_724	?a type ClinicalProcedure => ?a type SurfaceForm	third_stage_of_labour type ClinicalProcedure => third_stage_of_labour type SurfaceForm
Rule_724	?a type ClinicalProcedure => ?a type SurfaceForm	long-term_mcs type ClinicalProcedure => long-term_mcs type SurfaceForm
Rule_724	?a type ClinicalProcedure => ?a type SurfaceForm	peak_exercise_capacity:_symptom-limited_exercise_testing,_either_on_bicycle_ergometer_or_on_treadmill,_by_means_of_cpet_as_a_gold_standard._if_the_patient_cannot_do_any_treadmill_or_bicycle_(not_so_frequent)_a_test_like_6mwt_or_iswt_should_be_performed_(but_only_as_necessary_alternative)._in_frail_patients_or_patients_unable_to_walk,_the_sppb_or_other_chair_based_tests_should_be_considered. type ClinicalProcedure => peak_exercise_capacity:_symptom-limited_exercise_testing,_either_on_bicycle_ergometer_or_on_treadmill,_by_means_of_cpet_as_a_gold_standard._if_the_patient_cannot_do_any_treadmill_or_bicycle_(not_so_frequent)_a_test_like_6mwt_or_iswt_should_be_performed_(but_only_as_necessary_alternative)._in_frail_patients_or_patients_unable_to_walk,_the_sppb_or_other_chair_based_tests_should_be_considered. type SurfaceForm
Rule_724	?a type ClinicalProcedure => ?a type SurfaceForm	cabg type ClinicalProcedure => cabg type SurfaceForm
Rule_724	?a type ClinicalProcedure => ?a type SurfaceForm	assessment:_lipid_profile._modify_diet,_physical_activity_and_medication_therapy_if_appropriate type ClinicalProcedure => assessment:_lipid_profile._modify_diet,_physical_activity_and_medication_therapy_if_appropriate type SurfaceForm
Rule_724	?a type ClinicalProcedure => ?a type SurfaceForm	haemofiltration type ClinicalProcedure => haemofiltration type SurfaceForm
Rule_724	?a type ClinicalProcedure => ?a type SurfaceForm	extubate_to_room_air type ClinicalProcedure => extubate_to_room_air type SurfaceForm
Rule_724	?a type ClinicalProcedure => ?a type SurfaceForm	treatment_of_the_cause_of_cardiogenic_shock type ClinicalProcedure => treatment_of_the_cause_of_cardiogenic_shock type SurfaceForm
Rule_724	?a type ClinicalProcedure => ?a type SurfaceForm	treat_according_to_current_aha/acc_guidelines_on_the_management_of_patients_with_lower_extremity_peripheral_artery_disease_(167) type ClinicalProcedure => treat_according_to_current_aha/acc_guidelines_on_the_management_of_patients_with_lower_extremity_peripheral_artery_disease_(167) type SurfaceForm
Rule_724	?a type ClinicalProcedure => ?a type SurfaceForm	reintervention_cied_procedure type ClinicalProcedure => reintervention_cied_procedure type SurfaceForm
Rule_724	?a type ClinicalProcedure => ?a type SurfaceForm	stop_smoking_and_lifestyle_optimization type ClinicalProcedure => stop_smoking_and_lifestyle_optimization type SurfaceForm
Rule_724	?a type ClinicalProcedure => ?a type SurfaceForm	anticipate_problems type ClinicalProcedure => anticipate_problems type SurfaceForm
Rule_724	?a type ClinicalProcedure => ?a type SurfaceForm	adaptive_servo-ventilation type ClinicalProcedure => adaptive_servo-ventilation type SurfaceForm
Rule_724	?a type ClinicalProcedure => ?a type SurfaceForm	lengthening_of_the_refractory_period type ClinicalProcedure => lengthening_of_the_refractory_period type SurfaceForm
Rule_724	?a type ClinicalProcedure => ?a type SurfaceForm	strength_and_endurance_exercise type ClinicalProcedure => strength_and_endurance_exercise type SurfaceForm
Rule_724	?a type ClinicalProcedure => ?a type SurfaceForm	saturated_fatty_acids_to_account_for_%3C10%25_of_total_energy_intake,_through_replacement_by_polyunsaturated_fatty_acids type ClinicalProcedure => saturated_fatty_acids_to_account_for_%3C10%25_of_total_energy_intake,_through_replacement_by_polyunsaturated_fatty_acids type SurfaceForm
Rule_724	?a type ClinicalProcedure => ?a type SurfaceForm	participation_in_leisure_exercise_or_competitive_sports_involving_high_intensity type ClinicalProcedure => participation_in_leisure_exercise_or_competitive_sports_involving_high_intensity type SurfaceForm
Rule_724	?a type ClinicalProcedure => ?a type SurfaceForm	replace_saturated_with_unsaturated_fats type ClinicalProcedure => replace_saturated_with_unsaturated_fats type SurfaceForm
Rule_724	?a type ClinicalProcedure => ?a type SurfaceForm	evidence-based_oral_medical_treatment_be_administered_before_discharge. type ClinicalProcedure => evidence-based_oral_medical_treatment_be_administered_before_discharge. type SurfaceForm
Rule_724	?a type ClinicalProcedure => ?a type SurfaceForm	evaluation_of_etiology,_guideline-directed_evaluation_and_management_of_recommended_therapies,_and_assistance_in_disease_management type ClinicalProcedure => evaluation_of_etiology,_guideline-directed_evaluation_and_management_of_recommended_therapies,_and_assistance_in_disease_management type SurfaceForm
Rule_724	?a type ClinicalProcedure => ?a type SurfaceForm	optimal_icd_programming type ClinicalProcedure => optimal_icd_programming type SurfaceForm
Rule_724	?a type ClinicalProcedure => ?a type SurfaceForm	driving_limitations type ClinicalProcedure => driving_limitations type SurfaceForm
Rule_724	?a type ClinicalProcedure => ?a type SurfaceForm	use_decision_aids_when_available_(example:_cardiosmart_heart_failure_resources) type ClinicalProcedure => use_decision_aids_when_available_(example:_cardiosmart_heart_failure_resources) type SurfaceForm
Rule_724	?a type ClinicalProcedure => ?a type SurfaceForm	all_ventricular_anti-tachycardia_pacing_therapies type ClinicalProcedure => all_ventricular_anti-tachycardia_pacing_therapies type SurfaceForm
Rule_724	?a type ClinicalProcedure => ?a type SurfaceForm	implantation_of_a_transvalvular_right_ventricular_lead type ClinicalProcedure => implantation_of_a_transvalvular_right_ventricular_lead type SurfaceForm
Rule_724	?a type ClinicalProcedure => ?a type SurfaceForm	decisions_about_when_to_discontinue_treatments_designed_primarily_to_prolong_life type ClinicalProcedure => decisions_about_when_to_discontinue_treatments_designed_primarily_to_prolong_life type SurfaceForm
Rule_724	?a type ClinicalProcedure => ?a type SurfaceForm	reprogramming_the_icd type ClinicalProcedure => reprogramming_the_icd type SurfaceForm
Rule_724	?a type ClinicalProcedure => ?a type SurfaceForm	programmed_alerts type ClinicalProcedure => programmed_alerts type SurfaceForm
Rule_724	?a type ClinicalProcedure => ?a type SurfaceForm	inherited_heart_muscle_disease_characterized_by_progressive_fibrofatty_replacement_of_the_rv_myocardium_which type ClinicalProcedure => inherited_heart_muscle_disease_characterized_by_progressive_fibrofatty_replacement_of_the_rv_myocardium_which type SurfaceForm
Rule_724	?a type ClinicalProcedure => ?a type SurfaceForm	intake_of_foods_rich_in_phosphate_(e.g._milk_products,_eggs_and_meat) type ClinicalProcedure => intake_of_foods_rich_in_phosphate_(e.g._milk_products,_eggs_and_meat) type SurfaceForm
Rule_724	?a type ClinicalProcedure => ?a type SurfaceForm	prescribed_exercise type ClinicalProcedure => prescribed_exercise type SurfaceForm
Rule_724	?a type ClinicalProcedure => ?a type SurfaceForm	aerobic_training_workload type ClinicalProcedure => aerobic_training_workload type SurfaceForm
Rule_724	?a type ClinicalProcedure => ?a type SurfaceForm	thrombolytic_therapy type ClinicalProcedure => thrombolytic_therapy type SurfaceForm
Rule_724	?a type ClinicalProcedure => ?a type SurfaceForm	careful_physical_examination_with_determination_of_vital_signs type ClinicalProcedure => careful_physical_examination_with_determination_of_vital_signs type SurfaceForm
Rule_724	?a type ClinicalProcedure => ?a type SurfaceForm	multidisciplinary_hf_management_programme type ClinicalProcedure => multidisciplinary_hf_management_programme type SurfaceForm
Rule_724	?a type ClinicalProcedure => ?a type SurfaceForm	exploring_patients'_expressed_preferences,_values,_needs,_concerns,_means_and_desires_through_clinician-led_discussion type ClinicalProcedure => exploring_patients'_expressed_preferences,_values,_needs,_concerns,_means_and_desires_through_clinician-led_discussion type SurfaceForm
Rule_724	?a type ClinicalProcedure => ?a type SurfaceForm	fish type ClinicalProcedure => fish type SurfaceForm
Rule_724	?a type ClinicalProcedure => ?a type SurfaceForm	disabling type ClinicalProcedure => disabling type SurfaceForm
Rule_724	?a type ClinicalProcedure => ?a type SurfaceForm	not_recommended_for_routine_care_strength_of_evidence_=_weak type ClinicalProcedure => not_recommended_for_routine_care_strength_of_evidence_=_weak type SurfaceForm
Rule_724	?a type ClinicalProcedure => ?a type SurfaceForm	regular_physical_activity type ClinicalProcedure => regular_physical_activity type SurfaceForm
Rule_724	?a type ClinicalProcedure => ?a type SurfaceForm	aerobic_training_load type ClinicalProcedure => aerobic_training_load type SurfaceForm
Rule_724	?a type ClinicalProcedure => ?a type SurfaceForm	psychological_support type ClinicalProcedure => psychological_support type SurfaceForm
Rule_724	?a type ClinicalProcedure => ?a type SurfaceForm	clinical_reassessment type ClinicalProcedure => clinical_reassessment type SurfaceForm
Rule_724	?a type ClinicalProcedure => ?a type SurfaceForm	rapid,_appropriate_treatment type ClinicalProcedure => rapid,_appropriate_treatment type SurfaceForm
Rule_724	?a type ClinicalProcedure => ?a type SurfaceForm	endurance_continuous_training type ClinicalProcedure => endurance_continuous_training type SurfaceForm
Rule_724	?a type ClinicalProcedure => ?a type SurfaceForm	consider_consult_with_endocrinologist type ClinicalProcedure => consider_consult_with_endocrinologist type SurfaceForm
Rule_724	?a type ClinicalProcedure => ?a type SurfaceForm	elective_surgery type ClinicalProcedure => elective_surgery type SurfaceForm
Rule_724	?a type ClinicalProcedure => ?a type SurfaceForm	rinsing_the_device_pocket_with_normal_saline_solution type ClinicalProcedure => rinsing_the_device_pocket_with_normal_saline_solution type SurfaceForm
Rule_724	?a type ClinicalProcedure => ?a type SurfaceForm	rv_pacing type ClinicalProcedure => rv_pacing type SurfaceForm
Rule_724	?a type ClinicalProcedure => ?a type SurfaceForm	delivery_planning type ClinicalProcedure => delivery_planning type SurfaceForm
Rule_724	?a type ClinicalProcedure => ?a type SurfaceForm	other_specific_treatments type ClinicalProcedure => other_specific_treatments type SurfaceForm
Rule_724	?a type ClinicalProcedure => ?a type SurfaceForm	oxygen type ClinicalProcedure => oxygen type SurfaceForm
Rule_724	?a type ClinicalProcedure => ?a type SurfaceForm	sexual_counselling type ClinicalProcedure => sexual_counselling type SurfaceForm
Rule_724	?a type ClinicalProcedure => ?a type SurfaceForm	genetic_counseling type ClinicalProcedure => genetic_counseling type SurfaceForm
Rule_724	?a type ClinicalProcedure => ?a type SurfaceForm	physically_active type ClinicalProcedure => physically_active type SurfaceForm
Rule_724	?a type ClinicalProcedure => ?a type SurfaceForm	in-office_routine_follow-up_of_single-_and_dual-chamber_pacemakers type ClinicalProcedure => in-office_routine_follow-up_of_single-_and_dual-chamber_pacemakers type SurfaceForm
Rule_724	?a type ClinicalProcedure => ?a type SurfaceForm	physical_activity_level:_domestic,_occupational_and_recreational_needs,_activities_relevant_to_age,_gender_and_daily_life,_readiness_to_change_behaviour,_self-confidence,_barriers_to_increased_physical_activity,_and_social_support_in_making_positive_changes type ClinicalProcedure => physical_activity_level:_domestic,_occupational_and_recreational_needs,_activities_relevant_to_age,_gender_and_daily_life,_readiness_to_change_behaviour,_self-confidence,_barriers_to_increased_physical_activity,_and_social_support_in_making_positive_changes type SurfaceForm
Rule_724	?a type ClinicalProcedure => ?a type SurfaceForm	supplemental_o%E2%82%82 type ClinicalProcedure => supplemental_o%E2%82%82 type SurfaceForm
Rule_724	?a type ClinicalProcedure => ?a type SurfaceForm	exercise_treadmill_testing type ClinicalProcedure => exercise_treadmill_testing type SurfaceForm
Rule_724	?a type ClinicalProcedure => ?a type SurfaceForm	documentation_of_the_type_and_dose_of_nutraceutical_products_used_by_patients_with_hf type ClinicalProcedure => documentation_of_the_type_and_dose_of_nutraceutical_products_used_by_patients_with_hf type SurfaceForm
Rule_724	?a type ClinicalProcedure => ?a type SurfaceForm	management_by_a_multidisciplinary_team_experienced_in_shock type ClinicalProcedure => management_by_a_multidisciplinary_team_experienced_in_shock type SurfaceForm
Rule_724	?a type ClinicalProcedure => ?a type SurfaceForm	communicate_common_side_effects type ClinicalProcedure => communicate_common_side_effects type SurfaceForm
Rule_724	?a type ClinicalProcedure => ?a type SurfaceForm	septal_reduction_therapy type ClinicalProcedure => septal_reduction_therapy type SurfaceForm
Rule_724	?a type ClinicalProcedure => ?a type SurfaceForm	incorporating_reports_into_ehrs type ClinicalProcedure => incorporating_reports_into_ehrs type SurfaceForm
Rule_724	?a type ClinicalProcedure => ?a type SurfaceForm	pacemaker_function type ClinicalProcedure => pacemaker_function type SurfaceForm
Rule_724	?a type ClinicalProcedure => ?a type SurfaceForm	type:_aerobic_training_(walking,_jogging,_cycling,_swimming,_rowing,_stair_climbing,_elliptical_trainers,_and_aerobic_dancing),_resistance/strength_training,_flexibility_training,_balance_training,_and_inspiratory_muscle_training._coordination_training_and_other_types_(non-conventional)_may_be_considered type ClinicalProcedure => type:_aerobic_training_(walking,_jogging,_cycling,_swimming,_rowing,_stair_climbing,_elliptical_trainers,_and_aerobic_dancing),_resistance/strength_training,_flexibility_training,_balance_training,_and_inspiratory_muscle_training._coordination_training_and_other_types_(non-conventional)_may_be_considered type SurfaceForm
Rule_724	?a type ClinicalProcedure => ?a type SurfaceForm	atrioventricular_nodal_ablation type ClinicalProcedure => atrioventricular_nodal_ablation type SurfaceForm
Rule_724	?a type ClinicalProcedure => ?a type SurfaceForm	alert_the_clinic type ClinicalProcedure => alert_the_clinic type SurfaceForm
Rule_724	?a type ClinicalProcedure => ?a type SurfaceForm	programming type ClinicalProcedure => programming type SurfaceForm
Rule_724	?a type ClinicalProcedure => ?a type SurfaceForm	healthy_diet type ClinicalProcedure => healthy_diet type SurfaceForm
Rule_724	?a type ClinicalProcedure => ?a type SurfaceForm	clear_medical_information_and_advice_on_life_after_transplant type ClinicalProcedure => clear_medical_information_and_advice_on_life_after_transplant type SurfaceForm
Rule_724	?a type ClinicalProcedure => ?a type SurfaceForm	genetic_testing type ClinicalProcedure => genetic_testing type SurfaceForm
Rule_724	?a type ClinicalProcedure => ?a type SurfaceForm	other_activities type ClinicalProcedure => other_activities type SurfaceForm
Rule_724	?a type ClinicalProcedure => ?a type SurfaceForm	valvular_surgery type ClinicalProcedure => valvular_surgery type SurfaceForm
Rule_724	?a type ClinicalProcedure => ?a type SurfaceForm	printed_educational_materials_in_a_range_of_appropriate_languages type ClinicalProcedure => printed_educational_materials_in_a_range_of_appropriate_languages type SurfaceForm
Rule_724	?a type ClinicalProcedure => ?a type SurfaceForm	shared_decision_making type ClinicalProcedure => shared_decision_making type SurfaceForm
Rule_724	?a type ClinicalProcedure => ?a type SurfaceForm	myocardial_revascularization type ClinicalProcedure => myocardial_revascularization type SurfaceForm
Rule_724	?a type ClinicalProcedure => ?a type SurfaceForm	medication_dosing_schedule,_basic_reason_for_specific_medications,_and_what_to_do_if_a_dose_is_missed type ClinicalProcedure => medication_dosing_schedule,_basic_reason_for_specific_medications,_and_what_to_do_if_a_dose_is_missed type SurfaceForm
Rule_724	?a type ClinicalProcedure => ?a type SurfaceForm	low-level_walking,_self-care_activities_intermittent_sitting_or_standing_seated_activities_range_of_motion_activities,_motor_challenge type ClinicalProcedure => low-level_walking,_self-care_activities_intermittent_sitting_or_standing_seated_activities_range_of_motion_activities,_motor_challenge type SurfaceForm
Rule_724	?a type ClinicalProcedure => ?a type SurfaceForm	access_to_interpreter_services_covering_a_wide_range_of_languages,_ideally_in_person_or,_alternatively,_via_video_platform type ClinicalProcedure => access_to_interpreter_services_covering_a_wide_range_of_languages,_ideally_in_person_or,_alternatively,_via_video_platform type SurfaceForm
Rule_724	?a type ClinicalProcedure => ?a type SurfaceForm	noninvasive_mechanical_ventilation type ClinicalProcedure => noninvasive_mechanical_ventilation type SurfaceForm
Rule_724	?a type ClinicalProcedure => ?a type SurfaceForm	et type ClinicalProcedure => et type SurfaceForm
Rule_724	?a type ClinicalProcedure => ?a type SurfaceForm	%E2%80%A2_oral_potassium_chloride:_40%E2%80%93100_mmol_%E2%80%A2_i.v._20%E2%80%9340_mmol/l_potassium_chloride_in_500_ml_of_saline_(not_exceed_20_mmol/h;_higher_rates_in_eme type ClinicalProcedure => %E2%80%A2_oral_potassium_chloride:_40%E2%80%93100_mmol_%E2%80%A2_i.v._20%E2%80%9340_mmol/l_potassium_chloride_in_500_ml_of_saline_(not_exceed_20_mmol/h;_higher_rates_in_eme type SurfaceForm
Rule_724	?a type ClinicalProcedure => ?a type SurfaceForm	exercise_test type ClinicalProcedure => exercise_test type SurfaceForm
Rule_724	?a type ClinicalProcedure => ?a type SurfaceForm	genetic_screening type ClinicalProcedure => genetic_screening type SurfaceForm
Rule_724	?a type ClinicalProcedure => ?a type SurfaceForm	psychological_counselling type ClinicalProcedure => psychological_counselling type SurfaceForm
Rule_724	?a type ClinicalProcedure => ?a type SurfaceForm	administration_of_pre-operative_antibiotic_prophylaxis type ClinicalProcedure => administration_of_pre-operative_antibiotic_prophylaxis type SurfaceForm
Rule_724	?a type ClinicalProcedure => ?a type SurfaceForm	avj_ablation type ClinicalProcedure => avj_ablation type SurfaceForm
Rule_724	?a type ClinicalProcedure => ?a type SurfaceForm	icd_will_need_to_be_replaced type ClinicalProcedure => icd_will_need_to_be_replaced type SurfaceForm
Rule_724	?a type ClinicalProcedure => ?a type SurfaceForm	ct type ClinicalProcedure => ct type SurfaceForm
Rule_724	?a type ClinicalProcedure => ?a type SurfaceForm	invasive_hemodynamic_monitoring type ClinicalProcedure => invasive_hemodynamic_monitoring type SurfaceForm
Rule_724	?a type ClinicalProcedure => ?a type SurfaceForm	pill_boxes_to_be_filled_by_patient_or_care_partner_a_week_at_a_time type ClinicalProcedure => pill_boxes_to_be_filled_by_patient_or_care_partner_a_week_at_a_time type SurfaceForm
Rule_724	?a type ClinicalProcedure => ?a type SurfaceForm	specialist_advice type ClinicalProcedure => specialist_advice type SurfaceForm
Rule_724	?a type ClinicalProcedure => ?a type SurfaceForm	aad_treatment type ClinicalProcedure => aad_treatment type SurfaceForm
Rule_724	?a type ClinicalProcedure => ?a type SurfaceForm	contraception type ClinicalProcedure => contraception type SurfaceForm
Rule_724	?a type ClinicalProcedure => ?a type SurfaceForm	lifestyle_intervention type ClinicalProcedure => lifestyle_intervention type SurfaceForm
Rule_724	?a type ClinicalProcedure => ?a type SurfaceForm	referral_for_formal_disease_management type ClinicalProcedure => referral_for_formal_disease_management type SurfaceForm
Rule_724	?a type ClinicalProcedure => ?a type SurfaceForm	information_on_prognosis type ClinicalProcedure => information_on_prognosis type SurfaceForm
Rule_724	?a type ClinicalProcedure => ?a type SurfaceForm	cv_prevention_guidelines type ClinicalProcedure => cv_prevention_guidelines type SurfaceForm
Rule_724	?a type ClinicalProcedure => ?a type SurfaceForm	percutaneous_edge-to-edge_mitral_valve_repair type ClinicalProcedure => percutaneous_edge-to-edge_mitral_valve_repair type SurfaceForm
Rule_724	?a type ClinicalProcedure => ?a type SurfaceForm	smartphone_or_other_mobile_health_applications_that_provide_an_interactive_platform_for_education,_reminders,_warnings,_and_adherence_tracking type ClinicalProcedure => smartphone_or_other_mobile_health_applications_that_provide_an_interactive_platform_for_education,_reminders,_warnings,_and_adherence_tracking type SurfaceForm
Rule_724	?a type ClinicalProcedure => ?a type SurfaceForm	resistance_exercise type ClinicalProcedure => resistance_exercise type SurfaceForm
Rule_724	?a type ClinicalProcedure => ?a type SurfaceForm	intervention type ClinicalProcedure => intervention type SurfaceForm
Rule_724	?a type ClinicalProcedure => ?a type SurfaceForm	transcutaneous_pacing type ClinicalProcedure => transcutaneous_pacing type SurfaceForm
Rule_724	?a type ClinicalProcedure => ?a type SurfaceForm	exercises_(gymnastics_and_resistance_exercises)_which_include_pressing_on_the_arms_and/or_holding_the_arms_in_head_up_position type ClinicalProcedure => exercises_(gymnastics_and_resistance_exercises)_which_include_pressing_on_the_arms_and/or_holding_the_arms_in_head_up_position type SurfaceForm
Rule_724	?a type ClinicalProcedure => ?a type SurfaceForm	treat_according_to_the_acc_ecdp_on_novel_therapies_for_cv_risk_reduction_in_patients_with_t2d_(31)_and_ada_standards_of_medical_care_in_diabetes_(169) type ClinicalProcedure => treat_according_to_the_acc_ecdp_on_novel_therapies_for_cv_risk_reduction_in_patients_with_t2d_(31)_and_ada_standards_of_medical_care_in_diabetes_(169) type SurfaceForm
Rule_724	?a type ClinicalProcedure => ?a type SurfaceForm	aerobic,_muscular_strength/endurance_training_and_stretching_activities type ClinicalProcedure => aerobic,_muscular_strength/endurance_training_and_stretching_activities type SurfaceForm
Rule_724	?a type ClinicalProcedure => ?a type SurfaceForm	coronary_angiogram type ClinicalProcedure => coronary_angiogram type SurfaceForm
Rule_724	?a type ClinicalProcedure => ?a type SurfaceForm	lower_intensity_exercise_workload type ClinicalProcedure => lower_intensity_exercise_workload type SurfaceForm
Rule_724	?a type ClinicalProcedure => ?a type SurfaceForm	no_goal_for_triglycerides,_but_$%3C_1.7$_mmol/l_(_$%3C_150$_mg/dl)_indicates_lower_risk_and_higher_levels_indicate_a_need_to_look_for_other_risk_factors type ClinicalProcedure => no_goal_for_triglycerides,_but_$%3C_1.7$_mmol/l_(_$%3C_150$_mg/dl)_indicates_lower_risk_and_higher_levels_indicate_a_need_to_look_for_other_risk_factors type SurfaceForm
Rule_724	?a type ClinicalProcedure => ?a type SurfaceForm	treatment_of_svt_with_rapid_ventricular_conduction type ClinicalProcedure => treatment_of_svt_with_rapid_ventricular_conduction type SurfaceForm
Rule_724	?a type ClinicalProcedure => ?a type SurfaceForm	other_activity_modes type ClinicalProcedure => other_activity_modes type SurfaceForm
Rule_724	?a type ClinicalProcedure => ?a type SurfaceForm	invasive_coronary_intervention type ClinicalProcedure => invasive_coronary_intervention type SurfaceForm
Rule_724	?a type ClinicalProcedure => ?a type SurfaceForm	participation_in_contact_sports type ClinicalProcedure => participation_in_contact_sports type SurfaceForm
Rule_724	?a type ClinicalProcedure => ?a type SurfaceForm	transvenous_implantation_of_a_coronary_sinus_lead_or_minimally_invasive_placement_of_an_epicardial_ventricular_lead type ClinicalProcedure => transvenous_implantation_of_a_coronary_sinus_lead_or_minimally_invasive_placement_of_an_epicardial_ventricular_lead type SurfaceForm
Rule_724	?a type ClinicalProcedure => ?a type SurfaceForm	cv_evaluation type ClinicalProcedure => cv_evaluation type SurfaceForm
Rule_724	?a type ClinicalProcedure => ?a type SurfaceForm	percutaneous_mitral_commissurotomy type ClinicalProcedure => percutaneous_mitral_commissurotomy type SurfaceForm
Rule_724	?a type ClinicalProcedure => ?a type SurfaceForm	30_g_of_unsalted_nuts_per_day type ClinicalProcedure => 30_g_of_unsalted_nuts_per_day type SurfaceForm
Rule_724	?a type ClinicalProcedure => ?a type SurfaceForm	indication._it type ClinicalProcedure => indication._it type SurfaceForm
Rule_724	?a type ClinicalProcedure => ?a type SurfaceForm	engaging_in_exercise type ClinicalProcedure => engaging_in_exercise type SurfaceForm
Rule_724	?a type ClinicalProcedure => ?a type SurfaceForm	participation_in_systems_that_allow_benchmarking_to_performance_measures type ClinicalProcedure => participation_in_systems_that_allow_benchmarking_to_performance_measures type SurfaceForm
Rule_724	?a type ClinicalProcedure => ?a type SurfaceForm	education:_provide_behavioural_and_nutritional_counselling_with_follow-up_to_monitor_progress_in_achieving_goals type ClinicalProcedure => education:_provide_behavioural_and_nutritional_counselling_with_follow-up_to_monitor_progress_in_achieving_goals type SurfaceForm
Rule_724	?a type ClinicalProcedure => ?a type SurfaceForm	crt type ClinicalProcedure => crt type SurfaceForm
Rule_724	?a type ClinicalProcedure => ?a type SurfaceForm	assessment_of_patient_for_possible_participation_in_a_clinical_trial type ClinicalProcedure => assessment_of_patient_for_possible_participation_in_a_clinical_trial type SurfaceForm
Rule_724	?a type ClinicalProcedure => ?a type SurfaceForm	lvad type ClinicalProcedure => lvad type SurfaceForm
Rule_724	?a type ClinicalProcedure => ?a type SurfaceForm	thorough_history_and_physical_examination type ClinicalProcedure => thorough_history_and_physical_examination type SurfaceForm
Rule_724	?a type ClinicalProcedure => ?a type SurfaceForm	overdrive_ventricular_pacing type ClinicalProcedure => overdrive_ventricular_pacing type SurfaceForm
Rule_724	?a type ClinicalProcedure => ?a type SurfaceForm	standardized_cardiac-specific_autopsy type ClinicalProcedure => standardized_cardiac-specific_autopsy type SurfaceForm
Rule_724	?a type ClinicalProcedure => ?a type SurfaceForm	nurse-led_support type ClinicalProcedure => nurse-led_support type SurfaceForm
Rule_724	?a type ClinicalProcedure => ?a type SurfaceForm	referral_to_psychiatrist_for_psychotherapy,_medication_or_collaborative_care_should_be_considered_in_the_case_of_clinically_symptoms_of_depression,_anxiety_or_hostility type ClinicalProcedure => referral_to_psychiatrist_for_psychotherapy,_medication_or_collaborative_care_should_be_considered_in_the_case_of_clinically_symptoms_of_depression,_anxiety_or_hostility type SurfaceForm
Rule_724	?a type ClinicalProcedure => ?a type SurfaceForm	sodium type ClinicalProcedure => sodium type SurfaceForm
Rule_724	?a type ClinicalProcedure => ?a type SurfaceForm	inquire_patients_directly_(e.g.,_%22how_many_times_in_a_week_do_you_miss_taking_your_medications%3F%22_%22have_you_run_out_of_your_medications_recently%3F%22) type ClinicalProcedure => inquire_patients_directly_(e.g.,_%22how_many_times_in_a_week_do_you_miss_taking_your_medications%3F%22_%22have_you_run_out_of_your_medications_recently%3F%22) type SurfaceForm
Rule_724	?a type ClinicalProcedure => ?a type SurfaceForm	ablation_of_the_tachyarrhythmia type ClinicalProcedure => ablation_of_the_tachyarrhythmia type SurfaceForm
Rule_724	?a type ClinicalProcedure => ?a type SurfaceForm	non-invasive_htm type ClinicalProcedure => non-invasive_htm type SurfaceForm
Rule_724	?a type ClinicalProcedure => ?a type SurfaceForm	regular_exercise_during_and_after_cancer_therapy type ClinicalProcedure => regular_exercise_during_and_after_cancer_therapy type SurfaceForm
Rule_724	?a type ClinicalProcedure => ?a type SurfaceForm	chlorhexidine_alcohol_instead_of_povidone-iodine_alcohol type ClinicalProcedure => chlorhexidine_alcohol_instead_of_povidone-iodine_alcohol type SurfaceForm
Rule_724	?a type ClinicalProcedure => ?a type SurfaceForm	careful_attention_to_differential_diagnosis type ClinicalProcedure => careful_attention_to_differential_diagnosis type SurfaceForm
Rule_724	?a type ClinicalProcedure => ?a type SurfaceForm	pacing_of_the_mid-ventricular_septum type ClinicalProcedure => pacing_of_the_mid-ventricular_septum type SurfaceForm
Rule_724	?a type ClinicalProcedure => ?a type SurfaceForm	decreasing_the_sensitivity type ClinicalProcedure => decreasing_the_sensitivity type SurfaceForm
Rule_724	?a type ClinicalProcedure => ?a type SurfaceForm	supervised_exercise_training_programmes_including_walking_to_the_maximal_or_submaximal_distance_for_at_least_3_h/week type ClinicalProcedure => supervised_exercise_training_programmes_including_walking_to_the_maximal_or_submaximal_distance_for_at_least_3_h/week type SurfaceForm
Rule_724	?a type ClinicalProcedure => ?a type SurfaceForm	isolated_tricuspid_annuloplasty type ClinicalProcedure => isolated_tricuspid_annuloplasty type SurfaceForm
Rule_724	?a type ClinicalProcedure => ?a type SurfaceForm	regular_exercise_through_cardiac_rehabilitation_combining_moderate-intensity_aerobic_and_resistance_exercise type ClinicalProcedure => regular_exercise_through_cardiac_rehabilitation_combining_moderate-intensity_aerobic_and_resistance_exercise type SurfaceForm
Rule_724	?a type ClinicalProcedure => ?a type SurfaceForm	%E2%80%A2_initiate_at_low_doses_%E2%80%A2_uptitrate_gradually,_generally_no_sooner_than_at_2-week_intervals_%E2%80%A2_use_target_doses_shown_to_be_effective_in_clin type ClinicalProcedure => %E2%80%A2_initiate_at_low_doses_%E2%80%A2_uptitrate_gradually,_generally_no_sooner_than_at_2-week_intervals_%E2%80%A2_use_target_doses_shown_to_be_effective_in_clin type SurfaceForm
Rule_724	?a type ClinicalProcedure => ?a type SurfaceForm	placement_of_a_new_or_replacement_device_implantation type ClinicalProcedure => placement_of_a_new_or_replacement_device_implantation type SurfaceForm
Rule_724	?a type ClinicalProcedure => ?a type SurfaceForm	the_most_education_and_counseling type ClinicalProcedure => the_most_education_and_counseling type SurfaceForm
Rule_724	?a type ClinicalProcedure => ?a type SurfaceForm	treatment_of_symptomatic_patients_with_a_failing_single_ventricle_in_a_fontan_circulation,_or_in_the_case_of_a_persistent_right-to-left_shunt type ClinicalProcedure => treatment_of_symptomatic_patients_with_a_failing_single_ventricle_in_a_fontan_circulation,_or_in_the_case_of_a_persistent_right-to-left_shunt type SurfaceForm
Rule_724	?a type ClinicalProcedure => ?a type SurfaceForm	assessment_of_these_stressors type ClinicalProcedure => assessment_of_these_stressors type SurfaceForm
Rule_724	?a type ClinicalProcedure => ?a type SurfaceForm	venous_access type ClinicalProcedure => venous_access type SurfaceForm
Rule_724	?a type ClinicalProcedure => ?a type SurfaceForm	invasive_electrophysiologic_study type ClinicalProcedure => invasive_electrophysiologic_study type SurfaceForm
Rule_724	?a type ClinicalProcedure => ?a type SurfaceForm	pharmacological_challenge type ClinicalProcedure => pharmacological_challenge type SurfaceForm
Rule_724	?a type ClinicalProcedure => ?a type SurfaceForm	observation_without_therapy type ClinicalProcedure => observation_without_therapy type SurfaceForm
Rule_724	?a type ClinicalProcedure => ?a type SurfaceForm	early_and_progressive_mobility type ClinicalProcedure => early_and_progressive_mobility type SurfaceForm
Rule_724	?a type ClinicalProcedure => ?a type SurfaceForm	salt type ClinicalProcedure => salt type SurfaceForm
Rule_724	?a type ClinicalProcedure => ?a type SurfaceForm	ecg type ClinicalProcedure => ecg type SurfaceForm
Rule_724	?a type ClinicalProcedure => ?a type SurfaceForm	discussion_on_exercise_participation type ClinicalProcedure => discussion_on_exercise_participation type SurfaceForm
Rule_724	?a type ClinicalProcedure => ?a type SurfaceForm	disease_management_programme type ClinicalProcedure => disease_management_programme type SurfaceForm
Rule_724	?a type ClinicalProcedure => ?a type SurfaceForm	explore_practical_ways_to_overcome_barriers_to_exercise,_that_is,_the_link_between_primary_care_and_local_community-based_structures_for_activity,_recreation_and_sport type ClinicalProcedure => explore_practical_ways_to_overcome_barriers_to_exercise,_that_is,_the_link_between_primary_care_and_local_community-based_structures_for_activity,_recreation_and_sport type SurfaceForm
Rule_724	?a type ClinicalProcedure => ?a type SurfaceForm	plan_for_adjustment_of_diuretics type ClinicalProcedure => plan_for_adjustment_of_diuretics type SurfaceForm
Rule_724	?a type ClinicalProcedure => ?a type SurfaceForm	physical_examination:_general_health_status,_heart_failure_signs,_cardiac_and_carotid_murmurs,_bp_control,_extremities_for_presence_of_arterial_pulses_and_orthopaedic_pathology,_cerebrovascular_events_with/without_neurological_sequelae type ClinicalProcedure => physical_examination:_general_health_status,_heart_failure_signs,_cardiac_and_carotid_murmurs,_bp_control,_extremities_for_presence_of_arterial_pulses_and_orthopaedic_pathology,_cerebrovascular_events_with/without_neurological_sequelae type SurfaceForm
Rule_724	?a type ClinicalProcedure => ?a type SurfaceForm	a_preliminary_optimization_of_hf_risk_factor_control_and_therapy type ClinicalProcedure => a_preliminary_optimization_of_hf_risk_factor_control_and_therapy type SurfaceForm
Rule_724	?a type ClinicalProcedure => ?a type SurfaceForm	changes_in_the_anticoagulation_regimen type ClinicalProcedure => changes_in_the_anticoagulation_regimen type SurfaceForm
Rule_724	?a type ClinicalProcedure => ?a type SurfaceForm	more_plant-_and_less_animal-based_food_pattern type ClinicalProcedure => more_plant-_and_less_animal-based_food_pattern type SurfaceForm
Rule_724	?a type ClinicalProcedure => ?a type SurfaceForm	andersen%E2%80%93tawil_syndrome type ClinicalProcedure => andersen%E2%80%93tawil_syndrome type SurfaceForm
Rule_724	?a type ClinicalProcedure => ?a type SurfaceForm	sodium_restriction type ClinicalProcedure => sodium_restriction type SurfaceForm
Rule_724	?a type ClinicalProcedure => ?a type SurfaceForm	timely_referral_for_hf_specialty_care type ClinicalProcedure => timely_referral_for_hf_specialty_care type SurfaceForm
Rule_724	?a type ClinicalProcedure => ?a type SurfaceForm	defibrillation type ClinicalProcedure => defibrillation type SurfaceForm
Rule_724	?a type ClinicalProcedure => ?a type SurfaceForm	atp_therapy type ClinicalProcedure => atp_therapy type SurfaceForm
Rule_724	?a type ClinicalProcedure => ?a type SurfaceForm	sodium_channel_blocker_test type ClinicalProcedure => sodium_channel_blocker_test type SurfaceForm
Rule_724	?a type ClinicalProcedure => ?a type SurfaceForm	routinely_inquire_in_which_language_the_patient_is_most_comfortable_conversing type ClinicalProcedure => routinely_inquire_in_which_language_the_patient_is_most_comfortable_conversing type SurfaceForm
Rule_724	?a type ClinicalProcedure => ?a type SurfaceForm	coordination_training type ClinicalProcedure => coordination_training type SurfaceForm
Rule_724	?a type ClinicalProcedure => ?a type SurfaceForm	cardiac_pacing type ClinicalProcedure => cardiac_pacing type SurfaceForm
Rule_724	?a type ClinicalProcedure => ?a type SurfaceForm	a_team_approach type ClinicalProcedure => a_team_approach type SurfaceForm
Rule_724	?a type ClinicalProcedure => ?a type SurfaceForm	participation_in_high-intensity_recreational_and_competitive_sports,_even_when_on_beta-blockers type ClinicalProcedure => participation_in_high-intensity_recreational_and_competitive_sports,_even_when_on_beta-blockers type SurfaceForm
Rule_724	?a type ClinicalProcedure => ?a type SurfaceForm	recommendations_pertaining_to_the_underlying_disease type ClinicalProcedure => recommendations_pertaining_to_the_underlying_disease type SurfaceForm
Rule_724	?a type ClinicalProcedure => ?a type SurfaceForm	driving type ClinicalProcedure => driving type SurfaceForm
Rule_724	?a type ClinicalProcedure => ?a type SurfaceForm	implantation_of_coronary_sinus_leads type ClinicalProcedure => implantation_of_coronary_sinus_leads type SurfaceForm
Rule_724	?a type ClinicalProcedure => ?a type SurfaceForm	non-invasive_ventilation type ClinicalProcedure => non-invasive_ventilation type SurfaceForm
Rule_724	?a type ClinicalProcedure => ?a type SurfaceForm	alarms_for_each_time_of_the_day_medications_are_due type ClinicalProcedure => alarms_for_each_time_of_the_day_medications_are_due type SurfaceForm
Rule_724	?a type ClinicalProcedure => ?a type SurfaceForm	removal_of_pre-existing_transvalvular_leads type ClinicalProcedure => removal_of_pre-existing_transvalvular_leads type SurfaceForm
Rule_724	?a type ClinicalProcedure => ?a type SurfaceForm	anthracycline_chemotherapy type ClinicalProcedure => anthracycline_chemotherapy type SurfaceForm
Rule_724	?a type ClinicalProcedure => ?a type SurfaceForm	benefits/risks_of_deactivation type ClinicalProcedure => benefits/risks_of_deactivation type SurfaceForm
Rule_724	?a type ClinicalProcedure => ?a type SurfaceForm	current_guidelines_for_sports_eligibility type ClinicalProcedure => current_guidelines_for_sports_eligibility type SurfaceForm
Rule_724	?a type ClinicalProcedure => ?a type SurfaceForm	frequency_and_intensity_of_patient_education_and_counseling type ClinicalProcedure => frequency_and_intensity_of_patient_education_and_counseling type SurfaceForm
Rule_724	?a type ClinicalProcedure => ?a type SurfaceForm	progression type ClinicalProcedure => progression type SurfaceForm
Rule_724	?a type ClinicalProcedure => ?a type SurfaceForm	not_recommended type ClinicalProcedure => not_recommended type SurfaceForm
Rule_724	?a type ClinicalProcedure => ?a type SurfaceForm	decision type ClinicalProcedure => decision type SurfaceForm
Rule_724	?a type ClinicalProcedure => ?a type SurfaceForm	minimally_invasive_placement_of_an_epicardial_ventricular_lead type ClinicalProcedure => minimally_invasive_placement_of_an_epicardial_ventricular_lead type SurfaceForm
Rule_724	?a type ClinicalProcedure => ?a type SurfaceForm	use_culturally_relevant_patient_education_materials type ClinicalProcedure => use_culturally_relevant_patient_education_materials type SurfaceForm
Rule_724	?a type ClinicalProcedure => ?a type SurfaceForm	sports_restrictions type ClinicalProcedure => sports_restrictions type SurfaceForm
Rule_724	?a type ClinicalProcedure => ?a type SurfaceForm	patient_information_and_consent type ClinicalProcedure => patient_information_and_consent type SurfaceForm
Rule_724	?a type ClinicalProcedure => ?a type SurfaceForm	education_and_counseling_activities type ClinicalProcedure => education_and_counseling_activities type SurfaceForm
Rule_724	?a type ClinicalProcedure => ?a type SurfaceForm	discussing_the_option_with_the_medical_team_before_continuing type ClinicalProcedure => discussing_the_option_with_the_medical_team_before_continuing type SurfaceForm
Rule_724	?a type ClinicalProcedure => ?a type SurfaceForm	agency_for_healthcare_research_and_quality_(ahrq)_health_literacy_universal_precautions_toolkit type ClinicalProcedure => agency_for_healthcare_research_and_quality_(ahrq)_health_literacy_universal_precautions_toolkit type SurfaceForm
Rule_724	?a type ClinicalProcedure => ?a type SurfaceForm	discuss_basic_hf_information,_cause_of_patient's_hf,_and_how_symptoms_relate_to_hf_status type ClinicalProcedure => discuss_basic_hf_information,_cause_of_patient's_hf,_and_how_symptoms_relate_to_hf_status type SurfaceForm
Rule_724	?a type ClinicalProcedure => ?a type SurfaceForm	management_of_af type ClinicalProcedure => management_of_af type SurfaceForm
Rule_724	?a type ClinicalProcedure => ?a type SurfaceForm	cardiac_rehabilitation type ClinicalProcedure => cardiac_rehabilitation type SurfaceForm
Rule_724	?a type ClinicalProcedure => ?a type SurfaceForm	participation_in_high-intensity_exercise_including_competitive_sports type ClinicalProcedure => participation_in_high-intensity_exercise_including_competitive_sports type SurfaceForm
Rule_724	?a type ClinicalProcedure => ?a type SurfaceForm	assessment_and_management_of_delirium type ClinicalProcedure => assessment_and_management_of_delirium type SurfaceForm
Rule_724	?a type ClinicalProcedure => ?a type SurfaceForm	risk_stratification_for_exercise-induced_adverse_events type ClinicalProcedure => risk_stratification_for_exercise-induced_adverse_events type SurfaceForm
Rule_724	?a type ClinicalProcedure => ?a type SurfaceForm	implantation_of_an_icd type ClinicalProcedure => implantation_of_an_icd type SurfaceForm
Rule_724	?a type ClinicalProcedure => ?a type SurfaceForm	implantation_of_an_rv_lead_used_as_'backup'_for_pacing type ClinicalProcedure => implantation_of_an_rv_lead_used_as_'backup'_for_pacing type SurfaceForm
Rule_724	?a type ClinicalProcedure => ?a type SurfaceForm	collection_of_blood_samples type ClinicalProcedure => collection_of_blood_samples type SurfaceForm
Rule_724	?a type ClinicalProcedure => ?a type SurfaceForm	cpr type ClinicalProcedure => cpr type SurfaceForm
Rule_724	?a type ClinicalProcedure => ?a type SurfaceForm	exercise_training_should_be_prescribed_according_to_the_fitt_(frequency,_intensity,_time_(duration)_and_type_of_exercise)_model,_with_the_possibility_of_including_timing_(fitt+t)_referring_to_when_exercise_is_performed_in_relation_to_meal-time type ClinicalProcedure => exercise_training_should_be_prescribed_according_to_the_fitt_(frequency,_intensity,_time_(duration)_and_type_of_exercise)_model,_with_the_possibility_of_including_timing_(fitt+t)_referring_to_when_exercise_is_performed_in_relation_to_meal-time type SurfaceForm
Rule_724	?a type ClinicalProcedure => ?a type SurfaceForm	hospice_services type ClinicalProcedure => hospice_services type SurfaceForm
Rule_724	?a type ClinicalProcedure => ?a type SurfaceForm	icd_deactivation_options type ClinicalProcedure => icd_deactivation_options type SurfaceForm
Rule_724	?a type ClinicalProcedure => ?a type SurfaceForm	consider_the_patient's_perspective type ClinicalProcedure => consider_the_patient's_perspective type SurfaceForm
Rule_724	?a type ClinicalProcedure => ?a type SurfaceForm	without_further_cv_evaluation type ClinicalProcedure => without_further_cv_evaluation type SurfaceForm
Rule_724	?a type ClinicalProcedure => ?a type SurfaceForm	second_opinion type ClinicalProcedure => second_opinion type SurfaceForm
Rule_724	?a type ClinicalProcedure => ?a type SurfaceForm	regular_exercise_(at_least_150_min/week_of_moderate_aerobic_exercise_or_75_min/week_of_vigorous_aerobic_exercise_or_a_combination_thereof) type ClinicalProcedure => regular_exercise_(at_least_150_min/week_of_moderate_aerobic_exercise_or_75_min/week_of_vigorous_aerobic_exercise_or_a_combination_thereof) type SurfaceForm
Rule_724	?a type ClinicalProcedure => ?a type SurfaceForm	cardiogenic_shock_management type ClinicalProcedure => cardiogenic_shock_management type SurfaceForm
Rule_724	?a type ClinicalProcedure => ?a type SurfaceForm	titration_and_optimization_of_guideline-directed_medications type ClinicalProcedure => titration_and_optimization_of_guideline-directed_medications type SurfaceForm
Rule_724	?a type ClinicalProcedure => ?a type SurfaceForm	loop_recorder type ClinicalProcedure => loop_recorder type SurfaceForm
Rule_724	?a type ClinicalProcedure => ?a type SurfaceForm	low_dose_endurance/interval_cycle_ergometer_training_as_well_as_gymnastics type ClinicalProcedure => low_dose_endurance/interval_cycle_ergometer_training_as_well_as_gymnastics type SurfaceForm
Rule_724	?a type ClinicalProcedure => ?a type SurfaceForm	regular_exercise type ClinicalProcedure => regular_exercise type SurfaceForm
Rule_724	?a type ClinicalProcedure => ?a type SurfaceForm	stop_smoking_and_lifestyle_optimisation type ClinicalProcedure => stop_smoking_and_lifestyle_optimisation type SurfaceForm
Rule_724	?a type ClinicalProcedure => ?a type SurfaceForm	timely_communication_to_the_patient_and_relevant_health_care_providers_of_cied-_and_disease-related_information type ClinicalProcedure => timely_communication_to_the_patient_and_relevant_health_care_providers_of_cied-_and_disease-related_information type SurfaceForm
Rule_724	?a type ClinicalProcedure => ?a type SurfaceForm	targeted_treatment type ClinicalProcedure => targeted_treatment type SurfaceForm
Rule_724	?a type ClinicalProcedure => ?a type SurfaceForm	surgical_or_device_therapy type ClinicalProcedure => surgical_or_device_therapy type SurfaceForm
Rule_724	?a type ClinicalProcedure => ?a type SurfaceForm	epinephrine_challenge type ClinicalProcedure => epinephrine_challenge type SurfaceForm
Rule_724	?a type ClinicalProcedure => ?a type SurfaceForm	three_bp_measurements_should_be_recorded,_1%E2%80%932_min_apart,_and_additional_measurements_if_the_first_two_readings_differ_by_%3E10_mmhg._bp_is_recorded_as_the_average_of_the_last_two_bp_readings. type ClinicalProcedure => three_bp_measurements_should_be_recorded,_1%E2%80%932_min_apart,_and_additional_measurements_if_the_first_two_readings_differ_by_%3E10_mmhg._bp_is_recorded_as_the_average_of_the_last_two_bp_readings. type SurfaceForm
Rule_724	?a type ClinicalProcedure => ?a type SurfaceForm	skill_sports type ClinicalProcedure => skill_sports type SurfaceForm
Rule_724	?a type ClinicalProcedure => ?a type SurfaceForm	all_sports type ClinicalProcedure => all_sports type SurfaceForm
Rule_724	?a type ClinicalProcedure => ?a type SurfaceForm	left_in_place type ClinicalProcedure => left_in_place type SurfaceForm
Rule_724	?a type ClinicalProcedure => ?a type SurfaceForm	participation_in_high-intensity_recreational_and_competitive_sports type ClinicalProcedure => participation_in_high-intensity_recreational_and_competitive_sports type SurfaceForm
Rule_724	?a type ClinicalProcedure => ?a type SurfaceForm	maintain_a_patient_database type ClinicalProcedure => maintain_a_patient_database type SurfaceForm
Rule_724	?a type ClinicalProcedure => ?a type SurfaceForm	implantation_of_a_loop_recorder type ClinicalProcedure => implantation_of_a_loop_recorder type SurfaceForm
Rule_724	?a type ClinicalProcedure => ?a type SurfaceForm	moderate-intensity_aerobic_and_resistance_exercise type ClinicalProcedure => moderate-intensity_aerobic_and_resistance_exercise type SurfaceForm
Rule_724	?a type ClinicalProcedure => ?a type SurfaceForm	positron_emission_tomography_scanning type ClinicalProcedure => positron_emission_tomography_scanning type SurfaceForm
Rule_724	?a type ClinicalProcedure => ?a type SurfaceForm	management_of_patients_with_hf type ClinicalProcedure => management_of_patients_with_hf type SurfaceForm
Rule_724	?a type ClinicalProcedure => ?a type SurfaceForm	referral_to_a_specialist type ClinicalProcedure => referral_to_a_specialist type SurfaceForm
Rule_724	?a type ClinicalProcedure => ?a type SurfaceForm	screening_for_sleep-disordered_breathing type ClinicalProcedure => screening_for_sleep-disordered_breathing type SurfaceForm
Rule_724	?a type ClinicalProcedure => ?a type SurfaceForm	in_patients_who_are_candidates_for_crt,_implantation_of_a_crt-d type ClinicalProcedure => in_patients_who_are_candidates_for_crt,_implantation_of_a_crt-d type SurfaceForm
Rule_724	?a type ClinicalProcedure => ?a type SurfaceForm	results_of_all_remote_device_transmissions type ClinicalProcedure => results_of_all_remote_device_transmissions type SurfaceForm
Rule_724	?a type ClinicalProcedure => ?a type SurfaceForm	careful_assessment type ClinicalProcedure => careful_assessment type SurfaceForm
Rule_724	?a type ClinicalProcedure => ?a type SurfaceForm	dietary_infection_prophylaxis type ClinicalProcedure => dietary_infection_prophylaxis type SurfaceForm
Rule_724	?a type ClinicalProcedure => ?a type SurfaceForm	signal_averaged_ecg type ClinicalProcedure => signal_averaged_ecg type SurfaceForm
Rule_724	?a type ClinicalProcedure => ?a type SurfaceForm	administer_sglt2_inhibitor type ClinicalProcedure => administer_sglt2_inhibitor type SurfaceForm
Rule_724	?a type ClinicalProcedure => ?a type SurfaceForm	lifestyle_modifications type ClinicalProcedure => lifestyle_modifications type SurfaceForm
Rule_724	?a type ClinicalProcedure => ?a type SurfaceForm	participation_in_competitive_or_leisure-time_sports_activities type ClinicalProcedure => participation_in_competitive_or_leisure-time_sports_activities type SurfaceForm
Rule_724	?a type ClinicalProcedure => ?a type SurfaceForm	once_carotid_stenosis_is_ruled_out,_carotid_sinus_massage type ClinicalProcedure => once_carotid_stenosis_is_ruled_out,_carotid_sinus_massage type SurfaceForm
Rule_724	?a type ClinicalProcedure => ?a type SurfaceForm	dual_pathway_inhibition type ClinicalProcedure => dual_pathway_inhibition type SurfaceForm
Rule_724	?a type ClinicalProcedure => ?a type SurfaceForm	no/light_alcohol_intake type ClinicalProcedure => no/light_alcohol_intake type SurfaceForm
Rule_724	?a type ClinicalProcedure => ?a type SurfaceForm	fluid_intake type ClinicalProcedure => fluid_intake type SurfaceForm
