rule_index	rule	grounding
Rule_161	?a gradeSourceText IIa => ?a gradeDimension CLASS_OF_RECOMMENDATION	mcdonagh-2023-esc-guidelines_n0023/gr_0017 gradeSourceText IIa => mcdonagh-2023-esc-guidelines_n0023/gr_0017 gradeDimension CLASS_OF_RECOMMENDATION
Rule_161	?a gradeSourceText IIa => ?a gradeDimension CLASS_OF_RECOMMENDATION	mcdonagh-2023-esc-guidelines_n0020/gr_0014 gradeSourceText IIa => mcdonagh-2023-esc-guidelines_n0020/gr_0014 gradeDimension CLASS_OF_RECOMMENDATION
Rule_161	?a gradeSourceText IIa => ?a gradeDimension CLASS_OF_RECOMMENDATION	zeppenfeld-2022-esc-guidelines-va-and-scd_n0018/gr_0001 gradeSourceText IIa => zeppenfeld-2022-esc-guidelines-va-and-scd_n0018/gr_0001 gradeDimension CLASS_OF_RECOMMENDATION
Rule_161	?a gradeSourceText IIa => ?a gradeDimension CLASS_OF_RECOMMENDATION	visseren-2021-esc-guidelines-cardiovascular-disease-prevention_n0010/gr_0010 gradeSourceText IIa => visseren-2021-esc-guidelines-cardiovascular-disease-prevention_n0010/gr_0010 gradeDimension CLASS_OF_RECOMMENDATION
Rule_161	?a gradeSourceText IIa => ?a gradeDimension CLASS_OF_RECOMMENDATION	zeppenfeld-2022-esc-guidelines-va-and-scd_n0019/gr_0036 gradeSourceText IIa => zeppenfeld-2022-esc-guidelines-va-and-scd_n0019/gr_0036 gradeDimension CLASS_OF_RECOMMENDATION
Rule_161	?a gradeSourceText IIa => ?a gradeDimension CLASS_OF_RECOMMENDATION	glikson-2021-2021-esc-guidelines-on-cardiac-pacing-and-cardiac-resynchro_n0035/gr_0003 gradeSourceText IIa => glikson-2021-2021-esc-guidelines-on-cardiac-pacing-and-cardiac-resynchro_n0035/gr_0003 gradeDimension CLASS_OF_RECOMMENDATION
Rule_161	?a gradeSourceText IIa => ?a gradeDimension CLASS_OF_RECOMMENDATION	visseren-2021-esc-guidelines-cardiovascular-disease-prevention_n0042/gr_0003 gradeSourceText IIa => visseren-2021-esc-guidelines-cardiovascular-disease-prevention_n0042/gr_0003 gradeDimension CLASS_OF_RECOMMENDATION
Rule_161	?a gradeSourceText IIa => ?a gradeDimension CLASS_OF_RECOMMENDATION	zeppenfeld-2022-esc-guidelines-va-and-scd_n0021/gr_0018 gradeSourceText IIa => zeppenfeld-2022-esc-guidelines-va-and-scd_n0021/gr_0018 gradeDimension CLASS_OF_RECOMMENDATION
Rule_161	?a gradeSourceText IIa => ?a gradeDimension CLASS_OF_RECOMMENDATION	glikson-2021-2021-esc-guidelines-on-cardiac-pacing-and-cardiac-resynchro_n0020/gr_0149 gradeSourceText IIa => glikson-2021-2021-esc-guidelines-on-cardiac-pacing-and-cardiac-resynchro_n0020/gr_0149 gradeDimension CLASS_OF_RECOMMENDATION
Rule_161	?a gradeSourceText IIa => ?a gradeDimension CLASS_OF_RECOMMENDATION	visseren-2021-esc-guidelines-cardiovascular-disease-prevention_n0011/gr_0007 gradeSourceText IIa => visseren-2021-esc-guidelines-cardiovascular-disease-prevention_n0011/gr_0007 gradeDimension CLASS_OF_RECOMMENDATION
Rule_161	?a gradeSourceText IIa => ?a gradeDimension CLASS_OF_RECOMMENDATION	zeppenfeld-2022-esc-guidelines-va-and-scd_n0075/gr_0011 gradeSourceText IIa => zeppenfeld-2022-esc-guidelines-va-and-scd_n0075/gr_0011 gradeDimension CLASS_OF_RECOMMENDATION
Rule_161	?a gradeSourceText IIa => ?a gradeDimension CLASS_OF_RECOMMENDATION	glikson-2021-2021-esc-guidelines-on-cardiac-pacing-and-cardiac-resynchro_n0052/gr_0007 gradeSourceText IIa => glikson-2021-2021-esc-guidelines-on-cardiac-pacing-and-cardiac-resynchro_n0052/gr_0007 gradeDimension CLASS_OF_RECOMMENDATION
Rule_161	?a gradeSourceText IIa => ?a gradeDimension CLASS_OF_RECOMMENDATION	zeppenfeld-2022-esc-guidelines-va-and-scd_n0054/gr_0017 gradeSourceText IIa => zeppenfeld-2022-esc-guidelines-va-and-scd_n0054/gr_0017 gradeDimension CLASS_OF_RECOMMENDATION
Rule_161	?a gradeSourceText IIa => ?a gradeDimension CLASS_OF_RECOMMENDATION	zeppenfeld-2022-esc-guidelines-va-and-scd_n0068/gr_0005 gradeSourceText IIa => zeppenfeld-2022-esc-guidelines-va-and-scd_n0068/gr_0005 gradeDimension CLASS_OF_RECOMMENDATION
Rule_161	?a gradeSourceText IIa => ?a gradeDimension CLASS_OF_RECOMMENDATION	mcdonagh-2023-esc-guidelines_n0024/gr_0002 gradeSourceText IIa => mcdonagh-2023-esc-guidelines_n0024/gr_0002 gradeDimension CLASS_OF_RECOMMENDATION
Rule_161	?a gradeSourceText IIa => ?a gradeDimension CLASS_OF_RECOMMENDATION	zeppenfeld-2022-esc-guidelines-va-and-scd_n0019/gr_0026 gradeSourceText IIa => zeppenfeld-2022-esc-guidelines-va-and-scd_n0019/gr_0026 gradeDimension CLASS_OF_RECOMMENDATION
Rule_161	?a gradeSourceText IIa => ?a gradeDimension CLASS_OF_RECOMMENDATION	zeppenfeld-2022-esc-guidelines-va-and-scd_n0079/gr_0003 gradeSourceText IIa => zeppenfeld-2022-esc-guidelines-va-and-scd_n0079/gr_0003 gradeDimension CLASS_OF_RECOMMENDATION
Rule_161	?a gradeSourceText IIa => ?a gradeDimension CLASS_OF_RECOMMENDATION	zeppenfeld-2022-esc-guidelines-va-and-scd_n0019/gr_0001 gradeSourceText IIa => zeppenfeld-2022-esc-guidelines-va-and-scd_n0019/gr_0001 gradeDimension CLASS_OF_RECOMMENDATION
Rule_161	?a gradeSourceText IIa => ?a gradeDimension CLASS_OF_RECOMMENDATION	zeppenfeld-2022-esc-guidelines-va-and-scd_n0036/gr_0007 gradeSourceText IIa => zeppenfeld-2022-esc-guidelines-va-and-scd_n0036/gr_0007 gradeDimension CLASS_OF_RECOMMENDATION
Rule_161	?a gradeSourceText IIa => ?a gradeDimension CLASS_OF_RECOMMENDATION	mcdonagh-2023-esc-guidelines_n0074/gr_0009 gradeSourceText IIa => mcdonagh-2023-esc-guidelines_n0074/gr_0009 gradeDimension CLASS_OF_RECOMMENDATION
Rule_161	?a gradeSourceText IIa => ?a gradeDimension CLASS_OF_RECOMMENDATION	al-khatib-2017-aha-acc-hrs-guideline-va-and-scd_n0050/gr_0005 gradeSourceText IIa => al-khatib-2017-aha-acc-hrs-guideline-va-and-scd_n0050/gr_0005 gradeDimension CLASS_OF_RECOMMENDATION
Rule_161	?a gradeSourceText IIa => ?a gradeDimension CLASS_OF_RECOMMENDATION	visseren-2021-esc-guidelines-cardiovascular-disease-prevention_n0010/gr_0035 gradeSourceText IIa => visseren-2021-esc-guidelines-cardiovascular-disease-prevention_n0010/gr_0035 gradeDimension CLASS_OF_RECOMMENDATION
Rule_161	?a gradeSourceText IIa => ?a gradeDimension CLASS_OF_RECOMMENDATION	zeppenfeld-2022-esc-guidelines-va-and-scd_n0022/gr_0031 gradeSourceText IIa => zeppenfeld-2022-esc-guidelines-va-and-scd_n0022/gr_0031 gradeDimension CLASS_OF_RECOMMENDATION
Rule_161	?a gradeSourceText IIa => ?a gradeDimension CLASS_OF_RECOMMENDATION	visseren-2021-esc-guidelines-cardiovascular-disease-prevention_n0010/gr_0036 gradeSourceText IIa => visseren-2021-esc-guidelines-cardiovascular-disease-prevention_n0010/gr_0036 gradeDimension CLASS_OF_RECOMMENDATION
Rule_161	?a gradeSourceText IIa => ?a gradeDimension CLASS_OF_RECOMMENDATION	zeppenfeld-2022-esc-guidelines-va-and-scd_n0060/gr_0011 gradeSourceText IIa => zeppenfeld-2022-esc-guidelines-va-and-scd_n0060/gr_0011 gradeDimension CLASS_OF_RECOMMENDATION
Rule_161	?a gradeSourceText IIa => ?a gradeDimension CLASS_OF_RECOMMENDATION	zeppenfeld-2022-esc-guidelines-va-and-scd_n0084/gr_0021 gradeSourceText IIa => zeppenfeld-2022-esc-guidelines-va-and-scd_n0084/gr_0021 gradeDimension CLASS_OF_RECOMMENDATION
Rule_161	?a gradeSourceText IIa => ?a gradeDimension CLASS_OF_RECOMMENDATION	zeppenfeld-2022-esc-guidelines-va-and-scd_n0022/gr_0004 gradeSourceText IIa => zeppenfeld-2022-esc-guidelines-va-and-scd_n0022/gr_0004 gradeDimension CLASS_OF_RECOMMENDATION
Rule_161	?a gradeSourceText IIa => ?a gradeDimension CLASS_OF_RECOMMENDATION	zeppenfeld-2022-esc-guidelines-va-and-scd_n0054/gr_0021 gradeSourceText IIa => zeppenfeld-2022-esc-guidelines-va-and-scd_n0054/gr_0021 gradeDimension CLASS_OF_RECOMMENDATION
Rule_161	?a gradeSourceText IIa => ?a gradeDimension CLASS_OF_RECOMMENDATION	glikson-2021-2021-esc-guidelines-on-cardiac-pacing-and-cardiac-resynchro_n0020/gr_0111 gradeSourceText IIa => glikson-2021-2021-esc-guidelines-on-cardiac-pacing-and-cardiac-resynchro_n0020/gr_0111 gradeDimension CLASS_OF_RECOMMENDATION
Rule_161	?a gradeSourceText IIa => ?a gradeDimension CLASS_OF_RECOMMENDATION	visseren-2021-esc-guidelines-cardiovascular-disease-prevention_n0010/gr_0011 gradeSourceText IIa => visseren-2021-esc-guidelines-cardiovascular-disease-prevention_n0010/gr_0011 gradeDimension CLASS_OF_RECOMMENDATION
Rule_161	?a gradeSourceText IIa => ?a gradeDimension CLASS_OF_RECOMMENDATION	zeppenfeld-2022-esc-guidelines-va-and-scd_n0019/gr_0033 gradeSourceText IIa => zeppenfeld-2022-esc-guidelines-va-and-scd_n0019/gr_0033 gradeDimension CLASS_OF_RECOMMENDATION
Rule_161	?a gradeSourceText IIa => ?a gradeDimension CLASS_OF_RECOMMENDATION	zeppenfeld-2022-esc-guidelines-va-and-scd_n0082/gr_0015 gradeSourceText IIa => zeppenfeld-2022-esc-guidelines-va-and-scd_n0082/gr_0015 gradeDimension CLASS_OF_RECOMMENDATION
Rule_161	?a gradeSourceText IIa => ?a gradeDimension CLASS_OF_RECOMMENDATION	glikson-2021-2021-esc-guidelines-on-cardiac-pacing-and-cardiac-resynchro_n0020/gr_0141 gradeSourceText IIa => glikson-2021-2021-esc-guidelines-on-cardiac-pacing-and-cardiac-resynchro_n0020/gr_0141 gradeDimension CLASS_OF_RECOMMENDATION
Rule_161	?a gradeSourceText IIa => ?a gradeDimension CLASS_OF_RECOMMENDATION	zeppenfeld-2022-esc-guidelines-va-and-scd_n0081/gr_0015 gradeSourceText IIa => zeppenfeld-2022-esc-guidelines-va-and-scd_n0081/gr_0015 gradeDimension CLASS_OF_RECOMMENDATION
Rule_161	?a gradeSourceText IIa => ?a gradeDimension CLASS_OF_RECOMMENDATION	glikson-2021-2021-esc-guidelines-on-cardiac-pacing-and-cardiac-resynchro_n0080/gr_0007 gradeSourceText IIa => glikson-2021-2021-esc-guidelines-on-cardiac-pacing-and-cardiac-resynchro_n0080/gr_0007 gradeDimension CLASS_OF_RECOMMENDATION
Rule_161	?a gradeSourceText IIa => ?a gradeDimension CLASS_OF_RECOMMENDATION	al-khatib-2017-aha-acc-hrs-guideline-va-and-scd_n0039/gr_0003 gradeSourceText IIa => al-khatib-2017-aha-acc-hrs-guideline-va-and-scd_n0039/gr_0003 gradeDimension CLASS_OF_RECOMMENDATION
Rule_161	?a gradeSourceText IIa => ?a gradeDimension CLASS_OF_RECOMMENDATION	zeppenfeld-2022-esc-guidelines-va-and-scd_n0021/gr_0010 gradeSourceText IIa => zeppenfeld-2022-esc-guidelines-va-and-scd_n0021/gr_0010 gradeDimension CLASS_OF_RECOMMENDATION
Rule_161	?a gradeSourceText IIa => ?a gradeDimension CLASS_OF_RECOMMENDATION	zeppenfeld-2022-esc-guidelines-va-and-scd_n0079/gr_0007 gradeSourceText IIa => zeppenfeld-2022-esc-guidelines-va-and-scd_n0079/gr_0007 gradeDimension CLASS_OF_RECOMMENDATION
Rule_161	?a gradeSourceText IIa => ?a gradeDimension CLASS_OF_RECOMMENDATION	al-khatib-2017-aha-acc-hrs-guideline-va-and-scd_n0068/gr_0003 gradeSourceText IIa => al-khatib-2017-aha-acc-hrs-guideline-va-and-scd_n0068/gr_0003 gradeDimension CLASS_OF_RECOMMENDATION
Rule_161	?a gradeSourceText IIa => ?a gradeDimension CLASS_OF_RECOMMENDATION	tsutsui-2023-natriuretic-peptides-role-in-the-diagnosis-and-management-o_n0001/gr_0021 gradeSourceText IIa => tsutsui-2023-natriuretic-peptides-role-in-the-diagnosis-and-management-o_n0001/gr_0021 gradeDimension CLASS_OF_RECOMMENDATION
Rule_161	?a gradeSourceText IIa => ?a gradeDimension CLASS_OF_RECOMMENDATION	zeppenfeld-2022-esc-guidelines-va-and-scd_n0086/gr_0013 gradeSourceText IIa => zeppenfeld-2022-esc-guidelines-va-and-scd_n0086/gr_0013 gradeDimension CLASS_OF_RECOMMENDATION
Rule_161	?a gradeSourceText IIa => ?a gradeDimension CLASS_OF_RECOMMENDATION	zeppenfeld-2022-esc-guidelines-va-and-scd_n0018/gr_0017 gradeSourceText IIa => zeppenfeld-2022-esc-guidelines-va-and-scd_n0018/gr_0017 gradeDimension CLASS_OF_RECOMMENDATION
Rule_161	?a gradeSourceText IIa => ?a gradeDimension CLASS_OF_RECOMMENDATION	zeppenfeld-2022-esc-guidelines-va-and-scd_n0086/gr_0011 gradeSourceText IIa => zeppenfeld-2022-esc-guidelines-va-and-scd_n0086/gr_0011 gradeDimension CLASS_OF_RECOMMENDATION
Rule_161	?a gradeSourceText IIa => ?a gradeDimension CLASS_OF_RECOMMENDATION	fox-2021-positionspaper-schlafmedizin-in-der-kardiologie_n0015/gr_0001 gradeSourceText IIa => fox-2021-positionspaper-schlafmedizin-in-der-kardiologie_n0015/gr_0001 gradeDimension CLASS_OF_RECOMMENDATION
Rule_161	?a gradeSourceText IIa => ?a gradeDimension CLASS_OF_RECOMMENDATION	al-khatib-2017-aha-acc-hrs-guideline-va-and-scd_n0043/gr_0007 gradeSourceText IIa => al-khatib-2017-aha-acc-hrs-guideline-va-and-scd_n0043/gr_0007 gradeDimension CLASS_OF_RECOMMENDATION
Rule_161	?a gradeSourceText IIa => ?a gradeDimension CLASS_OF_RECOMMENDATION	regitz-zagrosek-2018-2018-esc-guideline-for-the-management-of-cardiovasc_n0016/gr_0017 gradeSourceText IIa => regitz-zagrosek-2018-2018-esc-guideline-for-the-management-of-cardiovasc_n0016/gr_0017 gradeDimension CLASS_OF_RECOMMENDATION
Rule_161	?a gradeSourceText IIa => ?a gradeDimension CLASS_OF_RECOMMENDATION	mcdonagh-2023-esc-guidelines_n0031/gr_0019 gradeSourceText IIa => mcdonagh-2023-esc-guidelines_n0031/gr_0019 gradeDimension CLASS_OF_RECOMMENDATION
Rule_161	?a gradeSourceText IIa => ?a gradeDimension CLASS_OF_RECOMMENDATION	zeppenfeld-2022-esc-guidelines-va-and-scd_n0085/gr_0007 gradeSourceText IIa => zeppenfeld-2022-esc-guidelines-va-and-scd_n0085/gr_0007 gradeDimension CLASS_OF_RECOMMENDATION
Rule_161	?a gradeSourceText IIa => ?a gradeDimension CLASS_OF_RECOMMENDATION	zeppenfeld-2022-esc-guidelines-va-and-scd_n0086/gr_0003 gradeSourceText IIa => zeppenfeld-2022-esc-guidelines-va-and-scd_n0086/gr_0003 gradeDimension CLASS_OF_RECOMMENDATION
Rule_161	?a gradeSourceText IIa => ?a gradeDimension CLASS_OF_RECOMMENDATION	visseren-2021-esc-guidelines-cardiovascular-disease-prevention_n0078/gr_0007 gradeSourceText IIa => visseren-2021-esc-guidelines-cardiovascular-disease-prevention_n0078/gr_0007 gradeDimension CLASS_OF_RECOMMENDATION
Rule_161	?a gradeSourceText IIa => ?a gradeDimension CLASS_OF_RECOMMENDATION	zeppenfeld-2022-esc-guidelines-va-and-scd_n0022/gr_0010 gradeSourceText IIa => zeppenfeld-2022-esc-guidelines-va-and-scd_n0022/gr_0010 gradeDimension CLASS_OF_RECOMMENDATION
Rule_161	?a gradeSourceText IIa => ?a gradeDimension CLASS_OF_RECOMMENDATION	al-khatib-2017-aha-acc-hrs-guideline-va-and-scd_n0072/gr_0001 gradeSourceText IIa => al-khatib-2017-aha-acc-hrs-guideline-va-and-scd_n0072/gr_0001 gradeDimension CLASS_OF_RECOMMENDATION
Rule_161	?a gradeSourceText IIa => ?a gradeDimension CLASS_OF_RECOMMENDATION	glikson-2021-2021-esc-guidelines-on-cardiac-pacing-and-cardiac-resynchro_n0026/gr_0001 gradeSourceText IIa => glikson-2021-2021-esc-guidelines-on-cardiac-pacing-and-cardiac-resynchro_n0026/gr_0001 gradeDimension CLASS_OF_RECOMMENDATION
Rule_161	?a gradeSourceText IIa => ?a gradeDimension CLASS_OF_RECOMMENDATION	al-khatib-2017-aha-acc-hrs-guideline-va-and-scd_n0066/gr_0005 gradeSourceText IIa => al-khatib-2017-aha-acc-hrs-guideline-va-and-scd_n0066/gr_0005 gradeDimension CLASS_OF_RECOMMENDATION
Rule_161	?a gradeSourceText IIa => ?a gradeDimension CLASS_OF_RECOMMENDATION	visseren-2021-esc-guidelines-cardiovascular-disease-prevention_n0033/gr_0019 gradeSourceText IIa => visseren-2021-esc-guidelines-cardiovascular-disease-prevention_n0033/gr_0019 gradeDimension CLASS_OF_RECOMMENDATION
Rule_161	?a gradeSourceText IIa => ?a gradeDimension CLASS_OF_RECOMMENDATION	zeppenfeld-2022-esc-guidelines-va-and-scd_n0032/gr_0001 gradeSourceText IIa => zeppenfeld-2022-esc-guidelines-va-and-scd_n0032/gr_0001 gradeDimension CLASS_OF_RECOMMENDATION
Rule_161	?a gradeSourceText IIa => ?a gradeDimension CLASS_OF_RECOMMENDATION	mcdonagh-2023-esc-guidelines_n0078/gr_0003 gradeSourceText IIa => mcdonagh-2023-esc-guidelines_n0078/gr_0003 gradeDimension CLASS_OF_RECOMMENDATION
Rule_161	?a gradeSourceText IIa => ?a gradeDimension CLASS_OF_RECOMMENDATION	zeppenfeld-2022-esc-guidelines-va-and-scd_n0061/gr_0003 gradeSourceText IIa => zeppenfeld-2022-esc-guidelines-va-and-scd_n0061/gr_0003 gradeDimension CLASS_OF_RECOMMENDATION
Rule_161	?a gradeSourceText IIa => ?a gradeDimension CLASS_OF_RECOMMENDATION	glikson-2021-2021-esc-guidelines-on-cardiac-pacing-and-cardiac-resynchro_n0020/gr_0125 gradeSourceText IIa => glikson-2021-2021-esc-guidelines-on-cardiac-pacing-and-cardiac-resynchro_n0020/gr_0125 gradeDimension CLASS_OF_RECOMMENDATION
Rule_161	?a gradeSourceText IIa => ?a gradeDimension CLASS_OF_RECOMMENDATION	mcdonagh-2023-esc-guidelines_n0074/gr_0005 gradeSourceText IIa => mcdonagh-2023-esc-guidelines_n0074/gr_0005 gradeDimension CLASS_OF_RECOMMENDATION
Rule_161	?a gradeSourceText IIa => ?a gradeDimension CLASS_OF_RECOMMENDATION	glikson-2021-2021-esc-guidelines-on-cardiac-pacing-and-cardiac-resynchro_n0072/gr_0005 gradeSourceText IIa => glikson-2021-2021-esc-guidelines-on-cardiac-pacing-and-cardiac-resynchro_n0072/gr_0005 gradeDimension CLASS_OF_RECOMMENDATION
Rule_161	?a gradeSourceText IIa => ?a gradeDimension CLASS_OF_RECOMMENDATION	mcdonagh-2023-esc-guidelines_n0022/gr_0030 gradeSourceText IIa => mcdonagh-2023-esc-guidelines_n0022/gr_0030 gradeDimension CLASS_OF_RECOMMENDATION
Rule_161	?a gradeSourceText IIa => ?a gradeDimension CLASS_OF_RECOMMENDATION	glikson-2021-2021-esc-guidelines-on-cardiac-pacing-and-cardiac-resynchro_n0023/gr_0002 gradeSourceText IIa => glikson-2021-2021-esc-guidelines-on-cardiac-pacing-and-cardiac-resynchro_n0023/gr_0002 gradeDimension CLASS_OF_RECOMMENDATION
Rule_161	?a gradeSourceText IIa => ?a gradeDimension CLASS_OF_RECOMMENDATION	glikson-2021-2021-esc-guidelines-on-cardiac-pacing-and-cardiac-resynchro_n0072/gr_0009 gradeSourceText IIa => glikson-2021-2021-esc-guidelines-on-cardiac-pacing-and-cardiac-resynchro_n0072/gr_0009 gradeDimension CLASS_OF_RECOMMENDATION
Rule_161	?a gradeSourceText IIa => ?a gradeDimension CLASS_OF_RECOMMENDATION	pelliccia-2020-2020-esc-guidelines-on-sports-cardiology-and-exercise-in_n0073/gr_0007 gradeSourceText IIa => pelliccia-2020-2020-esc-guidelines-on-sports-cardiology-and-exercise-in_n0073/gr_0007 gradeDimension CLASS_OF_RECOMMENDATION
Rule_161	?a gradeSourceText IIa => ?a gradeDimension CLASS_OF_RECOMMENDATION	mcdonagh-2023-esc-guidelines_n0075/gr_0001 gradeSourceText IIa => mcdonagh-2023-esc-guidelines_n0075/gr_0001 gradeDimension CLASS_OF_RECOMMENDATION
Rule_161	?a gradeSourceText IIa => ?a gradeDimension CLASS_OF_RECOMMENDATION	mcdonagh-2023-esc-guidelines_n0021/gr_0006 gradeSourceText IIa => mcdonagh-2023-esc-guidelines_n0021/gr_0006 gradeDimension CLASS_OF_RECOMMENDATION
Rule_161	?a gradeSourceText IIa => ?a gradeDimension CLASS_OF_RECOMMENDATION	zeppenfeld-2022-esc-guidelines-va-and-scd_n0084/gr_0017 gradeSourceText IIa => zeppenfeld-2022-esc-guidelines-va-and-scd_n0084/gr_0017 gradeDimension CLASS_OF_RECOMMENDATION
Rule_161	?a gradeSourceText IIa => ?a gradeDimension CLASS_OF_RECOMMENDATION	pelliccia-2020-2020-esc-guidelines-on-sports-cardiology-and-exercise-in_n0040/gr_0007 gradeSourceText IIa => pelliccia-2020-2020-esc-guidelines-on-sports-cardiology-and-exercise-in_n0040/gr_0007 gradeDimension CLASS_OF_RECOMMENDATION
Rule_161	?a gradeSourceText IIa => ?a gradeDimension CLASS_OF_RECOMMENDATION	al-khatib-2017-aha-acc-hrs-guideline-va-and-scd_n0046/gr_0003 gradeSourceText IIa => al-khatib-2017-aha-acc-hrs-guideline-va-and-scd_n0046/gr_0003 gradeDimension CLASS_OF_RECOMMENDATION
Rule_161	?a gradeSourceText IIa => ?a gradeDimension CLASS_OF_RECOMMENDATION	zeppenfeld-2022-esc-guidelines-va-and-scd_n0070/gr_0001 gradeSourceText IIa => zeppenfeld-2022-esc-guidelines-va-and-scd_n0070/gr_0001 gradeDimension CLASS_OF_RECOMMENDATION
Rule_161	?a gradeSourceText IIa => ?a gradeDimension CLASS_OF_RECOMMENDATION	mcdonagh-2023-esc-guidelines_n0024/gr_0003 gradeSourceText IIa => mcdonagh-2023-esc-guidelines_n0024/gr_0003 gradeDimension CLASS_OF_RECOMMENDATION
Rule_161	?a gradeSourceText IIa => ?a gradeDimension CLASS_OF_RECOMMENDATION	zeppenfeld-2022-esc-guidelines-va-and-scd_n0060/gr_0005 gradeSourceText IIa => zeppenfeld-2022-esc-guidelines-va-and-scd_n0060/gr_0005 gradeDimension CLASS_OF_RECOMMENDATION
Rule_161	?a gradeSourceText IIa => ?a gradeDimension CLASS_OF_RECOMMENDATION	zeppenfeld-2022-esc-guidelines-va-and-scd_n0086/gr_0009 gradeSourceText IIa => zeppenfeld-2022-esc-guidelines-va-and-scd_n0086/gr_0009 gradeDimension CLASS_OF_RECOMMENDATION
Rule_161	?a gradeSourceText IIa => ?a gradeDimension CLASS_OF_RECOMMENDATION	mcdonagh-2023-esc-guidelines_n0074/gr_0015 gradeSourceText IIa => mcdonagh-2023-esc-guidelines_n0074/gr_0015 gradeDimension CLASS_OF_RECOMMENDATION
Rule_161	?a gradeSourceText IIa => ?a gradeDimension CLASS_OF_RECOMMENDATION	zeppenfeld-2022-esc-guidelines-va-and-scd_n0068/gr_0009 gradeSourceText IIa => zeppenfeld-2022-esc-guidelines-va-and-scd_n0068/gr_0009 gradeDimension CLASS_OF_RECOMMENDATION
Rule_161	?a gradeSourceText IIa => ?a gradeDimension CLASS_OF_RECOMMENDATION	visseren-2021-esc-guidelines-cardiovascular-disease-prevention_n0029/gr_0005 gradeSourceText IIa => visseren-2021-esc-guidelines-cardiovascular-disease-prevention_n0029/gr_0005 gradeDimension CLASS_OF_RECOMMENDATION
Rule_161	?a gradeSourceText IIa => ?a gradeDimension CLASS_OF_RECOMMENDATION	glikson-2021-2021-esc-guidelines-on-cardiac-pacing-and-cardiac-resynchro_n0020/gr_0059 gradeSourceText IIa => glikson-2021-2021-esc-guidelines-on-cardiac-pacing-and-cardiac-resynchro_n0020/gr_0059 gradeDimension CLASS_OF_RECOMMENDATION
Rule_161	?a gradeSourceText IIa => ?a gradeDimension CLASS_OF_RECOMMENDATION	visseren-2021-esc-guidelines-cardiovascular-disease-prevention_n0010/gr_0038 gradeSourceText IIa => visseren-2021-esc-guidelines-cardiovascular-disease-prevention_n0010/gr_0038 gradeDimension CLASS_OF_RECOMMENDATION
Rule_161	?a gradeSourceText IIa => ?a gradeDimension CLASS_OF_RECOMMENDATION	glikson-2021-2021-esc-guidelines-on-cardiac-pacing-and-cardiac-resynchro_n0061/gr_0011 gradeSourceText IIa => glikson-2021-2021-esc-guidelines-on-cardiac-pacing-and-cardiac-resynchro_n0061/gr_0011 gradeDimension CLASS_OF_RECOMMENDATION
Rule_161	?a gradeSourceText IIa => ?a gradeDimension CLASS_OF_RECOMMENDATION	visseren-2021-esc-guidelines-cardiovascular-disease-prevention_n0010/gr_0039 gradeSourceText IIa => visseren-2021-esc-guidelines-cardiovascular-disease-prevention_n0010/gr_0039 gradeDimension CLASS_OF_RECOMMENDATION
Rule_161	?a gradeSourceText IIa => ?a gradeDimension CLASS_OF_RECOMMENDATION	zeppenfeld-2022-esc-guidelines-va-and-scd_n0077/gr_0007 gradeSourceText IIa => zeppenfeld-2022-esc-guidelines-va-and-scd_n0077/gr_0007 gradeDimension CLASS_OF_RECOMMENDATION
Rule_161	?a gradeSourceText IIa => ?a gradeDimension CLASS_OF_RECOMMENDATION	glikson-2021-2021-esc-guidelines-on-cardiac-pacing-and-cardiac-resynchro_n0020/gr_0079 gradeSourceText IIa => glikson-2021-2021-esc-guidelines-on-cardiac-pacing-and-cardiac-resynchro_n0020/gr_0079 gradeDimension CLASS_OF_RECOMMENDATION
Rule_161	?a gradeSourceText IIa => ?a gradeDimension CLASS_OF_RECOMMENDATION	al-khatib-2017-aha-acc-hrs-guideline-va-and-scd_n0055/gr_0003 gradeSourceText IIa => al-khatib-2017-aha-acc-hrs-guideline-va-and-scd_n0055/gr_0003 gradeDimension CLASS_OF_RECOMMENDATION
Rule_161	?a gradeSourceText IIa => ?a gradeDimension CLASS_OF_RECOMMENDATION	al-khatib-2017-aha-acc-hrs-guideline-va-and-scd_n0074/gr_0005 gradeSourceText IIa => al-khatib-2017-aha-acc-hrs-guideline-va-and-scd_n0074/gr_0005 gradeDimension CLASS_OF_RECOMMENDATION
Rule_161	?a gradeSourceText IIa => ?a gradeDimension CLASS_OF_RECOMMENDATION	mcdonagh-2023-esc-guidelines_n0080/gr_0005 gradeSourceText IIa => mcdonagh-2023-esc-guidelines_n0080/gr_0005 gradeDimension CLASS_OF_RECOMMENDATION
Rule_161	?a gradeSourceText IIa => ?a gradeDimension CLASS_OF_RECOMMENDATION	al-khatib-2017-aha-acc-hrs-guideline-va-and-scd_n0074/gr_0003 gradeSourceText IIa => al-khatib-2017-aha-acc-hrs-guideline-va-and-scd_n0074/gr_0003 gradeDimension CLASS_OF_RECOMMENDATION
Rule_161	?a gradeSourceText IIa => ?a gradeDimension CLASS_OF_RECOMMENDATION	regitz-zagrosek-2018-2018-esc-guideline-for-the-management-of-cardiovasc_n0022/gr_0011 gradeSourceText IIa => regitz-zagrosek-2018-2018-esc-guideline-for-the-management-of-cardiovasc_n0022/gr_0011 gradeDimension CLASS_OF_RECOMMENDATION
Rule_161	?a gradeSourceText IIa => ?a gradeDimension CLASS_OF_RECOMMENDATION	zeppenfeld-2022-esc-guidelines-va-and-scd_n0036/gr_0009 gradeSourceText IIa => zeppenfeld-2022-esc-guidelines-va-and-scd_n0036/gr_0009 gradeDimension CLASS_OF_RECOMMENDATION
Rule_161	?a gradeSourceText IIa => ?a gradeDimension CLASS_OF_RECOMMENDATION	zeppenfeld-2022-esc-guidelines-va-and-scd_n0021/gr_0008 gradeSourceText IIa => zeppenfeld-2022-esc-guidelines-va-and-scd_n0021/gr_0008 gradeDimension CLASS_OF_RECOMMENDATION
Rule_161	?a gradeSourceText IIa => ?a gradeDimension CLASS_OF_RECOMMENDATION	regitz-zagrosek-2018-2018-esc-guideline-for-the-management-of-cardiovasc_n0023/gr_0031 gradeSourceText IIa => regitz-zagrosek-2018-2018-esc-guideline-for-the-management-of-cardiovasc_n0023/gr_0031 gradeDimension CLASS_OF_RECOMMENDATION
Rule_161	?a gradeSourceText IIa => ?a gradeDimension CLASS_OF_RECOMMENDATION	zeppenfeld-2022-esc-guidelines-va-and-scd_n0034/gr_0009 gradeSourceText IIa => zeppenfeld-2022-esc-guidelines-va-and-scd_n0034/gr_0009 gradeDimension CLASS_OF_RECOMMENDATION
Rule_161	?a gradeSourceText IIa => ?a gradeDimension CLASS_OF_RECOMMENDATION	zeppenfeld-2022-esc-guidelines-va-and-scd_n0080/gr_0007 gradeSourceText IIa => zeppenfeld-2022-esc-guidelines-va-and-scd_n0080/gr_0007 gradeDimension CLASS_OF_RECOMMENDATION
Rule_161	?a gradeSourceText IIa => ?a gradeDimension CLASS_OF_RECOMMENDATION	glikson-2021-2021-esc-guidelines-on-cardiac-pacing-and-cardiac-resynchro_n0020/gr_0053 gradeSourceText IIa => glikson-2021-2021-esc-guidelines-on-cardiac-pacing-and-cardiac-resynchro_n0020/gr_0053 gradeDimension CLASS_OF_RECOMMENDATION
Rule_161	?a gradeSourceText IIa => ?a gradeDimension CLASS_OF_RECOMMENDATION	regitz-zagrosek-2018-2018-esc-guideline-for-the-management-of-cardiovasc_n0016/gr_0015 gradeSourceText IIa => regitz-zagrosek-2018-2018-esc-guideline-for-the-management-of-cardiovasc_n0016/gr_0015 gradeDimension CLASS_OF_RECOMMENDATION
Rule_161	?a gradeSourceText IIa => ?a gradeDimension CLASS_OF_RECOMMENDATION	zeppenfeld-2022-esc-guidelines-va-and-scd_n0021/gr_0016 gradeSourceText IIa => zeppenfeld-2022-esc-guidelines-va-and-scd_n0021/gr_0016 gradeDimension CLASS_OF_RECOMMENDATION
Rule_161	?a gradeSourceText IIa => ?a gradeDimension CLASS_OF_RECOMMENDATION	zeppenfeld-2022-esc-guidelines-va-and-scd_n0062/gr_0023 gradeSourceText IIa => zeppenfeld-2022-esc-guidelines-va-and-scd_n0062/gr_0023 gradeDimension CLASS_OF_RECOMMENDATION
Rule_161	?a gradeSourceText IIa => ?a gradeDimension CLASS_OF_RECOMMENDATION	mcdonagh-2023-esc-guidelines_n0032/gr_0007 gradeSourceText IIa => mcdonagh-2023-esc-guidelines_n0032/gr_0007 gradeDimension CLASS_OF_RECOMMENDATION
Rule_161	?a gradeSourceText IIa => ?a gradeDimension CLASS_OF_RECOMMENDATION	glikson-2021-2021-esc-guidelines-on-cardiac-pacing-and-cardiac-resynchro_n0057/gr_0003 gradeSourceText IIa => glikson-2021-2021-esc-guidelines-on-cardiac-pacing-and-cardiac-resynchro_n0057/gr_0003 gradeDimension CLASS_OF_RECOMMENDATION
Rule_161	?a gradeSourceText IIa => ?a gradeDimension CLASS_OF_RECOMMENDATION	zeppenfeld-2022-esc-guidelines-va-and-scd_n0067/gr_0005 gradeSourceText IIa => zeppenfeld-2022-esc-guidelines-va-and-scd_n0067/gr_0005 gradeDimension CLASS_OF_RECOMMENDATION
Rule_161	?a gradeSourceText IIa => ?a gradeDimension CLASS_OF_RECOMMENDATION	zeppenfeld-2022-esc-guidelines-va-and-scd_n0085/gr_0005 gradeSourceText IIa => zeppenfeld-2022-esc-guidelines-va-and-scd_n0085/gr_0005 gradeDimension CLASS_OF_RECOMMENDATION
Rule_161	?a gradeSourceText IIa => ?a gradeDimension CLASS_OF_RECOMMENDATION	zeppenfeld-2022-esc-guidelines-va-and-scd_n0082/gr_0021 gradeSourceText IIa => zeppenfeld-2022-esc-guidelines-va-and-scd_n0082/gr_0021 gradeDimension CLASS_OF_RECOMMENDATION
Rule_161	?a gradeSourceText IIa => ?a gradeDimension CLASS_OF_RECOMMENDATION	zeppenfeld-2022-esc-guidelines-va-and-scd_n0061/gr_0005 gradeSourceText IIa => zeppenfeld-2022-esc-guidelines-va-and-scd_n0061/gr_0005 gradeDimension CLASS_OF_RECOMMENDATION
Rule_161	?a gradeSourceText IIa => ?a gradeDimension CLASS_OF_RECOMMENDATION	regitz-zagrosek-2018-2018-esc-guideline-for-the-management-of-cardiovasc_n0023/gr_0027 gradeSourceText IIa => regitz-zagrosek-2018-2018-esc-guideline-for-the-management-of-cardiovasc_n0023/gr_0027 gradeDimension CLASS_OF_RECOMMENDATION
Rule_161	?a gradeSourceText IIa => ?a gradeDimension CLASS_OF_RECOMMENDATION	zeppenfeld-2022-esc-guidelines-va-and-scd_n0021/gr_0009 gradeSourceText IIa => zeppenfeld-2022-esc-guidelines-va-and-scd_n0021/gr_0009 gradeDimension CLASS_OF_RECOMMENDATION
Rule_161	?a gradeSourceText IIa => ?a gradeDimension CLASS_OF_RECOMMENDATION	zeppenfeld-2022-esc-guidelines-va-and-scd_n0018/gr_0007 gradeSourceText IIa => zeppenfeld-2022-esc-guidelines-va-and-scd_n0018/gr_0007 gradeDimension CLASS_OF_RECOMMENDATION
Rule_161	?a gradeSourceText IIa => ?a gradeDimension CLASS_OF_RECOMMENDATION	glikson-2021-2021-esc-guidelines-on-cardiac-pacing-and-cardiac-resynchro_n0053/gr_0001 gradeSourceText IIa => glikson-2021-2021-esc-guidelines-on-cardiac-pacing-and-cardiac-resynchro_n0053/gr_0001 gradeDimension CLASS_OF_RECOMMENDATION
Rule_161	?a gradeSourceText IIa => ?a gradeDimension CLASS_OF_RECOMMENDATION	zeppenfeld-2022-esc-guidelines-va-and-scd_n0017/gr_0007 gradeSourceText IIa => zeppenfeld-2022-esc-guidelines-va-and-scd_n0017/gr_0007 gradeDimension CLASS_OF_RECOMMENDATION
Rule_161	?a gradeSourceText IIa => ?a gradeDimension CLASS_OF_RECOMMENDATION	zeppenfeld-2022-esc-guidelines-va-and-scd_n0018/gr_0005 gradeSourceText IIa => zeppenfeld-2022-esc-guidelines-va-and-scd_n0018/gr_0005 gradeDimension CLASS_OF_RECOMMENDATION
Rule_161	?a gradeSourceText IIa => ?a gradeDimension CLASS_OF_RECOMMENDATION	mcdonagh-2023-esc-guidelines_n0021/gr_0008 gradeSourceText IIa => mcdonagh-2023-esc-guidelines_n0021/gr_0008 gradeDimension CLASS_OF_RECOMMENDATION
Rule_161	?a gradeSourceText IIa => ?a gradeDimension CLASS_OF_RECOMMENDATION	zeppenfeld-2022-esc-guidelines-va-and-scd_n0081/gr_0009 gradeSourceText IIa => zeppenfeld-2022-esc-guidelines-va-and-scd_n0081/gr_0009 gradeDimension CLASS_OF_RECOMMENDATION
Rule_161	?a gradeSourceText IIa => ?a gradeDimension CLASS_OF_RECOMMENDATION	fox-2021-positionspaper-schlafmedizin-in-der-kardiologie_n0015/gr_0003 gradeSourceText IIa => fox-2021-positionspaper-schlafmedizin-in-der-kardiologie_n0015/gr_0003 gradeDimension CLASS_OF_RECOMMENDATION
Rule_161	?a gradeSourceText IIa => ?a gradeDimension CLASS_OF_RECOMMENDATION	al-khatib-2017-aha-acc-hrs-guideline-va-and-scd_n0044/gr_0009 gradeSourceText IIa => al-khatib-2017-aha-acc-hrs-guideline-va-and-scd_n0044/gr_0009 gradeDimension CLASS_OF_RECOMMENDATION
Rule_161	?a gradeSourceText IIa => ?a gradeDimension CLASS_OF_RECOMMENDATION	pelliccia-2020-2020-esc-guidelines-on-sports-cardiology-and-exercise-in_n0044/gr_0003 gradeSourceText IIa => pelliccia-2020-2020-esc-guidelines-on-sports-cardiology-and-exercise-in_n0044/gr_0003 gradeDimension CLASS_OF_RECOMMENDATION
Rule_161	?a gradeSourceText IIa => ?a gradeDimension CLASS_OF_RECOMMENDATION	al-khatib-2017-aha-acc-hrs-guideline-va-and-scd_n0044/gr_0011 gradeSourceText IIa => al-khatib-2017-aha-acc-hrs-guideline-va-and-scd_n0044/gr_0011 gradeDimension CLASS_OF_RECOMMENDATION
Rule_161	?a gradeSourceText IIa => ?a gradeDimension CLASS_OF_RECOMMENDATION	mcdonagh-2023-esc-guidelines_n0022/gr_0007 gradeSourceText IIa => mcdonagh-2023-esc-guidelines_n0022/gr_0007 gradeDimension CLASS_OF_RECOMMENDATION
Rule_161	?a gradeSourceText IIa => ?a gradeDimension CLASS_OF_RECOMMENDATION	zeppenfeld-2022-esc-guidelines-va-and-scd_n0036/gr_0027 gradeSourceText IIa => zeppenfeld-2022-esc-guidelines-va-and-scd_n0036/gr_0027 gradeDimension CLASS_OF_RECOMMENDATION
Rule_161	?a gradeSourceText IIa => ?a gradeDimension CLASS_OF_RECOMMENDATION	regitz-zagrosek-2018-2018-esc-guideline-for-the-management-of-cardiovasc_n0016/gr_0019 gradeSourceText IIa => regitz-zagrosek-2018-2018-esc-guideline-for-the-management-of-cardiovasc_n0016/gr_0019 gradeDimension CLASS_OF_RECOMMENDATION
Rule_161	?a gradeSourceText IIa => ?a gradeDimension CLASS_OF_RECOMMENDATION	pelliccia-2020-2020-esc-guidelines-on-sports-cardiology-and-exercise-in_n0068/gr_0007 gradeSourceText IIa => pelliccia-2020-2020-esc-guidelines-on-sports-cardiology-and-exercise-in_n0068/gr_0007 gradeDimension CLASS_OF_RECOMMENDATION
Rule_161	?a gradeSourceText IIa => ?a gradeDimension CLASS_OF_RECOMMENDATION	glikson-2021-2021-esc-guidelines-on-cardiac-pacing-and-cardiac-resynchro_n0022/gr_0002 gradeSourceText IIa => glikson-2021-2021-esc-guidelines-on-cardiac-pacing-and-cardiac-resynchro_n0022/gr_0002 gradeDimension CLASS_OF_RECOMMENDATION
Rule_161	?a gradeSourceText IIa => ?a gradeDimension CLASS_OF_RECOMMENDATION	glikson-2021-2021-esc-guidelines-on-cardiac-pacing-and-cardiac-resynchro_n0051/gr_0003 gradeSourceText IIa => glikson-2021-2021-esc-guidelines-on-cardiac-pacing-and-cardiac-resynchro_n0051/gr_0003 gradeDimension CLASS_OF_RECOMMENDATION
Rule_161	?a gradeSourceText IIa => ?a gradeDimension CLASS_OF_RECOMMENDATION	al-khatib-2017-aha-acc-hrs-guideline-va-and-scd_n0046/gr_0009 gradeSourceText IIa => al-khatib-2017-aha-acc-hrs-guideline-va-and-scd_n0046/gr_0009 gradeDimension CLASS_OF_RECOMMENDATION
Rule_161	?a gradeSourceText IIa => ?a gradeDimension CLASS_OF_RECOMMENDATION	tsutsui-2023-natriuretic-peptides-role-in-the-diagnosis-and-management-o_n0001/gr_0019 gradeSourceText IIa => tsutsui-2023-natriuretic-peptides-role-in-the-diagnosis-and-management-o_n0001/gr_0019 gradeDimension CLASS_OF_RECOMMENDATION
Rule_161	?a gradeSourceText IIa => ?a gradeDimension CLASS_OF_RECOMMENDATION	mcdonagh-2023-esc-guidelines_n0045/gr_0005 gradeSourceText IIa => mcdonagh-2023-esc-guidelines_n0045/gr_0005 gradeDimension CLASS_OF_RECOMMENDATION
Rule_161	?a gradeSourceText IIa => ?a gradeDimension CLASS_OF_RECOMMENDATION	zeppenfeld-2022-esc-guidelines-va-and-scd_n0082/gr_0017 gradeSourceText IIa => zeppenfeld-2022-esc-guidelines-va-and-scd_n0082/gr_0017 gradeDimension CLASS_OF_RECOMMENDATION
Rule_161	?a gradeSourceText IIa => ?a gradeDimension CLASS_OF_RECOMMENDATION	visseren-2021-esc-guidelines-cardiovascular-disease-prevention_n0078/gr_0009 gradeSourceText IIa => visseren-2021-esc-guidelines-cardiovascular-disease-prevention_n0078/gr_0009 gradeDimension CLASS_OF_RECOMMENDATION
Rule_161	?a gradeSourceText IIa => ?a gradeDimension CLASS_OF_RECOMMENDATION	zeppenfeld-2022-esc-guidelines-va-and-scd_n0022/gr_0030 gradeSourceText IIa => zeppenfeld-2022-esc-guidelines-va-and-scd_n0022/gr_0030 gradeDimension CLASS_OF_RECOMMENDATION
Rule_161	?a gradeSourceText IIa => ?a gradeDimension CLASS_OF_RECOMMENDATION	zeppenfeld-2022-esc-guidelines-va-and-scd_n0057/gr_0003 gradeSourceText IIa => zeppenfeld-2022-esc-guidelines-va-and-scd_n0057/gr_0003 gradeDimension CLASS_OF_RECOMMENDATION
Rule_161	?a gradeSourceText IIa => ?a gradeDimension CLASS_OF_RECOMMENDATION	zeppenfeld-2022-esc-guidelines-va-and-scd_n0082/gr_0019 gradeSourceText IIa => zeppenfeld-2022-esc-guidelines-va-and-scd_n0082/gr_0019 gradeDimension CLASS_OF_RECOMMENDATION
Rule_161	?a gradeSourceText IIa => ?a gradeDimension CLASS_OF_RECOMMENDATION	al-khatib-2017-aha-acc-hrs-guideline-va-and-scd_n0044/gr_0013 gradeSourceText IIa => al-khatib-2017-aha-acc-hrs-guideline-va-and-scd_n0044/gr_0013 gradeDimension CLASS_OF_RECOMMENDATION
Rule_161	?a gradeSourceText IIa => ?a gradeDimension CLASS_OF_RECOMMENDATION	glikson-2021-2021-esc-guidelines-on-cardiac-pacing-and-cardiac-resynchro_n0020/gr_0007 gradeSourceText IIa => glikson-2021-2021-esc-guidelines-on-cardiac-pacing-and-cardiac-resynchro_n0020/gr_0007 gradeDimension CLASS_OF_RECOMMENDATION
Rule_161	?a gradeSourceText IIa => ?a gradeDimension CLASS_OF_RECOMMENDATION	zeppenfeld-2022-esc-guidelines-va-and-scd_n0022/gr_0038 gradeSourceText IIa => zeppenfeld-2022-esc-guidelines-va-and-scd_n0022/gr_0038 gradeDimension CLASS_OF_RECOMMENDATION
Rule_161	?a gradeSourceText IIa => ?a gradeDimension CLASS_OF_RECOMMENDATION	tsutsui-2023-natriuretic-peptides-role-in-the-diagnosis-and-management-o_n0001/gr_0007 gradeSourceText IIa => tsutsui-2023-natriuretic-peptides-role-in-the-diagnosis-and-management-o_n0001/gr_0007 gradeDimension CLASS_OF_RECOMMENDATION
Rule_161	?a gradeSourceText IIa => ?a gradeDimension CLASS_OF_RECOMMENDATION	glikson-2021-2021-esc-guidelines-on-cardiac-pacing-and-cardiac-resynchro_n0021/gr_0001 gradeSourceText IIa => glikson-2021-2021-esc-guidelines-on-cardiac-pacing-and-cardiac-resynchro_n0021/gr_0001 gradeDimension CLASS_OF_RECOMMENDATION
Rule_161	?a gradeSourceText IIa => ?a gradeDimension CLASS_OF_RECOMMENDATION	glikson-2021-2021-esc-guidelines-on-cardiac-pacing-and-cardiac-resynchro_n0020/gr_0085 gradeSourceText IIa => glikson-2021-2021-esc-guidelines-on-cardiac-pacing-and-cardiac-resynchro_n0020/gr_0085 gradeDimension CLASS_OF_RECOMMENDATION
Rule_161	?a gradeSourceText IIa => ?a gradeDimension CLASS_OF_RECOMMENDATION	zeppenfeld-2022-esc-guidelines-va-and-scd_n0078/gr_0003 gradeSourceText IIa => zeppenfeld-2022-esc-guidelines-va-and-scd_n0078/gr_0003 gradeDimension CLASS_OF_RECOMMENDATION
Rule_161	?a gradeSourceText IIa => ?a gradeDimension CLASS_OF_RECOMMENDATION	zeppenfeld-2022-esc-guidelines-va-and-scd_n0018/gr_0032 gradeSourceText IIa => zeppenfeld-2022-esc-guidelines-va-and-scd_n0018/gr_0032 gradeDimension CLASS_OF_RECOMMENDATION
Rule_161	?a gradeSourceText IIa => ?a gradeDimension CLASS_OF_RECOMMENDATION	regitz-zagrosek-2018-2018-esc-guideline-for-the-management-of-cardiovasc_n0022/gr_0023 gradeSourceText IIa => regitz-zagrosek-2018-2018-esc-guideline-for-the-management-of-cardiovasc_n0022/gr_0023 gradeDimension CLASS_OF_RECOMMENDATION
Rule_161	?a gradeSourceText IIa => ?a gradeDimension CLASS_OF_RECOMMENDATION	glikson-2021-2021-esc-guidelines-on-cardiac-pacing-and-cardiac-resynchro_n0020/gr_0123 gradeSourceText IIa => glikson-2021-2021-esc-guidelines-on-cardiac-pacing-and-cardiac-resynchro_n0020/gr_0123 gradeDimension CLASS_OF_RECOMMENDATION
Rule_161	?a gradeSourceText IIa => ?a gradeDimension CLASS_OF_RECOMMENDATION	regitz-zagrosek-2018-2018-esc-guideline-for-the-management-of-cardiovasc_n0027/gr_0021 gradeSourceText IIa => regitz-zagrosek-2018-2018-esc-guideline-for-the-management-of-cardiovasc_n0027/gr_0021 gradeDimension CLASS_OF_RECOMMENDATION
Rule_161	?a gradeSourceText IIa => ?a gradeDimension CLASS_OF_RECOMMENDATION	zeppenfeld-2022-esc-guidelines-va-and-scd_n0074/gr_0003 gradeSourceText IIa => zeppenfeld-2022-esc-guidelines-va-and-scd_n0074/gr_0003 gradeDimension CLASS_OF_RECOMMENDATION
Rule_161	?a gradeSourceText IIa => ?a gradeDimension CLASS_OF_RECOMMENDATION	zeppenfeld-2022-esc-guidelines-va-and-scd_n0059/gr_0003 gradeSourceText IIa => zeppenfeld-2022-esc-guidelines-va-and-scd_n0059/gr_0003 gradeDimension CLASS_OF_RECOMMENDATION
Rule_161	?a gradeSourceText IIa => ?a gradeDimension CLASS_OF_RECOMMENDATION	glikson-2021-2021-esc-guidelines-on-cardiac-pacing-and-cardiac-resynchro_n0020/gr_0105 gradeSourceText IIa => glikson-2021-2021-esc-guidelines-on-cardiac-pacing-and-cardiac-resynchro_n0020/gr_0105 gradeDimension CLASS_OF_RECOMMENDATION
Rule_161	?a gradeSourceText IIa => ?a gradeDimension CLASS_OF_RECOMMENDATION	glikson-2021-2021-esc-guidelines-on-cardiac-pacing-and-cardiac-resynchro_n0020/gr_0039 gradeSourceText IIa => glikson-2021-2021-esc-guidelines-on-cardiac-pacing-and-cardiac-resynchro_n0020/gr_0039 gradeDimension CLASS_OF_RECOMMENDATION
Rule_161	?a gradeSourceText IIa => ?a gradeDimension CLASS_OF_RECOMMENDATION	zeppenfeld-2022-esc-guidelines-va-and-scd_n0063/gr_0021 gradeSourceText IIa => zeppenfeld-2022-esc-guidelines-va-and-scd_n0063/gr_0021 gradeDimension CLASS_OF_RECOMMENDATION
Rule_161	?a gradeSourceText IIa => ?a gradeDimension CLASS_OF_RECOMMENDATION	zeppenfeld-2022-esc-guidelines-va-and-scd_n0022/gr_0024 gradeSourceText IIa => zeppenfeld-2022-esc-guidelines-va-and-scd_n0022/gr_0024 gradeDimension CLASS_OF_RECOMMENDATION
Rule_161	?a gradeSourceText IIa => ?a gradeDimension CLASS_OF_RECOMMENDATION	regitz-zagrosek-2018-2018-esc-guideline-for-the-management-of-cardiovasc_n0029/gr_0021 gradeSourceText IIa => regitz-zagrosek-2018-2018-esc-guideline-for-the-management-of-cardiovasc_n0029/gr_0021 gradeDimension CLASS_OF_RECOMMENDATION
Rule_161	?a gradeSourceText IIa => ?a gradeDimension CLASS_OF_RECOMMENDATION	zeppenfeld-2022-esc-guidelines-va-and-scd_n0054/gr_0015 gradeSourceText IIa => zeppenfeld-2022-esc-guidelines-va-and-scd_n0054/gr_0015 gradeDimension CLASS_OF_RECOMMENDATION
Rule_161	?a gradeSourceText IIa => ?a gradeDimension CLASS_OF_RECOMMENDATION	zeppenfeld-2022-esc-guidelines-va-and-scd_n0067/gr_0009 gradeSourceText IIa => zeppenfeld-2022-esc-guidelines-va-and-scd_n0067/gr_0009 gradeDimension CLASS_OF_RECOMMENDATION
Rule_161	?a gradeSourceText IIa => ?a gradeDimension CLASS_OF_RECOMMENDATION	visseren-2021-esc-guidelines-cardiovascular-disease-prevention_n0078/gr_0011 gradeSourceText IIa => visseren-2021-esc-guidelines-cardiovascular-disease-prevention_n0078/gr_0011 gradeDimension CLASS_OF_RECOMMENDATION
Rule_161	?a gradeSourceText IIa => ?a gradeDimension CLASS_OF_RECOMMENDATION	glikson-2021-2021-esc-guidelines-on-cardiac-pacing-and-cardiac-resynchro_n0020/gr_0049 gradeSourceText IIa => glikson-2021-2021-esc-guidelines-on-cardiac-pacing-and-cardiac-resynchro_n0020/gr_0049 gradeDimension CLASS_OF_RECOMMENDATION
Rule_161	?a gradeSourceText IIa => ?a gradeDimension CLASS_OF_RECOMMENDATION	al-khatib-2017-aha-acc-hrs-guideline-va-and-scd_n0041/gr_0003 gradeSourceText IIa => al-khatib-2017-aha-acc-hrs-guideline-va-and-scd_n0041/gr_0003 gradeDimension CLASS_OF_RECOMMENDATION
Rule_161	?a gradeSourceText IIa => ?a gradeDimension CLASS_OF_RECOMMENDATION	mcdonagh-2023-esc-guidelines_n0080/gr_0003 gradeSourceText IIa => mcdonagh-2023-esc-guidelines_n0080/gr_0003 gradeDimension CLASS_OF_RECOMMENDATION
Rule_161	?a gradeSourceText IIa => ?a gradeDimension CLASS_OF_RECOMMENDATION	pelliccia-2020-2020-esc-guidelines-on-sports-cardiology-and-exercise-in_n0068/gr_0009 gradeSourceText IIa => pelliccia-2020-2020-esc-guidelines-on-sports-cardiology-and-exercise-in_n0068/gr_0009 gradeDimension CLASS_OF_RECOMMENDATION
Rule_161	?a gradeSourceText IIa => ?a gradeDimension CLASS_OF_RECOMMENDATION	zeppenfeld-2022-esc-guidelines-va-and-scd_n0022/gr_0012 gradeSourceText IIa => zeppenfeld-2022-esc-guidelines-va-and-scd_n0022/gr_0012 gradeDimension CLASS_OF_RECOMMENDATION
Rule_161	?a gradeSourceText IIa => ?a gradeDimension CLASS_OF_RECOMMENDATION	mcdonagh-2023-esc-guidelines_n0046/gr_0005 gradeSourceText IIa => mcdonagh-2023-esc-guidelines_n0046/gr_0005 gradeDimension CLASS_OF_RECOMMENDATION
Rule_161	?a gradeSourceText IIa => ?a gradeDimension CLASS_OF_RECOMMENDATION	glikson-2021-2021-esc-guidelines-on-cardiac-pacing-and-cardiac-resynchro_n0046/gr_0007 gradeSourceText IIa => glikson-2021-2021-esc-guidelines-on-cardiac-pacing-and-cardiac-resynchro_n0046/gr_0007 gradeDimension CLASS_OF_RECOMMENDATION
Rule_161	?a gradeSourceText IIa => ?a gradeDimension CLASS_OF_RECOMMENDATION	glikson-2021-2021-esc-guidelines-on-cardiac-pacing-and-cardiac-resynchro_n0020/gr_0041 gradeSourceText IIa => glikson-2021-2021-esc-guidelines-on-cardiac-pacing-and-cardiac-resynchro_n0020/gr_0041 gradeDimension CLASS_OF_RECOMMENDATION
Rule_161	?a gradeSourceText IIa => ?a gradeDimension CLASS_OF_RECOMMENDATION	glikson-2021-2021-esc-guidelines-on-cardiac-pacing-and-cardiac-resynchro_n0020/gr_0103 gradeSourceText IIa => glikson-2021-2021-esc-guidelines-on-cardiac-pacing-and-cardiac-resynchro_n0020/gr_0103 gradeDimension CLASS_OF_RECOMMENDATION
Rule_161	?a gradeSourceText IIa => ?a gradeDimension CLASS_OF_RECOMMENDATION	zeppenfeld-2022-esc-guidelines-va-and-scd_n0072/gr_0007 gradeSourceText IIa => zeppenfeld-2022-esc-guidelines-va-and-scd_n0072/gr_0007 gradeDimension CLASS_OF_RECOMMENDATION
Rule_161	?a gradeSourceText IIa => ?a gradeDimension CLASS_OF_RECOMMENDATION	zeppenfeld-2022-esc-guidelines-va-and-scd_n0020/gr_0003 gradeSourceText IIa => zeppenfeld-2022-esc-guidelines-va-and-scd_n0020/gr_0003 gradeDimension CLASS_OF_RECOMMENDATION
Rule_161	?a gradeSourceText IIa => ?a gradeDimension CLASS_OF_RECOMMENDATION	al-khatib-2017-aha-acc-hrs-guideline-va-and-scd_n0041/gr_0001 gradeSourceText IIa => al-khatib-2017-aha-acc-hrs-guideline-va-and-scd_n0041/gr_0001 gradeDimension CLASS_OF_RECOMMENDATION
Rule_161	?a gradeSourceText IIa => ?a gradeDimension CLASS_OF_RECOMMENDATION	pelliccia-2020-2020-esc-guidelines-on-sports-cardiology-and-exercise-in_n0041/gr_0003 gradeSourceText IIa => pelliccia-2020-2020-esc-guidelines-on-sports-cardiology-and-exercise-in_n0041/gr_0003 gradeDimension CLASS_OF_RECOMMENDATION
Rule_161	?a gradeSourceText IIa => ?a gradeDimension CLASS_OF_RECOMMENDATION	visseren-2021-esc-guidelines-cardiovascular-disease-prevention_n0010/gr_0037 gradeSourceText IIa => visseren-2021-esc-guidelines-cardiovascular-disease-prevention_n0010/gr_0037 gradeDimension CLASS_OF_RECOMMENDATION
Rule_161	?a gradeSourceText IIa => ?a gradeDimension CLASS_OF_RECOMMENDATION	glikson-2021-2021-esc-guidelines-on-cardiac-pacing-and-cardiac-resynchro_n0080/gr_0005 gradeSourceText IIa => glikson-2021-2021-esc-guidelines-on-cardiac-pacing-and-cardiac-resynchro_n0080/gr_0005 gradeDimension CLASS_OF_RECOMMENDATION
Rule_161	?a gradeSourceText IIa => ?a gradeDimension CLASS_OF_RECOMMENDATION	mcdonagh-2023-esc-guidelines_n0020/gr_0013 gradeSourceText IIa => mcdonagh-2023-esc-guidelines_n0020/gr_0013 gradeDimension CLASS_OF_RECOMMENDATION
Rule_161	?a gradeSourceText IIa => ?a gradeDimension CLASS_OF_RECOMMENDATION	zeppenfeld-2022-esc-guidelines-va-and-scd_n0077/gr_0017 gradeSourceText IIa => zeppenfeld-2022-esc-guidelines-va-and-scd_n0077/gr_0017 gradeDimension CLASS_OF_RECOMMENDATION
Rule_161	?a gradeSourceText IIa => ?a gradeDimension CLASS_OF_RECOMMENDATION	glikson-2021-2021-esc-guidelines-on-cardiac-pacing-and-cardiac-resynchro_n0051/gr_0005 gradeSourceText IIa => glikson-2021-2021-esc-guidelines-on-cardiac-pacing-and-cardiac-resynchro_n0051/gr_0005 gradeDimension CLASS_OF_RECOMMENDATION
Rule_161	?a gradeSourceText IIa => ?a gradeDimension CLASS_OF_RECOMMENDATION	al-khatib-2017-aha-acc-hrs-guideline-va-and-scd_n0038/gr_0003 gradeSourceText IIa => al-khatib-2017-aha-acc-hrs-guideline-va-and-scd_n0038/gr_0003 gradeDimension CLASS_OF_RECOMMENDATION
Rule_161	?a gradeSourceText IIa => ?a gradeDimension CLASS_OF_RECOMMENDATION	visseren-2021-esc-guidelines-cardiovascular-disease-prevention_n0027/gr_0005 gradeSourceText IIa => visseren-2021-esc-guidelines-cardiovascular-disease-prevention_n0027/gr_0005 gradeDimension CLASS_OF_RECOMMENDATION
Rule_161	?a gradeSourceText IIa => ?a gradeDimension CLASS_OF_RECOMMENDATION	al-khatib-2017-aha-acc-hrs-guideline-va-and-scd_n0035/gr_0009 gradeSourceText IIa => al-khatib-2017-aha-acc-hrs-guideline-va-and-scd_n0035/gr_0009 gradeDimension CLASS_OF_RECOMMENDATION
Rule_161	?a gradeSourceText IIa => ?a gradeDimension CLASS_OF_RECOMMENDATION	al-khatib-2017-aha-acc-hrs-guideline-va-and-scd_n0031/gr_0011 gradeSourceText IIa => al-khatib-2017-aha-acc-hrs-guideline-va-and-scd_n0031/gr_0011 gradeDimension CLASS_OF_RECOMMENDATION
Rule_161	?a gradeSourceText IIa => ?a gradeDimension CLASS_OF_RECOMMENDATION	al-khatib-2017-aha-acc-hrs-guideline-va-and-scd_n0046/gr_0007 gradeSourceText IIa => al-khatib-2017-aha-acc-hrs-guideline-va-and-scd_n0046/gr_0007 gradeDimension CLASS_OF_RECOMMENDATION
Rule_161	?a gradeSourceText IIa => ?a gradeDimension CLASS_OF_RECOMMENDATION	regitz-zagrosek-2018-2018-esc-guideline-for-the-management-of-cardiovasc_n0023/gr_0029 gradeSourceText IIa => regitz-zagrosek-2018-2018-esc-guideline-for-the-management-of-cardiovasc_n0023/gr_0029 gradeDimension CLASS_OF_RECOMMENDATION
Rule_161	?a gradeSourceText IIa => ?a gradeDimension CLASS_OF_RECOMMENDATION	zeppenfeld-2022-esc-guidelines-va-and-scd_n0019/gr_0031 gradeSourceText IIa => zeppenfeld-2022-esc-guidelines-va-and-scd_n0019/gr_0031 gradeDimension CLASS_OF_RECOMMENDATION
Rule_161	?a gradeSourceText IIa => ?a gradeDimension CLASS_OF_RECOMMENDATION	zeppenfeld-2022-esc-guidelines-va-and-scd_n0019/gr_0046 gradeSourceText IIa => zeppenfeld-2022-esc-guidelines-va-and-scd_n0019/gr_0046 gradeDimension CLASS_OF_RECOMMENDATION
Rule_161	?a gradeSourceText IIa => ?a gradeDimension CLASS_OF_RECOMMENDATION	zeppenfeld-2022-esc-guidelines-va-and-scd_n0081/gr_0017 gradeSourceText IIa => zeppenfeld-2022-esc-guidelines-va-and-scd_n0081/gr_0017 gradeDimension CLASS_OF_RECOMMENDATION
Rule_161	?a gradeSourceText IIa => ?a gradeDimension CLASS_OF_RECOMMENDATION	zeppenfeld-2022-esc-guidelines-va-and-scd_n0062/gr_0013 gradeSourceText IIa => zeppenfeld-2022-esc-guidelines-va-and-scd_n0062/gr_0013 gradeDimension CLASS_OF_RECOMMENDATION
Rule_161	?a gradeSourceText IIa => ?a gradeDimension CLASS_OF_RECOMMENDATION	zeppenfeld-2022-esc-guidelines-va-and-scd_n0018/gr_0033 gradeSourceText IIa => zeppenfeld-2022-esc-guidelines-va-and-scd_n0018/gr_0033 gradeDimension CLASS_OF_RECOMMENDATION
Rule_161	?a gradeSourceText IIa => ?a gradeDimension CLASS_OF_RECOMMENDATION	zeppenfeld-2022-esc-guidelines-va-and-scd_n0018/gr_0023 gradeSourceText IIa => zeppenfeld-2022-esc-guidelines-va-and-scd_n0018/gr_0023 gradeDimension CLASS_OF_RECOMMENDATION
Rule_161	?a gradeSourceText IIa => ?a gradeDimension CLASS_OF_RECOMMENDATION	glikson-2021-2021-esc-guidelines-on-cardiac-pacing-and-cardiac-resynchro_n0020/gr_0029 gradeSourceText IIa => glikson-2021-2021-esc-guidelines-on-cardiac-pacing-and-cardiac-resynchro_n0020/gr_0029 gradeDimension CLASS_OF_RECOMMENDATION
Rule_161	?a gradeSourceText IIa => ?a gradeDimension CLASS_OF_RECOMMENDATION	mcdonagh-2023-esc-guidelines_n0023/gr_0003 gradeSourceText IIa => mcdonagh-2023-esc-guidelines_n0023/gr_0003 gradeDimension CLASS_OF_RECOMMENDATION
Rule_161	?a gradeSourceText IIa => ?a gradeDimension CLASS_OF_RECOMMENDATION	zeppenfeld-2022-esc-guidelines-va-and-scd_n0084/gr_0019 gradeSourceText IIa => zeppenfeld-2022-esc-guidelines-va-and-scd_n0084/gr_0019 gradeDimension CLASS_OF_RECOMMENDATION
Rule_161	?a gradeSourceText IIa => ?a gradeDimension CLASS_OF_RECOMMENDATION	pelliccia-2020-2020-esc-guidelines-on-sports-cardiology-and-exercise-in_n0064/gr_0009 gradeSourceText IIa => pelliccia-2020-2020-esc-guidelines-on-sports-cardiology-and-exercise-in_n0064/gr_0009 gradeDimension CLASS_OF_RECOMMENDATION
Rule_161	?a gradeSourceText IIa => ?a gradeDimension CLASS_OF_RECOMMENDATION	pelliccia-2020-2020-esc-guidelines-on-sports-cardiology-and-exercise-in_n0068/gr_0005 gradeSourceText IIa => pelliccia-2020-2020-esc-guidelines-on-sports-cardiology-and-exercise-in_n0068/gr_0005 gradeDimension CLASS_OF_RECOMMENDATION
Rule_161	?a gradeSourceText IIa => ?a gradeDimension CLASS_OF_RECOMMENDATION	zeppenfeld-2022-esc-guidelines-va-and-scd_n0018/gr_0018 gradeSourceText IIa => zeppenfeld-2022-esc-guidelines-va-and-scd_n0018/gr_0018 gradeDimension CLASS_OF_RECOMMENDATION
Rule_161	?a gradeSourceText IIa => ?a gradeDimension CLASS_OF_RECOMMENDATION	zeppenfeld-2022-esc-guidelines-va-and-scd_n0021/gr_0017 gradeSourceText IIa => zeppenfeld-2022-esc-guidelines-va-and-scd_n0021/gr_0017 gradeDimension CLASS_OF_RECOMMENDATION
Rule_161	?a gradeSourceText IIa => ?a gradeDimension CLASS_OF_RECOMMENDATION	mcdonagh-2023-esc-guidelines_n0021/gr_0007 gradeSourceText IIa => mcdonagh-2023-esc-guidelines_n0021/gr_0007 gradeDimension CLASS_OF_RECOMMENDATION
Rule_161	?a gradeSourceText IIa => ?a gradeDimension CLASS_OF_RECOMMENDATION	glikson-2021-2021-esc-guidelines-on-cardiac-pacing-and-cardiac-resynchro_n0020/gr_0095 gradeSourceText IIa => glikson-2021-2021-esc-guidelines-on-cardiac-pacing-and-cardiac-resynchro_n0020/gr_0095 gradeDimension CLASS_OF_RECOMMENDATION
Rule_161	?a gradeSourceText IIa => ?a gradeDimension CLASS_OF_RECOMMENDATION	glikson-2021-2021-esc-guidelines-on-cardiac-pacing-and-cardiac-resynchro_n0020/gr_0147 gradeSourceText IIa => glikson-2021-2021-esc-guidelines-on-cardiac-pacing-and-cardiac-resynchro_n0020/gr_0147 gradeDimension CLASS_OF_RECOMMENDATION
Rule_161	?a gradeSourceText IIa => ?a gradeDimension CLASS_OF_RECOMMENDATION	mcdonagh-2023-esc-guidelines_n0023/gr_0009 gradeSourceText IIa => mcdonagh-2023-esc-guidelines_n0023/gr_0009 gradeDimension CLASS_OF_RECOMMENDATION
Rule_161	?a gradeSourceText IIa => ?a gradeDimension CLASS_OF_RECOMMENDATION	mcdonagh-2023-esc-guidelines_n0045/gr_0007 gradeSourceText IIa => mcdonagh-2023-esc-guidelines_n0045/gr_0007 gradeDimension CLASS_OF_RECOMMENDATION
Rule_161	?a gradeSourceText IIa => ?a gradeDimension CLASS_OF_RECOMMENDATION	zeppenfeld-2022-esc-guidelines-va-and-scd_n0062/gr_0029 gradeSourceText IIa => zeppenfeld-2022-esc-guidelines-va-and-scd_n0062/gr_0029 gradeDimension CLASS_OF_RECOMMENDATION
Rule_161	?a gradeSourceText IIa => ?a gradeDimension CLASS_OF_RECOMMENDATION	glikson-2021-2021-esc-guidelines-on-cardiac-pacing-and-cardiac-resynchro_n0063/gr_0007 gradeSourceText IIa => glikson-2021-2021-esc-guidelines-on-cardiac-pacing-and-cardiac-resynchro_n0063/gr_0007 gradeDimension CLASS_OF_RECOMMENDATION
Rule_161	?a gradeSourceText IIa => ?a gradeDimension CLASS_OF_RECOMMENDATION	zeppenfeld-2022-esc-guidelines-va-and-scd_n0022/gr_0027 gradeSourceText IIa => zeppenfeld-2022-esc-guidelines-va-and-scd_n0022/gr_0027 gradeDimension CLASS_OF_RECOMMENDATION
Rule_161	?a gradeSourceText IIa => ?a gradeDimension CLASS_OF_RECOMMENDATION	glikson-2021-2021-esc-guidelines-on-cardiac-pacing-and-cardiac-resynchro_n0036/gr_0003 gradeSourceText IIa => glikson-2021-2021-esc-guidelines-on-cardiac-pacing-and-cardiac-resynchro_n0036/gr_0003 gradeDimension CLASS_OF_RECOMMENDATION
Rule_161	?a gradeSourceText IIa => ?a gradeDimension CLASS_OF_RECOMMENDATION	mcdonagh-2023-esc-guidelines_n0021/gr_0013 gradeSourceText IIa => mcdonagh-2023-esc-guidelines_n0021/gr_0013 gradeDimension CLASS_OF_RECOMMENDATION
Rule_161	?a gradeSourceText IIa => ?a gradeDimension CLASS_OF_RECOMMENDATION	glikson-2021-2021-esc-guidelines-on-cardiac-pacing-and-cardiac-resynchro_n0020/gr_0067 gradeSourceText IIa => glikson-2021-2021-esc-guidelines-on-cardiac-pacing-and-cardiac-resynchro_n0020/gr_0067 gradeDimension CLASS_OF_RECOMMENDATION
Rule_161	?a gradeSourceText IIa => ?a gradeDimension CLASS_OF_RECOMMENDATION	regitz-zagrosek-2018-2018-esc-guideline-for-the-management-of-cardiovasc_n0020/gr_0005 gradeSourceText IIa => regitz-zagrosek-2018-2018-esc-guideline-for-the-management-of-cardiovasc_n0020/gr_0005 gradeDimension CLASS_OF_RECOMMENDATION
Rule_161	?a gradeSourceText IIa => ?a gradeDimension CLASS_OF_RECOMMENDATION	zeppenfeld-2022-esc-guidelines-va-and-scd_n0020/gr_0008 gradeSourceText IIa => zeppenfeld-2022-esc-guidelines-va-and-scd_n0020/gr_0008 gradeDimension CLASS_OF_RECOMMENDATION
Rule_161	?a gradeSourceText IIa => ?a gradeDimension CLASS_OF_RECOMMENDATION	mcdonagh-2023-2023-focused-update-of-the-2021-esc-guidelines-for-the-dia_n0016/gr_0003 gradeSourceText IIa => mcdonagh-2023-2023-focused-update-of-the-2021-esc-guidelines-for-the-dia_n0016/gr_0003 gradeDimension CLASS_OF_RECOMMENDATION
Rule_161	?a gradeSourceText IIa => ?a gradeDimension CLASS_OF_RECOMMENDATION	mcdonagh-2023-esc-guidelines_n0063/gr_0009 gradeSourceText IIa => mcdonagh-2023-esc-guidelines_n0063/gr_0009 gradeDimension CLASS_OF_RECOMMENDATION
Rule_161	?a gradeSourceText IIa => ?a gradeDimension CLASS_OF_RECOMMENDATION	tsutsui-2023-natriuretic-peptides-role-in-the-diagnosis-and-management-o_n0001/gr_0009 gradeSourceText IIa => tsutsui-2023-natriuretic-peptides-role-in-the-diagnosis-and-management-o_n0001/gr_0009 gradeDimension CLASS_OF_RECOMMENDATION
Rule_161	?a gradeSourceText IIa => ?a gradeDimension CLASS_OF_RECOMMENDATION	zeppenfeld-2022-esc-guidelines-va-and-scd_n0017/gr_0013 gradeSourceText IIa => zeppenfeld-2022-esc-guidelines-va-and-scd_n0017/gr_0013 gradeDimension CLASS_OF_RECOMMENDATION
Rule_161	?a gradeSourceText IIa => ?a gradeDimension CLASS_OF_RECOMMENDATION	pelliccia-2020-2020-esc-guidelines-on-sports-cardiology-and-exercise-in_n0025/gr_0003 gradeSourceText IIa => pelliccia-2020-2020-esc-guidelines-on-sports-cardiology-and-exercise-in_n0025/gr_0003 gradeDimension CLASS_OF_RECOMMENDATION
Rule_161	?a gradeSourceText IIa => ?a gradeDimension CLASS_OF_RECOMMENDATION	glikson-2021-2021-esc-guidelines-on-cardiac-pacing-and-cardiac-resynchro_n0061/gr_0007 gradeSourceText IIa => glikson-2021-2021-esc-guidelines-on-cardiac-pacing-and-cardiac-resynchro_n0061/gr_0007 gradeDimension CLASS_OF_RECOMMENDATION
Rule_161	?a gradeSourceText IIa => ?a gradeDimension CLASS_OF_RECOMMENDATION	regitz-zagrosek-2018-2018-esc-guideline-for-the-management-of-cardiovasc_n0025/gr_0013 gradeSourceText IIa => regitz-zagrosek-2018-2018-esc-guideline-for-the-management-of-cardiovasc_n0025/gr_0013 gradeDimension CLASS_OF_RECOMMENDATION
Rule_161	?a gradeSourceText IIa => ?a gradeDimension CLASS_OF_RECOMMENDATION	mcdonagh-2023-esc-guidelines_n0076/gr_0007 gradeSourceText IIa => mcdonagh-2023-esc-guidelines_n0076/gr_0007 gradeDimension CLASS_OF_RECOMMENDATION
Rule_161	?a gradeSourceText IIa => ?a gradeDimension CLASS_OF_RECOMMENDATION	zeppenfeld-2022-esc-guidelines-va-and-scd_n0060/gr_0009 gradeSourceText IIa => zeppenfeld-2022-esc-guidelines-va-and-scd_n0060/gr_0009 gradeDimension CLASS_OF_RECOMMENDATION
Rule_161	?a gradeSourceText IIa => ?a gradeDimension CLASS_OF_RECOMMENDATION	zeppenfeld-2022-esc-guidelines-va-and-scd_n0018/gr_0006 gradeSourceText IIa => zeppenfeld-2022-esc-guidelines-va-and-scd_n0018/gr_0006 gradeDimension CLASS_OF_RECOMMENDATION
Rule_161	?a gradeSourceText IIa => ?a gradeDimension CLASS_OF_RECOMMENDATION	glikson-2021-2021-esc-guidelines-on-cardiac-pacing-and-cardiac-resynchro_n0063/gr_0005 gradeSourceText IIa => glikson-2021-2021-esc-guidelines-on-cardiac-pacing-and-cardiac-resynchro_n0063/gr_0005 gradeDimension CLASS_OF_RECOMMENDATION
Rule_161	?a gradeSourceText IIa => ?a gradeDimension CLASS_OF_RECOMMENDATION	zeppenfeld-2022-esc-guidelines-va-and-scd_n0055/gr_0007 gradeSourceText IIa => zeppenfeld-2022-esc-guidelines-va-and-scd_n0055/gr_0007 gradeDimension CLASS_OF_RECOMMENDATION
Rule_161	?a gradeSourceText IIa => ?a gradeDimension CLASS_OF_RECOMMENDATION	regitz-zagrosek-2018-2018-esc-guideline-for-the-management-of-cardiovasc_n0030/gr_0005 gradeSourceText IIa => regitz-zagrosek-2018-2018-esc-guideline-for-the-management-of-cardiovasc_n0030/gr_0005 gradeDimension CLASS_OF_RECOMMENDATION
Rule_161	?a gradeSourceText IIa => ?a gradeDimension CLASS_OF_RECOMMENDATION	regitz-zagrosek-2018-2018-esc-guideline-for-the-management-of-cardiovasc_n0017/gr_0005 gradeSourceText IIa => regitz-zagrosek-2018-2018-esc-guideline-for-the-management-of-cardiovasc_n0017/gr_0005 gradeDimension CLASS_OF_RECOMMENDATION
Rule_161	?a gradeSourceText IIa => ?a gradeDimension CLASS_OF_RECOMMENDATION	mcdonagh-2023-esc-guidelines_n0075/gr_0003 gradeSourceText IIa => mcdonagh-2023-esc-guidelines_n0075/gr_0003 gradeDimension CLASS_OF_RECOMMENDATION
Rule_161	?a gradeSourceText IIa => ?a gradeDimension CLASS_OF_RECOMMENDATION	al-khatib-2017-aha-acc-hrs-guideline-va-and-scd_n0061/gr_0001 gradeSourceText IIa => al-khatib-2017-aha-acc-hrs-guideline-va-and-scd_n0061/gr_0001 gradeDimension CLASS_OF_RECOMMENDATION
Rule_161	?a gradeSourceText IIa => ?a gradeDimension CLASS_OF_RECOMMENDATION	visseren-2021-esc-guidelines-cardiovascular-disease-prevention_n0033/gr_0007 gradeSourceText IIa => visseren-2021-esc-guidelines-cardiovascular-disease-prevention_n0033/gr_0007 gradeDimension CLASS_OF_RECOMMENDATION
Rule_161	?a gradeSourceText IIa => ?a gradeDimension CLASS_OF_RECOMMENDATION	zeppenfeld-2022-esc-guidelines-va-and-scd_n0058/gr_0003 gradeSourceText IIa => zeppenfeld-2022-esc-guidelines-va-and-scd_n0058/gr_0003 gradeDimension CLASS_OF_RECOMMENDATION
Rule_161	?a gradeSourceText IIa => ?a gradeDimension CLASS_OF_RECOMMENDATION	mcdonagh-2023-esc-guidelines_n0075/gr_0005 gradeSourceText IIa => mcdonagh-2023-esc-guidelines_n0075/gr_0005 gradeDimension CLASS_OF_RECOMMENDATION
Rule_161	?a gradeSourceText IIa => ?a gradeDimension CLASS_OF_RECOMMENDATION	zeppenfeld-2022-esc-guidelines-va-and-scd_n0053/gr_0005 gradeSourceText IIa => zeppenfeld-2022-esc-guidelines-va-and-scd_n0053/gr_0005 gradeDimension CLASS_OF_RECOMMENDATION
Rule_161	?a gradeSourceText IIa => ?a gradeDimension CLASS_OF_RECOMMENDATION	al-khatib-2017-aha-acc-hrs-guideline-va-and-scd_n0061/gr_0003 gradeSourceText IIa => al-khatib-2017-aha-acc-hrs-guideline-va-and-scd_n0061/gr_0003 gradeDimension CLASS_OF_RECOMMENDATION
Rule_161	?a gradeSourceText IIa => ?a gradeDimension CLASS_OF_RECOMMENDATION	pelliccia-2020-2020-esc-guidelines-on-sports-cardiology-and-exercise-in_n0057/gr_0001 gradeSourceText IIa => pelliccia-2020-2020-esc-guidelines-on-sports-cardiology-and-exercise-in_n0057/gr_0001 gradeDimension CLASS_OF_RECOMMENDATION
Rule_161	?a gradeSourceText IIa => ?a gradeDimension CLASS_OF_RECOMMENDATION	regitz-zagrosek-2018-2018-esc-guideline-for-the-management-of-cardiovasc_n0027/gr_0013 gradeSourceText IIa => regitz-zagrosek-2018-2018-esc-guideline-for-the-management-of-cardiovasc_n0027/gr_0013 gradeDimension CLASS_OF_RECOMMENDATION
Rule_161	?a gradeSourceText IIa => ?a gradeDimension CLASS_OF_RECOMMENDATION	zeppenfeld-2022-esc-guidelines-va-and-scd_n0017/gr_0015 gradeSourceText IIa => zeppenfeld-2022-esc-guidelines-va-and-scd_n0017/gr_0015 gradeDimension CLASS_OF_RECOMMENDATION
Rule_161	?a gradeSourceText IIa => ?a gradeDimension CLASS_OF_RECOMMENDATION	visseren-2021-esc-guidelines-cardiovascular-disease-prevention_n0076/gr_0015 gradeSourceText IIa => visseren-2021-esc-guidelines-cardiovascular-disease-prevention_n0076/gr_0015 gradeDimension CLASS_OF_RECOMMENDATION
Rule_161	?a gradeSourceText IIa => ?a gradeDimension CLASS_OF_RECOMMENDATION	regitz-zagrosek-2018-2018-esc-guideline-for-the-management-of-cardiovasc_n0017/gr_0007 gradeSourceText IIa => regitz-zagrosek-2018-2018-esc-guideline-for-the-management-of-cardiovasc_n0017/gr_0007 gradeDimension CLASS_OF_RECOMMENDATION
Rule_161	?a gradeSourceText IIa => ?a gradeDimension CLASS_OF_RECOMMENDATION	mcdonagh-2023-esc-guidelines_n0035/gr_0007 gradeSourceText IIa => mcdonagh-2023-esc-guidelines_n0035/gr_0007 gradeDimension CLASS_OF_RECOMMENDATION
Rule_161	?a gradeSourceText IIa => ?a gradeDimension CLASS_OF_RECOMMENDATION	regitz-zagrosek-2018-2018-esc-guideline-for-the-management-of-cardiovasc_n0016/gr_0025 gradeSourceText IIa => regitz-zagrosek-2018-2018-esc-guideline-for-the-management-of-cardiovasc_n0016/gr_0025 gradeDimension CLASS_OF_RECOMMENDATION
Rule_161	?a gradeSourceText IIa => ?a gradeDimension CLASS_OF_RECOMMENDATION	zeppenfeld-2022-esc-guidelines-va-and-scd_n0067/gr_0011 gradeSourceText IIa => zeppenfeld-2022-esc-guidelines-va-and-scd_n0067/gr_0011 gradeDimension CLASS_OF_RECOMMENDATION
Rule_161	?a gradeSourceText IIa => ?a gradeDimension CLASS_OF_RECOMMENDATION	glikson-2021-2021-esc-guidelines-on-cardiac-pacing-and-cardiac-resynchro_n0020/gr_0011 gradeSourceText IIa => glikson-2021-2021-esc-guidelines-on-cardiac-pacing-and-cardiac-resynchro_n0020/gr_0011 gradeDimension CLASS_OF_RECOMMENDATION
Rule_161	?a gradeSourceText IIa => ?a gradeDimension CLASS_OF_RECOMMENDATION	mcdonagh-2023-esc-guidelines_n0023/gr_0014 gradeSourceText IIa => mcdonagh-2023-esc-guidelines_n0023/gr_0014 gradeDimension CLASS_OF_RECOMMENDATION
Rule_161	?a gradeSourceText IIa => ?a gradeDimension CLASS_OF_RECOMMENDATION	glikson-2021-2021-esc-guidelines-on-cardiac-pacing-and-cardiac-resynchro_n0020/gr_0117 gradeSourceText IIa => glikson-2021-2021-esc-guidelines-on-cardiac-pacing-and-cardiac-resynchro_n0020/gr_0117 gradeDimension CLASS_OF_RECOMMENDATION
Rule_161	?a gradeSourceText IIa => ?a gradeDimension CLASS_OF_RECOMMENDATION	zeppenfeld-2022-esc-guidelines-va-and-scd_n0020/gr_0002 gradeSourceText IIa => zeppenfeld-2022-esc-guidelines-va-and-scd_n0020/gr_0002 gradeDimension CLASS_OF_RECOMMENDATION
Rule_161	?a gradeSourceText IIa => ?a gradeDimension CLASS_OF_RECOMMENDATION	zeppenfeld-2022-esc-guidelines-va-and-scd_n0019/gr_0045 gradeSourceText IIa => zeppenfeld-2022-esc-guidelines-va-and-scd_n0019/gr_0045 gradeDimension CLASS_OF_RECOMMENDATION
Rule_161	?a gradeSourceText IIa => ?a gradeDimension CLASS_OF_RECOMMENDATION	glikson-2021-2021-esc-guidelines-on-cardiac-pacing-and-cardiac-resynchro_n0023/gr_0009 gradeSourceText IIa => glikson-2021-2021-esc-guidelines-on-cardiac-pacing-and-cardiac-resynchro_n0023/gr_0009 gradeDimension CLASS_OF_RECOMMENDATION
Rule_161	?a gradeSourceText IIa => ?a gradeDimension CLASS_OF_RECOMMENDATION	zeppenfeld-2022-esc-guidelines-va-and-scd_n0019/gr_0049 gradeSourceText IIa => zeppenfeld-2022-esc-guidelines-va-and-scd_n0019/gr_0049 gradeDimension CLASS_OF_RECOMMENDATION
Rule_161	?a gradeSourceText IIa => ?a gradeDimension CLASS_OF_RECOMMENDATION	zeppenfeld-2022-esc-guidelines-va-and-scd_n0060/gr_0013 gradeSourceText IIa => zeppenfeld-2022-esc-guidelines-va-and-scd_n0060/gr_0013 gradeDimension CLASS_OF_RECOMMENDATION
Rule_161	?a gradeSourceText IIa => ?a gradeDimension CLASS_OF_RECOMMENDATION	mcdonagh-2023-esc-guidelines_n0022/gr_0033 gradeSourceText IIa => mcdonagh-2023-esc-guidelines_n0022/gr_0033 gradeDimension CLASS_OF_RECOMMENDATION
Rule_161	?a gradeSourceText IIa => ?a gradeDimension CLASS_OF_RECOMMENDATION	zeppenfeld-2022-esc-guidelines-va-and-scd_n0070/gr_0003 gradeSourceText IIa => zeppenfeld-2022-esc-guidelines-va-and-scd_n0070/gr_0003 gradeDimension CLASS_OF_RECOMMENDATION
Rule_161	?a gradeSourceText IIa => ?a gradeDimension CLASS_OF_RECOMMENDATION	zeppenfeld-2022-esc-guidelines-va-and-scd_n0063/gr_0009 gradeSourceText IIa => zeppenfeld-2022-esc-guidelines-va-and-scd_n0063/gr_0009 gradeDimension CLASS_OF_RECOMMENDATION
Rule_161	?a gradeSourceText IIa => ?a gradeDimension CLASS_OF_RECOMMENDATION	mcdonagh-2023-esc-guidelines_n0020/gr_0001 gradeSourceText IIa => mcdonagh-2023-esc-guidelines_n0020/gr_0001 gradeDimension CLASS_OF_RECOMMENDATION
Rule_161	?a gradeSourceText IIa => ?a gradeDimension CLASS_OF_RECOMMENDATION	zeppenfeld-2022-esc-guidelines-va-and-scd_n0072/gr_0003 gradeSourceText IIa => zeppenfeld-2022-esc-guidelines-va-and-scd_n0072/gr_0003 gradeDimension CLASS_OF_RECOMMENDATION
Rule_161	?a gradeSourceText IIa => ?a gradeDimension CLASS_OF_RECOMMENDATION	glikson-2021-2021-esc-guidelines-on-cardiac-pacing-and-cardiac-resynchro_n0020/gr_0145 gradeSourceText IIa => glikson-2021-2021-esc-guidelines-on-cardiac-pacing-and-cardiac-resynchro_n0020/gr_0145 gradeDimension CLASS_OF_RECOMMENDATION
Rule_161	?a gradeSourceText IIa => ?a gradeDimension CLASS_OF_RECOMMENDATION	mcdonagh-2023-esc-guidelines_n0076/gr_0005 gradeSourceText IIa => mcdonagh-2023-esc-guidelines_n0076/gr_0005 gradeDimension CLASS_OF_RECOMMENDATION
Rule_161	?a gradeSourceText IIa => ?a gradeDimension CLASS_OF_RECOMMENDATION	zeppenfeld-2022-esc-guidelines-va-and-scd_n0018/gr_0009 gradeSourceText IIa => zeppenfeld-2022-esc-guidelines-va-and-scd_n0018/gr_0009 gradeDimension CLASS_OF_RECOMMENDATION
Rule_161	?a gradeSourceText IIa => ?a gradeDimension CLASS_OF_RECOMMENDATION	zeppenfeld-2022-esc-guidelines-va-and-scd_n0067/gr_0007 gradeSourceText IIa => zeppenfeld-2022-esc-guidelines-va-and-scd_n0067/gr_0007 gradeDimension CLASS_OF_RECOMMENDATION
Rule_161	?a gradeSourceText IIa => ?a gradeDimension CLASS_OF_RECOMMENDATION	visseren-2021-esc-guidelines-cardiovascular-disease-prevention_n0033/gr_0005 gradeSourceText IIa => visseren-2021-esc-guidelines-cardiovascular-disease-prevention_n0033/gr_0005 gradeDimension CLASS_OF_RECOMMENDATION
Rule_161	?a gradeSourceText IIa => ?a gradeDimension CLASS_OF_RECOMMENDATION	al-khatib-2017-aha-acc-hrs-guideline-va-and-scd_n0055/gr_0001 gradeSourceText IIa => al-khatib-2017-aha-acc-hrs-guideline-va-and-scd_n0055/gr_0001 gradeDimension CLASS_OF_RECOMMENDATION
Rule_161	?a gradeSourceText IIa => ?a gradeDimension CLASS_OF_RECOMMENDATION	zeppenfeld-2022-esc-guidelines-va-and-scd_n0057/gr_0009 gradeSourceText IIa => zeppenfeld-2022-esc-guidelines-va-and-scd_n0057/gr_0009 gradeDimension CLASS_OF_RECOMMENDATION
Rule_161	?a gradeSourceText IIa => ?a gradeDimension CLASS_OF_RECOMMENDATION	zeppenfeld-2022-esc-guidelines-va-and-scd_n0019/gr_0011 gradeSourceText IIa => zeppenfeld-2022-esc-guidelines-va-and-scd_n0019/gr_0011 gradeDimension CLASS_OF_RECOMMENDATION
Rule_161	?a gradeSourceText IIa => ?a gradeDimension CLASS_OF_RECOMMENDATION	zeppenfeld-2022-esc-guidelines-va-and-scd_n0067/gr_0013 gradeSourceText IIa => zeppenfeld-2022-esc-guidelines-va-and-scd_n0067/gr_0013 gradeDimension CLASS_OF_RECOMMENDATION
Rule_161	?a gradeSourceText IIa => ?a gradeDimension CLASS_OF_RECOMMENDATION	zeppenfeld-2022-esc-guidelines-va-and-scd_n0054/gr_0007 gradeSourceText IIa => zeppenfeld-2022-esc-guidelines-va-and-scd_n0054/gr_0007 gradeDimension CLASS_OF_RECOMMENDATION
Rule_161	?a gradeSourceText IIa => ?a gradeDimension CLASS_OF_RECOMMENDATION	glikson-2021-2021-esc-guidelines-on-cardiac-pacing-and-cardiac-resynchro_n0023/gr_0011 gradeSourceText IIa => glikson-2021-2021-esc-guidelines-on-cardiac-pacing-and-cardiac-resynchro_n0023/gr_0011 gradeDimension CLASS_OF_RECOMMENDATION
Rule_161	?a gradeSourceText IIa => ?a gradeDimension CLASS_OF_RECOMMENDATION	zeppenfeld-2022-esc-guidelines-va-and-scd_n0022/gr_0040 gradeSourceText IIa => zeppenfeld-2022-esc-guidelines-va-and-scd_n0022/gr_0040 gradeDimension CLASS_OF_RECOMMENDATION
Rule_161	?a gradeSourceText IIa => ?a gradeDimension CLASS_OF_RECOMMENDATION	zeppenfeld-2022-esc-guidelines-va-and-scd_n0019/gr_0032 gradeSourceText IIa => zeppenfeld-2022-esc-guidelines-va-and-scd_n0019/gr_0032 gradeDimension CLASS_OF_RECOMMENDATION
Rule_161	?a gradeSourceText IIa => ?a gradeDimension CLASS_OF_RECOMMENDATION	mcdonagh-2023-esc-guidelines_n0035/gr_0005 gradeSourceText IIa => mcdonagh-2023-esc-guidelines_n0035/gr_0005 gradeDimension CLASS_OF_RECOMMENDATION
Rule_161	?a gradeSourceText IIa => ?a gradeDimension CLASS_OF_RECOMMENDATION	glikson-2021-2021-esc-guidelines-on-cardiac-pacing-and-cardiac-resynchro_n0052/gr_0009 gradeSourceText IIa => glikson-2021-2021-esc-guidelines-on-cardiac-pacing-and-cardiac-resynchro_n0052/gr_0009 gradeDimension CLASS_OF_RECOMMENDATION
Rule_161	?a gradeSourceText IIa => ?a gradeDimension CLASS_OF_RECOMMENDATION	al-khatib-2017-aha-acc-hrs-guideline-va-and-scd_n0074/gr_0001 gradeSourceText IIa => al-khatib-2017-aha-acc-hrs-guideline-va-and-scd_n0074/gr_0001 gradeDimension CLASS_OF_RECOMMENDATION
Rule_161	?a gradeSourceText IIa => ?a gradeDimension CLASS_OF_RECOMMENDATION	zeppenfeld-2022-esc-guidelines-va-and-scd_n0019/gr_0009 gradeSourceText IIa => zeppenfeld-2022-esc-guidelines-va-and-scd_n0019/gr_0009 gradeDimension CLASS_OF_RECOMMENDATION
Rule_161	?a gradeSourceText IIa => ?a gradeDimension CLASS_OF_RECOMMENDATION	zeppenfeld-2022-esc-guidelines-va-and-scd_n0017/gr_0014 gradeSourceText IIa => zeppenfeld-2022-esc-guidelines-va-and-scd_n0017/gr_0014 gradeDimension CLASS_OF_RECOMMENDATION
Rule_161	?a gradeSourceText IIa => ?a gradeDimension CLASS_OF_RECOMMENDATION	zeppenfeld-2022-esc-guidelines-va-and-scd_n0022/gr_0001 gradeSourceText IIa => zeppenfeld-2022-esc-guidelines-va-and-scd_n0022/gr_0001 gradeDimension CLASS_OF_RECOMMENDATION
Rule_161	?a gradeSourceText IIa => ?a gradeDimension CLASS_OF_RECOMMENDATION	zeppenfeld-2022-esc-guidelines-va-and-scd_n0062/gr_0025 gradeSourceText IIa => zeppenfeld-2022-esc-guidelines-va-and-scd_n0062/gr_0025 gradeDimension CLASS_OF_RECOMMENDATION
Rule_161	?a gradeSourceText IIa => ?a gradeDimension CLASS_OF_RECOMMENDATION	zeppenfeld-2022-esc-guidelines-va-and-scd_n0036/gr_0029 gradeSourceText IIa => zeppenfeld-2022-esc-guidelines-va-and-scd_n0036/gr_0029 gradeDimension CLASS_OF_RECOMMENDATION
Rule_161	?a gradeSourceText IIa => ?a gradeDimension CLASS_OF_RECOMMENDATION	zeppenfeld-2022-esc-guidelines-va-and-scd_n0022/gr_0016 gradeSourceText IIa => zeppenfeld-2022-esc-guidelines-va-and-scd_n0022/gr_0016 gradeDimension CLASS_OF_RECOMMENDATION
Rule_161	?a gradeSourceText IIa => ?a gradeDimension CLASS_OF_RECOMMENDATION	zeppenfeld-2022-esc-guidelines-va-and-scd_n0052/gr_0003 gradeSourceText IIa => zeppenfeld-2022-esc-guidelines-va-and-scd_n0052/gr_0003 gradeDimension CLASS_OF_RECOMMENDATION
Rule_161	?a gradeSourceText IIa => ?a gradeDimension CLASS_OF_RECOMMENDATION	al-khatib-2017-aha-acc-hrs-guideline-va-and-scd_n0063/gr_0003 gradeSourceText IIa => al-khatib-2017-aha-acc-hrs-guideline-va-and-scd_n0063/gr_0003 gradeDimension CLASS_OF_RECOMMENDATION
Rule_161	?a gradeSourceText IIa => ?a gradeDimension CLASS_OF_RECOMMENDATION	regitz-zagrosek-2018-2018-esc-guideline-for-the-management-of-cardiovasc_n0025/gr_0031 gradeSourceText IIa => regitz-zagrosek-2018-2018-esc-guideline-for-the-management-of-cardiovasc_n0025/gr_0031 gradeDimension CLASS_OF_RECOMMENDATION
Rule_161	?a gradeSourceText IIa => ?a gradeDimension CLASS_OF_RECOMMENDATION	al-khatib-2017-aha-acc-hrs-guideline-va-and-scd_n0079/gr_0005 gradeSourceText IIa => al-khatib-2017-aha-acc-hrs-guideline-va-and-scd_n0079/gr_0005 gradeDimension CLASS_OF_RECOMMENDATION
Rule_161	?a gradeSourceText IIa => ?a gradeDimension CLASS_OF_RECOMMENDATION	zeppenfeld-2022-esc-guidelines-va-and-scd_n0019/gr_0050 gradeSourceText IIa => zeppenfeld-2022-esc-guidelines-va-and-scd_n0019/gr_0050 gradeDimension CLASS_OF_RECOMMENDATION
Rule_161	?a gradeSourceText IIa => ?a gradeDimension CLASS_OF_RECOMMENDATION	mcdonagh-2023-esc-guidelines_n0032/gr_0001 gradeSourceText IIa => mcdonagh-2023-esc-guidelines_n0032/gr_0001 gradeDimension CLASS_OF_RECOMMENDATION
Rule_161	?a gradeSourceText IIa => ?a gradeDimension CLASS_OF_RECOMMENDATION	zeppenfeld-2022-esc-guidelines-va-and-scd_n0054/gr_0005 gradeSourceText IIa => zeppenfeld-2022-esc-guidelines-va-and-scd_n0054/gr_0005 gradeDimension CLASS_OF_RECOMMENDATION
Rule_161	?a gradeSourceText IIa => ?a gradeDimension CLASS_OF_RECOMMENDATION	al-khatib-2017-aha-acc-hrs-guideline-va-and-scd_n0034/gr_0003 gradeSourceText IIa => al-khatib-2017-aha-acc-hrs-guideline-va-and-scd_n0034/gr_0003 gradeDimension CLASS_OF_RECOMMENDATION
Rule_161	?a gradeSourceText IIa => ?a gradeDimension CLASS_OF_RECOMMENDATION	al-khatib-2017-aha-acc-hrs-guideline-va-and-scd_n0030/gr_0001 gradeSourceText IIa => al-khatib-2017-aha-acc-hrs-guideline-va-and-scd_n0030/gr_0001 gradeDimension CLASS_OF_RECOMMENDATION
Rule_161	?a gradeSourceText IIa => ?a gradeDimension CLASS_OF_RECOMMENDATION	visseren-2021-esc-guidelines-cardiovascular-disease-prevention_n0010/gr_0061 gradeSourceText IIa => visseren-2021-esc-guidelines-cardiovascular-disease-prevention_n0010/gr_0061 gradeDimension CLASS_OF_RECOMMENDATION
Rule_161	?a gradeSourceText IIa => ?a gradeDimension CLASS_OF_RECOMMENDATION	zeppenfeld-2022-esc-guidelines-va-and-scd_n0060/gr_0003 gradeSourceText IIa => zeppenfeld-2022-esc-guidelines-va-and-scd_n0060/gr_0003 gradeDimension CLASS_OF_RECOMMENDATION
Rule_161	?a gradeSourceText IIa => ?a gradeDimension CLASS_OF_RECOMMENDATION	mcdonagh-2023-esc-guidelines_n0022/gr_0006 gradeSourceText IIa => mcdonagh-2023-esc-guidelines_n0022/gr_0006 gradeDimension CLASS_OF_RECOMMENDATION
Rule_161	?a gradeSourceText IIa => ?a gradeDimension CLASS_OF_RECOMMENDATION	regitz-zagrosek-2018-2018-esc-guideline-for-the-management-of-cardiovasc_n0029/gr_0017 gradeSourceText IIa => regitz-zagrosek-2018-2018-esc-guideline-for-the-management-of-cardiovasc_n0029/gr_0017 gradeDimension CLASS_OF_RECOMMENDATION
Rule_161	?a gradeSourceText IIa => ?a gradeDimension CLASS_OF_RECOMMENDATION	glikson-2021-2021-esc-guidelines-on-cardiac-pacing-and-cardiac-resynchro_n0023/gr_0007 gradeSourceText IIa => glikson-2021-2021-esc-guidelines-on-cardiac-pacing-and-cardiac-resynchro_n0023/gr_0007 gradeDimension CLASS_OF_RECOMMENDATION
Rule_161	?a gradeSourceText IIa => ?a gradeDimension CLASS_OF_RECOMMENDATION	visseren-2021-esc-guidelines-cardiovascular-disease-prevention_n0033/gr_0023 gradeSourceText IIa => visseren-2021-esc-guidelines-cardiovascular-disease-prevention_n0033/gr_0023 gradeDimension CLASS_OF_RECOMMENDATION
Rule_161	?a gradeSourceText IIa => ?a gradeDimension CLASS_OF_RECOMMENDATION	mcdonagh-2023-esc-guidelines_n0046/gr_0009 gradeSourceText IIa => mcdonagh-2023-esc-guidelines_n0046/gr_0009 gradeDimension CLASS_OF_RECOMMENDATION
Rule_161	?a gradeSourceText IIa => ?a gradeDimension CLASS_OF_RECOMMENDATION	zeppenfeld-2022-esc-guidelines-va-and-scd_n0063/gr_0023 gradeSourceText IIa => zeppenfeld-2022-esc-guidelines-va-and-scd_n0063/gr_0023 gradeDimension CLASS_OF_RECOMMENDATION
Rule_161	?a gradeSourceText IIa => ?a gradeDimension CLASS_OF_RECOMMENDATION	mcdonagh-2023-esc-guidelines_n0032/gr_0003 gradeSourceText IIa => mcdonagh-2023-esc-guidelines_n0032/gr_0003 gradeDimension CLASS_OF_RECOMMENDATION
Rule_161	?a gradeSourceText IIa => ?a gradeDimension CLASS_OF_RECOMMENDATION	zeppenfeld-2022-esc-guidelines-va-and-scd_n0018/gr_0002 gradeSourceText IIa => zeppenfeld-2022-esc-guidelines-va-and-scd_n0018/gr_0002 gradeDimension CLASS_OF_RECOMMENDATION
Rule_161	?a gradeSourceText IIa => ?a gradeDimension CLASS_OF_RECOMMENDATION	mcdonagh-2023-esc-guidelines_n0035/gr_0011 gradeSourceText IIa => mcdonagh-2023-esc-guidelines_n0035/gr_0011 gradeDimension CLASS_OF_RECOMMENDATION
Rule_161	?a gradeSourceText IIa => ?a gradeDimension CLASS_OF_RECOMMENDATION	zeppenfeld-2022-esc-guidelines-va-and-scd_n0020/gr_0010 gradeSourceText IIa => zeppenfeld-2022-esc-guidelines-va-and-scd_n0020/gr_0010 gradeDimension CLASS_OF_RECOMMENDATION
Rule_161	?a gradeSourceText IIa => ?a gradeDimension CLASS_OF_RECOMMENDATION	glikson-2021-2021-esc-guidelines-on-cardiac-pacing-and-cardiac-resynchro_n0028/gr_0001 gradeSourceText IIa => glikson-2021-2021-esc-guidelines-on-cardiac-pacing-and-cardiac-resynchro_n0028/gr_0001 gradeDimension CLASS_OF_RECOMMENDATION
Rule_161	?a gradeSourceText IIa => ?a gradeDimension CLASS_OF_RECOMMENDATION	visseren-2021-esc-guidelines-cardiovascular-disease-prevention_n0064/gr_0001 gradeSourceText IIa => visseren-2021-esc-guidelines-cardiovascular-disease-prevention_n0064/gr_0001 gradeDimension CLASS_OF_RECOMMENDATION
Rule_161	?a gradeSourceText IIa => ?a gradeDimension CLASS_OF_RECOMMENDATION	mcdonagh-2023-esc-guidelines_n0023/gr_0011 gradeSourceText IIa => mcdonagh-2023-esc-guidelines_n0023/gr_0011 gradeDimension CLASS_OF_RECOMMENDATION
Rule_161	?a gradeSourceText IIa => ?a gradeDimension CLASS_OF_RECOMMENDATION	zeppenfeld-2022-esc-guidelines-va-and-scd_n0022/gr_0005 gradeSourceText IIa => zeppenfeld-2022-esc-guidelines-va-and-scd_n0022/gr_0005 gradeDimension CLASS_OF_RECOMMENDATION
Rule_161	?a gradeSourceText IIa => ?a gradeDimension CLASS_OF_RECOMMENDATION	al-khatib-2017-aha-acc-hrs-guideline-va-and-scd_n0074/gr_0007 gradeSourceText IIa => al-khatib-2017-aha-acc-hrs-guideline-va-and-scd_n0074/gr_0007 gradeDimension CLASS_OF_RECOMMENDATION
Rule_161	?a gradeSourceText IIa => ?a gradeDimension CLASS_OF_RECOMMENDATION	visseren-2021-esc-guidelines-cardiovascular-disease-prevention_n0010/gr_0033 gradeSourceText IIa => visseren-2021-esc-guidelines-cardiovascular-disease-prevention_n0010/gr_0033 gradeDimension CLASS_OF_RECOMMENDATION
Rule_161	?a gradeSourceText IIa => ?a gradeDimension CLASS_OF_RECOMMENDATION	al-khatib-2017-aha-acc-hrs-guideline-va-and-scd_n0069/gr_0005 gradeSourceText IIa => al-khatib-2017-aha-acc-hrs-guideline-va-and-scd_n0069/gr_0005 gradeDimension CLASS_OF_RECOMMENDATION
Rule_161	?a gradeSourceText IIa => ?a gradeDimension CLASS_OF_RECOMMENDATION	zeppenfeld-2022-esc-guidelines-va-and-scd_n0019/gr_0047 gradeSourceText IIa => zeppenfeld-2022-esc-guidelines-va-and-scd_n0019/gr_0047 gradeDimension CLASS_OF_RECOMMENDATION
Rule_161	?a gradeSourceText IIa => ?a gradeDimension CLASS_OF_RECOMMENDATION	mcdonagh-2023-esc-guidelines_n0024/gr_0010 gradeSourceText IIa => mcdonagh-2023-esc-guidelines_n0024/gr_0010 gradeDimension CLASS_OF_RECOMMENDATION
Rule_161	?a gradeSourceText IIa => ?a gradeDimension CLASS_OF_RECOMMENDATION	mcdonagh-2023-esc-guidelines_n0070/gr_0005 gradeSourceText IIa => mcdonagh-2023-esc-guidelines_n0070/gr_0005 gradeDimension CLASS_OF_RECOMMENDATION
Rule_161	?a gradeSourceText IIa => ?a gradeDimension CLASS_OF_RECOMMENDATION	zeppenfeld-2022-esc-guidelines-va-and-scd_n0043/gr_0001 gradeSourceText IIa => zeppenfeld-2022-esc-guidelines-va-and-scd_n0043/gr_0001 gradeDimension CLASS_OF_RECOMMENDATION
Rule_161	?a gradeSourceText IIa => ?a gradeDimension CLASS_OF_RECOMMENDATION	zeppenfeld-2022-esc-guidelines-va-and-scd_n0019/gr_0013 gradeSourceText IIa => zeppenfeld-2022-esc-guidelines-va-and-scd_n0019/gr_0013 gradeDimension CLASS_OF_RECOMMENDATION
Rule_161	?a gradeSourceText IIa => ?a gradeDimension CLASS_OF_RECOMMENDATION	mcdonagh-2023-esc-guidelines_n0024/gr_0007 gradeSourceText IIa => mcdonagh-2023-esc-guidelines_n0024/gr_0007 gradeDimension CLASS_OF_RECOMMENDATION
Rule_161	?a gradeSourceText IIa => ?a gradeDimension CLASS_OF_RECOMMENDATION	mcdonagh-2023-esc-guidelines_n0022/gr_0008 gradeSourceText IIa => mcdonagh-2023-esc-guidelines_n0022/gr_0008 gradeDimension CLASS_OF_RECOMMENDATION
Rule_161	?a gradeSourceText IIa => ?a gradeDimension CLASS_OF_RECOMMENDATION	zeppenfeld-2022-esc-guidelines-va-and-scd_n0054/gr_0019 gradeSourceText IIa => zeppenfeld-2022-esc-guidelines-va-and-scd_n0054/gr_0019 gradeDimension CLASS_OF_RECOMMENDATION
Rule_161	?a gradeSourceText IIa => ?a gradeDimension CLASS_OF_RECOMMENDATION	regitz-zagrosek-2018-2018-esc-guideline-for-the-management-of-cardiovasc_n0022/gr_0021 gradeSourceText IIa => regitz-zagrosek-2018-2018-esc-guideline-for-the-management-of-cardiovasc_n0022/gr_0021 gradeDimension CLASS_OF_RECOMMENDATION
Rule_161	?a gradeSourceText IIa => ?a gradeDimension CLASS_OF_RECOMMENDATION	zeppenfeld-2022-esc-guidelines-va-and-scd_n0072/gr_0009 gradeSourceText IIa => zeppenfeld-2022-esc-guidelines-va-and-scd_n0072/gr_0009 gradeDimension CLASS_OF_RECOMMENDATION
Rule_161	?a gradeSourceText IIa => ?a gradeDimension CLASS_OF_RECOMMENDATION	al-khatib-2017-aha-acc-hrs-guideline-va-and-scd_n0043/gr_0011 gradeSourceText IIa => al-khatib-2017-aha-acc-hrs-guideline-va-and-scd_n0043/gr_0011 gradeDimension CLASS_OF_RECOMMENDATION
Rule_161	?a gradeSourceText IIa => ?a gradeDimension CLASS_OF_RECOMMENDATION	zeppenfeld-2022-esc-guidelines-va-and-scd_n0022/gr_0036 gradeSourceText IIa => zeppenfeld-2022-esc-guidelines-va-and-scd_n0022/gr_0036 gradeDimension CLASS_OF_RECOMMENDATION
Rule_161	?a gradeSourceText IIa => ?a gradeDimension CLASS_OF_RECOMMENDATION	al-khatib-2017-aha-acc-hrs-guideline-va-and-scd_n0074/gr_0009 gradeSourceText IIa => al-khatib-2017-aha-acc-hrs-guideline-va-and-scd_n0074/gr_0009 gradeDimension CLASS_OF_RECOMMENDATION
Rule_161	?a gradeSourceText IIa => ?a gradeDimension CLASS_OF_RECOMMENDATION	al-khatib-2017-aha-acc-hrs-guideline-va-and-scd_n0050/gr_0003 gradeSourceText IIa => al-khatib-2017-aha-acc-hrs-guideline-va-and-scd_n0050/gr_0003 gradeDimension CLASS_OF_RECOMMENDATION
Rule_161	?a gradeSourceText IIa => ?a gradeDimension CLASS_OF_RECOMMENDATION	pelliccia-2020-2020-esc-guidelines-on-sports-cardiology-and-exercise-in_n0027/gr_0005 gradeSourceText IIa => pelliccia-2020-2020-esc-guidelines-on-sports-cardiology-and-exercise-in_n0027/gr_0005 gradeDimension CLASS_OF_RECOMMENDATION
Rule_161	?a gradeSourceText IIa => ?a gradeDimension CLASS_OF_RECOMMENDATION	zeppenfeld-2022-esc-guidelines-va-and-scd_n0081/gr_0013 gradeSourceText IIa => zeppenfeld-2022-esc-guidelines-va-and-scd_n0081/gr_0013 gradeDimension CLASS_OF_RECOMMENDATION
Rule_161	?a gradeSourceText IIa => ?a gradeDimension CLASS_OF_RECOMMENDATION	glikson-2021-2021-esc-guidelines-on-cardiac-pacing-and-cardiac-resynchro_n0020/gr_0027 gradeSourceText IIa => glikson-2021-2021-esc-guidelines-on-cardiac-pacing-and-cardiac-resynchro_n0020/gr_0027 gradeDimension CLASS_OF_RECOMMENDATION
Rule_161	?a gradeSourceText IIa => ?a gradeDimension CLASS_OF_RECOMMENDATION	zeppenfeld-2022-esc-guidelines-va-and-scd_n0019/gr_0048 gradeSourceText IIa => zeppenfeld-2022-esc-guidelines-va-and-scd_n0019/gr_0048 gradeDimension CLASS_OF_RECOMMENDATION
Rule_161	?a gradeSourceText IIa => ?a gradeDimension CLASS_OF_RECOMMENDATION	glikson-2021-2021-esc-guidelines-on-cardiac-pacing-and-cardiac-resynchro_n0020/gr_0113 gradeSourceText IIa => glikson-2021-2021-esc-guidelines-on-cardiac-pacing-and-cardiac-resynchro_n0020/gr_0113 gradeDimension CLASS_OF_RECOMMENDATION
Rule_161	?a gradeSourceText IIa => ?a gradeDimension CLASS_OF_RECOMMENDATION	zeppenfeld-2022-esc-guidelines-va-and-scd_n0035/gr_0005 gradeSourceText IIa => zeppenfeld-2022-esc-guidelines-va-and-scd_n0035/gr_0005 gradeDimension CLASS_OF_RECOMMENDATION
Rule_161	?a gradeSourceText IIa => ?a gradeDimension CLASS_OF_RECOMMENDATION	glikson-2021-2021-esc-guidelines-on-cardiac-pacing-and-cardiac-resynchro_n0020/gr_0151 gradeSourceText IIa => glikson-2021-2021-esc-guidelines-on-cardiac-pacing-and-cardiac-resynchro_n0020/gr_0151 gradeDimension CLASS_OF_RECOMMENDATION
Rule_161	?a gradeSourceText IIa => ?a gradeDimension CLASS_OF_RECOMMENDATION	zeppenfeld-2022-esc-guidelines-va-and-scd_n0075/gr_0013 gradeSourceText IIa => zeppenfeld-2022-esc-guidelines-va-and-scd_n0075/gr_0013 gradeDimension CLASS_OF_RECOMMENDATION
Rule_161	?a gradeSourceText IIa => ?a gradeDimension CLASS_OF_RECOMMENDATION	glikson-2021-2021-esc-guidelines-on-cardiac-pacing-and-cardiac-resynchro_n0055/gr_0003 gradeSourceText IIa => glikson-2021-2021-esc-guidelines-on-cardiac-pacing-and-cardiac-resynchro_n0055/gr_0003 gradeDimension CLASS_OF_RECOMMENDATION
Rule_161	?a gradeSourceText IIa => ?a gradeDimension CLASS_OF_RECOMMENDATION	glikson-2021-2021-esc-guidelines-on-cardiac-pacing-and-cardiac-resynchro_n0023/gr_0014 gradeSourceText IIa => glikson-2021-2021-esc-guidelines-on-cardiac-pacing-and-cardiac-resynchro_n0023/gr_0014 gradeDimension CLASS_OF_RECOMMENDATION
Rule_161	?a gradeSourceText IIa => ?a gradeDimension CLASS_OF_RECOMMENDATION	regitz-zagrosek-2018-2018-esc-guideline-for-the-management-of-cardiovasc_n0018/gr_0005 gradeSourceText IIa => regitz-zagrosek-2018-2018-esc-guideline-for-the-management-of-cardiovasc_n0018/gr_0005 gradeDimension CLASS_OF_RECOMMENDATION
Rule_161	?a gradeSourceText IIa => ?a gradeDimension CLASS_OF_RECOMMENDATION	regitz-zagrosek-2018-2018-esc-guideline-for-the-management-of-cardiovasc_n0016/gr_0023 gradeSourceText IIa => regitz-zagrosek-2018-2018-esc-guideline-for-the-management-of-cardiovasc_n0016/gr_0023 gradeDimension CLASS_OF_RECOMMENDATION
Rule_161	?a gradeSourceText IIa => ?a gradeDimension CLASS_OF_RECOMMENDATION	zeppenfeld-2022-esc-guidelines-va-and-scd_n0060/gr_0015 gradeSourceText IIa => zeppenfeld-2022-esc-guidelines-va-and-scd_n0060/gr_0015 gradeDimension CLASS_OF_RECOMMENDATION
Rule_161	?a gradeSourceText IIa => ?a gradeDimension CLASS_OF_RECOMMENDATION	glikson-2021-2021-esc-guidelines-on-cardiac-pacing-and-cardiac-resynchro_n0072/gr_0003 gradeSourceText IIa => glikson-2021-2021-esc-guidelines-on-cardiac-pacing-and-cardiac-resynchro_n0072/gr_0003 gradeDimension CLASS_OF_RECOMMENDATION
Rule_161	?a gradeSourceText IIa => ?a gradeDimension CLASS_OF_RECOMMENDATION	zeppenfeld-2022-esc-guidelines-va-and-scd_n0019/gr_0020 gradeSourceText IIa => zeppenfeld-2022-esc-guidelines-va-and-scd_n0019/gr_0020 gradeDimension CLASS_OF_RECOMMENDATION
Rule_161	?a gradeSourceText IIa => ?a gradeDimension CLASS_OF_RECOMMENDATION	zeppenfeld-2022-esc-guidelines-va-and-scd_n0019/gr_0010 gradeSourceText IIa => zeppenfeld-2022-esc-guidelines-va-and-scd_n0019/gr_0010 gradeDimension CLASS_OF_RECOMMENDATION
Rule_161	?a gradeSourceText IIa => ?a gradeDimension CLASS_OF_RECOMMENDATION	glikson-2021-2021-esc-guidelines-on-cardiac-pacing-and-cardiac-resynchro_n0020/gr_0081 gradeSourceText IIa => glikson-2021-2021-esc-guidelines-on-cardiac-pacing-and-cardiac-resynchro_n0020/gr_0081 gradeDimension CLASS_OF_RECOMMENDATION
Rule_161	?a gradeSourceText IIa => ?a gradeDimension CLASS_OF_RECOMMENDATION	zeppenfeld-2022-esc-guidelines-va-and-scd_n0020/gr_0009 gradeSourceText IIa => zeppenfeld-2022-esc-guidelines-va-and-scd_n0020/gr_0009 gradeDimension CLASS_OF_RECOMMENDATION
Rule_161	?a gradeSourceText IIa => ?a gradeDimension CLASS_OF_RECOMMENDATION	pelliccia-2020-2020-esc-guidelines-on-sports-cardiology-and-exercise-in_n0054/gr_0007 gradeSourceText IIa => pelliccia-2020-2020-esc-guidelines-on-sports-cardiology-and-exercise-in_n0054/gr_0007 gradeDimension CLASS_OF_RECOMMENDATION
Rule_161	?a gradeSourceText IIa => ?a gradeDimension CLASS_OF_RECOMMENDATION	zeppenfeld-2022-esc-guidelines-va-and-scd_n0019/gr_0006 gradeSourceText IIa => zeppenfeld-2022-esc-guidelines-va-and-scd_n0019/gr_0006 gradeDimension CLASS_OF_RECOMMENDATION
Rule_161	?a gradeSourceText IIa => ?a gradeDimension CLASS_OF_RECOMMENDATION	zeppenfeld-2022-esc-guidelines-va-and-scd_n0019/gr_0037 gradeSourceText IIa => zeppenfeld-2022-esc-guidelines-va-and-scd_n0019/gr_0037 gradeDimension CLASS_OF_RECOMMENDATION
Rule_161	?a gradeSourceText IIa => ?a gradeDimension CLASS_OF_RECOMMENDATION	al-khatib-2017-aha-acc-hrs-guideline-va-and-scd_n0051/gr_0005 gradeSourceText IIa => al-khatib-2017-aha-acc-hrs-guideline-va-and-scd_n0051/gr_0005 gradeDimension CLASS_OF_RECOMMENDATION
Rule_161	?a gradeSourceText IIa => ?a gradeDimension CLASS_OF_RECOMMENDATION	mcdonagh-2023-esc-guidelines_n0024/gr_0005 gradeSourceText IIa => mcdonagh-2023-esc-guidelines_n0024/gr_0005 gradeDimension CLASS_OF_RECOMMENDATION
Rule_161	?a gradeSourceText IIa => ?a gradeDimension CLASS_OF_RECOMMENDATION	zeppenfeld-2022-esc-guidelines-va-and-scd_n0018/gr_0010 gradeSourceText IIa => zeppenfeld-2022-esc-guidelines-va-and-scd_n0018/gr_0010 gradeDimension CLASS_OF_RECOMMENDATION
Rule_161	?a gradeSourceText IIa => ?a gradeDimension CLASS_OF_RECOMMENDATION	zeppenfeld-2022-esc-guidelines-va-and-scd_n0019/gr_0019 gradeSourceText IIa => zeppenfeld-2022-esc-guidelines-va-and-scd_n0019/gr_0019 gradeDimension CLASS_OF_RECOMMENDATION
Rule_161	?a gradeSourceText IIa => ?a gradeDimension CLASS_OF_RECOMMENDATION	al-khatib-2017-aha-acc-hrs-guideline-va-and-scd_n0051/gr_0003 gradeSourceText IIa => al-khatib-2017-aha-acc-hrs-guideline-va-and-scd_n0051/gr_0003 gradeDimension CLASS_OF_RECOMMENDATION
Rule_161	?a gradeSourceText IIa => ?a gradeDimension CLASS_OF_RECOMMENDATION	glikson-2021-2021-esc-guidelines-on-cardiac-pacing-and-cardiac-resynchro_n0020/gr_0093 gradeSourceText IIa => glikson-2021-2021-esc-guidelines-on-cardiac-pacing-and-cardiac-resynchro_n0020/gr_0093 gradeDimension CLASS_OF_RECOMMENDATION
Rule_161	?a gradeSourceText IIa => ?a gradeDimension CLASS_OF_RECOMMENDATION	glikson-2021-2021-esc-guidelines-on-cardiac-pacing-and-cardiac-resynchro_n0020/gr_0061 gradeSourceText IIa => glikson-2021-2021-esc-guidelines-on-cardiac-pacing-and-cardiac-resynchro_n0020/gr_0061 gradeDimension CLASS_OF_RECOMMENDATION
Rule_161	?a gradeSourceText IIa => ?a gradeDimension CLASS_OF_RECOMMENDATION	al-khatib-2017-aha-acc-hrs-guideline-va-and-scd_n0043/gr_0005 gradeSourceText IIa => al-khatib-2017-aha-acc-hrs-guideline-va-and-scd_n0043/gr_0005 gradeDimension CLASS_OF_RECOMMENDATION
Rule_161	?a gradeSourceText IIa => ?a gradeDimension CLASS_OF_RECOMMENDATION	regitz-zagrosek-2018-2018-esc-guideline-for-the-management-of-cardiovasc_n0025/gr_0029 gradeSourceText IIa => regitz-zagrosek-2018-2018-esc-guideline-for-the-management-of-cardiovasc_n0025/gr_0029 gradeDimension CLASS_OF_RECOMMENDATION
Rule_161	?a gradeSourceText IIa => ?a gradeDimension CLASS_OF_RECOMMENDATION	pelliccia-2020-2020-esc-guidelines-on-sports-cardiology-and-exercise-in_n0066/gr_0005 gradeSourceText IIa => pelliccia-2020-2020-esc-guidelines-on-sports-cardiology-and-exercise-in_n0066/gr_0005 gradeDimension CLASS_OF_RECOMMENDATION
Rule_161	?a gradeSourceText IIa => ?a gradeDimension CLASS_OF_RECOMMENDATION	mcdonagh-2023-esc-guidelines_n0031/gr_0021 gradeSourceText IIa => mcdonagh-2023-esc-guidelines_n0031/gr_0021 gradeDimension CLASS_OF_RECOMMENDATION
Rule_161	?a gradeSourceText IIa => ?a gradeDimension CLASS_OF_RECOMMENDATION	visseren-2021-esc-guidelines-cardiovascular-disease-prevention_n0010/gr_0065 gradeSourceText IIa => visseren-2021-esc-guidelines-cardiovascular-disease-prevention_n0010/gr_0065 gradeDimension CLASS_OF_RECOMMENDATION
Rule_161	?a gradeSourceText IIa => ?a gradeDimension CLASS_OF_RECOMMENDATION	pelliccia-2020-2020-esc-guidelines-on-sports-cardiology-and-exercise-in_n0025/gr_0001 gradeSourceText IIa => pelliccia-2020-2020-esc-guidelines-on-sports-cardiology-and-exercise-in_n0025/gr_0001 gradeDimension CLASS_OF_RECOMMENDATION
Rule_161	?a gradeSourceText IIa => ?a gradeDimension CLASS_OF_RECOMMENDATION	glikson-2021-2021-esc-guidelines-on-cardiac-pacing-and-cardiac-resynchro_n0061/gr_0005 gradeSourceText IIa => glikson-2021-2021-esc-guidelines-on-cardiac-pacing-and-cardiac-resynchro_n0061/gr_0005 gradeDimension CLASS_OF_RECOMMENDATION
Rule_161	?a gradeSourceText IIa => ?a gradeDimension CLASS_OF_RECOMMENDATION	mcdonagh-2023-esc-guidelines_n0022/gr_0034 gradeSourceText IIa => mcdonagh-2023-esc-guidelines_n0022/gr_0034 gradeDimension CLASS_OF_RECOMMENDATION
Rule_161	?a gradeSourceText IIa => ?a gradeDimension CLASS_OF_RECOMMENDATION	mcdonagh-2023-esc-guidelines_n0072/gr_0001 gradeSourceText IIa => mcdonagh-2023-esc-guidelines_n0072/gr_0001 gradeDimension CLASS_OF_RECOMMENDATION
Rule_161	?a gradeSourceText IIa => ?a gradeDimension CLASS_OF_RECOMMENDATION	regitz-zagrosek-2018-2018-esc-guideline-for-the-management-of-cardiovasc_n0022/gr_0013 gradeSourceText IIa => regitz-zagrosek-2018-2018-esc-guideline-for-the-management-of-cardiovasc_n0022/gr_0013 gradeDimension CLASS_OF_RECOMMENDATION
Rule_161	?a gradeSourceText IIa => ?a gradeDimension CLASS_OF_RECOMMENDATION	mcdonagh-2023-esc-guidelines_n0073/gr_0007 gradeSourceText IIa => mcdonagh-2023-esc-guidelines_n0073/gr_0007 gradeDimension CLASS_OF_RECOMMENDATION
Rule_161	?a gradeSourceText IIa => ?a gradeDimension CLASS_OF_RECOMMENDATION	mcdonagh-2023-esc-guidelines_n0056/gr_0003 gradeSourceText IIa => mcdonagh-2023-esc-guidelines_n0056/gr_0003 gradeDimension CLASS_OF_RECOMMENDATION
Rule_161	?a gradeSourceText IIa => ?a gradeDimension CLASS_OF_RECOMMENDATION	zeppenfeld-2022-esc-guidelines-va-and-scd_n0081/gr_0011 gradeSourceText IIa => zeppenfeld-2022-esc-guidelines-va-and-scd_n0081/gr_0011 gradeDimension CLASS_OF_RECOMMENDATION
Rule_161	?a gradeSourceText IIa => ?a gradeDimension CLASS_OF_RECOMMENDATION	mcdonagh-2023-esc-guidelines_n0070/gr_0009 gradeSourceText IIa => mcdonagh-2023-esc-guidelines_n0070/gr_0009 gradeDimension CLASS_OF_RECOMMENDATION
Rule_161	?a gradeSourceText IIa => ?a gradeDimension CLASS_OF_RECOMMENDATION	zeppenfeld-2022-esc-guidelines-va-and-scd_n0068/gr_0007 gradeSourceText IIa => zeppenfeld-2022-esc-guidelines-va-and-scd_n0068/gr_0007 gradeDimension CLASS_OF_RECOMMENDATION
Rule_161	?a gradeSourceText IIa => ?a gradeDimension CLASS_OF_RECOMMENDATION	mcdonagh-2023-esc-guidelines_n0022/gr_0022 gradeSourceText IIa => mcdonagh-2023-esc-guidelines_n0022/gr_0022 gradeDimension CLASS_OF_RECOMMENDATION
Rule_161	?a gradeSourceText IIa => ?a gradeDimension CLASS_OF_RECOMMENDATION	al-khatib-2017-aha-acc-hrs-guideline-va-and-scd_n0046/gr_0005 gradeSourceText IIa => al-khatib-2017-aha-acc-hrs-guideline-va-and-scd_n0046/gr_0005 gradeDimension CLASS_OF_RECOMMENDATION
Rule_161	?a gradeSourceText IIa => ?a gradeDimension CLASS_OF_RECOMMENDATION	zeppenfeld-2022-esc-guidelines-va-and-scd_n0069/gr_0003 gradeSourceText IIa => zeppenfeld-2022-esc-guidelines-va-and-scd_n0069/gr_0003 gradeDimension CLASS_OF_RECOMMENDATION
Rule_161	?a gradeSourceText IIa => ?a gradeDimension CLASS_OF_RECOMMENDATION	visseren-2021-esc-guidelines-cardiovascular-disease-prevention_n0029/gr_0001 gradeSourceText IIa => visseren-2021-esc-guidelines-cardiovascular-disease-prevention_n0029/gr_0001 gradeDimension CLASS_OF_RECOMMENDATION
Rule_161	?a gradeSourceText IIa => ?a gradeDimension CLASS_OF_RECOMMENDATION	glikson-2021-2021-esc-guidelines-on-cardiac-pacing-and-cardiac-resynchro_n0057/gr_0005 gradeSourceText IIa => glikson-2021-2021-esc-guidelines-on-cardiac-pacing-and-cardiac-resynchro_n0057/gr_0005 gradeDimension CLASS_OF_RECOMMENDATION
Rule_161	?a gradeSourceText IIa => ?a gradeDimension CLASS_OF_RECOMMENDATION	zeppenfeld-2022-esc-guidelines-va-and-scd_n0020/gr_0001 gradeSourceText IIa => zeppenfeld-2022-esc-guidelines-va-and-scd_n0020/gr_0001 gradeDimension CLASS_OF_RECOMMENDATION
Rule_161	?a gradeSourceText IIa => ?a gradeDimension CLASS_OF_RECOMMENDATION	visseren-2021-esc-guidelines-cardiovascular-disease-prevention_n0010/gr_0008 gradeSourceText IIa => visseren-2021-esc-guidelines-cardiovascular-disease-prevention_n0010/gr_0008 gradeDimension CLASS_OF_RECOMMENDATION
Rule_161	?a gradeSourceText IIa => ?a gradeDimension CLASS_OF_RECOMMENDATION	glikson-2021-2021-esc-guidelines-on-cardiac-pacing-and-cardiac-resynchro_n0023/gr_0006 gradeSourceText IIa => glikson-2021-2021-esc-guidelines-on-cardiac-pacing-and-cardiac-resynchro_n0023/gr_0006 gradeDimension CLASS_OF_RECOMMENDATION
Rule_161	?a gradeSourceText IIa => ?a gradeDimension CLASS_OF_RECOMMENDATION	mcdonagh-2023-esc-guidelines_n0031/gr_0005 gradeSourceText IIa => mcdonagh-2023-esc-guidelines_n0031/gr_0005 gradeDimension CLASS_OF_RECOMMENDATION
Rule_161	?a gradeSourceText IIa => ?a gradeDimension CLASS_OF_RECOMMENDATION	regitz-zagrosek-2018-2018-esc-guideline-for-the-management-of-cardiovasc_n0025/gr_0017 gradeSourceText IIa => regitz-zagrosek-2018-2018-esc-guideline-for-the-management-of-cardiovasc_n0025/gr_0017 gradeDimension CLASS_OF_RECOMMENDATION
Rule_161	?a gradeSourceText IIa => ?a gradeDimension CLASS_OF_RECOMMENDATION	zeppenfeld-2022-esc-guidelines-va-and-scd_n0018/gr_0008 gradeSourceText IIa => zeppenfeld-2022-esc-guidelines-va-and-scd_n0018/gr_0008 gradeDimension CLASS_OF_RECOMMENDATION
Rule_161	?a gradeSourceText IIa => ?a gradeDimension CLASS_OF_RECOMMENDATION	zeppenfeld-2022-esc-guidelines-va-and-scd_n0022/gr_0007 gradeSourceText IIa => zeppenfeld-2022-esc-guidelines-va-and-scd_n0022/gr_0007 gradeDimension CLASS_OF_RECOMMENDATION
Rule_161	?a gradeSourceText IIa => ?a gradeDimension CLASS_OF_RECOMMENDATION	glikson-2021-2021-esc-guidelines-on-cardiac-pacing-and-cardiac-resynchro_n0072/gr_0007 gradeSourceText IIa => glikson-2021-2021-esc-guidelines-on-cardiac-pacing-and-cardiac-resynchro_n0072/gr_0007 gradeDimension CLASS_OF_RECOMMENDATION
Rule_161	?a gradeSourceText IIa => ?a gradeDimension CLASS_OF_RECOMMENDATION	zeppenfeld-2022-esc-guidelines-va-and-scd_n0057/gr_0011 gradeSourceText IIa => zeppenfeld-2022-esc-guidelines-va-and-scd_n0057/gr_0011 gradeDimension CLASS_OF_RECOMMENDATION
Rule_161	?a gradeSourceText IIa => ?a gradeDimension CLASS_OF_RECOMMENDATION	mcdonagh-2023-esc-guidelines_n0074/gr_0007 gradeSourceText IIa => mcdonagh-2023-esc-guidelines_n0074/gr_0007 gradeDimension CLASS_OF_RECOMMENDATION
Rule_161	?a gradeSourceText IIa => ?a gradeDimension CLASS_OF_RECOMMENDATION	zeppenfeld-2022-esc-guidelines-va-and-scd_n0078/gr_0005 gradeSourceText IIa => zeppenfeld-2022-esc-guidelines-va-and-scd_n0078/gr_0005 gradeDimension CLASS_OF_RECOMMENDATION
Rule_161	?a gradeSourceText IIa => ?a gradeDimension CLASS_OF_RECOMMENDATION	zeppenfeld-2022-esc-guidelines-va-and-scd_n0062/gr_0027 gradeSourceText IIa => zeppenfeld-2022-esc-guidelines-va-and-scd_n0062/gr_0027 gradeDimension CLASS_OF_RECOMMENDATION
Rule_161	?a gradeSourceText IIa => ?a gradeDimension CLASS_OF_RECOMMENDATION	glikson-2021-2021-esc-guidelines-on-cardiac-pacing-and-cardiac-resynchro_n0052/gr_0001 gradeSourceText IIa => glikson-2021-2021-esc-guidelines-on-cardiac-pacing-and-cardiac-resynchro_n0052/gr_0001 gradeDimension CLASS_OF_RECOMMENDATION
Rule_161	?a gradeSourceText IIa => ?a gradeDimension CLASS_OF_RECOMMENDATION	zeppenfeld-2022-esc-guidelines-va-and-scd_n0075/gr_0009 gradeSourceText IIa => zeppenfeld-2022-esc-guidelines-va-and-scd_n0075/gr_0009 gradeDimension CLASS_OF_RECOMMENDATION
Rule_161	?a gradeSourceText IIa => ?a gradeDimension CLASS_OF_RECOMMENDATION	visseren-2021-esc-guidelines-cardiovascular-disease-prevention_n0077/gr_0003 gradeSourceText IIa => visseren-2021-esc-guidelines-cardiovascular-disease-prevention_n0077/gr_0003 gradeDimension CLASS_OF_RECOMMENDATION
Rule_161	?a gradeSourceText IIa => ?a gradeDimension CLASS_OF_RECOMMENDATION	regitz-zagrosek-2018-2018-esc-guideline-for-the-management-of-cardiovasc_n0025/gr_0015 gradeSourceText IIa => regitz-zagrosek-2018-2018-esc-guideline-for-the-management-of-cardiovasc_n0025/gr_0015 gradeDimension CLASS_OF_RECOMMENDATION
Rule_161	?a gradeSourceText IIa => ?a gradeDimension CLASS_OF_RECOMMENDATION	mcdonagh-2023-esc-guidelines_n0023/gr_0005 gradeSourceText IIa => mcdonagh-2023-esc-guidelines_n0023/gr_0005 gradeDimension CLASS_OF_RECOMMENDATION
Rule_161	?a gradeSourceText IIa => ?a gradeDimension CLASS_OF_RECOMMENDATION	al-khatib-2017-aha-acc-hrs-guideline-va-and-scd_n0047/gr_0001 gradeSourceText IIa => al-khatib-2017-aha-acc-hrs-guideline-va-and-scd_n0047/gr_0001 gradeDimension CLASS_OF_RECOMMENDATION
Rule_161	?a gradeSourceText IIa => ?a gradeDimension CLASS_OF_RECOMMENDATION	al-khatib-2017-aha-acc-hrs-guideline-va-and-scd_n0031/gr_0015 gradeSourceText IIa => al-khatib-2017-aha-acc-hrs-guideline-va-and-scd_n0031/gr_0015 gradeDimension CLASS_OF_RECOMMENDATION
Rule_161	?a gradeSourceText IIa => ?a gradeDimension CLASS_OF_RECOMMENDATION	mcdonagh-2023-esc-guidelines_n0022/gr_0023 gradeSourceText IIa => mcdonagh-2023-esc-guidelines_n0022/gr_0023 gradeDimension CLASS_OF_RECOMMENDATION
Rule_161	?a gradeSourceText IIa => ?a gradeDimension CLASS_OF_RECOMMENDATION	al-khatib-2017-aha-acc-hrs-guideline-va-and-scd_n0031/gr_0013 gradeSourceText IIa => al-khatib-2017-aha-acc-hrs-guideline-va-and-scd_n0031/gr_0013 gradeDimension CLASS_OF_RECOMMENDATION
Rule_161	?a gradeSourceText IIa => ?a gradeDimension CLASS_OF_RECOMMENDATION	al-khatib-2017-aha-acc-hrs-guideline-va-and-scd_n0038/gr_0005 gradeSourceText IIa => al-khatib-2017-aha-acc-hrs-guideline-va-and-scd_n0038/gr_0005 gradeDimension CLASS_OF_RECOMMENDATION
Rule_161	?a gradeSourceText IIa => ?a gradeDimension CLASS_OF_RECOMMENDATION	zeppenfeld-2022-esc-guidelines-va-and-scd_n0074/gr_0001 gradeSourceText IIa => zeppenfeld-2022-esc-guidelines-va-and-scd_n0074/gr_0001 gradeDimension CLASS_OF_RECOMMENDATION
Rule_161	?a gradeSourceText IIa => ?a gradeDimension CLASS_OF_RECOMMENDATION	glikson-2021-2021-esc-guidelines-on-cardiac-pacing-and-cardiac-resynchro_n0020/gr_0023 gradeSourceText IIa => glikson-2021-2021-esc-guidelines-on-cardiac-pacing-and-cardiac-resynchro_n0020/gr_0023 gradeDimension CLASS_OF_RECOMMENDATION
Rule_161	?a gradeSourceText IIa => ?a gradeDimension CLASS_OF_RECOMMENDATION	zeppenfeld-2022-esc-guidelines-va-and-scd_n0020/gr_0007 gradeSourceText IIa => zeppenfeld-2022-esc-guidelines-va-and-scd_n0020/gr_0007 gradeDimension CLASS_OF_RECOMMENDATION
Rule_161	?a gradeSourceText IIa => ?a gradeDimension CLASS_OF_RECOMMENDATION	mcdonagh-2023-esc-guidelines_n0022/gr_0013 gradeSourceText IIa => mcdonagh-2023-esc-guidelines_n0022/gr_0013 gradeDimension CLASS_OF_RECOMMENDATION
Rule_161	?a gradeSourceText IIa => ?a gradeDimension CLASS_OF_RECOMMENDATION	al-khatib-2017-aha-acc-hrs-guideline-va-and-scd_n0032/gr_0001 gradeSourceText IIa => al-khatib-2017-aha-acc-hrs-guideline-va-and-scd_n0032/gr_0001 gradeDimension CLASS_OF_RECOMMENDATION
Rule_161	?a gradeSourceText IIa => ?a gradeDimension CLASS_OF_RECOMMENDATION	glikson-2021-2021-esc-guidelines-on-cardiac-pacing-and-cardiac-resynchro_n0020/gr_0051 gradeSourceText IIa => glikson-2021-2021-esc-guidelines-on-cardiac-pacing-and-cardiac-resynchro_n0020/gr_0051 gradeDimension CLASS_OF_RECOMMENDATION
Rule_161	?a gradeSourceText IIa => ?a gradeDimension CLASS_OF_RECOMMENDATION	al-khatib-2017-aha-acc-hrs-guideline-va-and-scd_n0058/gr_0009 gradeSourceText IIa => al-khatib-2017-aha-acc-hrs-guideline-va-and-scd_n0058/gr_0009 gradeDimension CLASS_OF_RECOMMENDATION
Rule_161	?a gradeSourceText IIa => ?a gradeDimension CLASS_OF_RECOMMENDATION	glikson-2021-2021-esc-guidelines-on-cardiac-pacing-and-cardiac-resynchro_n0072/gr_0011 gradeSourceText IIa => glikson-2021-2021-esc-guidelines-on-cardiac-pacing-and-cardiac-resynchro_n0072/gr_0011 gradeDimension CLASS_OF_RECOMMENDATION
Rule_161	?a gradeSourceText IIa => ?a gradeDimension CLASS_OF_RECOMMENDATION	regitz-zagrosek-2018-2018-esc-guideline-for-the-management-of-cardiovasc_n0027/gr_0015 gradeSourceText IIa => regitz-zagrosek-2018-2018-esc-guideline-for-the-management-of-cardiovasc_n0027/gr_0015 gradeDimension CLASS_OF_RECOMMENDATION
Rule_161	?a gradeSourceText IIa => ?a gradeDimension CLASS_OF_RECOMMENDATION	zeppenfeld-2022-esc-guidelines-va-and-scd_n0084/gr_0015 gradeSourceText IIa => zeppenfeld-2022-esc-guidelines-va-and-scd_n0084/gr_0015 gradeDimension CLASS_OF_RECOMMENDATION
Rule_161	?a gradeSourceText IIa => ?a gradeDimension CLASS_OF_RECOMMENDATION	zeppenfeld-2022-esc-guidelines-va-and-scd_n0063/gr_0011 gradeSourceText IIa => zeppenfeld-2022-esc-guidelines-va-and-scd_n0063/gr_0011 gradeDimension CLASS_OF_RECOMMENDATION
Rule_161	?a gradeSourceText IIa => ?a gradeDimension CLASS_OF_RECOMMENDATION	visseren-2021-esc-guidelines-cardiovascular-disease-prevention_n0027/gr_0013 gradeSourceText IIa => visseren-2021-esc-guidelines-cardiovascular-disease-prevention_n0027/gr_0013 gradeDimension CLASS_OF_RECOMMENDATION
Rule_161	?a gradeSourceText IIa => ?a gradeDimension CLASS_OF_RECOMMENDATION	visseren-2021-esc-guidelines-cardiovascular-disease-prevention_n0010/gr_0034 gradeSourceText IIa => visseren-2021-esc-guidelines-cardiovascular-disease-prevention_n0010/gr_0034 gradeDimension CLASS_OF_RECOMMENDATION
Rule_161	?a gradeSourceText IIa => ?a gradeDimension CLASS_OF_RECOMMENDATION	zeppenfeld-2022-esc-guidelines-va-and-scd_n0062/gr_0011 gradeSourceText IIa => zeppenfeld-2022-esc-guidelines-va-and-scd_n0062/gr_0011 gradeDimension CLASS_OF_RECOMMENDATION
Rule_161	?a gradeSourceText IIa => ?a gradeDimension CLASS_OF_RECOMMENDATION	zeppenfeld-2022-esc-guidelines-va-and-scd_n0020/gr_0005 gradeSourceText IIa => zeppenfeld-2022-esc-guidelines-va-and-scd_n0020/gr_0005 gradeDimension CLASS_OF_RECOMMENDATION
Rule_161	?a gradeSourceText IIa => ?a gradeDimension CLASS_OF_RECOMMENDATION	glikson-2021-2021-esc-guidelines-on-cardiac-pacing-and-cardiac-resynchro_n0020/gr_0119 gradeSourceText IIa => glikson-2021-2021-esc-guidelines-on-cardiac-pacing-and-cardiac-resynchro_n0020/gr_0119 gradeDimension CLASS_OF_RECOMMENDATION
Rule_161	?a gradeSourceText IIa => ?a gradeDimension CLASS_OF_RECOMMENDATION	zeppenfeld-2022-esc-guidelines-va-and-scd_n0061/gr_0007 gradeSourceText IIa => zeppenfeld-2022-esc-guidelines-va-and-scd_n0061/gr_0007 gradeDimension CLASS_OF_RECOMMENDATION
Rule_161	?a gradeSourceText IIa => ?a gradeDimension CLASS_OF_RECOMMENDATION	glikson-2021-2021-esc-guidelines-on-cardiac-pacing-and-cardiac-resynchro_n0023/gr_0003 gradeSourceText IIa => glikson-2021-2021-esc-guidelines-on-cardiac-pacing-and-cardiac-resynchro_n0023/gr_0003 gradeDimension CLASS_OF_RECOMMENDATION
Rule_161	?a gradeSourceText IIa => ?a gradeDimension CLASS_OF_RECOMMENDATION	mcdonagh-2023-esc-guidelines_n0023/gr_0002 gradeSourceText IIa => mcdonagh-2023-esc-guidelines_n0023/gr_0002 gradeDimension CLASS_OF_RECOMMENDATION
Rule_161	?a gradeSourceText IIa => ?a gradeDimension CLASS_OF_RECOMMENDATION	zeppenfeld-2022-esc-guidelines-va-and-scd_n0018/gr_0024 gradeSourceText IIa => zeppenfeld-2022-esc-guidelines-va-and-scd_n0018/gr_0024 gradeDimension CLASS_OF_RECOMMENDATION
Rule_161	?a gradeSourceText IIa => ?a gradeDimension CLASS_OF_RECOMMENDATION	pelliccia-2020-2020-esc-guidelines-on-sports-cardiology-and-exercise-in_n0040/gr_0005 gradeSourceText IIa => pelliccia-2020-2020-esc-guidelines-on-sports-cardiology-and-exercise-in_n0040/gr_0005 gradeDimension CLASS_OF_RECOMMENDATION
Rule_161	?a gradeSourceText IIa => ?a gradeDimension CLASS_OF_RECOMMENDATION	zeppenfeld-2022-esc-guidelines-va-and-scd_n0018/gr_0015 gradeSourceText IIa => zeppenfeld-2022-esc-guidelines-va-and-scd_n0018/gr_0015 gradeDimension CLASS_OF_RECOMMENDATION
Rule_161	?a gradeSourceText IIa => ?a gradeDimension CLASS_OF_RECOMMENDATION	zeppenfeld-2022-esc-guidelines-va-and-scd_n0058/gr_0001 gradeSourceText IIa => zeppenfeld-2022-esc-guidelines-va-and-scd_n0058/gr_0001 gradeDimension CLASS_OF_RECOMMENDATION
Rule_161	?a gradeSourceText IIa => ?a gradeDimension CLASS_OF_RECOMMENDATION	mcdonagh-2023-esc-guidelines_n0063/gr_0005 gradeSourceText IIa => mcdonagh-2023-esc-guidelines_n0063/gr_0005 gradeDimension CLASS_OF_RECOMMENDATION
Rule_161	?a gradeSourceText IIa => ?a gradeDimension CLASS_OF_RECOMMENDATION	glikson-2021-2021-esc-guidelines-on-cardiac-pacing-and-cardiac-resynchro_n0038/gr_0003 gradeSourceText IIa => glikson-2021-2021-esc-guidelines-on-cardiac-pacing-and-cardiac-resynchro_n0038/gr_0003 gradeDimension CLASS_OF_RECOMMENDATION
Rule_161	?a gradeSourceText IIa => ?a gradeDimension CLASS_OF_RECOMMENDATION	zeppenfeld-2022-esc-guidelines-va-and-scd_n0022/gr_0025 gradeSourceText IIa => zeppenfeld-2022-esc-guidelines-va-and-scd_n0022/gr_0025 gradeDimension CLASS_OF_RECOMMENDATION
Rule_161	?a gradeSourceText IIa => ?a gradeDimension CLASS_OF_RECOMMENDATION	zeppenfeld-2022-esc-guidelines-va-and-scd_n0017/gr_0004 gradeSourceText IIa => zeppenfeld-2022-esc-guidelines-va-and-scd_n0017/gr_0004 gradeDimension CLASS_OF_RECOMMENDATION
Rule_161	?a gradeSourceText IIa => ?a gradeDimension CLASS_OF_RECOMMENDATION	regitz-zagrosek-2018-2018-esc-guideline-for-the-management-of-cardiovasc_n0018/gr_0003 gradeSourceText IIa => regitz-zagrosek-2018-2018-esc-guideline-for-the-management-of-cardiovasc_n0018/gr_0003 gradeDimension CLASS_OF_RECOMMENDATION
Rule_161	?a gradeSourceText IIa => ?a gradeDimension CLASS_OF_RECOMMENDATION	zeppenfeld-2022-esc-guidelines-va-and-scd_n0018/gr_0031 gradeSourceText IIa => zeppenfeld-2022-esc-guidelines-va-and-scd_n0018/gr_0031 gradeDimension CLASS_OF_RECOMMENDATION
Rule_161	?a gradeSourceText IIa => ?a gradeDimension CLASS_OF_RECOMMENDATION	zeppenfeld-2022-esc-guidelines-va-and-scd_n0052/gr_0009 gradeSourceText IIa => zeppenfeld-2022-esc-guidelines-va-and-scd_n0052/gr_0009 gradeDimension CLASS_OF_RECOMMENDATION
Rule_161	?a gradeSourceText IIa => ?a gradeDimension CLASS_OF_RECOMMENDATION	zeppenfeld-2022-esc-guidelines-va-and-scd_n0019/gr_0005 gradeSourceText IIa => zeppenfeld-2022-esc-guidelines-va-and-scd_n0019/gr_0005 gradeDimension CLASS_OF_RECOMMENDATION
Rule_161	?a gradeSourceText IIa => ?a gradeDimension CLASS_OF_RECOMMENDATION	regitz-zagrosek-2018-2018-esc-guideline-for-the-management-of-cardiovasc_n0027/gr_0003 gradeSourceText IIa => regitz-zagrosek-2018-2018-esc-guideline-for-the-management-of-cardiovasc_n0027/gr_0003 gradeDimension CLASS_OF_RECOMMENDATION
Rule_161	?a gradeSourceText IIa => ?a gradeDimension CLASS_OF_RECOMMENDATION	zeppenfeld-2022-esc-guidelines-va-and-scd_n0082/gr_0007 gradeSourceText IIa => zeppenfeld-2022-esc-guidelines-va-and-scd_n0082/gr_0007 gradeDimension CLASS_OF_RECOMMENDATION
Rule_161	?a gradeSourceText IIa => ?a gradeDimension CLASS_OF_RECOMMENDATION	zeppenfeld-2022-esc-guidelines-va-and-scd_n0022/gr_0034 gradeSourceText IIa => zeppenfeld-2022-esc-guidelines-va-and-scd_n0022/gr_0034 gradeDimension CLASS_OF_RECOMMENDATION
Rule_161	?a gradeSourceText IIa => ?a gradeDimension CLASS_OF_RECOMMENDATION	al-khatib-2017-aha-acc-hrs-guideline-va-and-scd_n0043/gr_0009 gradeSourceText IIa => al-khatib-2017-aha-acc-hrs-guideline-va-and-scd_n0043/gr_0009 gradeDimension CLASS_OF_RECOMMENDATION
Rule_161	?a gradeSourceText IIa => ?a gradeDimension CLASS_OF_RECOMMENDATION	zeppenfeld-2022-esc-guidelines-va-and-scd_n0074/gr_0007 gradeSourceText IIa => zeppenfeld-2022-esc-guidelines-va-and-scd_n0074/gr_0007 gradeDimension CLASS_OF_RECOMMENDATION
Rule_161	?a gradeSourceText IIa => ?a gradeDimension CLASS_OF_RECOMMENDATION	zeppenfeld-2022-esc-guidelines-va-and-scd_n0059/gr_0005 gradeSourceText IIa => zeppenfeld-2022-esc-guidelines-va-and-scd_n0059/gr_0005 gradeDimension CLASS_OF_RECOMMENDATION
Rule_161	?a gradeSourceText IIa => ?a gradeDimension CLASS_OF_RECOMMENDATION	mcdonagh-2023-esc-guidelines_n0023/gr_0007 gradeSourceText IIa => mcdonagh-2023-esc-guidelines_n0023/gr_0007 gradeDimension CLASS_OF_RECOMMENDATION
Rule_161	?a gradeSourceText IIa => ?a gradeDimension CLASS_OF_RECOMMENDATION	zeppenfeld-2022-esc-guidelines-va-and-scd_n0022/gr_0014 gradeSourceText IIa => zeppenfeld-2022-esc-guidelines-va-and-scd_n0022/gr_0014 gradeDimension CLASS_OF_RECOMMENDATION
Rule_161	?a gradeSourceText IIa => ?a gradeDimension CLASS_OF_RECOMMENDATION	zeppenfeld-2022-esc-guidelines-va-and-scd_n0062/gr_0015 gradeSourceText IIa => zeppenfeld-2022-esc-guidelines-va-and-scd_n0062/gr_0015 gradeDimension CLASS_OF_RECOMMENDATION
Rule_161	?a gradeSourceText IIa => ?a gradeDimension CLASS_OF_RECOMMENDATION	zeppenfeld-2022-esc-guidelines-va-and-scd_n0059/gr_0001 gradeSourceText IIa => zeppenfeld-2022-esc-guidelines-va-and-scd_n0059/gr_0001 gradeDimension CLASS_OF_RECOMMENDATION
Rule_161	?a gradeSourceText IIa => ?a gradeDimension CLASS_OF_RECOMMENDATION	glikson-2021-2021-esc-guidelines-on-cardiac-pacing-and-cardiac-resynchro_n0020/gr_0083 gradeSourceText IIa => glikson-2021-2021-esc-guidelines-on-cardiac-pacing-and-cardiac-resynchro_n0020/gr_0083 gradeDimension CLASS_OF_RECOMMENDATION
Rule_161	?a gradeSourceText IIa => ?a gradeDimension CLASS_OF_RECOMMENDATION	pelliccia-2020-2020-esc-guidelines-on-sports-cardiology-and-exercise-in_n0060/gr_0003 gradeSourceText IIa => pelliccia-2020-2020-esc-guidelines-on-sports-cardiology-and-exercise-in_n0060/gr_0003 gradeDimension CLASS_OF_RECOMMENDATION
Rule_161	?a gradeSourceText IIa => ?a gradeDimension CLASS_OF_RECOMMENDATION	visseren-2021-esc-guidelines-cardiovascular-disease-prevention_n0033/gr_0017 gradeSourceText IIa => visseren-2021-esc-guidelines-cardiovascular-disease-prevention_n0033/gr_0017 gradeDimension CLASS_OF_RECOMMENDATION
Rule_161	?a gradeSourceText IIa => ?a gradeDimension CLASS_OF_RECOMMENDATION	pelliccia-2020-2020-esc-guidelines-on-sports-cardiology-and-exercise-in_n0054/gr_0005 gradeSourceText IIa => pelliccia-2020-2020-esc-guidelines-on-sports-cardiology-and-exercise-in_n0054/gr_0005 gradeDimension CLASS_OF_RECOMMENDATION
Rule_161	?a gradeSourceText IIa => ?a gradeDimension CLASS_OF_RECOMMENDATION	regitz-zagrosek-2018-2018-esc-guideline-for-the-management-of-cardiovasc_n0029/gr_0019 gradeSourceText IIa => regitz-zagrosek-2018-2018-esc-guideline-for-the-management-of-cardiovasc_n0029/gr_0019 gradeDimension CLASS_OF_RECOMMENDATION
Rule_161	?a gradeSourceText IIa => ?a gradeDimension CLASS_OF_RECOMMENDATION	regitz-zagrosek-2018-2018-esc-guideline-for-the-management-of-cardiovasc_n0023/gr_0025 gradeSourceText IIa => regitz-zagrosek-2018-2018-esc-guideline-for-the-management-of-cardiovasc_n0023/gr_0025 gradeDimension CLASS_OF_RECOMMENDATION
Rule_161	?a gradeSourceText IIa => ?a gradeDimension CLASS_OF_RECOMMENDATION	glikson-2021-2021-esc-guidelines-on-cardiac-pacing-and-cardiac-resynchro_n0052/gr_0003 gradeSourceText IIa => glikson-2021-2021-esc-guidelines-on-cardiac-pacing-and-cardiac-resynchro_n0052/gr_0003 gradeDimension CLASS_OF_RECOMMENDATION
Rule_161	?a gradeSourceText IIa => ?a gradeDimension CLASS_OF_RECOMMENDATION	mcdonagh-2023-esc-guidelines_n0053/gr_0007 gradeSourceText IIa => mcdonagh-2023-esc-guidelines_n0053/gr_0007 gradeDimension CLASS_OF_RECOMMENDATION
Rule_161	?a gradeSourceText IIa => ?a gradeDimension CLASS_OF_RECOMMENDATION	mcdonagh-2023-esc-guidelines_n0078/gr_0005 gradeSourceText IIa => mcdonagh-2023-esc-guidelines_n0078/gr_0005 gradeDimension CLASS_OF_RECOMMENDATION
Rule_161	?a gradeSourceText IIa => ?a gradeDimension CLASS_OF_RECOMMENDATION	zeppenfeld-2022-esc-guidelines-va-and-scd_n0018/gr_0016 gradeSourceText IIa => zeppenfeld-2022-esc-guidelines-va-and-scd_n0018/gr_0016 gradeDimension CLASS_OF_RECOMMENDATION
Rule_161	?a gradeSourceText IIa => ?a gradeDimension CLASS_OF_RECOMMENDATION	zeppenfeld-2022-esc-guidelines-va-and-scd_n0063/gr_0013 gradeSourceText IIa => zeppenfeld-2022-esc-guidelines-va-and-scd_n0063/gr_0013 gradeDimension CLASS_OF_RECOMMENDATION
Rule_161	?a gradeSourceText IIa => ?a gradeDimension CLASS_OF_RECOMMENDATION	visseren-2021-esc-guidelines-cardiovascular-disease-prevention_n0069/gr_0003 gradeSourceText IIa => visseren-2021-esc-guidelines-cardiovascular-disease-prevention_n0069/gr_0003 gradeDimension CLASS_OF_RECOMMENDATION
Rule_161	?a gradeSourceText IIa => ?a gradeDimension CLASS_OF_RECOMMENDATION	glikson-2021-2021-esc-guidelines-on-cardiac-pacing-and-cardiac-resynchro_n0020/gr_0077 gradeSourceText IIa => glikson-2021-2021-esc-guidelines-on-cardiac-pacing-and-cardiac-resynchro_n0020/gr_0077 gradeDimension CLASS_OF_RECOMMENDATION
Rule_161	?a gradeSourceText IIa => ?a gradeDimension CLASS_OF_RECOMMENDATION	zeppenfeld-2022-esc-guidelines-va-and-scd_n0082/gr_0005 gradeSourceText IIa => zeppenfeld-2022-esc-guidelines-va-and-scd_n0082/gr_0005 gradeDimension CLASS_OF_RECOMMENDATION
Rule_161	?a gradeSourceText IIa => ?a gradeDimension CLASS_OF_RECOMMENDATION	mcdonagh-2023-esc-guidelines_n0063/gr_0007 gradeSourceText IIa => mcdonagh-2023-esc-guidelines_n0063/gr_0007 gradeDimension CLASS_OF_RECOMMENDATION
Rule_161	?a gradeSourceText IIa => ?a gradeDimension CLASS_OF_RECOMMENDATION	zeppenfeld-2022-esc-guidelines-va-and-scd_n0022/gr_0017 gradeSourceText IIa => zeppenfeld-2022-esc-guidelines-va-and-scd_n0022/gr_0017 gradeDimension CLASS_OF_RECOMMENDATION
Rule_161	?a gradeSourceText IIa => ?a gradeDimension CLASS_OF_RECOMMENDATION	glikson-2021-2021-esc-guidelines-on-cardiac-pacing-and-cardiac-resynchro_n0020/gr_0121 gradeSourceText IIa => glikson-2021-2021-esc-guidelines-on-cardiac-pacing-and-cardiac-resynchro_n0020/gr_0121 gradeDimension CLASS_OF_RECOMMENDATION
Rule_161	?a gradeSourceText IIa => ?a gradeDimension CLASS_OF_RECOMMENDATION	regitz-zagrosek-2018-2018-esc-guideline-for-the-management-of-cardiovasc_n0016/gr_0021 gradeSourceText IIa => regitz-zagrosek-2018-2018-esc-guideline-for-the-management-of-cardiovasc_n0016/gr_0021 gradeDimension CLASS_OF_RECOMMENDATION
Rule_161	?a gradeSourceText IIa => ?a gradeDimension CLASS_OF_RECOMMENDATION	glikson-2021-2021-esc-guidelines-on-cardiac-pacing-and-cardiac-resynchro_n0061/gr_0009 gradeSourceText IIa => glikson-2021-2021-esc-guidelines-on-cardiac-pacing-and-cardiac-resynchro_n0061/gr_0009 gradeDimension CLASS_OF_RECOMMENDATION
Rule_161	?a gradeSourceText IIa => ?a gradeDimension CLASS_OF_RECOMMENDATION	visseren-2021-esc-guidelines-cardiovascular-disease-prevention_n0010/gr_0009 gradeSourceText IIa => visseren-2021-esc-guidelines-cardiovascular-disease-prevention_n0010/gr_0009 gradeDimension CLASS_OF_RECOMMENDATION
Rule_161	?a gradeSourceText IIa => ?a gradeDimension CLASS_OF_RECOMMENDATION	glikson-2021-2021-esc-guidelines-on-cardiac-pacing-and-cardiac-resynchro_n0061/gr_0003 gradeSourceText IIa => glikson-2021-2021-esc-guidelines-on-cardiac-pacing-and-cardiac-resynchro_n0061/gr_0003 gradeDimension CLASS_OF_RECOMMENDATION
Rule_161	?a gradeSourceText IIa => ?a gradeDimension CLASS_OF_RECOMMENDATION	al-khatib-2017-aha-acc-hrs-guideline-va-and-scd_n0043/gr_0013 gradeSourceText IIa => al-khatib-2017-aha-acc-hrs-guideline-va-and-scd_n0043/gr_0013 gradeDimension CLASS_OF_RECOMMENDATION
Rule_161	?a gradeSourceText IIa => ?a gradeDimension CLASS_OF_RECOMMENDATION	zeppenfeld-2022-esc-guidelines-va-and-scd_n0079/gr_0009 gradeSourceText IIa => zeppenfeld-2022-esc-guidelines-va-and-scd_n0079/gr_0009 gradeDimension CLASS_OF_RECOMMENDATION
Rule_161	?a gradeSourceText IIa => ?a gradeDimension CLASS_OF_RECOMMENDATION	pelliccia-2020-2020-esc-guidelines-on-sports-cardiology-and-exercise-in_n0025/gr_0005 gradeSourceText IIa => pelliccia-2020-2020-esc-guidelines-on-sports-cardiology-and-exercise-in_n0025/gr_0005 gradeDimension CLASS_OF_RECOMMENDATION
Rule_161	?a gradeSourceText IIa => ?a gradeDimension CLASS_OF_RECOMMENDATION	zeppenfeld-2022-esc-guidelines-va-and-scd_n0019/gr_0012 gradeSourceText IIa => zeppenfeld-2022-esc-guidelines-va-and-scd_n0019/gr_0012 gradeDimension CLASS_OF_RECOMMENDATION
Rule_161	?a gradeSourceText IIa => ?a gradeDimension CLASS_OF_RECOMMENDATION	zeppenfeld-2022-esc-guidelines-va-and-scd_n0085/gr_0015 gradeSourceText IIa => zeppenfeld-2022-esc-guidelines-va-and-scd_n0085/gr_0015 gradeDimension CLASS_OF_RECOMMENDATION
Rule_161	?a gradeSourceText IIa => ?a gradeDimension CLASS_OF_RECOMMENDATION	zeppenfeld-2022-esc-guidelines-va-and-scd_n0085/gr_0013 gradeSourceText IIa => zeppenfeld-2022-esc-guidelines-va-and-scd_n0085/gr_0013 gradeDimension CLASS_OF_RECOMMENDATION
Rule_161	?a gradeSourceText IIa => ?a gradeDimension CLASS_OF_RECOMMENDATION	zeppenfeld-2022-esc-guidelines-va-and-scd_n0068/gr_0003 gradeSourceText IIa => zeppenfeld-2022-esc-guidelines-va-and-scd_n0068/gr_0003 gradeDimension CLASS_OF_RECOMMENDATION
Rule_161	?a gradeSourceText IIa => ?a gradeDimension CLASS_OF_RECOMMENDATION	zeppenfeld-2022-esc-guidelines-va-and-scd_n0020/gr_0006 gradeSourceText IIa => zeppenfeld-2022-esc-guidelines-va-and-scd_n0020/gr_0006 gradeDimension CLASS_OF_RECOMMENDATION
Rule_161	?a gradeSourceText IIa => ?a gradeDimension CLASS_OF_RECOMMENDATION	zeppenfeld-2022-esc-guidelines-va-and-scd_n0021/gr_0011 gradeSourceText IIa => zeppenfeld-2022-esc-guidelines-va-and-scd_n0021/gr_0011 gradeDimension CLASS_OF_RECOMMENDATION
Rule_161	?a gradeSourceText IIa => ?a gradeDimension CLASS_OF_RECOMMENDATION	mcdonagh-2023-esc-guidelines_n0046/gr_0007 gradeSourceText IIa => mcdonagh-2023-esc-guidelines_n0046/gr_0007 gradeDimension CLASS_OF_RECOMMENDATION
Rule_161	?a gradeSourceText IIa => ?a gradeDimension CLASS_OF_RECOMMENDATION	visseren-2021-esc-guidelines-cardiovascular-disease-prevention_n0064/gr_0007 gradeSourceText IIa => visseren-2021-esc-guidelines-cardiovascular-disease-prevention_n0064/gr_0007 gradeDimension CLASS_OF_RECOMMENDATION
Rule_161	?a gradeSourceText IIa => ?a gradeDimension CLASS_OF_RECOMMENDATION	pelliccia-2020-2020-esc-guidelines-on-sports-cardiology-and-exercise-in_n0068/gr_0003 gradeSourceText IIa => pelliccia-2020-2020-esc-guidelines-on-sports-cardiology-and-exercise-in_n0068/gr_0003 gradeDimension CLASS_OF_RECOMMENDATION
Rule_161	?a gradeSourceText IIa => ?a gradeDimension CLASS_OF_RECOMMENDATION	al-khatib-2017-aha-acc-hrs-guideline-va-and-scd_n0079/gr_0007 gradeSourceText IIa => al-khatib-2017-aha-acc-hrs-guideline-va-and-scd_n0079/gr_0007 gradeDimension CLASS_OF_RECOMMENDATION
Rule_161	?a gradeSourceText IIa => ?a gradeDimension CLASS_OF_RECOMMENDATION	glikson-2021-2021-esc-guidelines-on-cardiac-pacing-and-cardiac-resynchro_n0038/gr_0001 gradeSourceText IIa => glikson-2021-2021-esc-guidelines-on-cardiac-pacing-and-cardiac-resynchro_n0038/gr_0001 gradeDimension CLASS_OF_RECOMMENDATION
Rule_161	?a gradeSourceText IIa => ?a gradeDimension CLASS_OF_RECOMMENDATION	zeppenfeld-2022-esc-guidelines-va-and-scd_n0020/gr_0004 gradeSourceText IIa => zeppenfeld-2022-esc-guidelines-va-and-scd_n0020/gr_0004 gradeDimension CLASS_OF_RECOMMENDATION
Rule_161	?a gradeSourceText IIa => ?a gradeDimension CLASS_OF_RECOMMENDATION	glikson-2021-2021-esc-guidelines-on-cardiac-pacing-and-cardiac-resynchro_n0020/gr_0017 gradeSourceText IIa => glikson-2021-2021-esc-guidelines-on-cardiac-pacing-and-cardiac-resynchro_n0020/gr_0017 gradeDimension CLASS_OF_RECOMMENDATION
Rule_161	?a gradeSourceText IIa => ?a gradeDimension CLASS_OF_RECOMMENDATION	al-khatib-2017-aha-acc-hrs-guideline-va-and-scd_n0057/gr_0005 gradeSourceText IIa => al-khatib-2017-aha-acc-hrs-guideline-va-and-scd_n0057/gr_0005 gradeDimension CLASS_OF_RECOMMENDATION
Rule_161	?a gradeSourceText IIa => ?a gradeDimension CLASS_OF_RECOMMENDATION	visseren-2021-esc-guidelines-cardiovascular-disease-prevention_n0010/gr_0054 gradeSourceText IIa => visseren-2021-esc-guidelines-cardiovascular-disease-prevention_n0010/gr_0054 gradeDimension CLASS_OF_RECOMMENDATION
Rule_161	?a gradeSourceText IIa => ?a gradeDimension CLASS_OF_RECOMMENDATION	glikson-2021-2021-esc-guidelines-on-cardiac-pacing-and-cardiac-resynchro_n0046/gr_0009 gradeSourceText IIa => glikson-2021-2021-esc-guidelines-on-cardiac-pacing-and-cardiac-resynchro_n0046/gr_0009 gradeDimension CLASS_OF_RECOMMENDATION
Rule_161	?a gradeSourceText IIa => ?a gradeDimension CLASS_OF_RECOMMENDATION	mcdonagh-2023-esc-guidelines_n0031/gr_0011 gradeSourceText IIa => mcdonagh-2023-esc-guidelines_n0031/gr_0011 gradeDimension CLASS_OF_RECOMMENDATION
Rule_161	?a gradeSourceText IIa => ?a gradeDimension CLASS_OF_RECOMMENDATION	regitz-zagrosek-2018-2018-esc-guideline-for-the-management-of-cardiovasc_n0018/gr_0001 gradeSourceText IIa => regitz-zagrosek-2018-2018-esc-guideline-for-the-management-of-cardiovasc_n0018/gr_0001 gradeDimension CLASS_OF_RECOMMENDATION
Rule_161	?a gradeSourceText IIa => ?a gradeDimension CLASS_OF_RECOMMENDATION	mcdonagh-2023-esc-guidelines_n0022/gr_0019 gradeSourceText IIa => mcdonagh-2023-esc-guidelines_n0022/gr_0019 gradeDimension CLASS_OF_RECOMMENDATION
Rule_161	?a gradeSourceText IIa => ?a gradeDimension CLASS_OF_RECOMMENDATION	zeppenfeld-2022-esc-guidelines-va-and-scd_n0020/gr_0014 gradeSourceText IIa => zeppenfeld-2022-esc-guidelines-va-and-scd_n0020/gr_0014 gradeDimension CLASS_OF_RECOMMENDATION
