rule_index	rule	grounding
Rule_185	?a deonticForce ADVISORY => ?a deonticForceBasis SOURCE_STYLE_RULE	sedf99-1_n0001/na_0002 deonticForce ADVISORY => sedf99-1_n0001/na_0002 deonticForceBasis SOURCE_STYLE_RULE
Rule_185	?a deonticForce ADVISORY => ?a deonticForceBasis SOURCE_STYLE_RULE	zeppenfeld-2022-esc-guidelines-va-and-scd_n0056/na_0013 deonticForce ADVISORY => zeppenfeld-2022-esc-guidelines-va-and-scd_n0056/na_0013 deonticForceBasis SOURCE_STYLE_RULE
Rule_185	?a deonticForce ADVISORY => ?a deonticForceBasis SOURCE_STYLE_RULE	visseren-2021-esc-guidelines-cardiovascular-disease-prevention_n0034/na_0006 deonticForce ADVISORY => visseren-2021-esc-guidelines-cardiovascular-disease-prevention_n0034/na_0006 deonticForceBasis SOURCE_STYLE_RULE
Rule_185	?a deonticForce ADVISORY => ?a deonticForceBasis SOURCE_STYLE_RULE	riegel-2009-promoting-self-care-in-persons-with-heart-failure_n0004/na_0008 deonticForce ADVISORY => riegel-2009-promoting-self-care-in-persons-with-heart-failure_n0004/na_0008 deonticForceBasis SOURCE_STYLE_RULE
Rule_185	?a deonticForce ADVISORY => ?a deonticForceBasis SOURCE_STYLE_RULE	ambrosetti-2020-secondary-prevention-comprehensive-cardiovascular-rehabi_n0006/na_0004 deonticForce ADVISORY => ambrosetti-2020-secondary-prevention-comprehensive-cardiovascular-rehabi_n0006/na_0004 deonticForceBasis SOURCE_STYLE_RULE
Rule_185	?a deonticForce ADVISORY => ?a deonticForceBasis SOURCE_STYLE_RULE	seb24c-1_n0004/na_0001 deonticForce ADVISORY => seb24c-1_n0004/na_0001 deonticForceBasis SOURCE_STYLE_RULE
Rule_185	?a deonticForce ADVISORY => ?a deonticForceBasis SOURCE_STYLE_RULE	van-diepen-2017-contemporary-management-of-cardiogenic-shock_n0008/na_0017 deonticForce ADVISORY => van-diepen-2017-contemporary-management-of-cardiogenic-shock_n0008/na_0017 deonticForceBasis SOURCE_STYLE_RULE
Rule_185	?a deonticForce ADVISORY => ?a deonticForceBasis SOURCE_STYLE_RULE	regitz-zagrosek-2018-2018-esc-guideline-for-the-management-of-cardiovasc_n0014/na_0010 deonticForce ADVISORY => regitz-zagrosek-2018-2018-esc-guideline-for-the-management-of-cardiovasc_n0014/na_0010 deonticForceBasis SOURCE_STYLE_RULE
Rule_185	?a deonticForce ADVISORY => ?a deonticForceBasis SOURCE_STYLE_RULE	zeppenfeld-2022-esc-guidelines-va-and-scd_n0025/na_0007 deonticForce ADVISORY => zeppenfeld-2022-esc-guidelines-va-and-scd_n0025/na_0007 deonticForceBasis SOURCE_STYLE_RULE
Rule_185	?a deonticForce ADVISORY => ?a deonticForceBasis SOURCE_STYLE_RULE	sedf99-1_n0001/na_0014 deonticForce ADVISORY => sedf99-1_n0001/na_0014 deonticForceBasis SOURCE_STYLE_RULE
Rule_185	?a deonticForce ADVISORY => ?a deonticForceBasis SOURCE_STYLE_RULE	mcdonagh-2023-esc-guidelines_n0084/na_0011 deonticForce ADVISORY => mcdonagh-2023-esc-guidelines_n0084/na_0011 deonticForceBasis SOURCE_STYLE_RULE
Rule_185	?a deonticForce ADVISORY => ?a deonticForceBasis SOURCE_STYLE_RULE	heidenreich-2022-aha-acc-hfsa-guidelines_n0108/na_0037 deonticForce ADVISORY => heidenreich-2022-aha-acc-hfsa-guidelines_n0108/na_0037 deonticForceBasis SOURCE_STYLE_RULE
Rule_185	?a deonticForce ADVISORY => ?a deonticForceBasis SOURCE_STYLE_RULE	heidenreich-2022-aha-acc-hfsa-guidelines_n0108/na_0013 deonticForce ADVISORY => heidenreich-2022-aha-acc-hfsa-guidelines_n0108/na_0013 deonticForceBasis SOURCE_STYLE_RULE
Rule_185	?a deonticForce ADVISORY => ?a deonticForceBasis SOURCE_STYLE_RULE	ambrosetti-2020-secondary-prevention-comprehensive-cardiovascular-rehabi_n0006/na_0001 deonticForce ADVISORY => ambrosetti-2020-secondary-prevention-comprehensive-cardiovascular-rehabi_n0006/na_0001 deonticForceBasis SOURCE_STYLE_RULE
Rule_185	?a deonticForce ADVISORY => ?a deonticForceBasis SOURCE_STYLE_RULE	mcdonagh-2023-esc-guidelines_n0055/na_0065 deonticForce ADVISORY => mcdonagh-2023-esc-guidelines_n0055/na_0065 deonticForceBasis SOURCE_STYLE_RULE
Rule_185	?a deonticForce ADVISORY => ?a deonticForceBasis SOURCE_STYLE_RULE	zeppenfeld-2022-esc-guidelines-va-and-scd_n0056/na_0003 deonticForce ADVISORY => zeppenfeld-2022-esc-guidelines-va-and-scd_n0056/na_0003 deonticForceBasis SOURCE_STYLE_RULE
Rule_185	?a deonticForce ADVISORY => ?a deonticForceBasis SOURCE_STYLE_RULE	su_verified_6ed52cdf724db04223b4d1c2e62f3c35f6b42bc19bc5e3198277d681d47e1eb9_table_5/na_0009 deonticForce ADVISORY => su_verified_6ed52cdf724db04223b4d1c2e62f3c35f6b42bc19bc5e3198277d681d47e1eb9_table_5/na_0009 deonticForceBasis SOURCE_STYLE_RULE
Rule_185	?a deonticForce ADVISORY => ?a deonticForceBasis SOURCE_STYLE_RULE	su_verified_e5f20076152902f9b102f37b1a83cdc79baea0d42000f6c76a83acfae0e39670_table_1/na_0008 deonticForce ADVISORY => su_verified_e5f20076152902f9b102f37b1a83cdc79baea0d42000f6c76a83acfae0e39670_table_1/na_0008 deonticForceBasis SOURCE_STYLE_RULE
Rule_185	?a deonticForce ADVISORY => ?a deonticForceBasis SOURCE_STYLE_RULE	sectio-4_n0004/na_0004 deonticForce ADVISORY => sectio-4_n0004/na_0004 deonticForceBasis SOURCE_STYLE_RULE
Rule_185	?a deonticForce ADVISORY => ?a deonticForceBasis SOURCE_STYLE_RULE	mullens-2019-the-use-of-diuretics-in-heart-failure-with-congestion_n0004/na_0003 deonticForce ADVISORY => mullens-2019-the-use-of-diuretics-in-heart-failure-with-congestion_n0004/na_0003 deonticForceBasis SOURCE_STYLE_RULE
Rule_185	?a deonticForce ADVISORY => ?a deonticForceBasis SOURCE_STYLE_RULE	maddox-2021-2021-update-to-the-2017-acc-expert-consensus-decision-pathwa_n0006/na_0007 deonticForce ADVISORY => maddox-2021-2021-update-to-the-2017-acc-expert-consensus-decision-pathwa_n0006/na_0007 deonticForceBasis SOURCE_STYLE_RULE
Rule_185	?a deonticForce ADVISORY => ?a deonticForceBasis SOURCE_STYLE_RULE	wilkoff-2008-hrs-ehra-expert-consenus-on-the-monitoring-of-cieds_n0005/na_0012 deonticForce ADVISORY => wilkoff-2008-hrs-ehra-expert-consenus-on-the-monitoring-of-cieds_n0005/na_0012 deonticForceBasis SOURCE_STYLE_RULE
Rule_185	?a deonticForce ADVISORY => ?a deonticForceBasis SOURCE_STYLE_RULE	supp-material-esc-guidelines_n0018/na_0015 deonticForce ADVISORY => supp-material-esc-guidelines_n0018/na_0015 deonticForceBasis SOURCE_STYLE_RULE
Rule_185	?a deonticForce ADVISORY => ?a deonticForceBasis SOURCE_STYLE_RULE	ambrosetti-2020-secondary-prevention-comprehensive-cardiovascular-rehabi_n0007/na_0014 deonticForce ADVISORY => ambrosetti-2020-secondary-prevention-comprehensive-cardiovascular-rehabi_n0007/na_0014 deonticForceBasis SOURCE_STYLE_RULE
Rule_185	?a deonticForce ADVISORY => ?a deonticForceBasis SOURCE_STYLE_RULE	vest-2019-nutrition-obesity-and-cachexia-in-patients-with-heart-failure_n0002/na_0012 deonticForce ADVISORY => vest-2019-nutrition-obesity-and-cachexia-in-patients-with-heart-failure_n0002/na_0012 deonticForceBasis SOURCE_STYLE_RULE
Rule_185	?a deonticForce ADVISORY => ?a deonticForceBasis SOURCE_STYLE_RULE	ambrosetti-2020-secondary-prevention-comprehensive-cardiovascular-rehabi_n0006/na_0015 deonticForce ADVISORY => ambrosetti-2020-secondary-prevention-comprehensive-cardiovascular-rehabi_n0006/na_0015 deonticForceBasis SOURCE_STYLE_RULE
Rule_185	?a deonticForce ADVISORY => ?a deonticForceBasis SOURCE_STYLE_RULE	supp-material-esc-guidelines_n0018/na_0016 deonticForce ADVISORY => supp-material-esc-guidelines_n0018/na_0016 deonticForceBasis SOURCE_STYLE_RULE
Rule_185	?a deonticForce ADVISORY => ?a deonticForceBasis SOURCE_STYLE_RULE	zeppenfeld-2022-esc-guidelines-va-and-scd_n0026/na_0004 deonticForce ADVISORY => zeppenfeld-2022-esc-guidelines-va-and-scd_n0026/na_0004 deonticForceBasis SOURCE_STYLE_RULE
Rule_185	?a deonticForce ADVISORY => ?a deonticForceBasis SOURCE_STYLE_RULE	ambrosetti-2020-secondary-prevention-comprehensive-cardiovascular-rehabi_n0011/na_0002 deonticForce ADVISORY => ambrosetti-2020-secondary-prevention-comprehensive-cardiovascular-rehabi_n0011/na_0002 deonticForceBasis SOURCE_STYLE_RULE
Rule_185	?a deonticForce ADVISORY => ?a deonticForceBasis SOURCE_STYLE_RULE	su_verified_e5f20076152902f9b102f37b1a83cdc79baea0d42000f6c76a83acfae0e39670_table_1/na_0015 deonticForce ADVISORY => su_verified_e5f20076152902f9b102f37b1a83cdc79baea0d42000f6c76a83acfae0e39670_table_1/na_0015 deonticForceBasis SOURCE_STYLE_RULE
Rule_185	?a deonticForce ADVISORY => ?a deonticForceBasis SOURCE_STYLE_RULE	zeppenfeld-2022-esc-guidelines-va-and-scd_n0025/na_0005 deonticForce ADVISORY => zeppenfeld-2022-esc-guidelines-va-and-scd_n0025/na_0005 deonticForceBasis SOURCE_STYLE_RULE
Rule_185	?a deonticForce ADVISORY => ?a deonticForceBasis SOURCE_STYLE_RULE	su_verified_e5f20076152902f9b102f37b1a83cdc79baea0d42000f6c76a83acfae0e39670_table_4/na_0015 deonticForce ADVISORY => su_verified_e5f20076152902f9b102f37b1a83cdc79baea0d42000f6c76a83acfae0e39670_table_4/na_0015 deonticForceBasis SOURCE_STYLE_RULE
Rule_185	?a deonticForce ADVISORY => ?a deonticForceBasis SOURCE_STYLE_RULE	lenarczyk-2024-management-of-patients-with-an-electrical-storm-or-cluste_n0010/na_0001 deonticForce ADVISORY => lenarczyk-2024-management-of-patients-with-an-electrical-storm-or-cluste_n0010/na_0001 deonticForceBasis SOURCE_STYLE_RULE
Rule_185	?a deonticForce ADVISORY => ?a deonticForceBasis SOURCE_STYLE_RULE	vest-2019-nutrition-obesity-and-cachexia-in-patients-with-heart-failure_n0002/na_0008 deonticForce ADVISORY => vest-2019-nutrition-obesity-and-cachexia-in-patients-with-heart-failure_n0002/na_0008 deonticForceBasis SOURCE_STYLE_RULE
Rule_185	?a deonticForce ADVISORY => ?a deonticForceBasis SOURCE_STYLE_RULE	zeppenfeld-2022-esc-guidelines-va-and-scd_n0056/na_0001 deonticForce ADVISORY => zeppenfeld-2022-esc-guidelines-va-and-scd_n0056/na_0001 deonticForceBasis SOURCE_STYLE_RULE
Rule_185	?a deonticForce ADVISORY => ?a deonticForceBasis SOURCE_STYLE_RULE	mcdonagh-2023-esc-guidelines_n0059/na_0008 deonticForce ADVISORY => mcdonagh-2023-esc-guidelines_n0059/na_0008 deonticForceBasis SOURCE_STYLE_RULE
Rule_185	?a deonticForce ADVISORY => ?a deonticForceBasis SOURCE_STYLE_RULE	su_verified_e5f20076152902f9b102f37b1a83cdc79baea0d42000f6c76a83acfae0e39670_table_3/na_0008 deonticForce ADVISORY => su_verified_e5f20076152902f9b102f37b1a83cdc79baea0d42000f6c76a83acfae0e39670_table_3/na_0008 deonticForceBasis SOURCE_STYLE_RULE
Rule_185	?a deonticForce ADVISORY => ?a deonticForceBasis SOURCE_STYLE_RULE	mcdonagh-2023-esc-guidelines_n0067/na_0003 deonticForce ADVISORY => mcdonagh-2023-esc-guidelines_n0067/na_0003 deonticForceBasis SOURCE_STYLE_RULE
Rule_185	?a deonticForce ADVISORY => ?a deonticForceBasis SOURCE_STYLE_RULE	lenarczyk-2024-management-of-patients-with-an-electrical-storm-or-cluste_n0010/na_0012 deonticForce ADVISORY => lenarczyk-2024-management-of-patients-with-an-electrical-storm-or-cluste_n0010/na_0012 deonticForceBasis SOURCE_STYLE_RULE
Rule_185	?a deonticForce ADVISORY => ?a deonticForceBasis SOURCE_STYLE_RULE	van-diepen-2017-contemporary-management-of-cardiogenic-shock_n0008/na_0025 deonticForce ADVISORY => van-diepen-2017-contemporary-management-of-cardiogenic-shock_n0008/na_0025 deonticForceBasis SOURCE_STYLE_RULE
Rule_185	?a deonticForce ADVISORY => ?a deonticForceBasis SOURCE_STYLE_RULE	ambrosetti-2020-secondary-prevention-comprehensive-cardiovascular-rehabi_n0001/na_0002 deonticForce ADVISORY => ambrosetti-2020-secondary-prevention-comprehensive-cardiovascular-rehabi_n0001/na_0002 deonticForceBasis SOURCE_STYLE_RULE
Rule_185	?a deonticForce ADVISORY => ?a deonticForceBasis SOURCE_STYLE_RULE	van-diepen-2017-contemporary-management-of-cardiogenic-shock_n0008/na_0003 deonticForce ADVISORY => van-diepen-2017-contemporary-management-of-cardiogenic-shock_n0008/na_0003 deonticForceBasis SOURCE_STYLE_RULE
Rule_185	?a deonticForce ADVISORY => ?a deonticForceBasis SOURCE_STYLE_RULE	su_verified_e5f20076152902f9b102f37b1a83cdc79baea0d42000f6c76a83acfae0e39670_table_2/na_0002 deonticForce ADVISORY => su_verified_e5f20076152902f9b102f37b1a83cdc79baea0d42000f6c76a83acfae0e39670_table_2/na_0002 deonticForceBasis SOURCE_STYLE_RULE
Rule_185	?a deonticForce ADVISORY => ?a deonticForceBasis SOURCE_STYLE_RULE	mcdonagh-2023-esc-guidelines_n0083/na_0005 deonticForce ADVISORY => mcdonagh-2023-esc-guidelines_n0083/na_0005 deonticForceBasis SOURCE_STYLE_RULE
Rule_185	?a deonticForce ADVISORY => ?a deonticForceBasis SOURCE_STYLE_RULE	su_verified_6ed52cdf724db04223b4d1c2e62f3c35f6b42bc19bc5e3198277d681d47e1eb9_table_6/na_0005 deonticForce ADVISORY => su_verified_6ed52cdf724db04223b4d1c2e62f3c35f6b42bc19bc5e3198277d681d47e1eb9_table_6/na_0005 deonticForceBasis SOURCE_STYLE_RULE
Rule_185	?a deonticForce ADVISORY => ?a deonticForceBasis SOURCE_STYLE_RULE	su_verified_e5f20076152902f9b102f37b1a83cdc79baea0d42000f6c76a83acfae0e39670_table_1/na_0006 deonticForce ADVISORY => su_verified_e5f20076152902f9b102f37b1a83cdc79baea0d42000f6c76a83acfae0e39670_table_1/na_0006 deonticForceBasis SOURCE_STYLE_RULE
Rule_185	?a deonticForce ADVISORY => ?a deonticForceBasis SOURCE_STYLE_RULE	zeppenfeld-2022-esc-guidelines-va-and-scd_n0025/na_0027 deonticForce ADVISORY => zeppenfeld-2022-esc-guidelines-va-and-scd_n0025/na_0027 deonticForceBasis SOURCE_STYLE_RULE
Rule_185	?a deonticForce ADVISORY => ?a deonticForceBasis SOURCE_STYLE_RULE	van-diepen-2017-contemporary-management-of-cardiogenic-shock_n0007/na_0007 deonticForce ADVISORY => van-diepen-2017-contemporary-management-of-cardiogenic-shock_n0007/na_0007 deonticForceBasis SOURCE_STYLE_RULE
Rule_185	?a deonticForce ADVISORY => ?a deonticForceBasis SOURCE_STYLE_RULE	execut-1_n0021/na_0002 deonticForce ADVISORY => execut-1_n0021/na_0002 deonticForceBasis SOURCE_STYLE_RULE
Rule_185	?a deonticForce ADVISORY => ?a deonticForceBasis SOURCE_STYLE_RULE	mcdonagh-2023-esc-guidelines_n0084/na_0022 deonticForce ADVISORY => mcdonagh-2023-esc-guidelines_n0084/na_0022 deonticForceBasis SOURCE_STYLE_RULE
Rule_185	?a deonticForce ADVISORY => ?a deonticForceBasis SOURCE_STYLE_RULE	zeppenfeld-2022-esc-guidelines-va-and-scd_n0056/na_0012 deonticForce ADVISORY => zeppenfeld-2022-esc-guidelines-va-and-scd_n0056/na_0012 deonticForceBasis SOURCE_STYLE_RULE
Rule_185	?a deonticForce ADVISORY => ?a deonticForceBasis SOURCE_STYLE_RULE	ambrosetti-2020-secondary-prevention-comprehensive-cardiovascular-rehabi_n0014/na_0029 deonticForce ADVISORY => ambrosetti-2020-secondary-prevention-comprehensive-cardiovascular-rehabi_n0014/na_0029 deonticForceBasis SOURCE_STYLE_RULE
Rule_185	?a deonticForce ADVISORY => ?a deonticForceBasis SOURCE_STYLE_RULE	piepoli-2011-exercise-training-in-heart-failure_n0004/na_0007 deonticForce ADVISORY => piepoli-2011-exercise-training-in-heart-failure_n0004/na_0007 deonticForceBasis SOURCE_STYLE_RULE
Rule_185	?a deonticForce ADVISORY => ?a deonticForceBasis SOURCE_STYLE_RULE	sectio-4_n0004/na_0001 deonticForce ADVISORY => sectio-4_n0004/na_0001 deonticForceBasis SOURCE_STYLE_RULE
Rule_185	?a deonticForce ADVISORY => ?a deonticForceBasis SOURCE_STYLE_RULE	su_verified_e5f20076152902f9b102f37b1a83cdc79baea0d42000f6c76a83acfae0e39670_table_4/na_0012 deonticForce ADVISORY => su_verified_e5f20076152902f9b102f37b1a83cdc79baea0d42000f6c76a83acfae0e39670_table_4/na_0012 deonticForceBasis SOURCE_STYLE_RULE
Rule_185	?a deonticForce ADVISORY => ?a deonticForceBasis SOURCE_STYLE_RULE	su_verified_e5f20076152902f9b102f37b1a83cdc79baea0d42000f6c76a83acfae0e39670_table_1/na_0002 deonticForce ADVISORY => su_verified_e5f20076152902f9b102f37b1a83cdc79baea0d42000f6c76a83acfae0e39670_table_1/na_0002 deonticForceBasis SOURCE_STYLE_RULE
Rule_185	?a deonticForce ADVISORY => ?a deonticForceBasis SOURCE_STYLE_RULE	visseren-2021-esc-guidelines-cardiovascular-disease-prevention_n0034/na_0002 deonticForce ADVISORY => visseren-2021-esc-guidelines-cardiovascular-disease-prevention_n0034/na_0002 deonticForceBasis SOURCE_STYLE_RULE
Rule_185	?a deonticForce ADVISORY => ?a deonticForceBasis SOURCE_STYLE_RULE	von-knobelsdorff-brenkenhoff-2019-empfehlungen-zu-kardialen-mrtuntersuch_n0001/na_0012 deonticForce ADVISORY => von-knobelsdorff-brenkenhoff-2019-empfehlungen-zu-kardialen-mrtuntersuch_n0001/na_0012 deonticForceBasis SOURCE_STYLE_RULE
Rule_185	?a deonticForce ADVISORY => ?a deonticForceBasis SOURCE_STYLE_RULE	riegel-2009-promoting-self-care-in-persons-with-heart-failure_n0002/na_0008 deonticForce ADVISORY => riegel-2009-promoting-self-care-in-persons-with-heart-failure_n0002/na_0008 deonticForceBasis SOURCE_STYLE_RULE
Rule_185	?a deonticForce ADVISORY => ?a deonticForceBasis SOURCE_STYLE_RULE	zeppenfeld-2022-esc-guidelines-va-and-scd_n0026/na_0002 deonticForce ADVISORY => zeppenfeld-2022-esc-guidelines-va-and-scd_n0026/na_0002 deonticForceBasis SOURCE_STYLE_RULE
Rule_185	?a deonticForce ADVISORY => ?a deonticForceBasis SOURCE_STYLE_RULE	visseren-2021-esc-guidelines-cardiovascular-disease-prevention_n0034/na_0037 deonticForce ADVISORY => visseren-2021-esc-guidelines-cardiovascular-disease-prevention_n0034/na_0037 deonticForceBasis SOURCE_STYLE_RULE
Rule_185	?a deonticForce ADVISORY => ?a deonticForceBasis SOURCE_STYLE_RULE	mcdonagh-2023-esc-guidelines_n0084/na_0017 deonticForce ADVISORY => mcdonagh-2023-esc-guidelines_n0084/na_0017 deonticForceBasis SOURCE_STYLE_RULE
Rule_185	?a deonticForce ADVISORY => ?a deonticForceBasis SOURCE_STYLE_RULE	ambrosetti-2020-secondary-prevention-comprehensive-cardiovascular-rehabi_n0006/na_0008 deonticForce ADVISORY => ambrosetti-2020-secondary-prevention-comprehensive-cardiovascular-rehabi_n0006/na_0008 deonticForceBasis SOURCE_STYLE_RULE
Rule_185	?a deonticForce ADVISORY => ?a deonticForceBasis SOURCE_STYLE_RULE	vest-2019-nutrition-obesity-and-cachexia-in-patients-with-heart-failure_n0006/na_0007 deonticForce ADVISORY => vest-2019-nutrition-obesity-and-cachexia-in-patients-with-heart-failure_n0006/na_0007 deonticForceBasis SOURCE_STYLE_RULE
Rule_185	?a deonticForce ADVISORY => ?a deonticForceBasis SOURCE_STYLE_RULE	mcdonagh-2023-esc-guidelines_n0055/na_0011 deonticForce ADVISORY => mcdonagh-2023-esc-guidelines_n0055/na_0011 deonticForceBasis SOURCE_STYLE_RULE
Rule_185	?a deonticForce ADVISORY => ?a deonticForceBasis SOURCE_STYLE_RULE	mcdonagh-2023-esc-guidelines_n0083/na_0004 deonticForce ADVISORY => mcdonagh-2023-esc-guidelines_n0083/na_0004 deonticForceBasis SOURCE_STYLE_RULE
Rule_185	?a deonticForce ADVISORY => ?a deonticForceBasis SOURCE_STYLE_RULE	lenarczyk-2024-management-of-patients-with-an-electrical-storm-or-cluste_n0008/na_0001 deonticForce ADVISORY => lenarczyk-2024-management-of-patients-with-an-electrical-storm-or-cluste_n0008/na_0001 deonticForceBasis SOURCE_STYLE_RULE
Rule_185	?a deonticForce ADVISORY => ?a deonticForceBasis SOURCE_STYLE_RULE	zeppenfeld-2022-esc-guidelines-va-and-scd_n0056/na_0008 deonticForce ADVISORY => zeppenfeld-2022-esc-guidelines-va-and-scd_n0056/na_0008 deonticForceBasis SOURCE_STYLE_RULE
Rule_185	?a deonticForce ADVISORY => ?a deonticForceBasis SOURCE_STYLE_RULE	regitz-zagrosek-2018-2018-esc-guideline-for-the-management-of-cardiovasc_n0014/na_0014 deonticForce ADVISORY => regitz-zagrosek-2018-2018-esc-guideline-for-the-management-of-cardiovasc_n0014/na_0014 deonticForceBasis SOURCE_STYLE_RULE
Rule_185	?a deonticForce ADVISORY => ?a deonticForceBasis SOURCE_STYLE_RULE	execut-1_n0021/na_0009 deonticForce ADVISORY => execut-1_n0021/na_0009 deonticForceBasis SOURCE_STYLE_RULE
Rule_185	?a deonticForce ADVISORY => ?a deonticForceBasis SOURCE_STYLE_RULE	lenarczyk-2024-management-of-patients-with-an-electrical-storm-or-cluste_n0008/na_0002 deonticForce ADVISORY => lenarczyk-2024-management-of-patients-with-an-electrical-storm-or-cluste_n0008/na_0002 deonticForceBasis SOURCE_STYLE_RULE
Rule_185	?a deonticForce ADVISORY => ?a deonticForceBasis SOURCE_STYLE_RULE	execut-1_n0019/na_0008 deonticForce ADVISORY => execut-1_n0019/na_0008 deonticForceBasis SOURCE_STYLE_RULE
Rule_185	?a deonticForce ADVISORY => ?a deonticForceBasis SOURCE_STYLE_RULE	riegel-2009-promoting-self-care-in-persons-with-heart-failure_n0002/na_0007 deonticForce ADVISORY => riegel-2009-promoting-self-care-in-persons-with-heart-failure_n0002/na_0007 deonticForceBasis SOURCE_STYLE_RULE
Rule_185	?a deonticForce ADVISORY => ?a deonticForceBasis SOURCE_STYLE_RULE	su_verified_e5f20076152902f9b102f37b1a83cdc79baea0d42000f6c76a83acfae0e39670_table_2/na_0005 deonticForce ADVISORY => su_verified_e5f20076152902f9b102f37b1a83cdc79baea0d42000f6c76a83acfae0e39670_table_2/na_0005 deonticForceBasis SOURCE_STYLE_RULE
Rule_185	?a deonticForce ADVISORY => ?a deonticForceBasis SOURCE_STYLE_RULE	zeppenfeld-2022-esc-guidelines-va-and-scd_n0056/na_0016 deonticForce ADVISORY => zeppenfeld-2022-esc-guidelines-va-and-scd_n0056/na_0016 deonticForceBasis SOURCE_STYLE_RULE
Rule_185	?a deonticForce ADVISORY => ?a deonticForceBasis SOURCE_STYLE_RULE	vest-2019-nutrition-obesity-and-cachexia-in-patients-with-heart-failure_n0001/na_0008 deonticForce ADVISORY => vest-2019-nutrition-obesity-and-cachexia-in-patients-with-heart-failure_n0001/na_0008 deonticForceBasis SOURCE_STYLE_RULE
Rule_185	?a deonticForce ADVISORY => ?a deonticForceBasis SOURCE_STYLE_RULE	supp-material-esc-guidelines_n0018/na_0002 deonticForce ADVISORY => supp-material-esc-guidelines_n0018/na_0002 deonticForceBasis SOURCE_STYLE_RULE
Rule_185	?a deonticForce ADVISORY => ?a deonticForceBasis SOURCE_STYLE_RULE	sedf99-1_n0001/na_0011 deonticForce ADVISORY => sedf99-1_n0001/na_0011 deonticForceBasis SOURCE_STYLE_RULE
Rule_185	?a deonticForce ADVISORY => ?a deonticForceBasis SOURCE_STYLE_RULE	lenarczyk-2024-management-of-patients-with-an-electrical-storm-or-cluste_n0010/na_0011 deonticForce ADVISORY => lenarczyk-2024-management-of-patients-with-an-electrical-storm-or-cluste_n0010/na_0011 deonticForceBasis SOURCE_STYLE_RULE
Rule_185	?a deonticForce ADVISORY => ?a deonticForceBasis SOURCE_STYLE_RULE	supp-material-esc-guidelines_n0018/na_0001 deonticForce ADVISORY => supp-material-esc-guidelines_n0018/na_0001 deonticForceBasis SOURCE_STYLE_RULE
Rule_185	?a deonticForce ADVISORY => ?a deonticForceBasis SOURCE_STYLE_RULE	execut-1_n0019/na_0010 deonticForce ADVISORY => execut-1_n0019/na_0010 deonticForceBasis SOURCE_STYLE_RULE
Rule_185	?a deonticForce ADVISORY => ?a deonticForceBasis SOURCE_STYLE_RULE	su_verified_0074e29f31a1f0feb082e0064bee46f60bf6b5ae3f8703d1231341374ed97e52_table_1/na_0005 deonticForce ADVISORY => su_verified_0074e29f31a1f0feb082e0064bee46f60bf6b5ae3f8703d1231341374ed97e52_table_1/na_0005 deonticForceBasis SOURCE_STYLE_RULE
Rule_185	?a deonticForce ADVISORY => ?a deonticForceBasis SOURCE_STYLE_RULE	lenarczyk-2024-management-of-patients-with-an-electrical-storm-or-cluste_n0008/na_0009 deonticForce ADVISORY => lenarczyk-2024-management-of-patients-with-an-electrical-storm-or-cluste_n0008/na_0009 deonticForceBasis SOURCE_STYLE_RULE
Rule_185	?a deonticForce ADVISORY => ?a deonticForceBasis SOURCE_STYLE_RULE	visseren-2021-esc-guidelines-cardiovascular-disease-prevention_n0034/na_0012 deonticForce ADVISORY => visseren-2021-esc-guidelines-cardiovascular-disease-prevention_n0034/na_0012 deonticForceBasis SOURCE_STYLE_RULE
Rule_185	?a deonticForce ADVISORY => ?a deonticForceBasis SOURCE_STYLE_RULE	ambrosetti-2020-secondary-prevention-comprehensive-cardiovascular-rehabi_n0007/na_0006 deonticForce ADVISORY => ambrosetti-2020-secondary-prevention-comprehensive-cardiovascular-rehabi_n0007/na_0006 deonticForceBasis SOURCE_STYLE_RULE
Rule_185	?a deonticForce ADVISORY => ?a deonticForceBasis SOURCE_STYLE_RULE	ambrosetti-2020-secondary-prevention-comprehensive-cardiovascular-rehabi_n0001/na_0001 deonticForce ADVISORY => ambrosetti-2020-secondary-prevention-comprehensive-cardiovascular-rehabi_n0001/na_0001 deonticForceBasis SOURCE_STYLE_RULE
Rule_185	?a deonticForce ADVISORY => ?a deonticForceBasis SOURCE_STYLE_RULE	mcdonagh-2023-esc-guidelines_n0062/na_0003 deonticForce ADVISORY => mcdonagh-2023-esc-guidelines_n0062/na_0003 deonticForceBasis SOURCE_STYLE_RULE
Rule_185	?a deonticForce ADVISORY => ?a deonticForceBasis SOURCE_STYLE_RULE	zeppenfeld-2022-esc-guidelines-va-and-scd_n0056/na_0011 deonticForce ADVISORY => zeppenfeld-2022-esc-guidelines-va-and-scd_n0056/na_0011 deonticForceBasis SOURCE_STYLE_RULE
Rule_185	?a deonticForce ADVISORY => ?a deonticForceBasis SOURCE_STYLE_RULE	piepoli-2011-exercise-training-in-heart-failure_n0004/na_0006 deonticForce ADVISORY => piepoli-2011-exercise-training-in-heart-failure_n0004/na_0006 deonticForceBasis SOURCE_STYLE_RULE
Rule_185	?a deonticForce ADVISORY => ?a deonticForceBasis SOURCE_STYLE_RULE	maddox-2021-2021-update-to-the-2017-acc-expert-consensus-decision-pathwa_n0006/na_0004 deonticForce ADVISORY => maddox-2021-2021-update-to-the-2017-acc-expert-consensus-decision-pathwa_n0006/na_0004 deonticForceBasis SOURCE_STYLE_RULE
Rule_185	?a deonticForce ADVISORY => ?a deonticForceBasis SOURCE_STYLE_RULE	mcdonagh-2023-esc-guidelines_n0068/na_0027 deonticForce ADVISORY => mcdonagh-2023-esc-guidelines_n0068/na_0027 deonticForceBasis SOURCE_STYLE_RULE
Rule_185	?a deonticForce ADVISORY => ?a deonticForceBasis SOURCE_STYLE_RULE	glikson-2021-2021-esc-guidelines-on-cardiac-pacing-and-cardiac-resynchro_n0033/na_0005 deonticForce ADVISORY => glikson-2021-2021-esc-guidelines-on-cardiac-pacing-and-cardiac-resynchro_n0033/na_0005 deonticForceBasis SOURCE_STYLE_RULE
Rule_185	?a deonticForce ADVISORY => ?a deonticForceBasis SOURCE_STYLE_RULE	execut-1_n0019/na_0002 deonticForce ADVISORY => execut-1_n0019/na_0002 deonticForceBasis SOURCE_STYLE_RULE
Rule_185	?a deonticForce ADVISORY => ?a deonticForceBasis SOURCE_STYLE_RULE	mcdonagh-2023-esc-guidelines_n0059/na_0012 deonticForce ADVISORY => mcdonagh-2023-esc-guidelines_n0059/na_0012 deonticForceBasis SOURCE_STYLE_RULE
Rule_185	?a deonticForce ADVISORY => ?a deonticForceBasis SOURCE_STYLE_RULE	van-diepen-2017-contemporary-management-of-cardiogenic-shock_n0006/na_0017 deonticForce ADVISORY => van-diepen-2017-contemporary-management-of-cardiogenic-shock_n0006/na_0017 deonticForceBasis SOURCE_STYLE_RULE
Rule_185	?a deonticForce ADVISORY => ?a deonticForceBasis SOURCE_STYLE_RULE	sedf99-1_n0001/na_0001 deonticForce ADVISORY => sedf99-1_n0001/na_0001 deonticForceBasis SOURCE_STYLE_RULE
Rule_185	?a deonticForce ADVISORY => ?a deonticForceBasis SOURCE_STYLE_RULE	supp-material-esc-guidelines_n0018/na_0010 deonticForce ADVISORY => supp-material-esc-guidelines_n0018/na_0010 deonticForceBasis SOURCE_STYLE_RULE
Rule_185	?a deonticForce ADVISORY => ?a deonticForceBasis SOURCE_STYLE_RULE	mcdonagh-2023-esc-guidelines_n0028/na_0004 deonticForce ADVISORY => mcdonagh-2023-esc-guidelines_n0028/na_0004 deonticForceBasis SOURCE_STYLE_RULE
Rule_185	?a deonticForce ADVISORY => ?a deonticForceBasis SOURCE_STYLE_RULE	supp-material-esc-guidelines_n0019/na_0005 deonticForce ADVISORY => supp-material-esc-guidelines_n0019/na_0005 deonticForceBasis SOURCE_STYLE_RULE
Rule_185	?a deonticForce ADVISORY => ?a deonticForceBasis SOURCE_STYLE_RULE	piepoli-2011-exercise-training-in-heart-failure_n0004/na_0004 deonticForce ADVISORY => piepoli-2011-exercise-training-in-heart-failure_n0004/na_0004 deonticForceBasis SOURCE_STYLE_RULE
Rule_185	?a deonticForce ADVISORY => ?a deonticForceBasis SOURCE_STYLE_RULE	visseren-2021-esc-guidelines-cardiovascular-disease-prevention_n0034/na_0022 deonticForce ADVISORY => visseren-2021-esc-guidelines-cardiovascular-disease-prevention_n0034/na_0022 deonticForceBasis SOURCE_STYLE_RULE
Rule_185	?a deonticForce ADVISORY => ?a deonticForceBasis SOURCE_STYLE_RULE	maddox-2021-2021-update-to-the-2017-acc-expert-consensus-decision-pathwa_n0008/na_0002 deonticForce ADVISORY => maddox-2021-2021-update-to-the-2017-acc-expert-consensus-decision-pathwa_n0008/na_0002 deonticForceBasis SOURCE_STYLE_RULE
Rule_185	?a deonticForce ADVISORY => ?a deonticForceBasis SOURCE_STYLE_RULE	execut-1_n0023/na_0004 deonticForce ADVISORY => execut-1_n0023/na_0004 deonticForceBasis SOURCE_STYLE_RULE
Rule_185	?a deonticForce ADVISORY => ?a deonticForceBasis SOURCE_STYLE_RULE	piepoli-2011-exercise-training-in-heart-failure_n0004/na_0016 deonticForce ADVISORY => piepoli-2011-exercise-training-in-heart-failure_n0004/na_0016 deonticForceBasis SOURCE_STYLE_RULE
Rule_185	?a deonticForce ADVISORY => ?a deonticForceBasis SOURCE_STYLE_RULE	execut-1_n0019/na_0005 deonticForce ADVISORY => execut-1_n0019/na_0005 deonticForceBasis SOURCE_STYLE_RULE
Rule_185	?a deonticForce ADVISORY => ?a deonticForceBasis SOURCE_STYLE_RULE	su_verified_e5f20076152902f9b102f37b1a83cdc79baea0d42000f6c76a83acfae0e39670_table_2/na_0003 deonticForce ADVISORY => su_verified_e5f20076152902f9b102f37b1a83cdc79baea0d42000f6c76a83acfae0e39670_table_2/na_0003 deonticForceBasis SOURCE_STYLE_RULE
Rule_185	?a deonticForce ADVISORY => ?a deonticForceBasis SOURCE_STYLE_RULE	glikson-2021-2021-esc-guidelines-on-cardiac-pacing-and-cardiac-resynchro_n0033/na_0001 deonticForce ADVISORY => glikson-2021-2021-esc-guidelines-on-cardiac-pacing-and-cardiac-resynchro_n0033/na_0001 deonticForceBasis SOURCE_STYLE_RULE
Rule_185	?a deonticForce ADVISORY => ?a deonticForceBasis SOURCE_STYLE_RULE	ambrosetti-2020-secondary-prevention-comprehensive-cardiovascular-rehabi_n0011/na_0001 deonticForce ADVISORY => ambrosetti-2020-secondary-prevention-comprehensive-cardiovascular-rehabi_n0011/na_0001 deonticForceBasis SOURCE_STYLE_RULE
Rule_185	?a deonticForce ADVISORY => ?a deonticForceBasis SOURCE_STYLE_RULE	ambrosetti-2020-secondary-prevention-comprehensive-cardiovascular-rehabi_n0016/na_0014 deonticForce ADVISORY => ambrosetti-2020-secondary-prevention-comprehensive-cardiovascular-rehabi_n0016/na_0014 deonticForceBasis SOURCE_STYLE_RULE
Rule_185	?a deonticForce ADVISORY => ?a deonticForceBasis SOURCE_STYLE_RULE	wilkoff-2008-hrs-ehra-expert-consenus-on-the-monitoring-of-cieds_n0005/na_0003 deonticForce ADVISORY => wilkoff-2008-hrs-ehra-expert-consenus-on-the-monitoring-of-cieds_n0005/na_0003 deonticForceBasis SOURCE_STYLE_RULE
Rule_185	?a deonticForce ADVISORY => ?a deonticForceBasis SOURCE_STYLE_RULE	ambrosetti-2020-secondary-prevention-comprehensive-cardiovascular-rehabi_n0001/na_0006 deonticForce ADVISORY => ambrosetti-2020-secondary-prevention-comprehensive-cardiovascular-rehabi_n0001/na_0006 deonticForceBasis SOURCE_STYLE_RULE
Rule_185	?a deonticForce ADVISORY => ?a deonticForceBasis SOURCE_STYLE_RULE	zeppenfeld-2022-esc-guidelines-va-and-scd_n0025/na_0002 deonticForce ADVISORY => zeppenfeld-2022-esc-guidelines-va-and-scd_n0025/na_0002 deonticForceBasis SOURCE_STYLE_RULE
Rule_185	?a deonticForce ADVISORY => ?a deonticForceBasis SOURCE_STYLE_RULE	su_verified_e5f20076152902f9b102f37b1a83cdc79baea0d42000f6c76a83acfae0e39670_table_4/na_0003 deonticForce ADVISORY => su_verified_e5f20076152902f9b102f37b1a83cdc79baea0d42000f6c76a83acfae0e39670_table_4/na_0003 deonticForceBasis SOURCE_STYLE_RULE
Rule_185	?a deonticForce ADVISORY => ?a deonticForceBasis SOURCE_STYLE_RULE	von-knobelsdorff-brenkenhoff-2019-empfehlungen-zu-kardialen-mrtuntersuch_n0001/na_0009 deonticForce ADVISORY => von-knobelsdorff-brenkenhoff-2019-empfehlungen-zu-kardialen-mrtuntersuch_n0001/na_0009 deonticForceBasis SOURCE_STYLE_RULE
Rule_185	?a deonticForce ADVISORY => ?a deonticForceBasis SOURCE_STYLE_RULE	zeppenfeld-2022-esc-guidelines-va-and-scd_n0025/na_0028 deonticForce ADVISORY => zeppenfeld-2022-esc-guidelines-va-and-scd_n0025/na_0028 deonticForceBasis SOURCE_STYLE_RULE
Rule_185	?a deonticForce ADVISORY => ?a deonticForceBasis SOURCE_STYLE_RULE	riegel-2009-promoting-self-care-in-persons-with-heart-failure_n0002/na_0011 deonticForce ADVISORY => riegel-2009-promoting-self-care-in-persons-with-heart-failure_n0002/na_0011 deonticForceBasis SOURCE_STYLE_RULE
Rule_185	?a deonticForce ADVISORY => ?a deonticForceBasis SOURCE_STYLE_RULE	regitz-zagrosek-2018-2018-esc-guideline-for-the-management-of-cardiovasc_n0014/na_0016 deonticForce ADVISORY => regitz-zagrosek-2018-2018-esc-guideline-for-the-management-of-cardiovasc_n0014/na_0016 deonticForceBasis SOURCE_STYLE_RULE
Rule_185	?a deonticForce ADVISORY => ?a deonticForceBasis SOURCE_STYLE_RULE	ambrosetti-2020-secondary-prevention-comprehensive-cardiovascular-rehabi_n0015/na_0004 deonticForce ADVISORY => ambrosetti-2020-secondary-prevention-comprehensive-cardiovascular-rehabi_n0015/na_0004 deonticForceBasis SOURCE_STYLE_RULE
Rule_185	?a deonticForce ADVISORY => ?a deonticForceBasis SOURCE_STYLE_RULE	execut-1_n0019/na_0011 deonticForce ADVISORY => execut-1_n0019/na_0011 deonticForceBasis SOURCE_STYLE_RULE
Rule_185	?a deonticForce ADVISORY => ?a deonticForceBasis SOURCE_STYLE_RULE	mcdonagh-2023-esc-guidelines_n0055/na_0029 deonticForce ADVISORY => mcdonagh-2023-esc-guidelines_n0055/na_0029 deonticForceBasis SOURCE_STYLE_RULE
Rule_185	?a deonticForce ADVISORY => ?a deonticForceBasis SOURCE_STYLE_RULE	visseren-2021-esc-guidelines-cardiovascular-disease-prevention_n0034/na_0040 deonticForce ADVISORY => visseren-2021-esc-guidelines-cardiovascular-disease-prevention_n0034/na_0040 deonticForceBasis SOURCE_STYLE_RULE
Rule_185	?a deonticForce ADVISORY => ?a deonticForceBasis SOURCE_STYLE_RULE	riegel-2009-promoting-self-care-in-persons-with-heart-failure_n0004/na_0005 deonticForce ADVISORY => riegel-2009-promoting-self-care-in-persons-with-heart-failure_n0004/na_0005 deonticForceBasis SOURCE_STYLE_RULE
Rule_185	?a deonticForce ADVISORY => ?a deonticForceBasis SOURCE_STYLE_RULE	bhatt-2021-coronavirus-disease-2019-and-heart-failure_n0001/na_0001 deonticForce ADVISORY => bhatt-2021-coronavirus-disease-2019-and-heart-failure_n0001/na_0001 deonticForceBasis SOURCE_STYLE_RULE
Rule_185	?a deonticForce ADVISORY => ?a deonticForceBasis SOURCE_STYLE_RULE	von-knobelsdorff-brenkenhoff-2019-empfehlungen-zu-kardialen-mrtuntersuch_n0001/na_0001 deonticForce ADVISORY => von-knobelsdorff-brenkenhoff-2019-empfehlungen-zu-kardialen-mrtuntersuch_n0001/na_0001 deonticForceBasis SOURCE_STYLE_RULE
Rule_185	?a deonticForce ADVISORY => ?a deonticForceBasis SOURCE_STYLE_RULE	vest-2019-nutrition-obesity-and-cachexia-in-patients-with-heart-failure_n0001/na_0035 deonticForce ADVISORY => vest-2019-nutrition-obesity-and-cachexia-in-patients-with-heart-failure_n0001/na_0035 deonticForceBasis SOURCE_STYLE_RULE
Rule_185	?a deonticForce ADVISORY => ?a deonticForceBasis SOURCE_STYLE_RULE	regitz-zagrosek-2018-2018-esc-guideline-for-the-management-of-cardiovasc_n0014/na_0008 deonticForce ADVISORY => regitz-zagrosek-2018-2018-esc-guideline-for-the-management-of-cardiovasc_n0014/na_0008 deonticForceBasis SOURCE_STYLE_RULE
Rule_185	?a deonticForce ADVISORY => ?a deonticForceBasis SOURCE_STYLE_RULE	ambrosetti-2020-secondary-prevention-comprehensive-cardiovascular-rehabi_n0012/na_0007 deonticForce ADVISORY => ambrosetti-2020-secondary-prevention-comprehensive-cardiovascular-rehabi_n0012/na_0007 deonticForceBasis SOURCE_STYLE_RULE
Rule_185	?a deonticForce ADVISORY => ?a deonticForceBasis SOURCE_STYLE_RULE	ambrosetti-2020-secondary-prevention-comprehensive-cardiovascular-rehabi_n0014/na_0011 deonticForce ADVISORY => ambrosetti-2020-secondary-prevention-comprehensive-cardiovascular-rehabi_n0014/na_0011 deonticForceBasis SOURCE_STYLE_RULE
Rule_185	?a deonticForce ADVISORY => ?a deonticForceBasis SOURCE_STYLE_RULE	riegel-2009-promoting-self-care-in-persons-with-heart-failure_n0004/na_0031 deonticForce ADVISORY => riegel-2009-promoting-self-care-in-persons-with-heart-failure_n0004/na_0031 deonticForceBasis SOURCE_STYLE_RULE
Rule_185	?a deonticForce ADVISORY => ?a deonticForceBasis SOURCE_STYLE_RULE	vest-2019-nutrition-obesity-and-cachexia-in-patients-with-heart-failure_n0002/na_0007 deonticForce ADVISORY => vest-2019-nutrition-obesity-and-cachexia-in-patients-with-heart-failure_n0002/na_0007 deonticForceBasis SOURCE_STYLE_RULE
Rule_185	?a deonticForce ADVISORY => ?a deonticForceBasis SOURCE_STYLE_RULE	lenarczyk-2024-management-of-patients-with-an-electrical-storm-or-cluste_n0023/na_0001 deonticForce ADVISORY => lenarczyk-2024-management-of-patients-with-an-electrical-storm-or-cluste_n0023/na_0001 deonticForceBasis SOURCE_STYLE_RULE
Rule_185	?a deonticForce ADVISORY => ?a deonticForceBasis SOURCE_STYLE_RULE	visseren-2021-esc-guidelines-cardiovascular-disease-prevention_n0034/na_0017 deonticForce ADVISORY => visseren-2021-esc-guidelines-cardiovascular-disease-prevention_n0034/na_0017 deonticForceBasis SOURCE_STYLE_RULE
Rule_185	?a deonticForce ADVISORY => ?a deonticForceBasis SOURCE_STYLE_RULE	sedf99-1_n0001/na_0013 deonticForce ADVISORY => sedf99-1_n0001/na_0013 deonticForceBasis SOURCE_STYLE_RULE
Rule_185	?a deonticForce ADVISORY => ?a deonticForceBasis SOURCE_STYLE_RULE	seb24c-1_n0004/na_0006 deonticForce ADVISORY => seb24c-1_n0004/na_0006 deonticForceBasis SOURCE_STYLE_RULE
Rule_185	?a deonticForce ADVISORY => ?a deonticForceBasis SOURCE_STYLE_RULE	su_verified_e5f20076152902f9b102f37b1a83cdc79baea0d42000f6c76a83acfae0e39670_table_4/na_0009 deonticForce ADVISORY => su_verified_e5f20076152902f9b102f37b1a83cdc79baea0d42000f6c76a83acfae0e39670_table_4/na_0009 deonticForceBasis SOURCE_STYLE_RULE
Rule_185	?a deonticForce ADVISORY => ?a deonticForceBasis SOURCE_STYLE_RULE	regitz-zagrosek-2018-2018-esc-guideline-for-the-management-of-cardiovasc_n0014/na_0011 deonticForce ADVISORY => regitz-zagrosek-2018-2018-esc-guideline-for-the-management-of-cardiovasc_n0014/na_0011 deonticForceBasis SOURCE_STYLE_RULE
Rule_185	?a deonticForce ADVISORY => ?a deonticForceBasis SOURCE_STYLE_RULE	maddox-2021-2021-update-to-the-2017-acc-expert-consensus-decision-pathwa_n0006/na_0002 deonticForce ADVISORY => maddox-2021-2021-update-to-the-2017-acc-expert-consensus-decision-pathwa_n0006/na_0002 deonticForceBasis SOURCE_STYLE_RULE
Rule_185	?a deonticForce ADVISORY => ?a deonticForceBasis SOURCE_STYLE_RULE	lenarczyk-2024-management-of-patients-with-an-electrical-storm-or-cluste_n0008/na_0005 deonticForce ADVISORY => lenarczyk-2024-management-of-patients-with-an-electrical-storm-or-cluste_n0008/na_0005 deonticForceBasis SOURCE_STYLE_RULE
Rule_185	?a deonticForce ADVISORY => ?a deonticForceBasis SOURCE_STYLE_RULE	ambrosetti-2020-secondary-prevention-comprehensive-cardiovascular-rehabi_n0015/na_0016 deonticForce ADVISORY => ambrosetti-2020-secondary-prevention-comprehensive-cardiovascular-rehabi_n0015/na_0016 deonticForceBasis SOURCE_STYLE_RULE
Rule_185	?a deonticForce ADVISORY => ?a deonticForceBasis SOURCE_STYLE_RULE	su_verified_e5f20076152902f9b102f37b1a83cdc79baea0d42000f6c76a83acfae0e39670_table_2/na_0011 deonticForce ADVISORY => su_verified_e5f20076152902f9b102f37b1a83cdc79baea0d42000f6c76a83acfae0e39670_table_2/na_0011 deonticForceBasis SOURCE_STYLE_RULE
Rule_185	?a deonticForce ADVISORY => ?a deonticForceBasis SOURCE_STYLE_RULE	ambrosetti-2020-secondary-prevention-comprehensive-cardiovascular-rehabi_n0001/na_0008 deonticForce ADVISORY => ambrosetti-2020-secondary-prevention-comprehensive-cardiovascular-rehabi_n0001/na_0008 deonticForceBasis SOURCE_STYLE_RULE
Rule_185	?a deonticForce ADVISORY => ?a deonticForceBasis SOURCE_STYLE_RULE	zeppenfeld-2022-esc-guidelines-va-and-scd_n0056/na_0007 deonticForce ADVISORY => zeppenfeld-2022-esc-guidelines-va-and-scd_n0056/na_0007 deonticForceBasis SOURCE_STYLE_RULE
Rule_185	?a deonticForce ADVISORY => ?a deonticForceBasis SOURCE_STYLE_RULE	visseren-2021-esc-guidelines-cardiovascular-disease-prevention_n0034/na_0027 deonticForce ADVISORY => visseren-2021-esc-guidelines-cardiovascular-disease-prevention_n0034/na_0027 deonticForceBasis SOURCE_STYLE_RULE
Rule_185	?a deonticForce ADVISORY => ?a deonticForceBasis SOURCE_STYLE_RULE	seb24c-1_n0004/na_0003 deonticForce ADVISORY => seb24c-1_n0004/na_0003 deonticForceBasis SOURCE_STYLE_RULE
Rule_185	?a deonticForce ADVISORY => ?a deonticForceBasis SOURCE_STYLE_RULE	visseren-2021-esc-guidelines-cardiovascular-disease-prevention_n0034/na_0036 deonticForce ADVISORY => visseren-2021-esc-guidelines-cardiovascular-disease-prevention_n0034/na_0036 deonticForceBasis SOURCE_STYLE_RULE
Rule_185	?a deonticForce ADVISORY => ?a deonticForceBasis SOURCE_STYLE_RULE	su_verified_e5f20076152902f9b102f37b1a83cdc79baea0d42000f6c76a83acfae0e39670_table_4/na_0002 deonticForce ADVISORY => su_verified_e5f20076152902f9b102f37b1a83cdc79baea0d42000f6c76a83acfae0e39670_table_4/na_0002 deonticForceBasis SOURCE_STYLE_RULE
Rule_185	?a deonticForce ADVISORY => ?a deonticForceBasis SOURCE_STYLE_RULE	regitz-zagrosek-2018-2018-esc-guideline-for-the-management-of-cardiovasc_n0050/na_0009 deonticForce ADVISORY => regitz-zagrosek-2018-2018-esc-guideline-for-the-management-of-cardiovasc_n0050/na_0009 deonticForceBasis SOURCE_STYLE_RULE
Rule_185	?a deonticForce ADVISORY => ?a deonticForceBasis SOURCE_STYLE_RULE	zeppenfeld-2022-esc-guidelines-va-and-scd_n0026/na_0008 deonticForce ADVISORY => zeppenfeld-2022-esc-guidelines-va-and-scd_n0026/na_0008 deonticForceBasis SOURCE_STYLE_RULE
Rule_185	?a deonticForce ADVISORY => ?a deonticForceBasis SOURCE_STYLE_RULE	su_verified_e5f20076152902f9b102f37b1a83cdc79baea0d42000f6c76a83acfae0e39670_table_2/na_0001 deonticForce ADVISORY => su_verified_e5f20076152902f9b102f37b1a83cdc79baea0d42000f6c76a83acfae0e39670_table_2/na_0001 deonticForceBasis SOURCE_STYLE_RULE
Rule_185	?a deonticForce ADVISORY => ?a deonticForceBasis SOURCE_STYLE_RULE	mcdonagh-2023-esc-guidelines_n0083/na_0001 deonticForce ADVISORY => mcdonagh-2023-esc-guidelines_n0083/na_0001 deonticForceBasis SOURCE_STYLE_RULE
Rule_185	?a deonticForce ADVISORY => ?a deonticForceBasis SOURCE_STYLE_RULE	supp-material-esc-guidelines_n0019/na_0003 deonticForce ADVISORY => supp-material-esc-guidelines_n0019/na_0003 deonticForceBasis SOURCE_STYLE_RULE
Rule_185	?a deonticForce ADVISORY => ?a deonticForceBasis SOURCE_STYLE_RULE	heidenreich-2022-aha-acc-hfsa-guidelines_n0108/na_0039 deonticForce ADVISORY => heidenreich-2022-aha-acc-hfsa-guidelines_n0108/na_0039 deonticForceBasis SOURCE_STYLE_RULE
Rule_185	?a deonticForce ADVISORY => ?a deonticForceBasis SOURCE_STYLE_RULE	execut-1_n0019/na_0006 deonticForce ADVISORY => execut-1_n0019/na_0006 deonticForceBasis SOURCE_STYLE_RULE
Rule_185	?a deonticForce ADVISORY => ?a deonticForceBasis SOURCE_STYLE_RULE	mullens-2019-the-use-of-diuretics-in-heart-failure-with-congestion_n0005/na_0004 deonticForce ADVISORY => mullens-2019-the-use-of-diuretics-in-heart-failure-with-congestion_n0005/na_0004 deonticForceBasis SOURCE_STYLE_RULE
Rule_185	?a deonticForce ADVISORY => ?a deonticForceBasis SOURCE_STYLE_RULE	heidenreich-2022-aha-acc-hfsa-guidelines_n0108/na_0012 deonticForce ADVISORY => heidenreich-2022-aha-acc-hfsa-guidelines_n0108/na_0012 deonticForceBasis SOURCE_STYLE_RULE
Rule_185	?a deonticForce ADVISORY => ?a deonticForceBasis SOURCE_STYLE_RULE	lenarczyk-2024-management-of-patients-with-an-electrical-storm-or-cluste_n0010/na_0007 deonticForce ADVISORY => lenarczyk-2024-management-of-patients-with-an-electrical-storm-or-cluste_n0010/na_0007 deonticForceBasis SOURCE_STYLE_RULE
Rule_185	?a deonticForce ADVISORY => ?a deonticForceBasis SOURCE_STYLE_RULE	regitz-zagrosek-2018-2018-esc-guideline-for-the-management-of-cardiovasc_n0016/na_0001 deonticForce ADVISORY => regitz-zagrosek-2018-2018-esc-guideline-for-the-management-of-cardiovasc_n0016/na_0001 deonticForceBasis SOURCE_STYLE_RULE
Rule_185	?a deonticForce ADVISORY => ?a deonticForceBasis SOURCE_STYLE_RULE	van-diepen-2017-contemporary-management-of-cardiogenic-shock_n0008/na_0012 deonticForce ADVISORY => van-diepen-2017-contemporary-management-of-cardiogenic-shock_n0008/na_0012 deonticForceBasis SOURCE_STYLE_RULE
Rule_185	?a deonticForce ADVISORY => ?a deonticForceBasis SOURCE_STYLE_RULE	ambrosetti-2020-secondary-prevention-comprehensive-cardiovascular-rehabi_n0010/na_0010 deonticForce ADVISORY => ambrosetti-2020-secondary-prevention-comprehensive-cardiovascular-rehabi_n0010/na_0010 deonticForceBasis SOURCE_STYLE_RULE
Rule_185	?a deonticForce ADVISORY => ?a deonticForceBasis SOURCE_STYLE_RULE	mcdonagh-2023-esc-guidelines_n0062/na_0004 deonticForce ADVISORY => mcdonagh-2023-esc-guidelines_n0062/na_0004 deonticForceBasis SOURCE_STYLE_RULE
Rule_185	?a deonticForce ADVISORY => ?a deonticForceBasis SOURCE_STYLE_RULE	heidenreich-2022-aha-acc-hfsa-guidelines_n0108/na_0002 deonticForce ADVISORY => heidenreich-2022-aha-acc-hfsa-guidelines_n0108/na_0002 deonticForceBasis SOURCE_STYLE_RULE
Rule_185	?a deonticForce ADVISORY => ?a deonticForceBasis SOURCE_STYLE_RULE	ambrosetti-2020-secondary-prevention-comprehensive-cardiovascular-rehabi_n0008/na_0016 deonticForce ADVISORY => ambrosetti-2020-secondary-prevention-comprehensive-cardiovascular-rehabi_n0008/na_0016 deonticForceBasis SOURCE_STYLE_RULE
Rule_185	?a deonticForce ADVISORY => ?a deonticForceBasis SOURCE_STYLE_RULE	visseren-2021-esc-guidelines-cardiovascular-disease-prevention_n0034/na_0014 deonticForce ADVISORY => visseren-2021-esc-guidelines-cardiovascular-disease-prevention_n0034/na_0014 deonticForceBasis SOURCE_STYLE_RULE
Rule_185	?a deonticForce ADVISORY => ?a deonticForceBasis SOURCE_STYLE_RULE	von-knobelsdorff-brenkenhoff-2019-empfehlungen-zu-kardialen-mrtuntersuch_n0001/na_0011 deonticForce ADVISORY => von-knobelsdorff-brenkenhoff-2019-empfehlungen-zu-kardialen-mrtuntersuch_n0001/na_0011 deonticForceBasis SOURCE_STYLE_RULE
Rule_185	?a deonticForce ADVISORY => ?a deonticForceBasis SOURCE_STYLE_RULE	maddox-2021-2021-update-to-the-2017-acc-expert-consensus-decision-pathwa_n0010/na_0019 deonticForce ADVISORY => maddox-2021-2021-update-to-the-2017-acc-expert-consensus-decision-pathwa_n0010/na_0019 deonticForceBasis SOURCE_STYLE_RULE
Rule_185	?a deonticForce ADVISORY => ?a deonticForceBasis SOURCE_STYLE_RULE	su_verified_e5f20076152902f9b102f37b1a83cdc79baea0d42000f6c76a83acfae0e39670_table_1/na_0020 deonticForce ADVISORY => su_verified_e5f20076152902f9b102f37b1a83cdc79baea0d42000f6c76a83acfae0e39670_table_1/na_0020 deonticForceBasis SOURCE_STYLE_RULE
Rule_185	?a deonticForce ADVISORY => ?a deonticForceBasis SOURCE_STYLE_RULE	supp-material-esc-guidelines_n0018/na_0013 deonticForce ADVISORY => supp-material-esc-guidelines_n0018/na_0013 deonticForceBasis SOURCE_STYLE_RULE
Rule_185	?a deonticForce ADVISORY => ?a deonticForceBasis SOURCE_STYLE_RULE	vest-2019-nutrition-obesity-and-cachexia-in-patients-with-heart-failure_n0001/na_0004 deonticForce ADVISORY => vest-2019-nutrition-obesity-and-cachexia-in-patients-with-heart-failure_n0001/na_0004 deonticForceBasis SOURCE_STYLE_RULE
Rule_185	?a deonticForce ADVISORY => ?a deonticForceBasis SOURCE_STYLE_RULE	su_verified_e5f20076152902f9b102f37b1a83cdc79baea0d42000f6c76a83acfae0e39670_table_1/na_0010 deonticForce ADVISORY => su_verified_e5f20076152902f9b102f37b1a83cdc79baea0d42000f6c76a83acfae0e39670_table_1/na_0010 deonticForceBasis SOURCE_STYLE_RULE
Rule_185	?a deonticForce ADVISORY => ?a deonticForceBasis SOURCE_STYLE_RULE	riegel-2009-promoting-self-care-in-persons-with-heart-failure_n0004/na_0018 deonticForce ADVISORY => riegel-2009-promoting-self-care-in-persons-with-heart-failure_n0004/na_0018 deonticForceBasis SOURCE_STYLE_RULE
Rule_185	?a deonticForce ADVISORY => ?a deonticForceBasis SOURCE_STYLE_RULE	regitz-zagrosek-2018-2018-esc-guideline-for-the-management-of-cardiovasc_n0050/na_0016 deonticForce ADVISORY => regitz-zagrosek-2018-2018-esc-guideline-for-the-management-of-cardiovasc_n0050/na_0016 deonticForceBasis SOURCE_STYLE_RULE
Rule_185	?a deonticForce ADVISORY => ?a deonticForceBasis SOURCE_STYLE_RULE	regitz-zagrosek-2018-2018-esc-guideline-for-the-management-of-cardiovasc_n0014/na_0015 deonticForce ADVISORY => regitz-zagrosek-2018-2018-esc-guideline-for-the-management-of-cardiovasc_n0014/na_0015 deonticForceBasis SOURCE_STYLE_RULE
Rule_185	?a deonticForce ADVISORY => ?a deonticForceBasis SOURCE_STYLE_RULE	van-diepen-2017-contemporary-management-of-cardiogenic-shock_n0006/na_0009 deonticForce ADVISORY => van-diepen-2017-contemporary-management-of-cardiogenic-shock_n0006/na_0009 deonticForceBasis SOURCE_STYLE_RULE
Rule_185	?a deonticForce ADVISORY => ?a deonticForceBasis SOURCE_STYLE_RULE	van-diepen-2017-contemporary-management-of-cardiogenic-shock_n0006/na_0013 deonticForce ADVISORY => van-diepen-2017-contemporary-management-of-cardiogenic-shock_n0006/na_0013 deonticForceBasis SOURCE_STYLE_RULE
Rule_185	?a deonticForce ADVISORY => ?a deonticForceBasis SOURCE_STYLE_RULE	su_verified_e5f20076152902f9b102f37b1a83cdc79baea0d42000f6c76a83acfae0e39670_table_4/na_0010 deonticForce ADVISORY => su_verified_e5f20076152902f9b102f37b1a83cdc79baea0d42000f6c76a83acfae0e39670_table_4/na_0010 deonticForceBasis SOURCE_STYLE_RULE
Rule_185	?a deonticForce ADVISORY => ?a deonticForceBasis SOURCE_STYLE_RULE	heidenreich-2022-aha-acc-hfsa-guidelines_n0108/na_0020 deonticForce ADVISORY => heidenreich-2022-aha-acc-hfsa-guidelines_n0108/na_0020 deonticForceBasis SOURCE_STYLE_RULE
Rule_185	?a deonticForce ADVISORY => ?a deonticForceBasis SOURCE_STYLE_RULE	su_verified_e5f20076152902f9b102f37b1a83cdc79baea0d42000f6c76a83acfae0e39670_table_1/na_0005 deonticForce ADVISORY => su_verified_e5f20076152902f9b102f37b1a83cdc79baea0d42000f6c76a83acfae0e39670_table_1/na_0005 deonticForceBasis SOURCE_STYLE_RULE
Rule_185	?a deonticForce ADVISORY => ?a deonticForceBasis SOURCE_STYLE_RULE	sedf99-1_n0001/na_0008 deonticForce ADVISORY => sedf99-1_n0001/na_0008 deonticForceBasis SOURCE_STYLE_RULE
Rule_185	?a deonticForce ADVISORY => ?a deonticForceBasis SOURCE_STYLE_RULE	cardiosmart-modul1-zusammengefugt_n0002/na_0002 deonticForce ADVISORY => cardiosmart-modul1-zusammengefugt_n0002/na_0002 deonticForceBasis SOURCE_STYLE_RULE
Rule_185	?a deonticForce ADVISORY => ?a deonticForceBasis SOURCE_STYLE_RULE	su_verified_e5f20076152902f9b102f37b1a83cdc79baea0d42000f6c76a83acfae0e39670_table_4/na_0007 deonticForce ADVISORY => su_verified_e5f20076152902f9b102f37b1a83cdc79baea0d42000f6c76a83acfae0e39670_table_4/na_0007 deonticForceBasis SOURCE_STYLE_RULE
Rule_185	?a deonticForce ADVISORY => ?a deonticForceBasis SOURCE_STYLE_RULE	visseren-2021-esc-guidelines-cardiovascular-disease-prevention_n0034/na_0039 deonticForce ADVISORY => visseren-2021-esc-guidelines-cardiovascular-disease-prevention_n0034/na_0039 deonticForceBasis SOURCE_STYLE_RULE
Rule_185	?a deonticForce ADVISORY => ?a deonticForceBasis SOURCE_STYLE_RULE	ambrosetti-2020-secondary-prevention-comprehensive-cardiovascular-rehabi_n0008/na_0001 deonticForce ADVISORY => ambrosetti-2020-secondary-prevention-comprehensive-cardiovascular-rehabi_n0008/na_0001 deonticForceBasis SOURCE_STYLE_RULE
Rule_185	?a deonticForce ADVISORY => ?a deonticForceBasis SOURCE_STYLE_RULE	van-diepen-2017-contemporary-management-of-cardiogenic-shock_n0008/na_0015 deonticForce ADVISORY => van-diepen-2017-contemporary-management-of-cardiogenic-shock_n0008/na_0015 deonticForceBasis SOURCE_STYLE_RULE
Rule_185	?a deonticForce ADVISORY => ?a deonticForceBasis SOURCE_STYLE_RULE	ambrosetti-2020-secondary-prevention-comprehensive-cardiovascular-rehabi_n0011/na_0023 deonticForce ADVISORY => ambrosetti-2020-secondary-prevention-comprehensive-cardiovascular-rehabi_n0011/na_0023 deonticForceBasis SOURCE_STYLE_RULE
Rule_185	?a deonticForce ADVISORY => ?a deonticForceBasis SOURCE_STYLE_RULE	execut-1_n0019/na_0001 deonticForce ADVISORY => execut-1_n0019/na_0001 deonticForceBasis SOURCE_STYLE_RULE
Rule_185	?a deonticForce ADVISORY => ?a deonticForceBasis SOURCE_STYLE_RULE	ambrosetti-2020-secondary-prevention-comprehensive-cardiovascular-rehabi_n0011/na_0020 deonticForce ADVISORY => ambrosetti-2020-secondary-prevention-comprehensive-cardiovascular-rehabi_n0011/na_0020 deonticForceBasis SOURCE_STYLE_RULE
Rule_185	?a deonticForce ADVISORY => ?a deonticForceBasis SOURCE_STYLE_RULE	visseren-2021-esc-guidelines-cardiovascular-disease-prevention_n0038/na_0005 deonticForce ADVISORY => visseren-2021-esc-guidelines-cardiovascular-disease-prevention_n0038/na_0005 deonticForceBasis SOURCE_STYLE_RULE
Rule_185	?a deonticForce ADVISORY => ?a deonticForceBasis SOURCE_STYLE_RULE	riegel-2009-promoting-self-care-in-persons-with-heart-failure_n0004/na_0027 deonticForce ADVISORY => riegel-2009-promoting-self-care-in-persons-with-heart-failure_n0004/na_0027 deonticForceBasis SOURCE_STYLE_RULE
Rule_185	?a deonticForce ADVISORY => ?a deonticForceBasis SOURCE_STYLE_RULE	heidenreich-2022-aha-acc-hfsa-guidelines_n0100/na_0004 deonticForce ADVISORY => heidenreich-2022-aha-acc-hfsa-guidelines_n0100/na_0004 deonticForceBasis SOURCE_STYLE_RULE
Rule_185	?a deonticForce ADVISORY => ?a deonticForceBasis SOURCE_STYLE_RULE	riegel-2009-promoting-self-care-in-persons-with-heart-failure_n0004/na_0035 deonticForce ADVISORY => riegel-2009-promoting-self-care-in-persons-with-heart-failure_n0004/na_0035 deonticForceBasis SOURCE_STYLE_RULE
Rule_185	?a deonticForce ADVISORY => ?a deonticForceBasis SOURCE_STYLE_RULE	su_verified_0074e29f31a1f0feb082e0064bee46f60bf6b5ae3f8703d1231341374ed97e52_table_1/na_0045 deonticForce ADVISORY => su_verified_0074e29f31a1f0feb082e0064bee46f60bf6b5ae3f8703d1231341374ed97e52_table_1/na_0045 deonticForceBasis SOURCE_STYLE_RULE
Rule_185	?a deonticForce ADVISORY => ?a deonticForceBasis SOURCE_STYLE_RULE	visseren-2021-esc-guidelines-cardiovascular-disease-prevention_n0034/na_0016 deonticForce ADVISORY => visseren-2021-esc-guidelines-cardiovascular-disease-prevention_n0034/na_0016 deonticForceBasis SOURCE_STYLE_RULE
Rule_185	?a deonticForce ADVISORY => ?a deonticForceBasis SOURCE_STYLE_RULE	su_verified_6ed52cdf724db04223b4d1c2e62f3c35f6b42bc19bc5e3198277d681d47e1eb9_table_5/na_0006 deonticForce ADVISORY => su_verified_6ed52cdf724db04223b4d1c2e62f3c35f6b42bc19bc5e3198277d681d47e1eb9_table_5/na_0006 deonticForceBasis SOURCE_STYLE_RULE
Rule_185	?a deonticForce ADVISORY => ?a deonticForceBasis SOURCE_STYLE_RULE	visseren-2021-esc-guidelines-cardiovascular-disease-prevention_n0034/na_0018 deonticForce ADVISORY => visseren-2021-esc-guidelines-cardiovascular-disease-prevention_n0034/na_0018 deonticForceBasis SOURCE_STYLE_RULE
Rule_185	?a deonticForce ADVISORY => ?a deonticForceBasis SOURCE_STYLE_RULE	zeppenfeld-2022-esc-guidelines-va-and-scd_n0025/na_0037 deonticForce ADVISORY => zeppenfeld-2022-esc-guidelines-va-and-scd_n0025/na_0037 deonticForceBasis SOURCE_STYLE_RULE
Rule_185	?a deonticForce ADVISORY => ?a deonticForceBasis SOURCE_STYLE_RULE	heidenreich-2022-aha-acc-hfsa-guidelines_n0108/na_0040 deonticForce ADVISORY => heidenreich-2022-aha-acc-hfsa-guidelines_n0108/na_0040 deonticForceBasis SOURCE_STYLE_RULE
Rule_185	?a deonticForce ADVISORY => ?a deonticForceBasis SOURCE_STYLE_RULE	seb24c-1_n0004/na_0005 deonticForce ADVISORY => seb24c-1_n0004/na_0005 deonticForceBasis SOURCE_STYLE_RULE
Rule_185	?a deonticForce ADVISORY => ?a deonticForceBasis SOURCE_STYLE_RULE	vest-2019-nutrition-obesity-and-cachexia-in-patients-with-heart-failure_n0001/na_0005 deonticForce ADVISORY => vest-2019-nutrition-obesity-and-cachexia-in-patients-with-heart-failure_n0001/na_0005 deonticForceBasis SOURCE_STYLE_RULE
Rule_185	?a deonticForce ADVISORY => ?a deonticForceBasis SOURCE_STYLE_RULE	vest-2019-nutrition-obesity-and-cachexia-in-patients-with-heart-failure_n0001/na_0037 deonticForce ADVISORY => vest-2019-nutrition-obesity-and-cachexia-in-patients-with-heart-failure_n0001/na_0037 deonticForceBasis SOURCE_STYLE_RULE
Rule_185	?a deonticForce ADVISORY => ?a deonticForceBasis SOURCE_STYLE_RULE	su_verified_e5f20076152902f9b102f37b1a83cdc79baea0d42000f6c76a83acfae0e39670_table_4/na_0013 deonticForce ADVISORY => su_verified_e5f20076152902f9b102f37b1a83cdc79baea0d42000f6c76a83acfae0e39670_table_4/na_0013 deonticForceBasis SOURCE_STYLE_RULE
Rule_185	?a deonticForce ADVISORY => ?a deonticForceBasis SOURCE_STYLE_RULE	mcdonagh-2023-esc-guidelines_n0055/na_0028 deonticForce ADVISORY => mcdonagh-2023-esc-guidelines_n0055/na_0028 deonticForceBasis SOURCE_STYLE_RULE
Rule_185	?a deonticForce ADVISORY => ?a deonticForceBasis SOURCE_STYLE_RULE	heidenreich-2022-aha-acc-hfsa-guidelines_n0108/na_0003 deonticForce ADVISORY => heidenreich-2022-aha-acc-hfsa-guidelines_n0108/na_0003 deonticForceBasis SOURCE_STYLE_RULE
Rule_185	?a deonticForce ADVISORY => ?a deonticForceBasis SOURCE_STYLE_RULE	zeppenfeld-2022-esc-guidelines-va-and-scd_n0056/na_0002 deonticForce ADVISORY => zeppenfeld-2022-esc-guidelines-va-and-scd_n0056/na_0002 deonticForceBasis SOURCE_STYLE_RULE
Rule_185	?a deonticForce ADVISORY => ?a deonticForceBasis SOURCE_STYLE_RULE	mcdonagh-2023-esc-guidelines_n0055/na_0035 deonticForce ADVISORY => mcdonagh-2023-esc-guidelines_n0055/na_0035 deonticForceBasis SOURCE_STYLE_RULE
Rule_185	?a deonticForce ADVISORY => ?a deonticForceBasis SOURCE_STYLE_RULE	mcdonagh-2023-esc-guidelines_n0055/na_0027 deonticForce ADVISORY => mcdonagh-2023-esc-guidelines_n0055/na_0027 deonticForceBasis SOURCE_STYLE_RULE
Rule_185	?a deonticForce ADVISORY => ?a deonticForceBasis SOURCE_STYLE_RULE	ambrosetti-2020-secondary-prevention-comprehensive-cardiovascular-rehabi_n0001/na_0040 deonticForce ADVISORY => ambrosetti-2020-secondary-prevention-comprehensive-cardiovascular-rehabi_n0001/na_0040 deonticForceBasis SOURCE_STYLE_RULE
Rule_185	?a deonticForce ADVISORY => ?a deonticForceBasis SOURCE_STYLE_RULE	su_verified_e5f20076152902f9b102f37b1a83cdc79baea0d42000f6c76a83acfae0e39670_table_1/na_0011 deonticForce ADVISORY => su_verified_e5f20076152902f9b102f37b1a83cdc79baea0d42000f6c76a83acfae0e39670_table_1/na_0011 deonticForceBasis SOURCE_STYLE_RULE
Rule_185	?a deonticForce ADVISORY => ?a deonticForceBasis SOURCE_STYLE_RULE	ambrosetti-2020-secondary-prevention-comprehensive-cardiovascular-rehabi_n0008/na_0002 deonticForce ADVISORY => ambrosetti-2020-secondary-prevention-comprehensive-cardiovascular-rehabi_n0008/na_0002 deonticForceBasis SOURCE_STYLE_RULE
Rule_185	?a deonticForce ADVISORY => ?a deonticForceBasis SOURCE_STYLE_RULE	ambrosetti-2020-secondary-prevention-comprehensive-cardiovascular-rehabi_n0010/na_0016 deonticForce ADVISORY => ambrosetti-2020-secondary-prevention-comprehensive-cardiovascular-rehabi_n0010/na_0016 deonticForceBasis SOURCE_STYLE_RULE
Rule_185	?a deonticForce ADVISORY => ?a deonticForceBasis SOURCE_STYLE_RULE	su_verified_e5f20076152902f9b102f37b1a83cdc79baea0d42000f6c76a83acfae0e39670_table_4/na_0031 deonticForce ADVISORY => su_verified_e5f20076152902f9b102f37b1a83cdc79baea0d42000f6c76a83acfae0e39670_table_4/na_0031 deonticForceBasis SOURCE_STYLE_RULE
Rule_185	?a deonticForce ADVISORY => ?a deonticForceBasis SOURCE_STYLE_RULE	pelliccia-2020-2020-esc-guidelines-on-sports-cardiology-and-exercise-in_n0039/na_0004 deonticForce ADVISORY => pelliccia-2020-2020-esc-guidelines-on-sports-cardiology-and-exercise-in_n0039/na_0004 deonticForceBasis SOURCE_STYLE_RULE
Rule_185	?a deonticForce ADVISORY => ?a deonticForceBasis SOURCE_STYLE_RULE	riegel-2009-promoting-self-care-in-persons-with-heart-failure_n0002/na_0014 deonticForce ADVISORY => riegel-2009-promoting-self-care-in-persons-with-heart-failure_n0002/na_0014 deonticForceBasis SOURCE_STYLE_RULE
Rule_185	?a deonticForce ADVISORY => ?a deonticForceBasis SOURCE_STYLE_RULE	sectio-4_n0004/na_0005 deonticForce ADVISORY => sectio-4_n0004/na_0005 deonticForceBasis SOURCE_STYLE_RULE
Rule_185	?a deonticForce ADVISORY => ?a deonticForceBasis SOURCE_STYLE_RULE	visseren-2021-esc-guidelines-cardiovascular-disease-prevention_n0034/na_0026 deonticForce ADVISORY => visseren-2021-esc-guidelines-cardiovascular-disease-prevention_n0034/na_0026 deonticForceBasis SOURCE_STYLE_RULE
Rule_185	?a deonticForce ADVISORY => ?a deonticForceBasis SOURCE_STYLE_RULE	mullens-2019-the-use-of-diuretics-in-heart-failure-with-congestion_n0005/na_0003 deonticForce ADVISORY => mullens-2019-the-use-of-diuretics-in-heart-failure-with-congestion_n0005/na_0003 deonticForceBasis SOURCE_STYLE_RULE
Rule_185	?a deonticForce ADVISORY => ?a deonticForceBasis SOURCE_STYLE_RULE	execut-1_n0019/na_0015 deonticForce ADVISORY => execut-1_n0019/na_0015 deonticForceBasis SOURCE_STYLE_RULE
Rule_185	?a deonticForce ADVISORY => ?a deonticForceBasis SOURCE_STYLE_RULE	zeppenfeld-2022-esc-guidelines-va-and-scd_n0056/na_0005 deonticForce ADVISORY => zeppenfeld-2022-esc-guidelines-va-and-scd_n0056/na_0005 deonticForceBasis SOURCE_STYLE_RULE
Rule_185	?a deonticForce ADVISORY => ?a deonticForceBasis SOURCE_STYLE_RULE	sectio-4_n0004/na_0007 deonticForce ADVISORY => sectio-4_n0004/na_0007 deonticForceBasis SOURCE_STYLE_RULE
Rule_185	?a deonticForce ADVISORY => ?a deonticForceBasis SOURCE_STYLE_RULE	van-diepen-2017-contemporary-management-of-cardiogenic-shock_n0006/na_0015 deonticForce ADVISORY => van-diepen-2017-contemporary-management-of-cardiogenic-shock_n0006/na_0015 deonticForceBasis SOURCE_STYLE_RULE
Rule_185	?a deonticForce ADVISORY => ?a deonticForceBasis SOURCE_STYLE_RULE	sedf99-1_n0001/na_0005 deonticForce ADVISORY => sedf99-1_n0001/na_0005 deonticForceBasis SOURCE_STYLE_RULE
Rule_185	?a deonticForce ADVISORY => ?a deonticForceBasis SOURCE_STYLE_RULE	sectio-4_n0004/na_0003 deonticForce ADVISORY => sectio-4_n0004/na_0003 deonticForceBasis SOURCE_STYLE_RULE
Rule_185	?a deonticForce ADVISORY => ?a deonticForceBasis SOURCE_STYLE_RULE	ambrosetti-2020-secondary-prevention-comprehensive-cardiovascular-rehabi_n0001/na_0021 deonticForce ADVISORY => ambrosetti-2020-secondary-prevention-comprehensive-cardiovascular-rehabi_n0001/na_0021 deonticForceBasis SOURCE_STYLE_RULE
Rule_185	?a deonticForce ADVISORY => ?a deonticForceBasis SOURCE_STYLE_RULE	lenarczyk-2024-management-of-patients-with-an-electrical-storm-or-cluste_n0010/na_0014 deonticForce ADVISORY => lenarczyk-2024-management-of-patients-with-an-electrical-storm-or-cluste_n0010/na_0014 deonticForceBasis SOURCE_STYLE_RULE
Rule_185	?a deonticForce ADVISORY => ?a deonticForceBasis SOURCE_STYLE_RULE	su_verified_e5f20076152902f9b102f37b1a83cdc79baea0d42000f6c76a83acfae0e39670_table_3/na_0007 deonticForce ADVISORY => su_verified_e5f20076152902f9b102f37b1a83cdc79baea0d42000f6c76a83acfae0e39670_table_3/na_0007 deonticForceBasis SOURCE_STYLE_RULE
Rule_185	?a deonticForce ADVISORY => ?a deonticForceBasis SOURCE_STYLE_RULE	vijgen-2009-updated-recommendations-for-driving-by-patients-with-implant_n0005/na_0003 deonticForce ADVISORY => vijgen-2009-updated-recommendations-for-driving-by-patients-with-implant_n0005/na_0003 deonticForceBasis SOURCE_STYLE_RULE
Rule_185	?a deonticForce ADVISORY => ?a deonticForceBasis SOURCE_STYLE_RULE	zeppenfeld-2022-esc-guidelines-va-and-scd_n0056/na_0014 deonticForce ADVISORY => zeppenfeld-2022-esc-guidelines-va-and-scd_n0056/na_0014 deonticForceBasis SOURCE_STYLE_RULE
Rule_185	?a deonticForce ADVISORY => ?a deonticForceBasis SOURCE_STYLE_RULE	ambrosetti-2020-secondary-prevention-comprehensive-cardiovascular-rehabi_n0014/na_0028 deonticForce ADVISORY => ambrosetti-2020-secondary-prevention-comprehensive-cardiovascular-rehabi_n0014/na_0028 deonticForceBasis SOURCE_STYLE_RULE
Rule_185	?a deonticForce ADVISORY => ?a deonticForceBasis SOURCE_STYLE_RULE	lenarczyk-2024-management-of-patients-with-an-electrical-storm-or-cluste_n0008/na_0011 deonticForce ADVISORY => lenarczyk-2024-management-of-patients-with-an-electrical-storm-or-cluste_n0008/na_0011 deonticForceBasis SOURCE_STYLE_RULE
Rule_185	?a deonticForce ADVISORY => ?a deonticForceBasis SOURCE_STYLE_RULE	maddox-2021-2021-update-to-the-2017-acc-expert-consensus-decision-pathwa_n0010/na_0002 deonticForce ADVISORY => maddox-2021-2021-update-to-the-2017-acc-expert-consensus-decision-pathwa_n0010/na_0002 deonticForceBasis SOURCE_STYLE_RULE
Rule_185	?a deonticForce ADVISORY => ?a deonticForceBasis SOURCE_STYLE_RULE	cardiosmart-decision-aid-icd-for-hf_n0002/na_0004 deonticForce ADVISORY => cardiosmart-decision-aid-icd-for-hf_n0002/na_0004 deonticForceBasis SOURCE_STYLE_RULE
Rule_185	?a deonticForce ADVISORY => ?a deonticForceBasis SOURCE_STYLE_RULE	execut-1_n0021/na_0003 deonticForce ADVISORY => execut-1_n0021/na_0003 deonticForceBasis SOURCE_STYLE_RULE
Rule_185	?a deonticForce ADVISORY => ?a deonticForceBasis SOURCE_STYLE_RULE	su_verified_e5f20076152902f9b102f37b1a83cdc79baea0d42000f6c76a83acfae0e39670_table_1/na_0013 deonticForce ADVISORY => su_verified_e5f20076152902f9b102f37b1a83cdc79baea0d42000f6c76a83acfae0e39670_table_1/na_0013 deonticForceBasis SOURCE_STYLE_RULE
Rule_185	?a deonticForce ADVISORY => ?a deonticForceBasis SOURCE_STYLE_RULE	su_verified_e5f20076152902f9b102f37b1a83cdc79baea0d42000f6c76a83acfae0e39670_table_1/na_0012 deonticForce ADVISORY => su_verified_e5f20076152902f9b102f37b1a83cdc79baea0d42000f6c76a83acfae0e39670_table_1/na_0012 deonticForceBasis SOURCE_STYLE_RULE
Rule_185	?a deonticForce ADVISORY => ?a deonticForceBasis SOURCE_STYLE_RULE	ambrosetti-2020-secondary-prevention-comprehensive-cardiovascular-rehabi_n0001/na_0004 deonticForce ADVISORY => ambrosetti-2020-secondary-prevention-comprehensive-cardiovascular-rehabi_n0001/na_0004 deonticForceBasis SOURCE_STYLE_RULE
Rule_185	?a deonticForce ADVISORY => ?a deonticForceBasis SOURCE_STYLE_RULE	mcdonagh-2023-esc-guidelines_n0055/na_0054 deonticForce ADVISORY => mcdonagh-2023-esc-guidelines_n0055/na_0054 deonticForceBasis SOURCE_STYLE_RULE
Rule_185	?a deonticForce ADVISORY => ?a deonticForceBasis SOURCE_STYLE_RULE	van-diepen-2017-contemporary-management-of-cardiogenic-shock_n0008/na_0023 deonticForce ADVISORY => van-diepen-2017-contemporary-management-of-cardiogenic-shock_n0008/na_0023 deonticForceBasis SOURCE_STYLE_RULE
Rule_185	?a deonticForce ADVISORY => ?a deonticForceBasis SOURCE_STYLE_RULE	van-diepen-2017-contemporary-management-of-cardiogenic-shock_n0006/na_0008 deonticForce ADVISORY => van-diepen-2017-contemporary-management-of-cardiogenic-shock_n0006/na_0008 deonticForceBasis SOURCE_STYLE_RULE
Rule_185	?a deonticForce ADVISORY => ?a deonticForceBasis SOURCE_STYLE_RULE	mcdonagh-2023-esc-guidelines_n0068/na_0015 deonticForce ADVISORY => mcdonagh-2023-esc-guidelines_n0068/na_0015 deonticForceBasis SOURCE_STYLE_RULE
Rule_185	?a deonticForce ADVISORY => ?a deonticForceBasis SOURCE_STYLE_RULE	visseren-2021-esc-guidelines-cardiovascular-disease-prevention_n0034/na_0028 deonticForce ADVISORY => visseren-2021-esc-guidelines-cardiovascular-disease-prevention_n0034/na_0028 deonticForceBasis SOURCE_STYLE_RULE
Rule_185	?a deonticForce ADVISORY => ?a deonticForceBasis SOURCE_STYLE_RULE	su_verified_e5f20076152902f9b102f37b1a83cdc79baea0d42000f6c76a83acfae0e39670_table_3/na_0009 deonticForce ADVISORY => su_verified_e5f20076152902f9b102f37b1a83cdc79baea0d42000f6c76a83acfae0e39670_table_3/na_0009 deonticForceBasis SOURCE_STYLE_RULE
Rule_185	?a deonticForce ADVISORY => ?a deonticForceBasis SOURCE_STYLE_RULE	supp-material-esc-guidelines_n0018/na_0019 deonticForce ADVISORY => supp-material-esc-guidelines_n0018/na_0019 deonticForceBasis SOURCE_STYLE_RULE
Rule_185	?a deonticForce ADVISORY => ?a deonticForceBasis SOURCE_STYLE_RULE	bhatt-2021-coronavirus-disease-2019-and-heart-failure_n0001/na_0004 deonticForce ADVISORY => bhatt-2021-coronavirus-disease-2019-and-heart-failure_n0001/na_0004 deonticForceBasis SOURCE_STYLE_RULE
Rule_185	?a deonticForce ADVISORY => ?a deonticForceBasis SOURCE_STYLE_RULE	execut-1_n0008/na_0002 deonticForce ADVISORY => execut-1_n0008/na_0002 deonticForceBasis SOURCE_STYLE_RULE
Rule_185	?a deonticForce ADVISORY => ?a deonticForceBasis SOURCE_STYLE_RULE	zeppenfeld-2022-esc-guidelines-va-and-scd_n0025/na_0009 deonticForce ADVISORY => zeppenfeld-2022-esc-guidelines-va-and-scd_n0025/na_0009 deonticForceBasis SOURCE_STYLE_RULE
Rule_185	?a deonticForce ADVISORY => ?a deonticForceBasis SOURCE_STYLE_RULE	piepoli-2011-exercise-training-in-heart-failure_n0004/na_0009 deonticForce ADVISORY => piepoli-2011-exercise-training-in-heart-failure_n0004/na_0009 deonticForceBasis SOURCE_STYLE_RULE
Rule_185	?a deonticForce ADVISORY => ?a deonticForceBasis SOURCE_STYLE_RULE	su_verified_e5f20076152902f9b102f37b1a83cdc79baea0d42000f6c76a83acfae0e39670_table_4/na_0008 deonticForce ADVISORY => su_verified_e5f20076152902f9b102f37b1a83cdc79baea0d42000f6c76a83acfae0e39670_table_4/na_0008 deonticForceBasis SOURCE_STYLE_RULE
Rule_185	?a deonticForce ADVISORY => ?a deonticForceBasis SOURCE_STYLE_RULE	heidenreich-2022-aha-acc-hfsa-guidelines_n0108/na_0025 deonticForce ADVISORY => heidenreich-2022-aha-acc-hfsa-guidelines_n0108/na_0025 deonticForceBasis SOURCE_STYLE_RULE
Rule_185	?a deonticForce ADVISORY => ?a deonticForceBasis SOURCE_STYLE_RULE	mcdonagh-2023-esc-guidelines_n0028/na_0001 deonticForce ADVISORY => mcdonagh-2023-esc-guidelines_n0028/na_0001 deonticForceBasis SOURCE_STYLE_RULE
Rule_185	?a deonticForce ADVISORY => ?a deonticForceBasis SOURCE_STYLE_RULE	ambrosetti-2020-secondary-prevention-comprehensive-cardiovascular-rehabi_n0001/na_0007 deonticForce ADVISORY => ambrosetti-2020-secondary-prevention-comprehensive-cardiovascular-rehabi_n0001/na_0007 deonticForceBasis SOURCE_STYLE_RULE
Rule_185	?a deonticForce ADVISORY => ?a deonticForceBasis SOURCE_STYLE_RULE	su_verified_e5f20076152902f9b102f37b1a83cdc79baea0d42000f6c76a83acfae0e39670_table_1/na_0009 deonticForce ADVISORY => su_verified_e5f20076152902f9b102f37b1a83cdc79baea0d42000f6c76a83acfae0e39670_table_1/na_0009 deonticForceBasis SOURCE_STYLE_RULE
Rule_185	?a deonticForce ADVISORY => ?a deonticForceBasis SOURCE_STYLE_RULE	piepoli-2011-exercise-training-in-heart-failure_n0004/na_0003 deonticForce ADVISORY => piepoli-2011-exercise-training-in-heart-failure_n0004/na_0003 deonticForceBasis SOURCE_STYLE_RULE
Rule_185	?a deonticForce ADVISORY => ?a deonticForceBasis SOURCE_STYLE_RULE	braunschweig-2010-management-of-patients-receiving-implantable-cardiac-d_n0007/na_0016 deonticForce ADVISORY => braunschweig-2010-management-of-patients-receiving-implantable-cardiac-d_n0007/na_0016 deonticForceBasis SOURCE_STYLE_RULE
Rule_185	?a deonticForce ADVISORY => ?a deonticForceBasis SOURCE_STYLE_RULE	mcdonagh-2023-esc-guidelines_n0055/na_0020 deonticForce ADVISORY => mcdonagh-2023-esc-guidelines_n0055/na_0020 deonticForceBasis SOURCE_STYLE_RULE
Rule_185	?a deonticForce ADVISORY => ?a deonticForceBasis SOURCE_STYLE_RULE	ambrosetti-2020-secondary-prevention-comprehensive-cardiovascular-rehabi_n0007/na_0011 deonticForce ADVISORY => ambrosetti-2020-secondary-prevention-comprehensive-cardiovascular-rehabi_n0007/na_0011 deonticForceBasis SOURCE_STYLE_RULE
Rule_185	?a deonticForce ADVISORY => ?a deonticForceBasis SOURCE_STYLE_RULE	ambrosetti-2020-secondary-prevention-comprehensive-cardiovascular-rehabi_n0001/na_0003 deonticForce ADVISORY => ambrosetti-2020-secondary-prevention-comprehensive-cardiovascular-rehabi_n0001/na_0003 deonticForceBasis SOURCE_STYLE_RULE
Rule_185	?a deonticForce ADVISORY => ?a deonticForceBasis SOURCE_STYLE_RULE	heidenreich-2022-aha-acc-hfsa-guidelines_n0108/na_0010 deonticForce ADVISORY => heidenreich-2022-aha-acc-hfsa-guidelines_n0108/na_0010 deonticForceBasis SOURCE_STYLE_RULE
Rule_185	?a deonticForce ADVISORY => ?a deonticForceBasis SOURCE_STYLE_RULE	mcdonagh-2023-esc-guidelines_n0062/na_0007 deonticForce ADVISORY => mcdonagh-2023-esc-guidelines_n0062/na_0007 deonticForceBasis SOURCE_STYLE_RULE
Rule_185	?a deonticForce ADVISORY => ?a deonticForceBasis SOURCE_STYLE_RULE	zeppenfeld-2022-esc-guidelines-va-and-scd_n0025/na_0026 deonticForce ADVISORY => zeppenfeld-2022-esc-guidelines-va-and-scd_n0025/na_0026 deonticForceBasis SOURCE_STYLE_RULE
Rule_185	?a deonticForce ADVISORY => ?a deonticForceBasis SOURCE_STYLE_RULE	mcdonagh-2023-esc-guidelines_n0055/na_0012 deonticForce ADVISORY => mcdonagh-2023-esc-guidelines_n0055/na_0012 deonticForceBasis SOURCE_STYLE_RULE
Rule_185	?a deonticForce ADVISORY => ?a deonticForceBasis SOURCE_STYLE_RULE	regitz-zagrosek-2018-2018-esc-guideline-for-the-management-of-cardiovasc_n0014/na_0020 deonticForce ADVISORY => regitz-zagrosek-2018-2018-esc-guideline-for-the-management-of-cardiovasc_n0014/na_0020 deonticForceBasis SOURCE_STYLE_RULE
Rule_185	?a deonticForce ADVISORY => ?a deonticForceBasis SOURCE_STYLE_RULE	visseren-2021-esc-guidelines-cardiovascular-disease-prevention_n0034/na_0011 deonticForce ADVISORY => visseren-2021-esc-guidelines-cardiovascular-disease-prevention_n0034/na_0011 deonticForceBasis SOURCE_STYLE_RULE
Rule_185	?a deonticForce ADVISORY => ?a deonticForceBasis SOURCE_STYLE_RULE	mcdonagh-2023-esc-guidelines_n0084/na_0016 deonticForce ADVISORY => mcdonagh-2023-esc-guidelines_n0084/na_0016 deonticForceBasis SOURCE_STYLE_RULE
Rule_185	?a deonticForce ADVISORY => ?a deonticForceBasis SOURCE_STYLE_RULE	cardiosmart-decision-aid-icd-for-hf_n0002/na_0003 deonticForce ADVISORY => cardiosmart-decision-aid-icd-for-hf_n0002/na_0003 deonticForceBasis SOURCE_STYLE_RULE
Rule_185	?a deonticForce ADVISORY => ?a deonticForceBasis SOURCE_STYLE_RULE	su_verified_0074e29f31a1f0feb082e0064bee46f60bf6b5ae3f8703d1231341374ed97e52_table_1/na_0033 deonticForce ADVISORY => su_verified_0074e29f31a1f0feb082e0064bee46f60bf6b5ae3f8703d1231341374ed97e52_table_1/na_0033 deonticForceBasis SOURCE_STYLE_RULE
Rule_185	?a deonticForce ADVISORY => ?a deonticForceBasis SOURCE_STYLE_RULE	ambrosetti-2020-secondary-prevention-comprehensive-cardiovascular-rehabi_n0006/na_0006 deonticForce ADVISORY => ambrosetti-2020-secondary-prevention-comprehensive-cardiovascular-rehabi_n0006/na_0006 deonticForceBasis SOURCE_STYLE_RULE
Rule_185	?a deonticForce ADVISORY => ?a deonticForceBasis SOURCE_STYLE_RULE	supp-material-esc-guidelines_n0019/na_0004 deonticForce ADVISORY => supp-material-esc-guidelines_n0019/na_0004 deonticForceBasis SOURCE_STYLE_RULE
Rule_185	?a deonticForce ADVISORY => ?a deonticForceBasis SOURCE_STYLE_RULE	su_verified_e5f20076152902f9b102f37b1a83cdc79baea0d42000f6c76a83acfae0e39670_table_4/na_0020 deonticForce ADVISORY => su_verified_e5f20076152902f9b102f37b1a83cdc79baea0d42000f6c76a83acfae0e39670_table_4/na_0020 deonticForceBasis SOURCE_STYLE_RULE
Rule_185	?a deonticForce ADVISORY => ?a deonticForceBasis SOURCE_STYLE_RULE	von-knobelsdorff-brenkenhoff-2019-empfehlungen-zu-kardialen-mrtuntersuch_n0001/na_0004 deonticForce ADVISORY => von-knobelsdorff-brenkenhoff-2019-empfehlungen-zu-kardialen-mrtuntersuch_n0001/na_0004 deonticForceBasis SOURCE_STYLE_RULE
Rule_185	?a deonticForce ADVISORY => ?a deonticForceBasis SOURCE_STYLE_RULE	heidenreich-2022-aha-acc-hfsa-guidelines_n0108/na_0014 deonticForce ADVISORY => heidenreich-2022-aha-acc-hfsa-guidelines_n0108/na_0014 deonticForceBasis SOURCE_STYLE_RULE
Rule_185	?a deonticForce ADVISORY => ?a deonticForceBasis SOURCE_STYLE_RULE	su_verified_e5f20076152902f9b102f37b1a83cdc79baea0d42000f6c76a83acfae0e39670_table_4/na_0014 deonticForce ADVISORY => su_verified_e5f20076152902f9b102f37b1a83cdc79baea0d42000f6c76a83acfae0e39670_table_4/na_0014 deonticForceBasis SOURCE_STYLE_RULE
Rule_185	?a deonticForce ADVISORY => ?a deonticForceBasis SOURCE_STYLE_RULE	maddox-2021-2021-update-to-the-2017-acc-expert-consensus-decision-pathwa_n0006/na_0003 deonticForce ADVISORY => maddox-2021-2021-update-to-the-2017-acc-expert-consensus-decision-pathwa_n0006/na_0003 deonticForceBasis SOURCE_STYLE_RULE
Rule_185	?a deonticForce ADVISORY => ?a deonticForceBasis SOURCE_STYLE_RULE	ambrosetti-2020-secondary-prevention-comprehensive-cardiovascular-rehabi_n0013/na_0020 deonticForce ADVISORY => ambrosetti-2020-secondary-prevention-comprehensive-cardiovascular-rehabi_n0013/na_0020 deonticForceBasis SOURCE_STYLE_RULE
Rule_185	?a deonticForce ADVISORY => ?a deonticForceBasis SOURCE_STYLE_RULE	execut-1_n0019/na_0007 deonticForce ADVISORY => execut-1_n0019/na_0007 deonticForceBasis SOURCE_STYLE_RULE
Rule_185	?a deonticForce ADVISORY => ?a deonticForceBasis SOURCE_STYLE_RULE	supp-material-esc-guidelines_n0018/na_0026 deonticForce ADVISORY => supp-material-esc-guidelines_n0018/na_0026 deonticForceBasis SOURCE_STYLE_RULE
Rule_185	?a deonticForce ADVISORY => ?a deonticForceBasis SOURCE_STYLE_RULE	regitz-zagrosek-2018-2018-esc-guideline-for-the-management-of-cardiovasc_n0014/na_0007 deonticForce ADVISORY => regitz-zagrosek-2018-2018-esc-guideline-for-the-management-of-cardiovasc_n0014/na_0007 deonticForceBasis SOURCE_STYLE_RULE
Rule_185	?a deonticForce ADVISORY => ?a deonticForceBasis SOURCE_STYLE_RULE	mcdonagh-2023-esc-guidelines_n0028/na_0003 deonticForce ADVISORY => mcdonagh-2023-esc-guidelines_n0028/na_0003 deonticForceBasis SOURCE_STYLE_RULE
Rule_185	?a deonticForce ADVISORY => ?a deonticForceBasis SOURCE_STYLE_RULE	ambrosetti-2020-secondary-prevention-comprehensive-cardiovascular-rehabi_n0015/na_0012 deonticForce ADVISORY => ambrosetti-2020-secondary-prevention-comprehensive-cardiovascular-rehabi_n0015/na_0012 deonticForceBasis SOURCE_STYLE_RULE
Rule_185	?a deonticForce ADVISORY => ?a deonticForceBasis SOURCE_STYLE_RULE	riegel-2009-promoting-self-care-in-persons-with-heart-failure_n0004/na_0029 deonticForce ADVISORY => riegel-2009-promoting-self-care-in-persons-with-heart-failure_n0004/na_0029 deonticForceBasis SOURCE_STYLE_RULE
Rule_185	?a deonticForce ADVISORY => ?a deonticForceBasis SOURCE_STYLE_RULE	von-knobelsdorff-brenkenhoff-2019-empfehlungen-zu-kardialen-mrtuntersuch_n0001/na_0003 deonticForce ADVISORY => von-knobelsdorff-brenkenhoff-2019-empfehlungen-zu-kardialen-mrtuntersuch_n0001/na_0003 deonticForceBasis SOURCE_STYLE_RULE
Rule_185	?a deonticForce ADVISORY => ?a deonticForceBasis SOURCE_STYLE_RULE	su_verified_6ed52cdf724db04223b4d1c2e62f3c35f6b42bc19bc5e3198277d681d47e1eb9_table_25/na_0009 deonticForce ADVISORY => su_verified_6ed52cdf724db04223b4d1c2e62f3c35f6b42bc19bc5e3198277d681d47e1eb9_table_25/na_0009 deonticForceBasis SOURCE_STYLE_RULE
Rule_185	?a deonticForce ADVISORY => ?a deonticForceBasis SOURCE_STYLE_RULE	van-diepen-2017-contemporary-management-of-cardiogenic-shock_n0006/na_0010 deonticForce ADVISORY => van-diepen-2017-contemporary-management-of-cardiogenic-shock_n0006/na_0010 deonticForceBasis SOURCE_STYLE_RULE
Rule_185	?a deonticForce ADVISORY => ?a deonticForceBasis SOURCE_STYLE_RULE	riegel-2009-promoting-self-care-in-persons-with-heart-failure_n0002/na_0013 deonticForce ADVISORY => riegel-2009-promoting-self-care-in-persons-with-heart-failure_n0002/na_0013 deonticForceBasis SOURCE_STYLE_RULE
Rule_185	?a deonticForce ADVISORY => ?a deonticForceBasis SOURCE_STYLE_RULE	su_verified_6ed52cdf724db04223b4d1c2e62f3c35f6b42bc19bc5e3198277d681d47e1eb9_table_25/na_0010 deonticForce ADVISORY => su_verified_6ed52cdf724db04223b4d1c2e62f3c35f6b42bc19bc5e3198277d681d47e1eb9_table_25/na_0010 deonticForceBasis SOURCE_STYLE_RULE
Rule_185	?a deonticForce ADVISORY => ?a deonticForceBasis SOURCE_STYLE_RULE	ambrosetti-2020-secondary-prevention-comprehensive-cardiovascular-rehabi_n0013/na_0032 deonticForce ADVISORY => ambrosetti-2020-secondary-prevention-comprehensive-cardiovascular-rehabi_n0013/na_0032 deonticForceBasis SOURCE_STYLE_RULE
Rule_185	?a deonticForce ADVISORY => ?a deonticForceBasis SOURCE_STYLE_RULE	execut-1_n0019/na_0014 deonticForce ADVISORY => execut-1_n0019/na_0014 deonticForceBasis SOURCE_STYLE_RULE
Rule_185	?a deonticForce ADVISORY => ?a deonticForceBasis SOURCE_STYLE_RULE	sedf99-1_n0001/na_0007 deonticForce ADVISORY => sedf99-1_n0001/na_0007 deonticForceBasis SOURCE_STYLE_RULE
Rule_185	?a deonticForce ADVISORY => ?a deonticForceBasis SOURCE_STYLE_RULE	von-knobelsdorff-brenkenhoff-2019-empfehlungen-zu-kardialen-mrtuntersuch_n0001/na_0013 deonticForce ADVISORY => von-knobelsdorff-brenkenhoff-2019-empfehlungen-zu-kardialen-mrtuntersuch_n0001/na_0013 deonticForceBasis SOURCE_STYLE_RULE
Rule_185	?a deonticForce ADVISORY => ?a deonticForceBasis SOURCE_STYLE_RULE	van-diepen-2017-contemporary-management-of-cardiogenic-shock_n0004/na_0001 deonticForce ADVISORY => van-diepen-2017-contemporary-management-of-cardiogenic-shock_n0004/na_0001 deonticForceBasis SOURCE_STYLE_RULE
Rule_185	?a deonticForce ADVISORY => ?a deonticForceBasis SOURCE_STYLE_RULE	lenarczyk-2024-management-of-patients-with-an-electrical-storm-or-cluste_n0010/na_0006 deonticForce ADVISORY => lenarczyk-2024-management-of-patients-with-an-electrical-storm-or-cluste_n0010/na_0006 deonticForceBasis SOURCE_STYLE_RULE
Rule_185	?a deonticForce ADVISORY => ?a deonticForceBasis SOURCE_STYLE_RULE	ambrosetti-2020-secondary-prevention-comprehensive-cardiovascular-rehabi_n0012/na_0010 deonticForce ADVISORY => ambrosetti-2020-secondary-prevention-comprehensive-cardiovascular-rehabi_n0012/na_0010 deonticForceBasis SOURCE_STYLE_RULE
Rule_185	?a deonticForce ADVISORY => ?a deonticForceBasis SOURCE_STYLE_RULE	su_verified_6ed52cdf724db04223b4d1c2e62f3c35f6b42bc19bc5e3198277d681d47e1eb9_table_25/na_0004 deonticForce ADVISORY => su_verified_6ed52cdf724db04223b4d1c2e62f3c35f6b42bc19bc5e3198277d681d47e1eb9_table_25/na_0004 deonticForceBasis SOURCE_STYLE_RULE
Rule_185	?a deonticForce ADVISORY => ?a deonticForceBasis SOURCE_STYLE_RULE	su_verified_e5f20076152902f9b102f37b1a83cdc79baea0d42000f6c76a83acfae0e39670_table_4/na_0019 deonticForce ADVISORY => su_verified_e5f20076152902f9b102f37b1a83cdc79baea0d42000f6c76a83acfae0e39670_table_4/na_0019 deonticForceBasis SOURCE_STYLE_RULE
Rule_185	?a deonticForce ADVISORY => ?a deonticForceBasis SOURCE_STYLE_RULE	visseren-2021-esc-guidelines-cardiovascular-disease-prevention_n0034/na_0015 deonticForce ADVISORY => visseren-2021-esc-guidelines-cardiovascular-disease-prevention_n0034/na_0015 deonticForceBasis SOURCE_STYLE_RULE
Rule_185	?a deonticForce ADVISORY => ?a deonticForceBasis SOURCE_STYLE_RULE	van-diepen-2017-contemporary-management-of-cardiogenic-shock_n0004/na_0006 deonticForce ADVISORY => van-diepen-2017-contemporary-management-of-cardiogenic-shock_n0004/na_0006 deonticForceBasis SOURCE_STYLE_RULE
Rule_185	?a deonticForce ADVISORY => ?a deonticForceBasis SOURCE_STYLE_RULE	glikson-2021-2021-esc-guidelines-on-cardiac-pacing-and-cardiac-resynchro_n0079/na_0002 deonticForce ADVISORY => glikson-2021-2021-esc-guidelines-on-cardiac-pacing-and-cardiac-resynchro_n0079/na_0002 deonticForceBasis SOURCE_STYLE_RULE
Rule_185	?a deonticForce ADVISORY => ?a deonticForceBasis SOURCE_STYLE_RULE	zeppenfeld-2022-esc-guidelines-va-and-scd_n0056/na_0018 deonticForce ADVISORY => zeppenfeld-2022-esc-guidelines-va-and-scd_n0056/na_0018 deonticForceBasis SOURCE_STYLE_RULE
Rule_185	?a deonticForce ADVISORY => ?a deonticForceBasis SOURCE_STYLE_RULE	ambrosetti-2020-secondary-prevention-comprehensive-cardiovascular-rehabi_n0001/na_0025 deonticForce ADVISORY => ambrosetti-2020-secondary-prevention-comprehensive-cardiovascular-rehabi_n0001/na_0025 deonticForceBasis SOURCE_STYLE_RULE
Rule_185	?a deonticForce ADVISORY => ?a deonticForceBasis SOURCE_STYLE_RULE	mcdonagh-2023-esc-guidelines_n0062/na_0008 deonticForce ADVISORY => mcdonagh-2023-esc-guidelines_n0062/na_0008 deonticForceBasis SOURCE_STYLE_RULE
Rule_185	?a deonticForce ADVISORY => ?a deonticForceBasis SOURCE_STYLE_RULE	mcdonagh-2023-esc-guidelines_n0062/na_0013 deonticForce ADVISORY => mcdonagh-2023-esc-guidelines_n0062/na_0013 deonticForceBasis SOURCE_STYLE_RULE
Rule_185	?a deonticForce ADVISORY => ?a deonticForceBasis SOURCE_STYLE_RULE	heidenreich-2022-aha-acc-hfsa-guidelines_n0108/na_0023 deonticForce ADVISORY => heidenreich-2022-aha-acc-hfsa-guidelines_n0108/na_0023 deonticForceBasis SOURCE_STYLE_RULE
Rule_185	?a deonticForce ADVISORY => ?a deonticForceBasis SOURCE_STYLE_RULE	su_verified_0074e29f31a1f0feb082e0064bee46f60bf6b5ae3f8703d1231341374ed97e52_table_1/na_0055 deonticForce ADVISORY => su_verified_0074e29f31a1f0feb082e0064bee46f60bf6b5ae3f8703d1231341374ed97e52_table_1/na_0055 deonticForceBasis SOURCE_STYLE_RULE
Rule_185	?a deonticForce ADVISORY => ?a deonticForceBasis SOURCE_STYLE_RULE	van-diepen-2017-contemporary-management-of-cardiogenic-shock_n0008/na_0007 deonticForce ADVISORY => van-diepen-2017-contemporary-management-of-cardiogenic-shock_n0008/na_0007 deonticForceBasis SOURCE_STYLE_RULE
Rule_185	?a deonticForce ADVISORY => ?a deonticForceBasis SOURCE_STYLE_RULE	zeppenfeld-2022-esc-guidelines-va-and-scd_n0056/na_0009 deonticForce ADVISORY => zeppenfeld-2022-esc-guidelines-va-and-scd_n0056/na_0009 deonticForceBasis SOURCE_STYLE_RULE
Rule_185	?a deonticForce ADVISORY => ?a deonticForceBasis SOURCE_STYLE_RULE	supp-material-esc-guidelines_n0018/na_0012 deonticForce ADVISORY => supp-material-esc-guidelines_n0018/na_0012 deonticForceBasis SOURCE_STYLE_RULE
Rule_185	?a deonticForce ADVISORY => ?a deonticForceBasis SOURCE_STYLE_RULE	su_verified_e5f20076152902f9b102f37b1a83cdc79baea0d42000f6c76a83acfae0e39670_table_2/na_0006 deonticForce ADVISORY => su_verified_e5f20076152902f9b102f37b1a83cdc79baea0d42000f6c76a83acfae0e39670_table_2/na_0006 deonticForceBasis SOURCE_STYLE_RULE
Rule_185	?a deonticForce ADVISORY => ?a deonticForceBasis SOURCE_STYLE_RULE	mcdonagh-2023-esc-guidelines_n0089/na_0008 deonticForce ADVISORY => mcdonagh-2023-esc-guidelines_n0089/na_0008 deonticForceBasis SOURCE_STYLE_RULE
Rule_185	?a deonticForce ADVISORY => ?a deonticForceBasis SOURCE_STYLE_RULE	maddox-2021-2021-update-to-the-2017-acc-expert-consensus-decision-pathwa_n0010/na_0018 deonticForce ADVISORY => maddox-2021-2021-update-to-the-2017-acc-expert-consensus-decision-pathwa_n0010/na_0018 deonticForceBasis SOURCE_STYLE_RULE
Rule_185	?a deonticForce ADVISORY => ?a deonticForceBasis SOURCE_STYLE_RULE	glikson-2021-2021-esc-guidelines-on-cardiac-pacing-and-cardiac-resynchro_n0079/na_0006 deonticForce ADVISORY => glikson-2021-2021-esc-guidelines-on-cardiac-pacing-and-cardiac-resynchro_n0079/na_0006 deonticForceBasis SOURCE_STYLE_RULE
Rule_185	?a deonticForce ADVISORY => ?a deonticForceBasis SOURCE_STYLE_RULE	mcdonagh-2023-esc-guidelines_n0068/na_0016 deonticForce ADVISORY => mcdonagh-2023-esc-guidelines_n0068/na_0016 deonticForceBasis SOURCE_STYLE_RULE
Rule_185	?a deonticForce ADVISORY => ?a deonticForceBasis SOURCE_STYLE_RULE	ambrosetti-2020-secondary-prevention-comprehensive-cardiovascular-rehabi_n0014/na_0015 deonticForce ADVISORY => ambrosetti-2020-secondary-prevention-comprehensive-cardiovascular-rehabi_n0014/na_0015 deonticForceBasis SOURCE_STYLE_RULE
Rule_185	?a deonticForce ADVISORY => ?a deonticForceBasis SOURCE_STYLE_RULE	su_verified_6ed52cdf724db04223b4d1c2e62f3c35f6b42bc19bc5e3198277d681d47e1eb9_table_25/na_0015 deonticForce ADVISORY => su_verified_6ed52cdf724db04223b4d1c2e62f3c35f6b42bc19bc5e3198277d681d47e1eb9_table_25/na_0015 deonticForceBasis SOURCE_STYLE_RULE
Rule_185	?a deonticForce ADVISORY => ?a deonticForceBasis SOURCE_STYLE_RULE	execut-1_n0021/na_0008 deonticForce ADVISORY => execut-1_n0021/na_0008 deonticForceBasis SOURCE_STYLE_RULE
Rule_185	?a deonticForce ADVISORY => ?a deonticForceBasis SOURCE_STYLE_RULE	piepoli-2011-exercise-training-in-heart-failure_n0004/na_0017 deonticForce ADVISORY => piepoli-2011-exercise-training-in-heart-failure_n0004/na_0017 deonticForceBasis SOURCE_STYLE_RULE
Rule_185	?a deonticForce ADVISORY => ?a deonticForceBasis SOURCE_STYLE_RULE	mcdonagh-2023-esc-guidelines_n0067/na_0007 deonticForce ADVISORY => mcdonagh-2023-esc-guidelines_n0067/na_0007 deonticForceBasis SOURCE_STYLE_RULE
Rule_185	?a deonticForce ADVISORY => ?a deonticForceBasis SOURCE_STYLE_RULE	ambrosetti-2020-secondary-prevention-comprehensive-cardiovascular-rehabi_n0008/na_0010 deonticForce ADVISORY => ambrosetti-2020-secondary-prevention-comprehensive-cardiovascular-rehabi_n0008/na_0010 deonticForceBasis SOURCE_STYLE_RULE
Rule_185	?a deonticForce ADVISORY => ?a deonticForceBasis SOURCE_STYLE_RULE	riegel-2009-promoting-self-care-in-persons-with-heart-failure_n0004/na_0006 deonticForce ADVISORY => riegel-2009-promoting-self-care-in-persons-with-heart-failure_n0004/na_0006 deonticForceBasis SOURCE_STYLE_RULE
Rule_185	?a deonticForce ADVISORY => ?a deonticForceBasis SOURCE_STYLE_RULE	visseren-2021-esc-guidelines-cardiovascular-disease-prevention_n0034/na_0024 deonticForce ADVISORY => visseren-2021-esc-guidelines-cardiovascular-disease-prevention_n0034/na_0024 deonticForceBasis SOURCE_STYLE_RULE
Rule_185	?a deonticForce ADVISORY => ?a deonticForceBasis SOURCE_STYLE_RULE	regitz-zagrosek-2018-2018-esc-guideline-for-the-management-of-cardiovasc_n0014/na_0017 deonticForce ADVISORY => regitz-zagrosek-2018-2018-esc-guideline-for-the-management-of-cardiovasc_n0014/na_0017 deonticForceBasis SOURCE_STYLE_RULE
Rule_185	?a deonticForce ADVISORY => ?a deonticForceBasis SOURCE_STYLE_RULE	supp-material-esc-guidelines_n0019/na_0009 deonticForce ADVISORY => supp-material-esc-guidelines_n0019/na_0009 deonticForceBasis SOURCE_STYLE_RULE
Rule_185	?a deonticForce ADVISORY => ?a deonticForceBasis SOURCE_STYLE_RULE	su_verified_e5f20076152902f9b102f37b1a83cdc79baea0d42000f6c76a83acfae0e39670_table_3/na_0001 deonticForce ADVISORY => su_verified_e5f20076152902f9b102f37b1a83cdc79baea0d42000f6c76a83acfae0e39670_table_3/na_0001 deonticForceBasis SOURCE_STYLE_RULE
Rule_185	?a deonticForce ADVISORY => ?a deonticForceBasis SOURCE_STYLE_RULE	page-2016-drugs-that-may-cause-or-exacerbate-heart-failure_n0001/na_0019 deonticForce ADVISORY => page-2016-drugs-that-may-cause-or-exacerbate-heart-failure_n0001/na_0019 deonticForceBasis SOURCE_STYLE_RULE
Rule_185	?a deonticForce ADVISORY => ?a deonticForceBasis SOURCE_STYLE_RULE	riegel-2009-promoting-self-care-in-persons-with-heart-failure_n0004/na_0017 deonticForce ADVISORY => riegel-2009-promoting-self-care-in-persons-with-heart-failure_n0004/na_0017 deonticForceBasis SOURCE_STYLE_RULE
Rule_185	?a deonticForce ADVISORY => ?a deonticForceBasis SOURCE_STYLE_RULE	visseren-2021-esc-guidelines-cardiovascular-disease-prevention_n0034/na_0033 deonticForce ADVISORY => visseren-2021-esc-guidelines-cardiovascular-disease-prevention_n0034/na_0033 deonticForceBasis SOURCE_STYLE_RULE
Rule_185	?a deonticForce ADVISORY => ?a deonticForceBasis SOURCE_STYLE_RULE	su_verified_e5f20076152902f9b102f37b1a83cdc79baea0d42000f6c76a83acfae0e39670_table_4/na_0023 deonticForce ADVISORY => su_verified_e5f20076152902f9b102f37b1a83cdc79baea0d42000f6c76a83acfae0e39670_table_4/na_0023 deonticForceBasis SOURCE_STYLE_RULE
Rule_185	?a deonticForce ADVISORY => ?a deonticForceBasis SOURCE_STYLE_RULE	su_verified_e5f20076152902f9b102f37b1a83cdc79baea0d42000f6c76a83acfae0e39670_table_2/na_0016 deonticForce ADVISORY => su_verified_e5f20076152902f9b102f37b1a83cdc79baea0d42000f6c76a83acfae0e39670_table_2/na_0016 deonticForceBasis SOURCE_STYLE_RULE
Rule_185	?a deonticForce ADVISORY => ?a deonticForceBasis SOURCE_STYLE_RULE	mcdonagh-2023-esc-guidelines_n0055/na_0056 deonticForce ADVISORY => mcdonagh-2023-esc-guidelines_n0055/na_0056 deonticForceBasis SOURCE_STYLE_RULE
Rule_185	?a deonticForce ADVISORY => ?a deonticForceBasis SOURCE_STYLE_RULE	vest-2019-nutrition-obesity-and-cachexia-in-patients-with-heart-failure_n0006/na_0004 deonticForce ADVISORY => vest-2019-nutrition-obesity-and-cachexia-in-patients-with-heart-failure_n0006/na_0004 deonticForceBasis SOURCE_STYLE_RULE
Rule_185	?a deonticForce ADVISORY => ?a deonticForceBasis SOURCE_STYLE_RULE	lenarczyk-2024-management-of-patients-with-an-electrical-storm-or-cluste_n0010/na_0004 deonticForce ADVISORY => lenarczyk-2024-management-of-patients-with-an-electrical-storm-or-cluste_n0010/na_0004 deonticForceBasis SOURCE_STYLE_RULE
Rule_185	?a deonticForce ADVISORY => ?a deonticForceBasis SOURCE_STYLE_RULE	van-diepen-2017-contemporary-management-of-cardiogenic-shock_n0008/na_0005 deonticForce ADVISORY => van-diepen-2017-contemporary-management-of-cardiogenic-shock_n0008/na_0005 deonticForceBasis SOURCE_STYLE_RULE
Rule_185	?a deonticForce ADVISORY => ?a deonticForceBasis SOURCE_STYLE_RULE	supp-material-esc-guidelines_n0018/na_0022 deonticForce ADVISORY => supp-material-esc-guidelines_n0018/na_0022 deonticForceBasis SOURCE_STYLE_RULE
Rule_185	?a deonticForce ADVISORY => ?a deonticForceBasis SOURCE_STYLE_RULE	mcdonagh-2023-esc-guidelines_n0062/na_0005 deonticForce ADVISORY => mcdonagh-2023-esc-guidelines_n0062/na_0005 deonticForceBasis SOURCE_STYLE_RULE
Rule_185	?a deonticForce ADVISORY => ?a deonticForceBasis SOURCE_STYLE_RULE	tsutsui-2023-natriuretic-peptides-role-in-the-diagnosis-and-management-o_n0001/na_0001 deonticForce ADVISORY => tsutsui-2023-natriuretic-peptides-role-in-the-diagnosis-and-management-o_n0001/na_0001 deonticForceBasis SOURCE_STYLE_RULE
Rule_185	?a deonticForce ADVISORY => ?a deonticForceBasis SOURCE_STYLE_RULE	visseren-2021-esc-guidelines-cardiovascular-disease-prevention_n0030/na_0004 deonticForce ADVISORY => visseren-2021-esc-guidelines-cardiovascular-disease-prevention_n0030/na_0004 deonticForceBasis SOURCE_STYLE_RULE
Rule_185	?a deonticForce ADVISORY => ?a deonticForceBasis SOURCE_STYLE_RULE	von-knobelsdorff-brenkenhoff-2019-empfehlungen-zu-kardialen-mrtuntersuch_n0001/na_0008 deonticForce ADVISORY => von-knobelsdorff-brenkenhoff-2019-empfehlungen-zu-kardialen-mrtuntersuch_n0001/na_0008 deonticForceBasis SOURCE_STYLE_RULE
Rule_185	?a deonticForce ADVISORY => ?a deonticForceBasis SOURCE_STYLE_RULE	vest-2019-nutrition-obesity-and-cachexia-in-patients-with-heart-failure_n0001/na_0001 deonticForce ADVISORY => vest-2019-nutrition-obesity-and-cachexia-in-patients-with-heart-failure_n0001/na_0001 deonticForceBasis SOURCE_STYLE_RULE
Rule_185	?a deonticForce ADVISORY => ?a deonticForceBasis SOURCE_STYLE_RULE	su_verified_e5f20076152902f9b102f37b1a83cdc79baea0d42000f6c76a83acfae0e39670_table_4/na_0033 deonticForce ADVISORY => su_verified_e5f20076152902f9b102f37b1a83cdc79baea0d42000f6c76a83acfae0e39670_table_4/na_0033 deonticForceBasis SOURCE_STYLE_RULE
Rule_185	?a deonticForce ADVISORY => ?a deonticForceBasis SOURCE_STYLE_RULE	visseren-2021-esc-guidelines-cardiovascular-disease-prevention_n0057/na_0007 deonticForce ADVISORY => visseren-2021-esc-guidelines-cardiovascular-disease-prevention_n0057/na_0007 deonticForceBasis SOURCE_STYLE_RULE
Rule_185	?a deonticForce ADVISORY => ?a deonticForceBasis SOURCE_STYLE_RULE	ambrosetti-2020-secondary-prevention-comprehensive-cardiovascular-rehabi_n0012/na_0022 deonticForce ADVISORY => ambrosetti-2020-secondary-prevention-comprehensive-cardiovascular-rehabi_n0012/na_0022 deonticForceBasis SOURCE_STYLE_RULE
Rule_185	?a deonticForce ADVISORY => ?a deonticForceBasis SOURCE_STYLE_RULE	ambrosetti-2020-secondary-prevention-comprehensive-cardiovascular-rehabi_n0015/na_0005 deonticForce ADVISORY => ambrosetti-2020-secondary-prevention-comprehensive-cardiovascular-rehabi_n0015/na_0005 deonticForceBasis SOURCE_STYLE_RULE
Rule_185	?a deonticForce ADVISORY => ?a deonticForceBasis SOURCE_STYLE_RULE	mcdonagh-2023-esc-guidelines_n0067/na_0002 deonticForce ADVISORY => mcdonagh-2023-esc-guidelines_n0067/na_0002 deonticForceBasis SOURCE_STYLE_RULE
Rule_185	?a deonticForce ADVISORY => ?a deonticForceBasis SOURCE_STYLE_RULE	seb24c-1_n0004/na_0004 deonticForce ADVISORY => seb24c-1_n0004/na_0004 deonticForceBasis SOURCE_STYLE_RULE
Rule_185	?a deonticForce ADVISORY => ?a deonticForceBasis SOURCE_STYLE_RULE	vijgen-2009-updated-recommendations-for-driving-by-patients-with-implant_n0005/na_0001 deonticForce ADVISORY => vijgen-2009-updated-recommendations-for-driving-by-patients-with-implant_n0005/na_0001 deonticForceBasis SOURCE_STYLE_RULE
Rule_185	?a deonticForce ADVISORY => ?a deonticForceBasis SOURCE_STYLE_RULE	supp-material-esc-guidelines_n0019/na_0006 deonticForce ADVISORY => supp-material-esc-guidelines_n0019/na_0006 deonticForceBasis SOURCE_STYLE_RULE
Rule_185	?a deonticForce ADVISORY => ?a deonticForceBasis SOURCE_STYLE_RULE	ambrosetti-2020-secondary-prevention-comprehensive-cardiovascular-rehabi_n0001/na_0023 deonticForce ADVISORY => ambrosetti-2020-secondary-prevention-comprehensive-cardiovascular-rehabi_n0001/na_0023 deonticForceBasis SOURCE_STYLE_RULE
Rule_185	?a deonticForce ADVISORY => ?a deonticForceBasis SOURCE_STYLE_RULE	vest-2019-nutrition-obesity-and-cachexia-in-patients-with-heart-failure_n0001/na_0002 deonticForce ADVISORY => vest-2019-nutrition-obesity-and-cachexia-in-patients-with-heart-failure_n0001/na_0002 deonticForceBasis SOURCE_STYLE_RULE
Rule_185	?a deonticForce ADVISORY => ?a deonticForceBasis SOURCE_STYLE_RULE	sedf99-1_n0001/na_0006 deonticForce ADVISORY => sedf99-1_n0001/na_0006 deonticForceBasis SOURCE_STYLE_RULE
Rule_185	?a deonticForce ADVISORY => ?a deonticForceBasis SOURCE_STYLE_RULE	riegel-2009-promoting-self-care-in-persons-with-heart-failure_n0004/na_0013 deonticForce ADVISORY => riegel-2009-promoting-self-care-in-persons-with-heart-failure_n0004/na_0013 deonticForceBasis SOURCE_STYLE_RULE
Rule_185	?a deonticForce ADVISORY => ?a deonticForceBasis SOURCE_STYLE_RULE	mullens-2019-the-use-of-diuretics-in-heart-failure-with-congestion_n0004/na_0004 deonticForce ADVISORY => mullens-2019-the-use-of-diuretics-in-heart-failure-with-congestion_n0004/na_0004 deonticForceBasis SOURCE_STYLE_RULE
Rule_185	?a deonticForce ADVISORY => ?a deonticForceBasis SOURCE_STYLE_RULE	supp-material-esc-guidelines_n0018/na_0021 deonticForce ADVISORY => supp-material-esc-guidelines_n0018/na_0021 deonticForceBasis SOURCE_STYLE_RULE
Rule_185	?a deonticForce ADVISORY => ?a deonticForceBasis SOURCE_STYLE_RULE	ambrosetti-2020-secondary-prevention-comprehensive-cardiovascular-rehabi_n0010/na_0001 deonticForce ADVISORY => ambrosetti-2020-secondary-prevention-comprehensive-cardiovascular-rehabi_n0010/na_0001 deonticForceBasis SOURCE_STYLE_RULE
Rule_185	?a deonticForce ADVISORY => ?a deonticForceBasis SOURCE_STYLE_RULE	su_verified_6ed52cdf724db04223b4d1c2e62f3c35f6b42bc19bc5e3198277d681d47e1eb9_table_5/na_0003 deonticForce ADVISORY => su_verified_6ed52cdf724db04223b4d1c2e62f3c35f6b42bc19bc5e3198277d681d47e1eb9_table_5/na_0003 deonticForceBasis SOURCE_STYLE_RULE
Rule_185	?a deonticForce ADVISORY => ?a deonticForceBasis SOURCE_STYLE_RULE	su_verified_e5f20076152902f9b102f37b1a83cdc79baea0d42000f6c76a83acfae0e39670_table_3/na_0004 deonticForce ADVISORY => su_verified_e5f20076152902f9b102f37b1a83cdc79baea0d42000f6c76a83acfae0e39670_table_3/na_0004 deonticForceBasis SOURCE_STYLE_RULE
Rule_185	?a deonticForce ADVISORY => ?a deonticForceBasis SOURCE_STYLE_RULE	heidenreich-2022-aha-acc-hfsa-guidelines_n0083/na_0001 deonticForce ADVISORY => heidenreich-2022-aha-acc-hfsa-guidelines_n0083/na_0001 deonticForceBasis SOURCE_STYLE_RULE
Rule_185	?a deonticForce ADVISORY => ?a deonticForceBasis SOURCE_STYLE_RULE	su_verified_6ed52cdf724db04223b4d1c2e62f3c35f6b42bc19bc5e3198277d681d47e1eb9_table_7/na_0004 deonticForce ADVISORY => su_verified_6ed52cdf724db04223b4d1c2e62f3c35f6b42bc19bc5e3198277d681d47e1eb9_table_7/na_0004 deonticForceBasis SOURCE_STYLE_RULE
Rule_185	?a deonticForce ADVISORY => ?a deonticForceBasis SOURCE_STYLE_RULE	tsutsui-2023-natriuretic-peptides-role-in-the-diagnosis-and-management-o_n0001/na_0009 deonticForce ADVISORY => tsutsui-2023-natriuretic-peptides-role-in-the-diagnosis-and-management-o_n0001/na_0009 deonticForceBasis SOURCE_STYLE_RULE
Rule_185	?a deonticForce ADVISORY => ?a deonticForceBasis SOURCE_STYLE_RULE	vest-2019-nutrition-obesity-and-cachexia-in-patients-with-heart-failure_n0006/na_0002 deonticForce ADVISORY => vest-2019-nutrition-obesity-and-cachexia-in-patients-with-heart-failure_n0006/na_0002 deonticForceBasis SOURCE_STYLE_RULE
Rule_185	?a deonticForce ADVISORY => ?a deonticForceBasis SOURCE_STYLE_RULE	su_verified_e5f20076152902f9b102f37b1a83cdc79baea0d42000f6c76a83acfae0e39670_table_4/na_0017 deonticForce ADVISORY => su_verified_e5f20076152902f9b102f37b1a83cdc79baea0d42000f6c76a83acfae0e39670_table_4/na_0017 deonticForceBasis SOURCE_STYLE_RULE
Rule_185	?a deonticForce ADVISORY => ?a deonticForceBasis SOURCE_STYLE_RULE	su_verified_0074e29f31a1f0feb082e0064bee46f60bf6b5ae3f8703d1231341374ed97e52_table_1/na_0002 deonticForce ADVISORY => su_verified_0074e29f31a1f0feb082e0064bee46f60bf6b5ae3f8703d1231341374ed97e52_table_1/na_0002 deonticForceBasis SOURCE_STYLE_RULE
Rule_185	?a deonticForce ADVISORY => ?a deonticForceBasis SOURCE_STYLE_RULE	visseren-2021-esc-guidelines-cardiovascular-disease-prevention_n0034/na_0043 deonticForce ADVISORY => visseren-2021-esc-guidelines-cardiovascular-disease-prevention_n0034/na_0043 deonticForceBasis SOURCE_STYLE_RULE
Rule_185	?a deonticForce ADVISORY => ?a deonticForceBasis SOURCE_STYLE_RULE	mcdonagh-2023-esc-guidelines_n0068/na_0030 deonticForce ADVISORY => mcdonagh-2023-esc-guidelines_n0068/na_0030 deonticForceBasis SOURCE_STYLE_RULE
Rule_185	?a deonticForce ADVISORY => ?a deonticForceBasis SOURCE_STYLE_RULE	ambrosetti-2020-secondary-prevention-comprehensive-cardiovascular-rehabi_n0012/na_0018 deonticForce ADVISORY => ambrosetti-2020-secondary-prevention-comprehensive-cardiovascular-rehabi_n0012/na_0018 deonticForceBasis SOURCE_STYLE_RULE
Rule_185	?a deonticForce ADVISORY => ?a deonticForceBasis SOURCE_STYLE_RULE	su_verified_e5f20076152902f9b102f37b1a83cdc79baea0d42000f6c76a83acfae0e39670_table_4/na_0025 deonticForce ADVISORY => su_verified_e5f20076152902f9b102f37b1a83cdc79baea0d42000f6c76a83acfae0e39670_table_4/na_0025 deonticForceBasis SOURCE_STYLE_RULE
Rule_185	?a deonticForce ADVISORY => ?a deonticForceBasis SOURCE_STYLE_RULE	zeppenfeld-2022-esc-guidelines-va-and-scd_n0056/na_0019 deonticForce ADVISORY => zeppenfeld-2022-esc-guidelines-va-and-scd_n0056/na_0019 deonticForceBasis SOURCE_STYLE_RULE
Rule_185	?a deonticForce ADVISORY => ?a deonticForceBasis SOURCE_STYLE_RULE	pelliccia-2020-2020-esc-guidelines-on-sports-cardiology-and-exercise-in_n0053/na_0007 deonticForce ADVISORY => pelliccia-2020-2020-esc-guidelines-on-sports-cardiology-and-exercise-in_n0053/na_0007 deonticForceBasis SOURCE_STYLE_RULE
Rule_185	?a deonticForce ADVISORY => ?a deonticForceBasis SOURCE_STYLE_RULE	maddox-2021-2021-update-to-the-2017-acc-expert-consensus-decision-pathwa_n0008/na_0004 deonticForce ADVISORY => maddox-2021-2021-update-to-the-2017-acc-expert-consensus-decision-pathwa_n0008/na_0004 deonticForceBasis SOURCE_STYLE_RULE
Rule_185	?a deonticForce ADVISORY => ?a deonticForceBasis SOURCE_STYLE_RULE	visseren-2021-esc-guidelines-cardiovascular-disease-prevention_n0034/na_0004 deonticForce ADVISORY => visseren-2021-esc-guidelines-cardiovascular-disease-prevention_n0034/na_0004 deonticForceBasis SOURCE_STYLE_RULE
Rule_185	?a deonticForce ADVISORY => ?a deonticForceBasis SOURCE_STYLE_RULE	mcdonagh-2023-esc-guidelines_n0089/na_0003 deonticForce ADVISORY => mcdonagh-2023-esc-guidelines_n0089/na_0003 deonticForceBasis SOURCE_STYLE_RULE
Rule_185	?a deonticForce ADVISORY => ?a deonticForceBasis SOURCE_STYLE_RULE	heidenreich-2022-aha-acc-hfsa-guidelines_n0100/na_0006 deonticForce ADVISORY => heidenreich-2022-aha-acc-hfsa-guidelines_n0100/na_0006 deonticForceBasis SOURCE_STYLE_RULE
Rule_185	?a deonticForce ADVISORY => ?a deonticForceBasis SOURCE_STYLE_RULE	zeppenfeld-2022-esc-guidelines-va-and-scd_n0025/na_0018 deonticForce ADVISORY => zeppenfeld-2022-esc-guidelines-va-and-scd_n0025/na_0018 deonticForceBasis SOURCE_STYLE_RULE
Rule_185	?a deonticForce ADVISORY => ?a deonticForceBasis SOURCE_STYLE_RULE	su_verified_e5f20076152902f9b102f37b1a83cdc79baea0d42000f6c76a83acfae0e39670_table_4/na_0026 deonticForce ADVISORY => su_verified_e5f20076152902f9b102f37b1a83cdc79baea0d42000f6c76a83acfae0e39670_table_4/na_0026 deonticForceBasis SOURCE_STYLE_RULE
Rule_185	?a deonticForce ADVISORY => ?a deonticForceBasis SOURCE_STYLE_RULE	mcdonagh-2023-esc-guidelines_n0084/na_0018 deonticForce ADVISORY => mcdonagh-2023-esc-guidelines_n0084/na_0018 deonticForceBasis SOURCE_STYLE_RULE
Rule_185	?a deonticForce ADVISORY => ?a deonticForceBasis SOURCE_STYLE_RULE	ambrosetti-2020-secondary-prevention-comprehensive-cardiovascular-rehabi_n0014/na_0013 deonticForce ADVISORY => ambrosetti-2020-secondary-prevention-comprehensive-cardiovascular-rehabi_n0014/na_0013 deonticForceBasis SOURCE_STYLE_RULE
Rule_185	?a deonticForce ADVISORY => ?a deonticForceBasis SOURCE_STYLE_RULE	mcdonagh-2023-esc-guidelines_n0028/na_0005 deonticForce ADVISORY => mcdonagh-2023-esc-guidelines_n0028/na_0005 deonticForceBasis SOURCE_STYLE_RULE
Rule_185	?a deonticForce ADVISORY => ?a deonticForceBasis SOURCE_STYLE_RULE	seb24c-1_n0004/na_0002 deonticForce ADVISORY => seb24c-1_n0004/na_0002 deonticForceBasis SOURCE_STYLE_RULE
Rule_185	?a deonticForce ADVISORY => ?a deonticForceBasis SOURCE_STYLE_RULE	su_verified_e5f20076152902f9b102f37b1a83cdc79baea0d42000f6c76a83acfae0e39670_table_4/na_0021 deonticForce ADVISORY => su_verified_e5f20076152902f9b102f37b1a83cdc79baea0d42000f6c76a83acfae0e39670_table_4/na_0021 deonticForceBasis SOURCE_STYLE_RULE
Rule_185	?a deonticForce ADVISORY => ?a deonticForceBasis SOURCE_STYLE_RULE	mcdonagh-2023-esc-guidelines_n0089/na_0010 deonticForce ADVISORY => mcdonagh-2023-esc-guidelines_n0089/na_0010 deonticForceBasis SOURCE_STYLE_RULE
Rule_185	?a deonticForce ADVISORY => ?a deonticForceBasis SOURCE_STYLE_RULE	maddox-2021-2021-update-to-the-2017-acc-expert-consensus-decision-pathwa_n0017/na_0024 deonticForce ADVISORY => maddox-2021-2021-update-to-the-2017-acc-expert-consensus-decision-pathwa_n0017/na_0024 deonticForceBasis SOURCE_STYLE_RULE
Rule_185	?a deonticForce ADVISORY => ?a deonticForceBasis SOURCE_STYLE_RULE	heidenreich-2022-aha-acc-hfsa-guidelines_n0100/na_0005 deonticForce ADVISORY => heidenreich-2022-aha-acc-hfsa-guidelines_n0100/na_0005 deonticForceBasis SOURCE_STYLE_RULE
Rule_185	?a deonticForce ADVISORY => ?a deonticForceBasis SOURCE_STYLE_RULE	su_verified_6ed52cdf724db04223b4d1c2e62f3c35f6b42bc19bc5e3198277d681d47e1eb9_table_25/na_0003 deonticForce ADVISORY => su_verified_6ed52cdf724db04223b4d1c2e62f3c35f6b42bc19bc5e3198277d681d47e1eb9_table_25/na_0003 deonticForceBasis SOURCE_STYLE_RULE
Rule_185	?a deonticForce ADVISORY => ?a deonticForceBasis SOURCE_STYLE_RULE	ambrosetti-2020-secondary-prevention-comprehensive-cardiovascular-rehabi_n0013/na_0001 deonticForce ADVISORY => ambrosetti-2020-secondary-prevention-comprehensive-cardiovascular-rehabi_n0013/na_0001 deonticForceBasis SOURCE_STYLE_RULE
Rule_185	?a deonticForce ADVISORY => ?a deonticForceBasis SOURCE_STYLE_RULE	heidenreich-2022-aha-acc-hfsa-guidelines_n0100/na_0009 deonticForce ADVISORY => heidenreich-2022-aha-acc-hfsa-guidelines_n0100/na_0009 deonticForceBasis SOURCE_STYLE_RULE
Rule_185	?a deonticForce ADVISORY => ?a deonticForceBasis SOURCE_STYLE_RULE	riegel-2009-promoting-self-care-in-persons-with-heart-failure_n0004/na_0028 deonticForce ADVISORY => riegel-2009-promoting-self-care-in-persons-with-heart-failure_n0004/na_0028 deonticForceBasis SOURCE_STYLE_RULE
Rule_185	?a deonticForce ADVISORY => ?a deonticForceBasis SOURCE_STYLE_RULE	lenarczyk-2024-management-of-patients-with-an-electrical-storm-or-cluste_n0010/na_0003 deonticForce ADVISORY => lenarczyk-2024-management-of-patients-with-an-electrical-storm-or-cluste_n0010/na_0003 deonticForceBasis SOURCE_STYLE_RULE
Rule_185	?a deonticForce ADVISORY => ?a deonticForceBasis SOURCE_STYLE_RULE	heidenreich-2022-aha-acc-hfsa-guidelines_n0100/na_0007 deonticForce ADVISORY => heidenreich-2022-aha-acc-hfsa-guidelines_n0100/na_0007 deonticForceBasis SOURCE_STYLE_RULE
Rule_185	?a deonticForce ADVISORY => ?a deonticForceBasis SOURCE_STYLE_RULE	ambrosetti-2020-secondary-prevention-comprehensive-cardiovascular-rehabi_n0001/na_0027 deonticForce ADVISORY => ambrosetti-2020-secondary-prevention-comprehensive-cardiovascular-rehabi_n0001/na_0027 deonticForceBasis SOURCE_STYLE_RULE
Rule_185	?a deonticForce ADVISORY => ?a deonticForceBasis SOURCE_STYLE_RULE	visseren-2021-esc-guidelines-cardiovascular-disease-prevention_n0034/na_0044 deonticForce ADVISORY => visseren-2021-esc-guidelines-cardiovascular-disease-prevention_n0034/na_0044 deonticForceBasis SOURCE_STYLE_RULE
Rule_185	?a deonticForce ADVISORY => ?a deonticForceBasis SOURCE_STYLE_RULE	van-diepen-2017-contemporary-management-of-cardiogenic-shock_n0008/na_0021 deonticForce ADVISORY => van-diepen-2017-contemporary-management-of-cardiogenic-shock_n0008/na_0021 deonticForceBasis SOURCE_STYLE_RULE
Rule_185	?a deonticForce ADVISORY => ?a deonticForceBasis SOURCE_STYLE_RULE	maddox-2021-2021-update-to-the-2017-acc-expert-consensus-decision-pathwa_n0006/na_0005 deonticForce ADVISORY => maddox-2021-2021-update-to-the-2017-acc-expert-consensus-decision-pathwa_n0006/na_0005 deonticForceBasis SOURCE_STYLE_RULE
Rule_185	?a deonticForce ADVISORY => ?a deonticForceBasis SOURCE_STYLE_RULE	visseren-2021-esc-guidelines-cardiovascular-disease-prevention_n0034/na_0031 deonticForce ADVISORY => visseren-2021-esc-guidelines-cardiovascular-disease-prevention_n0034/na_0031 deonticForceBasis SOURCE_STYLE_RULE
Rule_185	?a deonticForce ADVISORY => ?a deonticForceBasis SOURCE_STYLE_RULE	heidenreich-2022-aha-acc-hfsa-guidelines_n0108/na_0041 deonticForce ADVISORY => heidenreich-2022-aha-acc-hfsa-guidelines_n0108/na_0041 deonticForceBasis SOURCE_STYLE_RULE
Rule_185	?a deonticForce ADVISORY => ?a deonticForceBasis SOURCE_STYLE_RULE	su_verified_e5f20076152902f9b102f37b1a83cdc79baea0d42000f6c76a83acfae0e39670_table_1/na_0004 deonticForce ADVISORY => su_verified_e5f20076152902f9b102f37b1a83cdc79baea0d42000f6c76a83acfae0e39670_table_1/na_0004 deonticForceBasis SOURCE_STYLE_RULE
Rule_185	?a deonticForce ADVISORY => ?a deonticForceBasis SOURCE_STYLE_RULE	su_verified_e5f20076152902f9b102f37b1a83cdc79baea0d42000f6c76a83acfae0e39670_table_2/na_0010 deonticForce ADVISORY => su_verified_e5f20076152902f9b102f37b1a83cdc79baea0d42000f6c76a83acfae0e39670_table_2/na_0010 deonticForceBasis SOURCE_STYLE_RULE
Rule_185	?a deonticForce ADVISORY => ?a deonticForceBasis SOURCE_STYLE_RULE	riegel-2009-promoting-self-care-in-persons-with-heart-failure_n0002/na_0003 deonticForce ADVISORY => riegel-2009-promoting-self-care-in-persons-with-heart-failure_n0002/na_0003 deonticForceBasis SOURCE_STYLE_RULE
Rule_185	?a deonticForce ADVISORY => ?a deonticForceBasis SOURCE_STYLE_RULE	lenarczyk-2024-management-of-patients-with-an-electrical-storm-or-cluste_n0008/na_0007 deonticForce ADVISORY => lenarczyk-2024-management-of-patients-with-an-electrical-storm-or-cluste_n0008/na_0007 deonticForceBasis SOURCE_STYLE_RULE
Rule_185	?a deonticForce ADVISORY => ?a deonticForceBasis SOURCE_STYLE_RULE	maddox-2021-2021-update-to-the-2017-acc-expert-consensus-decision-pathwa_n0008/na_0003 deonticForce ADVISORY => maddox-2021-2021-update-to-the-2017-acc-expert-consensus-decision-pathwa_n0008/na_0003 deonticForceBasis SOURCE_STYLE_RULE
Rule_185	?a deonticForce ADVISORY => ?a deonticForceBasis SOURCE_STYLE_RULE	visseren-2021-esc-guidelines-cardiovascular-disease-prevention_n0034/na_0010 deonticForce ADVISORY => visseren-2021-esc-guidelines-cardiovascular-disease-prevention_n0034/na_0010 deonticForceBasis SOURCE_STYLE_RULE
Rule_185	?a deonticForce ADVISORY => ?a deonticForceBasis SOURCE_STYLE_RULE	zeppenfeld-2022-esc-guidelines-va-and-scd_n0025/na_0012 deonticForce ADVISORY => zeppenfeld-2022-esc-guidelines-va-and-scd_n0025/na_0012 deonticForceBasis SOURCE_STYLE_RULE
Rule_185	?a deonticForce ADVISORY => ?a deonticForceBasis SOURCE_STYLE_RULE	van-diepen-2017-contemporary-management-of-cardiogenic-shock_n0006/na_0012 deonticForce ADVISORY => van-diepen-2017-contemporary-management-of-cardiogenic-shock_n0006/na_0012 deonticForceBasis SOURCE_STYLE_RULE
Rule_185	?a deonticForce ADVISORY => ?a deonticForceBasis SOURCE_STYLE_RULE	riegel-2009-promoting-self-care-in-persons-with-heart-failure_n0004/na_0004 deonticForce ADVISORY => riegel-2009-promoting-self-care-in-persons-with-heart-failure_n0004/na_0004 deonticForceBasis SOURCE_STYLE_RULE
Rule_185	?a deonticForce ADVISORY => ?a deonticForceBasis SOURCE_STYLE_RULE	sectio-4_n0004/na_0008 deonticForce ADVISORY => sectio-4_n0004/na_0008 deonticForceBasis SOURCE_STYLE_RULE
Rule_185	?a deonticForce ADVISORY => ?a deonticForceBasis SOURCE_STYLE_RULE	lenarczyk-2024-management-of-patients-with-an-electrical-storm-or-cluste_n0008/na_0008 deonticForce ADVISORY => lenarczyk-2024-management-of-patients-with-an-electrical-storm-or-cluste_n0008/na_0008 deonticForceBasis SOURCE_STYLE_RULE
Rule_185	?a deonticForce ADVISORY => ?a deonticForceBasis SOURCE_STYLE_RULE	ambrosetti-2020-secondary-prevention-comprehensive-cardiovascular-rehabi_n0008/na_0009 deonticForce ADVISORY => ambrosetti-2020-secondary-prevention-comprehensive-cardiovascular-rehabi_n0008/na_0009 deonticForceBasis SOURCE_STYLE_RULE
Rule_185	?a deonticForce ADVISORY => ?a deonticForceBasis SOURCE_STYLE_RULE	van-diepen-2017-contemporary-management-of-cardiogenic-shock_n0004/na_0014 deonticForce ADVISORY => van-diepen-2017-contemporary-management-of-cardiogenic-shock_n0004/na_0014 deonticForceBasis SOURCE_STYLE_RULE
Rule_185	?a deonticForce ADVISORY => ?a deonticForceBasis SOURCE_STYLE_RULE	regitz-zagrosek-2018-2018-esc-guideline-for-the-management-of-cardiovasc_n0014/na_0006 deonticForce ADVISORY => regitz-zagrosek-2018-2018-esc-guideline-for-the-management-of-cardiovasc_n0014/na_0006 deonticForceBasis SOURCE_STYLE_RULE
Rule_185	?a deonticForce ADVISORY => ?a deonticForceBasis SOURCE_STYLE_RULE	van-diepen-2017-contemporary-management-of-cardiogenic-shock_n0004/na_0004 deonticForce ADVISORY => van-diepen-2017-contemporary-management-of-cardiogenic-shock_n0004/na_0004 deonticForceBasis SOURCE_STYLE_RULE
Rule_185	?a deonticForce ADVISORY => ?a deonticForceBasis SOURCE_STYLE_RULE	riegel-2009-promoting-self-care-in-persons-with-heart-failure_n0002/na_0009 deonticForce ADVISORY => riegel-2009-promoting-self-care-in-persons-with-heart-failure_n0002/na_0009 deonticForceBasis SOURCE_STYLE_RULE
Rule_185	?a deonticForce ADVISORY => ?a deonticForceBasis SOURCE_STYLE_RULE	su_verified_6ed52cdf724db04223b4d1c2e62f3c35f6b42bc19bc5e3198277d681d47e1eb9_table_6/na_0004 deonticForce ADVISORY => su_verified_6ed52cdf724db04223b4d1c2e62f3c35f6b42bc19bc5e3198277d681d47e1eb9_table_6/na_0004 deonticForceBasis SOURCE_STYLE_RULE
Rule_185	?a deonticForce ADVISORY => ?a deonticForceBasis SOURCE_STYLE_RULE	regitz-zagrosek-2018-2018-esc-guideline-for-the-management-of-cardiovasc_n0016/na_0002 deonticForce ADVISORY => regitz-zagrosek-2018-2018-esc-guideline-for-the-management-of-cardiovasc_n0016/na_0002 deonticForceBasis SOURCE_STYLE_RULE
Rule_185	?a deonticForce ADVISORY => ?a deonticForceBasis SOURCE_STYLE_RULE	riegel-2009-promoting-self-care-in-persons-with-heart-failure_n0002/na_0006 deonticForce ADVISORY => riegel-2009-promoting-self-care-in-persons-with-heart-failure_n0002/na_0006 deonticForceBasis SOURCE_STYLE_RULE
Rule_185	?a deonticForce ADVISORY => ?a deonticForceBasis SOURCE_STYLE_RULE	ambrosetti-2020-secondary-prevention-comprehensive-cardiovascular-rehabi_n0006/na_0042 deonticForce ADVISORY => ambrosetti-2020-secondary-prevention-comprehensive-cardiovascular-rehabi_n0006/na_0042 deonticForceBasis SOURCE_STYLE_RULE
Rule_185	?a deonticForce ADVISORY => ?a deonticForceBasis SOURCE_STYLE_RULE	mcdonagh-2023-esc-guidelines_n0083/na_0007 deonticForce ADVISORY => mcdonagh-2023-esc-guidelines_n0083/na_0007 deonticForceBasis SOURCE_STYLE_RULE
Rule_185	?a deonticForce ADVISORY => ?a deonticForceBasis SOURCE_STYLE_RULE	ambrosetti-2020-secondary-prevention-comprehensive-cardiovascular-rehabi_n0010/na_0009 deonticForce ADVISORY => ambrosetti-2020-secondary-prevention-comprehensive-cardiovascular-rehabi_n0010/na_0009 deonticForceBasis SOURCE_STYLE_RULE
Rule_185	?a deonticForce ADVISORY => ?a deonticForceBasis SOURCE_STYLE_RULE	piepoli-2011-exercise-training-in-heart-failure_n0004/na_0012 deonticForce ADVISORY => piepoli-2011-exercise-training-in-heart-failure_n0004/na_0012 deonticForceBasis SOURCE_STYLE_RULE
Rule_185	?a deonticForce ADVISORY => ?a deonticForceBasis SOURCE_STYLE_RULE	su_verified_6ed52cdf724db04223b4d1c2e62f3c35f6b42bc19bc5e3198277d681d47e1eb9_table_7/na_0005 deonticForce ADVISORY => su_verified_6ed52cdf724db04223b4d1c2e62f3c35f6b42bc19bc5e3198277d681d47e1eb9_table_7/na_0005 deonticForceBasis SOURCE_STYLE_RULE
Rule_185	?a deonticForce ADVISORY => ?a deonticForceBasis SOURCE_STYLE_RULE	maddox-2021-2021-update-to-the-2017-acc-expert-consensus-decision-pathwa_n0014/na_0002 deonticForce ADVISORY => maddox-2021-2021-update-to-the-2017-acc-expert-consensus-decision-pathwa_n0014/na_0002 deonticForceBasis SOURCE_STYLE_RULE
Rule_185	?a deonticForce ADVISORY => ?a deonticForceBasis SOURCE_STYLE_RULE	su_verified_6ed52cdf724db04223b4d1c2e62f3c35f6b42bc19bc5e3198277d681d47e1eb9_table_5/na_0008 deonticForce ADVISORY => su_verified_6ed52cdf724db04223b4d1c2e62f3c35f6b42bc19bc5e3198277d681d47e1eb9_table_5/na_0008 deonticForceBasis SOURCE_STYLE_RULE
Rule_185	?a deonticForce ADVISORY => ?a deonticForceBasis SOURCE_STYLE_RULE	su_verified_6ed52cdf724db04223b4d1c2e62f3c35f6b42bc19bc5e3198277d681d47e1eb9_table_6/na_0007 deonticForce ADVISORY => su_verified_6ed52cdf724db04223b4d1c2e62f3c35f6b42bc19bc5e3198277d681d47e1eb9_table_6/na_0007 deonticForceBasis SOURCE_STYLE_RULE
Rule_185	?a deonticForce ADVISORY => ?a deonticForceBasis SOURCE_STYLE_RULE	ambrosetti-2020-secondary-prevention-comprehensive-cardiovascular-rehabi_n0014/na_0024 deonticForce ADVISORY => ambrosetti-2020-secondary-prevention-comprehensive-cardiovascular-rehabi_n0014/na_0024 deonticForceBasis SOURCE_STYLE_RULE
Rule_185	?a deonticForce ADVISORY => ?a deonticForceBasis SOURCE_STYLE_RULE	zeppenfeld-2022-esc-guidelines-va-and-scd_n0056/na_0015 deonticForce ADVISORY => zeppenfeld-2022-esc-guidelines-va-and-scd_n0056/na_0015 deonticForceBasis SOURCE_STYLE_RULE
Rule_185	?a deonticForce ADVISORY => ?a deonticForceBasis SOURCE_STYLE_RULE	heidenreich-2022-aha-acc-hfsa-guidelines_n0108/na_0022 deonticForce ADVISORY => heidenreich-2022-aha-acc-hfsa-guidelines_n0108/na_0022 deonticForceBasis SOURCE_STYLE_RULE
Rule_185	?a deonticForce ADVISORY => ?a deonticForceBasis SOURCE_STYLE_RULE	glikson-2021-2021-esc-guidelines-on-cardiac-pacing-and-cardiac-resynchro_n0079/na_0003 deonticForce ADVISORY => glikson-2021-2021-esc-guidelines-on-cardiac-pacing-and-cardiac-resynchro_n0079/na_0003 deonticForceBasis SOURCE_STYLE_RULE
Rule_185	?a deonticForce ADVISORY => ?a deonticForceBasis SOURCE_STYLE_RULE	visseren-2021-esc-guidelines-cardiovascular-disease-prevention_n0034/na_0009 deonticForce ADVISORY => visseren-2021-esc-guidelines-cardiovascular-disease-prevention_n0034/na_0009 deonticForceBasis SOURCE_STYLE_RULE
Rule_185	?a deonticForce ADVISORY => ?a deonticForceBasis SOURCE_STYLE_RULE	riegel-2009-promoting-self-care-in-persons-with-heart-failure_n0004/na_0026 deonticForce ADVISORY => riegel-2009-promoting-self-care-in-persons-with-heart-failure_n0004/na_0026 deonticForceBasis SOURCE_STYLE_RULE
Rule_185	?a deonticForce ADVISORY => ?a deonticForceBasis SOURCE_STYLE_RULE	heidenreich-2022-aha-acc-hfsa-guidelines_n0108/na_0038 deonticForce ADVISORY => heidenreich-2022-aha-acc-hfsa-guidelines_n0108/na_0038 deonticForceBasis SOURCE_STYLE_RULE
Rule_185	?a deonticForce ADVISORY => ?a deonticForceBasis SOURCE_STYLE_RULE	mcdonagh-2023-esc-guidelines_n0059/na_0006 deonticForce ADVISORY => mcdonagh-2023-esc-guidelines_n0059/na_0006 deonticForceBasis SOURCE_STYLE_RULE
Rule_185	?a deonticForce ADVISORY => ?a deonticForceBasis SOURCE_STYLE_RULE	lenarczyk-2024-management-of-patients-with-an-electrical-storm-or-cluste_n0008/na_0004 deonticForce ADVISORY => lenarczyk-2024-management-of-patients-with-an-electrical-storm-or-cluste_n0008/na_0004 deonticForceBasis SOURCE_STYLE_RULE
Rule_185	?a deonticForce ADVISORY => ?a deonticForceBasis SOURCE_STYLE_RULE	su_verified_e5f20076152902f9b102f37b1a83cdc79baea0d42000f6c76a83acfae0e39670_table_4/na_0022 deonticForce ADVISORY => su_verified_e5f20076152902f9b102f37b1a83cdc79baea0d42000f6c76a83acfae0e39670_table_4/na_0022 deonticForceBasis SOURCE_STYLE_RULE
Rule_185	?a deonticForce ADVISORY => ?a deonticForceBasis SOURCE_STYLE_RULE	zeppenfeld-2022-esc-guidelines-va-and-scd_n0026/na_0010 deonticForce ADVISORY => zeppenfeld-2022-esc-guidelines-va-and-scd_n0026/na_0010 deonticForceBasis SOURCE_STYLE_RULE
Rule_185	?a deonticForce ADVISORY => ?a deonticForceBasis SOURCE_STYLE_RULE	seb24c-1_n0004/na_0007 deonticForce ADVISORY => seb24c-1_n0004/na_0007 deonticForceBasis SOURCE_STYLE_RULE
Rule_185	?a deonticForce ADVISORY => ?a deonticForceBasis SOURCE_STYLE_RULE	riegel-2009-promoting-self-care-in-persons-with-heart-failure_n0004/na_0016 deonticForce ADVISORY => riegel-2009-promoting-self-care-in-persons-with-heart-failure_n0004/na_0016 deonticForceBasis SOURCE_STYLE_RULE
Rule_185	?a deonticForce ADVISORY => ?a deonticForceBasis SOURCE_STYLE_RULE	van-diepen-2017-contemporary-management-of-cardiogenic-shock_n0008/na_0011 deonticForce ADVISORY => van-diepen-2017-contemporary-management-of-cardiogenic-shock_n0008/na_0011 deonticForceBasis SOURCE_STYLE_RULE
Rule_185	?a deonticForce ADVISORY => ?a deonticForceBasis SOURCE_STYLE_RULE	van-diepen-2017-contemporary-management-of-cardiogenic-shock_n0008/na_0009 deonticForce ADVISORY => van-diepen-2017-contemporary-management-of-cardiogenic-shock_n0008/na_0009 deonticForceBasis SOURCE_STYLE_RULE
Rule_185	?a deonticForce ADVISORY => ?a deonticForceBasis SOURCE_STYLE_RULE	visseren-2021-esc-guidelines-cardiovascular-disease-prevention_n0034/na_0032 deonticForce ADVISORY => visseren-2021-esc-guidelines-cardiovascular-disease-prevention_n0034/na_0032 deonticForceBasis SOURCE_STYLE_RULE
Rule_185	?a deonticForce ADVISORY => ?a deonticForceBasis SOURCE_STYLE_RULE	ambrosetti-2020-secondary-prevention-comprehensive-cardiovascular-rehabi_n0008/na_0008 deonticForce ADVISORY => ambrosetti-2020-secondary-prevention-comprehensive-cardiovascular-rehabi_n0008/na_0008 deonticForceBasis SOURCE_STYLE_RULE
Rule_185	?a deonticForce ADVISORY => ?a deonticForceBasis SOURCE_STYLE_RULE	ambrosetti-2020-secondary-prevention-comprehensive-cardiovascular-rehabi_n0006/na_0021 deonticForce ADVISORY => ambrosetti-2020-secondary-prevention-comprehensive-cardiovascular-rehabi_n0006/na_0021 deonticForceBasis SOURCE_STYLE_RULE
Rule_185	?a deonticForce ADVISORY => ?a deonticForceBasis SOURCE_STYLE_RULE	heidenreich-2022-aha-acc-hfsa-guidelines_n0108/na_0011 deonticForce ADVISORY => heidenreich-2022-aha-acc-hfsa-guidelines_n0108/na_0011 deonticForceBasis SOURCE_STYLE_RULE
Rule_185	?a deonticForce ADVISORY => ?a deonticForceBasis SOURCE_STYLE_RULE	su_verified_e5f20076152902f9b102f37b1a83cdc79baea0d42000f6c76a83acfae0e39670_table_3/na_0003 deonticForce ADVISORY => su_verified_e5f20076152902f9b102f37b1a83cdc79baea0d42000f6c76a83acfae0e39670_table_3/na_0003 deonticForceBasis SOURCE_STYLE_RULE
Rule_185	?a deonticForce ADVISORY => ?a deonticForceBasis SOURCE_STYLE_RULE	mcdonagh-2023-esc-guidelines_n0062/na_0017 deonticForce ADVISORY => mcdonagh-2023-esc-guidelines_n0062/na_0017 deonticForceBasis SOURCE_STYLE_RULE
Rule_185	?a deonticForce ADVISORY => ?a deonticForceBasis SOURCE_STYLE_RULE	vest-2019-nutrition-obesity-and-cachexia-in-patients-with-heart-failure_n0006/na_0005 deonticForce ADVISORY => vest-2019-nutrition-obesity-and-cachexia-in-patients-with-heart-failure_n0006/na_0005 deonticForceBasis SOURCE_STYLE_RULE
Rule_185	?a deonticForce ADVISORY => ?a deonticForceBasis SOURCE_STYLE_RULE	riegel-2009-promoting-self-care-in-persons-with-heart-failure_n0004/na_0015 deonticForce ADVISORY => riegel-2009-promoting-self-care-in-persons-with-heart-failure_n0004/na_0015 deonticForceBasis SOURCE_STYLE_RULE
Rule_185	?a deonticForce ADVISORY => ?a deonticForceBasis SOURCE_STYLE_RULE	wilkoff-2008-hrs-ehra-expert-consenus-on-the-monitoring-of-cieds_n0005/na_0001 deonticForce ADVISORY => wilkoff-2008-hrs-ehra-expert-consenus-on-the-monitoring-of-cieds_n0005/na_0001 deonticForceBasis SOURCE_STYLE_RULE
Rule_185	?a deonticForce ADVISORY => ?a deonticForceBasis SOURCE_STYLE_RULE	zeppenfeld-2022-esc-guidelines-va-and-scd_n0025/na_0031 deonticForce ADVISORY => zeppenfeld-2022-esc-guidelines-va-and-scd_n0025/na_0031 deonticForceBasis SOURCE_STYLE_RULE
Rule_185	?a deonticForce ADVISORY => ?a deonticForceBasis SOURCE_STYLE_RULE	ambrosetti-2020-secondary-prevention-comprehensive-cardiovascular-rehabi_n0007/na_0001 deonticForce ADVISORY => ambrosetti-2020-secondary-prevention-comprehensive-cardiovascular-rehabi_n0007/na_0001 deonticForceBasis SOURCE_STYLE_RULE
Rule_185	?a deonticForce ADVISORY => ?a deonticForceBasis SOURCE_STYLE_RULE	riegel-2009-promoting-self-care-in-persons-with-heart-failure_n0002/na_0015 deonticForce ADVISORY => riegel-2009-promoting-self-care-in-persons-with-heart-failure_n0002/na_0015 deonticForceBasis SOURCE_STYLE_RULE
Rule_185	?a deonticForce ADVISORY => ?a deonticForceBasis SOURCE_STYLE_RULE	von-knobelsdorff-brenkenhoff-2019-empfehlungen-zu-kardialen-mrtuntersuch_n0001/na_0007 deonticForce ADVISORY => von-knobelsdorff-brenkenhoff-2019-empfehlungen-zu-kardialen-mrtuntersuch_n0001/na_0007 deonticForceBasis SOURCE_STYLE_RULE
Rule_185	?a deonticForce ADVISORY => ?a deonticForceBasis SOURCE_STYLE_RULE	supp-material-esc-guidelines_n0019/na_0001 deonticForce ADVISORY => supp-material-esc-guidelines_n0019/na_0001 deonticForceBasis SOURCE_STYLE_RULE
Rule_185	?a deonticForce ADVISORY => ?a deonticForceBasis SOURCE_STYLE_RULE	ambrosetti-2020-secondary-prevention-comprehensive-cardiovascular-rehabi_n0007/na_0013 deonticForce ADVISORY => ambrosetti-2020-secondary-prevention-comprehensive-cardiovascular-rehabi_n0007/na_0013 deonticForceBasis SOURCE_STYLE_RULE
Rule_185	?a deonticForce ADVISORY => ?a deonticForceBasis SOURCE_STYLE_RULE	mcdonagh-2023-esc-guidelines_n0084/na_0021 deonticForce ADVISORY => mcdonagh-2023-esc-guidelines_n0084/na_0021 deonticForceBasis SOURCE_STYLE_RULE
Rule_185	?a deonticForce ADVISORY => ?a deonticForceBasis SOURCE_STYLE_RULE	van-diepen-2017-contemporary-management-of-cardiogenic-shock_n0008/na_9002 deonticForce ADVISORY => van-diepen-2017-contemporary-management-of-cardiogenic-shock_n0008/na_9002 deonticForceBasis SOURCE_STYLE_RULE
Rule_185	?a deonticForce ADVISORY => ?a deonticForceBasis SOURCE_STYLE_RULE	ambrosetti-2020-secondary-prevention-comprehensive-cardiovascular-rehabi_n0010/na_0021 deonticForce ADVISORY => ambrosetti-2020-secondary-prevention-comprehensive-cardiovascular-rehabi_n0010/na_0021 deonticForceBasis SOURCE_STYLE_RULE
Rule_185	?a deonticForce ADVISORY => ?a deonticForceBasis SOURCE_STYLE_RULE	heidenreich-2022-aha-acc-hfsa-guidelines_n0108/na_0008 deonticForce ADVISORY => heidenreich-2022-aha-acc-hfsa-guidelines_n0108/na_0008 deonticForceBasis SOURCE_STYLE_RULE
Rule_185	?a deonticForce ADVISORY => ?a deonticForceBasis SOURCE_STYLE_RULE	van-diepen-2017-contemporary-management-of-cardiogenic-shock_n0006/na_0002 deonticForce ADVISORY => van-diepen-2017-contemporary-management-of-cardiogenic-shock_n0006/na_0002 deonticForceBasis SOURCE_STYLE_RULE
Rule_185	?a deonticForce ADVISORY => ?a deonticForceBasis SOURCE_STYLE_RULE	vest-2019-nutrition-obesity-and-cachexia-in-patients-with-heart-failure_n0001/na_0012 deonticForce ADVISORY => vest-2019-nutrition-obesity-and-cachexia-in-patients-with-heart-failure_n0001/na_0012 deonticForceBasis SOURCE_STYLE_RULE
Rule_185	?a deonticForce ADVISORY => ?a deonticForceBasis SOURCE_STYLE_RULE	van-diepen-2017-contemporary-management-of-cardiogenic-shock_n0004/na_0012 deonticForce ADVISORY => van-diepen-2017-contemporary-management-of-cardiogenic-shock_n0004/na_0012 deonticForceBasis SOURCE_STYLE_RULE
Rule_185	?a deonticForce ADVISORY => ?a deonticForceBasis SOURCE_STYLE_RULE	wilkoff-2008-hrs-ehra-expert-consenus-on-the-monitoring-of-cieds_n0005/na_0011 deonticForce ADVISORY => wilkoff-2008-hrs-ehra-expert-consenus-on-the-monitoring-of-cieds_n0005/na_0011 deonticForceBasis SOURCE_STYLE_RULE
Rule_185	?a deonticForce ADVISORY => ?a deonticForceBasis SOURCE_STYLE_RULE	visseren-2021-esc-guidelines-cardiovascular-disease-prevention_n0038/na_0004 deonticForce ADVISORY => visseren-2021-esc-guidelines-cardiovascular-disease-prevention_n0038/na_0004 deonticForceBasis SOURCE_STYLE_RULE
Rule_185	?a deonticForce ADVISORY => ?a deonticForceBasis SOURCE_STYLE_RULE	sectio-4_n0004/na_0010 deonticForce ADVISORY => sectio-4_n0004/na_0010 deonticForceBasis SOURCE_STYLE_RULE
Rule_185	?a deonticForce ADVISORY => ?a deonticForceBasis SOURCE_STYLE_RULE	ambrosetti-2020-secondary-prevention-comprehensive-cardiovascular-rehabi_n0011/na_0021 deonticForce ADVISORY => ambrosetti-2020-secondary-prevention-comprehensive-cardiovascular-rehabi_n0011/na_0021 deonticForceBasis SOURCE_STYLE_RULE
Rule_185	?a deonticForce ADVISORY => ?a deonticForceBasis SOURCE_STYLE_RULE	van-diepen-2017-contemporary-management-of-cardiogenic-shock_n0006/na_0003 deonticForce ADVISORY => van-diepen-2017-contemporary-management-of-cardiogenic-shock_n0006/na_0003 deonticForceBasis SOURCE_STYLE_RULE
Rule_185	?a deonticForce ADVISORY => ?a deonticForceBasis SOURCE_STYLE_RULE	supp-material-esc-guidelines_n0018/na_0017 deonticForce ADVISORY => supp-material-esc-guidelines_n0018/na_0017 deonticForceBasis SOURCE_STYLE_RULE
Rule_185	?a deonticForce ADVISORY => ?a deonticForceBasis SOURCE_STYLE_RULE	van-diepen-2017-contemporary-management-of-cardiogenic-shock_n0007/na_0005 deonticForce ADVISORY => van-diepen-2017-contemporary-management-of-cardiogenic-shock_n0007/na_0005 deonticForceBasis SOURCE_STYLE_RULE
Rule_185	?a deonticForce ADVISORY => ?a deonticForceBasis SOURCE_STYLE_RULE	execut-1_n0023/na_0002 deonticForce ADVISORY => execut-1_n0023/na_0002 deonticForceBasis SOURCE_STYLE_RULE
Rule_185	?a deonticForce ADVISORY => ?a deonticForceBasis SOURCE_STYLE_RULE	mcdonagh-2023-esc-guidelines_n0089/na_0001 deonticForce ADVISORY => mcdonagh-2023-esc-guidelines_n0089/na_0001 deonticForceBasis SOURCE_STYLE_RULE
Rule_185	?a deonticForce ADVISORY => ?a deonticForceBasis SOURCE_STYLE_RULE	van-diepen-2017-contemporary-management-of-cardiogenic-shock_n0008/na_0006 deonticForce ADVISORY => van-diepen-2017-contemporary-management-of-cardiogenic-shock_n0008/na_0006 deonticForceBasis SOURCE_STYLE_RULE
Rule_185	?a deonticForce ADVISORY => ?a deonticForceBasis SOURCE_STYLE_RULE	ambrosetti-2020-secondary-prevention-comprehensive-cardiovascular-rehabi_n0007/na_0017 deonticForce ADVISORY => ambrosetti-2020-secondary-prevention-comprehensive-cardiovascular-rehabi_n0007/na_0017 deonticForceBasis SOURCE_STYLE_RULE
Rule_185	?a deonticForce ADVISORY => ?a deonticForceBasis SOURCE_STYLE_RULE	visseren-2021-esc-guidelines-cardiovascular-disease-prevention_n0034/na_0035 deonticForce ADVISORY => visseren-2021-esc-guidelines-cardiovascular-disease-prevention_n0034/na_0035 deonticForceBasis SOURCE_STYLE_RULE
Rule_185	?a deonticForce ADVISORY => ?a deonticForceBasis SOURCE_STYLE_RULE	ambrosetti-2020-secondary-prevention-comprehensive-cardiovascular-rehabi_n0015/na_0006 deonticForce ADVISORY => ambrosetti-2020-secondary-prevention-comprehensive-cardiovascular-rehabi_n0015/na_0006 deonticForceBasis SOURCE_STYLE_RULE
Rule_185	?a deonticForce ADVISORY => ?a deonticForceBasis SOURCE_STYLE_RULE	su_verified_e5f20076152902f9b102f37b1a83cdc79baea0d42000f6c76a83acfae0e39670_table_1/na_0019 deonticForce ADVISORY => su_verified_e5f20076152902f9b102f37b1a83cdc79baea0d42000f6c76a83acfae0e39670_table_1/na_0019 deonticForceBasis SOURCE_STYLE_RULE
Rule_185	?a deonticForce ADVISORY => ?a deonticForceBasis SOURCE_STYLE_RULE	lenarczyk-2024-management-of-patients-with-an-electrical-storm-or-cluste_n0008/na_0010 deonticForce ADVISORY => lenarczyk-2024-management-of-patients-with-an-electrical-storm-or-cluste_n0008/na_0010 deonticForceBasis SOURCE_STYLE_RULE
Rule_185	?a deonticForce ADVISORY => ?a deonticForceBasis SOURCE_STYLE_RULE	vest-2019-nutrition-obesity-and-cachexia-in-patients-with-heart-failure_n0006/na_0003 deonticForce ADVISORY => vest-2019-nutrition-obesity-and-cachexia-in-patients-with-heart-failure_n0006/na_0003 deonticForceBasis SOURCE_STYLE_RULE
Rule_185	?a deonticForce ADVISORY => ?a deonticForceBasis SOURCE_STYLE_RULE	ambrosetti-2020-secondary-prevention-comprehensive-cardiovascular-rehabi_n0006/na_0007 deonticForce ADVISORY => ambrosetti-2020-secondary-prevention-comprehensive-cardiovascular-rehabi_n0006/na_0007 deonticForceBasis SOURCE_STYLE_RULE
Rule_185	?a deonticForce ADVISORY => ?a deonticForceBasis SOURCE_STYLE_RULE	van-diepen-2017-contemporary-management-of-cardiogenic-shock_n0006/na_0014 deonticForce ADVISORY => van-diepen-2017-contemporary-management-of-cardiogenic-shock_n0006/na_0014 deonticForceBasis SOURCE_STYLE_RULE
Rule_185	?a deonticForce ADVISORY => ?a deonticForceBasis SOURCE_STYLE_RULE	ambrosetti-2020-secondary-prevention-comprehensive-cardiovascular-rehabi_n0007/na_0002 deonticForce ADVISORY => ambrosetti-2020-secondary-prevention-comprehensive-cardiovascular-rehabi_n0007/na_0002 deonticForceBasis SOURCE_STYLE_RULE
Rule_185	?a deonticForce ADVISORY => ?a deonticForceBasis SOURCE_STYLE_RULE	lenarczyk-2024-management-of-patients-with-an-electrical-storm-or-cluste_n0010/na_0005 deonticForce ADVISORY => lenarczyk-2024-management-of-patients-with-an-electrical-storm-or-cluste_n0010/na_0005 deonticForceBasis SOURCE_STYLE_RULE
Rule_185	?a deonticForce ADVISORY => ?a deonticForceBasis SOURCE_STYLE_RULE	ambrosetti-2020-secondary-prevention-comprehensive-cardiovascular-rehabi_n0001/na_0024 deonticForce ADVISORY => ambrosetti-2020-secondary-prevention-comprehensive-cardiovascular-rehabi_n0001/na_0024 deonticForceBasis SOURCE_STYLE_RULE
Rule_185	?a deonticForce ADVISORY => ?a deonticForceBasis SOURCE_STYLE_RULE	mcdonagh-2023-esc-guidelines_n0062/na_0018 deonticForce ADVISORY => mcdonagh-2023-esc-guidelines_n0062/na_0018 deonticForceBasis SOURCE_STYLE_RULE
Rule_185	?a deonticForce ADVISORY => ?a deonticForceBasis SOURCE_STYLE_RULE	glikson-2021-2021-esc-guidelines-on-cardiac-pacing-and-cardiac-resynchro_n0079/na_0005 deonticForce ADVISORY => glikson-2021-2021-esc-guidelines-on-cardiac-pacing-and-cardiac-resynchro_n0079/na_0005 deonticForceBasis SOURCE_STYLE_RULE
Rule_185	?a deonticForce ADVISORY => ?a deonticForceBasis SOURCE_STYLE_RULE	execut-1_n0019/na_0012 deonticForce ADVISORY => execut-1_n0019/na_0012 deonticForceBasis SOURCE_STYLE_RULE
Rule_185	?a deonticForce ADVISORY => ?a deonticForceBasis SOURCE_STYLE_RULE	ambrosetti-2020-secondary-prevention-comprehensive-cardiovascular-rehabi_n0008/na_0005 deonticForce ADVISORY => ambrosetti-2020-secondary-prevention-comprehensive-cardiovascular-rehabi_n0008/na_0005 deonticForceBasis SOURCE_STYLE_RULE
Rule_185	?a deonticForce ADVISORY => ?a deonticForceBasis SOURCE_STYLE_RULE	van-diepen-2017-contemporary-management-of-cardiogenic-shock_n0007/na_0001 deonticForce ADVISORY => van-diepen-2017-contemporary-management-of-cardiogenic-shock_n0007/na_0001 deonticForceBasis SOURCE_STYLE_RULE
Rule_185	?a deonticForce ADVISORY => ?a deonticForceBasis SOURCE_STYLE_RULE	ambrosetti-2020-secondary-prevention-comprehensive-cardiovascular-rehabi_n0010/na_0003 deonticForce ADVISORY => ambrosetti-2020-secondary-prevention-comprehensive-cardiovascular-rehabi_n0010/na_0003 deonticForceBasis SOURCE_STYLE_RULE
Rule_185	?a deonticForce ADVISORY => ?a deonticForceBasis SOURCE_STYLE_RULE	lenarczyk-2024-management-of-patients-with-an-electrical-storm-or-cluste_n0010/na_0013 deonticForce ADVISORY => lenarczyk-2024-management-of-patients-with-an-electrical-storm-or-cluste_n0010/na_0013 deonticForceBasis SOURCE_STYLE_RULE
Rule_185	?a deonticForce ADVISORY => ?a deonticForceBasis SOURCE_STYLE_RULE	visseren-2021-esc-guidelines-cardiovascular-disease-prevention_n0034/na_0008 deonticForce ADVISORY => visseren-2021-esc-guidelines-cardiovascular-disease-prevention_n0034/na_0008 deonticForceBasis SOURCE_STYLE_RULE
Rule_185	?a deonticForce ADVISORY => ?a deonticForceBasis SOURCE_STYLE_RULE	supp-material-esc-guidelines_n0019/na_0008 deonticForce ADVISORY => supp-material-esc-guidelines_n0019/na_0008 deonticForceBasis SOURCE_STYLE_RULE
Rule_185	?a deonticForce ADVISORY => ?a deonticForceBasis SOURCE_STYLE_RULE	ambrosetti-2020-secondary-prevention-comprehensive-cardiovascular-rehabi_n0006/na_0014 deonticForce ADVISORY => ambrosetti-2020-secondary-prevention-comprehensive-cardiovascular-rehabi_n0006/na_0014 deonticForceBasis SOURCE_STYLE_RULE
Rule_185	?a deonticForce ADVISORY => ?a deonticForceBasis SOURCE_STYLE_RULE	execut-1_n0008/na_0001 deonticForce ADVISORY => execut-1_n0008/na_0001 deonticForceBasis SOURCE_STYLE_RULE
Rule_185	?a deonticForce ADVISORY => ?a deonticForceBasis SOURCE_STYLE_RULE	riegel-2009-promoting-self-care-in-persons-with-heart-failure_n0002/na_0001 deonticForce ADVISORY => riegel-2009-promoting-self-care-in-persons-with-heart-failure_n0002/na_0001 deonticForceBasis SOURCE_STYLE_RULE
Rule_185	?a deonticForce ADVISORY => ?a deonticForceBasis SOURCE_STYLE_RULE	visseren-2021-esc-guidelines-cardiovascular-disease-prevention_n0010/na_0019 deonticForce ADVISORY => visseren-2021-esc-guidelines-cardiovascular-disease-prevention_n0010/na_0019 deonticForceBasis SOURCE_STYLE_RULE
Rule_185	?a deonticForce ADVISORY => ?a deonticForceBasis SOURCE_STYLE_RULE	vest-2019-nutrition-obesity-and-cachexia-in-patients-with-heart-failure_n0006/na_0014 deonticForce ADVISORY => vest-2019-nutrition-obesity-and-cachexia-in-patients-with-heart-failure_n0006/na_0014 deonticForceBasis SOURCE_STYLE_RULE
Rule_185	?a deonticForce ADVISORY => ?a deonticForceBasis SOURCE_STYLE_RULE	riegel-2009-promoting-self-care-in-persons-with-heart-failure_n0002/na_0002 deonticForce ADVISORY => riegel-2009-promoting-self-care-in-persons-with-heart-failure_n0002/na_0002 deonticForceBasis SOURCE_STYLE_RULE
Rule_185	?a deonticForce ADVISORY => ?a deonticForceBasis SOURCE_STYLE_RULE	su_verified_6ed52cdf724db04223b4d1c2e62f3c35f6b42bc19bc5e3198277d681d47e1eb9_table_25/na_0007 deonticForce ADVISORY => su_verified_6ed52cdf724db04223b4d1c2e62f3c35f6b42bc19bc5e3198277d681d47e1eb9_table_25/na_0007 deonticForceBasis SOURCE_STYLE_RULE
Rule_185	?a deonticForce ADVISORY => ?a deonticForceBasis SOURCE_STYLE_RULE	su_verified_6ed52cdf724db04223b4d1c2e62f3c35f6b42bc19bc5e3198277d681d47e1eb9_table_6/na_0006 deonticForce ADVISORY => su_verified_6ed52cdf724db04223b4d1c2e62f3c35f6b42bc19bc5e3198277d681d47e1eb9_table_6/na_0006 deonticForceBasis SOURCE_STYLE_RULE
Rule_185	?a deonticForce ADVISORY => ?a deonticForceBasis SOURCE_STYLE_RULE	van-diepen-2017-contemporary-management-of-cardiogenic-shock_n0006/na_0011 deonticForce ADVISORY => van-diepen-2017-contemporary-management-of-cardiogenic-shock_n0006/na_0011 deonticForceBasis SOURCE_STYLE_RULE
Rule_185	?a deonticForce ADVISORY => ?a deonticForceBasis SOURCE_STYLE_RULE	su_verified_e5f20076152902f9b102f37b1a83cdc79baea0d42000f6c76a83acfae0e39670_table_2/na_0015 deonticForce ADVISORY => su_verified_e5f20076152902f9b102f37b1a83cdc79baea0d42000f6c76a83acfae0e39670_table_2/na_0015 deonticForceBasis SOURCE_STYLE_RULE
Rule_185	?a deonticForce ADVISORY => ?a deonticForceBasis SOURCE_STYLE_RULE	von-knobelsdorff-brenkenhoff-2019-empfehlungen-zu-kardialen-mrtuntersuch_n0001/na_0010 deonticForce ADVISORY => von-knobelsdorff-brenkenhoff-2019-empfehlungen-zu-kardialen-mrtuntersuch_n0001/na_0010 deonticForceBasis SOURCE_STYLE_RULE
Rule_185	?a deonticForce ADVISORY => ?a deonticForceBasis SOURCE_STYLE_RULE	su_verified_e5f20076152902f9b102f37b1a83cdc79baea0d42000f6c76a83acfae0e39670_table_2/na_0014 deonticForce ADVISORY => su_verified_e5f20076152902f9b102f37b1a83cdc79baea0d42000f6c76a83acfae0e39670_table_2/na_0014 deonticForceBasis SOURCE_STYLE_RULE
Rule_185	?a deonticForce ADVISORY => ?a deonticForceBasis SOURCE_STYLE_RULE	visseren-2021-esc-guidelines-cardiovascular-disease-prevention_n0038/na_0007 deonticForce ADVISORY => visseren-2021-esc-guidelines-cardiovascular-disease-prevention_n0038/na_0007 deonticForceBasis SOURCE_STYLE_RULE
Rule_185	?a deonticForce ADVISORY => ?a deonticForceBasis SOURCE_STYLE_RULE	van-diepen-2017-contemporary-management-of-cardiogenic-shock_n0008/na_0022 deonticForce ADVISORY => van-diepen-2017-contemporary-management-of-cardiogenic-shock_n0008/na_0022 deonticForceBasis SOURCE_STYLE_RULE
Rule_185	?a deonticForce ADVISORY => ?a deonticForceBasis SOURCE_STYLE_RULE	ambrosetti-2020-secondary-prevention-comprehensive-cardiovascular-rehabi_n0006/na_0002 deonticForce ADVISORY => ambrosetti-2020-secondary-prevention-comprehensive-cardiovascular-rehabi_n0006/na_0002 deonticForceBasis SOURCE_STYLE_RULE
Rule_185	?a deonticForce ADVISORY => ?a deonticForceBasis SOURCE_STYLE_RULE	regitz-zagrosek-2018-2018-esc-guideline-for-the-management-of-cardiovasc_n0014/na_0003 deonticForce ADVISORY => regitz-zagrosek-2018-2018-esc-guideline-for-the-management-of-cardiovasc_n0014/na_0003 deonticForceBasis SOURCE_STYLE_RULE
Rule_185	?a deonticForce ADVISORY => ?a deonticForceBasis SOURCE_STYLE_RULE	supp-material-esc-guidelines_n0018/na_0025 deonticForce ADVISORY => supp-material-esc-guidelines_n0018/na_0025 deonticForceBasis SOURCE_STYLE_RULE
Rule_185	?a deonticForce ADVISORY => ?a deonticForceBasis SOURCE_STYLE_RULE	glikson-2021-2021-esc-guidelines-on-cardiac-pacing-and-cardiac-resynchro_n0033/na_0004 deonticForce ADVISORY => glikson-2021-2021-esc-guidelines-on-cardiac-pacing-and-cardiac-resynchro_n0033/na_0004 deonticForceBasis SOURCE_STYLE_RULE
Rule_185	?a deonticForce ADVISORY => ?a deonticForceBasis SOURCE_STYLE_RULE	regitz-zagrosek-2018-2018-esc-guideline-for-the-management-of-cardiovasc_n0048/na_0001 deonticForce ADVISORY => regitz-zagrosek-2018-2018-esc-guideline-for-the-management-of-cardiovasc_n0048/na_0001 deonticForceBasis SOURCE_STYLE_RULE
Rule_185	?a deonticForce ADVISORY => ?a deonticForceBasis SOURCE_STYLE_RULE	ambrosetti-2020-secondary-prevention-comprehensive-cardiovascular-rehabi_n0006/na_0017 deonticForce ADVISORY => ambrosetti-2020-secondary-prevention-comprehensive-cardiovascular-rehabi_n0006/na_0017 deonticForceBasis SOURCE_STYLE_RULE
Rule_185	?a deonticForce ADVISORY => ?a deonticForceBasis SOURCE_STYLE_RULE	riegel-2009-promoting-self-care-in-persons-with-heart-failure_n0004/na_0012 deonticForce ADVISORY => riegel-2009-promoting-self-care-in-persons-with-heart-failure_n0004/na_0012 deonticForceBasis SOURCE_STYLE_RULE
Rule_185	?a deonticForce ADVISORY => ?a deonticForceBasis SOURCE_STYLE_RULE	zeppenfeld-2022-esc-guidelines-va-and-scd_n0056/na_0020 deonticForce ADVISORY => zeppenfeld-2022-esc-guidelines-va-and-scd_n0056/na_0020 deonticForceBasis SOURCE_STYLE_RULE
Rule_185	?a deonticForce ADVISORY => ?a deonticForceBasis SOURCE_STYLE_RULE	zeppenfeld-2022-esc-guidelines-va-and-scd_n0056/na_0022 deonticForce ADVISORY => zeppenfeld-2022-esc-guidelines-va-and-scd_n0056/na_0022 deonticForceBasis SOURCE_STYLE_RULE
Rule_185	?a deonticForce ADVISORY => ?a deonticForceBasis SOURCE_STYLE_RULE	supp-material-esc-guidelines_n0019/na_0002 deonticForce ADVISORY => supp-material-esc-guidelines_n0019/na_0002 deonticForceBasis SOURCE_STYLE_RULE
Rule_185	?a deonticForce ADVISORY => ?a deonticForceBasis SOURCE_STYLE_RULE	zeppenfeld-2022-esc-guidelines-va-and-scd_n0025/na_0036 deonticForce ADVISORY => zeppenfeld-2022-esc-guidelines-va-and-scd_n0025/na_0036 deonticForceBasis SOURCE_STYLE_RULE
Rule_185	?a deonticForce ADVISORY => ?a deonticForceBasis SOURCE_STYLE_RULE	zeppenfeld-2022-esc-guidelines-va-and-scd_n0025/na_0010 deonticForce ADVISORY => zeppenfeld-2022-esc-guidelines-va-and-scd_n0025/na_0010 deonticForceBasis SOURCE_STYLE_RULE
Rule_185	?a deonticForce ADVISORY => ?a deonticForceBasis SOURCE_STYLE_RULE	van-diepen-2017-contemporary-management-of-cardiogenic-shock_n0008/na_0004 deonticForce ADVISORY => van-diepen-2017-contemporary-management-of-cardiogenic-shock_n0008/na_0004 deonticForceBasis SOURCE_STYLE_RULE
Rule_185	?a deonticForce ADVISORY => ?a deonticForceBasis SOURCE_STYLE_RULE	van-diepen-2017-contemporary-management-of-cardiogenic-shock_n0004/na_0002 deonticForce ADVISORY => van-diepen-2017-contemporary-management-of-cardiogenic-shock_n0004/na_0002 deonticForceBasis SOURCE_STYLE_RULE
Rule_185	?a deonticForce ADVISORY => ?a deonticForceBasis SOURCE_STYLE_RULE	glikson-2021-2021-esc-guidelines-on-cardiac-pacing-and-cardiac-resynchro_n0079/na_0004 deonticForce ADVISORY => glikson-2021-2021-esc-guidelines-on-cardiac-pacing-and-cardiac-resynchro_n0079/na_0004 deonticForceBasis SOURCE_STYLE_RULE
Rule_185	?a deonticForce ADVISORY => ?a deonticForceBasis SOURCE_STYLE_RULE	ambrosetti-2020-secondary-prevention-comprehensive-cardiovascular-rehabi_n0006/na_0018 deonticForce ADVISORY => ambrosetti-2020-secondary-prevention-comprehensive-cardiovascular-rehabi_n0006/na_0018 deonticForceBasis SOURCE_STYLE_RULE
Rule_185	?a deonticForce ADVISORY => ?a deonticForceBasis SOURCE_STYLE_RULE	sedf99-1_n0001/na_0004 deonticForce ADVISORY => sedf99-1_n0001/na_0004 deonticForceBasis SOURCE_STYLE_RULE
Rule_185	?a deonticForce ADVISORY => ?a deonticForceBasis SOURCE_STYLE_RULE	zeppenfeld-2022-esc-guidelines-va-and-scd_n0025/na_0034 deonticForce ADVISORY => zeppenfeld-2022-esc-guidelines-va-and-scd_n0025/na_0034 deonticForceBasis SOURCE_STYLE_RULE
Rule_185	?a deonticForce ADVISORY => ?a deonticForceBasis SOURCE_STYLE_RULE	ambrosetti-2020-secondary-prevention-comprehensive-cardiovascular-rehabi_n0013/na_0026 deonticForce ADVISORY => ambrosetti-2020-secondary-prevention-comprehensive-cardiovascular-rehabi_n0013/na_0026 deonticForceBasis SOURCE_STYLE_RULE
Rule_185	?a deonticForce ADVISORY => ?a deonticForceBasis SOURCE_STYLE_RULE	execut-1_n0019/na_0013 deonticForce ADVISORY => execut-1_n0019/na_0013 deonticForceBasis SOURCE_STYLE_RULE
Rule_185	?a deonticForce ADVISORY => ?a deonticForceBasis SOURCE_STYLE_RULE	supp-material-esc-guidelines_n0018/na_0020 deonticForce ADVISORY => supp-material-esc-guidelines_n0018/na_0020 deonticForceBasis SOURCE_STYLE_RULE
Rule_185	?a deonticForce ADVISORY => ?a deonticForceBasis SOURCE_STYLE_RULE	visseren-2021-esc-guidelines-cardiovascular-disease-prevention_n0034/na_0034 deonticForce ADVISORY => visseren-2021-esc-guidelines-cardiovascular-disease-prevention_n0034/na_0034 deonticForceBasis SOURCE_STYLE_RULE
Rule_185	?a deonticForce ADVISORY => ?a deonticForceBasis SOURCE_STYLE_RULE	cardiosmart-modul1-zusammengefugt_n0002/na_0007 deonticForce ADVISORY => cardiosmart-modul1-zusammengefugt_n0002/na_0007 deonticForceBasis SOURCE_STYLE_RULE
Rule_185	?a deonticForce ADVISORY => ?a deonticForceBasis SOURCE_STYLE_RULE	mcdonagh-2023-esc-guidelines_n0062/na_0010 deonticForce ADVISORY => mcdonagh-2023-esc-guidelines_n0062/na_0010 deonticForceBasis SOURCE_STYLE_RULE
Rule_185	?a deonticForce ADVISORY => ?a deonticForceBasis SOURCE_STYLE_RULE	mcdonagh-2023-esc-guidelines_n0055/na_0038 deonticForce ADVISORY => mcdonagh-2023-esc-guidelines_n0055/na_0038 deonticForceBasis SOURCE_STYLE_RULE
Rule_185	?a deonticForce ADVISORY => ?a deonticForceBasis SOURCE_STYLE_RULE	von-knobelsdorff-brenkenhoff-2019-empfehlungen-zu-kardialen-mrtuntersuch_n0001/na_0002 deonticForce ADVISORY => von-knobelsdorff-brenkenhoff-2019-empfehlungen-zu-kardialen-mrtuntersuch_n0001/na_0002 deonticForceBasis SOURCE_STYLE_RULE
Rule_185	?a deonticForce ADVISORY => ?a deonticForceBasis SOURCE_STYLE_RULE	supp-material-esc-guidelines_n0018/na_0003 deonticForce ADVISORY => supp-material-esc-guidelines_n0018/na_0003 deonticForceBasis SOURCE_STYLE_RULE
Rule_185	?a deonticForce ADVISORY => ?a deonticForceBasis SOURCE_STYLE_RULE	wilkoff-2008-hrs-ehra-expert-consenus-on-the-monitoring-of-cieds_n0005/na_0004 deonticForce ADVISORY => wilkoff-2008-hrs-ehra-expert-consenus-on-the-monitoring-of-cieds_n0005/na_0004 deonticForceBasis SOURCE_STYLE_RULE
Rule_185	?a deonticForce ADVISORY => ?a deonticForceBasis SOURCE_STYLE_RULE	su_verified_e5f20076152902f9b102f37b1a83cdc79baea0d42000f6c76a83acfae0e39670_table_4/na_0018 deonticForce ADVISORY => su_verified_e5f20076152902f9b102f37b1a83cdc79baea0d42000f6c76a83acfae0e39670_table_4/na_0018 deonticForceBasis SOURCE_STYLE_RULE
Rule_185	?a deonticForce ADVISORY => ?a deonticForceBasis SOURCE_STYLE_RULE	mcdonagh-2023-esc-guidelines_n0068/na_0028 deonticForce ADVISORY => mcdonagh-2023-esc-guidelines_n0068/na_0028 deonticForceBasis SOURCE_STYLE_RULE
Rule_185	?a deonticForce ADVISORY => ?a deonticForceBasis SOURCE_STYLE_RULE	execut-1_n0021/na_0004 deonticForce ADVISORY => execut-1_n0021/na_0004 deonticForceBasis SOURCE_STYLE_RULE
Rule_185	?a deonticForce ADVISORY => ?a deonticForceBasis SOURCE_STYLE_RULE	zeppenfeld-2022-esc-guidelines-va-and-scd_n0056/na_0010 deonticForce ADVISORY => zeppenfeld-2022-esc-guidelines-va-and-scd_n0056/na_0010 deonticForceBasis SOURCE_STYLE_RULE
Rule_185	?a deonticForce ADVISORY => ?a deonticForceBasis SOURCE_STYLE_RULE	visseren-2021-esc-guidelines-cardiovascular-disease-prevention_n0034/na_0007 deonticForce ADVISORY => visseren-2021-esc-guidelines-cardiovascular-disease-prevention_n0034/na_0007 deonticForceBasis SOURCE_STYLE_RULE
Rule_185	?a deonticForce ADVISORY => ?a deonticForceBasis SOURCE_STYLE_RULE	pelliccia-2020-2020-esc-guidelines-on-sports-cardiology-and-exercise-in_n0039/na_0005 deonticForce ADVISORY => pelliccia-2020-2020-esc-guidelines-on-sports-cardiology-and-exercise-in_n0039/na_0005 deonticForceBasis SOURCE_STYLE_RULE
Rule_185	?a deonticForce ADVISORY => ?a deonticForceBasis SOURCE_STYLE_RULE	cardiosmart-modul1-zusammengefugt_n0002/na_0001 deonticForce ADVISORY => cardiosmart-modul1-zusammengefugt_n0002/na_0001 deonticForceBasis SOURCE_STYLE_RULE
Rule_185	?a deonticForce ADVISORY => ?a deonticForceBasis SOURCE_STYLE_RULE	mcdonagh-2023-esc-guidelines_n0055/na_0022 deonticForce ADVISORY => mcdonagh-2023-esc-guidelines_n0055/na_0022 deonticForceBasis SOURCE_STYLE_RULE
Rule_185	?a deonticForce ADVISORY => ?a deonticForceBasis SOURCE_STYLE_RULE	supp-material-esc-guidelines_n0018/na_0028 deonticForce ADVISORY => supp-material-esc-guidelines_n0018/na_0028 deonticForceBasis SOURCE_STYLE_RULE
Rule_185	?a deonticForce ADVISORY => ?a deonticForceBasis SOURCE_STYLE_RULE	su_verified_e5f20076152902f9b102f37b1a83cdc79baea0d42000f6c76a83acfae0e39670_table_1/na_0003 deonticForce ADVISORY => su_verified_e5f20076152902f9b102f37b1a83cdc79baea0d42000f6c76a83acfae0e39670_table_1/na_0003 deonticForceBasis SOURCE_STYLE_RULE
Rule_185	?a deonticForce ADVISORY => ?a deonticForceBasis SOURCE_STYLE_RULE	sedf99-1_n0001/na_0012 deonticForce ADVISORY => sedf99-1_n0001/na_0012 deonticForceBasis SOURCE_STYLE_RULE
Rule_185	?a deonticForce ADVISORY => ?a deonticForceBasis SOURCE_STYLE_RULE	vest-2019-nutrition-obesity-and-cachexia-in-patients-with-heart-failure_n0001/na_0039 deonticForce ADVISORY => vest-2019-nutrition-obesity-and-cachexia-in-patients-with-heart-failure_n0001/na_0039 deonticForceBasis SOURCE_STYLE_RULE
Rule_185	?a deonticForce ADVISORY => ?a deonticForceBasis SOURCE_STYLE_RULE	heidenreich-2022-aha-acc-hfsa-guidelines_n0100/na_0008 deonticForce ADVISORY => heidenreich-2022-aha-acc-hfsa-guidelines_n0100/na_0008 deonticForceBasis SOURCE_STYLE_RULE
Rule_185	?a deonticForce ADVISORY => ?a deonticForceBasis SOURCE_STYLE_RULE	su_verified_e5f20076152902f9b102f37b1a83cdc79baea0d42000f6c76a83acfae0e39670_table_1/na_0014 deonticForce ADVISORY => su_verified_e5f20076152902f9b102f37b1a83cdc79baea0d42000f6c76a83acfae0e39670_table_1/na_0014 deonticForceBasis SOURCE_STYLE_RULE
Rule_185	?a deonticForce ADVISORY => ?a deonticForceBasis SOURCE_STYLE_RULE	su_verified_e5f20076152902f9b102f37b1a83cdc79baea0d42000f6c76a83acfae0e39670_table_4/na_0011 deonticForce ADVISORY => su_verified_e5f20076152902f9b102f37b1a83cdc79baea0d42000f6c76a83acfae0e39670_table_4/na_0011 deonticForceBasis SOURCE_STYLE_RULE
Rule_185	?a deonticForce ADVISORY => ?a deonticForceBasis SOURCE_STYLE_RULE	su_verified_e5f20076152902f9b102f37b1a83cdc79baea0d42000f6c76a83acfae0e39670_table_2/na_0017 deonticForce ADVISORY => su_verified_e5f20076152902f9b102f37b1a83cdc79baea0d42000f6c76a83acfae0e39670_table_2/na_0017 deonticForceBasis SOURCE_STYLE_RULE
Rule_185	?a deonticForce ADVISORY => ?a deonticForceBasis SOURCE_STYLE_RULE	riegel-2009-promoting-self-care-in-persons-with-heart-failure_n0004/na_0011 deonticForce ADVISORY => riegel-2009-promoting-self-care-in-persons-with-heart-failure_n0004/na_0011 deonticForceBasis SOURCE_STYLE_RULE
Rule_185	?a deonticForce ADVISORY => ?a deonticForceBasis SOURCE_STYLE_RULE	regitz-zagrosek-2018-2018-esc-guideline-for-the-management-of-cardiovasc_n0014/na_0009 deonticForce ADVISORY => regitz-zagrosek-2018-2018-esc-guideline-for-the-management-of-cardiovasc_n0014/na_0009 deonticForceBasis SOURCE_STYLE_RULE
Rule_185	?a deonticForce ADVISORY => ?a deonticForceBasis SOURCE_STYLE_RULE	seb24c-1_n0004/na_0009 deonticForce ADVISORY => seb24c-1_n0004/na_0009 deonticForceBasis SOURCE_STYLE_RULE
Rule_185	?a deonticForce ADVISORY => ?a deonticForceBasis SOURCE_STYLE_RULE	su_verified_6ed52cdf724db04223b4d1c2e62f3c35f6b42bc19bc5e3198277d681d47e1eb9_table_25/na_0011 deonticForce ADVISORY => su_verified_6ed52cdf724db04223b4d1c2e62f3c35f6b42bc19bc5e3198277d681d47e1eb9_table_25/na_0011 deonticForceBasis SOURCE_STYLE_RULE
Rule_185	?a deonticForce ADVISORY => ?a deonticForceBasis SOURCE_STYLE_RULE	ambrosetti-2020-secondary-prevention-comprehensive-cardiovascular-rehabi_n0015/na_0017 deonticForce ADVISORY => ambrosetti-2020-secondary-prevention-comprehensive-cardiovascular-rehabi_n0015/na_0017 deonticForceBasis SOURCE_STYLE_RULE
Rule_185	?a deonticForce ADVISORY => ?a deonticForceBasis SOURCE_STYLE_RULE	su_verified_e5f20076152902f9b102f37b1a83cdc79baea0d42000f6c76a83acfae0e39670_table_2/na_0012 deonticForce ADVISORY => su_verified_e5f20076152902f9b102f37b1a83cdc79baea0d42000f6c76a83acfae0e39670_table_2/na_0012 deonticForceBasis SOURCE_STYLE_RULE
Rule_185	?a deonticForce ADVISORY => ?a deonticForceBasis SOURCE_STYLE_RULE	su_verified_0074e29f31a1f0feb082e0064bee46f60bf6b5ae3f8703d1231341374ed97e52_table_1/na_0054 deonticForce ADVISORY => su_verified_0074e29f31a1f0feb082e0064bee46f60bf6b5ae3f8703d1231341374ed97e52_table_1/na_0054 deonticForceBasis SOURCE_STYLE_RULE
Rule_185	?a deonticForce ADVISORY => ?a deonticForceBasis SOURCE_STYLE_RULE	van-diepen-2017-contemporary-management-of-cardiogenic-shock_n0008/na_0029 deonticForce ADVISORY => van-diepen-2017-contemporary-management-of-cardiogenic-shock_n0008/na_0029 deonticForceBasis SOURCE_STYLE_RULE
Rule_185	?a deonticForce ADVISORY => ?a deonticForceBasis SOURCE_STYLE_RULE	riegel-2009-promoting-self-care-in-persons-with-heart-failure_n0004/na_0014 deonticForce ADVISORY => riegel-2009-promoting-self-care-in-persons-with-heart-failure_n0004/na_0014 deonticForceBasis SOURCE_STYLE_RULE
Rule_185	?a deonticForce ADVISORY => ?a deonticForceBasis SOURCE_STYLE_RULE	execut-1_n0020/na_0002 deonticForce ADVISORY => execut-1_n0020/na_0002 deonticForceBasis SOURCE_STYLE_RULE
Rule_185	?a deonticForce ADVISORY => ?a deonticForceBasis SOURCE_STYLE_RULE	van-diepen-2017-contemporary-management-of-cardiogenic-shock_n0007/na_0002 deonticForce ADVISORY => van-diepen-2017-contemporary-management-of-cardiogenic-shock_n0007/na_0002 deonticForceBasis SOURCE_STYLE_RULE
Rule_185	?a deonticForce ADVISORY => ?a deonticForceBasis SOURCE_STYLE_RULE	glikson-2021-2021-esc-guidelines-on-cardiac-pacing-and-cardiac-resynchro_n0079/na_0001 deonticForce ADVISORY => glikson-2021-2021-esc-guidelines-on-cardiac-pacing-and-cardiac-resynchro_n0079/na_0001 deonticForceBasis SOURCE_STYLE_RULE
Rule_185	?a deonticForce ADVISORY => ?a deonticForceBasis SOURCE_STYLE_RULE	su_verified_e5f20076152902f9b102f37b1a83cdc79baea0d42000f6c76a83acfae0e39670_table_1/na_0007 deonticForce ADVISORY => su_verified_e5f20076152902f9b102f37b1a83cdc79baea0d42000f6c76a83acfae0e39670_table_1/na_0007 deonticForceBasis SOURCE_STYLE_RULE
Rule_185	?a deonticForce ADVISORY => ?a deonticForceBasis SOURCE_STYLE_RULE	su_verified_0074e29f31a1f0feb082e0064bee46f60bf6b5ae3f8703d1231341374ed97e52_table_1/na_0046 deonticForce ADVISORY => su_verified_0074e29f31a1f0feb082e0064bee46f60bf6b5ae3f8703d1231341374ed97e52_table_1/na_0046 deonticForceBasis SOURCE_STYLE_RULE
Rule_185	?a deonticForce ADVISORY => ?a deonticForceBasis SOURCE_STYLE_RULE	su_verified_0074e29f31a1f0feb082e0064bee46f60bf6b5ae3f8703d1231341374ed97e52_table_1/na_0040 deonticForce ADVISORY => su_verified_0074e29f31a1f0feb082e0064bee46f60bf6b5ae3f8703d1231341374ed97e52_table_1/na_0040 deonticForceBasis SOURCE_STYLE_RULE
Rule_185	?a deonticForce ADVISORY => ?a deonticForceBasis SOURCE_STYLE_RULE	glikson-2021-2021-esc-guidelines-on-cardiac-pacing-and-cardiac-resynchro_n0033/na_0003 deonticForce ADVISORY => glikson-2021-2021-esc-guidelines-on-cardiac-pacing-and-cardiac-resynchro_n0033/na_0003 deonticForceBasis SOURCE_STYLE_RULE
Rule_185	?a deonticForce ADVISORY => ?a deonticForceBasis SOURCE_STYLE_RULE	mcdonagh-2023-esc-guidelines_n0068/na_0017 deonticForce ADVISORY => mcdonagh-2023-esc-guidelines_n0068/na_0017 deonticForceBasis SOURCE_STYLE_RULE
Rule_185	?a deonticForce ADVISORY => ?a deonticForceBasis SOURCE_STYLE_RULE	ambrosetti-2020-secondary-prevention-comprehensive-cardiovascular-rehabi_n0014/na_0010 deonticForce ADVISORY => ambrosetti-2020-secondary-prevention-comprehensive-cardiovascular-rehabi_n0014/na_0010 deonticForceBasis SOURCE_STYLE_RULE
Rule_185	?a deonticForce ADVISORY => ?a deonticForceBasis SOURCE_STYLE_RULE	visseren-2021-esc-guidelines-cardiovascular-disease-prevention_n0034/na_0019 deonticForce ADVISORY => visseren-2021-esc-guidelines-cardiovascular-disease-prevention_n0034/na_0019 deonticForceBasis SOURCE_STYLE_RULE
Rule_185	?a deonticForce ADVISORY => ?a deonticForceBasis SOURCE_STYLE_RULE	van-diepen-2017-contemporary-management-of-cardiogenic-shock_n0006/na_0001 deonticForce ADVISORY => van-diepen-2017-contemporary-management-of-cardiogenic-shock_n0006/na_0001 deonticForceBasis SOURCE_STYLE_RULE
Rule_185	?a deonticForce ADVISORY => ?a deonticForceBasis SOURCE_STYLE_RULE	regitz-zagrosek-2018-2018-esc-guideline-for-the-management-of-cardiovasc_n0025/na_0006 deonticForce ADVISORY => regitz-zagrosek-2018-2018-esc-guideline-for-the-management-of-cardiovasc_n0025/na_0006 deonticForceBasis SOURCE_STYLE_RULE
Rule_185	?a deonticForce ADVISORY => ?a deonticForceBasis SOURCE_STYLE_RULE	riegel-2009-promoting-self-care-in-persons-with-heart-failure_n0004/na_0032 deonticForce ADVISORY => riegel-2009-promoting-self-care-in-persons-with-heart-failure_n0004/na_0032 deonticForceBasis SOURCE_STYLE_RULE
Rule_185	?a deonticForce ADVISORY => ?a deonticForceBasis SOURCE_STYLE_RULE	su_verified_e5f20076152902f9b102f37b1a83cdc79baea0d42000f6c76a83acfae0e39670_table_4/na_0024 deonticForce ADVISORY => su_verified_e5f20076152902f9b102f37b1a83cdc79baea0d42000f6c76a83acfae0e39670_table_4/na_0024 deonticForceBasis SOURCE_STYLE_RULE
Rule_185	?a deonticForce ADVISORY => ?a deonticForceBasis SOURCE_STYLE_RULE	mcdonagh-2023-esc-guidelines_n0083/na_0002 deonticForce ADVISORY => mcdonagh-2023-esc-guidelines_n0083/na_0002 deonticForceBasis SOURCE_STYLE_RULE
Rule_185	?a deonticForce ADVISORY => ?a deonticForceBasis SOURCE_STYLE_RULE	zeppenfeld-2022-esc-guidelines-va-and-scd_n0026/na_0014 deonticForce ADVISORY => zeppenfeld-2022-esc-guidelines-va-and-scd_n0026/na_0014 deonticForceBasis SOURCE_STYLE_RULE
Rule_185	?a deonticForce ADVISORY => ?a deonticForceBasis SOURCE_STYLE_RULE	heidenreich-2022-aha-acc-hfsa-guidelines_n0108/na_0018 deonticForce ADVISORY => heidenreich-2022-aha-acc-hfsa-guidelines_n0108/na_0018 deonticForceBasis SOURCE_STYLE_RULE
Rule_185	?a deonticForce ADVISORY => ?a deonticForceBasis SOURCE_STYLE_RULE	heidenreich-2022-aha-acc-hfsa-guidelines_n0108/na_0001 deonticForce ADVISORY => heidenreich-2022-aha-acc-hfsa-guidelines_n0108/na_0001 deonticForceBasis SOURCE_STYLE_RULE
Rule_185	?a deonticForce ADVISORY => ?a deonticForceBasis SOURCE_STYLE_RULE	visseren-2021-esc-guidelines-cardiovascular-disease-prevention_n0034/na_0013 deonticForce ADVISORY => visseren-2021-esc-guidelines-cardiovascular-disease-prevention_n0034/na_0013 deonticForceBasis SOURCE_STYLE_RULE
Rule_185	?a deonticForce ADVISORY => ?a deonticForceBasis SOURCE_STYLE_RULE	riegel-2009-promoting-self-care-in-persons-with-heart-failure_n0002/na_0004 deonticForce ADVISORY => riegel-2009-promoting-self-care-in-persons-with-heart-failure_n0002/na_0004 deonticForceBasis SOURCE_STYLE_RULE
Rule_185	?a deonticForce ADVISORY => ?a deonticForceBasis SOURCE_STYLE_RULE	van-diepen-2017-contemporary-management-of-cardiogenic-shock_n0008/na_0002 deonticForce ADVISORY => van-diepen-2017-contemporary-management-of-cardiogenic-shock_n0008/na_0002 deonticForceBasis SOURCE_STYLE_RULE
Rule_185	?a deonticForce ADVISORY => ?a deonticForceBasis SOURCE_STYLE_RULE	supp-material-esc-guidelines_n0018/na_0008 deonticForce ADVISORY => supp-material-esc-guidelines_n0018/na_0008 deonticForceBasis SOURCE_STYLE_RULE
Rule_185	?a deonticForce ADVISORY => ?a deonticForceBasis SOURCE_STYLE_RULE	zeppenfeld-2022-esc-guidelines-va-and-scd_n0026/na_0012 deonticForce ADVISORY => zeppenfeld-2022-esc-guidelines-va-and-scd_n0026/na_0012 deonticForceBasis SOURCE_STYLE_RULE
Rule_185	?a deonticForce ADVISORY => ?a deonticForceBasis SOURCE_STYLE_RULE	execut-1_n0021/na_0007 deonticForce ADVISORY => execut-1_n0021/na_0007 deonticForceBasis SOURCE_STYLE_RULE
Rule_185	?a deonticForce ADVISORY => ?a deonticForceBasis SOURCE_STYLE_RULE	sedf99-1_n0001/na_0009 deonticForce ADVISORY => sedf99-1_n0001/na_0009 deonticForceBasis SOURCE_STYLE_RULE
Rule_185	?a deonticForce ADVISORY => ?a deonticForceBasis SOURCE_STYLE_RULE	execut-1_n0020/na_0004 deonticForce ADVISORY => execut-1_n0020/na_0004 deonticForceBasis SOURCE_STYLE_RULE
Rule_185	?a deonticForce ADVISORY => ?a deonticForceBasis SOURCE_STYLE_RULE	mcdonagh-2023-esc-guidelines_n0055/na_0055 deonticForce ADVISORY => mcdonagh-2023-esc-guidelines_n0055/na_0055 deonticForceBasis SOURCE_STYLE_RULE
Rule_185	?a deonticForce ADVISORY => ?a deonticForceBasis SOURCE_STYLE_RULE	maddox-2021-2021-update-to-the-2017-acc-expert-consensus-decision-pathwa_n0010/na_0013 deonticForce ADVISORY => maddox-2021-2021-update-to-the-2017-acc-expert-consensus-decision-pathwa_n0010/na_0013 deonticForceBasis SOURCE_STYLE_RULE
Rule_185	?a deonticForce ADVISORY => ?a deonticForceBasis SOURCE_STYLE_RULE	su_verified_e5f20076152902f9b102f37b1a83cdc79baea0d42000f6c76a83acfae0e39670_table_2/na_0004 deonticForce ADVISORY => su_verified_e5f20076152902f9b102f37b1a83cdc79baea0d42000f6c76a83acfae0e39670_table_2/na_0004 deonticForceBasis SOURCE_STYLE_RULE
Rule_185	?a deonticForce ADVISORY => ?a deonticForceBasis SOURCE_STYLE_RULE	van-diepen-2017-contemporary-management-of-cardiogenic-shock_n0006/na_0016 deonticForce ADVISORY => van-diepen-2017-contemporary-management-of-cardiogenic-shock_n0006/na_0016 deonticForceBasis SOURCE_STYLE_RULE
Rule_185	?a deonticForce ADVISORY => ?a deonticForceBasis SOURCE_STYLE_RULE	page-2016-drugs-that-may-cause-or-exacerbate-heart-failure_n0001/na_0017 deonticForce ADVISORY => page-2016-drugs-that-may-cause-or-exacerbate-heart-failure_n0001/na_0017 deonticForceBasis SOURCE_STYLE_RULE
Rule_185	?a deonticForce ADVISORY => ?a deonticForceBasis SOURCE_STYLE_RULE	su_verified_e5f20076152902f9b102f37b1a83cdc79baea0d42000f6c76a83acfae0e39670_table_4/na_0034 deonticForce ADVISORY => su_verified_e5f20076152902f9b102f37b1a83cdc79baea0d42000f6c76a83acfae0e39670_table_4/na_0034 deonticForceBasis SOURCE_STYLE_RULE
Rule_185	?a deonticForce ADVISORY => ?a deonticForceBasis SOURCE_STYLE_RULE	execut-1_n0019/na_0003 deonticForce ADVISORY => execut-1_n0019/na_0003 deonticForceBasis SOURCE_STYLE_RULE
Rule_185	?a deonticForce ADVISORY => ?a deonticForceBasis SOURCE_STYLE_RULE	van-diepen-2017-contemporary-management-of-cardiogenic-shock_n0008/na_0013 deonticForce ADVISORY => van-diepen-2017-contemporary-management-of-cardiogenic-shock_n0008/na_0013 deonticForceBasis SOURCE_STYLE_RULE
Rule_185	?a deonticForce ADVISORY => ?a deonticForceBasis SOURCE_STYLE_RULE	heidenreich-2022-aha-acc-hfsa-guidelines_n0100/na_0001 deonticForce ADVISORY => heidenreich-2022-aha-acc-hfsa-guidelines_n0100/na_0001 deonticForceBasis SOURCE_STYLE_RULE
Rule_185	?a deonticForce ADVISORY => ?a deonticForceBasis SOURCE_STYLE_RULE	su_verified_0074e29f31a1f0feb082e0064bee46f60bf6b5ae3f8703d1231341374ed97e52_table_1/na_0011 deonticForce ADVISORY => su_verified_0074e29f31a1f0feb082e0064bee46f60bf6b5ae3f8703d1231341374ed97e52_table_1/na_0011 deonticForceBasis SOURCE_STYLE_RULE
Rule_185	?a deonticForce ADVISORY => ?a deonticForceBasis SOURCE_STYLE_RULE	ambrosetti-2020-secondary-prevention-comprehensive-cardiovascular-rehabi_n0013/na_0002 deonticForce ADVISORY => ambrosetti-2020-secondary-prevention-comprehensive-cardiovascular-rehabi_n0013/na_0002 deonticForceBasis SOURCE_STYLE_RULE
Rule_185	?a deonticForce ADVISORY => ?a deonticForceBasis SOURCE_STYLE_RULE	piepoli-2011-exercise-training-in-heart-failure_n0004/na_0008 deonticForce ADVISORY => piepoli-2011-exercise-training-in-heart-failure_n0004/na_0008 deonticForceBasis SOURCE_STYLE_RULE
Rule_185	?a deonticForce ADVISORY => ?a deonticForceBasis SOURCE_STYLE_RULE	mcdonagh-2023-esc-guidelines_n0028/na_0002 deonticForce ADVISORY => mcdonagh-2023-esc-guidelines_n0028/na_0002 deonticForceBasis SOURCE_STYLE_RULE
Rule_185	?a deonticForce ADVISORY => ?a deonticForceBasis SOURCE_STYLE_RULE	mcdonagh-2023-esc-guidelines_n0089/na_0005 deonticForce ADVISORY => mcdonagh-2023-esc-guidelines_n0089/na_0005 deonticForceBasis SOURCE_STYLE_RULE
Rule_185	?a deonticForce ADVISORY => ?a deonticForceBasis SOURCE_STYLE_RULE	visseren-2021-esc-guidelines-cardiovascular-disease-prevention_n0034/na_0020 deonticForce ADVISORY => visseren-2021-esc-guidelines-cardiovascular-disease-prevention_n0034/na_0020 deonticForceBasis SOURCE_STYLE_RULE
Rule_185	?a deonticForce ADVISORY => ?a deonticForceBasis SOURCE_STYLE_RULE	su_verified_e5f20076152902f9b102f37b1a83cdc79baea0d42000f6c76a83acfae0e39670_table_4/na_0005 deonticForce ADVISORY => su_verified_e5f20076152902f9b102f37b1a83cdc79baea0d42000f6c76a83acfae0e39670_table_4/na_0005 deonticForceBasis SOURCE_STYLE_RULE
Rule_185	?a deonticForce ADVISORY => ?a deonticForceBasis SOURCE_STYLE_RULE	vest-2019-nutrition-obesity-and-cachexia-in-patients-with-heart-failure_n0002/na_0005 deonticForce ADVISORY => vest-2019-nutrition-obesity-and-cachexia-in-patients-with-heart-failure_n0002/na_0005 deonticForceBasis SOURCE_STYLE_RULE
Rule_185	?a deonticForce ADVISORY => ?a deonticForceBasis SOURCE_STYLE_RULE	heidenreich-2022-aha-acc-hfsa-guidelines_n0108/na_0007 deonticForce ADVISORY => heidenreich-2022-aha-acc-hfsa-guidelines_n0108/na_0007 deonticForceBasis SOURCE_STYLE_RULE
Rule_185	?a deonticForce ADVISORY => ?a deonticForceBasis SOURCE_STYLE_RULE	van-diepen-2017-contemporary-management-of-cardiogenic-shock_n0008/na_0014 deonticForce ADVISORY => van-diepen-2017-contemporary-management-of-cardiogenic-shock_n0008/na_0014 deonticForceBasis SOURCE_STYLE_RULE
Rule_185	?a deonticForce ADVISORY => ?a deonticForceBasis SOURCE_STYLE_RULE	piepoli-2011-exercise-training-in-heart-failure_n0004/na_0014 deonticForce ADVISORY => piepoli-2011-exercise-training-in-heart-failure_n0004/na_0014 deonticForceBasis SOURCE_STYLE_RULE
Rule_185	?a deonticForce ADVISORY => ?a deonticForceBasis SOURCE_STYLE_RULE	pelliccia-2020-2020-esc-guidelines-on-sports-cardiology-and-exercise-in_n0039/na_0006 deonticForce ADVISORY => pelliccia-2020-2020-esc-guidelines-on-sports-cardiology-and-exercise-in_n0039/na_0006 deonticForceBasis SOURCE_STYLE_RULE
Rule_185	?a deonticForce ADVISORY => ?a deonticForceBasis SOURCE_STYLE_RULE	ambrosetti-2020-secondary-prevention-comprehensive-cardiovascular-rehabi_n0012/na_0004 deonticForce ADVISORY => ambrosetti-2020-secondary-prevention-comprehensive-cardiovascular-rehabi_n0012/na_0004 deonticForceBasis SOURCE_STYLE_RULE
Rule_185	?a deonticForce ADVISORY => ?a deonticForceBasis SOURCE_STYLE_RULE	ambrosetti-2020-secondary-prevention-comprehensive-cardiovascular-rehabi_n0010/na_0013 deonticForce ADVISORY => ambrosetti-2020-secondary-prevention-comprehensive-cardiovascular-rehabi_n0010/na_0013 deonticForceBasis SOURCE_STYLE_RULE
Rule_185	?a deonticForce ADVISORY => ?a deonticForceBasis SOURCE_STYLE_RULE	visseren-2021-esc-guidelines-cardiovascular-disease-prevention_n0038/na_0010 deonticForce ADVISORY => visseren-2021-esc-guidelines-cardiovascular-disease-prevention_n0038/na_0010 deonticForceBasis SOURCE_STYLE_RULE
Rule_185	?a deonticForce ADVISORY => ?a deonticForceBasis SOURCE_STYLE_RULE	riegel-2009-promoting-self-care-in-persons-with-heart-failure_n0004/na_0001 deonticForce ADVISORY => riegel-2009-promoting-self-care-in-persons-with-heart-failure_n0004/na_0001 deonticForceBasis SOURCE_STYLE_RULE
Rule_185	?a deonticForce ADVISORY => ?a deonticForceBasis SOURCE_STYLE_RULE	su_verified_6ed52cdf724db04223b4d1c2e62f3c35f6b42bc19bc5e3198277d681d47e1eb9_table_25/na_0008 deonticForce ADVISORY => su_verified_6ed52cdf724db04223b4d1c2e62f3c35f6b42bc19bc5e3198277d681d47e1eb9_table_25/na_0008 deonticForceBasis SOURCE_STYLE_RULE
Rule_185	?a deonticForce ADVISORY => ?a deonticForceBasis SOURCE_STYLE_RULE	su_verified_0074e29f31a1f0feb082e0064bee46f60bf6b5ae3f8703d1231341374ed97e52_table_1/na_0003 deonticForce ADVISORY => su_verified_0074e29f31a1f0feb082e0064bee46f60bf6b5ae3f8703d1231341374ed97e52_table_1/na_0003 deonticForceBasis SOURCE_STYLE_RULE
Rule_185	?a deonticForce ADVISORY => ?a deonticForceBasis SOURCE_STYLE_RULE	su_verified_e5f20076152902f9b102f37b1a83cdc79baea0d42000f6c76a83acfae0e39670_table_1/na_0016 deonticForce ADVISORY => su_verified_e5f20076152902f9b102f37b1a83cdc79baea0d42000f6c76a83acfae0e39670_table_1/na_0016 deonticForceBasis SOURCE_STYLE_RULE
Rule_185	?a deonticForce ADVISORY => ?a deonticForceBasis SOURCE_STYLE_RULE	su_verified_e5f20076152902f9b102f37b1a83cdc79baea0d42000f6c76a83acfae0e39670_table_4/na_0035 deonticForce ADVISORY => su_verified_e5f20076152902f9b102f37b1a83cdc79baea0d42000f6c76a83acfae0e39670_table_4/na_0035 deonticForceBasis SOURCE_STYLE_RULE
Rule_185	?a deonticForce ADVISORY => ?a deonticForceBasis SOURCE_STYLE_RULE	regitz-zagrosek-2018-2018-esc-guideline-for-the-management-of-cardiovasc_n0014/na_0013 deonticForce ADVISORY => regitz-zagrosek-2018-2018-esc-guideline-for-the-management-of-cardiovasc_n0014/na_0013 deonticForceBasis SOURCE_STYLE_RULE
Rule_185	?a deonticForce ADVISORY => ?a deonticForceBasis SOURCE_STYLE_RULE	mcdonagh-2023-esc-guidelines_n0062/na_0016 deonticForce ADVISORY => mcdonagh-2023-esc-guidelines_n0062/na_0016 deonticForceBasis SOURCE_STYLE_RULE
Rule_185	?a deonticForce ADVISORY => ?a deonticForceBasis SOURCE_STYLE_RULE	execut-1_n0021/na_0006 deonticForce ADVISORY => execut-1_n0021/na_0006 deonticForceBasis SOURCE_STYLE_RULE
Rule_185	?a deonticForce ADVISORY => ?a deonticForceBasis SOURCE_STYLE_RULE	vest-2019-nutrition-obesity-and-cachexia-in-patients-with-heart-failure_n0001/na_0040 deonticForce ADVISORY => vest-2019-nutrition-obesity-and-cachexia-in-patients-with-heart-failure_n0001/na_0040 deonticForceBasis SOURCE_STYLE_RULE
Rule_185	?a deonticForce ADVISORY => ?a deonticForceBasis SOURCE_STYLE_RULE	su_verified_6ed52cdf724db04223b4d1c2e62f3c35f6b42bc19bc5e3198277d681d47e1eb9_table_25/na_0014 deonticForce ADVISORY => su_verified_6ed52cdf724db04223b4d1c2e62f3c35f6b42bc19bc5e3198277d681d47e1eb9_table_25/na_0014 deonticForceBasis SOURCE_STYLE_RULE
Rule_185	?a deonticForce ADVISORY => ?a deonticForceBasis SOURCE_STYLE_RULE	van-diepen-2017-contemporary-management-of-cardiogenic-shock_n0006/na_0020 deonticForce ADVISORY => van-diepen-2017-contemporary-management-of-cardiogenic-shock_n0006/na_0020 deonticForceBasis SOURCE_STYLE_RULE
Rule_185	?a deonticForce ADVISORY => ?a deonticForceBasis SOURCE_STYLE_RULE	execut-1_n0021/na_0001 deonticForce ADVISORY => execut-1_n0021/na_0001 deonticForceBasis SOURCE_STYLE_RULE
Rule_185	?a deonticForce ADVISORY => ?a deonticForceBasis SOURCE_STYLE_RULE	riegel-2009-promoting-self-care-in-persons-with-heart-failure_n0004/na_0009 deonticForce ADVISORY => riegel-2009-promoting-self-care-in-persons-with-heart-failure_n0004/na_0009 deonticForceBasis SOURCE_STYLE_RULE
Rule_185	?a deonticForce ADVISORY => ?a deonticForceBasis SOURCE_STYLE_RULE	su_verified_0074e29f31a1f0feb082e0064bee46f60bf6b5ae3f8703d1231341374ed97e52_table_1/na_0076 deonticForce ADVISORY => su_verified_0074e29f31a1f0feb082e0064bee46f60bf6b5ae3f8703d1231341374ed97e52_table_1/na_0076 deonticForceBasis SOURCE_STYLE_RULE
Rule_185	?a deonticForce ADVISORY => ?a deonticForceBasis SOURCE_STYLE_RULE	supp-material-esc-guidelines_n0018/na_0023 deonticForce ADVISORY => supp-material-esc-guidelines_n0018/na_0023 deonticForceBasis SOURCE_STYLE_RULE
Rule_185	?a deonticForce ADVISORY => ?a deonticForceBasis SOURCE_STYLE_RULE	visseren-2021-esc-guidelines-cardiovascular-disease-prevention_n0034/na_0003 deonticForce ADVISORY => visseren-2021-esc-guidelines-cardiovascular-disease-prevention_n0034/na_0003 deonticForceBasis SOURCE_STYLE_RULE
Rule_185	?a deonticForce ADVISORY => ?a deonticForceBasis SOURCE_STYLE_RULE	su_verified_e5f20076152902f9b102f37b1a83cdc79baea0d42000f6c76a83acfae0e39670_table_1/na_0017 deonticForce ADVISORY => su_verified_e5f20076152902f9b102f37b1a83cdc79baea0d42000f6c76a83acfae0e39670_table_1/na_0017 deonticForceBasis SOURCE_STYLE_RULE
Rule_185	?a deonticForce ADVISORY => ?a deonticForceBasis SOURCE_STYLE_RULE	mcdonagh-2023-esc-guidelines_n0068/na_0029 deonticForce ADVISORY => mcdonagh-2023-esc-guidelines_n0068/na_0029 deonticForceBasis SOURCE_STYLE_RULE
Rule_185	?a deonticForce ADVISORY => ?a deonticForceBasis SOURCE_STYLE_RULE	vest-2019-nutrition-obesity-and-cachexia-in-patients-with-heart-failure_n0001/na_0016 deonticForce ADVISORY => vest-2019-nutrition-obesity-and-cachexia-in-patients-with-heart-failure_n0001/na_0016 deonticForceBasis SOURCE_STYLE_RULE
Rule_185	?a deonticForce ADVISORY => ?a deonticForceBasis SOURCE_STYLE_RULE	mcdonagh-2023-esc-guidelines_n0062/na_0012 deonticForce ADVISORY => mcdonagh-2023-esc-guidelines_n0062/na_0012 deonticForceBasis SOURCE_STYLE_RULE
Rule_185	?a deonticForce ADVISORY => ?a deonticForceBasis SOURCE_STYLE_RULE	van-diepen-2017-contemporary-management-of-cardiogenic-shock_n0004/na_0010 deonticForce ADVISORY => van-diepen-2017-contemporary-management-of-cardiogenic-shock_n0004/na_0010 deonticForceBasis SOURCE_STYLE_RULE
Rule_185	?a deonticForce ADVISORY => ?a deonticForceBasis SOURCE_STYLE_RULE	riegel-2009-promoting-self-care-in-persons-with-heart-failure_n0004/na_0003 deonticForce ADVISORY => riegel-2009-promoting-self-care-in-persons-with-heart-failure_n0004/na_0003 deonticForceBasis SOURCE_STYLE_RULE
Rule_185	?a deonticForce ADVISORY => ?a deonticForceBasis SOURCE_STYLE_RULE	su_verified_0074e29f31a1f0feb082e0064bee46f60bf6b5ae3f8703d1231341374ed97e52_table_1/na_0031 deonticForce ADVISORY => su_verified_0074e29f31a1f0feb082e0064bee46f60bf6b5ae3f8703d1231341374ed97e52_table_1/na_0031 deonticForceBasis SOURCE_STYLE_RULE
Rule_185	?a deonticForce ADVISORY => ?a deonticForceBasis SOURCE_STYLE_RULE	ambrosetti-2020-secondary-prevention-comprehensive-cardiovascular-rehabi_n0011/na_0016 deonticForce ADVISORY => ambrosetti-2020-secondary-prevention-comprehensive-cardiovascular-rehabi_n0011/na_0016 deonticForceBasis SOURCE_STYLE_RULE
Rule_185	?a deonticForce ADVISORY => ?a deonticForceBasis SOURCE_STYLE_RULE	pelliccia-2020-2020-esc-guidelines-on-sports-cardiology-and-exercise-in_n0039/na_0002 deonticForce ADVISORY => pelliccia-2020-2020-esc-guidelines-on-sports-cardiology-and-exercise-in_n0039/na_0002 deonticForceBasis SOURCE_STYLE_RULE
Rule_185	?a deonticForce ADVISORY => ?a deonticForceBasis SOURCE_STYLE_RULE	vest-2019-nutrition-obesity-and-cachexia-in-patients-with-heart-failure_n0001/na_9000 deonticForce ADVISORY => vest-2019-nutrition-obesity-and-cachexia-in-patients-with-heart-failure_n0001/na_9000 deonticForceBasis SOURCE_STYLE_RULE
Rule_185	?a deonticForce ADVISORY => ?a deonticForceBasis SOURCE_STYLE_RULE	van-diepen-2017-contemporary-management-of-cardiogenic-shock_n0008/na_0001 deonticForce ADVISORY => van-diepen-2017-contemporary-management-of-cardiogenic-shock_n0008/na_0001 deonticForceBasis SOURCE_STYLE_RULE
Rule_185	?a deonticForce ADVISORY => ?a deonticForceBasis SOURCE_STYLE_RULE	pelliccia-2020-2020-esc-guidelines-on-sports-cardiology-and-exercise-in_n0039/na_0001 deonticForce ADVISORY => pelliccia-2020-2020-esc-guidelines-on-sports-cardiology-and-exercise-in_n0039/na_0001 deonticForceBasis SOURCE_STYLE_RULE
Rule_185	?a deonticForce ADVISORY => ?a deonticForceBasis SOURCE_STYLE_RULE	visseren-2021-esc-guidelines-cardiovascular-disease-prevention_n0034/na_0021 deonticForce ADVISORY => visseren-2021-esc-guidelines-cardiovascular-disease-prevention_n0034/na_0021 deonticForceBasis SOURCE_STYLE_RULE
Rule_185	?a deonticForce ADVISORY => ?a deonticForceBasis SOURCE_STYLE_RULE	pelliccia-2020-2020-esc-guidelines-on-sports-cardiology-and-exercise-in_n0053/na_0010 deonticForce ADVISORY => pelliccia-2020-2020-esc-guidelines-on-sports-cardiology-and-exercise-in_n0053/na_0010 deonticForceBasis SOURCE_STYLE_RULE
Rule_185	?a deonticForce ADVISORY => ?a deonticForceBasis SOURCE_STYLE_RULE	van-diepen-2017-contemporary-management-of-cardiogenic-shock_n0008/na_0030 deonticForce ADVISORY => van-diepen-2017-contemporary-management-of-cardiogenic-shock_n0008/na_0030 deonticForceBasis SOURCE_STYLE_RULE
Rule_185	?a deonticForce ADVISORY => ?a deonticForceBasis SOURCE_STYLE_RULE	su_verified_e5f20076152902f9b102f37b1a83cdc79baea0d42000f6c76a83acfae0e39670_table_2/na_0008 deonticForce ADVISORY => su_verified_e5f20076152902f9b102f37b1a83cdc79baea0d42000f6c76a83acfae0e39670_table_2/na_0008 deonticForceBasis SOURCE_STYLE_RULE
Rule_185	?a deonticForce ADVISORY => ?a deonticForceBasis SOURCE_STYLE_RULE	ambrosetti-2020-secondary-prevention-comprehensive-cardiovascular-rehabi_n0001/na_0020 deonticForce ADVISORY => ambrosetti-2020-secondary-prevention-comprehensive-cardiovascular-rehabi_n0001/na_0020 deonticForceBasis SOURCE_STYLE_RULE
Rule_185	?a deonticForce ADVISORY => ?a deonticForceBasis SOURCE_STYLE_RULE	su_verified_0074e29f31a1f0feb082e0064bee46f60bf6b5ae3f8703d1231341374ed97e52_table_1/na_0047 deonticForce ADVISORY => su_verified_0074e29f31a1f0feb082e0064bee46f60bf6b5ae3f8703d1231341374ed97e52_table_1/na_0047 deonticForceBasis SOURCE_STYLE_RULE
Rule_185	?a deonticForce ADVISORY => ?a deonticForceBasis SOURCE_STYLE_RULE	lenarczyk-2024-management-of-patients-with-an-electrical-storm-or-cluste_n0008/na_0012 deonticForce ADVISORY => lenarczyk-2024-management-of-patients-with-an-electrical-storm-or-cluste_n0008/na_0012 deonticForceBasis SOURCE_STYLE_RULE
Rule_185	?a deonticForce ADVISORY => ?a deonticForceBasis SOURCE_STYLE_RULE	su_verified_6ed52cdf724db04223b4d1c2e62f3c35f6b42bc19bc5e3198277d681d47e1eb9_table_7/na_0001 deonticForce ADVISORY => su_verified_6ed52cdf724db04223b4d1c2e62f3c35f6b42bc19bc5e3198277d681d47e1eb9_table_7/na_0001 deonticForceBasis SOURCE_STYLE_RULE
Rule_185	?a deonticForce ADVISORY => ?a deonticForceBasis SOURCE_STYLE_RULE	zeppenfeld-2022-esc-guidelines-va-and-scd_n0025/na_0025 deonticForce ADVISORY => zeppenfeld-2022-esc-guidelines-va-and-scd_n0025/na_0025 deonticForceBasis SOURCE_STYLE_RULE
Rule_185	?a deonticForce ADVISORY => ?a deonticForceBasis SOURCE_STYLE_RULE	mcdonagh-2023-esc-guidelines_n0067/na_0001 deonticForce ADVISORY => mcdonagh-2023-esc-guidelines_n0067/na_0001 deonticForceBasis SOURCE_STYLE_RULE
Rule_185	?a deonticForce ADVISORY => ?a deonticForceBasis SOURCE_STYLE_RULE	von-knobelsdorff-brenkenhoff-2019-empfehlungen-zu-kardialen-mrtuntersuch_n0001/na_0006 deonticForce ADVISORY => von-knobelsdorff-brenkenhoff-2019-empfehlungen-zu-kardialen-mrtuntersuch_n0001/na_0006 deonticForceBasis SOURCE_STYLE_RULE
Rule_185	?a deonticForce ADVISORY => ?a deonticForceBasis SOURCE_STYLE_RULE	visseren-2021-esc-guidelines-cardiovascular-disease-prevention_n0034/na_0030 deonticForce ADVISORY => visseren-2021-esc-guidelines-cardiovascular-disease-prevention_n0034/na_0030 deonticForceBasis SOURCE_STYLE_RULE
Rule_185	?a deonticForce ADVISORY => ?a deonticForceBasis SOURCE_STYLE_RULE	supp-material-esc-guidelines_n0018/na_0018 deonticForce ADVISORY => supp-material-esc-guidelines_n0018/na_0018 deonticForceBasis SOURCE_STYLE_RULE
Rule_185	?a deonticForce ADVISORY => ?a deonticForceBasis SOURCE_STYLE_RULE	vest-2019-nutrition-obesity-and-cachexia-in-patients-with-heart-failure_n0002/na_0006 deonticForce ADVISORY => vest-2019-nutrition-obesity-and-cachexia-in-patients-with-heart-failure_n0002/na_0006 deonticForceBasis SOURCE_STYLE_RULE
Rule_185	?a deonticForce ADVISORY => ?a deonticForceBasis SOURCE_STYLE_RULE	riegel-2009-promoting-self-care-in-persons-with-heart-failure_n0004/na_0007 deonticForce ADVISORY => riegel-2009-promoting-self-care-in-persons-with-heart-failure_n0004/na_0007 deonticForceBasis SOURCE_STYLE_RULE
Rule_185	?a deonticForce ADVISORY => ?a deonticForceBasis SOURCE_STYLE_RULE	piepoli-2011-exercise-training-in-heart-failure_n0004/na_0011 deonticForce ADVISORY => piepoli-2011-exercise-training-in-heart-failure_n0004/na_0011 deonticForceBasis SOURCE_STYLE_RULE
Rule_185	?a deonticForce ADVISORY => ?a deonticForceBasis SOURCE_STYLE_RULE	riegel-2009-promoting-self-care-in-persons-with-heart-failure_n0004/na_0025 deonticForce ADVISORY => riegel-2009-promoting-self-care-in-persons-with-heart-failure_n0004/na_0025 deonticForceBasis SOURCE_STYLE_RULE
Rule_185	?a deonticForce ADVISORY => ?a deonticForceBasis SOURCE_STYLE_RULE	visseren-2021-esc-guidelines-cardiovascular-disease-prevention_n0034/na_0038 deonticForce ADVISORY => visseren-2021-esc-guidelines-cardiovascular-disease-prevention_n0034/na_0038 deonticForceBasis SOURCE_STYLE_RULE
Rule_185	?a deonticForce ADVISORY => ?a deonticForceBasis SOURCE_STYLE_RULE	mcdonagh-2023-esc-guidelines_n0067/na_0004 deonticForce ADVISORY => mcdonagh-2023-esc-guidelines_n0067/na_0004 deonticForceBasis SOURCE_STYLE_RULE
Rule_185	?a deonticForce ADVISORY => ?a deonticForceBasis SOURCE_STYLE_RULE	ambrosetti-2020-secondary-prevention-comprehensive-cardiovascular-rehabi_n0008/na_0007 deonticForce ADVISORY => ambrosetti-2020-secondary-prevention-comprehensive-cardiovascular-rehabi_n0008/na_0007 deonticForceBasis SOURCE_STYLE_RULE
Rule_185	?a deonticForce ADVISORY => ?a deonticForceBasis SOURCE_STYLE_RULE	ambrosetti-2020-secondary-prevention-comprehensive-cardiovascular-rehabi_n0014/na_0012 deonticForce ADVISORY => ambrosetti-2020-secondary-prevention-comprehensive-cardiovascular-rehabi_n0014/na_0012 deonticForceBasis SOURCE_STYLE_RULE
Rule_185	?a deonticForce ADVISORY => ?a deonticForceBasis SOURCE_STYLE_RULE	riegel-2009-promoting-self-care-in-persons-with-heart-failure_n0002/na_0012 deonticForce ADVISORY => riegel-2009-promoting-self-care-in-persons-with-heart-failure_n0002/na_0012 deonticForceBasis SOURCE_STYLE_RULE
Rule_185	?a deonticForce ADVISORY => ?a deonticForceBasis SOURCE_STYLE_RULE	riegel-2009-promoting-self-care-in-persons-with-heart-failure_n0004/na_0033 deonticForce ADVISORY => riegel-2009-promoting-self-care-in-persons-with-heart-failure_n0004/na_0033 deonticForceBasis SOURCE_STYLE_RULE
Rule_185	?a deonticForce ADVISORY => ?a deonticForceBasis SOURCE_STYLE_RULE	heidenreich-2022-aha-acc-hfsa-guidelines_n0100/na_0010 deonticForce ADVISORY => heidenreich-2022-aha-acc-hfsa-guidelines_n0100/na_0010 deonticForceBasis SOURCE_STYLE_RULE
Rule_185	?a deonticForce ADVISORY => ?a deonticForceBasis SOURCE_STYLE_RULE	regitz-zagrosek-2018-2018-esc-guideline-for-the-management-of-cardiovasc_n0014/na_0019 deonticForce ADVISORY => regitz-zagrosek-2018-2018-esc-guideline-for-the-management-of-cardiovasc_n0014/na_0019 deonticForceBasis SOURCE_STYLE_RULE
Rule_185	?a deonticForce ADVISORY => ?a deonticForceBasis SOURCE_STYLE_RULE	bhatt-2021-coronavirus-disease-2019-and-heart-failure_n0001/na_0008 deonticForce ADVISORY => bhatt-2021-coronavirus-disease-2019-and-heart-failure_n0001/na_0008 deonticForceBasis SOURCE_STYLE_RULE
Rule_185	?a deonticForce ADVISORY => ?a deonticForceBasis SOURCE_STYLE_RULE	su_verified_e5f20076152902f9b102f37b1a83cdc79baea0d42000f6c76a83acfae0e39670_table_2/na_0007 deonticForce ADVISORY => su_verified_e5f20076152902f9b102f37b1a83cdc79baea0d42000f6c76a83acfae0e39670_table_2/na_0007 deonticForceBasis SOURCE_STYLE_RULE
Rule_185	?a deonticForce ADVISORY => ?a deonticForceBasis SOURCE_STYLE_RULE	lenarczyk-2024-management-of-patients-with-an-electrical-storm-or-cluste_n0010/na_0002 deonticForce ADVISORY => lenarczyk-2024-management-of-patients-with-an-electrical-storm-or-cluste_n0010/na_0002 deonticForceBasis SOURCE_STYLE_RULE
Rule_185	?a deonticForce ADVISORY => ?a deonticForceBasis SOURCE_STYLE_RULE	ambrosetti-2020-secondary-prevention-comprehensive-cardiovascular-rehabi_n0012/na_0009 deonticForce ADVISORY => ambrosetti-2020-secondary-prevention-comprehensive-cardiovascular-rehabi_n0012/na_0009 deonticForceBasis SOURCE_STYLE_RULE
Rule_185	?a deonticForce ADVISORY => ?a deonticForceBasis SOURCE_STYLE_RULE	mcdonagh-2023-esc-guidelines_n0067/na_0005 deonticForce ADVISORY => mcdonagh-2023-esc-guidelines_n0067/na_0005 deonticForceBasis SOURCE_STYLE_RULE
Rule_185	?a deonticForce ADVISORY => ?a deonticForceBasis SOURCE_STYLE_RULE	mcdonagh-2023-esc-guidelines_n0055/na_0034 deonticForce ADVISORY => mcdonagh-2023-esc-guidelines_n0055/na_0034 deonticForceBasis SOURCE_STYLE_RULE
Rule_185	?a deonticForce ADVISORY => ?a deonticForceBasis SOURCE_STYLE_RULE	vest-2019-nutrition-obesity-and-cachexia-in-patients-with-heart-failure_n0002/na_0004 deonticForce ADVISORY => vest-2019-nutrition-obesity-and-cachexia-in-patients-with-heart-failure_n0002/na_0004 deonticForceBasis SOURCE_STYLE_RULE
Rule_185	?a deonticForce ADVISORY => ?a deonticForceBasis SOURCE_STYLE_RULE	wilkoff-2008-hrs-ehra-expert-consenus-on-the-monitoring-of-cieds_n0005/na_0002 deonticForce ADVISORY => wilkoff-2008-hrs-ehra-expert-consenus-on-the-monitoring-of-cieds_n0005/na_0002 deonticForceBasis SOURCE_STYLE_RULE
Rule_185	?a deonticForce ADVISORY => ?a deonticForceBasis SOURCE_STYLE_RULE	van-diepen-2017-contemporary-management-of-cardiogenic-shock_n0008/na_0028 deonticForce ADVISORY => van-diepen-2017-contemporary-management-of-cardiogenic-shock_n0008/na_0028 deonticForceBasis SOURCE_STYLE_RULE
Rule_185	?a deonticForce ADVISORY => ?a deonticForceBasis SOURCE_STYLE_RULE	execut-1_n0021/na_0011 deonticForce ADVISORY => execut-1_n0021/na_0011 deonticForceBasis SOURCE_STYLE_RULE
Rule_185	?a deonticForce ADVISORY => ?a deonticForceBasis SOURCE_STYLE_RULE	glikson-2021-2021-esc-guidelines-on-cardiac-pacing-and-cardiac-resynchro_n0033/na_0002 deonticForce ADVISORY => glikson-2021-2021-esc-guidelines-on-cardiac-pacing-and-cardiac-resynchro_n0033/na_0002 deonticForceBasis SOURCE_STYLE_RULE
Rule_185	?a deonticForce ADVISORY => ?a deonticForceBasis SOURCE_STYLE_RULE	ambrosetti-2020-secondary-prevention-comprehensive-cardiovascular-rehabi_n0007/na_0028 deonticForce ADVISORY => ambrosetti-2020-secondary-prevention-comprehensive-cardiovascular-rehabi_n0007/na_0028 deonticForceBasis SOURCE_STYLE_RULE
Rule_185	?a deonticForce ADVISORY => ?a deonticForceBasis SOURCE_STYLE_RULE	heidenreich-2022-aha-acc-hfsa-guidelines_n0108/na_0019 deonticForce ADVISORY => heidenreich-2022-aha-acc-hfsa-guidelines_n0108/na_0019 deonticForceBasis SOURCE_STYLE_RULE
Rule_185	?a deonticForce ADVISORY => ?a deonticForceBasis SOURCE_STYLE_RULE	vest-2019-nutrition-obesity-and-cachexia-in-patients-with-heart-failure_n0006/na_0001 deonticForce ADVISORY => vest-2019-nutrition-obesity-and-cachexia-in-patients-with-heart-failure_n0006/na_0001 deonticForceBasis SOURCE_STYLE_RULE
Rule_185	?a deonticForce ADVISORY => ?a deonticForceBasis SOURCE_STYLE_RULE	tsutsui-2023-natriuretic-peptides-role-in-the-diagnosis-and-management-o_n0001/na_0010 deonticForce ADVISORY => tsutsui-2023-natriuretic-peptides-role-in-the-diagnosis-and-management-o_n0001/na_0010 deonticForceBasis SOURCE_STYLE_RULE
Rule_185	?a deonticForce ADVISORY => ?a deonticForceBasis SOURCE_STYLE_RULE	ambrosetti-2020-secondary-prevention-comprehensive-cardiovascular-rehabi_n0001/na_0022 deonticForce ADVISORY => ambrosetti-2020-secondary-prevention-comprehensive-cardiovascular-rehabi_n0001/na_0022 deonticForceBasis SOURCE_STYLE_RULE
Rule_185	?a deonticForce ADVISORY => ?a deonticForceBasis SOURCE_STYLE_RULE	execut-1_n0019/na_0004 deonticForce ADVISORY => execut-1_n0019/na_0004 deonticForceBasis SOURCE_STYLE_RULE
Rule_185	?a deonticForce ADVISORY => ?a deonticForceBasis SOURCE_STYLE_RULE	execut-1_n0021/na_0010 deonticForce ADVISORY => execut-1_n0021/na_0010 deonticForceBasis SOURCE_STYLE_RULE
Rule_185	?a deonticForce ADVISORY => ?a deonticForceBasis SOURCE_STYLE_RULE	sedf99-1_n0001/na_0010 deonticForce ADVISORY => sedf99-1_n0001/na_0010 deonticForceBasis SOURCE_STYLE_RULE
Rule_185	?a deonticForce ADVISORY => ?a deonticForceBasis SOURCE_STYLE_RULE	supp-material-esc-guidelines_n0018/na_0007 deonticForce ADVISORY => supp-material-esc-guidelines_n0018/na_0007 deonticForceBasis SOURCE_STYLE_RULE
Rule_185	?a deonticForce ADVISORY => ?a deonticForceBasis SOURCE_STYLE_RULE	su_verified_e5f20076152902f9b102f37b1a83cdc79baea0d42000f6c76a83acfae0e39670_table_4/na_0027 deonticForce ADVISORY => su_verified_e5f20076152902f9b102f37b1a83cdc79baea0d42000f6c76a83acfae0e39670_table_4/na_0027 deonticForceBasis SOURCE_STYLE_RULE
Rule_185	?a deonticForce ADVISORY => ?a deonticForceBasis SOURCE_STYLE_RULE	vest-2019-nutrition-obesity-and-cachexia-in-patients-with-heart-failure_n0001/na_0006 deonticForce ADVISORY => vest-2019-nutrition-obesity-and-cachexia-in-patients-with-heart-failure_n0001/na_0006 deonticForceBasis SOURCE_STYLE_RULE
Rule_185	?a deonticForce ADVISORY => ?a deonticForceBasis SOURCE_STYLE_RULE	sedf99-1_n0001/na_0003 deonticForce ADVISORY => sedf99-1_n0001/na_0003 deonticForceBasis SOURCE_STYLE_RULE
Rule_185	?a deonticForce ADVISORY => ?a deonticForceBasis SOURCE_STYLE_RULE	regitz-zagrosek-2018-2018-esc-guideline-for-the-management-of-cardiovasc_n0014/na_0012 deonticForce ADVISORY => regitz-zagrosek-2018-2018-esc-guideline-for-the-management-of-cardiovasc_n0014/na_0012 deonticForceBasis SOURCE_STYLE_RULE
Rule_185	?a deonticForce ADVISORY => ?a deonticForceBasis SOURCE_STYLE_RULE	riegel-2009-promoting-self-care-in-persons-with-heart-failure_n0004/na_0019 deonticForce ADVISORY => riegel-2009-promoting-self-care-in-persons-with-heart-failure_n0004/na_0019 deonticForceBasis SOURCE_STYLE_RULE
Rule_185	?a deonticForce ADVISORY => ?a deonticForceBasis SOURCE_STYLE_RULE	supp-material-esc-guidelines_n0018/na_0024 deonticForce ADVISORY => supp-material-esc-guidelines_n0018/na_0024 deonticForceBasis SOURCE_STYLE_RULE
Rule_185	?a deonticForce ADVISORY => ?a deonticForceBasis SOURCE_STYLE_RULE	su_verified_0074e29f31a1f0feb082e0064bee46f60bf6b5ae3f8703d1231341374ed97e52_table_1/na_0042 deonticForce ADVISORY => su_verified_0074e29f31a1f0feb082e0064bee46f60bf6b5ae3f8703d1231341374ed97e52_table_1/na_0042 deonticForceBasis SOURCE_STYLE_RULE
Rule_185	?a deonticForce ADVISORY => ?a deonticForceBasis SOURCE_STYLE_RULE	visseren-2021-esc-guidelines-cardiovascular-disease-prevention_n0034/na_0025 deonticForce ADVISORY => visseren-2021-esc-guidelines-cardiovascular-disease-prevention_n0034/na_0025 deonticForceBasis SOURCE_STYLE_RULE
Rule_185	?a deonticForce ADVISORY => ?a deonticForceBasis SOURCE_STYLE_RULE	zeppenfeld-2022-esc-guidelines-va-and-scd_n0025/na_0033 deonticForce ADVISORY => zeppenfeld-2022-esc-guidelines-va-and-scd_n0025/na_0033 deonticForceBasis SOURCE_STYLE_RULE
Rule_185	?a deonticForce ADVISORY => ?a deonticForceBasis SOURCE_STYLE_RULE	ambrosetti-2020-secondary-prevention-comprehensive-cardiovascular-rehabi_n0015/na_0015 deonticForce ADVISORY => ambrosetti-2020-secondary-prevention-comprehensive-cardiovascular-rehabi_n0015/na_0015 deonticForceBasis SOURCE_STYLE_RULE
Rule_185	?a deonticForce ADVISORY => ?a deonticForceBasis SOURCE_STYLE_RULE	visseren-2021-esc-guidelines-cardiovascular-disease-prevention_n0034/na_0046 deonticForce ADVISORY => visseren-2021-esc-guidelines-cardiovascular-disease-prevention_n0034/na_0046 deonticForceBasis SOURCE_STYLE_RULE
Rule_185	?a deonticForce ADVISORY => ?a deonticForceBasis SOURCE_STYLE_RULE	su_verified_6ed52cdf724db04223b4d1c2e62f3c35f6b42bc19bc5e3198277d681d47e1eb9_table_25/na_0013 deonticForce ADVISORY => su_verified_6ed52cdf724db04223b4d1c2e62f3c35f6b42bc19bc5e3198277d681d47e1eb9_table_25/na_0013 deonticForceBasis SOURCE_STYLE_RULE
Rule_185	?a deonticForce ADVISORY => ?a deonticForceBasis SOURCE_STYLE_RULE	visseren-2021-esc-guidelines-cardiovascular-disease-prevention_n0034/na_0023 deonticForce ADVISORY => visseren-2021-esc-guidelines-cardiovascular-disease-prevention_n0034/na_0023 deonticForceBasis SOURCE_STYLE_RULE
Rule_185	?a deonticForce ADVISORY => ?a deonticForceBasis SOURCE_STYLE_RULE	vest-2019-nutrition-obesity-and-cachexia-in-patients-with-heart-failure_n0001/na_0054 deonticForce ADVISORY => vest-2019-nutrition-obesity-and-cachexia-in-patients-with-heart-failure_n0001/na_0054 deonticForceBasis SOURCE_STYLE_RULE
Rule_185	?a deonticForce ADVISORY => ?a deonticForceBasis SOURCE_STYLE_RULE	supp-material-esc-guidelines_n0018/na_0004 deonticForce ADVISORY => supp-material-esc-guidelines_n0018/na_0004 deonticForceBasis SOURCE_STYLE_RULE
Rule_185	?a deonticForce ADVISORY => ?a deonticForceBasis SOURCE_STYLE_RULE	ambrosetti-2020-secondary-prevention-comprehensive-cardiovascular-rehabi_n0001/na_0032 deonticForce ADVISORY => ambrosetti-2020-secondary-prevention-comprehensive-cardiovascular-rehabi_n0001/na_0032 deonticForceBasis SOURCE_STYLE_RULE
Rule_185	?a deonticForce ADVISORY => ?a deonticForceBasis SOURCE_STYLE_RULE	heidenreich-2022-aha-acc-hfsa-guidelines_n0100/na_0002 deonticForce ADVISORY => heidenreich-2022-aha-acc-hfsa-guidelines_n0100/na_0002 deonticForceBasis SOURCE_STYLE_RULE
Rule_185	?a deonticForce ADVISORY => ?a deonticForceBasis SOURCE_STYLE_RULE	su_verified_e5f20076152902f9b102f37b1a83cdc79baea0d42000f6c76a83acfae0e39670_table_1/na_0018 deonticForce ADVISORY => su_verified_e5f20076152902f9b102f37b1a83cdc79baea0d42000f6c76a83acfae0e39670_table_1/na_0018 deonticForceBasis SOURCE_STYLE_RULE
Rule_185	?a deonticForce ADVISORY => ?a deonticForceBasis SOURCE_STYLE_RULE	ambrosetti-2020-secondary-prevention-comprehensive-cardiovascular-rehabi_n0001/na_0026 deonticForce ADVISORY => ambrosetti-2020-secondary-prevention-comprehensive-cardiovascular-rehabi_n0001/na_0026 deonticForceBasis SOURCE_STYLE_RULE
Rule_185	?a deonticForce ADVISORY => ?a deonticForceBasis SOURCE_STYLE_RULE	heidenreich-2022-aha-acc-hfsa-guidelines_n0108/na_0017 deonticForce ADVISORY => heidenreich-2022-aha-acc-hfsa-guidelines_n0108/na_0017 deonticForceBasis SOURCE_STYLE_RULE
Rule_185	?a deonticForce ADVISORY => ?a deonticForceBasis SOURCE_STYLE_RULE	lenarczyk-2024-management-of-patients-with-an-electrical-storm-or-cluste_n0008/na_0003 deonticForce ADVISORY => lenarczyk-2024-management-of-patients-with-an-electrical-storm-or-cluste_n0008/na_0003 deonticForceBasis SOURCE_STYLE_RULE
Rule_185	?a deonticForce ADVISORY => ?a deonticForceBasis SOURCE_STYLE_RULE	glikson-2021-2021-esc-guidelines-on-cardiac-pacing-and-cardiac-resynchro_n0061/na_0007 deonticForce ADVISORY => glikson-2021-2021-esc-guidelines-on-cardiac-pacing-and-cardiac-resynchro_n0061/na_0007 deonticForceBasis SOURCE_STYLE_RULE
Rule_185	?a deonticForce ADVISORY => ?a deonticForceBasis SOURCE_STYLE_RULE	su_verified_0074e29f31a1f0feb082e0064bee46f60bf6b5ae3f8703d1231341374ed97e52_table_1/na_0050 deonticForce ADVISORY => su_verified_0074e29f31a1f0feb082e0064bee46f60bf6b5ae3f8703d1231341374ed97e52_table_1/na_0050 deonticForceBasis SOURCE_STYLE_RULE
Rule_185	?a deonticForce ADVISORY => ?a deonticForceBasis SOURCE_STYLE_RULE	su_verified_6ed52cdf724db04223b4d1c2e62f3c35f6b42bc19bc5e3198277d681d47e1eb9_table_25/na_0005 deonticForce ADVISORY => su_verified_6ed52cdf724db04223b4d1c2e62f3c35f6b42bc19bc5e3198277d681d47e1eb9_table_25/na_0005 deonticForceBasis SOURCE_STYLE_RULE
Rule_185	?a deonticForce ADVISORY => ?a deonticForceBasis SOURCE_STYLE_RULE	zeppenfeld-2022-esc-guidelines-va-and-scd_n0056/na_0004 deonticForce ADVISORY => zeppenfeld-2022-esc-guidelines-va-and-scd_n0056/na_0004 deonticForceBasis SOURCE_STYLE_RULE
Rule_185	?a deonticForce ADVISORY => ?a deonticForceBasis SOURCE_STYLE_RULE	visseren-2021-esc-guidelines-cardiovascular-disease-prevention_n0034/na_0001 deonticForce ADVISORY => visseren-2021-esc-guidelines-cardiovascular-disease-prevention_n0034/na_0001 deonticForceBasis SOURCE_STYLE_RULE
Rule_185	?a deonticForce ADVISORY => ?a deonticForceBasis SOURCE_STYLE_RULE	visseren-2021-esc-guidelines-cardiovascular-disease-prevention_n0034/na_0041 deonticForce ADVISORY => visseren-2021-esc-guidelines-cardiovascular-disease-prevention_n0034/na_0041 deonticForceBasis SOURCE_STYLE_RULE
Rule_185	?a deonticForce ADVISORY => ?a deonticForceBasis SOURCE_STYLE_RULE	riegel-2009-promoting-self-care-in-persons-with-heart-failure_n0002/na_0010 deonticForce ADVISORY => riegel-2009-promoting-self-care-in-persons-with-heart-failure_n0002/na_0010 deonticForceBasis SOURCE_STYLE_RULE
Rule_185	?a deonticForce ADVISORY => ?a deonticForceBasis SOURCE_STYLE_RULE	mcdonagh-2023-esc-guidelines_n0062/na_0001 deonticForce ADVISORY => mcdonagh-2023-esc-guidelines_n0062/na_0001 deonticForceBasis SOURCE_STYLE_RULE
Rule_185	?a deonticForce ADVISORY => ?a deonticForceBasis SOURCE_STYLE_RULE	execut-1_n0021/na_0005 deonticForce ADVISORY => execut-1_n0021/na_0005 deonticForceBasis SOURCE_STYLE_RULE
Rule_185	?a deonticForce ADVISORY => ?a deonticForceBasis SOURCE_STYLE_RULE	van-diepen-2017-contemporary-management-of-cardiogenic-shock_n0007/na_0003 deonticForce ADVISORY => van-diepen-2017-contemporary-management-of-cardiogenic-shock_n0007/na_0003 deonticForceBasis SOURCE_STYLE_RULE
Rule_185	?a deonticForce ADVISORY => ?a deonticForceBasis SOURCE_STYLE_RULE	piepoli-2011-exercise-training-in-heart-failure_n0004/na_0013 deonticForce ADVISORY => piepoli-2011-exercise-training-in-heart-failure_n0004/na_0013 deonticForceBasis SOURCE_STYLE_RULE
Rule_185	?a deonticForce ADVISORY => ?a deonticForceBasis SOURCE_STYLE_RULE	riegel-2009-promoting-self-care-in-persons-with-heart-failure_n0004/na_0010 deonticForce ADVISORY => riegel-2009-promoting-self-care-in-persons-with-heart-failure_n0004/na_0010 deonticForceBasis SOURCE_STYLE_RULE
Rule_185	?a deonticForce ADVISORY => ?a deonticForceBasis SOURCE_STYLE_RULE	riegel-2009-promoting-self-care-in-persons-with-heart-failure_n0004/na_0002 deonticForce ADVISORY => riegel-2009-promoting-self-care-in-persons-with-heart-failure_n0004/na_0002 deonticForceBasis SOURCE_STYLE_RULE
Rule_185	?a deonticForce ADVISORY => ?a deonticForceBasis SOURCE_STYLE_RULE	van-diepen-2017-contemporary-management-of-cardiogenic-shock_n0007/na_0004 deonticForce ADVISORY => van-diepen-2017-contemporary-management-of-cardiogenic-shock_n0007/na_0004 deonticForceBasis SOURCE_STYLE_RULE
Rule_185	?a deonticForce ADVISORY => ?a deonticForceBasis SOURCE_STYLE_RULE	ambrosetti-2020-secondary-prevention-comprehensive-cardiovascular-rehabi_n0001/na_0019 deonticForce ADVISORY => ambrosetti-2020-secondary-prevention-comprehensive-cardiovascular-rehabi_n0001/na_0019 deonticForceBasis SOURCE_STYLE_RULE
Rule_185	?a deonticForce ADVISORY => ?a deonticForceBasis SOURCE_STYLE_RULE	regitz-zagrosek-2018-2018-esc-guideline-for-the-management-of-cardiovasc_n0014/na_0018 deonticForce ADVISORY => regitz-zagrosek-2018-2018-esc-guideline-for-the-management-of-cardiovasc_n0014/na_0018 deonticForceBasis SOURCE_STYLE_RULE
Rule_185	?a deonticForce ADVISORY => ?a deonticForceBasis SOURCE_STYLE_RULE	su_verified_e5f20076152902f9b102f37b1a83cdc79baea0d42000f6c76a83acfae0e39670_table_1/na_0001 deonticForce ADVISORY => su_verified_e5f20076152902f9b102f37b1a83cdc79baea0d42000f6c76a83acfae0e39670_table_1/na_0001 deonticForceBasis SOURCE_STYLE_RULE
Rule_185	?a deonticForce ADVISORY => ?a deonticForceBasis SOURCE_STYLE_RULE	su_verified_0074e29f31a1f0feb082e0064bee46f60bf6b5ae3f8703d1231341374ed97e52_table_1/na_0060 deonticForce ADVISORY => su_verified_0074e29f31a1f0feb082e0064bee46f60bf6b5ae3f8703d1231341374ed97e52_table_1/na_0060 deonticForceBasis SOURCE_STYLE_RULE
Rule_185	?a deonticForce ADVISORY => ?a deonticForceBasis SOURCE_STYLE_RULE	mcdonagh-2023-esc-guidelines_n0084/na_0012 deonticForce ADVISORY => mcdonagh-2023-esc-guidelines_n0084/na_0012 deonticForceBasis SOURCE_STYLE_RULE
Rule_185	?a deonticForce ADVISORY => ?a deonticForceBasis SOURCE_STYLE_RULE	visseren-2021-esc-guidelines-cardiovascular-disease-prevention_n0034/na_0045 deonticForce ADVISORY => visseren-2021-esc-guidelines-cardiovascular-disease-prevention_n0034/na_0045 deonticForceBasis SOURCE_STYLE_RULE
Rule_185	?a deonticForce ADVISORY => ?a deonticForceBasis SOURCE_STYLE_RULE	su_verified_6ed52cdf724db04223b4d1c2e62f3c35f6b42bc19bc5e3198277d681d47e1eb9_table_6/na_0003 deonticForce ADVISORY => su_verified_6ed52cdf724db04223b4d1c2e62f3c35f6b42bc19bc5e3198277d681d47e1eb9_table_6/na_0003 deonticForceBasis SOURCE_STYLE_RULE
Rule_185	?a deonticForce ADVISORY => ?a deonticForceBasis SOURCE_STYLE_RULE	pelliccia-2020-2020-esc-guidelines-on-sports-cardiology-and-exercise-in_n0039/na_0003 deonticForce ADVISORY => pelliccia-2020-2020-esc-guidelines-on-sports-cardiology-and-exercise-in_n0039/na_0003 deonticForceBasis SOURCE_STYLE_RULE
Rule_185	?a deonticForce ADVISORY => ?a deonticForceBasis SOURCE_STYLE_RULE	ambrosetti-2020-secondary-prevention-comprehensive-cardiovascular-rehabi_n0007/na_0016 deonticForce ADVISORY => ambrosetti-2020-secondary-prevention-comprehensive-cardiovascular-rehabi_n0007/na_0016 deonticForceBasis SOURCE_STYLE_RULE
Rule_185	?a deonticForce ADVISORY => ?a deonticForceBasis SOURCE_STYLE_RULE	su_verified_e5f20076152902f9b102f37b1a83cdc79baea0d42000f6c76a83acfae0e39670_table_4/na_0029 deonticForce ADVISORY => su_verified_e5f20076152902f9b102f37b1a83cdc79baea0d42000f6c76a83acfae0e39670_table_4/na_0029 deonticForceBasis SOURCE_STYLE_RULE
Rule_185	?a deonticForce ADVISORY => ?a deonticForceBasis SOURCE_STYLE_RULE	visseren-2021-esc-guidelines-cardiovascular-disease-prevention_n0034/na_0048 deonticForce ADVISORY => visseren-2021-esc-guidelines-cardiovascular-disease-prevention_n0034/na_0048 deonticForceBasis SOURCE_STYLE_RULE
Rule_185	?a deonticForce ADVISORY => ?a deonticForceBasis SOURCE_STYLE_RULE	mcdonagh-2023-esc-guidelines_n0089/na_0011 deonticForce ADVISORY => mcdonagh-2023-esc-guidelines_n0089/na_0011 deonticForceBasis SOURCE_STYLE_RULE
Rule_185	?a deonticForce ADVISORY => ?a deonticForceBasis SOURCE_STYLE_RULE	riegel-2009-promoting-self-care-in-persons-with-heart-failure_n0002/na_0005 deonticForce ADVISORY => riegel-2009-promoting-self-care-in-persons-with-heart-failure_n0002/na_0005 deonticForceBasis SOURCE_STYLE_RULE
Rule_185	?a deonticForce ADVISORY => ?a deonticForceBasis SOURCE_STYLE_RULE	mcdonagh-2023-esc-guidelines_n0062/na_0002 deonticForce ADVISORY => mcdonagh-2023-esc-guidelines_n0062/na_0002 deonticForceBasis SOURCE_STYLE_RULE
Rule_185	?a deonticForce ADVISORY => ?a deonticForceBasis SOURCE_STYLE_RULE	regitz-zagrosek-2018-2018-esc-guideline-for-the-management-of-cardiovasc_n0048/na_0002 deonticForce ADVISORY => regitz-zagrosek-2018-2018-esc-guideline-for-the-management-of-cardiovasc_n0048/na_0002 deonticForceBasis SOURCE_STYLE_RULE
Rule_185	?a deonticForce ADVISORY => ?a deonticForceBasis SOURCE_STYLE_RULE	su_verified_e5f20076152902f9b102f37b1a83cdc79baea0d42000f6c76a83acfae0e39670_table_2/na_0009 deonticForce ADVISORY => su_verified_e5f20076152902f9b102f37b1a83cdc79baea0d42000f6c76a83acfae0e39670_table_2/na_0009 deonticForceBasis SOURCE_STYLE_RULE
Rule_185	?a deonticForce ADVISORY => ?a deonticForceBasis SOURCE_STYLE_RULE	van-diepen-2017-contemporary-management-of-cardiogenic-shock_n0006/na_0021 deonticForce ADVISORY => van-diepen-2017-contemporary-management-of-cardiogenic-shock_n0006/na_0021 deonticForceBasis SOURCE_STYLE_RULE
Rule_185	?a deonticForce ADVISORY => ?a deonticForceBasis SOURCE_STYLE_RULE	su_verified_6ed52cdf724db04223b4d1c2e62f3c35f6b42bc19bc5e3198277d681d47e1eb9_table_5/na_0007 deonticForce ADVISORY => su_verified_6ed52cdf724db04223b4d1c2e62f3c35f6b42bc19bc5e3198277d681d47e1eb9_table_5/na_0007 deonticForceBasis SOURCE_STYLE_RULE
Rule_185	?a deonticForce ADVISORY => ?a deonticForceBasis SOURCE_STYLE_RULE	van-diepen-2017-contemporary-management-of-cardiogenic-shock_n0008/na_0016 deonticForce ADVISORY => van-diepen-2017-contemporary-management-of-cardiogenic-shock_n0008/na_0016 deonticForceBasis SOURCE_STYLE_RULE
Rule_185	?a deonticForce ADVISORY => ?a deonticForceBasis SOURCE_STYLE_RULE	van-diepen-2017-contemporary-management-of-cardiogenic-shock_n0004/na_0011 deonticForce ADVISORY => van-diepen-2017-contemporary-management-of-cardiogenic-shock_n0004/na_0011 deonticForceBasis SOURCE_STYLE_RULE
Rule_185	?a deonticForce ADVISORY => ?a deonticForceBasis SOURCE_STYLE_RULE	su_verified_6ed52cdf724db04223b4d1c2e62f3c35f6b42bc19bc5e3198277d681d47e1eb9_table_5/na_0005 deonticForce ADVISORY => su_verified_6ed52cdf724db04223b4d1c2e62f3c35f6b42bc19bc5e3198277d681d47e1eb9_table_5/na_0005 deonticForceBasis SOURCE_STYLE_RULE
Rule_185	?a deonticForce ADVISORY => ?a deonticForceBasis SOURCE_STYLE_RULE	mcdonagh-2023-esc-guidelines_n0055/na_0048 deonticForce ADVISORY => mcdonagh-2023-esc-guidelines_n0055/na_0048 deonticForceBasis SOURCE_STYLE_RULE
Rule_185	?a deonticForce ADVISORY => ?a deonticForceBasis SOURCE_STYLE_RULE	su_verified_e5f20076152902f9b102f37b1a83cdc79baea0d42000f6c76a83acfae0e39670_table_4/na_0030 deonticForce ADVISORY => su_verified_e5f20076152902f9b102f37b1a83cdc79baea0d42000f6c76a83acfae0e39670_table_4/na_0030 deonticForceBasis SOURCE_STYLE_RULE
Rule_185	?a deonticForce ADVISORY => ?a deonticForceBasis SOURCE_STYLE_RULE	van-diepen-2017-contemporary-management-of-cardiogenic-shock_n0006/na_0007 deonticForce ADVISORY => van-diepen-2017-contemporary-management-of-cardiogenic-shock_n0006/na_0007 deonticForceBasis SOURCE_STYLE_RULE
Rule_185	?a deonticForce ADVISORY => ?a deonticForceBasis SOURCE_STYLE_RULE	mcdonagh-2023-esc-guidelines_n0062/na_0014 deonticForce ADVISORY => mcdonagh-2023-esc-guidelines_n0062/na_0014 deonticForceBasis SOURCE_STYLE_RULE
Rule_185	?a deonticForce ADVISORY => ?a deonticForceBasis SOURCE_STYLE_RULE	vijgen-2009-updated-recommendations-for-driving-by-patients-with-implant_n0005/na_0002 deonticForce ADVISORY => vijgen-2009-updated-recommendations-for-driving-by-patients-with-implant_n0005/na_0002 deonticForceBasis SOURCE_STYLE_RULE
Rule_185	?a deonticForce ADVISORY => ?a deonticForceBasis SOURCE_STYLE_RULE	vest-2019-nutrition-obesity-and-cachexia-in-patients-with-heart-failure_n0002/na_0001 deonticForce ADVISORY => vest-2019-nutrition-obesity-and-cachexia-in-patients-with-heart-failure_n0002/na_0001 deonticForceBasis SOURCE_STYLE_RULE
Rule_185	?a deonticForce ADVISORY => ?a deonticForceBasis SOURCE_STYLE_RULE	bhatt-2021-coronavirus-disease-2019-and-heart-failure_n0001/na_0006 deonticForce ADVISORY => bhatt-2021-coronavirus-disease-2019-and-heart-failure_n0001/na_0006 deonticForceBasis SOURCE_STYLE_RULE
Rule_185	?a deonticForce ADVISORY => ?a deonticForceBasis SOURCE_STYLE_RULE	van-diepen-2017-contemporary-management-of-cardiogenic-shock_n0006/na_0004 deonticForce ADVISORY => van-diepen-2017-contemporary-management-of-cardiogenic-shock_n0006/na_0004 deonticForceBasis SOURCE_STYLE_RULE
Rule_185	?a deonticForce ADVISORY => ?a deonticForceBasis SOURCE_STYLE_RULE	piepoli-2011-exercise-training-in-heart-failure_n0004/na_0002 deonticForce ADVISORY => piepoli-2011-exercise-training-in-heart-failure_n0004/na_0002 deonticForceBasis SOURCE_STYLE_RULE
Rule_185	?a deonticForce ADVISORY => ?a deonticForceBasis SOURCE_STYLE_RULE	supp-material-esc-guidelines_n0018/na_0005 deonticForce ADVISORY => supp-material-esc-guidelines_n0018/na_0005 deonticForceBasis SOURCE_STYLE_RULE
Rule_185	?a deonticForce ADVISORY => ?a deonticForceBasis SOURCE_STYLE_RULE	execut-1_n0019/na_0009 deonticForce ADVISORY => execut-1_n0019/na_0009 deonticForceBasis SOURCE_STYLE_RULE
Rule_185	?a deonticForce ADVISORY => ?a deonticForceBasis SOURCE_STYLE_RULE	tsutsui-2023-natriuretic-peptides-role-in-the-diagnosis-and-management-o_n0001/na_0008 deonticForce ADVISORY => tsutsui-2023-natriuretic-peptides-role-in-the-diagnosis-and-management-o_n0001/na_0008 deonticForceBasis SOURCE_STYLE_RULE
Rule_185	?a deonticForce ADVISORY => ?a deonticForceBasis SOURCE_STYLE_RULE	piepoli-2011-exercise-training-in-heart-failure_n0004/na_0015 deonticForce ADVISORY => piepoli-2011-exercise-training-in-heart-failure_n0004/na_0015 deonticForceBasis SOURCE_STYLE_RULE
Rule_185	?a deonticForce ADVISORY => ?a deonticForceBasis SOURCE_STYLE_RULE	zeppenfeld-2022-esc-guidelines-va-and-scd_n0056/na_0006 deonticForce ADVISORY => zeppenfeld-2022-esc-guidelines-va-and-scd_n0056/na_0006 deonticForceBasis SOURCE_STYLE_RULE
Rule_185	?a deonticForce ADVISORY => ?a deonticForceBasis SOURCE_STYLE_RULE	su_verified_0074e29f31a1f0feb082e0064bee46f60bf6b5ae3f8703d1231341374ed97e52_table_1/na_0048 deonticForce ADVISORY => su_verified_0074e29f31a1f0feb082e0064bee46f60bf6b5ae3f8703d1231341374ed97e52_table_1/na_0048 deonticForceBasis SOURCE_STYLE_RULE
Rule_185	?a deonticForce ADVISORY => ?a deonticForceBasis SOURCE_STYLE_RULE	sectio-4_n0004/na_0009 deonticForce ADVISORY => sectio-4_n0004/na_0009 deonticForceBasis SOURCE_STYLE_RULE
Rule_185	?a deonticForce ADVISORY => ?a deonticForceBasis SOURCE_STYLE_RULE	seb24c-1_n0004/na_0008 deonticForce ADVISORY => seb24c-1_n0004/na_0008 deonticForceBasis SOURCE_STYLE_RULE
Rule_185	?a deonticForce ADVISORY => ?a deonticForceBasis SOURCE_STYLE_RULE	riegel-2009-promoting-self-care-in-persons-with-heart-failure_n0004/na_0034 deonticForce ADVISORY => riegel-2009-promoting-self-care-in-persons-with-heart-failure_n0004/na_0034 deonticForceBasis SOURCE_STYLE_RULE
Rule_185	?a deonticForce ADVISORY => ?a deonticForceBasis SOURCE_STYLE_RULE	mcdonagh-2023-esc-guidelines_n0084/na_0015 deonticForce ADVISORY => mcdonagh-2023-esc-guidelines_n0084/na_0015 deonticForceBasis SOURCE_STYLE_RULE
Rule_185	?a deonticForce ADVISORY => ?a deonticForceBasis SOURCE_STYLE_RULE	heidenreich-2022-aha-acc-hfsa-guidelines_n0100/na_0003 deonticForce ADVISORY => heidenreich-2022-aha-acc-hfsa-guidelines_n0100/na_0003 deonticForceBasis SOURCE_STYLE_RULE
Rule_185	?a deonticForce ADVISORY => ?a deonticForceBasis SOURCE_STYLE_RULE	mcdonagh-2023-esc-guidelines_n0083/na_0003 deonticForce ADVISORY => mcdonagh-2023-esc-guidelines_n0083/na_0003 deonticForceBasis SOURCE_STYLE_RULE
Rule_185	?a deonticForce ADVISORY => ?a deonticForceBasis SOURCE_STYLE_RULE	riegel-2009-promoting-self-care-in-persons-with-heart-failure_n0004/na_0023 deonticForce ADVISORY => riegel-2009-promoting-self-care-in-persons-with-heart-failure_n0004/na_0023 deonticForceBasis SOURCE_STYLE_RULE
Rule_185	?a deonticForce ADVISORY => ?a deonticForceBasis SOURCE_STYLE_RULE	supp-material-esc-guidelines_n0018/na_0006 deonticForce ADVISORY => supp-material-esc-guidelines_n0018/na_0006 deonticForceBasis SOURCE_STYLE_RULE
Rule_185	?a deonticForce ADVISORY => ?a deonticForceBasis SOURCE_STYLE_RULE	mcdonagh-2023-esc-guidelines_n0067/na_0006 deonticForce ADVISORY => mcdonagh-2023-esc-guidelines_n0067/na_0006 deonticForceBasis SOURCE_STYLE_RULE
Rule_185	?a deonticForce ADVISORY => ?a deonticForceBasis SOURCE_STYLE_RULE	supp-material-esc-guidelines_n0019/na_0007 deonticForce ADVISORY => supp-material-esc-guidelines_n0019/na_0007 deonticForceBasis SOURCE_STYLE_RULE
Rule_185	?a deonticForce ADVISORY => ?a deonticForceBasis SOURCE_STYLE_RULE	supp-material-esc-guidelines_n0018/na_0014 deonticForce ADVISORY => supp-material-esc-guidelines_n0018/na_0014 deonticForceBasis SOURCE_STYLE_RULE
Rule_185	?a deonticForce ADVISORY => ?a deonticForceBasis SOURCE_STYLE_RULE	su_verified_e5f20076152902f9b102f37b1a83cdc79baea0d42000f6c76a83acfae0e39670_table_3/na_0002 deonticForce ADVISORY => su_verified_e5f20076152902f9b102f37b1a83cdc79baea0d42000f6c76a83acfae0e39670_table_3/na_0002 deonticForceBasis SOURCE_STYLE_RULE
Rule_185	?a deonticForce ADVISORY => ?a deonticForceBasis SOURCE_STYLE_RULE	ambrosetti-2020-secondary-prevention-comprehensive-cardiovascular-rehabi_n0008/na_0013 deonticForce ADVISORY => ambrosetti-2020-secondary-prevention-comprehensive-cardiovascular-rehabi_n0008/na_0013 deonticForceBasis SOURCE_STYLE_RULE
Rule_185	?a deonticForce ADVISORY => ?a deonticForceBasis SOURCE_STYLE_RULE	visseren-2021-esc-guidelines-cardiovascular-disease-prevention_n0038/na_0006 deonticForce ADVISORY => visseren-2021-esc-guidelines-cardiovascular-disease-prevention_n0038/na_0006 deonticForceBasis SOURCE_STYLE_RULE
Rule_185	?a deonticForce ADVISORY => ?a deonticForceBasis SOURCE_STYLE_RULE	tsutsui-2023-natriuretic-peptides-role-in-the-diagnosis-and-management-o_n0001/na_0011 deonticForce ADVISORY => tsutsui-2023-natriuretic-peptides-role-in-the-diagnosis-and-management-o_n0001/na_0011 deonticForceBasis SOURCE_STYLE_RULE
Rule_185	?a deonticForce ADVISORY => ?a deonticForceBasis SOURCE_STYLE_RULE	mcdonagh-2023-esc-guidelines_n0084/na_0004 deonticForce ADVISORY => mcdonagh-2023-esc-guidelines_n0084/na_0004 deonticForceBasis SOURCE_STYLE_RULE
Rule_185	?a deonticForce ADVISORY => ?a deonticForceBasis SOURCE_STYLE_RULE	van-diepen-2017-contemporary-management-of-cardiogenic-shock_n0004/na_0013 deonticForce ADVISORY => van-diepen-2017-contemporary-management-of-cardiogenic-shock_n0004/na_0013 deonticForceBasis SOURCE_STYLE_RULE
Rule_185	?a deonticForce ADVISORY => ?a deonticForceBasis SOURCE_STYLE_RULE	supp-material-esc-guidelines_n0018/na_0027 deonticForce ADVISORY => supp-material-esc-guidelines_n0018/na_0027 deonticForceBasis SOURCE_STYLE_RULE
Rule_185	?a deonticForce ADVISORY => ?a deonticForceBasis SOURCE_STYLE_RULE	lenarczyk-2024-management-of-patients-with-an-electrical-storm-or-cluste_n0010/na_0008 deonticForce ADVISORY => lenarczyk-2024-management-of-patients-with-an-electrical-storm-or-cluste_n0010/na_0008 deonticForceBasis SOURCE_STYLE_RULE
Rule_185	?a deonticForce ADVISORY => ?a deonticForceBasis SOURCE_STYLE_RULE	ambrosetti-2020-secondary-prevention-comprehensive-cardiovascular-rehabi_n0007/na_0026 deonticForce ADVISORY => ambrosetti-2020-secondary-prevention-comprehensive-cardiovascular-rehabi_n0007/na_0026 deonticForceBasis SOURCE_STYLE_RULE
Rule_185	?a deonticForce ADVISORY => ?a deonticForceBasis SOURCE_STYLE_RULE	ambrosetti-2020-secondary-prevention-comprehensive-cardiovascular-rehabi_n0008/na_0006 deonticForce ADVISORY => ambrosetti-2020-secondary-prevention-comprehensive-cardiovascular-rehabi_n0008/na_0006 deonticForceBasis SOURCE_STYLE_RULE
Rule_185	?a deonticForce ADVISORY => ?a deonticForceBasis SOURCE_STYLE_RULE	ambrosetti-2020-secondary-prevention-comprehensive-cardiovascular-rehabi_n0008/na_0011 deonticForce ADVISORY => ambrosetti-2020-secondary-prevention-comprehensive-cardiovascular-rehabi_n0008/na_0011 deonticForceBasis SOURCE_STYLE_RULE
Rule_185	?a deonticForce ADVISORY => ?a deonticForceBasis SOURCE_STYLE_RULE	sectio-4_n0004/na_0006 deonticForce ADVISORY => sectio-4_n0004/na_0006 deonticForceBasis SOURCE_STYLE_RULE
Rule_185	?a deonticForce ADVISORY => ?a deonticForceBasis SOURCE_STYLE_RULE	von-knobelsdorff-brenkenhoff-2019-empfehlungen-zu-kardialen-mrtuntersuch_n0001/na_0005 deonticForce ADVISORY => von-knobelsdorff-brenkenhoff-2019-empfehlungen-zu-kardialen-mrtuntersuch_n0001/na_0005 deonticForceBasis SOURCE_STYLE_RULE
Rule_185	?a deonticForce ADVISORY => ?a deonticForceBasis SOURCE_STYLE_RULE	riegel-2009-promoting-self-care-in-persons-with-heart-failure_n0004/na_0030 deonticForce ADVISORY => riegel-2009-promoting-self-care-in-persons-with-heart-failure_n0004/na_0030 deonticForceBasis SOURCE_STYLE_RULE
Rule_185	?a deonticForce ADVISORY => ?a deonticForceBasis SOURCE_STYLE_RULE	lenarczyk-2024-management-of-patients-with-an-electrical-storm-or-cluste_n0010/na_0015 deonticForce ADVISORY => lenarczyk-2024-management-of-patients-with-an-electrical-storm-or-cluste_n0010/na_0015 deonticForceBasis SOURCE_STYLE_RULE
Rule_185	?a deonticForce ADVISORY => ?a deonticForceBasis SOURCE_STYLE_RULE	su_verified_6ed52cdf724db04223b4d1c2e62f3c35f6b42bc19bc5e3198277d681d47e1eb9_table_5/na_0010 deonticForce ADVISORY => su_verified_6ed52cdf724db04223b4d1c2e62f3c35f6b42bc19bc5e3198277d681d47e1eb9_table_5/na_0010 deonticForceBasis SOURCE_STYLE_RULE
Rule_185	?a deonticForce ADVISORY => ?a deonticForceBasis SOURCE_STYLE_RULE	pelliccia-2020-2020-esc-guidelines-on-sports-cardiology-and-exercise-in_n0053/na_0008 deonticForce ADVISORY => pelliccia-2020-2020-esc-guidelines-on-sports-cardiology-and-exercise-in_n0053/na_0008 deonticForceBasis SOURCE_STYLE_RULE
Rule_185	?a deonticForce ADVISORY => ?a deonticForceBasis SOURCE_STYLE_RULE	su_verified_e5f20076152902f9b102f37b1a83cdc79baea0d42000f6c76a83acfae0e39670_table_4/na_0004 deonticForce ADVISORY => su_verified_e5f20076152902f9b102f37b1a83cdc79baea0d42000f6c76a83acfae0e39670_table_4/na_0004 deonticForceBasis SOURCE_STYLE_RULE
Rule_185	?a deonticForce ADVISORY => ?a deonticForceBasis SOURCE_STYLE_RULE	heidenreich-2022-aha-acc-hfsa-guidelines_n0108/na_0026 deonticForce ADVISORY => heidenreich-2022-aha-acc-hfsa-guidelines_n0108/na_0026 deonticForceBasis SOURCE_STYLE_RULE
Rule_185	?a deonticForce ADVISORY => ?a deonticForceBasis SOURCE_STYLE_RULE	visseren-2021-esc-guidelines-cardiovascular-disease-prevention_n0034/na_0005 deonticForce ADVISORY => visseren-2021-esc-guidelines-cardiovascular-disease-prevention_n0034/na_0005 deonticForceBasis SOURCE_STYLE_RULE
Rule_185	?a deonticForce ADVISORY => ?a deonticForceBasis SOURCE_STYLE_RULE	wilkoff-2008-hrs-ehra-expert-consenus-on-the-monitoring-of-cieds_n0005/na_0013 deonticForce ADVISORY => wilkoff-2008-hrs-ehra-expert-consenus-on-the-monitoring-of-cieds_n0005/na_0013 deonticForceBasis SOURCE_STYLE_RULE
Rule_185	?a deonticForce ADVISORY => ?a deonticForceBasis SOURCE_STYLE_RULE	riegel-2009-promoting-self-care-in-persons-with-heart-failure_n0004/na_0036 deonticForce ADVISORY => riegel-2009-promoting-self-care-in-persons-with-heart-failure_n0004/na_0036 deonticForceBasis SOURCE_STYLE_RULE
Rule_185	?a deonticForce ADVISORY => ?a deonticForceBasis SOURCE_STYLE_RULE	pelliccia-2020-2020-esc-guidelines-on-sports-cardiology-and-exercise-in_n0053/na_0009 deonticForce ADVISORY => pelliccia-2020-2020-esc-guidelines-on-sports-cardiology-and-exercise-in_n0053/na_0009 deonticForceBasis SOURCE_STYLE_RULE
Rule_185	?a deonticForce ADVISORY => ?a deonticForceBasis SOURCE_STYLE_RULE	riegel-2009-promoting-self-care-in-persons-with-heart-failure_n0004/na_0020 deonticForce ADVISORY => riegel-2009-promoting-self-care-in-persons-with-heart-failure_n0004/na_0020 deonticForceBasis SOURCE_STYLE_RULE
Rule_185	?a deonticForce ADVISORY => ?a deonticForceBasis SOURCE_STYLE_RULE	zeppenfeld-2022-esc-guidelines-va-and-scd_n0056/na_0017 deonticForce ADVISORY => zeppenfeld-2022-esc-guidelines-va-and-scd_n0056/na_0017 deonticForceBasis SOURCE_STYLE_RULE
Rule_185	?a deonticForce ADVISORY => ?a deonticForceBasis SOURCE_STYLE_RULE	supp-material-esc-guidelines_n0018/na_0009 deonticForce ADVISORY => supp-material-esc-guidelines_n0018/na_0009 deonticForceBasis SOURCE_STYLE_RULE
Rule_185	?a deonticForce ADVISORY => ?a deonticForceBasis SOURCE_STYLE_RULE	ambrosetti-2020-secondary-prevention-comprehensive-cardiovascular-rehabi_n0013/na_0003 deonticForce ADVISORY => ambrosetti-2020-secondary-prevention-comprehensive-cardiovascular-rehabi_n0013/na_0003 deonticForceBasis SOURCE_STYLE_RULE
Rule_185	?a deonticForce ADVISORY => ?a deonticForceBasis SOURCE_STYLE_RULE	ambrosetti-2020-secondary-prevention-comprehensive-cardiovascular-rehabi_n0008/na_0012 deonticForce ADVISORY => ambrosetti-2020-secondary-prevention-comprehensive-cardiovascular-rehabi_n0008/na_0012 deonticForceBasis SOURCE_STYLE_RULE
Rule_185	?a deonticForce ADVISORY => ?a deonticForceBasis SOURCE_STYLE_RULE	supp-material-esc-guidelines_n0018/na_0029 deonticForce ADVISORY => supp-material-esc-guidelines_n0018/na_0029 deonticForceBasis SOURCE_STYLE_RULE
Rule_185	?a deonticForce ADVISORY => ?a deonticForceBasis SOURCE_STYLE_RULE	tsutsui-2023-natriuretic-peptides-role-in-the-diagnosis-and-management-o_n0001/na_0012 deonticForce ADVISORY => tsutsui-2023-natriuretic-peptides-role-in-the-diagnosis-and-management-o_n0001/na_0012 deonticForceBasis SOURCE_STYLE_RULE
Rule_185	?a deonticForce ADVISORY => ?a deonticForceBasis SOURCE_STYLE_RULE	supp-material-esc-guidelines_n0018/na_0011 deonticForce ADVISORY => supp-material-esc-guidelines_n0018/na_0011 deonticForceBasis SOURCE_STYLE_RULE
Rule_185	?a deonticForce ADVISORY => ?a deonticForceBasis SOURCE_STYLE_RULE	regitz-zagrosek-2018-2018-esc-guideline-for-the-management-of-cardiovasc_n0014/na_0001 deonticForce ADVISORY => regitz-zagrosek-2018-2018-esc-guideline-for-the-management-of-cardiovasc_n0014/na_0001 deonticForceBasis SOURCE_STYLE_RULE
Rule_185	?a deonticForce ADVISORY => ?a deonticForceBasis SOURCE_STYLE_RULE	visseren-2021-esc-guidelines-cardiovascular-disease-prevention_n0034/na_0029 deonticForce ADVISORY => visseren-2021-esc-guidelines-cardiovascular-disease-prevention_n0034/na_0029 deonticForceBasis SOURCE_STYLE_RULE
Rule_185	?a deonticForce ADVISORY => ?a deonticForceBasis SOURCE_STYLE_RULE	su_verified_e5f20076152902f9b102f37b1a83cdc79baea0d42000f6c76a83acfae0e39670_table_4/na_0036 deonticForce ADVISORY => su_verified_e5f20076152902f9b102f37b1a83cdc79baea0d42000f6c76a83acfae0e39670_table_4/na_0036 deonticForceBasis SOURCE_STYLE_RULE
Rule_185	?a deonticForce ADVISORY => ?a deonticForceBasis SOURCE_STYLE_RULE	riegel-2009-promoting-self-care-in-persons-with-heart-failure_n0004/na_0021 deonticForce ADVISORY => riegel-2009-promoting-self-care-in-persons-with-heart-failure_n0004/na_0021 deonticForceBasis SOURCE_STYLE_RULE
Rule_185	?a deonticForce ADVISORY => ?a deonticForceBasis SOURCE_STYLE_RULE	ambrosetti-2020-secondary-prevention-comprehensive-cardiovascular-rehabi_n0006/na_0003 deonticForce ADVISORY => ambrosetti-2020-secondary-prevention-comprehensive-cardiovascular-rehabi_n0006/na_0003 deonticForceBasis SOURCE_STYLE_RULE
Rule_185	?a deonticForce ADVISORY => ?a deonticForceBasis SOURCE_STYLE_RULE	su_verified_e5f20076152902f9b102f37b1a83cdc79baea0d42000f6c76a83acfae0e39670_table_3/na_0006 deonticForce ADVISORY => su_verified_e5f20076152902f9b102f37b1a83cdc79baea0d42000f6c76a83acfae0e39670_table_3/na_0006 deonticForceBasis SOURCE_STYLE_RULE
Rule_185	?a deonticForce ADVISORY => ?a deonticForceBasis SOURCE_STYLE_RULE	van-diepen-2017-contemporary-management-of-cardiogenic-shock_n0006/na_0005 deonticForce ADVISORY => van-diepen-2017-contemporary-management-of-cardiogenic-shock_n0006/na_0005 deonticForceBasis SOURCE_STYLE_RULE
Rule_185	?a deonticForce ADVISORY => ?a deonticForceBasis SOURCE_STYLE_RULE	visseren-2021-esc-guidelines-cardiovascular-disease-prevention_n0034/na_0047 deonticForce ADVISORY => visseren-2021-esc-guidelines-cardiovascular-disease-prevention_n0034/na_0047 deonticForceBasis SOURCE_STYLE_RULE
Rule_185	?a deonticForce ADVISORY => ?a deonticForceBasis SOURCE_STYLE_RULE	regitz-zagrosek-2018-2018-esc-guideline-for-the-management-of-cardiovasc_n0014/na_0002 deonticForce ADVISORY => regitz-zagrosek-2018-2018-esc-guideline-for-the-management-of-cardiovasc_n0014/na_0002 deonticForceBasis SOURCE_STYLE_RULE
Rule_185	?a deonticForce ADVISORY => ?a deonticForceBasis SOURCE_STYLE_RULE	su_verified_e5f20076152902f9b102f37b1a83cdc79baea0d42000f6c76a83acfae0e39670_table_2/na_0013 deonticForce ADVISORY => su_verified_e5f20076152902f9b102f37b1a83cdc79baea0d42000f6c76a83acfae0e39670_table_2/na_0013 deonticForceBasis SOURCE_STYLE_RULE
Rule_185	?a deonticForce ADVISORY => ?a deonticForceBasis SOURCE_STYLE_RULE	su_verified_e5f20076152902f9b102f37b1a83cdc79baea0d42000f6c76a83acfae0e39670_table_3/na_0005 deonticForce ADVISORY => su_verified_e5f20076152902f9b102f37b1a83cdc79baea0d42000f6c76a83acfae0e39670_table_3/na_0005 deonticForceBasis SOURCE_STYLE_RULE
