rule_index	rule	grounding
Rule_1568	?a deonticForceBasis SOURCE_STYLE_RULE => ?a patientApplicability UNCONDITIONAL_WITHIN_STATED_POPULATION	ambrosetti-2020-secondary-prevention-comprehensive-cardiovascular-rehabi_n0007/na_0011 deonticForceBasis SOURCE_STYLE_RULE => ambrosetti-2020-secondary-prevention-comprehensive-cardiovascular-rehabi_n0007/na_0011 patientApplicability UNCONDITIONAL_WITHIN_STATED_POPULATION
Rule_1568	?a deonticForceBasis SOURCE_STYLE_RULE => ?a patientApplicability UNCONDITIONAL_WITHIN_STATED_POPULATION	mcdonagh-2023-esc-guidelines_n0084/na_0016 deonticForceBasis SOURCE_STYLE_RULE => mcdonagh-2023-esc-guidelines_n0084/na_0016 patientApplicability UNCONDITIONAL_WITHIN_STATED_POPULATION
Rule_1568	?a deonticForceBasis SOURCE_STYLE_RULE => ?a patientApplicability UNCONDITIONAL_WITHIN_STATED_POPULATION	mcdonagh-2023-esc-guidelines_n0037/na_0004 deonticForceBasis SOURCE_STYLE_RULE => mcdonagh-2023-esc-guidelines_n0037/na_0004 patientApplicability UNCONDITIONAL_WITHIN_STATED_POPULATION
Rule_1568	?a deonticForceBasis SOURCE_STYLE_RULE => ?a patientApplicability UNCONDITIONAL_WITHIN_STATED_POPULATION	regitz-zagrosek-2018-2018-esc-guideline-for-the-management-of-cardiovasc_n0014/na_0020 deonticForceBasis SOURCE_STYLE_RULE => regitz-zagrosek-2018-2018-esc-guideline-for-the-management-of-cardiovasc_n0014/na_0020 patientApplicability UNCONDITIONAL_WITHIN_STATED_POPULATION
Rule_1568	?a deonticForceBasis SOURCE_STYLE_RULE => ?a patientApplicability UNCONDITIONAL_WITHIN_STATED_POPULATION	van-diepen-2017-contemporary-management-of-cardiogenic-shock_n0006/na_0001 deonticForceBasis SOURCE_STYLE_RULE => van-diepen-2017-contemporary-management-of-cardiogenic-shock_n0006/na_0001 patientApplicability UNCONDITIONAL_WITHIN_STATED_POPULATION
Rule_1568	?a deonticForceBasis SOURCE_STYLE_RULE => ?a patientApplicability UNCONDITIONAL_WITHIN_STATED_POPULATION	heidenreich-2022-aha-acc-hfsa-guidelines_n0108/na_0014 deonticForceBasis SOURCE_STYLE_RULE => heidenreich-2022-aha-acc-hfsa-guidelines_n0108/na_0014 patientApplicability UNCONDITIONAL_WITHIN_STATED_POPULATION
Rule_1568	?a deonticForceBasis SOURCE_STYLE_RULE => ?a patientApplicability UNCONDITIONAL_WITHIN_STATED_POPULATION	ambrosetti-2020-secondary-prevention-comprehensive-cardiovascular-rehabi_n0013/na_0020 deonticForceBasis SOURCE_STYLE_RULE => ambrosetti-2020-secondary-prevention-comprehensive-cardiovascular-rehabi_n0013/na_0020 patientApplicability UNCONDITIONAL_WITHIN_STATED_POPULATION
Rule_1568	?a deonticForceBasis SOURCE_STYLE_RULE => ?a patientApplicability UNCONDITIONAL_WITHIN_STATED_POPULATION	regitz-zagrosek-2018-2018-esc-guideline-for-the-management-of-cardiovasc_n0014/na_0007 deonticForceBasis SOURCE_STYLE_RULE => regitz-zagrosek-2018-2018-esc-guideline-for-the-management-of-cardiovasc_n0014/na_0007 patientApplicability UNCONDITIONAL_WITHIN_STATED_POPULATION
Rule_1568	?a deonticForceBasis SOURCE_STYLE_RULE => ?a patientApplicability UNCONDITIONAL_WITHIN_STATED_POPULATION	van-diepen-2017-contemporary-management-of-cardiogenic-shock_n0008/na_0002 deonticForceBasis SOURCE_STYLE_RULE => van-diepen-2017-contemporary-management-of-cardiogenic-shock_n0008/na_0002 patientApplicability UNCONDITIONAL_WITHIN_STATED_POPULATION
Rule_1568	?a deonticForceBasis SOURCE_STYLE_RULE => ?a patientApplicability UNCONDITIONAL_WITHIN_STATED_POPULATION	pelliccia-2020-2020-esc-guidelines-on-sports-cardiology-and-exercise-in_n0039/na_0007 deonticForceBasis SOURCE_STYLE_RULE => pelliccia-2020-2020-esc-guidelines-on-sports-cardiology-and-exercise-in_n0039/na_0007 patientApplicability UNCONDITIONAL_WITHIN_STATED_POPULATION
Rule_1568	?a deonticForceBasis SOURCE_STYLE_RULE => ?a patientApplicability UNCONDITIONAL_WITHIN_STATED_POPULATION	van-diepen-2017-contemporary-management-of-cardiogenic-shock_n0006/na_0010 deonticForceBasis SOURCE_STYLE_RULE => van-diepen-2017-contemporary-management-of-cardiogenic-shock_n0006/na_0010 patientApplicability UNCONDITIONAL_WITHIN_STATED_POPULATION
Rule_1568	?a deonticForceBasis SOURCE_STYLE_RULE => ?a patientApplicability UNCONDITIONAL_WITHIN_STATED_POPULATION	riegel-2009-promoting-self-care-in-persons-with-heart-failure_n0002/na_0013 deonticForceBasis SOURCE_STYLE_RULE => riegel-2009-promoting-self-care-in-persons-with-heart-failure_n0002/na_0013 patientApplicability UNCONDITIONAL_WITHIN_STATED_POPULATION
Rule_1568	?a deonticForceBasis SOURCE_STYLE_RULE => ?a patientApplicability UNCONDITIONAL_WITHIN_STATED_POPULATION	lenarczyk-2024-management-of-patients-with-an-electrical-storm-or-cluste_n0008/na_0002 deonticForceBasis SOURCE_STYLE_RULE => lenarczyk-2024-management-of-patients-with-an-electrical-storm-or-cluste_n0008/na_0002 patientApplicability UNCONDITIONAL_WITHIN_STATED_POPULATION
Rule_1568	?a deonticForceBasis SOURCE_STYLE_RULE => ?a patientApplicability UNCONDITIONAL_WITHIN_STATED_POPULATION	van-diepen-2017-contemporary-management-of-cardiogenic-shock_n0004/na_0001 deonticForceBasis SOURCE_STYLE_RULE => van-diepen-2017-contemporary-management-of-cardiogenic-shock_n0004/na_0001 patientApplicability UNCONDITIONAL_WITHIN_STATED_POPULATION
Rule_1568	?a deonticForceBasis SOURCE_STYLE_RULE => ?a patientApplicability UNCONDITIONAL_WITHIN_STATED_POPULATION	lenarczyk-2024-management-of-patients-with-an-electrical-storm-or-cluste_n0010/na_0006 deonticForceBasis SOURCE_STYLE_RULE => lenarczyk-2024-management-of-patients-with-an-electrical-storm-or-cluste_n0010/na_0006 patientApplicability UNCONDITIONAL_WITHIN_STATED_POPULATION
Rule_1568	?a deonticForceBasis SOURCE_STYLE_RULE => ?a patientApplicability UNCONDITIONAL_WITHIN_STATED_POPULATION	ambrosetti-2020-secondary-prevention-comprehensive-cardiovascular-rehabi_n0012/na_0010 deonticForceBasis SOURCE_STYLE_RULE => ambrosetti-2020-secondary-prevention-comprehensive-cardiovascular-rehabi_n0012/na_0010 patientApplicability UNCONDITIONAL_WITHIN_STATED_POPULATION
Rule_1568	?a deonticForceBasis SOURCE_STYLE_RULE => ?a patientApplicability UNCONDITIONAL_WITHIN_STATED_POPULATION	glikson-2021-2021-esc-guidelines-on-cardiac-pacing-and-cardiac-resynchro_n0079/na_0002 deonticForceBasis SOURCE_STYLE_RULE => glikson-2021-2021-esc-guidelines-on-cardiac-pacing-and-cardiac-resynchro_n0079/na_0002 patientApplicability UNCONDITIONAL_WITHIN_STATED_POPULATION
Rule_1568	?a deonticForceBasis SOURCE_STYLE_RULE => ?a patientApplicability UNCONDITIONAL_WITHIN_STATED_POPULATION	ambrosetti-2020-secondary-prevention-comprehensive-cardiovascular-rehabi_n0001/na_0025 deonticForceBasis SOURCE_STYLE_RULE => ambrosetti-2020-secondary-prevention-comprehensive-cardiovascular-rehabi_n0001/na_0025 patientApplicability UNCONDITIONAL_WITHIN_STATED_POPULATION
Rule_1568	?a deonticForceBasis SOURCE_STYLE_RULE => ?a patientApplicability UNCONDITIONAL_WITHIN_STATED_POPULATION	van-diepen-2017-contemporary-management-of-cardiogenic-shock_n0008/na_0007 deonticForceBasis SOURCE_STYLE_RULE => van-diepen-2017-contemporary-management-of-cardiogenic-shock_n0008/na_0007 patientApplicability UNCONDITIONAL_WITHIN_STATED_POPULATION
Rule_1568	?a deonticForceBasis SOURCE_STYLE_RULE => ?a patientApplicability UNCONDITIONAL_WITHIN_STATED_POPULATION	van-diepen-2017-contemporary-management-of-cardiogenic-shock_n0004/na_0006 deonticForceBasis SOURCE_STYLE_RULE => van-diepen-2017-contemporary-management-of-cardiogenic-shock_n0004/na_0006 patientApplicability UNCONDITIONAL_WITHIN_STATED_POPULATION
Rule_1568	?a deonticForceBasis SOURCE_STYLE_RULE => ?a patientApplicability UNCONDITIONAL_WITHIN_STATED_POPULATION	piepoli-2011-exercise-training-in-heart-failure_n0004/na_0006 deonticForceBasis SOURCE_STYLE_RULE => piepoli-2011-exercise-training-in-heart-failure_n0004/na_0006 patientApplicability UNCONDITIONAL_WITHIN_STATED_POPULATION
Rule_1568	?a deonticForceBasis SOURCE_STYLE_RULE => ?a patientApplicability UNCONDITIONAL_WITHIN_STATED_POPULATION	maddox-2021-2021-update-to-the-2017-acc-expert-consensus-decision-pathwa_n0006/na_0004 deonticForceBasis SOURCE_STYLE_RULE => maddox-2021-2021-update-to-the-2017-acc-expert-consensus-decision-pathwa_n0006/na_0004 patientApplicability UNCONDITIONAL_WITHIN_STATED_POPULATION
Rule_1568	?a deonticForceBasis SOURCE_STYLE_RULE => ?a patientApplicability UNCONDITIONAL_WITHIN_STATED_POPULATION	lenarczyk-2024-management-of-patients-with-an-electrical-storm-or-cluste_n0010/na_0001 deonticForceBasis SOURCE_STYLE_RULE => lenarczyk-2024-management-of-patients-with-an-electrical-storm-or-cluste_n0010/na_0001 patientApplicability UNCONDITIONAL_WITHIN_STATED_POPULATION
Rule_1568	?a deonticForceBasis SOURCE_STYLE_RULE => ?a patientApplicability UNCONDITIONAL_WITHIN_STATED_POPULATION	mcdonagh-2023-esc-guidelines_n0067/na_0007 deonticForceBasis SOURCE_STYLE_RULE => mcdonagh-2023-esc-guidelines_n0067/na_0007 patientApplicability UNCONDITIONAL_WITHIN_STATED_POPULATION
Rule_1568	?a deonticForceBasis SOURCE_STYLE_RULE => ?a patientApplicability UNCONDITIONAL_WITHIN_STATED_POPULATION	maddox-2021-2021-update-to-the-2017-acc-expert-consensus-decision-pathwa_n0008/na_0002 deonticForceBasis SOURCE_STYLE_RULE => maddox-2021-2021-update-to-the-2017-acc-expert-consensus-decision-pathwa_n0008/na_0002 patientApplicability UNCONDITIONAL_WITHIN_STATED_POPULATION
Rule_1568	?a deonticForceBasis SOURCE_STYLE_RULE => ?a patientApplicability UNCONDITIONAL_WITHIN_STATED_POPULATION	ambrosetti-2020-secondary-prevention-comprehensive-cardiovascular-rehabi_n0008/na_0010 deonticForceBasis SOURCE_STYLE_RULE => ambrosetti-2020-secondary-prevention-comprehensive-cardiovascular-rehabi_n0008/na_0010 patientApplicability UNCONDITIONAL_WITHIN_STATED_POPULATION
Rule_1568	?a deonticForceBasis SOURCE_STYLE_RULE => ?a patientApplicability UNCONDITIONAL_WITHIN_STATED_POPULATION	ambrosetti-2020-secondary-prevention-comprehensive-cardiovascular-rehabi_n0016/na_0014 deonticForceBasis SOURCE_STYLE_RULE => ambrosetti-2020-secondary-prevention-comprehensive-cardiovascular-rehabi_n0016/na_0014 patientApplicability UNCONDITIONAL_WITHIN_STATED_POPULATION
Rule_1568	?a deonticForceBasis SOURCE_STYLE_RULE => ?a patientApplicability UNCONDITIONAL_WITHIN_STATED_POPULATION	riegel-2009-promoting-self-care-in-persons-with-heart-failure_n0004/na_0006 deonticForceBasis SOURCE_STYLE_RULE => riegel-2009-promoting-self-care-in-persons-with-heart-failure_n0004/na_0006 patientApplicability UNCONDITIONAL_WITHIN_STATED_POPULATION
Rule_1568	?a deonticForceBasis SOURCE_STYLE_RULE => ?a patientApplicability UNCONDITIONAL_WITHIN_STATED_POPULATION	regitz-zagrosek-2018-2018-esc-guideline-for-the-management-of-cardiovasc_n0014/na_0017 deonticForceBasis SOURCE_STYLE_RULE => regitz-zagrosek-2018-2018-esc-guideline-for-the-management-of-cardiovasc_n0014/na_0017 patientApplicability UNCONDITIONAL_WITHIN_STATED_POPULATION
Rule_1568	?a deonticForceBasis SOURCE_STYLE_RULE => ?a patientApplicability UNCONDITIONAL_WITHIN_STATED_POPULATION	page-2016-drugs-that-may-cause-or-exacerbate-heart-failure_n0001/na_0019 deonticForceBasis SOURCE_STYLE_RULE => page-2016-drugs-that-may-cause-or-exacerbate-heart-failure_n0001/na_0019 patientApplicability UNCONDITIONAL_WITHIN_STATED_POPULATION
Rule_1568	?a deonticForceBasis SOURCE_STYLE_RULE => ?a patientApplicability UNCONDITIONAL_WITHIN_STATED_POPULATION	vest-2019-nutrition-obesity-and-cachexia-in-patients-with-heart-failure_n0006/na_0004 deonticForceBasis SOURCE_STYLE_RULE => vest-2019-nutrition-obesity-and-cachexia-in-patients-with-heart-failure_n0006/na_0004 patientApplicability UNCONDITIONAL_WITHIN_STATED_POPULATION
Rule_1568	?a deonticForceBasis SOURCE_STYLE_RULE => ?a patientApplicability UNCONDITIONAL_WITHIN_STATED_POPULATION	vest-2019-nutrition-obesity-and-cachexia-in-patients-with-heart-failure_n0001/na_9000 deonticForceBasis SOURCE_STYLE_RULE => vest-2019-nutrition-obesity-and-cachexia-in-patients-with-heart-failure_n0001/na_9000 patientApplicability UNCONDITIONAL_WITHIN_STATED_POPULATION
Rule_1568	?a deonticForceBasis SOURCE_STYLE_RULE => ?a patientApplicability UNCONDITIONAL_WITHIN_STATED_POPULATION	van-diepen-2017-contemporary-management-of-cardiogenic-shock_n0008/na_0005 deonticForceBasis SOURCE_STYLE_RULE => van-diepen-2017-contemporary-management-of-cardiogenic-shock_n0008/na_0005 patientApplicability UNCONDITIONAL_WITHIN_STATED_POPULATION
Rule_1568	?a deonticForceBasis SOURCE_STYLE_RULE => ?a patientApplicability UNCONDITIONAL_WITHIN_STATED_POPULATION	van-diepen-2017-contemporary-management-of-cardiogenic-shock_n0008/na_0030 deonticForceBasis SOURCE_STYLE_RULE => van-diepen-2017-contemporary-management-of-cardiogenic-shock_n0008/na_0030 patientApplicability UNCONDITIONAL_WITHIN_STATED_POPULATION
Rule_1568	?a deonticForceBasis SOURCE_STYLE_RULE => ?a patientApplicability UNCONDITIONAL_WITHIN_STATED_POPULATION	cardiosmart-modul1-zusammengefugt_n0008/na_0002 deonticForceBasis SOURCE_STYLE_RULE => cardiosmart-modul1-zusammengefugt_n0008/na_0002 patientApplicability UNCONDITIONAL_WITHIN_STATED_POPULATION
Rule_1568	?a deonticForceBasis SOURCE_STYLE_RULE => ?a patientApplicability UNCONDITIONAL_WITHIN_STATED_POPULATION	visseren-2021-esc-guidelines-cardiovascular-disease-prevention_n0030/na_0004 deonticForceBasis SOURCE_STYLE_RULE => visseren-2021-esc-guidelines-cardiovascular-disease-prevention_n0030/na_0004 patientApplicability UNCONDITIONAL_WITHIN_STATED_POPULATION
Rule_1568	?a deonticForceBasis SOURCE_STYLE_RULE => ?a patientApplicability UNCONDITIONAL_WITHIN_STATED_POPULATION	ambrosetti-2020-secondary-prevention-comprehensive-cardiovascular-rehabi_n0015/na_0005 deonticForceBasis SOURCE_STYLE_RULE => ambrosetti-2020-secondary-prevention-comprehensive-cardiovascular-rehabi_n0015/na_0005 patientApplicability UNCONDITIONAL_WITHIN_STATED_POPULATION
Rule_1568	?a deonticForceBasis SOURCE_STYLE_RULE => ?a patientApplicability UNCONDITIONAL_WITHIN_STATED_POPULATION	mcdonagh-2023-esc-guidelines_n0037/na_0001 deonticForceBasis SOURCE_STYLE_RULE => mcdonagh-2023-esc-guidelines_n0037/na_0001 patientApplicability UNCONDITIONAL_WITHIN_STATED_POPULATION
Rule_1568	?a deonticForceBasis SOURCE_STYLE_RULE => ?a patientApplicability UNCONDITIONAL_WITHIN_STATED_POPULATION	ambrosetti-2020-secondary-prevention-comprehensive-cardiovascular-rehabi_n0001/na_0023 deonticForceBasis SOURCE_STYLE_RULE => ambrosetti-2020-secondary-prevention-comprehensive-cardiovascular-rehabi_n0001/na_0023 patientApplicability UNCONDITIONAL_WITHIN_STATED_POPULATION
Rule_1568	?a deonticForceBasis SOURCE_STYLE_RULE => ?a patientApplicability UNCONDITIONAL_WITHIN_STATED_POPULATION	vest-2019-nutrition-obesity-and-cachexia-in-patients-with-heart-failure_n0001/na_0002 deonticForceBasis SOURCE_STYLE_RULE => vest-2019-nutrition-obesity-and-cachexia-in-patients-with-heart-failure_n0001/na_0002 patientApplicability UNCONDITIONAL_WITHIN_STATED_POPULATION
Rule_1568	?a deonticForceBasis SOURCE_STYLE_RULE => ?a patientApplicability UNCONDITIONAL_WITHIN_STATED_POPULATION	mullens-2019-the-use-of-diuretics-in-heart-failure-with-congestion_n0004/na_0004 deonticForceBasis SOURCE_STYLE_RULE => mullens-2019-the-use-of-diuretics-in-heart-failure-with-congestion_n0004/na_0004 patientApplicability UNCONDITIONAL_WITHIN_STATED_POPULATION
Rule_1568	?a deonticForceBasis SOURCE_STYLE_RULE => ?a patientApplicability UNCONDITIONAL_WITHIN_STATED_POPULATION	vest-2019-nutrition-obesity-and-cachexia-in-patients-with-heart-failure_n0006/na_0002 deonticForceBasis SOURCE_STYLE_RULE => vest-2019-nutrition-obesity-and-cachexia-in-patients-with-heart-failure_n0006/na_0002 patientApplicability UNCONDITIONAL_WITHIN_STATED_POPULATION
Rule_1568	?a deonticForceBasis SOURCE_STYLE_RULE => ?a patientApplicability UNCONDITIONAL_WITHIN_STATED_POPULATION	ambrosetti-2020-secondary-prevention-comprehensive-cardiovascular-rehabi_n0001/na_0022 deonticForceBasis SOURCE_STYLE_RULE => ambrosetti-2020-secondary-prevention-comprehensive-cardiovascular-rehabi_n0001/na_0022 patientApplicability UNCONDITIONAL_WITHIN_STATED_POPULATION
Rule_1568	?a deonticForceBasis SOURCE_STYLE_RULE => ?a patientApplicability UNCONDITIONAL_WITHIN_STATED_POPULATION	mcdonagh-2023-esc-guidelines_n0068/na_0030 deonticForceBasis SOURCE_STYLE_RULE => mcdonagh-2023-esc-guidelines_n0068/na_0030 patientApplicability UNCONDITIONAL_WITHIN_STATED_POPULATION
Rule_1568	?a deonticForceBasis SOURCE_STYLE_RULE => ?a patientApplicability UNCONDITIONAL_WITHIN_STATED_POPULATION	maddox-2021-2021-update-to-the-2017-acc-expert-consensus-decision-pathwa_n0008/na_0004 deonticForceBasis SOURCE_STYLE_RULE => maddox-2021-2021-update-to-the-2017-acc-expert-consensus-decision-pathwa_n0008/na_0004 patientApplicability UNCONDITIONAL_WITHIN_STATED_POPULATION
Rule_1568	?a deonticForceBasis SOURCE_STYLE_RULE => ?a patientApplicability UNCONDITIONAL_WITHIN_STATED_POPULATION	mcdonagh-2023-esc-guidelines_n0089/na_0003 deonticForceBasis SOURCE_STYLE_RULE => mcdonagh-2023-esc-guidelines_n0089/na_0003 patientApplicability UNCONDITIONAL_WITHIN_STATED_POPULATION
Rule_1568	?a deonticForceBasis SOURCE_STYLE_RULE => ?a patientApplicability UNCONDITIONAL_WITHIN_STATED_POPULATION	ambrosetti-2020-secondary-prevention-comprehensive-cardiovascular-rehabi_n0014/na_0013 deonticForceBasis SOURCE_STYLE_RULE => ambrosetti-2020-secondary-prevention-comprehensive-cardiovascular-rehabi_n0014/na_0013 patientApplicability UNCONDITIONAL_WITHIN_STATED_POPULATION
Rule_1568	?a deonticForceBasis SOURCE_STYLE_RULE => ?a patientApplicability UNCONDITIONAL_WITHIN_STATED_POPULATION	seb24c-1_n0004/na_0002 deonticForceBasis SOURCE_STYLE_RULE => seb24c-1_n0004/na_0002 patientApplicability UNCONDITIONAL_WITHIN_STATED_POPULATION
Rule_1568	?a deonticForceBasis SOURCE_STYLE_RULE => ?a patientApplicability UNCONDITIONAL_WITHIN_STATED_POPULATION	riegel-2009-promoting-self-care-in-persons-with-heart-failure_n0004/na_0028 deonticForceBasis SOURCE_STYLE_RULE => riegel-2009-promoting-self-care-in-persons-with-heart-failure_n0004/na_0028 patientApplicability UNCONDITIONAL_WITHIN_STATED_POPULATION
Rule_1568	?a deonticForceBasis SOURCE_STYLE_RULE => ?a patientApplicability UNCONDITIONAL_WITHIN_STATED_POPULATION	lenarczyk-2024-management-of-patients-with-an-electrical-storm-or-cluste_n0010/na_0003 deonticForceBasis SOURCE_STYLE_RULE => lenarczyk-2024-management-of-patients-with-an-electrical-storm-or-cluste_n0010/na_0003 patientApplicability UNCONDITIONAL_WITHIN_STATED_POPULATION
Rule_1568	?a deonticForceBasis SOURCE_STYLE_RULE => ?a patientApplicability UNCONDITIONAL_WITHIN_STATED_POPULATION	ambrosetti-2020-secondary-prevention-comprehensive-cardiovascular-rehabi_n0001/na_0027 deonticForceBasis SOURCE_STYLE_RULE => ambrosetti-2020-secondary-prevention-comprehensive-cardiovascular-rehabi_n0001/na_0027 patientApplicability UNCONDITIONAL_WITHIN_STATED_POPULATION
Rule_1568	?a deonticForceBasis SOURCE_STYLE_RULE => ?a patientApplicability UNCONDITIONAL_WITHIN_STATED_POPULATION	page-2016-drugs-that-may-cause-or-exacerbate-heart-failure_n0001/na_0010 deonticForceBasis SOURCE_STYLE_RULE => page-2016-drugs-that-may-cause-or-exacerbate-heart-failure_n0001/na_0010 patientApplicability UNCONDITIONAL_WITHIN_STATED_POPULATION
Rule_1568	?a deonticForceBasis SOURCE_STYLE_RULE => ?a patientApplicability UNCONDITIONAL_WITHIN_STATED_POPULATION	heidenreich-2022-aha-acc-hfsa-guidelines_n0108/na_0041 deonticForceBasis SOURCE_STYLE_RULE => heidenreich-2022-aha-acc-hfsa-guidelines_n0108/na_0041 patientApplicability UNCONDITIONAL_WITHIN_STATED_POPULATION
Rule_1568	?a deonticForceBasis SOURCE_STYLE_RULE => ?a patientApplicability UNCONDITIONAL_WITHIN_STATED_POPULATION	van-diepen-2017-contemporary-management-of-cardiogenic-shock_n0008/na_0021 deonticForceBasis SOURCE_STYLE_RULE => van-diepen-2017-contemporary-management-of-cardiogenic-shock_n0008/na_0021 patientApplicability UNCONDITIONAL_WITHIN_STATED_POPULATION
Rule_1568	?a deonticForceBasis SOURCE_STYLE_RULE => ?a patientApplicability UNCONDITIONAL_WITHIN_STATED_POPULATION	su_verified_e5f20076152902f9b102f37b1a83cdc79baea0d42000f6c76a83acfae0e39670_table_1/na_0004 deonticForceBasis SOURCE_STYLE_RULE => su_verified_e5f20076152902f9b102f37b1a83cdc79baea0d42000f6c76a83acfae0e39670_table_1/na_0004 patientApplicability UNCONDITIONAL_WITHIN_STATED_POPULATION
Rule_1568	?a deonticForceBasis SOURCE_STYLE_RULE => ?a patientApplicability UNCONDITIONAL_WITHIN_STATED_POPULATION	riegel-2009-promoting-self-care-in-persons-with-heart-failure_n0002/na_0003 deonticForceBasis SOURCE_STYLE_RULE => riegel-2009-promoting-self-care-in-persons-with-heart-failure_n0002/na_0003 patientApplicability UNCONDITIONAL_WITHIN_STATED_POPULATION
Rule_1568	?a deonticForceBasis SOURCE_STYLE_RULE => ?a patientApplicability UNCONDITIONAL_WITHIN_STATED_POPULATION	maddox-2021-2021-update-to-the-2017-acc-expert-consensus-decision-pathwa_n0008/na_0003 deonticForceBasis SOURCE_STYLE_RULE => maddox-2021-2021-update-to-the-2017-acc-expert-consensus-decision-pathwa_n0008/na_0003 patientApplicability UNCONDITIONAL_WITHIN_STATED_POPULATION
Rule_1568	?a deonticForceBasis SOURCE_STYLE_RULE => ?a patientApplicability UNCONDITIONAL_WITHIN_STATED_POPULATION	sectio-4_n0004/na_0008 deonticForceBasis SOURCE_STYLE_RULE => sectio-4_n0004/na_0008 patientApplicability UNCONDITIONAL_WITHIN_STATED_POPULATION
Rule_1568	?a deonticForceBasis SOURCE_STYLE_RULE => ?a patientApplicability UNCONDITIONAL_WITHIN_STATED_POPULATION	lenarczyk-2024-management-of-patients-with-an-electrical-storm-or-cluste_n0008/na_0003 deonticForceBasis SOURCE_STYLE_RULE => lenarczyk-2024-management-of-patients-with-an-electrical-storm-or-cluste_n0008/na_0003 patientApplicability UNCONDITIONAL_WITHIN_STATED_POPULATION
Rule_1568	?a deonticForceBasis SOURCE_STYLE_RULE => ?a patientApplicability UNCONDITIONAL_WITHIN_STATED_POPULATION	lenarczyk-2024-management-of-patients-with-an-electrical-storm-or-cluste_n0008/na_0008 deonticForceBasis SOURCE_STYLE_RULE => lenarczyk-2024-management-of-patients-with-an-electrical-storm-or-cluste_n0008/na_0008 patientApplicability UNCONDITIONAL_WITHIN_STATED_POPULATION
Rule_1568	?a deonticForceBasis SOURCE_STYLE_RULE => ?a patientApplicability UNCONDITIONAL_WITHIN_STATED_POPULATION	regitz-zagrosek-2018-2018-esc-guideline-for-the-management-of-cardiovasc_n0014/na_0006 deonticForceBasis SOURCE_STYLE_RULE => regitz-zagrosek-2018-2018-esc-guideline-for-the-management-of-cardiovasc_n0014/na_0006 patientApplicability UNCONDITIONAL_WITHIN_STATED_POPULATION
Rule_1568	?a deonticForceBasis SOURCE_STYLE_RULE => ?a patientApplicability UNCONDITIONAL_WITHIN_STATED_POPULATION	mcdonagh-2023-esc-guidelines_n0051/na_0004 deonticForceBasis SOURCE_STYLE_RULE => mcdonagh-2023-esc-guidelines_n0051/na_0004 patientApplicability UNCONDITIONAL_WITHIN_STATED_POPULATION
Rule_1568	?a deonticForceBasis SOURCE_STYLE_RULE => ?a patientApplicability UNCONDITIONAL_WITHIN_STATED_POPULATION	van-diepen-2017-contemporary-management-of-cardiogenic-shock_n0006/na_0012 deonticForceBasis SOURCE_STYLE_RULE => van-diepen-2017-contemporary-management-of-cardiogenic-shock_n0006/na_0012 patientApplicability UNCONDITIONAL_WITHIN_STATED_POPULATION
Rule_1568	?a deonticForceBasis SOURCE_STYLE_RULE => ?a patientApplicability UNCONDITIONAL_WITHIN_STATED_POPULATION	ambrosetti-2020-secondary-prevention-comprehensive-cardiovascular-rehabi_n0011/na_0023 deonticForceBasis SOURCE_STYLE_RULE => ambrosetti-2020-secondary-prevention-comprehensive-cardiovascular-rehabi_n0011/na_0023 patientApplicability UNCONDITIONAL_WITHIN_STATED_POPULATION
Rule_1568	?a deonticForceBasis SOURCE_STYLE_RULE => ?a patientApplicability UNCONDITIONAL_WITHIN_STATED_POPULATION	van-diepen-2017-contemporary-management-of-cardiogenic-shock_n0004/na_0004 deonticForceBasis SOURCE_STYLE_RULE => van-diepen-2017-contemporary-management-of-cardiogenic-shock_n0004/na_0004 patientApplicability UNCONDITIONAL_WITHIN_STATED_POPULATION
Rule_1568	?a deonticForceBasis SOURCE_STYLE_RULE => ?a patientApplicability UNCONDITIONAL_WITHIN_STATED_POPULATION	su_verified_6ed52cdf724db04223b4d1c2e62f3c35f6b42bc19bc5e3198277d681d47e1eb9_table_6/na_0004 deonticForceBasis SOURCE_STYLE_RULE => su_verified_6ed52cdf724db04223b4d1c2e62f3c35f6b42bc19bc5e3198277d681d47e1eb9_table_6/na_0004 patientApplicability UNCONDITIONAL_WITHIN_STATED_POPULATION
Rule_1568	?a deonticForceBasis SOURCE_STYLE_RULE => ?a patientApplicability UNCONDITIONAL_WITHIN_STATED_POPULATION	riegel-2009-promoting-self-care-in-persons-with-heart-failure_n0002/na_0005 deonticForceBasis SOURCE_STYLE_RULE => riegel-2009-promoting-self-care-in-persons-with-heart-failure_n0002/na_0005 patientApplicability UNCONDITIONAL_WITHIN_STATED_POPULATION
Rule_1568	?a deonticForceBasis SOURCE_STYLE_RULE => ?a patientApplicability UNCONDITIONAL_WITHIN_STATED_POPULATION	piepoli-2011-exercise-training-in-heart-failure_n0004/na_0012 deonticForceBasis SOURCE_STYLE_RULE => piepoli-2011-exercise-training-in-heart-failure_n0004/na_0012 patientApplicability UNCONDITIONAL_WITHIN_STATED_POPULATION
Rule_1568	?a deonticForceBasis SOURCE_STYLE_RULE => ?a patientApplicability UNCONDITIONAL_WITHIN_STATED_POPULATION	riegel-2009-promoting-self-care-in-persons-with-heart-failure_n0002/na_0006 deonticForceBasis SOURCE_STYLE_RULE => riegel-2009-promoting-self-care-in-persons-with-heart-failure_n0002/na_0006 patientApplicability UNCONDITIONAL_WITHIN_STATED_POPULATION
Rule_1568	?a deonticForceBasis SOURCE_STYLE_RULE => ?a patientApplicability UNCONDITIONAL_WITHIN_STATED_POPULATION	su_verified_6ed52cdf724db04223b4d1c2e62f3c35f6b42bc19bc5e3198277d681d47e1eb9_table_7/na_0005 deonticForceBasis SOURCE_STYLE_RULE => su_verified_6ed52cdf724db04223b4d1c2e62f3c35f6b42bc19bc5e3198277d681d47e1eb9_table_7/na_0005 patientApplicability UNCONDITIONAL_WITHIN_STATED_POPULATION
Rule_1568	?a deonticForceBasis SOURCE_STYLE_RULE => ?a patientApplicability UNCONDITIONAL_WITHIN_STATED_POPULATION	mcdonagh-2023-esc-guidelines_n0083/na_0007 deonticForceBasis SOURCE_STYLE_RULE => mcdonagh-2023-esc-guidelines_n0083/na_0007 patientApplicability UNCONDITIONAL_WITHIN_STATED_POPULATION
Rule_1568	?a deonticForceBasis SOURCE_STYLE_RULE => ?a patientApplicability UNCONDITIONAL_WITHIN_STATED_POPULATION	su_verified_6ed52cdf724db04223b4d1c2e62f3c35f6b42bc19bc5e3198277d681d47e1eb9_table_5/na_0008 deonticForceBasis SOURCE_STYLE_RULE => su_verified_6ed52cdf724db04223b4d1c2e62f3c35f6b42bc19bc5e3198277d681d47e1eb9_table_5/na_0008 patientApplicability UNCONDITIONAL_WITHIN_STATED_POPULATION
Rule_1568	?a deonticForceBasis SOURCE_STYLE_RULE => ?a patientApplicability UNCONDITIONAL_WITHIN_STATED_POPULATION	riegel-2009-promoting-self-care-in-persons-with-heart-failure_n0004/na_0026 deonticForceBasis SOURCE_STYLE_RULE => riegel-2009-promoting-self-care-in-persons-with-heart-failure_n0004/na_0026 patientApplicability UNCONDITIONAL_WITHIN_STATED_POPULATION
Rule_1568	?a deonticForceBasis SOURCE_STYLE_RULE => ?a patientApplicability UNCONDITIONAL_WITHIN_STATED_POPULATION	heidenreich-2022-aha-acc-hfsa-guidelines_n0108/na_0038 deonticForceBasis SOURCE_STYLE_RULE => heidenreich-2022-aha-acc-hfsa-guidelines_n0108/na_0038 patientApplicability UNCONDITIONAL_WITHIN_STATED_POPULATION
Rule_1568	?a deonticForceBasis SOURCE_STYLE_RULE => ?a patientApplicability UNCONDITIONAL_WITHIN_STATED_POPULATION	van-diepen-2017-contemporary-management-of-cardiogenic-shock_n0008/na_0011 deonticForceBasis SOURCE_STYLE_RULE => van-diepen-2017-contemporary-management-of-cardiogenic-shock_n0008/na_0011 patientApplicability UNCONDITIONAL_WITHIN_STATED_POPULATION
Rule_1568	?a deonticForceBasis SOURCE_STYLE_RULE => ?a patientApplicability UNCONDITIONAL_WITHIN_STATED_POPULATION	heidenreich-2022-aha-acc-hfsa-guidelines_n0108/na_0022 deonticForceBasis SOURCE_STYLE_RULE => heidenreich-2022-aha-acc-hfsa-guidelines_n0108/na_0022 patientApplicability UNCONDITIONAL_WITHIN_STATED_POPULATION
Rule_1568	?a deonticForceBasis SOURCE_STYLE_RULE => ?a patientApplicability UNCONDITIONAL_WITHIN_STATED_POPULATION	seb24c-1_n0004/na_0005 deonticForceBasis SOURCE_STYLE_RULE => seb24c-1_n0004/na_0005 patientApplicability UNCONDITIONAL_WITHIN_STATED_POPULATION
Rule_1568	?a deonticForceBasis SOURCE_STYLE_RULE => ?a patientApplicability UNCONDITIONAL_WITHIN_STATED_POPULATION	glikson-2021-2021-esc-guidelines-on-cardiac-pacing-and-cardiac-resynchro_n0079/na_0003 deonticForceBasis SOURCE_STYLE_RULE => glikson-2021-2021-esc-guidelines-on-cardiac-pacing-and-cardiac-resynchro_n0079/na_0003 patientApplicability UNCONDITIONAL_WITHIN_STATED_POPULATION
Rule_1568	?a deonticForceBasis SOURCE_STYLE_RULE => ?a patientApplicability UNCONDITIONAL_WITHIN_STATED_POPULATION	ambrosetti-2020-secondary-prevention-comprehensive-cardiovascular-rehabi_n0008/na_0008 deonticForceBasis SOURCE_STYLE_RULE => ambrosetti-2020-secondary-prevention-comprehensive-cardiovascular-rehabi_n0008/na_0008 patientApplicability UNCONDITIONAL_WITHIN_STATED_POPULATION
Rule_1568	?a deonticForceBasis SOURCE_STYLE_RULE => ?a patientApplicability UNCONDITIONAL_WITHIN_STATED_POPULATION	ambrosetti-2020-secondary-prevention-comprehensive-cardiovascular-rehabi_n0006/na_0021 deonticForceBasis SOURCE_STYLE_RULE => ambrosetti-2020-secondary-prevention-comprehensive-cardiovascular-rehabi_n0006/na_0021 patientApplicability UNCONDITIONAL_WITHIN_STATED_POPULATION
Rule_1568	?a deonticForceBasis SOURCE_STYLE_RULE => ?a patientApplicability UNCONDITIONAL_WITHIN_STATED_POPULATION	lenarczyk-2024-management-of-patients-with-an-electrical-storm-or-cluste_n0008/na_0004 deonticForceBasis SOURCE_STYLE_RULE => lenarczyk-2024-management-of-patients-with-an-electrical-storm-or-cluste_n0008/na_0004 patientApplicability UNCONDITIONAL_WITHIN_STATED_POPULATION
Rule_1568	?a deonticForceBasis SOURCE_STYLE_RULE => ?a patientApplicability UNCONDITIONAL_WITHIN_STATED_POPULATION	vest-2019-nutrition-obesity-and-cachexia-in-patients-with-heart-failure_n0006/na_0005 deonticForceBasis SOURCE_STYLE_RULE => vest-2019-nutrition-obesity-and-cachexia-in-patients-with-heart-failure_n0006/na_0005 patientApplicability UNCONDITIONAL_WITHIN_STATED_POPULATION
Rule_1568	?a deonticForceBasis SOURCE_STYLE_RULE => ?a patientApplicability UNCONDITIONAL_WITHIN_STATED_POPULATION	ambrosetti-2020-secondary-prevention-comprehensive-cardiovascular-rehabi_n0007/na_0001 deonticForceBasis SOURCE_STYLE_RULE => ambrosetti-2020-secondary-prevention-comprehensive-cardiovascular-rehabi_n0007/na_0001 patientApplicability UNCONDITIONAL_WITHIN_STATED_POPULATION
Rule_1568	?a deonticForceBasis SOURCE_STYLE_RULE => ?a patientApplicability UNCONDITIONAL_WITHIN_STATED_POPULATION	su_verified_e5f20076152902f9b102f37b1a83cdc79baea0d42000f6c76a83acfae0e39670_table_1/na_0011 deonticForceBasis SOURCE_STYLE_RULE => su_verified_e5f20076152902f9b102f37b1a83cdc79baea0d42000f6c76a83acfae0e39670_table_1/na_0011 patientApplicability UNCONDITIONAL_WITHIN_STATED_POPULATION
Rule_1568	?a deonticForceBasis SOURCE_STYLE_RULE => ?a patientApplicability UNCONDITIONAL_WITHIN_STATED_POPULATION	van-diepen-2017-contemporary-management-of-cardiogenic-shock_n0008/na_9002 deonticForceBasis SOURCE_STYLE_RULE => van-diepen-2017-contemporary-management-of-cardiogenic-shock_n0008/na_9002 patientApplicability UNCONDITIONAL_WITHIN_STATED_POPULATION
Rule_1568	?a deonticForceBasis SOURCE_STYLE_RULE => ?a patientApplicability UNCONDITIONAL_WITHIN_STATED_POPULATION	ambrosetti-2020-secondary-prevention-comprehensive-cardiovascular-rehabi_n0007/na_0013 deonticForceBasis SOURCE_STYLE_RULE => ambrosetti-2020-secondary-prevention-comprehensive-cardiovascular-rehabi_n0007/na_0013 patientApplicability UNCONDITIONAL_WITHIN_STATED_POPULATION
Rule_1568	?a deonticForceBasis SOURCE_STYLE_RULE => ?a patientApplicability UNCONDITIONAL_WITHIN_STATED_POPULATION	heidenreich-2022-aha-acc-hfsa-guidelines_n0108/na_0008 deonticForceBasis SOURCE_STYLE_RULE => heidenreich-2022-aha-acc-hfsa-guidelines_n0108/na_0008 patientApplicability UNCONDITIONAL_WITHIN_STATED_POPULATION
Rule_1568	?a deonticForceBasis SOURCE_STYLE_RULE => ?a patientApplicability UNCONDITIONAL_WITHIN_STATED_POPULATION	van-diepen-2017-contemporary-management-of-cardiogenic-shock_n0006/na_0002 deonticForceBasis SOURCE_STYLE_RULE => van-diepen-2017-contemporary-management-of-cardiogenic-shock_n0006/na_0002 patientApplicability UNCONDITIONAL_WITHIN_STATED_POPULATION
Rule_1568	?a deonticForceBasis SOURCE_STYLE_RULE => ?a patientApplicability UNCONDITIONAL_WITHIN_STATED_POPULATION	ambrosetti-2020-secondary-prevention-comprehensive-cardiovascular-rehabi_n0001/na_0021 deonticForceBasis SOURCE_STYLE_RULE => ambrosetti-2020-secondary-prevention-comprehensive-cardiovascular-rehabi_n0001/na_0021 patientApplicability UNCONDITIONAL_WITHIN_STATED_POPULATION
Rule_1568	?a deonticForceBasis SOURCE_STYLE_RULE => ?a patientApplicability UNCONDITIONAL_WITHIN_STATED_POPULATION	van-diepen-2017-contemporary-management-of-cardiogenic-shock_n0004/na_0012 deonticForceBasis SOURCE_STYLE_RULE => van-diepen-2017-contemporary-management-of-cardiogenic-shock_n0004/na_0012 patientApplicability UNCONDITIONAL_WITHIN_STATED_POPULATION
Rule_1568	?a deonticForceBasis SOURCE_STYLE_RULE => ?a patientApplicability UNCONDITIONAL_WITHIN_STATED_POPULATION	visseren-2021-esc-guidelines-cardiovascular-disease-prevention_n0038/na_0004 deonticForceBasis SOURCE_STYLE_RULE => visseren-2021-esc-guidelines-cardiovascular-disease-prevention_n0038/na_0004 patientApplicability UNCONDITIONAL_WITHIN_STATED_POPULATION
Rule_1568	?a deonticForceBasis SOURCE_STYLE_RULE => ?a patientApplicability UNCONDITIONAL_WITHIN_STATED_POPULATION	vest-2019-nutrition-obesity-and-cachexia-in-patients-with-heart-failure_n0001/na_0012 deonticForceBasis SOURCE_STYLE_RULE => vest-2019-nutrition-obesity-and-cachexia-in-patients-with-heart-failure_n0001/na_0012 patientApplicability UNCONDITIONAL_WITHIN_STATED_POPULATION
Rule_1568	?a deonticForceBasis SOURCE_STYLE_RULE => ?a patientApplicability UNCONDITIONAL_WITHIN_STATED_POPULATION	sectio-4_n0004/na_0010 deonticForceBasis SOURCE_STYLE_RULE => sectio-4_n0004/na_0010 patientApplicability UNCONDITIONAL_WITHIN_STATED_POPULATION
Rule_1568	?a deonticForceBasis SOURCE_STYLE_RULE => ?a patientApplicability UNCONDITIONAL_WITHIN_STATED_POPULATION	sectio-4_n0004/na_0003 deonticForceBasis SOURCE_STYLE_RULE => sectio-4_n0004/na_0003 patientApplicability UNCONDITIONAL_WITHIN_STATED_POPULATION
Rule_1568	?a deonticForceBasis SOURCE_STYLE_RULE => ?a patientApplicability UNCONDITIONAL_WITHIN_STATED_POPULATION	van-diepen-2017-contemporary-management-of-cardiogenic-shock_n0006/na_0003 deonticForceBasis SOURCE_STYLE_RULE => van-diepen-2017-contemporary-management-of-cardiogenic-shock_n0006/na_0003 patientApplicability UNCONDITIONAL_WITHIN_STATED_POPULATION
Rule_1568	?a deonticForceBasis SOURCE_STYLE_RULE => ?a patientApplicability UNCONDITIONAL_WITHIN_STATED_POPULATION	execut-1_n0023/na_0002 deonticForceBasis SOURCE_STYLE_RULE => execut-1_n0023/na_0002 patientApplicability UNCONDITIONAL_WITHIN_STATED_POPULATION
Rule_1568	?a deonticForceBasis SOURCE_STYLE_RULE => ?a patientApplicability UNCONDITIONAL_WITHIN_STATED_POPULATION	su_verified_e5f20076152902f9b102f37b1a83cdc79baea0d42000f6c76a83acfae0e39670_table_1/na_0013 deonticForceBasis SOURCE_STYLE_RULE => su_verified_e5f20076152902f9b102f37b1a83cdc79baea0d42000f6c76a83acfae0e39670_table_1/na_0013 patientApplicability UNCONDITIONAL_WITHIN_STATED_POPULATION
Rule_1568	?a deonticForceBasis SOURCE_STYLE_RULE => ?a patientApplicability UNCONDITIONAL_WITHIN_STATED_POPULATION	ambrosetti-2020-secondary-prevention-comprehensive-cardiovascular-rehabi_n0007/na_0017 deonticForceBasis SOURCE_STYLE_RULE => ambrosetti-2020-secondary-prevention-comprehensive-cardiovascular-rehabi_n0007/na_0017 patientApplicability UNCONDITIONAL_WITHIN_STATED_POPULATION
Rule_1568	?a deonticForceBasis SOURCE_STYLE_RULE => ?a patientApplicability UNCONDITIONAL_WITHIN_STATED_POPULATION	ambrosetti-2020-secondary-prevention-comprehensive-cardiovascular-rehabi_n0015/na_0006 deonticForceBasis SOURCE_STYLE_RULE => ambrosetti-2020-secondary-prevention-comprehensive-cardiovascular-rehabi_n0015/na_0006 patientApplicability UNCONDITIONAL_WITHIN_STATED_POPULATION
Rule_1568	?a deonticForceBasis SOURCE_STYLE_RULE => ?a patientApplicability UNCONDITIONAL_WITHIN_STATED_POPULATION	su_verified_e5f20076152902f9b102f37b1a83cdc79baea0d42000f6c76a83acfae0e39670_table_1/na_0019 deonticForceBasis SOURCE_STYLE_RULE => su_verified_e5f20076152902f9b102f37b1a83cdc79baea0d42000f6c76a83acfae0e39670_table_1/na_0019 patientApplicability UNCONDITIONAL_WITHIN_STATED_POPULATION
Rule_1568	?a deonticForceBasis SOURCE_STYLE_RULE => ?a patientApplicability UNCONDITIONAL_WITHIN_STATED_POPULATION	tsutsui-2023-natriuretic-peptides-role-in-the-diagnosis-and-management-o_n0001/na_0012 deonticForceBasis SOURCE_STYLE_RULE => tsutsui-2023-natriuretic-peptides-role-in-the-diagnosis-and-management-o_n0001/na_0012 patientApplicability UNCONDITIONAL_WITHIN_STATED_POPULATION
Rule_1568	?a deonticForceBasis SOURCE_STYLE_RULE => ?a patientApplicability UNCONDITIONAL_WITHIN_STATED_POPULATION	van-diepen-2017-contemporary-management-of-cardiogenic-shock_n0006/na_0008 deonticForceBasis SOURCE_STYLE_RULE => van-diepen-2017-contemporary-management-of-cardiogenic-shock_n0006/na_0008 patientApplicability UNCONDITIONAL_WITHIN_STATED_POPULATION
Rule_1568	?a deonticForceBasis SOURCE_STYLE_RULE => ?a patientApplicability UNCONDITIONAL_WITHIN_STATED_POPULATION	bhatt-2021-coronavirus-disease-2019-and-heart-failure_n0001/na_0004 deonticForceBasis SOURCE_STYLE_RULE => bhatt-2021-coronavirus-disease-2019-and-heart-failure_n0001/na_0004 patientApplicability UNCONDITIONAL_WITHIN_STATED_POPULATION
Rule_1568	?a deonticForceBasis SOURCE_STYLE_RULE => ?a patientApplicability UNCONDITIONAL_WITHIN_STATED_POPULATION	vest-2019-nutrition-obesity-and-cachexia-in-patients-with-heart-failure_n0006/na_0003 deonticForceBasis SOURCE_STYLE_RULE => vest-2019-nutrition-obesity-and-cachexia-in-patients-with-heart-failure_n0006/na_0003 patientApplicability UNCONDITIONAL_WITHIN_STATED_POPULATION
Rule_1568	?a deonticForceBasis SOURCE_STYLE_RULE => ?a patientApplicability UNCONDITIONAL_WITHIN_STATED_POPULATION	ambrosetti-2020-secondary-prevention-comprehensive-cardiovascular-rehabi_n0006/na_0007 deonticForceBasis SOURCE_STYLE_RULE => ambrosetti-2020-secondary-prevention-comprehensive-cardiovascular-rehabi_n0006/na_0007 patientApplicability UNCONDITIONAL_WITHIN_STATED_POPULATION
Rule_1568	?a deonticForceBasis SOURCE_STYLE_RULE => ?a patientApplicability UNCONDITIONAL_WITHIN_STATED_POPULATION	van-diepen-2017-contemporary-management-of-cardiogenic-shock_n0006/na_0014 deonticForceBasis SOURCE_STYLE_RULE => van-diepen-2017-contemporary-management-of-cardiogenic-shock_n0006/na_0014 patientApplicability UNCONDITIONAL_WITHIN_STATED_POPULATION
Rule_1568	?a deonticForceBasis SOURCE_STYLE_RULE => ?a patientApplicability UNCONDITIONAL_WITHIN_STATED_POPULATION	riegel-2009-promoting-self-care-in-persons-with-heart-failure_n0004/na_0030 deonticForceBasis SOURCE_STYLE_RULE => riegel-2009-promoting-self-care-in-persons-with-heart-failure_n0004/na_0030 patientApplicability UNCONDITIONAL_WITHIN_STATED_POPULATION
Rule_1568	?a deonticForceBasis SOURCE_STYLE_RULE => ?a patientApplicability UNCONDITIONAL_WITHIN_STATED_POPULATION	seb24c-1_n0001/na_0006 deonticForceBasis SOURCE_STYLE_RULE => seb24c-1_n0001/na_0006 patientApplicability UNCONDITIONAL_WITHIN_STATED_POPULATION
Rule_1568	?a deonticForceBasis SOURCE_STYLE_RULE => ?a patientApplicability UNCONDITIONAL_WITHIN_STATED_POPULATION	ambrosetti-2020-secondary-prevention-comprehensive-cardiovascular-rehabi_n0001/na_0024 deonticForceBasis SOURCE_STYLE_RULE => ambrosetti-2020-secondary-prevention-comprehensive-cardiovascular-rehabi_n0001/na_0024 patientApplicability UNCONDITIONAL_WITHIN_STATED_POPULATION
Rule_1568	?a deonticForceBasis SOURCE_STYLE_RULE => ?a patientApplicability UNCONDITIONAL_WITHIN_STATED_POPULATION	ambrosetti-2020-secondary-prevention-comprehensive-cardiovascular-rehabi_n0007/na_0002 deonticForceBasis SOURCE_STYLE_RULE => ambrosetti-2020-secondary-prevention-comprehensive-cardiovascular-rehabi_n0007/na_0002 patientApplicability UNCONDITIONAL_WITHIN_STATED_POPULATION
Rule_1568	?a deonticForceBasis SOURCE_STYLE_RULE => ?a patientApplicability UNCONDITIONAL_WITHIN_STATED_POPULATION	ambrosetti-2020-secondary-prevention-comprehensive-cardiovascular-rehabi_n0008/na_0005 deonticForceBasis SOURCE_STYLE_RULE => ambrosetti-2020-secondary-prevention-comprehensive-cardiovascular-rehabi_n0008/na_0005 patientApplicability UNCONDITIONAL_WITHIN_STATED_POPULATION
Rule_1568	?a deonticForceBasis SOURCE_STYLE_RULE => ?a patientApplicability UNCONDITIONAL_WITHIN_STATED_POPULATION	van-diepen-2017-contemporary-management-of-cardiogenic-shock_n0007/na_0001 deonticForceBasis SOURCE_STYLE_RULE => van-diepen-2017-contemporary-management-of-cardiogenic-shock_n0007/na_0001 patientApplicability UNCONDITIONAL_WITHIN_STATED_POPULATION
Rule_1568	?a deonticForceBasis SOURCE_STYLE_RULE => ?a patientApplicability UNCONDITIONAL_WITHIN_STATED_POPULATION	ambrosetti-2020-secondary-prevention-comprehensive-cardiovascular-rehabi_n0010/na_0003 deonticForceBasis SOURCE_STYLE_RULE => ambrosetti-2020-secondary-prevention-comprehensive-cardiovascular-rehabi_n0010/na_0003 patientApplicability UNCONDITIONAL_WITHIN_STATED_POPULATION
Rule_1568	?a deonticForceBasis SOURCE_STYLE_RULE => ?a patientApplicability UNCONDITIONAL_WITHIN_STATED_POPULATION	riegel-2009-promoting-self-care-in-persons-with-heart-failure_n0002/na_0001 deonticForceBasis SOURCE_STYLE_RULE => riegel-2009-promoting-self-care-in-persons-with-heart-failure_n0002/na_0001 patientApplicability UNCONDITIONAL_WITHIN_STATED_POPULATION
Rule_1568	?a deonticForceBasis SOURCE_STYLE_RULE => ?a patientApplicability UNCONDITIONAL_WITHIN_STATED_POPULATION	riegel-2009-promoting-self-care-in-persons-with-heart-failure_n0002/na_0002 deonticForceBasis SOURCE_STYLE_RULE => riegel-2009-promoting-self-care-in-persons-with-heart-failure_n0002/na_0002 patientApplicability UNCONDITIONAL_WITHIN_STATED_POPULATION
Rule_1568	?a deonticForceBasis SOURCE_STYLE_RULE => ?a patientApplicability UNCONDITIONAL_WITHIN_STATED_POPULATION	su_verified_6ed52cdf724db04223b4d1c2e62f3c35f6b42bc19bc5e3198277d681d47e1eb9_table_6/na_0006 deonticForceBasis SOURCE_STYLE_RULE => su_verified_6ed52cdf724db04223b4d1c2e62f3c35f6b42bc19bc5e3198277d681d47e1eb9_table_6/na_0006 patientApplicability UNCONDITIONAL_WITHIN_STATED_POPULATION
Rule_1568	?a deonticForceBasis SOURCE_STYLE_RULE => ?a patientApplicability UNCONDITIONAL_WITHIN_STATED_POPULATION	ambrosetti-2020-secondary-prevention-comprehensive-cardiovascular-rehabi_n0006/na_0002 deonticForceBasis SOURCE_STYLE_RULE => ambrosetti-2020-secondary-prevention-comprehensive-cardiovascular-rehabi_n0006/na_0002 patientApplicability UNCONDITIONAL_WITHIN_STATED_POPULATION
Rule_1568	?a deonticForceBasis SOURCE_STYLE_RULE => ?a patientApplicability UNCONDITIONAL_WITHIN_STATED_POPULATION	visseren-2021-esc-guidelines-cardiovascular-disease-prevention_n0038/na_0007 deonticForceBasis SOURCE_STYLE_RULE => visseren-2021-esc-guidelines-cardiovascular-disease-prevention_n0038/na_0007 patientApplicability UNCONDITIONAL_WITHIN_STATED_POPULATION
Rule_1568	?a deonticForceBasis SOURCE_STYLE_RULE => ?a patientApplicability UNCONDITIONAL_WITHIN_STATED_POPULATION	ambrosetti-2020-secondary-prevention-comprehensive-cardiovascular-rehabi_n0006/na_0017 deonticForceBasis SOURCE_STYLE_RULE => ambrosetti-2020-secondary-prevention-comprehensive-cardiovascular-rehabi_n0006/na_0017 patientApplicability UNCONDITIONAL_WITHIN_STATED_POPULATION
Rule_1568	?a deonticForceBasis SOURCE_STYLE_RULE => ?a patientApplicability UNCONDITIONAL_WITHIN_STATED_POPULATION	riegel-2009-promoting-self-care-in-persons-with-heart-failure_n0004/na_0012 deonticForceBasis SOURCE_STYLE_RULE => riegel-2009-promoting-self-care-in-persons-with-heart-failure_n0004/na_0012 patientApplicability UNCONDITIONAL_WITHIN_STATED_POPULATION
Rule_1568	?a deonticForceBasis SOURCE_STYLE_RULE => ?a patientApplicability UNCONDITIONAL_WITHIN_STATED_POPULATION	zeppenfeld-2022-esc-guidelines-va-and-scd_n0025/na_0010 deonticForceBasis SOURCE_STYLE_RULE => zeppenfeld-2022-esc-guidelines-va-and-scd_n0025/na_0010 patientApplicability UNCONDITIONAL_WITHIN_STATED_POPULATION
Rule_1568	?a deonticForceBasis SOURCE_STYLE_RULE => ?a patientApplicability UNCONDITIONAL_WITHIN_STATED_POPULATION	van-diepen-2017-contemporary-management-of-cardiogenic-shock_n0008/na_0004 deonticForceBasis SOURCE_STYLE_RULE => van-diepen-2017-contemporary-management-of-cardiogenic-shock_n0008/na_0004 patientApplicability UNCONDITIONAL_WITHIN_STATED_POPULATION
Rule_1568	?a deonticForceBasis SOURCE_STYLE_RULE => ?a patientApplicability UNCONDITIONAL_WITHIN_STATED_POPULATION	riegel-2009-promoting-self-care-in-persons-with-heart-failure_n0004/na_0029 deonticForceBasis SOURCE_STYLE_RULE => riegel-2009-promoting-self-care-in-persons-with-heart-failure_n0004/na_0029 patientApplicability UNCONDITIONAL_WITHIN_STATED_POPULATION
Rule_1568	?a deonticForceBasis SOURCE_STYLE_RULE => ?a patientApplicability UNCONDITIONAL_WITHIN_STATED_POPULATION	van-diepen-2017-contemporary-management-of-cardiogenic-shock_n0004/na_0002 deonticForceBasis SOURCE_STYLE_RULE => van-diepen-2017-contemporary-management-of-cardiogenic-shock_n0004/na_0002 patientApplicability UNCONDITIONAL_WITHIN_STATED_POPULATION
Rule_1568	?a deonticForceBasis SOURCE_STYLE_RULE => ?a patientApplicability UNCONDITIONAL_WITHIN_STATED_POPULATION	ambrosetti-2020-secondary-prevention-comprehensive-cardiovascular-rehabi_n0010/na_0016 deonticForceBasis SOURCE_STYLE_RULE => ambrosetti-2020-secondary-prevention-comprehensive-cardiovascular-rehabi_n0010/na_0016 patientApplicability UNCONDITIONAL_WITHIN_STATED_POPULATION
Rule_1568	?a deonticForceBasis SOURCE_STYLE_RULE => ?a patientApplicability UNCONDITIONAL_WITHIN_STATED_POPULATION	zeppenfeld-2022-esc-guidelines-va-and-scd_n0025/na_0034 deonticForceBasis SOURCE_STYLE_RULE => zeppenfeld-2022-esc-guidelines-va-and-scd_n0025/na_0034 patientApplicability UNCONDITIONAL_WITHIN_STATED_POPULATION
Rule_1568	?a deonticForceBasis SOURCE_STYLE_RULE => ?a patientApplicability UNCONDITIONAL_WITHIN_STATED_POPULATION	zeppenfeld-2022-esc-guidelines-va-and-scd_n0025/na_0036 deonticForceBasis SOURCE_STYLE_RULE => zeppenfeld-2022-esc-guidelines-va-and-scd_n0025/na_0036 patientApplicability UNCONDITIONAL_WITHIN_STATED_POPULATION
Rule_1568	?a deonticForceBasis SOURCE_STYLE_RULE => ?a patientApplicability UNCONDITIONAL_WITHIN_STATED_POPULATION	glikson-2021-2021-esc-guidelines-on-cardiac-pacing-and-cardiac-resynchro_n0079/na_0004 deonticForceBasis SOURCE_STYLE_RULE => glikson-2021-2021-esc-guidelines-on-cardiac-pacing-and-cardiac-resynchro_n0079/na_0004 patientApplicability UNCONDITIONAL_WITHIN_STATED_POPULATION
Rule_1568	?a deonticForceBasis SOURCE_STYLE_RULE => ?a patientApplicability UNCONDITIONAL_WITHIN_STATED_POPULATION	mcdonagh-2023-esc-guidelines_n0068/na_0028 deonticForceBasis SOURCE_STYLE_RULE => mcdonagh-2023-esc-guidelines_n0068/na_0028 patientApplicability UNCONDITIONAL_WITHIN_STATED_POPULATION
Rule_1568	?a deonticForceBasis SOURCE_STYLE_RULE => ?a patientApplicability UNCONDITIONAL_WITHIN_STATED_POPULATION	glikson-2021-2021-esc-guidelines-on-cardiac-pacing-and-cardiac-resynchro_n0079/na_0006 deonticForceBasis SOURCE_STYLE_RULE => glikson-2021-2021-esc-guidelines-on-cardiac-pacing-and-cardiac-resynchro_n0079/na_0006 patientApplicability UNCONDITIONAL_WITHIN_STATED_POPULATION
Rule_1568	?a deonticForceBasis SOURCE_STYLE_RULE => ?a patientApplicability UNCONDITIONAL_WITHIN_STATED_POPULATION	su_verified_e5f20076152902f9b102f37b1a83cdc79baea0d42000f6c76a83acfae0e39670_table_1/na_0014 deonticForceBasis SOURCE_STYLE_RULE => su_verified_e5f20076152902f9b102f37b1a83cdc79baea0d42000f6c76a83acfae0e39670_table_1/na_0014 patientApplicability UNCONDITIONAL_WITHIN_STATED_POPULATION
Rule_1568	?a deonticForceBasis SOURCE_STYLE_RULE => ?a patientApplicability UNCONDITIONAL_WITHIN_STATED_POPULATION	pelliccia-2020-2020-esc-guidelines-on-sports-cardiology-and-exercise-in_n0039/na_0005 deonticForceBasis SOURCE_STYLE_RULE => pelliccia-2020-2020-esc-guidelines-on-sports-cardiology-and-exercise-in_n0039/na_0005 patientApplicability UNCONDITIONAL_WITHIN_STATED_POPULATION
Rule_1568	?a deonticForceBasis SOURCE_STYLE_RULE => ?a patientApplicability UNCONDITIONAL_WITHIN_STATED_POPULATION	ambrosetti-2020-secondary-prevention-comprehensive-cardiovascular-rehabi_n0014/na_0015 deonticForceBasis SOURCE_STYLE_RULE => ambrosetti-2020-secondary-prevention-comprehensive-cardiovascular-rehabi_n0014/na_0015 patientApplicability UNCONDITIONAL_WITHIN_STATED_POPULATION
Rule_1568	?a deonticForceBasis SOURCE_STYLE_RULE => ?a patientApplicability UNCONDITIONAL_WITHIN_STATED_POPULATION	regitz-zagrosek-2018-2018-esc-guideline-for-the-management-of-cardiovasc_n0014/na_0009 deonticForceBasis SOURCE_STYLE_RULE => regitz-zagrosek-2018-2018-esc-guideline-for-the-management-of-cardiovasc_n0014/na_0009 patientApplicability UNCONDITIONAL_WITHIN_STATED_POPULATION
Rule_1568	?a deonticForceBasis SOURCE_STYLE_RULE => ?a patientApplicability UNCONDITIONAL_WITHIN_STATED_POPULATION	seb24c-1_n0004/na_0009 deonticForceBasis SOURCE_STYLE_RULE => seb24c-1_n0004/na_0009 patientApplicability UNCONDITIONAL_WITHIN_STATED_POPULATION
Rule_1568	?a deonticForceBasis SOURCE_STYLE_RULE => ?a patientApplicability UNCONDITIONAL_WITHIN_STATED_POPULATION	ambrosetti-2020-secondary-prevention-comprehensive-cardiovascular-rehabi_n0015/na_0017 deonticForceBasis SOURCE_STYLE_RULE => ambrosetti-2020-secondary-prevention-comprehensive-cardiovascular-rehabi_n0015/na_0017 patientApplicability UNCONDITIONAL_WITHIN_STATED_POPULATION
Rule_1568	?a deonticForceBasis SOURCE_STYLE_RULE => ?a patientApplicability UNCONDITIONAL_WITHIN_STATED_POPULATION	piepoli-2011-exercise-training-in-heart-failure_n0004/na_0017 deonticForceBasis SOURCE_STYLE_RULE => piepoli-2011-exercise-training-in-heart-failure_n0004/na_0017 patientApplicability UNCONDITIONAL_WITHIN_STATED_POPULATION
Rule_1568	?a deonticForceBasis SOURCE_STYLE_RULE => ?a patientApplicability UNCONDITIONAL_WITHIN_STATED_POPULATION	van-diepen-2017-contemporary-management-of-cardiogenic-shock_n0007/na_0002 deonticForceBasis SOURCE_STYLE_RULE => van-diepen-2017-contemporary-management-of-cardiogenic-shock_n0007/na_0002 patientApplicability UNCONDITIONAL_WITHIN_STATED_POPULATION
Rule_1568	?a deonticForceBasis SOURCE_STYLE_RULE => ?a patientApplicability UNCONDITIONAL_WITHIN_STATED_POPULATION	glikson-2021-2021-esc-guidelines-on-cardiac-pacing-and-cardiac-resynchro_n0079/na_0001 deonticForceBasis SOURCE_STYLE_RULE => glikson-2021-2021-esc-guidelines-on-cardiac-pacing-and-cardiac-resynchro_n0079/na_0001 patientApplicability UNCONDITIONAL_WITHIN_STATED_POPULATION
Rule_1568	?a deonticForceBasis SOURCE_STYLE_RULE => ?a patientApplicability UNCONDITIONAL_WITHIN_STATED_POPULATION	su_verified_e5f20076152902f9b102f37b1a83cdc79baea0d42000f6c76a83acfae0e39670_table_1/na_0007 deonticForceBasis SOURCE_STYLE_RULE => su_verified_e5f20076152902f9b102f37b1a83cdc79baea0d42000f6c76a83acfae0e39670_table_1/na_0007 patientApplicability UNCONDITIONAL_WITHIN_STATED_POPULATION
Rule_1568	?a deonticForceBasis SOURCE_STYLE_RULE => ?a patientApplicability UNCONDITIONAL_WITHIN_STATED_POPULATION	riegel-2009-promoting-self-care-in-persons-with-heart-failure_n0004/na_0017 deonticForceBasis SOURCE_STYLE_RULE => riegel-2009-promoting-self-care-in-persons-with-heart-failure_n0004/na_0017 patientApplicability UNCONDITIONAL_WITHIN_STATED_POPULATION
Rule_1568	?a deonticForceBasis SOURCE_STYLE_RULE => ?a patientApplicability UNCONDITIONAL_WITHIN_STATED_POPULATION	ambrosetti-2020-secondary-prevention-comprehensive-cardiovascular-rehabi_n0014/na_0010 deonticForceBasis SOURCE_STYLE_RULE => ambrosetti-2020-secondary-prevention-comprehensive-cardiovascular-rehabi_n0014/na_0010 patientApplicability UNCONDITIONAL_WITHIN_STATED_POPULATION
Rule_1568	?a deonticForceBasis SOURCE_STYLE_RULE => ?a patientApplicability UNCONDITIONAL_WITHIN_STATED_POPULATION	mcdonagh-2023-esc-guidelines_n0083/na_0002 deonticForceBasis SOURCE_STYLE_RULE => mcdonagh-2023-esc-guidelines_n0083/na_0002 patientApplicability UNCONDITIONAL_WITHIN_STATED_POPULATION
Rule_1568	?a deonticForceBasis SOURCE_STYLE_RULE => ?a patientApplicability UNCONDITIONAL_WITHIN_STATED_POPULATION	zeppenfeld-2022-esc-guidelines-va-and-scd_n0026/na_0014 deonticForceBasis SOURCE_STYLE_RULE => zeppenfeld-2022-esc-guidelines-va-and-scd_n0026/na_0014 patientApplicability UNCONDITIONAL_WITHIN_STATED_POPULATION
Rule_1568	?a deonticForceBasis SOURCE_STYLE_RULE => ?a patientApplicability UNCONDITIONAL_WITHIN_STATED_POPULATION	riegel-2009-promoting-self-care-in-persons-with-heart-failure_n0004/na_0032 deonticForceBasis SOURCE_STYLE_RULE => riegel-2009-promoting-self-care-in-persons-with-heart-failure_n0004/na_0032 patientApplicability UNCONDITIONAL_WITHIN_STATED_POPULATION
Rule_1568	?a deonticForceBasis SOURCE_STYLE_RULE => ?a patientApplicability UNCONDITIONAL_WITHIN_STATED_POPULATION	riegel-2009-promoting-self-care-in-persons-with-heart-failure_n0002/na_0004 deonticForceBasis SOURCE_STYLE_RULE => riegel-2009-promoting-self-care-in-persons-with-heart-failure_n0002/na_0004 patientApplicability UNCONDITIONAL_WITHIN_STATED_POPULATION
Rule_1568	?a deonticForceBasis SOURCE_STYLE_RULE => ?a patientApplicability UNCONDITIONAL_WITHIN_STATED_POPULATION	lenarczyk-2024-management-of-patients-with-an-electrical-storm-or-cluste_n0008/na_0009 deonticForceBasis SOURCE_STYLE_RULE => lenarczyk-2024-management-of-patients-with-an-electrical-storm-or-cluste_n0008/na_0009 patientApplicability UNCONDITIONAL_WITHIN_STATED_POPULATION
Rule_1568	?a deonticForceBasis SOURCE_STYLE_RULE => ?a patientApplicability UNCONDITIONAL_WITHIN_STATED_POPULATION	maddox-2021-2021-update-to-the-2017-acc-expert-consensus-decision-pathwa_n0006/na_0003 deonticForceBasis SOURCE_STYLE_RULE => maddox-2021-2021-update-to-the-2017-acc-expert-consensus-decision-pathwa_n0006/na_0003 patientApplicability UNCONDITIONAL_WITHIN_STATED_POPULATION
Rule_1568	?a deonticForceBasis SOURCE_STYLE_RULE => ?a patientApplicability UNCONDITIONAL_WITHIN_STATED_POPULATION	ambrosetti-2020-secondary-prevention-comprehensive-cardiovascular-rehabi_n0012/na_0022 deonticForceBasis SOURCE_STYLE_RULE => ambrosetti-2020-secondary-prevention-comprehensive-cardiovascular-rehabi_n0012/na_0022 patientApplicability UNCONDITIONAL_WITHIN_STATED_POPULATION
Rule_1568	?a deonticForceBasis SOURCE_STYLE_RULE => ?a patientApplicability UNCONDITIONAL_WITHIN_STATED_POPULATION	van-diepen-2017-contemporary-management-of-cardiogenic-shock_n0006/na_0016 deonticForceBasis SOURCE_STYLE_RULE => van-diepen-2017-contemporary-management-of-cardiogenic-shock_n0006/na_0016 patientApplicability UNCONDITIONAL_WITHIN_STATED_POPULATION
Rule_1568	?a deonticForceBasis SOURCE_STYLE_RULE => ?a patientApplicability UNCONDITIONAL_WITHIN_STATED_POPULATION	page-2016-drugs-that-may-cause-or-exacerbate-heart-failure_n0001/na_0017 deonticForceBasis SOURCE_STYLE_RULE => page-2016-drugs-that-may-cause-or-exacerbate-heart-failure_n0001/na_0017 patientApplicability UNCONDITIONAL_WITHIN_STATED_POPULATION
Rule_1568	?a deonticForceBasis SOURCE_STYLE_RULE => ?a patientApplicability UNCONDITIONAL_WITHIN_STATED_POPULATION	piepoli-2011-exercise-training-in-heart-failure_n0004/na_0014 deonticForceBasis SOURCE_STYLE_RULE => piepoli-2011-exercise-training-in-heart-failure_n0004/na_0014 patientApplicability UNCONDITIONAL_WITHIN_STATED_POPULATION
Rule_1568	?a deonticForceBasis SOURCE_STYLE_RULE => ?a patientApplicability UNCONDITIONAL_WITHIN_STATED_POPULATION	ambrosetti-2020-secondary-prevention-comprehensive-cardiovascular-rehabi_n0012/na_0004 deonticForceBasis SOURCE_STYLE_RULE => ambrosetti-2020-secondary-prevention-comprehensive-cardiovascular-rehabi_n0012/na_0004 patientApplicability UNCONDITIONAL_WITHIN_STATED_POPULATION
Rule_1568	?a deonticForceBasis SOURCE_STYLE_RULE => ?a patientApplicability UNCONDITIONAL_WITHIN_STATED_POPULATION	ambrosetti-2020-secondary-prevention-comprehensive-cardiovascular-rehabi_n0010/na_0013 deonticForceBasis SOURCE_STYLE_RULE => ambrosetti-2020-secondary-prevention-comprehensive-cardiovascular-rehabi_n0010/na_0013 patientApplicability UNCONDITIONAL_WITHIN_STATED_POPULATION
Rule_1568	?a deonticForceBasis SOURCE_STYLE_RULE => ?a patientApplicability UNCONDITIONAL_WITHIN_STATED_POPULATION	visseren-2021-esc-guidelines-cardiovascular-disease-prevention_n0038/na_0010 deonticForceBasis SOURCE_STYLE_RULE => visseren-2021-esc-guidelines-cardiovascular-disease-prevention_n0038/na_0010 patientApplicability UNCONDITIONAL_WITHIN_STATED_POPULATION
Rule_1568	?a deonticForceBasis SOURCE_STYLE_RULE => ?a patientApplicability UNCONDITIONAL_WITHIN_STATED_POPULATION	pelliccia-2020-2020-esc-guidelines-on-sports-cardiology-and-exercise-in_n0039/na_0006 deonticForceBasis SOURCE_STYLE_RULE => pelliccia-2020-2020-esc-guidelines-on-sports-cardiology-and-exercise-in_n0039/na_0006 patientApplicability UNCONDITIONAL_WITHIN_STATED_POPULATION
Rule_1568	?a deonticForceBasis SOURCE_STYLE_RULE => ?a patientApplicability UNCONDITIONAL_WITHIN_STATED_POPULATION	cardiosmart-modul1-zusammengefugt_n0008/na_0004 deonticForceBasis SOURCE_STYLE_RULE => cardiosmart-modul1-zusammengefugt_n0008/na_0004 patientApplicability UNCONDITIONAL_WITHIN_STATED_POPULATION
Rule_1568	?a deonticForceBasis SOURCE_STYLE_RULE => ?a patientApplicability UNCONDITIONAL_WITHIN_STATED_POPULATION	su_verified_e5f20076152902f9b102f37b1a83cdc79baea0d42000f6c76a83acfae0e39670_table_1/na_0016 deonticForceBasis SOURCE_STYLE_RULE => su_verified_e5f20076152902f9b102f37b1a83cdc79baea0d42000f6c76a83acfae0e39670_table_1/na_0016 patientApplicability UNCONDITIONAL_WITHIN_STATED_POPULATION
Rule_1568	?a deonticForceBasis SOURCE_STYLE_RULE => ?a patientApplicability UNCONDITIONAL_WITHIN_STATED_POPULATION	riegel-2009-promoting-self-care-in-persons-with-heart-failure_n0004/na_0001 deonticForceBasis SOURCE_STYLE_RULE => riegel-2009-promoting-self-care-in-persons-with-heart-failure_n0004/na_0001 patientApplicability UNCONDITIONAL_WITHIN_STATED_POPULATION
Rule_1568	?a deonticForceBasis SOURCE_STYLE_RULE => ?a patientApplicability UNCONDITIONAL_WITHIN_STATED_POPULATION	van-diepen-2017-contemporary-management-of-cardiogenic-shock_n0006/na_0020 deonticForceBasis SOURCE_STYLE_RULE => van-diepen-2017-contemporary-management-of-cardiogenic-shock_n0006/na_0020 patientApplicability UNCONDITIONAL_WITHIN_STATED_POPULATION
Rule_1568	?a deonticForceBasis SOURCE_STYLE_RULE => ?a patientApplicability UNCONDITIONAL_WITHIN_STATED_POPULATION	regitz-zagrosek-2018-2018-esc-guideline-for-the-management-of-cardiovasc_n0014/na_0013 deonticForceBasis SOURCE_STYLE_RULE => regitz-zagrosek-2018-2018-esc-guideline-for-the-management-of-cardiovasc_n0014/na_0013 patientApplicability UNCONDITIONAL_WITHIN_STATED_POPULATION
Rule_1568	?a deonticForceBasis SOURCE_STYLE_RULE => ?a patientApplicability UNCONDITIONAL_WITHIN_STATED_POPULATION	su_verified_e5f20076152902f9b102f37b1a83cdc79baea0d42000f6c76a83acfae0e39670_table_1/na_0017 deonticForceBasis SOURCE_STYLE_RULE => su_verified_e5f20076152902f9b102f37b1a83cdc79baea0d42000f6c76a83acfae0e39670_table_1/na_0017 patientApplicability UNCONDITIONAL_WITHIN_STATED_POPULATION
Rule_1568	?a deonticForceBasis SOURCE_STYLE_RULE => ?a patientApplicability UNCONDITIONAL_WITHIN_STATED_POPULATION	mcdonagh-2023-esc-guidelines_n0068/na_0029 deonticForceBasis SOURCE_STYLE_RULE => mcdonagh-2023-esc-guidelines_n0068/na_0029 patientApplicability UNCONDITIONAL_WITHIN_STATED_POPULATION
Rule_1568	?a deonticForceBasis SOURCE_STYLE_RULE => ?a patientApplicability UNCONDITIONAL_WITHIN_STATED_POPULATION	vest-2019-nutrition-obesity-and-cachexia-in-patients-with-heart-failure_n0001/na_0016 deonticForceBasis SOURCE_STYLE_RULE => vest-2019-nutrition-obesity-and-cachexia-in-patients-with-heart-failure_n0001/na_0016 patientApplicability UNCONDITIONAL_WITHIN_STATED_POPULATION
Rule_1568	?a deonticForceBasis SOURCE_STYLE_RULE => ?a patientApplicability UNCONDITIONAL_WITHIN_STATED_POPULATION	van-diepen-2017-contemporary-management-of-cardiogenic-shock_n0004/na_0010 deonticForceBasis SOURCE_STYLE_RULE => van-diepen-2017-contemporary-management-of-cardiogenic-shock_n0004/na_0010 patientApplicability UNCONDITIONAL_WITHIN_STATED_POPULATION
Rule_1568	?a deonticForceBasis SOURCE_STYLE_RULE => ?a patientApplicability UNCONDITIONAL_WITHIN_STATED_POPULATION	riegel-2009-promoting-self-care-in-persons-with-heart-failure_n0004/na_0003 deonticForceBasis SOURCE_STYLE_RULE => riegel-2009-promoting-self-care-in-persons-with-heart-failure_n0004/na_0003 patientApplicability UNCONDITIONAL_WITHIN_STATED_POPULATION
Rule_1568	?a deonticForceBasis SOURCE_STYLE_RULE => ?a patientApplicability UNCONDITIONAL_WITHIN_STATED_POPULATION	van-diepen-2017-contemporary-management-of-cardiogenic-shock_n0008/na_0001 deonticForceBasis SOURCE_STYLE_RULE => van-diepen-2017-contemporary-management-of-cardiogenic-shock_n0008/na_0001 patientApplicability UNCONDITIONAL_WITHIN_STATED_POPULATION
Rule_1568	?a deonticForceBasis SOURCE_STYLE_RULE => ?a patientApplicability UNCONDITIONAL_WITHIN_STATED_POPULATION	pelliccia-2020-2020-esc-guidelines-on-sports-cardiology-and-exercise-in_n0039/na_0001 deonticForceBasis SOURCE_STYLE_RULE => pelliccia-2020-2020-esc-guidelines-on-sports-cardiology-and-exercise-in_n0039/na_0001 patientApplicability UNCONDITIONAL_WITHIN_STATED_POPULATION
Rule_1568	?a deonticForceBasis SOURCE_STYLE_RULE => ?a patientApplicability UNCONDITIONAL_WITHIN_STATED_POPULATION	riegel-2009-promoting-self-care-in-persons-with-heart-failure_n0004/na_0004 deonticForceBasis SOURCE_STYLE_RULE => riegel-2009-promoting-self-care-in-persons-with-heart-failure_n0004/na_0004 patientApplicability UNCONDITIONAL_WITHIN_STATED_POPULATION
Rule_1568	?a deonticForceBasis SOURCE_STYLE_RULE => ?a patientApplicability UNCONDITIONAL_WITHIN_STATED_POPULATION	ambrosetti-2020-secondary-prevention-comprehensive-cardiovascular-rehabi_n0006/na_0039 deonticForceBasis SOURCE_STYLE_RULE => ambrosetti-2020-secondary-prevention-comprehensive-cardiovascular-rehabi_n0006/na_0039 patientApplicability UNCONDITIONAL_WITHIN_STATED_POPULATION
Rule_1568	?a deonticForceBasis SOURCE_STYLE_RULE => ?a patientApplicability UNCONDITIONAL_WITHIN_STATED_POPULATION	lenarczyk-2024-management-of-patients-with-an-electrical-storm-or-cluste_n0008/na_0012 deonticForceBasis SOURCE_STYLE_RULE => lenarczyk-2024-management-of-patients-with-an-electrical-storm-or-cluste_n0008/na_0012 patientApplicability UNCONDITIONAL_WITHIN_STATED_POPULATION
Rule_1568	?a deonticForceBasis SOURCE_STYLE_RULE => ?a patientApplicability UNCONDITIONAL_WITHIN_STATED_POPULATION	ambrosetti-2020-secondary-prevention-comprehensive-cardiovascular-rehabi_n0001/na_0020 deonticForceBasis SOURCE_STYLE_RULE => ambrosetti-2020-secondary-prevention-comprehensive-cardiovascular-rehabi_n0001/na_0020 patientApplicability UNCONDITIONAL_WITHIN_STATED_POPULATION
Rule_1568	?a deonticForceBasis SOURCE_STYLE_RULE => ?a patientApplicability UNCONDITIONAL_WITHIN_STATED_POPULATION	piepoli-2011-exercise-training-in-heart-failure_n0004/na_0011 deonticForceBasis SOURCE_STYLE_RULE => piepoli-2011-exercise-training-in-heart-failure_n0004/na_0011 patientApplicability UNCONDITIONAL_WITHIN_STATED_POPULATION
Rule_1568	?a deonticForceBasis SOURCE_STYLE_RULE => ?a patientApplicability UNCONDITIONAL_WITHIN_STATED_POPULATION	ambrosetti-2020-secondary-prevention-comprehensive-cardiovascular-rehabi_n0008/na_0007 deonticForceBasis SOURCE_STYLE_RULE => ambrosetti-2020-secondary-prevention-comprehensive-cardiovascular-rehabi_n0008/na_0007 patientApplicability UNCONDITIONAL_WITHIN_STATED_POPULATION
Rule_1568	?a deonticForceBasis SOURCE_STYLE_RULE => ?a patientApplicability UNCONDITIONAL_WITHIN_STATED_POPULATION	riegel-2009-promoting-self-care-in-persons-with-heart-failure_n0002/na_0012 deonticForceBasis SOURCE_STYLE_RULE => riegel-2009-promoting-self-care-in-persons-with-heart-failure_n0002/na_0012 patientApplicability UNCONDITIONAL_WITHIN_STATED_POPULATION
Rule_1568	?a deonticForceBasis SOURCE_STYLE_RULE => ?a patientApplicability UNCONDITIONAL_WITHIN_STATED_POPULATION	regitz-zagrosek-2018-2018-esc-guideline-for-the-management-of-cardiovasc_n0014/na_0019 deonticForceBasis SOURCE_STYLE_RULE => regitz-zagrosek-2018-2018-esc-guideline-for-the-management-of-cardiovasc_n0014/na_0019 patientApplicability UNCONDITIONAL_WITHIN_STATED_POPULATION
Rule_1568	?a deonticForceBasis SOURCE_STYLE_RULE => ?a patientApplicability UNCONDITIONAL_WITHIN_STATED_POPULATION	riegel-2009-promoting-self-care-in-persons-with-heart-failure_n0004/na_0007 deonticForceBasis SOURCE_STYLE_RULE => riegel-2009-promoting-self-care-in-persons-with-heart-failure_n0004/na_0007 patientApplicability UNCONDITIONAL_WITHIN_STATED_POPULATION
Rule_1568	?a deonticForceBasis SOURCE_STYLE_RULE => ?a patientApplicability UNCONDITIONAL_WITHIN_STATED_POPULATION	riegel-2009-promoting-self-care-in-persons-with-heart-failure_n0004/na_0025 deonticForceBasis SOURCE_STYLE_RULE => riegel-2009-promoting-self-care-in-persons-with-heart-failure_n0004/na_0025 patientApplicability UNCONDITIONAL_WITHIN_STATED_POPULATION
Rule_1568	?a deonticForceBasis SOURCE_STYLE_RULE => ?a patientApplicability UNCONDITIONAL_WITHIN_STATED_POPULATION	bhatt-2021-coronavirus-disease-2019-and-heart-failure_n0001/na_0008 deonticForceBasis SOURCE_STYLE_RULE => bhatt-2021-coronavirus-disease-2019-and-heart-failure_n0001/na_0008 patientApplicability UNCONDITIONAL_WITHIN_STATED_POPULATION
Rule_1568	?a deonticForceBasis SOURCE_STYLE_RULE => ?a patientApplicability UNCONDITIONAL_WITHIN_STATED_POPULATION	ambrosetti-2020-secondary-prevention-comprehensive-cardiovascular-rehabi_n0014/na_0012 deonticForceBasis SOURCE_STYLE_RULE => ambrosetti-2020-secondary-prevention-comprehensive-cardiovascular-rehabi_n0014/na_0012 patientApplicability UNCONDITIONAL_WITHIN_STATED_POPULATION
Rule_1568	?a deonticForceBasis SOURCE_STYLE_RULE => ?a patientApplicability UNCONDITIONAL_WITHIN_STATED_POPULATION	lenarczyk-2024-management-of-patients-with-an-electrical-storm-or-cluste_n0010/na_0002 deonticForceBasis SOURCE_STYLE_RULE => lenarczyk-2024-management-of-patients-with-an-electrical-storm-or-cluste_n0010/na_0002 patientApplicability UNCONDITIONAL_WITHIN_STATED_POPULATION
Rule_1568	?a deonticForceBasis SOURCE_STYLE_RULE => ?a patientApplicability UNCONDITIONAL_WITHIN_STATED_POPULATION	mcdonagh-2023-esc-guidelines_n0083/na_0001 deonticForceBasis SOURCE_STYLE_RULE => mcdonagh-2023-esc-guidelines_n0083/na_0001 patientApplicability UNCONDITIONAL_WITHIN_STATED_POPULATION
Rule_1568	?a deonticForceBasis SOURCE_STYLE_RULE => ?a patientApplicability UNCONDITIONAL_WITHIN_STATED_POPULATION	ambrosetti-2020-secondary-prevention-comprehensive-cardiovascular-rehabi_n0010/na_0009 deonticForceBasis SOURCE_STYLE_RULE => ambrosetti-2020-secondary-prevention-comprehensive-cardiovascular-rehabi_n0010/na_0009 patientApplicability UNCONDITIONAL_WITHIN_STATED_POPULATION
Rule_1568	?a deonticForceBasis SOURCE_STYLE_RULE => ?a patientApplicability UNCONDITIONAL_WITHIN_STATED_POPULATION	wilkoff-2008-hrs-ehra-expert-consenus-on-the-monitoring-of-cieds_n0005/na_0002 deonticForceBasis SOURCE_STYLE_RULE => wilkoff-2008-hrs-ehra-expert-consenus-on-the-monitoring-of-cieds_n0005/na_0002 patientApplicability UNCONDITIONAL_WITHIN_STATED_POPULATION
Rule_1568	?a deonticForceBasis SOURCE_STYLE_RULE => ?a patientApplicability UNCONDITIONAL_WITHIN_STATED_POPULATION	seb24c-1_n0004/na_0007 deonticForceBasis SOURCE_STYLE_RULE => seb24c-1_n0004/na_0007 patientApplicability UNCONDITIONAL_WITHIN_STATED_POPULATION
Rule_1568	?a deonticForceBasis SOURCE_STYLE_RULE => ?a patientApplicability UNCONDITIONAL_WITHIN_STATED_POPULATION	vest-2019-nutrition-obesity-and-cachexia-in-patients-with-heart-failure_n0006/na_0001 deonticForceBasis SOURCE_STYLE_RULE => vest-2019-nutrition-obesity-and-cachexia-in-patients-with-heart-failure_n0006/na_0001 patientApplicability UNCONDITIONAL_WITHIN_STATED_POPULATION
Rule_1568	?a deonticForceBasis SOURCE_STYLE_RULE => ?a patientApplicability UNCONDITIONAL_WITHIN_STATED_POPULATION	riegel-2009-promoting-self-care-in-persons-with-heart-failure_n0004/na_0019 deonticForceBasis SOURCE_STYLE_RULE => riegel-2009-promoting-self-care-in-persons-with-heart-failure_n0004/na_0019 patientApplicability UNCONDITIONAL_WITHIN_STATED_POPULATION
Rule_1568	?a deonticForceBasis SOURCE_STYLE_RULE => ?a patientApplicability UNCONDITIONAL_WITHIN_STATED_POPULATION	ambrosetti-2020-secondary-prevention-comprehensive-cardiovascular-rehabi_n0015/na_0015 deonticForceBasis SOURCE_STYLE_RULE => ambrosetti-2020-secondary-prevention-comprehensive-cardiovascular-rehabi_n0015/na_0015 patientApplicability UNCONDITIONAL_WITHIN_STATED_POPULATION
Rule_1568	?a deonticForceBasis SOURCE_STYLE_RULE => ?a patientApplicability UNCONDITIONAL_WITHIN_STATED_POPULATION	van-diepen-2017-contemporary-management-of-cardiogenic-shock_n0006/na_0009 deonticForceBasis SOURCE_STYLE_RULE => van-diepen-2017-contemporary-management-of-cardiogenic-shock_n0006/na_0009 patientApplicability UNCONDITIONAL_WITHIN_STATED_POPULATION
Rule_1568	?a deonticForceBasis SOURCE_STYLE_RULE => ?a patientApplicability UNCONDITIONAL_WITHIN_STATED_POPULATION	ambrosetti-2020-secondary-prevention-comprehensive-cardiovascular-rehabi_n0001/na_0032 deonticForceBasis SOURCE_STYLE_RULE => ambrosetti-2020-secondary-prevention-comprehensive-cardiovascular-rehabi_n0001/na_0032 patientApplicability UNCONDITIONAL_WITHIN_STATED_POPULATION
Rule_1568	?a deonticForceBasis SOURCE_STYLE_RULE => ?a patientApplicability UNCONDITIONAL_WITHIN_STATED_POPULATION	su_verified_e5f20076152902f9b102f37b1a83cdc79baea0d42000f6c76a83acfae0e39670_table_1/na_0018 deonticForceBasis SOURCE_STYLE_RULE => su_verified_e5f20076152902f9b102f37b1a83cdc79baea0d42000f6c76a83acfae0e39670_table_1/na_0018 patientApplicability UNCONDITIONAL_WITHIN_STATED_POPULATION
Rule_1568	?a deonticForceBasis SOURCE_STYLE_RULE => ?a patientApplicability UNCONDITIONAL_WITHIN_STATED_POPULATION	ambrosetti-2020-secondary-prevention-comprehensive-cardiovascular-rehabi_n0001/na_0026 deonticForceBasis SOURCE_STYLE_RULE => ambrosetti-2020-secondary-prevention-comprehensive-cardiovascular-rehabi_n0001/na_0026 patientApplicability UNCONDITIONAL_WITHIN_STATED_POPULATION
Rule_1568	?a deonticForceBasis SOURCE_STYLE_RULE => ?a patientApplicability UNCONDITIONAL_WITHIN_STATED_POPULATION	page-2016-drugs-that-may-cause-or-exacerbate-heart-failure_n0001/na_0011 deonticForceBasis SOURCE_STYLE_RULE => page-2016-drugs-that-may-cause-or-exacerbate-heart-failure_n0001/na_0011 patientApplicability UNCONDITIONAL_WITHIN_STATED_POPULATION
Rule_1568	?a deonticForceBasis SOURCE_STYLE_RULE => ?a patientApplicability UNCONDITIONAL_WITHIN_STATED_POPULATION	heidenreich-2022-aha-acc-hfsa-guidelines_n0108/na_0017 deonticForceBasis SOURCE_STYLE_RULE => heidenreich-2022-aha-acc-hfsa-guidelines_n0108/na_0017 patientApplicability UNCONDITIONAL_WITHIN_STATED_POPULATION
Rule_1568	?a deonticForceBasis SOURCE_STYLE_RULE => ?a patientApplicability UNCONDITIONAL_WITHIN_STATED_POPULATION	piepoli-2011-exercise-training-in-heart-failure_n0004/na_0013 deonticForceBasis SOURCE_STYLE_RULE => piepoli-2011-exercise-training-in-heart-failure_n0004/na_0013 patientApplicability UNCONDITIONAL_WITHIN_STATED_POPULATION
Rule_1568	?a deonticForceBasis SOURCE_STYLE_RULE => ?a patientApplicability UNCONDITIONAL_WITHIN_STATED_POPULATION	riegel-2009-promoting-self-care-in-persons-with-heart-failure_n0004/na_0002 deonticForceBasis SOURCE_STYLE_RULE => riegel-2009-promoting-self-care-in-persons-with-heart-failure_n0004/na_0002 patientApplicability UNCONDITIONAL_WITHIN_STATED_POPULATION
Rule_1568	?a deonticForceBasis SOURCE_STYLE_RULE => ?a patientApplicability UNCONDITIONAL_WITHIN_STATED_POPULATION	van-diepen-2017-contemporary-management-of-cardiogenic-shock_n0007/na_0004 deonticForceBasis SOURCE_STYLE_RULE => van-diepen-2017-contemporary-management-of-cardiogenic-shock_n0007/na_0004 patientApplicability UNCONDITIONAL_WITHIN_STATED_POPULATION
Rule_1568	?a deonticForceBasis SOURCE_STYLE_RULE => ?a patientApplicability UNCONDITIONAL_WITHIN_STATED_POPULATION	ambrosetti-2020-secondary-prevention-comprehensive-cardiovascular-rehabi_n0001/na_0019 deonticForceBasis SOURCE_STYLE_RULE => ambrosetti-2020-secondary-prevention-comprehensive-cardiovascular-rehabi_n0001/na_0019 patientApplicability UNCONDITIONAL_WITHIN_STATED_POPULATION
Rule_1568	?a deonticForceBasis SOURCE_STYLE_RULE => ?a patientApplicability UNCONDITIONAL_WITHIN_STATED_POPULATION	regitz-zagrosek-2018-2018-esc-guideline-for-the-management-of-cardiovasc_n0014/na_0018 deonticForceBasis SOURCE_STYLE_RULE => regitz-zagrosek-2018-2018-esc-guideline-for-the-management-of-cardiovasc_n0014/na_0018 patientApplicability UNCONDITIONAL_WITHIN_STATED_POPULATION
Rule_1568	?a deonticForceBasis SOURCE_STYLE_RULE => ?a patientApplicability UNCONDITIONAL_WITHIN_STATED_POPULATION	su_verified_e5f20076152902f9b102f37b1a83cdc79baea0d42000f6c76a83acfae0e39670_table_1/na_0001 deonticForceBasis SOURCE_STYLE_RULE => su_verified_e5f20076152902f9b102f37b1a83cdc79baea0d42000f6c76a83acfae0e39670_table_1/na_0001 patientApplicability UNCONDITIONAL_WITHIN_STATED_POPULATION
Rule_1568	?a deonticForceBasis SOURCE_STYLE_RULE => ?a patientApplicability UNCONDITIONAL_WITHIN_STATED_POPULATION	van-diepen-2017-contemporary-management-of-cardiogenic-shock_n0008/na_0006 deonticForceBasis SOURCE_STYLE_RULE => van-diepen-2017-contemporary-management-of-cardiogenic-shock_n0008/na_0006 patientApplicability UNCONDITIONAL_WITHIN_STATED_POPULATION
Rule_1568	?a deonticForceBasis SOURCE_STYLE_RULE => ?a patientApplicability UNCONDITIONAL_WITHIN_STATED_POPULATION	pelliccia-2020-2020-esc-guidelines-on-sports-cardiology-and-exercise-in_n0039/na_0003 deonticForceBasis SOURCE_STYLE_RULE => pelliccia-2020-2020-esc-guidelines-on-sports-cardiology-and-exercise-in_n0039/na_0003 patientApplicability UNCONDITIONAL_WITHIN_STATED_POPULATION
Rule_1568	?a deonticForceBasis SOURCE_STYLE_RULE => ?a patientApplicability UNCONDITIONAL_WITHIN_STATED_POPULATION	ambrosetti-2020-secondary-prevention-comprehensive-cardiovascular-rehabi_n0007/na_0016 deonticForceBasis SOURCE_STYLE_RULE => ambrosetti-2020-secondary-prevention-comprehensive-cardiovascular-rehabi_n0007/na_0016 patientApplicability UNCONDITIONAL_WITHIN_STATED_POPULATION
Rule_1568	?a deonticForceBasis SOURCE_STYLE_RULE => ?a patientApplicability UNCONDITIONAL_WITHIN_STATED_POPULATION	van-diepen-2017-contemporary-management-of-cardiogenic-shock_n0006/na_0021 deonticForceBasis SOURCE_STYLE_RULE => van-diepen-2017-contemporary-management-of-cardiogenic-shock_n0006/na_0021 patientApplicability UNCONDITIONAL_WITHIN_STATED_POPULATION
Rule_1568	?a deonticForceBasis SOURCE_STYLE_RULE => ?a patientApplicability UNCONDITIONAL_WITHIN_STATED_POPULATION	su_verified_6ed52cdf724db04223b4d1c2e62f3c35f6b42bc19bc5e3198277d681d47e1eb9_table_5/na_0007 deonticForceBasis SOURCE_STYLE_RULE => su_verified_6ed52cdf724db04223b4d1c2e62f3c35f6b42bc19bc5e3198277d681d47e1eb9_table_5/na_0007 patientApplicability UNCONDITIONAL_WITHIN_STATED_POPULATION
Rule_1568	?a deonticForceBasis SOURCE_STYLE_RULE => ?a patientApplicability UNCONDITIONAL_WITHIN_STATED_POPULATION	heidenreich-2022-aha-acc-hfsa-guidelines_n0108/na_0003 deonticForceBasis SOURCE_STYLE_RULE => heidenreich-2022-aha-acc-hfsa-guidelines_n0108/na_0003 patientApplicability UNCONDITIONAL_WITHIN_STATED_POPULATION
Rule_1568	?a deonticForceBasis SOURCE_STYLE_RULE => ?a patientApplicability UNCONDITIONAL_WITHIN_STATED_POPULATION	ambrosetti-2020-secondary-prevention-comprehensive-cardiovascular-rehabi_n0010/na_0014 deonticForceBasis SOURCE_STYLE_RULE => ambrosetti-2020-secondary-prevention-comprehensive-cardiovascular-rehabi_n0010/na_0014 patientApplicability UNCONDITIONAL_WITHIN_STATED_POPULATION
Rule_1568	?a deonticForceBasis SOURCE_STYLE_RULE => ?a patientApplicability UNCONDITIONAL_WITHIN_STATED_POPULATION	van-diepen-2017-contemporary-management-of-cardiogenic-shock_n0004/na_0011 deonticForceBasis SOURCE_STYLE_RULE => van-diepen-2017-contemporary-management-of-cardiogenic-shock_n0004/na_0011 patientApplicability UNCONDITIONAL_WITHIN_STATED_POPULATION
Rule_1568	?a deonticForceBasis SOURCE_STYLE_RULE => ?a patientApplicability UNCONDITIONAL_WITHIN_STATED_POPULATION	van-diepen-2017-contemporary-management-of-cardiogenic-shock_n0006/na_0007 deonticForceBasis SOURCE_STYLE_RULE => van-diepen-2017-contemporary-management-of-cardiogenic-shock_n0006/na_0007 patientApplicability UNCONDITIONAL_WITHIN_STATED_POPULATION
Rule_1568	?a deonticForceBasis SOURCE_STYLE_RULE => ?a patientApplicability UNCONDITIONAL_WITHIN_STATED_POPULATION	riegel-2009-promoting-self-care-in-persons-with-heart-failure_n0002/na_0014 deonticForceBasis SOURCE_STYLE_RULE => riegel-2009-promoting-self-care-in-persons-with-heart-failure_n0002/na_0014 patientApplicability UNCONDITIONAL_WITHIN_STATED_POPULATION
Rule_1568	?a deonticForceBasis SOURCE_STYLE_RULE => ?a patientApplicability UNCONDITIONAL_WITHIN_STATED_POPULATION	van-diepen-2017-contemporary-management-of-cardiogenic-shock_n0008/na_0022 deonticForceBasis SOURCE_STYLE_RULE => van-diepen-2017-contemporary-management-of-cardiogenic-shock_n0008/na_0022 patientApplicability UNCONDITIONAL_WITHIN_STATED_POPULATION
Rule_1568	?a deonticForceBasis SOURCE_STYLE_RULE => ?a patientApplicability UNCONDITIONAL_WITHIN_STATED_POPULATION	bhatt-2021-coronavirus-disease-2019-and-heart-failure_n0001/na_0006 deonticForceBasis SOURCE_STYLE_RULE => bhatt-2021-coronavirus-disease-2019-and-heart-failure_n0001/na_0006 patientApplicability UNCONDITIONAL_WITHIN_STATED_POPULATION
Rule_1568	?a deonticForceBasis SOURCE_STYLE_RULE => ?a patientApplicability UNCONDITIONAL_WITHIN_STATED_POPULATION	van-diepen-2017-contemporary-management-of-cardiogenic-shock_n0006/na_0004 deonticForceBasis SOURCE_STYLE_RULE => van-diepen-2017-contemporary-management-of-cardiogenic-shock_n0006/na_0004 patientApplicability UNCONDITIONAL_WITHIN_STATED_POPULATION
Rule_1568	?a deonticForceBasis SOURCE_STYLE_RULE => ?a patientApplicability UNCONDITIONAL_WITHIN_STATED_POPULATION	piepoli-2011-exercise-training-in-heart-failure_n0004/na_0015 deonticForceBasis SOURCE_STYLE_RULE => piepoli-2011-exercise-training-in-heart-failure_n0004/na_0015 patientApplicability UNCONDITIONAL_WITHIN_STATED_POPULATION
Rule_1568	?a deonticForceBasis SOURCE_STYLE_RULE => ?a patientApplicability UNCONDITIONAL_WITHIN_STATED_POPULATION	piepoli-2011-exercise-training-in-heart-failure_n0004/na_0002 deonticForceBasis SOURCE_STYLE_RULE => piepoli-2011-exercise-training-in-heart-failure_n0004/na_0002 patientApplicability UNCONDITIONAL_WITHIN_STATED_POPULATION
Rule_1568	?a deonticForceBasis SOURCE_STYLE_RULE => ?a patientApplicability UNCONDITIONAL_WITHIN_STATED_POPULATION	seb24c-1_n0004/na_0008 deonticForceBasis SOURCE_STYLE_RULE => seb24c-1_n0004/na_0008 patientApplicability UNCONDITIONAL_WITHIN_STATED_POPULATION
Rule_1568	?a deonticForceBasis SOURCE_STYLE_RULE => ?a patientApplicability UNCONDITIONAL_WITHIN_STATED_POPULATION	riegel-2009-promoting-self-care-in-persons-with-heart-failure_n0004/na_0034 deonticForceBasis SOURCE_STYLE_RULE => riegel-2009-promoting-self-care-in-persons-with-heart-failure_n0004/na_0034 patientApplicability UNCONDITIONAL_WITHIN_STATED_POPULATION
Rule_1568	?a deonticForceBasis SOURCE_STYLE_RULE => ?a patientApplicability UNCONDITIONAL_WITHIN_STATED_POPULATION	wilkoff-2008-hrs-ehra-expert-consenus-on-the-monitoring-of-cieds_n0005/na_0001 deonticForceBasis SOURCE_STYLE_RULE => wilkoff-2008-hrs-ehra-expert-consenus-on-the-monitoring-of-cieds_n0005/na_0001 patientApplicability UNCONDITIONAL_WITHIN_STATED_POPULATION
Rule_1568	?a deonticForceBasis SOURCE_STYLE_RULE => ?a patientApplicability UNCONDITIONAL_WITHIN_STATED_POPULATION	visseren-2021-esc-guidelines-cardiovascular-disease-prevention_n0038/na_0006 deonticForceBasis SOURCE_STYLE_RULE => visseren-2021-esc-guidelines-cardiovascular-disease-prevention_n0038/na_0006 patientApplicability UNCONDITIONAL_WITHIN_STATED_POPULATION
Rule_1568	?a deonticForceBasis SOURCE_STYLE_RULE => ?a patientApplicability UNCONDITIONAL_WITHIN_STATED_POPULATION	lenarczyk-2024-management-of-patients-with-an-electrical-storm-or-cluste_n0010/na_0008 deonticForceBasis SOURCE_STYLE_RULE => lenarczyk-2024-management-of-patients-with-an-electrical-storm-or-cluste_n0010/na_0008 patientApplicability UNCONDITIONAL_WITHIN_STATED_POPULATION
Rule_1568	?a deonticForceBasis SOURCE_STYLE_RULE => ?a patientApplicability UNCONDITIONAL_WITHIN_STATED_POPULATION	ambrosetti-2020-secondary-prevention-comprehensive-cardiovascular-rehabi_n0008/na_0006 deonticForceBasis SOURCE_STYLE_RULE => ambrosetti-2020-secondary-prevention-comprehensive-cardiovascular-rehabi_n0008/na_0006 patientApplicability UNCONDITIONAL_WITHIN_STATED_POPULATION
Rule_1568	?a deonticForceBasis SOURCE_STYLE_RULE => ?a patientApplicability UNCONDITIONAL_WITHIN_STATED_POPULATION	page-2016-drugs-that-may-cause-or-exacerbate-heart-failure_n0001/na_0005 deonticForceBasis SOURCE_STYLE_RULE => page-2016-drugs-that-may-cause-or-exacerbate-heart-failure_n0001/na_0005 patientApplicability UNCONDITIONAL_WITHIN_STATED_POPULATION
Rule_1568	?a deonticForceBasis SOURCE_STYLE_RULE => ?a patientApplicability UNCONDITIONAL_WITHIN_STATED_POPULATION	regitz-zagrosek-2018-2018-esc-guideline-for-the-management-of-cardiovasc_n0014/na_0001 deonticForceBasis SOURCE_STYLE_RULE => regitz-zagrosek-2018-2018-esc-guideline-for-the-management-of-cardiovasc_n0014/na_0001 patientApplicability UNCONDITIONAL_WITHIN_STATED_POPULATION
Rule_1568	?a deonticForceBasis SOURCE_STYLE_RULE => ?a patientApplicability UNCONDITIONAL_WITHIN_STATED_POPULATION	ambrosetti-2020-secondary-prevention-comprehensive-cardiovascular-rehabi_n0006/na_0003 deonticForceBasis SOURCE_STYLE_RULE => ambrosetti-2020-secondary-prevention-comprehensive-cardiovascular-rehabi_n0006/na_0003 patientApplicability UNCONDITIONAL_WITHIN_STATED_POPULATION
Rule_1568	?a deonticForceBasis SOURCE_STYLE_RULE => ?a patientApplicability UNCONDITIONAL_WITHIN_STATED_POPULATION	van-diepen-2017-contemporary-management-of-cardiogenic-shock_n0006/na_0005 deonticForceBasis SOURCE_STYLE_RULE => van-diepen-2017-contemporary-management-of-cardiogenic-shock_n0006/na_0005 patientApplicability UNCONDITIONAL_WITHIN_STATED_POPULATION
Rule_1568	?a deonticForceBasis SOURCE_STYLE_RULE => ?a patientApplicability UNCONDITIONAL_WITHIN_STATED_POPULATION	regitz-zagrosek-2018-2018-esc-guideline-for-the-management-of-cardiovasc_n0014/na_0002 deonticForceBasis SOURCE_STYLE_RULE => regitz-zagrosek-2018-2018-esc-guideline-for-the-management-of-cardiovasc_n0014/na_0002 patientApplicability UNCONDITIONAL_WITHIN_STATED_POPULATION
Rule_1568	?a deonticForceBasis SOURCE_STYLE_RULE => ?a patientApplicability UNCONDITIONAL_WITHIN_STATED_POPULATION	seb24c-1_n0004/na_0001 deonticForceBasis SOURCE_STYLE_RULE => seb24c-1_n0004/na_0001 patientApplicability UNCONDITIONAL_WITHIN_STATED_POPULATION
Rule_1568	?a deonticForceBasis SOURCE_STYLE_RULE => ?a patientApplicability UNCONDITIONAL_WITHIN_STATED_POPULATION	riegel-2009-promoting-self-care-in-persons-with-heart-failure_n0004/na_0014 deonticForceBasis SOURCE_STYLE_RULE => riegel-2009-promoting-self-care-in-persons-with-heart-failure_n0004/na_0014 patientApplicability UNCONDITIONAL_WITHIN_STATED_POPULATION
Rule_1568	?a deonticForceBasis SOURCE_STYLE_RULE => ?a patientApplicability UNCONDITIONAL_WITHIN_STATED_POPULATION	regitz-zagrosek-2018-2018-esc-guideline-for-the-management-of-cardiovasc_n0014/na_0010 deonticForceBasis SOURCE_STYLE_RULE => regitz-zagrosek-2018-2018-esc-guideline-for-the-management-of-cardiovasc_n0014/na_0010 patientApplicability UNCONDITIONAL_WITHIN_STATED_POPULATION
Rule_1568	?a deonticForceBasis SOURCE_STYLE_RULE => ?a patientApplicability UNCONDITIONAL_WITHIN_STATED_POPULATION	mcdonagh-2023-esc-guidelines_n0037/na_0002 deonticForceBasis SOURCE_STYLE_RULE => mcdonagh-2023-esc-guidelines_n0037/na_0002 patientApplicability UNCONDITIONAL_WITHIN_STATED_POPULATION
Rule_1568	?a deonticForceBasis SOURCE_STYLE_RULE => ?a patientApplicability UNCONDITIONAL_WITHIN_STATED_POPULATION	seb24c-1_n0002/na_0006 deonticForceBasis SOURCE_STYLE_RULE => seb24c-1_n0002/na_0006 patientApplicability UNCONDITIONAL_WITHIN_STATED_POPULATION
Rule_1568	?a deonticForceBasis SOURCE_STYLE_RULE => ?a patientApplicability UNCONDITIONAL_WITHIN_STATED_POPULATION	su_verified_6ed52cdf724db04223b4d1c2e62f3c35f6b42bc19bc5e3198277d681d47e1eb9_table_5/na_0009 deonticForceBasis SOURCE_STYLE_RULE => su_verified_6ed52cdf724db04223b4d1c2e62f3c35f6b42bc19bc5e3198277d681d47e1eb9_table_5/na_0009 patientApplicability UNCONDITIONAL_WITHIN_STATED_POPULATION
Rule_1568	?a deonticForceBasis SOURCE_STYLE_RULE => ?a patientApplicability UNCONDITIONAL_WITHIN_STATED_POPULATION	sectio-4_n0004/na_0004 deonticForceBasis SOURCE_STYLE_RULE => sectio-4_n0004/na_0004 patientApplicability UNCONDITIONAL_WITHIN_STATED_POPULATION
Rule_1568	?a deonticForceBasis SOURCE_STYLE_RULE => ?a patientApplicability UNCONDITIONAL_WITHIN_STATED_POPULATION	mullens-2019-the-use-of-diuretics-in-heart-failure-with-congestion_n0004/na_0003 deonticForceBasis SOURCE_STYLE_RULE => mullens-2019-the-use-of-diuretics-in-heart-failure-with-congestion_n0004/na_0003 patientApplicability UNCONDITIONAL_WITHIN_STATED_POPULATION
Rule_1568	?a deonticForceBasis SOURCE_STYLE_RULE => ?a patientApplicability UNCONDITIONAL_WITHIN_STATED_POPULATION	maddox-2021-2021-update-to-the-2017-acc-expert-consensus-decision-pathwa_n0006/na_0007 deonticForceBasis SOURCE_STYLE_RULE => maddox-2021-2021-update-to-the-2017-acc-expert-consensus-decision-pathwa_n0006/na_0007 patientApplicability UNCONDITIONAL_WITHIN_STATED_POPULATION
Rule_1568	?a deonticForceBasis SOURCE_STYLE_RULE => ?a patientApplicability UNCONDITIONAL_WITHIN_STATED_POPULATION	su_verified_e5f20076152902f9b102f37b1a83cdc79baea0d42000f6c76a83acfae0e39670_table_1/na_0008 deonticForceBasis SOURCE_STYLE_RULE => su_verified_e5f20076152902f9b102f37b1a83cdc79baea0d42000f6c76a83acfae0e39670_table_1/na_0008 patientApplicability UNCONDITIONAL_WITHIN_STATED_POPULATION
Rule_1568	?a deonticForceBasis SOURCE_STYLE_RULE => ?a patientApplicability UNCONDITIONAL_WITHIN_STATED_POPULATION	ambrosetti-2020-secondary-prevention-comprehensive-cardiovascular-rehabi_n0007/na_0014 deonticForceBasis SOURCE_STYLE_RULE => ambrosetti-2020-secondary-prevention-comprehensive-cardiovascular-rehabi_n0007/na_0014 patientApplicability UNCONDITIONAL_WITHIN_STATED_POPULATION
Rule_1568	?a deonticForceBasis SOURCE_STYLE_RULE => ?a patientApplicability UNCONDITIONAL_WITHIN_STATED_POPULATION	ambrosetti-2020-secondary-prevention-comprehensive-cardiovascular-rehabi_n0011/na_0002 deonticForceBasis SOURCE_STYLE_RULE => ambrosetti-2020-secondary-prevention-comprehensive-cardiovascular-rehabi_n0011/na_0002 patientApplicability UNCONDITIONAL_WITHIN_STATED_POPULATION
Rule_1568	?a deonticForceBasis SOURCE_STYLE_RULE => ?a patientApplicability UNCONDITIONAL_WITHIN_STATED_POPULATION	su_verified_e5f20076152902f9b102f37b1a83cdc79baea0d42000f6c76a83acfae0e39670_table_1/na_0015 deonticForceBasis SOURCE_STYLE_RULE => su_verified_e5f20076152902f9b102f37b1a83cdc79baea0d42000f6c76a83acfae0e39670_table_1/na_0015 patientApplicability UNCONDITIONAL_WITHIN_STATED_POPULATION
Rule_1568	?a deonticForceBasis SOURCE_STYLE_RULE => ?a patientApplicability UNCONDITIONAL_WITHIN_STATED_POPULATION	van-diepen-2017-contemporary-management-of-cardiogenic-shock_n0008/na_0025 deonticForceBasis SOURCE_STYLE_RULE => van-diepen-2017-contemporary-management-of-cardiogenic-shock_n0008/na_0025 patientApplicability UNCONDITIONAL_WITHIN_STATED_POPULATION
Rule_1568	?a deonticForceBasis SOURCE_STYLE_RULE => ?a patientApplicability UNCONDITIONAL_WITHIN_STATED_POPULATION	mcdonagh-2023-esc-guidelines_n0089/na_0008 deonticForceBasis SOURCE_STYLE_RULE => mcdonagh-2023-esc-guidelines_n0089/na_0008 patientApplicability UNCONDITIONAL_WITHIN_STATED_POPULATION
Rule_1568	?a deonticForceBasis SOURCE_STYLE_RULE => ?a patientApplicability UNCONDITIONAL_WITHIN_STATED_POPULATION	ambrosetti-2020-secondary-prevention-comprehensive-cardiovascular-rehabi_n0001/na_0002 deonticForceBasis SOURCE_STYLE_RULE => ambrosetti-2020-secondary-prevention-comprehensive-cardiovascular-rehabi_n0001/na_0002 patientApplicability UNCONDITIONAL_WITHIN_STATED_POPULATION
Rule_1568	?a deonticForceBasis SOURCE_STYLE_RULE => ?a patientApplicability UNCONDITIONAL_WITHIN_STATED_POPULATION	mcdonagh-2023-esc-guidelines_n0083/na_0005 deonticForceBasis SOURCE_STYLE_RULE => mcdonagh-2023-esc-guidelines_n0083/na_0005 patientApplicability UNCONDITIONAL_WITHIN_STATED_POPULATION
Rule_1568	?a deonticForceBasis SOURCE_STYLE_RULE => ?a patientApplicability UNCONDITIONAL_WITHIN_STATED_POPULATION	mcdonagh-2023-esc-guidelines_n0067/na_0003 deonticForceBasis SOURCE_STYLE_RULE => mcdonagh-2023-esc-guidelines_n0067/na_0003 patientApplicability UNCONDITIONAL_WITHIN_STATED_POPULATION
Rule_1568	?a deonticForceBasis SOURCE_STYLE_RULE => ?a patientApplicability UNCONDITIONAL_WITHIN_STATED_POPULATION	mcdonagh-2023-esc-guidelines_n0089/na_0005 deonticForceBasis SOURCE_STYLE_RULE => mcdonagh-2023-esc-guidelines_n0089/na_0005 patientApplicability UNCONDITIONAL_WITHIN_STATED_POPULATION
Rule_1568	?a deonticForceBasis SOURCE_STYLE_RULE => ?a patientApplicability UNCONDITIONAL_WITHIN_STATED_POPULATION	su_verified_6ed52cdf724db04223b4d1c2e62f3c35f6b42bc19bc5e3198277d681d47e1eb9_table_6/na_0005 deonticForceBasis SOURCE_STYLE_RULE => su_verified_6ed52cdf724db04223b4d1c2e62f3c35f6b42bc19bc5e3198277d681d47e1eb9_table_6/na_0005 patientApplicability UNCONDITIONAL_WITHIN_STATED_POPULATION
Rule_1568	?a deonticForceBasis SOURCE_STYLE_RULE => ?a patientApplicability UNCONDITIONAL_WITHIN_STATED_POPULATION	su_verified_e5f20076152902f9b102f37b1a83cdc79baea0d42000f6c76a83acfae0e39670_table_1/na_0006 deonticForceBasis SOURCE_STYLE_RULE => su_verified_e5f20076152902f9b102f37b1a83cdc79baea0d42000f6c76a83acfae0e39670_table_1/na_0006 patientApplicability UNCONDITIONAL_WITHIN_STATED_POPULATION
Rule_1568	?a deonticForceBasis SOURCE_STYLE_RULE => ?a patientApplicability UNCONDITIONAL_WITHIN_STATED_POPULATION	piepoli-2011-exercise-training-in-heart-failure_n0004/na_0007 deonticForceBasis SOURCE_STYLE_RULE => piepoli-2011-exercise-training-in-heart-failure_n0004/na_0007 patientApplicability UNCONDITIONAL_WITHIN_STATED_POPULATION
Rule_1568	?a deonticForceBasis SOURCE_STYLE_RULE => ?a patientApplicability UNCONDITIONAL_WITHIN_STATED_POPULATION	sectio-4_n0004/na_0001 deonticForceBasis SOURCE_STYLE_RULE => sectio-4_n0004/na_0001 patientApplicability UNCONDITIONAL_WITHIN_STATED_POPULATION
Rule_1568	?a deonticForceBasis SOURCE_STYLE_RULE => ?a patientApplicability UNCONDITIONAL_WITHIN_STATED_POPULATION	su_verified_e5f20076152902f9b102f37b1a83cdc79baea0d42000f6c76a83acfae0e39670_table_1/na_0002 deonticForceBasis SOURCE_STYLE_RULE => su_verified_e5f20076152902f9b102f37b1a83cdc79baea0d42000f6c76a83acfae0e39670_table_1/na_0002 patientApplicability UNCONDITIONAL_WITHIN_STATED_POPULATION
Rule_1568	?a deonticForceBasis SOURCE_STYLE_RULE => ?a patientApplicability UNCONDITIONAL_WITHIN_STATED_POPULATION	riegel-2009-promoting-self-care-in-persons-with-heart-failure_n0002/na_0008 deonticForceBasis SOURCE_STYLE_RULE => riegel-2009-promoting-self-care-in-persons-with-heart-failure_n0002/na_0008 patientApplicability UNCONDITIONAL_WITHIN_STATED_POPULATION
Rule_1568	?a deonticForceBasis SOURCE_STYLE_RULE => ?a patientApplicability UNCONDITIONAL_WITHIN_STATED_POPULATION	mcdonagh-2023-esc-guidelines_n0084/na_0017 deonticForceBasis SOURCE_STYLE_RULE => mcdonagh-2023-esc-guidelines_n0084/na_0017 patientApplicability UNCONDITIONAL_WITHIN_STATED_POPULATION
Rule_1568	?a deonticForceBasis SOURCE_STYLE_RULE => ?a patientApplicability UNCONDITIONAL_WITHIN_STATED_POPULATION	ambrosetti-2020-secondary-prevention-comprehensive-cardiovascular-rehabi_n0006/na_0008 deonticForceBasis SOURCE_STYLE_RULE => ambrosetti-2020-secondary-prevention-comprehensive-cardiovascular-rehabi_n0006/na_0008 patientApplicability UNCONDITIONAL_WITHIN_STATED_POPULATION
Rule_1568	?a deonticForceBasis SOURCE_STYLE_RULE => ?a patientApplicability UNCONDITIONAL_WITHIN_STATED_POPULATION	lenarczyk-2024-management-of-patients-with-an-electrical-storm-or-cluste_n0008/na_0001 deonticForceBasis SOURCE_STYLE_RULE => lenarczyk-2024-management-of-patients-with-an-electrical-storm-or-cluste_n0008/na_0001 patientApplicability UNCONDITIONAL_WITHIN_STATED_POPULATION
Rule_1568	?a deonticForceBasis SOURCE_STYLE_RULE => ?a patientApplicability UNCONDITIONAL_WITHIN_STATED_POPULATION	regitz-zagrosek-2018-2018-esc-guideline-for-the-management-of-cardiovasc_n0014/na_0014 deonticForceBasis SOURCE_STYLE_RULE => regitz-zagrosek-2018-2018-esc-guideline-for-the-management-of-cardiovasc_n0014/na_0014 patientApplicability UNCONDITIONAL_WITHIN_STATED_POPULATION
Rule_1568	?a deonticForceBasis SOURCE_STYLE_RULE => ?a patientApplicability UNCONDITIONAL_WITHIN_STATED_POPULATION	seb24c-1_n0004/na_0004 deonticForceBasis SOURCE_STYLE_RULE => seb24c-1_n0004/na_0004 patientApplicability UNCONDITIONAL_WITHIN_STATED_POPULATION
Rule_1568	?a deonticForceBasis SOURCE_STYLE_RULE => ?a patientApplicability UNCONDITIONAL_WITHIN_STATED_POPULATION	riegel-2009-promoting-self-care-in-persons-with-heart-failure_n0002/na_0007 deonticForceBasis SOURCE_STYLE_RULE => riegel-2009-promoting-self-care-in-persons-with-heart-failure_n0002/na_0007 patientApplicability UNCONDITIONAL_WITHIN_STATED_POPULATION
Rule_1568	?a deonticForceBasis SOURCE_STYLE_RULE => ?a patientApplicability UNCONDITIONAL_WITHIN_STATED_POPULATION	pelliccia-2020-2020-esc-guidelines-on-sports-cardiology-and-exercise-in_n0039/na_0002 deonticForceBasis SOURCE_STYLE_RULE => pelliccia-2020-2020-esc-guidelines-on-sports-cardiology-and-exercise-in_n0039/na_0002 patientApplicability UNCONDITIONAL_WITHIN_STATED_POPULATION
Rule_1568	?a deonticForceBasis SOURCE_STYLE_RULE => ?a patientApplicability UNCONDITIONAL_WITHIN_STATED_POPULATION	vest-2019-nutrition-obesity-and-cachexia-in-patients-with-heart-failure_n0001/na_0008 deonticForceBasis SOURCE_STYLE_RULE => vest-2019-nutrition-obesity-and-cachexia-in-patients-with-heart-failure_n0001/na_0008 patientApplicability UNCONDITIONAL_WITHIN_STATED_POPULATION
Rule_1568	?a deonticForceBasis SOURCE_STYLE_RULE => ?a patientApplicability UNCONDITIONAL_WITHIN_STATED_POPULATION	lenarczyk-2024-management-of-patients-with-an-electrical-storm-or-cluste_n0010/na_0011 deonticForceBasis SOURCE_STYLE_RULE => lenarczyk-2024-management-of-patients-with-an-electrical-storm-or-cluste_n0010/na_0011 patientApplicability UNCONDITIONAL_WITHIN_STATED_POPULATION
Rule_1568	?a deonticForceBasis SOURCE_STYLE_RULE => ?a patientApplicability UNCONDITIONAL_WITHIN_STATED_POPULATION	ambrosetti-2020-secondary-prevention-comprehensive-cardiovascular-rehabi_n0007/na_0006 deonticForceBasis SOURCE_STYLE_RULE => ambrosetti-2020-secondary-prevention-comprehensive-cardiovascular-rehabi_n0007/na_0006 patientApplicability UNCONDITIONAL_WITHIN_STATED_POPULATION
Rule_1568	?a deonticForceBasis SOURCE_STYLE_RULE => ?a patientApplicability UNCONDITIONAL_WITHIN_STATED_POPULATION	ambrosetti-2020-secondary-prevention-comprehensive-cardiovascular-rehabi_n0001/na_0001 deonticForceBasis SOURCE_STYLE_RULE => ambrosetti-2020-secondary-prevention-comprehensive-cardiovascular-rehabi_n0001/na_0001 patientApplicability UNCONDITIONAL_WITHIN_STATED_POPULATION
Rule_1568	?a deonticForceBasis SOURCE_STYLE_RULE => ?a patientApplicability UNCONDITIONAL_WITHIN_STATED_POPULATION	mcdonagh-2023-esc-guidelines_n0068/na_0027 deonticForceBasis SOURCE_STYLE_RULE => mcdonagh-2023-esc-guidelines_n0068/na_0027 patientApplicability UNCONDITIONAL_WITHIN_STATED_POPULATION
Rule_1568	?a deonticForceBasis SOURCE_STYLE_RULE => ?a patientApplicability UNCONDITIONAL_WITHIN_STATED_POPULATION	van-diepen-2017-contemporary-management-of-cardiogenic-shock_n0006/na_0017 deonticForceBasis SOURCE_STYLE_RULE => van-diepen-2017-contemporary-management-of-cardiogenic-shock_n0006/na_0017 patientApplicability UNCONDITIONAL_WITHIN_STATED_POPULATION
Rule_1568	?a deonticForceBasis SOURCE_STYLE_RULE => ?a patientApplicability UNCONDITIONAL_WITHIN_STATED_POPULATION	execut-1_n0023/na_0004 deonticForceBasis SOURCE_STYLE_RULE => execut-1_n0023/na_0004 patientApplicability UNCONDITIONAL_WITHIN_STATED_POPULATION
Rule_1568	?a deonticForceBasis SOURCE_STYLE_RULE => ?a patientApplicability UNCONDITIONAL_WITHIN_STATED_POPULATION	piepoli-2011-exercise-training-in-heart-failure_n0004/na_0016 deonticForceBasis SOURCE_STYLE_RULE => piepoli-2011-exercise-training-in-heart-failure_n0004/na_0016 patientApplicability UNCONDITIONAL_WITHIN_STATED_POPULATION
Rule_1568	?a deonticForceBasis SOURCE_STYLE_RULE => ?a patientApplicability UNCONDITIONAL_WITHIN_STATED_POPULATION	ambrosetti-2020-secondary-prevention-comprehensive-cardiovascular-rehabi_n0011/na_0001 deonticForceBasis SOURCE_STYLE_RULE => ambrosetti-2020-secondary-prevention-comprehensive-cardiovascular-rehabi_n0011/na_0001 patientApplicability UNCONDITIONAL_WITHIN_STATED_POPULATION
Rule_1568	?a deonticForceBasis SOURCE_STYLE_RULE => ?a patientApplicability UNCONDITIONAL_WITHIN_STATED_POPULATION	ambrosetti-2020-secondary-prevention-comprehensive-cardiovascular-rehabi_n0001/na_0006 deonticForceBasis SOURCE_STYLE_RULE => ambrosetti-2020-secondary-prevention-comprehensive-cardiovascular-rehabi_n0001/na_0006 patientApplicability UNCONDITIONAL_WITHIN_STATED_POPULATION
Rule_1568	?a deonticForceBasis SOURCE_STYLE_RULE => ?a patientApplicability UNCONDITIONAL_WITHIN_STATED_POPULATION	page-2016-drugs-that-may-cause-or-exacerbate-heart-failure_n0001/na_0006 deonticForceBasis SOURCE_STYLE_RULE => page-2016-drugs-that-may-cause-or-exacerbate-heart-failure_n0001/na_0006 patientApplicability UNCONDITIONAL_WITHIN_STATED_POPULATION
Rule_1568	?a deonticForceBasis SOURCE_STYLE_RULE => ?a patientApplicability UNCONDITIONAL_WITHIN_STATED_POPULATION	zeppenfeld-2022-esc-guidelines-va-and-scd_n0025/na_0028 deonticForceBasis SOURCE_STYLE_RULE => zeppenfeld-2022-esc-guidelines-va-and-scd_n0025/na_0028 patientApplicability UNCONDITIONAL_WITHIN_STATED_POPULATION
Rule_1568	?a deonticForceBasis SOURCE_STYLE_RULE => ?a patientApplicability UNCONDITIONAL_WITHIN_STATED_POPULATION	regitz-zagrosek-2018-2018-esc-guideline-for-the-management-of-cardiovasc_n0014/na_0016 deonticForceBasis SOURCE_STYLE_RULE => regitz-zagrosek-2018-2018-esc-guideline-for-the-management-of-cardiovasc_n0014/na_0016 patientApplicability UNCONDITIONAL_WITHIN_STATED_POPULATION
Rule_1568	?a deonticForceBasis SOURCE_STYLE_RULE => ?a patientApplicability UNCONDITIONAL_WITHIN_STATED_POPULATION	ambrosetti-2020-secondary-prevention-comprehensive-cardiovascular-rehabi_n0015/na_0004 deonticForceBasis SOURCE_STYLE_RULE => ambrosetti-2020-secondary-prevention-comprehensive-cardiovascular-rehabi_n0015/na_0004 patientApplicability UNCONDITIONAL_WITHIN_STATED_POPULATION
Rule_1568	?a deonticForceBasis SOURCE_STYLE_RULE => ?a patientApplicability UNCONDITIONAL_WITHIN_STATED_POPULATION	riegel-2009-promoting-self-care-in-persons-with-heart-failure_n0004/na_0005 deonticForceBasis SOURCE_STYLE_RULE => riegel-2009-promoting-self-care-in-persons-with-heart-failure_n0004/na_0005 patientApplicability UNCONDITIONAL_WITHIN_STATED_POPULATION
Rule_1568	?a deonticForceBasis SOURCE_STYLE_RULE => ?a patientApplicability UNCONDITIONAL_WITHIN_STATED_POPULATION	bhatt-2021-coronavirus-disease-2019-and-heart-failure_n0001/na_0001 deonticForceBasis SOURCE_STYLE_RULE => bhatt-2021-coronavirus-disease-2019-and-heart-failure_n0001/na_0001 patientApplicability UNCONDITIONAL_WITHIN_STATED_POPULATION
Rule_1568	?a deonticForceBasis SOURCE_STYLE_RULE => ?a patientApplicability UNCONDITIONAL_WITHIN_STATED_POPULATION	regitz-zagrosek-2018-2018-esc-guideline-for-the-management-of-cardiovasc_n0014/na_0008 deonticForceBasis SOURCE_STYLE_RULE => regitz-zagrosek-2018-2018-esc-guideline-for-the-management-of-cardiovasc_n0014/na_0008 patientApplicability UNCONDITIONAL_WITHIN_STATED_POPULATION
Rule_1568	?a deonticForceBasis SOURCE_STYLE_RULE => ?a patientApplicability UNCONDITIONAL_WITHIN_STATED_POPULATION	ambrosetti-2020-secondary-prevention-comprehensive-cardiovascular-rehabi_n0012/na_0007 deonticForceBasis SOURCE_STYLE_RULE => ambrosetti-2020-secondary-prevention-comprehensive-cardiovascular-rehabi_n0012/na_0007 patientApplicability UNCONDITIONAL_WITHIN_STATED_POPULATION
Rule_1568	?a deonticForceBasis SOURCE_STYLE_RULE => ?a patientApplicability UNCONDITIONAL_WITHIN_STATED_POPULATION	ambrosetti-2020-secondary-prevention-comprehensive-cardiovascular-rehabi_n0014/na_0011 deonticForceBasis SOURCE_STYLE_RULE => ambrosetti-2020-secondary-prevention-comprehensive-cardiovascular-rehabi_n0014/na_0011 patientApplicability UNCONDITIONAL_WITHIN_STATED_POPULATION
Rule_1568	?a deonticForceBasis SOURCE_STYLE_RULE => ?a patientApplicability UNCONDITIONAL_WITHIN_STATED_POPULATION	regitz-zagrosek-2018-2018-esc-guideline-for-the-management-of-cardiovasc_n0014/na_0011 deonticForceBasis SOURCE_STYLE_RULE => regitz-zagrosek-2018-2018-esc-guideline-for-the-management-of-cardiovasc_n0014/na_0011 patientApplicability UNCONDITIONAL_WITHIN_STATED_POPULATION
Rule_1568	?a deonticForceBasis SOURCE_STYLE_RULE => ?a patientApplicability UNCONDITIONAL_WITHIN_STATED_POPULATION	seb24c-1_n0004/na_0006 deonticForceBasis SOURCE_STYLE_RULE => seb24c-1_n0004/na_0006 patientApplicability UNCONDITIONAL_WITHIN_STATED_POPULATION
Rule_1568	?a deonticForceBasis SOURCE_STYLE_RULE => ?a patientApplicability UNCONDITIONAL_WITHIN_STATED_POPULATION	lenarczyk-2024-management-of-patients-with-an-electrical-storm-or-cluste_n0008/na_0005 deonticForceBasis SOURCE_STYLE_RULE => lenarczyk-2024-management-of-patients-with-an-electrical-storm-or-cluste_n0008/na_0005 patientApplicability UNCONDITIONAL_WITHIN_STATED_POPULATION
Rule_1568	?a deonticForceBasis SOURCE_STYLE_RULE => ?a patientApplicability UNCONDITIONAL_WITHIN_STATED_POPULATION	ambrosetti-2020-secondary-prevention-comprehensive-cardiovascular-rehabi_n0015/na_0016 deonticForceBasis SOURCE_STYLE_RULE => ambrosetti-2020-secondary-prevention-comprehensive-cardiovascular-rehabi_n0015/na_0016 patientApplicability UNCONDITIONAL_WITHIN_STATED_POPULATION
Rule_1568	?a deonticForceBasis SOURCE_STYLE_RULE => ?a patientApplicability UNCONDITIONAL_WITHIN_STATED_POPULATION	mcdonagh-2023-esc-guidelines_n0084/na_0012 deonticForceBasis SOURCE_STYLE_RULE => mcdonagh-2023-esc-guidelines_n0084/na_0012 patientApplicability UNCONDITIONAL_WITHIN_STATED_POPULATION
Rule_1568	?a deonticForceBasis SOURCE_STYLE_RULE => ?a patientApplicability UNCONDITIONAL_WITHIN_STATED_POPULATION	ambrosetti-2020-secondary-prevention-comprehensive-cardiovascular-rehabi_n0001/na_0008 deonticForceBasis SOURCE_STYLE_RULE => ambrosetti-2020-secondary-prevention-comprehensive-cardiovascular-rehabi_n0001/na_0008 patientApplicability UNCONDITIONAL_WITHIN_STATED_POPULATION
Rule_1568	?a deonticForceBasis SOURCE_STYLE_RULE => ?a patientApplicability UNCONDITIONAL_WITHIN_STATED_POPULATION	riegel-2009-promoting-self-care-in-persons-with-heart-failure_n0004/na_0016 deonticForceBasis SOURCE_STYLE_RULE => riegel-2009-promoting-self-care-in-persons-with-heart-failure_n0004/na_0016 patientApplicability UNCONDITIONAL_WITHIN_STATED_POPULATION
Rule_1568	?a deonticForceBasis SOURCE_STYLE_RULE => ?a patientApplicability UNCONDITIONAL_WITHIN_STATED_POPULATION	van-diepen-2017-contemporary-management-of-cardiogenic-shock_n0008/na_0009 deonticForceBasis SOURCE_STYLE_RULE => van-diepen-2017-contemporary-management-of-cardiogenic-shock_n0008/na_0009 patientApplicability UNCONDITIONAL_WITHIN_STATED_POPULATION
Rule_1568	?a deonticForceBasis SOURCE_STYLE_RULE => ?a patientApplicability UNCONDITIONAL_WITHIN_STATED_POPULATION	zeppenfeld-2022-esc-guidelines-va-and-scd_n0026/na_0008 deonticForceBasis SOURCE_STYLE_RULE => zeppenfeld-2022-esc-guidelines-va-and-scd_n0026/na_0008 patientApplicability UNCONDITIONAL_WITHIN_STATED_POPULATION
Rule_1568	?a deonticForceBasis SOURCE_STYLE_RULE => ?a patientApplicability UNCONDITIONAL_WITHIN_STATED_POPULATION	bhatt-2021-coronavirus-disease-2019-and-heart-failure_n0001/na_0007 deonticForceBasis SOURCE_STYLE_RULE => bhatt-2021-coronavirus-disease-2019-and-heart-failure_n0001/na_0007 patientApplicability UNCONDITIONAL_WITHIN_STATED_POPULATION
Rule_1568	?a deonticForceBasis SOURCE_STYLE_RULE => ?a patientApplicability UNCONDITIONAL_WITHIN_STATED_POPULATION	mullens-2019-the-use-of-diuretics-in-heart-failure-with-congestion_n0005/na_0004 deonticForceBasis SOURCE_STYLE_RULE => mullens-2019-the-use-of-diuretics-in-heart-failure-with-congestion_n0005/na_0004 patientApplicability UNCONDITIONAL_WITHIN_STATED_POPULATION
Rule_1568	?a deonticForceBasis SOURCE_STYLE_RULE => ?a patientApplicability UNCONDITIONAL_WITHIN_STATED_POPULATION	van-diepen-2017-contemporary-management-of-cardiogenic-shock_n0008/na_0012 deonticForceBasis SOURCE_STYLE_RULE => van-diepen-2017-contemporary-management-of-cardiogenic-shock_n0008/na_0012 patientApplicability UNCONDITIONAL_WITHIN_STATED_POPULATION
Rule_1568	?a deonticForceBasis SOURCE_STYLE_RULE => ?a patientApplicability UNCONDITIONAL_WITHIN_STATED_POPULATION	ambrosetti-2020-secondary-prevention-comprehensive-cardiovascular-rehabi_n0010/na_0010 deonticForceBasis SOURCE_STYLE_RULE => ambrosetti-2020-secondary-prevention-comprehensive-cardiovascular-rehabi_n0010/na_0010 patientApplicability UNCONDITIONAL_WITHIN_STATED_POPULATION
Rule_1568	?a deonticForceBasis SOURCE_STYLE_RULE => ?a patientApplicability UNCONDITIONAL_WITHIN_STATED_POPULATION	mcdonagh-2023-esc-guidelines_n0083/na_0003 deonticForceBasis SOURCE_STYLE_RULE => mcdonagh-2023-esc-guidelines_n0083/na_0003 patientApplicability UNCONDITIONAL_WITHIN_STATED_POPULATION
Rule_1568	?a deonticForceBasis SOURCE_STYLE_RULE => ?a patientApplicability UNCONDITIONAL_WITHIN_STATED_POPULATION	page-2016-drugs-that-may-cause-or-exacerbate-heart-failure_n0001/na_0014 deonticForceBasis SOURCE_STYLE_RULE => page-2016-drugs-that-may-cause-or-exacerbate-heart-failure_n0001/na_0014 patientApplicability UNCONDITIONAL_WITHIN_STATED_POPULATION
Rule_1568	?a deonticForceBasis SOURCE_STYLE_RULE => ?a patientApplicability UNCONDITIONAL_WITHIN_STATED_POPULATION	su_verified_e5f20076152902f9b102f37b1a83cdc79baea0d42000f6c76a83acfae0e39670_table_1/na_0020 deonticForceBasis SOURCE_STYLE_RULE => su_verified_e5f20076152902f9b102f37b1a83cdc79baea0d42000f6c76a83acfae0e39670_table_1/na_0020 patientApplicability UNCONDITIONAL_WITHIN_STATED_POPULATION
Rule_1568	?a deonticForceBasis SOURCE_STYLE_RULE => ?a patientApplicability UNCONDITIONAL_WITHIN_STATED_POPULATION	mcdonagh-2023-esc-guidelines_n0067/na_0006 deonticForceBasis SOURCE_STYLE_RULE => mcdonagh-2023-esc-guidelines_n0067/na_0006 patientApplicability UNCONDITIONAL_WITHIN_STATED_POPULATION
Rule_1568	?a deonticForceBasis SOURCE_STYLE_RULE => ?a patientApplicability UNCONDITIONAL_WITHIN_STATED_POPULATION	regitz-zagrosek-2018-2018-esc-guideline-for-the-management-of-cardiovasc_n0014/na_0012 deonticForceBasis SOURCE_STYLE_RULE => regitz-zagrosek-2018-2018-esc-guideline-for-the-management-of-cardiovasc_n0014/na_0012 patientApplicability UNCONDITIONAL_WITHIN_STATED_POPULATION
Rule_1568	?a deonticForceBasis SOURCE_STYLE_RULE => ?a patientApplicability UNCONDITIONAL_WITHIN_STATED_POPULATION	vest-2019-nutrition-obesity-and-cachexia-in-patients-with-heart-failure_n0001/na_0004 deonticForceBasis SOURCE_STYLE_RULE => vest-2019-nutrition-obesity-and-cachexia-in-patients-with-heart-failure_n0001/na_0004 patientApplicability UNCONDITIONAL_WITHIN_STATED_POPULATION
Rule_1568	?a deonticForceBasis SOURCE_STYLE_RULE => ?a patientApplicability UNCONDITIONAL_WITHIN_STATED_POPULATION	su_verified_e5f20076152902f9b102f37b1a83cdc79baea0d42000f6c76a83acfae0e39670_table_1/na_0010 deonticForceBasis SOURCE_STYLE_RULE => su_verified_e5f20076152902f9b102f37b1a83cdc79baea0d42000f6c76a83acfae0e39670_table_1/na_0010 patientApplicability UNCONDITIONAL_WITHIN_STATED_POPULATION
Rule_1568	?a deonticForceBasis SOURCE_STYLE_RULE => ?a patientApplicability UNCONDITIONAL_WITHIN_STATED_POPULATION	riegel-2009-promoting-self-care-in-persons-with-heart-failure_n0004/na_0018 deonticForceBasis SOURCE_STYLE_RULE => riegel-2009-promoting-self-care-in-persons-with-heart-failure_n0004/na_0018 patientApplicability UNCONDITIONAL_WITHIN_STATED_POPULATION
Rule_1568	?a deonticForceBasis SOURCE_STYLE_RULE => ?a patientApplicability UNCONDITIONAL_WITHIN_STATED_POPULATION	ambrosetti-2020-secondary-prevention-comprehensive-cardiovascular-rehabi_n0010/na_0021 deonticForceBasis SOURCE_STYLE_RULE => ambrosetti-2020-secondary-prevention-comprehensive-cardiovascular-rehabi_n0010/na_0021 patientApplicability UNCONDITIONAL_WITHIN_STATED_POPULATION
Rule_1568	?a deonticForceBasis SOURCE_STYLE_RULE => ?a patientApplicability UNCONDITIONAL_WITHIN_STATED_POPULATION	van-diepen-2017-contemporary-management-of-cardiogenic-shock_n0006/na_0013 deonticForceBasis SOURCE_STYLE_RULE => van-diepen-2017-contemporary-management-of-cardiogenic-shock_n0006/na_0013 patientApplicability UNCONDITIONAL_WITHIN_STATED_POPULATION
Rule_1568	?a deonticForceBasis SOURCE_STYLE_RULE => ?a patientApplicability UNCONDITIONAL_WITHIN_STATED_POPULATION	su_verified_e5f20076152902f9b102f37b1a83cdc79baea0d42000f6c76a83acfae0e39670_table_1/na_0005 deonticForceBasis SOURCE_STYLE_RULE => su_verified_e5f20076152902f9b102f37b1a83cdc79baea0d42000f6c76a83acfae0e39670_table_1/na_0005 patientApplicability UNCONDITIONAL_WITHIN_STATED_POPULATION
Rule_1568	?a deonticForceBasis SOURCE_STYLE_RULE => ?a patientApplicability UNCONDITIONAL_WITHIN_STATED_POPULATION	regitz-zagrosek-2018-2018-esc-guideline-for-the-management-of-cardiovasc_n0014/na_0015 deonticForceBasis SOURCE_STYLE_RULE => regitz-zagrosek-2018-2018-esc-guideline-for-the-management-of-cardiovasc_n0014/na_0015 patientApplicability UNCONDITIONAL_WITHIN_STATED_POPULATION
Rule_1568	?a deonticForceBasis SOURCE_STYLE_RULE => ?a patientApplicability UNCONDITIONAL_WITHIN_STATED_POPULATION	ambrosetti-2020-secondary-prevention-comprehensive-cardiovascular-rehabi_n0008/na_0001 deonticForceBasis SOURCE_STYLE_RULE => ambrosetti-2020-secondary-prevention-comprehensive-cardiovascular-rehabi_n0008/na_0001 patientApplicability UNCONDITIONAL_WITHIN_STATED_POPULATION
Rule_1568	?a deonticForceBasis SOURCE_STYLE_RULE => ?a patientApplicability UNCONDITIONAL_WITHIN_STATED_POPULATION	ambrosetti-2020-secondary-prevention-comprehensive-cardiovascular-rehabi_n0011/na_0020 deonticForceBasis SOURCE_STYLE_RULE => ambrosetti-2020-secondary-prevention-comprehensive-cardiovascular-rehabi_n0011/na_0020 patientApplicability UNCONDITIONAL_WITHIN_STATED_POPULATION
Rule_1568	?a deonticForceBasis SOURCE_STYLE_RULE => ?a patientApplicability UNCONDITIONAL_WITHIN_STATED_POPULATION	visseren-2021-esc-guidelines-cardiovascular-disease-prevention_n0038/na_0005 deonticForceBasis SOURCE_STYLE_RULE => visseren-2021-esc-guidelines-cardiovascular-disease-prevention_n0038/na_0005 patientApplicability UNCONDITIONAL_WITHIN_STATED_POPULATION
Rule_1568	?a deonticForceBasis SOURCE_STYLE_RULE => ?a patientApplicability UNCONDITIONAL_WITHIN_STATED_POPULATION	riegel-2009-promoting-self-care-in-persons-with-heart-failure_n0004/na_0035 deonticForceBasis SOURCE_STYLE_RULE => riegel-2009-promoting-self-care-in-persons-with-heart-failure_n0004/na_0035 patientApplicability UNCONDITIONAL_WITHIN_STATED_POPULATION
Rule_1568	?a deonticForceBasis SOURCE_STYLE_RULE => ?a patientApplicability UNCONDITIONAL_WITHIN_STATED_POPULATION	su_verified_6ed52cdf724db04223b4d1c2e62f3c35f6b42bc19bc5e3198277d681d47e1eb9_table_5/na_0006 deonticForceBasis SOURCE_STYLE_RULE => su_verified_6ed52cdf724db04223b4d1c2e62f3c35f6b42bc19bc5e3198277d681d47e1eb9_table_5/na_0006 patientApplicability UNCONDITIONAL_WITHIN_STATED_POPULATION
Rule_1568	?a deonticForceBasis SOURCE_STYLE_RULE => ?a patientApplicability UNCONDITIONAL_WITHIN_STATED_POPULATION	zeppenfeld-2022-esc-guidelines-va-and-scd_n0025/na_0037 deonticForceBasis SOURCE_STYLE_RULE => zeppenfeld-2022-esc-guidelines-va-and-scd_n0025/na_0037 patientApplicability UNCONDITIONAL_WITHIN_STATED_POPULATION
Rule_1568	?a deonticForceBasis SOURCE_STYLE_RULE => ?a patientApplicability UNCONDITIONAL_WITHIN_STATED_POPULATION	vest-2019-nutrition-obesity-and-cachexia-in-patients-with-heart-failure_n0001/na_0005 deonticForceBasis SOURCE_STYLE_RULE => vest-2019-nutrition-obesity-and-cachexia-in-patients-with-heart-failure_n0001/na_0005 patientApplicability UNCONDITIONAL_WITHIN_STATED_POPULATION
Rule_1568	?a deonticForceBasis SOURCE_STYLE_RULE => ?a patientApplicability UNCONDITIONAL_WITHIN_STATED_POPULATION	regitz-zagrosek-2018-2018-esc-guideline-for-the-management-of-cardiovasc_n0014/na_0003 deonticForceBasis SOURCE_STYLE_RULE => regitz-zagrosek-2018-2018-esc-guideline-for-the-management-of-cardiovasc_n0014/na_0003 patientApplicability UNCONDITIONAL_WITHIN_STATED_POPULATION
Rule_1568	?a deonticForceBasis SOURCE_STYLE_RULE => ?a patientApplicability UNCONDITIONAL_WITHIN_STATED_POPULATION	heidenreich-2022-aha-acc-hfsa-guidelines_n0108/na_0040 deonticForceBasis SOURCE_STYLE_RULE => heidenreich-2022-aha-acc-hfsa-guidelines_n0108/na_0040 patientApplicability UNCONDITIONAL_WITHIN_STATED_POPULATION
Rule_1568	?a deonticForceBasis SOURCE_STYLE_RULE => ?a patientApplicability UNCONDITIONAL_WITHIN_STATED_POPULATION	mcdonagh-2023-esc-guidelines_n0037/na_0003 deonticForceBasis SOURCE_STYLE_RULE => mcdonagh-2023-esc-guidelines_n0037/na_0003 patientApplicability UNCONDITIONAL_WITHIN_STATED_POPULATION
Rule_1568	?a deonticForceBasis SOURCE_STYLE_RULE => ?a patientApplicability UNCONDITIONAL_WITHIN_STATED_POPULATION	ambrosetti-2020-secondary-prevention-comprehensive-cardiovascular-rehabi_n0001/na_0040 deonticForceBasis SOURCE_STYLE_RULE => ambrosetti-2020-secondary-prevention-comprehensive-cardiovascular-rehabi_n0001/na_0040 patientApplicability UNCONDITIONAL_WITHIN_STATED_POPULATION
Rule_1568	?a deonticForceBasis SOURCE_STYLE_RULE => ?a patientApplicability UNCONDITIONAL_WITHIN_STATED_POPULATION	page-2016-drugs-that-may-cause-or-exacerbate-heart-failure_n0001/na_0007 deonticForceBasis SOURCE_STYLE_RULE => page-2016-drugs-that-may-cause-or-exacerbate-heart-failure_n0001/na_0007 patientApplicability UNCONDITIONAL_WITHIN_STATED_POPULATION
Rule_1568	?a deonticForceBasis SOURCE_STYLE_RULE => ?a patientApplicability UNCONDITIONAL_WITHIN_STATED_POPULATION	pelliccia-2020-2020-esc-guidelines-on-sports-cardiology-and-exercise-in_n0039/na_0004 deonticForceBasis SOURCE_STYLE_RULE => pelliccia-2020-2020-esc-guidelines-on-sports-cardiology-and-exercise-in_n0039/na_0004 patientApplicability UNCONDITIONAL_WITHIN_STATED_POPULATION
Rule_1568	?a deonticForceBasis SOURCE_STYLE_RULE => ?a patientApplicability UNCONDITIONAL_WITHIN_STATED_POPULATION	mullens-2019-the-use-of-diuretics-in-heart-failure-with-congestion_n0005/na_0003 deonticForceBasis SOURCE_STYLE_RULE => mullens-2019-the-use-of-diuretics-in-heart-failure-with-congestion_n0005/na_0003 patientApplicability UNCONDITIONAL_WITHIN_STATED_POPULATION
Rule_1568	?a deonticForceBasis SOURCE_STYLE_RULE => ?a patientApplicability UNCONDITIONAL_WITHIN_STATED_POPULATION	sectio-4_n0004/na_0007 deonticForceBasis SOURCE_STYLE_RULE => sectio-4_n0004/na_0007 patientApplicability UNCONDITIONAL_WITHIN_STATED_POPULATION
Rule_1568	?a deonticForceBasis SOURCE_STYLE_RULE => ?a patientApplicability UNCONDITIONAL_WITHIN_STATED_POPULATION	van-diepen-2017-contemporary-management-of-cardiogenic-shock_n0006/na_0015 deonticForceBasis SOURCE_STYLE_RULE => van-diepen-2017-contemporary-management-of-cardiogenic-shock_n0006/na_0015 patientApplicability UNCONDITIONAL_WITHIN_STATED_POPULATION
Rule_1568	?a deonticForceBasis SOURCE_STYLE_RULE => ?a patientApplicability UNCONDITIONAL_WITHIN_STATED_POPULATION	ambrosetti-2020-secondary-prevention-comprehensive-cardiovascular-rehabi_n0013/na_0026 deonticForceBasis SOURCE_STYLE_RULE => ambrosetti-2020-secondary-prevention-comprehensive-cardiovascular-rehabi_n0013/na_0026 patientApplicability UNCONDITIONAL_WITHIN_STATED_POPULATION
Rule_1568	?a deonticForceBasis SOURCE_STYLE_RULE => ?a patientApplicability UNCONDITIONAL_WITHIN_STATED_POPULATION	lenarczyk-2024-management-of-patients-with-an-electrical-storm-or-cluste_n0010/na_0014 deonticForceBasis SOURCE_STYLE_RULE => lenarczyk-2024-management-of-patients-with-an-electrical-storm-or-cluste_n0010/na_0014 patientApplicability UNCONDITIONAL_WITHIN_STATED_POPULATION
Rule_1568	?a deonticForceBasis SOURCE_STYLE_RULE => ?a patientApplicability UNCONDITIONAL_WITHIN_STATED_POPULATION	ambrosetti-2020-secondary-prevention-comprehensive-cardiovascular-rehabi_n0014/na_0028 deonticForceBasis SOURCE_STYLE_RULE => ambrosetti-2020-secondary-prevention-comprehensive-cardiovascular-rehabi_n0014/na_0028 patientApplicability UNCONDITIONAL_WITHIN_STATED_POPULATION
Rule_1568	?a deonticForceBasis SOURCE_STYLE_RULE => ?a patientApplicability UNCONDITIONAL_WITHIN_STATED_POPULATION	lenarczyk-2024-management-of-patients-with-an-electrical-storm-or-cluste_n0008/na_0011 deonticForceBasis SOURCE_STYLE_RULE => lenarczyk-2024-management-of-patients-with-an-electrical-storm-or-cluste_n0008/na_0011 patientApplicability UNCONDITIONAL_WITHIN_STATED_POPULATION
Rule_1568	?a deonticForceBasis SOURCE_STYLE_RULE => ?a patientApplicability UNCONDITIONAL_WITHIN_STATED_POPULATION	page-2016-drugs-that-may-cause-or-exacerbate-heart-failure_n0001/na_0002 deonticForceBasis SOURCE_STYLE_RULE => page-2016-drugs-that-may-cause-or-exacerbate-heart-failure_n0001/na_0002 patientApplicability UNCONDITIONAL_WITHIN_STATED_POPULATION
Rule_1568	?a deonticForceBasis SOURCE_STYLE_RULE => ?a patientApplicability UNCONDITIONAL_WITHIN_STATED_POPULATION	sectio-4_n0004/na_0009 deonticForceBasis SOURCE_STYLE_RULE => sectio-4_n0004/na_0009 patientApplicability UNCONDITIONAL_WITHIN_STATED_POPULATION
Rule_1568	?a deonticForceBasis SOURCE_STYLE_RULE => ?a patientApplicability UNCONDITIONAL_WITHIN_STATED_POPULATION	su_verified_e5f20076152902f9b102f37b1a83cdc79baea0d42000f6c76a83acfae0e39670_table_1/na_0012 deonticForceBasis SOURCE_STYLE_RULE => su_verified_e5f20076152902f9b102f37b1a83cdc79baea0d42000f6c76a83acfae0e39670_table_1/na_0012 patientApplicability UNCONDITIONAL_WITHIN_STATED_POPULATION
Rule_1568	?a deonticForceBasis SOURCE_STYLE_RULE => ?a patientApplicability UNCONDITIONAL_WITHIN_STATED_POPULATION	cardiosmart-decision-aid-icd-for-hf_n0002/na_0004 deonticForceBasis SOURCE_STYLE_RULE => cardiosmart-decision-aid-icd-for-hf_n0002/na_0004 patientApplicability UNCONDITIONAL_WITHIN_STATED_POPULATION
Rule_1568	?a deonticForceBasis SOURCE_STYLE_RULE => ?a patientApplicability UNCONDITIONAL_WITHIN_STATED_POPULATION	van-diepen-2017-contemporary-management-of-cardiogenic-shock_n0008/na_0023 deonticForceBasis SOURCE_STYLE_RULE => van-diepen-2017-contemporary-management-of-cardiogenic-shock_n0008/na_0023 patientApplicability UNCONDITIONAL_WITHIN_STATED_POPULATION
Rule_1568	?a deonticForceBasis SOURCE_STYLE_RULE => ?a patientApplicability UNCONDITIONAL_WITHIN_STATED_POPULATION	mcdonagh-2023-esc-guidelines_n0068/na_0015 deonticForceBasis SOURCE_STYLE_RULE => mcdonagh-2023-esc-guidelines_n0068/na_0015 patientApplicability UNCONDITIONAL_WITHIN_STATED_POPULATION
Rule_1568	?a deonticForceBasis SOURCE_STYLE_RULE => ?a patientApplicability UNCONDITIONAL_WITHIN_STATED_POPULATION	su_verified_e5f20076152902f9b102f37b1a83cdc79baea0d42000f6c76a83acfae0e39670_table_1/na_0003 deonticForceBasis SOURCE_STYLE_RULE => su_verified_e5f20076152902f9b102f37b1a83cdc79baea0d42000f6c76a83acfae0e39670_table_1/na_0003 patientApplicability UNCONDITIONAL_WITHIN_STATED_POPULATION
Rule_1568	?a deonticForceBasis SOURCE_STYLE_RULE => ?a patientApplicability UNCONDITIONAL_WITHIN_STATED_POPULATION	ambrosetti-2020-secondary-prevention-comprehensive-cardiovascular-rehabi_n0001/na_0007 deonticForceBasis SOURCE_STYLE_RULE => ambrosetti-2020-secondary-prevention-comprehensive-cardiovascular-rehabi_n0001/na_0007 patientApplicability UNCONDITIONAL_WITHIN_STATED_POPULATION
Rule_1568	?a deonticForceBasis SOURCE_STYLE_RULE => ?a patientApplicability UNCONDITIONAL_WITHIN_STATED_POPULATION	su_verified_e5f20076152902f9b102f37b1a83cdc79baea0d42000f6c76a83acfae0e39670_table_1/na_0009 deonticForceBasis SOURCE_STYLE_RULE => su_verified_e5f20076152902f9b102f37b1a83cdc79baea0d42000f6c76a83acfae0e39670_table_1/na_0009 patientApplicability UNCONDITIONAL_WITHIN_STATED_POPULATION
Rule_1568	?a deonticForceBasis SOURCE_STYLE_RULE => ?a patientApplicability UNCONDITIONAL_WITHIN_STATED_POPULATION	piepoli-2011-exercise-training-in-heart-failure_n0004/na_0003 deonticForceBasis SOURCE_STYLE_RULE => piepoli-2011-exercise-training-in-heart-failure_n0004/na_0003 patientApplicability UNCONDITIONAL_WITHIN_STATED_POPULATION
Rule_1568	?a deonticForceBasis SOURCE_STYLE_RULE => ?a patientApplicability UNCONDITIONAL_WITHIN_STATED_POPULATION	ambrosetti-2020-secondary-prevention-comprehensive-cardiovascular-rehabi_n0001/na_0003 deonticForceBasis SOURCE_STYLE_RULE => ambrosetti-2020-secondary-prevention-comprehensive-cardiovascular-rehabi_n0001/na_0003 patientApplicability UNCONDITIONAL_WITHIN_STATED_POPULATION
