rule_index	rule	grounding
Rule_1628	?a operation OTHER_OPERATION => ?a patientApplicability CONDITION_DEPENDENT	heidenreich-2022-aha-acc-hfsa-guidelines_n0087/na_0002 operation OTHER_OPERATION => heidenreich-2022-aha-acc-hfsa-guidelines_n0087/na_0002 patientApplicability CONDITION_DEPENDENT
Rule_1628	?a operation OTHER_OPERATION => ?a patientApplicability CONDITION_DEPENDENT	page-2016-drugs-that-may-cause-or-exacerbate-heart-failure_n0001/na_0021 operation OTHER_OPERATION => page-2016-drugs-that-may-cause-or-exacerbate-heart-failure_n0001/na_0021 patientApplicability CONDITION_DEPENDENT
Rule_1628	?a operation OTHER_OPERATION => ?a patientApplicability CONDITION_DEPENDENT	visseren-2021-esc-guidelines-cardiovascular-disease-prevention_n0053/na_0001 operation OTHER_OPERATION => visseren-2021-esc-guidelines-cardiovascular-disease-prevention_n0053/na_0001 patientApplicability CONDITION_DEPENDENT
Rule_1628	?a operation OTHER_OPERATION => ?a patientApplicability CONDITION_DEPENDENT	braunschweig-2010-management-of-patients-receiving-implantable-cardiac-d_n0007/na_0003 operation OTHER_OPERATION => braunschweig-2010-management-of-patients-receiving-implantable-cardiac-d_n0007/na_0003 patientApplicability CONDITION_DEPENDENT
Rule_1628	?a operation OTHER_OPERATION => ?a patientApplicability CONDITION_DEPENDENT	pelliccia-2020-2020-esc-guidelines-on-sports-cardiology-and-exercise-in_n0075/na_0001 operation OTHER_OPERATION => pelliccia-2020-2020-esc-guidelines-on-sports-cardiology-and-exercise-in_n0075/na_0001 patientApplicability CONDITION_DEPENDENT
Rule_1628	?a operation OTHER_OPERATION => ?a patientApplicability CONDITION_DEPENDENT	execut-1_n0043/na_0011 operation OTHER_OPERATION => execut-1_n0043/na_0011 patientApplicability CONDITION_DEPENDENT
Rule_1628	?a operation OTHER_OPERATION => ?a patientApplicability CONDITION_DEPENDENT	heidenreich-2022-aha-acc-hfsa-guidelines_n0100/na_0007 operation OTHER_OPERATION => heidenreich-2022-aha-acc-hfsa-guidelines_n0100/na_0007 patientApplicability CONDITION_DEPENDENT
Rule_1628	?a operation OTHER_OPERATION => ?a patientApplicability CONDITION_DEPENDENT	regitz-zagrosek-2018-2018-esc-guideline-for-the-management-of-cardiovasc_n0048/na_0008 operation OTHER_OPERATION => regitz-zagrosek-2018-2018-esc-guideline-for-the-management-of-cardiovasc_n0048/na_0008 patientApplicability CONDITION_DEPENDENT
Rule_1628	?a operation OTHER_OPERATION => ?a patientApplicability CONDITION_DEPENDENT	execut-1_n0021/na_0001 operation OTHER_OPERATION => execut-1_n0021/na_0001 patientApplicability CONDITION_DEPENDENT
Rule_1628	?a operation OTHER_OPERATION => ?a patientApplicability CONDITION_DEPENDENT	su_verified_6ed52cdf724db04223b4d1c2e62f3c35f6b42bc19bc5e3198277d681d47e1eb9_table_7/na_0006 operation OTHER_OPERATION => su_verified_6ed52cdf724db04223b4d1c2e62f3c35f6b42bc19bc5e3198277d681d47e1eb9_table_7/na_0006 patientApplicability CONDITION_DEPENDENT
Rule_1628	?a operation OTHER_OPERATION => ?a patientApplicability CONDITION_DEPENDENT	visseren-2021-esc-guidelines-cardiovascular-disease-prevention_n0034/na_0003 operation OTHER_OPERATION => visseren-2021-esc-guidelines-cardiovascular-disease-prevention_n0034/na_0003 patientApplicability CONDITION_DEPENDENT
Rule_1628	?a operation OTHER_OPERATION => ?a patientApplicability CONDITION_DEPENDENT	al-khatib-2017-aha-acc-hrs-guideline-va-and-scd_n0050/na_0004 operation OTHER_OPERATION => al-khatib-2017-aha-acc-hrs-guideline-va-and-scd_n0050/na_0004 patientApplicability CONDITION_DEPENDENT
Rule_1628	?a operation OTHER_OPERATION => ?a patientApplicability CONDITION_DEPENDENT	execut-1_n0048/na_0020 operation OTHER_OPERATION => execut-1_n0048/na_0020 patientApplicability CONDITION_DEPENDENT
Rule_1628	?a operation OTHER_OPERATION => ?a patientApplicability CONDITION_DEPENDENT	zeppenfeld-2022-esc-guidelines-va-and-scd_n0019/na_0038 operation OTHER_OPERATION => zeppenfeld-2022-esc-guidelines-va-and-scd_n0019/na_0038 patientApplicability CONDITION_DEPENDENT
Rule_1628	?a operation OTHER_OPERATION => ?a patientApplicability CONDITION_DEPENDENT	von-knobelsdorff-brenkenhoff-2019-empfehlungen-zu-kardialen-mrtuntersuch_n0001/na_0001 operation OTHER_OPERATION => von-knobelsdorff-brenkenhoff-2019-empfehlungen-zu-kardialen-mrtuntersuch_n0001/na_0001 patientApplicability CONDITION_DEPENDENT
Rule_1628	?a operation OTHER_OPERATION => ?a patientApplicability CONDITION_DEPENDENT	visseren-2021-esc-guidelines-cardiovascular-disease-prevention_n0082/na_0024 operation OTHER_OPERATION => visseren-2021-esc-guidelines-cardiovascular-disease-prevention_n0082/na_0024 patientApplicability CONDITION_DEPENDENT
Rule_1628	?a operation OTHER_OPERATION => ?a patientApplicability CONDITION_DEPENDENT	zeppenfeld-2022-esc-guidelines-va-and-scd_n0020/na_0002 operation OTHER_OPERATION => zeppenfeld-2022-esc-guidelines-va-and-scd_n0020/na_0002 patientApplicability CONDITION_DEPENDENT
Rule_1628	?a operation OTHER_OPERATION => ?a patientApplicability CONDITION_DEPENDENT	ambrosetti-2020-secondary-prevention-comprehensive-cardiovascular-rehabi_n0010/na_0008 operation OTHER_OPERATION => ambrosetti-2020-secondary-prevention-comprehensive-cardiovascular-rehabi_n0010/na_0008 patientApplicability CONDITION_DEPENDENT
Rule_1628	?a operation OTHER_OPERATION => ?a patientApplicability CONDITION_DEPENDENT	al-khatib-2017-aha-acc-hrs-guideline-va-and-scd_n0047/na_0001 operation OTHER_OPERATION => al-khatib-2017-aha-acc-hrs-guideline-va-and-scd_n0047/na_0001 patientApplicability CONDITION_DEPENDENT
Rule_1628	?a operation OTHER_OPERATION => ?a patientApplicability CONDITION_DEPENDENT	von-knobelsdorff-brenkenhoff-2019-empfehlungen-zu-kardialen-mrtuntersuch_n0001/na_0006 operation OTHER_OPERATION => von-knobelsdorff-brenkenhoff-2019-empfehlungen-zu-kardialen-mrtuntersuch_n0001/na_0006 patientApplicability CONDITION_DEPENDENT
Rule_1628	?a operation OTHER_OPERATION => ?a patientApplicability CONDITION_DEPENDENT	ambrosetti-2020-secondary-prevention-comprehensive-cardiovascular-rehabi_n0006/na_0013 operation OTHER_OPERATION => ambrosetti-2020-secondary-prevention-comprehensive-cardiovascular-rehabi_n0006/na_0013 patientApplicability CONDITION_DEPENDENT
Rule_1628	?a operation OTHER_OPERATION => ?a patientApplicability CONDITION_DEPENDENT	sedf99-1_n0001/na_0013 operation OTHER_OPERATION => sedf99-1_n0001/na_0013 patientApplicability CONDITION_DEPENDENT
Rule_1628	?a operation OTHER_OPERATION => ?a patientApplicability CONDITION_DEPENDENT	visseren-2021-esc-guidelines-cardiovascular-disease-prevention_n0083/na_0030 operation OTHER_OPERATION => visseren-2021-esc-guidelines-cardiovascular-disease-prevention_n0083/na_0030 patientApplicability CONDITION_DEPENDENT
Rule_1628	?a operation OTHER_OPERATION => ?a patientApplicability CONDITION_DEPENDENT	visseren-2021-esc-guidelines-cardiovascular-disease-prevention_n0010/na_0032 operation OTHER_OPERATION => visseren-2021-esc-guidelines-cardiovascular-disease-prevention_n0010/na_0032 patientApplicability CONDITION_DEPENDENT
Rule_1628	?a operation OTHER_OPERATION => ?a patientApplicability CONDITION_DEPENDENT	zeppenfeld-2022-esc-guidelines-va-and-scd_n0092/na_0014 operation OTHER_OPERATION => zeppenfeld-2022-esc-guidelines-va-and-scd_n0092/na_0014 patientApplicability CONDITION_DEPENDENT
Rule_1628	?a operation OTHER_OPERATION => ?a patientApplicability CONDITION_DEPENDENT	sedf99-1_n0001/na_0006 operation OTHER_OPERATION => sedf99-1_n0001/na_0006 patientApplicability CONDITION_DEPENDENT
Rule_1628	?a operation OTHER_OPERATION => ?a patientApplicability CONDITION_DEPENDENT	zeppenfeld-2022-esc-guidelines-va-and-scd_n0092/na_0015 operation OTHER_OPERATION => zeppenfeld-2022-esc-guidelines-va-and-scd_n0092/na_0015 patientApplicability CONDITION_DEPENDENT
Rule_1628	?a operation OTHER_OPERATION => ?a patientApplicability CONDITION_DEPENDENT	visseren-2021-esc-guidelines-cardiovascular-disease-prevention_n0084/na_0006 operation OTHER_OPERATION => visseren-2021-esc-guidelines-cardiovascular-disease-prevention_n0084/na_0006 patientApplicability CONDITION_DEPENDENT
Rule_1628	?a operation OTHER_OPERATION => ?a patientApplicability CONDITION_DEPENDENT	visseren-2021-esc-guidelines-cardiovascular-disease-prevention_n0081/na_0022 operation OTHER_OPERATION => visseren-2021-esc-guidelines-cardiovascular-disease-prevention_n0081/na_0022 patientApplicability CONDITION_DEPENDENT
Rule_1628	?a operation OTHER_OPERATION => ?a patientApplicability CONDITION_DEPENDENT	maddox-2021-2021-update-to-the-2017-acc-expert-consensus-decision-pathwa_n0017/na_0012 operation OTHER_OPERATION => maddox-2021-2021-update-to-the-2017-acc-expert-consensus-decision-pathwa_n0017/na_0012 patientApplicability CONDITION_DEPENDENT
Rule_1628	?a operation OTHER_OPERATION => ?a patientApplicability CONDITION_DEPENDENT	mcdonagh-2023-esc-guidelines_n0063/na_0001 operation OTHER_OPERATION => mcdonagh-2023-esc-guidelines_n0063/na_0001 patientApplicability CONDITION_DEPENDENT
Rule_1628	?a operation OTHER_OPERATION => ?a patientApplicability CONDITION_DEPENDENT	ambrosetti-2020-secondary-prevention-comprehensive-cardiovascular-rehabi_n0012/na_0018 operation OTHER_OPERATION => ambrosetti-2020-secondary-prevention-comprehensive-cardiovascular-rehabi_n0012/na_0018 patientApplicability CONDITION_DEPENDENT
Rule_1628	?a operation OTHER_OPERATION => ?a patientApplicability CONDITION_DEPENDENT	mcdonagh-2023-esc-guidelines_n0096/na_0003 operation OTHER_OPERATION => mcdonagh-2023-esc-guidelines_n0096/na_0003 patientApplicability CONDITION_DEPENDENT
Rule_1628	?a operation OTHER_OPERATION => ?a patientApplicability CONDITION_DEPENDENT	heidenreich-2022-aha-acc-hfsa-guidelines_n0039/na_0002 operation OTHER_OPERATION => heidenreich-2022-aha-acc-hfsa-guidelines_n0039/na_0002 patientApplicability CONDITION_DEPENDENT
Rule_1628	?a operation OTHER_OPERATION => ?a patientApplicability CONDITION_DEPENDENT	visseren-2021-esc-guidelines-cardiovascular-disease-prevention_n0010/na_0014 operation OTHER_OPERATION => visseren-2021-esc-guidelines-cardiovascular-disease-prevention_n0010/na_0014 patientApplicability CONDITION_DEPENDENT
Rule_1628	?a operation OTHER_OPERATION => ?a patientApplicability CONDITION_DEPENDENT	visseren-2021-esc-guidelines-cardiovascular-disease-prevention_n0076/na_0004 operation OTHER_OPERATION => visseren-2021-esc-guidelines-cardiovascular-disease-prevention_n0076/na_0004 patientApplicability CONDITION_DEPENDENT
Rule_1628	?a operation OTHER_OPERATION => ?a patientApplicability CONDITION_DEPENDENT	ambrosetti-2020-secondary-prevention-comprehensive-cardiovascular-rehabi_n0008/na_0016 operation OTHER_OPERATION => ambrosetti-2020-secondary-prevention-comprehensive-cardiovascular-rehabi_n0008/na_0016 patientApplicability CONDITION_DEPENDENT
Rule_1628	?a operation OTHER_OPERATION => ?a patientApplicability CONDITION_DEPENDENT	ambrosetti-2020-secondary-prevention-comprehensive-cardiovascular-rehabi_n0010/na_0017 operation OTHER_OPERATION => ambrosetti-2020-secondary-prevention-comprehensive-cardiovascular-rehabi_n0010/na_0017 patientApplicability CONDITION_DEPENDENT
Rule_1628	?a operation OTHER_OPERATION => ?a patientApplicability CONDITION_DEPENDENT	cardiosmart-modul1-zusammengefugt_n0002/na_0008 operation OTHER_OPERATION => cardiosmart-modul1-zusammengefugt_n0002/na_0008 patientApplicability CONDITION_DEPENDENT
Rule_1628	?a operation OTHER_OPERATION => ?a patientApplicability CONDITION_DEPENDENT	visseren-2021-esc-guidelines-cardiovascular-disease-prevention_n0076/na_0001 operation OTHER_OPERATION => visseren-2021-esc-guidelines-cardiovascular-disease-prevention_n0076/na_0001 patientApplicability CONDITION_DEPENDENT
Rule_1628	?a operation OTHER_OPERATION => ?a patientApplicability CONDITION_DEPENDENT	visseren-2021-esc-guidelines-cardiovascular-disease-prevention_n0076/na_0002 operation OTHER_OPERATION => visseren-2021-esc-guidelines-cardiovascular-disease-prevention_n0076/na_0002 patientApplicability CONDITION_DEPENDENT
Rule_1628	?a operation OTHER_OPERATION => ?a patientApplicability CONDITION_DEPENDENT	pelliccia-2020-2020-esc-guidelines-on-sports-cardiology-and-exercise-in_n0041/na_0001 operation OTHER_OPERATION => pelliccia-2020-2020-esc-guidelines-on-sports-cardiology-and-exercise-in_n0041/na_0001 patientApplicability CONDITION_DEPENDENT
Rule_1628	?a operation OTHER_OPERATION => ?a patientApplicability CONDITION_DEPENDENT	regitz-zagrosek-2018-2018-esc-guideline-for-the-management-of-cardiovasc_n0013/na_0007 operation OTHER_OPERATION => regitz-zagrosek-2018-2018-esc-guideline-for-the-management-of-cardiovasc_n0013/na_0007 patientApplicability CONDITION_DEPENDENT
Rule_1628	?a operation OTHER_OPERATION => ?a patientApplicability CONDITION_DEPENDENT	zeppenfeld-2022-esc-guidelines-va-and-scd_n0094/na_0017 operation OTHER_OPERATION => zeppenfeld-2022-esc-guidelines-va-and-scd_n0094/na_0017 patientApplicability CONDITION_DEPENDENT
Rule_1628	?a operation OTHER_OPERATION => ?a patientApplicability CONDITION_DEPENDENT	sectio-1_n0022/na_0003 operation OTHER_OPERATION => sectio-1_n0022/na_0003 patientApplicability CONDITION_DEPENDENT
Rule_1628	?a operation OTHER_OPERATION => ?a patientApplicability CONDITION_DEPENDENT	ambrosetti-2020-secondary-prevention-comprehensive-cardiovascular-rehabi_n0006/na_0025 operation OTHER_OPERATION => ambrosetti-2020-secondary-prevention-comprehensive-cardiovascular-rehabi_n0006/na_0025 patientApplicability CONDITION_DEPENDENT
Rule_1628	?a operation OTHER_OPERATION => ?a patientApplicability CONDITION_DEPENDENT	visseren-2021-esc-guidelines-cardiovascular-disease-prevention_n0034/na_0039 operation OTHER_OPERATION => visseren-2021-esc-guidelines-cardiovascular-disease-prevention_n0034/na_0039 patientApplicability CONDITION_DEPENDENT
Rule_1628	?a operation OTHER_OPERATION => ?a patientApplicability CONDITION_DEPENDENT	van-diepen-2017-contemporary-management-of-cardiogenic-shock_n0008/na_0015 operation OTHER_OPERATION => van-diepen-2017-contemporary-management-of-cardiogenic-shock_n0008/na_0015 patientApplicability CONDITION_DEPENDENT
Rule_1628	?a operation OTHER_OPERATION => ?a patientApplicability CONDITION_DEPENDENT	visseren-2021-esc-guidelines-cardiovascular-disease-prevention_n0078/na_0004 operation OTHER_OPERATION => visseren-2021-esc-guidelines-cardiovascular-disease-prevention_n0078/na_0004 patientApplicability CONDITION_DEPENDENT
Rule_1628	?a operation OTHER_OPERATION => ?a patientApplicability CONDITION_DEPENDENT	ambrosetti-2020-secondary-prevention-comprehensive-cardiovascular-rehabi_n0010/na_0004 operation OTHER_OPERATION => ambrosetti-2020-secondary-prevention-comprehensive-cardiovascular-rehabi_n0010/na_0004 patientApplicability CONDITION_DEPENDENT
Rule_1628	?a operation OTHER_OPERATION => ?a patientApplicability CONDITION_DEPENDENT	heidenreich-2022-aha-acc-hfsa-guidelines_n0039/na_0022 operation OTHER_OPERATION => heidenreich-2022-aha-acc-hfsa-guidelines_n0039/na_0022 patientApplicability CONDITION_DEPENDENT
Rule_1628	?a operation OTHER_OPERATION => ?a patientApplicability CONDITION_DEPENDENT	visseren-2021-esc-guidelines-cardiovascular-disease-prevention_n0083/na_0024 operation OTHER_OPERATION => visseren-2021-esc-guidelines-cardiovascular-disease-prevention_n0083/na_0024 patientApplicability CONDITION_DEPENDENT
Rule_1628	?a operation OTHER_OPERATION => ?a patientApplicability CONDITION_DEPENDENT	visseren-2021-esc-guidelines-cardiovascular-disease-prevention_n0027/na_0006 operation OTHER_OPERATION => visseren-2021-esc-guidelines-cardiovascular-disease-prevention_n0027/na_0006 patientApplicability CONDITION_DEPENDENT
Rule_1628	?a operation OTHER_OPERATION => ?a patientApplicability CONDITION_DEPENDENT	al-khatib-2017-aha-acc-hrs-guideline-va-and-scd_n0072/na_0002 operation OTHER_OPERATION => al-khatib-2017-aha-acc-hrs-guideline-va-and-scd_n0072/na_0002 patientApplicability CONDITION_DEPENDENT
Rule_1628	?a operation OTHER_OPERATION => ?a patientApplicability CONDITION_DEPENDENT	zeppenfeld-2022-esc-guidelines-va-and-scd_n0036/na_0010 operation OTHER_OPERATION => zeppenfeld-2022-esc-guidelines-va-and-scd_n0036/na_0010 patientApplicability CONDITION_DEPENDENT
Rule_1628	?a operation OTHER_OPERATION => ?a patientApplicability CONDITION_DEPENDENT	mcdonagh-2023-esc-guidelines_n0045/na_0003 operation OTHER_OPERATION => mcdonagh-2023-esc-guidelines_n0045/na_0003 patientApplicability CONDITION_DEPENDENT
Rule_1628	?a operation OTHER_OPERATION => ?a patientApplicability CONDITION_DEPENDENT	von-knobelsdorff-brenkenhoff-2019-empfehlungen-zu-kardialen-mrtuntersuch_n0001/na_0010 operation OTHER_OPERATION => von-knobelsdorff-brenkenhoff-2019-empfehlungen-zu-kardialen-mrtuntersuch_n0001/na_0010 patientApplicability CONDITION_DEPENDENT
Rule_1628	?a operation OTHER_OPERATION => ?a patientApplicability CONDITION_DEPENDENT	zeppenfeld-2022-esc-guidelines-va-and-scd_n0085/na_0004 operation OTHER_OPERATION => zeppenfeld-2022-esc-guidelines-va-and-scd_n0085/na_0004 patientApplicability CONDITION_DEPENDENT
Rule_1628	?a operation OTHER_OPERATION => ?a patientApplicability CONDITION_DEPENDENT	riegel-2009-promoting-self-care-in-persons-with-heart-failure_n0004/na_0022 operation OTHER_OPERATION => riegel-2009-promoting-self-care-in-persons-with-heart-failure_n0004/na_0022 patientApplicability CONDITION_DEPENDENT
Rule_1628	?a operation OTHER_OPERATION => ?a patientApplicability CONDITION_DEPENDENT	page-2016-drugs-that-may-cause-or-exacerbate-heart-failure_n0001/na_0022 operation OTHER_OPERATION => page-2016-drugs-that-may-cause-or-exacerbate-heart-failure_n0001/na_0022 patientApplicability CONDITION_DEPENDENT
Rule_1628	?a operation OTHER_OPERATION => ?a patientApplicability CONDITION_DEPENDENT	ambrosetti-2020-secondary-prevention-comprehensive-cardiovascular-rehabi_n0001/na_0041 operation OTHER_OPERATION => ambrosetti-2020-secondary-prevention-comprehensive-cardiovascular-rehabi_n0001/na_0041 patientApplicability CONDITION_DEPENDENT
Rule_1628	?a operation OTHER_OPERATION => ?a patientApplicability CONDITION_DEPENDENT	visseren-2021-esc-guidelines-cardiovascular-disease-prevention_n0010/na_0005 operation OTHER_OPERATION => visseren-2021-esc-guidelines-cardiovascular-disease-prevention_n0010/na_0005 patientApplicability CONDITION_DEPENDENT
Rule_1628	?a operation OTHER_OPERATION => ?a patientApplicability CONDITION_DEPENDENT	riegel-2009-promoting-self-care-in-persons-with-heart-failure_n0002/na_0015 operation OTHER_OPERATION => riegel-2009-promoting-self-care-in-persons-with-heart-failure_n0002/na_0015 patientApplicability CONDITION_DEPENDENT
Rule_1628	?a operation OTHER_OPERATION => ?a patientApplicability CONDITION_DEPENDENT	zeppenfeld-2022-esc-guidelines-va-and-scd_n0082/na_0002 operation OTHER_OPERATION => zeppenfeld-2022-esc-guidelines-va-and-scd_n0082/na_0002 patientApplicability CONDITION_DEPENDENT
Rule_1628	?a operation OTHER_OPERATION => ?a patientApplicability CONDITION_DEPENDENT	visseren-2021-esc-guidelines-cardiovascular-disease-prevention_n0010/na_0046 operation OTHER_OPERATION => visseren-2021-esc-guidelines-cardiovascular-disease-prevention_n0010/na_0046 patientApplicability CONDITION_DEPENDENT
Rule_1628	?a operation OTHER_OPERATION => ?a patientApplicability CONDITION_DEPENDENT	ambrosetti-2020-secondary-prevention-comprehensive-cardiovascular-rehabi_n0006/na_0012 operation OTHER_OPERATION => ambrosetti-2020-secondary-prevention-comprehensive-cardiovascular-rehabi_n0006/na_0012 patientApplicability CONDITION_DEPENDENT
Rule_1628	?a operation OTHER_OPERATION => ?a patientApplicability CONDITION_DEPENDENT	ambrosetti-2020-secondary-prevention-comprehensive-cardiovascular-rehabi_n0008/na_0011 operation OTHER_OPERATION => ambrosetti-2020-secondary-prevention-comprehensive-cardiovascular-rehabi_n0008/na_0011 patientApplicability CONDITION_DEPENDENT
Rule_1628	?a operation OTHER_OPERATION => ?a patientApplicability CONDITION_DEPENDENT	heidenreich-2022-aha-acc-hfsa-guidelines_n0097/na_0002 operation OTHER_OPERATION => heidenreich-2022-aha-acc-hfsa-guidelines_n0097/na_0002 patientApplicability CONDITION_DEPENDENT
Rule_1628	?a operation OTHER_OPERATION => ?a patientApplicability CONDITION_DEPENDENT	execut-1_n0021/na_0003 operation OTHER_OPERATION => execut-1_n0021/na_0003 patientApplicability CONDITION_DEPENDENT
Rule_1628	?a operation OTHER_OPERATION => ?a patientApplicability CONDITION_DEPENDENT	ambrosetti-2020-secondary-prevention-comprehensive-cardiovascular-rehabi_n0008/na_0012 operation OTHER_OPERATION => ambrosetti-2020-secondary-prevention-comprehensive-cardiovascular-rehabi_n0008/na_0012 patientApplicability CONDITION_DEPENDENT
Rule_1628	?a operation OTHER_OPERATION => ?a patientApplicability CONDITION_DEPENDENT	visseren-2021-esc-guidelines-cardiovascular-disease-prevention_n0076/na_0003 operation OTHER_OPERATION => visseren-2021-esc-guidelines-cardiovascular-disease-prevention_n0076/na_0003 patientApplicability CONDITION_DEPENDENT
Rule_1628	?a operation OTHER_OPERATION => ?a patientApplicability CONDITION_DEPENDENT	visseren-2021-esc-guidelines-cardiovascular-disease-prevention_n0034/na_0028 operation OTHER_OPERATION => visseren-2021-esc-guidelines-cardiovascular-disease-prevention_n0034/na_0028 patientApplicability CONDITION_DEPENDENT
Rule_1628	?a operation OTHER_OPERATION => ?a patientApplicability CONDITION_DEPENDENT	visseren-2021-esc-guidelines-cardiovascular-disease-prevention_n0034/na_0006 operation OTHER_OPERATION => visseren-2021-esc-guidelines-cardiovascular-disease-prevention_n0034/na_0006 patientApplicability CONDITION_DEPENDENT
Rule_1628	?a operation OTHER_OPERATION => ?a patientApplicability CONDITION_DEPENDENT	visseren-2021-esc-guidelines-cardiovascular-disease-prevention_n0083/na_0029 operation OTHER_OPERATION => visseren-2021-esc-guidelines-cardiovascular-disease-prevention_n0083/na_0029 patientApplicability CONDITION_DEPENDENT
Rule_1628	?a operation OTHER_OPERATION => ?a patientApplicability CONDITION_DEPENDENT	page-2016-drugs-that-may-cause-or-exacerbate-heart-failure_n0001/na_0013 operation OTHER_OPERATION => page-2016-drugs-that-may-cause-or-exacerbate-heart-failure_n0001/na_0013 patientApplicability CONDITION_DEPENDENT
Rule_1628	?a operation OTHER_OPERATION => ?a patientApplicability CONDITION_DEPENDENT	visseren-2021-esc-guidelines-cardiovascular-disease-prevention_n0026/na_0001 operation OTHER_OPERATION => visseren-2021-esc-guidelines-cardiovascular-disease-prevention_n0026/na_0001 patientApplicability CONDITION_DEPENDENT
Rule_1628	?a operation OTHER_OPERATION => ?a patientApplicability CONDITION_DEPENDENT	heidenreich-2022-aha-acc-hfsa-guidelines_n0071/na_0003 operation OTHER_OPERATION => heidenreich-2022-aha-acc-hfsa-guidelines_n0071/na_0003 patientApplicability CONDITION_DEPENDENT
Rule_1628	?a operation OTHER_OPERATION => ?a patientApplicability CONDITION_DEPENDENT	ambrosetti-2020-secondary-prevention-comprehensive-cardiovascular-rehabi_n0006/na_0006 operation OTHER_OPERATION => ambrosetti-2020-secondary-prevention-comprehensive-cardiovascular-rehabi_n0006/na_0006 patientApplicability CONDITION_DEPENDENT
Rule_1628	?a operation OTHER_OPERATION => ?a patientApplicability CONDITION_DEPENDENT	maddox-2021-2021-update-to-the-2017-acc-expert-consensus-decision-pathwa_n0017/na_0005 operation OTHER_OPERATION => maddox-2021-2021-update-to-the-2017-acc-expert-consensus-decision-pathwa_n0017/na_0005 patientApplicability CONDITION_DEPENDENT
Rule_1628	?a operation OTHER_OPERATION => ?a patientApplicability CONDITION_DEPENDENT	mcdonagh-2023-esc-guidelines_n0045/na_0001 operation OTHER_OPERATION => mcdonagh-2023-esc-guidelines_n0045/na_0001 patientApplicability CONDITION_DEPENDENT
Rule_1628	?a operation OTHER_OPERATION => ?a patientApplicability CONDITION_DEPENDENT	execut-1_n0040/na_0003 operation OTHER_OPERATION => execut-1_n0040/na_0003 patientApplicability CONDITION_DEPENDENT
Rule_1628	?a operation OTHER_OPERATION => ?a patientApplicability CONDITION_DEPENDENT	execut-1_n0046/na_0015 operation OTHER_OPERATION => execut-1_n0046/na_0015 patientApplicability CONDITION_DEPENDENT
Rule_1628	?a operation OTHER_OPERATION => ?a patientApplicability CONDITION_DEPENDENT	von-knobelsdorff-brenkenhoff-2019-empfehlungen-zu-kardialen-mrtuntersuch_n0001/na_0004 operation OTHER_OPERATION => von-knobelsdorff-brenkenhoff-2019-empfehlungen-zu-kardialen-mrtuntersuch_n0001/na_0004 patientApplicability CONDITION_DEPENDENT
Rule_1628	?a operation OTHER_OPERATION => ?a patientApplicability CONDITION_DEPENDENT	pelliccia-2020-2020-esc-guidelines-on-sports-cardiology-and-exercise-in_n0076/na_0015 operation OTHER_OPERATION => pelliccia-2020-2020-esc-guidelines-on-sports-cardiology-and-exercise-in_n0076/na_0015 patientApplicability CONDITION_DEPENDENT
Rule_1628	?a operation OTHER_OPERATION => ?a patientApplicability CONDITION_DEPENDENT	sectio-1_n0020/na_0018 operation OTHER_OPERATION => sectio-1_n0020/na_0018 patientApplicability CONDITION_DEPENDENT
Rule_1628	?a operation OTHER_OPERATION => ?a patientApplicability CONDITION_DEPENDENT	zeppenfeld-2022-esc-guidelines-va-and-scd_n0092/na_0017 operation OTHER_OPERATION => zeppenfeld-2022-esc-guidelines-va-and-scd_n0092/na_0017 patientApplicability CONDITION_DEPENDENT
Rule_1628	?a operation OTHER_OPERATION => ?a patientApplicability CONDITION_DEPENDENT	braunschweig-2010-management-of-patients-receiving-implantable-cardiac-d_n0007/na_0005 operation OTHER_OPERATION => braunschweig-2010-management-of-patients-receiving-implantable-cardiac-d_n0007/na_0005 patientApplicability CONDITION_DEPENDENT
Rule_1628	?a operation OTHER_OPERATION => ?a patientApplicability CONDITION_DEPENDENT	von-knobelsdorff-brenkenhoff-2019-empfehlungen-zu-kardialen-mrtuntersuch_n0001/na_0013 operation OTHER_OPERATION => von-knobelsdorff-brenkenhoff-2019-empfehlungen-zu-kardialen-mrtuntersuch_n0001/na_0013 patientApplicability CONDITION_DEPENDENT
Rule_1628	?a operation OTHER_OPERATION => ?a patientApplicability CONDITION_DEPENDENT	zeppenfeld-2022-esc-guidelines-va-and-scd_n0085/na_0007 operation OTHER_OPERATION => zeppenfeld-2022-esc-guidelines-va-and-scd_n0085/na_0007 patientApplicability CONDITION_DEPENDENT
Rule_1628	?a operation OTHER_OPERATION => ?a patientApplicability CONDITION_DEPENDENT	lenarczyk-2024-management-of-patients-with-an-electrical-storm-or-cluste_n0010/na_0012 operation OTHER_OPERATION => lenarczyk-2024-management-of-patients-with-an-electrical-storm-or-cluste_n0010/na_0012 patientApplicability CONDITION_DEPENDENT
Rule_1628	?a operation OTHER_OPERATION => ?a patientApplicability CONDITION_DEPENDENT	visseren-2021-esc-guidelines-cardiovascular-disease-prevention_n0081/na_0025 operation OTHER_OPERATION => visseren-2021-esc-guidelines-cardiovascular-disease-prevention_n0081/na_0025 patientApplicability CONDITION_DEPENDENT
Rule_1628	?a operation OTHER_OPERATION => ?a patientApplicability CONDITION_DEPENDENT	wilkoff-2008-hrs-ehra-expert-consenus-on-the-monitoring-of-cieds_n0005/na_0019 operation OTHER_OPERATION => wilkoff-2008-hrs-ehra-expert-consenus-on-the-monitoring-of-cieds_n0005/na_0019 patientApplicability CONDITION_DEPENDENT
Rule_1628	?a operation OTHER_OPERATION => ?a patientApplicability CONDITION_DEPENDENT	visseren-2021-esc-guidelines-cardiovascular-disease-prevention_n0034/na_0020 operation OTHER_OPERATION => visseren-2021-esc-guidelines-cardiovascular-disease-prevention_n0034/na_0020 patientApplicability CONDITION_DEPENDENT
Rule_1628	?a operation OTHER_OPERATION => ?a patientApplicability CONDITION_DEPENDENT	visseren-2021-esc-guidelines-cardiovascular-disease-prevention_n0081/na_0026 operation OTHER_OPERATION => visseren-2021-esc-guidelines-cardiovascular-disease-prevention_n0081/na_0026 patientApplicability CONDITION_DEPENDENT
Rule_1628	?a operation OTHER_OPERATION => ?a patientApplicability CONDITION_DEPENDENT	von-knobelsdorff-brenkenhoff-2019-empfehlungen-zu-kardialen-mrtuntersuch_n0001/na_0002 operation OTHER_OPERATION => von-knobelsdorff-brenkenhoff-2019-empfehlungen-zu-kardialen-mrtuntersuch_n0001/na_0002 patientApplicability CONDITION_DEPENDENT
Rule_1628	?a operation OTHER_OPERATION => ?a patientApplicability CONDITION_DEPENDENT	visseren-2021-esc-guidelines-cardiovascular-disease-prevention_n0078/na_0006 operation OTHER_OPERATION => visseren-2021-esc-guidelines-cardiovascular-disease-prevention_n0078/na_0006 patientApplicability CONDITION_DEPENDENT
Rule_1628	?a operation OTHER_OPERATION => ?a patientApplicability CONDITION_DEPENDENT	al-khatib-2017-aha-acc-hrs-guideline-va-and-scd_n0051/na_0002 operation OTHER_OPERATION => al-khatib-2017-aha-acc-hrs-guideline-va-and-scd_n0051/na_0002 patientApplicability CONDITION_DEPENDENT
Rule_1628	?a operation OTHER_OPERATION => ?a patientApplicability CONDITION_DEPENDENT	visseren-2021-esc-guidelines-cardiovascular-disease-prevention_n0010/na_0001 operation OTHER_OPERATION => visseren-2021-esc-guidelines-cardiovascular-disease-prevention_n0010/na_0001 patientApplicability CONDITION_DEPENDENT
Rule_1628	?a operation OTHER_OPERATION => ?a patientApplicability CONDITION_DEPENDENT	su_verified_6ed52cdf724db04223b4d1c2e62f3c35f6b42bc19bc5e3198277d681d47e1eb9_table_5/na_0036 operation OTHER_OPERATION => su_verified_6ed52cdf724db04223b4d1c2e62f3c35f6b42bc19bc5e3198277d681d47e1eb9_table_5/na_0036 patientApplicability CONDITION_DEPENDENT
Rule_1628	?a operation OTHER_OPERATION => ?a patientApplicability CONDITION_DEPENDENT	maddox-2021-2021-update-to-the-2017-acc-expert-consensus-decision-pathwa_n0014/na_0010 operation OTHER_OPERATION => maddox-2021-2021-update-to-the-2017-acc-expert-consensus-decision-pathwa_n0014/na_0010 patientApplicability CONDITION_DEPENDENT
Rule_1628	?a operation OTHER_OPERATION => ?a patientApplicability CONDITION_DEPENDENT	heidenreich-2022-aha-acc-hfsa-guidelines_n0087/na_0006 operation OTHER_OPERATION => heidenreich-2022-aha-acc-hfsa-guidelines_n0087/na_0006 patientApplicability CONDITION_DEPENDENT
Rule_1628	?a operation OTHER_OPERATION => ?a patientApplicability CONDITION_DEPENDENT	sectio-4_n0001/na_0002 operation OTHER_OPERATION => sectio-4_n0001/na_0002 patientApplicability CONDITION_DEPENDENT
Rule_1628	?a operation OTHER_OPERATION => ?a patientApplicability CONDITION_DEPENDENT	zeppenfeld-2022-esc-guidelines-va-and-scd_n0021/na_0013 operation OTHER_OPERATION => zeppenfeld-2022-esc-guidelines-va-and-scd_n0021/na_0013 patientApplicability CONDITION_DEPENDENT
Rule_1628	?a operation OTHER_OPERATION => ?a patientApplicability CONDITION_DEPENDENT	mcdonagh-2023-esc-guidelines_n0055/na_0064 operation OTHER_OPERATION => mcdonagh-2023-esc-guidelines_n0055/na_0064 patientApplicability CONDITION_DEPENDENT
Rule_1628	?a operation OTHER_OPERATION => ?a patientApplicability CONDITION_DEPENDENT	zeppenfeld-2022-esc-guidelines-va-and-scd_n0094/na_0002 operation OTHER_OPERATION => zeppenfeld-2022-esc-guidelines-va-and-scd_n0094/na_0002 patientApplicability CONDITION_DEPENDENT
Rule_1628	?a operation OTHER_OPERATION => ?a patientApplicability CONDITION_DEPENDENT	ambrosetti-2020-secondary-prevention-comprehensive-cardiovascular-rehabi_n0013/na_0034 operation OTHER_OPERATION => ambrosetti-2020-secondary-prevention-comprehensive-cardiovascular-rehabi_n0013/na_0034 patientApplicability CONDITION_DEPENDENT
Rule_1628	?a operation OTHER_OPERATION => ?a patientApplicability CONDITION_DEPENDENT	execut-1_n0043/na_0022 operation OTHER_OPERATION => execut-1_n0043/na_0022 patientApplicability CONDITION_DEPENDENT
Rule_1628	?a operation OTHER_OPERATION => ?a patientApplicability CONDITION_DEPENDENT	braunschweig-2010-management-of-patients-receiving-implantable-cardiac-d_n0007/na_0001 operation OTHER_OPERATION => braunschweig-2010-management-of-patients-receiving-implantable-cardiac-d_n0007/na_0001 patientApplicability CONDITION_DEPENDENT
Rule_1628	?a operation OTHER_OPERATION => ?a patientApplicability CONDITION_DEPENDENT	visseren-2021-esc-guidelines-cardiovascular-disease-prevention_n0010/na_0024 operation OTHER_OPERATION => visseren-2021-esc-guidelines-cardiovascular-disease-prevention_n0010/na_0024 patientApplicability CONDITION_DEPENDENT
Rule_1628	?a operation OTHER_OPERATION => ?a patientApplicability CONDITION_DEPENDENT	ambrosetti-2020-secondary-prevention-comprehensive-cardiovascular-rehabi_n0010/na_0018 operation OTHER_OPERATION => ambrosetti-2020-secondary-prevention-comprehensive-cardiovascular-rehabi_n0010/na_0018 patientApplicability CONDITION_DEPENDENT
Rule_1628	?a operation OTHER_OPERATION => ?a patientApplicability CONDITION_DEPENDENT	mcdonagh-2023-esc-guidelines_n0055/na_0056 operation OTHER_OPERATION => mcdonagh-2023-esc-guidelines_n0055/na_0056 patientApplicability CONDITION_DEPENDENT
Rule_1628	?a operation OTHER_OPERATION => ?a patientApplicability CONDITION_DEPENDENT	ambrosetti-2020-secondary-prevention-comprehensive-cardiovascular-rehabi_n0013/na_0016 operation OTHER_OPERATION => ambrosetti-2020-secondary-prevention-comprehensive-cardiovascular-rehabi_n0013/na_0016 patientApplicability CONDITION_DEPENDENT
Rule_1628	?a operation OTHER_OPERATION => ?a patientApplicability CONDITION_DEPENDENT	execut-1_n0020/na_0003 operation OTHER_OPERATION => execut-1_n0020/na_0003 patientApplicability CONDITION_DEPENDENT
Rule_1628	?a operation OTHER_OPERATION => ?a patientApplicability CONDITION_DEPENDENT	page-2016-drugs-that-may-cause-or-exacerbate-heart-failure_n0001/na_0015 operation OTHER_OPERATION => page-2016-drugs-that-may-cause-or-exacerbate-heart-failure_n0001/na_0015 patientApplicability CONDITION_DEPENDENT
Rule_1628	?a operation OTHER_OPERATION => ?a patientApplicability CONDITION_DEPENDENT	von-knobelsdorff-brenkenhoff-2019-empfehlungen-zu-kardialen-mrtuntersuch_n0001/na_0008 operation OTHER_OPERATION => von-knobelsdorff-brenkenhoff-2019-empfehlungen-zu-kardialen-mrtuntersuch_n0001/na_0008 patientApplicability CONDITION_DEPENDENT
Rule_1628	?a operation OTHER_OPERATION => ?a patientApplicability CONDITION_DEPENDENT	van-diepen-2017-contemporary-management-of-cardiogenic-shock_n0008/na_0013 operation OTHER_OPERATION => van-diepen-2017-contemporary-management-of-cardiogenic-shock_n0008/na_0013 patientApplicability CONDITION_DEPENDENT
Rule_1628	?a operation OTHER_OPERATION => ?a patientApplicability CONDITION_DEPENDENT	al-khatib-2017-aha-acc-hrs-guideline-va-and-scd_n0050/na_0002 operation OTHER_OPERATION => al-khatib-2017-aha-acc-hrs-guideline-va-and-scd_n0050/na_0002 patientApplicability CONDITION_DEPENDENT
Rule_1628	?a operation OTHER_OPERATION => ?a patientApplicability CONDITION_DEPENDENT	visseren-2021-esc-guidelines-cardiovascular-disease-prevention_n0083/na_0008 operation OTHER_OPERATION => visseren-2021-esc-guidelines-cardiovascular-disease-prevention_n0083/na_0008 patientApplicability CONDITION_DEPENDENT
Rule_1628	?a operation OTHER_OPERATION => ?a patientApplicability CONDITION_DEPENDENT	ambrosetti-2020-secondary-prevention-comprehensive-cardiovascular-rehabi_n0006/na_0022 operation OTHER_OPERATION => ambrosetti-2020-secondary-prevention-comprehensive-cardiovascular-rehabi_n0006/na_0022 patientApplicability CONDITION_DEPENDENT
Rule_1628	?a operation OTHER_OPERATION => ?a patientApplicability CONDITION_DEPENDENT	visseren-2021-esc-guidelines-cardiovascular-disease-prevention_n0010/na_0008 operation OTHER_OPERATION => visseren-2021-esc-guidelines-cardiovascular-disease-prevention_n0010/na_0008 patientApplicability CONDITION_DEPENDENT
Rule_1628	?a operation OTHER_OPERATION => ?a patientApplicability CONDITION_DEPENDENT	visseren-2021-esc-guidelines-cardiovascular-disease-prevention_n0034/na_0022 operation OTHER_OPERATION => visseren-2021-esc-guidelines-cardiovascular-disease-prevention_n0034/na_0022 patientApplicability CONDITION_DEPENDENT
Rule_1628	?a operation OTHER_OPERATION => ?a patientApplicability CONDITION_DEPENDENT	visseren-2021-esc-guidelines-cardiovascular-disease-prevention_n0010/na_0027 operation OTHER_OPERATION => visseren-2021-esc-guidelines-cardiovascular-disease-prevention_n0010/na_0027 patientApplicability CONDITION_DEPENDENT
Rule_1628	?a operation OTHER_OPERATION => ?a patientApplicability CONDITION_DEPENDENT	execut-1_n0020/na_0001 operation OTHER_OPERATION => execut-1_n0020/na_0001 patientApplicability CONDITION_DEPENDENT
Rule_1628	?a operation OTHER_OPERATION => ?a patientApplicability CONDITION_DEPENDENT	page-2016-drugs-that-may-cause-or-exacerbate-heart-failure_n0001/na_0009 operation OTHER_OPERATION => page-2016-drugs-that-may-cause-or-exacerbate-heart-failure_n0001/na_0009 patientApplicability CONDITION_DEPENDENT
Rule_1628	?a operation OTHER_OPERATION => ?a patientApplicability CONDITION_DEPENDENT	visseren-2021-esc-guidelines-cardiovascular-disease-prevention_n0082/na_0012 operation OTHER_OPERATION => visseren-2021-esc-guidelines-cardiovascular-disease-prevention_n0082/na_0012 patientApplicability CONDITION_DEPENDENT
Rule_1628	?a operation OTHER_OPERATION => ?a patientApplicability CONDITION_DEPENDENT	sectio-1_n0007/na_0006 operation OTHER_OPERATION => sectio-1_n0007/na_0006 patientApplicability CONDITION_DEPENDENT
Rule_1628	?a operation OTHER_OPERATION => ?a patientApplicability CONDITION_DEPENDENT	visseren-2021-esc-guidelines-cardiovascular-disease-prevention_n0034/na_0004 operation OTHER_OPERATION => visseren-2021-esc-guidelines-cardiovascular-disease-prevention_n0034/na_0004 patientApplicability CONDITION_DEPENDENT
Rule_1628	?a operation OTHER_OPERATION => ?a patientApplicability CONDITION_DEPENDENT	braunschweig-2010-management-of-patients-receiving-implantable-cardiac-d_n0007/na_0014 operation OTHER_OPERATION => braunschweig-2010-management-of-patients-receiving-implantable-cardiac-d_n0007/na_0014 patientApplicability CONDITION_DEPENDENT
Rule_1628	?a operation OTHER_OPERATION => ?a patientApplicability CONDITION_DEPENDENT	von-knobelsdorff-brenkenhoff-2019-empfehlungen-zu-kardialen-mrtuntersuch_n0001/na_0009 operation OTHER_OPERATION => von-knobelsdorff-brenkenhoff-2019-empfehlungen-zu-kardialen-mrtuntersuch_n0001/na_0009 patientApplicability CONDITION_DEPENDENT
Rule_1628	?a operation OTHER_OPERATION => ?a patientApplicability CONDITION_DEPENDENT	maddox-2021-2021-update-to-the-2017-acc-expert-consensus-decision-pathwa_n0017/na_0048 operation OTHER_OPERATION => maddox-2021-2021-update-to-the-2017-acc-expert-consensus-decision-pathwa_n0017/na_0048 patientApplicability CONDITION_DEPENDENT
Rule_1628	?a operation OTHER_OPERATION => ?a patientApplicability CONDITION_DEPENDENT	zeppenfeld-2022-esc-guidelines-va-and-scd_n0077/na_0005 operation OTHER_OPERATION => zeppenfeld-2022-esc-guidelines-va-and-scd_n0077/na_0005 patientApplicability CONDITION_DEPENDENT
Rule_1628	?a operation OTHER_OPERATION => ?a patientApplicability CONDITION_DEPENDENT	execut-1_n0043/na_0014 operation OTHER_OPERATION => execut-1_n0043/na_0014 patientApplicability CONDITION_DEPENDENT
Rule_1628	?a operation OTHER_OPERATION => ?a patientApplicability CONDITION_DEPENDENT	sectio-1_n0028/na_0008 operation OTHER_OPERATION => sectio-1_n0028/na_0008 patientApplicability CONDITION_DEPENDENT
Rule_1628	?a operation OTHER_OPERATION => ?a patientApplicability CONDITION_DEPENDENT	zeppenfeld-2022-esc-guidelines-va-and-scd_n0085/na_0003 operation OTHER_OPERATION => zeppenfeld-2022-esc-guidelines-va-and-scd_n0085/na_0003 patientApplicability CONDITION_DEPENDENT
Rule_1628	?a operation OTHER_OPERATION => ?a patientApplicability CONDITION_DEPENDENT	visseren-2021-esc-guidelines-cardiovascular-disease-prevention_n0034/na_0044 operation OTHER_OPERATION => visseren-2021-esc-guidelines-cardiovascular-disease-prevention_n0034/na_0044 patientApplicability CONDITION_DEPENDENT
Rule_1628	?a operation OTHER_OPERATION => ?a patientApplicability CONDITION_DEPENDENT	visseren-2021-esc-guidelines-cardiovascular-disease-prevention_n0034/na_0031 operation OTHER_OPERATION => visseren-2021-esc-guidelines-cardiovascular-disease-prevention_n0034/na_0031 patientApplicability CONDITION_DEPENDENT
Rule_1628	?a operation OTHER_OPERATION => ?a patientApplicability CONDITION_DEPENDENT	mcdonagh-2023-esc-guidelines_n0096/na_0027 operation OTHER_OPERATION => mcdonagh-2023-esc-guidelines_n0096/na_0027 patientApplicability CONDITION_DEPENDENT
Rule_1628	?a operation OTHER_OPERATION => ?a patientApplicability CONDITION_DEPENDENT	ambrosetti-2020-secondary-prevention-comprehensive-cardiovascular-rehabi_n0016/na_0005 operation OTHER_OPERATION => ambrosetti-2020-secondary-prevention-comprehensive-cardiovascular-rehabi_n0016/na_0005 patientApplicability CONDITION_DEPENDENT
Rule_1628	?a operation OTHER_OPERATION => ?a patientApplicability CONDITION_DEPENDENT	su_verified_6ed52cdf724db04223b4d1c2e62f3c35f6b42bc19bc5e3198277d681d47e1eb9_table_7/na_0008 operation OTHER_OPERATION => su_verified_6ed52cdf724db04223b4d1c2e62f3c35f6b42bc19bc5e3198277d681d47e1eb9_table_7/na_0008 patientApplicability CONDITION_DEPENDENT
Rule_1628	?a operation OTHER_OPERATION => ?a patientApplicability CONDITION_DEPENDENT	maddox-2021-2021-update-to-the-2017-acc-expert-consensus-decision-pathwa_n0017/na_0018 operation OTHER_OPERATION => maddox-2021-2021-update-to-the-2017-acc-expert-consensus-decision-pathwa_n0017/na_0018 patientApplicability CONDITION_DEPENDENT
Rule_1628	?a operation OTHER_OPERATION => ?a patientApplicability CONDITION_DEPENDENT	execut-1_n0048/na_0016 operation OTHER_OPERATION => execut-1_n0048/na_0016 patientApplicability CONDITION_DEPENDENT
Rule_1628	?a operation OTHER_OPERATION => ?a patientApplicability CONDITION_DEPENDENT	visseren-2021-esc-guidelines-cardiovascular-disease-prevention_n0083/na_0022 operation OTHER_OPERATION => visseren-2021-esc-guidelines-cardiovascular-disease-prevention_n0083/na_0022 patientApplicability CONDITION_DEPENDENT
Rule_1628	?a operation OTHER_OPERATION => ?a patientApplicability CONDITION_DEPENDENT	riegel-2009-promoting-self-care-in-persons-with-heart-failure_n0004/na_0010 operation OTHER_OPERATION => riegel-2009-promoting-self-care-in-persons-with-heart-failure_n0004/na_0010 patientApplicability CONDITION_DEPENDENT
Rule_1628	?a operation OTHER_OPERATION => ?a patientApplicability CONDITION_DEPENDENT	visseren-2021-esc-guidelines-cardiovascular-disease-prevention_n0076/na_0007 operation OTHER_OPERATION => visseren-2021-esc-guidelines-cardiovascular-disease-prevention_n0076/na_0007 patientApplicability CONDITION_DEPENDENT
Rule_1628	?a operation OTHER_OPERATION => ?a patientApplicability CONDITION_DEPENDENT	zeppenfeld-2022-esc-guidelines-va-and-scd_n0025/na_0021 operation OTHER_OPERATION => zeppenfeld-2022-esc-guidelines-va-and-scd_n0025/na_0021 patientApplicability CONDITION_DEPENDENT
Rule_1628	?a operation OTHER_OPERATION => ?a patientApplicability CONDITION_DEPENDENT	heidenreich-2022-aha-acc-hfsa-guidelines_n0097/na_0015 operation OTHER_OPERATION => heidenreich-2022-aha-acc-hfsa-guidelines_n0097/na_0015 patientApplicability CONDITION_DEPENDENT
Rule_1628	?a operation OTHER_OPERATION => ?a patientApplicability CONDITION_DEPENDENT	visseren-2021-esc-guidelines-cardiovascular-disease-prevention_n0034/na_0048 operation OTHER_OPERATION => visseren-2021-esc-guidelines-cardiovascular-disease-prevention_n0034/na_0048 patientApplicability CONDITION_DEPENDENT
Rule_1628	?a operation OTHER_OPERATION => ?a patientApplicability CONDITION_DEPENDENT	visseren-2021-esc-guidelines-cardiovascular-disease-prevention_n0034/na_0036 operation OTHER_OPERATION => visseren-2021-esc-guidelines-cardiovascular-disease-prevention_n0034/na_0036 patientApplicability CONDITION_DEPENDENT
Rule_1628	?a operation OTHER_OPERATION => ?a patientApplicability CONDITION_DEPENDENT	glikson-2021-2021-esc-guidelines-on-cardiac-pacing-and-cardiac-resynchro_n0071/na_0003 operation OTHER_OPERATION => glikson-2021-2021-esc-guidelines-on-cardiac-pacing-and-cardiac-resynchro_n0071/na_0003 patientApplicability CONDITION_DEPENDENT
Rule_1628	?a operation OTHER_OPERATION => ?a patientApplicability CONDITION_DEPENDENT	zeppenfeld-2022-esc-guidelines-va-and-scd_n0092/na_0018 operation OTHER_OPERATION => zeppenfeld-2022-esc-guidelines-va-and-scd_n0092/na_0018 patientApplicability CONDITION_DEPENDENT
Rule_1628	?a operation OTHER_OPERATION => ?a patientApplicability CONDITION_DEPENDENT	visseren-2021-esc-guidelines-cardiovascular-disease-prevention_n0034/na_0009 operation OTHER_OPERATION => visseren-2021-esc-guidelines-cardiovascular-disease-prevention_n0034/na_0009 patientApplicability CONDITION_DEPENDENT
Rule_1628	?a operation OTHER_OPERATION => ?a patientApplicability CONDITION_DEPENDENT	zeppenfeld-2022-esc-guidelines-va-and-scd_n0097/na_0009 operation OTHER_OPERATION => zeppenfeld-2022-esc-guidelines-va-and-scd_n0097/na_0009 patientApplicability CONDITION_DEPENDENT
Rule_1628	?a operation OTHER_OPERATION => ?a patientApplicability CONDITION_DEPENDENT	zeppenfeld-2022-esc-guidelines-va-and-scd_n0052/na_0005 operation OTHER_OPERATION => zeppenfeld-2022-esc-guidelines-va-and-scd_n0052/na_0005 patientApplicability CONDITION_DEPENDENT
Rule_1628	?a operation OTHER_OPERATION => ?a patientApplicability CONDITION_DEPENDENT	mcdonagh-2023-esc-guidelines_n0055/na_0059 operation OTHER_OPERATION => mcdonagh-2023-esc-guidelines_n0055/na_0059 patientApplicability CONDITION_DEPENDENT
Rule_1628	?a operation OTHER_OPERATION => ?a patientApplicability CONDITION_DEPENDENT	von-knobelsdorff-brenkenhoff-2019-empfehlungen-zu-kardialen-mrtuntersuch_n0001/na_0007 operation OTHER_OPERATION => von-knobelsdorff-brenkenhoff-2019-empfehlungen-zu-kardialen-mrtuntersuch_n0001/na_0007 patientApplicability CONDITION_DEPENDENT
Rule_1628	?a operation OTHER_OPERATION => ?a patientApplicability CONDITION_DEPENDENT	zeppenfeld-2022-esc-guidelines-va-and-scd_n0019/na_0043 operation OTHER_OPERATION => zeppenfeld-2022-esc-guidelines-va-and-scd_n0019/na_0043 patientApplicability CONDITION_DEPENDENT
Rule_1628	?a operation OTHER_OPERATION => ?a patientApplicability CONDITION_DEPENDENT	visseren-2021-esc-guidelines-cardiovascular-disease-prevention_n0010/na_0004 operation OTHER_OPERATION => visseren-2021-esc-guidelines-cardiovascular-disease-prevention_n0010/na_0004 patientApplicability CONDITION_DEPENDENT
Rule_1628	?a operation OTHER_OPERATION => ?a patientApplicability CONDITION_DEPENDENT	zeppenfeld-2022-esc-guidelines-va-and-scd_n0092/na_0006 operation OTHER_OPERATION => zeppenfeld-2022-esc-guidelines-va-and-scd_n0092/na_0006 patientApplicability CONDITION_DEPENDENT
Rule_1628	?a operation OTHER_OPERATION => ?a patientApplicability CONDITION_DEPENDENT	zeppenfeld-2022-esc-guidelines-va-and-scd_n0085/na_0001 operation OTHER_OPERATION => zeppenfeld-2022-esc-guidelines-va-and-scd_n0085/na_0001 patientApplicability CONDITION_DEPENDENT
Rule_1628	?a operation OTHER_OPERATION => ?a patientApplicability CONDITION_DEPENDENT	execut-1_n0047/na_0006 operation OTHER_OPERATION => execut-1_n0047/na_0006 patientApplicability CONDITION_DEPENDENT
Rule_1628	?a operation OTHER_OPERATION => ?a patientApplicability CONDITION_DEPENDENT	visseren-2021-esc-guidelines-cardiovascular-disease-prevention_n0026/na_0003 operation OTHER_OPERATION => visseren-2021-esc-guidelines-cardiovascular-disease-prevention_n0026/na_0003 patientApplicability CONDITION_DEPENDENT
Rule_1628	?a operation OTHER_OPERATION => ?a patientApplicability CONDITION_DEPENDENT	visseren-2021-esc-guidelines-cardiovascular-disease-prevention_n0083/na_0009 operation OTHER_OPERATION => visseren-2021-esc-guidelines-cardiovascular-disease-prevention_n0083/na_0009 patientApplicability CONDITION_DEPENDENT
Rule_1628	?a operation OTHER_OPERATION => ?a patientApplicability CONDITION_DEPENDENT	mcdonagh-2023-esc-guidelines_n0046/na_0004 operation OTHER_OPERATION => mcdonagh-2023-esc-guidelines_n0046/na_0004 patientApplicability CONDITION_DEPENDENT
Rule_1628	?a operation OTHER_OPERATION => ?a patientApplicability CONDITION_DEPENDENT	execut-1_n0043/na_0018 operation OTHER_OPERATION => execut-1_n0043/na_0018 patientApplicability CONDITION_DEPENDENT
Rule_1628	?a operation OTHER_OPERATION => ?a patientApplicability CONDITION_DEPENDENT	zeppenfeld-2022-esc-guidelines-va-and-scd_n0079/na_0005 operation OTHER_OPERATION => zeppenfeld-2022-esc-guidelines-va-and-scd_n0079/na_0005 patientApplicability CONDITION_DEPENDENT
Rule_1628	?a operation OTHER_OPERATION => ?a patientApplicability CONDITION_DEPENDENT	ambrosetti-2020-secondary-prevention-comprehensive-cardiovascular-rehabi_n0008/na_0004 operation OTHER_OPERATION => ambrosetti-2020-secondary-prevention-comprehensive-cardiovascular-rehabi_n0008/na_0004 patientApplicability CONDITION_DEPENDENT
Rule_1628	?a operation OTHER_OPERATION => ?a patientApplicability CONDITION_DEPENDENT	ambrosetti-2020-secondary-prevention-comprehensive-cardiovascular-rehabi_n0006/na_0016 operation OTHER_OPERATION => ambrosetti-2020-secondary-prevention-comprehensive-cardiovascular-rehabi_n0006/na_0016 patientApplicability CONDITION_DEPENDENT
Rule_1628	?a operation OTHER_OPERATION => ?a patientApplicability CONDITION_DEPENDENT	maddox-2021-2021-update-to-the-2017-acc-expert-consensus-decision-pathwa_n0017/na_0016 operation OTHER_OPERATION => maddox-2021-2021-update-to-the-2017-acc-expert-consensus-decision-pathwa_n0017/na_0016 patientApplicability CONDITION_DEPENDENT
Rule_1628	?a operation OTHER_OPERATION => ?a patientApplicability CONDITION_DEPENDENT	execut-1_n0040/na_0005 operation OTHER_OPERATION => execut-1_n0040/na_0005 patientApplicability CONDITION_DEPENDENT
Rule_1628	?a operation OTHER_OPERATION => ?a patientApplicability CONDITION_DEPENDENT	visseren-2021-esc-guidelines-cardiovascular-disease-prevention_n0034/na_0035 operation OTHER_OPERATION => visseren-2021-esc-guidelines-cardiovascular-disease-prevention_n0034/na_0035 patientApplicability CONDITION_DEPENDENT
Rule_1628	?a operation OTHER_OPERATION => ?a patientApplicability CONDITION_DEPENDENT	zeppenfeld-2022-esc-guidelines-va-and-scd_n0074/na_0003 operation OTHER_OPERATION => zeppenfeld-2022-esc-guidelines-va-and-scd_n0074/na_0003 patientApplicability CONDITION_DEPENDENT
Rule_1628	?a operation OTHER_OPERATION => ?a patientApplicability CONDITION_DEPENDENT	visseren-2021-esc-guidelines-cardiovascular-disease-prevention_n0034/na_0016 operation OTHER_OPERATION => visseren-2021-esc-guidelines-cardiovascular-disease-prevention_n0034/na_0016 patientApplicability CONDITION_DEPENDENT
Rule_1628	?a operation OTHER_OPERATION => ?a patientApplicability CONDITION_DEPENDENT	visseren-2021-esc-guidelines-cardiovascular-disease-prevention_n0034/na_0018 operation OTHER_OPERATION => visseren-2021-esc-guidelines-cardiovascular-disease-prevention_n0034/na_0018 patientApplicability CONDITION_DEPENDENT
Rule_1628	?a operation OTHER_OPERATION => ?a patientApplicability CONDITION_DEPENDENT	visseren-2021-esc-guidelines-cardiovascular-disease-prevention_n0076/na_0006 operation OTHER_OPERATION => visseren-2021-esc-guidelines-cardiovascular-disease-prevention_n0076/na_0006 patientApplicability CONDITION_DEPENDENT
Rule_1628	?a operation OTHER_OPERATION => ?a patientApplicability CONDITION_DEPENDENT	visseren-2021-esc-guidelines-cardiovascular-disease-prevention_n0081/na_0014 operation OTHER_OPERATION => visseren-2021-esc-guidelines-cardiovascular-disease-prevention_n0081/na_0014 patientApplicability CONDITION_DEPENDENT
Rule_1628	?a operation OTHER_OPERATION => ?a patientApplicability CONDITION_DEPENDENT	zeppenfeld-2022-esc-guidelines-va-and-scd_n0097/na_0010 operation OTHER_OPERATION => zeppenfeld-2022-esc-guidelines-va-and-scd_n0097/na_0010 patientApplicability CONDITION_DEPENDENT
Rule_1628	?a operation OTHER_OPERATION => ?a patientApplicability CONDITION_DEPENDENT	riegel-2009-promoting-self-care-in-persons-with-heart-failure_n0004/na_0008 operation OTHER_OPERATION => riegel-2009-promoting-self-care-in-persons-with-heart-failure_n0004/na_0008 patientApplicability CONDITION_DEPENDENT
Rule_1628	?a operation OTHER_OPERATION => ?a patientApplicability CONDITION_DEPENDENT	visseren-2021-esc-guidelines-cardiovascular-disease-prevention_n0082/na_0004 operation OTHER_OPERATION => visseren-2021-esc-guidelines-cardiovascular-disease-prevention_n0082/na_0004 patientApplicability CONDITION_DEPENDENT
Rule_1628	?a operation OTHER_OPERATION => ?a patientApplicability CONDITION_DEPENDENT	ambrosetti-2020-secondary-prevention-comprehensive-cardiovascular-rehabi_n0010/na_0015 operation OTHER_OPERATION => ambrosetti-2020-secondary-prevention-comprehensive-cardiovascular-rehabi_n0010/na_0015 patientApplicability CONDITION_DEPENDENT
Rule_1628	?a operation OTHER_OPERATION => ?a patientApplicability CONDITION_DEPENDENT	heidenreich-2022-aha-acc-hfsa-guidelines_n0102/na_0001 operation OTHER_OPERATION => heidenreich-2022-aha-acc-hfsa-guidelines_n0102/na_0001 patientApplicability CONDITION_DEPENDENT
Rule_1628	?a operation OTHER_OPERATION => ?a patientApplicability CONDITION_DEPENDENT	zeppenfeld-2022-esc-guidelines-va-and-scd_n0082/na_0010 operation OTHER_OPERATION => zeppenfeld-2022-esc-guidelines-va-and-scd_n0082/na_0010 patientApplicability CONDITION_DEPENDENT
Rule_1628	?a operation OTHER_OPERATION => ?a patientApplicability CONDITION_DEPENDENT	maddox-2021-2021-update-to-the-2017-acc-expert-consensus-decision-pathwa_n0014/na_0008 operation OTHER_OPERATION => maddox-2021-2021-update-to-the-2017-acc-expert-consensus-decision-pathwa_n0014/na_0008 patientApplicability CONDITION_DEPENDENT
Rule_1628	?a operation OTHER_OPERATION => ?a patientApplicability CONDITION_DEPENDENT	van-diepen-2017-contemporary-management-of-cardiogenic-shock_n0008/na_0017 operation OTHER_OPERATION => van-diepen-2017-contemporary-management-of-cardiogenic-shock_n0008/na_0017 patientApplicability CONDITION_DEPENDENT
Rule_1628	?a operation OTHER_OPERATION => ?a patientApplicability CONDITION_DEPENDENT	visseren-2021-esc-guidelines-cardiovascular-disease-prevention_n0010/na_0021 operation OTHER_OPERATION => visseren-2021-esc-guidelines-cardiovascular-disease-prevention_n0010/na_0021 patientApplicability CONDITION_DEPENDENT
Rule_1628	?a operation OTHER_OPERATION => ?a patientApplicability CONDITION_DEPENDENT	execut-1_n0027/na_0006 operation OTHER_OPERATION => execut-1_n0027/na_0006 patientApplicability CONDITION_DEPENDENT
Rule_1628	?a operation OTHER_OPERATION => ?a patientApplicability CONDITION_DEPENDENT	mcdonagh-2023-esc-guidelines_n0021/na_0016 operation OTHER_OPERATION => mcdonagh-2023-esc-guidelines_n0021/na_0016 patientApplicability CONDITION_DEPENDENT
Rule_1628	?a operation OTHER_OPERATION => ?a patientApplicability CONDITION_DEPENDENT	visseren-2021-esc-guidelines-cardiovascular-disease-prevention_n0065/na_0002 operation OTHER_OPERATION => visseren-2021-esc-guidelines-cardiovascular-disease-prevention_n0065/na_0002 patientApplicability CONDITION_DEPENDENT
Rule_1628	?a operation OTHER_OPERATION => ?a patientApplicability CONDITION_DEPENDENT	vijgen-2009-updated-recommendations-for-driving-by-patients-with-implant_n0005/na_0002 operation OTHER_OPERATION => vijgen-2009-updated-recommendations-for-driving-by-patients-with-implant_n0005/na_0002 patientApplicability CONDITION_DEPENDENT
Rule_1628	?a operation OTHER_OPERATION => ?a patientApplicability CONDITION_DEPENDENT	visseren-2021-esc-guidelines-cardiovascular-disease-prevention_n0083/na_0027 operation OTHER_OPERATION => visseren-2021-esc-guidelines-cardiovascular-disease-prevention_n0083/na_0027 patientApplicability CONDITION_DEPENDENT
Rule_1628	?a operation OTHER_OPERATION => ?a patientApplicability CONDITION_DEPENDENT	mcdonagh-2023-esc-guidelines_n0074/na_0006 operation OTHER_OPERATION => mcdonagh-2023-esc-guidelines_n0074/na_0006 patientApplicability CONDITION_DEPENDENT
Rule_1628	?a operation OTHER_OPERATION => ?a patientApplicability CONDITION_DEPENDENT	al-khatib-2017-aha-acc-hrs-guideline-va-and-scd_n0059/na_0002 operation OTHER_OPERATION => al-khatib-2017-aha-acc-hrs-guideline-va-and-scd_n0059/na_0002 patientApplicability CONDITION_DEPENDENT
Rule_1628	?a operation OTHER_OPERATION => ?a patientApplicability CONDITION_DEPENDENT	mcdonagh-2023-esc-guidelines_n0022/na_0016 operation OTHER_OPERATION => mcdonagh-2023-esc-guidelines_n0022/na_0016 patientApplicability CONDITION_DEPENDENT
Rule_1628	?a operation OTHER_OPERATION => ?a patientApplicability CONDITION_DEPENDENT	von-knobelsdorff-brenkenhoff-2019-empfehlungen-zu-kardialen-mrtuntersuch_n0001/na_0005 operation OTHER_OPERATION => von-knobelsdorff-brenkenhoff-2019-empfehlungen-zu-kardialen-mrtuntersuch_n0001/na_0005 patientApplicability CONDITION_DEPENDENT
Rule_1628	?a operation OTHER_OPERATION => ?a patientApplicability CONDITION_DEPENDENT	visseren-2021-esc-guidelines-cardiovascular-disease-prevention_n0029/na_0004 operation OTHER_OPERATION => visseren-2021-esc-guidelines-cardiovascular-disease-prevention_n0029/na_0004 patientApplicability CONDITION_DEPENDENT
Rule_1628	?a operation OTHER_OPERATION => ?a patientApplicability CONDITION_DEPENDENT	heidenreich-2022-aha-acc-hfsa-guidelines_n0097/na_0005 operation OTHER_OPERATION => heidenreich-2022-aha-acc-hfsa-guidelines_n0097/na_0005 patientApplicability CONDITION_DEPENDENT
Rule_1628	?a operation OTHER_OPERATION => ?a patientApplicability CONDITION_DEPENDENT	execut-1_n0038/na_0018 operation OTHER_OPERATION => execut-1_n0038/na_0018 patientApplicability CONDITION_DEPENDENT
Rule_1628	?a operation OTHER_OPERATION => ?a patientApplicability CONDITION_DEPENDENT	execut-1_n0021/na_0002 operation OTHER_OPERATION => execut-1_n0021/na_0002 patientApplicability CONDITION_DEPENDENT
Rule_1628	?a operation OTHER_OPERATION => ?a patientApplicability CONDITION_DEPENDENT	visseren-2021-esc-guidelines-cardiovascular-disease-prevention_n0034/na_0011 operation OTHER_OPERATION => visseren-2021-esc-guidelines-cardiovascular-disease-prevention_n0034/na_0011 patientApplicability CONDITION_DEPENDENT
Rule_1628	?a operation OTHER_OPERATION => ?a patientApplicability CONDITION_DEPENDENT	ambrosetti-2020-secondary-prevention-comprehensive-cardiovascular-rehabi_n0013/na_0003 operation OTHER_OPERATION => ambrosetti-2020-secondary-prevention-comprehensive-cardiovascular-rehabi_n0013/na_0003 patientApplicability CONDITION_DEPENDENT
Rule_1628	?a operation OTHER_OPERATION => ?a patientApplicability CONDITION_DEPENDENT	maddox-2021-2021-update-to-the-2017-acc-expert-consensus-decision-pathwa_n0017/na_0025 operation OTHER_OPERATION => maddox-2021-2021-update-to-the-2017-acc-expert-consensus-decision-pathwa_n0017/na_0025 patientApplicability CONDITION_DEPENDENT
Rule_1628	?a operation OTHER_OPERATION => ?a patientApplicability CONDITION_DEPENDENT	zeppenfeld-2022-esc-guidelines-va-and-scd_n0091/na_0017 operation OTHER_OPERATION => zeppenfeld-2022-esc-guidelines-va-and-scd_n0091/na_0017 patientApplicability CONDITION_DEPENDENT
Rule_1628	?a operation OTHER_OPERATION => ?a patientApplicability CONDITION_DEPENDENT	execut-1_n0023/na_0003 operation OTHER_OPERATION => execut-1_n0023/na_0003 patientApplicability CONDITION_DEPENDENT
Rule_1628	?a operation OTHER_OPERATION => ?a patientApplicability CONDITION_DEPENDENT	visseren-2021-esc-guidelines-cardiovascular-disease-prevention_n0034/na_0029 operation OTHER_OPERATION => visseren-2021-esc-guidelines-cardiovascular-disease-prevention_n0034/na_0029 patientApplicability CONDITION_DEPENDENT
Rule_1628	?a operation OTHER_OPERATION => ?a patientApplicability CONDITION_DEPENDENT	regitz-zagrosek-2018-2018-esc-guideline-for-the-management-of-cardiovasc_n0025/na_0012 operation OTHER_OPERATION => regitz-zagrosek-2018-2018-esc-guideline-for-the-management-of-cardiovasc_n0025/na_0012 patientApplicability CONDITION_DEPENDENT
Rule_1628	?a operation OTHER_OPERATION => ?a patientApplicability CONDITION_DEPENDENT	execut-1_n0047/na_0008 operation OTHER_OPERATION => execut-1_n0047/na_0008 patientApplicability CONDITION_DEPENDENT
Rule_1628	?a operation OTHER_OPERATION => ?a patientApplicability CONDITION_DEPENDENT	zeppenfeld-2022-esc-guidelines-va-and-scd_n0091/na_0002 operation OTHER_OPERATION => zeppenfeld-2022-esc-guidelines-va-and-scd_n0091/na_0002 patientApplicability CONDITION_DEPENDENT
Rule_1628	?a operation OTHER_OPERATION => ?a patientApplicability CONDITION_DEPENDENT	morris-2021-guidance-for-timely-and-appropriate-referral-of-patients-wit_n0002/na_0002 operation OTHER_OPERATION => morris-2021-guidance-for-timely-and-appropriate-referral-of-patients-wit_n0002/na_0002 patientApplicability CONDITION_DEPENDENT
Rule_1628	?a operation OTHER_OPERATION => ?a patientApplicability CONDITION_DEPENDENT	mcdonagh-2023-esc-guidelines_n0094/na_0009 operation OTHER_OPERATION => mcdonagh-2023-esc-guidelines_n0094/na_0009 patientApplicability CONDITION_DEPENDENT
Rule_1628	?a operation OTHER_OPERATION => ?a patientApplicability CONDITION_DEPENDENT	regitz-zagrosek-2018-2018-esc-guideline-for-the-management-of-cardiovasc_n0024/na_0001 operation OTHER_OPERATION => regitz-zagrosek-2018-2018-esc-guideline-for-the-management-of-cardiovasc_n0024/na_0001 patientApplicability CONDITION_DEPENDENT
Rule_1628	?a operation OTHER_OPERATION => ?a patientApplicability CONDITION_DEPENDENT	visseren-2021-esc-guidelines-cardiovascular-disease-prevention_n0034/na_0019 operation OTHER_OPERATION => visseren-2021-esc-guidelines-cardiovascular-disease-prevention_n0034/na_0019 patientApplicability CONDITION_DEPENDENT
Rule_1628	?a operation OTHER_OPERATION => ?a patientApplicability CONDITION_DEPENDENT	visseren-2021-esc-guidelines-cardiovascular-disease-prevention_n0010/na_0023 operation OTHER_OPERATION => visseren-2021-esc-guidelines-cardiovascular-disease-prevention_n0010/na_0023 patientApplicability CONDITION_DEPENDENT
Rule_1628	?a operation OTHER_OPERATION => ?a patientApplicability CONDITION_DEPENDENT	sectio-1_n0022/na_0005 operation OTHER_OPERATION => sectio-1_n0022/na_0005 patientApplicability CONDITION_DEPENDENT
Rule_1628	?a operation OTHER_OPERATION => ?a patientApplicability CONDITION_DEPENDENT	zeppenfeld-2022-esc-guidelines-va-and-scd_n0077/na_0003 operation OTHER_OPERATION => zeppenfeld-2022-esc-guidelines-va-and-scd_n0077/na_0003 patientApplicability CONDITION_DEPENDENT
Rule_1628	?a operation OTHER_OPERATION => ?a patientApplicability CONDITION_DEPENDENT	pelliccia-2020-2020-esc-guidelines-on-sports-cardiology-and-exercise-in_n0043/na_0003 operation OTHER_OPERATION => pelliccia-2020-2020-esc-guidelines-on-sports-cardiology-and-exercise-in_n0043/na_0003 patientApplicability CONDITION_DEPENDENT
Rule_1628	?a operation OTHER_OPERATION => ?a patientApplicability CONDITION_DEPENDENT	mcdonagh-2023-esc-guidelines_n0020/na_0017 operation OTHER_OPERATION => mcdonagh-2023-esc-guidelines_n0020/na_0017 patientApplicability CONDITION_DEPENDENT
Rule_1628	?a operation OTHER_OPERATION => ?a patientApplicability CONDITION_DEPENDENT	execut-1_n0020/na_0004 operation OTHER_OPERATION => execut-1_n0020/na_0004 patientApplicability CONDITION_DEPENDENT
Rule_1628	?a operation OTHER_OPERATION => ?a patientApplicability CONDITION_DEPENDENT	mcdonagh-2023-esc-guidelines_n0055/na_0055 operation OTHER_OPERATION => mcdonagh-2023-esc-guidelines_n0055/na_0055 patientApplicability CONDITION_DEPENDENT
Rule_1628	?a operation OTHER_OPERATION => ?a patientApplicability CONDITION_DEPENDENT	zeppenfeld-2022-esc-guidelines-va-and-scd_n0093/na_0002 operation OTHER_OPERATION => zeppenfeld-2022-esc-guidelines-va-and-scd_n0093/na_0002 patientApplicability CONDITION_DEPENDENT
Rule_1628	?a operation OTHER_OPERATION => ?a patientApplicability CONDITION_DEPENDENT	sectio-4_n0001/na_0001 operation OTHER_OPERATION => sectio-4_n0001/na_0001 patientApplicability CONDITION_DEPENDENT
Rule_1628	?a operation OTHER_OPERATION => ?a patientApplicability CONDITION_DEPENDENT	heidenreich-2022-aha-acc-hfsa-guidelines_n0100/na_0001 operation OTHER_OPERATION => heidenreich-2022-aha-acc-hfsa-guidelines_n0100/na_0001 patientApplicability CONDITION_DEPENDENT
Rule_1628	?a operation OTHER_OPERATION => ?a patientApplicability CONDITION_DEPENDENT	mcdonagh-2023-esc-guidelines_n0055/na_0062 operation OTHER_OPERATION => mcdonagh-2023-esc-guidelines_n0055/na_0062 patientApplicability CONDITION_DEPENDENT
Rule_1628	?a operation OTHER_OPERATION => ?a patientApplicability CONDITION_DEPENDENT	van-diepen-2017-contemporary-management-of-cardiogenic-shock_n0008/na_0003 operation OTHER_OPERATION => van-diepen-2017-contemporary-management-of-cardiogenic-shock_n0008/na_0003 patientApplicability CONDITION_DEPENDENT
Rule_1628	?a operation OTHER_OPERATION => ?a patientApplicability CONDITION_DEPENDENT	maddox-2021-2021-update-to-the-2017-acc-expert-consensus-decision-pathwa_n0017/na_0020 operation OTHER_OPERATION => maddox-2021-2021-update-to-the-2017-acc-expert-consensus-decision-pathwa_n0017/na_0020 patientApplicability CONDITION_DEPENDENT
Rule_1628	?a operation OTHER_OPERATION => ?a patientApplicability CONDITION_DEPENDENT	visseren-2021-esc-guidelines-cardiovascular-disease-prevention_n0082/na_0001 operation OTHER_OPERATION => visseren-2021-esc-guidelines-cardiovascular-disease-prevention_n0082/na_0001 patientApplicability CONDITION_DEPENDENT
Rule_1628	?a operation OTHER_OPERATION => ?a patientApplicability CONDITION_DEPENDENT	mcdonagh-2023-esc-guidelines_n0094/na_0005 operation OTHER_OPERATION => mcdonagh-2023-esc-guidelines_n0094/na_0005 patientApplicability CONDITION_DEPENDENT
Rule_1628	?a operation OTHER_OPERATION => ?a patientApplicability CONDITION_DEPENDENT	execut-1_n0046/na_0007 operation OTHER_OPERATION => execut-1_n0046/na_0007 patientApplicability CONDITION_DEPENDENT
Rule_1628	?a operation OTHER_OPERATION => ?a patientApplicability CONDITION_DEPENDENT	visseren-2021-esc-guidelines-cardiovascular-disease-prevention_n0026/na_0002 operation OTHER_OPERATION => visseren-2021-esc-guidelines-cardiovascular-disease-prevention_n0026/na_0002 patientApplicability CONDITION_DEPENDENT
Rule_1628	?a operation OTHER_OPERATION => ?a patientApplicability CONDITION_DEPENDENT	al-khatib-2017-aha-acc-hrs-guideline-va-and-scd_n0060/na_0002 operation OTHER_OPERATION => al-khatib-2017-aha-acc-hrs-guideline-va-and-scd_n0060/na_0002 patientApplicability CONDITION_DEPENDENT
Rule_1628	?a operation OTHER_OPERATION => ?a patientApplicability CONDITION_DEPENDENT	ambrosetti-2020-secondary-prevention-comprehensive-cardiovascular-rehabi_n0013/na_0008 operation OTHER_OPERATION => ambrosetti-2020-secondary-prevention-comprehensive-cardiovascular-rehabi_n0013/na_0008 patientApplicability CONDITION_DEPENDENT
Rule_1628	?a operation OTHER_OPERATION => ?a patientApplicability CONDITION_DEPENDENT	al-khatib-2017-aha-acc-hrs-guideline-va-and-scd_n0081/na_0001 operation OTHER_OPERATION => al-khatib-2017-aha-acc-hrs-guideline-va-and-scd_n0081/na_0001 patientApplicability CONDITION_DEPENDENT
Rule_1628	?a operation OTHER_OPERATION => ?a patientApplicability CONDITION_DEPENDENT	su_verified_6ed52cdf724db04223b4d1c2e62f3c35f6b42bc19bc5e3198277d681d47e1eb9_table_5/na_0041 operation OTHER_OPERATION => su_verified_6ed52cdf724db04223b4d1c2e62f3c35f6b42bc19bc5e3198277d681d47e1eb9_table_5/na_0041 patientApplicability CONDITION_DEPENDENT
Rule_1628	?a operation OTHER_OPERATION => ?a patientApplicability CONDITION_DEPENDENT	visseren-2021-esc-guidelines-cardiovascular-disease-prevention_n0034/na_0040 operation OTHER_OPERATION => visseren-2021-esc-guidelines-cardiovascular-disease-prevention_n0034/na_0040 patientApplicability CONDITION_DEPENDENT
Rule_1628	?a operation OTHER_OPERATION => ?a patientApplicability CONDITION_DEPENDENT	zeppenfeld-2022-esc-guidelines-va-and-scd_n0084/na_0002 operation OTHER_OPERATION => zeppenfeld-2022-esc-guidelines-va-and-scd_n0084/na_0002 patientApplicability CONDITION_DEPENDENT
Rule_1628	?a operation OTHER_OPERATION => ?a patientApplicability CONDITION_DEPENDENT	pelliccia-2020-2020-esc-guidelines-on-sports-cardiology-and-exercise-in_n0075/na_0004 operation OTHER_OPERATION => pelliccia-2020-2020-esc-guidelines-on-sports-cardiology-and-exercise-in_n0075/na_0004 patientApplicability CONDITION_DEPENDENT
Rule_1628	?a operation OTHER_OPERATION => ?a patientApplicability CONDITION_DEPENDENT	al-khatib-2017-aha-acc-hrs-guideline-va-and-scd_n0053/na_0003 operation OTHER_OPERATION => al-khatib-2017-aha-acc-hrs-guideline-va-and-scd_n0053/na_0003 patientApplicability CONDITION_DEPENDENT
Rule_1628	?a operation OTHER_OPERATION => ?a patientApplicability CONDITION_DEPENDENT	al-khatib-2017-aha-acc-hrs-guideline-va-and-scd_n0073/na_0003 operation OTHER_OPERATION => al-khatib-2017-aha-acc-hrs-guideline-va-and-scd_n0073/na_0003 patientApplicability CONDITION_DEPENDENT
Rule_1628	?a operation OTHER_OPERATION => ?a patientApplicability CONDITION_DEPENDENT	visseren-2021-esc-guidelines-cardiovascular-disease-prevention_n0010/na_0025 operation OTHER_OPERATION => visseren-2021-esc-guidelines-cardiovascular-disease-prevention_n0010/na_0025 patientApplicability CONDITION_DEPENDENT
Rule_1628	?a operation OTHER_OPERATION => ?a patientApplicability CONDITION_DEPENDENT	mcdonagh-2023-esc-guidelines_n0046/na_0003 operation OTHER_OPERATION => mcdonagh-2023-esc-guidelines_n0046/na_0003 patientApplicability CONDITION_DEPENDENT
Rule_1628	?a operation OTHER_OPERATION => ?a patientApplicability CONDITION_DEPENDENT	page-2016-drugs-that-may-cause-or-exacerbate-heart-failure_n0001/na_0008 operation OTHER_OPERATION => page-2016-drugs-that-may-cause-or-exacerbate-heart-failure_n0001/na_0008 patientApplicability CONDITION_DEPENDENT
Rule_1628	?a operation OTHER_OPERATION => ?a patientApplicability CONDITION_DEPENDENT	vijgen-2009-updated-recommendations-for-driving-by-patients-with-implant_n0005/na_0001 operation OTHER_OPERATION => vijgen-2009-updated-recommendations-for-driving-by-patients-with-implant_n0005/na_0001 patientApplicability CONDITION_DEPENDENT
Rule_1628	?a operation OTHER_OPERATION => ?a patientApplicability CONDITION_DEPENDENT	al-khatib-2017-aha-acc-hrs-guideline-va-and-scd_n0073/na_0004 operation OTHER_OPERATION => al-khatib-2017-aha-acc-hrs-guideline-va-and-scd_n0073/na_0004 patientApplicability CONDITION_DEPENDENT
Rule_1628	?a operation OTHER_OPERATION => ?a patientApplicability CONDITION_DEPENDENT	visseren-2021-esc-guidelines-cardiovascular-disease-prevention_n0078/na_0003 operation OTHER_OPERATION => visseren-2021-esc-guidelines-cardiovascular-disease-prevention_n0078/na_0003 patientApplicability CONDITION_DEPENDENT
Rule_1628	?a operation OTHER_OPERATION => ?a patientApplicability CONDITION_DEPENDENT	ambrosetti-2020-secondary-prevention-comprehensive-cardiovascular-rehabi_n0013/na_0035 operation OTHER_OPERATION => ambrosetti-2020-secondary-prevention-comprehensive-cardiovascular-rehabi_n0013/na_0035 patientApplicability CONDITION_DEPENDENT
Rule_1628	?a operation OTHER_OPERATION => ?a patientApplicability CONDITION_DEPENDENT	visseren-2021-esc-guidelines-cardiovascular-disease-prevention_n0081/na_0013 operation OTHER_OPERATION => visseren-2021-esc-guidelines-cardiovascular-disease-prevention_n0081/na_0013 patientApplicability CONDITION_DEPENDENT
Rule_1628	?a operation OTHER_OPERATION => ?a patientApplicability CONDITION_DEPENDENT	visseren-2021-esc-guidelines-cardiovascular-disease-prevention_n0034/na_0030 operation OTHER_OPERATION => visseren-2021-esc-guidelines-cardiovascular-disease-prevention_n0034/na_0030 patientApplicability CONDITION_DEPENDENT
Rule_1628	?a operation OTHER_OPERATION => ?a patientApplicability CONDITION_DEPENDENT	visseren-2021-esc-guidelines-cardiovascular-disease-prevention_n0034/na_0027 operation OTHER_OPERATION => visseren-2021-esc-guidelines-cardiovascular-disease-prevention_n0034/na_0027 patientApplicability CONDITION_DEPENDENT
Rule_1628	?a operation OTHER_OPERATION => ?a patientApplicability CONDITION_DEPENDENT	ambrosetti-2020-secondary-prevention-comprehensive-cardiovascular-rehabi_n0013/na_0017 operation OTHER_OPERATION => ambrosetti-2020-secondary-prevention-comprehensive-cardiovascular-rehabi_n0013/na_0017 patientApplicability CONDITION_DEPENDENT
Rule_1628	?a operation OTHER_OPERATION => ?a patientApplicability CONDITION_DEPENDENT	zeppenfeld-2022-esc-guidelines-va-and-scd_n0081/na_0002 operation OTHER_OPERATION => zeppenfeld-2022-esc-guidelines-va-and-scd_n0081/na_0002 patientApplicability CONDITION_DEPENDENT
Rule_1628	?a operation OTHER_OPERATION => ?a patientApplicability CONDITION_DEPENDENT	maddox-2021-2021-update-to-the-2017-acc-expert-consensus-decision-pathwa_n0017/na_0008 operation OTHER_OPERATION => maddox-2021-2021-update-to-the-2017-acc-expert-consensus-decision-pathwa_n0017/na_0008 patientApplicability CONDITION_DEPENDENT
Rule_1628	?a operation OTHER_OPERATION => ?a patientApplicability CONDITION_DEPENDENT	visseren-2021-esc-guidelines-cardiovascular-disease-prevention_n0010/na_0039 operation OTHER_OPERATION => visseren-2021-esc-guidelines-cardiovascular-disease-prevention_n0010/na_0039 patientApplicability CONDITION_DEPENDENT
Rule_1628	?a operation OTHER_OPERATION => ?a patientApplicability CONDITION_DEPENDENT	maddox-2021-2021-update-to-the-2017-acc-expert-consensus-decision-pathwa_n0017/na_0033 operation OTHER_OPERATION => maddox-2021-2021-update-to-the-2017-acc-expert-consensus-decision-pathwa_n0017/na_0033 patientApplicability CONDITION_DEPENDENT
Rule_1628	?a operation OTHER_OPERATION => ?a patientApplicability CONDITION_DEPENDENT	al-khatib-2017-aha-acc-hrs-guideline-va-and-scd_n0051/na_0001 operation OTHER_OPERATION => al-khatib-2017-aha-acc-hrs-guideline-va-and-scd_n0051/na_0001 patientApplicability CONDITION_DEPENDENT
Rule_1628	?a operation OTHER_OPERATION => ?a patientApplicability CONDITION_DEPENDENT	execut-1_n0029/na_0009 operation OTHER_OPERATION => execut-1_n0029/na_0009 patientApplicability CONDITION_DEPENDENT
Rule_1628	?a operation OTHER_OPERATION => ?a patientApplicability CONDITION_DEPENDENT	zeppenfeld-2022-esc-guidelines-va-and-scd_n0095/na_0020 operation OTHER_OPERATION => zeppenfeld-2022-esc-guidelines-va-and-scd_n0095/na_0020 patientApplicability CONDITION_DEPENDENT
Rule_1628	?a operation OTHER_OPERATION => ?a patientApplicability CONDITION_DEPENDENT	regitz-zagrosek-2018-2018-esc-guideline-for-the-management-of-cardiovasc_n0017/na_0005 operation OTHER_OPERATION => regitz-zagrosek-2018-2018-esc-guideline-for-the-management-of-cardiovasc_n0017/na_0005 patientApplicability CONDITION_DEPENDENT
Rule_1628	?a operation OTHER_OPERATION => ?a patientApplicability CONDITION_DEPENDENT	regitz-zagrosek-2018-2018-esc-guideline-for-the-management-of-cardiovasc_n0048/na_0009 operation OTHER_OPERATION => regitz-zagrosek-2018-2018-esc-guideline-for-the-management-of-cardiovasc_n0048/na_0009 patientApplicability CONDITION_DEPENDENT
Rule_1628	?a operation OTHER_OPERATION => ?a patientApplicability CONDITION_DEPENDENT	visseren-2021-esc-guidelines-cardiovascular-disease-prevention_n0010/na_0002 operation OTHER_OPERATION => visseren-2021-esc-guidelines-cardiovascular-disease-prevention_n0010/na_0002 patientApplicability CONDITION_DEPENDENT
Rule_1628	?a operation OTHER_OPERATION => ?a patientApplicability CONDITION_DEPENDENT	lenarczyk-2024-management-of-patients-with-an-electrical-storm-or-cluste_n0018/na_0002 operation OTHER_OPERATION => lenarczyk-2024-management-of-patients-with-an-electrical-storm-or-cluste_n0018/na_0002 patientApplicability CONDITION_DEPENDENT
Rule_1628	?a operation OTHER_OPERATION => ?a patientApplicability CONDITION_DEPENDENT	visseren-2021-esc-guidelines-cardiovascular-disease-prevention_n0034/na_0023 operation OTHER_OPERATION => visseren-2021-esc-guidelines-cardiovascular-disease-prevention_n0034/na_0023 patientApplicability CONDITION_DEPENDENT
Rule_1628	?a operation OTHER_OPERATION => ?a patientApplicability CONDITION_DEPENDENT	visseren-2021-esc-guidelines-cardiovascular-disease-prevention_n0010/na_0009 operation OTHER_OPERATION => visseren-2021-esc-guidelines-cardiovascular-disease-prevention_n0010/na_0009 patientApplicability CONDITION_DEPENDENT
Rule_1628	?a operation OTHER_OPERATION => ?a patientApplicability CONDITION_DEPENDENT	zeppenfeld-2022-esc-guidelines-va-and-scd_n0092/na_0012 operation OTHER_OPERATION => zeppenfeld-2022-esc-guidelines-va-and-scd_n0092/na_0012 patientApplicability CONDITION_DEPENDENT
Rule_1628	?a operation OTHER_OPERATION => ?a patientApplicability CONDITION_DEPENDENT	visseren-2021-esc-guidelines-cardiovascular-disease-prevention_n0034/na_0010 operation OTHER_OPERATION => visseren-2021-esc-guidelines-cardiovascular-disease-prevention_n0034/na_0010 patientApplicability CONDITION_DEPENDENT
Rule_1628	?a operation OTHER_OPERATION => ?a patientApplicability CONDITION_DEPENDENT	regitz-zagrosek-2018-2018-esc-guideline-for-the-management-of-cardiovasc_n0013/na_0004 operation OTHER_OPERATION => regitz-zagrosek-2018-2018-esc-guideline-for-the-management-of-cardiovasc_n0013/na_0004 patientApplicability CONDITION_DEPENDENT
Rule_1628	?a operation OTHER_OPERATION => ?a patientApplicability CONDITION_DEPENDENT	heidenreich-2022-aha-acc-hfsa-guidelines_n0039/na_0016 operation OTHER_OPERATION => heidenreich-2022-aha-acc-hfsa-guidelines_n0039/na_0016 patientApplicability CONDITION_DEPENDENT
Rule_1628	?a operation OTHER_OPERATION => ?a patientApplicability CONDITION_DEPENDENT	riegel-2009-promoting-self-care-in-persons-with-heart-failure_n0002/na_0010 operation OTHER_OPERATION => riegel-2009-promoting-self-care-in-persons-with-heart-failure_n0002/na_0010 patientApplicability CONDITION_DEPENDENT
Rule_1628	?a operation OTHER_OPERATION => ?a patientApplicability CONDITION_DEPENDENT	page-2016-drugs-that-may-cause-or-exacerbate-heart-failure_n0001/na_0016 operation OTHER_OPERATION => page-2016-drugs-that-may-cause-or-exacerbate-heart-failure_n0001/na_0016 patientApplicability CONDITION_DEPENDENT
Rule_1628	?a operation OTHER_OPERATION => ?a patientApplicability CONDITION_DEPENDENT	zeppenfeld-2022-esc-guidelines-va-and-scd_n0062/na_0013 operation OTHER_OPERATION => zeppenfeld-2022-esc-guidelines-va-and-scd_n0062/na_0013 patientApplicability CONDITION_DEPENDENT
Rule_1628	?a operation OTHER_OPERATION => ?a patientApplicability CONDITION_DEPENDENT	ambrosetti-2020-secondary-prevention-comprehensive-cardiovascular-rehabi_n0010/na_0012 operation OTHER_OPERATION => ambrosetti-2020-secondary-prevention-comprehensive-cardiovascular-rehabi_n0010/na_0012 patientApplicability CONDITION_DEPENDENT
Rule_1628	?a operation OTHER_OPERATION => ?a patientApplicability CONDITION_DEPENDENT	su_verified_0074e29f31a1f0feb082e0064bee46f60bf6b5ae3f8703d1231341374ed97e52_table_1/na_0021 operation OTHER_OPERATION => su_verified_0074e29f31a1f0feb082e0064bee46f60bf6b5ae3f8703d1231341374ed97e52_table_1/na_0021 patientApplicability CONDITION_DEPENDENT
Rule_1628	?a operation OTHER_OPERATION => ?a patientApplicability CONDITION_DEPENDENT	visseren-2021-esc-guidelines-cardiovascular-disease-prevention_n0033/na_0003 operation OTHER_OPERATION => visseren-2021-esc-guidelines-cardiovascular-disease-prevention_n0033/na_0003 patientApplicability CONDITION_DEPENDENT
Rule_1628	?a operation OTHER_OPERATION => ?a patientApplicability CONDITION_DEPENDENT	mcdonagh-2023-esc-guidelines_n0094/na_0004 operation OTHER_OPERATION => mcdonagh-2023-esc-guidelines_n0094/na_0004 patientApplicability CONDITION_DEPENDENT
Rule_1628	?a operation OTHER_OPERATION => ?a patientApplicability CONDITION_DEPENDENT	al-khatib-2017-aha-acc-hrs-guideline-va-and-scd_n0050/na_0001 operation OTHER_OPERATION => al-khatib-2017-aha-acc-hrs-guideline-va-and-scd_n0050/na_0001 patientApplicability CONDITION_DEPENDENT
Rule_1628	?a operation OTHER_OPERATION => ?a patientApplicability CONDITION_DEPENDENT	zeppenfeld-2022-esc-guidelines-va-and-scd_n0092/na_0010 operation OTHER_OPERATION => zeppenfeld-2022-esc-guidelines-va-and-scd_n0092/na_0010 patientApplicability CONDITION_DEPENDENT
Rule_1628	?a operation OTHER_OPERATION => ?a patientApplicability CONDITION_DEPENDENT	visseren-2021-esc-guidelines-cardiovascular-disease-prevention_n0010/na_0026 operation OTHER_OPERATION => visseren-2021-esc-guidelines-cardiovascular-disease-prevention_n0010/na_0026 patientApplicability CONDITION_DEPENDENT
Rule_1628	?a operation OTHER_OPERATION => ?a patientApplicability CONDITION_DEPENDENT	visseren-2021-esc-guidelines-cardiovascular-disease-prevention_n0010/na_0059 operation OTHER_OPERATION => visseren-2021-esc-guidelines-cardiovascular-disease-prevention_n0010/na_0059 patientApplicability CONDITION_DEPENDENT
Rule_1628	?a operation OTHER_OPERATION => ?a patientApplicability CONDITION_DEPENDENT	pelliccia-2020-2020-esc-guidelines-on-sports-cardiology-and-exercise-in_n0076/na_0017 operation OTHER_OPERATION => pelliccia-2020-2020-esc-guidelines-on-sports-cardiology-and-exercise-in_n0076/na_0017 patientApplicability CONDITION_DEPENDENT
Rule_1628	?a operation OTHER_OPERATION => ?a patientApplicability CONDITION_DEPENDENT	ambrosetti-2020-secondary-prevention-comprehensive-cardiovascular-rehabi_n0006/na_0024 operation OTHER_OPERATION => ambrosetti-2020-secondary-prevention-comprehensive-cardiovascular-rehabi_n0006/na_0024 patientApplicability CONDITION_DEPENDENT
Rule_1628	?a operation OTHER_OPERATION => ?a patientApplicability CONDITION_DEPENDENT	visseren-2021-esc-guidelines-cardiovascular-disease-prevention_n0079/na_0007 operation OTHER_OPERATION => visseren-2021-esc-guidelines-cardiovascular-disease-prevention_n0079/na_0007 patientApplicability CONDITION_DEPENDENT
Rule_1628	?a operation OTHER_OPERATION => ?a patientApplicability CONDITION_DEPENDENT	zeppenfeld-2022-esc-guidelines-va-and-scd_n0020/na_0009 operation OTHER_OPERATION => zeppenfeld-2022-esc-guidelines-va-and-scd_n0020/na_0009 patientApplicability CONDITION_DEPENDENT
Rule_1628	?a operation OTHER_OPERATION => ?a patientApplicability CONDITION_DEPENDENT	visseren-2021-esc-guidelines-cardiovascular-disease-prevention_n0065/na_0001 operation OTHER_OPERATION => visseren-2021-esc-guidelines-cardiovascular-disease-prevention_n0065/na_0001 patientApplicability CONDITION_DEPENDENT
Rule_1628	?a operation OTHER_OPERATION => ?a patientApplicability CONDITION_DEPENDENT	ambrosetti-2020-secondary-prevention-comprehensive-cardiovascular-rehabi_n0014/na_0019 operation OTHER_OPERATION => ambrosetti-2020-secondary-prevention-comprehensive-cardiovascular-rehabi_n0014/na_0019 patientApplicability CONDITION_DEPENDENT
Rule_1628	?a operation OTHER_OPERATION => ?a patientApplicability CONDITION_DEPENDENT	visseren-2021-esc-guidelines-cardiovascular-disease-prevention_n0083/na_0025 operation OTHER_OPERATION => visseren-2021-esc-guidelines-cardiovascular-disease-prevention_n0083/na_0025 patientApplicability CONDITION_DEPENDENT
Rule_1628	?a operation OTHER_OPERATION => ?a patientApplicability CONDITION_DEPENDENT	su_verified_0074e29f31a1f0feb082e0064bee46f60bf6b5ae3f8703d1231341374ed97e52_table_1/na_0041 operation OTHER_OPERATION => su_verified_0074e29f31a1f0feb082e0064bee46f60bf6b5ae3f8703d1231341374ed97e52_table_1/na_0041 patientApplicability CONDITION_DEPENDENT
Rule_1628	?a operation OTHER_OPERATION => ?a patientApplicability CONDITION_DEPENDENT	visseren-2021-esc-guidelines-cardiovascular-disease-prevention_n0010/na_0007 operation OTHER_OPERATION => visseren-2021-esc-guidelines-cardiovascular-disease-prevention_n0010/na_0007 patientApplicability CONDITION_DEPENDENT
Rule_1628	?a operation OTHER_OPERATION => ?a patientApplicability CONDITION_DEPENDENT	zeppenfeld-2022-esc-guidelines-va-and-scd_n0091/na_0004 operation OTHER_OPERATION => zeppenfeld-2022-esc-guidelines-va-and-scd_n0091/na_0004 patientApplicability CONDITION_DEPENDENT
Rule_1628	?a operation OTHER_OPERATION => ?a patientApplicability CONDITION_DEPENDENT	visseren-2021-esc-guidelines-cardiovascular-disease-prevention_n0083/na_0006 operation OTHER_OPERATION => visseren-2021-esc-guidelines-cardiovascular-disease-prevention_n0083/na_0006 patientApplicability CONDITION_DEPENDENT
Rule_1628	?a operation OTHER_OPERATION => ?a patientApplicability CONDITION_DEPENDENT	maddox-2021-2021-update-to-the-2017-acc-expert-consensus-decision-pathwa_n0017/na_0014 operation OTHER_OPERATION => maddox-2021-2021-update-to-the-2017-acc-expert-consensus-decision-pathwa_n0017/na_0014 patientApplicability CONDITION_DEPENDENT
Rule_1628	?a operation OTHER_OPERATION => ?a patientApplicability CONDITION_DEPENDENT	riegel-2009-promoting-self-care-in-persons-with-heart-failure_n0004/na_0023 operation OTHER_OPERATION => riegel-2009-promoting-self-care-in-persons-with-heart-failure_n0004/na_0023 patientApplicability CONDITION_DEPENDENT
Rule_1628	?a operation OTHER_OPERATION => ?a patientApplicability CONDITION_DEPENDENT	von-knobelsdorff-brenkenhoff-2019-empfehlungen-zu-kardialen-mrtuntersuch_n0001/na_0011 operation OTHER_OPERATION => von-knobelsdorff-brenkenhoff-2019-empfehlungen-zu-kardialen-mrtuntersuch_n0001/na_0011 patientApplicability CONDITION_DEPENDENT
Rule_1628	?a operation OTHER_OPERATION => ?a patientApplicability CONDITION_DEPENDENT	page-2016-drugs-that-may-cause-or-exacerbate-heart-failure_n0001/na_0004 operation OTHER_OPERATION => page-2016-drugs-that-may-cause-or-exacerbate-heart-failure_n0001/na_0004 patientApplicability CONDITION_DEPENDENT
Rule_1628	?a operation OTHER_OPERATION => ?a patientApplicability CONDITION_DEPENDENT	execut-1_n0044/na_0021 operation OTHER_OPERATION => execut-1_n0044/na_0021 patientApplicability CONDITION_DEPENDENT
Rule_1628	?a operation OTHER_OPERATION => ?a patientApplicability CONDITION_DEPENDENT	execut-1_n0029/na_0008 operation OTHER_OPERATION => execut-1_n0029/na_0008 patientApplicability CONDITION_DEPENDENT
Rule_1628	?a operation OTHER_OPERATION => ?a patientApplicability CONDITION_DEPENDENT	regitz-zagrosek-2018-2018-esc-guideline-for-the-management-of-cardiovasc_n0048/na_0015 operation OTHER_OPERATION => regitz-zagrosek-2018-2018-esc-guideline-for-the-management-of-cardiovasc_n0048/na_0015 patientApplicability CONDITION_DEPENDENT
Rule_1628	?a operation OTHER_OPERATION => ?a patientApplicability CONDITION_DEPENDENT	su_verified_6ed52cdf724db04223b4d1c2e62f3c35f6b42bc19bc5e3198277d681d47e1eb9_table_7/na_0007 operation OTHER_OPERATION => su_verified_6ed52cdf724db04223b4d1c2e62f3c35f6b42bc19bc5e3198277d681d47e1eb9_table_7/na_0007 patientApplicability CONDITION_DEPENDENT
Rule_1628	?a operation OTHER_OPERATION => ?a patientApplicability CONDITION_DEPENDENT	execut-1_n0023/na_0001 operation OTHER_OPERATION => execut-1_n0023/na_0001 patientApplicability CONDITION_DEPENDENT
Rule_1628	?a operation OTHER_OPERATION => ?a patientApplicability CONDITION_DEPENDENT	maddox-2021-2021-update-to-the-2017-acc-expert-consensus-decision-pathwa_n0017/na_0031 operation OTHER_OPERATION => maddox-2021-2021-update-to-the-2017-acc-expert-consensus-decision-pathwa_n0017/na_0031 patientApplicability CONDITION_DEPENDENT
Rule_1628	?a operation OTHER_OPERATION => ?a patientApplicability CONDITION_DEPENDENT	visseren-2021-esc-guidelines-cardiovascular-disease-prevention_n0034/na_0005 operation OTHER_OPERATION => visseren-2021-esc-guidelines-cardiovascular-disease-prevention_n0034/na_0005 patientApplicability CONDITION_DEPENDENT
Rule_1628	?a operation OTHER_OPERATION => ?a patientApplicability CONDITION_DEPENDENT	maddox-2021-2021-update-to-the-2017-acc-expert-consensus-decision-pathwa_n0014/na_0012 operation OTHER_OPERATION => maddox-2021-2021-update-to-the-2017-acc-expert-consensus-decision-pathwa_n0014/na_0012 patientApplicability CONDITION_DEPENDENT
Rule_1628	?a operation OTHER_OPERATION => ?a patientApplicability CONDITION_DEPENDENT	mcdonagh-2023-esc-guidelines_n0045/na_0002 operation OTHER_OPERATION => mcdonagh-2023-esc-guidelines_n0045/na_0002 patientApplicability CONDITION_DEPENDENT
Rule_1628	?a operation OTHER_OPERATION => ?a patientApplicability CONDITION_DEPENDENT	zeppenfeld-2022-esc-guidelines-va-and-scd_n0085/na_0005 operation OTHER_OPERATION => zeppenfeld-2022-esc-guidelines-va-and-scd_n0085/na_0005 patientApplicability CONDITION_DEPENDENT
Rule_1628	?a operation OTHER_OPERATION => ?a patientApplicability CONDITION_DEPENDENT	ambrosetti-2020-secondary-prevention-comprehensive-cardiovascular-rehabi_n0006/na_0014 operation OTHER_OPERATION => ambrosetti-2020-secondary-prevention-comprehensive-cardiovascular-rehabi_n0006/na_0014 patientApplicability CONDITION_DEPENDENT
Rule_1628	?a operation OTHER_OPERATION => ?a patientApplicability CONDITION_DEPENDENT	visseren-2021-esc-guidelines-cardiovascular-disease-prevention_n0034/na_0047 operation OTHER_OPERATION => visseren-2021-esc-guidelines-cardiovascular-disease-prevention_n0034/na_0047 patientApplicability CONDITION_DEPENDENT
Rule_1628	?a operation OTHER_OPERATION => ?a patientApplicability CONDITION_DEPENDENT	visseren-2021-esc-guidelines-cardiovascular-disease-prevention_n0082/na_0002 operation OTHER_OPERATION => visseren-2021-esc-guidelines-cardiovascular-disease-prevention_n0082/na_0002 patientApplicability CONDITION_DEPENDENT
Rule_1628	?a operation OTHER_OPERATION => ?a patientApplicability CONDITION_DEPENDENT	regitz-zagrosek-2018-2018-esc-guideline-for-the-management-of-cardiovasc_n0018/na_0004 operation OTHER_OPERATION => regitz-zagrosek-2018-2018-esc-guideline-for-the-management-of-cardiovasc_n0018/na_0004 patientApplicability CONDITION_DEPENDENT
Rule_1628	?a operation OTHER_OPERATION => ?a patientApplicability CONDITION_DEPENDENT	visseren-2021-esc-guidelines-cardiovascular-disease-prevention_n0010/na_0003 operation OTHER_OPERATION => visseren-2021-esc-guidelines-cardiovascular-disease-prevention_n0010/na_0003 patientApplicability CONDITION_DEPENDENT
Rule_1628	?a operation OTHER_OPERATION => ?a patientApplicability CONDITION_DEPENDENT	maddox-2021-2021-update-to-the-2017-acc-expert-consensus-decision-pathwa_n0014/na_0001 operation OTHER_OPERATION => maddox-2021-2021-update-to-the-2017-acc-expert-consensus-decision-pathwa_n0014/na_0001 patientApplicability CONDITION_DEPENDENT
Rule_1628	?a operation OTHER_OPERATION => ?a patientApplicability CONDITION_DEPENDENT	execut-1_n0048/na_0013 operation OTHER_OPERATION => execut-1_n0048/na_0013 patientApplicability CONDITION_DEPENDENT
Rule_1628	?a operation OTHER_OPERATION => ?a patientApplicability CONDITION_DEPENDENT	ambrosetti-2020-secondary-prevention-comprehensive-cardiovascular-rehabi_n0006/na_0004 operation OTHER_OPERATION => ambrosetti-2020-secondary-prevention-comprehensive-cardiovascular-rehabi_n0006/na_0004 patientApplicability CONDITION_DEPENDENT
Rule_1628	?a operation OTHER_OPERATION => ?a patientApplicability CONDITION_DEPENDENT	braunschweig-2010-management-of-patients-receiving-implantable-cardiac-d_n0007/na_0002 operation OTHER_OPERATION => braunschweig-2010-management-of-patients-receiving-implantable-cardiac-d_n0007/na_0002 patientApplicability CONDITION_DEPENDENT
Rule_1628	?a operation OTHER_OPERATION => ?a patientApplicability CONDITION_DEPENDENT	sedf99-1_n0001/na_0014 operation OTHER_OPERATION => sedf99-1_n0001/na_0014 patientApplicability CONDITION_DEPENDENT
Rule_1628	?a operation OTHER_OPERATION => ?a patientApplicability CONDITION_DEPENDENT	zeppenfeld-2022-esc-guidelines-va-and-scd_n0021/na_0017 operation OTHER_OPERATION => zeppenfeld-2022-esc-guidelines-va-and-scd_n0021/na_0017 patientApplicability CONDITION_DEPENDENT
Rule_1628	?a operation OTHER_OPERATION => ?a patientApplicability CONDITION_DEPENDENT	al-khatib-2017-aha-acc-hrs-guideline-va-and-scd_n0051/na_0004 operation OTHER_OPERATION => al-khatib-2017-aha-acc-hrs-guideline-va-and-scd_n0051/na_0004 patientApplicability CONDITION_DEPENDENT
Rule_1628	?a operation OTHER_OPERATION => ?a patientApplicability CONDITION_DEPENDENT	visseren-2021-esc-guidelines-cardiovascular-disease-prevention_n0010/na_0053 operation OTHER_OPERATION => visseren-2021-esc-guidelines-cardiovascular-disease-prevention_n0010/na_0053 patientApplicability CONDITION_DEPENDENT
Rule_1628	?a operation OTHER_OPERATION => ?a patientApplicability CONDITION_DEPENDENT	visseren-2021-esc-guidelines-cardiovascular-disease-prevention_n0034/na_0034 operation OTHER_OPERATION => visseren-2021-esc-guidelines-cardiovascular-disease-prevention_n0034/na_0034 patientApplicability CONDITION_DEPENDENT
Rule_1628	?a operation OTHER_OPERATION => ?a patientApplicability CONDITION_DEPENDENT	pelliccia-2020-2020-esc-guidelines-on-sports-cardiology-and-exercise-in_n0068/na_0007 operation OTHER_OPERATION => pelliccia-2020-2020-esc-guidelines-on-sports-cardiology-and-exercise-in_n0068/na_0007 patientApplicability CONDITION_DEPENDENT
Rule_1628	?a operation OTHER_OPERATION => ?a patientApplicability CONDITION_DEPENDENT	visseren-2021-esc-guidelines-cardiovascular-disease-prevention_n0081/na_0002 operation OTHER_OPERATION => visseren-2021-esc-guidelines-cardiovascular-disease-prevention_n0081/na_0002 patientApplicability CONDITION_DEPENDENT
Rule_1628	?a operation OTHER_OPERATION => ?a patientApplicability CONDITION_DEPENDENT	visseren-2021-esc-guidelines-cardiovascular-disease-prevention_n0082/na_0013 operation OTHER_OPERATION => visseren-2021-esc-guidelines-cardiovascular-disease-prevention_n0082/na_0013 patientApplicability CONDITION_DEPENDENT
Rule_1628	?a operation OTHER_OPERATION => ?a patientApplicability CONDITION_DEPENDENT	execut-1_n0044/na_0014 operation OTHER_OPERATION => execut-1_n0044/na_0014 patientApplicability CONDITION_DEPENDENT
Rule_1628	?a operation OTHER_OPERATION => ?a patientApplicability CONDITION_DEPENDENT	visseren-2021-esc-guidelines-cardiovascular-disease-prevention_n0034/na_0015 operation OTHER_OPERATION => visseren-2021-esc-guidelines-cardiovascular-disease-prevention_n0034/na_0015 patientApplicability CONDITION_DEPENDENT
Rule_1628	?a operation OTHER_OPERATION => ?a patientApplicability CONDITION_DEPENDENT	pelliccia-2020-2020-esc-guidelines-on-sports-cardiology-and-exercise-in_n0068/na_0001 operation OTHER_OPERATION => pelliccia-2020-2020-esc-guidelines-on-sports-cardiology-and-exercise-in_n0068/na_0001 patientApplicability CONDITION_DEPENDENT
Rule_1628	?a operation OTHER_OPERATION => ?a patientApplicability CONDITION_DEPENDENT	visseren-2021-esc-guidelines-cardiovascular-disease-prevention_n0010/na_0028 operation OTHER_OPERATION => visseren-2021-esc-guidelines-cardiovascular-disease-prevention_n0010/na_0028 patientApplicability CONDITION_DEPENDENT
Rule_1628	?a operation OTHER_OPERATION => ?a patientApplicability CONDITION_DEPENDENT	heidenreich-2022-aha-acc-hfsa-guidelines_n0068/na_0001 operation OTHER_OPERATION => heidenreich-2022-aha-acc-hfsa-guidelines_n0068/na_0001 patientApplicability CONDITION_DEPENDENT
Rule_1628	?a operation OTHER_OPERATION => ?a patientApplicability CONDITION_DEPENDENT	visseren-2021-esc-guidelines-cardiovascular-disease-prevention_n0034/na_0007 operation OTHER_OPERATION => visseren-2021-esc-guidelines-cardiovascular-disease-prevention_n0034/na_0007 patientApplicability CONDITION_DEPENDENT
Rule_1628	?a operation OTHER_OPERATION => ?a patientApplicability CONDITION_DEPENDENT	sectio-1_n0028/na_0006 operation OTHER_OPERATION => sectio-1_n0028/na_0006 patientApplicability CONDITION_DEPENDENT
Rule_1628	?a operation OTHER_OPERATION => ?a patientApplicability CONDITION_DEPENDENT	visseren-2021-esc-guidelines-cardiovascular-disease-prevention_n0027/na_0007 operation OTHER_OPERATION => visseren-2021-esc-guidelines-cardiovascular-disease-prevention_n0027/na_0007 patientApplicability CONDITION_DEPENDENT
Rule_1628	?a operation OTHER_OPERATION => ?a patientApplicability CONDITION_DEPENDENT	zeppenfeld-2022-esc-guidelines-va-and-scd_n0092/na_0011 operation OTHER_OPERATION => zeppenfeld-2022-esc-guidelines-va-and-scd_n0092/na_0011 patientApplicability CONDITION_DEPENDENT
Rule_1628	?a operation OTHER_OPERATION => ?a patientApplicability CONDITION_DEPENDENT	maddox-2021-2021-update-to-the-2017-acc-expert-consensus-decision-pathwa_n0014/na_0026 operation OTHER_OPERATION => maddox-2021-2021-update-to-the-2017-acc-expert-consensus-decision-pathwa_n0014/na_0026 patientApplicability CONDITION_DEPENDENT
Rule_1628	?a operation OTHER_OPERATION => ?a patientApplicability CONDITION_DEPENDENT	visseren-2021-esc-guidelines-cardiovascular-disease-prevention_n0010/na_0034 operation OTHER_OPERATION => visseren-2021-esc-guidelines-cardiovascular-disease-prevention_n0010/na_0034 patientApplicability CONDITION_DEPENDENT
Rule_1628	?a operation OTHER_OPERATION => ?a patientApplicability CONDITION_DEPENDENT	visseren-2021-esc-guidelines-cardiovascular-disease-prevention_n0034/na_0024 operation OTHER_OPERATION => visseren-2021-esc-guidelines-cardiovascular-disease-prevention_n0034/na_0024 patientApplicability CONDITION_DEPENDENT
Rule_1628	?a operation OTHER_OPERATION => ?a patientApplicability CONDITION_DEPENDENT	visseren-2021-esc-guidelines-cardiovascular-disease-prevention_n0010/na_0050 operation OTHER_OPERATION => visseren-2021-esc-guidelines-cardiovascular-disease-prevention_n0010/na_0050 patientApplicability CONDITION_DEPENDENT
Rule_1628	?a operation OTHER_OPERATION => ?a patientApplicability CONDITION_DEPENDENT	page-2016-drugs-that-may-cause-or-exacerbate-heart-failure_n0001/na_0012 operation OTHER_OPERATION => page-2016-drugs-that-may-cause-or-exacerbate-heart-failure_n0001/na_0012 patientApplicability CONDITION_DEPENDENT
Rule_1628	?a operation OTHER_OPERATION => ?a patientApplicability CONDITION_DEPENDENT	execut-1_n0044/na_0007 operation OTHER_OPERATION => execut-1_n0044/na_0007 patientApplicability CONDITION_DEPENDENT
Rule_1628	?a operation OTHER_OPERATION => ?a patientApplicability CONDITION_DEPENDENT	mcdonagh-2023-esc-guidelines_n0046/na_0001 operation OTHER_OPERATION => mcdonagh-2023-esc-guidelines_n0046/na_0001 patientApplicability CONDITION_DEPENDENT
Rule_1628	?a operation OTHER_OPERATION => ?a patientApplicability CONDITION_DEPENDENT	execut-1_n0020/na_0002 operation OTHER_OPERATION => execut-1_n0020/na_0002 patientApplicability CONDITION_DEPENDENT
Rule_1628	?a operation OTHER_OPERATION => ?a patientApplicability CONDITION_DEPENDENT	maddox-2021-2021-update-to-the-2017-acc-expert-consensus-decision-pathwa_n0017/na_0028 operation OTHER_OPERATION => maddox-2021-2021-update-to-the-2017-acc-expert-consensus-decision-pathwa_n0017/na_0028 patientApplicability CONDITION_DEPENDENT
Rule_1628	?a operation OTHER_OPERATION => ?a patientApplicability CONDITION_DEPENDENT	execut-1_n0048/na_0018 operation OTHER_OPERATION => execut-1_n0048/na_0018 patientApplicability CONDITION_DEPENDENT
Rule_1628	?a operation OTHER_OPERATION => ?a patientApplicability CONDITION_DEPENDENT	al-khatib-2017-aha-acc-hrs-guideline-va-and-scd_n0042/na_0005 operation OTHER_OPERATION => al-khatib-2017-aha-acc-hrs-guideline-va-and-scd_n0042/na_0005 patientApplicability CONDITION_DEPENDENT
Rule_1628	?a operation OTHER_OPERATION => ?a patientApplicability CONDITION_DEPENDENT	zeppenfeld-2022-esc-guidelines-va-and-scd_n0018/na_0030 operation OTHER_OPERATION => zeppenfeld-2022-esc-guidelines-va-and-scd_n0018/na_0030 patientApplicability CONDITION_DEPENDENT
Rule_1628	?a operation OTHER_OPERATION => ?a patientApplicability CONDITION_DEPENDENT	von-knobelsdorff-brenkenhoff-2019-empfehlungen-zu-kardialen-mrtuntersuch_n0001/na_0012 operation OTHER_OPERATION => von-knobelsdorff-brenkenhoff-2019-empfehlungen-zu-kardialen-mrtuntersuch_n0001/na_0012 patientApplicability CONDITION_DEPENDENT
Rule_1628	?a operation OTHER_OPERATION => ?a patientApplicability CONDITION_DEPENDENT	zeppenfeld-2022-esc-guidelines-va-and-scd_n0096/na_0023 operation OTHER_OPERATION => zeppenfeld-2022-esc-guidelines-va-and-scd_n0096/na_0023 patientApplicability CONDITION_DEPENDENT
Rule_1628	?a operation OTHER_OPERATION => ?a patientApplicability CONDITION_DEPENDENT	ambrosetti-2020-secondary-prevention-comprehensive-cardiovascular-rehabi_n0016/na_0021 operation OTHER_OPERATION => ambrosetti-2020-secondary-prevention-comprehensive-cardiovascular-rehabi_n0016/na_0021 patientApplicability CONDITION_DEPENDENT
Rule_1628	?a operation OTHER_OPERATION => ?a patientApplicability CONDITION_DEPENDENT	cardiosmart-heartfailurebasics_n0002/na_0001 operation OTHER_OPERATION => cardiosmart-heartfailurebasics_n0002/na_0001 patientApplicability CONDITION_DEPENDENT
Rule_1628	?a operation OTHER_OPERATION => ?a patientApplicability CONDITION_DEPENDENT	regitz-zagrosek-2018-2018-esc-guideline-for-the-management-of-cardiovasc_n0025/na_0014 operation OTHER_OPERATION => regitz-zagrosek-2018-2018-esc-guideline-for-the-management-of-cardiovasc_n0025/na_0014 patientApplicability CONDITION_DEPENDENT
Rule_1628	?a operation OTHER_OPERATION => ?a patientApplicability CONDITION_DEPENDENT	regitz-zagrosek-2018-2018-esc-guideline-for-the-management-of-cardiovasc_n0049/na_0006 operation OTHER_OPERATION => regitz-zagrosek-2018-2018-esc-guideline-for-the-management-of-cardiovasc_n0049/na_0006 patientApplicability CONDITION_DEPENDENT
Rule_1628	?a operation OTHER_OPERATION => ?a patientApplicability CONDITION_DEPENDENT	visseren-2021-esc-guidelines-cardiovascular-disease-prevention_n0034/na_0013 operation OTHER_OPERATION => visseren-2021-esc-guidelines-cardiovascular-disease-prevention_n0034/na_0013 patientApplicability CONDITION_DEPENDENT
Rule_1628	?a operation OTHER_OPERATION => ?a patientApplicability CONDITION_DEPENDENT	morris-2021-guidance-for-timely-and-appropriate-referral-of-patients-wit_n0002/na_0008 operation OTHER_OPERATION => morris-2021-guidance-for-timely-and-appropriate-referral-of-patients-wit_n0002/na_0008 patientApplicability CONDITION_DEPENDENT
Rule_1628	?a operation OTHER_OPERATION => ?a patientApplicability CONDITION_DEPENDENT	zeppenfeld-2022-esc-guidelines-va-and-scd_n0021/na_0014 operation OTHER_OPERATION => zeppenfeld-2022-esc-guidelines-va-and-scd_n0021/na_0014 patientApplicability CONDITION_DEPENDENT
Rule_1628	?a operation OTHER_OPERATION => ?a patientApplicability CONDITION_DEPENDENT	von-knobelsdorff-brenkenhoff-2019-empfehlungen-zu-kardialen-mrtuntersuch_n0001/na_0003 operation OTHER_OPERATION => von-knobelsdorff-brenkenhoff-2019-empfehlungen-zu-kardialen-mrtuntersuch_n0001/na_0003 patientApplicability CONDITION_DEPENDENT
Rule_1628	?a operation OTHER_OPERATION => ?a patientApplicability CONDITION_DEPENDENT	su_verified_6ed52cdf724db04223b4d1c2e62f3c35f6b42bc19bc5e3198277d681d47e1eb9_table_6/na_0028 operation OTHER_OPERATION => su_verified_6ed52cdf724db04223b4d1c2e62f3c35f6b42bc19bc5e3198277d681d47e1eb9_table_6/na_0028 patientApplicability CONDITION_DEPENDENT
Rule_1628	?a operation OTHER_OPERATION => ?a patientApplicability CONDITION_DEPENDENT	ambrosetti-2020-secondary-prevention-comprehensive-cardiovascular-rehabi_n0013/na_0007 operation OTHER_OPERATION => ambrosetti-2020-secondary-prevention-comprehensive-cardiovascular-rehabi_n0013/na_0007 patientApplicability CONDITION_DEPENDENT
Rule_1628	?a operation OTHER_OPERATION => ?a patientApplicability CONDITION_DEPENDENT	mcdonagh-2023-esc-guidelines_n0045/na_0005 operation OTHER_OPERATION => mcdonagh-2023-esc-guidelines_n0045/na_0005 patientApplicability CONDITION_DEPENDENT
Rule_1628	?a operation OTHER_OPERATION => ?a patientApplicability CONDITION_DEPENDENT	visseren-2021-esc-guidelines-cardiovascular-disease-prevention_n0082/na_0003 operation OTHER_OPERATION => visseren-2021-esc-guidelines-cardiovascular-disease-prevention_n0082/na_0003 patientApplicability CONDITION_DEPENDENT
Rule_1628	?a operation OTHER_OPERATION => ?a patientApplicability CONDITION_DEPENDENT	visseren-2021-esc-guidelines-cardiovascular-disease-prevention_n0034/na_0012 operation OTHER_OPERATION => visseren-2021-esc-guidelines-cardiovascular-disease-prevention_n0034/na_0012 patientApplicability CONDITION_DEPENDENT
