rule_index	rule	grounding
Rule_1453	?a direction FOR => ?a operation PERFORM	sectio-1_n0023/na_0003 direction FOR => sectio-1_n0023/na_0003 operation PERFORM
Rule_1453	?a direction FOR => ?a operation PERFORM	zeppenfeld-2022-esc-guidelines-va-and-scd_n0070/na_0002 direction FOR => zeppenfeld-2022-esc-guidelines-va-and-scd_n0070/na_0002 operation PERFORM
Rule_1453	?a direction FOR => ?a operation PERFORM	zeppenfeld-2022-esc-guidelines-va-and-scd_n0094/na_0005 direction FOR => zeppenfeld-2022-esc-guidelines-va-and-scd_n0094/na_0005 operation PERFORM
Rule_1453	?a direction FOR => ?a operation PERFORM	glikson-2021-2021-esc-guidelines-on-cardiac-pacing-and-cardiac-resynchro_n0021/na_0001 direction FOR => glikson-2021-2021-esc-guidelines-on-cardiac-pacing-and-cardiac-resynchro_n0021/na_0001 operation PERFORM
Rule_1453	?a direction FOR => ?a operation PERFORM	seb24c-1_n0002/na_0013 direction FOR => seb24c-1_n0002/na_0013 operation PERFORM
Rule_1453	?a direction FOR => ?a operation PERFORM	su_verified_1d4ae21bdadbacafa8087e019976dde180c346c5d4626772c2b286528336efac_table_14/na_0004 direction FOR => su_verified_1d4ae21bdadbacafa8087e019976dde180c346c5d4626772c2b286528336efac_table_14/na_0004 operation PERFORM
Rule_1453	?a direction FOR => ?a operation PERFORM	regitz-zagrosek-2018-2018-esc-guideline-for-the-management-of-cardiovasc_n0048/na_0004 direction FOR => regitz-zagrosek-2018-2018-esc-guideline-for-the-management-of-cardiovasc_n0048/na_0004 operation PERFORM
Rule_1453	?a direction FOR => ?a operation PERFORM	vest-2019-nutrition-obesity-and-cachexia-in-patients-with-heart-failure_n0001/na_9000 direction FOR => vest-2019-nutrition-obesity-and-cachexia-in-patients-with-heart-failure_n0001/na_9000 operation PERFORM
Rule_1453	?a direction FOR => ?a operation PERFORM	mcdonagh-2023-esc-guidelines_n0085/na_0001 direction FOR => mcdonagh-2023-esc-guidelines_n0085/na_0001 operation PERFORM
Rule_1453	?a direction FOR => ?a operation PERFORM	heidenreich-2022-aha-acc-hfsa-guidelines_n0039/na_0011 direction FOR => heidenreich-2022-aha-acc-hfsa-guidelines_n0039/na_0011 operation PERFORM
Rule_1453	?a direction FOR => ?a operation PERFORM	ferrick-2023-2023-hrs-ehra-aphrs-lahrs-expert-consensus-statement-on-pra_n0019/na_0001 direction FOR => ferrick-2023-2023-hrs-ehra-aphrs-lahrs-expert-consensus-statement-on-pra_n0019/na_0001 operation PERFORM
Rule_1453	?a direction FOR => ?a operation PERFORM	regitz-zagrosek-2018-2018-esc-guideline-for-the-management-of-cardiovasc_n0029/na_0009 direction FOR => regitz-zagrosek-2018-2018-esc-guideline-for-the-management-of-cardiovasc_n0029/na_0009 operation PERFORM
Rule_1453	?a direction FOR => ?a operation PERFORM	zeppenfeld-2022-esc-guidelines-va-and-scd_n0094/na_0022 direction FOR => zeppenfeld-2022-esc-guidelines-va-and-scd_n0094/na_0022 operation PERFORM
Rule_1453	?a direction FOR => ?a operation PERFORM	regitz-zagrosek-2018-2018-esc-guideline-for-the-management-of-cardiovasc_n0016/na_0018 direction FOR => regitz-zagrosek-2018-2018-esc-guideline-for-the-management-of-cardiovasc_n0016/na_0018 operation PERFORM
Rule_1453	?a direction FOR => ?a operation PERFORM	mcdonagh-2023-esc-guidelines_n0031/na_0001 direction FOR => mcdonagh-2023-esc-guidelines_n0031/na_0001 operation PERFORM
Rule_1453	?a direction FOR => ?a operation PERFORM	glikson-2021-2021-esc-guidelines-on-cardiac-pacing-and-cardiac-resynchro_n0020/na_0071 direction FOR => glikson-2021-2021-esc-guidelines-on-cardiac-pacing-and-cardiac-resynchro_n0020/na_0071 operation PERFORM
Rule_1453	?a direction FOR => ?a operation PERFORM	sectio-1_n0006/na_0002 direction FOR => sectio-1_n0006/na_0002 operation PERFORM
Rule_1453	?a direction FOR => ?a operation PERFORM	mcdonagh-2023-esc-guidelines_n0097/na_0002 direction FOR => mcdonagh-2023-esc-guidelines_n0097/na_0002 operation PERFORM
Rule_1453	?a direction FOR => ?a operation PERFORM	mcdonagh-2023-esc-guidelines_n0083/na_0006 direction FOR => mcdonagh-2023-esc-guidelines_n0083/na_0006 operation PERFORM
Rule_1453	?a direction FOR => ?a operation PERFORM	zeppenfeld-2022-esc-guidelines-va-and-scd_n0078/na_0001 direction FOR => zeppenfeld-2022-esc-guidelines-va-and-scd_n0078/na_0001 operation PERFORM
Rule_1453	?a direction FOR => ?a operation PERFORM	zeppenfeld-2022-esc-guidelines-va-and-scd_n0019/na_0018 direction FOR => zeppenfeld-2022-esc-guidelines-va-and-scd_n0019/na_0018 operation PERFORM
Rule_1453	?a direction FOR => ?a operation PERFORM	mcdonagh-2023-esc-guidelines_n0063/na_0003 direction FOR => mcdonagh-2023-esc-guidelines_n0063/na_0003 operation PERFORM
Rule_1453	?a direction FOR => ?a operation PERFORM	vest-2019-nutrition-obesity-and-cachexia-in-patients-with-heart-failure_n0001/na_0001 direction FOR => vest-2019-nutrition-obesity-and-cachexia-in-patients-with-heart-failure_n0001/na_0001 operation PERFORM
Rule_1453	?a direction FOR => ?a operation PERFORM	pelliccia-2020-2020-esc-guidelines-on-sports-cardiology-and-exercise-in_n0025/na_0001 direction FOR => pelliccia-2020-2020-esc-guidelines-on-sports-cardiology-and-exercise-in_n0025/na_0001 operation PERFORM
Rule_1453	?a direction FOR => ?a operation PERFORM	zeppenfeld-2022-esc-guidelines-va-and-scd_n0019/na_0016 direction FOR => zeppenfeld-2022-esc-guidelines-va-and-scd_n0019/na_0016 operation PERFORM
Rule_1453	?a direction FOR => ?a operation PERFORM	zeppenfeld-2022-esc-guidelines-va-and-scd_n0068/na_0001 direction FOR => zeppenfeld-2022-esc-guidelines-va-and-scd_n0068/na_0001 operation PERFORM
Rule_1453	?a direction FOR => ?a operation PERFORM	mcdonagh-2023-esc-guidelines_n0021/na_0017 direction FOR => mcdonagh-2023-esc-guidelines_n0021/na_0017 operation PERFORM
Rule_1453	?a direction FOR => ?a operation PERFORM	execut-1_n0040/na_0019 direction FOR => execut-1_n0040/na_0019 operation PERFORM
Rule_1453	?a direction FOR => ?a operation PERFORM	ambrosetti-2020-secondary-prevention-comprehensive-cardiovascular-rehabi_n0015/na_0005 direction FOR => ambrosetti-2020-secondary-prevention-comprehensive-cardiovascular-rehabi_n0015/na_0005 operation PERFORM
Rule_1453	?a direction FOR => ?a operation PERFORM	zeppenfeld-2022-esc-guidelines-va-and-scd_n0017/na_0012 direction FOR => zeppenfeld-2022-esc-guidelines-va-and-scd_n0017/na_0012 operation PERFORM
Rule_1453	?a direction FOR => ?a operation PERFORM	glikson-2021-2021-esc-guidelines-on-cardiac-pacing-and-cardiac-resynchro_n0052/na_0006 direction FOR => glikson-2021-2021-esc-guidelines-on-cardiac-pacing-and-cardiac-resynchro_n0052/na_0006 operation PERFORM
Rule_1453	?a direction FOR => ?a operation PERFORM	visseren-2021-esc-guidelines-cardiovascular-disease-prevention_n0056/na_0005 direction FOR => visseren-2021-esc-guidelines-cardiovascular-disease-prevention_n0056/na_0005 operation PERFORM
Rule_1453	?a direction FOR => ?a operation PERFORM	zeppenfeld-2022-esc-guidelines-va-and-scd_n0097/na_0008 direction FOR => zeppenfeld-2022-esc-guidelines-va-and-scd_n0097/na_0008 operation PERFORM
Rule_1453	?a direction FOR => ?a operation PERFORM	glikson-2021-2021-esc-guidelines-on-cardiac-pacing-and-cardiac-resynchro_n0081/na_0002 direction FOR => glikson-2021-2021-esc-guidelines-on-cardiac-pacing-and-cardiac-resynchro_n0081/na_0002 operation PERFORM
Rule_1453	?a direction FOR => ?a operation PERFORM	al-khatib-2017-aha-acc-hrs-guideline-va-and-scd_n0038/na_0002 direction FOR => al-khatib-2017-aha-acc-hrs-guideline-va-and-scd_n0038/na_0002 operation PERFORM
Rule_1453	?a direction FOR => ?a operation PERFORM	heidenreich-2022-aha-acc-hfsa-guidelines_n0063/na_0001 direction FOR => heidenreich-2022-aha-acc-hfsa-guidelines_n0063/na_0001 operation PERFORM
Rule_1453	?a direction FOR => ?a operation PERFORM	sectio-1_n0007/na_0004 direction FOR => sectio-1_n0007/na_0004 operation PERFORM
Rule_1453	?a direction FOR => ?a operation PERFORM	execut-1_n0027/na_0007 direction FOR => execut-1_n0027/na_0007 operation PERFORM
Rule_1453	?a direction FOR => ?a operation PERFORM	zeppenfeld-2022-esc-guidelines-va-and-scd_n0073/na_0002 direction FOR => zeppenfeld-2022-esc-guidelines-va-and-scd_n0073/na_0002 operation PERFORM
Rule_1453	?a direction FOR => ?a operation PERFORM	vest-2019-nutrition-obesity-and-cachexia-in-patients-with-heart-failure_n0001/na_0002 direction FOR => vest-2019-nutrition-obesity-and-cachexia-in-patients-with-heart-failure_n0001/na_0002 operation PERFORM
Rule_1453	?a direction FOR => ?a operation PERFORM	glikson-2021-2021-esc-guidelines-on-cardiac-pacing-and-cardiac-resynchro_n0046/na_0008 direction FOR => glikson-2021-2021-esc-guidelines-on-cardiac-pacing-and-cardiac-resynchro_n0046/na_0008 operation PERFORM
Rule_1453	?a direction FOR => ?a operation PERFORM	zeppenfeld-2022-esc-guidelines-va-and-scd_n0091/na_0019 direction FOR => zeppenfeld-2022-esc-guidelines-va-and-scd_n0091/na_0019 operation PERFORM
Rule_1453	?a direction FOR => ?a operation PERFORM	pelliccia-2020-2020-esc-guidelines-on-sports-cardiology-and-exercise-in_n0074/na_0004 direction FOR => pelliccia-2020-2020-esc-guidelines-on-sports-cardiology-and-exercise-in_n0074/na_0004 operation PERFORM
Rule_1453	?a direction FOR => ?a operation PERFORM	heidenreich-2022-aha-acc-hfsa-guidelines_n0065/na_0004 direction FOR => heidenreich-2022-aha-acc-hfsa-guidelines_n0065/na_0004 operation PERFORM
Rule_1453	?a direction FOR => ?a operation PERFORM	heidenreich-2022-aha-acc-hfsa-guidelines_n0083/na_0004 direction FOR => heidenreich-2022-aha-acc-hfsa-guidelines_n0083/na_0004 operation PERFORM
Rule_1453	?a direction FOR => ?a operation PERFORM	heidenreich-2022-aha-acc-hfsa-guidelines_n0015/na_0003 direction FOR => heidenreich-2022-aha-acc-hfsa-guidelines_n0015/na_0003 operation PERFORM
Rule_1453	?a direction FOR => ?a operation PERFORM	glikson-2021-2021-esc-guidelines-on-cardiac-pacing-and-cardiac-resynchro_n0063/na_0002 direction FOR => glikson-2021-2021-esc-guidelines-on-cardiac-pacing-and-cardiac-resynchro_n0063/na_0002 operation PERFORM
Rule_1453	?a direction FOR => ?a operation PERFORM	mcdonagh-2023-esc-guidelines_n0097/na_0003 direction FOR => mcdonagh-2023-esc-guidelines_n0097/na_0003 operation PERFORM
Rule_1453	?a direction FOR => ?a operation PERFORM	heidenreich-2022-aha-acc-hfsa-guidelines_n0014/na_0003 direction FOR => heidenreich-2022-aha-acc-hfsa-guidelines_n0014/na_0003 operation PERFORM
Rule_1453	?a direction FOR => ?a operation PERFORM	glikson-2021-2021-esc-guidelines-on-cardiac-pacing-and-cardiac-resynchro_n0086/na_0013 direction FOR => glikson-2021-2021-esc-guidelines-on-cardiac-pacing-and-cardiac-resynchro_n0086/na_0013 operation PERFORM
Rule_1453	?a direction FOR => ?a operation PERFORM	sectio-1_n0022/na_0012 direction FOR => sectio-1_n0022/na_0012 operation PERFORM
Rule_1453	?a direction FOR => ?a operation PERFORM	mcdonagh-2023-esc-guidelines_n0023/na_0018 direction FOR => mcdonagh-2023-esc-guidelines_n0023/na_0018 operation PERFORM
Rule_1453	?a direction FOR => ?a operation PERFORM	heidenreich-2022-aha-acc-hfsa-guidelines_n0063/na_0003 direction FOR => heidenreich-2022-aha-acc-hfsa-guidelines_n0063/na_0003 operation PERFORM
Rule_1453	?a direction FOR => ?a operation PERFORM	heidenreich-2022-aha-acc-hfsa-guidelines_n0083/na_0001 direction FOR => heidenreich-2022-aha-acc-hfsa-guidelines_n0083/na_0001 operation PERFORM
Rule_1453	?a direction FOR => ?a operation PERFORM	zeppenfeld-2022-esc-guidelines-va-and-scd_n0079/na_0001 direction FOR => zeppenfeld-2022-esc-guidelines-va-and-scd_n0079/na_0001 operation PERFORM
Rule_1453	?a direction FOR => ?a operation PERFORM	heidenreich-2022-aha-acc-hfsa-guidelines_n0040/na_0002 direction FOR => heidenreich-2022-aha-acc-hfsa-guidelines_n0040/na_0002 operation PERFORM
Rule_1453	?a direction FOR => ?a operation PERFORM	mcdonagh-2023-esc-guidelines_n0096/na_0013 direction FOR => mcdonagh-2023-esc-guidelines_n0096/na_0013 operation PERFORM
Rule_1453	?a direction FOR => ?a operation PERFORM	mcdonagh-2023-esc-guidelines_n0039/na_0005 direction FOR => mcdonagh-2023-esc-guidelines_n0039/na_0005 operation PERFORM
Rule_1453	?a direction FOR => ?a operation PERFORM	piepoli-2011-exercise-training-in-heart-failure_n0003/na_0031 direction FOR => piepoli-2011-exercise-training-in-heart-failure_n0003/na_0031 operation PERFORM
Rule_1453	?a direction FOR => ?a operation PERFORM	glikson-2021-2021-esc-guidelines-on-cardiac-pacing-and-cardiac-resynchro_n0052/na_0005 direction FOR => glikson-2021-2021-esc-guidelines-on-cardiac-pacing-and-cardiac-resynchro_n0052/na_0005 operation PERFORM
Rule_1453	?a direction FOR => ?a operation PERFORM	zeppenfeld-2022-esc-guidelines-va-and-scd_n0060/na_0007 direction FOR => zeppenfeld-2022-esc-guidelines-va-and-scd_n0060/na_0007 operation PERFORM
Rule_1453	?a direction FOR => ?a operation PERFORM	sectio-1_n0012/na_0005 direction FOR => sectio-1_n0012/na_0005 operation PERFORM
Rule_1453	?a direction FOR => ?a operation PERFORM	zeppenfeld-2022-esc-guidelines-va-and-scd_n0022/na_0012 direction FOR => zeppenfeld-2022-esc-guidelines-va-and-scd_n0022/na_0012 operation PERFORM
Rule_1453	?a direction FOR => ?a operation PERFORM	visseren-2021-esc-guidelines-cardiovascular-disease-prevention_n0056/na_0004 direction FOR => visseren-2021-esc-guidelines-cardiovascular-disease-prevention_n0056/na_0004 operation PERFORM
Rule_1453	?a direction FOR => ?a operation PERFORM	zeppenfeld-2022-esc-guidelines-va-and-scd_n0026/na_0008 direction FOR => zeppenfeld-2022-esc-guidelines-va-and-scd_n0026/na_0008 operation PERFORM
Rule_1453	?a direction FOR => ?a operation PERFORM	ambrosetti-2020-secondary-prevention-comprehensive-cardiovascular-rehabi_n0014/na_0016 direction FOR => ambrosetti-2020-secondary-prevention-comprehensive-cardiovascular-rehabi_n0014/na_0016 operation PERFORM
Rule_1453	?a direction FOR => ?a operation PERFORM	zeppenfeld-2022-esc-guidelines-va-and-scd_n0094/na_0001 direction FOR => zeppenfeld-2022-esc-guidelines-va-and-scd_n0094/na_0001 operation PERFORM
Rule_1453	?a direction FOR => ?a operation PERFORM	zeppenfeld-2022-esc-guidelines-va-and-scd_n0062/na_0016 direction FOR => zeppenfeld-2022-esc-guidelines-va-and-scd_n0062/na_0016 operation PERFORM
Rule_1453	?a direction FOR => ?a operation PERFORM	pelliccia-2020-2020-esc-guidelines-on-sports-cardiology-and-exercise-in_n0042/na_0001 direction FOR => pelliccia-2020-2020-esc-guidelines-on-sports-cardiology-and-exercise-in_n0042/na_0001 operation PERFORM
Rule_1453	?a direction FOR => ?a operation PERFORM	zeppenfeld-2022-esc-guidelines-va-and-scd_n0019/na_0040 direction FOR => zeppenfeld-2022-esc-guidelines-va-and-scd_n0019/na_0040 operation PERFORM
Rule_1453	?a direction FOR => ?a operation PERFORM	mcdonagh-2023-esc-guidelines_n0039/na_0008 direction FOR => mcdonagh-2023-esc-guidelines_n0039/na_0008 operation PERFORM
Rule_1453	?a direction FOR => ?a operation PERFORM	zeppenfeld-2022-esc-guidelines-va-and-scd_n0036/na_0017 direction FOR => zeppenfeld-2022-esc-guidelines-va-and-scd_n0036/na_0017 operation PERFORM
Rule_1453	?a direction FOR => ?a operation PERFORM	zeppenfeld-2022-esc-guidelines-va-and-scd_n0055/na_0002 direction FOR => zeppenfeld-2022-esc-guidelines-va-and-scd_n0055/na_0002 operation PERFORM
Rule_1453	?a direction FOR => ?a operation PERFORM	glikson-2021-2021-esc-guidelines-on-cardiac-pacing-and-cardiac-resynchro_n0057/na_0004 direction FOR => glikson-2021-2021-esc-guidelines-on-cardiac-pacing-and-cardiac-resynchro_n0057/na_0004 operation PERFORM
Rule_1453	?a direction FOR => ?a operation PERFORM	ambrosetti-2020-secondary-prevention-comprehensive-cardiovascular-rehabi_n0014/na_0013 direction FOR => ambrosetti-2020-secondary-prevention-comprehensive-cardiovascular-rehabi_n0014/na_0013 operation PERFORM
Rule_1453	?a direction FOR => ?a operation PERFORM	pelliccia-2020-2020-esc-guidelines-on-sports-cardiology-and-exercise-in_n0074/na_0010 direction FOR => pelliccia-2020-2020-esc-guidelines-on-sports-cardiology-and-exercise-in_n0074/na_0010 operation PERFORM
Rule_1453	?a direction FOR => ?a operation PERFORM	execut-1_n0026/na_0001 direction FOR => execut-1_n0026/na_0001 operation PERFORM
Rule_1453	?a direction FOR => ?a operation PERFORM	mcdonagh-2023-esc-guidelines_n0094/na_0011 direction FOR => mcdonagh-2023-esc-guidelines_n0094/na_0011 operation PERFORM
Rule_1453	?a direction FOR => ?a operation PERFORM	piepoli-2011-exercise-training-in-heart-failure_n0003/na_0025 direction FOR => piepoli-2011-exercise-training-in-heart-failure_n0003/na_0025 operation PERFORM
Rule_1453	?a direction FOR => ?a operation PERFORM	zeppenfeld-2022-esc-guidelines-va-and-scd_n0061/na_0004 direction FOR => zeppenfeld-2022-esc-guidelines-va-and-scd_n0061/na_0004 operation PERFORM
Rule_1453	?a direction FOR => ?a operation PERFORM	mcdonagh-2023-esc-guidelines_n0075/na_0004 direction FOR => mcdonagh-2023-esc-guidelines_n0075/na_0004 operation PERFORM
Rule_1453	?a direction FOR => ?a operation PERFORM	execut-1_n0041/na_0003 direction FOR => execut-1_n0041/na_0003 operation PERFORM
Rule_1453	?a direction FOR => ?a operation PERFORM	zeppenfeld-2022-esc-guidelines-va-and-scd_n0026/na_0005 direction FOR => zeppenfeld-2022-esc-guidelines-va-and-scd_n0026/na_0005 operation PERFORM
Rule_1453	?a direction FOR => ?a operation PERFORM	mcdonagh-2023-esc-guidelines_n0076/na_0003 direction FOR => mcdonagh-2023-esc-guidelines_n0076/na_0003 operation PERFORM
Rule_1453	?a direction FOR => ?a operation PERFORM	execut-1_n0026/na_0024 direction FOR => execut-1_n0026/na_0024 operation PERFORM
Rule_1453	?a direction FOR => ?a operation PERFORM	glikson-2021-2021-esc-guidelines-on-cardiac-pacing-and-cardiac-resynchro_n0035/na_0003 direction FOR => glikson-2021-2021-esc-guidelines-on-cardiac-pacing-and-cardiac-resynchro_n0035/na_0003 operation PERFORM
Rule_1453	?a direction FOR => ?a operation PERFORM	zeppenfeld-2022-esc-guidelines-va-and-scd_n0060/na_0005 direction FOR => zeppenfeld-2022-esc-guidelines-va-and-scd_n0060/na_0005 operation PERFORM
Rule_1453	?a direction FOR => ?a operation PERFORM	mcdonagh-2023-esc-guidelines_n0031/na_0002 direction FOR => mcdonagh-2023-esc-guidelines_n0031/na_0002 operation PERFORM
Rule_1453	?a direction FOR => ?a operation PERFORM	zeppenfeld-2022-esc-guidelines-va-and-scd_n0034/na_0011 direction FOR => zeppenfeld-2022-esc-guidelines-va-and-scd_n0034/na_0011 operation PERFORM
Rule_1453	?a direction FOR => ?a operation PERFORM	mcdonagh-2023-esc-guidelines_n0095/na_0002 direction FOR => mcdonagh-2023-esc-guidelines_n0095/na_0002 operation PERFORM
Rule_1453	?a direction FOR => ?a operation PERFORM	zeppenfeld-2022-esc-guidelines-va-and-scd_n0018/na_0002 direction FOR => zeppenfeld-2022-esc-guidelines-va-and-scd_n0018/na_0002 operation PERFORM
Rule_1453	?a direction FOR => ?a operation PERFORM	zeppenfeld-2022-esc-guidelines-va-and-scd_n0072/na_0007 direction FOR => zeppenfeld-2022-esc-guidelines-va-and-scd_n0072/na_0007 operation PERFORM
Rule_1453	?a direction FOR => ?a operation PERFORM	regitz-zagrosek-2018-2018-esc-guideline-for-the-management-of-cardiovasc_n0022/na_0008 direction FOR => regitz-zagrosek-2018-2018-esc-guideline-for-the-management-of-cardiovasc_n0022/na_0008 operation PERFORM
Rule_1453	?a direction FOR => ?a operation PERFORM	zeppenfeld-2022-esc-guidelines-va-and-scd_n0017/na_0017 direction FOR => zeppenfeld-2022-esc-guidelines-va-and-scd_n0017/na_0017 operation PERFORM
Rule_1453	?a direction FOR => ?a operation PERFORM	pelliccia-2020-2020-esc-guidelines-on-sports-cardiology-and-exercise-in_n0044/na_0002 direction FOR => pelliccia-2020-2020-esc-guidelines-on-sports-cardiology-and-exercise-in_n0044/na_0002 operation PERFORM
Rule_1453	?a direction FOR => ?a operation PERFORM	zeppenfeld-2022-esc-guidelines-va-and-scd_n0036/na_0002 direction FOR => zeppenfeld-2022-esc-guidelines-va-and-scd_n0036/na_0002 operation PERFORM
Rule_1453	?a direction FOR => ?a operation PERFORM	mcdonagh-2023-esc-guidelines_n0024/na_0008 direction FOR => mcdonagh-2023-esc-guidelines_n0024/na_0008 operation PERFORM
Rule_1453	?a direction FOR => ?a operation PERFORM	sectio-1_n0007/na_0010 direction FOR => sectio-1_n0007/na_0010 operation PERFORM
Rule_1453	?a direction FOR => ?a operation PERFORM	zeppenfeld-2022-esc-guidelines-va-and-scd_n0022/na_0005 direction FOR => zeppenfeld-2022-esc-guidelines-va-and-scd_n0022/na_0005 operation PERFORM
Rule_1453	?a direction FOR => ?a operation PERFORM	glikson-2021-2021-esc-guidelines-on-cardiac-pacing-and-cardiac-resynchro_n0020/na_0024 direction FOR => glikson-2021-2021-esc-guidelines-on-cardiac-pacing-and-cardiac-resynchro_n0020/na_0024 operation PERFORM
Rule_1453	?a direction FOR => ?a operation PERFORM	glikson-2021-2021-esc-guidelines-on-cardiac-pacing-and-cardiac-resynchro_n0020/na_0070 direction FOR => glikson-2021-2021-esc-guidelines-on-cardiac-pacing-and-cardiac-resynchro_n0020/na_0070 operation PERFORM
Rule_1453	?a direction FOR => ?a operation PERFORM	regitz-zagrosek-2018-2018-esc-guideline-for-the-management-of-cardiovasc_n0016/na_0006 direction FOR => regitz-zagrosek-2018-2018-esc-guideline-for-the-management-of-cardiovasc_n0016/na_0006 operation PERFORM
Rule_1453	?a direction FOR => ?a operation PERFORM	zeppenfeld-2022-esc-guidelines-va-and-scd_n0025/na_0006 direction FOR => zeppenfeld-2022-esc-guidelines-va-and-scd_n0025/na_0006 operation PERFORM
Rule_1453	?a direction FOR => ?a operation PERFORM	zeppenfeld-2022-esc-guidelines-va-and-scd_n0074/na_0005 direction FOR => zeppenfeld-2022-esc-guidelines-va-and-scd_n0074/na_0005 operation PERFORM
Rule_1453	?a direction FOR => ?a operation PERFORM	vest-2019-nutrition-obesity-and-cachexia-in-patients-with-heart-failure_n0001/na_0004 direction FOR => vest-2019-nutrition-obesity-and-cachexia-in-patients-with-heart-failure_n0001/na_0004 operation PERFORM
Rule_1453	?a direction FOR => ?a operation PERFORM	mcdonagh-2023-esc-guidelines_n0096/na_0014 direction FOR => mcdonagh-2023-esc-guidelines_n0096/na_0014 operation PERFORM
Rule_1453	?a direction FOR => ?a operation PERFORM	zeppenfeld-2022-esc-guidelines-va-and-scd_n0063/na_0011 direction FOR => zeppenfeld-2022-esc-guidelines-va-and-scd_n0063/na_0011 operation PERFORM
Rule_1453	?a direction FOR => ?a operation PERFORM	execut-1_n0044/na_0004 direction FOR => execut-1_n0044/na_0004 operation PERFORM
Rule_1453	?a direction FOR => ?a operation PERFORM	mcdonagh-2023-esc-guidelines_n0023/na_0001 direction FOR => mcdonagh-2023-esc-guidelines_n0023/na_0001 operation PERFORM
Rule_1453	?a direction FOR => ?a operation PERFORM	sectio-1_n0012/na_0003 direction FOR => sectio-1_n0012/na_0003 operation PERFORM
Rule_1453	?a direction FOR => ?a operation PERFORM	zeppenfeld-2022-esc-guidelines-va-and-scd_n0018/na_0038 direction FOR => zeppenfeld-2022-esc-guidelines-va-and-scd_n0018/na_0038 operation PERFORM
Rule_1453	?a direction FOR => ?a operation PERFORM	zeppenfeld-2022-esc-guidelines-va-and-scd_n0036/na_0021 direction FOR => zeppenfeld-2022-esc-guidelines-va-and-scd_n0036/na_0021 operation PERFORM
Rule_1453	?a direction FOR => ?a operation PERFORM	visseren-2021-esc-guidelines-cardiovascular-disease-prevention_n0069/na_0001 direction FOR => visseren-2021-esc-guidelines-cardiovascular-disease-prevention_n0069/na_0001 operation PERFORM
Rule_1453	?a direction FOR => ?a operation PERFORM	mcdonagh-2023-esc-guidelines_n0059/na_0004 direction FOR => mcdonagh-2023-esc-guidelines_n0059/na_0004 operation PERFORM
Rule_1453	?a direction FOR => ?a operation PERFORM	glikson-2021-2021-esc-guidelines-on-cardiac-pacing-and-cardiac-resynchro_n0020/na_0078 direction FOR => glikson-2021-2021-esc-guidelines-on-cardiac-pacing-and-cardiac-resynchro_n0020/na_0078 operation PERFORM
Rule_1453	?a direction FOR => ?a operation PERFORM	regitz-zagrosek-2018-2018-esc-guideline-for-the-management-of-cardiovasc_n0025/na_0018 direction FOR => regitz-zagrosek-2018-2018-esc-guideline-for-the-management-of-cardiovasc_n0025/na_0018 operation PERFORM
Rule_1453	?a direction FOR => ?a operation PERFORM	zeppenfeld-2022-esc-guidelines-va-and-scd_n0093/na_0016 direction FOR => zeppenfeld-2022-esc-guidelines-va-and-scd_n0093/na_0016 operation PERFORM
Rule_1453	?a direction FOR => ?a operation PERFORM	execut-1_n0026/na_0005 direction FOR => execut-1_n0026/na_0005 operation PERFORM
Rule_1453	?a direction FOR => ?a operation PERFORM	zeppenfeld-2022-esc-guidelines-va-and-scd_n0081/na_0006 direction FOR => zeppenfeld-2022-esc-guidelines-va-and-scd_n0081/na_0006 operation PERFORM
Rule_1453	?a direction FOR => ?a operation PERFORM	mcdonagh-2023-esc-guidelines_n0062/na_0011 direction FOR => mcdonagh-2023-esc-guidelines_n0062/na_0011 operation PERFORM
Rule_1453	?a direction FOR => ?a operation PERFORM	mcdonagh-2023-esc-guidelines_n0078/na_0002 direction FOR => mcdonagh-2023-esc-guidelines_n0078/na_0002 operation PERFORM
Rule_1453	?a direction FOR => ?a operation PERFORM	mcdonagh-2023-esc-guidelines_n0066/na_0006 direction FOR => mcdonagh-2023-esc-guidelines_n0066/na_0006 operation PERFORM
Rule_1453	?a direction FOR => ?a operation PERFORM	mcdonagh-2023-esc-guidelines_n0022/na_0018 direction FOR => mcdonagh-2023-esc-guidelines_n0022/na_0018 operation PERFORM
Rule_1453	?a direction FOR => ?a operation PERFORM	vest-2019-nutrition-obesity-and-cachexia-in-patients-with-heart-failure_n0001/na_0041 direction FOR => vest-2019-nutrition-obesity-and-cachexia-in-patients-with-heart-failure_n0001/na_0041 operation PERFORM
Rule_1453	?a direction FOR => ?a operation PERFORM	mcdonagh-2023-esc-guidelines_n0051/na_0004 direction FOR => mcdonagh-2023-esc-guidelines_n0051/na_0004 operation PERFORM
Rule_1453	?a direction FOR => ?a operation PERFORM	glikson-2021-2021-esc-guidelines-on-cardiac-pacing-and-cardiac-resynchro_n0020/na_0018 direction FOR => glikson-2021-2021-esc-guidelines-on-cardiac-pacing-and-cardiac-resynchro_n0020/na_0018 operation PERFORM
Rule_1453	?a direction FOR => ?a operation PERFORM	al-khatib-2017-aha-acc-hrs-guideline-va-and-scd_n0058/na_0002 direction FOR => al-khatib-2017-aha-acc-hrs-guideline-va-and-scd_n0058/na_0002 operation PERFORM
Rule_1453	?a direction FOR => ?a operation PERFORM	piepoli-2011-exercise-training-in-heart-failure_n0003/na_0006 direction FOR => piepoli-2011-exercise-training-in-heart-failure_n0003/na_0006 operation PERFORM
Rule_1453	?a direction FOR => ?a operation PERFORM	zeppenfeld-2022-esc-guidelines-va-and-scd_n0095/na_0006 direction FOR => zeppenfeld-2022-esc-guidelines-va-and-scd_n0095/na_0006 operation PERFORM
Rule_1453	?a direction FOR => ?a operation PERFORM	fox-2021-positionspaper-schlafmedizin-in-der-kardiologie_n0015/na_0002 direction FOR => fox-2021-positionspaper-schlafmedizin-in-der-kardiologie_n0015/na_0002 operation PERFORM
Rule_1453	?a direction FOR => ?a operation PERFORM	glikson-2021-2021-esc-guidelines-on-cardiac-pacing-and-cardiac-resynchro_n0046/na_0002 direction FOR => glikson-2021-2021-esc-guidelines-on-cardiac-pacing-and-cardiac-resynchro_n0046/na_0002 operation PERFORM
Rule_1453	?a direction FOR => ?a operation PERFORM	mcdonagh-2023-esc-guidelines_n0020/na_0015 direction FOR => mcdonagh-2023-esc-guidelines_n0020/na_0015 operation PERFORM
Rule_1453	?a direction FOR => ?a operation PERFORM	al-khatib-2017-aha-acc-hrs-guideline-va-and-scd_n0043/na_0004 direction FOR => al-khatib-2017-aha-acc-hrs-guideline-va-and-scd_n0043/na_0004 operation PERFORM
Rule_1453	?a direction FOR => ?a operation PERFORM	mcdonagh-2023-esc-guidelines_n0066/na_0007 direction FOR => mcdonagh-2023-esc-guidelines_n0066/na_0007 operation PERFORM
Rule_1453	?a direction FOR => ?a operation PERFORM	execut-1_n0040/na_0013 direction FOR => execut-1_n0040/na_0013 operation PERFORM
Rule_1453	?a direction FOR => ?a operation PERFORM	execut-1_n0027/na_0010 direction FOR => execut-1_n0027/na_0010 operation PERFORM
Rule_1453	?a direction FOR => ?a operation PERFORM	glikson-2021-2021-esc-guidelines-on-cardiac-pacing-and-cardiac-resynchro_n0036/na_0002 direction FOR => glikson-2021-2021-esc-guidelines-on-cardiac-pacing-and-cardiac-resynchro_n0036/na_0002 operation PERFORM
Rule_1453	?a direction FOR => ?a operation PERFORM	glikson-2021-2021-esc-guidelines-on-cardiac-pacing-and-cardiac-resynchro_n0052/na_0003 direction FOR => glikson-2021-2021-esc-guidelines-on-cardiac-pacing-and-cardiac-resynchro_n0052/na_0003 operation PERFORM
Rule_1453	?a direction FOR => ?a operation PERFORM	zeppenfeld-2022-esc-guidelines-va-and-scd_n0019/na_0023 direction FOR => zeppenfeld-2022-esc-guidelines-va-and-scd_n0019/na_0023 operation PERFORM
Rule_1453	?a direction FOR => ?a operation PERFORM	heidenreich-2022-aha-acc-hfsa-guidelines_n0100/na_0004 direction FOR => heidenreich-2022-aha-acc-hfsa-guidelines_n0100/na_0004 operation PERFORM
Rule_1453	?a direction FOR => ?a operation PERFORM	zeppenfeld-2022-esc-guidelines-va-and-scd_n0036/na_0013 direction FOR => zeppenfeld-2022-esc-guidelines-va-and-scd_n0036/na_0013 operation PERFORM
Rule_1453	?a direction FOR => ?a operation PERFORM	zeppenfeld-2022-esc-guidelines-va-and-scd_n0070/na_0003 direction FOR => zeppenfeld-2022-esc-guidelines-va-and-scd_n0070/na_0003 operation PERFORM
Rule_1453	?a direction FOR => ?a operation PERFORM	zeppenfeld-2022-esc-guidelines-va-and-scd_n0094/na_0003 direction FOR => zeppenfeld-2022-esc-guidelines-va-and-scd_n0094/na_0003 operation PERFORM
Rule_1453	?a direction FOR => ?a operation PERFORM	zeppenfeld-2022-esc-guidelines-va-and-scd_n0057/na_0007 direction FOR => zeppenfeld-2022-esc-guidelines-va-and-scd_n0057/na_0007 operation PERFORM
Rule_1453	?a direction FOR => ?a operation PERFORM	zeppenfeld-2022-esc-guidelines-va-and-scd_n0022/na_0004 direction FOR => zeppenfeld-2022-esc-guidelines-va-and-scd_n0022/na_0004 operation PERFORM
Rule_1453	?a direction FOR => ?a operation PERFORM	lenarczyk-2024-management-of-patients-with-an-electrical-storm-or-cluste_n0008/na_0004 direction FOR => lenarczyk-2024-management-of-patients-with-an-electrical-storm-or-cluste_n0008/na_0004 operation PERFORM
Rule_1453	?a direction FOR => ?a operation PERFORM	ferrick-2023-2023-hrs-ehra-aphrs-lahrs-expert-consensus-statement-on-pra_n0023/na_0006 direction FOR => ferrick-2023-2023-hrs-ehra-aphrs-lahrs-expert-consensus-statement-on-pra_n0023/na_0006 operation PERFORM
Rule_1453	?a direction FOR => ?a operation PERFORM	execut-1_n0027/na_0008 direction FOR => execut-1_n0027/na_0008 operation PERFORM
Rule_1453	?a direction FOR => ?a operation PERFORM	zeppenfeld-2022-esc-guidelines-va-and-scd_n0025/na_0037 direction FOR => zeppenfeld-2022-esc-guidelines-va-and-scd_n0025/na_0037 operation PERFORM
Rule_1453	?a direction FOR => ?a operation PERFORM	vest-2019-nutrition-obesity-and-cachexia-in-patients-with-heart-failure_n0001/na_0005 direction FOR => vest-2019-nutrition-obesity-and-cachexia-in-patients-with-heart-failure_n0001/na_0005 operation PERFORM
Rule_1453	?a direction FOR => ?a operation PERFORM	zeppenfeld-2022-esc-guidelines-va-and-scd_n0062/na_0010 direction FOR => zeppenfeld-2022-esc-guidelines-va-and-scd_n0062/na_0010 operation PERFORM
Rule_1453	?a direction FOR => ?a operation PERFORM	zeppenfeld-2022-esc-guidelines-va-and-scd_n0022/na_0017 direction FOR => zeppenfeld-2022-esc-guidelines-va-and-scd_n0022/na_0017 operation PERFORM
Rule_1453	?a direction FOR => ?a operation PERFORM	mcdonagh-2023-esc-guidelines_n0032/na_0001 direction FOR => mcdonagh-2023-esc-guidelines_n0032/na_0001 operation PERFORM
Rule_1453	?a direction FOR => ?a operation PERFORM	glikson-2021-2021-esc-guidelines-on-cardiac-pacing-and-cardiac-resynchro_n0061/na_0003 direction FOR => glikson-2021-2021-esc-guidelines-on-cardiac-pacing-and-cardiac-resynchro_n0061/na_0003 operation PERFORM
Rule_1453	?a direction FOR => ?a operation PERFORM	zeppenfeld-2022-esc-guidelines-va-and-scd_n0036/na_0015 direction FOR => zeppenfeld-2022-esc-guidelines-va-and-scd_n0036/na_0015 operation PERFORM
Rule_1453	?a direction FOR => ?a operation PERFORM	al-khatib-2017-aha-acc-hrs-guideline-va-and-scd_n0033/na_0001 direction FOR => al-khatib-2017-aha-acc-hrs-guideline-va-and-scd_n0033/na_0001 operation PERFORM
Rule_1453	?a direction FOR => ?a operation PERFORM	piepoli-2011-exercise-training-in-heart-failure_n0003/na_0026 direction FOR => piepoli-2011-exercise-training-in-heart-failure_n0003/na_0026 operation PERFORM
Rule_1453	?a direction FOR => ?a operation PERFORM	zeppenfeld-2022-esc-guidelines-va-and-scd_n0055/na_0004 direction FOR => zeppenfeld-2022-esc-guidelines-va-and-scd_n0055/na_0004 operation PERFORM
Rule_1453	?a direction FOR => ?a operation PERFORM	zeppenfeld-2022-esc-guidelines-va-and-scd_n0017/na_0011 direction FOR => zeppenfeld-2022-esc-guidelines-va-and-scd_n0017/na_0011 operation PERFORM
Rule_1453	?a direction FOR => ?a operation PERFORM	mcdonagh-2023-esc-guidelines_n0021/na_0014 direction FOR => mcdonagh-2023-esc-guidelines_n0021/na_0014 operation PERFORM
Rule_1453	?a direction FOR => ?a operation PERFORM	mcdonagh-2023-esc-guidelines_n0059/na_0002 direction FOR => mcdonagh-2023-esc-guidelines_n0059/na_0002 operation PERFORM
Rule_1453	?a direction FOR => ?a operation PERFORM	sectio-1_n0023/na_0001 direction FOR => sectio-1_n0023/na_0001 operation PERFORM
Rule_1453	?a direction FOR => ?a operation PERFORM	sectio-1_n0028/na_0010 direction FOR => sectio-1_n0028/na_0010 operation PERFORM
Rule_1453	?a direction FOR => ?a operation PERFORM	braunschweig-2010-management-of-patients-receiving-implantable-cardiac-d_n0007/na_0012 direction FOR => braunschweig-2010-management-of-patients-receiving-implantable-cardiac-d_n0007/na_0012 operation PERFORM
Rule_1453	?a direction FOR => ?a operation PERFORM	zeppenfeld-2022-esc-guidelines-va-and-scd_n0022/na_0013 direction FOR => zeppenfeld-2022-esc-guidelines-va-and-scd_n0022/na_0013 operation PERFORM
Rule_1453	?a direction FOR => ?a operation PERFORM	al-khatib-2017-aha-acc-hrs-guideline-va-and-scd_n0042/na_0003 direction FOR => al-khatib-2017-aha-acc-hrs-guideline-va-and-scd_n0042/na_0003 operation PERFORM
Rule_1453	?a direction FOR => ?a operation PERFORM	mcdonagh-2023-esc-guidelines_n0089/na_0004 direction FOR => mcdonagh-2023-esc-guidelines_n0089/na_0004 operation PERFORM
Rule_1453	?a direction FOR => ?a operation PERFORM	execut-1_n0027/na_0013 direction FOR => execut-1_n0027/na_0013 operation PERFORM
Rule_1453	?a direction FOR => ?a operation PERFORM	heidenreich-2022-aha-acc-hfsa-guidelines_n0065/na_0003 direction FOR => heidenreich-2022-aha-acc-hfsa-guidelines_n0065/na_0003 operation PERFORM
Rule_1453	?a direction FOR => ?a operation PERFORM	ambrosetti-2020-secondary-prevention-comprehensive-cardiovascular-rehabi_n0007/na_0013 direction FOR => ambrosetti-2020-secondary-prevention-comprehensive-cardiovascular-rehabi_n0007/na_0013 operation PERFORM
Rule_1453	?a direction FOR => ?a operation PERFORM	mcdonagh-2023-esc-guidelines_n0059/na_0009 direction FOR => mcdonagh-2023-esc-guidelines_n0059/na_0009 operation PERFORM
Rule_1453	?a direction FOR => ?a operation PERFORM	glikson-2021-2021-esc-guidelines-on-cardiac-pacing-and-cardiac-resynchro_n0085/na_0007 direction FOR => glikson-2021-2021-esc-guidelines-on-cardiac-pacing-and-cardiac-resynchro_n0085/na_0007 operation PERFORM
Rule_1453	?a direction FOR => ?a operation PERFORM	al-khatib-2017-aha-acc-hrs-guideline-va-and-scd_n0046/na_0003 direction FOR => al-khatib-2017-aha-acc-hrs-guideline-va-and-scd_n0046/na_0003 operation PERFORM
Rule_1453	?a direction FOR => ?a operation PERFORM	regitz-zagrosek-2018-2018-esc-guideline-for-the-management-of-cardiovasc_n0016/na_0013 direction FOR => regitz-zagrosek-2018-2018-esc-guideline-for-the-management-of-cardiovasc_n0016/na_0013 operation PERFORM
Rule_1453	?a direction FOR => ?a operation PERFORM	pelliccia-2020-2020-esc-guidelines-on-sports-cardiology-and-exercise-in_n0039/na_0004 direction FOR => pelliccia-2020-2020-esc-guidelines-on-sports-cardiology-and-exercise-in_n0039/na_0004 operation PERFORM
Rule_1453	?a direction FOR => ?a operation PERFORM	zeppenfeld-2022-esc-guidelines-va-and-scd_n0072/na_0005 direction FOR => zeppenfeld-2022-esc-guidelines-va-and-scd_n0072/na_0005 operation PERFORM
Rule_1453	?a direction FOR => ?a operation PERFORM	glikson-2021-2021-esc-guidelines-on-cardiac-pacing-and-cardiac-resynchro_n0020/na_0036 direction FOR => glikson-2021-2021-esc-guidelines-on-cardiac-pacing-and-cardiac-resynchro_n0020/na_0036 operation PERFORM
Rule_1453	?a direction FOR => ?a operation PERFORM	mcdonagh-2023-esc-guidelines_n0021/na_0015 direction FOR => mcdonagh-2023-esc-guidelines_n0021/na_0015 operation PERFORM
Rule_1453	?a direction FOR => ?a operation PERFORM	ambrosetti-2020-secondary-prevention-comprehensive-cardiovascular-rehabi_n0007/na_0020 direction FOR => ambrosetti-2020-secondary-prevention-comprehensive-cardiovascular-rehabi_n0007/na_0020 operation PERFORM
Rule_1453	?a direction FOR => ?a operation PERFORM	zeppenfeld-2022-esc-guidelines-va-and-scd_n0094/na_0010 direction FOR => zeppenfeld-2022-esc-guidelines-va-and-scd_n0094/na_0010 operation PERFORM
Rule_1453	?a direction FOR => ?a operation PERFORM	braunschweig-2010-management-of-patients-receiving-implantable-cardiac-d_n0007/na_0013 direction FOR => braunschweig-2010-management-of-patients-receiving-implantable-cardiac-d_n0007/na_0013 operation PERFORM
Rule_1453	?a direction FOR => ?a operation PERFORM	heidenreich-2022-aha-acc-hfsa-guidelines_n0063/na_0004 direction FOR => heidenreich-2022-aha-acc-hfsa-guidelines_n0063/na_0004 operation PERFORM
Rule_1453	?a direction FOR => ?a operation PERFORM	zeppenfeld-2022-esc-guidelines-va-and-scd_n0019/na_0046 direction FOR => zeppenfeld-2022-esc-guidelines-va-and-scd_n0019/na_0046 operation PERFORM
Rule_1453	?a direction FOR => ?a operation PERFORM	zeppenfeld-2022-esc-guidelines-va-and-scd_n0019/na_0032 direction FOR => zeppenfeld-2022-esc-guidelines-va-and-scd_n0019/na_0032 operation PERFORM
Rule_1453	?a direction FOR => ?a operation PERFORM	mcdonagh-2023-esc-guidelines_n0032/na_0002 direction FOR => mcdonagh-2023-esc-guidelines_n0032/na_0002 operation PERFORM
Rule_1453	?a direction FOR => ?a operation PERFORM	visseren-2021-esc-guidelines-cardiovascular-disease-prevention_n0029/na_0002 direction FOR => visseren-2021-esc-guidelines-cardiovascular-disease-prevention_n0029/na_0002 operation PERFORM
Rule_1453	?a direction FOR => ?a operation PERFORM	zeppenfeld-2022-esc-guidelines-va-and-scd_n0095/na_0025 direction FOR => zeppenfeld-2022-esc-guidelines-va-and-scd_n0095/na_0025 operation PERFORM
Rule_1453	?a direction FOR => ?a operation PERFORM	zeppenfeld-2022-esc-guidelines-va-and-scd_n0025/na_0029 direction FOR => zeppenfeld-2022-esc-guidelines-va-and-scd_n0025/na_0029 operation PERFORM
Rule_1453	?a direction FOR => ?a operation PERFORM	zeppenfeld-2022-esc-guidelines-va-and-scd_n0085/na_0008 direction FOR => zeppenfeld-2022-esc-guidelines-va-and-scd_n0085/na_0008 operation PERFORM
Rule_1453	?a direction FOR => ?a operation PERFORM	glikson-2021-2021-esc-guidelines-on-cardiac-pacing-and-cardiac-resynchro_n0055/na_0001 direction FOR => glikson-2021-2021-esc-guidelines-on-cardiac-pacing-and-cardiac-resynchro_n0055/na_0001 operation PERFORM
Rule_1453	?a direction FOR => ?a operation PERFORM	zeppenfeld-2022-esc-guidelines-va-and-scd_n0036/na_0018 direction FOR => zeppenfeld-2022-esc-guidelines-va-and-scd_n0036/na_0018 operation PERFORM
Rule_1453	?a direction FOR => ?a operation PERFORM	braunschweig-2010-management-of-patients-receiving-implantable-cardiac-d_n0007/na_0018 direction FOR => braunschweig-2010-management-of-patients-receiving-implantable-cardiac-d_n0007/na_0018 operation PERFORM
Rule_1453	?a direction FOR => ?a operation PERFORM	mcdonagh-2023-esc-guidelines_n0023/na_0004 direction FOR => mcdonagh-2023-esc-guidelines_n0023/na_0004 operation PERFORM
Rule_1453	?a direction FOR => ?a operation PERFORM	sectio-1_n0022/na_0016 direction FOR => sectio-1_n0022/na_0016 operation PERFORM
Rule_1453	?a direction FOR => ?a operation PERFORM	glikson-2021-2021-esc-guidelines-on-cardiac-pacing-and-cardiac-resynchro_n0057/na_0001 direction FOR => glikson-2021-2021-esc-guidelines-on-cardiac-pacing-and-cardiac-resynchro_n0057/na_0001 operation PERFORM
Rule_1453	?a direction FOR => ?a operation PERFORM	ambrosetti-2020-secondary-prevention-comprehensive-cardiovascular-rehabi_n0011/na_0021 direction FOR => ambrosetti-2020-secondary-prevention-comprehensive-cardiovascular-rehabi_n0011/na_0021 operation PERFORM
Rule_1453	?a direction FOR => ?a operation PERFORM	pelliccia-2020-2020-esc-guidelines-on-sports-cardiology-and-exercise-in_n0076/na_0003 direction FOR => pelliccia-2020-2020-esc-guidelines-on-sports-cardiology-and-exercise-in_n0076/na_0003 operation PERFORM
Rule_1453	?a direction FOR => ?a operation PERFORM	glikson-2021-2021-esc-guidelines-on-cardiac-pacing-and-cardiac-resynchro_n0063/na_0001 direction FOR => glikson-2021-2021-esc-guidelines-on-cardiac-pacing-and-cardiac-resynchro_n0063/na_0001 operation PERFORM
Rule_1453	?a direction FOR => ?a operation PERFORM	zeppenfeld-2022-esc-guidelines-va-and-scd_n0022/na_0003 direction FOR => zeppenfeld-2022-esc-guidelines-va-and-scd_n0022/na_0003 operation PERFORM
Rule_1453	?a direction FOR => ?a operation PERFORM	al-khatib-2017-aha-acc-hrs-guideline-va-and-scd_n0029/na_0001 direction FOR => al-khatib-2017-aha-acc-hrs-guideline-va-and-scd_n0029/na_0001 operation PERFORM
Rule_1453	?a direction FOR => ?a operation PERFORM	mcdonagh-2023-esc-guidelines_n0023/na_0017 direction FOR => mcdonagh-2023-esc-guidelines_n0023/na_0017 operation PERFORM
Rule_1453	?a direction FOR => ?a operation PERFORM	glikson-2021-2021-esc-guidelines-on-cardiac-pacing-and-cardiac-resynchro_n0086/na_0008 direction FOR => glikson-2021-2021-esc-guidelines-on-cardiac-pacing-and-cardiac-resynchro_n0086/na_0008 operation PERFORM
Rule_1453	?a direction FOR => ?a operation PERFORM	glikson-2021-2021-esc-guidelines-on-cardiac-pacing-and-cardiac-resynchro_n0046/na_0005 direction FOR => glikson-2021-2021-esc-guidelines-on-cardiac-pacing-and-cardiac-resynchro_n0046/na_0005 operation PERFORM
Rule_1453	?a direction FOR => ?a operation PERFORM	ferrick-2023-2023-hrs-ehra-aphrs-lahrs-expert-consensus-statement-on-pra_n0023/na_0001 direction FOR => ferrick-2023-2023-hrs-ehra-aphrs-lahrs-expert-consensus-statement-on-pra_n0023/na_0001 operation PERFORM
Rule_1453	?a direction FOR => ?a operation PERFORM	mcdonagh-2023-esc-guidelines_n0084/na_0019 direction FOR => mcdonagh-2023-esc-guidelines_n0084/na_0019 operation PERFORM
Rule_1453	?a direction FOR => ?a operation PERFORM	heidenreich-2022-aha-acc-hfsa-guidelines_n0072/na_0003 direction FOR => heidenreich-2022-aha-acc-hfsa-guidelines_n0072/na_0003 operation PERFORM
Rule_1453	?a direction FOR => ?a operation PERFORM	mcdonagh-2023-esc-guidelines_n0089/na_0001 direction FOR => mcdonagh-2023-esc-guidelines_n0089/na_0001 operation PERFORM
Rule_1453	?a direction FOR => ?a operation PERFORM	al-khatib-2017-aha-acc-hrs-guideline-va-and-scd_n0031/na_0004 direction FOR => al-khatib-2017-aha-acc-hrs-guideline-va-and-scd_n0031/na_0004 operation PERFORM
Rule_1453	?a direction FOR => ?a operation PERFORM	al-khatib-2017-aha-acc-hrs-guideline-va-and-scd_n0053/na_0002 direction FOR => al-khatib-2017-aha-acc-hrs-guideline-va-and-scd_n0053/na_0002 operation PERFORM
Rule_1453	?a direction FOR => ?a operation PERFORM	execut-1_n0043/na_0023 direction FOR => execut-1_n0043/na_0023 operation PERFORM
Rule_1453	?a direction FOR => ?a operation PERFORM	al-khatib-2017-aha-acc-hrs-guideline-va-and-scd_n0079/na_0001 direction FOR => al-khatib-2017-aha-acc-hrs-guideline-va-and-scd_n0079/na_0001 operation PERFORM
Rule_1453	?a direction FOR => ?a operation PERFORM	glikson-2021-2021-esc-guidelines-on-cardiac-pacing-and-cardiac-resynchro_n0038/na_0002 direction FOR => glikson-2021-2021-esc-guidelines-on-cardiac-pacing-and-cardiac-resynchro_n0038/na_0002 operation PERFORM
Rule_1453	?a direction FOR => ?a operation PERFORM	regitz-zagrosek-2018-2018-esc-guideline-for-the-management-of-cardiovasc_n0025/na_0002 direction FOR => regitz-zagrosek-2018-2018-esc-guideline-for-the-management-of-cardiovasc_n0025/na_0002 operation PERFORM
Rule_1453	?a direction FOR => ?a operation PERFORM	pelliccia-2020-2020-esc-guidelines-on-sports-cardiology-and-exercise-in_n0027/na_0001 direction FOR => pelliccia-2020-2020-esc-guidelines-on-sports-cardiology-and-exercise-in_n0027/na_0001 operation PERFORM
Rule_1453	?a direction FOR => ?a operation PERFORM	heidenreich-2022-aha-acc-hfsa-guidelines_n0091/na_0004 direction FOR => heidenreich-2022-aha-acc-hfsa-guidelines_n0091/na_0004 operation PERFORM
Rule_1453	?a direction FOR => ?a operation PERFORM	glikson-2021-2021-esc-guidelines-on-cardiac-pacing-and-cardiac-resynchro_n0086/na_0019 direction FOR => glikson-2021-2021-esc-guidelines-on-cardiac-pacing-and-cardiac-resynchro_n0086/na_0019 operation PERFORM
Rule_1453	?a direction FOR => ?a operation PERFORM	sectio-1_n0006/na_0022 direction FOR => sectio-1_n0006/na_0022 operation PERFORM
Rule_1453	?a direction FOR => ?a operation PERFORM	al-khatib-2017-aha-acc-hrs-guideline-va-and-scd_n0044/na_0008 direction FOR => al-khatib-2017-aha-acc-hrs-guideline-va-and-scd_n0044/na_0008 operation PERFORM
Rule_1453	?a direction FOR => ?a operation PERFORM	zeppenfeld-2022-esc-guidelines-va-and-scd_n0068/na_0002 direction FOR => zeppenfeld-2022-esc-guidelines-va-and-scd_n0068/na_0002 operation PERFORM
Rule_1453	?a direction FOR => ?a operation PERFORM	ambrosetti-2020-secondary-prevention-comprehensive-cardiovascular-rehabi_n0001/na_0007 direction FOR => ambrosetti-2020-secondary-prevention-comprehensive-cardiovascular-rehabi_n0001/na_0007 operation PERFORM
Rule_1453	?a direction FOR => ?a operation PERFORM	glikson-2021-2021-esc-guidelines-on-cardiac-pacing-and-cardiac-resynchro_n0085/na_0012 direction FOR => glikson-2021-2021-esc-guidelines-on-cardiac-pacing-and-cardiac-resynchro_n0085/na_0012 operation PERFORM
Rule_1453	?a direction FOR => ?a operation PERFORM	zeppenfeld-2022-esc-guidelines-va-and-scd_n0021/na_0015 direction FOR => zeppenfeld-2022-esc-guidelines-va-and-scd_n0021/na_0015 operation PERFORM
Rule_1453	?a direction FOR => ?a operation PERFORM	glikson-2021-2021-esc-guidelines-on-cardiac-pacing-and-cardiac-resynchro_n0020/na_0042 direction FOR => glikson-2021-2021-esc-guidelines-on-cardiac-pacing-and-cardiac-resynchro_n0020/na_0042 operation PERFORM
Rule_1453	?a direction FOR => ?a operation PERFORM	sectio-1_n0022/na_0015 direction FOR => sectio-1_n0022/na_0015 operation PERFORM
Rule_1453	?a direction FOR => ?a operation PERFORM	al-khatib-2017-aha-acc-hrs-guideline-va-and-scd_n0071/na_0002 direction FOR => al-khatib-2017-aha-acc-hrs-guideline-va-and-scd_n0071/na_0002 operation PERFORM
Rule_1453	?a direction FOR => ?a operation PERFORM	ambrosetti-2020-secondary-prevention-comprehensive-cardiovascular-rehabi_n0007/na_0011 direction FOR => ambrosetti-2020-secondary-prevention-comprehensive-cardiovascular-rehabi_n0007/na_0011 operation PERFORM
Rule_1453	?a direction FOR => ?a operation PERFORM	zeppenfeld-2022-esc-guidelines-va-and-scd_n0019/na_0015 direction FOR => zeppenfeld-2022-esc-guidelines-va-and-scd_n0019/na_0015 operation PERFORM
Rule_1453	?a direction FOR => ?a operation PERFORM	al-khatib-2017-aha-acc-hrs-guideline-va-and-scd_n0043/na_0006 direction FOR => al-khatib-2017-aha-acc-hrs-guideline-va-and-scd_n0043/na_0006 operation PERFORM
Rule_1453	?a direction FOR => ?a operation PERFORM	sectio-1_n0022/na_0019 direction FOR => sectio-1_n0022/na_0019 operation PERFORM
Rule_1453	?a direction FOR => ?a operation PERFORM	al-khatib-2017-aha-acc-hrs-guideline-va-and-scd_n0046/na_0004 direction FOR => al-khatib-2017-aha-acc-hrs-guideline-va-and-scd_n0046/na_0004 operation PERFORM
Rule_1453	?a direction FOR => ?a operation PERFORM	braunschweig-2010-management-of-patients-receiving-implantable-cardiac-d_n0007/na_0011 direction FOR => braunschweig-2010-management-of-patients-receiving-implantable-cardiac-d_n0007/na_0011 operation PERFORM
Rule_1453	?a direction FOR => ?a operation PERFORM	glikson-2021-2021-esc-guidelines-on-cardiac-pacing-and-cardiac-resynchro_n0085/na_0011 direction FOR => glikson-2021-2021-esc-guidelines-on-cardiac-pacing-and-cardiac-resynchro_n0085/na_0011 operation PERFORM
Rule_1453	?a direction FOR => ?a operation PERFORM	sectio-1_n0007/na_0011 direction FOR => sectio-1_n0007/na_0011 operation PERFORM
Rule_1453	?a direction FOR => ?a operation PERFORM	pelliccia-2020-2020-esc-guidelines-on-sports-cardiology-and-exercise-in_n0075/na_0003 direction FOR => pelliccia-2020-2020-esc-guidelines-on-sports-cardiology-and-exercise-in_n0075/na_0003 operation PERFORM
Rule_1453	?a direction FOR => ?a operation PERFORM	mcdonagh-2023-esc-guidelines_n0095/na_0003 direction FOR => mcdonagh-2023-esc-guidelines_n0095/na_0003 operation PERFORM
Rule_1453	?a direction FOR => ?a operation PERFORM	sectio-1_n0022/na_0021 direction FOR => sectio-1_n0022/na_0021 operation PERFORM
Rule_1453	?a direction FOR => ?a operation PERFORM	mcdonagh-2023-esc-guidelines_n0055/na_0012 direction FOR => mcdonagh-2023-esc-guidelines_n0055/na_0012 operation PERFORM
Rule_1453	?a direction FOR => ?a operation PERFORM	zeppenfeld-2022-esc-guidelines-va-and-scd_n0019/na_0055 direction FOR => zeppenfeld-2022-esc-guidelines-va-and-scd_n0019/na_0055 operation PERFORM
Rule_1453	?a direction FOR => ?a operation PERFORM	mcdonagh-2023-esc-guidelines_n0068/na_0023 direction FOR => mcdonagh-2023-esc-guidelines_n0068/na_0023 operation PERFORM
Rule_1453	?a direction FOR => ?a operation PERFORM	regitz-zagrosek-2018-2018-esc-guideline-for-the-management-of-cardiovasc_n0048/na_0010 direction FOR => regitz-zagrosek-2018-2018-esc-guideline-for-the-management-of-cardiovasc_n0048/na_0010 operation PERFORM
Rule_1453	?a direction FOR => ?a operation PERFORM	piepoli-2011-exercise-training-in-heart-failure_n0003/na_0017 direction FOR => piepoli-2011-exercise-training-in-heart-failure_n0003/na_0017 operation PERFORM
Rule_1453	?a direction FOR => ?a operation PERFORM	regitz-zagrosek-2018-2018-esc-guideline-for-the-management-of-cardiovasc_n0022/na_0014 direction FOR => regitz-zagrosek-2018-2018-esc-guideline-for-the-management-of-cardiovasc_n0022/na_0014 operation PERFORM
Rule_1453	?a direction FOR => ?a operation PERFORM	zeppenfeld-2022-esc-guidelines-va-and-scd_n0077/na_0001 direction FOR => zeppenfeld-2022-esc-guidelines-va-and-scd_n0077/na_0001 operation PERFORM
Rule_1453	?a direction FOR => ?a operation PERFORM	glikson-2021-2021-esc-guidelines-on-cardiac-pacing-and-cardiac-resynchro_n0020/na_0058 direction FOR => glikson-2021-2021-esc-guidelines-on-cardiac-pacing-and-cardiac-resynchro_n0020/na_0058 operation PERFORM
Rule_1453	?a direction FOR => ?a operation PERFORM	zeppenfeld-2022-esc-guidelines-va-and-scd_n0092/na_0005 direction FOR => zeppenfeld-2022-esc-guidelines-va-and-scd_n0092/na_0005 operation PERFORM
Rule_1453	?a direction FOR => ?a operation PERFORM	execut-1_n0026/na_0022 direction FOR => execut-1_n0026/na_0022 operation PERFORM
Rule_1453	?a direction FOR => ?a operation PERFORM	zeppenfeld-2022-esc-guidelines-va-and-scd_n0095/na_0010 direction FOR => zeppenfeld-2022-esc-guidelines-va-and-scd_n0095/na_0010 operation PERFORM
Rule_1453	?a direction FOR => ?a operation PERFORM	zeppenfeld-2022-esc-guidelines-va-and-scd_n0096/na_0021 direction FOR => zeppenfeld-2022-esc-guidelines-va-and-scd_n0096/na_0021 operation PERFORM
Rule_1453	?a direction FOR => ?a operation PERFORM	pelliccia-2020-2020-esc-guidelines-on-sports-cardiology-and-exercise-in_n0043/na_0001 direction FOR => pelliccia-2020-2020-esc-guidelines-on-sports-cardiology-and-exercise-in_n0043/na_0001 operation PERFORM
Rule_1453	?a direction FOR => ?a operation PERFORM	zeppenfeld-2022-esc-guidelines-va-and-scd_n0020/na_0003 direction FOR => zeppenfeld-2022-esc-guidelines-va-and-scd_n0020/na_0003 operation PERFORM
Rule_1453	?a direction FOR => ?a operation PERFORM	pelliccia-2020-2020-esc-guidelines-on-sports-cardiology-and-exercise-in_n0074/na_0006 direction FOR => pelliccia-2020-2020-esc-guidelines-on-sports-cardiology-and-exercise-in_n0074/na_0006 operation PERFORM
Rule_1453	?a direction FOR => ?a operation PERFORM	mcdonagh-2023-esc-guidelines_n0095/na_0007 direction FOR => mcdonagh-2023-esc-guidelines_n0095/na_0007 operation PERFORM
Rule_1453	?a direction FOR => ?a operation PERFORM	sectio-1_n0007/na_0001 direction FOR => sectio-1_n0007/na_0001 operation PERFORM
Rule_1453	?a direction FOR => ?a operation PERFORM	zeppenfeld-2022-esc-guidelines-va-and-scd_n0022/na_0018 direction FOR => zeppenfeld-2022-esc-guidelines-va-and-scd_n0022/na_0018 operation PERFORM
Rule_1453	?a direction FOR => ?a operation PERFORM	execut-1_n0043/na_0025 direction FOR => execut-1_n0043/na_0025 operation PERFORM
Rule_1453	?a direction FOR => ?a operation PERFORM	zeppenfeld-2022-esc-guidelines-va-and-scd_n0092/na_0022 direction FOR => zeppenfeld-2022-esc-guidelines-va-and-scd_n0092/na_0022 operation PERFORM
Rule_1453	?a direction FOR => ?a operation PERFORM	su_verified_0074e29f31a1f0feb082e0064bee46f60bf6b5ae3f8703d1231341374ed97e52_table_1/na_0029 direction FOR => su_verified_0074e29f31a1f0feb082e0064bee46f60bf6b5ae3f8703d1231341374ed97e52_table_1/na_0029 operation PERFORM
Rule_1453	?a direction FOR => ?a operation PERFORM	piepoli-2011-exercise-training-in-heart-failure_n0003/na_0022 direction FOR => piepoli-2011-exercise-training-in-heart-failure_n0003/na_0022 operation PERFORM
Rule_1453	?a direction FOR => ?a operation PERFORM	zeppenfeld-2022-esc-guidelines-va-and-scd_n0056/na_0021 direction FOR => zeppenfeld-2022-esc-guidelines-va-and-scd_n0056/na_0021 operation PERFORM
Rule_1453	?a direction FOR => ?a operation PERFORM	piepoli-2011-exercise-training-in-heart-failure_n0003/na_0035 direction FOR => piepoli-2011-exercise-training-in-heart-failure_n0003/na_0035 operation PERFORM
Rule_1453	?a direction FOR => ?a operation PERFORM	ambrosetti-2020-secondary-prevention-comprehensive-cardiovascular-rehabi_n0007/na_0014 direction FOR => ambrosetti-2020-secondary-prevention-comprehensive-cardiovascular-rehabi_n0007/na_0014 operation PERFORM
Rule_1453	?a direction FOR => ?a operation PERFORM	regitz-zagrosek-2018-2018-esc-guideline-for-the-management-of-cardiovasc_n0016/na_0005 direction FOR => regitz-zagrosek-2018-2018-esc-guideline-for-the-management-of-cardiovasc_n0016/na_0005 operation PERFORM
Rule_1453	?a direction FOR => ?a operation PERFORM	piepoli-2011-exercise-training-in-heart-failure_n0003/na_0021 direction FOR => piepoli-2011-exercise-training-in-heart-failure_n0003/na_0021 operation PERFORM
Rule_1453	?a direction FOR => ?a operation PERFORM	regitz-zagrosek-2018-2018-esc-guideline-for-the-management-of-cardiovasc_n0048/na_0005 direction FOR => regitz-zagrosek-2018-2018-esc-guideline-for-the-management-of-cardiovasc_n0048/na_0005 operation PERFORM
Rule_1453	?a direction FOR => ?a operation PERFORM	glikson-2021-2021-esc-guidelines-on-cardiac-pacing-and-cardiac-resynchro_n0020/na_0019 direction FOR => glikson-2021-2021-esc-guidelines-on-cardiac-pacing-and-cardiac-resynchro_n0020/na_0019 operation PERFORM
Rule_1453	?a direction FOR => ?a operation PERFORM	heidenreich-2022-aha-acc-hfsa-guidelines_n0017/na_0006 direction FOR => heidenreich-2022-aha-acc-hfsa-guidelines_n0017/na_0006 operation PERFORM
Rule_1453	?a direction FOR => ?a operation PERFORM	zeppenfeld-2022-esc-guidelines-va-and-scd_n0025/na_0010 direction FOR => zeppenfeld-2022-esc-guidelines-va-and-scd_n0025/na_0010 operation PERFORM
Rule_1453	?a direction FOR => ?a operation PERFORM	zeppenfeld-2022-esc-guidelines-va-and-scd_n0056/na_0001 direction FOR => zeppenfeld-2022-esc-guidelines-va-and-scd_n0056/na_0001 operation PERFORM
Rule_1453	?a direction FOR => ?a operation PERFORM	zeppenfeld-2022-esc-guidelines-va-and-scd_n0097/na_0002 direction FOR => zeppenfeld-2022-esc-guidelines-va-and-scd_n0097/na_0002 operation PERFORM
Rule_1453	?a direction FOR => ?a operation PERFORM	mcdonagh-2023-esc-guidelines_n0021/na_0018 direction FOR => mcdonagh-2023-esc-guidelines_n0021/na_0018 operation PERFORM
Rule_1453	?a direction FOR => ?a operation PERFORM	zeppenfeld-2022-esc-guidelines-va-and-scd_n0022/na_0011 direction FOR => zeppenfeld-2022-esc-guidelines-va-and-scd_n0022/na_0011 operation PERFORM
Rule_1453	?a direction FOR => ?a operation PERFORM	glikson-2021-2021-esc-guidelines-on-cardiac-pacing-and-cardiac-resynchro_n0020/na_0050 direction FOR => glikson-2021-2021-esc-guidelines-on-cardiac-pacing-and-cardiac-resynchro_n0020/na_0050 operation PERFORM
Rule_1453	?a direction FOR => ?a operation PERFORM	zeppenfeld-2022-esc-guidelines-va-and-scd_n0031/na_0002 direction FOR => zeppenfeld-2022-esc-guidelines-va-and-scd_n0031/na_0002 operation PERFORM
Rule_1453	?a direction FOR => ?a operation PERFORM	mcdonagh-2023-esc-guidelines_n0075/na_0005 direction FOR => mcdonagh-2023-esc-guidelines_n0075/na_0005 operation PERFORM
Rule_1453	?a direction FOR => ?a operation PERFORM	glikson-2021-2021-esc-guidelines-on-cardiac-pacing-and-cardiac-resynchro_n0051/na_0001 direction FOR => glikson-2021-2021-esc-guidelines-on-cardiac-pacing-and-cardiac-resynchro_n0051/na_0001 operation PERFORM
Rule_1453	?a direction FOR => ?a operation PERFORM	glikson-2021-2021-esc-guidelines-on-cardiac-pacing-and-cardiac-resynchro_n0085/na_0004 direction FOR => glikson-2021-2021-esc-guidelines-on-cardiac-pacing-and-cardiac-resynchro_n0085/na_0004 operation PERFORM
Rule_1453	?a direction FOR => ?a operation PERFORM	zeppenfeld-2022-esc-guidelines-va-and-scd_n0075/na_0002 direction FOR => zeppenfeld-2022-esc-guidelines-va-and-scd_n0075/na_0002 operation PERFORM
Rule_1453	?a direction FOR => ?a operation PERFORM	glikson-2021-2021-esc-guidelines-on-cardiac-pacing-and-cardiac-resynchro_n0020/na_0020 direction FOR => glikson-2021-2021-esc-guidelines-on-cardiac-pacing-and-cardiac-resynchro_n0020/na_0020 operation PERFORM
Rule_1453	?a direction FOR => ?a operation PERFORM	pelliccia-2020-2020-esc-guidelines-on-sports-cardiology-and-exercise-in_n0043/na_0004 direction FOR => pelliccia-2020-2020-esc-guidelines-on-sports-cardiology-and-exercise-in_n0043/na_0004 operation PERFORM
Rule_1453	?a direction FOR => ?a operation PERFORM	glikson-2021-2021-esc-guidelines-on-cardiac-pacing-and-cardiac-resynchro_n0086/na_0007 direction FOR => glikson-2021-2021-esc-guidelines-on-cardiac-pacing-and-cardiac-resynchro_n0086/na_0007 operation PERFORM
Rule_1453	?a direction FOR => ?a operation PERFORM	zeppenfeld-2022-esc-guidelines-va-and-scd_n0036/na_0001 direction FOR => zeppenfeld-2022-esc-guidelines-va-and-scd_n0036/na_0001 operation PERFORM
Rule_1453	?a direction FOR => ?a operation PERFORM	glikson-2021-2021-esc-guidelines-on-cardiac-pacing-and-cardiac-resynchro_n0028/na_0001 direction FOR => glikson-2021-2021-esc-guidelines-on-cardiac-pacing-and-cardiac-resynchro_n0028/na_0001 operation PERFORM
Rule_1453	?a direction FOR => ?a operation PERFORM	mcdonagh-2023-esc-guidelines_n0066/na_0004 direction FOR => mcdonagh-2023-esc-guidelines_n0066/na_0004 operation PERFORM
Rule_1453	?a direction FOR => ?a operation PERFORM	piepoli-2011-exercise-training-in-heart-failure_n0003/na_0014 direction FOR => piepoli-2011-exercise-training-in-heart-failure_n0003/na_0014 operation PERFORM
Rule_1453	?a direction FOR => ?a operation PERFORM	zeppenfeld-2022-esc-guidelines-va-and-scd_n0084/na_0009 direction FOR => zeppenfeld-2022-esc-guidelines-va-and-scd_n0084/na_0009 operation PERFORM
Rule_1453	?a direction FOR => ?a operation PERFORM	zeppenfeld-2022-esc-guidelines-va-and-scd_n0018/na_0012 direction FOR => zeppenfeld-2022-esc-guidelines-va-and-scd_n0018/na_0012 operation PERFORM
Rule_1453	?a direction FOR => ?a operation PERFORM	mcdonagh-2023-esc-guidelines_n0094/na_0012 direction FOR => mcdonagh-2023-esc-guidelines_n0094/na_0012 operation PERFORM
Rule_1453	?a direction FOR => ?a operation PERFORM	glikson-2021-2021-esc-guidelines-on-cardiac-pacing-and-cardiac-resynchro_n0020/na_0062 direction FOR => glikson-2021-2021-esc-guidelines-on-cardiac-pacing-and-cardiac-resynchro_n0020/na_0062 operation PERFORM
Rule_1453	?a direction FOR => ?a operation PERFORM	ferrick-2023-2023-hrs-ehra-aphrs-lahrs-expert-consensus-statement-on-pra_n0023/na_0005 direction FOR => ferrick-2023-2023-hrs-ehra-aphrs-lahrs-expert-consensus-statement-on-pra_n0023/na_0005 operation PERFORM
Rule_1453	?a direction FOR => ?a operation PERFORM	piepoli-2011-exercise-training-in-heart-failure_n0003/na_0036 direction FOR => piepoli-2011-exercise-training-in-heart-failure_n0003/na_0036 operation PERFORM
Rule_1453	?a direction FOR => ?a operation PERFORM	execut-1_n0026/na_0021 direction FOR => execut-1_n0026/na_0021 operation PERFORM
Rule_1453	?a direction FOR => ?a operation PERFORM	glikson-2021-2021-esc-guidelines-on-cardiac-pacing-and-cardiac-resynchro_n0020/na_0052 direction FOR => glikson-2021-2021-esc-guidelines-on-cardiac-pacing-and-cardiac-resynchro_n0020/na_0052 operation PERFORM
Rule_1453	?a direction FOR => ?a operation PERFORM	regitz-zagrosek-2018-2018-esc-guideline-for-the-management-of-cardiovasc_n0022/na_0011 direction FOR => regitz-zagrosek-2018-2018-esc-guideline-for-the-management-of-cardiovasc_n0022/na_0011 operation PERFORM
Rule_1453	?a direction FOR => ?a operation PERFORM	al-khatib-2017-aha-acc-hrs-guideline-va-and-scd_n0038/na_0004 direction FOR => al-khatib-2017-aha-acc-hrs-guideline-va-and-scd_n0038/na_0004 operation PERFORM
Rule_1453	?a direction FOR => ?a operation PERFORM	mcdonagh-2023-esc-guidelines_n0066/na_0003 direction FOR => mcdonagh-2023-esc-guidelines_n0066/na_0003 operation PERFORM
Rule_1453	?a direction FOR => ?a operation PERFORM	heidenreich-2022-aha-acc-hfsa-guidelines_n0064/na_0003 direction FOR => heidenreich-2022-aha-acc-hfsa-guidelines_n0064/na_0003 operation PERFORM
Rule_1453	?a direction FOR => ?a operation PERFORM	glikson-2021-2021-esc-guidelines-on-cardiac-pacing-and-cardiac-resynchro_n0072/na_0003 direction FOR => glikson-2021-2021-esc-guidelines-on-cardiac-pacing-and-cardiac-resynchro_n0072/na_0003 operation PERFORM
Rule_1453	?a direction FOR => ?a operation PERFORM	glikson-2021-2021-esc-guidelines-on-cardiac-pacing-and-cardiac-resynchro_n0023/na_0004 direction FOR => glikson-2021-2021-esc-guidelines-on-cardiac-pacing-and-cardiac-resynchro_n0023/na_0004 operation PERFORM
Rule_1453	?a direction FOR => ?a operation PERFORM	glikson-2021-2021-esc-guidelines-on-cardiac-pacing-and-cardiac-resynchro_n0046/na_0007 direction FOR => glikson-2021-2021-esc-guidelines-on-cardiac-pacing-and-cardiac-resynchro_n0046/na_0007 operation PERFORM
Rule_1453	?a direction FOR => ?a operation PERFORM	zeppenfeld-2022-esc-guidelines-va-and-scd_n0021/na_0019 direction FOR => zeppenfeld-2022-esc-guidelines-va-and-scd_n0021/na_0019 operation PERFORM
Rule_1453	?a direction FOR => ?a operation PERFORM	piepoli-2011-exercise-training-in-heart-failure_n0003/na_0043 direction FOR => piepoli-2011-exercise-training-in-heart-failure_n0003/na_0043 operation PERFORM
Rule_1453	?a direction FOR => ?a operation PERFORM	glikson-2021-2021-esc-guidelines-on-cardiac-pacing-and-cardiac-resynchro_n0064/na_0001 direction FOR => glikson-2021-2021-esc-guidelines-on-cardiac-pacing-and-cardiac-resynchro_n0064/na_0001 operation PERFORM
Rule_1453	?a direction FOR => ?a operation PERFORM	zeppenfeld-2022-esc-guidelines-va-and-scd_n0061/na_0006 direction FOR => zeppenfeld-2022-esc-guidelines-va-and-scd_n0061/na_0006 operation PERFORM
Rule_1453	?a direction FOR => ?a operation PERFORM	seb24c-1_n0001/na_0014 direction FOR => seb24c-1_n0001/na_0014 operation PERFORM
Rule_1453	?a direction FOR => ?a operation PERFORM	mcdonagh-2023-esc-guidelines_n0023/na_0002 direction FOR => mcdonagh-2023-esc-guidelines_n0023/na_0002 operation PERFORM
Rule_1453	?a direction FOR => ?a operation PERFORM	zeppenfeld-2022-esc-guidelines-va-and-scd_n0019/na_0002 direction FOR => zeppenfeld-2022-esc-guidelines-va-and-scd_n0019/na_0002 operation PERFORM
Rule_1453	?a direction FOR => ?a operation PERFORM	zeppenfeld-2022-esc-guidelines-va-and-scd_n0019/na_0009 direction FOR => zeppenfeld-2022-esc-guidelines-va-and-scd_n0019/na_0009 operation PERFORM
Rule_1453	?a direction FOR => ?a operation PERFORM	al-khatib-2017-aha-acc-hrs-guideline-va-and-scd_n0033/na_0002 direction FOR => al-khatib-2017-aha-acc-hrs-guideline-va-and-scd_n0033/na_0002 operation PERFORM
Rule_1453	?a direction FOR => ?a operation PERFORM	piepoli-2011-exercise-training-in-heart-failure_n0003/na_0005 direction FOR => piepoli-2011-exercise-training-in-heart-failure_n0003/na_0005 operation PERFORM
Rule_1453	?a direction FOR => ?a operation PERFORM	glikson-2021-2021-esc-guidelines-on-cardiac-pacing-and-cardiac-resynchro_n0020/na_0080 direction FOR => glikson-2021-2021-esc-guidelines-on-cardiac-pacing-and-cardiac-resynchro_n0020/na_0080 operation PERFORM
Rule_1453	?a direction FOR => ?a operation PERFORM	ambrosetti-2020-secondary-prevention-comprehensive-cardiovascular-rehabi_n0014/na_0015 direction FOR => ambrosetti-2020-secondary-prevention-comprehensive-cardiovascular-rehabi_n0014/na_0015 operation PERFORM
Rule_1453	?a direction FOR => ?a operation PERFORM	heidenreich-2022-aha-acc-hfsa-guidelines_n0017/na_0002 direction FOR => heidenreich-2022-aha-acc-hfsa-guidelines_n0017/na_0002 operation PERFORM
Rule_1453	?a direction FOR => ?a operation PERFORM	mullens-2019-the-use-of-diuretics-in-heart-failure-with-congestion_n0004/na_0009 direction FOR => mullens-2019-the-use-of-diuretics-in-heart-failure-with-congestion_n0004/na_0009 operation PERFORM
Rule_1453	?a direction FOR => ?a operation PERFORM	zeppenfeld-2022-esc-guidelines-va-and-scd_n0072/na_0002 direction FOR => zeppenfeld-2022-esc-guidelines-va-and-scd_n0072/na_0002 operation PERFORM
Rule_1453	?a direction FOR => ?a operation PERFORM	mcdonagh-2023-esc-guidelines_n0095/na_0017 direction FOR => mcdonagh-2023-esc-guidelines_n0095/na_0017 operation PERFORM
Rule_1453	?a direction FOR => ?a operation PERFORM	glikson-2021-2021-esc-guidelines-on-cardiac-pacing-and-cardiac-resynchro_n0085/na_0023 direction FOR => glikson-2021-2021-esc-guidelines-on-cardiac-pacing-and-cardiac-resynchro_n0085/na_0023 operation PERFORM
Rule_1453	?a direction FOR => ?a operation PERFORM	sectio-1_n0012/na_0007 direction FOR => sectio-1_n0012/na_0007 operation PERFORM
Rule_1453	?a direction FOR => ?a operation PERFORM	zeppenfeld-2022-esc-guidelines-va-and-scd_n0095/na_0007 direction FOR => zeppenfeld-2022-esc-guidelines-va-and-scd_n0095/na_0007 operation PERFORM
Rule_1453	?a direction FOR => ?a operation PERFORM	piepoli-2011-exercise-training-in-heart-failure_n0004/na_0017 direction FOR => piepoli-2011-exercise-training-in-heart-failure_n0004/na_0017 operation PERFORM
Rule_1453	?a direction FOR => ?a operation PERFORM	mcdonagh-2023-esc-guidelines_n0032/na_0003 direction FOR => mcdonagh-2023-esc-guidelines_n0032/na_0003 operation PERFORM
Rule_1453	?a direction FOR => ?a operation PERFORM	regitz-zagrosek-2018-2018-esc-guideline-for-the-management-of-cardiovasc_n0048/na_0014 direction FOR => regitz-zagrosek-2018-2018-esc-guideline-for-the-management-of-cardiovasc_n0048/na_0014 operation PERFORM
Rule_1453	?a direction FOR => ?a operation PERFORM	regitz-zagrosek-2018-2018-esc-guideline-for-the-management-of-cardiovasc_n0016/na_0011 direction FOR => regitz-zagrosek-2018-2018-esc-guideline-for-the-management-of-cardiovasc_n0016/na_0011 operation PERFORM
Rule_1453	?a direction FOR => ?a operation PERFORM	glikson-2021-2021-esc-guidelines-on-cardiac-pacing-and-cardiac-resynchro_n0020/na_0034 direction FOR => glikson-2021-2021-esc-guidelines-on-cardiac-pacing-and-cardiac-resynchro_n0020/na_0034 operation PERFORM
Rule_1453	?a direction FOR => ?a operation PERFORM	mcdonagh-2023-esc-guidelines_n0020/na_0001 direction FOR => mcdonagh-2023-esc-guidelines_n0020/na_0001 operation PERFORM
Rule_1453	?a direction FOR => ?a operation PERFORM	mcdonagh-2023-esc-guidelines_n0095/na_0018 direction FOR => mcdonagh-2023-esc-guidelines_n0095/na_0018 operation PERFORM
Rule_1453	?a direction FOR => ?a operation PERFORM	regitz-zagrosek-2018-2018-esc-guideline-for-the-management-of-cardiovasc_n0014/na_0017 direction FOR => regitz-zagrosek-2018-2018-esc-guideline-for-the-management-of-cardiovasc_n0014/na_0017 operation PERFORM
Rule_1453	?a direction FOR => ?a operation PERFORM	zeppenfeld-2022-esc-guidelines-va-and-scd_n0082/na_0001 direction FOR => zeppenfeld-2022-esc-guidelines-va-and-scd_n0082/na_0001 operation PERFORM
Rule_1453	?a direction FOR => ?a operation PERFORM	execut-1_n0041/na_0002 direction FOR => execut-1_n0041/na_0002 operation PERFORM
Rule_1453	?a direction FOR => ?a operation PERFORM	glikson-2021-2021-esc-guidelines-on-cardiac-pacing-and-cardiac-resynchro_n0072/na_0005 direction FOR => glikson-2021-2021-esc-guidelines-on-cardiac-pacing-and-cardiac-resynchro_n0072/na_0005 operation PERFORM
Rule_1453	?a direction FOR => ?a operation PERFORM	van-diepen-2017-contemporary-management-of-cardiogenic-shock_n0007/na_0002 direction FOR => van-diepen-2017-contemporary-management-of-cardiogenic-shock_n0007/na_0002 operation PERFORM
Rule_1453	?a direction FOR => ?a operation PERFORM	glikson-2021-2021-esc-guidelines-on-cardiac-pacing-and-cardiac-resynchro_n0055/na_0002 direction FOR => glikson-2021-2021-esc-guidelines-on-cardiac-pacing-and-cardiac-resynchro_n0055/na_0002 operation PERFORM
Rule_1453	?a direction FOR => ?a operation PERFORM	pelliccia-2020-2020-esc-guidelines-on-sports-cardiology-and-exercise-in_n0053/na_0001 direction FOR => pelliccia-2020-2020-esc-guidelines-on-sports-cardiology-and-exercise-in_n0053/na_0001 operation PERFORM
Rule_1453	?a direction FOR => ?a operation PERFORM	pedretti-2021-comprehensive-multicomponent-cardiac-rehabilitation-in-car_n0004/na_0009 direction FOR => pedretti-2021-comprehensive-multicomponent-cardiac-rehabilitation-in-car_n0004/na_0009 operation PERFORM
Rule_1453	?a direction FOR => ?a operation PERFORM	mcdonagh-2023-esc-guidelines_n0051/na_0018 direction FOR => mcdonagh-2023-esc-guidelines_n0051/na_0018 operation PERFORM
Rule_1453	?a direction FOR => ?a operation PERFORM	zeppenfeld-2022-esc-guidelines-va-and-scd_n0034/na_0009 direction FOR => zeppenfeld-2022-esc-guidelines-va-and-scd_n0034/na_0009 operation PERFORM
Rule_1453	?a direction FOR => ?a operation PERFORM	zeppenfeld-2022-esc-guidelines-va-and-scd_n0091/na_0003 direction FOR => zeppenfeld-2022-esc-guidelines-va-and-scd_n0091/na_0003 operation PERFORM
Rule_1453	?a direction FOR => ?a operation PERFORM	heidenreich-2022-aha-acc-hfsa-guidelines_n0101/na_0003 direction FOR => heidenreich-2022-aha-acc-hfsa-guidelines_n0101/na_0003 operation PERFORM
Rule_1453	?a direction FOR => ?a operation PERFORM	ambrosetti-2020-secondary-prevention-comprehensive-cardiovascular-rehabi_n0014/na_0010 direction FOR => ambrosetti-2020-secondary-prevention-comprehensive-cardiovascular-rehabi_n0014/na_0010 operation PERFORM
Rule_1453	?a direction FOR => ?a operation PERFORM	vest-2019-nutrition-obesity-and-cachexia-in-patients-with-heart-failure_n0001/na_0007 direction FOR => vest-2019-nutrition-obesity-and-cachexia-in-patients-with-heart-failure_n0001/na_0007 operation PERFORM
Rule_1453	?a direction FOR => ?a operation PERFORM	glikson-2021-2021-esc-guidelines-on-cardiac-pacing-and-cardiac-resynchro_n0020/na_0017 direction FOR => glikson-2021-2021-esc-guidelines-on-cardiac-pacing-and-cardiac-resynchro_n0020/na_0017 operation PERFORM
Rule_1453	?a direction FOR => ?a operation PERFORM	glikson-2021-2021-esc-guidelines-on-cardiac-pacing-and-cardiac-resynchro_n0020/na_0031 direction FOR => glikson-2021-2021-esc-guidelines-on-cardiac-pacing-and-cardiac-resynchro_n0020/na_0031 operation PERFORM
Rule_1453	?a direction FOR => ?a operation PERFORM	mcdonagh-2023-esc-guidelines_n0022/na_0011 direction FOR => mcdonagh-2023-esc-guidelines_n0022/na_0011 operation PERFORM
Rule_1453	?a direction FOR => ?a operation PERFORM	ambrosetti-2020-secondary-prevention-comprehensive-cardiovascular-rehabi_n0011/na_0009 direction FOR => ambrosetti-2020-secondary-prevention-comprehensive-cardiovascular-rehabi_n0011/na_0009 operation PERFORM
Rule_1453	?a direction FOR => ?a operation PERFORM	mcdonagh-2023-esc-guidelines_n0083/na_0002 direction FOR => mcdonagh-2023-esc-guidelines_n0083/na_0002 operation PERFORM
Rule_1453	?a direction FOR => ?a operation PERFORM	zeppenfeld-2022-esc-guidelines-va-and-scd_n0063/na_0001 direction FOR => zeppenfeld-2022-esc-guidelines-va-and-scd_n0063/na_0001 operation PERFORM
Rule_1453	?a direction FOR => ?a operation PERFORM	glikson-2021-2021-esc-guidelines-on-cardiac-pacing-and-cardiac-resynchro_n0020/na_0060 direction FOR => glikson-2021-2021-esc-guidelines-on-cardiac-pacing-and-cardiac-resynchro_n0020/na_0060 operation PERFORM
Rule_1453	?a direction FOR => ?a operation PERFORM	zeppenfeld-2022-esc-guidelines-va-and-scd_n0084/na_0010 direction FOR => zeppenfeld-2022-esc-guidelines-va-and-scd_n0084/na_0010 operation PERFORM
Rule_1453	?a direction FOR => ?a operation PERFORM	zeppenfeld-2022-esc-guidelines-va-and-scd_n0021/na_0001 direction FOR => zeppenfeld-2022-esc-guidelines-va-and-scd_n0021/na_0001 operation PERFORM
Rule_1453	?a direction FOR => ?a operation PERFORM	zeppenfeld-2022-esc-guidelines-va-and-scd_n0092/na_0013 direction FOR => zeppenfeld-2022-esc-guidelines-va-and-scd_n0092/na_0013 operation PERFORM
Rule_1453	?a direction FOR => ?a operation PERFORM	mcdonagh-2023-esc-guidelines_n0074/na_0008 direction FOR => mcdonagh-2023-esc-guidelines_n0074/na_0008 operation PERFORM
Rule_1453	?a direction FOR => ?a operation PERFORM	ambrosetti-2020-secondary-prevention-comprehensive-cardiovascular-rehabi_n0001/na_0001 direction FOR => ambrosetti-2020-secondary-prevention-comprehensive-cardiovascular-rehabi_n0001/na_0001 operation PERFORM
Rule_1453	?a direction FOR => ?a operation PERFORM	mcdonagh-2023-esc-guidelines_n0063/na_0002 direction FOR => mcdonagh-2023-esc-guidelines_n0063/na_0002 operation PERFORM
Rule_1453	?a direction FOR => ?a operation PERFORM	glikson-2021-2021-esc-guidelines-on-cardiac-pacing-and-cardiac-resynchro_n0020/na_0001 direction FOR => glikson-2021-2021-esc-guidelines-on-cardiac-pacing-and-cardiac-resynchro_n0020/na_0001 operation PERFORM
Rule_1453	?a direction FOR => ?a operation PERFORM	zeppenfeld-2022-esc-guidelines-va-and-scd_n0058/na_0003 direction FOR => zeppenfeld-2022-esc-guidelines-va-and-scd_n0058/na_0003 operation PERFORM
Rule_1453	?a direction FOR => ?a operation PERFORM	ambrosetti-2020-secondary-prevention-comprehensive-cardiovascular-rehabi_n0016/na_0006 direction FOR => ambrosetti-2020-secondary-prevention-comprehensive-cardiovascular-rehabi_n0016/na_0006 operation PERFORM
Rule_1453	?a direction FOR => ?a operation PERFORM	piepoli-2011-exercise-training-in-heart-failure_n0003/na_0008 direction FOR => piepoli-2011-exercise-training-in-heart-failure_n0003/na_0008 operation PERFORM
Rule_1453	?a direction FOR => ?a operation PERFORM	heidenreich-2022-aha-acc-hfsa-guidelines_n0013/na_0006 direction FOR => heidenreich-2022-aha-acc-hfsa-guidelines_n0013/na_0006 operation PERFORM
Rule_1453	?a direction FOR => ?a operation PERFORM	zeppenfeld-2022-esc-guidelines-va-and-scd_n0019/na_0052 direction FOR => zeppenfeld-2022-esc-guidelines-va-and-scd_n0019/na_0052 operation PERFORM
Rule_1453	?a direction FOR => ?a operation PERFORM	mcdonagh-2023-esc-guidelines_n0066/na_0012 direction FOR => mcdonagh-2023-esc-guidelines_n0066/na_0012 operation PERFORM
Rule_1453	?a direction FOR => ?a operation PERFORM	heidenreich-2022-aha-acc-hfsa-guidelines_n0017/na_0003 direction FOR => heidenreich-2022-aha-acc-hfsa-guidelines_n0017/na_0003 operation PERFORM
Rule_1453	?a direction FOR => ?a operation PERFORM	al-khatib-2017-aha-acc-hrs-guideline-va-and-scd_n0030/na_0002 direction FOR => al-khatib-2017-aha-acc-hrs-guideline-va-and-scd_n0030/na_0002 operation PERFORM
Rule_1453	?a direction FOR => ?a operation PERFORM	mcdonagh-2023-esc-guidelines_n0028/na_0004 direction FOR => mcdonagh-2023-esc-guidelines_n0028/na_0004 operation PERFORM
Rule_1453	?a direction FOR => ?a operation PERFORM	mcdonagh-2023-esc-guidelines_n0066/na_0014 direction FOR => mcdonagh-2023-esc-guidelines_n0066/na_0014 operation PERFORM
Rule_1453	?a direction FOR => ?a operation PERFORM	zeppenfeld-2022-esc-guidelines-va-and-scd_n0034/na_0012 direction FOR => zeppenfeld-2022-esc-guidelines-va-and-scd_n0034/na_0012 operation PERFORM
Rule_1453	?a direction FOR => ?a operation PERFORM	mcdonagh-2023-esc-guidelines_n0094/na_0008 direction FOR => mcdonagh-2023-esc-guidelines_n0094/na_0008 operation PERFORM
Rule_1453	?a direction FOR => ?a operation PERFORM	al-khatib-2017-aha-acc-hrs-guideline-va-and-scd_n0073/na_0002 direction FOR => al-khatib-2017-aha-acc-hrs-guideline-va-and-scd_n0073/na_0002 operation PERFORM
Rule_1453	?a direction FOR => ?a operation PERFORM	al-khatib-2017-aha-acc-hrs-guideline-va-and-scd_n0079/na_0004 direction FOR => al-khatib-2017-aha-acc-hrs-guideline-va-and-scd_n0079/na_0004 operation PERFORM
Rule_1453	?a direction FOR => ?a operation PERFORM	pelliccia-2020-2020-esc-guidelines-on-sports-cardiology-and-exercise-in_n0054/na_0004 direction FOR => pelliccia-2020-2020-esc-guidelines-on-sports-cardiology-and-exercise-in_n0054/na_0004 operation PERFORM
Rule_1453	?a direction FOR => ?a operation PERFORM	execut-1_n0027/na_0002 direction FOR => execut-1_n0027/na_0002 operation PERFORM
Rule_1453	?a direction FOR => ?a operation PERFORM	mcdonagh-2023-esc-guidelines_n0022/na_0001 direction FOR => mcdonagh-2023-esc-guidelines_n0022/na_0001 operation PERFORM
Rule_1453	?a direction FOR => ?a operation PERFORM	pelliccia-2020-2020-esc-guidelines-on-sports-cardiology-and-exercise-in_n0077/na_0006 direction FOR => pelliccia-2020-2020-esc-guidelines-on-sports-cardiology-and-exercise-in_n0077/na_0006 operation PERFORM
Rule_1453	?a direction FOR => ?a operation PERFORM	heidenreich-2022-aha-acc-hfsa-guidelines_n0064/na_0006 direction FOR => heidenreich-2022-aha-acc-hfsa-guidelines_n0064/na_0006 operation PERFORM
Rule_1453	?a direction FOR => ?a operation PERFORM	glikson-2021-2021-esc-guidelines-on-cardiac-pacing-and-cardiac-resynchro_n0020/na_0068 direction FOR => glikson-2021-2021-esc-guidelines-on-cardiac-pacing-and-cardiac-resynchro_n0020/na_0068 operation PERFORM
Rule_1453	?a direction FOR => ?a operation PERFORM	regitz-zagrosek-2018-2018-esc-guideline-for-the-management-of-cardiovasc_n0023/na_0013 direction FOR => regitz-zagrosek-2018-2018-esc-guideline-for-the-management-of-cardiovasc_n0023/na_0013 operation PERFORM
Rule_1453	?a direction FOR => ?a operation PERFORM	regitz-zagrosek-2018-2018-esc-guideline-for-the-management-of-cardiovasc_n0016/na_0012 direction FOR => regitz-zagrosek-2018-2018-esc-guideline-for-the-management-of-cardiovasc_n0016/na_0012 operation PERFORM
Rule_1453	?a direction FOR => ?a operation PERFORM	piepoli-2011-exercise-training-in-heart-failure_n0003/na_0027 direction FOR => piepoli-2011-exercise-training-in-heart-failure_n0003/na_0027 operation PERFORM
Rule_1453	?a direction FOR => ?a operation PERFORM	mcdonagh-2023-esc-guidelines_n0031/na_0010 direction FOR => mcdonagh-2023-esc-guidelines_n0031/na_0010 operation PERFORM
Rule_1453	?a direction FOR => ?a operation PERFORM	sectio-1_n0022/na_0011 direction FOR => sectio-1_n0022/na_0011 operation PERFORM
Rule_1453	?a direction FOR => ?a operation PERFORM	visseren-2021-esc-guidelines-cardiovascular-disease-prevention_n0069/na_0003 direction FOR => visseren-2021-esc-guidelines-cardiovascular-disease-prevention_n0069/na_0003 operation PERFORM
Rule_1453	?a direction FOR => ?a operation PERFORM	mcdonagh-2023-esc-guidelines_n0022/na_0014 direction FOR => mcdonagh-2023-esc-guidelines_n0022/na_0014 operation PERFORM
Rule_1453	?a direction FOR => ?a operation PERFORM	piepoli-2011-exercise-training-in-heart-failure_n0004/na_0014 direction FOR => piepoli-2011-exercise-training-in-heart-failure_n0004/na_0014 operation PERFORM
Rule_1453	?a direction FOR => ?a operation PERFORM	pelliccia-2020-2020-esc-guidelines-on-sports-cardiology-and-exercise-in_n0076/na_0014 direction FOR => pelliccia-2020-2020-esc-guidelines-on-sports-cardiology-and-exercise-in_n0076/na_0014 operation PERFORM
Rule_1453	?a direction FOR => ?a operation PERFORM	ambrosetti-2020-secondary-prevention-comprehensive-cardiovascular-rehabi_n0012/na_0004 direction FOR => ambrosetti-2020-secondary-prevention-comprehensive-cardiovascular-rehabi_n0012/na_0004 operation PERFORM
Rule_1453	?a direction FOR => ?a operation PERFORM	ambrosetti-2020-secondary-prevention-comprehensive-cardiovascular-rehabi_n0001/na_0006 direction FOR => ambrosetti-2020-secondary-prevention-comprehensive-cardiovascular-rehabi_n0001/na_0006 operation PERFORM
Rule_1453	?a direction FOR => ?a operation PERFORM	regitz-zagrosek-2018-2018-esc-guideline-for-the-management-of-cardiovasc_n0016/na_0009 direction FOR => regitz-zagrosek-2018-2018-esc-guideline-for-the-management-of-cardiovasc_n0016/na_0009 operation PERFORM
Rule_1453	?a direction FOR => ?a operation PERFORM	mcdonagh-2023-esc-guidelines_n0089/na_0003 direction FOR => mcdonagh-2023-esc-guidelines_n0089/na_0003 operation PERFORM
Rule_1453	?a direction FOR => ?a operation PERFORM	zeppenfeld-2022-esc-guidelines-va-and-scd_n0094/na_0021 direction FOR => zeppenfeld-2022-esc-guidelines-va-and-scd_n0094/na_0021 operation PERFORM
Rule_1453	?a direction FOR => ?a operation PERFORM	mcdonagh-2023-esc-guidelines_n0066/na_0005 direction FOR => mcdonagh-2023-esc-guidelines_n0066/na_0005 operation PERFORM
Rule_1453	?a direction FOR => ?a operation PERFORM	mcdonagh-2023-esc-guidelines_n0028/na_0005 direction FOR => mcdonagh-2023-esc-guidelines_n0028/na_0005 operation PERFORM
Rule_1453	?a direction FOR => ?a operation PERFORM	mcdonagh-2023-esc-guidelines_n0095/na_0005 direction FOR => mcdonagh-2023-esc-guidelines_n0095/na_0005 operation PERFORM
Rule_1453	?a direction FOR => ?a operation PERFORM	mullens-2019-the-use-of-diuretics-in-heart-failure-with-congestion_n0005/na_0001 direction FOR => mullens-2019-the-use-of-diuretics-in-heart-failure-with-congestion_n0005/na_0001 operation PERFORM
Rule_1453	?a direction FOR => ?a operation PERFORM	heidenreich-2022-aha-acc-hfsa-guidelines_n0100/na_0006 direction FOR => heidenreich-2022-aha-acc-hfsa-guidelines_n0100/na_0006 operation PERFORM
Rule_1453	?a direction FOR => ?a operation PERFORM	glikson-2021-2021-esc-guidelines-on-cardiac-pacing-and-cardiac-resynchro_n0026/na_0001 direction FOR => glikson-2021-2021-esc-guidelines-on-cardiac-pacing-and-cardiac-resynchro_n0026/na_0001 operation PERFORM
Rule_1453	?a direction FOR => ?a operation PERFORM	mcdonagh-2023-esc-guidelines_n0096/na_0010 direction FOR => mcdonagh-2023-esc-guidelines_n0096/na_0010 operation PERFORM
Rule_1453	?a direction FOR => ?a operation PERFORM	glikson-2021-2021-esc-guidelines-on-cardiac-pacing-and-cardiac-resynchro_n0020/na_0059 direction FOR => glikson-2021-2021-esc-guidelines-on-cardiac-pacing-and-cardiac-resynchro_n0020/na_0059 operation PERFORM
Rule_1453	?a direction FOR => ?a operation PERFORM	heidenreich-2022-aha-acc-hfsa-guidelines_n0035/na_0004 direction FOR => heidenreich-2022-aha-acc-hfsa-guidelines_n0035/na_0004 operation PERFORM
Rule_1453	?a direction FOR => ?a operation PERFORM	zeppenfeld-2022-esc-guidelines-va-and-scd_n0021/na_0010 direction FOR => zeppenfeld-2022-esc-guidelines-va-and-scd_n0021/na_0010 operation PERFORM
Rule_1453	?a direction FOR => ?a operation PERFORM	glikson-2021-2021-esc-guidelines-on-cardiac-pacing-and-cardiac-resynchro_n0072/na_0008 direction FOR => glikson-2021-2021-esc-guidelines-on-cardiac-pacing-and-cardiac-resynchro_n0072/na_0008 operation PERFORM
Rule_1453	?a direction FOR => ?a operation PERFORM	visseren-2021-esc-guidelines-cardiovascular-disease-prevention_n0080/na_0008 direction FOR => visseren-2021-esc-guidelines-cardiovascular-disease-prevention_n0080/na_0008 operation PERFORM
Rule_1453	?a direction FOR => ?a operation PERFORM	heidenreich-2022-aha-acc-hfsa-guidelines_n0100/na_0005 direction FOR => heidenreich-2022-aha-acc-hfsa-guidelines_n0100/na_0005 operation PERFORM
Rule_1453	?a direction FOR => ?a operation PERFORM	glikson-2021-2021-esc-guidelines-on-cardiac-pacing-and-cardiac-resynchro_n0061/na_0005 direction FOR => glikson-2021-2021-esc-guidelines-on-cardiac-pacing-and-cardiac-resynchro_n0061/na_0005 operation PERFORM
Rule_1453	?a direction FOR => ?a operation PERFORM	zeppenfeld-2022-esc-guidelines-va-and-scd_n0019/na_0004 direction FOR => zeppenfeld-2022-esc-guidelines-va-and-scd_n0019/na_0004 operation PERFORM
Rule_1453	?a direction FOR => ?a operation PERFORM	al-khatib-2017-aha-acc-hrs-guideline-va-and-scd_n0044/na_0002 direction FOR => al-khatib-2017-aha-acc-hrs-guideline-va-and-scd_n0044/na_0002 operation PERFORM
Rule_1453	?a direction FOR => ?a operation PERFORM	pelliccia-2020-2020-esc-guidelines-on-sports-cardiology-and-exercise-in_n0077/na_0008 direction FOR => pelliccia-2020-2020-esc-guidelines-on-sports-cardiology-and-exercise-in_n0077/na_0008 operation PERFORM
Rule_1453	?a direction FOR => ?a operation PERFORM	zeppenfeld-2022-esc-guidelines-va-and-scd_n0054/na_0002 direction FOR => zeppenfeld-2022-esc-guidelines-va-and-scd_n0054/na_0002 operation PERFORM
Rule_1453	?a direction FOR => ?a operation PERFORM	zeppenfeld-2022-esc-guidelines-va-and-scd_n0022/na_0009 direction FOR => zeppenfeld-2022-esc-guidelines-va-and-scd_n0022/na_0009 operation PERFORM
Rule_1453	?a direction FOR => ?a operation PERFORM	execut-1_n0041/na_0007 direction FOR => execut-1_n0041/na_0007 operation PERFORM
Rule_1453	?a direction FOR => ?a operation PERFORM	zeppenfeld-2022-esc-guidelines-va-and-scd_n0032/na_0001 direction FOR => zeppenfeld-2022-esc-guidelines-va-and-scd_n0032/na_0001 operation PERFORM
Rule_1453	?a direction FOR => ?a operation PERFORM	regitz-zagrosek-2018-2018-esc-guideline-for-the-management-of-cardiovasc_n0023/na_0002 direction FOR => regitz-zagrosek-2018-2018-esc-guideline-for-the-management-of-cardiovasc_n0023/na_0002 operation PERFORM
Rule_1453	?a direction FOR => ?a operation PERFORM	execut-1_n0040/na_0021 direction FOR => execut-1_n0040/na_0021 operation PERFORM
Rule_1453	?a direction FOR => ?a operation PERFORM	zeppenfeld-2022-esc-guidelines-va-and-scd_n0019/na_0058 direction FOR => zeppenfeld-2022-esc-guidelines-va-and-scd_n0019/na_0058 operation PERFORM
Rule_1453	?a direction FOR => ?a operation PERFORM	zeppenfeld-2022-esc-guidelines-va-and-scd_n0018/na_0004 direction FOR => zeppenfeld-2022-esc-guidelines-va-and-scd_n0018/na_0004 operation PERFORM
Rule_1453	?a direction FOR => ?a operation PERFORM	glikson-2021-2021-esc-guidelines-on-cardiac-pacing-and-cardiac-resynchro_n0085/na_0025 direction FOR => glikson-2021-2021-esc-guidelines-on-cardiac-pacing-and-cardiac-resynchro_n0085/na_0025 operation PERFORM
Rule_1453	?a direction FOR => ?a operation PERFORM	sectio-1_n0017/na_0009 direction FOR => sectio-1_n0017/na_0009 operation PERFORM
Rule_1453	?a direction FOR => ?a operation PERFORM	glikson-2021-2021-esc-guidelines-on-cardiac-pacing-and-cardiac-resynchro_n0023/na_0003 direction FOR => glikson-2021-2021-esc-guidelines-on-cardiac-pacing-and-cardiac-resynchro_n0023/na_0003 operation PERFORM
Rule_1453	?a direction FOR => ?a operation PERFORM	pelliccia-2020-2020-esc-guidelines-on-sports-cardiology-and-exercise-in_n0041/na_0004 direction FOR => pelliccia-2020-2020-esc-guidelines-on-sports-cardiology-and-exercise-in_n0041/na_0004 operation PERFORM
Rule_1453	?a direction FOR => ?a operation PERFORM	pelliccia-2020-2020-esc-guidelines-on-sports-cardiology-and-exercise-in_n0039/na_0001 direction FOR => pelliccia-2020-2020-esc-guidelines-on-sports-cardiology-and-exercise-in_n0039/na_0001 operation PERFORM
Rule_1453	?a direction FOR => ?a operation PERFORM	regitz-zagrosek-2018-2018-esc-guideline-for-the-management-of-cardiovasc_n0022/na_0015 direction FOR => regitz-zagrosek-2018-2018-esc-guideline-for-the-management-of-cardiovasc_n0022/na_0015 operation PERFORM
Rule_1453	?a direction FOR => ?a operation PERFORM	zeppenfeld-2022-esc-guidelines-va-and-scd_n0096/na_0003 direction FOR => zeppenfeld-2022-esc-guidelines-va-and-scd_n0096/na_0003 operation PERFORM
Rule_1453	?a direction FOR => ?a operation PERFORM	al-khatib-2017-aha-acc-hrs-guideline-va-and-scd_n0034/na_0002 direction FOR => al-khatib-2017-aha-acc-hrs-guideline-va-and-scd_n0034/na_0002 operation PERFORM
Rule_1453	?a direction FOR => ?a operation PERFORM	piepoli-2011-exercise-training-in-heart-failure_n0003/na_0009 direction FOR => piepoli-2011-exercise-training-in-heart-failure_n0003/na_0009 operation PERFORM
Rule_1453	?a direction FOR => ?a operation PERFORM	pelliccia-2020-2020-esc-guidelines-on-sports-cardiology-and-exercise-in_n0057/na_0003 direction FOR => pelliccia-2020-2020-esc-guidelines-on-sports-cardiology-and-exercise-in_n0057/na_0003 operation PERFORM
Rule_1453	?a direction FOR => ?a operation PERFORM	zeppenfeld-2022-esc-guidelines-va-and-scd_n0079/na_0006 direction FOR => zeppenfeld-2022-esc-guidelines-va-and-scd_n0079/na_0006 operation PERFORM
Rule_1453	?a direction FOR => ?a operation PERFORM	heidenreich-2022-aha-acc-hfsa-guidelines_n0097/na_0012 direction FOR => heidenreich-2022-aha-acc-hfsa-guidelines_n0097/na_0012 operation PERFORM
Rule_1453	?a direction FOR => ?a operation PERFORM	mcdonagh-2023-esc-guidelines_n0066/na_0002 direction FOR => mcdonagh-2023-esc-guidelines_n0066/na_0002 operation PERFORM
Rule_1453	?a direction FOR => ?a operation PERFORM	mcdonagh-2023-esc-guidelines_n0095/na_0013 direction FOR => mcdonagh-2023-esc-guidelines_n0095/na_0013 operation PERFORM
Rule_1453	?a direction FOR => ?a operation PERFORM	lenarczyk-2024-management-of-patients-with-an-electrical-storm-or-cluste_n0010/na_0010 direction FOR => lenarczyk-2024-management-of-patients-with-an-electrical-storm-or-cluste_n0010/na_0010 operation PERFORM
Rule_1453	?a direction FOR => ?a operation PERFORM	pelliccia-2020-2020-esc-guidelines-on-sports-cardiology-and-exercise-in_n0077/na_0012 direction FOR => pelliccia-2020-2020-esc-guidelines-on-sports-cardiology-and-exercise-in_n0077/na_0012 operation PERFORM
Rule_1453	?a direction FOR => ?a operation PERFORM	zeppenfeld-2022-esc-guidelines-va-and-scd_n0068/na_0005 direction FOR => zeppenfeld-2022-esc-guidelines-va-and-scd_n0068/na_0005 operation PERFORM
Rule_1453	?a direction FOR => ?a operation PERFORM	lenarczyk-2024-management-of-patients-with-an-electrical-storm-or-cluste_n0008/na_0008 direction FOR => lenarczyk-2024-management-of-patients-with-an-electrical-storm-or-cluste_n0008/na_0008 operation PERFORM
Rule_1453	?a direction FOR => ?a operation PERFORM	heidenreich-2022-aha-acc-hfsa-guidelines_n0021/na_0007 direction FOR => heidenreich-2022-aha-acc-hfsa-guidelines_n0021/na_0007 operation PERFORM
Rule_1453	?a direction FOR => ?a operation PERFORM	sectio-1_n0022/na_0013 direction FOR => sectio-1_n0022/na_0013 operation PERFORM
Rule_1453	?a direction FOR => ?a operation PERFORM	mcdonagh-2023-esc-guidelines_n0051/na_0020 direction FOR => mcdonagh-2023-esc-guidelines_n0051/na_0020 operation PERFORM
Rule_1453	?a direction FOR => ?a operation PERFORM	mcdonagh-2023-esc-guidelines_n0066/na_0011 direction FOR => mcdonagh-2023-esc-guidelines_n0066/na_0011 operation PERFORM
Rule_1453	?a direction FOR => ?a operation PERFORM	regitz-zagrosek-2018-2018-esc-guideline-for-the-management-of-cardiovasc_n0014/na_0006 direction FOR => regitz-zagrosek-2018-2018-esc-guideline-for-the-management-of-cardiovasc_n0014/na_0006 operation PERFORM
Rule_1453	?a direction FOR => ?a operation PERFORM	mcdonagh-2023-esc-guidelines_n0067/na_0001 direction FOR => mcdonagh-2023-esc-guidelines_n0067/na_0001 operation PERFORM
Rule_1453	?a direction FOR => ?a operation PERFORM	su_verified_1d4ae21bdadbacafa8087e019976dde180c346c5d4626772c2b286528336efac_table_14/na_0005 direction FOR => su_verified_1d4ae21bdadbacafa8087e019976dde180c346c5d4626772c2b286528336efac_table_14/na_0005 operation PERFORM
Rule_1453	?a direction FOR => ?a operation PERFORM	piepoli-2011-exercise-training-in-heart-failure_n0003/na_0010 direction FOR => piepoli-2011-exercise-training-in-heart-failure_n0003/na_0010 operation PERFORM
Rule_1453	?a direction FOR => ?a operation PERFORM	zeppenfeld-2022-esc-guidelines-va-and-scd_n0020/na_0008 direction FOR => zeppenfeld-2022-esc-guidelines-va-and-scd_n0020/na_0008 operation PERFORM
Rule_1453	?a direction FOR => ?a operation PERFORM	su_verified_0074e29f31a1f0feb082e0064bee46f60bf6b5ae3f8703d1231341374ed97e52_table_1/na_0034 direction FOR => su_verified_0074e29f31a1f0feb082e0064bee46f60bf6b5ae3f8703d1231341374ed97e52_table_1/na_0034 operation PERFORM
Rule_1453	?a direction FOR => ?a operation PERFORM	ambrosetti-2020-secondary-prevention-comprehensive-cardiovascular-rehabi_n0014/na_0012 direction FOR => ambrosetti-2020-secondary-prevention-comprehensive-cardiovascular-rehabi_n0014/na_0012 operation PERFORM
Rule_1453	?a direction FOR => ?a operation PERFORM	glikson-2021-2021-esc-guidelines-on-cardiac-pacing-and-cardiac-resynchro_n0020/na_0061 direction FOR => glikson-2021-2021-esc-guidelines-on-cardiac-pacing-and-cardiac-resynchro_n0020/na_0061 operation PERFORM
Rule_1453	?a direction FOR => ?a operation PERFORM	zeppenfeld-2022-esc-guidelines-va-and-scd_n0091/na_0007 direction FOR => zeppenfeld-2022-esc-guidelines-va-and-scd_n0091/na_0007 operation PERFORM
Rule_1453	?a direction FOR => ?a operation PERFORM	execut-1_n0041/na_0005 direction FOR => execut-1_n0041/na_0005 operation PERFORM
Rule_1453	?a direction FOR => ?a operation PERFORM	zeppenfeld-2022-esc-guidelines-va-and-scd_n0054/na_0004 direction FOR => zeppenfeld-2022-esc-guidelines-va-and-scd_n0054/na_0004 operation PERFORM
Rule_1453	?a direction FOR => ?a operation PERFORM	mcdonagh-2023-esc-guidelines_n0051/na_0002 direction FOR => mcdonagh-2023-esc-guidelines_n0051/na_0002 operation PERFORM
Rule_1453	?a direction FOR => ?a operation PERFORM	zeppenfeld-2022-esc-guidelines-va-and-scd_n0063/na_0010 direction FOR => zeppenfeld-2022-esc-guidelines-va-and-scd_n0063/na_0010 operation PERFORM
Rule_1453	?a direction FOR => ?a operation PERFORM	zeppenfeld-2022-esc-guidelines-va-and-scd_n0081/na_0011 direction FOR => zeppenfeld-2022-esc-guidelines-va-and-scd_n0081/na_0011 operation PERFORM
Rule_1453	?a direction FOR => ?a operation PERFORM	regitz-zagrosek-2018-2018-esc-guideline-for-the-management-of-cardiovasc_n0022/na_0009 direction FOR => regitz-zagrosek-2018-2018-esc-guideline-for-the-management-of-cardiovasc_n0022/na_0009 operation PERFORM
Rule_1453	?a direction FOR => ?a operation PERFORM	piepoli-2011-exercise-training-in-heart-failure_n0004/na_0012 direction FOR => piepoli-2011-exercise-training-in-heart-failure_n0004/na_0012 operation PERFORM
Rule_1453	?a direction FOR => ?a operation PERFORM	mcdonagh-2023-esc-guidelines_n0062/na_0015 direction FOR => mcdonagh-2023-esc-guidelines_n0062/na_0015 operation PERFORM
Rule_1453	?a direction FOR => ?a operation PERFORM	zeppenfeld-2022-esc-guidelines-va-and-scd_n0025/na_0019 direction FOR => zeppenfeld-2022-esc-guidelines-va-and-scd_n0025/na_0019 operation PERFORM
Rule_1453	?a direction FOR => ?a operation PERFORM	cardiosmart-modul1-zusammengefugt_n0002/na_0005 direction FOR => cardiosmart-modul1-zusammengefugt_n0002/na_0005 operation PERFORM
Rule_1453	?a direction FOR => ?a operation PERFORM	wilkoff-2008-hrs-ehra-expert-consenus-on-the-monitoring-of-cieds_n0005/na_0016 direction FOR => wilkoff-2008-hrs-ehra-expert-consenus-on-the-monitoring-of-cieds_n0005/na_0016 operation PERFORM
Rule_1453	?a direction FOR => ?a operation PERFORM	glikson-2021-2021-esc-guidelines-on-cardiac-pacing-and-cardiac-resynchro_n0020/na_0079 direction FOR => glikson-2021-2021-esc-guidelines-on-cardiac-pacing-and-cardiac-resynchro_n0020/na_0079 operation PERFORM
Rule_1453	?a direction FOR => ?a operation PERFORM	mcdonagh-2023-esc-guidelines_n0031/na_0009 direction FOR => mcdonagh-2023-esc-guidelines_n0031/na_0009 operation PERFORM
Rule_1453	?a direction FOR => ?a operation PERFORM	mcdonagh-2023-esc-guidelines_n0022/na_0015 direction FOR => mcdonagh-2023-esc-guidelines_n0022/na_0015 operation PERFORM
Rule_1453	?a direction FOR => ?a operation PERFORM	zeppenfeld-2022-esc-guidelines-va-and-scd_n0072/na_0003 direction FOR => zeppenfeld-2022-esc-guidelines-va-and-scd_n0072/na_0003 operation PERFORM
Rule_1453	?a direction FOR => ?a operation PERFORM	zeppenfeld-2022-esc-guidelines-va-and-scd_n0022/na_0020 direction FOR => zeppenfeld-2022-esc-guidelines-va-and-scd_n0022/na_0020 operation PERFORM
Rule_1453	?a direction FOR => ?a operation PERFORM	glikson-2021-2021-esc-guidelines-on-cardiac-pacing-and-cardiac-resynchro_n0020/na_0022 direction FOR => glikson-2021-2021-esc-guidelines-on-cardiac-pacing-and-cardiac-resynchro_n0020/na_0022 operation PERFORM
Rule_1453	?a direction FOR => ?a operation PERFORM	zeppenfeld-2022-esc-guidelines-va-and-scd_n0063/na_0009 direction FOR => zeppenfeld-2022-esc-guidelines-va-and-scd_n0063/na_0009 operation PERFORM
Rule_1453	?a direction FOR => ?a operation PERFORM	execut-1_n0027/na_0011 direction FOR => execut-1_n0027/na_0011 operation PERFORM
Rule_1453	?a direction FOR => ?a operation PERFORM	zeppenfeld-2022-esc-guidelines-va-and-scd_n0074/na_0001 direction FOR => zeppenfeld-2022-esc-guidelines-va-and-scd_n0074/na_0001 operation PERFORM
Rule_1453	?a direction FOR => ?a operation PERFORM	zeppenfeld-2022-esc-guidelines-va-and-scd_n0062/na_0007 direction FOR => zeppenfeld-2022-esc-guidelines-va-and-scd_n0062/na_0007 operation PERFORM
Rule_1453	?a direction FOR => ?a operation PERFORM	ambrosetti-2020-secondary-prevention-comprehensive-cardiovascular-rehabi_n0007/na_0029 direction FOR => ambrosetti-2020-secondary-prevention-comprehensive-cardiovascular-rehabi_n0007/na_0029 operation PERFORM
Rule_1453	?a direction FOR => ?a operation PERFORM	mcdonagh-2023-esc-guidelines_n0031/na_0003 direction FOR => mcdonagh-2023-esc-guidelines_n0031/na_0003 operation PERFORM
Rule_1453	?a direction FOR => ?a operation PERFORM	mcdonagh-2023-esc-guidelines_n0024/na_0006 direction FOR => mcdonagh-2023-esc-guidelines_n0024/na_0006 operation PERFORM
Rule_1453	?a direction FOR => ?a operation PERFORM	zeppenfeld-2022-esc-guidelines-va-and-scd_n0095/na_0003 direction FOR => zeppenfeld-2022-esc-guidelines-va-and-scd_n0095/na_0003 operation PERFORM
Rule_1453	?a direction FOR => ?a operation PERFORM	pelliccia-2020-2020-esc-guidelines-on-sports-cardiology-and-exercise-in_n0064/na_0002 direction FOR => pelliccia-2020-2020-esc-guidelines-on-sports-cardiology-and-exercise-in_n0064/na_0002 operation PERFORM
Rule_1453	?a direction FOR => ?a operation PERFORM	glikson-2021-2021-esc-guidelines-on-cardiac-pacing-and-cardiac-resynchro_n0020/na_0016 direction FOR => glikson-2021-2021-esc-guidelines-on-cardiac-pacing-and-cardiac-resynchro_n0020/na_0016 operation PERFORM
Rule_1453	?a direction FOR => ?a operation PERFORM	glikson-2021-2021-esc-guidelines-on-cardiac-pacing-and-cardiac-resynchro_n0051/na_0002 direction FOR => glikson-2021-2021-esc-guidelines-on-cardiac-pacing-and-cardiac-resynchro_n0051/na_0002 operation PERFORM
Rule_1453	?a direction FOR => ?a operation PERFORM	execut-1_n0027/na_0001 direction FOR => execut-1_n0027/na_0001 operation PERFORM
Rule_1453	?a direction FOR => ?a operation PERFORM	execut-1_n0047/na_0010 direction FOR => execut-1_n0047/na_0010 operation PERFORM
Rule_1453	?a direction FOR => ?a operation PERFORM	piepoli-2011-exercise-training-in-heart-failure_n0003/na_0039 direction FOR => piepoli-2011-exercise-training-in-heart-failure_n0003/na_0039 operation PERFORM
Rule_1453	?a direction FOR => ?a operation PERFORM	mcdonagh-2023-esc-guidelines_n0074/na_0007 direction FOR => mcdonagh-2023-esc-guidelines_n0074/na_0007 operation PERFORM
Rule_1453	?a direction FOR => ?a operation PERFORM	zeppenfeld-2022-esc-guidelines-va-and-scd_n0061/na_0001 direction FOR => zeppenfeld-2022-esc-guidelines-va-and-scd_n0061/na_0001 operation PERFORM
Rule_1453	?a direction FOR => ?a operation PERFORM	zeppenfeld-2022-esc-guidelines-va-and-scd_n0019/na_0021 direction FOR => zeppenfeld-2022-esc-guidelines-va-and-scd_n0019/na_0021 operation PERFORM
Rule_1453	?a direction FOR => ?a operation PERFORM	mcdonagh-2023-esc-guidelines_n0051/na_0003 direction FOR => mcdonagh-2023-esc-guidelines_n0051/na_0003 operation PERFORM
Rule_1453	?a direction FOR => ?a operation PERFORM	piepoli-2011-exercise-training-in-heart-failure_n0003/na_0004 direction FOR => piepoli-2011-exercise-training-in-heart-failure_n0003/na_0004 operation PERFORM
Rule_1453	?a direction FOR => ?a operation PERFORM	vest-2019-nutrition-obesity-and-cachexia-in-patients-with-heart-failure_n0006/na_0005 direction FOR => vest-2019-nutrition-obesity-and-cachexia-in-patients-with-heart-failure_n0006/na_0005 operation PERFORM
Rule_1453	?a direction FOR => ?a operation PERFORM	zeppenfeld-2022-esc-guidelines-va-and-scd_n0062/na_0001 direction FOR => zeppenfeld-2022-esc-guidelines-va-and-scd_n0062/na_0001 operation PERFORM
Rule_1453	?a direction FOR => ?a operation PERFORM	zeppenfeld-2022-esc-guidelines-va-and-scd_n0086/na_0007 direction FOR => zeppenfeld-2022-esc-guidelines-va-and-scd_n0086/na_0007 operation PERFORM
Rule_1453	?a direction FOR => ?a operation PERFORM	regitz-zagrosek-2018-2018-esc-guideline-for-the-management-of-cardiovasc_n0022/na_0013 direction FOR => regitz-zagrosek-2018-2018-esc-guideline-for-the-management-of-cardiovasc_n0022/na_0013 operation PERFORM
Rule_1453	?a direction FOR => ?a operation PERFORM	zeppenfeld-2022-esc-guidelines-va-and-scd_n0022/na_0010 direction FOR => zeppenfeld-2022-esc-guidelines-va-and-scd_n0022/na_0010 operation PERFORM
Rule_1453	?a direction FOR => ?a operation PERFORM	mcdonagh-2023-esc-guidelines_n0096/na_0011 direction FOR => mcdonagh-2023-esc-guidelines_n0096/na_0011 operation PERFORM
Rule_1453	?a direction FOR => ?a operation PERFORM	zeppenfeld-2022-esc-guidelines-va-and-scd_n0022/na_0008 direction FOR => zeppenfeld-2022-esc-guidelines-va-and-scd_n0022/na_0008 operation PERFORM
Rule_1453	?a direction FOR => ?a operation PERFORM	glikson-2021-2021-esc-guidelines-on-cardiac-pacing-and-cardiac-resynchro_n0020/na_0023 direction FOR => glikson-2021-2021-esc-guidelines-on-cardiac-pacing-and-cardiac-resynchro_n0020/na_0023 operation PERFORM
Rule_1453	?a direction FOR => ?a operation PERFORM	zeppenfeld-2022-esc-guidelines-va-and-scd_n0022/na_0014 direction FOR => zeppenfeld-2022-esc-guidelines-va-and-scd_n0022/na_0014 operation PERFORM
Rule_1453	?a direction FOR => ?a operation PERFORM	mcdonagh-2023-esc-guidelines_n0084/na_0006 direction FOR => mcdonagh-2023-esc-guidelines_n0084/na_0006 operation PERFORM
Rule_1453	?a direction FOR => ?a operation PERFORM	glikson-2021-2021-esc-guidelines-on-cardiac-pacing-and-cardiac-resynchro_n0052/na_0001 direction FOR => glikson-2021-2021-esc-guidelines-on-cardiac-pacing-and-cardiac-resynchro_n0052/na_0001 operation PERFORM
Rule_1453	?a direction FOR => ?a operation PERFORM	ambrosetti-2020-secondary-prevention-comprehensive-cardiovascular-rehabi_n0001/na_0036 direction FOR => ambrosetti-2020-secondary-prevention-comprehensive-cardiovascular-rehabi_n0001/na_0036 operation PERFORM
Rule_1453	?a direction FOR => ?a operation PERFORM	heidenreich-2022-aha-acc-hfsa-guidelines_n0025/na_0004 direction FOR => heidenreich-2022-aha-acc-hfsa-guidelines_n0025/na_0004 operation PERFORM
Rule_1453	?a direction FOR => ?a operation PERFORM	zeppenfeld-2022-esc-guidelines-va-and-scd_n0068/na_0004 direction FOR => zeppenfeld-2022-esc-guidelines-va-and-scd_n0068/na_0004 operation PERFORM
Rule_1453	?a direction FOR => ?a operation PERFORM	sectio-1_n0007/na_0008 direction FOR => sectio-1_n0007/na_0008 operation PERFORM
Rule_1453	?a direction FOR => ?a operation PERFORM	pelliccia-2020-2020-esc-guidelines-on-sports-cardiology-and-exercise-in_n0061/na_0001 direction FOR => pelliccia-2020-2020-esc-guidelines-on-sports-cardiology-and-exercise-in_n0061/na_0001 operation PERFORM
Rule_1453	?a direction FOR => ?a operation PERFORM	zeppenfeld-2022-esc-guidelines-va-and-scd_n0081/na_0005 direction FOR => zeppenfeld-2022-esc-guidelines-va-and-scd_n0081/na_0005 operation PERFORM
Rule_1453	?a direction FOR => ?a operation PERFORM	vest-2019-nutrition-obesity-and-cachexia-in-patients-with-heart-failure_n0001/na_0012 direction FOR => vest-2019-nutrition-obesity-and-cachexia-in-patients-with-heart-failure_n0001/na_0012 operation PERFORM
Rule_1453	?a direction FOR => ?a operation PERFORM	glikson-2021-2021-esc-guidelines-on-cardiac-pacing-and-cardiac-resynchro_n0057/na_0003 direction FOR => glikson-2021-2021-esc-guidelines-on-cardiac-pacing-and-cardiac-resynchro_n0057/na_0003 operation PERFORM
Rule_1453	?a direction FOR => ?a operation PERFORM	mcdonagh-2023-esc-guidelines_n0023/na_0008 direction FOR => mcdonagh-2023-esc-guidelines_n0023/na_0008 operation PERFORM
Rule_1453	?a direction FOR => ?a operation PERFORM	sectio-1_n0023/na_0007 direction FOR => sectio-1_n0023/na_0007 operation PERFORM
Rule_1453	?a direction FOR => ?a operation PERFORM	execut-1_n0040/na_0022 direction FOR => execut-1_n0040/na_0022 operation PERFORM
Rule_1453	?a direction FOR => ?a operation PERFORM	heidenreich-2022-aha-acc-hfsa-guidelines_n0091/na_0003 direction FOR => heidenreich-2022-aha-acc-hfsa-guidelines_n0091/na_0003 operation PERFORM
Rule_1453	?a direction FOR => ?a operation PERFORM	zeppenfeld-2022-esc-guidelines-va-and-scd_n0092/na_0019 direction FOR => zeppenfeld-2022-esc-guidelines-va-and-scd_n0092/na_0019 operation PERFORM
Rule_1453	?a direction FOR => ?a operation PERFORM	glikson-2021-2021-esc-guidelines-on-cardiac-pacing-and-cardiac-resynchro_n0049/na_0001 direction FOR => glikson-2021-2021-esc-guidelines-on-cardiac-pacing-and-cardiac-resynchro_n0049/na_0001 operation PERFORM
Rule_1453	?a direction FOR => ?a operation PERFORM	braunschweig-2010-management-of-patients-receiving-implantable-cardiac-d_n0007/na_0017 direction FOR => braunschweig-2010-management-of-patients-receiving-implantable-cardiac-d_n0007/na_0017 operation PERFORM
Rule_1453	?a direction FOR => ?a operation PERFORM	execut-1_n0026/na_0023 direction FOR => execut-1_n0026/na_0023 operation PERFORM
Rule_1453	?a direction FOR => ?a operation PERFORM	pelliccia-2020-2020-esc-guidelines-on-sports-cardiology-and-exercise-in_n0073/na_0005 direction FOR => pelliccia-2020-2020-esc-guidelines-on-sports-cardiology-and-exercise-in_n0073/na_0005 operation PERFORM
Rule_1453	?a direction FOR => ?a operation PERFORM	execut-1_n0040/na_0014 direction FOR => execut-1_n0040/na_0014 operation PERFORM
Rule_1453	?a direction FOR => ?a operation PERFORM	glikson-2021-2021-esc-guidelines-on-cardiac-pacing-and-cardiac-resynchro_n0072/na_0006 direction FOR => glikson-2021-2021-esc-guidelines-on-cardiac-pacing-and-cardiac-resynchro_n0072/na_0006 operation PERFORM
Rule_1453	?a direction FOR => ?a operation PERFORM	zeppenfeld-2022-esc-guidelines-va-and-scd_n0047/na_0001 direction FOR => zeppenfeld-2022-esc-guidelines-va-and-scd_n0047/na_0001 operation PERFORM
Rule_1453	?a direction FOR => ?a operation PERFORM	glikson-2021-2021-esc-guidelines-on-cardiac-pacing-and-cardiac-resynchro_n0051/na_0004 direction FOR => glikson-2021-2021-esc-guidelines-on-cardiac-pacing-and-cardiac-resynchro_n0051/na_0004 operation PERFORM
Rule_1453	?a direction FOR => ?a operation PERFORM	glikson-2021-2021-esc-guidelines-on-cardiac-pacing-and-cardiac-resynchro_n0052/na_0004 direction FOR => glikson-2021-2021-esc-guidelines-on-cardiac-pacing-and-cardiac-resynchro_n0052/na_0004 operation PERFORM
Rule_1453	?a direction FOR => ?a operation PERFORM	van-diepen-2017-contemporary-management-of-cardiogenic-shock_n0007/na_0003 direction FOR => van-diepen-2017-contemporary-management-of-cardiogenic-shock_n0007/na_0003 operation PERFORM
Rule_1453	?a direction FOR => ?a operation PERFORM	glikson-2021-2021-esc-guidelines-on-cardiac-pacing-and-cardiac-resynchro_n0020/na_0065 direction FOR => glikson-2021-2021-esc-guidelines-on-cardiac-pacing-and-cardiac-resynchro_n0020/na_0065 operation PERFORM
Rule_1453	?a direction FOR => ?a operation PERFORM	zeppenfeld-2022-esc-guidelines-va-and-scd_n0018/na_0022 direction FOR => zeppenfeld-2022-esc-guidelines-va-and-scd_n0018/na_0022 operation PERFORM
Rule_1453	?a direction FOR => ?a operation PERFORM	zeppenfeld-2022-esc-guidelines-va-and-scd_n0018/na_0007 direction FOR => zeppenfeld-2022-esc-guidelines-va-and-scd_n0018/na_0007 operation PERFORM
Rule_1453	?a direction FOR => ?a operation PERFORM	zeppenfeld-2022-esc-guidelines-va-and-scd_n0063/na_0003 direction FOR => zeppenfeld-2022-esc-guidelines-va-and-scd_n0063/na_0003 operation PERFORM
Rule_1453	?a direction FOR => ?a operation PERFORM	zeppenfeld-2022-esc-guidelines-va-and-scd_n0091/na_0006 direction FOR => zeppenfeld-2022-esc-guidelines-va-and-scd_n0091/na_0006 operation PERFORM
Rule_1453	?a direction FOR => ?a operation PERFORM	regitz-zagrosek-2018-2018-esc-guideline-for-the-management-of-cardiovasc_n0022/na_0016 direction FOR => regitz-zagrosek-2018-2018-esc-guideline-for-the-management-of-cardiovasc_n0022/na_0016 operation PERFORM
Rule_1453	?a direction FOR => ?a operation PERFORM	zeppenfeld-2022-esc-guidelines-va-and-scd_n0018/na_0040 direction FOR => zeppenfeld-2022-esc-guidelines-va-and-scd_n0018/na_0040 operation PERFORM
Rule_1453	?a direction FOR => ?a operation PERFORM	mcdonagh-2023-esc-guidelines_n0072/na_0002 direction FOR => mcdonagh-2023-esc-guidelines_n0072/na_0002 operation PERFORM
Rule_1453	?a direction FOR => ?a operation PERFORM	regitz-zagrosek-2018-2018-esc-guideline-for-the-management-of-cardiovasc_n0022/na_0010 direction FOR => regitz-zagrosek-2018-2018-esc-guideline-for-the-management-of-cardiovasc_n0022/na_0010 operation PERFORM
Rule_1453	?a direction FOR => ?a operation PERFORM	ferrick-2023-2023-hrs-ehra-aphrs-lahrs-expert-consensus-statement-on-pra_n0023/na_0004 direction FOR => ferrick-2023-2023-hrs-ehra-aphrs-lahrs-expert-consensus-statement-on-pra_n0023/na_0004 operation PERFORM
Rule_1453	?a direction FOR => ?a operation PERFORM	mcdonagh-2023-esc-guidelines_n0021/na_0011 direction FOR => mcdonagh-2023-esc-guidelines_n0021/na_0011 operation PERFORM
Rule_1453	?a direction FOR => ?a operation PERFORM	piepoli-2011-exercise-training-in-heart-failure_n0003/na_0018 direction FOR => piepoli-2011-exercise-training-in-heart-failure_n0003/na_0018 operation PERFORM
Rule_1453	?a direction FOR => ?a operation PERFORM	glikson-2021-2021-esc-guidelines-on-cardiac-pacing-and-cardiac-resynchro_n0020/na_0043 direction FOR => glikson-2021-2021-esc-guidelines-on-cardiac-pacing-and-cardiac-resynchro_n0020/na_0043 operation PERFORM
Rule_1453	?a direction FOR => ?a operation PERFORM	ambrosetti-2020-secondary-prevention-comprehensive-cardiovascular-rehabi_n0007/na_0016 direction FOR => ambrosetti-2020-secondary-prevention-comprehensive-cardiovascular-rehabi_n0007/na_0016 operation PERFORM
Rule_1453	?a direction FOR => ?a operation PERFORM	glikson-2021-2021-esc-guidelines-on-cardiac-pacing-and-cardiac-resynchro_n0020/na_0051 direction FOR => glikson-2021-2021-esc-guidelines-on-cardiac-pacing-and-cardiac-resynchro_n0020/na_0051 operation PERFORM
Rule_1453	?a direction FOR => ?a operation PERFORM	al-khatib-2017-aha-acc-hrs-guideline-va-and-scd_n0031/na_0003 direction FOR => al-khatib-2017-aha-acc-hrs-guideline-va-and-scd_n0031/na_0003 operation PERFORM
Rule_1453	?a direction FOR => ?a operation PERFORM	ambrosetti-2020-secondary-prevention-comprehensive-cardiovascular-rehabi_n0007/na_0002 direction FOR => ambrosetti-2020-secondary-prevention-comprehensive-cardiovascular-rehabi_n0007/na_0002 operation PERFORM
Rule_1453	?a direction FOR => ?a operation PERFORM	seb24c-1_n0001/na_0006 direction FOR => seb24c-1_n0001/na_0006 operation PERFORM
Rule_1453	?a direction FOR => ?a operation PERFORM	mcdonagh-2023-esc-guidelines_n0062/na_0002 direction FOR => mcdonagh-2023-esc-guidelines_n0062/na_0002 operation PERFORM
Rule_1453	?a direction FOR => ?a operation PERFORM	mcdonagh-2023-esc-guidelines_n0076/na_0001 direction FOR => mcdonagh-2023-esc-guidelines_n0076/na_0001 operation PERFORM
Rule_1453	?a direction FOR => ?a operation PERFORM	zeppenfeld-2022-esc-guidelines-va-and-scd_n0082/na_0003 direction FOR => zeppenfeld-2022-esc-guidelines-va-and-scd_n0082/na_0003 operation PERFORM
Rule_1453	?a direction FOR => ?a operation PERFORM	zeppenfeld-2022-esc-guidelines-va-and-scd_n0082/na_0011 direction FOR => zeppenfeld-2022-esc-guidelines-va-and-scd_n0082/na_0011 operation PERFORM
Rule_1453	?a direction FOR => ?a operation PERFORM	heidenreich-2022-aha-acc-hfsa-guidelines_n0039/na_0006 direction FOR => heidenreich-2022-aha-acc-hfsa-guidelines_n0039/na_0006 operation PERFORM
Rule_1453	?a direction FOR => ?a operation PERFORM	glikson-2021-2021-esc-guidelines-on-cardiac-pacing-and-cardiac-resynchro_n0085/na_0014 direction FOR => glikson-2021-2021-esc-guidelines-on-cardiac-pacing-and-cardiac-resynchro_n0085/na_0014 operation PERFORM
Rule_1453	?a direction FOR => ?a operation PERFORM	zeppenfeld-2022-esc-guidelines-va-and-scd_n0020/na_0007 direction FOR => zeppenfeld-2022-esc-guidelines-va-and-scd_n0020/na_0007 operation PERFORM
Rule_1453	?a direction FOR => ?a operation PERFORM	zeppenfeld-2022-esc-guidelines-va-and-scd_n0032/na_0007 direction FOR => zeppenfeld-2022-esc-guidelines-va-and-scd_n0032/na_0007 operation PERFORM
Rule_1453	?a direction FOR => ?a operation PERFORM	ferrick-2023-2023-hrs-ehra-aphrs-lahrs-expert-consensus-statement-on-pra_n0030/na_0001 direction FOR => ferrick-2023-2023-hrs-ehra-aphrs-lahrs-expert-consensus-statement-on-pra_n0030/na_0001 operation PERFORM
Rule_1453	?a direction FOR => ?a operation PERFORM	glikson-2021-2021-esc-guidelines-on-cardiac-pacing-and-cardiac-resynchro_n0020/na_0030 direction FOR => glikson-2021-2021-esc-guidelines-on-cardiac-pacing-and-cardiac-resynchro_n0020/na_0030 operation PERFORM
Rule_1453	?a direction FOR => ?a operation PERFORM	mcdonagh-2023-esc-guidelines_n0072/na_0001 direction FOR => mcdonagh-2023-esc-guidelines_n0072/na_0001 operation PERFORM
Rule_1453	?a direction FOR => ?a operation PERFORM	van-diepen-2017-contemporary-management-of-cardiogenic-shock_n0007/na_0001 direction FOR => van-diepen-2017-contemporary-management-of-cardiogenic-shock_n0007/na_0001 operation PERFORM
Rule_1453	?a direction FOR => ?a operation PERFORM	execut-1_n0047/na_0009 direction FOR => execut-1_n0047/na_0009 operation PERFORM
Rule_1453	?a direction FOR => ?a operation PERFORM	glikson-2021-2021-esc-guidelines-on-cardiac-pacing-and-cardiac-resynchro_n0085/na_0024 direction FOR => glikson-2021-2021-esc-guidelines-on-cardiac-pacing-and-cardiac-resynchro_n0085/na_0024 operation PERFORM
Rule_1453	?a direction FOR => ?a operation PERFORM	sectio-1_n0010/na_0009 direction FOR => sectio-1_n0010/na_0009 operation PERFORM
Rule_1453	?a direction FOR => ?a operation PERFORM	zeppenfeld-2022-esc-guidelines-va-and-scd_n0020/na_0014 direction FOR => zeppenfeld-2022-esc-guidelines-va-and-scd_n0020/na_0014 operation PERFORM
Rule_1453	?a direction FOR => ?a operation PERFORM	zeppenfeld-2022-esc-guidelines-va-and-scd_n0019/na_0037 direction FOR => zeppenfeld-2022-esc-guidelines-va-and-scd_n0019/na_0037 operation PERFORM
Rule_1453	?a direction FOR => ?a operation PERFORM	glikson-2021-2021-esc-guidelines-on-cardiac-pacing-and-cardiac-resynchro_n0020/na_0081 direction FOR => glikson-2021-2021-esc-guidelines-on-cardiac-pacing-and-cardiac-resynchro_n0020/na_0081 operation PERFORM
Rule_1453	?a direction FOR => ?a operation PERFORM	execut-1_n0026/na_0012 direction FOR => execut-1_n0026/na_0012 operation PERFORM
Rule_1453	?a direction FOR => ?a operation PERFORM	pedretti-2021-comprehensive-multicomponent-cardiac-rehabilitation-in-car_n0004/na_0007 direction FOR => pedretti-2021-comprehensive-multicomponent-cardiac-rehabilitation-in-car_n0004/na_0007 operation PERFORM
Rule_1453	?a direction FOR => ?a operation PERFORM	zeppenfeld-2022-esc-guidelines-va-and-scd_n0060/na_0006 direction FOR => zeppenfeld-2022-esc-guidelines-va-and-scd_n0060/na_0006 operation PERFORM
Rule_1453	?a direction FOR => ?a operation PERFORM	glikson-2021-2021-esc-guidelines-on-cardiac-pacing-and-cardiac-resynchro_n0054/na_0001 direction FOR => glikson-2021-2021-esc-guidelines-on-cardiac-pacing-and-cardiac-resynchro_n0054/na_0001 operation PERFORM
Rule_1453	?a direction FOR => ?a operation PERFORM	lenarczyk-2024-management-of-patients-with-an-electrical-storm-or-cluste_n0010/na_0016 direction FOR => lenarczyk-2024-management-of-patients-with-an-electrical-storm-or-cluste_n0010/na_0016 operation PERFORM
Rule_1453	?a direction FOR => ?a operation PERFORM	zeppenfeld-2022-esc-guidelines-va-and-scd_n0060/na_0001 direction FOR => zeppenfeld-2022-esc-guidelines-va-and-scd_n0060/na_0001 operation PERFORM
Rule_1453	?a direction FOR => ?a operation PERFORM	heidenreich-2022-aha-acc-hfsa-guidelines_n0064/na_0007 direction FOR => heidenreich-2022-aha-acc-hfsa-guidelines_n0064/na_0007 operation PERFORM
Rule_1453	?a direction FOR => ?a operation PERFORM	ambrosetti-2020-secondary-prevention-comprehensive-cardiovascular-rehabi_n0001/na_0011 direction FOR => ambrosetti-2020-secondary-prevention-comprehensive-cardiovascular-rehabi_n0001/na_0011 operation PERFORM
Rule_1453	?a direction FOR => ?a operation PERFORM	al-khatib-2017-aha-acc-hrs-guideline-va-and-scd_n0041/na_0002 direction FOR => al-khatib-2017-aha-acc-hrs-guideline-va-and-scd_n0041/na_0002 operation PERFORM
Rule_1453	?a direction FOR => ?a operation PERFORM	zeppenfeld-2022-esc-guidelines-va-and-scd_n0094/na_0011 direction FOR => zeppenfeld-2022-esc-guidelines-va-and-scd_n0094/na_0011 operation PERFORM
Rule_1453	?a direction FOR => ?a operation PERFORM	zeppenfeld-2022-esc-guidelines-va-and-scd_n0032/na_0009 direction FOR => zeppenfeld-2022-esc-guidelines-va-and-scd_n0032/na_0009 operation PERFORM
Rule_1453	?a direction FOR => ?a operation PERFORM	heidenreich-2022-aha-acc-hfsa-guidelines_n0063/na_0007 direction FOR => heidenreich-2022-aha-acc-hfsa-guidelines_n0063/na_0007 operation PERFORM
Rule_1453	?a direction FOR => ?a operation PERFORM	piepoli-2011-exercise-training-in-heart-failure_n0004/na_0015 direction FOR => piepoli-2011-exercise-training-in-heart-failure_n0004/na_0015 operation PERFORM
Rule_1453	?a direction FOR => ?a operation PERFORM	piepoli-2011-exercise-training-in-heart-failure_n0003/na_0032 direction FOR => piepoli-2011-exercise-training-in-heart-failure_n0003/na_0032 operation PERFORM
Rule_1453	?a direction FOR => ?a operation PERFORM	zeppenfeld-2022-esc-guidelines-va-and-scd_n0056/na_0006 direction FOR => zeppenfeld-2022-esc-guidelines-va-and-scd_n0056/na_0006 operation PERFORM
Rule_1453	?a direction FOR => ?a operation PERFORM	mcdonagh-2023-esc-guidelines_n0022/na_0013 direction FOR => mcdonagh-2023-esc-guidelines_n0022/na_0013 operation PERFORM
Rule_1453	?a direction FOR => ?a operation PERFORM	wilkoff-2008-hrs-ehra-expert-consenus-on-the-monitoring-of-cieds_n0005/na_0018 direction FOR => wilkoff-2008-hrs-ehra-expert-consenus-on-the-monitoring-of-cieds_n0005/na_0018 operation PERFORM
Rule_1453	?a direction FOR => ?a operation PERFORM	zeppenfeld-2022-esc-guidelines-va-and-scd_n0095/na_0014 direction FOR => zeppenfeld-2022-esc-guidelines-va-and-scd_n0095/na_0014 operation PERFORM
Rule_1453	?a direction FOR => ?a operation PERFORM	al-khatib-2017-aha-acc-hrs-guideline-va-and-scd_n0079/na_0006 direction FOR => al-khatib-2017-aha-acc-hrs-guideline-va-and-scd_n0079/na_0006 operation PERFORM
Rule_1453	?a direction FOR => ?a operation PERFORM	glikson-2021-2021-esc-guidelines-on-cardiac-pacing-and-cardiac-resynchro_n0035/na_0001 direction FOR => glikson-2021-2021-esc-guidelines-on-cardiac-pacing-and-cardiac-resynchro_n0035/na_0001 operation PERFORM
Rule_1453	?a direction FOR => ?a operation PERFORM	glikson-2021-2021-esc-guidelines-on-cardiac-pacing-and-cardiac-resynchro_n0020/na_0038 direction FOR => glikson-2021-2021-esc-guidelines-on-cardiac-pacing-and-cardiac-resynchro_n0020/na_0038 operation PERFORM
Rule_1453	?a direction FOR => ?a operation PERFORM	heidenreich-2022-aha-acc-hfsa-guidelines_n0063/na_0006 direction FOR => heidenreich-2022-aha-acc-hfsa-guidelines_n0063/na_0006 operation PERFORM
Rule_1453	?a direction FOR => ?a operation PERFORM	piepoli-2011-exercise-training-in-heart-failure_n0003/na_0024 direction FOR => piepoli-2011-exercise-training-in-heart-failure_n0003/na_0024 operation PERFORM
Rule_1453	?a direction FOR => ?a operation PERFORM	mcdonagh-2023-esc-guidelines_n0023/na_0006 direction FOR => mcdonagh-2023-esc-guidelines_n0023/na_0006 operation PERFORM
Rule_1453	?a direction FOR => ?a operation PERFORM	zeppenfeld-2022-esc-guidelines-va-and-scd_n0018/na_0039 direction FOR => zeppenfeld-2022-esc-guidelines-va-and-scd_n0018/na_0039 operation PERFORM
Rule_1453	?a direction FOR => ?a operation PERFORM	zeppenfeld-2022-esc-guidelines-va-and-scd_n0060/na_0002 direction FOR => zeppenfeld-2022-esc-guidelines-va-and-scd_n0060/na_0002 operation PERFORM
Rule_1453	?a direction FOR => ?a operation PERFORM	zeppenfeld-2022-esc-guidelines-va-and-scd_n0097/na_0003 direction FOR => zeppenfeld-2022-esc-guidelines-va-and-scd_n0097/na_0003 operation PERFORM
Rule_1453	?a direction FOR => ?a operation PERFORM	zeppenfeld-2022-esc-guidelines-va-and-scd_n0094/na_0019 direction FOR => zeppenfeld-2022-esc-guidelines-va-and-scd_n0094/na_0019 operation PERFORM
Rule_1453	?a direction FOR => ?a operation PERFORM	regitz-zagrosek-2018-2018-esc-guideline-for-the-management-of-cardiovasc_n0016/na_0017 direction FOR => regitz-zagrosek-2018-2018-esc-guideline-for-the-management-of-cardiovasc_n0016/na_0017 operation PERFORM
Rule_1453	?a direction FOR => ?a operation PERFORM	ambrosetti-2020-secondary-prevention-comprehensive-cardiovascular-rehabi_n0001/na_0004 direction FOR => ambrosetti-2020-secondary-prevention-comprehensive-cardiovascular-rehabi_n0001/na_0004 operation PERFORM
Rule_1453	?a direction FOR => ?a operation PERFORM	zeppenfeld-2022-esc-guidelines-va-and-scd_n0022/na_0023 direction FOR => zeppenfeld-2022-esc-guidelines-va-and-scd_n0022/na_0023 operation PERFORM
Rule_1453	?a direction FOR => ?a operation PERFORM	al-khatib-2017-aha-acc-hrs-guideline-va-and-scd_n0037/na_0001 direction FOR => al-khatib-2017-aha-acc-hrs-guideline-va-and-scd_n0037/na_0001 operation PERFORM
Rule_1453	?a direction FOR => ?a operation PERFORM	lenarczyk-2024-management-of-patients-with-an-electrical-storm-or-cluste_n0010/na_0008 direction FOR => lenarczyk-2024-management-of-patients-with-an-electrical-storm-or-cluste_n0010/na_0008 operation PERFORM
Rule_1453	?a direction FOR => ?a operation PERFORM	pelliccia-2020-2020-esc-guidelines-on-sports-cardiology-and-exercise-in_n0044/na_0001 direction FOR => pelliccia-2020-2020-esc-guidelines-on-sports-cardiology-and-exercise-in_n0044/na_0001 operation PERFORM
Rule_1453	?a direction FOR => ?a operation PERFORM	zeppenfeld-2022-esc-guidelines-va-and-scd_n0025/na_0034 direction FOR => zeppenfeld-2022-esc-guidelines-va-and-scd_n0025/na_0034 operation PERFORM
Rule_1453	?a direction FOR => ?a operation PERFORM	pelliccia-2020-2020-esc-guidelines-on-sports-cardiology-and-exercise-in_n0076/na_0006 direction FOR => pelliccia-2020-2020-esc-guidelines-on-sports-cardiology-and-exercise-in_n0076/na_0006 operation PERFORM
Rule_1453	?a direction FOR => ?a operation PERFORM	sectio-1_n0007/na_0007 direction FOR => sectio-1_n0007/na_0007 operation PERFORM
Rule_1453	?a direction FOR => ?a operation PERFORM	execut-1_n0019/na_0013 direction FOR => execut-1_n0019/na_0013 operation PERFORM
Rule_1453	?a direction FOR => ?a operation PERFORM	glikson-2021-2021-esc-guidelines-on-cardiac-pacing-and-cardiac-resynchro_n0020/na_0026 direction FOR => glikson-2021-2021-esc-guidelines-on-cardiac-pacing-and-cardiac-resynchro_n0020/na_0026 operation PERFORM
Rule_1453	?a direction FOR => ?a operation PERFORM	execut-1_n0040/na_0016 direction FOR => execut-1_n0040/na_0016 operation PERFORM
Rule_1453	?a direction FOR => ?a operation PERFORM	mcdonagh-2023-esc-guidelines_n0031/na_0011 direction FOR => mcdonagh-2023-esc-guidelines_n0031/na_0011 operation PERFORM
Rule_1453	?a direction FOR => ?a operation PERFORM	execut-1_n0041/na_0006 direction FOR => execut-1_n0041/na_0006 operation PERFORM
Rule_1453	?a direction FOR => ?a operation PERFORM	piepoli-2011-exercise-training-in-heart-failure_n0003/na_0002 direction FOR => piepoli-2011-exercise-training-in-heart-failure_n0003/na_0002 operation PERFORM
Rule_1453	?a direction FOR => ?a operation PERFORM	al-khatib-2017-aha-acc-hrs-guideline-va-and-scd_n0066/na_0001 direction FOR => al-khatib-2017-aha-acc-hrs-guideline-va-and-scd_n0066/na_0001 operation PERFORM
Rule_1453	?a direction FOR => ?a operation PERFORM	zeppenfeld-2022-esc-guidelines-va-and-scd_n0017/na_0001 direction FOR => zeppenfeld-2022-esc-guidelines-va-and-scd_n0017/na_0001 operation PERFORM
Rule_1453	?a direction FOR => ?a operation PERFORM	zeppenfeld-2022-esc-guidelines-va-and-scd_n0095/na_0005 direction FOR => zeppenfeld-2022-esc-guidelines-va-and-scd_n0095/na_0005 operation PERFORM
Rule_1453	?a direction FOR => ?a operation PERFORM	zeppenfeld-2022-esc-guidelines-va-and-scd_n0061/na_0005 direction FOR => zeppenfeld-2022-esc-guidelines-va-and-scd_n0061/na_0005 operation PERFORM
Rule_1453	?a direction FOR => ?a operation PERFORM	cardiosmart-heartfailurebasics_n0002/na_0005 direction FOR => cardiosmart-heartfailurebasics_n0002/na_0005 operation PERFORM
Rule_1453	?a direction FOR => ?a operation PERFORM	sectio-1_n0006/na_0005 direction FOR => sectio-1_n0006/na_0005 operation PERFORM
Rule_1453	?a direction FOR => ?a operation PERFORM	piepoli-2011-exercise-training-in-heart-failure_n0004/na_0003 direction FOR => piepoli-2011-exercise-training-in-heart-failure_n0004/na_0003 operation PERFORM
Rule_1453	?a direction FOR => ?a operation PERFORM	execut-1_n0043/na_0026 direction FOR => execut-1_n0043/na_0026 operation PERFORM
Rule_1453	?a direction FOR => ?a operation PERFORM	heidenreich-2022-aha-acc-hfsa-guidelines_n0065/na_0006 direction FOR => heidenreich-2022-aha-acc-hfsa-guidelines_n0065/na_0006 operation PERFORM
Rule_1453	?a direction FOR => ?a operation PERFORM	maddox-2021-2021-update-to-the-2017-acc-expert-consensus-decision-pathwa_n0017/na_0009 direction FOR => maddox-2021-2021-update-to-the-2017-acc-expert-consensus-decision-pathwa_n0017/na_0009 operation PERFORM
Rule_1453	?a direction FOR => ?a operation PERFORM	glikson-2021-2021-esc-guidelines-on-cardiac-pacing-and-cardiac-resynchro_n0023/na_0007 direction FOR => glikson-2021-2021-esc-guidelines-on-cardiac-pacing-and-cardiac-resynchro_n0023/na_0007 operation PERFORM
Rule_1453	?a direction FOR => ?a operation PERFORM	mcdonagh-2023-esc-guidelines_n0066/na_0008 direction FOR => mcdonagh-2023-esc-guidelines_n0066/na_0008 operation PERFORM
Rule_1453	?a direction FOR => ?a operation PERFORM	heidenreich-2022-aha-acc-hfsa-guidelines_n0014/na_0002 direction FOR => heidenreich-2022-aha-acc-hfsa-guidelines_n0014/na_0002 operation PERFORM
Rule_1453	?a direction FOR => ?a operation PERFORM	zeppenfeld-2022-esc-guidelines-va-and-scd_n0082/na_0007 direction FOR => zeppenfeld-2022-esc-guidelines-va-and-scd_n0082/na_0007 operation PERFORM
Rule_1453	?a direction FOR => ?a operation PERFORM	zeppenfeld-2022-esc-guidelines-va-and-scd_n0079/na_0003 direction FOR => zeppenfeld-2022-esc-guidelines-va-and-scd_n0079/na_0003 operation PERFORM
Rule_1453	?a direction FOR => ?a operation PERFORM	vest-2019-nutrition-obesity-and-cachexia-in-patients-with-heart-failure_n0001/na_0053 direction FOR => vest-2019-nutrition-obesity-and-cachexia-in-patients-with-heart-failure_n0001/na_0053 operation PERFORM
Rule_1453	?a direction FOR => ?a operation PERFORM	glikson-2021-2021-esc-guidelines-on-cardiac-pacing-and-cardiac-resynchro_n0020/na_0082 direction FOR => glikson-2021-2021-esc-guidelines-on-cardiac-pacing-and-cardiac-resynchro_n0020/na_0082 operation PERFORM
Rule_1453	?a direction FOR => ?a operation PERFORM	mcdonagh-2023-esc-guidelines_n0063/na_0005 direction FOR => mcdonagh-2023-esc-guidelines_n0063/na_0005 operation PERFORM
Rule_1453	?a direction FOR => ?a operation PERFORM	al-khatib-2017-aha-acc-hrs-guideline-va-and-scd_n0036/na_0002 direction FOR => al-khatib-2017-aha-acc-hrs-guideline-va-and-scd_n0036/na_0002 operation PERFORM
Rule_1453	?a direction FOR => ?a operation PERFORM	zeppenfeld-2022-esc-guidelines-va-and-scd_n0096/na_0004 direction FOR => zeppenfeld-2022-esc-guidelines-va-and-scd_n0096/na_0004 operation PERFORM
Rule_1453	?a direction FOR => ?a operation PERFORM	glikson-2021-2021-esc-guidelines-on-cardiac-pacing-and-cardiac-resynchro_n0020/na_0084 direction FOR => glikson-2021-2021-esc-guidelines-on-cardiac-pacing-and-cardiac-resynchro_n0020/na_0084 operation PERFORM
Rule_1453	?a direction FOR => ?a operation PERFORM	mcdonagh-2023-esc-guidelines_n0039/na_0009 direction FOR => mcdonagh-2023-esc-guidelines_n0039/na_0009 operation PERFORM
Rule_1453	?a direction FOR => ?a operation PERFORM	piepoli-2011-exercise-training-in-heart-failure_n0003/na_0020 direction FOR => piepoli-2011-exercise-training-in-heart-failure_n0003/na_0020 operation PERFORM
Rule_1453	?a direction FOR => ?a operation PERFORM	ferrick-2023-2023-hrs-ehra-aphrs-lahrs-expert-consensus-statement-on-pra_n0024/na_0003 direction FOR => ferrick-2023-2023-hrs-ehra-aphrs-lahrs-expert-consensus-statement-on-pra_n0024/na_0003 operation PERFORM
Rule_1453	?a direction FOR => ?a operation PERFORM	regitz-zagrosek-2018-2018-esc-guideline-for-the-management-of-cardiovasc_n0016/na_0014 direction FOR => regitz-zagrosek-2018-2018-esc-guideline-for-the-management-of-cardiovasc_n0016/na_0014 operation PERFORM
Rule_1453	?a direction FOR => ?a operation PERFORM	sectio-1_n0007/na_0013 direction FOR => sectio-1_n0007/na_0013 operation PERFORM
Rule_1453	?a direction FOR => ?a operation PERFORM	mcdonagh-2023-esc-guidelines_n0056/na_0001 direction FOR => mcdonagh-2023-esc-guidelines_n0056/na_0001 operation PERFORM
Rule_1453	?a direction FOR => ?a operation PERFORM	vest-2019-nutrition-obesity-and-cachexia-in-patients-with-heart-failure_n0001/na_0039 direction FOR => vest-2019-nutrition-obesity-and-cachexia-in-patients-with-heart-failure_n0001/na_0039 operation PERFORM
Rule_1453	?a direction FOR => ?a operation PERFORM	ambrosetti-2020-secondary-prevention-comprehensive-cardiovascular-rehabi_n0007/na_0007 direction FOR => ambrosetti-2020-secondary-prevention-comprehensive-cardiovascular-rehabi_n0007/na_0007 operation PERFORM
Rule_1453	?a direction FOR => ?a operation PERFORM	ferrick-2023-2023-hrs-ehra-aphrs-lahrs-expert-consensus-statement-on-pra_n0019/na_0002 direction FOR => ferrick-2023-2023-hrs-ehra-aphrs-lahrs-expert-consensus-statement-on-pra_n0019/na_0002 operation PERFORM
Rule_1453	?a direction FOR => ?a operation PERFORM	al-khatib-2017-aha-acc-hrs-guideline-va-and-scd_n0064/na_0001 direction FOR => al-khatib-2017-aha-acc-hrs-guideline-va-and-scd_n0064/na_0001 operation PERFORM
Rule_1453	?a direction FOR => ?a operation PERFORM	heidenreich-2022-aha-acc-hfsa-guidelines_n0017/na_0004 direction FOR => heidenreich-2022-aha-acc-hfsa-guidelines_n0017/na_0004 operation PERFORM
Rule_1453	?a direction FOR => ?a operation PERFORM	pelliccia-2020-2020-esc-guidelines-on-sports-cardiology-and-exercise-in_n0060/na_0002 direction FOR => pelliccia-2020-2020-esc-guidelines-on-sports-cardiology-and-exercise-in_n0060/na_0002 operation PERFORM
Rule_1453	?a direction FOR => ?a operation PERFORM	zeppenfeld-2022-esc-guidelines-va-and-scd_n0095/na_0004 direction FOR => zeppenfeld-2022-esc-guidelines-va-and-scd_n0095/na_0004 operation PERFORM
Rule_1453	?a direction FOR => ?a operation PERFORM	ferrick-2023-2023-hrs-ehra-aphrs-lahrs-expert-consensus-statement-on-pra_n0029/na_0001 direction FOR => ferrick-2023-2023-hrs-ehra-aphrs-lahrs-expert-consensus-statement-on-pra_n0029/na_0001 operation PERFORM
Rule_1453	?a direction FOR => ?a operation PERFORM	sectio-1_n0028/na_0011 direction FOR => sectio-1_n0028/na_0011 operation PERFORM
Rule_1453	?a direction FOR => ?a operation PERFORM	ambrosetti-2020-secondary-prevention-comprehensive-cardiovascular-rehabi_n0012/na_0001 direction FOR => ambrosetti-2020-secondary-prevention-comprehensive-cardiovascular-rehabi_n0012/na_0001 operation PERFORM
Rule_1453	?a direction FOR => ?a operation PERFORM	sectio-1_n0022/na_0020 direction FOR => sectio-1_n0022/na_0020 operation PERFORM
Rule_1453	?a direction FOR => ?a operation PERFORM	zeppenfeld-2022-esc-guidelines-va-and-scd_n0019/na_0003 direction FOR => zeppenfeld-2022-esc-guidelines-va-and-scd_n0019/na_0003 operation PERFORM
Rule_1453	?a direction FOR => ?a operation PERFORM	mcdonagh-2023-esc-guidelines_n0039/na_0003 direction FOR => mcdonagh-2023-esc-guidelines_n0039/na_0003 operation PERFORM
Rule_1453	?a direction FOR => ?a operation PERFORM	zeppenfeld-2022-esc-guidelines-va-and-scd_n0020/na_0006 direction FOR => zeppenfeld-2022-esc-guidelines-va-and-scd_n0020/na_0006 operation PERFORM
Rule_1453	?a direction FOR => ?a operation PERFORM	zeppenfeld-2022-esc-guidelines-va-and-scd_n0018/na_0013 direction FOR => zeppenfeld-2022-esc-guidelines-va-and-scd_n0018/na_0013 operation PERFORM
Rule_1453	?a direction FOR => ?a operation PERFORM	zeppenfeld-2022-esc-guidelines-va-and-scd_n0067/na_0002 direction FOR => zeppenfeld-2022-esc-guidelines-va-and-scd_n0067/na_0002 operation PERFORM
Rule_1453	?a direction FOR => ?a operation PERFORM	al-khatib-2017-aha-acc-hrs-guideline-va-and-scd_n0074/na_0002 direction FOR => al-khatib-2017-aha-acc-hrs-guideline-va-and-scd_n0074/na_0002 operation PERFORM
Rule_1453	?a direction FOR => ?a operation PERFORM	mcdonagh-2023-esc-guidelines_n0028/na_0003 direction FOR => mcdonagh-2023-esc-guidelines_n0028/na_0003 operation PERFORM
Rule_1453	?a direction FOR => ?a operation PERFORM	ambrosetti-2020-secondary-prevention-comprehensive-cardiovascular-rehabi_n0015/na_0017 direction FOR => ambrosetti-2020-secondary-prevention-comprehensive-cardiovascular-rehabi_n0015/na_0017 operation PERFORM
Rule_1453	?a direction FOR => ?a operation PERFORM	glikson-2021-2021-esc-guidelines-on-cardiac-pacing-and-cardiac-resynchro_n0086/na_0005 direction FOR => glikson-2021-2021-esc-guidelines-on-cardiac-pacing-and-cardiac-resynchro_n0086/na_0005 operation PERFORM
Rule_1453	?a direction FOR => ?a operation PERFORM	glikson-2021-2021-esc-guidelines-on-cardiac-pacing-and-cardiac-resynchro_n0086/na_0014 direction FOR => glikson-2021-2021-esc-guidelines-on-cardiac-pacing-and-cardiac-resynchro_n0086/na_0014 operation PERFORM
Rule_1453	?a direction FOR => ?a operation PERFORM	heidenreich-2022-aha-acc-hfsa-guidelines_n0065/na_0005 direction FOR => heidenreich-2022-aha-acc-hfsa-guidelines_n0065/na_0005 operation PERFORM
Rule_1453	?a direction FOR => ?a operation PERFORM	regitz-zagrosek-2018-2018-esc-guideline-for-the-management-of-cardiovasc_n0016/na_0008 direction FOR => regitz-zagrosek-2018-2018-esc-guideline-for-the-management-of-cardiovasc_n0016/na_0008 operation PERFORM
Rule_1453	?a direction FOR => ?a operation PERFORM	sectio-1_n0010/na_0011 direction FOR => sectio-1_n0010/na_0011 operation PERFORM
Rule_1453	?a direction FOR => ?a operation PERFORM	zeppenfeld-2022-esc-guidelines-va-and-scd_n0096/na_0012 direction FOR => zeppenfeld-2022-esc-guidelines-va-and-scd_n0096/na_0012 operation PERFORM
Rule_1453	?a direction FOR => ?a operation PERFORM	zeppenfeld-2022-esc-guidelines-va-and-scd_n0057/na_0002 direction FOR => zeppenfeld-2022-esc-guidelines-va-and-scd_n0057/na_0002 operation PERFORM
Rule_1453	?a direction FOR => ?a operation PERFORM	execut-1_n0048/na_0001 direction FOR => execut-1_n0048/na_0001 operation PERFORM
Rule_1453	?a direction FOR => ?a operation PERFORM	zeppenfeld-2022-esc-guidelines-va-and-scd_n0062/na_0006 direction FOR => zeppenfeld-2022-esc-guidelines-va-and-scd_n0062/na_0006 operation PERFORM
Rule_1453	?a direction FOR => ?a operation PERFORM	seb24c-1_n0002/na_0006 direction FOR => seb24c-1_n0002/na_0006 operation PERFORM
Rule_1453	?a direction FOR => ?a operation PERFORM	al-khatib-2017-aha-acc-hrs-guideline-va-and-scd_n0074/na_0005 direction FOR => al-khatib-2017-aha-acc-hrs-guideline-va-and-scd_n0074/na_0005 operation PERFORM
Rule_1453	?a direction FOR => ?a operation PERFORM	zeppenfeld-2022-esc-guidelines-va-and-scd_n0018/na_0006 direction FOR => zeppenfeld-2022-esc-guidelines-va-and-scd_n0018/na_0006 operation PERFORM
Rule_1453	?a direction FOR => ?a operation PERFORM	al-khatib-2017-aha-acc-hrs-guideline-va-and-scd_n0079/na_0005 direction FOR => al-khatib-2017-aha-acc-hrs-guideline-va-and-scd_n0079/na_0005 operation PERFORM
Rule_1453	?a direction FOR => ?a operation PERFORM	maddox-2021-2021-update-to-the-2017-acc-expert-consensus-decision-pathwa_n0017/na_0003 direction FOR => maddox-2021-2021-update-to-the-2017-acc-expert-consensus-decision-pathwa_n0017/na_0003 operation PERFORM
Rule_1453	?a direction FOR => ?a operation PERFORM	piepoli-2011-exercise-training-in-heart-failure_n0004/na_0010 direction FOR => piepoli-2011-exercise-training-in-heart-failure_n0004/na_0010 operation PERFORM
Rule_1453	?a direction FOR => ?a operation PERFORM	riegel-2009-promoting-self-care-in-persons-with-heart-failure_n0004/na_0032 direction FOR => riegel-2009-promoting-self-care-in-persons-with-heart-failure_n0004/na_0032 operation PERFORM
Rule_1453	?a direction FOR => ?a operation PERFORM	glikson-2021-2021-esc-guidelines-on-cardiac-pacing-and-cardiac-resynchro_n0085/na_0009 direction FOR => glikson-2021-2021-esc-guidelines-on-cardiac-pacing-and-cardiac-resynchro_n0085/na_0009 operation PERFORM
Rule_1453	?a direction FOR => ?a operation PERFORM	zeppenfeld-2022-esc-guidelines-va-and-scd_n0019/na_0014 direction FOR => zeppenfeld-2022-esc-guidelines-va-and-scd_n0019/na_0014 operation PERFORM
Rule_1453	?a direction FOR => ?a operation PERFORM	regitz-zagrosek-2018-2018-esc-guideline-for-the-management-of-cardiovasc_n0022/na_0006 direction FOR => regitz-zagrosek-2018-2018-esc-guideline-for-the-management-of-cardiovasc_n0022/na_0006 operation PERFORM
Rule_1453	?a direction FOR => ?a operation PERFORM	al-khatib-2017-aha-acc-hrs-guideline-va-and-scd_n0069/na_0003 direction FOR => al-khatib-2017-aha-acc-hrs-guideline-va-and-scd_n0069/na_0003 operation PERFORM
Rule_1453	?a direction FOR => ?a operation PERFORM	pelliccia-2020-2020-esc-guidelines-on-sports-cardiology-and-exercise-in_n0057/na_0002 direction FOR => pelliccia-2020-2020-esc-guidelines-on-sports-cardiology-and-exercise-in_n0057/na_0002 operation PERFORM
Rule_1453	?a direction FOR => ?a operation PERFORM	sectio-1_n0007/na_0003 direction FOR => sectio-1_n0007/na_0003 operation PERFORM
Rule_1453	?a direction FOR => ?a operation PERFORM	execut-1_n0026/na_0002 direction FOR => execut-1_n0026/na_0002 operation PERFORM
Rule_1453	?a direction FOR => ?a operation PERFORM	heidenreich-2022-aha-acc-hfsa-guidelines_n0065/na_0002 direction FOR => heidenreich-2022-aha-acc-hfsa-guidelines_n0065/na_0002 operation PERFORM
Rule_1453	?a direction FOR => ?a operation PERFORM	mcdonagh-2023-esc-guidelines_n0095/na_0021 direction FOR => mcdonagh-2023-esc-guidelines_n0095/na_0021 operation PERFORM
Rule_1453	?a direction FOR => ?a operation PERFORM	glikson-2021-2021-esc-guidelines-on-cardiac-pacing-and-cardiac-resynchro_n0073/na_0001 direction FOR => glikson-2021-2021-esc-guidelines-on-cardiac-pacing-and-cardiac-resynchro_n0073/na_0001 operation PERFORM
Rule_1453	?a direction FOR => ?a operation PERFORM	zeppenfeld-2022-esc-guidelines-va-and-scd_n0091/na_0005 direction FOR => zeppenfeld-2022-esc-guidelines-va-and-scd_n0091/na_0005 operation PERFORM
Rule_1453	?a direction FOR => ?a operation PERFORM	pelliccia-2020-2020-esc-guidelines-on-sports-cardiology-and-exercise-in_n0074/na_0013 direction FOR => pelliccia-2020-2020-esc-guidelines-on-sports-cardiology-and-exercise-in_n0074/na_0013 operation PERFORM
Rule_1453	?a direction FOR => ?a operation PERFORM	pelliccia-2020-2020-esc-guidelines-on-sports-cardiology-and-exercise-in_n0043/na_0002 direction FOR => pelliccia-2020-2020-esc-guidelines-on-sports-cardiology-and-exercise-in_n0043/na_0002 operation PERFORM
Rule_1453	?a direction FOR => ?a operation PERFORM	heidenreich-2022-aha-acc-hfsa-guidelines_n0072/na_0002 direction FOR => heidenreich-2022-aha-acc-hfsa-guidelines_n0072/na_0002 operation PERFORM
Rule_1453	?a direction FOR => ?a operation PERFORM	piepoli-2011-exercise-training-in-heart-failure_n0003/na_0034 direction FOR => piepoli-2011-exercise-training-in-heart-failure_n0003/na_0034 operation PERFORM
Rule_1453	?a direction FOR => ?a operation PERFORM	glikson-2021-2021-esc-guidelines-on-cardiac-pacing-and-cardiac-resynchro_n0046/na_0004 direction FOR => glikson-2021-2021-esc-guidelines-on-cardiac-pacing-and-cardiac-resynchro_n0046/na_0004 operation PERFORM
Rule_1453	?a direction FOR => ?a operation PERFORM	zeppenfeld-2022-esc-guidelines-va-and-scd_n0018/na_0016 direction FOR => zeppenfeld-2022-esc-guidelines-va-and-scd_n0018/na_0016 operation PERFORM
Rule_1453	?a direction FOR => ?a operation PERFORM	mcdonagh-2023-esc-guidelines_n0023/na_0019 direction FOR => mcdonagh-2023-esc-guidelines_n0023/na_0019 operation PERFORM
Rule_1453	?a direction FOR => ?a operation PERFORM	zeppenfeld-2022-esc-guidelines-va-and-scd_n0097/na_0006 direction FOR => zeppenfeld-2022-esc-guidelines-va-and-scd_n0097/na_0006 operation PERFORM
Rule_1453	?a direction FOR => ?a operation PERFORM	sectio-1_n0006/na_0024 direction FOR => sectio-1_n0006/na_0024 operation PERFORM
Rule_1453	?a direction FOR => ?a operation PERFORM	zeppenfeld-2022-esc-guidelines-va-and-scd_n0017/na_0013 direction FOR => zeppenfeld-2022-esc-guidelines-va-and-scd_n0017/na_0013 operation PERFORM
Rule_1453	?a direction FOR => ?a operation PERFORM	zeppenfeld-2022-esc-guidelines-va-and-scd_n0086/na_0003 direction FOR => zeppenfeld-2022-esc-guidelines-va-and-scd_n0086/na_0003 operation PERFORM
Rule_1453	?a direction FOR => ?a operation PERFORM	execut-1_n0040/na_0012 direction FOR => execut-1_n0040/na_0012 operation PERFORM
Rule_1453	?a direction FOR => ?a operation PERFORM	pelliccia-2020-2020-esc-guidelines-on-sports-cardiology-and-exercise-in_n0074/na_0007 direction FOR => pelliccia-2020-2020-esc-guidelines-on-sports-cardiology-and-exercise-in_n0074/na_0007 operation PERFORM
Rule_1453	?a direction FOR => ?a operation PERFORM	glikson-2021-2021-esc-guidelines-on-cardiac-pacing-and-cardiac-resynchro_n0020/na_0011 direction FOR => glikson-2021-2021-esc-guidelines-on-cardiac-pacing-and-cardiac-resynchro_n0020/na_0011 operation PERFORM
Rule_1453	?a direction FOR => ?a operation PERFORM	mcdonagh-2023-esc-guidelines_n0063/na_0004 direction FOR => mcdonagh-2023-esc-guidelines_n0063/na_0004 operation PERFORM
Rule_1453	?a direction FOR => ?a operation PERFORM	glikson-2021-2021-esc-guidelines-on-cardiac-pacing-and-cardiac-resynchro_n0072/na_0007 direction FOR => glikson-2021-2021-esc-guidelines-on-cardiac-pacing-and-cardiac-resynchro_n0072/na_0007 operation PERFORM
Rule_1453	?a direction FOR => ?a operation PERFORM	zeppenfeld-2022-esc-guidelines-va-and-scd_n0094/na_0008 direction FOR => zeppenfeld-2022-esc-guidelines-va-and-scd_n0094/na_0008 operation PERFORM
Rule_1453	?a direction FOR => ?a operation PERFORM	mcdonagh-2023-esc-guidelines_n0032/na_0004 direction FOR => mcdonagh-2023-esc-guidelines_n0032/na_0004 operation PERFORM
Rule_1453	?a direction FOR => ?a operation PERFORM	pelliccia-2020-2020-esc-guidelines-on-sports-cardiology-and-exercise-in_n0076/na_0018 direction FOR => pelliccia-2020-2020-esc-guidelines-on-sports-cardiology-and-exercise-in_n0076/na_0018 operation PERFORM
Rule_1453	?a direction FOR => ?a operation PERFORM	mcdonagh-2023-esc-guidelines_n0086/na_0003 direction FOR => mcdonagh-2023-esc-guidelines_n0086/na_0003 operation PERFORM
Rule_1453	?a direction FOR => ?a operation PERFORM	zeppenfeld-2022-esc-guidelines-va-and-scd_n0019/na_0041 direction FOR => zeppenfeld-2022-esc-guidelines-va-and-scd_n0019/na_0041 operation PERFORM
Rule_1453	?a direction FOR => ?a operation PERFORM	mcdonagh-2023-esc-guidelines_n0089/na_0008 direction FOR => mcdonagh-2023-esc-guidelines_n0089/na_0008 operation PERFORM
Rule_1453	?a direction FOR => ?a operation PERFORM	glikson-2021-2021-esc-guidelines-on-cardiac-pacing-and-cardiac-resynchro_n0038/na_0001 direction FOR => glikson-2021-2021-esc-guidelines-on-cardiac-pacing-and-cardiac-resynchro_n0038/na_0001 operation PERFORM
Rule_1453	?a direction FOR => ?a operation PERFORM	mcdonagh-2023-esc-guidelines_n0024/na_0007 direction FOR => mcdonagh-2023-esc-guidelines_n0024/na_0007 operation PERFORM
Rule_1453	?a direction FOR => ?a operation PERFORM	ambrosetti-2020-secondary-prevention-comprehensive-cardiovascular-rehabi_n0011/na_0011 direction FOR => ambrosetti-2020-secondary-prevention-comprehensive-cardiovascular-rehabi_n0011/na_0011 operation PERFORM
Rule_1453	?a direction FOR => ?a operation PERFORM	glikson-2021-2021-esc-guidelines-on-cardiac-pacing-and-cardiac-resynchro_n0020/na_0021 direction FOR => glikson-2021-2021-esc-guidelines-on-cardiac-pacing-and-cardiac-resynchro_n0020/na_0021 operation PERFORM
Rule_1453	?a direction FOR => ?a operation PERFORM	zeppenfeld-2022-esc-guidelines-va-and-scd_n0019/na_0001 direction FOR => zeppenfeld-2022-esc-guidelines-va-and-scd_n0019/na_0001 operation PERFORM
Rule_1453	?a direction FOR => ?a operation PERFORM	mcdonagh-2023-esc-guidelines_n0083/na_0005 direction FOR => mcdonagh-2023-esc-guidelines_n0083/na_0005 operation PERFORM
Rule_1453	?a direction FOR => ?a operation PERFORM	mcdonagh-2023-esc-guidelines_n0028/na_0002 direction FOR => mcdonagh-2023-esc-guidelines_n0028/na_0002 operation PERFORM
Rule_1453	?a direction FOR => ?a operation PERFORM	execut-1_n0041/na_0001 direction FOR => execut-1_n0041/na_0001 operation PERFORM
Rule_1453	?a direction FOR => ?a operation PERFORM	glikson-2021-2021-esc-guidelines-on-cardiac-pacing-and-cardiac-resynchro_n0049/na_0002 direction FOR => glikson-2021-2021-esc-guidelines-on-cardiac-pacing-and-cardiac-resynchro_n0049/na_0002 operation PERFORM
Rule_1453	?a direction FOR => ?a operation PERFORM	piepoli-2011-exercise-training-in-heart-failure_n0003/na_0038 direction FOR => piepoli-2011-exercise-training-in-heart-failure_n0003/na_0038 operation PERFORM
Rule_1453	?a direction FOR => ?a operation PERFORM	pelliccia-2020-2020-esc-guidelines-on-sports-cardiology-and-exercise-in_n0053/na_0004 direction FOR => pelliccia-2020-2020-esc-guidelines-on-sports-cardiology-and-exercise-in_n0053/na_0004 operation PERFORM
Rule_1453	?a direction FOR => ?a operation PERFORM	heidenreich-2022-aha-acc-hfsa-guidelines_n0064/na_0004 direction FOR => heidenreich-2022-aha-acc-hfsa-guidelines_n0064/na_0004 operation PERFORM
Rule_1453	?a direction FOR => ?a operation PERFORM	ferrick-2023-2023-hrs-ehra-aphrs-lahrs-expert-consensus-statement-on-pra_n0024/na_0002 direction FOR => ferrick-2023-2023-hrs-ehra-aphrs-lahrs-expert-consensus-statement-on-pra_n0024/na_0002 operation PERFORM
Rule_1453	?a direction FOR => ?a operation PERFORM	ambrosetti-2020-secondary-prevention-comprehensive-cardiovascular-rehabi_n0012/na_0021 direction FOR => ambrosetti-2020-secondary-prevention-comprehensive-cardiovascular-rehabi_n0012/na_0021 operation PERFORM
Rule_1453	?a direction FOR => ?a operation PERFORM	van-diepen-2017-contemporary-management-of-cardiogenic-shock_n0007/na_0007 direction FOR => van-diepen-2017-contemporary-management-of-cardiogenic-shock_n0007/na_0007 operation PERFORM
Rule_1453	?a direction FOR => ?a operation PERFORM	glikson-2021-2021-esc-guidelines-on-cardiac-pacing-and-cardiac-resynchro_n0084/na_0003 direction FOR => glikson-2021-2021-esc-guidelines-on-cardiac-pacing-and-cardiac-resynchro_n0084/na_0003 operation PERFORM
Rule_1453	?a direction FOR => ?a operation PERFORM	mcdonagh-2023-esc-guidelines_n0095/na_0022 direction FOR => mcdonagh-2023-esc-guidelines_n0095/na_0022 operation PERFORM
Rule_1453	?a direction FOR => ?a operation PERFORM	su_verified_1d4ae21bdadbacafa8087e019976dde180c346c5d4626772c2b286528336efac_table_14/na_0006 direction FOR => su_verified_1d4ae21bdadbacafa8087e019976dde180c346c5d4626772c2b286528336efac_table_14/na_0006 operation PERFORM
Rule_1453	?a direction FOR => ?a operation PERFORM	zeppenfeld-2022-esc-guidelines-va-and-scd_n0074/na_0006 direction FOR => zeppenfeld-2022-esc-guidelines-va-and-scd_n0074/na_0006 operation PERFORM
Rule_1453	?a direction FOR => ?a operation PERFORM	glikson-2021-2021-esc-guidelines-on-cardiac-pacing-and-cardiac-resynchro_n0057/na_0002 direction FOR => glikson-2021-2021-esc-guidelines-on-cardiac-pacing-and-cardiac-resynchro_n0057/na_0002 operation PERFORM
Rule_1453	?a direction FOR => ?a operation PERFORM	mcdonagh-2023-esc-guidelines_n0020/na_0013 direction FOR => mcdonagh-2023-esc-guidelines_n0020/na_0013 operation PERFORM
Rule_1453	?a direction FOR => ?a operation PERFORM	ambrosetti-2020-secondary-prevention-comprehensive-cardiovascular-rehabi_n0014/na_0031 direction FOR => ambrosetti-2020-secondary-prevention-comprehensive-cardiovascular-rehabi_n0014/na_0031 operation PERFORM
Rule_1453	?a direction FOR => ?a operation PERFORM	pelliccia-2020-2020-esc-guidelines-on-sports-cardiology-and-exercise-in_n0039/na_0006 direction FOR => pelliccia-2020-2020-esc-guidelines-on-sports-cardiology-and-exercise-in_n0039/na_0006 operation PERFORM
Rule_1453	?a direction FOR => ?a operation PERFORM	su_verified_0074e29f31a1f0feb082e0064bee46f60bf6b5ae3f8703d1231341374ed97e52_table_1/na_0022 direction FOR => su_verified_0074e29f31a1f0feb082e0064bee46f60bf6b5ae3f8703d1231341374ed97e52_table_1/na_0022 operation PERFORM
Rule_1453	?a direction FOR => ?a operation PERFORM	ambrosetti-2020-secondary-prevention-comprehensive-cardiovascular-rehabi_n0012/na_0025 direction FOR => ambrosetti-2020-secondary-prevention-comprehensive-cardiovascular-rehabi_n0012/na_0025 operation PERFORM
Rule_1453	?a direction FOR => ?a operation PERFORM	mcdonagh-2023-esc-guidelines_n0031/na_0006 direction FOR => mcdonagh-2023-esc-guidelines_n0031/na_0006 operation PERFORM
Rule_1453	?a direction FOR => ?a operation PERFORM	mcdonagh-2023-esc-guidelines_n0066/na_0010 direction FOR => mcdonagh-2023-esc-guidelines_n0066/na_0010 operation PERFORM
Rule_1453	?a direction FOR => ?a operation PERFORM	mcdonagh-2023-esc-guidelines_n0023/na_0003 direction FOR => mcdonagh-2023-esc-guidelines_n0023/na_0003 operation PERFORM
Rule_1453	?a direction FOR => ?a operation PERFORM	piepoli-2011-exercise-training-in-heart-failure_n0003/na_0011 direction FOR => piepoli-2011-exercise-training-in-heart-failure_n0003/na_0011 operation PERFORM
Rule_1453	?a direction FOR => ?a operation PERFORM	mcdonagh-2023-esc-guidelines_n0051/na_0014 direction FOR => mcdonagh-2023-esc-guidelines_n0051/na_0014 operation PERFORM
Rule_1453	?a direction FOR => ?a operation PERFORM	ferrick-2023-2023-hrs-ehra-aphrs-lahrs-expert-consensus-statement-on-pra_n0023/na_0002 direction FOR => ferrick-2023-2023-hrs-ehra-aphrs-lahrs-expert-consensus-statement-on-pra_n0023/na_0002 operation PERFORM
Rule_1453	?a direction FOR => ?a operation PERFORM	mcdonagh-2023-esc-guidelines_n0070/na_0002 direction FOR => mcdonagh-2023-esc-guidelines_n0070/na_0002 operation PERFORM
Rule_1453	?a direction FOR => ?a operation PERFORM	sectio-1_n0006/na_0021 direction FOR => sectio-1_n0006/na_0021 operation PERFORM
Rule_1453	?a direction FOR => ?a operation PERFORM	visseren-2021-esc-guidelines-cardiovascular-disease-prevention_n0080/na_0011 direction FOR => visseren-2021-esc-guidelines-cardiovascular-disease-prevention_n0080/na_0011 operation PERFORM
Rule_1453	?a direction FOR => ?a operation PERFORM	execut-1_n0047/na_0011 direction FOR => execut-1_n0047/na_0011 operation PERFORM
Rule_1453	?a direction FOR => ?a operation PERFORM	glikson-2021-2021-esc-guidelines-on-cardiac-pacing-and-cardiac-resynchro_n0085/na_0018 direction FOR => glikson-2021-2021-esc-guidelines-on-cardiac-pacing-and-cardiac-resynchro_n0085/na_0018 operation PERFORM
Rule_1453	?a direction FOR => ?a operation PERFORM	mcdonagh-2023-esc-guidelines_n0031/na_0007 direction FOR => mcdonagh-2023-esc-guidelines_n0031/na_0007 operation PERFORM
Rule_1453	?a direction FOR => ?a operation PERFORM	zeppenfeld-2022-esc-guidelines-va-and-scd_n0054/na_0009 direction FOR => zeppenfeld-2022-esc-guidelines-va-and-scd_n0054/na_0009 operation PERFORM
Rule_1453	?a direction FOR => ?a operation PERFORM	visseren-2021-esc-guidelines-cardiovascular-disease-prevention_n0080/na_0023 direction FOR => visseren-2021-esc-guidelines-cardiovascular-disease-prevention_n0080/na_0023 operation PERFORM
Rule_1453	?a direction FOR => ?a operation PERFORM	piepoli-2011-exercise-training-in-heart-failure_n0003/na_0030 direction FOR => piepoli-2011-exercise-training-in-heart-failure_n0003/na_0030 operation PERFORM
Rule_1453	?a direction FOR => ?a operation PERFORM	mcdonagh-2023-esc-guidelines_n0066/na_0001 direction FOR => mcdonagh-2023-esc-guidelines_n0066/na_0001 operation PERFORM
Rule_1453	?a direction FOR => ?a operation PERFORM	sectio-1_n0028/na_0013 direction FOR => sectio-1_n0028/na_0013 operation PERFORM
Rule_1453	?a direction FOR => ?a operation PERFORM	vest-2019-nutrition-obesity-and-cachexia-in-patients-with-heart-failure_n0001/na_0040 direction FOR => vest-2019-nutrition-obesity-and-cachexia-in-patients-with-heart-failure_n0001/na_0040 operation PERFORM
Rule_1453	?a direction FOR => ?a operation PERFORM	piepoli-2011-exercise-training-in-heart-failure_n0003/na_0041 direction FOR => piepoli-2011-exercise-training-in-heart-failure_n0003/na_0041 operation PERFORM
Rule_1453	?a direction FOR => ?a operation PERFORM	visseren-2021-esc-guidelines-cardiovascular-disease-prevention_n0032/na_0003 direction FOR => visseren-2021-esc-guidelines-cardiovascular-disease-prevention_n0032/na_0003 operation PERFORM
Rule_1453	?a direction FOR => ?a operation PERFORM	ambrosetti-2020-secondary-prevention-comprehensive-cardiovascular-rehabi_n0014/na_0018 direction FOR => ambrosetti-2020-secondary-prevention-comprehensive-cardiovascular-rehabi_n0014/na_0018 operation PERFORM
Rule_1453	?a direction FOR => ?a operation PERFORM	glikson-2021-2021-esc-guidelines-on-cardiac-pacing-and-cardiac-resynchro_n0046/na_0003 direction FOR => glikson-2021-2021-esc-guidelines-on-cardiac-pacing-and-cardiac-resynchro_n0046/na_0003 operation PERFORM
Rule_1453	?a direction FOR => ?a operation PERFORM	zeppenfeld-2022-esc-guidelines-va-and-scd_n0060/na_0003 direction FOR => zeppenfeld-2022-esc-guidelines-va-and-scd_n0060/na_0003 operation PERFORM
Rule_1453	?a direction FOR => ?a operation PERFORM	piepoli-2011-exercise-training-in-heart-failure_n0003/na_0007 direction FOR => piepoli-2011-exercise-training-in-heart-failure_n0003/na_0007 operation PERFORM
Rule_1453	?a direction FOR => ?a operation PERFORM	zeppenfeld-2022-esc-guidelines-va-and-scd_n0095/na_0002 direction FOR => zeppenfeld-2022-esc-guidelines-va-and-scd_n0095/na_0002 operation PERFORM
Rule_1453	?a direction FOR => ?a operation PERFORM	zeppenfeld-2022-esc-guidelines-va-and-scd_n0020/na_0001 direction FOR => zeppenfeld-2022-esc-guidelines-va-and-scd_n0020/na_0001 operation PERFORM
Rule_1453	?a direction FOR => ?a operation PERFORM	pelliccia-2020-2020-esc-guidelines-on-sports-cardiology-and-exercise-in_n0077/na_0010 direction FOR => pelliccia-2020-2020-esc-guidelines-on-sports-cardiology-and-exercise-in_n0077/na_0010 operation PERFORM
Rule_1453	?a direction FOR => ?a operation PERFORM	execut-1_n0040/na_0020 direction FOR => execut-1_n0040/na_0020 operation PERFORM
Rule_1453	?a direction FOR => ?a operation PERFORM	execut-1_n0048/na_0002 direction FOR => execut-1_n0048/na_0002 operation PERFORM
Rule_1453	?a direction FOR => ?a operation PERFORM	vest-2019-nutrition-obesity-and-cachexia-in-patients-with-heart-failure_n0001/na_0016 direction FOR => vest-2019-nutrition-obesity-and-cachexia-in-patients-with-heart-failure_n0001/na_0016 operation PERFORM
Rule_1453	?a direction FOR => ?a operation PERFORM	glikson-2021-2021-esc-guidelines-on-cardiac-pacing-and-cardiac-resynchro_n0085/na_0008 direction FOR => glikson-2021-2021-esc-guidelines-on-cardiac-pacing-and-cardiac-resynchro_n0085/na_0008 operation PERFORM
Rule_1453	?a direction FOR => ?a operation PERFORM	zeppenfeld-2022-esc-guidelines-va-and-scd_n0032/na_0002 direction FOR => zeppenfeld-2022-esc-guidelines-va-and-scd_n0032/na_0002 operation PERFORM
Rule_1453	?a direction FOR => ?a operation PERFORM	braunschweig-2010-management-of-patients-receiving-implantable-cardiac-d_n0007/na_0004 direction FOR => braunschweig-2010-management-of-patients-receiving-implantable-cardiac-d_n0007/na_0004 operation PERFORM
Rule_1453	?a direction FOR => ?a operation PERFORM	zeppenfeld-2022-esc-guidelines-va-and-scd_n0055/na_0001 direction FOR => zeppenfeld-2022-esc-guidelines-va-and-scd_n0055/na_0001 operation PERFORM
Rule_1453	?a direction FOR => ?a operation PERFORM	execut-1_n0040/na_0015 direction FOR => execut-1_n0040/na_0015 operation PERFORM
Rule_1453	?a direction FOR => ?a operation PERFORM	mcdonagh-2023-esc-guidelines_n0051/na_0001 direction FOR => mcdonagh-2023-esc-guidelines_n0051/na_0001 operation PERFORM
Rule_1453	?a direction FOR => ?a operation PERFORM	piepoli-2011-exercise-training-in-heart-failure_n0003/na_0019 direction FOR => piepoli-2011-exercise-training-in-heart-failure_n0003/na_0019 operation PERFORM
Rule_1453	?a direction FOR => ?a operation PERFORM	glikson-2021-2021-esc-guidelines-on-cardiac-pacing-and-cardiac-resynchro_n0020/na_0048 direction FOR => glikson-2021-2021-esc-guidelines-on-cardiac-pacing-and-cardiac-resynchro_n0020/na_0048 operation PERFORM
Rule_1453	?a direction FOR => ?a operation PERFORM	zeppenfeld-2022-esc-guidelines-va-and-scd_n0056/na_0016 direction FOR => zeppenfeld-2022-esc-guidelines-va-and-scd_n0056/na_0016 operation PERFORM
Rule_1453	?a direction FOR => ?a operation PERFORM	mcdonagh-2023-esc-guidelines_n0023/na_0005 direction FOR => mcdonagh-2023-esc-guidelines_n0023/na_0005 operation PERFORM
Rule_1453	?a direction FOR => ?a operation PERFORM	al-khatib-2017-aha-acc-hrs-guideline-va-and-scd_n0046/na_0002 direction FOR => al-khatib-2017-aha-acc-hrs-guideline-va-and-scd_n0046/na_0002 operation PERFORM
Rule_1453	?a direction FOR => ?a operation PERFORM	pelliccia-2020-2020-esc-guidelines-on-sports-cardiology-and-exercise-in_n0039/na_0002 direction FOR => pelliccia-2020-2020-esc-guidelines-on-sports-cardiology-and-exercise-in_n0039/na_0002 operation PERFORM
Rule_1453	?a direction FOR => ?a operation PERFORM	mcdonagh-2023-esc-guidelines_n0023/na_0007 direction FOR => mcdonagh-2023-esc-guidelines_n0023/na_0007 operation PERFORM
Rule_1453	?a direction FOR => ?a operation PERFORM	zeppenfeld-2022-esc-guidelines-va-and-scd_n0018/na_0034 direction FOR => zeppenfeld-2022-esc-guidelines-va-and-scd_n0018/na_0034 operation PERFORM
Rule_1453	?a direction FOR => ?a operation PERFORM	ambrosetti-2020-secondary-prevention-comprehensive-cardiovascular-rehabi_n0011/na_0006 direction FOR => ambrosetti-2020-secondary-prevention-comprehensive-cardiovascular-rehabi_n0011/na_0006 operation PERFORM
Rule_1453	?a direction FOR => ?a operation PERFORM	vest-2019-nutrition-obesity-and-cachexia-in-patients-with-heart-failure_n0001/na_0008 direction FOR => vest-2019-nutrition-obesity-and-cachexia-in-patients-with-heart-failure_n0001/na_0008 operation PERFORM
Rule_1453	?a direction FOR => ?a operation PERFORM	heidenreich-2022-aha-acc-hfsa-guidelines_n0083/na_0002 direction FOR => heidenreich-2022-aha-acc-hfsa-guidelines_n0083/na_0002 operation PERFORM
Rule_1453	?a direction FOR => ?a operation PERFORM	ambrosetti-2020-secondary-prevention-comprehensive-cardiovascular-rehabi_n0015/na_0010 direction FOR => ambrosetti-2020-secondary-prevention-comprehensive-cardiovascular-rehabi_n0015/na_0010 operation PERFORM
Rule_1453	?a direction FOR => ?a operation PERFORM	al-khatib-2017-aha-acc-hrs-guideline-va-and-scd_n0044/na_0003 direction FOR => al-khatib-2017-aha-acc-hrs-guideline-va-and-scd_n0044/na_0003 operation PERFORM
Rule_1453	?a direction FOR => ?a operation PERFORM	piepoli-2011-exercise-training-in-heart-failure_n0003/na_0001 direction FOR => piepoli-2011-exercise-training-in-heart-failure_n0003/na_0001 operation PERFORM
Rule_1453	?a direction FOR => ?a operation PERFORM	zeppenfeld-2022-esc-guidelines-va-and-scd_n0069/na_0001 direction FOR => zeppenfeld-2022-esc-guidelines-va-and-scd_n0069/na_0001 operation PERFORM
Rule_1453	?a direction FOR => ?a operation PERFORM	mcdonagh-2023-esc-guidelines_n0031/na_0005 direction FOR => mcdonagh-2023-esc-guidelines_n0031/na_0005 operation PERFORM
Rule_1453	?a direction FOR => ?a operation PERFORM	execut-1_n0026/na_0006 direction FOR => execut-1_n0026/na_0006 operation PERFORM
Rule_1453	?a direction FOR => ?a operation PERFORM	glikson-2021-2021-esc-guidelines-on-cardiac-pacing-and-cardiac-resynchro_n0020/na_0010 direction FOR => glikson-2021-2021-esc-guidelines-on-cardiac-pacing-and-cardiac-resynchro_n0020/na_0010 operation PERFORM
Rule_1453	?a direction FOR => ?a operation PERFORM	ambrosetti-2020-secondary-prevention-comprehensive-cardiovascular-rehabi_n0012/na_0013 direction FOR => ambrosetti-2020-secondary-prevention-comprehensive-cardiovascular-rehabi_n0012/na_0013 operation PERFORM
Rule_1453	?a direction FOR => ?a operation PERFORM	sectio-1_n0006/na_0001 direction FOR => sectio-1_n0006/na_0001 operation PERFORM
Rule_1453	?a direction FOR => ?a operation PERFORM	zeppenfeld-2022-esc-guidelines-va-and-scd_n0017/na_0019 direction FOR => zeppenfeld-2022-esc-guidelines-va-and-scd_n0017/na_0019 operation PERFORM
Rule_1453	?a direction FOR => ?a operation PERFORM	glikson-2021-2021-esc-guidelines-on-cardiac-pacing-and-cardiac-resynchro_n0020/na_0025 direction FOR => glikson-2021-2021-esc-guidelines-on-cardiac-pacing-and-cardiac-resynchro_n0020/na_0025 operation PERFORM
Rule_1453	?a direction FOR => ?a operation PERFORM	zeppenfeld-2022-esc-guidelines-va-and-scd_n0019/na_0059 direction FOR => zeppenfeld-2022-esc-guidelines-va-and-scd_n0019/na_0059 operation PERFORM
Rule_1453	?a direction FOR => ?a operation PERFORM	piepoli-2011-exercise-training-in-heart-failure_n0003/na_0029 direction FOR => piepoli-2011-exercise-training-in-heart-failure_n0003/na_0029 operation PERFORM
Rule_1453	?a direction FOR => ?a operation PERFORM	sectio-1_n0010/na_0013 direction FOR => sectio-1_n0010/na_0013 operation PERFORM
Rule_1453	?a direction FOR => ?a operation PERFORM	zeppenfeld-2022-esc-guidelines-va-and-scd_n0018/na_0009 direction FOR => zeppenfeld-2022-esc-guidelines-va-and-scd_n0018/na_0009 operation PERFORM
Rule_1453	?a direction FOR => ?a operation PERFORM	glikson-2021-2021-esc-guidelines-on-cardiac-pacing-and-cardiac-resynchro_n0020/na_0028 direction FOR => glikson-2021-2021-esc-guidelines-on-cardiac-pacing-and-cardiac-resynchro_n0020/na_0028 operation PERFORM
Rule_1453	?a direction FOR => ?a operation PERFORM	glikson-2021-2021-esc-guidelines-on-cardiac-pacing-and-cardiac-resynchro_n0061/na_0008 direction FOR => glikson-2021-2021-esc-guidelines-on-cardiac-pacing-and-cardiac-resynchro_n0061/na_0008 operation PERFORM
Rule_1453	?a direction FOR => ?a operation PERFORM	mcdonagh-2023-esc-guidelines_n0067/na_0004 direction FOR => mcdonagh-2023-esc-guidelines_n0067/na_0004 operation PERFORM
Rule_1453	?a direction FOR => ?a operation PERFORM	lenarczyk-2024-management-of-patients-with-an-electrical-storm-or-cluste_n0017/na_0002 direction FOR => lenarczyk-2024-management-of-patients-with-an-electrical-storm-or-cluste_n0017/na_0002 operation PERFORM
Rule_1453	?a direction FOR => ?a operation PERFORM	fox-2021-positionspaper-schlafmedizin-in-der-kardiologie_n0015/na_0001 direction FOR => fox-2021-positionspaper-schlafmedizin-in-der-kardiologie_n0015/na_0001 operation PERFORM
Rule_1453	?a direction FOR => ?a operation PERFORM	zeppenfeld-2022-esc-guidelines-va-and-scd_n0056/na_0011 direction FOR => zeppenfeld-2022-esc-guidelines-va-and-scd_n0056/na_0011 operation PERFORM
Rule_1453	?a direction FOR => ?a operation PERFORM	zeppenfeld-2022-esc-guidelines-va-and-scd_n0018/na_0024 direction FOR => zeppenfeld-2022-esc-guidelines-va-and-scd_n0018/na_0024 operation PERFORM
Rule_1453	?a direction FOR => ?a operation PERFORM	al-khatib-2017-aha-acc-hrs-guideline-va-and-scd_n0035/na_0002 direction FOR => al-khatib-2017-aha-acc-hrs-guideline-va-and-scd_n0035/na_0002 operation PERFORM
Rule_1453	?a direction FOR => ?a operation PERFORM	mcdonagh-2023-esc-guidelines_n0062/na_0006 direction FOR => mcdonagh-2023-esc-guidelines_n0062/na_0006 operation PERFORM
Rule_1453	?a direction FOR => ?a operation PERFORM	zeppenfeld-2022-esc-guidelines-va-and-scd_n0075/na_0004 direction FOR => zeppenfeld-2022-esc-guidelines-va-and-scd_n0075/na_0004 operation PERFORM
Rule_1453	?a direction FOR => ?a operation PERFORM	pelliccia-2020-2020-esc-guidelines-on-sports-cardiology-and-exercise-in_n0068/na_0003 direction FOR => pelliccia-2020-2020-esc-guidelines-on-sports-cardiology-and-exercise-in_n0068/na_0003 operation PERFORM
Rule_1453	?a direction FOR => ?a operation PERFORM	mcdonagh-2023-esc-guidelines_n0039/na_0011 direction FOR => mcdonagh-2023-esc-guidelines_n0039/na_0011 operation PERFORM
Rule_1453	?a direction FOR => ?a operation PERFORM	zeppenfeld-2022-esc-guidelines-va-and-scd_n0096/na_0017 direction FOR => zeppenfeld-2022-esc-guidelines-va-and-scd_n0096/na_0017 operation PERFORM
Rule_1453	?a direction FOR => ?a operation PERFORM	zeppenfeld-2022-esc-guidelines-va-and-scd_n0094/na_0014 direction FOR => zeppenfeld-2022-esc-guidelines-va-and-scd_n0094/na_0014 operation PERFORM
Rule_1453	?a direction FOR => ?a operation PERFORM	zeppenfeld-2022-esc-guidelines-va-and-scd_n0019/na_0013 direction FOR => zeppenfeld-2022-esc-guidelines-va-and-scd_n0019/na_0013 operation PERFORM
Rule_1453	?a direction FOR => ?a operation PERFORM	mcdonagh-2023-esc-guidelines_n0076/na_0005 direction FOR => mcdonagh-2023-esc-guidelines_n0076/na_0005 operation PERFORM
Rule_1453	?a direction FOR => ?a operation PERFORM	pelliccia-2020-2020-esc-guidelines-on-sports-cardiology-and-exercise-in_n0053/na_0005 direction FOR => pelliccia-2020-2020-esc-guidelines-on-sports-cardiology-and-exercise-in_n0053/na_0005 operation PERFORM
Rule_1453	?a direction FOR => ?a operation PERFORM	zeppenfeld-2022-esc-guidelines-va-and-scd_n0018/na_0001 direction FOR => zeppenfeld-2022-esc-guidelines-va-and-scd_n0018/na_0001 operation PERFORM
Rule_1453	?a direction FOR => ?a operation PERFORM	al-khatib-2017-aha-acc-hrs-guideline-va-and-scd_n0038/na_0001 direction FOR => al-khatib-2017-aha-acc-hrs-guideline-va-and-scd_n0038/na_0001 operation PERFORM
Rule_1453	?a direction FOR => ?a operation PERFORM	zeppenfeld-2022-esc-guidelines-va-and-scd_n0081/na_0001 direction FOR => zeppenfeld-2022-esc-guidelines-va-and-scd_n0081/na_0001 operation PERFORM
Rule_1453	?a direction FOR => ?a operation PERFORM	pedretti-2021-comprehensive-multicomponent-cardiac-rehabilitation-in-car_n0004/na_0005 direction FOR => pedretti-2021-comprehensive-multicomponent-cardiac-rehabilitation-in-car_n0004/na_0005 operation PERFORM
Rule_1453	?a direction FOR => ?a operation PERFORM	zeppenfeld-2022-esc-guidelines-va-and-scd_n0018/na_0031 direction FOR => zeppenfeld-2022-esc-guidelines-va-and-scd_n0018/na_0031 operation PERFORM
Rule_1453	?a direction FOR => ?a operation PERFORM	piepoli-2011-exercise-training-in-heart-failure_n0003/na_0015 direction FOR => piepoli-2011-exercise-training-in-heart-failure_n0003/na_0015 operation PERFORM
Rule_1453	?a direction FOR => ?a operation PERFORM	zeppenfeld-2022-esc-guidelines-va-and-scd_n0021/na_0016 direction FOR => zeppenfeld-2022-esc-guidelines-va-and-scd_n0021/na_0016 operation PERFORM
Rule_1453	?a direction FOR => ?a operation PERFORM	mcdonagh-2023-esc-guidelines_n0075/na_0001 direction FOR => mcdonagh-2023-esc-guidelines_n0075/na_0001 operation PERFORM
Rule_1453	?a direction FOR => ?a operation PERFORM	regitz-zagrosek-2018-2018-esc-guideline-for-the-management-of-cardiovasc_n0023/na_0003 direction FOR => regitz-zagrosek-2018-2018-esc-guideline-for-the-management-of-cardiovasc_n0023/na_0003 operation PERFORM
Rule_1453	?a direction FOR => ?a operation PERFORM	zeppenfeld-2022-esc-guidelines-va-and-scd_n0095/na_0012 direction FOR => zeppenfeld-2022-esc-guidelines-va-and-scd_n0095/na_0012 operation PERFORM
Rule_1453	?a direction FOR => ?a operation PERFORM	mcdonagh-2023-esc-guidelines_n0084/na_0010 direction FOR => mcdonagh-2023-esc-guidelines_n0084/na_0010 operation PERFORM
Rule_1453	?a direction FOR => ?a operation PERFORM	glikson-2021-2021-esc-guidelines-on-cardiac-pacing-and-cardiac-resynchro_n0020/na_0033 direction FOR => glikson-2021-2021-esc-guidelines-on-cardiac-pacing-and-cardiac-resynchro_n0020/na_0033 operation PERFORM
Rule_1453	?a direction FOR => ?a operation PERFORM	pelliccia-2020-2020-esc-guidelines-on-sports-cardiology-and-exercise-in_n0077/na_0013 direction FOR => pelliccia-2020-2020-esc-guidelines-on-sports-cardiology-and-exercise-in_n0077/na_0013 operation PERFORM
Rule_1453	?a direction FOR => ?a operation PERFORM	su_verified_0074e29f31a1f0feb082e0064bee46f60bf6b5ae3f8703d1231341374ed97e52_table_1/na_0030 direction FOR => su_verified_0074e29f31a1f0feb082e0064bee46f60bf6b5ae3f8703d1231341374ed97e52_table_1/na_0030 operation PERFORM
Rule_1453	?a direction FOR => ?a operation PERFORM	al-khatib-2017-aha-acc-hrs-guideline-va-and-scd_n0068/na_0001 direction FOR => al-khatib-2017-aha-acc-hrs-guideline-va-and-scd_n0068/na_0001 operation PERFORM
Rule_1453	?a direction FOR => ?a operation PERFORM	execut-1_n0047/na_0013 direction FOR => execut-1_n0047/na_0013 operation PERFORM
Rule_1453	?a direction FOR => ?a operation PERFORM	zeppenfeld-2022-esc-guidelines-va-and-scd_n0074/na_0004 direction FOR => zeppenfeld-2022-esc-guidelines-va-and-scd_n0074/na_0004 operation PERFORM
Rule_1453	?a direction FOR => ?a operation PERFORM	sectio-1_n0007/na_0002 direction FOR => sectio-1_n0007/na_0002 operation PERFORM
Rule_1453	?a direction FOR => ?a operation PERFORM	vest-2019-nutrition-obesity-and-cachexia-in-patients-with-heart-failure_n0001/na_0006 direction FOR => vest-2019-nutrition-obesity-and-cachexia-in-patients-with-heart-failure_n0001/na_0006 operation PERFORM
Rule_1453	?a direction FOR => ?a operation PERFORM	zeppenfeld-2022-esc-guidelines-va-and-scd_n0053/na_0003 direction FOR => zeppenfeld-2022-esc-guidelines-va-and-scd_n0053/na_0003 operation PERFORM
Rule_1453	?a direction FOR => ?a operation PERFORM	al-khatib-2017-aha-acc-hrs-guideline-va-and-scd_n0074/na_0003 direction FOR => al-khatib-2017-aha-acc-hrs-guideline-va-and-scd_n0074/na_0003 operation PERFORM
Rule_1453	?a direction FOR => ?a operation PERFORM	zeppenfeld-2022-esc-guidelines-va-and-scd_n0072/na_0001 direction FOR => zeppenfeld-2022-esc-guidelines-va-and-scd_n0072/na_0001 operation PERFORM
Rule_1453	?a direction FOR => ?a operation PERFORM	pelliccia-2020-2020-esc-guidelines-on-sports-cardiology-and-exercise-in_n0074/na_0001 direction FOR => pelliccia-2020-2020-esc-guidelines-on-sports-cardiology-and-exercise-in_n0074/na_0001 operation PERFORM
Rule_1453	?a direction FOR => ?a operation PERFORM	glikson-2021-2021-esc-guidelines-on-cardiac-pacing-and-cardiac-resynchro_n0023/na_0006 direction FOR => glikson-2021-2021-esc-guidelines-on-cardiac-pacing-and-cardiac-resynchro_n0023/na_0006 operation PERFORM
Rule_1453	?a direction FOR => ?a operation PERFORM	zeppenfeld-2022-esc-guidelines-va-and-scd_n0058/na_0002 direction FOR => zeppenfeld-2022-esc-guidelines-va-and-scd_n0058/na_0002 operation PERFORM
Rule_1453	?a direction FOR => ?a operation PERFORM	pelliccia-2020-2020-esc-guidelines-on-sports-cardiology-and-exercise-in_n0054/na_0005 direction FOR => pelliccia-2020-2020-esc-guidelines-on-sports-cardiology-and-exercise-in_n0054/na_0005 operation PERFORM
Rule_1453	?a direction FOR => ?a operation PERFORM	piepoli-2011-exercise-training-in-heart-failure_n0003/na_0042 direction FOR => piepoli-2011-exercise-training-in-heart-failure_n0003/na_0042 operation PERFORM
Rule_1453	?a direction FOR => ?a operation PERFORM	heidenreich-2022-aha-acc-hfsa-guidelines_n0065/na_0001 direction FOR => heidenreich-2022-aha-acc-hfsa-guidelines_n0065/na_0001 operation PERFORM
Rule_1453	?a direction FOR => ?a operation PERFORM	regitz-zagrosek-2018-2018-esc-guideline-for-the-management-of-cardiovasc_n0014/na_0016 direction FOR => regitz-zagrosek-2018-2018-esc-guideline-for-the-management-of-cardiovasc_n0014/na_0016 operation PERFORM
Rule_1453	?a direction FOR => ?a operation PERFORM	ambrosetti-2020-secondary-prevention-comprehensive-cardiovascular-rehabi_n0015/na_0004 direction FOR => ambrosetti-2020-secondary-prevention-comprehensive-cardiovascular-rehabi_n0015/na_0004 operation PERFORM
Rule_1453	?a direction FOR => ?a operation PERFORM	zeppenfeld-2022-esc-guidelines-va-and-scd_n0063/na_0004 direction FOR => zeppenfeld-2022-esc-guidelines-va-and-scd_n0063/na_0004 operation PERFORM
Rule_1453	?a direction FOR => ?a operation PERFORM	pelliccia-2020-2020-esc-guidelines-on-sports-cardiology-and-exercise-in_n0076/na_0022 direction FOR => pelliccia-2020-2020-esc-guidelines-on-sports-cardiology-and-exercise-in_n0076/na_0022 operation PERFORM
Rule_1453	?a direction FOR => ?a operation PERFORM	zeppenfeld-2022-esc-guidelines-va-and-scd_n0062/na_0008 direction FOR => zeppenfeld-2022-esc-guidelines-va-and-scd_n0062/na_0008 operation PERFORM
Rule_1453	?a direction FOR => ?a operation PERFORM	mcdonagh-2023-esc-guidelines_n0020/na_0012 direction FOR => mcdonagh-2023-esc-guidelines_n0020/na_0012 operation PERFORM
Rule_1453	?a direction FOR => ?a operation PERFORM	zeppenfeld-2022-esc-guidelines-va-and-scd_n0017/na_0004 direction FOR => zeppenfeld-2022-esc-guidelines-va-and-scd_n0017/na_0004 operation PERFORM
Rule_1453	?a direction FOR => ?a operation PERFORM	glikson-2021-2021-esc-guidelines-on-cardiac-pacing-and-cardiac-resynchro_n0061/na_0007 direction FOR => glikson-2021-2021-esc-guidelines-on-cardiac-pacing-and-cardiac-resynchro_n0061/na_0007 operation PERFORM
Rule_1453	?a direction FOR => ?a operation PERFORM	vest-2019-nutrition-obesity-and-cachexia-in-patients-with-heart-failure_n0001/na_0054 direction FOR => vest-2019-nutrition-obesity-and-cachexia-in-patients-with-heart-failure_n0001/na_0054 operation PERFORM
Rule_1453	?a direction FOR => ?a operation PERFORM	mcdonagh-2023-esc-guidelines_n0051/na_0016 direction FOR => mcdonagh-2023-esc-guidelines_n0051/na_0016 operation PERFORM
Rule_1453	?a direction FOR => ?a operation PERFORM	zeppenfeld-2022-esc-guidelines-va-and-scd_n0017/na_0015 direction FOR => zeppenfeld-2022-esc-guidelines-va-and-scd_n0017/na_0015 operation PERFORM
Rule_1453	?a direction FOR => ?a operation PERFORM	zeppenfeld-2022-esc-guidelines-va-and-scd_n0094/na_0004 direction FOR => zeppenfeld-2022-esc-guidelines-va-and-scd_n0094/na_0004 operation PERFORM
Rule_1453	?a direction FOR => ?a operation PERFORM	zeppenfeld-2022-esc-guidelines-va-and-scd_n0018/na_0041 direction FOR => zeppenfeld-2022-esc-guidelines-va-and-scd_n0018/na_0041 operation PERFORM
Rule_1453	?a direction FOR => ?a operation PERFORM	al-khatib-2017-aha-acc-hrs-guideline-va-and-scd_n0074/na_0006 direction FOR => al-khatib-2017-aha-acc-hrs-guideline-va-and-scd_n0074/na_0006 operation PERFORM
Rule_1453	?a direction FOR => ?a operation PERFORM	pelliccia-2020-2020-esc-guidelines-on-sports-cardiology-and-exercise-in_n0064/na_0005 direction FOR => pelliccia-2020-2020-esc-guidelines-on-sports-cardiology-and-exercise-in_n0064/na_0005 operation PERFORM
Rule_1453	?a direction FOR => ?a operation PERFORM	ambrosetti-2020-secondary-prevention-comprehensive-cardiovascular-rehabi_n0014/na_0011 direction FOR => ambrosetti-2020-secondary-prevention-comprehensive-cardiovascular-rehabi_n0014/na_0011 operation PERFORM
Rule_1453	?a direction FOR => ?a operation PERFORM	mcdonagh-2023-esc-guidelines_n0031/na_0004 direction FOR => mcdonagh-2023-esc-guidelines_n0031/na_0004 operation PERFORM
Rule_1453	?a direction FOR => ?a operation PERFORM	pelliccia-2020-2020-esc-guidelines-on-sports-cardiology-and-exercise-in_n0074/na_0009 direction FOR => pelliccia-2020-2020-esc-guidelines-on-sports-cardiology-and-exercise-in_n0074/na_0009 operation PERFORM
Rule_1453	?a direction FOR => ?a operation PERFORM	zeppenfeld-2022-esc-guidelines-va-and-scd_n0078/na_0002 direction FOR => zeppenfeld-2022-esc-guidelines-va-and-scd_n0078/na_0002 operation PERFORM
Rule_1453	?a direction FOR => ?a operation PERFORM	ambrosetti-2020-secondary-prevention-comprehensive-cardiovascular-rehabi_n0007/na_0019 direction FOR => ambrosetti-2020-secondary-prevention-comprehensive-cardiovascular-rehabi_n0007/na_0019 operation PERFORM
Rule_1453	?a direction FOR => ?a operation PERFORM	regitz-zagrosek-2018-2018-esc-guideline-for-the-management-of-cardiovasc_n0022/na_0012 direction FOR => regitz-zagrosek-2018-2018-esc-guideline-for-the-management-of-cardiovasc_n0022/na_0012 operation PERFORM
Rule_1453	?a direction FOR => ?a operation PERFORM	zeppenfeld-2022-esc-guidelines-va-and-scd_n0017/na_0006 direction FOR => zeppenfeld-2022-esc-guidelines-va-and-scd_n0017/na_0006 operation PERFORM
Rule_1453	?a direction FOR => ?a operation PERFORM	zeppenfeld-2022-esc-guidelines-va-and-scd_n0021/na_0024 direction FOR => zeppenfeld-2022-esc-guidelines-va-and-scd_n0021/na_0024 operation PERFORM
Rule_1453	?a direction FOR => ?a operation PERFORM	mcdonagh-2023-esc-guidelines_n0062/na_0001 direction FOR => mcdonagh-2023-esc-guidelines_n0062/na_0001 operation PERFORM
Rule_1453	?a direction FOR => ?a operation PERFORM	mcdonagh-2023-esc-guidelines_n0039/na_0012 direction FOR => mcdonagh-2023-esc-guidelines_n0039/na_0012 operation PERFORM
Rule_1453	?a direction FOR => ?a operation PERFORM	maddox-2021-2021-update-to-the-2017-acc-expert-consensus-decision-pathwa_n0014/na_0005 direction FOR => maddox-2021-2021-update-to-the-2017-acc-expert-consensus-decision-pathwa_n0014/na_0005 operation PERFORM
Rule_1453	?a direction FOR => ?a operation PERFORM	visseren-2021-esc-guidelines-cardiovascular-disease-prevention_n0069/na_0002 direction FOR => visseren-2021-esc-guidelines-cardiovascular-disease-prevention_n0069/na_0002 operation PERFORM
Rule_1453	?a direction FOR => ?a operation PERFORM	piepoli-2011-exercise-training-in-heart-failure_n0004/na_0013 direction FOR => piepoli-2011-exercise-training-in-heart-failure_n0004/na_0013 operation PERFORM
Rule_1453	?a direction FOR => ?a operation PERFORM	pedretti-2021-comprehensive-multicomponent-cardiac-rehabilitation-in-car_n0004/na_0001 direction FOR => pedretti-2021-comprehensive-multicomponent-cardiac-rehabilitation-in-car_n0004/na_0001 operation PERFORM
Rule_1453	?a direction FOR => ?a operation PERFORM	heidenreich-2022-aha-acc-hfsa-guidelines_n0021/na_0002 direction FOR => heidenreich-2022-aha-acc-hfsa-guidelines_n0021/na_0002 operation PERFORM
Rule_1453	?a direction FOR => ?a operation PERFORM	van-diepen-2017-contemporary-management-of-cardiogenic-shock_n0007/na_0004 direction FOR => van-diepen-2017-contemporary-management-of-cardiogenic-shock_n0007/na_0004 operation PERFORM
Rule_1453	?a direction FOR => ?a operation PERFORM	regitz-zagrosek-2018-2018-esc-guideline-for-the-management-of-cardiovasc_n0048/na_0007 direction FOR => regitz-zagrosek-2018-2018-esc-guideline-for-the-management-of-cardiovasc_n0048/na_0007 operation PERFORM
Rule_1453	?a direction FOR => ?a operation PERFORM	zeppenfeld-2022-esc-guidelines-va-and-scd_n0067/na_0007 direction FOR => zeppenfeld-2022-esc-guidelines-va-and-scd_n0067/na_0007 operation PERFORM
Rule_1453	?a direction FOR => ?a operation PERFORM	zeppenfeld-2022-esc-guidelines-va-and-scd_n0042/na_0003 direction FOR => zeppenfeld-2022-esc-guidelines-va-and-scd_n0042/na_0003 operation PERFORM
Rule_1453	?a direction FOR => ?a operation PERFORM	glikson-2021-2021-esc-guidelines-on-cardiac-pacing-and-cardiac-resynchro_n0064/na_0002 direction FOR => glikson-2021-2021-esc-guidelines-on-cardiac-pacing-and-cardiac-resynchro_n0064/na_0002 operation PERFORM
Rule_1453	?a direction FOR => ?a operation PERFORM	ambrosetti-2020-secondary-prevention-comprehensive-cardiovascular-rehabi_n0001/na_0008 direction FOR => ambrosetti-2020-secondary-prevention-comprehensive-cardiovascular-rehabi_n0001/na_0008 operation PERFORM
Rule_1453	?a direction FOR => ?a operation PERFORM	heidenreich-2022-aha-acc-hfsa-guidelines_n0091/na_0002 direction FOR => heidenreich-2022-aha-acc-hfsa-guidelines_n0091/na_0002 operation PERFORM
Rule_1453	?a direction FOR => ?a operation PERFORM	mcdonagh-2023-esc-guidelines_n0084/na_0012 direction FOR => mcdonagh-2023-esc-guidelines_n0084/na_0012 operation PERFORM
Rule_1453	?a direction FOR => ?a operation PERFORM	pelliccia-2020-2020-esc-guidelines-on-sports-cardiology-and-exercise-in_n0075/na_0005 direction FOR => pelliccia-2020-2020-esc-guidelines-on-sports-cardiology-and-exercise-in_n0075/na_0005 operation PERFORM
Rule_1453	?a direction FOR => ?a operation PERFORM	pelliccia-2020-2020-esc-guidelines-on-sports-cardiology-and-exercise-in_n0068/na_0002 direction FOR => pelliccia-2020-2020-esc-guidelines-on-sports-cardiology-and-exercise-in_n0068/na_0002 operation PERFORM
Rule_1453	?a direction FOR => ?a operation PERFORM	visseren-2021-esc-guidelines-cardiovascular-disease-prevention_n0029/na_0003 direction FOR => visseren-2021-esc-guidelines-cardiovascular-disease-prevention_n0029/na_0003 operation PERFORM
Rule_1453	?a direction FOR => ?a operation PERFORM	al-khatib-2017-aha-acc-hrs-guideline-va-and-scd_n0045/na_0002 direction FOR => al-khatib-2017-aha-acc-hrs-guideline-va-and-scd_n0045/na_0002 operation PERFORM
Rule_1453	?a direction FOR => ?a operation PERFORM	mcdonagh-2023-esc-guidelines_n0021/na_0013 direction FOR => mcdonagh-2023-esc-guidelines_n0021/na_0013 operation PERFORM
Rule_1453	?a direction FOR => ?a operation PERFORM	glikson-2021-2021-esc-guidelines-on-cardiac-pacing-and-cardiac-resynchro_n0035/na_0002 direction FOR => glikson-2021-2021-esc-guidelines-on-cardiac-pacing-and-cardiac-resynchro_n0035/na_0002 operation PERFORM
Rule_1453	?a direction FOR => ?a operation PERFORM	ambrosetti-2020-secondary-prevention-comprehensive-cardiovascular-rehabi_n0012/na_0008 direction FOR => ambrosetti-2020-secondary-prevention-comprehensive-cardiovascular-rehabi_n0012/na_0008 operation PERFORM
Rule_1453	?a direction FOR => ?a operation PERFORM	pelliccia-2020-2020-esc-guidelines-on-sports-cardiology-and-exercise-in_n0039/na_0003 direction FOR => pelliccia-2020-2020-esc-guidelines-on-sports-cardiology-and-exercise-in_n0039/na_0003 operation PERFORM
Rule_1453	?a direction FOR => ?a operation PERFORM	su_verified_0074e29f31a1f0feb082e0064bee46f60bf6b5ae3f8703d1231341374ed97e52_table_1/na_0023 direction FOR => su_verified_0074e29f31a1f0feb082e0064bee46f60bf6b5ae3f8703d1231341374ed97e52_table_1/na_0023 operation PERFORM
Rule_1453	?a direction FOR => ?a operation PERFORM	piepoli-2011-exercise-training-in-heart-failure_n0003/na_0040 direction FOR => piepoli-2011-exercise-training-in-heart-failure_n0003/na_0040 operation PERFORM
Rule_1453	?a direction FOR => ?a operation PERFORM	zeppenfeld-2022-esc-guidelines-va-and-scd_n0018/na_0026 direction FOR => zeppenfeld-2022-esc-guidelines-va-and-scd_n0018/na_0026 operation PERFORM
Rule_1453	?a direction FOR => ?a operation PERFORM	al-khatib-2017-aha-acc-hrs-guideline-va-and-scd_n0035/na_0003 direction FOR => al-khatib-2017-aha-acc-hrs-guideline-va-and-scd_n0035/na_0003 operation PERFORM
Rule_1453	?a direction FOR => ?a operation PERFORM	pelliccia-2020-2020-esc-guidelines-on-sports-cardiology-and-exercise-in_n0027/na_0002 direction FOR => pelliccia-2020-2020-esc-guidelines-on-sports-cardiology-and-exercise-in_n0027/na_0002 operation PERFORM
Rule_1453	?a direction FOR => ?a operation PERFORM	mcdonagh-2023-esc-guidelines_n0031/na_0008 direction FOR => mcdonagh-2023-esc-guidelines_n0031/na_0008 operation PERFORM
Rule_1453	?a direction FOR => ?a operation PERFORM	pelliccia-2020-2020-esc-guidelines-on-sports-cardiology-and-exercise-in_n0077/na_0003 direction FOR => pelliccia-2020-2020-esc-guidelines-on-sports-cardiology-and-exercise-in_n0077/na_0003 operation PERFORM
Rule_1453	?a direction FOR => ?a operation PERFORM	mcdonagh-2023-esc-guidelines_n0039/na_0002 direction FOR => mcdonagh-2023-esc-guidelines_n0039/na_0002 operation PERFORM
Rule_1453	?a direction FOR => ?a operation PERFORM	glikson-2021-2021-esc-guidelines-on-cardiac-pacing-and-cardiac-resynchro_n0020/na_0056 direction FOR => glikson-2021-2021-esc-guidelines-on-cardiac-pacing-and-cardiac-resynchro_n0020/na_0056 operation PERFORM
Rule_1453	?a direction FOR => ?a operation PERFORM	pelliccia-2020-2020-esc-guidelines-on-sports-cardiology-and-exercise-in_n0074/na_0018 direction FOR => pelliccia-2020-2020-esc-guidelines-on-sports-cardiology-and-exercise-in_n0074/na_0018 operation PERFORM
Rule_1453	?a direction FOR => ?a operation PERFORM	zeppenfeld-2022-esc-guidelines-va-and-scd_n0019/na_0006 direction FOR => zeppenfeld-2022-esc-guidelines-va-and-scd_n0019/na_0006 operation PERFORM
Rule_1453	?a direction FOR => ?a operation PERFORM	ambrosetti-2020-secondary-prevention-comprehensive-cardiovascular-rehabi_n0001/na_0009 direction FOR => ambrosetti-2020-secondary-prevention-comprehensive-cardiovascular-rehabi_n0001/na_0009 operation PERFORM
Rule_1453	?a direction FOR => ?a operation PERFORM	lenarczyk-2024-management-of-patients-with-an-electrical-storm-or-cluste_n0017/na_0008 direction FOR => lenarczyk-2024-management-of-patients-with-an-electrical-storm-or-cluste_n0017/na_0008 operation PERFORM
Rule_1453	?a direction FOR => ?a operation PERFORM	heidenreich-2022-aha-acc-hfsa-guidelines_n0021/na_0005 direction FOR => heidenreich-2022-aha-acc-hfsa-guidelines_n0021/na_0005 operation PERFORM
Rule_1453	?a direction FOR => ?a operation PERFORM	zeppenfeld-2022-esc-guidelines-va-and-scd_n0062/na_0009 direction FOR => zeppenfeld-2022-esc-guidelines-va-and-scd_n0062/na_0009 operation PERFORM
Rule_1453	?a direction FOR => ?a operation PERFORM	mcdonagh-2023-esc-guidelines_n0076/na_0004 direction FOR => mcdonagh-2023-esc-guidelines_n0076/na_0004 operation PERFORM
Rule_1453	?a direction FOR => ?a operation PERFORM	heidenreich-2022-aha-acc-hfsa-guidelines_n0040/na_0001 direction FOR => heidenreich-2022-aha-acc-hfsa-guidelines_n0040/na_0001 operation PERFORM
Rule_1453	?a direction FOR => ?a operation PERFORM	seb24c-1_n0001/na_0013 direction FOR => seb24c-1_n0001/na_0013 operation PERFORM
Rule_1453	?a direction FOR => ?a operation PERFORM	mcdonagh-2023-esc-guidelines_n0055/na_0048 direction FOR => mcdonagh-2023-esc-guidelines_n0055/na_0048 operation PERFORM
Rule_1453	?a direction FOR => ?a operation PERFORM	su_verified_0074e29f31a1f0feb082e0064bee46f60bf6b5ae3f8703d1231341374ed97e52_table_1/na_0085 direction FOR => su_verified_0074e29f31a1f0feb082e0064bee46f60bf6b5ae3f8703d1231341374ed97e52_table_1/na_0085 operation PERFORM
Rule_1453	?a direction FOR => ?a operation PERFORM	mcdonagh-2023-esc-guidelines_n0020/na_0002 direction FOR => mcdonagh-2023-esc-guidelines_n0020/na_0002 operation PERFORM
Rule_1453	?a direction FOR => ?a operation PERFORM	morris-2021-guidance-for-timely-and-appropriate-referral-of-patients-wit_n0002/na_0007 direction FOR => morris-2021-guidance-for-timely-and-appropriate-referral-of-patients-wit_n0002/na_0007 operation PERFORM
Rule_1453	?a direction FOR => ?a operation PERFORM	piepoli-2011-exercise-training-in-heart-failure_n0003/na_0013 direction FOR => piepoli-2011-exercise-training-in-heart-failure_n0003/na_0013 operation PERFORM
Rule_1453	?a direction FOR => ?a operation PERFORM	zeppenfeld-2022-esc-guidelines-va-and-scd_n0067/na_0003 direction FOR => zeppenfeld-2022-esc-guidelines-va-and-scd_n0067/na_0003 operation PERFORM
Rule_1453	?a direction FOR => ?a operation PERFORM	pelliccia-2020-2020-esc-guidelines-on-sports-cardiology-and-exercise-in_n0076/na_0001 direction FOR => pelliccia-2020-2020-esc-guidelines-on-sports-cardiology-and-exercise-in_n0076/na_0001 operation PERFORM
Rule_1453	?a direction FOR => ?a operation PERFORM	pelliccia-2020-2020-esc-guidelines-on-sports-cardiology-and-exercise-in_n0053/na_0002 direction FOR => pelliccia-2020-2020-esc-guidelines-on-sports-cardiology-and-exercise-in_n0053/na_0002 operation PERFORM
Rule_1453	?a direction FOR => ?a operation PERFORM	al-khatib-2017-aha-acc-hrs-guideline-va-and-scd_n0043/na_0009 direction FOR => al-khatib-2017-aha-acc-hrs-guideline-va-and-scd_n0043/na_0009 operation PERFORM
Rule_1453	?a direction FOR => ?a operation PERFORM	zeppenfeld-2022-esc-guidelines-va-and-scd_n0018/na_0023 direction FOR => zeppenfeld-2022-esc-guidelines-va-and-scd_n0018/na_0023 operation PERFORM
Rule_1453	?a direction FOR => ?a operation PERFORM	glikson-2021-2021-esc-guidelines-on-cardiac-pacing-and-cardiac-resynchro_n0020/na_0057 direction FOR => glikson-2021-2021-esc-guidelines-on-cardiac-pacing-and-cardiac-resynchro_n0020/na_0057 operation PERFORM
Rule_1453	?a direction FOR => ?a operation PERFORM	execut-1_n0040/na_0011 direction FOR => execut-1_n0040/na_0011 operation PERFORM
Rule_1453	?a direction FOR => ?a operation PERFORM	zeppenfeld-2022-esc-guidelines-va-and-scd_n0091/na_0018 direction FOR => zeppenfeld-2022-esc-guidelines-va-and-scd_n0091/na_0018 operation PERFORM
Rule_1453	?a direction FOR => ?a operation PERFORM	mcdonagh-2023-esc-guidelines_n0024/na_0005 direction FOR => mcdonagh-2023-esc-guidelines_n0024/na_0005 operation PERFORM
Rule_1453	?a direction FOR => ?a operation PERFORM	zeppenfeld-2022-esc-guidelines-va-and-scd_n0093/na_0014 direction FOR => zeppenfeld-2022-esc-guidelines-va-and-scd_n0093/na_0014 operation PERFORM
Rule_1453	?a direction FOR => ?a operation PERFORM	pelliccia-2020-2020-esc-guidelines-on-sports-cardiology-and-exercise-in_n0075/na_0018 direction FOR => pelliccia-2020-2020-esc-guidelines-on-sports-cardiology-and-exercise-in_n0075/na_0018 operation PERFORM
Rule_1453	?a direction FOR => ?a operation PERFORM	zeppenfeld-2022-esc-guidelines-va-and-scd_n0084/na_0001 direction FOR => zeppenfeld-2022-esc-guidelines-va-and-scd_n0084/na_0001 operation PERFORM
Rule_1453	?a direction FOR => ?a operation PERFORM	sectio-1_n0006/na_0023 direction FOR => sectio-1_n0006/na_0023 operation PERFORM
Rule_1453	?a direction FOR => ?a operation PERFORM	sectio-1_n0022/na_0014 direction FOR => sectio-1_n0022/na_0014 operation PERFORM
Rule_1453	?a direction FOR => ?a operation PERFORM	al-khatib-2017-aha-acc-hrs-guideline-va-and-scd_n0035/na_0001 direction FOR => al-khatib-2017-aha-acc-hrs-guideline-va-and-scd_n0035/na_0001 operation PERFORM
Rule_1453	?a direction FOR => ?a operation PERFORM	pelliccia-2020-2020-esc-guidelines-on-sports-cardiology-and-exercise-in_n0040/na_0003 direction FOR => pelliccia-2020-2020-esc-guidelines-on-sports-cardiology-and-exercise-in_n0040/na_0003 operation PERFORM
Rule_1453	?a direction FOR => ?a operation PERFORM	zeppenfeld-2022-esc-guidelines-va-and-scd_n0017/na_0016 direction FOR => zeppenfeld-2022-esc-guidelines-va-and-scd_n0017/na_0016 operation PERFORM
Rule_1453	?a direction FOR => ?a operation PERFORM	piepoli-2011-exercise-training-in-heart-failure_n0003/na_0033 direction FOR => piepoli-2011-exercise-training-in-heart-failure_n0003/na_0033 operation PERFORM
Rule_1453	?a direction FOR => ?a operation PERFORM	heidenreich-2022-aha-acc-hfsa-guidelines_n0021/na_0001 direction FOR => heidenreich-2022-aha-acc-hfsa-guidelines_n0021/na_0001 operation PERFORM
Rule_1453	?a direction FOR => ?a operation PERFORM	zeppenfeld-2022-esc-guidelines-va-and-scd_n0081/na_0010 direction FOR => zeppenfeld-2022-esc-guidelines-va-and-scd_n0081/na_0010 operation PERFORM
Rule_1453	?a direction FOR => ?a operation PERFORM	mcdonagh-2023-esc-guidelines_n0083/na_0003 direction FOR => mcdonagh-2023-esc-guidelines_n0083/na_0003 operation PERFORM
Rule_1453	?a direction FOR => ?a operation PERFORM	execut-1_n0044/na_0003 direction FOR => execut-1_n0044/na_0003 operation PERFORM
Rule_1453	?a direction FOR => ?a operation PERFORM	regitz-zagrosek-2018-2018-esc-guideline-for-the-management-of-cardiovasc_n0025/na_0009 direction FOR => regitz-zagrosek-2018-2018-esc-guideline-for-the-management-of-cardiovasc_n0025/na_0009 operation PERFORM
Rule_1453	?a direction FOR => ?a operation PERFORM	glikson-2021-2021-esc-guidelines-on-cardiac-pacing-and-cardiac-resynchro_n0064/na_0301 direction FOR => glikson-2021-2021-esc-guidelines-on-cardiac-pacing-and-cardiac-resynchro_n0064/na_0301 operation PERFORM
Rule_1453	?a direction FOR => ?a operation PERFORM	zeppenfeld-2022-esc-guidelines-va-and-scd_n0032/na_0006 direction FOR => zeppenfeld-2022-esc-guidelines-va-and-scd_n0032/na_0006 operation PERFORM
Rule_1453	?a direction FOR => ?a operation PERFORM	glikson-2021-2021-esc-guidelines-on-cardiac-pacing-and-cardiac-resynchro_n0061/na_0010 direction FOR => glikson-2021-2021-esc-guidelines-on-cardiac-pacing-and-cardiac-resynchro_n0061/na_0010 operation PERFORM
Rule_1453	?a direction FOR => ?a operation PERFORM	vest-2019-nutrition-obesity-and-cachexia-in-patients-with-heart-failure_n0001/na_0050 direction FOR => vest-2019-nutrition-obesity-and-cachexia-in-patients-with-heart-failure_n0001/na_0050 operation PERFORM
Rule_1453	?a direction FOR => ?a operation PERFORM	zeppenfeld-2022-esc-guidelines-va-and-scd_n0054/na_0003 direction FOR => zeppenfeld-2022-esc-guidelines-va-and-scd_n0054/na_0003 operation PERFORM
Rule_1453	?a direction FOR => ?a operation PERFORM	mcdonagh-2023-esc-guidelines_n0067/na_0006 direction FOR => mcdonagh-2023-esc-guidelines_n0067/na_0006 operation PERFORM
Rule_1453	?a direction FOR => ?a operation PERFORM	piepoli-2011-exercise-training-in-heart-failure_n0003/na_0028 direction FOR => piepoli-2011-exercise-training-in-heart-failure_n0003/na_0028 operation PERFORM
Rule_1453	?a direction FOR => ?a operation PERFORM	glikson-2021-2021-esc-guidelines-on-cardiac-pacing-and-cardiac-resynchro_n0020/na_0046 direction FOR => glikson-2021-2021-esc-guidelines-on-cardiac-pacing-and-cardiac-resynchro_n0020/na_0046 operation PERFORM
Rule_1453	?a direction FOR => ?a operation PERFORM	seb24c-1_n0002/na_0014 direction FOR => seb24c-1_n0002/na_0014 operation PERFORM
Rule_1453	?a direction FOR => ?a operation PERFORM	zeppenfeld-2022-esc-guidelines-va-and-scd_n0020/na_0013 direction FOR => zeppenfeld-2022-esc-guidelines-va-and-scd_n0020/na_0013 operation PERFORM
Rule_1453	?a direction FOR => ?a operation PERFORM	al-khatib-2017-aha-acc-hrs-guideline-va-and-scd_n0044/na_0007 direction FOR => al-khatib-2017-aha-acc-hrs-guideline-va-and-scd_n0044/na_0007 operation PERFORM
Rule_1453	?a direction FOR => ?a operation PERFORM	execut-1_n0027/na_0004 direction FOR => execut-1_n0027/na_0004 operation PERFORM
Rule_1453	?a direction FOR => ?a operation PERFORM	sectio-1_n0010/na_0015 direction FOR => sectio-1_n0010/na_0015 operation PERFORM
Rule_1453	?a direction FOR => ?a operation PERFORM	mcdonagh-2023-esc-guidelines_n0084/na_0004 direction FOR => mcdonagh-2023-esc-guidelines_n0084/na_0004 operation PERFORM
Rule_1453	?a direction FOR => ?a operation PERFORM	pelliccia-2020-2020-esc-guidelines-on-sports-cardiology-and-exercise-in_n0074/na_0005 direction FOR => pelliccia-2020-2020-esc-guidelines-on-sports-cardiology-and-exercise-in_n0074/na_0005 operation PERFORM
Rule_1453	?a direction FOR => ?a operation PERFORM	zeppenfeld-2022-esc-guidelines-va-and-scd_n0054/na_0010 direction FOR => zeppenfeld-2022-esc-guidelines-va-and-scd_n0054/na_0010 operation PERFORM
Rule_1453	?a direction FOR => ?a operation PERFORM	glikson-2021-2021-esc-guidelines-on-cardiac-pacing-and-cardiac-resynchro_n0020/na_0047 direction FOR => glikson-2021-2021-esc-guidelines-on-cardiac-pacing-and-cardiac-resynchro_n0020/na_0047 operation PERFORM
Rule_1453	?a direction FOR => ?a operation PERFORM	lenarczyk-2024-management-of-patients-with-an-electrical-storm-or-cluste_n0010/na_0015 direction FOR => lenarczyk-2024-management-of-patients-with-an-electrical-storm-or-cluste_n0010/na_0015 operation PERFORM
Rule_1453	?a direction FOR => ?a operation PERFORM	execut-1_n0043/na_0024 direction FOR => execut-1_n0043/na_0024 operation PERFORM
Rule_1453	?a direction FOR => ?a operation PERFORM	glikson-2021-2021-esc-guidelines-on-cardiac-pacing-and-cardiac-resynchro_n0057/na_0101 direction FOR => glikson-2021-2021-esc-guidelines-on-cardiac-pacing-and-cardiac-resynchro_n0057/na_0101 operation PERFORM
Rule_1453	?a direction FOR => ?a operation PERFORM	zeppenfeld-2022-esc-guidelines-va-and-scd_n0075/na_0007 direction FOR => zeppenfeld-2022-esc-guidelines-va-and-scd_n0075/na_0007 operation PERFORM
Rule_1453	?a direction FOR => ?a operation PERFORM	lenarczyk-2024-management-of-patients-with-an-electrical-storm-or-cluste_n0017/na_0006 direction FOR => lenarczyk-2024-management-of-patients-with-an-electrical-storm-or-cluste_n0017/na_0006 operation PERFORM
Rule_1453	?a direction FOR => ?a operation PERFORM	glikson-2021-2021-esc-guidelines-on-cardiac-pacing-and-cardiac-resynchro_n0084/na_0004 direction FOR => glikson-2021-2021-esc-guidelines-on-cardiac-pacing-and-cardiac-resynchro_n0084/na_0004 operation PERFORM
Rule_1453	?a direction FOR => ?a operation PERFORM	regitz-zagrosek-2018-2018-esc-guideline-for-the-management-of-cardiovasc_n0029/na_0012 direction FOR => regitz-zagrosek-2018-2018-esc-guideline-for-the-management-of-cardiovasc_n0029/na_0012 operation PERFORM
Rule_1453	?a direction FOR => ?a operation PERFORM	glikson-2021-2021-esc-guidelines-on-cardiac-pacing-and-cardiac-resynchro_n0086/na_0004 direction FOR => glikson-2021-2021-esc-guidelines-on-cardiac-pacing-and-cardiac-resynchro_n0086/na_0004 operation PERFORM
Rule_1453	?a direction FOR => ?a operation PERFORM	zeppenfeld-2022-esc-guidelines-va-and-scd_n0036/na_0004 direction FOR => zeppenfeld-2022-esc-guidelines-va-and-scd_n0036/na_0004 operation PERFORM
Rule_1453	?a direction FOR => ?a operation PERFORM	heidenreich-2022-aha-acc-hfsa-guidelines_n0025/na_0005 direction FOR => heidenreich-2022-aha-acc-hfsa-guidelines_n0025/na_0005 operation PERFORM
Rule_1453	?a direction FOR => ?a operation PERFORM	sectio-1_n0022/na_0022 direction FOR => sectio-1_n0022/na_0022 operation PERFORM
Rule_1453	?a direction FOR => ?a operation PERFORM	zeppenfeld-2022-esc-guidelines-va-and-scd_n0018/na_0029 direction FOR => zeppenfeld-2022-esc-guidelines-va-and-scd_n0018/na_0029 operation PERFORM
Rule_1453	?a direction FOR => ?a operation PERFORM	zeppenfeld-2022-esc-guidelines-va-and-scd_n0036/na_0020 direction FOR => zeppenfeld-2022-esc-guidelines-va-and-scd_n0036/na_0020 operation PERFORM
Rule_1453	?a direction FOR => ?a operation PERFORM	heidenreich-2022-aha-acc-hfsa-guidelines_n0033/na_0005 direction FOR => heidenreich-2022-aha-acc-hfsa-guidelines_n0033/na_0005 operation PERFORM
Rule_1453	?a direction FOR => ?a operation PERFORM	visseren-2021-esc-guidelines-cardiovascular-disease-prevention_n0064/na_0002 direction FOR => visseren-2021-esc-guidelines-cardiovascular-disease-prevention_n0064/na_0002 operation PERFORM
Rule_1453	?a direction FOR => ?a operation PERFORM	pelliccia-2020-2020-esc-guidelines-on-sports-cardiology-and-exercise-in_n0073/na_0001 direction FOR => pelliccia-2020-2020-esc-guidelines-on-sports-cardiology-and-exercise-in_n0073/na_0001 operation PERFORM
Rule_1453	?a direction FOR => ?a operation PERFORM	zeppenfeld-2022-esc-guidelines-va-and-scd_n0019/na_0007 direction FOR => zeppenfeld-2022-esc-guidelines-va-and-scd_n0019/na_0007 operation PERFORM
Rule_1453	?a direction FOR => ?a operation PERFORM	sectio-1_n0012/na_0001 direction FOR => sectio-1_n0012/na_0001 operation PERFORM
Rule_1453	?a direction FOR => ?a operation PERFORM	zeppenfeld-2022-esc-guidelines-va-and-scd_n0055/na_0003 direction FOR => zeppenfeld-2022-esc-guidelines-va-and-scd_n0055/na_0003 operation PERFORM
Rule_1453	?a direction FOR => ?a operation PERFORM	glikson-2021-2021-esc-guidelines-on-cardiac-pacing-and-cardiac-resynchro_n0036/na_0001 direction FOR => glikson-2021-2021-esc-guidelines-on-cardiac-pacing-and-cardiac-resynchro_n0036/na_0001 operation PERFORM
Rule_1453	?a direction FOR => ?a operation PERFORM	glikson-2021-2021-esc-guidelines-on-cardiac-pacing-and-cardiac-resynchro_n0037/na_0001 direction FOR => glikson-2021-2021-esc-guidelines-on-cardiac-pacing-and-cardiac-resynchro_n0037/na_0001 operation PERFORM
Rule_1453	?a direction FOR => ?a operation PERFORM	sectio-1_n0006/na_0012 direction FOR => sectio-1_n0006/na_0012 operation PERFORM
Rule_1453	?a direction FOR => ?a operation PERFORM	al-khatib-2017-aha-acc-hrs-guideline-va-and-scd_n0069/na_0002 direction FOR => al-khatib-2017-aha-acc-hrs-guideline-va-and-scd_n0069/na_0002 operation PERFORM
Rule_1453	?a direction FOR => ?a operation PERFORM	zeppenfeld-2022-esc-guidelines-va-and-scd_n0082/na_0005 direction FOR => zeppenfeld-2022-esc-guidelines-va-and-scd_n0082/na_0005 operation PERFORM
Rule_1453	?a direction FOR => ?a operation PERFORM	al-khatib-2017-aha-acc-hrs-guideline-va-and-scd_n0031/na_0001 direction FOR => al-khatib-2017-aha-acc-hrs-guideline-va-and-scd_n0031/na_0001 operation PERFORM
Rule_1453	?a direction FOR => ?a operation PERFORM	glikson-2021-2021-esc-guidelines-on-cardiac-pacing-and-cardiac-resynchro_n0085/na_0005 direction FOR => glikson-2021-2021-esc-guidelines-on-cardiac-pacing-and-cardiac-resynchro_n0085/na_0005 operation PERFORM
Rule_1453	?a direction FOR => ?a operation PERFORM	zeppenfeld-2022-esc-guidelines-va-and-scd_n0022/na_0006 direction FOR => zeppenfeld-2022-esc-guidelines-va-and-scd_n0022/na_0006 operation PERFORM
Rule_1453	?a direction FOR => ?a operation PERFORM	van-diepen-2017-contemporary-management-of-cardiogenic-shock_n0008/na_9000 direction FOR => van-diepen-2017-contemporary-management-of-cardiogenic-shock_n0008/na_9000 operation PERFORM
Rule_1453	?a direction FOR => ?a operation PERFORM	glikson-2021-2021-esc-guidelines-on-cardiac-pacing-and-cardiac-resynchro_n0020/na_0037 direction FOR => glikson-2021-2021-esc-guidelines-on-cardiac-pacing-and-cardiac-resynchro_n0020/na_0037 operation PERFORM
Rule_1453	?a direction FOR => ?a operation PERFORM	glikson-2021-2021-esc-guidelines-on-cardiac-pacing-and-cardiac-resynchro_n0064/na_0302 direction FOR => glikson-2021-2021-esc-guidelines-on-cardiac-pacing-and-cardiac-resynchro_n0064/na_0302 operation PERFORM
Rule_1453	?a direction FOR => ?a operation PERFORM	glikson-2021-2021-esc-guidelines-on-cardiac-pacing-and-cardiac-resynchro_n0085/na_0020 direction FOR => glikson-2021-2021-esc-guidelines-on-cardiac-pacing-and-cardiac-resynchro_n0085/na_0020 operation PERFORM
Rule_1453	?a direction FOR => ?a operation PERFORM	su_verified_0074e29f31a1f0feb082e0064bee46f60bf6b5ae3f8703d1231341374ed97e52_table_1/na_0032 direction FOR => su_verified_0074e29f31a1f0feb082e0064bee46f60bf6b5ae3f8703d1231341374ed97e52_table_1/na_0032 operation PERFORM
Rule_1453	?a direction FOR => ?a operation PERFORM	visseren-2021-esc-guidelines-cardiovascular-disease-prevention_n0056/na_0006 direction FOR => visseren-2021-esc-guidelines-cardiovascular-disease-prevention_n0056/na_0006 operation PERFORM
Rule_1453	?a direction FOR => ?a operation PERFORM	glikson-2021-2021-esc-guidelines-on-cardiac-pacing-and-cardiac-resynchro_n0020/na_0029 direction FOR => glikson-2021-2021-esc-guidelines-on-cardiac-pacing-and-cardiac-resynchro_n0020/na_0029 operation PERFORM
Rule_1453	?a direction FOR => ?a operation PERFORM	zeppenfeld-2022-esc-guidelines-va-and-scd_n0086/na_0001 direction FOR => zeppenfeld-2022-esc-guidelines-va-and-scd_n0086/na_0001 operation PERFORM
Rule_1453	?a direction FOR => ?a operation PERFORM	piepoli-2011-exercise-training-in-heart-failure_n0003/na_0037 direction FOR => piepoli-2011-exercise-training-in-heart-failure_n0003/na_0037 operation PERFORM
Rule_1453	?a direction FOR => ?a operation PERFORM	zeppenfeld-2022-esc-guidelines-va-and-scd_n0080/na_0003 direction FOR => zeppenfeld-2022-esc-guidelines-va-and-scd_n0080/na_0003 operation PERFORM
Rule_1453	?a direction FOR => ?a operation PERFORM	mcdonagh-2023-esc-guidelines_n0075/na_0002 direction FOR => mcdonagh-2023-esc-guidelines_n0075/na_0002 operation PERFORM
Rule_1453	?a direction FOR => ?a operation PERFORM	sectio-1_n0028/na_0009 direction FOR => sectio-1_n0028/na_0009 operation PERFORM
Rule_1453	?a direction FOR => ?a operation PERFORM	al-khatib-2017-aha-acc-hrs-guideline-va-and-scd_n0046/na_0001 direction FOR => al-khatib-2017-aha-acc-hrs-guideline-va-and-scd_n0046/na_0001 operation PERFORM
Rule_1453	?a direction FOR => ?a operation PERFORM	zeppenfeld-2022-esc-guidelines-va-and-scd_n0035/na_0003 direction FOR => zeppenfeld-2022-esc-guidelines-va-and-scd_n0035/na_0003 operation PERFORM
Rule_1453	?a direction FOR => ?a operation PERFORM	mcdonagh-2023-esc-guidelines_n0084/na_0011 direction FOR => mcdonagh-2023-esc-guidelines_n0084/na_0011 operation PERFORM
Rule_1453	?a direction FOR => ?a operation PERFORM	vest-2019-nutrition-obesity-and-cachexia-in-patients-with-heart-failure_n0001/na_0051 direction FOR => vest-2019-nutrition-obesity-and-cachexia-in-patients-with-heart-failure_n0001/na_0051 operation PERFORM
Rule_1453	?a direction FOR => ?a operation PERFORM	zeppenfeld-2022-esc-guidelines-va-and-scd_n0096/na_0001 direction FOR => zeppenfeld-2022-esc-guidelines-va-and-scd_n0096/na_0001 operation PERFORM
Rule_1453	?a direction FOR => ?a operation PERFORM	pelliccia-2020-2020-esc-guidelines-on-sports-cardiology-and-exercise-in_n0040/na_0006 direction FOR => pelliccia-2020-2020-esc-guidelines-on-sports-cardiology-and-exercise-in_n0040/na_0006 operation PERFORM
Rule_1453	?a direction FOR => ?a operation PERFORM	mcdonagh-2023-esc-guidelines_n0022/na_0017 direction FOR => mcdonagh-2023-esc-guidelines_n0022/na_0017 operation PERFORM
Rule_1453	?a direction FOR => ?a operation PERFORM	glikson-2021-2021-esc-guidelines-on-cardiac-pacing-and-cardiac-resynchro_n0085/na_0021 direction FOR => glikson-2021-2021-esc-guidelines-on-cardiac-pacing-and-cardiac-resynchro_n0085/na_0021 operation PERFORM
Rule_1453	?a direction FOR => ?a operation PERFORM	al-khatib-2017-aha-acc-hrs-guideline-va-and-scd_n0042/na_0004 direction FOR => al-khatib-2017-aha-acc-hrs-guideline-va-and-scd_n0042/na_0004 operation PERFORM
Rule_1453	?a direction FOR => ?a operation PERFORM	pelliccia-2020-2020-esc-guidelines-on-sports-cardiology-and-exercise-in_n0040/na_0007 direction FOR => pelliccia-2020-2020-esc-guidelines-on-sports-cardiology-and-exercise-in_n0040/na_0007 operation PERFORM
Rule_1453	?a direction FOR => ?a operation PERFORM	heidenreich-2022-aha-acc-hfsa-guidelines_n0021/na_0004 direction FOR => heidenreich-2022-aha-acc-hfsa-guidelines_n0021/na_0004 operation PERFORM
Rule_1453	?a direction FOR => ?a operation PERFORM	zeppenfeld-2022-esc-guidelines-va-and-scd_n0020/na_0011 direction FOR => zeppenfeld-2022-esc-guidelines-va-and-scd_n0020/na_0011 operation PERFORM
Rule_1453	?a direction FOR => ?a operation PERFORM	vijgen-2009-updated-recommendations-for-driving-by-patients-with-implant_n0005/na_0003 direction FOR => vijgen-2009-updated-recommendations-for-driving-by-patients-with-implant_n0005/na_0003 operation PERFORM
Rule_1453	?a direction FOR => ?a operation PERFORM	regitz-zagrosek-2018-2018-esc-guideline-for-the-management-of-cardiovasc_n0017/na_0001 direction FOR => regitz-zagrosek-2018-2018-esc-guideline-for-the-management-of-cardiovasc_n0017/na_0001 operation PERFORM
Rule_1453	?a direction FOR => ?a operation PERFORM	zeppenfeld-2022-esc-guidelines-va-and-scd_n0019/na_0012 direction FOR => zeppenfeld-2022-esc-guidelines-va-and-scd_n0019/na_0012 operation PERFORM
Rule_1453	?a direction FOR => ?a operation PERFORM	zeppenfeld-2022-esc-guidelines-va-and-scd_n0019/na_0044 direction FOR => zeppenfeld-2022-esc-guidelines-va-and-scd_n0019/na_0044 operation PERFORM
Rule_1453	?a direction FOR => ?a operation PERFORM	zeppenfeld-2022-esc-guidelines-va-and-scd_n0019/na_0025 direction FOR => zeppenfeld-2022-esc-guidelines-va-and-scd_n0019/na_0025 operation PERFORM
Rule_1453	?a direction FOR => ?a operation PERFORM	maddox-2021-2021-update-to-the-2017-acc-expert-consensus-decision-pathwa_n0017/na_0039 direction FOR => maddox-2021-2021-update-to-the-2017-acc-expert-consensus-decision-pathwa_n0017/na_0039 operation PERFORM
Rule_1453	?a direction FOR => ?a operation PERFORM	lenarczyk-2024-management-of-patients-with-an-electrical-storm-or-cluste_n0008/na_0011 direction FOR => lenarczyk-2024-management-of-patients-with-an-electrical-storm-or-cluste_n0008/na_0011 operation PERFORM
Rule_1453	?a direction FOR => ?a operation PERFORM	glikson-2021-2021-esc-guidelines-on-cardiac-pacing-and-cardiac-resynchro_n0085/na_0003 direction FOR => glikson-2021-2021-esc-guidelines-on-cardiac-pacing-and-cardiac-resynchro_n0085/na_0003 operation PERFORM
Rule_1453	?a direction FOR => ?a operation PERFORM	glikson-2021-2021-esc-guidelines-on-cardiac-pacing-and-cardiac-resynchro_n0084/na_0002 direction FOR => glikson-2021-2021-esc-guidelines-on-cardiac-pacing-and-cardiac-resynchro_n0084/na_0002 operation PERFORM
Rule_1453	?a direction FOR => ?a operation PERFORM	glikson-2021-2021-esc-guidelines-on-cardiac-pacing-and-cardiac-resynchro_n0020/na_0066 direction FOR => glikson-2021-2021-esc-guidelines-on-cardiac-pacing-and-cardiac-resynchro_n0020/na_0066 operation PERFORM
Rule_1453	?a direction FOR => ?a operation PERFORM	execut-1_n0026/na_0011 direction FOR => execut-1_n0026/na_0011 operation PERFORM
Rule_1453	?a direction FOR => ?a operation PERFORM	visseren-2021-esc-guidelines-cardiovascular-disease-prevention_n0080/na_0009 direction FOR => visseren-2021-esc-guidelines-cardiovascular-disease-prevention_n0080/na_0009 operation PERFORM
Rule_1453	?a direction FOR => ?a operation PERFORM	tsutsui-2023-natriuretic-peptides-role-in-the-diagnosis-and-management-o_n0001/na_0005 direction FOR => tsutsui-2023-natriuretic-peptides-role-in-the-diagnosis-and-management-o_n0001/na_0005 operation PERFORM
Rule_1453	?a direction FOR => ?a operation PERFORM	glikson-2021-2021-esc-guidelines-on-cardiac-pacing-and-cardiac-resynchro_n0051/na_0003 direction FOR => glikson-2021-2021-esc-guidelines-on-cardiac-pacing-and-cardiac-resynchro_n0051/na_0003 operation PERFORM
Rule_1453	?a direction FOR => ?a operation PERFORM	heidenreich-2022-aha-acc-hfsa-guidelines_n0084/na_0001 direction FOR => heidenreich-2022-aha-acc-hfsa-guidelines_n0084/na_0001 operation PERFORM
Rule_1453	?a direction FOR => ?a operation PERFORM	al-khatib-2017-aha-acc-hrs-guideline-va-and-scd_n0044/na_0006 direction FOR => al-khatib-2017-aha-acc-hrs-guideline-va-and-scd_n0044/na_0006 operation PERFORM
Rule_1453	?a direction FOR => ?a operation PERFORM	mcdonagh-2023-esc-guidelines_n0070/na_0001 direction FOR => mcdonagh-2023-esc-guidelines_n0070/na_0001 operation PERFORM
Rule_1453	?a direction FOR => ?a operation PERFORM	pelliccia-2020-2020-esc-guidelines-on-sports-cardiology-and-exercise-in_n0039/na_0005 direction FOR => pelliccia-2020-2020-esc-guidelines-on-sports-cardiology-and-exercise-in_n0039/na_0005 operation PERFORM
Rule_1453	?a direction FOR => ?a operation PERFORM	zeppenfeld-2022-esc-guidelines-va-and-scd_n0063/na_0012 direction FOR => zeppenfeld-2022-esc-guidelines-va-and-scd_n0063/na_0012 operation PERFORM
Rule_1453	?a direction FOR => ?a operation PERFORM	mcdonagh-2023-esc-guidelines_n0039/na_0004 direction FOR => mcdonagh-2023-esc-guidelines_n0039/na_0004 operation PERFORM
Rule_1453	?a direction FOR => ?a operation PERFORM	glikson-2021-2021-esc-guidelines-on-cardiac-pacing-and-cardiac-resynchro_n0023/na_0005 direction FOR => glikson-2021-2021-esc-guidelines-on-cardiac-pacing-and-cardiac-resynchro_n0023/na_0005 operation PERFORM
Rule_1453	?a direction FOR => ?a operation PERFORM	ferrick-2023-2023-hrs-ehra-aphrs-lahrs-expert-consensus-statement-on-pra_n0023/na_0007 direction FOR => ferrick-2023-2023-hrs-ehra-aphrs-lahrs-expert-consensus-statement-on-pra_n0023/na_0007 operation PERFORM
Rule_1453	?a direction FOR => ?a operation PERFORM	zeppenfeld-2022-esc-guidelines-va-and-scd_n0063/na_0006 direction FOR => zeppenfeld-2022-esc-guidelines-va-and-scd_n0063/na_0006 operation PERFORM
Rule_1453	?a direction FOR => ?a operation PERFORM	pelliccia-2020-2020-esc-guidelines-on-sports-cardiology-and-exercise-in_n0054/na_0006 direction FOR => pelliccia-2020-2020-esc-guidelines-on-sports-cardiology-and-exercise-in_n0054/na_0006 operation PERFORM
Rule_1453	?a direction FOR => ?a operation PERFORM	heidenreich-2022-aha-acc-hfsa-guidelines_n0025/na_0003 direction FOR => heidenreich-2022-aha-acc-hfsa-guidelines_n0025/na_0003 operation PERFORM
Rule_1453	?a direction FOR => ?a operation PERFORM	execut-1_n0027/na_0003 direction FOR => execut-1_n0027/na_0003 operation PERFORM
Rule_1453	?a direction FOR => ?a operation PERFORM	mcdonagh-2023-esc-guidelines_n0028/na_0001 direction FOR => mcdonagh-2023-esc-guidelines_n0028/na_0001 operation PERFORM
Rule_1453	?a direction FOR => ?a operation PERFORM	ambrosetti-2020-secondary-prevention-comprehensive-cardiovascular-rehabi_n0001/na_0002 direction FOR => ambrosetti-2020-secondary-prevention-comprehensive-cardiovascular-rehabi_n0001/na_0002 operation PERFORM
Rule_1453	?a direction FOR => ?a operation PERFORM	pelliccia-2020-2020-esc-guidelines-on-sports-cardiology-and-exercise-in_n0041/na_0002 direction FOR => pelliccia-2020-2020-esc-guidelines-on-sports-cardiology-and-exercise-in_n0041/na_0002 operation PERFORM
Rule_1453	?a direction FOR => ?a operation PERFORM	regitz-zagrosek-2018-2018-esc-guideline-for-the-management-of-cardiovasc_n0016/na_0016 direction FOR => regitz-zagrosek-2018-2018-esc-guideline-for-the-management-of-cardiovasc_n0016/na_0016 operation PERFORM
Rule_1453	?a direction FOR => ?a operation PERFORM	piepoli-2011-exercise-training-in-heart-failure_n0003/na_0003 direction FOR => piepoli-2011-exercise-training-in-heart-failure_n0003/na_0003 operation PERFORM
Rule_1453	?a direction FOR => ?a operation PERFORM	al-khatib-2017-aha-acc-hrs-guideline-va-and-scd_n0039/na_0001 direction FOR => al-khatib-2017-aha-acc-hrs-guideline-va-and-scd_n0039/na_0001 operation PERFORM
Rule_1453	?a direction FOR => ?a operation PERFORM	zeppenfeld-2022-esc-guidelines-va-and-scd_n0096/na_0007 direction FOR => zeppenfeld-2022-esc-guidelines-va-and-scd_n0096/na_0007 operation PERFORM
Rule_1453	?a direction FOR => ?a operation PERFORM	ambrosetti-2020-secondary-prevention-comprehensive-cardiovascular-rehabi_n0001/na_0003 direction FOR => ambrosetti-2020-secondary-prevention-comprehensive-cardiovascular-rehabi_n0001/na_0003 operation PERFORM
Rule_1453	?a direction FOR => ?a operation PERFORM	sectio-1_n0006/na_0011 direction FOR => sectio-1_n0006/na_0011 operation PERFORM
Rule_1453	?a direction FOR => ?a operation PERFORM	mcdonagh-2023-esc-guidelines_n0031/na_0012 direction FOR => mcdonagh-2023-esc-guidelines_n0031/na_0012 operation PERFORM
Rule_1453	?a direction FOR => ?a operation PERFORM	zeppenfeld-2022-esc-guidelines-va-and-scd_n0092/na_0008 direction FOR => zeppenfeld-2022-esc-guidelines-va-and-scd_n0092/na_0008 operation PERFORM
Rule_1453	?a direction FOR => ?a operation PERFORM	al-khatib-2017-aha-acc-hrs-guideline-va-and-scd_n0058/na_0004 direction FOR => al-khatib-2017-aha-acc-hrs-guideline-va-and-scd_n0058/na_0004 operation PERFORM
Rule_1453	?a direction FOR => ?a operation PERFORM	glikson-2021-2021-esc-guidelines-on-cardiac-pacing-and-cardiac-resynchro_n0020/na_0027 direction FOR => glikson-2021-2021-esc-guidelines-on-cardiac-pacing-and-cardiac-resynchro_n0020/na_0027 operation PERFORM
Rule_1453	?a direction FOR => ?a operation PERFORM	piepoli-2011-exercise-training-in-heart-failure_n0003/na_0016 direction FOR => piepoli-2011-exercise-training-in-heart-failure_n0003/na_0016 operation PERFORM
Rule_1453	?a direction FOR => ?a operation PERFORM	glikson-2021-2021-esc-guidelines-on-cardiac-pacing-and-cardiac-resynchro_n0020/na_0075 direction FOR => glikson-2021-2021-esc-guidelines-on-cardiac-pacing-and-cardiac-resynchro_n0020/na_0075 operation PERFORM
Rule_1453	?a direction FOR => ?a operation PERFORM	mullens-2019-the-use-of-diuretics-in-heart-failure-with-congestion_n0004/na_0001 direction FOR => mullens-2019-the-use-of-diuretics-in-heart-failure-with-congestion_n0004/na_0001 operation PERFORM
Rule_1453	?a direction FOR => ?a operation PERFORM	glikson-2021-2021-esc-guidelines-on-cardiac-pacing-and-cardiac-resynchro_n0084/na_0005 direction FOR => glikson-2021-2021-esc-guidelines-on-cardiac-pacing-and-cardiac-resynchro_n0084/na_0005 operation PERFORM
Rule_1453	?a direction FOR => ?a operation PERFORM	zeppenfeld-2022-esc-guidelines-va-and-scd_n0075/na_0003 direction FOR => zeppenfeld-2022-esc-guidelines-va-and-scd_n0075/na_0003 operation PERFORM
Rule_1453	?a direction FOR => ?a operation PERFORM	mcdonagh-2023-esc-guidelines_n0063/na_0007 direction FOR => mcdonagh-2023-esc-guidelines_n0063/na_0007 operation PERFORM
Rule_1453	?a direction FOR => ?a operation PERFORM	heidenreich-2022-aha-acc-hfsa-guidelines_n0015/na_0002 direction FOR => heidenreich-2022-aha-acc-hfsa-guidelines_n0015/na_0002 operation PERFORM
Rule_1453	?a direction FOR => ?a operation PERFORM	zeppenfeld-2022-esc-guidelines-va-and-scd_n0094/na_0016 direction FOR => zeppenfeld-2022-esc-guidelines-va-and-scd_n0094/na_0016 operation PERFORM
Rule_1453	?a direction FOR => ?a operation PERFORM	heidenreich-2022-aha-acc-hfsa-guidelines_n0072/na_0001 direction FOR => heidenreich-2022-aha-acc-hfsa-guidelines_n0072/na_0001 operation PERFORM
Rule_1453	?a direction FOR => ?a operation PERFORM	lenarczyk-2024-management-of-patients-with-an-electrical-storm-or-cluste_n0010/na_0009 direction FOR => lenarczyk-2024-management-of-patients-with-an-electrical-storm-or-cluste_n0010/na_0009 operation PERFORM
Rule_1453	?a direction FOR => ?a operation PERFORM	glikson-2021-2021-esc-guidelines-on-cardiac-pacing-and-cardiac-resynchro_n0023/na_0002 direction FOR => glikson-2021-2021-esc-guidelines-on-cardiac-pacing-and-cardiac-resynchro_n0023/na_0002 operation PERFORM
Rule_1453	?a direction FOR => ?a operation PERFORM	zeppenfeld-2022-esc-guidelines-va-and-scd_n0093/na_0021 direction FOR => zeppenfeld-2022-esc-guidelines-va-and-scd_n0093/na_0021 operation PERFORM
Rule_1453	?a direction FOR => ?a operation PERFORM	zeppenfeld-2022-esc-guidelines-va-and-scd_n0017/na_0018 direction FOR => zeppenfeld-2022-esc-guidelines-va-and-scd_n0017/na_0018 operation PERFORM
Rule_1453	?a direction FOR => ?a operation PERFORM	ambrosetti-2020-secondary-prevention-comprehensive-cardiovascular-rehabi_n0016/na_0002 direction FOR => ambrosetti-2020-secondary-prevention-comprehensive-cardiovascular-rehabi_n0016/na_0002 operation PERFORM
Rule_1453	?a direction FOR => ?a operation PERFORM	heidenreich-2022-aha-acc-hfsa-guidelines_n0101/na_0004 direction FOR => heidenreich-2022-aha-acc-hfsa-guidelines_n0101/na_0004 operation PERFORM
Rule_1453	?a direction FOR => ?a operation PERFORM	mcdonagh-2023-esc-guidelines_n0070/na_0003 direction FOR => mcdonagh-2023-esc-guidelines_n0070/na_0003 operation PERFORM
Rule_1453	?a direction FOR => ?a operation PERFORM	zeppenfeld-2022-esc-guidelines-va-and-scd_n0071/na_0001 direction FOR => zeppenfeld-2022-esc-guidelines-va-and-scd_n0071/na_0001 operation PERFORM
Rule_1453	?a direction FOR => ?a operation PERFORM	ambrosetti-2020-secondary-prevention-comprehensive-cardiovascular-rehabi_n0001/na_0035 direction FOR => ambrosetti-2020-secondary-prevention-comprehensive-cardiovascular-rehabi_n0001/na_0035 operation PERFORM
Rule_1453	?a direction FOR => ?a operation PERFORM	al-khatib-2017-aha-acc-hrs-guideline-va-and-scd_n0054/na_0005 direction FOR => al-khatib-2017-aha-acc-hrs-guideline-va-and-scd_n0054/na_0005 operation PERFORM
Rule_1453	?a direction FOR => ?a operation PERFORM	sectio-1_n0023/na_0006 direction FOR => sectio-1_n0023/na_0006 operation PERFORM
Rule_1453	?a direction FOR => ?a operation PERFORM	mullens-2019-the-use-of-diuretics-in-heart-failure-with-congestion_n0005/na_0009 direction FOR => mullens-2019-the-use-of-diuretics-in-heart-failure-with-congestion_n0005/na_0009 operation PERFORM
Rule_1453	?a direction FOR => ?a operation PERFORM	mcdonagh-2023-esc-guidelines_n0084/na_0017 direction FOR => mcdonagh-2023-esc-guidelines_n0084/na_0017 operation PERFORM
Rule_1453	?a direction FOR => ?a operation PERFORM	zeppenfeld-2022-esc-guidelines-va-and-scd_n0085/na_0002 direction FOR => zeppenfeld-2022-esc-guidelines-va-and-scd_n0085/na_0002 operation PERFORM
Rule_1453	?a direction FOR => ?a operation PERFORM	zeppenfeld-2022-esc-guidelines-va-and-scd_n0077/na_0004 direction FOR => zeppenfeld-2022-esc-guidelines-va-and-scd_n0077/na_0004 operation PERFORM
Rule_1453	?a direction FOR => ?a operation PERFORM	heidenreich-2022-aha-acc-hfsa-guidelines_n0022/na_0001 direction FOR => heidenreich-2022-aha-acc-hfsa-guidelines_n0022/na_0001 operation PERFORM
Rule_1453	?a direction FOR => ?a operation PERFORM	heidenreich-2022-aha-acc-hfsa-guidelines_n0017/na_0001 direction FOR => heidenreich-2022-aha-acc-hfsa-guidelines_n0017/na_0001 operation PERFORM
Rule_1453	?a direction FOR => ?a operation PERFORM	mcdonagh-2023-esc-guidelines_n0055/na_0011 direction FOR => mcdonagh-2023-esc-guidelines_n0055/na_0011 operation PERFORM
Rule_1453	?a direction FOR => ?a operation PERFORM	zeppenfeld-2022-esc-guidelines-va-and-scd_n0069/na_0003 direction FOR => zeppenfeld-2022-esc-guidelines-va-and-scd_n0069/na_0003 operation PERFORM
Rule_1453	?a direction FOR => ?a operation PERFORM	mcdonagh-2023-esc-guidelines_n0083/na_0004 direction FOR => mcdonagh-2023-esc-guidelines_n0083/na_0004 operation PERFORM
Rule_1453	?a direction FOR => ?a operation PERFORM	regitz-zagrosek-2018-2018-esc-guideline-for-the-management-of-cardiovasc_n0014/na_0007 direction FOR => regitz-zagrosek-2018-2018-esc-guideline-for-the-management-of-cardiovasc_n0014/na_0007 operation PERFORM
Rule_1453	?a direction FOR => ?a operation PERFORM	pedretti-2021-comprehensive-multicomponent-cardiac-rehabilitation-in-car_n0004/na_0008 direction FOR => pedretti-2021-comprehensive-multicomponent-cardiac-rehabilitation-in-car_n0004/na_0008 operation PERFORM
Rule_1453	?a direction FOR => ?a operation PERFORM	lenarczyk-2024-management-of-patients-with-an-electrical-storm-or-cluste_n0008/na_0001 direction FOR => lenarczyk-2024-management-of-patients-with-an-electrical-storm-or-cluste_n0008/na_0001 operation PERFORM
Rule_1453	?a direction FOR => ?a operation PERFORM	ambrosetti-2020-secondary-prevention-comprehensive-cardiovascular-rehabi_n0015/na_0012 direction FOR => ambrosetti-2020-secondary-prevention-comprehensive-cardiovascular-rehabi_n0015/na_0012 operation PERFORM
Rule_1453	?a direction FOR => ?a operation PERFORM	glikson-2021-2021-esc-guidelines-on-cardiac-pacing-and-cardiac-resynchro_n0063/na_0003 direction FOR => glikson-2021-2021-esc-guidelines-on-cardiac-pacing-and-cardiac-resynchro_n0063/na_0003 operation PERFORM
Rule_1453	?a direction FOR => ?a operation PERFORM	sectio-1_n0006/na_0006 direction FOR => sectio-1_n0006/na_0006 operation PERFORM
Rule_1453	?a direction FOR => ?a operation PERFORM	zeppenfeld-2022-esc-guidelines-va-and-scd_n0047/na_0003 direction FOR => zeppenfeld-2022-esc-guidelines-va-and-scd_n0047/na_0003 operation PERFORM
Rule_1453	?a direction FOR => ?a operation PERFORM	zeppenfeld-2022-esc-guidelines-va-and-scd_n0097/na_0005 direction FOR => zeppenfeld-2022-esc-guidelines-va-and-scd_n0097/na_0005 operation PERFORM
Rule_1453	?a direction FOR => ?a operation PERFORM	zeppenfeld-2022-esc-guidelines-va-and-scd_n0020/na_0005 direction FOR => zeppenfeld-2022-esc-guidelines-va-and-scd_n0020/na_0005 operation PERFORM
Rule_1453	?a direction FOR => ?a operation PERFORM	pelliccia-2020-2020-esc-guidelines-on-sports-cardiology-and-exercise-in_n0039/na_0007 direction FOR => pelliccia-2020-2020-esc-guidelines-on-sports-cardiology-and-exercise-in_n0039/na_0007 operation PERFORM
Rule_1453	?a direction FOR => ?a operation PERFORM	glikson-2021-2021-esc-guidelines-on-cardiac-pacing-and-cardiac-resynchro_n0020/na_0035 direction FOR => glikson-2021-2021-esc-guidelines-on-cardiac-pacing-and-cardiac-resynchro_n0020/na_0035 operation PERFORM
Rule_1453	?a direction FOR => ?a operation PERFORM	su_verified_1d4ae21bdadbacafa8087e019976dde180c346c5d4626772c2b286528336efac_table_14/na_0001 direction FOR => su_verified_1d4ae21bdadbacafa8087e019976dde180c346c5d4626772c2b286528336efac_table_14/na_0001 operation PERFORM
Rule_1453	?a direction FOR => ?a operation PERFORM	zeppenfeld-2022-esc-guidelines-va-and-scd_n0063/na_0008 direction FOR => zeppenfeld-2022-esc-guidelines-va-and-scd_n0063/na_0008 operation PERFORM
Rule_1453	?a direction FOR => ?a operation PERFORM	pelliccia-2020-2020-esc-guidelines-on-sports-cardiology-and-exercise-in_n0064/na_0003 direction FOR => pelliccia-2020-2020-esc-guidelines-on-sports-cardiology-and-exercise-in_n0064/na_0003 operation PERFORM
Rule_1453	?a direction FOR => ?a operation PERFORM	sedf99-1_n0001/na_0007 direction FOR => sedf99-1_n0001/na_0007 operation PERFORM
Rule_1453	?a direction FOR => ?a operation PERFORM	glikson-2021-2021-esc-guidelines-on-cardiac-pacing-and-cardiac-resynchro_n0046/na_0006 direction FOR => glikson-2021-2021-esc-guidelines-on-cardiac-pacing-and-cardiac-resynchro_n0046/na_0006 operation PERFORM
Rule_1453	?a direction FOR => ?a operation PERFORM	ambrosetti-2020-secondary-prevention-comprehensive-cardiovascular-rehabi_n0012/na_0010 direction FOR => ambrosetti-2020-secondary-prevention-comprehensive-cardiovascular-rehabi_n0012/na_0010 operation PERFORM
Rule_1453	?a direction FOR => ?a operation PERFORM	piepoli-2011-exercise-training-in-heart-failure_n0003/na_0012 direction FOR => piepoli-2011-exercise-training-in-heart-failure_n0003/na_0012 operation PERFORM
Rule_1453	?a direction FOR => ?a operation PERFORM	glikson-2021-2021-esc-guidelines-on-cardiac-pacing-and-cardiac-resynchro_n0020/na_0045 direction FOR => glikson-2021-2021-esc-guidelines-on-cardiac-pacing-and-cardiac-resynchro_n0020/na_0045 operation PERFORM
Rule_1453	?a direction FOR => ?a operation PERFORM	zeppenfeld-2022-esc-guidelines-va-and-scd_n0057/na_0003 direction FOR => zeppenfeld-2022-esc-guidelines-va-and-scd_n0057/na_0003 operation PERFORM
Rule_1453	?a direction FOR => ?a operation PERFORM	pedretti-2021-comprehensive-multicomponent-cardiac-rehabilitation-in-car_n0004/na_0012 direction FOR => pedretti-2021-comprehensive-multicomponent-cardiac-rehabilitation-in-car_n0004/na_0012 operation PERFORM
Rule_1453	?a direction FOR => ?a operation PERFORM	zeppenfeld-2022-esc-guidelines-va-and-scd_n0026/na_0015 direction FOR => zeppenfeld-2022-esc-guidelines-va-and-scd_n0026/na_0015 operation PERFORM
Rule_1453	?a direction FOR => ?a operation PERFORM	ambrosetti-2020-secondary-prevention-comprehensive-cardiovascular-rehabi_n0015/na_0008 direction FOR => ambrosetti-2020-secondary-prevention-comprehensive-cardiovascular-rehabi_n0015/na_0008 operation PERFORM
Rule_1453	?a direction FOR => ?a operation PERFORM	zeppenfeld-2022-esc-guidelines-va-and-scd_n0062/na_0014 direction FOR => zeppenfeld-2022-esc-guidelines-va-and-scd_n0062/na_0014 operation PERFORM
Rule_1453	?a direction FOR => ?a operation PERFORM	zeppenfeld-2022-esc-guidelines-va-and-scd_n0068/na_0003 direction FOR => zeppenfeld-2022-esc-guidelines-va-and-scd_n0068/na_0003 operation PERFORM
Rule_1453	?a direction FOR => ?a operation PERFORM	piepoli-2011-exercise-training-in-heart-failure_n0003/na_0023 direction FOR => piepoli-2011-exercise-training-in-heart-failure_n0003/na_0023 operation PERFORM
Rule_1453	?a direction FOR => ?a operation PERFORM	lenarczyk-2024-management-of-patients-with-an-electrical-storm-or-cluste_n0017/na_0004 direction FOR => lenarczyk-2024-management-of-patients-with-an-electrical-storm-or-cluste_n0017/na_0004 operation PERFORM
Rule_1453	?a direction FOR => ?a operation PERFORM	zeppenfeld-2022-esc-guidelines-va-and-scd_n0017/na_0002 direction FOR => zeppenfeld-2022-esc-guidelines-va-and-scd_n0017/na_0002 operation PERFORM
Rule_1453	?a direction FOR => ?a operation PERFORM	piepoli-2011-exercise-training-in-heart-failure_n0004/na_0006 direction FOR => piepoli-2011-exercise-training-in-heart-failure_n0004/na_0006 operation PERFORM
Rule_1453	?a direction FOR => ?a operation PERFORM	mcdonagh-2023-esc-guidelines_n0066/na_0013 direction FOR => mcdonagh-2023-esc-guidelines_n0066/na_0013 operation PERFORM
Rule_1453	?a direction FOR => ?a operation PERFORM	zeppenfeld-2022-esc-guidelines-va-and-scd_n0095/na_0009 direction FOR => zeppenfeld-2022-esc-guidelines-va-and-scd_n0095/na_0009 operation PERFORM
Rule_1453	?a direction FOR => ?a operation PERFORM	zeppenfeld-2022-esc-guidelines-va-and-scd_n0020/na_0018 direction FOR => zeppenfeld-2022-esc-guidelines-va-and-scd_n0020/na_0018 operation PERFORM
Rule_1453	?a direction FOR => ?a operation PERFORM	al-khatib-2017-aha-acc-hrs-guideline-va-and-scd_n0065/na_0001 direction FOR => al-khatib-2017-aha-acc-hrs-guideline-va-and-scd_n0065/na_0001 operation PERFORM
Rule_1453	?a direction FOR => ?a operation PERFORM	sectio-1_n0023/na_0005 direction FOR => sectio-1_n0023/na_0005 operation PERFORM
Rule_1453	?a direction FOR => ?a operation PERFORM	zeppenfeld-2022-esc-guidelines-va-and-scd_n0032/na_0008 direction FOR => zeppenfeld-2022-esc-guidelines-va-and-scd_n0032/na_0008 operation PERFORM
Rule_1453	?a direction FOR => ?a operation PERFORM	zeppenfeld-2022-esc-guidelines-va-and-scd_n0034/na_0006 direction FOR => zeppenfeld-2022-esc-guidelines-va-and-scd_n0034/na_0006 operation PERFORM
Rule_1453	?a direction FOR => ?a operation PERFORM	zeppenfeld-2022-esc-guidelines-va-and-scd_n0017/na_0005 direction FOR => zeppenfeld-2022-esc-guidelines-va-and-scd_n0017/na_0005 operation PERFORM
Rule_1453	?a direction FOR => ?a operation PERFORM	zeppenfeld-2022-esc-guidelines-va-and-scd_n0093/na_0008 direction FOR => zeppenfeld-2022-esc-guidelines-va-and-scd_n0093/na_0008 operation PERFORM
Rule_1453	?a direction FOR => ?a operation PERFORM	visseren-2021-esc-guidelines-cardiovascular-disease-prevention_n0056/na_0013 direction FOR => visseren-2021-esc-guidelines-cardiovascular-disease-prevention_n0056/na_0013 operation PERFORM
Rule_1453	?a direction FOR => ?a operation PERFORM	heidenreich-2022-aha-acc-hfsa-guidelines_n0064/na_0001 direction FOR => heidenreich-2022-aha-acc-hfsa-guidelines_n0064/na_0001 operation PERFORM
Rule_1453	?a direction FOR => ?a operation PERFORM	mcdonagh-2023-esc-guidelines_n0021/na_0001 direction FOR => mcdonagh-2023-esc-guidelines_n0021/na_0001 operation PERFORM
Rule_1453	?a direction FOR => ?a operation PERFORM	glikson-2021-2021-esc-guidelines-on-cardiac-pacing-and-cardiac-resynchro_n0020/na_0032 direction FOR => glikson-2021-2021-esc-guidelines-on-cardiac-pacing-and-cardiac-resynchro_n0020/na_0032 operation PERFORM
Rule_1453	?a direction FOR => ?a operation PERFORM	zeppenfeld-2022-esc-guidelines-va-and-scd_n0094/na_0015 direction FOR => zeppenfeld-2022-esc-guidelines-va-and-scd_n0094/na_0015 operation PERFORM
Rule_1453	?a direction FOR => ?a operation PERFORM	piepoli-2011-exercise-training-in-heart-failure_n0004/na_0016 direction FOR => piepoli-2011-exercise-training-in-heart-failure_n0004/na_0016 operation PERFORM
Rule_1453	?a direction FOR => ?a operation PERFORM	zeppenfeld-2022-esc-guidelines-va-and-scd_n0019/na_0061 direction FOR => zeppenfeld-2022-esc-guidelines-va-and-scd_n0019/na_0061 operation PERFORM
Rule_1453	?a direction FOR => ?a operation PERFORM	regitz-zagrosek-2018-2018-esc-guideline-for-the-management-of-cardiovasc_n0016/na_0015 direction FOR => regitz-zagrosek-2018-2018-esc-guideline-for-the-management-of-cardiovasc_n0016/na_0015 operation PERFORM
Rule_1453	?a direction FOR => ?a operation PERFORM	braunschweig-2010-management-of-patients-receiving-implantable-cardiac-d_n0007/na_0006 direction FOR => braunschweig-2010-management-of-patients-receiving-implantable-cardiac-d_n0007/na_0006 operation PERFORM
Rule_1453	?a direction FOR => ?a operation PERFORM	al-khatib-2017-aha-acc-hrs-guideline-va-and-scd_n0035/na_0004 direction FOR => al-khatib-2017-aha-acc-hrs-guideline-va-and-scd_n0035/na_0004 operation PERFORM
Rule_1453	?a direction FOR => ?a operation PERFORM	zeppenfeld-2022-esc-guidelines-va-and-scd_n0063/na_0007 direction FOR => zeppenfeld-2022-esc-guidelines-va-and-scd_n0063/na_0007 operation PERFORM
Rule_1453	?a direction FOR => ?a operation PERFORM	sectio-1_n0023/na_0002 direction FOR => sectio-1_n0023/na_0002 operation PERFORM
Rule_1453	?a direction FOR => ?a operation PERFORM	mcdonagh-2023-esc-guidelines_n0066/na_0009 direction FOR => mcdonagh-2023-esc-guidelines_n0066/na_0009 operation PERFORM
Rule_1453	?a direction FOR => ?a operation PERFORM	pelliccia-2020-2020-esc-guidelines-on-sports-cardiology-and-exercise-in_n0041/na_0003 direction FOR => pelliccia-2020-2020-esc-guidelines-on-sports-cardiology-and-exercise-in_n0041/na_0003 operation PERFORM
