rule_index	rule	grounding
Rule_345	?a type NormativeAssertion => ?a recommendationStatus NOT_A_RECOMMENDATION	su_verified_0074e29f31a1f0feb082e0064bee46f60bf6b5ae3f8703d1231341374ed97e52_table_1/na_0028 type NormativeAssertion => su_verified_0074e29f31a1f0feb082e0064bee46f60bf6b5ae3f8703d1231341374ed97e52_table_1/na_0028 recommendationStatus NOT_A_RECOMMENDATION
Rule_345	?a type NormativeAssertion => ?a recommendationStatus NOT_A_RECOMMENDATION	su_verified_0074e29f31a1f0feb082e0064bee46f60bf6b5ae3f8703d1231341374ed97e52_table_1/na_0094 type NormativeAssertion => su_verified_0074e29f31a1f0feb082e0064bee46f60bf6b5ae3f8703d1231341374ed97e52_table_1/na_0094 recommendationStatus NOT_A_RECOMMENDATION
Rule_345	?a type NormativeAssertion => ?a recommendationStatus NOT_A_RECOMMENDATION	su_verified_6ed52cdf724db04223b4d1c2e62f3c35f6b42bc19bc5e3198277d681d47e1eb9_table_5/na_0044 type NormativeAssertion => su_verified_6ed52cdf724db04223b4d1c2e62f3c35f6b42bc19bc5e3198277d681d47e1eb9_table_5/na_0044 recommendationStatus NOT_A_RECOMMENDATION
Rule_345	?a type NormativeAssertion => ?a recommendationStatus NOT_A_RECOMMENDATION	lenarczyk-2024-management-of-patients-with-an-electrical-storm-or-cluste_n0020/na_0009 type NormativeAssertion => lenarczyk-2024-management-of-patients-with-an-electrical-storm-or-cluste_n0020/na_0009 recommendationStatus NOT_A_RECOMMENDATION
Rule_345	?a type NormativeAssertion => ?a recommendationStatus NOT_A_RECOMMENDATION	mcdonagh-2023-esc-guidelines_n0084/na_0001 type NormativeAssertion => mcdonagh-2023-esc-guidelines_n0084/na_0001 recommendationStatus NOT_A_RECOMMENDATION
Rule_345	?a type NormativeAssertion => ?a recommendationStatus NOT_A_RECOMMENDATION	regitz-zagrosek-2018-2018-esc-guideline-for-the-management-of-cardiovasc_n0032/na_0005 type NormativeAssertion => regitz-zagrosek-2018-2018-esc-guideline-for-the-management-of-cardiovasc_n0032/na_0005 recommendationStatus NOT_A_RECOMMENDATION
Rule_345	?a type NormativeAssertion => ?a recommendationStatus NOT_A_RECOMMENDATION	malgie-2024-contemporary-guideline-directed-medical-therapy_n0003/na_0003 type NormativeAssertion => malgie-2024-contemporary-guideline-directed-medical-therapy_n0003/na_0003 recommendationStatus NOT_A_RECOMMENDATION
Rule_345	?a type NormativeAssertion => ?a recommendationStatus NOT_A_RECOMMENDATION	al-khatib-2017-aha-acc-hrs-guideline-va-and-scd_n0056/na_0008 type NormativeAssertion => al-khatib-2017-aha-acc-hrs-guideline-va-and-scd_n0056/na_0008 recommendationStatus NOT_A_RECOMMENDATION
Rule_345	?a type NormativeAssertion => ?a recommendationStatus NOT_A_RECOMMENDATION	zhang-2020-management-of-heart-failure-patients-with-covid-19_n0003/na_0015 type NormativeAssertion => zhang-2020-management-of-heart-failure-patients-with-covid-19_n0003/na_0015 recommendationStatus NOT_A_RECOMMENDATION
Rule_345	?a type NormativeAssertion => ?a recommendationStatus NOT_A_RECOMMENDATION	glikson-2021-2021-esc-guidelines-on-cardiac-pacing-and-cardiac-resynchro_n0030/na_0030 type NormativeAssertion => glikson-2021-2021-esc-guidelines-on-cardiac-pacing-and-cardiac-resynchro_n0030/na_0030 recommendationStatus NOT_A_RECOMMENDATION
Rule_345	?a type NormativeAssertion => ?a recommendationStatus NOT_A_RECOMMENDATION	mcdonagh-2023-esc-guidelines_n0034/na_0003 type NormativeAssertion => mcdonagh-2023-esc-guidelines_n0034/na_0003 recommendationStatus NOT_A_RECOMMENDATION
Rule_345	?a type NormativeAssertion => ?a recommendationStatus NOT_A_RECOMMENDATION	glikson-2021-2021-esc-guidelines-on-cardiac-pacing-and-cardiac-resynchro_n0030/na_0031 type NormativeAssertion => glikson-2021-2021-esc-guidelines-on-cardiac-pacing-and-cardiac-resynchro_n0030/na_0031 recommendationStatus NOT_A_RECOMMENDATION
Rule_345	?a type NormativeAssertion => ?a recommendationStatus NOT_A_RECOMMENDATION	maddox-2021-2021-update-to-the-2017-acc-expert-consensus-decision-pathwa_n0015/na_0006 type NormativeAssertion => maddox-2021-2021-update-to-the-2017-acc-expert-consensus-decision-pathwa_n0015/na_0006 recommendationStatus NOT_A_RECOMMENDATION
Rule_345	?a type NormativeAssertion => ?a recommendationStatus NOT_A_RECOMMENDATION	regitz-zagrosek-2018-2018-esc-guideline-for-the-management-of-cardiovasc_n0041/na_0001 type NormativeAssertion => regitz-zagrosek-2018-2018-esc-guideline-for-the-management-of-cardiovasc_n0041/na_0001 recommendationStatus NOT_A_RECOMMENDATION
Rule_345	?a type NormativeAssertion => ?a recommendationStatus NOT_A_RECOMMENDATION	regitz-zagrosek-2018-2018-esc-guideline-for-the-management-of-cardiovasc_n0045/na_0002 type NormativeAssertion => regitz-zagrosek-2018-2018-esc-guideline-for-the-management-of-cardiovasc_n0045/na_0002 recommendationStatus NOT_A_RECOMMENDATION
Rule_345	?a type NormativeAssertion => ?a recommendationStatus NOT_A_RECOMMENDATION	ambrosetti-2020-secondary-prevention-comprehensive-cardiovascular-rehabi_n0006/na_0040 type NormativeAssertion => ambrosetti-2020-secondary-prevention-comprehensive-cardiovascular-rehabi_n0006/na_0040 recommendationStatus NOT_A_RECOMMENDATION
Rule_345	?a type NormativeAssertion => ?a recommendationStatus NOT_A_RECOMMENDATION	se815e-1_n0001/na_0019 type NormativeAssertion => se815e-1_n0001/na_0019 recommendationStatus NOT_A_RECOMMENDATION
Rule_345	?a type NormativeAssertion => ?a recommendationStatus NOT_A_RECOMMENDATION	heidenreich-2022-aha-acc-hfsa-guidelines_n0054/na_0007 type NormativeAssertion => heidenreich-2022-aha-acc-hfsa-guidelines_n0054/na_0007 recommendationStatus NOT_A_RECOMMENDATION
Rule_345	?a type NormativeAssertion => ?a recommendationStatus NOT_A_RECOMMENDATION	maddox-2021-2021-update-to-the-2017-acc-expert-consensus-decision-pathwa_n0017/na_0042 type NormativeAssertion => maddox-2021-2021-update-to-the-2017-acc-expert-consensus-decision-pathwa_n0017/na_0042 recommendationStatus NOT_A_RECOMMENDATION
Rule_345	?a type NormativeAssertion => ?a recommendationStatus NOT_A_RECOMMENDATION	page-2016-drugs-that-may-cause-or-exacerbate-heart-failure_n0006/na_0005 type NormativeAssertion => page-2016-drugs-that-may-cause-or-exacerbate-heart-failure_n0006/na_0005 recommendationStatus NOT_A_RECOMMENDATION
Rule_345	?a type NormativeAssertion => ?a recommendationStatus NOT_A_RECOMMENDATION	heidenreich-2022-aha-acc-hfsa-guidelines_n0056/na_0005 type NormativeAssertion => heidenreich-2022-aha-acc-hfsa-guidelines_n0056/na_0005 recommendationStatus NOT_A_RECOMMENDATION
Rule_345	?a type NormativeAssertion => ?a recommendationStatus NOT_A_RECOMMENDATION	zhang-2020-management-of-heart-failure-patients-with-covid-19_n0002/na_0004 type NormativeAssertion => zhang-2020-management-of-heart-failure-patients-with-covid-19_n0002/na_0004 recommendationStatus NOT_A_RECOMMENDATION
Rule_345	?a type NormativeAssertion => ?a recommendationStatus NOT_A_RECOMMENDATION	regitz-zagrosek-2018-2018-esc-guideline-for-the-management-of-cardiovasc_n0045/na_0016 type NormativeAssertion => regitz-zagrosek-2018-2018-esc-guideline-for-the-management-of-cardiovasc_n0045/na_0016 recommendationStatus NOT_A_RECOMMENDATION
Rule_345	?a type NormativeAssertion => ?a recommendationStatus NOT_A_RECOMMENDATION	se815e-1_n0001/na_0007 type NormativeAssertion => se815e-1_n0001/na_0007 recommendationStatus NOT_A_RECOMMENDATION
Rule_345	?a type NormativeAssertion => ?a recommendationStatus NOT_A_RECOMMENDATION	mcdonagh-2023-esc-guidelines_n0068/na_0008 type NormativeAssertion => mcdonagh-2023-esc-guidelines_n0068/na_0008 recommendationStatus NOT_A_RECOMMENDATION
Rule_345	?a type NormativeAssertion => ?a recommendationStatus NOT_A_RECOMMENDATION	esc-heart-failure-patient-guidelines-update-2023-german_n0004/na_0005 type NormativeAssertion => esc-heart-failure-patient-guidelines-update-2023-german_n0004/na_0005 recommendationStatus NOT_A_RECOMMENDATION
Rule_345	?a type NormativeAssertion => ?a recommendationStatus NOT_A_RECOMMENDATION	supp-material-esc-guidelines_n0029/na_0001 type NormativeAssertion => supp-material-esc-guidelines_n0029/na_0001 recommendationStatus NOT_A_RECOMMENDATION
Rule_345	?a type NormativeAssertion => ?a recommendationStatus NOT_A_RECOMMENDATION	zhang-2020-management-of-heart-failure-patients-with-covid-19_n0002/na_0007 type NormativeAssertion => zhang-2020-management-of-heart-failure-patients-with-covid-19_n0002/na_0007 recommendationStatus NOT_A_RECOMMENDATION
Rule_345	?a type NormativeAssertion => ?a recommendationStatus NOT_A_RECOMMENDATION	execut-1_n0032/na_0011 type NormativeAssertion => execut-1_n0032/na_0011 recommendationStatus NOT_A_RECOMMENDATION
Rule_345	?a type NormativeAssertion => ?a recommendationStatus NOT_A_RECOMMENDATION	malgie-2024-contemporary-guideline-directed-medical-therapy_n0003/na_0002 type NormativeAssertion => malgie-2024-contemporary-guideline-directed-medical-therapy_n0003/na_0002 recommendationStatus NOT_A_RECOMMENDATION
Rule_345	?a type NormativeAssertion => ?a recommendationStatus NOT_A_RECOMMENDATION	heidenreich-2022-aha-acc-hfsa-guidelines_n0042/na_0007 type NormativeAssertion => heidenreich-2022-aha-acc-hfsa-guidelines_n0042/na_0007 recommendationStatus NOT_A_RECOMMENDATION
Rule_345	?a type NormativeAssertion => ?a recommendationStatus NOT_A_RECOMMENDATION	heidenreich-2022-aha-acc-hfsa-guidelines_n0056/na_0018 type NormativeAssertion => heidenreich-2022-aha-acc-hfsa-guidelines_n0056/na_0018 recommendationStatus NOT_A_RECOMMENDATION
Rule_345	?a type NormativeAssertion => ?a recommendationStatus NOT_A_RECOMMENDATION	cardiosmart-hfref-action-plan_n0004/na_0002 type NormativeAssertion => cardiosmart-hfref-action-plan_n0004/na_0002 recommendationStatus NOT_A_RECOMMENDATION
Rule_345	?a type NormativeAssertion => ?a recommendationStatus NOT_A_RECOMMENDATION	aha-patient-discharge-packet_n0004/na_0004 type NormativeAssertion => aha-patient-discharge-packet_n0004/na_0004 recommendationStatus NOT_A_RECOMMENDATION
Rule_345	?a type NormativeAssertion => ?a recommendationStatus NOT_A_RECOMMENDATION	supp-material-esc-guidelines_n0009/na_0005 type NormativeAssertion => supp-material-esc-guidelines_n0009/na_0005 recommendationStatus NOT_A_RECOMMENDATION
Rule_345	?a type NormativeAssertion => ?a recommendationStatus NOT_A_RECOMMENDATION	pulmon-1_n0001/na_0007 type NormativeAssertion => pulmon-1_n0001/na_0007 recommendationStatus NOT_A_RECOMMENDATION
Rule_345	?a type NormativeAssertion => ?a recommendationStatus NOT_A_RECOMMENDATION	heidenreich-2022-aha-acc-hfsa-guidelines_n0054/na_0001 type NormativeAssertion => heidenreich-2022-aha-acc-hfsa-guidelines_n0054/na_0001 recommendationStatus NOT_A_RECOMMENDATION
Rule_345	?a type NormativeAssertion => ?a recommendationStatus NOT_A_RECOMMENDATION	pulmon-1_n0002/na_0010 type NormativeAssertion => pulmon-1_n0002/na_0010 recommendationStatus NOT_A_RECOMMENDATION
Rule_345	?a type NormativeAssertion => ?a recommendationStatus NOT_A_RECOMMENDATION	maddox-2021-2021-update-to-the-2017-acc-expert-consensus-decision-pathwa_n0008/na_0007 type NormativeAssertion => maddox-2021-2021-update-to-the-2017-acc-expert-consensus-decision-pathwa_n0008/na_0007 recommendationStatus NOT_A_RECOMMENDATION
Rule_345	?a type NormativeAssertion => ?a recommendationStatus NOT_A_RECOMMENDATION	page-2016-drugs-that-may-cause-or-exacerbate-heart-failure_n0007/na_0001 type NormativeAssertion => page-2016-drugs-that-may-cause-or-exacerbate-heart-failure_n0007/na_0001 recommendationStatus NOT_A_RECOMMENDATION
Rule_345	?a type NormativeAssertion => ?a recommendationStatus NOT_A_RECOMMENDATION	zeppenfeld-2022-esc-guidelines-va-and-scd_n0025/na_0001 type NormativeAssertion => zeppenfeld-2022-esc-guidelines-va-and-scd_n0025/na_0001 recommendationStatus NOT_A_RECOMMENDATION
Rule_345	?a type NormativeAssertion => ?a recommendationStatus NOT_A_RECOMMENDATION	heidenreich-2022-aha-acc-hfsa-guidelines_n0054/na_0004 type NormativeAssertion => heidenreich-2022-aha-acc-hfsa-guidelines_n0054/na_0004 recommendationStatus NOT_A_RECOMMENDATION
Rule_345	?a type NormativeAssertion => ?a recommendationStatus NOT_A_RECOMMENDATION	lenarczyk-2024-management-of-patients-with-an-electrical-storm-or-cluste_n0020/na_0007 type NormativeAssertion => lenarczyk-2024-management-of-patients-with-an-electrical-storm-or-cluste_n0020/na_0007 recommendationStatus NOT_A_RECOMMENDATION
Rule_345	?a type NormativeAssertion => ?a recommendationStatus NOT_A_RECOMMENDATION	page-2016-drugs-that-may-cause-or-exacerbate-heart-failure_n0009/na_0002 type NormativeAssertion => page-2016-drugs-that-may-cause-or-exacerbate-heart-failure_n0009/na_0002 recommendationStatus NOT_A_RECOMMENDATION
Rule_345	?a type NormativeAssertion => ?a recommendationStatus NOT_A_RECOMMENDATION	execut-1_n0018/na_0013 type NormativeAssertion => execut-1_n0018/na_0013 recommendationStatus NOT_A_RECOMMENDATION
Rule_345	?a type NormativeAssertion => ?a recommendationStatus NOT_A_RECOMMENDATION	su_verified_0074e29f31a1f0feb082e0064bee46f60bf6b5ae3f8703d1231341374ed97e52_table_1/na_0095 type NormativeAssertion => su_verified_0074e29f31a1f0feb082e0064bee46f60bf6b5ae3f8703d1231341374ed97e52_table_1/na_0095 recommendationStatus NOT_A_RECOMMENDATION
Rule_345	?a type NormativeAssertion => ?a recommendationStatus NOT_A_RECOMMENDATION	page-2016-drugs-that-may-cause-or-exacerbate-heart-failure_n0009/na_0006 type NormativeAssertion => page-2016-drugs-that-may-cause-or-exacerbate-heart-failure_n0009/na_0006 recommendationStatus NOT_A_RECOMMENDATION
Rule_345	?a type NormativeAssertion => ?a recommendationStatus NOT_A_RECOMMENDATION	zhang-2020-management-of-heart-failure-patients-with-covid-19_n0003/na_0005 type NormativeAssertion => zhang-2020-management-of-heart-failure-patients-with-covid-19_n0003/na_0005 recommendationStatus NOT_A_RECOMMENDATION
Rule_345	?a type NormativeAssertion => ?a recommendationStatus NOT_A_RECOMMENDATION	maddox-2021-2021-update-to-the-2017-acc-expert-consensus-decision-pathwa_n0017/na_0013 type NormativeAssertion => maddox-2021-2021-update-to-the-2017-acc-expert-consensus-decision-pathwa_n0017/na_0013 recommendationStatus NOT_A_RECOMMENDATION
Rule_345	?a type NormativeAssertion => ?a recommendationStatus NOT_A_RECOMMENDATION	maddox-2021-2021-update-to-the-2017-acc-expert-consensus-decision-pathwa_n0017/na_0053 type NormativeAssertion => maddox-2021-2021-update-to-the-2017-acc-expert-consensus-decision-pathwa_n0017/na_0053 recommendationStatus NOT_A_RECOMMENDATION
Rule_345	?a type NormativeAssertion => ?a recommendationStatus NOT_A_RECOMMENDATION	zeppenfeld-2022-esc-guidelines-va-and-scd_n0038/na_0002 type NormativeAssertion => zeppenfeld-2022-esc-guidelines-va-and-scd_n0038/na_0002 recommendationStatus NOT_A_RECOMMENDATION
Rule_345	?a type NormativeAssertion => ?a recommendationStatus NOT_A_RECOMMENDATION	heidenreich-2022-aha-acc-hfsa-guidelines_n0083/na_0003 type NormativeAssertion => heidenreich-2022-aha-acc-hfsa-guidelines_n0083/na_0003 recommendationStatus NOT_A_RECOMMENDATION
Rule_345	?a type NormativeAssertion => ?a recommendationStatus NOT_A_RECOMMENDATION	zeppenfeld-2022-esc-guidelines-va-and-scd_n0038/na_0001 type NormativeAssertion => zeppenfeld-2022-esc-guidelines-va-and-scd_n0038/na_0001 recommendationStatus NOT_A_RECOMMENDATION
Rule_345	?a type NormativeAssertion => ?a recommendationStatus NOT_A_RECOMMENDATION	supp-material-esc-guidelines_n0029/na_0009 type NormativeAssertion => supp-material-esc-guidelines_n0029/na_0009 recommendationStatus NOT_A_RECOMMENDATION
Rule_345	?a type NormativeAssertion => ?a recommendationStatus NOT_A_RECOMMENDATION	regitz-zagrosek-2018-2018-esc-guideline-for-the-management-of-cardiovasc_n0032/na_0006 type NormativeAssertion => regitz-zagrosek-2018-2018-esc-guideline-for-the-management-of-cardiovasc_n0032/na_0006 recommendationStatus NOT_A_RECOMMENDATION
Rule_345	?a type NormativeAssertion => ?a recommendationStatus NOT_A_RECOMMENDATION	heidenreich-2022-aha-acc-hfsa-guidelines_n0054/na_0006 type NormativeAssertion => heidenreich-2022-aha-acc-hfsa-guidelines_n0054/na_0006 recommendationStatus NOT_A_RECOMMENDATION
Rule_345	?a type NormativeAssertion => ?a recommendationStatus NOT_A_RECOMMENDATION	su_verified_6ed52cdf724db04223b4d1c2e62f3c35f6b42bc19bc5e3198277d681d47e1eb9_table_7/na_0051 type NormativeAssertion => su_verified_6ed52cdf724db04223b4d1c2e62f3c35f6b42bc19bc5e3198277d681d47e1eb9_table_7/na_0051 recommendationStatus NOT_A_RECOMMENDATION
Rule_345	?a type NormativeAssertion => ?a recommendationStatus NOT_A_RECOMMENDATION	cardiosmart-modul1-zusammengefugt_n0007/na_0002 type NormativeAssertion => cardiosmart-modul1-zusammengefugt_n0007/na_0002 recommendationStatus NOT_A_RECOMMENDATION
Rule_345	?a type NormativeAssertion => ?a recommendationStatus NOT_A_RECOMMENDATION	mcdonagh-2023-esc-guidelines_n0069/na_0006 type NormativeAssertion => mcdonagh-2023-esc-guidelines_n0069/na_0006 recommendationStatus NOT_A_RECOMMENDATION
Rule_345	?a type NormativeAssertion => ?a recommendationStatus NOT_A_RECOMMENDATION	zeppenfeld-2022-esc-guidelines-va-and-scd_n0025/na_0035 type NormativeAssertion => zeppenfeld-2022-esc-guidelines-va-and-scd_n0025/na_0035 recommendationStatus NOT_A_RECOMMENDATION
Rule_345	?a type NormativeAssertion => ?a recommendationStatus NOT_A_RECOMMENDATION	zhang-2020-management-of-heart-failure-patients-with-covid-19_n0003/na_0010 type NormativeAssertion => zhang-2020-management-of-heart-failure-patients-with-covid-19_n0003/na_0010 recommendationStatus NOT_A_RECOMMENDATION
Rule_345	?a type NormativeAssertion => ?a recommendationStatus NOT_A_RECOMMENDATION	van-diepen-2017-contemporary-management-of-cardiogenic-shock_n0005/na_0001 type NormativeAssertion => van-diepen-2017-contemporary-management-of-cardiogenic-shock_n0005/na_0001 recommendationStatus NOT_A_RECOMMENDATION
Rule_345	?a type NormativeAssertion => ?a recommendationStatus NOT_A_RECOMMENDATION	mullens-2019-the-use-of-diuretics-in-heart-failure-with-congestion_n0003/na_0004 type NormativeAssertion => mullens-2019-the-use-of-diuretics-in-heart-failure-with-congestion_n0003/na_0004 recommendationStatus NOT_A_RECOMMENDATION
Rule_345	?a type NormativeAssertion => ?a recommendationStatus NOT_A_RECOMMENDATION	maddox-2021-2021-update-to-the-2017-acc-expert-consensus-decision-pathwa_n0017/na_0021 type NormativeAssertion => maddox-2021-2021-update-to-the-2017-acc-expert-consensus-decision-pathwa_n0017/na_0021 recommendationStatus NOT_A_RECOMMENDATION
Rule_345	?a type NormativeAssertion => ?a recommendationStatus NOT_A_RECOMMENDATION	page-2016-drugs-that-may-cause-or-exacerbate-heart-failure_n0006/na_0006 type NormativeAssertion => page-2016-drugs-that-may-cause-or-exacerbate-heart-failure_n0006/na_0006 recommendationStatus NOT_A_RECOMMENDATION
Rule_345	?a type NormativeAssertion => ?a recommendationStatus NOT_A_RECOMMENDATION	visseren-2021-esc-guidelines-cardiovascular-disease-prevention_n0047/na_0004 type NormativeAssertion => visseren-2021-esc-guidelines-cardiovascular-disease-prevention_n0047/na_0004 recommendationStatus NOT_A_RECOMMENDATION
Rule_345	?a type NormativeAssertion => ?a recommendationStatus NOT_A_RECOMMENDATION	pulmon-1_n0001/na_0002 type NormativeAssertion => pulmon-1_n0001/na_0002 recommendationStatus NOT_A_RECOMMENDATION
Rule_345	?a type NormativeAssertion => ?a recommendationStatus NOT_A_RECOMMENDATION	heidenreich-2022-aha-acc-hfsa-guidelines_n0075/na_0001 type NormativeAssertion => heidenreich-2022-aha-acc-hfsa-guidelines_n0075/na_0001 recommendationStatus NOT_A_RECOMMENDATION
Rule_345	?a type NormativeAssertion => ?a recommendationStatus NOT_A_RECOMMENDATION	se815e-1_n0001/na_0011 type NormativeAssertion => se815e-1_n0001/na_0011 recommendationStatus NOT_A_RECOMMENDATION
Rule_345	?a type NormativeAssertion => ?a recommendationStatus NOT_A_RECOMMENDATION	vest-2019-nutrition-obesity-and-cachexia-in-patients-with-heart-failure_n0002/na_9003 type NormativeAssertion => vest-2019-nutrition-obesity-and-cachexia-in-patients-with-heart-failure_n0002/na_9003 recommendationStatus NOT_A_RECOMMENDATION
Rule_345	?a type NormativeAssertion => ?a recommendationStatus NOT_A_RECOMMENDATION	execut-1_n0018/na_0010 type NormativeAssertion => execut-1_n0018/na_0010 recommendationStatus NOT_A_RECOMMENDATION
Rule_345	?a type NormativeAssertion => ?a recommendationStatus NOT_A_RECOMMENDATION	heidenreich-2022-aha-acc-hfsa-guidelines_n0056/na_0017 type NormativeAssertion => heidenreich-2022-aha-acc-hfsa-guidelines_n0056/na_0017 recommendationStatus NOT_A_RECOMMENDATION
Rule_345	?a type NormativeAssertion => ?a recommendationStatus NOT_A_RECOMMENDATION	supp-material-esc-guidelines_n0029/na_0013 type NormativeAssertion => supp-material-esc-guidelines_n0029/na_0013 recommendationStatus NOT_A_RECOMMENDATION
Rule_345	?a type NormativeAssertion => ?a recommendationStatus NOT_A_RECOMMENDATION	execut-1_n0018/na_0012 type NormativeAssertion => execut-1_n0018/na_0012 recommendationStatus NOT_A_RECOMMENDATION
Rule_345	?a type NormativeAssertion => ?a recommendationStatus NOT_A_RECOMMENDATION	mullens-2019-the-use-of-diuretics-in-heart-failure-with-congestion_n0003/na_0007 type NormativeAssertion => mullens-2019-the-use-of-diuretics-in-heart-failure-with-congestion_n0003/na_0007 recommendationStatus NOT_A_RECOMMENDATION
Rule_345	?a type NormativeAssertion => ?a recommendationStatus NOT_A_RECOMMENDATION	heidenreich-2022-aha-acc-hfsa-guidelines_n0024/na_0002 type NormativeAssertion => heidenreich-2022-aha-acc-hfsa-guidelines_n0024/na_0002 recommendationStatus NOT_A_RECOMMENDATION
Rule_345	?a type NormativeAssertion => ?a recommendationStatus NOT_A_RECOMMENDATION	van-diepen-2017-contemporary-management-of-cardiogenic-shock_n0005/na_0008 type NormativeAssertion => van-diepen-2017-contemporary-management-of-cardiogenic-shock_n0005/na_0008 recommendationStatus NOT_A_RECOMMENDATION
Rule_345	?a type NormativeAssertion => ?a recommendationStatus NOT_A_RECOMMENDATION	heidenreich-2022-aha-acc-hfsa-guidelines_n0056/na_0002 type NormativeAssertion => heidenreich-2022-aha-acc-hfsa-guidelines_n0056/na_0002 recommendationStatus NOT_A_RECOMMENDATION
Rule_345	?a type NormativeAssertion => ?a recommendationStatus NOT_A_RECOMMENDATION	page-2016-drugs-that-may-cause-or-exacerbate-heart-failure_n0005/na_0001 type NormativeAssertion => page-2016-drugs-that-may-cause-or-exacerbate-heart-failure_n0005/na_0001 recommendationStatus NOT_A_RECOMMENDATION
Rule_345	?a type NormativeAssertion => ?a recommendationStatus NOT_A_RECOMMENDATION	supp-material-esc-guidelines_n0009/na_0011 type NormativeAssertion => supp-material-esc-guidelines_n0009/na_0011 recommendationStatus NOT_A_RECOMMENDATION
Rule_345	?a type NormativeAssertion => ?a recommendationStatus NOT_A_RECOMMENDATION	su_verified_6ed52cdf724db04223b4d1c2e62f3c35f6b42bc19bc5e3198277d681d47e1eb9_table_6/na_0010 type NormativeAssertion => su_verified_6ed52cdf724db04223b4d1c2e62f3c35f6b42bc19bc5e3198277d681d47e1eb9_table_6/na_0010 recommendationStatus NOT_A_RECOMMENDATION
Rule_345	?a type NormativeAssertion => ?a recommendationStatus NOT_A_RECOMMENDATION	su_verified_6ed52cdf724db04223b4d1c2e62f3c35f6b42bc19bc5e3198277d681d47e1eb9_table_5/na_0022 type NormativeAssertion => su_verified_6ed52cdf724db04223b4d1c2e62f3c35f6b42bc19bc5e3198277d681d47e1eb9_table_5/na_0022 recommendationStatus NOT_A_RECOMMENDATION
Rule_345	?a type NormativeAssertion => ?a recommendationStatus NOT_A_RECOMMENDATION	page-2016-drugs-that-may-cause-or-exacerbate-heart-failure_n0009/na_0007 type NormativeAssertion => page-2016-drugs-that-may-cause-or-exacerbate-heart-failure_n0009/na_0007 recommendationStatus NOT_A_RECOMMENDATION
Rule_345	?a type NormativeAssertion => ?a recommendationStatus NOT_A_RECOMMENDATION	heidenreich-2022-aha-acc-hfsa-guidelines_n0054/na_0002 type NormativeAssertion => heidenreich-2022-aha-acc-hfsa-guidelines_n0054/na_0002 recommendationStatus NOT_A_RECOMMENDATION
Rule_345	?a type NormativeAssertion => ?a recommendationStatus NOT_A_RECOMMENDATION	regitz-zagrosek-2018-2018-esc-guideline-for-the-management-of-cardiovasc_n0045/na_0001 type NormativeAssertion => regitz-zagrosek-2018-2018-esc-guideline-for-the-management-of-cardiovasc_n0045/na_0001 recommendationStatus NOT_A_RECOMMENDATION
Rule_345	?a type NormativeAssertion => ?a recommendationStatus NOT_A_RECOMMENDATION	glikson-2021-2021-esc-guidelines-on-cardiac-pacing-and-cardiac-resynchro_n0030/na_0040 type NormativeAssertion => glikson-2021-2021-esc-guidelines-on-cardiac-pacing-and-cardiac-resynchro_n0030/na_0040 recommendationStatus NOT_A_RECOMMENDATION
Rule_345	?a type NormativeAssertion => ?a recommendationStatus NOT_A_RECOMMENDATION	supp-material-esc-guidelines_n0029/na_0014 type NormativeAssertion => supp-material-esc-guidelines_n0029/na_0014 recommendationStatus NOT_A_RECOMMENDATION
Rule_345	?a type NormativeAssertion => ?a recommendationStatus NOT_A_RECOMMENDATION	pulmon-1_n0001/na_0014 type NormativeAssertion => pulmon-1_n0001/na_0014 recommendationStatus NOT_A_RECOMMENDATION
Rule_345	?a type NormativeAssertion => ?a recommendationStatus NOT_A_RECOMMENDATION	page-2016-drugs-that-may-cause-or-exacerbate-heart-failure_n0007/na_0002 type NormativeAssertion => page-2016-drugs-that-may-cause-or-exacerbate-heart-failure_n0007/na_0002 recommendationStatus NOT_A_RECOMMENDATION
Rule_345	?a type NormativeAssertion => ?a recommendationStatus NOT_A_RECOMMENDATION	page-2016-drugs-that-may-cause-or-exacerbate-heart-failure_n0005/na_0002 type NormativeAssertion => page-2016-drugs-that-may-cause-or-exacerbate-heart-failure_n0005/na_0002 recommendationStatus NOT_A_RECOMMENDATION
Rule_345	?a type NormativeAssertion => ?a recommendationStatus NOT_A_RECOMMENDATION	malgie-2024-contemporary-guideline-directed-medical-therapy_n0001/na_0001 type NormativeAssertion => malgie-2024-contemporary-guideline-directed-medical-therapy_n0001/na_0001 recommendationStatus NOT_A_RECOMMENDATION
Rule_345	?a type NormativeAssertion => ?a recommendationStatus NOT_A_RECOMMENDATION	mcdonagh-2023-esc-guidelines_n0069/na_0001 type NormativeAssertion => mcdonagh-2023-esc-guidelines_n0069/na_0001 recommendationStatus NOT_A_RECOMMENDATION
Rule_345	?a type NormativeAssertion => ?a recommendationStatus NOT_A_RECOMMENDATION	glikson-2021-2021-esc-guidelines-on-cardiac-pacing-and-cardiac-resynchro_n0030/na_0044 type NormativeAssertion => glikson-2021-2021-esc-guidelines-on-cardiac-pacing-and-cardiac-resynchro_n0030/na_0044 recommendationStatus NOT_A_RECOMMENDATION
Rule_345	?a type NormativeAssertion => ?a recommendationStatus NOT_A_RECOMMENDATION	lenarczyk-2024-management-of-patients-with-an-electrical-storm-or-cluste_n0020/na_0002 type NormativeAssertion => lenarczyk-2024-management-of-patients-with-an-electrical-storm-or-cluste_n0020/na_0002 recommendationStatus NOT_A_RECOMMENDATION
Rule_345	?a type NormativeAssertion => ?a recommendationStatus NOT_A_RECOMMENDATION	ambrosetti-2020-secondary-prevention-comprehensive-cardiovascular-rehabi_n0001/na_0037 type NormativeAssertion => ambrosetti-2020-secondary-prevention-comprehensive-cardiovascular-rehabi_n0001/na_0037 recommendationStatus NOT_A_RECOMMENDATION
Rule_345	?a type NormativeAssertion => ?a recommendationStatus NOT_A_RECOMMENDATION	heidenreich-2022-aha-acc-hfsa-guidelines_n0042/na_0008 type NormativeAssertion => heidenreich-2022-aha-acc-hfsa-guidelines_n0042/na_0008 recommendationStatus NOT_A_RECOMMENDATION
Rule_345	?a type NormativeAssertion => ?a recommendationStatus NOT_A_RECOMMENDATION	heidenreich-2022-aha-acc-hfsa-guidelines_n0114/na_0005 type NormativeAssertion => heidenreich-2022-aha-acc-hfsa-guidelines_n0114/na_0005 recommendationStatus NOT_A_RECOMMENDATION
Rule_345	?a type NormativeAssertion => ?a recommendationStatus NOT_A_RECOMMENDATION	mcdonagh-2023-esc-guidelines_n0034/na_0002 type NormativeAssertion => mcdonagh-2023-esc-guidelines_n0034/na_0002 recommendationStatus NOT_A_RECOMMENDATION
Rule_345	?a type NormativeAssertion => ?a recommendationStatus NOT_A_RECOMMENDATION	tsutsui-2023-natriuretic-peptides-role-in-the-diagnosis-and-management-o_n0003/na_0005 type NormativeAssertion => tsutsui-2023-natriuretic-peptides-role-in-the-diagnosis-and-management-o_n0003/na_0005 recommendationStatus NOT_A_RECOMMENDATION
Rule_345	?a type NormativeAssertion => ?a recommendationStatus NOT_A_RECOMMENDATION	zhang-2020-management-of-heart-failure-patients-with-covid-19_n0003/na_0003 type NormativeAssertion => zhang-2020-management-of-heart-failure-patients-with-covid-19_n0003/na_0003 recommendationStatus NOT_A_RECOMMENDATION
Rule_345	?a type NormativeAssertion => ?a recommendationStatus NOT_A_RECOMMENDATION	supp-material-esc-guidelines_n0009/na_0012 type NormativeAssertion => supp-material-esc-guidelines_n0009/na_0012 recommendationStatus NOT_A_RECOMMENDATION
Rule_345	?a type NormativeAssertion => ?a recommendationStatus NOT_A_RECOMMENDATION	maddox-2021-2021-update-to-the-2017-acc-expert-consensus-decision-pathwa_n0006/na_0012 type NormativeAssertion => maddox-2021-2021-update-to-the-2017-acc-expert-consensus-decision-pathwa_n0006/na_0012 recommendationStatus NOT_A_RECOMMENDATION
Rule_345	?a type NormativeAssertion => ?a recommendationStatus NOT_A_RECOMMENDATION	al-khatib-2017-aha-acc-hrs-guideline-va-and-scd_n0026/na_0005 type NormativeAssertion => al-khatib-2017-aha-acc-hrs-guideline-va-and-scd_n0026/na_0005 recommendationStatus NOT_A_RECOMMENDATION
Rule_345	?a type NormativeAssertion => ?a recommendationStatus NOT_A_RECOMMENDATION	pulmon-1_n0002/na_0007 type NormativeAssertion => pulmon-1_n0002/na_0007 recommendationStatus NOT_A_RECOMMENDATION
Rule_345	?a type NormativeAssertion => ?a recommendationStatus NOT_A_RECOMMENDATION	lenarczyk-2024-management-of-patients-with-an-electrical-storm-or-cluste_n0020/na_0003 type NormativeAssertion => lenarczyk-2024-management-of-patients-with-an-electrical-storm-or-cluste_n0020/na_0003 recommendationStatus NOT_A_RECOMMENDATION
Rule_345	?a type NormativeAssertion => ?a recommendationStatus NOT_A_RECOMMENDATION	malgie-2024-contemporary-guideline-directed-medical-therapy_n0003/na_0005 type NormativeAssertion => malgie-2024-contemporary-guideline-directed-medical-therapy_n0003/na_0005 recommendationStatus NOT_A_RECOMMENDATION
Rule_345	?a type NormativeAssertion => ?a recommendationStatus NOT_A_RECOMMENDATION	mcdonagh-2023-esc-guidelines_n0069/na_0005 type NormativeAssertion => mcdonagh-2023-esc-guidelines_n0069/na_0005 recommendationStatus NOT_A_RECOMMENDATION
Rule_345	?a type NormativeAssertion => ?a recommendationStatus NOT_A_RECOMMENDATION	mcdonagh-2023-esc-guidelines_n0069/na_0002 type NormativeAssertion => mcdonagh-2023-esc-guidelines_n0069/na_0002 recommendationStatus NOT_A_RECOMMENDATION
Rule_345	?a type NormativeAssertion => ?a recommendationStatus NOT_A_RECOMMENDATION	regitz-zagrosek-2018-2018-esc-guideline-for-the-management-of-cardiovasc_n0037/na_0006 type NormativeAssertion => regitz-zagrosek-2018-2018-esc-guideline-for-the-management-of-cardiovasc_n0037/na_0006 recommendationStatus NOT_A_RECOMMENDATION
Rule_345	?a type NormativeAssertion => ?a recommendationStatus NOT_A_RECOMMENDATION	ambrosetti-2020-secondary-prevention-comprehensive-cardiovascular-rehabi_n0001/na_0038 type NormativeAssertion => ambrosetti-2020-secondary-prevention-comprehensive-cardiovascular-rehabi_n0001/na_0038 recommendationStatus NOT_A_RECOMMENDATION
Rule_345	?a type NormativeAssertion => ?a recommendationStatus NOT_A_RECOMMENDATION	zeppenfeld-2022-esc-guidelines-va-and-scd_n0025/na_0004 type NormativeAssertion => zeppenfeld-2022-esc-guidelines-va-and-scd_n0025/na_0004 recommendationStatus NOT_A_RECOMMENDATION
Rule_345	?a type NormativeAssertion => ?a recommendationStatus NOT_A_RECOMMENDATION	page-2016-drugs-that-may-cause-or-exacerbate-heart-failure_n0007/na_0007 type NormativeAssertion => page-2016-drugs-that-may-cause-or-exacerbate-heart-failure_n0007/na_0007 recommendationStatus NOT_A_RECOMMENDATION
Rule_345	?a type NormativeAssertion => ?a recommendationStatus NOT_A_RECOMMENDATION	al-khatib-2017-aha-acc-hrs-guideline-va-and-scd_n0026/na_0002 type NormativeAssertion => al-khatib-2017-aha-acc-hrs-guideline-va-and-scd_n0026/na_0002 recommendationStatus NOT_A_RECOMMENDATION
Rule_345	?a type NormativeAssertion => ?a recommendationStatus NOT_A_RECOMMENDATION	supp-material-esc-guidelines_n0009/na_0008 type NormativeAssertion => supp-material-esc-guidelines_n0009/na_0008 recommendationStatus NOT_A_RECOMMENDATION
Rule_345	?a type NormativeAssertion => ?a recommendationStatus NOT_A_RECOMMENDATION	lenarczyk-2024-management-of-patients-with-an-electrical-storm-or-cluste_n0020/na_0008 type NormativeAssertion => lenarczyk-2024-management-of-patients-with-an-electrical-storm-or-cluste_n0020/na_0008 recommendationStatus NOT_A_RECOMMENDATION
Rule_345	?a type NormativeAssertion => ?a recommendationStatus NOT_A_RECOMMENDATION	mcdonagh-2023-esc-guidelines_n0068/na_0011 type NormativeAssertion => mcdonagh-2023-esc-guidelines_n0068/na_0011 recommendationStatus NOT_A_RECOMMENDATION
Rule_345	?a type NormativeAssertion => ?a recommendationStatus NOT_A_RECOMMENDATION	regitz-zagrosek-2018-2018-esc-guideline-for-the-management-of-cardiovasc_n0042/na_0005 type NormativeAssertion => regitz-zagrosek-2018-2018-esc-guideline-for-the-management-of-cardiovasc_n0042/na_0005 recommendationStatus NOT_A_RECOMMENDATION
Rule_345	?a type NormativeAssertion => ?a recommendationStatus NOT_A_RECOMMENDATION	zhang-2020-management-of-heart-failure-patients-with-covid-19_n0003/na_0001 type NormativeAssertion => zhang-2020-management-of-heart-failure-patients-with-covid-19_n0003/na_0001 recommendationStatus NOT_A_RECOMMENDATION
Rule_345	?a type NormativeAssertion => ?a recommendationStatus NOT_A_RECOMMENDATION	heidenreich-2022-aha-acc-hfsa-guidelines_n0056/na_0022 type NormativeAssertion => heidenreich-2022-aha-acc-hfsa-guidelines_n0056/na_0022 recommendationStatus NOT_A_RECOMMENDATION
Rule_345	?a type NormativeAssertion => ?a recommendationStatus NOT_A_RECOMMENDATION	heidenreich-2022-aha-acc-hfsa-guidelines_n0056/na_0016 type NormativeAssertion => heidenreich-2022-aha-acc-hfsa-guidelines_n0056/na_0016 recommendationStatus NOT_A_RECOMMENDATION
Rule_345	?a type NormativeAssertion => ?a recommendationStatus NOT_A_RECOMMENDATION	maddox-2021-2021-update-to-the-2017-acc-expert-consensus-decision-pathwa_n0017/na_0010 type NormativeAssertion => maddox-2021-2021-update-to-the-2017-acc-expert-consensus-decision-pathwa_n0017/na_0010 recommendationStatus NOT_A_RECOMMENDATION
Rule_345	?a type NormativeAssertion => ?a recommendationStatus NOT_A_RECOMMENDATION	glikson-2021-2021-esc-guidelines-on-cardiac-pacing-and-cardiac-resynchro_n0030/na_0001 type NormativeAssertion => glikson-2021-2021-esc-guidelines-on-cardiac-pacing-and-cardiac-resynchro_n0030/na_0001 recommendationStatus NOT_A_RECOMMENDATION
Rule_345	?a type NormativeAssertion => ?a recommendationStatus NOT_A_RECOMMENDATION	maddox-2021-2021-update-to-the-2017-acc-expert-consensus-decision-pathwa_n0017/na_0019 type NormativeAssertion => maddox-2021-2021-update-to-the-2017-acc-expert-consensus-decision-pathwa_n0017/na_0019 recommendationStatus NOT_A_RECOMMENDATION
Rule_345	?a type NormativeAssertion => ?a recommendationStatus NOT_A_RECOMMENDATION	page-2016-drugs-that-may-cause-or-exacerbate-heart-failure_n0006/na_0011 type NormativeAssertion => page-2016-drugs-that-may-cause-or-exacerbate-heart-failure_n0006/na_0011 recommendationStatus NOT_A_RECOMMENDATION
Rule_345	?a type NormativeAssertion => ?a recommendationStatus NOT_A_RECOMMENDATION	glikson-2021-2021-esc-guidelines-on-cardiac-pacing-and-cardiac-resynchro_n0030/na_0045 type NormativeAssertion => glikson-2021-2021-esc-guidelines-on-cardiac-pacing-and-cardiac-resynchro_n0030/na_0045 recommendationStatus NOT_A_RECOMMENDATION
Rule_345	?a type NormativeAssertion => ?a recommendationStatus NOT_A_RECOMMENDATION	heidenreich-2022-aha-acc-hfsa-guidelines_n0056/na_0014 type NormativeAssertion => heidenreich-2022-aha-acc-hfsa-guidelines_n0056/na_0014 recommendationStatus NOT_A_RECOMMENDATION
Rule_345	?a type NormativeAssertion => ?a recommendationStatus NOT_A_RECOMMENDATION	mcdonagh-2023-esc-guidelines_n0089/na_0002 type NormativeAssertion => mcdonagh-2023-esc-guidelines_n0089/na_0002 recommendationStatus NOT_A_RECOMMENDATION
Rule_345	?a type NormativeAssertion => ?a recommendationStatus NOT_A_RECOMMENDATION	van-diepen-2017-contemporary-management-of-cardiogenic-shock_n0005/na_0006 type NormativeAssertion => van-diepen-2017-contemporary-management-of-cardiogenic-shock_n0005/na_0006 recommendationStatus NOT_A_RECOMMENDATION
Rule_345	?a type NormativeAssertion => ?a recommendationStatus NOT_A_RECOMMENDATION	su_verified_6ed52cdf724db04223b4d1c2e62f3c35f6b42bc19bc5e3198277d681d47e1eb9_table_5/na_0017 type NormativeAssertion => su_verified_6ed52cdf724db04223b4d1c2e62f3c35f6b42bc19bc5e3198277d681d47e1eb9_table_5/na_0017 recommendationStatus NOT_A_RECOMMENDATION
Rule_345	?a type NormativeAssertion => ?a recommendationStatus NOT_A_RECOMMENDATION	maddox-2021-2021-update-to-the-2017-acc-expert-consensus-decision-pathwa_n0003/na_0015 type NormativeAssertion => maddox-2021-2021-update-to-the-2017-acc-expert-consensus-decision-pathwa_n0003/na_0015 recommendationStatus NOT_A_RECOMMENDATION
Rule_345	?a type NormativeAssertion => ?a recommendationStatus NOT_A_RECOMMENDATION	se815e-1_n0001/na_0013 type NormativeAssertion => se815e-1_n0001/na_0013 recommendationStatus NOT_A_RECOMMENDATION
Rule_345	?a type NormativeAssertion => ?a recommendationStatus NOT_A_RECOMMENDATION	mcdonagh-2023-esc-guidelines_n0034/na_0006 type NormativeAssertion => mcdonagh-2023-esc-guidelines_n0034/na_0006 recommendationStatus NOT_A_RECOMMENDATION
Rule_345	?a type NormativeAssertion => ?a recommendationStatus NOT_A_RECOMMENDATION	glikson-2021-2021-esc-guidelines-on-cardiac-pacing-and-cardiac-resynchro_n0030/na_0020 type NormativeAssertion => glikson-2021-2021-esc-guidelines-on-cardiac-pacing-and-cardiac-resynchro_n0030/na_0020 recommendationStatus NOT_A_RECOMMENDATION
Rule_345	?a type NormativeAssertion => ?a recommendationStatus NOT_A_RECOMMENDATION	glikson-2021-2021-esc-guidelines-on-cardiac-pacing-and-cardiac-resynchro_n0030/na_0006 type NormativeAssertion => glikson-2021-2021-esc-guidelines-on-cardiac-pacing-and-cardiac-resynchro_n0030/na_0006 recommendationStatus NOT_A_RECOMMENDATION
Rule_345	?a type NormativeAssertion => ?a recommendationStatus NOT_A_RECOMMENDATION	ambrosetti-2020-secondary-prevention-comprehensive-cardiovascular-rehabi_n0012/na_0011 type NormativeAssertion => ambrosetti-2020-secondary-prevention-comprehensive-cardiovascular-rehabi_n0012/na_0011 recommendationStatus NOT_A_RECOMMENDATION
Rule_345	?a type NormativeAssertion => ?a recommendationStatus NOT_A_RECOMMENDATION	lenarczyk-2024-management-of-patients-with-an-electrical-storm-or-cluste_n0013/na_0003 type NormativeAssertion => lenarczyk-2024-management-of-patients-with-an-electrical-storm-or-cluste_n0013/na_0003 recommendationStatus NOT_A_RECOMMENDATION
Rule_345	?a type NormativeAssertion => ?a recommendationStatus NOT_A_RECOMMENDATION	cardiosmart-decision-aid-icd-for-hf_n0002/na_0001 type NormativeAssertion => cardiosmart-decision-aid-icd-for-hf_n0002/na_0001 recommendationStatus NOT_A_RECOMMENDATION
Rule_345	?a type NormativeAssertion => ?a recommendationStatus NOT_A_RECOMMENDATION	execut-1_n0018/na_0003 type NormativeAssertion => execut-1_n0018/na_0003 recommendationStatus NOT_A_RECOMMENDATION
Rule_345	?a type NormativeAssertion => ?a recommendationStatus NOT_A_RECOMMENDATION	lenarczyk-2024-management-of-patients-with-an-electrical-storm-or-cluste_n0013/na_0011 type NormativeAssertion => lenarczyk-2024-management-of-patients-with-an-electrical-storm-or-cluste_n0013/na_0011 recommendationStatus NOT_A_RECOMMENDATION
Rule_345	?a type NormativeAssertion => ?a recommendationStatus NOT_A_RECOMMENDATION	regitz-zagrosek-2018-2018-esc-guideline-for-the-management-of-cardiovasc_n0045/na_0012 type NormativeAssertion => regitz-zagrosek-2018-2018-esc-guideline-for-the-management-of-cardiovasc_n0045/na_0012 recommendationStatus NOT_A_RECOMMENDATION
Rule_345	?a type NormativeAssertion => ?a recommendationStatus NOT_A_RECOMMENDATION	heidenreich-2022-aha-acc-hfsa-guidelines_n0073/na_0002 type NormativeAssertion => heidenreich-2022-aha-acc-hfsa-guidelines_n0073/na_0002 recommendationStatus NOT_A_RECOMMENDATION
Rule_345	?a type NormativeAssertion => ?a recommendationStatus NOT_A_RECOMMENDATION	su_verified_6ed52cdf724db04223b4d1c2e62f3c35f6b42bc19bc5e3198277d681d47e1eb9_table_5/na_0030 type NormativeAssertion => su_verified_6ed52cdf724db04223b4d1c2e62f3c35f6b42bc19bc5e3198277d681d47e1eb9_table_5/na_0030 recommendationStatus NOT_A_RECOMMENDATION
Rule_345	?a type NormativeAssertion => ?a recommendationStatus NOT_A_RECOMMENDATION	su_verified_0074e29f31a1f0feb082e0064bee46f60bf6b5ae3f8703d1231341374ed97e52_table_1/na_0027 type NormativeAssertion => su_verified_0074e29f31a1f0feb082e0064bee46f60bf6b5ae3f8703d1231341374ed97e52_table_1/na_0027 recommendationStatus NOT_A_RECOMMENDATION
Rule_345	?a type NormativeAssertion => ?a recommendationStatus NOT_A_RECOMMENDATION	page-2016-drugs-that-may-cause-or-exacerbate-heart-failure_n0006/na_0009 type NormativeAssertion => page-2016-drugs-that-may-cause-or-exacerbate-heart-failure_n0006/na_0009 recommendationStatus NOT_A_RECOMMENDATION
Rule_345	?a type NormativeAssertion => ?a recommendationStatus NOT_A_RECOMMENDATION	heidenreich-2022-aha-acc-hfsa-guidelines_n0075/na_0004 type NormativeAssertion => heidenreich-2022-aha-acc-hfsa-guidelines_n0075/na_0004 recommendationStatus NOT_A_RECOMMENDATION
Rule_345	?a type NormativeAssertion => ?a recommendationStatus NOT_A_RECOMMENDATION	al-khatib-2017-aha-acc-hrs-guideline-va-and-scd_n0026/na_0014 type NormativeAssertion => al-khatib-2017-aha-acc-hrs-guideline-va-and-scd_n0026/na_0014 recommendationStatus NOT_A_RECOMMENDATION
Rule_345	?a type NormativeAssertion => ?a recommendationStatus NOT_A_RECOMMENDATION	mcdonagh-2023-esc-guidelines_n0034/na_0012 type NormativeAssertion => mcdonagh-2023-esc-guidelines_n0034/na_0012 recommendationStatus NOT_A_RECOMMENDATION
Rule_345	?a type NormativeAssertion => ?a recommendationStatus NOT_A_RECOMMENDATION	glikson-2021-2021-esc-guidelines-on-cardiac-pacing-and-cardiac-resynchro_n0030/na_0038 type NormativeAssertion => glikson-2021-2021-esc-guidelines-on-cardiac-pacing-and-cardiac-resynchro_n0030/na_0038 recommendationStatus NOT_A_RECOMMENDATION
Rule_345	?a type NormativeAssertion => ?a recommendationStatus NOT_A_RECOMMENDATION	heidenreich-2022-aha-acc-hfsa-guidelines_n0054/na_0010 type NormativeAssertion => heidenreich-2022-aha-acc-hfsa-guidelines_n0054/na_0010 recommendationStatus NOT_A_RECOMMENDATION
Rule_345	?a type NormativeAssertion => ?a recommendationStatus NOT_A_RECOMMENDATION	ambrosetti-2020-secondary-prevention-comprehensive-cardiovascular-rehabi_n0001/na_0031 type NormativeAssertion => ambrosetti-2020-secondary-prevention-comprehensive-cardiovascular-rehabi_n0001/na_0031 recommendationStatus NOT_A_RECOMMENDATION
Rule_345	?a type NormativeAssertion => ?a recommendationStatus NOT_A_RECOMMENDATION	mcdonagh-2023-esc-guidelines_n0068/na_0006 type NormativeAssertion => mcdonagh-2023-esc-guidelines_n0068/na_0006 recommendationStatus NOT_A_RECOMMENDATION
Rule_345	?a type NormativeAssertion => ?a recommendationStatus NOT_A_RECOMMENDATION	heidenreich-2022-aha-acc-hfsa-guidelines_n0056/na_0003 type NormativeAssertion => heidenreich-2022-aha-acc-hfsa-guidelines_n0056/na_0003 recommendationStatus NOT_A_RECOMMENDATION
Rule_345	?a type NormativeAssertion => ?a recommendationStatus NOT_A_RECOMMENDATION	heidenreich-2022-aha-acc-hfsa-guidelines_n0063/na_0005 type NormativeAssertion => heidenreich-2022-aha-acc-hfsa-guidelines_n0063/na_0005 recommendationStatus NOT_A_RECOMMENDATION
Rule_345	?a type NormativeAssertion => ?a recommendationStatus NOT_A_RECOMMENDATION	glikson-2021-2021-esc-guidelines-on-cardiac-pacing-and-cardiac-resynchro_n0030/na_0041 type NormativeAssertion => glikson-2021-2021-esc-guidelines-on-cardiac-pacing-and-cardiac-resynchro_n0030/na_0041 recommendationStatus NOT_A_RECOMMENDATION
Rule_345	?a type NormativeAssertion => ?a recommendationStatus NOT_A_RECOMMENDATION	maddox-2021-2021-update-to-the-2017-acc-expert-consensus-decision-pathwa_n0016/na_0010 type NormativeAssertion => maddox-2021-2021-update-to-the-2017-acc-expert-consensus-decision-pathwa_n0016/na_0010 recommendationStatus NOT_A_RECOMMENDATION
Rule_345	?a type NormativeAssertion => ?a recommendationStatus NOT_A_RECOMMENDATION	mcdonagh-2023-esc-guidelines_n0058/na_0010 type NormativeAssertion => mcdonagh-2023-esc-guidelines_n0058/na_0010 recommendationStatus NOT_A_RECOMMENDATION
Rule_345	?a type NormativeAssertion => ?a recommendationStatus NOT_A_RECOMMENDATION	su_verified_6ed52cdf724db04223b4d1c2e62f3c35f6b42bc19bc5e3198277d681d47e1eb9_table_6/na_0009 type NormativeAssertion => su_verified_6ed52cdf724db04223b4d1c2e62f3c35f6b42bc19bc5e3198277d681d47e1eb9_table_6/na_0009 recommendationStatus NOT_A_RECOMMENDATION
Rule_345	?a type NormativeAssertion => ?a recommendationStatus NOT_A_RECOMMENDATION	page-2016-drugs-that-may-cause-or-exacerbate-heart-failure_n0008/na_0008 type NormativeAssertion => page-2016-drugs-that-may-cause-or-exacerbate-heart-failure_n0008/na_0008 recommendationStatus NOT_A_RECOMMENDATION
Rule_345	?a type NormativeAssertion => ?a recommendationStatus NOT_A_RECOMMENDATION	supp-material-esc-guidelines_n0009/na_0004 type NormativeAssertion => supp-material-esc-guidelines_n0009/na_0004 recommendationStatus NOT_A_RECOMMENDATION
Rule_345	?a type NormativeAssertion => ?a recommendationStatus NOT_A_RECOMMENDATION	maddox-2021-2021-update-to-the-2017-acc-expert-consensus-decision-pathwa_n0016/na_0011 type NormativeAssertion => maddox-2021-2021-update-to-the-2017-acc-expert-consensus-decision-pathwa_n0016/na_0011 recommendationStatus NOT_A_RECOMMENDATION
Rule_345	?a type NormativeAssertion => ?a recommendationStatus NOT_A_RECOMMENDATION	pulmon-1_n0002/na_0004 type NormativeAssertion => pulmon-1_n0002/na_0004 recommendationStatus NOT_A_RECOMMENDATION
Rule_345	?a type NormativeAssertion => ?a recommendationStatus NOT_A_RECOMMENDATION	mcdonagh-2023-esc-guidelines_n0068/na_0007 type NormativeAssertion => mcdonagh-2023-esc-guidelines_n0068/na_0007 recommendationStatus NOT_A_RECOMMENDATION
Rule_345	?a type NormativeAssertion => ?a recommendationStatus NOT_A_RECOMMENDATION	pulmon-1_n0002/na_0008 type NormativeAssertion => pulmon-1_n0002/na_0008 recommendationStatus NOT_A_RECOMMENDATION
Rule_345	?a type NormativeAssertion => ?a recommendationStatus NOT_A_RECOMMENDATION	regitz-zagrosek-2018-2018-esc-guideline-for-the-management-of-cardiovasc_n0041/na_0003 type NormativeAssertion => regitz-zagrosek-2018-2018-esc-guideline-for-the-management-of-cardiovasc_n0041/na_0003 recommendationStatus NOT_A_RECOMMENDATION
Rule_345	?a type NormativeAssertion => ?a recommendationStatus NOT_A_RECOMMENDATION	heidenreich-2022-aha-acc-hfsa-guidelines_n0054/na_0013 type NormativeAssertion => heidenreich-2022-aha-acc-hfsa-guidelines_n0054/na_0013 recommendationStatus NOT_A_RECOMMENDATION
Rule_345	?a type NormativeAssertion => ?a recommendationStatus NOT_A_RECOMMENDATION	supp-material-esc-guidelines_n0009/na_0009 type NormativeAssertion => supp-material-esc-guidelines_n0009/na_0009 recommendationStatus NOT_A_RECOMMENDATION
Rule_345	?a type NormativeAssertion => ?a recommendationStatus NOT_A_RECOMMENDATION	su_verified_6ed52cdf724db04223b4d1c2e62f3c35f6b42bc19bc5e3198277d681d47e1eb9_table_5/na_0014 type NormativeAssertion => su_verified_6ed52cdf724db04223b4d1c2e62f3c35f6b42bc19bc5e3198277d681d47e1eb9_table_5/na_0014 recommendationStatus NOT_A_RECOMMENDATION
Rule_345	?a type NormativeAssertion => ?a recommendationStatus NOT_A_RECOMMENDATION	se815e-1_n0001/na_0001 type NormativeAssertion => se815e-1_n0001/na_0001 recommendationStatus NOT_A_RECOMMENDATION
Rule_345	?a type NormativeAssertion => ?a recommendationStatus NOT_A_RECOMMENDATION	glikson-2021-2021-esc-guidelines-on-cardiac-pacing-and-cardiac-resynchro_n0030/na_0014 type NormativeAssertion => glikson-2021-2021-esc-guidelines-on-cardiac-pacing-and-cardiac-resynchro_n0030/na_0014 recommendationStatus NOT_A_RECOMMENDATION
Rule_345	?a type NormativeAssertion => ?a recommendationStatus NOT_A_RECOMMENDATION	heidenreich-2022-aha-acc-hfsa-guidelines_n0042/na_0006 type NormativeAssertion => heidenreich-2022-aha-acc-hfsa-guidelines_n0042/na_0006 recommendationStatus NOT_A_RECOMMENDATION
Rule_345	?a type NormativeAssertion => ?a recommendationStatus NOT_A_RECOMMENDATION	supp-material-esc-guidelines_n0009/na_0013 type NormativeAssertion => supp-material-esc-guidelines_n0009/na_0013 recommendationStatus NOT_A_RECOMMENDATION
Rule_345	?a type NormativeAssertion => ?a recommendationStatus NOT_A_RECOMMENDATION	mcdonagh-2023-esc-guidelines_n0059/na_0005 type NormativeAssertion => mcdonagh-2023-esc-guidelines_n0059/na_0005 recommendationStatus NOT_A_RECOMMENDATION
Rule_345	?a type NormativeAssertion => ?a recommendationStatus NOT_A_RECOMMENDATION	zeppenfeld-2022-esc-guidelines-va-and-scd_n0040/na_0003 type NormativeAssertion => zeppenfeld-2022-esc-guidelines-va-and-scd_n0040/na_0003 recommendationStatus NOT_A_RECOMMENDATION
Rule_345	?a type NormativeAssertion => ?a recommendationStatus NOT_A_RECOMMENDATION	su_verified_0074e29f31a1f0feb082e0064bee46f60bf6b5ae3f8703d1231341374ed97e52_table_1/na_0038 type NormativeAssertion => su_verified_0074e29f31a1f0feb082e0064bee46f60bf6b5ae3f8703d1231341374ed97e52_table_1/na_0038 recommendationStatus NOT_A_RECOMMENDATION
Rule_345	?a type NormativeAssertion => ?a recommendationStatus NOT_A_RECOMMENDATION	al-khatib-2017-aha-acc-hrs-guideline-va-and-scd_n0056/na_0006 type NormativeAssertion => al-khatib-2017-aha-acc-hrs-guideline-va-and-scd_n0056/na_0006 recommendationStatus NOT_A_RECOMMENDATION
Rule_345	?a type NormativeAssertion => ?a recommendationStatus NOT_A_RECOMMENDATION	lenarczyk-2024-management-of-patients-with-an-electrical-storm-or-cluste_n0020/na_0004 type NormativeAssertion => lenarczyk-2024-management-of-patients-with-an-electrical-storm-or-cluste_n0020/na_0004 recommendationStatus NOT_A_RECOMMENDATION
Rule_345	?a type NormativeAssertion => ?a recommendationStatus NOT_A_RECOMMENDATION	mcdonagh-2023-esc-guidelines_n0058/na_0002 type NormativeAssertion => mcdonagh-2023-esc-guidelines_n0058/na_0002 recommendationStatus NOT_A_RECOMMENDATION
Rule_345	?a type NormativeAssertion => ?a recommendationStatus NOT_A_RECOMMENDATION	execut-1_n0018/na_0001 type NormativeAssertion => execut-1_n0018/na_0001 recommendationStatus NOT_A_RECOMMENDATION
Rule_345	?a type NormativeAssertion => ?a recommendationStatus NOT_A_RECOMMENDATION	se815e-1_n0003/na_0003 type NormativeAssertion => se815e-1_n0003/na_0003 recommendationStatus NOT_A_RECOMMENDATION
Rule_345	?a type NormativeAssertion => ?a recommendationStatus NOT_A_RECOMMENDATION	execut-1_n0018/na_0009 type NormativeAssertion => execut-1_n0018/na_0009 recommendationStatus NOT_A_RECOMMENDATION
Rule_345	?a type NormativeAssertion => ?a recommendationStatus NOT_A_RECOMMENDATION	mcdonagh-2023-esc-guidelines_n0034/na_0014 type NormativeAssertion => mcdonagh-2023-esc-guidelines_n0034/na_0014 recommendationStatus NOT_A_RECOMMENDATION
Rule_345	?a type NormativeAssertion => ?a recommendationStatus NOT_A_RECOMMENDATION	se815e-1_n0001/na_0008 type NormativeAssertion => se815e-1_n0001/na_0008 recommendationStatus NOT_A_RECOMMENDATION
Rule_345	?a type NormativeAssertion => ?a recommendationStatus NOT_A_RECOMMENDATION	maddox-2021-2021-update-to-the-2017-acc-expert-consensus-decision-pathwa_n0008/na_0013 type NormativeAssertion => maddox-2021-2021-update-to-the-2017-acc-expert-consensus-decision-pathwa_n0008/na_0013 recommendationStatus NOT_A_RECOMMENDATION
Rule_345	?a type NormativeAssertion => ?a recommendationStatus NOT_A_RECOMMENDATION	heidenreich-2022-aha-acc-hfsa-guidelines_n0082/na_0001 type NormativeAssertion => heidenreich-2022-aha-acc-hfsa-guidelines_n0082/na_0001 recommendationStatus NOT_A_RECOMMENDATION
Rule_345	?a type NormativeAssertion => ?a recommendationStatus NOT_A_RECOMMENDATION	zeppenfeld-2022-esc-guidelines-va-and-scd_n0025/na_0014 type NormativeAssertion => zeppenfeld-2022-esc-guidelines-va-and-scd_n0025/na_0014 recommendationStatus NOT_A_RECOMMENDATION
Rule_345	?a type NormativeAssertion => ?a recommendationStatus NOT_A_RECOMMENDATION	su_verified_0074e29f31a1f0feb082e0064bee46f60bf6b5ae3f8703d1231341374ed97e52_table_1/na_0070 type NormativeAssertion => su_verified_0074e29f31a1f0feb082e0064bee46f60bf6b5ae3f8703d1231341374ed97e52_table_1/na_0070 recommendationStatus NOT_A_RECOMMENDATION
Rule_345	?a type NormativeAssertion => ?a recommendationStatus NOT_A_RECOMMENDATION	heidenreich-2022-aha-acc-hfsa-guidelines_n0075/na_0006 type NormativeAssertion => heidenreich-2022-aha-acc-hfsa-guidelines_n0075/na_0006 recommendationStatus NOT_A_RECOMMENDATION
Rule_345	?a type NormativeAssertion => ?a recommendationStatus NOT_A_RECOMMENDATION	se815e-1_n0001/na_0012 type NormativeAssertion => se815e-1_n0001/na_0012 recommendationStatus NOT_A_RECOMMENDATION
Rule_345	?a type NormativeAssertion => ?a recommendationStatus NOT_A_RECOMMENDATION	su_verified_6ed52cdf724db04223b4d1c2e62f3c35f6b42bc19bc5e3198277d681d47e1eb9_table_5/na_0035 type NormativeAssertion => su_verified_6ed52cdf724db04223b4d1c2e62f3c35f6b42bc19bc5e3198277d681d47e1eb9_table_5/na_0035 recommendationStatus NOT_A_RECOMMENDATION
Rule_345	?a type NormativeAssertion => ?a recommendationStatus NOT_A_RECOMMENDATION	glikson-2021-2021-esc-guidelines-on-cardiac-pacing-and-cardiac-resynchro_n0030/na_0039 type NormativeAssertion => glikson-2021-2021-esc-guidelines-on-cardiac-pacing-and-cardiac-resynchro_n0030/na_0039 recommendationStatus NOT_A_RECOMMENDATION
Rule_345	?a type NormativeAssertion => ?a recommendationStatus NOT_A_RECOMMENDATION	supp-material-esc-guidelines_n0009/na_0018 type NormativeAssertion => supp-material-esc-guidelines_n0009/na_0018 recommendationStatus NOT_A_RECOMMENDATION
Rule_345	?a type NormativeAssertion => ?a recommendationStatus NOT_A_RECOMMENDATION	maddox-2021-2021-update-to-the-2017-acc-expert-consensus-decision-pathwa_n0017/na_0004 type NormativeAssertion => maddox-2021-2021-update-to-the-2017-acc-expert-consensus-decision-pathwa_n0017/na_0004 recommendationStatus NOT_A_RECOMMENDATION
Rule_345	?a type NormativeAssertion => ?a recommendationStatus NOT_A_RECOMMENDATION	tsutsui-2023-natriuretic-peptides-role-in-the-diagnosis-and-management-o_n0003/na_0007 type NormativeAssertion => tsutsui-2023-natriuretic-peptides-role-in-the-diagnosis-and-management-o_n0003/na_0007 recommendationStatus NOT_A_RECOMMENDATION
Rule_345	?a type NormativeAssertion => ?a recommendationStatus NOT_A_RECOMMENDATION	esc-heart-failure-patient-guidelines-update-2023-german_n0004/na_0004 type NormativeAssertion => esc-heart-failure-patient-guidelines-update-2023-german_n0004/na_0004 recommendationStatus NOT_A_RECOMMENDATION
Rule_345	?a type NormativeAssertion => ?a recommendationStatus NOT_A_RECOMMENDATION	zeppenfeld-2022-esc-guidelines-va-and-scd_n0038/na_0003 type NormativeAssertion => zeppenfeld-2022-esc-guidelines-va-and-scd_n0038/na_0003 recommendationStatus NOT_A_RECOMMENDATION
Rule_345	?a type NormativeAssertion => ?a recommendationStatus NOT_A_RECOMMENDATION	mcdonagh-2023-esc-guidelines_n0058/na_0009 type NormativeAssertion => mcdonagh-2023-esc-guidelines_n0058/na_0009 recommendationStatus NOT_A_RECOMMENDATION
Rule_345	?a type NormativeAssertion => ?a recommendationStatus NOT_A_RECOMMENDATION	zhang-2020-management-of-heart-failure-patients-with-covid-19_n0003/na_0007 type NormativeAssertion => zhang-2020-management-of-heart-failure-patients-with-covid-19_n0003/na_0007 recommendationStatus NOT_A_RECOMMENDATION
Rule_345	?a type NormativeAssertion => ?a recommendationStatus NOT_A_RECOMMENDATION	zeppenfeld-2022-esc-guidelines-va-and-scd_n0038/na_0006 type NormativeAssertion => zeppenfeld-2022-esc-guidelines-va-and-scd_n0038/na_0006 recommendationStatus NOT_A_RECOMMENDATION
Rule_345	?a type NormativeAssertion => ?a recommendationStatus NOT_A_RECOMMENDATION	al-khatib-2017-aha-acc-hrs-guideline-va-and-scd_n0026/na_0015 type NormativeAssertion => al-khatib-2017-aha-acc-hrs-guideline-va-and-scd_n0026/na_0015 recommendationStatus NOT_A_RECOMMENDATION
Rule_345	?a type NormativeAssertion => ?a recommendationStatus NOT_A_RECOMMENDATION	su_verified_6ed52cdf724db04223b4d1c2e62f3c35f6b42bc19bc5e3198277d681d47e1eb9_table_7/na_0040 type NormativeAssertion => su_verified_6ed52cdf724db04223b4d1c2e62f3c35f6b42bc19bc5e3198277d681d47e1eb9_table_7/na_0040 recommendationStatus NOT_A_RECOMMENDATION
Rule_345	?a type NormativeAssertion => ?a recommendationStatus NOT_A_RECOMMENDATION	tsutsui-2023-natriuretic-peptides-role-in-the-diagnosis-and-management-o_n0003/na_0013 type NormativeAssertion => tsutsui-2023-natriuretic-peptides-role-in-the-diagnosis-and-management-o_n0003/na_0013 recommendationStatus NOT_A_RECOMMENDATION
Rule_345	?a type NormativeAssertion => ?a recommendationStatus NOT_A_RECOMMENDATION	ambrosetti-2020-secondary-prevention-comprehensive-cardiovascular-rehabi_n0001/na_0015 type NormativeAssertion => ambrosetti-2020-secondary-prevention-comprehensive-cardiovascular-rehabi_n0001/na_0015 recommendationStatus NOT_A_RECOMMENDATION
Rule_345	?a type NormativeAssertion => ?a recommendationStatus NOT_A_RECOMMENDATION	su_verified_6ed52cdf724db04223b4d1c2e62f3c35f6b42bc19bc5e3198277d681d47e1eb9_table_5/na_0051 type NormativeAssertion => su_verified_6ed52cdf724db04223b4d1c2e62f3c35f6b42bc19bc5e3198277d681d47e1eb9_table_5/na_0051 recommendationStatus NOT_A_RECOMMENDATION
Rule_345	?a type NormativeAssertion => ?a recommendationStatus NOT_A_RECOMMENDATION	execut-1_n0018/na_0016 type NormativeAssertion => execut-1_n0018/na_0016 recommendationStatus NOT_A_RECOMMENDATION
Rule_345	?a type NormativeAssertion => ?a recommendationStatus NOT_A_RECOMMENDATION	maddox-2021-2021-update-to-the-2017-acc-expert-consensus-decision-pathwa_n0003/na_0013 type NormativeAssertion => maddox-2021-2021-update-to-the-2017-acc-expert-consensus-decision-pathwa_n0003/na_0013 recommendationStatus NOT_A_RECOMMENDATION
Rule_345	?a type NormativeAssertion => ?a recommendationStatus NOT_A_RECOMMENDATION	maddox-2021-2021-update-to-the-2017-acc-expert-consensus-decision-pathwa_n0016/na_0009 type NormativeAssertion => maddox-2021-2021-update-to-the-2017-acc-expert-consensus-decision-pathwa_n0016/na_0009 recommendationStatus NOT_A_RECOMMENDATION
Rule_345	?a type NormativeAssertion => ?a recommendationStatus NOT_A_RECOMMENDATION	glikson-2021-2021-esc-guidelines-on-cardiac-pacing-and-cardiac-resynchro_n0030/na_0004 type NormativeAssertion => glikson-2021-2021-esc-guidelines-on-cardiac-pacing-and-cardiac-resynchro_n0030/na_0004 recommendationStatus NOT_A_RECOMMENDATION
Rule_345	?a type NormativeAssertion => ?a recommendationStatus NOT_A_RECOMMENDATION	regitz-zagrosek-2018-2018-esc-guideline-for-the-management-of-cardiovasc_n0037/na_0004 type NormativeAssertion => regitz-zagrosek-2018-2018-esc-guideline-for-the-management-of-cardiovasc_n0037/na_0004 recommendationStatus NOT_A_RECOMMENDATION
Rule_345	?a type NormativeAssertion => ?a recommendationStatus NOT_A_RECOMMENDATION	cardiosmart-modul1-zusammengefugt_n0007/na_0001 type NormativeAssertion => cardiosmart-modul1-zusammengefugt_n0007/na_0001 recommendationStatus NOT_A_RECOMMENDATION
Rule_345	?a type NormativeAssertion => ?a recommendationStatus NOT_A_RECOMMENDATION	medis-websiten-zusammengefugt_n0006/na_0004 type NormativeAssertion => medis-websiten-zusammengefugt_n0006/na_0004 recommendationStatus NOT_A_RECOMMENDATION
Rule_345	?a type NormativeAssertion => ?a recommendationStatus NOT_A_RECOMMENDATION	glikson-2021-2021-esc-guidelines-on-cardiac-pacing-and-cardiac-resynchro_n0030/na_0032 type NormativeAssertion => glikson-2021-2021-esc-guidelines-on-cardiac-pacing-and-cardiac-resynchro_n0030/na_0032 recommendationStatus NOT_A_RECOMMENDATION
Rule_345	?a type NormativeAssertion => ?a recommendationStatus NOT_A_RECOMMENDATION	visseren-2021-esc-guidelines-cardiovascular-disease-prevention_n0047/na_0005 type NormativeAssertion => visseren-2021-esc-guidelines-cardiovascular-disease-prevention_n0047/na_0005 recommendationStatus NOT_A_RECOMMENDATION
Rule_345	?a type NormativeAssertion => ?a recommendationStatus NOT_A_RECOMMENDATION	zeppenfeld-2022-esc-guidelines-va-and-scd_n0040/na_0002 type NormativeAssertion => zeppenfeld-2022-esc-guidelines-va-and-scd_n0040/na_0002 recommendationStatus NOT_A_RECOMMENDATION
Rule_345	?a type NormativeAssertion => ?a recommendationStatus NOT_A_RECOMMENDATION	pulmon-1_n0001/na_0008 type NormativeAssertion => pulmon-1_n0001/na_0008 recommendationStatus NOT_A_RECOMMENDATION
Rule_345	?a type NormativeAssertion => ?a recommendationStatus NOT_A_RECOMMENDATION	se815e-1_n0001/na_0018 type NormativeAssertion => se815e-1_n0001/na_0018 recommendationStatus NOT_A_RECOMMENDATION
Rule_345	?a type NormativeAssertion => ?a recommendationStatus NOT_A_RECOMMENDATION	se815e-1_n0001/na_0016 type NormativeAssertion => se815e-1_n0001/na_0016 recommendationStatus NOT_A_RECOMMENDATION
Rule_345	?a type NormativeAssertion => ?a recommendationStatus NOT_A_RECOMMENDATION	mcdonagh-2023-esc-guidelines_n0034/na_0015 type NormativeAssertion => mcdonagh-2023-esc-guidelines_n0034/na_0015 recommendationStatus NOT_A_RECOMMENDATION
Rule_345	?a type NormativeAssertion => ?a recommendationStatus NOT_A_RECOMMENDATION	sbolli-2020-depression-and-heart-failure_n0003/na_0002 type NormativeAssertion => sbolli-2020-depression-and-heart-failure_n0003/na_0002 recommendationStatus NOT_A_RECOMMENDATION
Rule_345	?a type NormativeAssertion => ?a recommendationStatus NOT_A_RECOMMENDATION	heidenreich-2022-aha-acc-hfsa-guidelines_n0056/na_0004 type NormativeAssertion => heidenreich-2022-aha-acc-hfsa-guidelines_n0056/na_0004 recommendationStatus NOT_A_RECOMMENDATION
Rule_345	?a type NormativeAssertion => ?a recommendationStatus NOT_A_RECOMMENDATION	su_verified_0074e29f31a1f0feb082e0064bee46f60bf6b5ae3f8703d1231341374ed97e52_table_1/na_0026 type NormativeAssertion => su_verified_0074e29f31a1f0feb082e0064bee46f60bf6b5ae3f8703d1231341374ed97e52_table_1/na_0026 recommendationStatus NOT_A_RECOMMENDATION
Rule_345	?a type NormativeAssertion => ?a recommendationStatus NOT_A_RECOMMENDATION	mcdonagh-2023-esc-guidelines_n0058/na_0004 type NormativeAssertion => mcdonagh-2023-esc-guidelines_n0058/na_0004 recommendationStatus NOT_A_RECOMMENDATION
Rule_345	?a type NormativeAssertion => ?a recommendationStatus NOT_A_RECOMMENDATION	maddox-2021-2021-update-to-the-2017-acc-expert-consensus-decision-pathwa_n0016/na_0004 type NormativeAssertion => maddox-2021-2021-update-to-the-2017-acc-expert-consensus-decision-pathwa_n0016/na_0004 recommendationStatus NOT_A_RECOMMENDATION
Rule_345	?a type NormativeAssertion => ?a recommendationStatus NOT_A_RECOMMENDATION	maddox-2021-2021-update-to-the-2017-acc-expert-consensus-decision-pathwa_n0016/na_0002 type NormativeAssertion => maddox-2021-2021-update-to-the-2017-acc-expert-consensus-decision-pathwa_n0016/na_0002 recommendationStatus NOT_A_RECOMMENDATION
Rule_345	?a type NormativeAssertion => ?a recommendationStatus NOT_A_RECOMMENDATION	pulmon-1_n0002/na_0011 type NormativeAssertion => pulmon-1_n0002/na_0011 recommendationStatus NOT_A_RECOMMENDATION
Rule_345	?a type NormativeAssertion => ?a recommendationStatus NOT_A_RECOMMENDATION	page-2016-drugs-that-may-cause-or-exacerbate-heart-failure_n0008/na_0005 type NormativeAssertion => page-2016-drugs-that-may-cause-or-exacerbate-heart-failure_n0008/na_0005 recommendationStatus NOT_A_RECOMMENDATION
Rule_345	?a type NormativeAssertion => ?a recommendationStatus NOT_A_RECOMMENDATION	mcdonagh-2023-esc-guidelines_n0059/na_0016 type NormativeAssertion => mcdonagh-2023-esc-guidelines_n0059/na_0016 recommendationStatus NOT_A_RECOMMENDATION
Rule_345	?a type NormativeAssertion => ?a recommendationStatus NOT_A_RECOMMENDATION	pulmon-1_n0001/na_0003 type NormativeAssertion => pulmon-1_n0001/na_0003 recommendationStatus NOT_A_RECOMMENDATION
Rule_345	?a type NormativeAssertion => ?a recommendationStatus NOT_A_RECOMMENDATION	page-2016-drugs-that-may-cause-or-exacerbate-heart-failure_n0009/na_0003 type NormativeAssertion => page-2016-drugs-that-may-cause-or-exacerbate-heart-failure_n0009/na_0003 recommendationStatus NOT_A_RECOMMENDATION
Rule_345	?a type NormativeAssertion => ?a recommendationStatus NOT_A_RECOMMENDATION	supp-material-esc-guidelines_n0029/na_0007 type NormativeAssertion => supp-material-esc-guidelines_n0029/na_0007 recommendationStatus NOT_A_RECOMMENDATION
Rule_345	?a type NormativeAssertion => ?a recommendationStatus NOT_A_RECOMMENDATION	maddox-2021-2021-update-to-the-2017-acc-expert-consensus-decision-pathwa_n0015/na_0002 type NormativeAssertion => maddox-2021-2021-update-to-the-2017-acc-expert-consensus-decision-pathwa_n0015/na_0002 recommendationStatus NOT_A_RECOMMENDATION
Rule_345	?a type NormativeAssertion => ?a recommendationStatus NOT_A_RECOMMENDATION	su_verified_6ed52cdf724db04223b4d1c2e62f3c35f6b42bc19bc5e3198277d681d47e1eb9_table_7/na_0012 type NormativeAssertion => su_verified_6ed52cdf724db04223b4d1c2e62f3c35f6b42bc19bc5e3198277d681d47e1eb9_table_7/na_0012 recommendationStatus NOT_A_RECOMMENDATION
Rule_345	?a type NormativeAssertion => ?a recommendationStatus NOT_A_RECOMMENDATION	page-2016-drugs-that-may-cause-or-exacerbate-heart-failure_n0006/na_0014 type NormativeAssertion => page-2016-drugs-that-may-cause-or-exacerbate-heart-failure_n0006/na_0014 recommendationStatus NOT_A_RECOMMENDATION
Rule_345	?a type NormativeAssertion => ?a recommendationStatus NOT_A_RECOMMENDATION	supp-material-esc-guidelines_n0009/na_0002 type NormativeAssertion => supp-material-esc-guidelines_n0009/na_0002 recommendationStatus NOT_A_RECOMMENDATION
Rule_345	?a type NormativeAssertion => ?a recommendationStatus NOT_A_RECOMMENDATION	maddox-2021-2021-update-to-the-2017-acc-expert-consensus-decision-pathwa_n0017/na_0023 type NormativeAssertion => maddox-2021-2021-update-to-the-2017-acc-expert-consensus-decision-pathwa_n0017/na_0023 recommendationStatus NOT_A_RECOMMENDATION
Rule_345	?a type NormativeAssertion => ?a recommendationStatus NOT_A_RECOMMENDATION	page-2016-drugs-that-may-cause-or-exacerbate-heart-failure_n0007/na_0004 type NormativeAssertion => page-2016-drugs-that-may-cause-or-exacerbate-heart-failure_n0007/na_0004 recommendationStatus NOT_A_RECOMMENDATION
Rule_345	?a type NormativeAssertion => ?a recommendationStatus NOT_A_RECOMMENDATION	al-khatib-2017-aha-acc-hrs-guideline-va-and-scd_n0056/na_0007 type NormativeAssertion => al-khatib-2017-aha-acc-hrs-guideline-va-and-scd_n0056/na_0007 recommendationStatus NOT_A_RECOMMENDATION
Rule_345	?a type NormativeAssertion => ?a recommendationStatus NOT_A_RECOMMENDATION	execut-1_n0018/na_0017 type NormativeAssertion => execut-1_n0018/na_0017 recommendationStatus NOT_A_RECOMMENDATION
Rule_345	?a type NormativeAssertion => ?a recommendationStatus NOT_A_RECOMMENDATION	page-2016-drugs-that-may-cause-or-exacerbate-heart-failure_n0008/na_0006 type NormativeAssertion => page-2016-drugs-that-may-cause-or-exacerbate-heart-failure_n0008/na_0006 recommendationStatus NOT_A_RECOMMENDATION
Rule_345	?a type NormativeAssertion => ?a recommendationStatus NOT_A_RECOMMENDATION	maddox-2021-2021-update-to-the-2017-acc-expert-consensus-decision-pathwa_n0015/na_0009 type NormativeAssertion => maddox-2021-2021-update-to-the-2017-acc-expert-consensus-decision-pathwa_n0015/na_0009 recommendationStatus NOT_A_RECOMMENDATION
Rule_345	?a type NormativeAssertion => ?a recommendationStatus NOT_A_RECOMMENDATION	regitz-zagrosek-2018-2018-esc-guideline-for-the-management-of-cardiovasc_n0045/na_0011 type NormativeAssertion => regitz-zagrosek-2018-2018-esc-guideline-for-the-management-of-cardiovasc_n0045/na_0011 recommendationStatus NOT_A_RECOMMENDATION
Rule_345	?a type NormativeAssertion => ?a recommendationStatus NOT_A_RECOMMENDATION	pulmon-1_n0001/na_0013 type NormativeAssertion => pulmon-1_n0001/na_0013 recommendationStatus NOT_A_RECOMMENDATION
Rule_345	?a type NormativeAssertion => ?a recommendationStatus NOT_A_RECOMMENDATION	zhang-2020-management-of-heart-failure-patients-with-covid-19_n0002/na_0009 type NormativeAssertion => zhang-2020-management-of-heart-failure-patients-with-covid-19_n0002/na_0009 recommendationStatus NOT_A_RECOMMENDATION
Rule_345	?a type NormativeAssertion => ?a recommendationStatus NOT_A_RECOMMENDATION	supp-material-esc-guidelines_n0029/na_0012 type NormativeAssertion => supp-material-esc-guidelines_n0029/na_0012 recommendationStatus NOT_A_RECOMMENDATION
Rule_345	?a type NormativeAssertion => ?a recommendationStatus NOT_A_RECOMMENDATION	su_verified_0074e29f31a1f0feb082e0064bee46f60bf6b5ae3f8703d1231341374ed97e52_table_1/na_0096 type NormativeAssertion => su_verified_0074e29f31a1f0feb082e0064bee46f60bf6b5ae3f8703d1231341374ed97e52_table_1/na_0096 recommendationStatus NOT_A_RECOMMENDATION
Rule_345	?a type NormativeAssertion => ?a recommendationStatus NOT_A_RECOMMENDATION	lenarczyk-2024-management-of-patients-with-an-electrical-storm-or-cluste_n0013/na_0013 type NormativeAssertion => lenarczyk-2024-management-of-patients-with-an-electrical-storm-or-cluste_n0013/na_0013 recommendationStatus NOT_A_RECOMMENDATION
Rule_345	?a type NormativeAssertion => ?a recommendationStatus NOT_A_RECOMMENDATION	mcdonagh-2023-esc-guidelines_n0034/na_0005 type NormativeAssertion => mcdonagh-2023-esc-guidelines_n0034/na_0005 recommendationStatus NOT_A_RECOMMENDATION
Rule_345	?a type NormativeAssertion => ?a recommendationStatus NOT_A_RECOMMENDATION	heidenreich-2022-aha-acc-hfsa-guidelines_n0057/na_0002 type NormativeAssertion => heidenreich-2022-aha-acc-hfsa-guidelines_n0057/na_0002 recommendationStatus NOT_A_RECOMMENDATION
Rule_345	?a type NormativeAssertion => ?a recommendationStatus NOT_A_RECOMMENDATION	mullens-2019-the-use-of-diuretics-in-heart-failure-with-congestion_n0003/na_0001 type NormativeAssertion => mullens-2019-the-use-of-diuretics-in-heart-failure-with-congestion_n0003/na_0001 recommendationStatus NOT_A_RECOMMENDATION
Rule_345	?a type NormativeAssertion => ?a recommendationStatus NOT_A_RECOMMENDATION	maddox-2021-2021-update-to-the-2017-acc-expert-consensus-decision-pathwa_n0003/na_0011 type NormativeAssertion => maddox-2021-2021-update-to-the-2017-acc-expert-consensus-decision-pathwa_n0003/na_0011 recommendationStatus NOT_A_RECOMMENDATION
Rule_345	?a type NormativeAssertion => ?a recommendationStatus NOT_A_RECOMMENDATION	sbolli-2020-depression-and-heart-failure_n0003/na_0001 type NormativeAssertion => sbolli-2020-depression-and-heart-failure_n0003/na_0001 recommendationStatus NOT_A_RECOMMENDATION
Rule_345	?a type NormativeAssertion => ?a recommendationStatus NOT_A_RECOMMENDATION	al-khatib-2017-aha-acc-hrs-guideline-va-and-scd_n0056/na_0002 type NormativeAssertion => al-khatib-2017-aha-acc-hrs-guideline-va-and-scd_n0056/na_0002 recommendationStatus NOT_A_RECOMMENDATION
Rule_345	?a type NormativeAssertion => ?a recommendationStatus NOT_A_RECOMMENDATION	ambrosetti-2020-secondary-prevention-comprehensive-cardiovascular-rehabi_n0006/na_0023 type NormativeAssertion => ambrosetti-2020-secondary-prevention-comprehensive-cardiovascular-rehabi_n0006/na_0023 recommendationStatus NOT_A_RECOMMENDATION
Rule_345	?a type NormativeAssertion => ?a recommendationStatus NOT_A_RECOMMENDATION	mcdonagh-2023-esc-guidelines_n0059/na_0014 type NormativeAssertion => mcdonagh-2023-esc-guidelines_n0059/na_0014 recommendationStatus NOT_A_RECOMMENDATION
Rule_345	?a type NormativeAssertion => ?a recommendationStatus NOT_A_RECOMMENDATION	mcdonagh-2023-esc-guidelines_n0058/na_0006 type NormativeAssertion => mcdonagh-2023-esc-guidelines_n0058/na_0006 recommendationStatus NOT_A_RECOMMENDATION
Rule_345	?a type NormativeAssertion => ?a recommendationStatus NOT_A_RECOMMENDATION	mcdonagh-2023-esc-guidelines_n0059/na_0001 type NormativeAssertion => mcdonagh-2023-esc-guidelines_n0059/na_0001 recommendationStatus NOT_A_RECOMMENDATION
Rule_345	?a type NormativeAssertion => ?a recommendationStatus NOT_A_RECOMMENDATION	pulmon-1_n0002/na_0006 type NormativeAssertion => pulmon-1_n0002/na_0006 recommendationStatus NOT_A_RECOMMENDATION
Rule_345	?a type NormativeAssertion => ?a recommendationStatus NOT_A_RECOMMENDATION	pulmon-1_n0002/na_0002 type NormativeAssertion => pulmon-1_n0002/na_0002 recommendationStatus NOT_A_RECOMMENDATION
Rule_345	?a type NormativeAssertion => ?a recommendationStatus NOT_A_RECOMMENDATION	execut-1_n0018/na_0018 type NormativeAssertion => execut-1_n0018/na_0018 recommendationStatus NOT_A_RECOMMENDATION
Rule_345	?a type NormativeAssertion => ?a recommendationStatus NOT_A_RECOMMENDATION	maddox-2021-2021-update-to-the-2017-acc-expert-consensus-decision-pathwa_n0003/na_0001 type NormativeAssertion => maddox-2021-2021-update-to-the-2017-acc-expert-consensus-decision-pathwa_n0003/na_0001 recommendationStatus NOT_A_RECOMMENDATION
Rule_345	?a type NormativeAssertion => ?a recommendationStatus NOT_A_RECOMMENDATION	maddox-2021-2021-update-to-the-2017-acc-expert-consensus-decision-pathwa_n0004/na_0003 type NormativeAssertion => maddox-2021-2021-update-to-the-2017-acc-expert-consensus-decision-pathwa_n0004/na_0003 recommendationStatus NOT_A_RECOMMENDATION
Rule_345	?a type NormativeAssertion => ?a recommendationStatus NOT_A_RECOMMENDATION	se815e-1_n0001/na_0017 type NormativeAssertion => se815e-1_n0001/na_0017 recommendationStatus NOT_A_RECOMMENDATION
Rule_345	?a type NormativeAssertion => ?a recommendationStatus NOT_A_RECOMMENDATION	heidenreich-2022-aha-acc-hfsa-guidelines_n0056/na_0001 type NormativeAssertion => heidenreich-2022-aha-acc-hfsa-guidelines_n0056/na_0001 recommendationStatus NOT_A_RECOMMENDATION
Rule_345	?a type NormativeAssertion => ?a recommendationStatus NOT_A_RECOMMENDATION	maddox-2021-2021-update-to-the-2017-acc-expert-consensus-decision-pathwa_n0015/na_0005 type NormativeAssertion => maddox-2021-2021-update-to-the-2017-acc-expert-consensus-decision-pathwa_n0015/na_0005 recommendationStatus NOT_A_RECOMMENDATION
Rule_345	?a type NormativeAssertion => ?a recommendationStatus NOT_A_RECOMMENDATION	sbolli-2020-depression-and-heart-failure_n0003/na_0003 type NormativeAssertion => sbolli-2020-depression-and-heart-failure_n0003/na_0003 recommendationStatus NOT_A_RECOMMENDATION
Rule_345	?a type NormativeAssertion => ?a recommendationStatus NOT_A_RECOMMENDATION	van-diepen-2017-contemporary-management-of-cardiogenic-shock_n0005/na_0003 type NormativeAssertion => van-diepen-2017-contemporary-management-of-cardiogenic-shock_n0005/na_0003 recommendationStatus NOT_A_RECOMMENDATION
Rule_345	?a type NormativeAssertion => ?a recommendationStatus NOT_A_RECOMMENDATION	glikson-2021-2021-esc-guidelines-on-cardiac-pacing-and-cardiac-resynchro_n0030/na_0010 type NormativeAssertion => glikson-2021-2021-esc-guidelines-on-cardiac-pacing-and-cardiac-resynchro_n0030/na_0010 recommendationStatus NOT_A_RECOMMENDATION
Rule_345	?a type NormativeAssertion => ?a recommendationStatus NOT_A_RECOMMENDATION	mebaza-2015-recommendations-on-pre-hospital-early-hospital-management-of_n0003/na_0002 type NormativeAssertion => mebaza-2015-recommendations-on-pre-hospital-early-hospital-management-of_n0003/na_0002 recommendationStatus NOT_A_RECOMMENDATION
Rule_345	?a type NormativeAssertion => ?a recommendationStatus NOT_A_RECOMMENDATION	heidenreich-2022-aha-acc-hfsa-guidelines_n0056/na_0011 type NormativeAssertion => heidenreich-2022-aha-acc-hfsa-guidelines_n0056/na_0011 recommendationStatus NOT_A_RECOMMENDATION
Rule_345	?a type NormativeAssertion => ?a recommendationStatus NOT_A_RECOMMENDATION	supp-material-esc-guidelines_n0009/na_0001 type NormativeAssertion => supp-material-esc-guidelines_n0009/na_0001 recommendationStatus NOT_A_RECOMMENDATION
Rule_345	?a type NormativeAssertion => ?a recommendationStatus NOT_A_RECOMMENDATION	zhang-2020-management-of-heart-failure-patients-with-covid-19_n0003/na_0018 type NormativeAssertion => zhang-2020-management-of-heart-failure-patients-with-covid-19_n0003/na_0018 recommendationStatus NOT_A_RECOMMENDATION
Rule_345	?a type NormativeAssertion => ?a recommendationStatus NOT_A_RECOMMENDATION	glikson-2021-2021-esc-guidelines-on-cardiac-pacing-and-cardiac-resynchro_n0030/na_0023 type NormativeAssertion => glikson-2021-2021-esc-guidelines-on-cardiac-pacing-and-cardiac-resynchro_n0030/na_0023 recommendationStatus NOT_A_RECOMMENDATION
Rule_345	?a type NormativeAssertion => ?a recommendationStatus NOT_A_RECOMMENDATION	al-khatib-2017-aha-acc-hrs-guideline-va-and-scd_n0026/na_0001 type NormativeAssertion => al-khatib-2017-aha-acc-hrs-guideline-va-and-scd_n0026/na_0001 recommendationStatus NOT_A_RECOMMENDATION
Rule_345	?a type NormativeAssertion => ?a recommendationStatus NOT_A_RECOMMENDATION	pulmon-1_n0002/na_0001 type NormativeAssertion => pulmon-1_n0002/na_0001 recommendationStatus NOT_A_RECOMMENDATION
Rule_345	?a type NormativeAssertion => ?a recommendationStatus NOT_A_RECOMMENDATION	zhang-2020-management-of-heart-failure-patients-with-covid-19_n0003/na_0009 type NormativeAssertion => zhang-2020-management-of-heart-failure-patients-with-covid-19_n0003/na_0009 recommendationStatus NOT_A_RECOMMENDATION
Rule_345	?a type NormativeAssertion => ?a recommendationStatus NOT_A_RECOMMENDATION	zhang-2020-management-of-heart-failure-patients-with-covid-19_n0003/na_0008 type NormativeAssertion => zhang-2020-management-of-heart-failure-patients-with-covid-19_n0003/na_0008 recommendationStatus NOT_A_RECOMMENDATION
Rule_345	?a type NormativeAssertion => ?a recommendationStatus NOT_A_RECOMMENDATION	heidenreich-2022-aha-acc-hfsa-guidelines_n0054/na_0011 type NormativeAssertion => heidenreich-2022-aha-acc-hfsa-guidelines_n0054/na_0011 recommendationStatus NOT_A_RECOMMENDATION
Rule_345	?a type NormativeAssertion => ?a recommendationStatus NOT_A_RECOMMENDATION	zhang-2020-management-of-heart-failure-patients-with-covid-19_n0003/na_0002 type NormativeAssertion => zhang-2020-management-of-heart-failure-patients-with-covid-19_n0003/na_0002 recommendationStatus NOT_A_RECOMMENDATION
Rule_345	?a type NormativeAssertion => ?a recommendationStatus NOT_A_RECOMMENDATION	maddox-2021-2021-update-to-the-2017-acc-expert-consensus-decision-pathwa_n0017/na_0015 type NormativeAssertion => maddox-2021-2021-update-to-the-2017-acc-expert-consensus-decision-pathwa_n0017/na_0015 recommendationStatus NOT_A_RECOMMENDATION
Rule_345	?a type NormativeAssertion => ?a recommendationStatus NOT_A_RECOMMENDATION	heidenreich-2022-aha-acc-hfsa-guidelines_n0057/na_0001 type NormativeAssertion => heidenreich-2022-aha-acc-hfsa-guidelines_n0057/na_0001 recommendationStatus NOT_A_RECOMMENDATION
Rule_345	?a type NormativeAssertion => ?a recommendationStatus NOT_A_RECOMMENDATION	execut-1_n0018/na_0006 type NormativeAssertion => execut-1_n0018/na_0006 recommendationStatus NOT_A_RECOMMENDATION
Rule_345	?a type NormativeAssertion => ?a recommendationStatus NOT_A_RECOMMENDATION	van-diepen-2017-contemporary-management-of-cardiogenic-shock_n0005/na_0010 type NormativeAssertion => van-diepen-2017-contemporary-management-of-cardiogenic-shock_n0005/na_0010 recommendationStatus NOT_A_RECOMMENDATION
Rule_345	?a type NormativeAssertion => ?a recommendationStatus NOT_A_RECOMMENDATION	zhang-2020-management-of-heart-failure-patients-with-covid-19_n0002/na_0005 type NormativeAssertion => zhang-2020-management-of-heart-failure-patients-with-covid-19_n0002/na_0005 recommendationStatus NOT_A_RECOMMENDATION
Rule_345	?a type NormativeAssertion => ?a recommendationStatus NOT_A_RECOMMENDATION	glikson-2021-2021-esc-guidelines-on-cardiac-pacing-and-cardiac-resynchro_n0030/na_0003 type NormativeAssertion => glikson-2021-2021-esc-guidelines-on-cardiac-pacing-and-cardiac-resynchro_n0030/na_0003 recommendationStatus NOT_A_RECOMMENDATION
Rule_345	?a type NormativeAssertion => ?a recommendationStatus NOT_A_RECOMMENDATION	esc-heart-failure-patient-guidelines-update-2023-german_n0004/na_0003 type NormativeAssertion => esc-heart-failure-patient-guidelines-update-2023-german_n0004/na_0003 recommendationStatus NOT_A_RECOMMENDATION
Rule_345	?a type NormativeAssertion => ?a recommendationStatus NOT_A_RECOMMENDATION	page-2016-drugs-that-may-cause-or-exacerbate-heart-failure_n0007/na_0008 type NormativeAssertion => page-2016-drugs-that-may-cause-or-exacerbate-heart-failure_n0007/na_0008 recommendationStatus NOT_A_RECOMMENDATION
Rule_345	?a type NormativeAssertion => ?a recommendationStatus NOT_A_RECOMMENDATION	su_verified_6ed52cdf724db04223b4d1c2e62f3c35f6b42bc19bc5e3198277d681d47e1eb9_table_5/na_0018 type NormativeAssertion => su_verified_6ed52cdf724db04223b4d1c2e62f3c35f6b42bc19bc5e3198277d681d47e1eb9_table_5/na_0018 recommendationStatus NOT_A_RECOMMENDATION
Rule_345	?a type NormativeAssertion => ?a recommendationStatus NOT_A_RECOMMENDATION	zhang-2020-management-of-heart-failure-patients-with-covid-19_n0002/na_0003 type NormativeAssertion => zhang-2020-management-of-heart-failure-patients-with-covid-19_n0002/na_0003 recommendationStatus NOT_A_RECOMMENDATION
Rule_345	?a type NormativeAssertion => ?a recommendationStatus NOT_A_RECOMMENDATION	su_verified_0074e29f31a1f0feb082e0064bee46f60bf6b5ae3f8703d1231341374ed97e52_table_1/na_0071 type NormativeAssertion => su_verified_0074e29f31a1f0feb082e0064bee46f60bf6b5ae3f8703d1231341374ed97e52_table_1/na_0071 recommendationStatus NOT_A_RECOMMENDATION
Rule_345	?a type NormativeAssertion => ?a recommendationStatus NOT_A_RECOMMENDATION	page-2016-drugs-that-may-cause-or-exacerbate-heart-failure_n0009/na_0004 type NormativeAssertion => page-2016-drugs-that-may-cause-or-exacerbate-heart-failure_n0009/na_0004 recommendationStatus NOT_A_RECOMMENDATION
Rule_345	?a type NormativeAssertion => ?a recommendationStatus NOT_A_RECOMMENDATION	se815e-1_n0001/na_0014 type NormativeAssertion => se815e-1_n0001/na_0014 recommendationStatus NOT_A_RECOMMENDATION
Rule_345	?a type NormativeAssertion => ?a recommendationStatus NOT_A_RECOMMENDATION	heidenreich-2022-aha-acc-hfsa-guidelines_n0054/na_0009 type NormativeAssertion => heidenreich-2022-aha-acc-hfsa-guidelines_n0054/na_0009 recommendationStatus NOT_A_RECOMMENDATION
Rule_345	?a type NormativeAssertion => ?a recommendationStatus NOT_A_RECOMMENDATION	van-diepen-2017-contemporary-management-of-cardiogenic-shock_n0005/na_0011 type NormativeAssertion => van-diepen-2017-contemporary-management-of-cardiogenic-shock_n0005/na_0011 recommendationStatus NOT_A_RECOMMENDATION
Rule_345	?a type NormativeAssertion => ?a recommendationStatus NOT_A_RECOMMENDATION	su_verified_0074e29f31a1f0feb082e0064bee46f60bf6b5ae3f8703d1231341374ed97e52_table_1/na_0037 type NormativeAssertion => su_verified_0074e29f31a1f0feb082e0064bee46f60bf6b5ae3f8703d1231341374ed97e52_table_1/na_0037 recommendationStatus NOT_A_RECOMMENDATION
Rule_345	?a type NormativeAssertion => ?a recommendationStatus NOT_A_RECOMMENDATION	regitz-zagrosek-2018-2018-esc-guideline-for-the-management-of-cardiovasc_n0042/na_0003 type NormativeAssertion => regitz-zagrosek-2018-2018-esc-guideline-for-the-management-of-cardiovasc_n0042/na_0003 recommendationStatus NOT_A_RECOMMENDATION
Rule_345	?a type NormativeAssertion => ?a recommendationStatus NOT_A_RECOMMENDATION	mcdonagh-2023-esc-guidelines_n0068/na_0013 type NormativeAssertion => mcdonagh-2023-esc-guidelines_n0068/na_0013 recommendationStatus NOT_A_RECOMMENDATION
Rule_345	?a type NormativeAssertion => ?a recommendationStatus NOT_A_RECOMMENDATION	heidenreich-2022-aha-acc-hfsa-guidelines_n0056/na_0010 type NormativeAssertion => heidenreich-2022-aha-acc-hfsa-guidelines_n0056/na_0010 recommendationStatus NOT_A_RECOMMENDATION
Rule_345	?a type NormativeAssertion => ?a recommendationStatus NOT_A_RECOMMENDATION	maddox-2021-2021-update-to-the-2017-acc-expert-consensus-decision-pathwa_n0006/na_0013 type NormativeAssertion => maddox-2021-2021-update-to-the-2017-acc-expert-consensus-decision-pathwa_n0006/na_0013 recommendationStatus NOT_A_RECOMMENDATION
Rule_345	?a type NormativeAssertion => ?a recommendationStatus NOT_A_RECOMMENDATION	page-2016-drugs-that-may-cause-or-exacerbate-heart-failure_n0006/na_0012 type NormativeAssertion => page-2016-drugs-that-may-cause-or-exacerbate-heart-failure_n0006/na_0012 recommendationStatus NOT_A_RECOMMENDATION
Rule_345	?a type NormativeAssertion => ?a recommendationStatus NOT_A_RECOMMENDATION	glikson-2021-2021-esc-guidelines-on-cardiac-pacing-and-cardiac-resynchro_n0030/na_0015 type NormativeAssertion => glikson-2021-2021-esc-guidelines-on-cardiac-pacing-and-cardiac-resynchro_n0030/na_0015 recommendationStatus NOT_A_RECOMMENDATION
Rule_345	?a type NormativeAssertion => ?a recommendationStatus NOT_A_RECOMMENDATION	heidenreich-2022-aha-acc-hfsa-guidelines_n0086/na_0002 type NormativeAssertion => heidenreich-2022-aha-acc-hfsa-guidelines_n0086/na_0002 recommendationStatus NOT_A_RECOMMENDATION
Rule_345	?a type NormativeAssertion => ?a recommendationStatus NOT_A_RECOMMENDATION	heidenreich-2022-aha-acc-hfsa-guidelines_n0114/na_0001 type NormativeAssertion => heidenreich-2022-aha-acc-hfsa-guidelines_n0114/na_0001 recommendationStatus NOT_A_RECOMMENDATION
Rule_345	?a type NormativeAssertion => ?a recommendationStatus NOT_A_RECOMMENDATION	pulmon-1_n0001/na_0004 type NormativeAssertion => pulmon-1_n0001/na_0004 recommendationStatus NOT_A_RECOMMENDATION
Rule_345	?a type NormativeAssertion => ?a recommendationStatus NOT_A_RECOMMENDATION	mcdonagh-2023-esc-guidelines_n0068/na_0009 type NormativeAssertion => mcdonagh-2023-esc-guidelines_n0068/na_0009 recommendationStatus NOT_A_RECOMMENDATION
Rule_345	?a type NormativeAssertion => ?a recommendationStatus NOT_A_RECOMMENDATION	zhang-2020-management-of-heart-failure-patients-with-covid-19_n0002/na_0001 type NormativeAssertion => zhang-2020-management-of-heart-failure-patients-with-covid-19_n0002/na_0001 recommendationStatus NOT_A_RECOMMENDATION
Rule_345	?a type NormativeAssertion => ?a recommendationStatus NOT_A_RECOMMENDATION	tsutsui-2023-natriuretic-peptides-role-in-the-diagnosis-and-management-o_n0003/na_0008 type NormativeAssertion => tsutsui-2023-natriuretic-peptides-role-in-the-diagnosis-and-management-o_n0003/na_0008 recommendationStatus NOT_A_RECOMMENDATION
Rule_345	?a type NormativeAssertion => ?a recommendationStatus NOT_A_RECOMMENDATION	al-khatib-2017-aha-acc-hrs-guideline-va-and-scd_n0056/na_0004 type NormativeAssertion => al-khatib-2017-aha-acc-hrs-guideline-va-and-scd_n0056/na_0004 recommendationStatus NOT_A_RECOMMENDATION
Rule_345	?a type NormativeAssertion => ?a recommendationStatus NOT_A_RECOMMENDATION	heidenreich-2022-aha-acc-hfsa-guidelines_n0057/na_0006 type NormativeAssertion => heidenreich-2022-aha-acc-hfsa-guidelines_n0057/na_0006 recommendationStatus NOT_A_RECOMMENDATION
Rule_345	?a type NormativeAssertion => ?a recommendationStatus NOT_A_RECOMMENDATION	supp-material-esc-guidelines_n0017/na_0008 type NormativeAssertion => supp-material-esc-guidelines_n0017/na_0008 recommendationStatus NOT_A_RECOMMENDATION
Rule_345	?a type NormativeAssertion => ?a recommendationStatus NOT_A_RECOMMENDATION	maddox-2021-2021-update-to-the-2017-acc-expert-consensus-decision-pathwa_n0003/na_0002 type NormativeAssertion => maddox-2021-2021-update-to-the-2017-acc-expert-consensus-decision-pathwa_n0003/na_0002 recommendationStatus NOT_A_RECOMMENDATION
Rule_345	?a type NormativeAssertion => ?a recommendationStatus NOT_A_RECOMMENDATION	malgie-2024-contemporary-guideline-directed-medical-therapy_n0002/na_0002 type NormativeAssertion => malgie-2024-contemporary-guideline-directed-medical-therapy_n0002/na_0002 recommendationStatus NOT_A_RECOMMENDATION
Rule_345	?a type NormativeAssertion => ?a recommendationStatus NOT_A_RECOMMENDATION	al-khatib-2017-aha-acc-hrs-guideline-va-and-scd_n0026/na_0012 type NormativeAssertion => al-khatib-2017-aha-acc-hrs-guideline-va-and-scd_n0026/na_0012 recommendationStatus NOT_A_RECOMMENDATION
Rule_345	?a type NormativeAssertion => ?a recommendationStatus NOT_A_RECOMMENDATION	maddox-2021-2021-update-to-the-2017-acc-expert-consensus-decision-pathwa_n0017/na_0037 type NormativeAssertion => maddox-2021-2021-update-to-the-2017-acc-expert-consensus-decision-pathwa_n0017/na_0037 recommendationStatus NOT_A_RECOMMENDATION
Rule_345	?a type NormativeAssertion => ?a recommendationStatus NOT_A_RECOMMENDATION	vest-2019-nutrition-obesity-and-cachexia-in-patients-with-heart-failure_n0002/na_0002 type NormativeAssertion => vest-2019-nutrition-obesity-and-cachexia-in-patients-with-heart-failure_n0002/na_0002 recommendationStatus NOT_A_RECOMMENDATION
Rule_345	?a type NormativeAssertion => ?a recommendationStatus NOT_A_RECOMMENDATION	al-khatib-2017-aha-acc-hrs-guideline-va-and-scd_n0026/na_0010 type NormativeAssertion => al-khatib-2017-aha-acc-hrs-guideline-va-and-scd_n0026/na_0010 recommendationStatus NOT_A_RECOMMENDATION
Rule_345	?a type NormativeAssertion => ?a recommendationStatus NOT_A_RECOMMENDATION	mcdonagh-2023-esc-guidelines_n0059/na_0013 type NormativeAssertion => mcdonagh-2023-esc-guidelines_n0059/na_0013 recommendationStatus NOT_A_RECOMMENDATION
Rule_345	?a type NormativeAssertion => ?a recommendationStatus NOT_A_RECOMMENDATION	zeppenfeld-2022-esc-guidelines-va-and-scd_n0025/na_0020 type NormativeAssertion => zeppenfeld-2022-esc-guidelines-va-and-scd_n0025/na_0020 recommendationStatus NOT_A_RECOMMENDATION
Rule_345	?a type NormativeAssertion => ?a recommendationStatus NOT_A_RECOMMENDATION	mcdonagh-2023-esc-guidelines_n0034/na_0016 type NormativeAssertion => mcdonagh-2023-esc-guidelines_n0034/na_0016 recommendationStatus NOT_A_RECOMMENDATION
Rule_345	?a type NormativeAssertion => ?a recommendationStatus NOT_A_RECOMMENDATION	vest-2019-nutrition-obesity-and-cachexia-in-patients-with-heart-failure_n0002/na_9002 type NormativeAssertion => vest-2019-nutrition-obesity-and-cachexia-in-patients-with-heart-failure_n0002/na_9002 recommendationStatus NOT_A_RECOMMENDATION
Rule_345	?a type NormativeAssertion => ?a recommendationStatus NOT_A_RECOMMENDATION	glikson-2021-2021-esc-guidelines-on-cardiac-pacing-and-cardiac-resynchro_n0030/na_0024 type NormativeAssertion => glikson-2021-2021-esc-guidelines-on-cardiac-pacing-and-cardiac-resynchro_n0030/na_0024 recommendationStatus NOT_A_RECOMMENDATION
Rule_345	?a type NormativeAssertion => ?a recommendationStatus NOT_A_RECOMMENDATION	medis-websiten-zusammengefugt_n0005/na_0001 type NormativeAssertion => medis-websiten-zusammengefugt_n0005/na_0001 recommendationStatus NOT_A_RECOMMENDATION
Rule_345	?a type NormativeAssertion => ?a recommendationStatus NOT_A_RECOMMENDATION	regitz-zagrosek-2018-2018-esc-guideline-for-the-management-of-cardiovasc_n0045/na_0004 type NormativeAssertion => regitz-zagrosek-2018-2018-esc-guideline-for-the-management-of-cardiovasc_n0045/na_0004 recommendationStatus NOT_A_RECOMMENDATION
Rule_345	?a type NormativeAssertion => ?a recommendationStatus NOT_A_RECOMMENDATION	cardiosmart-modul1-zusammengefugt_n0007/na_0003 type NormativeAssertion => cardiosmart-modul1-zusammengefugt_n0007/na_0003 recommendationStatus NOT_A_RECOMMENDATION
Rule_345	?a type NormativeAssertion => ?a recommendationStatus NOT_A_RECOMMENDATION	su_verified_6ed52cdf724db04223b4d1c2e62f3c35f6b42bc19bc5e3198277d681d47e1eb9_table_6/na_0020 type NormativeAssertion => su_verified_6ed52cdf724db04223b4d1c2e62f3c35f6b42bc19bc5e3198277d681d47e1eb9_table_6/na_0020 recommendationStatus NOT_A_RECOMMENDATION
Rule_345	?a type NormativeAssertion => ?a recommendationStatus NOT_A_RECOMMENDATION	zeppenfeld-2022-esc-guidelines-va-and-scd_n0026/na_0003 type NormativeAssertion => zeppenfeld-2022-esc-guidelines-va-and-scd_n0026/na_0003 recommendationStatus NOT_A_RECOMMENDATION
Rule_345	?a type NormativeAssertion => ?a recommendationStatus NOT_A_RECOMMENDATION	supp-material-esc-guidelines_n0017/na_0005 type NormativeAssertion => supp-material-esc-guidelines_n0017/na_0005 recommendationStatus NOT_A_RECOMMENDATION
Rule_345	?a type NormativeAssertion => ?a recommendationStatus NOT_A_RECOMMENDATION	su_verified_0074e29f31a1f0feb082e0064bee46f60bf6b5ae3f8703d1231341374ed97e52_table_1/na_0091 type NormativeAssertion => su_verified_0074e29f31a1f0feb082e0064bee46f60bf6b5ae3f8703d1231341374ed97e52_table_1/na_0091 recommendationStatus NOT_A_RECOMMENDATION
Rule_345	?a type NormativeAssertion => ?a recommendationStatus NOT_A_RECOMMENDATION	ambrosetti-2020-secondary-prevention-comprehensive-cardiovascular-rehabi_n0006/na_9100 type NormativeAssertion => ambrosetti-2020-secondary-prevention-comprehensive-cardiovascular-rehabi_n0006/na_9100 recommendationStatus NOT_A_RECOMMENDATION
Rule_345	?a type NormativeAssertion => ?a recommendationStatus NOT_A_RECOMMENDATION	glikson-2021-2021-esc-guidelines-on-cardiac-pacing-and-cardiac-resynchro_n0030/na_0037 type NormativeAssertion => glikson-2021-2021-esc-guidelines-on-cardiac-pacing-and-cardiac-resynchro_n0030/na_0037 recommendationStatus NOT_A_RECOMMENDATION
Rule_345	?a type NormativeAssertion => ?a recommendationStatus NOT_A_RECOMMENDATION	heidenreich-2022-aha-acc-hfsa-guidelines_n0056/na_0023 type NormativeAssertion => heidenreich-2022-aha-acc-hfsa-guidelines_n0056/na_0023 recommendationStatus NOT_A_RECOMMENDATION
Rule_345	?a type NormativeAssertion => ?a recommendationStatus NOT_A_RECOMMENDATION	page-2016-drugs-that-may-cause-or-exacerbate-heart-failure_n0007/na_0003 type NormativeAssertion => page-2016-drugs-that-may-cause-or-exacerbate-heart-failure_n0007/na_0003 recommendationStatus NOT_A_RECOMMENDATION
Rule_345	?a type NormativeAssertion => ?a recommendationStatus NOT_A_RECOMMENDATION	pulmon-1_n0001/na_0009 type NormativeAssertion => pulmon-1_n0001/na_0009 recommendationStatus NOT_A_RECOMMENDATION
Rule_345	?a type NormativeAssertion => ?a recommendationStatus NOT_A_RECOMMENDATION	regitz-zagrosek-2018-2018-esc-guideline-for-the-management-of-cardiovasc_n0041/na_0004 type NormativeAssertion => regitz-zagrosek-2018-2018-esc-guideline-for-the-management-of-cardiovasc_n0041/na_0004 recommendationStatus NOT_A_RECOMMENDATION
Rule_345	?a type NormativeAssertion => ?a recommendationStatus NOT_A_RECOMMENDATION	regitz-zagrosek-2018-2018-esc-guideline-for-the-management-of-cardiovasc_n0042/na_0004 type NormativeAssertion => regitz-zagrosek-2018-2018-esc-guideline-for-the-management-of-cardiovasc_n0042/na_0004 recommendationStatus NOT_A_RECOMMENDATION
Rule_345	?a type NormativeAssertion => ?a recommendationStatus NOT_A_RECOMMENDATION	mcdonagh-2023-esc-guidelines_n0068/na_0003 type NormativeAssertion => mcdonagh-2023-esc-guidelines_n0068/na_0003 recommendationStatus NOT_A_RECOMMENDATION
Rule_345	?a type NormativeAssertion => ?a recommendationStatus NOT_A_RECOMMENDATION	su_verified_6ed52cdf724db04223b4d1c2e62f3c35f6b42bc19bc5e3198277d681d47e1eb9_table_5/na_0028 type NormativeAssertion => su_verified_6ed52cdf724db04223b4d1c2e62f3c35f6b42bc19bc5e3198277d681d47e1eb9_table_5/na_0028 recommendationStatus NOT_A_RECOMMENDATION
Rule_345	?a type NormativeAssertion => ?a recommendationStatus NOT_A_RECOMMENDATION	maddox-2021-2021-update-to-the-2017-acc-expert-consensus-decision-pathwa_n0006/na_0014 type NormativeAssertion => maddox-2021-2021-update-to-the-2017-acc-expert-consensus-decision-pathwa_n0006/na_0014 recommendationStatus NOT_A_RECOMMENDATION
Rule_345	?a type NormativeAssertion => ?a recommendationStatus NOT_A_RECOMMENDATION	ambrosetti-2020-secondary-prevention-comprehensive-cardiovascular-rehabi_n0011/na_0015 type NormativeAssertion => ambrosetti-2020-secondary-prevention-comprehensive-cardiovascular-rehabi_n0011/na_0015 recommendationStatus NOT_A_RECOMMENDATION
Rule_345	?a type NormativeAssertion => ?a recommendationStatus NOT_A_RECOMMENDATION	su_verified_6ed52cdf724db04223b4d1c2e62f3c35f6b42bc19bc5e3198277d681d47e1eb9_table_7/na_0054 type NormativeAssertion => su_verified_6ed52cdf724db04223b4d1c2e62f3c35f6b42bc19bc5e3198277d681d47e1eb9_table_7/na_0054 recommendationStatus NOT_A_RECOMMENDATION
Rule_345	?a type NormativeAssertion => ?a recommendationStatus NOT_A_RECOMMENDATION	van-diepen-2017-contemporary-management-of-cardiogenic-shock_n0005/na_0007 type NormativeAssertion => van-diepen-2017-contemporary-management-of-cardiogenic-shock_n0005/na_0007 recommendationStatus NOT_A_RECOMMENDATION
Rule_345	?a type NormativeAssertion => ?a recommendationStatus NOT_A_RECOMMENDATION	mcdonagh-2023-esc-guidelines_n0084/na_0007 type NormativeAssertion => mcdonagh-2023-esc-guidelines_n0084/na_0007 recommendationStatus NOT_A_RECOMMENDATION
Rule_345	?a type NormativeAssertion => ?a recommendationStatus NOT_A_RECOMMENDATION	su_verified_6ed52cdf724db04223b4d1c2e62f3c35f6b42bc19bc5e3198277d681d47e1eb9_table_7/na_0009 type NormativeAssertion => su_verified_6ed52cdf724db04223b4d1c2e62f3c35f6b42bc19bc5e3198277d681d47e1eb9_table_7/na_0009 recommendationStatus NOT_A_RECOMMENDATION
Rule_345	?a type NormativeAssertion => ?a recommendationStatus NOT_A_RECOMMENDATION	mcdonagh-2023-esc-guidelines_n0068/na_0004 type NormativeAssertion => mcdonagh-2023-esc-guidelines_n0068/na_0004 recommendationStatus NOT_A_RECOMMENDATION
Rule_345	?a type NormativeAssertion => ?a recommendationStatus NOT_A_RECOMMENDATION	supp-material-esc-guidelines_n0017/na_0006 type NormativeAssertion => supp-material-esc-guidelines_n0017/na_0006 recommendationStatus NOT_A_RECOMMENDATION
Rule_345	?a type NormativeAssertion => ?a recommendationStatus NOT_A_RECOMMENDATION	visseren-2021-esc-guidelines-cardiovascular-disease-prevention_n0047/na_0002 type NormativeAssertion => visseren-2021-esc-guidelines-cardiovascular-disease-prevention_n0047/na_0002 recommendationStatus NOT_A_RECOMMENDATION
Rule_345	?a type NormativeAssertion => ?a recommendationStatus NOT_A_RECOMMENDATION	page-2016-drugs-that-may-cause-or-exacerbate-heart-failure_n0005/na_0003 type NormativeAssertion => page-2016-drugs-that-may-cause-or-exacerbate-heart-failure_n0005/na_0003 recommendationStatus NOT_A_RECOMMENDATION
Rule_345	?a type NormativeAssertion => ?a recommendationStatus NOT_A_RECOMMENDATION	maddox-2021-2021-update-to-the-2017-acc-expert-consensus-decision-pathwa_n0003/na_0005 type NormativeAssertion => maddox-2021-2021-update-to-the-2017-acc-expert-consensus-decision-pathwa_n0003/na_0005 recommendationStatus NOT_A_RECOMMENDATION
Rule_345	?a type NormativeAssertion => ?a recommendationStatus NOT_A_RECOMMENDATION	al-khatib-2017-aha-acc-hrs-guideline-va-and-scd_n0026/na_0007 type NormativeAssertion => al-khatib-2017-aha-acc-hrs-guideline-va-and-scd_n0026/na_0007 recommendationStatus NOT_A_RECOMMENDATION
Rule_345	?a type NormativeAssertion => ?a recommendationStatus NOT_A_RECOMMENDATION	su_verified_6ed52cdf724db04223b4d1c2e62f3c35f6b42bc19bc5e3198277d681d47e1eb9_table_7/na_0039 type NormativeAssertion => su_verified_6ed52cdf724db04223b4d1c2e62f3c35f6b42bc19bc5e3198277d681d47e1eb9_table_7/na_0039 recommendationStatus NOT_A_RECOMMENDATION
Rule_345	?a type NormativeAssertion => ?a recommendationStatus NOT_A_RECOMMENDATION	heidenreich-2022-aha-acc-hfsa-guidelines_n0056/na_0024 type NormativeAssertion => heidenreich-2022-aha-acc-hfsa-guidelines_n0056/na_0024 recommendationStatus NOT_A_RECOMMENDATION
Rule_345	?a type NormativeAssertion => ?a recommendationStatus NOT_A_RECOMMENDATION	heidenreich-2022-aha-acc-hfsa-guidelines_n0063/na_0002 type NormativeAssertion => heidenreich-2022-aha-acc-hfsa-guidelines_n0063/na_0002 recommendationStatus NOT_A_RECOMMENDATION
Rule_345	?a type NormativeAssertion => ?a recommendationStatus NOT_A_RECOMMENDATION	glikson-2021-2021-esc-guidelines-on-cardiac-pacing-and-cardiac-resynchro_n0030/na_0034 type NormativeAssertion => glikson-2021-2021-esc-guidelines-on-cardiac-pacing-and-cardiac-resynchro_n0030/na_0034 recommendationStatus NOT_A_RECOMMENDATION
Rule_345	?a type NormativeAssertion => ?a recommendationStatus NOT_A_RECOMMENDATION	su_verified_6ed52cdf724db04223b4d1c2e62f3c35f6b42bc19bc5e3198277d681d47e1eb9_table_7/na_0038 type NormativeAssertion => su_verified_6ed52cdf724db04223b4d1c2e62f3c35f6b42bc19bc5e3198277d681d47e1eb9_table_7/na_0038 recommendationStatus NOT_A_RECOMMENDATION
Rule_345	?a type NormativeAssertion => ?a recommendationStatus NOT_A_RECOMMENDATION	heidenreich-2022-aha-acc-hfsa-guidelines_n0054/na_0008 type NormativeAssertion => heidenreich-2022-aha-acc-hfsa-guidelines_n0054/na_0008 recommendationStatus NOT_A_RECOMMENDATION
Rule_345	?a type NormativeAssertion => ?a recommendationStatus NOT_A_RECOMMENDATION	zhang-2020-management-of-heart-failure-patients-with-covid-19_n0002/na_0006 type NormativeAssertion => zhang-2020-management-of-heart-failure-patients-with-covid-19_n0002/na_0006 recommendationStatus NOT_A_RECOMMENDATION
Rule_345	?a type NormativeAssertion => ?a recommendationStatus NOT_A_RECOMMENDATION	se815e-1_n0004/na_0001 type NormativeAssertion => se815e-1_n0004/na_0001 recommendationStatus NOT_A_RECOMMENDATION
Rule_345	?a type NormativeAssertion => ?a recommendationStatus NOT_A_RECOMMENDATION	zeppenfeld-2022-esc-guidelines-va-and-scd_n0038/na_0004 type NormativeAssertion => zeppenfeld-2022-esc-guidelines-va-and-scd_n0038/na_0004 recommendationStatus NOT_A_RECOMMENDATION
Rule_345	?a type NormativeAssertion => ?a recommendationStatus NOT_A_RECOMMENDATION	supp-material-esc-guidelines_n0017/na_0007 type NormativeAssertion => supp-material-esc-guidelines_n0017/na_0007 recommendationStatus NOT_A_RECOMMENDATION
Rule_345	?a type NormativeAssertion => ?a recommendationStatus NOT_A_RECOMMENDATION	van-diepen-2017-contemporary-management-of-cardiogenic-shock_n0005/na_0002 type NormativeAssertion => van-diepen-2017-contemporary-management-of-cardiogenic-shock_n0005/na_0002 recommendationStatus NOT_A_RECOMMENDATION
Rule_345	?a type NormativeAssertion => ?a recommendationStatus NOT_A_RECOMMENDATION	supp-material-esc-guidelines_n0017/na_0009 type NormativeAssertion => supp-material-esc-guidelines_n0017/na_0009 recommendationStatus NOT_A_RECOMMENDATION
Rule_345	?a type NormativeAssertion => ?a recommendationStatus NOT_A_RECOMMENDATION	mcdonagh-2023-esc-guidelines_n0068/na_0005 type NormativeAssertion => mcdonagh-2023-esc-guidelines_n0068/na_0005 recommendationStatus NOT_A_RECOMMENDATION
Rule_345	?a type NormativeAssertion => ?a recommendationStatus NOT_A_RECOMMENDATION	maddox-2021-2021-update-to-the-2017-acc-expert-consensus-decision-pathwa_n0017/na_0027 type NormativeAssertion => maddox-2021-2021-update-to-the-2017-acc-expert-consensus-decision-pathwa_n0017/na_0027 recommendationStatus NOT_A_RECOMMENDATION
Rule_345	?a type NormativeAssertion => ?a recommendationStatus NOT_A_RECOMMENDATION	mcdonagh-2023-esc-guidelines_n0058/na_0003 type NormativeAssertion => mcdonagh-2023-esc-guidelines_n0058/na_0003 recommendationStatus NOT_A_RECOMMENDATION
Rule_345	?a type NormativeAssertion => ?a recommendationStatus NOT_A_RECOMMENDATION	supp-material-esc-guidelines_n0009/na_0010 type NormativeAssertion => supp-material-esc-guidelines_n0009/na_0010 recommendationStatus NOT_A_RECOMMENDATION
Rule_345	?a type NormativeAssertion => ?a recommendationStatus NOT_A_RECOMMENDATION	mullens-2019-the-use-of-diuretics-in-heart-failure-with-congestion_n0003/na_0003 type NormativeAssertion => mullens-2019-the-use-of-diuretics-in-heart-failure-with-congestion_n0003/na_0003 recommendationStatus NOT_A_RECOMMENDATION
Rule_345	?a type NormativeAssertion => ?a recommendationStatus NOT_A_RECOMMENDATION	mullens-2019-the-use-of-diuretics-in-heart-failure-with-congestion_n0003/na_0005 type NormativeAssertion => mullens-2019-the-use-of-diuretics-in-heart-failure-with-congestion_n0003/na_0005 recommendationStatus NOT_A_RECOMMENDATION
Rule_345	?a type NormativeAssertion => ?a recommendationStatus NOT_A_RECOMMENDATION	pulmon-1_n0001/na_0011 type NormativeAssertion => pulmon-1_n0001/na_0011 recommendationStatus NOT_A_RECOMMENDATION
Rule_345	?a type NormativeAssertion => ?a recommendationStatus NOT_A_RECOMMENDATION	execut-1_n0018/na_0019 type NormativeAssertion => execut-1_n0018/na_0019 recommendationStatus NOT_A_RECOMMENDATION
Rule_345	?a type NormativeAssertion => ?a recommendationStatus NOT_A_RECOMMENDATION	heidenreich-2022-aha-acc-hfsa-guidelines_n0056/na_0019 type NormativeAssertion => heidenreich-2022-aha-acc-hfsa-guidelines_n0056/na_0019 recommendationStatus NOT_A_RECOMMENDATION
Rule_345	?a type NormativeAssertion => ?a recommendationStatus NOT_A_RECOMMENDATION	zhang-2020-management-of-heart-failure-patients-with-covid-19_n0002/na_0002 type NormativeAssertion => zhang-2020-management-of-heart-failure-patients-with-covid-19_n0002/na_0002 recommendationStatus NOT_A_RECOMMENDATION
Rule_345	?a type NormativeAssertion => ?a recommendationStatus NOT_A_RECOMMENDATION	su_verified_6ed52cdf724db04223b4d1c2e62f3c35f6b42bc19bc5e3198277d681d47e1eb9_table_7/na_0053 type NormativeAssertion => su_verified_6ed52cdf724db04223b4d1c2e62f3c35f6b42bc19bc5e3198277d681d47e1eb9_table_7/na_0053 recommendationStatus NOT_A_RECOMMENDATION
Rule_345	?a type NormativeAssertion => ?a recommendationStatus NOT_A_RECOMMENDATION	glikson-2021-2021-esc-guidelines-on-cardiac-pacing-and-cardiac-resynchro_n0030/na_0013 type NormativeAssertion => glikson-2021-2021-esc-guidelines-on-cardiac-pacing-and-cardiac-resynchro_n0030/na_0013 recommendationStatus NOT_A_RECOMMENDATION
Rule_345	?a type NormativeAssertion => ?a recommendationStatus NOT_A_RECOMMENDATION	heidenreich-2022-aha-acc-hfsa-guidelines_n0075/na_0003 type NormativeAssertion => heidenreich-2022-aha-acc-hfsa-guidelines_n0075/na_0003 recommendationStatus NOT_A_RECOMMENDATION
Rule_345	?a type NormativeAssertion => ?a recommendationStatus NOT_A_RECOMMENDATION	pulmon-1_n0002/na_0003 type NormativeAssertion => pulmon-1_n0002/na_0003 recommendationStatus NOT_A_RECOMMENDATION
Rule_345	?a type NormativeAssertion => ?a recommendationStatus NOT_A_RECOMMENDATION	visseren-2021-esc-guidelines-cardiovascular-disease-prevention_n0047/na_0001 type NormativeAssertion => visseren-2021-esc-guidelines-cardiovascular-disease-prevention_n0047/na_0001 recommendationStatus NOT_A_RECOMMENDATION
Rule_345	?a type NormativeAssertion => ?a recommendationStatus NOT_A_RECOMMENDATION	su_verified_6ed52cdf724db04223b4d1c2e62f3c35f6b42bc19bc5e3198277d681d47e1eb9_table_7/na_0041 type NormativeAssertion => su_verified_6ed52cdf724db04223b4d1c2e62f3c35f6b42bc19bc5e3198277d681d47e1eb9_table_7/na_0041 recommendationStatus NOT_A_RECOMMENDATION
Rule_345	?a type NormativeAssertion => ?a recommendationStatus NOT_A_RECOMMENDATION	heidenreich-2022-aha-acc-hfsa-guidelines_n0056/na_0015 type NormativeAssertion => heidenreich-2022-aha-acc-hfsa-guidelines_n0056/na_0015 recommendationStatus NOT_A_RECOMMENDATION
Rule_345	?a type NormativeAssertion => ?a recommendationStatus NOT_A_RECOMMENDATION	se815e-1_n0003/na_0004 type NormativeAssertion => se815e-1_n0003/na_0004 recommendationStatus NOT_A_RECOMMENDATION
Rule_345	?a type NormativeAssertion => ?a recommendationStatus NOT_A_RECOMMENDATION	su_verified_6ed52cdf724db04223b4d1c2e62f3c35f6b42bc19bc5e3198277d681d47e1eb9_table_6/na_0011 type NormativeAssertion => su_verified_6ed52cdf724db04223b4d1c2e62f3c35f6b42bc19bc5e3198277d681d47e1eb9_table_6/na_0011 recommendationStatus NOT_A_RECOMMENDATION
Rule_345	?a type NormativeAssertion => ?a recommendationStatus NOT_A_RECOMMENDATION	lip-2016-european-heart-rhythm-association-heart-failure-association-joi_n0001/na_0001 type NormativeAssertion => lip-2016-european-heart-rhythm-association-heart-failure-association-joi_n0001/na_0001 recommendationStatus NOT_A_RECOMMENDATION
Rule_345	?a type NormativeAssertion => ?a recommendationStatus NOT_A_RECOMMENDATION	mullens-2019-the-use-of-diuretics-in-heart-failure-with-congestion_n0003/na_0002 type NormativeAssertion => mullens-2019-the-use-of-diuretics-in-heart-failure-with-congestion_n0003/na_0002 recommendationStatus NOT_A_RECOMMENDATION
Rule_345	?a type NormativeAssertion => ?a recommendationStatus NOT_A_RECOMMENDATION	lenarczyk-2024-management-of-patients-with-an-electrical-storm-or-cluste_n0020/na_0006 type NormativeAssertion => lenarczyk-2024-management-of-patients-with-an-electrical-storm-or-cluste_n0020/na_0006 recommendationStatus NOT_A_RECOMMENDATION
Rule_345	?a type NormativeAssertion => ?a recommendationStatus NOT_A_RECOMMENDATION	su_verified_6ed52cdf724db04223b4d1c2e62f3c35f6b42bc19bc5e3198277d681d47e1eb9_table_5/na_0016 type NormativeAssertion => su_verified_6ed52cdf724db04223b4d1c2e62f3c35f6b42bc19bc5e3198277d681d47e1eb9_table_5/na_0016 recommendationStatus NOT_A_RECOMMENDATION
Rule_345	?a type NormativeAssertion => ?a recommendationStatus NOT_A_RECOMMENDATION	supp-material-esc-guidelines_n0017/na_0002 type NormativeAssertion => supp-material-esc-guidelines_n0017/na_0002 recommendationStatus NOT_A_RECOMMENDATION
Rule_345	?a type NormativeAssertion => ?a recommendationStatus NOT_A_RECOMMENDATION	cardiosmart-hfref-action-plan_n0004/na_0001 type NormativeAssertion => cardiosmart-hfref-action-plan_n0004/na_0001 recommendationStatus NOT_A_RECOMMENDATION
Rule_345	?a type NormativeAssertion => ?a recommendationStatus NOT_A_RECOMMENDATION	al-khatib-2017-aha-acc-hrs-guideline-va-and-scd_n0026/na_0009 type NormativeAssertion => al-khatib-2017-aha-acc-hrs-guideline-va-and-scd_n0026/na_0009 recommendationStatus NOT_A_RECOMMENDATION
Rule_345	?a type NormativeAssertion => ?a recommendationStatus NOT_A_RECOMMENDATION	mebaza-2015-recommendations-on-pre-hospital-early-hospital-management-of_n0003/na_0001 type NormativeAssertion => mebaza-2015-recommendations-on-pre-hospital-early-hospital-management-of_n0003/na_0001 recommendationStatus NOT_A_RECOMMENDATION
Rule_345	?a type NormativeAssertion => ?a recommendationStatus NOT_A_RECOMMENDATION	vest-2019-nutrition-obesity-and-cachexia-in-patients-with-heart-failure_n0002/na_0010 type NormativeAssertion => vest-2019-nutrition-obesity-and-cachexia-in-patients-with-heart-failure_n0002/na_0010 recommendationStatus NOT_A_RECOMMENDATION
Rule_345	?a type NormativeAssertion => ?a recommendationStatus NOT_A_RECOMMENDATION	maddox-2021-2021-update-to-the-2017-acc-expert-consensus-decision-pathwa_n0003/na_0018 type NormativeAssertion => maddox-2021-2021-update-to-the-2017-acc-expert-consensus-decision-pathwa_n0003/na_0018 recommendationStatus NOT_A_RECOMMENDATION
Rule_345	?a type NormativeAssertion => ?a recommendationStatus NOT_A_RECOMMENDATION	mcdonagh-2023-esc-guidelines_n0059/na_0003 type NormativeAssertion => mcdonagh-2023-esc-guidelines_n0059/na_0003 recommendationStatus NOT_A_RECOMMENDATION
Rule_345	?a type NormativeAssertion => ?a recommendationStatus NOT_A_RECOMMENDATION	su_verified_0074e29f31a1f0feb082e0064bee46f60bf6b5ae3f8703d1231341374ed97e52_table_1/na_0053 type NormativeAssertion => su_verified_0074e29f31a1f0feb082e0064bee46f60bf6b5ae3f8703d1231341374ed97e52_table_1/na_0053 recommendationStatus NOT_A_RECOMMENDATION
Rule_345	?a type NormativeAssertion => ?a recommendationStatus NOT_A_RECOMMENDATION	page-2016-drugs-that-may-cause-or-exacerbate-heart-failure_n0008/na_0003 type NormativeAssertion => page-2016-drugs-that-may-cause-or-exacerbate-heart-failure_n0008/na_0003 recommendationStatus NOT_A_RECOMMENDATION
Rule_345	?a type NormativeAssertion => ?a recommendationStatus NOT_A_RECOMMENDATION	al-khatib-2017-aha-acc-hrs-guideline-va-and-scd_n0026/na_0016 type NormativeAssertion => al-khatib-2017-aha-acc-hrs-guideline-va-and-scd_n0026/na_0016 recommendationStatus NOT_A_RECOMMENDATION
Rule_345	?a type NormativeAssertion => ?a recommendationStatus NOT_A_RECOMMENDATION	heidenreich-2022-aha-acc-hfsa-guidelines_n0054/na_0003 type NormativeAssertion => heidenreich-2022-aha-acc-hfsa-guidelines_n0054/na_0003 recommendationStatus NOT_A_RECOMMENDATION
Rule_345	?a type NormativeAssertion => ?a recommendationStatus NOT_A_RECOMMENDATION	su_verified_0074e29f31a1f0feb082e0064bee46f60bf6b5ae3f8703d1231341374ed97e52_table_1/na_0024 type NormativeAssertion => su_verified_0074e29f31a1f0feb082e0064bee46f60bf6b5ae3f8703d1231341374ed97e52_table_1/na_0024 recommendationStatus NOT_A_RECOMMENDATION
Rule_345	?a type NormativeAssertion => ?a recommendationStatus NOT_A_RECOMMENDATION	medis-websiten-zusammengefugt_n0006/na_0003 type NormativeAssertion => medis-websiten-zusammengefugt_n0006/na_0003 recommendationStatus NOT_A_RECOMMENDATION
Rule_345	?a type NormativeAssertion => ?a recommendationStatus NOT_A_RECOMMENDATION	glikson-2021-2021-esc-guidelines-on-cardiac-pacing-and-cardiac-resynchro_n0030/na_0025 type NormativeAssertion => glikson-2021-2021-esc-guidelines-on-cardiac-pacing-and-cardiac-resynchro_n0030/na_0025 recommendationStatus NOT_A_RECOMMENDATION
Rule_345	?a type NormativeAssertion => ?a recommendationStatus NOT_A_RECOMMENDATION	cardiosmart-hfref-action-plan_n0003/na_0002 type NormativeAssertion => cardiosmart-hfref-action-plan_n0003/na_0002 recommendationStatus NOT_A_RECOMMENDATION
Rule_345	?a type NormativeAssertion => ?a recommendationStatus NOT_A_RECOMMENDATION	page-2016-drugs-that-may-cause-or-exacerbate-heart-failure_n0006/na_0008 type NormativeAssertion => page-2016-drugs-that-may-cause-or-exacerbate-heart-failure_n0006/na_0008 recommendationStatus NOT_A_RECOMMENDATION
Rule_345	?a type NormativeAssertion => ?a recommendationStatus NOT_A_RECOMMENDATION	su_verified_0074e29f31a1f0feb082e0064bee46f60bf6b5ae3f8703d1231341374ed97e52_table_1/na_0025 type NormativeAssertion => su_verified_0074e29f31a1f0feb082e0064bee46f60bf6b5ae3f8703d1231341374ed97e52_table_1/na_0025 recommendationStatus NOT_A_RECOMMENDATION
Rule_345	?a type NormativeAssertion => ?a recommendationStatus NOT_A_RECOMMENDATION	regitz-zagrosek-2018-2018-esc-guideline-for-the-management-of-cardiovasc_n0045/na_0005 type NormativeAssertion => regitz-zagrosek-2018-2018-esc-guideline-for-the-management-of-cardiovasc_n0045/na_0005 recommendationStatus NOT_A_RECOMMENDATION
Rule_345	?a type NormativeAssertion => ?a recommendationStatus NOT_A_RECOMMENDATION	lenarczyk-2024-management-of-patients-with-an-electrical-storm-or-cluste_n0013/na_0014 type NormativeAssertion => lenarczyk-2024-management-of-patients-with-an-electrical-storm-or-cluste_n0013/na_0014 recommendationStatus NOT_A_RECOMMENDATION
Rule_345	?a type NormativeAssertion => ?a recommendationStatus NOT_A_RECOMMENDATION	heidenreich-2022-aha-acc-hfsa-guidelines_n0057/na_0005 type NormativeAssertion => heidenreich-2022-aha-acc-hfsa-guidelines_n0057/na_0005 recommendationStatus NOT_A_RECOMMENDATION
Rule_345	?a type NormativeAssertion => ?a recommendationStatus NOT_A_RECOMMENDATION	maddox-2021-2021-update-to-the-2017-acc-expert-consensus-decision-pathwa_n0016/na_0001 type NormativeAssertion => maddox-2021-2021-update-to-the-2017-acc-expert-consensus-decision-pathwa_n0016/na_0001 recommendationStatus NOT_A_RECOMMENDATION
Rule_345	?a type NormativeAssertion => ?a recommendationStatus NOT_A_RECOMMENDATION	page-2016-drugs-that-may-cause-or-exacerbate-heart-failure_n0006/na_0002 type NormativeAssertion => page-2016-drugs-that-may-cause-or-exacerbate-heart-failure_n0006/na_0002 recommendationStatus NOT_A_RECOMMENDATION
Rule_345	?a type NormativeAssertion => ?a recommendationStatus NOT_A_RECOMMENDATION	execut-1_n0018/na_0020 type NormativeAssertion => execut-1_n0018/na_0020 recommendationStatus NOT_A_RECOMMENDATION
Rule_345	?a type NormativeAssertion => ?a recommendationStatus NOT_A_RECOMMENDATION	malgie-2024-contemporary-guideline-directed-medical-therapy_n0002/na_0001 type NormativeAssertion => malgie-2024-contemporary-guideline-directed-medical-therapy_n0002/na_0001 recommendationStatus NOT_A_RECOMMENDATION
Rule_345	?a type NormativeAssertion => ?a recommendationStatus NOT_A_RECOMMENDATION	supp-material-esc-guidelines_n0009/na_0007 type NormativeAssertion => supp-material-esc-guidelines_n0009/na_0007 recommendationStatus NOT_A_RECOMMENDATION
Rule_345	?a type NormativeAssertion => ?a recommendationStatus NOT_A_RECOMMENDATION	zeppenfeld-2022-esc-guidelines-va-and-scd_n0026/na_0006 type NormativeAssertion => zeppenfeld-2022-esc-guidelines-va-and-scd_n0026/na_0006 recommendationStatus NOT_A_RECOMMENDATION
Rule_345	?a type NormativeAssertion => ?a recommendationStatus NOT_A_RECOMMENDATION	page-2016-drugs-that-may-cause-or-exacerbate-heart-failure_n0006/na_0003 type NormativeAssertion => page-2016-drugs-that-may-cause-or-exacerbate-heart-failure_n0006/na_0003 recommendationStatus NOT_A_RECOMMENDATION
Rule_345	?a type NormativeAssertion => ?a recommendationStatus NOT_A_RECOMMENDATION	zhang-2020-management-of-heart-failure-patients-with-covid-19_n0003/na_0016 type NormativeAssertion => zhang-2020-management-of-heart-failure-patients-with-covid-19_n0003/na_0016 recommendationStatus NOT_A_RECOMMENDATION
Rule_345	?a type NormativeAssertion => ?a recommendationStatus NOT_A_RECOMMENDATION	supp-material-esc-guidelines_n0009/na_0003 type NormativeAssertion => supp-material-esc-guidelines_n0009/na_0003 recommendationStatus NOT_A_RECOMMENDATION
Rule_345	?a type NormativeAssertion => ?a recommendationStatus NOT_A_RECOMMENDATION	mcdonagh-2023-esc-guidelines_n0034/na_0004 type NormativeAssertion => mcdonagh-2023-esc-guidelines_n0034/na_0004 recommendationStatus NOT_A_RECOMMENDATION
Rule_345	?a type NormativeAssertion => ?a recommendationStatus NOT_A_RECOMMENDATION	heidenreich-2022-aha-acc-hfsa-guidelines_n0057/na_0008 type NormativeAssertion => heidenreich-2022-aha-acc-hfsa-guidelines_n0057/na_0008 recommendationStatus NOT_A_RECOMMENDATION
Rule_345	?a type NormativeAssertion => ?a recommendationStatus NOT_A_RECOMMENDATION	zeppenfeld-2022-esc-guidelines-va-and-scd_n0040/na_0004 type NormativeAssertion => zeppenfeld-2022-esc-guidelines-va-and-scd_n0040/na_0004 recommendationStatus NOT_A_RECOMMENDATION
Rule_345	?a type NormativeAssertion => ?a recommendationStatus NOT_A_RECOMMENDATION	su_verified_6ed52cdf724db04223b4d1c2e62f3c35f6b42bc19bc5e3198277d681d47e1eb9_table_5/na_0012 type NormativeAssertion => su_verified_6ed52cdf724db04223b4d1c2e62f3c35f6b42bc19bc5e3198277d681d47e1eb9_table_5/na_0012 recommendationStatus NOT_A_RECOMMENDATION
Rule_345	?a type NormativeAssertion => ?a recommendationStatus NOT_A_RECOMMENDATION	heidenreich-2022-aha-acc-hfsa-guidelines_n0056/na_0025 type NormativeAssertion => heidenreich-2022-aha-acc-hfsa-guidelines_n0056/na_0025 recommendationStatus NOT_A_RECOMMENDATION
Rule_345	?a type NormativeAssertion => ?a recommendationStatus NOT_A_RECOMMENDATION	heidenreich-2022-aha-acc-hfsa-guidelines_n0056/na_0020 type NormativeAssertion => heidenreich-2022-aha-acc-hfsa-guidelines_n0056/na_0020 recommendationStatus NOT_A_RECOMMENDATION
Rule_345	?a type NormativeAssertion => ?a recommendationStatus NOT_A_RECOMMENDATION	aha-patient-discharge-packet_n0004/na_0002 type NormativeAssertion => aha-patient-discharge-packet_n0004/na_0002 recommendationStatus NOT_A_RECOMMENDATION
Rule_345	?a type NormativeAssertion => ?a recommendationStatus NOT_A_RECOMMENDATION	se815e-1_n0001/na_0009 type NormativeAssertion => se815e-1_n0001/na_0009 recommendationStatus NOT_A_RECOMMENDATION
Rule_345	?a type NormativeAssertion => ?a recommendationStatus NOT_A_RECOMMENDATION	mcdonagh-2023-esc-guidelines_n0058/na_0008 type NormativeAssertion => mcdonagh-2023-esc-guidelines_n0058/na_0008 recommendationStatus NOT_A_RECOMMENDATION
Rule_345	?a type NormativeAssertion => ?a recommendationStatus NOT_A_RECOMMENDATION	lenarczyk-2024-management-of-patients-with-an-electrical-storm-or-cluste_n0013/na_0012 type NormativeAssertion => lenarczyk-2024-management-of-patients-with-an-electrical-storm-or-cluste_n0013/na_0012 recommendationStatus NOT_A_RECOMMENDATION
Rule_345	?a type NormativeAssertion => ?a recommendationStatus NOT_A_RECOMMENDATION	aha-patient-discharge-packet_n0004/na_0003 type NormativeAssertion => aha-patient-discharge-packet_n0004/na_0003 recommendationStatus NOT_A_RECOMMENDATION
Rule_345	?a type NormativeAssertion => ?a recommendationStatus NOT_A_RECOMMENDATION	maddox-2021-2021-update-to-the-2017-acc-expert-consensus-decision-pathwa_n0016/na_0005 type NormativeAssertion => maddox-2021-2021-update-to-the-2017-acc-expert-consensus-decision-pathwa_n0016/na_0005 recommendationStatus NOT_A_RECOMMENDATION
Rule_345	?a type NormativeAssertion => ?a recommendationStatus NOT_A_RECOMMENDATION	se815e-1_n0003/na_0001 type NormativeAssertion => se815e-1_n0003/na_0001 recommendationStatus NOT_A_RECOMMENDATION
Rule_345	?a type NormativeAssertion => ?a recommendationStatus NOT_A_RECOMMENDATION	medis-websiten-zusammengefugt_n0006/na_0005 type NormativeAssertion => medis-websiten-zusammengefugt_n0006/na_0005 recommendationStatus NOT_A_RECOMMENDATION
Rule_345	?a type NormativeAssertion => ?a recommendationStatus NOT_A_RECOMMENDATION	zeppenfeld-2022-esc-guidelines-va-and-scd_n0038/na_0005 type NormativeAssertion => zeppenfeld-2022-esc-guidelines-va-and-scd_n0038/na_0005 recommendationStatus NOT_A_RECOMMENDATION
Rule_345	?a type NormativeAssertion => ?a recommendationStatus NOT_A_RECOMMENDATION	su_verified_6ed52cdf724db04223b4d1c2e62f3c35f6b42bc19bc5e3198277d681d47e1eb9_table_7/na_0010 type NormativeAssertion => su_verified_6ed52cdf724db04223b4d1c2e62f3c35f6b42bc19bc5e3198277d681d47e1eb9_table_7/na_0010 recommendationStatus NOT_A_RECOMMENDATION
Rule_345	?a type NormativeAssertion => ?a recommendationStatus NOT_A_RECOMMENDATION	regitz-zagrosek-2018-2018-esc-guideline-for-the-management-of-cardiovasc_n0042/na_0001 type NormativeAssertion => regitz-zagrosek-2018-2018-esc-guideline-for-the-management-of-cardiovasc_n0042/na_0001 recommendationStatus NOT_A_RECOMMENDATION
Rule_345	?a type NormativeAssertion => ?a recommendationStatus NOT_A_RECOMMENDATION	al-khatib-2017-aha-acc-hrs-guideline-va-and-scd_n0026/na_0006 type NormativeAssertion => al-khatib-2017-aha-acc-hrs-guideline-va-and-scd_n0026/na_0006 recommendationStatus NOT_A_RECOMMENDATION
Rule_345	?a type NormativeAssertion => ?a recommendationStatus NOT_A_RECOMMENDATION	page-2016-drugs-that-may-cause-or-exacerbate-heart-failure_n0008/na_0007 type NormativeAssertion => page-2016-drugs-that-may-cause-or-exacerbate-heart-failure_n0008/na_0007 recommendationStatus NOT_A_RECOMMENDATION
Rule_345	?a type NormativeAssertion => ?a recommendationStatus NOT_A_RECOMMENDATION	glikson-2021-2021-esc-guidelines-on-cardiac-pacing-and-cardiac-resynchro_n0030/na_0012 type NormativeAssertion => glikson-2021-2021-esc-guidelines-on-cardiac-pacing-and-cardiac-resynchro_n0030/na_0012 recommendationStatus NOT_A_RECOMMENDATION
Rule_345	?a type NormativeAssertion => ?a recommendationStatus NOT_A_RECOMMENDATION	malgie-2024-contemporary-guideline-directed-medical-therapy_n0001/na_0002 type NormativeAssertion => malgie-2024-contemporary-guideline-directed-medical-therapy_n0001/na_0002 recommendationStatus NOT_A_RECOMMENDATION
Rule_345	?a type NormativeAssertion => ?a recommendationStatus NOT_A_RECOMMENDATION	maddox-2021-2021-update-to-the-2017-acc-expert-consensus-decision-pathwa_n0016/na_0003 type NormativeAssertion => maddox-2021-2021-update-to-the-2017-acc-expert-consensus-decision-pathwa_n0016/na_0003 recommendationStatus NOT_A_RECOMMENDATION
Rule_345	?a type NormativeAssertion => ?a recommendationStatus NOT_A_RECOMMENDATION	glikson-2021-2021-esc-guidelines-on-cardiac-pacing-and-cardiac-resynchro_n0030/na_0009 type NormativeAssertion => glikson-2021-2021-esc-guidelines-on-cardiac-pacing-and-cardiac-resynchro_n0030/na_0009 recommendationStatus NOT_A_RECOMMENDATION
Rule_345	?a type NormativeAssertion => ?a recommendationStatus NOT_A_RECOMMENDATION	maddox-2021-2021-update-to-the-2017-acc-expert-consensus-decision-pathwa_n0015/na_0007 type NormativeAssertion => maddox-2021-2021-update-to-the-2017-acc-expert-consensus-decision-pathwa_n0015/na_0007 recommendationStatus NOT_A_RECOMMENDATION
Rule_345	?a type NormativeAssertion => ?a recommendationStatus NOT_A_RECOMMENDATION	van-diepen-2017-contemporary-management-of-cardiogenic-shock_n0005/na_0004 type NormativeAssertion => van-diepen-2017-contemporary-management-of-cardiogenic-shock_n0005/na_0004 recommendationStatus NOT_A_RECOMMENDATION
Rule_345	?a type NormativeAssertion => ?a recommendationStatus NOT_A_RECOMMENDATION	aha-patient-discharge-packet_n0004/na_0010 type NormativeAssertion => aha-patient-discharge-packet_n0004/na_0010 recommendationStatus NOT_A_RECOMMENDATION
Rule_345	?a type NormativeAssertion => ?a recommendationStatus NOT_A_RECOMMENDATION	aha-patient-discharge-packet_n0004/na_0011 type NormativeAssertion => aha-patient-discharge-packet_n0004/na_0011 recommendationStatus NOT_A_RECOMMENDATION
Rule_345	?a type NormativeAssertion => ?a recommendationStatus NOT_A_RECOMMENDATION	zeppenfeld-2022-esc-guidelines-va-and-scd_n0025/na_0030 type NormativeAssertion => zeppenfeld-2022-esc-guidelines-va-and-scd_n0025/na_0030 recommendationStatus NOT_A_RECOMMENDATION
Rule_345	?a type NormativeAssertion => ?a recommendationStatus NOT_A_RECOMMENDATION	pulmon-1_n0001/na_0001 type NormativeAssertion => pulmon-1_n0001/na_0001 recommendationStatus NOT_A_RECOMMENDATION
Rule_345	?a type NormativeAssertion => ?a recommendationStatus NOT_A_RECOMMENDATION	aha-patient-discharge-packet_n0004/na_0005 type NormativeAssertion => aha-patient-discharge-packet_n0004/na_0005 recommendationStatus NOT_A_RECOMMENDATION
Rule_345	?a type NormativeAssertion => ?a recommendationStatus NOT_A_RECOMMENDATION	zeppenfeld-2022-esc-guidelines-va-and-scd_n0026/na_0001 type NormativeAssertion => zeppenfeld-2022-esc-guidelines-va-and-scd_n0026/na_0001 recommendationStatus NOT_A_RECOMMENDATION
Rule_345	?a type NormativeAssertion => ?a recommendationStatus NOT_A_RECOMMENDATION	al-khatib-2017-aha-acc-hrs-guideline-va-and-scd_n0056/na_0011 type NormativeAssertion => al-khatib-2017-aha-acc-hrs-guideline-va-and-scd_n0056/na_0011 recommendationStatus NOT_A_RECOMMENDATION
Rule_345	?a type NormativeAssertion => ?a recommendationStatus NOT_A_RECOMMENDATION	zeppenfeld-2022-esc-guidelines-va-and-scd_n0038/na_0008 type NormativeAssertion => zeppenfeld-2022-esc-guidelines-va-and-scd_n0038/na_0008 recommendationStatus NOT_A_RECOMMENDATION
Rule_345	?a type NormativeAssertion => ?a recommendationStatus NOT_A_RECOMMENDATION	execut-1_n0018/na_0014 type NormativeAssertion => execut-1_n0018/na_0014 recommendationStatus NOT_A_RECOMMENDATION
Rule_345	?a type NormativeAssertion => ?a recommendationStatus NOT_A_RECOMMENDATION	execut-1_n0018/na_0008 type NormativeAssertion => execut-1_n0018/na_0008 recommendationStatus NOT_A_RECOMMENDATION
Rule_345	?a type NormativeAssertion => ?a recommendationStatus NOT_A_RECOMMENDATION	zeppenfeld-2022-esc-guidelines-va-and-scd_n0040/na_0001 type NormativeAssertion => zeppenfeld-2022-esc-guidelines-va-and-scd_n0040/na_0001 recommendationStatus NOT_A_RECOMMENDATION
Rule_345	?a type NormativeAssertion => ?a recommendationStatus NOT_A_RECOMMENDATION	mcdonagh-2023-esc-guidelines_n0058/na_0001 type NormativeAssertion => mcdonagh-2023-esc-guidelines_n0058/na_0001 recommendationStatus NOT_A_RECOMMENDATION
Rule_345	?a type NormativeAssertion => ?a recommendationStatus NOT_A_RECOMMENDATION	regitz-zagrosek-2018-2018-esc-guideline-for-the-management-of-cardiovasc_n0045/na_0010 type NormativeAssertion => regitz-zagrosek-2018-2018-esc-guideline-for-the-management-of-cardiovasc_n0045/na_0010 recommendationStatus NOT_A_RECOMMENDATION
Rule_345	?a type NormativeAssertion => ?a recommendationStatus NOT_A_RECOMMENDATION	supp-material-esc-guidelines_n0017/na_0003 type NormativeAssertion => supp-material-esc-guidelines_n0017/na_0003 recommendationStatus NOT_A_RECOMMENDATION
Rule_345	?a type NormativeAssertion => ?a recommendationStatus NOT_A_RECOMMENDATION	al-khatib-2017-aha-acc-hrs-guideline-va-and-scd_n0026/na_0019 type NormativeAssertion => al-khatib-2017-aha-acc-hrs-guideline-va-and-scd_n0026/na_0019 recommendationStatus NOT_A_RECOMMENDATION
Rule_345	?a type NormativeAssertion => ?a recommendationStatus NOT_A_RECOMMENDATION	heidenreich-2022-aha-acc-hfsa-guidelines_n0042/na_0003 type NormativeAssertion => heidenreich-2022-aha-acc-hfsa-guidelines_n0042/na_0003 recommendationStatus NOT_A_RECOMMENDATION
Rule_345	?a type NormativeAssertion => ?a recommendationStatus NOT_A_RECOMMENDATION	su_verified_6ed52cdf724db04223b4d1c2e62f3c35f6b42bc19bc5e3198277d681d47e1eb9_table_5/na_0038 type NormativeAssertion => su_verified_6ed52cdf724db04223b4d1c2e62f3c35f6b42bc19bc5e3198277d681d47e1eb9_table_5/na_0038 recommendationStatus NOT_A_RECOMMENDATION
Rule_345	?a type NormativeAssertion => ?a recommendationStatus NOT_A_RECOMMENDATION	supp-material-esc-guidelines_n0029/na_0010 type NormativeAssertion => supp-material-esc-guidelines_n0029/na_0010 recommendationStatus NOT_A_RECOMMENDATION
Rule_345	?a type NormativeAssertion => ?a recommendationStatus NOT_A_RECOMMENDATION	lenarczyk-2024-management-of-patients-with-an-electrical-storm-or-cluste_n0020/na_0011 type NormativeAssertion => lenarczyk-2024-management-of-patients-with-an-electrical-storm-or-cluste_n0020/na_0011 recommendationStatus NOT_A_RECOMMENDATION
Rule_345	?a type NormativeAssertion => ?a recommendationStatus NOT_A_RECOMMENDATION	page-2016-drugs-that-may-cause-or-exacerbate-heart-failure_n0008/na_0002 type NormativeAssertion => page-2016-drugs-that-may-cause-or-exacerbate-heart-failure_n0008/na_0002 recommendationStatus NOT_A_RECOMMENDATION
Rule_345	?a type NormativeAssertion => ?a recommendationStatus NOT_A_RECOMMENDATION	maddox-2021-2021-update-to-the-2017-acc-expert-consensus-decision-pathwa_n0017/na_0032 type NormativeAssertion => maddox-2021-2021-update-to-the-2017-acc-expert-consensus-decision-pathwa_n0017/na_0032 recommendationStatus NOT_A_RECOMMENDATION
Rule_345	?a type NormativeAssertion => ?a recommendationStatus NOT_A_RECOMMENDATION	supp-material-esc-guidelines_n0029/na_0002 type NormativeAssertion => supp-material-esc-guidelines_n0029/na_0002 recommendationStatus NOT_A_RECOMMENDATION
Rule_345	?a type NormativeAssertion => ?a recommendationStatus NOT_A_RECOMMENDATION	glikson-2021-2021-esc-guidelines-on-cardiac-pacing-and-cardiac-resynchro_n0030/na_0007 type NormativeAssertion => glikson-2021-2021-esc-guidelines-on-cardiac-pacing-and-cardiac-resynchro_n0030/na_0007 recommendationStatus NOT_A_RECOMMENDATION
Rule_345	?a type NormativeAssertion => ?a recommendationStatus NOT_A_RECOMMENDATION	se815e-1_n0004/na_0008 type NormativeAssertion => se815e-1_n0004/na_0008 recommendationStatus NOT_A_RECOMMENDATION
Rule_345	?a type NormativeAssertion => ?a recommendationStatus NOT_A_RECOMMENDATION	mcdonagh-2023-esc-guidelines_n0069/na_0007 type NormativeAssertion => mcdonagh-2023-esc-guidelines_n0069/na_0007 recommendationStatus NOT_A_RECOMMENDATION
Rule_345	?a type NormativeAssertion => ?a recommendationStatus NOT_A_RECOMMENDATION	regitz-zagrosek-2018-2018-esc-guideline-for-the-management-of-cardiovasc_n0045/na_0006 type NormativeAssertion => regitz-zagrosek-2018-2018-esc-guideline-for-the-management-of-cardiovasc_n0045/na_0006 recommendationStatus NOT_A_RECOMMENDATION
Rule_345	?a type NormativeAssertion => ?a recommendationStatus NOT_A_RECOMMENDATION	mcdonagh-2023-esc-guidelines_n0034/na_0009 type NormativeAssertion => mcdonagh-2023-esc-guidelines_n0034/na_0009 recommendationStatus NOT_A_RECOMMENDATION
Rule_345	?a type NormativeAssertion => ?a recommendationStatus NOT_A_RECOMMENDATION	mcdonagh-2023-esc-guidelines_n0059/na_0010 type NormativeAssertion => mcdonagh-2023-esc-guidelines_n0059/na_0010 recommendationStatus NOT_A_RECOMMENDATION
Rule_345	?a type NormativeAssertion => ?a recommendationStatus NOT_A_RECOMMENDATION	al-khatib-2017-aha-acc-hrs-guideline-va-and-scd_n0026/na_0017 type NormativeAssertion => al-khatib-2017-aha-acc-hrs-guideline-va-and-scd_n0026/na_0017 recommendationStatus NOT_A_RECOMMENDATION
Rule_345	?a type NormativeAssertion => ?a recommendationStatus NOT_A_RECOMMENDATION	se815e-1_n0004/na_0005 type NormativeAssertion => se815e-1_n0004/na_0005 recommendationStatus NOT_A_RECOMMENDATION
Rule_345	?a type NormativeAssertion => ?a recommendationStatus NOT_A_RECOMMENDATION	page-2016-drugs-that-may-cause-or-exacerbate-heart-failure_n0006/na_0013 type NormativeAssertion => page-2016-drugs-that-may-cause-or-exacerbate-heart-failure_n0006/na_0013 recommendationStatus NOT_A_RECOMMENDATION
Rule_345	?a type NormativeAssertion => ?a recommendationStatus NOT_A_RECOMMENDATION	maddox-2021-2021-update-to-the-2017-acc-expert-consensus-decision-pathwa_n0017/na_0050 type NormativeAssertion => maddox-2021-2021-update-to-the-2017-acc-expert-consensus-decision-pathwa_n0017/na_0050 recommendationStatus NOT_A_RECOMMENDATION
Rule_345	?a type NormativeAssertion => ?a recommendationStatus NOT_A_RECOMMENDATION	al-khatib-2017-aha-acc-hrs-guideline-va-and-scd_n0026/na_0008 type NormativeAssertion => al-khatib-2017-aha-acc-hrs-guideline-va-and-scd_n0026/na_0008 recommendationStatus NOT_A_RECOMMENDATION
Rule_345	?a type NormativeAssertion => ?a recommendationStatus NOT_A_RECOMMENDATION	glikson-2021-2021-esc-guidelines-on-cardiac-pacing-and-cardiac-resynchro_n0030/na_0026 type NormativeAssertion => glikson-2021-2021-esc-guidelines-on-cardiac-pacing-and-cardiac-resynchro_n0030/na_0026 recommendationStatus NOT_A_RECOMMENDATION
Rule_345	?a type NormativeAssertion => ?a recommendationStatus NOT_A_RECOMMENDATION	malgie-2024-contemporary-guideline-directed-medical-therapy_n0003/na_0001 type NormativeAssertion => malgie-2024-contemporary-guideline-directed-medical-therapy_n0003/na_0001 recommendationStatus NOT_A_RECOMMENDATION
Rule_345	?a type NormativeAssertion => ?a recommendationStatus NOT_A_RECOMMENDATION	se815e-1_n0001/na_0003 type NormativeAssertion => se815e-1_n0001/na_0003 recommendationStatus NOT_A_RECOMMENDATION
Rule_345	?a type NormativeAssertion => ?a recommendationStatus NOT_A_RECOMMENDATION	su_verified_6ed52cdf724db04223b4d1c2e62f3c35f6b42bc19bc5e3198277d681d47e1eb9_table_5/na_0050 type NormativeAssertion => su_verified_6ed52cdf724db04223b4d1c2e62f3c35f6b42bc19bc5e3198277d681d47e1eb9_table_5/na_0050 recommendationStatus NOT_A_RECOMMENDATION
Rule_345	?a type NormativeAssertion => ?a recommendationStatus NOT_A_RECOMMENDATION	mcdonagh-2023-esc-guidelines_n0068/na_0010 type NormativeAssertion => mcdonagh-2023-esc-guidelines_n0068/na_0010 recommendationStatus NOT_A_RECOMMENDATION
Rule_345	?a type NormativeAssertion => ?a recommendationStatus NOT_A_RECOMMENDATION	heidenreich-2022-aha-acc-hfsa-guidelines_n0057/na_0003 type NormativeAssertion => heidenreich-2022-aha-acc-hfsa-guidelines_n0057/na_0003 recommendationStatus NOT_A_RECOMMENDATION
Rule_345	?a type NormativeAssertion => ?a recommendationStatus NOT_A_RECOMMENDATION	regitz-zagrosek-2018-2018-esc-guideline-for-the-management-of-cardiovasc_n0037/na_0005 type NormativeAssertion => regitz-zagrosek-2018-2018-esc-guideline-for-the-management-of-cardiovasc_n0037/na_0005 recommendationStatus NOT_A_RECOMMENDATION
Rule_345	?a type NormativeAssertion => ?a recommendationStatus NOT_A_RECOMMENDATION	supp-material-esc-guidelines_n0009/na_0015 type NormativeAssertion => supp-material-esc-guidelines_n0009/na_0015 recommendationStatus NOT_A_RECOMMENDATION
Rule_345	?a type NormativeAssertion => ?a recommendationStatus NOT_A_RECOMMENDATION	ambrosetti-2020-secondary-prevention-comprehensive-cardiovascular-rehabi_n0001/na_0016 type NormativeAssertion => ambrosetti-2020-secondary-prevention-comprehensive-cardiovascular-rehabi_n0001/na_0016 recommendationStatus NOT_A_RECOMMENDATION
Rule_345	?a type NormativeAssertion => ?a recommendationStatus NOT_A_RECOMMENDATION	su_verified_6ed52cdf724db04223b4d1c2e62f3c35f6b42bc19bc5e3198277d681d47e1eb9_table_5/na_0013 type NormativeAssertion => su_verified_6ed52cdf724db04223b4d1c2e62f3c35f6b42bc19bc5e3198277d681d47e1eb9_table_5/na_0013 recommendationStatus NOT_A_RECOMMENDATION
Rule_345	?a type NormativeAssertion => ?a recommendationStatus NOT_A_RECOMMENDATION	zeppenfeld-2022-esc-guidelines-va-and-scd_n0026/na_0011 type NormativeAssertion => zeppenfeld-2022-esc-guidelines-va-and-scd_n0026/na_0011 recommendationStatus NOT_A_RECOMMENDATION
Rule_345	?a type NormativeAssertion => ?a recommendationStatus NOT_A_RECOMMENDATION	ambrosetti-2020-secondary-prevention-comprehensive-cardiovascular-rehabi_n0001/na_0014 type NormativeAssertion => ambrosetti-2020-secondary-prevention-comprehensive-cardiovascular-rehabi_n0001/na_0014 recommendationStatus NOT_A_RECOMMENDATION
Rule_345	?a type NormativeAssertion => ?a recommendationStatus NOT_A_RECOMMENDATION	supp-material-esc-guidelines_n0009/na_0017 type NormativeAssertion => supp-material-esc-guidelines_n0009/na_0017 recommendationStatus NOT_A_RECOMMENDATION
Rule_345	?a type NormativeAssertion => ?a recommendationStatus NOT_A_RECOMMENDATION	mullens-2019-the-use-of-diuretics-in-heart-failure-with-congestion_n0003/na_0006 type NormativeAssertion => mullens-2019-the-use-of-diuretics-in-heart-failure-with-congestion_n0003/na_0006 recommendationStatus NOT_A_RECOMMENDATION
Rule_345	?a type NormativeAssertion => ?a recommendationStatus NOT_A_RECOMMENDATION	glikson-2021-2021-esc-guidelines-on-cardiac-pacing-and-cardiac-resynchro_n0030/na_0036 type NormativeAssertion => glikson-2021-2021-esc-guidelines-on-cardiac-pacing-and-cardiac-resynchro_n0030/na_0036 recommendationStatus NOT_A_RECOMMENDATION
Rule_345	?a type NormativeAssertion => ?a recommendationStatus NOT_A_RECOMMENDATION	glikson-2021-2021-esc-guidelines-on-cardiac-pacing-and-cardiac-resynchro_n0030/na_0047 type NormativeAssertion => glikson-2021-2021-esc-guidelines-on-cardiac-pacing-and-cardiac-resynchro_n0030/na_0047 recommendationStatus NOT_A_RECOMMENDATION
Rule_345	?a type NormativeAssertion => ?a recommendationStatus NOT_A_RECOMMENDATION	heidenreich-2022-aha-acc-hfsa-guidelines_n0074/na_0002 type NormativeAssertion => heidenreich-2022-aha-acc-hfsa-guidelines_n0074/na_0002 recommendationStatus NOT_A_RECOMMENDATION
Rule_345	?a type NormativeAssertion => ?a recommendationStatus NOT_A_RECOMMENDATION	heidenreich-2022-aha-acc-hfsa-guidelines_n0080/na_0003 type NormativeAssertion => heidenreich-2022-aha-acc-hfsa-guidelines_n0080/na_0003 recommendationStatus NOT_A_RECOMMENDATION
Rule_345	?a type NormativeAssertion => ?a recommendationStatus NOT_A_RECOMMENDATION	heidenreich-2022-aha-acc-hfsa-guidelines_n0056/na_0008 type NormativeAssertion => heidenreich-2022-aha-acc-hfsa-guidelines_n0056/na_0008 recommendationStatus NOT_A_RECOMMENDATION
Rule_345	?a type NormativeAssertion => ?a recommendationStatus NOT_A_RECOMMENDATION	heidenreich-2022-aha-acc-hfsa-guidelines_n0054/na_0005 type NormativeAssertion => heidenreich-2022-aha-acc-hfsa-guidelines_n0054/na_0005 recommendationStatus NOT_A_RECOMMENDATION
Rule_345	?a type NormativeAssertion => ?a recommendationStatus NOT_A_RECOMMENDATION	regitz-zagrosek-2018-2018-esc-guideline-for-the-management-of-cardiovasc_n0036/na_0003 type NormativeAssertion => regitz-zagrosek-2018-2018-esc-guideline-for-the-management-of-cardiovasc_n0036/na_0003 recommendationStatus NOT_A_RECOMMENDATION
Rule_345	?a type NormativeAssertion => ?a recommendationStatus NOT_A_RECOMMENDATION	zhang-2020-management-of-heart-failure-patients-with-covid-19_n0003/na_0012 type NormativeAssertion => zhang-2020-management-of-heart-failure-patients-with-covid-19_n0003/na_0012 recommendationStatus NOT_A_RECOMMENDATION
Rule_345	?a type NormativeAssertion => ?a recommendationStatus NOT_A_RECOMMENDATION	glikson-2021-2021-esc-guidelines-on-cardiac-pacing-and-cardiac-resynchro_n0030/na_0022 type NormativeAssertion => glikson-2021-2021-esc-guidelines-on-cardiac-pacing-and-cardiac-resynchro_n0030/na_0022 recommendationStatus NOT_A_RECOMMENDATION
Rule_345	?a type NormativeAssertion => ?a recommendationStatus NOT_A_RECOMMENDATION	cardiosmart-heartfailurebasics_n0002/na_0007 type NormativeAssertion => cardiosmart-heartfailurebasics_n0002/na_0007 recommendationStatus NOT_A_RECOMMENDATION
Rule_345	?a type NormativeAssertion => ?a recommendationStatus NOT_A_RECOMMENDATION	van-diepen-2017-contemporary-management-of-cardiogenic-shock_n0005/na_0009 type NormativeAssertion => van-diepen-2017-contemporary-management-of-cardiogenic-shock_n0005/na_0009 recommendationStatus NOT_A_RECOMMENDATION
Rule_345	?a type NormativeAssertion => ?a recommendationStatus NOT_A_RECOMMENDATION	zhang-2020-management-of-heart-failure-patients-with-covid-19_n0003/na_0014 type NormativeAssertion => zhang-2020-management-of-heart-failure-patients-with-covid-19_n0003/na_0014 recommendationStatus NOT_A_RECOMMENDATION
Rule_345	?a type NormativeAssertion => ?a recommendationStatus NOT_A_RECOMMENDATION	su_verified_0074e29f31a1f0feb082e0064bee46f60bf6b5ae3f8703d1231341374ed97e52_table_1/na_0093 type NormativeAssertion => su_verified_0074e29f31a1f0feb082e0064bee46f60bf6b5ae3f8703d1231341374ed97e52_table_1/na_0093 recommendationStatus NOT_A_RECOMMENDATION
Rule_345	?a type NormativeAssertion => ?a recommendationStatus NOT_A_RECOMMENDATION	page-2016-drugs-that-may-cause-or-exacerbate-heart-failure_n0006/na_0001 type NormativeAssertion => page-2016-drugs-that-may-cause-or-exacerbate-heart-failure_n0006/na_0001 recommendationStatus NOT_A_RECOMMENDATION
Rule_345	?a type NormativeAssertion => ?a recommendationStatus NOT_A_RECOMMENDATION	vest-2019-nutrition-obesity-and-cachexia-in-patients-with-heart-failure_n0002/na_0003 type NormativeAssertion => vest-2019-nutrition-obesity-and-cachexia-in-patients-with-heart-failure_n0002/na_0003 recommendationStatus NOT_A_RECOMMENDATION
Rule_345	?a type NormativeAssertion => ?a recommendationStatus NOT_A_RECOMMENDATION	su_verified_6ed52cdf724db04223b4d1c2e62f3c35f6b42bc19bc5e3198277d681d47e1eb9_table_6/na_0024 type NormativeAssertion => su_verified_6ed52cdf724db04223b4d1c2e62f3c35f6b42bc19bc5e3198277d681d47e1eb9_table_6/na_0024 recommendationStatus NOT_A_RECOMMENDATION
Rule_345	?a type NormativeAssertion => ?a recommendationStatus NOT_A_RECOMMENDATION	maddox-2021-2021-update-to-the-2017-acc-expert-consensus-decision-pathwa_n0003/na_0007 type NormativeAssertion => maddox-2021-2021-update-to-the-2017-acc-expert-consensus-decision-pathwa_n0003/na_0007 recommendationStatus NOT_A_RECOMMENDATION
Rule_345	?a type NormativeAssertion => ?a recommendationStatus NOT_A_RECOMMENDATION	mcdonagh-2023-esc-guidelines_n0034/na_0020 type NormativeAssertion => mcdonagh-2023-esc-guidelines_n0034/na_0020 recommendationStatus NOT_A_RECOMMENDATION
Rule_345	?a type NormativeAssertion => ?a recommendationStatus NOT_A_RECOMMENDATION	maddox-2021-2021-update-to-the-2017-acc-expert-consensus-decision-pathwa_n0017/na_0006 type NormativeAssertion => maddox-2021-2021-update-to-the-2017-acc-expert-consensus-decision-pathwa_n0017/na_0006 recommendationStatus NOT_A_RECOMMENDATION
Rule_345	?a type NormativeAssertion => ?a recommendationStatus NOT_A_RECOMMENDATION	mcdonagh-2023-esc-guidelines_n0068/na_0014 type NormativeAssertion => mcdonagh-2023-esc-guidelines_n0068/na_0014 recommendationStatus NOT_A_RECOMMENDATION
Rule_345	?a type NormativeAssertion => ?a recommendationStatus NOT_A_RECOMMENDATION	mcdonagh-2023-esc-guidelines_n0034/na_0010 type NormativeAssertion => mcdonagh-2023-esc-guidelines_n0034/na_0010 recommendationStatus NOT_A_RECOMMENDATION
Rule_345	?a type NormativeAssertion => ?a recommendationStatus NOT_A_RECOMMENDATION	heidenreich-2022-aha-acc-hfsa-guidelines_n0082/na_0006 type NormativeAssertion => heidenreich-2022-aha-acc-hfsa-guidelines_n0082/na_0006 recommendationStatus NOT_A_RECOMMENDATION
Rule_345	?a type NormativeAssertion => ?a recommendationStatus NOT_A_RECOMMENDATION	supp-material-esc-guidelines_n0029/na_0004 type NormativeAssertion => supp-material-esc-guidelines_n0029/na_0004 recommendationStatus NOT_A_RECOMMENDATION
Rule_345	?a type NormativeAssertion => ?a recommendationStatus NOT_A_RECOMMENDATION	mcdonagh-2023-esc-guidelines_n0034/na_0008 type NormativeAssertion => mcdonagh-2023-esc-guidelines_n0034/na_0008 recommendationStatus NOT_A_RECOMMENDATION
Rule_345	?a type NormativeAssertion => ?a recommendationStatus NOT_A_RECOMMENDATION	su_verified_0074e29f31a1f0feb082e0064bee46f60bf6b5ae3f8703d1231341374ed97e52_table_1/na_0012 type NormativeAssertion => su_verified_0074e29f31a1f0feb082e0064bee46f60bf6b5ae3f8703d1231341374ed97e52_table_1/na_0012 recommendationStatus NOT_A_RECOMMENDATION
Rule_345	?a type NormativeAssertion => ?a recommendationStatus NOT_A_RECOMMENDATION	zhang-2020-management-of-heart-failure-patients-with-covid-19_n0003/na_0017 type NormativeAssertion => zhang-2020-management-of-heart-failure-patients-with-covid-19_n0003/na_0017 recommendationStatus NOT_A_RECOMMENDATION
Rule_345	?a type NormativeAssertion => ?a recommendationStatus NOT_A_RECOMMENDATION	mcdonagh-2023-esc-guidelines_n0084/na_0020 type NormativeAssertion => mcdonagh-2023-esc-guidelines_n0084/na_0020 recommendationStatus NOT_A_RECOMMENDATION
Rule_345	?a type NormativeAssertion => ?a recommendationStatus NOT_A_RECOMMENDATION	supp-material-esc-guidelines_n0029/na_0015 type NormativeAssertion => supp-material-esc-guidelines_n0029/na_0015 recommendationStatus NOT_A_RECOMMENDATION
Rule_345	?a type NormativeAssertion => ?a recommendationStatus NOT_A_RECOMMENDATION	su_verified_6ed52cdf724db04223b4d1c2e62f3c35f6b42bc19bc5e3198277d681d47e1eb9_table_6/na_0023 type NormativeAssertion => su_verified_6ed52cdf724db04223b4d1c2e62f3c35f6b42bc19bc5e3198277d681d47e1eb9_table_6/na_0023 recommendationStatus NOT_A_RECOMMENDATION
Rule_345	?a type NormativeAssertion => ?a recommendationStatus NOT_A_RECOMMENDATION	su_verified_6ed52cdf724db04223b4d1c2e62f3c35f6b42bc19bc5e3198277d681d47e1eb9_table_7/na_0042 type NormativeAssertion => su_verified_6ed52cdf724db04223b4d1c2e62f3c35f6b42bc19bc5e3198277d681d47e1eb9_table_7/na_0042 recommendationStatus NOT_A_RECOMMENDATION
Rule_345	?a type NormativeAssertion => ?a recommendationStatus NOT_A_RECOMMENDATION	maddox-2021-2021-update-to-the-2017-acc-expert-consensus-decision-pathwa_n0004/na_0001 type NormativeAssertion => maddox-2021-2021-update-to-the-2017-acc-expert-consensus-decision-pathwa_n0004/na_0001 recommendationStatus NOT_A_RECOMMENDATION
Rule_345	?a type NormativeAssertion => ?a recommendationStatus NOT_A_RECOMMENDATION	glikson-2021-2021-esc-guidelines-on-cardiac-pacing-and-cardiac-resynchro_n0030/na_0035 type NormativeAssertion => glikson-2021-2021-esc-guidelines-on-cardiac-pacing-and-cardiac-resynchro_n0030/na_0035 recommendationStatus NOT_A_RECOMMENDATION
Rule_345	?a type NormativeAssertion => ?a recommendationStatus NOT_A_RECOMMENDATION	heidenreich-2022-aha-acc-hfsa-guidelines_n0056/na_0009 type NormativeAssertion => heidenreich-2022-aha-acc-hfsa-guidelines_n0056/na_0009 recommendationStatus NOT_A_RECOMMENDATION
Rule_345	?a type NormativeAssertion => ?a recommendationStatus NOT_A_RECOMMENDATION	heidenreich-2022-aha-acc-hfsa-guidelines_n0086/na_0001 type NormativeAssertion => heidenreich-2022-aha-acc-hfsa-guidelines_n0086/na_0001 recommendationStatus NOT_A_RECOMMENDATION
Rule_345	?a type NormativeAssertion => ?a recommendationStatus NOT_A_RECOMMENDATION	al-khatib-2017-aha-acc-hrs-guideline-va-and-scd_n0026/na_0018 type NormativeAssertion => al-khatib-2017-aha-acc-hrs-guideline-va-and-scd_n0026/na_0018 recommendationStatus NOT_A_RECOMMENDATION
Rule_345	?a type NormativeAssertion => ?a recommendationStatus NOT_A_RECOMMENDATION	su_verified_6ed52cdf724db04223b4d1c2e62f3c35f6b42bc19bc5e3198277d681d47e1eb9_table_7/na_0059 type NormativeAssertion => su_verified_6ed52cdf724db04223b4d1c2e62f3c35f6b42bc19bc5e3198277d681d47e1eb9_table_7/na_0059 recommendationStatus NOT_A_RECOMMENDATION
Rule_345	?a type NormativeAssertion => ?a recommendationStatus NOT_A_RECOMMENDATION	se815e-1_n0004/na_0003 type NormativeAssertion => se815e-1_n0004/na_0003 recommendationStatus NOT_A_RECOMMENDATION
Rule_345	?a type NormativeAssertion => ?a recommendationStatus NOT_A_RECOMMENDATION	glikson-2021-2021-esc-guidelines-on-cardiac-pacing-and-cardiac-resynchro_n0030/na_0043 type NormativeAssertion => glikson-2021-2021-esc-guidelines-on-cardiac-pacing-and-cardiac-resynchro_n0030/na_0043 recommendationStatus NOT_A_RECOMMENDATION
Rule_345	?a type NormativeAssertion => ?a recommendationStatus NOT_A_RECOMMENDATION	zeppenfeld-2022-esc-guidelines-va-and-scd_n0038/na_0007 type NormativeAssertion => zeppenfeld-2022-esc-guidelines-va-and-scd_n0038/na_0007 recommendationStatus NOT_A_RECOMMENDATION
Rule_345	?a type NormativeAssertion => ?a recommendationStatus NOT_A_RECOMMENDATION	tsutsui-2023-natriuretic-peptides-role-in-the-diagnosis-and-management-o_n0003/na_0012 type NormativeAssertion => tsutsui-2023-natriuretic-peptides-role-in-the-diagnosis-and-management-o_n0003/na_0012 recommendationStatus NOT_A_RECOMMENDATION
Rule_345	?a type NormativeAssertion => ?a recommendationStatus NOT_A_RECOMMENDATION	mcdonagh-2023-esc-guidelines_n0034/na_0021 type NormativeAssertion => mcdonagh-2023-esc-guidelines_n0034/na_0021 recommendationStatus NOT_A_RECOMMENDATION
Rule_345	?a type NormativeAssertion => ?a recommendationStatus NOT_A_RECOMMENDATION	execut-1_n0018/na_0015 type NormativeAssertion => execut-1_n0018/na_0015 recommendationStatus NOT_A_RECOMMENDATION
Rule_345	?a type NormativeAssertion => ?a recommendationStatus NOT_A_RECOMMENDATION	heidenreich-2022-aha-acc-hfsa-guidelines_n0056/na_0006 type NormativeAssertion => heidenreich-2022-aha-acc-hfsa-guidelines_n0056/na_0006 recommendationStatus NOT_A_RECOMMENDATION
Rule_345	?a type NormativeAssertion => ?a recommendationStatus NOT_A_RECOMMENDATION	mcdonagh-2023-esc-guidelines_n0034/na_0018 type NormativeAssertion => mcdonagh-2023-esc-guidelines_n0034/na_0018 recommendationStatus NOT_A_RECOMMENDATION
Rule_345	?a type NormativeAssertion => ?a recommendationStatus NOT_A_RECOMMENDATION	zhang-2020-management-of-heart-failure-patients-with-covid-19_n0002/na_0008 type NormativeAssertion => zhang-2020-management-of-heart-failure-patients-with-covid-19_n0002/na_0008 recommendationStatus NOT_A_RECOMMENDATION
Rule_345	?a type NormativeAssertion => ?a recommendationStatus NOT_A_RECOMMENDATION	su_verified_0074e29f31a1f0feb082e0064bee46f60bf6b5ae3f8703d1231341374ed97e52_table_1/na_0058 type NormativeAssertion => su_verified_0074e29f31a1f0feb082e0064bee46f60bf6b5ae3f8703d1231341374ed97e52_table_1/na_0058 recommendationStatus NOT_A_RECOMMENDATION
Rule_345	?a type NormativeAssertion => ?a recommendationStatus NOT_A_RECOMMENDATION	maddox-2021-2021-update-to-the-2017-acc-expert-consensus-decision-pathwa_n0003/na_0004 type NormativeAssertion => maddox-2021-2021-update-to-the-2017-acc-expert-consensus-decision-pathwa_n0003/na_0004 recommendationStatus NOT_A_RECOMMENDATION
Rule_345	?a type NormativeAssertion => ?a recommendationStatus NOT_A_RECOMMENDATION	van-diepen-2017-contemporary-management-of-cardiogenic-shock_n0005/na_0012 type NormativeAssertion => van-diepen-2017-contemporary-management-of-cardiogenic-shock_n0005/na_0012 recommendationStatus NOT_A_RECOMMENDATION
Rule_345	?a type NormativeAssertion => ?a recommendationStatus NOT_A_RECOMMENDATION	maddox-2021-2021-update-to-the-2017-acc-expert-consensus-decision-pathwa_n0003/na_0006 type NormativeAssertion => maddox-2021-2021-update-to-the-2017-acc-expert-consensus-decision-pathwa_n0003/na_0006 recommendationStatus NOT_A_RECOMMENDATION
Rule_345	?a type NormativeAssertion => ?a recommendationStatus NOT_A_RECOMMENDATION	page-2016-drugs-that-may-cause-or-exacerbate-heart-failure_n0008/na_0001 type NormativeAssertion => page-2016-drugs-that-may-cause-or-exacerbate-heart-failure_n0008/na_0001 recommendationStatus NOT_A_RECOMMENDATION
Rule_345	?a type NormativeAssertion => ?a recommendationStatus NOT_A_RECOMMENDATION	page-2016-drugs-that-may-cause-or-exacerbate-heart-failure_n0009/na_0001 type NormativeAssertion => page-2016-drugs-that-may-cause-or-exacerbate-heart-failure_n0009/na_0001 recommendationStatus NOT_A_RECOMMENDATION
Rule_345	?a type NormativeAssertion => ?a recommendationStatus NOT_A_RECOMMENDATION	ambrosetti-2020-secondary-prevention-comprehensive-cardiovascular-rehabi_n0006/na_0020 type NormativeAssertion => ambrosetti-2020-secondary-prevention-comprehensive-cardiovascular-rehabi_n0006/na_0020 recommendationStatus NOT_A_RECOMMENDATION
Rule_345	?a type NormativeAssertion => ?a recommendationStatus NOT_A_RECOMMENDATION	heidenreich-2022-aha-acc-hfsa-guidelines_n0075/na_0002 type NormativeAssertion => heidenreich-2022-aha-acc-hfsa-guidelines_n0075/na_0002 recommendationStatus NOT_A_RECOMMENDATION
Rule_345	?a type NormativeAssertion => ?a recommendationStatus NOT_A_RECOMMENDATION	heidenreich-2022-aha-acc-hfsa-guidelines_n0064/na_0002 type NormativeAssertion => heidenreich-2022-aha-acc-hfsa-guidelines_n0064/na_0002 recommendationStatus NOT_A_RECOMMENDATION
Rule_345	?a type NormativeAssertion => ?a recommendationStatus NOT_A_RECOMMENDATION	supp-material-esc-guidelines_n0029/na_0005 type NormativeAssertion => supp-material-esc-guidelines_n0029/na_0005 recommendationStatus NOT_A_RECOMMENDATION
Rule_345	?a type NormativeAssertion => ?a recommendationStatus NOT_A_RECOMMENDATION	maddox-2021-2021-update-to-the-2017-acc-expert-consensus-decision-pathwa_n0003/na_0008 type NormativeAssertion => maddox-2021-2021-update-to-the-2017-acc-expert-consensus-decision-pathwa_n0003/na_0008 recommendationStatus NOT_A_RECOMMENDATION
Rule_345	?a type NormativeAssertion => ?a recommendationStatus NOT_A_RECOMMENDATION	pulmon-1_n0001/na_0012 type NormativeAssertion => pulmon-1_n0001/na_0012 recommendationStatus NOT_A_RECOMMENDATION
Rule_345	?a type NormativeAssertion => ?a recommendationStatus NOT_A_RECOMMENDATION	maddox-2021-2021-update-to-the-2017-acc-expert-consensus-decision-pathwa_n0003/na_0010 type NormativeAssertion => maddox-2021-2021-update-to-the-2017-acc-expert-consensus-decision-pathwa_n0003/na_0010 recommendationStatus NOT_A_RECOMMENDATION
Rule_345	?a type NormativeAssertion => ?a recommendationStatus NOT_A_RECOMMENDATION	zeppenfeld-2022-esc-guidelines-va-and-scd_n0026/na_0013 type NormativeAssertion => zeppenfeld-2022-esc-guidelines-va-and-scd_n0026/na_0013 recommendationStatus NOT_A_RECOMMENDATION
Rule_345	?a type NormativeAssertion => ?a recommendationStatus NOT_A_RECOMMENDATION	heidenreich-2022-aha-acc-hfsa-guidelines_n0082/na_0002 type NormativeAssertion => heidenreich-2022-aha-acc-hfsa-guidelines_n0082/na_0002 recommendationStatus NOT_A_RECOMMENDATION
Rule_345	?a type NormativeAssertion => ?a recommendationStatus NOT_A_RECOMMENDATION	se815e-1_n0003/na_0002 type NormativeAssertion => se815e-1_n0003/na_0002 recommendationStatus NOT_A_RECOMMENDATION
Rule_345	?a type NormativeAssertion => ?a recommendationStatus NOT_A_RECOMMENDATION	heidenreich-2022-aha-acc-hfsa-guidelines_n0054/na_0012 type NormativeAssertion => heidenreich-2022-aha-acc-hfsa-guidelines_n0054/na_0012 recommendationStatus NOT_A_RECOMMENDATION
Rule_345	?a type NormativeAssertion => ?a recommendationStatus NOT_A_RECOMMENDATION	page-2016-drugs-that-may-cause-or-exacerbate-heart-failure_n0007/na_0006 type NormativeAssertion => page-2016-drugs-that-may-cause-or-exacerbate-heart-failure_n0007/na_0006 recommendationStatus NOT_A_RECOMMENDATION
Rule_345	?a type NormativeAssertion => ?a recommendationStatus NOT_A_RECOMMENDATION	su_verified_6ed52cdf724db04223b4d1c2e62f3c35f6b42bc19bc5e3198277d681d47e1eb9_table_7/na_0037 type NormativeAssertion => su_verified_6ed52cdf724db04223b4d1c2e62f3c35f6b42bc19bc5e3198277d681d47e1eb9_table_7/na_0037 recommendationStatus NOT_A_RECOMMENDATION
Rule_345	?a type NormativeAssertion => ?a recommendationStatus NOT_A_RECOMMENDATION	al-khatib-2017-aha-acc-hrs-guideline-va-and-scd_n0056/na_0003 type NormativeAssertion => al-khatib-2017-aha-acc-hrs-guideline-va-and-scd_n0056/na_0003 recommendationStatus NOT_A_RECOMMENDATION
Rule_345	?a type NormativeAssertion => ?a recommendationStatus NOT_A_RECOMMENDATION	execut-1_n0018/na_0004 type NormativeAssertion => execut-1_n0018/na_0004 recommendationStatus NOT_A_RECOMMENDATION
Rule_345	?a type NormativeAssertion => ?a recommendationStatus NOT_A_RECOMMENDATION	execut-1_n0018/na_0002 type NormativeAssertion => execut-1_n0018/na_0002 recommendationStatus NOT_A_RECOMMENDATION
Rule_345	?a type NormativeAssertion => ?a recommendationStatus NOT_A_RECOMMENDATION	regitz-zagrosek-2018-2018-esc-guideline-for-the-management-of-cardiovasc_n0032/na_0003 type NormativeAssertion => regitz-zagrosek-2018-2018-esc-guideline-for-the-management-of-cardiovasc_n0032/na_0003 recommendationStatus NOT_A_RECOMMENDATION
Rule_345	?a type NormativeAssertion => ?a recommendationStatus NOT_A_RECOMMENDATION	zhang-2020-management-of-heart-failure-patients-with-covid-19_n0003/na_0006 type NormativeAssertion => zhang-2020-management-of-heart-failure-patients-with-covid-19_n0003/na_0006 recommendationStatus NOT_A_RECOMMENDATION
Rule_345	?a type NormativeAssertion => ?a recommendationStatus NOT_A_RECOMMENDATION	glikson-2021-2021-esc-guidelines-on-cardiac-pacing-and-cardiac-resynchro_n0030/na_0019 type NormativeAssertion => glikson-2021-2021-esc-guidelines-on-cardiac-pacing-and-cardiac-resynchro_n0030/na_0019 recommendationStatus NOT_A_RECOMMENDATION
Rule_345	?a type NormativeAssertion => ?a recommendationStatus NOT_A_RECOMMENDATION	vest-2019-nutrition-obesity-and-cachexia-in-patients-with-heart-failure_n0002/na_0013 type NormativeAssertion => vest-2019-nutrition-obesity-and-cachexia-in-patients-with-heart-failure_n0002/na_0013 recommendationStatus NOT_A_RECOMMENDATION
Rule_345	?a type NormativeAssertion => ?a recommendationStatus NOT_A_RECOMMENDATION	su_verified_6ed52cdf724db04223b4d1c2e62f3c35f6b42bc19bc5e3198277d681d47e1eb9_table_5/na_0011 type NormativeAssertion => su_verified_6ed52cdf724db04223b4d1c2e62f3c35f6b42bc19bc5e3198277d681d47e1eb9_table_5/na_0011 recommendationStatus NOT_A_RECOMMENDATION
Rule_345	?a type NormativeAssertion => ?a recommendationStatus NOT_A_RECOMMENDATION	zeppenfeld-2022-esc-guidelines-va-and-scd_n0025/na_0011 type NormativeAssertion => zeppenfeld-2022-esc-guidelines-va-and-scd_n0025/na_0011 recommendationStatus NOT_A_RECOMMENDATION
Rule_345	?a type NormativeAssertion => ?a recommendationStatus NOT_A_RECOMMENDATION	maddox-2021-2021-update-to-the-2017-acc-expert-consensus-decision-pathwa_n0017/na_0046 type NormativeAssertion => maddox-2021-2021-update-to-the-2017-acc-expert-consensus-decision-pathwa_n0017/na_0046 recommendationStatus NOT_A_RECOMMENDATION
Rule_345	?a type NormativeAssertion => ?a recommendationStatus NOT_A_RECOMMENDATION	se815e-1_n0001/na_0010 type NormativeAssertion => se815e-1_n0001/na_0010 recommendationStatus NOT_A_RECOMMENDATION
Rule_345	?a type NormativeAssertion => ?a recommendationStatus NOT_A_RECOMMENDATION	ambrosetti-2020-secondary-prevention-comprehensive-cardiovascular-rehabi_n0007/na_0024 type NormativeAssertion => ambrosetti-2020-secondary-prevention-comprehensive-cardiovascular-rehabi_n0007/na_0024 recommendationStatus NOT_A_RECOMMENDATION
Rule_345	?a type NormativeAssertion => ?a recommendationStatus NOT_A_RECOMMENDATION	glikson-2021-2021-esc-guidelines-on-cardiac-pacing-and-cardiac-resynchro_n0030/na_0002 type NormativeAssertion => glikson-2021-2021-esc-guidelines-on-cardiac-pacing-and-cardiac-resynchro_n0030/na_0002 recommendationStatus NOT_A_RECOMMENDATION
Rule_345	?a type NormativeAssertion => ?a recommendationStatus NOT_A_RECOMMENDATION	ambrosetti-2020-secondary-prevention-comprehensive-cardiovascular-rehabi_n0012/na_0016 type NormativeAssertion => ambrosetti-2020-secondary-prevention-comprehensive-cardiovascular-rehabi_n0012/na_0016 recommendationStatus NOT_A_RECOMMENDATION
Rule_345	?a type NormativeAssertion => ?a recommendationStatus NOT_A_RECOMMENDATION	tsutsui-2023-natriuretic-peptides-role-in-the-diagnosis-and-management-o_n0003/na_0011 type NormativeAssertion => tsutsui-2023-natriuretic-peptides-role-in-the-diagnosis-and-management-o_n0003/na_0011 recommendationStatus NOT_A_RECOMMENDATION
Rule_345	?a type NormativeAssertion => ?a recommendationStatus NOT_A_RECOMMENDATION	heidenreich-2022-aha-acc-hfsa-guidelines_n0056/na_0021 type NormativeAssertion => heidenreich-2022-aha-acc-hfsa-guidelines_n0056/na_0021 recommendationStatus NOT_A_RECOMMENDATION
Rule_345	?a type NormativeAssertion => ?a recommendationStatus NOT_A_RECOMMENDATION	page-2016-drugs-that-may-cause-or-exacerbate-heart-failure_n0008/na_0004 type NormativeAssertion => page-2016-drugs-that-may-cause-or-exacerbate-heart-failure_n0008/na_0004 recommendationStatus NOT_A_RECOMMENDATION
Rule_345	?a type NormativeAssertion => ?a recommendationStatus NOT_A_RECOMMENDATION	pulmon-1_n0001/na_0016 type NormativeAssertion => pulmon-1_n0001/na_0016 recommendationStatus NOT_A_RECOMMENDATION
Rule_345	?a type NormativeAssertion => ?a recommendationStatus NOT_A_RECOMMENDATION	heidenreich-2022-aha-acc-hfsa-guidelines_n0057/na_0007 type NormativeAssertion => heidenreich-2022-aha-acc-hfsa-guidelines_n0057/na_0007 recommendationStatus NOT_A_RECOMMENDATION
Rule_345	?a type NormativeAssertion => ?a recommendationStatus NOT_A_RECOMMENDATION	al-khatib-2017-aha-acc-hrs-guideline-va-and-scd_n0026/na_0011 type NormativeAssertion => al-khatib-2017-aha-acc-hrs-guideline-va-and-scd_n0026/na_0011 recommendationStatus NOT_A_RECOMMENDATION
Rule_345	?a type NormativeAssertion => ?a recommendationStatus NOT_A_RECOMMENDATION	pulmon-1_n0001/na_0010 type NormativeAssertion => pulmon-1_n0001/na_0010 recommendationStatus NOT_A_RECOMMENDATION
Rule_345	?a type NormativeAssertion => ?a recommendationStatus NOT_A_RECOMMENDATION	se815e-1_n0001/na_0002 type NormativeAssertion => se815e-1_n0001/na_0002 recommendationStatus NOT_A_RECOMMENDATION
Rule_345	?a type NormativeAssertion => ?a recommendationStatus NOT_A_RECOMMENDATION	mcdonagh-2023-esc-guidelines_n0068/na_0001 type NormativeAssertion => mcdonagh-2023-esc-guidelines_n0068/na_0001 recommendationStatus NOT_A_RECOMMENDATION
Rule_345	?a type NormativeAssertion => ?a recommendationStatus NOT_A_RECOMMENDATION	heidenreich-2022-aha-acc-hfsa-guidelines_n0042/na_0004 type NormativeAssertion => heidenreich-2022-aha-acc-hfsa-guidelines_n0042/na_0004 recommendationStatus NOT_A_RECOMMENDATION
Rule_345	?a type NormativeAssertion => ?a recommendationStatus NOT_A_RECOMMENDATION	su_verified_6ed52cdf724db04223b4d1c2e62f3c35f6b42bc19bc5e3198277d681d47e1eb9_table_6/na_0027 type NormativeAssertion => su_verified_6ed52cdf724db04223b4d1c2e62f3c35f6b42bc19bc5e3198277d681d47e1eb9_table_6/na_0027 recommendationStatus NOT_A_RECOMMENDATION
Rule_345	?a type NormativeAssertion => ?a recommendationStatus NOT_A_RECOMMENDATION	cardiosmart-hfref-action-plan_n0003/na_0001 type NormativeAssertion => cardiosmart-hfref-action-plan_n0003/na_0001 recommendationStatus NOT_A_RECOMMENDATION
Rule_345	?a type NormativeAssertion => ?a recommendationStatus NOT_A_RECOMMENDATION	regitz-zagrosek-2018-2018-esc-guideline-for-the-management-of-cardiovasc_n0045/na_0015 type NormativeAssertion => regitz-zagrosek-2018-2018-esc-guideline-for-the-management-of-cardiovasc_n0045/na_0015 recommendationStatus NOT_A_RECOMMENDATION
Rule_345	?a type NormativeAssertion => ?a recommendationStatus NOT_A_RECOMMENDATION	al-khatib-2017-aha-acc-hrs-guideline-va-and-scd_n0026/na_0004 type NormativeAssertion => al-khatib-2017-aha-acc-hrs-guideline-va-and-scd_n0026/na_0004 recommendationStatus NOT_A_RECOMMENDATION
Rule_345	?a type NormativeAssertion => ?a recommendationStatus NOT_A_RECOMMENDATION	su_verified_6ed52cdf724db04223b4d1c2e62f3c35f6b42bc19bc5e3198277d681d47e1eb9_table_6/na_0021 type NormativeAssertion => su_verified_6ed52cdf724db04223b4d1c2e62f3c35f6b42bc19bc5e3198277d681d47e1eb9_table_6/na_0021 recommendationStatus NOT_A_RECOMMENDATION
Rule_345	?a type NormativeAssertion => ?a recommendationStatus NOT_A_RECOMMENDATION	page-2016-drugs-that-may-cause-or-exacerbate-heart-failure_n0006/na_0010 type NormativeAssertion => page-2016-drugs-that-may-cause-or-exacerbate-heart-failure_n0006/na_0010 recommendationStatus NOT_A_RECOMMENDATION
Rule_345	?a type NormativeAssertion => ?a recommendationStatus NOT_A_RECOMMENDATION	su_verified_0074e29f31a1f0feb082e0064bee46f60bf6b5ae3f8703d1231341374ed97e52_table_1/na_0057 type NormativeAssertion => su_verified_0074e29f31a1f0feb082e0064bee46f60bf6b5ae3f8703d1231341374ed97e52_table_1/na_0057 recommendationStatus NOT_A_RECOMMENDATION
Rule_345	?a type NormativeAssertion => ?a recommendationStatus NOT_A_RECOMMENDATION	su_verified_6ed52cdf724db04223b4d1c2e62f3c35f6b42bc19bc5e3198277d681d47e1eb9_table_7/na_0011 type NormativeAssertion => su_verified_6ed52cdf724db04223b4d1c2e62f3c35f6b42bc19bc5e3198277d681d47e1eb9_table_7/na_0011 recommendationStatus NOT_A_RECOMMENDATION
Rule_345	?a type NormativeAssertion => ?a recommendationStatus NOT_A_RECOMMENDATION	maddox-2021-2021-update-to-the-2017-acc-expert-consensus-decision-pathwa_n0008/na_0009 type NormativeAssertion => maddox-2021-2021-update-to-the-2017-acc-expert-consensus-decision-pathwa_n0008/na_0009 recommendationStatus NOT_A_RECOMMENDATION
Rule_345	?a type NormativeAssertion => ?a recommendationStatus NOT_A_RECOMMENDATION	mcdonagh-2023-esc-guidelines_n0084/na_0008 type NormativeAssertion => mcdonagh-2023-esc-guidelines_n0084/na_0008 recommendationStatus NOT_A_RECOMMENDATION
Rule_345	?a type NormativeAssertion => ?a recommendationStatus NOT_A_RECOMMENDATION	se815e-1_n0001/na_0015 type NormativeAssertion => se815e-1_n0001/na_0015 recommendationStatus NOT_A_RECOMMENDATION
Rule_345	?a type NormativeAssertion => ?a recommendationStatus NOT_A_RECOMMENDATION	zeppenfeld-2022-esc-guidelines-va-and-scd_n0025/na_0032 type NormativeAssertion => zeppenfeld-2022-esc-guidelines-va-and-scd_n0025/na_0032 recommendationStatus NOT_A_RECOMMENDATION
Rule_345	?a type NormativeAssertion => ?a recommendationStatus NOT_A_RECOMMENDATION	lenarczyk-2024-management-of-patients-with-an-electrical-storm-or-cluste_n0020/na_0001 type NormativeAssertion => lenarczyk-2024-management-of-patients-with-an-electrical-storm-or-cluste_n0020/na_0001 recommendationStatus NOT_A_RECOMMENDATION
Rule_345	?a type NormativeAssertion => ?a recommendationStatus NOT_A_RECOMMENDATION	regitz-zagrosek-2018-2018-esc-guideline-for-the-management-of-cardiovasc_n0045/na_0009 type NormativeAssertion => regitz-zagrosek-2018-2018-esc-guideline-for-the-management-of-cardiovasc_n0045/na_0009 recommendationStatus NOT_A_RECOMMENDATION
Rule_345	?a type NormativeAssertion => ?a recommendationStatus NOT_A_RECOMMENDATION	execut-1_n0018/na_0011 type NormativeAssertion => execut-1_n0018/na_0011 recommendationStatus NOT_A_RECOMMENDATION
Rule_345	?a type NormativeAssertion => ?a recommendationStatus NOT_A_RECOMMENDATION	mcdonagh-2023-esc-guidelines_n0034/na_0011 type NormativeAssertion => mcdonagh-2023-esc-guidelines_n0034/na_0011 recommendationStatus NOT_A_RECOMMENDATION
Rule_345	?a type NormativeAssertion => ?a recommendationStatus NOT_A_RECOMMENDATION	mcdonagh-2023-esc-guidelines_n0084/na_0009 type NormativeAssertion => mcdonagh-2023-esc-guidelines_n0084/na_0009 recommendationStatus NOT_A_RECOMMENDATION
Rule_345	?a type NormativeAssertion => ?a recommendationStatus NOT_A_RECOMMENDATION	heidenreich-2022-aha-acc-hfsa-guidelines_n0082/na_0005 type NormativeAssertion => heidenreich-2022-aha-acc-hfsa-guidelines_n0082/na_0005 recommendationStatus NOT_A_RECOMMENDATION
Rule_345	?a type NormativeAssertion => ?a recommendationStatus NOT_A_RECOMMENDATION	glikson-2021-2021-esc-guidelines-on-cardiac-pacing-and-cardiac-resynchro_n0030/na_0027 type NormativeAssertion => glikson-2021-2021-esc-guidelines-on-cardiac-pacing-and-cardiac-resynchro_n0030/na_0027 recommendationStatus NOT_A_RECOMMENDATION
Rule_345	?a type NormativeAssertion => ?a recommendationStatus NOT_A_RECOMMENDATION	su_verified_0074e29f31a1f0feb082e0064bee46f60bf6b5ae3f8703d1231341374ed97e52_table_1/na_0069 type NormativeAssertion => su_verified_0074e29f31a1f0feb082e0064bee46f60bf6b5ae3f8703d1231341374ed97e52_table_1/na_0069 recommendationStatus NOT_A_RECOMMENDATION
Rule_345	?a type NormativeAssertion => ?a recommendationStatus NOT_A_RECOMMENDATION	se815e-1_n0001/na_0005 type NormativeAssertion => se815e-1_n0001/na_0005 recommendationStatus NOT_A_RECOMMENDATION
Rule_345	?a type NormativeAssertion => ?a recommendationStatus NOT_A_RECOMMENDATION	su_verified_6ed52cdf724db04223b4d1c2e62f3c35f6b42bc19bc5e3198277d681d47e1eb9_table_7/na_0062 type NormativeAssertion => su_verified_6ed52cdf724db04223b4d1c2e62f3c35f6b42bc19bc5e3198277d681d47e1eb9_table_7/na_0062 recommendationStatus NOT_A_RECOMMENDATION
Rule_345	?a type NormativeAssertion => ?a recommendationStatus NOT_A_RECOMMENDATION	su_verified_6ed52cdf724db04223b4d1c2e62f3c35f6b42bc19bc5e3198277d681d47e1eb9_table_6/na_0016 type NormativeAssertion => su_verified_6ed52cdf724db04223b4d1c2e62f3c35f6b42bc19bc5e3198277d681d47e1eb9_table_6/na_0016 recommendationStatus NOT_A_RECOMMENDATION
Rule_345	?a type NormativeAssertion => ?a recommendationStatus NOT_A_RECOMMENDATION	glikson-2021-2021-esc-guidelines-on-cardiac-pacing-and-cardiac-resynchro_n0030/na_0028 type NormativeAssertion => glikson-2021-2021-esc-guidelines-on-cardiac-pacing-and-cardiac-resynchro_n0030/na_0028 recommendationStatus NOT_A_RECOMMENDATION
Rule_345	?a type NormativeAssertion => ?a recommendationStatus NOT_A_RECOMMENDATION	aha-patient-discharge-packet_n0004/na_0007 type NormativeAssertion => aha-patient-discharge-packet_n0004/na_0007 recommendationStatus NOT_A_RECOMMENDATION
Rule_345	?a type NormativeAssertion => ?a recommendationStatus NOT_A_RECOMMENDATION	mcdonagh-2023-esc-guidelines_n0058/na_0005 type NormativeAssertion => mcdonagh-2023-esc-guidelines_n0058/na_0005 recommendationStatus NOT_A_RECOMMENDATION
Rule_345	?a type NormativeAssertion => ?a recommendationStatus NOT_A_RECOMMENDATION	supp-material-esc-guidelines_n0017/na_0004 type NormativeAssertion => supp-material-esc-guidelines_n0017/na_0004 recommendationStatus NOT_A_RECOMMENDATION
Rule_345	?a type NormativeAssertion => ?a recommendationStatus NOT_A_RECOMMENDATION	glikson-2021-2021-esc-guidelines-on-cardiac-pacing-and-cardiac-resynchro_n0030/na_0011 type NormativeAssertion => glikson-2021-2021-esc-guidelines-on-cardiac-pacing-and-cardiac-resynchro_n0030/na_0011 recommendationStatus NOT_A_RECOMMENDATION
Rule_345	?a type NormativeAssertion => ?a recommendationStatus NOT_A_RECOMMENDATION	su_verified_0074e29f31a1f0feb082e0064bee46f60bf6b5ae3f8703d1231341374ed97e52_table_1/na_0068 type NormativeAssertion => su_verified_0074e29f31a1f0feb082e0064bee46f60bf6b5ae3f8703d1231341374ed97e52_table_1/na_0068 recommendationStatus NOT_A_RECOMMENDATION
Rule_345	?a type NormativeAssertion => ?a recommendationStatus NOT_A_RECOMMENDATION	regitz-zagrosek-2018-2018-esc-guideline-for-the-management-of-cardiovasc_n0042/na_0002 type NormativeAssertion => regitz-zagrosek-2018-2018-esc-guideline-for-the-management-of-cardiovasc_n0042/na_0002 recommendationStatus NOT_A_RECOMMENDATION
Rule_345	?a type NormativeAssertion => ?a recommendationStatus NOT_A_RECOMMENDATION	vest-2019-nutrition-obesity-and-cachexia-in-patients-with-heart-failure_n0003/na_0005 type NormativeAssertion => vest-2019-nutrition-obesity-and-cachexia-in-patients-with-heart-failure_n0003/na_0005 recommendationStatus NOT_A_RECOMMENDATION
Rule_345	?a type NormativeAssertion => ?a recommendationStatus NOT_A_RECOMMENDATION	medis-websiten-zusammengefugt_n0005/na_0002 type NormativeAssertion => medis-websiten-zusammengefugt_n0005/na_0002 recommendationStatus NOT_A_RECOMMENDATION
Rule_345	?a type NormativeAssertion => ?a recommendationStatus NOT_A_RECOMMENDATION	su_verified_0074e29f31a1f0feb082e0064bee46f60bf6b5ae3f8703d1231341374ed97e52_table_1/na_0082 type NormativeAssertion => su_verified_0074e29f31a1f0feb082e0064bee46f60bf6b5ae3f8703d1231341374ed97e52_table_1/na_0082 recommendationStatus NOT_A_RECOMMENDATION
Rule_345	?a type NormativeAssertion => ?a recommendationStatus NOT_A_RECOMMENDATION	supp-material-esc-guidelines_n0009/na_0016 type NormativeAssertion => supp-material-esc-guidelines_n0009/na_0016 recommendationStatus NOT_A_RECOMMENDATION
Rule_345	?a type NormativeAssertion => ?a recommendationStatus NOT_A_RECOMMENDATION	supp-material-esc-guidelines_n0029/na_0008 type NormativeAssertion => supp-material-esc-guidelines_n0029/na_0008 recommendationStatus NOT_A_RECOMMENDATION
Rule_345	?a type NormativeAssertion => ?a recommendationStatus NOT_A_RECOMMENDATION	maddox-2021-2021-update-to-the-2017-acc-expert-consensus-decision-pathwa_n0003/na_0009 type NormativeAssertion => maddox-2021-2021-update-to-the-2017-acc-expert-consensus-decision-pathwa_n0003/na_0009 recommendationStatus NOT_A_RECOMMENDATION
Rule_345	?a type NormativeAssertion => ?a recommendationStatus NOT_A_RECOMMENDATION	al-khatib-2017-aha-acc-hrs-guideline-va-and-scd_n0056/na_0005 type NormativeAssertion => al-khatib-2017-aha-acc-hrs-guideline-va-and-scd_n0056/na_0005 recommendationStatus NOT_A_RECOMMENDATION
Rule_345	?a type NormativeAssertion => ?a recommendationStatus NOT_A_RECOMMENDATION	su_verified_0074e29f31a1f0feb082e0064bee46f60bf6b5ae3f8703d1231341374ed97e52_table_1/na_0039 type NormativeAssertion => su_verified_0074e29f31a1f0feb082e0064bee46f60bf6b5ae3f8703d1231341374ed97e52_table_1/na_0039 recommendationStatus NOT_A_RECOMMENDATION
Rule_345	?a type NormativeAssertion => ?a recommendationStatus NOT_A_RECOMMENDATION	heidenreich-2022-aha-acc-hfsa-guidelines_n0064/na_0005 type NormativeAssertion => heidenreich-2022-aha-acc-hfsa-guidelines_n0064/na_0005 recommendationStatus NOT_A_RECOMMENDATION
Rule_345	?a type NormativeAssertion => ?a recommendationStatus NOT_A_RECOMMENDATION	glikson-2021-2021-esc-guidelines-on-cardiac-pacing-and-cardiac-resynchro_n0030/na_0017 type NormativeAssertion => glikson-2021-2021-esc-guidelines-on-cardiac-pacing-and-cardiac-resynchro_n0030/na_0017 recommendationStatus NOT_A_RECOMMENDATION
Rule_345	?a type NormativeAssertion => ?a recommendationStatus NOT_A_RECOMMENDATION	maddox-2021-2021-update-to-the-2017-acc-expert-consensus-decision-pathwa_n0004/na_0002 type NormativeAssertion => maddox-2021-2021-update-to-the-2017-acc-expert-consensus-decision-pathwa_n0004/na_0002 recommendationStatus NOT_A_RECOMMENDATION
Rule_345	?a type NormativeAssertion => ?a recommendationStatus NOT_A_RECOMMENDATION	mcdonagh-2023-esc-guidelines_n0058/na_0007 type NormativeAssertion => mcdonagh-2023-esc-guidelines_n0058/na_0007 recommendationStatus NOT_A_RECOMMENDATION
Rule_345	?a type NormativeAssertion => ?a recommendationStatus NOT_A_RECOMMENDATION	mcdonagh-2023-esc-guidelines_n0034/na_0013 type NormativeAssertion => mcdonagh-2023-esc-guidelines_n0034/na_0013 recommendationStatus NOT_A_RECOMMENDATION
Rule_345	?a type NormativeAssertion => ?a recommendationStatus NOT_A_RECOMMENDATION	malgie-2024-contemporary-guideline-directed-medical-therapy_n0001/na_0005 type NormativeAssertion => malgie-2024-contemporary-guideline-directed-medical-therapy_n0001/na_0005 recommendationStatus NOT_A_RECOMMENDATION
Rule_345	?a type NormativeAssertion => ?a recommendationStatus NOT_A_RECOMMENDATION	heidenreich-2022-aha-acc-hfsa-guidelines_n0042/na_0002 type NormativeAssertion => heidenreich-2022-aha-acc-hfsa-guidelines_n0042/na_0002 recommendationStatus NOT_A_RECOMMENDATION
Rule_345	?a type NormativeAssertion => ?a recommendationStatus NOT_A_RECOMMENDATION	execut-1_n0018/na_0005 type NormativeAssertion => execut-1_n0018/na_0005 recommendationStatus NOT_A_RECOMMENDATION
Rule_345	?a type NormativeAssertion => ?a recommendationStatus NOT_A_RECOMMENDATION	mcdonagh-2023-esc-guidelines_n0069/na_0004 type NormativeAssertion => mcdonagh-2023-esc-guidelines_n0069/na_0004 recommendationStatus NOT_A_RECOMMENDATION
Rule_345	?a type NormativeAssertion => ?a recommendationStatus NOT_A_RECOMMENDATION	lenarczyk-2024-management-of-patients-with-an-electrical-storm-or-cluste_n0020/na_0010 type NormativeAssertion => lenarczyk-2024-management-of-patients-with-an-electrical-storm-or-cluste_n0020/na_0010 recommendationStatus NOT_A_RECOMMENDATION
Rule_345	?a type NormativeAssertion => ?a recommendationStatus NOT_A_RECOMMENDATION	ambrosetti-2020-secondary-prevention-comprehensive-cardiovascular-rehabi_n0011/na_0017 type NormativeAssertion => ambrosetti-2020-secondary-prevention-comprehensive-cardiovascular-rehabi_n0011/na_0017 recommendationStatus NOT_A_RECOMMENDATION
Rule_345	?a type NormativeAssertion => ?a recommendationStatus NOT_A_RECOMMENDATION	malgie-2024-contemporary-guideline-directed-medical-therapy_n0001/na_0004 type NormativeAssertion => malgie-2024-contemporary-guideline-directed-medical-therapy_n0001/na_0004 recommendationStatus NOT_A_RECOMMENDATION
Rule_345	?a type NormativeAssertion => ?a recommendationStatus NOT_A_RECOMMENDATION	maddox-2021-2021-update-to-the-2017-acc-expert-consensus-decision-pathwa_n0003/na_0014 type NormativeAssertion => maddox-2021-2021-update-to-the-2017-acc-expert-consensus-decision-pathwa_n0003/na_0014 recommendationStatus NOT_A_RECOMMENDATION
Rule_345	?a type NormativeAssertion => ?a recommendationStatus NOT_A_RECOMMENDATION	maddox-2021-2021-update-to-the-2017-acc-expert-consensus-decision-pathwa_n0003/na_0012 type NormativeAssertion => maddox-2021-2021-update-to-the-2017-acc-expert-consensus-decision-pathwa_n0003/na_0012 recommendationStatus NOT_A_RECOMMENDATION
Rule_345	?a type NormativeAssertion => ?a recommendationStatus NOT_A_RECOMMENDATION	su_verified_6ed52cdf724db04223b4d1c2e62f3c35f6b42bc19bc5e3198277d681d47e1eb9_table_5/na_0040 type NormativeAssertion => su_verified_6ed52cdf724db04223b4d1c2e62f3c35f6b42bc19bc5e3198277d681d47e1eb9_table_5/na_0040 recommendationStatus NOT_A_RECOMMENDATION
Rule_345	?a type NormativeAssertion => ?a recommendationStatus NOT_A_RECOMMENDATION	aha-patient-discharge-packet_n0004/na_0006 type NormativeAssertion => aha-patient-discharge-packet_n0004/na_0006 recommendationStatus NOT_A_RECOMMENDATION
Rule_345	?a type NormativeAssertion => ?a recommendationStatus NOT_A_RECOMMENDATION	heidenreich-2022-aha-acc-hfsa-guidelines_n0075/na_0007 type NormativeAssertion => heidenreich-2022-aha-acc-hfsa-guidelines_n0075/na_0007 recommendationStatus NOT_A_RECOMMENDATION
Rule_345	?a type NormativeAssertion => ?a recommendationStatus NOT_A_RECOMMENDATION	supp-material-esc-guidelines_n0009/na_0006 type NormativeAssertion => supp-material-esc-guidelines_n0009/na_0006 recommendationStatus NOT_A_RECOMMENDATION
Rule_345	?a type NormativeAssertion => ?a recommendationStatus NOT_A_RECOMMENDATION	heidenreich-2022-aha-acc-hfsa-guidelines_n0057/na_0004 type NormativeAssertion => heidenreich-2022-aha-acc-hfsa-guidelines_n0057/na_0004 recommendationStatus NOT_A_RECOMMENDATION
Rule_345	?a type NormativeAssertion => ?a recommendationStatus NOT_A_RECOMMENDATION	pulmon-1_n0002/na_0012 type NormativeAssertion => pulmon-1_n0002/na_0012 recommendationStatus NOT_A_RECOMMENDATION
Rule_345	?a type NormativeAssertion => ?a recommendationStatus NOT_A_RECOMMENDATION	mullens-2019-the-use-of-diuretics-in-heart-failure-with-congestion_n0003/na_0008 type NormativeAssertion => mullens-2019-the-use-of-diuretics-in-heart-failure-with-congestion_n0003/na_0008 recommendationStatus NOT_A_RECOMMENDATION
Rule_345	?a type NormativeAssertion => ?a recommendationStatus NOT_A_RECOMMENDATION	glikson-2021-2021-esc-guidelines-on-cardiac-pacing-and-cardiac-resynchro_n0030/na_0005 type NormativeAssertion => glikson-2021-2021-esc-guidelines-on-cardiac-pacing-and-cardiac-resynchro_n0030/na_0005 recommendationStatus NOT_A_RECOMMENDATION
Rule_345	?a type NormativeAssertion => ?a recommendationStatus NOT_A_RECOMMENDATION	zhang-2020-management-of-heart-failure-patients-with-covid-19_n0003/na_0013 type NormativeAssertion => zhang-2020-management-of-heart-failure-patients-with-covid-19_n0003/na_0013 recommendationStatus NOT_A_RECOMMENDATION
Rule_345	?a type NormativeAssertion => ?a recommendationStatus NOT_A_RECOMMENDATION	tsutsui-2023-natriuretic-peptides-role-in-the-diagnosis-and-management-o_n0003/na_0014 type NormativeAssertion => tsutsui-2023-natriuretic-peptides-role-in-the-diagnosis-and-management-o_n0003/na_0014 recommendationStatus NOT_A_RECOMMENDATION
Rule_345	?a type NormativeAssertion => ?a recommendationStatus NOT_A_RECOMMENDATION	zhang-2020-management-of-heart-failure-patients-with-covid-19_n0003/na_0004 type NormativeAssertion => zhang-2020-management-of-heart-failure-patients-with-covid-19_n0003/na_0004 recommendationStatus NOT_A_RECOMMENDATION
Rule_345	?a type NormativeAssertion => ?a recommendationStatus NOT_A_RECOMMENDATION	al-khatib-2017-aha-acc-hrs-guideline-va-and-scd_n0026/na_0003 type NormativeAssertion => al-khatib-2017-aha-acc-hrs-guideline-va-and-scd_n0026/na_0003 recommendationStatus NOT_A_RECOMMENDATION
Rule_345	?a type NormativeAssertion => ?a recommendationStatus NOT_A_RECOMMENDATION	mcdonagh-2023-esc-guidelines_n0084/na_0003 type NormativeAssertion => mcdonagh-2023-esc-guidelines_n0084/na_0003 recommendationStatus NOT_A_RECOMMENDATION
Rule_345	?a type NormativeAssertion => ?a recommendationStatus NOT_A_RECOMMENDATION	maddox-2021-2021-update-to-the-2017-acc-expert-consensus-decision-pathwa_n0003/na_0016 type NormativeAssertion => maddox-2021-2021-update-to-the-2017-acc-expert-consensus-decision-pathwa_n0003/na_0016 recommendationStatus NOT_A_RECOMMENDATION
Rule_345	?a type NormativeAssertion => ?a recommendationStatus NOT_A_RECOMMENDATION	mcdonagh-2023-esc-guidelines_n0084/na_0002 type NormativeAssertion => mcdonagh-2023-esc-guidelines_n0084/na_0002 recommendationStatus NOT_A_RECOMMENDATION
Rule_345	?a type NormativeAssertion => ?a recommendationStatus NOT_A_RECOMMENDATION	regitz-zagrosek-2018-2018-esc-guideline-for-the-management-of-cardiovasc_n0037/na_0003 type NormativeAssertion => regitz-zagrosek-2018-2018-esc-guideline-for-the-management-of-cardiovasc_n0037/na_0003 recommendationStatus NOT_A_RECOMMENDATION
Rule_345	?a type NormativeAssertion => ?a recommendationStatus NOT_A_RECOMMENDATION	su_verified_0074e29f31a1f0feb082e0064bee46f60bf6b5ae3f8703d1231341374ed97e52_table_1/na_0090 type NormativeAssertion => su_verified_0074e29f31a1f0feb082e0064bee46f60bf6b5ae3f8703d1231341374ed97e52_table_1/na_0090 recommendationStatus NOT_A_RECOMMENDATION
Rule_345	?a type NormativeAssertion => ?a recommendationStatus NOT_A_RECOMMENDATION	glikson-2021-2021-esc-guidelines-on-cardiac-pacing-and-cardiac-resynchro_n0030/na_0033 type NormativeAssertion => glikson-2021-2021-esc-guidelines-on-cardiac-pacing-and-cardiac-resynchro_n0030/na_0033 recommendationStatus NOT_A_RECOMMENDATION
Rule_345	?a type NormativeAssertion => ?a recommendationStatus NOT_A_RECOMMENDATION	glikson-2021-2021-esc-guidelines-on-cardiac-pacing-and-cardiac-resynchro_n0030/na_0008 type NormativeAssertion => glikson-2021-2021-esc-guidelines-on-cardiac-pacing-and-cardiac-resynchro_n0030/na_0008 recommendationStatus NOT_A_RECOMMENDATION
Rule_345	?a type NormativeAssertion => ?a recommendationStatus NOT_A_RECOMMENDATION	glikson-2021-2021-esc-guidelines-on-cardiac-pacing-and-cardiac-resynchro_n0030/na_0046 type NormativeAssertion => glikson-2021-2021-esc-guidelines-on-cardiac-pacing-and-cardiac-resynchro_n0030/na_0046 recommendationStatus NOT_A_RECOMMENDATION
Rule_345	?a type NormativeAssertion => ?a recommendationStatus NOT_A_RECOMMENDATION	execut-1_n0032/na_0007 type NormativeAssertion => execut-1_n0032/na_0007 recommendationStatus NOT_A_RECOMMENDATION
Rule_345	?a type NormativeAssertion => ?a recommendationStatus NOT_A_RECOMMENDATION	heidenreich-2022-aha-acc-hfsa-guidelines_n0075/na_0005 type NormativeAssertion => heidenreich-2022-aha-acc-hfsa-guidelines_n0075/na_0005 recommendationStatus NOT_A_RECOMMENDATION
Rule_345	?a type NormativeAssertion => ?a recommendationStatus NOT_A_RECOMMENDATION	al-khatib-2017-aha-acc-hrs-guideline-va-and-scd_n0056/na_0009 type NormativeAssertion => al-khatib-2017-aha-acc-hrs-guideline-va-and-scd_n0056/na_0009 recommendationStatus NOT_A_RECOMMENDATION
Rule_345	?a type NormativeAssertion => ?a recommendationStatus NOT_A_RECOMMENDATION	page-2016-drugs-that-may-cause-or-exacerbate-heart-failure_n0006/na_0004 type NormativeAssertion => page-2016-drugs-that-may-cause-or-exacerbate-heart-failure_n0006/na_0004 recommendationStatus NOT_A_RECOMMENDATION
Rule_345	?a type NormativeAssertion => ?a recommendationStatus NOT_A_RECOMMENDATION	se815e-1_n0004/na_0004 type NormativeAssertion => se815e-1_n0004/na_0004 recommendationStatus NOT_A_RECOMMENDATION
Rule_345	?a type NormativeAssertion => ?a recommendationStatus NOT_A_RECOMMENDATION	al-khatib-2017-aha-acc-hrs-guideline-va-and-scd_n0056/na_0010 type NormativeAssertion => al-khatib-2017-aha-acc-hrs-guideline-va-and-scd_n0056/na_0010 recommendationStatus NOT_A_RECOMMENDATION
Rule_345	?a type NormativeAssertion => ?a recommendationStatus NOT_A_RECOMMENDATION	page-2016-drugs-that-may-cause-or-exacerbate-heart-failure_n0009/na_0008 type NormativeAssertion => page-2016-drugs-that-may-cause-or-exacerbate-heart-failure_n0009/na_0008 recommendationStatus NOT_A_RECOMMENDATION
Rule_345	?a type NormativeAssertion => ?a recommendationStatus NOT_A_RECOMMENDATION	ambrosetti-2020-secondary-prevention-comprehensive-cardiovascular-rehabi_n0006/na_9101 type NormativeAssertion => ambrosetti-2020-secondary-prevention-comprehensive-cardiovascular-rehabi_n0006/na_9101 recommendationStatus NOT_A_RECOMMENDATION
Rule_345	?a type NormativeAssertion => ?a recommendationStatus NOT_A_RECOMMENDATION	malgie-2024-contemporary-guideline-directed-medical-therapy_n0001/na_0003 type NormativeAssertion => malgie-2024-contemporary-guideline-directed-medical-therapy_n0001/na_0003 recommendationStatus NOT_A_RECOMMENDATION
Rule_345	?a type NormativeAssertion => ?a recommendationStatus NOT_A_RECOMMENDATION	glikson-2021-2021-esc-guidelines-on-cardiac-pacing-and-cardiac-resynchro_n0030/na_0042 type NormativeAssertion => glikson-2021-2021-esc-guidelines-on-cardiac-pacing-and-cardiac-resynchro_n0030/na_0042 recommendationStatus NOT_A_RECOMMENDATION
Rule_345	?a type NormativeAssertion => ?a recommendationStatus NOT_A_RECOMMENDATION	maddox-2021-2021-update-to-the-2017-acc-expert-consensus-decision-pathwa_n0008/na_0006 type NormativeAssertion => maddox-2021-2021-update-to-the-2017-acc-expert-consensus-decision-pathwa_n0008/na_0006 recommendationStatus NOT_A_RECOMMENDATION
Rule_345	?a type NormativeAssertion => ?a recommendationStatus NOT_A_RECOMMENDATION	heidenreich-2022-aha-acc-hfsa-guidelines_n0114/na_0004 type NormativeAssertion => heidenreich-2022-aha-acc-hfsa-guidelines_n0114/na_0004 recommendationStatus NOT_A_RECOMMENDATION
Rule_345	?a type NormativeAssertion => ?a recommendationStatus NOT_A_RECOMMENDATION	regitz-zagrosek-2018-2018-esc-guideline-for-the-management-of-cardiovasc_n0032/na_0002 type NormativeAssertion => regitz-zagrosek-2018-2018-esc-guideline-for-the-management-of-cardiovasc_n0032/na_0002 recommendationStatus NOT_A_RECOMMENDATION
Rule_345	?a type NormativeAssertion => ?a recommendationStatus NOT_A_RECOMMENDATION	maddox-2021-2021-update-to-the-2017-acc-expert-consensus-decision-pathwa_n0015/na_0003 type NormativeAssertion => maddox-2021-2021-update-to-the-2017-acc-expert-consensus-decision-pathwa_n0015/na_0003 recommendationStatus NOT_A_RECOMMENDATION
Rule_345	?a type NormativeAssertion => ?a recommendationStatus NOT_A_RECOMMENDATION	pulmon-1_n0001/na_0005 type NormativeAssertion => pulmon-1_n0001/na_0005 recommendationStatus NOT_A_RECOMMENDATION
Rule_345	?a type NormativeAssertion => ?a recommendationStatus NOT_A_RECOMMENDATION	pulmon-1_n0001/na_0015 type NormativeAssertion => pulmon-1_n0001/na_0015 recommendationStatus NOT_A_RECOMMENDATION
Rule_345	?a type NormativeAssertion => ?a recommendationStatus NOT_A_RECOMMENDATION	se815e-1_n0004/na_0009 type NormativeAssertion => se815e-1_n0004/na_0009 recommendationStatus NOT_A_RECOMMENDATION
Rule_345	?a type NormativeAssertion => ?a recommendationStatus NOT_A_RECOMMENDATION	regitz-zagrosek-2018-2018-esc-guideline-for-the-management-of-cardiovasc_n0045/na_0008 type NormativeAssertion => regitz-zagrosek-2018-2018-esc-guideline-for-the-management-of-cardiovasc_n0045/na_0008 recommendationStatus NOT_A_RECOMMENDATION
Rule_345	?a type NormativeAssertion => ?a recommendationStatus NOT_A_RECOMMENDATION	tsutsui-2023-natriuretic-peptides-role-in-the-diagnosis-and-management-o_n0003/na_0009 type NormativeAssertion => tsutsui-2023-natriuretic-peptides-role-in-the-diagnosis-and-management-o_n0003/na_0009 recommendationStatus NOT_A_RECOMMENDATION
Rule_345	?a type NormativeAssertion => ?a recommendationStatus NOT_A_RECOMMENDATION	heidenreich-2022-aha-acc-hfsa-guidelines_n0056/na_0013 type NormativeAssertion => heidenreich-2022-aha-acc-hfsa-guidelines_n0056/na_0013 recommendationStatus NOT_A_RECOMMENDATION
Rule_345	?a type NormativeAssertion => ?a recommendationStatus NOT_A_RECOMMENDATION	medis-websiten-zusammengefugt_n0006/na_0002 type NormativeAssertion => medis-websiten-zusammengefugt_n0006/na_0002 recommendationStatus NOT_A_RECOMMENDATION
Rule_345	?a type NormativeAssertion => ?a recommendationStatus NOT_A_RECOMMENDATION	maddox-2021-2021-update-to-the-2017-acc-expert-consensus-decision-pathwa_n0016/na_0008 type NormativeAssertion => maddox-2021-2021-update-to-the-2017-acc-expert-consensus-decision-pathwa_n0016/na_0008 recommendationStatus NOT_A_RECOMMENDATION
Rule_345	?a type NormativeAssertion => ?a recommendationStatus NOT_A_RECOMMENDATION	glikson-2021-2021-esc-guidelines-on-cardiac-pacing-and-cardiac-resynchro_n0030/na_0016 type NormativeAssertion => glikson-2021-2021-esc-guidelines-on-cardiac-pacing-and-cardiac-resynchro_n0030/na_0016 recommendationStatus NOT_A_RECOMMENDATION
Rule_345	?a type NormativeAssertion => ?a recommendationStatus NOT_A_RECOMMENDATION	lenarczyk-2024-management-of-patients-with-an-electrical-storm-or-cluste_n0013/na_0001 type NormativeAssertion => lenarczyk-2024-management-of-patients-with-an-electrical-storm-or-cluste_n0013/na_0001 recommendationStatus NOT_A_RECOMMENDATION
Rule_345	?a type NormativeAssertion => ?a recommendationStatus NOT_A_RECOMMENDATION	visseren-2021-esc-guidelines-cardiovascular-disease-prevention_n0047/na_0003 type NormativeAssertion => visseren-2021-esc-guidelines-cardiovascular-disease-prevention_n0047/na_0003 recommendationStatus NOT_A_RECOMMENDATION
Rule_345	?a type NormativeAssertion => ?a recommendationStatus NOT_A_RECOMMENDATION	cardiosmart-hfref-action-plan_n0004/na_0003 type NormativeAssertion => cardiosmart-hfref-action-plan_n0004/na_0003 recommendationStatus NOT_A_RECOMMENDATION
Rule_345	?a type NormativeAssertion => ?a recommendationStatus NOT_A_RECOMMENDATION	maddox-2021-2021-update-to-the-2017-acc-expert-consensus-decision-pathwa_n0017/na_0040 type NormativeAssertion => maddox-2021-2021-update-to-the-2017-acc-expert-consensus-decision-pathwa_n0017/na_0040 recommendationStatus NOT_A_RECOMMENDATION
Rule_345	?a type NormativeAssertion => ?a recommendationStatus NOT_A_RECOMMENDATION	heidenreich-2022-aha-acc-hfsa-guidelines_n0042/na_0001 type NormativeAssertion => heidenreich-2022-aha-acc-hfsa-guidelines_n0042/na_0001 recommendationStatus NOT_A_RECOMMENDATION
Rule_345	?a type NormativeAssertion => ?a recommendationStatus NOT_A_RECOMMENDATION	supp-material-esc-guidelines_n0009/na_0014 type NormativeAssertion => supp-material-esc-guidelines_n0009/na_0014 recommendationStatus NOT_A_RECOMMENDATION
Rule_345	?a type NormativeAssertion => ?a recommendationStatus NOT_A_RECOMMENDATION	maddox-2021-2021-update-to-the-2017-acc-expert-consensus-decision-pathwa_n0015/na_0001 type NormativeAssertion => maddox-2021-2021-update-to-the-2017-acc-expert-consensus-decision-pathwa_n0015/na_0001 recommendationStatus NOT_A_RECOMMENDATION
Rule_345	?a type NormativeAssertion => ?a recommendationStatus NOT_A_RECOMMENDATION	pulmon-1_n0001/na_0006 type NormativeAssertion => pulmon-1_n0001/na_0006 recommendationStatus NOT_A_RECOMMENDATION
Rule_345	?a type NormativeAssertion => ?a recommendationStatus NOT_A_RECOMMENDATION	su_verified_6ed52cdf724db04223b4d1c2e62f3c35f6b42bc19bc5e3198277d681d47e1eb9_table_7/na_0061 type NormativeAssertion => su_verified_6ed52cdf724db04223b4d1c2e62f3c35f6b42bc19bc5e3198277d681d47e1eb9_table_7/na_0061 recommendationStatus NOT_A_RECOMMENDATION
Rule_345	?a type NormativeAssertion => ?a recommendationStatus NOT_A_RECOMMENDATION	mcdonagh-2023-esc-guidelines_n0034/na_0017 type NormativeAssertion => mcdonagh-2023-esc-guidelines_n0034/na_0017 recommendationStatus NOT_A_RECOMMENDATION
Rule_345	?a type NormativeAssertion => ?a recommendationStatus NOT_A_RECOMMENDATION	maddox-2021-2021-update-to-the-2017-acc-expert-consensus-decision-pathwa_n0016/na_0007 type NormativeAssertion => maddox-2021-2021-update-to-the-2017-acc-expert-consensus-decision-pathwa_n0016/na_0007 recommendationStatus NOT_A_RECOMMENDATION
Rule_345	?a type NormativeAssertion => ?a recommendationStatus NOT_A_RECOMMENDATION	visseren-2021-esc-guidelines-cardiovascular-disease-prevention_n0047/na_0006 type NormativeAssertion => visseren-2021-esc-guidelines-cardiovascular-disease-prevention_n0047/na_0006 recommendationStatus NOT_A_RECOMMENDATION
Rule_345	?a type NormativeAssertion => ?a recommendationStatus NOT_A_RECOMMENDATION	heidenreich-2022-aha-acc-hfsa-guidelines_n0056/na_0007 type NormativeAssertion => heidenreich-2022-aha-acc-hfsa-guidelines_n0056/na_0007 recommendationStatus NOT_A_RECOMMENDATION
Rule_345	?a type NormativeAssertion => ?a recommendationStatus NOT_A_RECOMMENDATION	execut-1_n0032/na_0016 type NormativeAssertion => execut-1_n0032/na_0016 recommendationStatus NOT_A_RECOMMENDATION
Rule_345	?a type NormativeAssertion => ?a recommendationStatus NOT_A_RECOMMENDATION	maddox-2021-2021-update-to-the-2017-acc-expert-consensus-decision-pathwa_n0016/na_0006 type NormativeAssertion => maddox-2021-2021-update-to-the-2017-acc-expert-consensus-decision-pathwa_n0016/na_0006 recommendationStatus NOT_A_RECOMMENDATION
Rule_345	?a type NormativeAssertion => ?a recommendationStatus NOT_A_RECOMMENDATION	se815e-1_n0004/na_0002 type NormativeAssertion => se815e-1_n0004/na_0002 recommendationStatus NOT_A_RECOMMENDATION
Rule_345	?a type NormativeAssertion => ?a recommendationStatus NOT_A_RECOMMENDATION	supp-material-esc-guidelines_n0029/na_0006 type NormativeAssertion => supp-material-esc-guidelines_n0029/na_0006 recommendationStatus NOT_A_RECOMMENDATION
Rule_345	?a type NormativeAssertion => ?a recommendationStatus NOT_A_RECOMMENDATION	mcdonagh-2023-esc-guidelines_n0068/na_0002 type NormativeAssertion => mcdonagh-2023-esc-guidelines_n0068/na_0002 recommendationStatus NOT_A_RECOMMENDATION
Rule_345	?a type NormativeAssertion => ?a recommendationStatus NOT_A_RECOMMENDATION	zhang-2020-management-of-heart-failure-patients-with-covid-19_n0003/na_0011 type NormativeAssertion => zhang-2020-management-of-heart-failure-patients-with-covid-19_n0003/na_0011 recommendationStatus NOT_A_RECOMMENDATION
Rule_345	?a type NormativeAssertion => ?a recommendationStatus NOT_A_RECOMMENDATION	esc-heart-failure-patient-guidelines-update-2023-german_n0004/na_0001 type NormativeAssertion => esc-heart-failure-patient-guidelines-update-2023-german_n0004/na_0001 recommendationStatus NOT_A_RECOMMENDATION
Rule_345	?a type NormativeAssertion => ?a recommendationStatus NOT_A_RECOMMENDATION	mcdonagh-2023-esc-guidelines_n0068/na_0012 type NormativeAssertion => mcdonagh-2023-esc-guidelines_n0068/na_0012 recommendationStatus NOT_A_RECOMMENDATION
Rule_345	?a type NormativeAssertion => ?a recommendationStatus NOT_A_RECOMMENDATION	maddox-2021-2021-update-to-the-2017-acc-expert-consensus-decision-pathwa_n0017/na_0001 type NormativeAssertion => maddox-2021-2021-update-to-the-2017-acc-expert-consensus-decision-pathwa_n0017/na_0001 recommendationStatus NOT_A_RECOMMENDATION
Rule_345	?a type NormativeAssertion => ?a recommendationStatus NOT_A_RECOMMENDATION	supp-material-esc-guidelines_n0029/na_0003 type NormativeAssertion => supp-material-esc-guidelines_n0029/na_0003 recommendationStatus NOT_A_RECOMMENDATION
Rule_345	?a type NormativeAssertion => ?a recommendationStatus NOT_A_RECOMMENDATION	supp-material-esc-guidelines_n0017/na_0001 type NormativeAssertion => supp-material-esc-guidelines_n0017/na_0001 recommendationStatus NOT_A_RECOMMENDATION
Rule_345	?a type NormativeAssertion => ?a recommendationStatus NOT_A_RECOMMENDATION	heidenreich-2022-aha-acc-hfsa-guidelines_n0114/na_0003 type NormativeAssertion => heidenreich-2022-aha-acc-hfsa-guidelines_n0114/na_0003 recommendationStatus NOT_A_RECOMMENDATION
Rule_345	?a type NormativeAssertion => ?a recommendationStatus NOT_A_RECOMMENDATION	cardiosmart-hfref-action-plan_n0003/na_0004 type NormativeAssertion => cardiosmart-hfref-action-plan_n0003/na_0004 recommendationStatus NOT_A_RECOMMENDATION
Rule_345	?a type NormativeAssertion => ?a recommendationStatus NOT_A_RECOMMENDATION	glikson-2021-2021-esc-guidelines-on-cardiac-pacing-and-cardiac-resynchro_n0030/na_0021 type NormativeAssertion => glikson-2021-2021-esc-guidelines-on-cardiac-pacing-and-cardiac-resynchro_n0030/na_0021 recommendationStatus NOT_A_RECOMMENDATION
Rule_345	?a type NormativeAssertion => ?a recommendationStatus NOT_A_RECOMMENDATION	zhang-2020-management-of-heart-failure-patients-with-covid-19_n0002/na_0010 type NormativeAssertion => zhang-2020-management-of-heart-failure-patients-with-covid-19_n0002/na_0010 recommendationStatus NOT_A_RECOMMENDATION
Rule_345	?a type NormativeAssertion => ?a recommendationStatus NOT_A_RECOMMENDATION	su_verified_6ed52cdf724db04223b4d1c2e62f3c35f6b42bc19bc5e3198277d681d47e1eb9_table_7/na_0030 type NormativeAssertion => su_verified_6ed52cdf724db04223b4d1c2e62f3c35f6b42bc19bc5e3198277d681d47e1eb9_table_7/na_0030 recommendationStatus NOT_A_RECOMMENDATION
Rule_345	?a type NormativeAssertion => ?a recommendationStatus NOT_A_RECOMMENDATION	glikson-2021-2021-esc-guidelines-on-cardiac-pacing-and-cardiac-resynchro_n0030/na_0018 type NormativeAssertion => glikson-2021-2021-esc-guidelines-on-cardiac-pacing-and-cardiac-resynchro_n0030/na_0018 recommendationStatus NOT_A_RECOMMENDATION
Rule_345	?a type NormativeAssertion => ?a recommendationStatus NOT_A_RECOMMENDATION	su_verified_6ed52cdf724db04223b4d1c2e62f3c35f6b42bc19bc5e3198277d681d47e1eb9_table_5/na_0052 type NormativeAssertion => su_verified_6ed52cdf724db04223b4d1c2e62f3c35f6b42bc19bc5e3198277d681d47e1eb9_table_5/na_0052 recommendationStatus NOT_A_RECOMMENDATION
Rule_345	?a type NormativeAssertion => ?a recommendationStatus NOT_A_RECOMMENDATION	esc-heart-failure-patient-guidelines-update-2023-german_n0004/na_0002 type NormativeAssertion => esc-heart-failure-patient-guidelines-update-2023-german_n0004/na_0002 recommendationStatus NOT_A_RECOMMENDATION
Rule_345	?a type NormativeAssertion => ?a recommendationStatus NOT_A_RECOMMENDATION	su_verified_6ed52cdf724db04223b4d1c2e62f3c35f6b42bc19bc5e3198277d681d47e1eb9_table_7/na_0034 type NormativeAssertion => su_verified_6ed52cdf724db04223b4d1c2e62f3c35f6b42bc19bc5e3198277d681d47e1eb9_table_7/na_0034 recommendationStatus NOT_A_RECOMMENDATION
Rule_345	?a type NormativeAssertion => ?a recommendationStatus NOT_A_RECOMMENDATION	medis-websiten-zusammengefugt_n0005/na_0003 type NormativeAssertion => medis-websiten-zusammengefugt_n0005/na_0003 recommendationStatus NOT_A_RECOMMENDATION
Rule_345	?a type NormativeAssertion => ?a recommendationStatus NOT_A_RECOMMENDATION	se815e-1_n0004/na_0006 type NormativeAssertion => se815e-1_n0004/na_0006 recommendationStatus NOT_A_RECOMMENDATION
Rule_345	?a type NormativeAssertion => ?a recommendationStatus NOT_A_RECOMMENDATION	van-diepen-2017-contemporary-management-of-cardiogenic-shock_n0005/na_0005 type NormativeAssertion => van-diepen-2017-contemporary-management-of-cardiogenic-shock_n0005/na_0005 recommendationStatus NOT_A_RECOMMENDATION
Rule_345	?a type NormativeAssertion => ?a recommendationStatus NOT_A_RECOMMENDATION	vest-2019-nutrition-obesity-and-cachexia-in-patients-with-heart-failure_n0002/na_9000 type NormativeAssertion => vest-2019-nutrition-obesity-and-cachexia-in-patients-with-heart-failure_n0002/na_9000 recommendationStatus NOT_A_RECOMMENDATION
Rule_345	?a type NormativeAssertion => ?a recommendationStatus NOT_A_RECOMMENDATION	page-2016-drugs-that-may-cause-or-exacerbate-heart-failure_n0007/na_0005 type NormativeAssertion => page-2016-drugs-that-may-cause-or-exacerbate-heart-failure_n0007/na_0005 recommendationStatus NOT_A_RECOMMENDATION
Rule_345	?a type NormativeAssertion => ?a recommendationStatus NOT_A_RECOMMENDATION	mcdonagh-2023-esc-guidelines_n0034/na_0007 type NormativeAssertion => mcdonagh-2023-esc-guidelines_n0034/na_0007 recommendationStatus NOT_A_RECOMMENDATION
Rule_345	?a type NormativeAssertion => ?a recommendationStatus NOT_A_RECOMMENDATION	aha-patient-discharge-packet_n0004/na_0008 type NormativeAssertion => aha-patient-discharge-packet_n0004/na_0008 recommendationStatus NOT_A_RECOMMENDATION
Rule_345	?a type NormativeAssertion => ?a recommendationStatus NOT_A_RECOMMENDATION	mullens-2019-the-use-of-diuretics-in-heart-failure-with-congestion_n0003/na_0009 type NormativeAssertion => mullens-2019-the-use-of-diuretics-in-heart-failure-with-congestion_n0003/na_0009 recommendationStatus NOT_A_RECOMMENDATION
Rule_345	?a type NormativeAssertion => ?a recommendationStatus NOT_A_RECOMMENDATION	medis-websiten-zusammengefugt_n0006/na_0001 type NormativeAssertion => medis-websiten-zusammengefugt_n0006/na_0001 recommendationStatus NOT_A_RECOMMENDATION
Rule_345	?a type NormativeAssertion => ?a recommendationStatus NOT_A_RECOMMENDATION	mcdonagh-2023-esc-guidelines_n0034/na_0001 type NormativeAssertion => mcdonagh-2023-esc-guidelines_n0034/na_0001 recommendationStatus NOT_A_RECOMMENDATION
Rule_345	?a type NormativeAssertion => ?a recommendationStatus NOT_A_RECOMMENDATION	al-khatib-2017-aha-acc-hrs-guideline-va-and-scd_n0026/na_0013 type NormativeAssertion => al-khatib-2017-aha-acc-hrs-guideline-va-and-scd_n0026/na_0013 recommendationStatus NOT_A_RECOMMENDATION
Rule_345	?a type NormativeAssertion => ?a recommendationStatus NOT_A_RECOMMENDATION	heidenreich-2022-aha-acc-hfsa-guidelines_n0082/na_0003 type NormativeAssertion => heidenreich-2022-aha-acc-hfsa-guidelines_n0082/na_0003 recommendationStatus NOT_A_RECOMMENDATION
Rule_345	?a type NormativeAssertion => ?a recommendationStatus NOT_A_RECOMMENDATION	pulmon-1_n0002/na_0009 type NormativeAssertion => pulmon-1_n0002/na_0009 recommendationStatus NOT_A_RECOMMENDATION
Rule_345	?a type NormativeAssertion => ?a recommendationStatus NOT_A_RECOMMENDATION	al-khatib-2017-aha-acc-hrs-guideline-va-and-scd_n0056/na_0001 type NormativeAssertion => al-khatib-2017-aha-acc-hrs-guideline-va-and-scd_n0056/na_0001 recommendationStatus NOT_A_RECOMMENDATION
Rule_345	?a type NormativeAssertion => ?a recommendationStatus NOT_A_RECOMMENDATION	mcdonagh-2023-esc-guidelines_n0034/na_0019 type NormativeAssertion => mcdonagh-2023-esc-guidelines_n0034/na_0019 recommendationStatus NOT_A_RECOMMENDATION
Rule_345	?a type NormativeAssertion => ?a recommendationStatus NOT_A_RECOMMENDATION	heidenreich-2022-aha-acc-hfsa-guidelines_n0084/na_0002 type NormativeAssertion => heidenreich-2022-aha-acc-hfsa-guidelines_n0084/na_0002 recommendationStatus NOT_A_RECOMMENDATION
Rule_345	?a type NormativeAssertion => ?a recommendationStatus NOT_A_RECOMMENDATION	mcdonagh-2023-esc-guidelines_n0069/na_0003 type NormativeAssertion => mcdonagh-2023-esc-guidelines_n0069/na_0003 recommendationStatus NOT_A_RECOMMENDATION
Rule_345	?a type NormativeAssertion => ?a recommendationStatus NOT_A_RECOMMENDATION	page-2016-drugs-that-may-cause-or-exacerbate-heart-failure_n0006/na_0007 type NormativeAssertion => page-2016-drugs-that-may-cause-or-exacerbate-heart-failure_n0006/na_0007 recommendationStatus NOT_A_RECOMMENDATION
Rule_345	?a type NormativeAssertion => ?a recommendationStatus NOT_A_RECOMMENDATION	regitz-zagrosek-2018-2018-esc-guideline-for-the-management-of-cardiovasc_n0045/na_0003 type NormativeAssertion => regitz-zagrosek-2018-2018-esc-guideline-for-the-management-of-cardiovasc_n0045/na_0003 recommendationStatus NOT_A_RECOMMENDATION
Rule_345	?a type NormativeAssertion => ?a recommendationStatus NOT_A_RECOMMENDATION	lenarczyk-2024-management-of-patients-with-an-electrical-storm-or-cluste_n0013/na_0002 type NormativeAssertion => lenarczyk-2024-management-of-patients-with-an-electrical-storm-or-cluste_n0013/na_0002 recommendationStatus NOT_A_RECOMMENDATION
Rule_345	?a type NormativeAssertion => ?a recommendationStatus NOT_A_RECOMMENDATION	maddox-2021-2021-update-to-the-2017-acc-expert-consensus-decision-pathwa_n0003/na_0003 type NormativeAssertion => maddox-2021-2021-update-to-the-2017-acc-expert-consensus-decision-pathwa_n0003/na_0003 recommendationStatus NOT_A_RECOMMENDATION
Rule_345	?a type NormativeAssertion => ?a recommendationStatus NOT_A_RECOMMENDATION	maddox-2021-2021-update-to-the-2017-acc-expert-consensus-decision-pathwa_n0016/na_0012 type NormativeAssertion => maddox-2021-2021-update-to-the-2017-acc-expert-consensus-decision-pathwa_n0016/na_0012 recommendationStatus NOT_A_RECOMMENDATION
Rule_345	?a type NormativeAssertion => ?a recommendationStatus NOT_A_RECOMMENDATION	glikson-2021-2021-esc-guidelines-on-cardiac-pacing-and-cardiac-resynchro_n0030/na_0029 type NormativeAssertion => glikson-2021-2021-esc-guidelines-on-cardiac-pacing-and-cardiac-resynchro_n0030/na_0029 recommendationStatus NOT_A_RECOMMENDATION
Rule_345	?a type NormativeAssertion => ?a recommendationStatus NOT_A_RECOMMENDATION	lenarczyk-2024-management-of-patients-with-an-electrical-storm-or-cluste_n0020/na_0005 type NormativeAssertion => lenarczyk-2024-management-of-patients-with-an-electrical-storm-or-cluste_n0020/na_0005 recommendationStatus NOT_A_RECOMMENDATION
Rule_345	?a type NormativeAssertion => ?a recommendationStatus NOT_A_RECOMMENDATION	maddox-2021-2021-update-to-the-2017-acc-expert-consensus-decision-pathwa_n0017/na_0017 type NormativeAssertion => maddox-2021-2021-update-to-the-2017-acc-expert-consensus-decision-pathwa_n0017/na_0017 recommendationStatus NOT_A_RECOMMENDATION
Rule_345	?a type NormativeAssertion => ?a recommendationStatus NOT_A_RECOMMENDATION	malgie-2024-contemporary-guideline-directed-medical-therapy_n0001/na_0006 type NormativeAssertion => malgie-2024-contemporary-guideline-directed-medical-therapy_n0001/na_0006 recommendationStatus NOT_A_RECOMMENDATION
Rule_345	?a type NormativeAssertion => ?a recommendationStatus NOT_A_RECOMMENDATION	maddox-2021-2021-update-to-the-2017-acc-expert-consensus-decision-pathwa_n0003/na_0017 type NormativeAssertion => maddox-2021-2021-update-to-the-2017-acc-expert-consensus-decision-pathwa_n0003/na_0017 recommendationStatus NOT_A_RECOMMENDATION
Rule_345	?a type NormativeAssertion => ?a recommendationStatus NOT_A_RECOMMENDATION	se815e-1_n0001/na_0006 type NormativeAssertion => se815e-1_n0001/na_0006 recommendationStatus NOT_A_RECOMMENDATION
Rule_345	?a type NormativeAssertion => ?a recommendationStatus NOT_A_RECOMMENDATION	regitz-zagrosek-2018-2018-esc-guideline-for-the-management-of-cardiovasc_n0045/na_0013 type NormativeAssertion => regitz-zagrosek-2018-2018-esc-guideline-for-the-management-of-cardiovasc_n0045/na_0013 recommendationStatus NOT_A_RECOMMENDATION
Rule_345	?a type NormativeAssertion => ?a recommendationStatus NOT_A_RECOMMENDATION	execut-1_n0018/na_0007 type NormativeAssertion => execut-1_n0018/na_0007 recommendationStatus NOT_A_RECOMMENDATION
Rule_345	?a type NormativeAssertion => ?a recommendationStatus NOT_A_RECOMMENDATION	cardiosmart-hfref-action-plan_n0003/na_0003 type NormativeAssertion => cardiosmart-hfref-action-plan_n0003/na_0003 recommendationStatus NOT_A_RECOMMENDATION
Rule_345	?a type NormativeAssertion => ?a recommendationStatus NOT_A_RECOMMENDATION	pulmon-1_n0002/na_0005 type NormativeAssertion => pulmon-1_n0002/na_0005 recommendationStatus NOT_A_RECOMMENDATION
Rule_345	?a type NormativeAssertion => ?a recommendationStatus NOT_A_RECOMMENDATION	tsutsui-2023-natriuretic-peptides-role-in-the-diagnosis-and-management-o_n0003/na_0010 type NormativeAssertion => tsutsui-2023-natriuretic-peptides-role-in-the-diagnosis-and-management-o_n0003/na_0010 recommendationStatus NOT_A_RECOMMENDATION
Rule_345	?a type NormativeAssertion => ?a recommendationStatus NOT_A_RECOMMENDATION	heidenreich-2022-aha-acc-hfsa-guidelines_n0082/na_0007 type NormativeAssertion => heidenreich-2022-aha-acc-hfsa-guidelines_n0082/na_0007 recommendationStatus NOT_A_RECOMMENDATION
Rule_345	?a type NormativeAssertion => ?a recommendationStatus NOT_A_RECOMMENDATION	malgie-2024-contemporary-guideline-directed-medical-therapy_n0003/na_0004 type NormativeAssertion => malgie-2024-contemporary-guideline-directed-medical-therapy_n0003/na_0004 recommendationStatus NOT_A_RECOMMENDATION
Rule_345	?a type NormativeAssertion => ?a recommendationStatus NOT_A_RECOMMENDATION	su_verified_6ed52cdf724db04223b4d1c2e62f3c35f6b42bc19bc5e3198277d681d47e1eb9_table_5/na_0015 type NormativeAssertion => su_verified_6ed52cdf724db04223b4d1c2e62f3c35f6b42bc19bc5e3198277d681d47e1eb9_table_5/na_0015 recommendationStatus NOT_A_RECOMMENDATION
Rule_345	?a type NormativeAssertion => ?a recommendationStatus NOT_A_RECOMMENDATION	heidenreich-2022-aha-acc-hfsa-guidelines_n0042/na_0005 type NormativeAssertion => heidenreich-2022-aha-acc-hfsa-guidelines_n0042/na_0005 recommendationStatus NOT_A_RECOMMENDATION
Rule_345	?a type NormativeAssertion => ?a recommendationStatus NOT_A_RECOMMENDATION	aha-patient-discharge-packet_n0004/na_0001 type NormativeAssertion => aha-patient-discharge-packet_n0004/na_0001 recommendationStatus NOT_A_RECOMMENDATION
Rule_345	?a type NormativeAssertion => ?a recommendationStatus NOT_A_RECOMMENDATION	su_verified_6ed52cdf724db04223b4d1c2e62f3c35f6b42bc19bc5e3198277d681d47e1eb9_table_7/na_0060 type NormativeAssertion => su_verified_6ed52cdf724db04223b4d1c2e62f3c35f6b42bc19bc5e3198277d681d47e1eb9_table_7/na_0060 recommendationStatus NOT_A_RECOMMENDATION
Rule_345	?a type NormativeAssertion => ?a recommendationStatus NOT_A_RECOMMENDATION	zeppenfeld-2022-esc-guidelines-va-and-scd_n0025/na_0024 type NormativeAssertion => zeppenfeld-2022-esc-guidelines-va-and-scd_n0025/na_0024 recommendationStatus NOT_A_RECOMMENDATION
Rule_345	?a type NormativeAssertion => ?a recommendationStatus NOT_A_RECOMMENDATION	tsutsui-2023-natriuretic-peptides-role-in-the-diagnosis-and-management-o_n0003/na_0006 type NormativeAssertion => tsutsui-2023-natriuretic-peptides-role-in-the-diagnosis-and-management-o_n0003/na_0006 recommendationStatus NOT_A_RECOMMENDATION
Rule_345	?a type NormativeAssertion => ?a recommendationStatus NOT_A_RECOMMENDATION	se815e-1_n0001/na_0004 type NormativeAssertion => se815e-1_n0001/na_0004 recommendationStatus NOT_A_RECOMMENDATION
Rule_345	?a type NormativeAssertion => ?a recommendationStatus NOT_A_RECOMMENDATION	se815e-1_n0004/na_0007 type NormativeAssertion => se815e-1_n0004/na_0007 recommendationStatus NOT_A_RECOMMENDATION
Rule_345	?a type NormativeAssertion => ?a recommendationStatus NOT_A_RECOMMENDATION	supp-material-esc-guidelines_n0029/na_0011 type NormativeAssertion => supp-material-esc-guidelines_n0029/na_0011 recommendationStatus NOT_A_RECOMMENDATION
Rule_345	?a type NormativeAssertion => ?a recommendationStatus NOT_A_RECOMMENDATION	maddox-2021-2021-update-to-the-2017-acc-expert-consensus-decision-pathwa_n0008/na_0005 type NormativeAssertion => maddox-2021-2021-update-to-the-2017-acc-expert-consensus-decision-pathwa_n0008/na_0005 recommendationStatus NOT_A_RECOMMENDATION
Rule_345	?a type NormativeAssertion => ?a recommendationStatus NOT_A_RECOMMENDATION	page-2016-drugs-that-may-cause-or-exacerbate-heart-failure_n0009/na_0005 type NormativeAssertion => page-2016-drugs-that-may-cause-or-exacerbate-heart-failure_n0009/na_0005 recommendationStatus NOT_A_RECOMMENDATION
