rule_index	rule	grounding
Rule_1126	?a patientApplicability CONDITION_DEPENDENT => ?a hasLevelOfEvidence LevelOfEvidence_C	pelliccia-2020-2020-esc-guidelines-on-sports-cardiology-and-exercise-in_n0075/na_0015 patientApplicability CONDITION_DEPENDENT => pelliccia-2020-2020-esc-guidelines-on-sports-cardiology-and-exercise-in_n0075/na_0015 hasLevelOfEvidence LevelOfEvidence_C
Rule_1126	?a patientApplicability CONDITION_DEPENDENT => ?a hasLevelOfEvidence LevelOfEvidence_C	zeppenfeld-2022-esc-guidelines-va-and-scd_n0097/na_0004 patientApplicability CONDITION_DEPENDENT => zeppenfeld-2022-esc-guidelines-va-and-scd_n0097/na_0004 hasLevelOfEvidence LevelOfEvidence_C
Rule_1126	?a patientApplicability CONDITION_DEPENDENT => ?a hasLevelOfEvidence LevelOfEvidence_C	regitz-zagrosek-2018-2018-esc-guideline-for-the-management-of-cardiovasc_n0016/na_0004 patientApplicability CONDITION_DEPENDENT => regitz-zagrosek-2018-2018-esc-guideline-for-the-management-of-cardiovasc_n0016/na_0004 hasLevelOfEvidence LevelOfEvidence_C
Rule_1126	?a patientApplicability CONDITION_DEPENDENT => ?a hasLevelOfEvidence LevelOfEvidence_C	visseren-2021-esc-guidelines-cardiovascular-disease-prevention_n0056/na_0007 patientApplicability CONDITION_DEPENDENT => visseren-2021-esc-guidelines-cardiovascular-disease-prevention_n0056/na_0007 hasLevelOfEvidence LevelOfEvidence_C
Rule_1126	?a patientApplicability CONDITION_DEPENDENT => ?a hasLevelOfEvidence LevelOfEvidence_C	glikson-2021-2021-esc-guidelines-on-cardiac-pacing-and-cardiac-resynchro_n0020/na_0002 patientApplicability CONDITION_DEPENDENT => glikson-2021-2021-esc-guidelines-on-cardiac-pacing-and-cardiac-resynchro_n0020/na_0002 hasLevelOfEvidence LevelOfEvidence_C
Rule_1126	?a patientApplicability CONDITION_DEPENDENT => ?a hasLevelOfEvidence LevelOfEvidence_C	glikson-2021-2021-esc-guidelines-on-cardiac-pacing-and-cardiac-resynchro_n0038/na_0002 patientApplicability CONDITION_DEPENDENT => glikson-2021-2021-esc-guidelines-on-cardiac-pacing-and-cardiac-resynchro_n0038/na_0002 hasLevelOfEvidence LevelOfEvidence_C
Rule_1126	?a patientApplicability CONDITION_DEPENDENT => ?a hasLevelOfEvidence LevelOfEvidence_C	zeppenfeld-2022-esc-guidelines-va-and-scd_n0084/na_0007 patientApplicability CONDITION_DEPENDENT => zeppenfeld-2022-esc-guidelines-va-and-scd_n0084/na_0007 hasLevelOfEvidence LevelOfEvidence_C
Rule_1126	?a patientApplicability CONDITION_DEPENDENT => ?a hasLevelOfEvidence LevelOfEvidence_C	pelliccia-2020-2020-esc-guidelines-on-sports-cardiology-and-exercise-in_n0041/na_0002 patientApplicability CONDITION_DEPENDENT => pelliccia-2020-2020-esc-guidelines-on-sports-cardiology-and-exercise-in_n0041/na_0002 hasLevelOfEvidence LevelOfEvidence_C
Rule_1126	?a patientApplicability CONDITION_DEPENDENT => ?a hasLevelOfEvidence LevelOfEvidence_C	zeppenfeld-2022-esc-guidelines-va-and-scd_n0084/na_0006 patientApplicability CONDITION_DEPENDENT => zeppenfeld-2022-esc-guidelines-va-and-scd_n0084/na_0006 hasLevelOfEvidence LevelOfEvidence_C
Rule_1126	?a patientApplicability CONDITION_DEPENDENT => ?a hasLevelOfEvidence LevelOfEvidence_C	zeppenfeld-2022-esc-guidelines-va-and-scd_n0068/na_0002 patientApplicability CONDITION_DEPENDENT => zeppenfeld-2022-esc-guidelines-va-and-scd_n0068/na_0002 hasLevelOfEvidence LevelOfEvidence_C
Rule_1126	?a patientApplicability CONDITION_DEPENDENT => ?a hasLevelOfEvidence LevelOfEvidence_C	regitz-zagrosek-2018-2018-esc-guideline-for-the-management-of-cardiovasc_n0049/na_0009 patientApplicability CONDITION_DEPENDENT => regitz-zagrosek-2018-2018-esc-guideline-for-the-management-of-cardiovasc_n0049/na_0009 hasLevelOfEvidence LevelOfEvidence_C
Rule_1126	?a patientApplicability CONDITION_DEPENDENT => ?a hasLevelOfEvidence LevelOfEvidence_C	glikson-2021-2021-esc-guidelines-on-cardiac-pacing-and-cardiac-resynchro_n0020/na_0015 patientApplicability CONDITION_DEPENDENT => glikson-2021-2021-esc-guidelines-on-cardiac-pacing-and-cardiac-resynchro_n0020/na_0015 hasLevelOfEvidence LevelOfEvidence_C
Rule_1126	?a patientApplicability CONDITION_DEPENDENT => ?a hasLevelOfEvidence LevelOfEvidence_C	glikson-2021-2021-esc-guidelines-on-cardiac-pacing-and-cardiac-resynchro_n0086/na_0015 patientApplicability CONDITION_DEPENDENT => glikson-2021-2021-esc-guidelines-on-cardiac-pacing-and-cardiac-resynchro_n0086/na_0015 hasLevelOfEvidence LevelOfEvidence_C
Rule_1126	?a patientApplicability CONDITION_DEPENDENT => ?a hasLevelOfEvidence LevelOfEvidence_C	regitz-zagrosek-2018-2018-esc-guideline-for-the-management-of-cardiovasc_n0023/na_0008 patientApplicability CONDITION_DEPENDENT => regitz-zagrosek-2018-2018-esc-guideline-for-the-management-of-cardiovasc_n0023/na_0008 hasLevelOfEvidence LevelOfEvidence_C
Rule_1126	?a patientApplicability CONDITION_DEPENDENT => ?a hasLevelOfEvidence LevelOfEvidence_C	mcdonagh-2023-esc-guidelines_n0048/na_0001 patientApplicability CONDITION_DEPENDENT => mcdonagh-2023-esc-guidelines_n0048/na_0001 hasLevelOfEvidence LevelOfEvidence_C
Rule_1126	?a patientApplicability CONDITION_DEPENDENT => ?a hasLevelOfEvidence LevelOfEvidence_C	mcdonagh-2023-esc-guidelines_n0075/na_0003 patientApplicability CONDITION_DEPENDENT => mcdonagh-2023-esc-guidelines_n0075/na_0003 hasLevelOfEvidence LevelOfEvidence_C
Rule_1126	?a patientApplicability CONDITION_DEPENDENT => ?a hasLevelOfEvidence LevelOfEvidence_C	pelliccia-2020-2020-esc-guidelines-on-sports-cardiology-and-exercise-in_n0061/na_0003 patientApplicability CONDITION_DEPENDENT => pelliccia-2020-2020-esc-guidelines-on-sports-cardiology-and-exercise-in_n0061/na_0003 hasLevelOfEvidence LevelOfEvidence_C
Rule_1126	?a patientApplicability CONDITION_DEPENDENT => ?a hasLevelOfEvidence LevelOfEvidence_C	glikson-2021-2021-esc-guidelines-on-cardiac-pacing-and-cardiac-resynchro_n0084/na_0005 patientApplicability CONDITION_DEPENDENT => glikson-2021-2021-esc-guidelines-on-cardiac-pacing-and-cardiac-resynchro_n0084/na_0005 hasLevelOfEvidence LevelOfEvidence_C
Rule_1126	?a patientApplicability CONDITION_DEPENDENT => ?a hasLevelOfEvidence LevelOfEvidence_C	glikson-2021-2021-esc-guidelines-on-cardiac-pacing-and-cardiac-resynchro_n0046/na_0009 patientApplicability CONDITION_DEPENDENT => glikson-2021-2021-esc-guidelines-on-cardiac-pacing-and-cardiac-resynchro_n0046/na_0009 hasLevelOfEvidence LevelOfEvidence_C
Rule_1126	?a patientApplicability CONDITION_DEPENDENT => ?a hasLevelOfEvidence LevelOfEvidence_C	visseren-2021-esc-guidelines-cardiovascular-disease-prevention_n0079/na_0001 patientApplicability CONDITION_DEPENDENT => visseren-2021-esc-guidelines-cardiovascular-disease-prevention_n0079/na_0001 hasLevelOfEvidence LevelOfEvidence_C
Rule_1126	?a patientApplicability CONDITION_DEPENDENT => ?a hasLevelOfEvidence LevelOfEvidence_C	glikson-2021-2021-esc-guidelines-on-cardiac-pacing-and-cardiac-resynchro_n0061/na_0004 patientApplicability CONDITION_DEPENDENT => glikson-2021-2021-esc-guidelines-on-cardiac-pacing-and-cardiac-resynchro_n0061/na_0004 hasLevelOfEvidence LevelOfEvidence_C
Rule_1126	?a patientApplicability CONDITION_DEPENDENT => ?a hasLevelOfEvidence LevelOfEvidence_C	mcdonagh-2023-esc-guidelines_n0097/na_0001 patientApplicability CONDITION_DEPENDENT => mcdonagh-2023-esc-guidelines_n0097/na_0001 hasLevelOfEvidence LevelOfEvidence_C
Rule_1126	?a patientApplicability CONDITION_DEPENDENT => ?a hasLevelOfEvidence LevelOfEvidence_C	glikson-2021-2021-esc-guidelines-on-cardiac-pacing-and-cardiac-resynchro_n0085/na_0001 patientApplicability CONDITION_DEPENDENT => glikson-2021-2021-esc-guidelines-on-cardiac-pacing-and-cardiac-resynchro_n0085/na_0001 hasLevelOfEvidence LevelOfEvidence_C
Rule_1126	?a patientApplicability CONDITION_DEPENDENT => ?a hasLevelOfEvidence LevelOfEvidence_C	regitz-zagrosek-2018-2018-esc-guideline-for-the-management-of-cardiovasc_n0025/na_0006 patientApplicability CONDITION_DEPENDENT => regitz-zagrosek-2018-2018-esc-guideline-for-the-management-of-cardiovasc_n0025/na_0006 hasLevelOfEvidence LevelOfEvidence_C
Rule_1126	?a patientApplicability CONDITION_DEPENDENT => ?a hasLevelOfEvidence LevelOfEvidence_C	zeppenfeld-2022-esc-guidelines-va-and-scd_n0059/na_0001 patientApplicability CONDITION_DEPENDENT => zeppenfeld-2022-esc-guidelines-va-and-scd_n0059/na_0001 hasLevelOfEvidence LevelOfEvidence_C
Rule_1126	?a patientApplicability CONDITION_DEPENDENT => ?a hasLevelOfEvidence LevelOfEvidence_C	pelliccia-2020-2020-esc-guidelines-on-sports-cardiology-and-exercise-in_n0074/na_0011 patientApplicability CONDITION_DEPENDENT => pelliccia-2020-2020-esc-guidelines-on-sports-cardiology-and-exercise-in_n0074/na_0011 hasLevelOfEvidence LevelOfEvidence_C
Rule_1126	?a patientApplicability CONDITION_DEPENDENT => ?a hasLevelOfEvidence LevelOfEvidence_C	zeppenfeld-2022-esc-guidelines-va-and-scd_n0092/na_0005 patientApplicability CONDITION_DEPENDENT => zeppenfeld-2022-esc-guidelines-va-and-scd_n0092/na_0005 hasLevelOfEvidence LevelOfEvidence_C
Rule_1126	?a patientApplicability CONDITION_DEPENDENT => ?a hasLevelOfEvidence LevelOfEvidence_C	regitz-zagrosek-2018-2018-esc-guideline-for-the-management-of-cardiovasc_n0048/na_0001 patientApplicability CONDITION_DEPENDENT => regitz-zagrosek-2018-2018-esc-guideline-for-the-management-of-cardiovasc_n0048/na_0001 hasLevelOfEvidence LevelOfEvidence_C
Rule_1126	?a patientApplicability CONDITION_DEPENDENT => ?a hasLevelOfEvidence LevelOfEvidence_C	zeppenfeld-2022-esc-guidelines-va-and-scd_n0082/na_0006 patientApplicability CONDITION_DEPENDENT => zeppenfeld-2022-esc-guidelines-va-and-scd_n0082/na_0006 hasLevelOfEvidence LevelOfEvidence_C
Rule_1126	?a patientApplicability CONDITION_DEPENDENT => ?a hasLevelOfEvidence LevelOfEvidence_C	zeppenfeld-2022-esc-guidelines-va-and-scd_n0095/na_0010 patientApplicability CONDITION_DEPENDENT => zeppenfeld-2022-esc-guidelines-va-and-scd_n0095/na_0010 hasLevelOfEvidence LevelOfEvidence_C
Rule_1126	?a patientApplicability CONDITION_DEPENDENT => ?a hasLevelOfEvidence LevelOfEvidence_C	pelliccia-2020-2020-esc-guidelines-on-sports-cardiology-and-exercise-in_n0027/na_0004 patientApplicability CONDITION_DEPENDENT => pelliccia-2020-2020-esc-guidelines-on-sports-cardiology-and-exercise-in_n0027/na_0004 hasLevelOfEvidence LevelOfEvidence_C
Rule_1126	?a patientApplicability CONDITION_DEPENDENT => ?a hasLevelOfEvidence LevelOfEvidence_C	regitz-zagrosek-2018-2018-esc-guideline-for-the-management-of-cardiovasc_n0018/na_0004 patientApplicability CONDITION_DEPENDENT => regitz-zagrosek-2018-2018-esc-guideline-for-the-management-of-cardiovasc_n0018/na_0004 hasLevelOfEvidence LevelOfEvidence_C
Rule_1126	?a patientApplicability CONDITION_DEPENDENT => ?a hasLevelOfEvidence LevelOfEvidence_C	mcdonagh-2023-esc-guidelines_n0063/na_0006 patientApplicability CONDITION_DEPENDENT => mcdonagh-2023-esc-guidelines_n0063/na_0006 hasLevelOfEvidence LevelOfEvidence_C
Rule_1126	?a patientApplicability CONDITION_DEPENDENT => ?a hasLevelOfEvidence LevelOfEvidence_C	zeppenfeld-2022-esc-guidelines-va-and-scd_n0096/na_0021 patientApplicability CONDITION_DEPENDENT => zeppenfeld-2022-esc-guidelines-va-and-scd_n0096/na_0021 hasLevelOfEvidence LevelOfEvidence_C
Rule_1126	?a patientApplicability CONDITION_DEPENDENT => ?a hasLevelOfEvidence LevelOfEvidence_C	mcdonagh-2023-esc-guidelines_n0095/na_0007 patientApplicability CONDITION_DEPENDENT => mcdonagh-2023-esc-guidelines_n0095/na_0007 hasLevelOfEvidence LevelOfEvidence_C
Rule_1126	?a patientApplicability CONDITION_DEPENDENT => ?a hasLevelOfEvidence LevelOfEvidence_C	zeppenfeld-2022-esc-guidelines-va-and-scd_n0085/na_0002 patientApplicability CONDITION_DEPENDENT => zeppenfeld-2022-esc-guidelines-va-and-scd_n0085/na_0002 hasLevelOfEvidence LevelOfEvidence_C
Rule_1126	?a patientApplicability CONDITION_DEPENDENT => ?a hasLevelOfEvidence LevelOfEvidence_C	zeppenfeld-2022-esc-guidelines-va-and-scd_n0092/na_0022 patientApplicability CONDITION_DEPENDENT => zeppenfeld-2022-esc-guidelines-va-and-scd_n0092/na_0022 hasLevelOfEvidence LevelOfEvidence_C
Rule_1126	?a patientApplicability CONDITION_DEPENDENT => ?a hasLevelOfEvidence LevelOfEvidence_C	regitz-zagrosek-2018-2018-esc-guideline-for-the-management-of-cardiovasc_n0027/na_0005 patientApplicability CONDITION_DEPENDENT => regitz-zagrosek-2018-2018-esc-guideline-for-the-management-of-cardiovasc_n0027/na_0005 hasLevelOfEvidence LevelOfEvidence_C
Rule_1126	?a patientApplicability CONDITION_DEPENDENT => ?a hasLevelOfEvidence LevelOfEvidence_C	zeppenfeld-2022-esc-guidelines-va-and-scd_n0094/na_0009 patientApplicability CONDITION_DEPENDENT => zeppenfeld-2022-esc-guidelines-va-and-scd_n0094/na_0009 hasLevelOfEvidence LevelOfEvidence_C
Rule_1126	?a patientApplicability CONDITION_DEPENDENT => ?a hasLevelOfEvidence LevelOfEvidence_C	zeppenfeld-2022-esc-guidelines-va-and-scd_n0059/na_0003 patientApplicability CONDITION_DEPENDENT => zeppenfeld-2022-esc-guidelines-va-and-scd_n0059/na_0003 hasLevelOfEvidence LevelOfEvidence_C
Rule_1126	?a patientApplicability CONDITION_DEPENDENT => ?a hasLevelOfEvidence LevelOfEvidence_C	regitz-zagrosek-2018-2018-esc-guideline-for-the-management-of-cardiovasc_n0016/na_0005 patientApplicability CONDITION_DEPENDENT => regitz-zagrosek-2018-2018-esc-guideline-for-the-management-of-cardiovasc_n0016/na_0005 hasLevelOfEvidence LevelOfEvidence_C
Rule_1126	?a patientApplicability CONDITION_DEPENDENT => ?a hasLevelOfEvidence LevelOfEvidence_C	regitz-zagrosek-2018-2018-esc-guideline-for-the-management-of-cardiovasc_n0048/na_0005 patientApplicability CONDITION_DEPENDENT => regitz-zagrosek-2018-2018-esc-guideline-for-the-management-of-cardiovasc_n0048/na_0005 hasLevelOfEvidence LevelOfEvidence_C
Rule_1126	?a patientApplicability CONDITION_DEPENDENT => ?a hasLevelOfEvidence LevelOfEvidence_C	glikson-2021-2021-esc-guidelines-on-cardiac-pacing-and-cardiac-resynchro_n0020/na_0044 patientApplicability CONDITION_DEPENDENT => glikson-2021-2021-esc-guidelines-on-cardiac-pacing-and-cardiac-resynchro_n0020/na_0044 hasLevelOfEvidence LevelOfEvidence_C
Rule_1126	?a patientApplicability CONDITION_DEPENDENT => ?a hasLevelOfEvidence LevelOfEvidence_C	visseren-2021-esc-guidelines-cardiovascular-disease-prevention_n0079/na_0008 patientApplicability CONDITION_DEPENDENT => visseren-2021-esc-guidelines-cardiovascular-disease-prevention_n0079/na_0008 hasLevelOfEvidence LevelOfEvidence_C
Rule_1126	?a patientApplicability CONDITION_DEPENDENT => ?a hasLevelOfEvidence LevelOfEvidence_C	regitz-zagrosek-2018-2018-esc-guideline-for-the-management-of-cardiovasc_n0020/na_0002 patientApplicability CONDITION_DEPENDENT => regitz-zagrosek-2018-2018-esc-guideline-for-the-management-of-cardiovasc_n0020/na_0002 hasLevelOfEvidence LevelOfEvidence_C
Rule_1126	?a patientApplicability CONDITION_DEPENDENT => ?a hasLevelOfEvidence LevelOfEvidence_C	glikson-2021-2021-esc-guidelines-on-cardiac-pacing-and-cardiac-resynchro_n0086/na_0007 patientApplicability CONDITION_DEPENDENT => glikson-2021-2021-esc-guidelines-on-cardiac-pacing-and-cardiac-resynchro_n0086/na_0007 hasLevelOfEvidence LevelOfEvidence_C
Rule_1126	?a patientApplicability CONDITION_DEPENDENT => ?a hasLevelOfEvidence LevelOfEvidence_C	zeppenfeld-2022-esc-guidelines-va-and-scd_n0031/na_0002 patientApplicability CONDITION_DEPENDENT => zeppenfeld-2022-esc-guidelines-va-and-scd_n0031/na_0002 hasLevelOfEvidence LevelOfEvidence_C
Rule_1126	?a patientApplicability CONDITION_DEPENDENT => ?a hasLevelOfEvidence LevelOfEvidence_C	mcdonagh-2023-esc-guidelines_n0075/na_0005 patientApplicability CONDITION_DEPENDENT => mcdonagh-2023-esc-guidelines_n0075/na_0005 hasLevelOfEvidence LevelOfEvidence_C
Rule_1126	?a patientApplicability CONDITION_DEPENDENT => ?a hasLevelOfEvidence LevelOfEvidence_C	zeppenfeld-2022-esc-guidelines-va-and-scd_n0077/na_0011 patientApplicability CONDITION_DEPENDENT => zeppenfeld-2022-esc-guidelines-va-and-scd_n0077/na_0011 hasLevelOfEvidence LevelOfEvidence_C
Rule_1126	?a patientApplicability CONDITION_DEPENDENT => ?a hasLevelOfEvidence LevelOfEvidence_C	glikson-2021-2021-esc-guidelines-on-cardiac-pacing-and-cardiac-resynchro_n0020/na_0020 patientApplicability CONDITION_DEPENDENT => glikson-2021-2021-esc-guidelines-on-cardiac-pacing-and-cardiac-resynchro_n0020/na_0020 hasLevelOfEvidence LevelOfEvidence_C
Rule_1126	?a patientApplicability CONDITION_DEPENDENT => ?a hasLevelOfEvidence LevelOfEvidence_C	pelliccia-2020-2020-esc-guidelines-on-sports-cardiology-and-exercise-in_n0043/na_0004 patientApplicability CONDITION_DEPENDENT => pelliccia-2020-2020-esc-guidelines-on-sports-cardiology-and-exercise-in_n0043/na_0004 hasLevelOfEvidence LevelOfEvidence_C
Rule_1126	?a patientApplicability CONDITION_DEPENDENT => ?a hasLevelOfEvidence LevelOfEvidence_C	regitz-zagrosek-2018-2018-esc-guideline-for-the-management-of-cardiovasc_n0050/na_0017 patientApplicability CONDITION_DEPENDENT => regitz-zagrosek-2018-2018-esc-guideline-for-the-management-of-cardiovasc_n0050/na_0017 hasLevelOfEvidence LevelOfEvidence_C
Rule_1126	?a patientApplicability CONDITION_DEPENDENT => ?a hasLevelOfEvidence LevelOfEvidence_C	zeppenfeld-2022-esc-guidelines-va-and-scd_n0084/na_0009 patientApplicability CONDITION_DEPENDENT => zeppenfeld-2022-esc-guidelines-va-and-scd_n0084/na_0009 hasLevelOfEvidence LevelOfEvidence_C
Rule_1126	?a patientApplicability CONDITION_DEPENDENT => ?a hasLevelOfEvidence LevelOfEvidence_C	mcdonagh-2023-esc-guidelines_n0035/na_0006 patientApplicability CONDITION_DEPENDENT => mcdonagh-2023-esc-guidelines_n0035/na_0006 hasLevelOfEvidence LevelOfEvidence_C
Rule_1126	?a patientApplicability CONDITION_DEPENDENT => ?a hasLevelOfEvidence LevelOfEvidence_C	visseren-2021-esc-guidelines-cardiovascular-disease-prevention_n0078/na_0006 patientApplicability CONDITION_DEPENDENT => visseren-2021-esc-guidelines-cardiovascular-disease-prevention_n0078/na_0006 hasLevelOfEvidence LevelOfEvidence_C
Rule_1126	?a patientApplicability CONDITION_DEPENDENT => ?a hasLevelOfEvidence LevelOfEvidence_C	regitz-zagrosek-2018-2018-esc-guideline-for-the-management-of-cardiovasc_n0027/na_0010 patientApplicability CONDITION_DEPENDENT => regitz-zagrosek-2018-2018-esc-guideline-for-the-management-of-cardiovasc_n0027/na_0010 hasLevelOfEvidence LevelOfEvidence_C
Rule_1126	?a patientApplicability CONDITION_DEPENDENT => ?a hasLevelOfEvidence LevelOfEvidence_C	zeppenfeld-2022-esc-guidelines-va-and-scd_n0093/na_0002 patientApplicability CONDITION_DEPENDENT => zeppenfeld-2022-esc-guidelines-va-and-scd_n0093/na_0002 hasLevelOfEvidence LevelOfEvidence_C
Rule_1126	?a patientApplicability CONDITION_DEPENDENT => ?a hasLevelOfEvidence LevelOfEvidence_C	pelliccia-2020-2020-esc-guidelines-on-sports-cardiology-and-exercise-in_n0066/na_0004 patientApplicability CONDITION_DEPENDENT => pelliccia-2020-2020-esc-guidelines-on-sports-cardiology-and-exercise-in_n0066/na_0004 hasLevelOfEvidence LevelOfEvidence_C
Rule_1126	?a patientApplicability CONDITION_DEPENDENT => ?a hasLevelOfEvidence LevelOfEvidence_C	glikson-2021-2021-esc-guidelines-on-cardiac-pacing-and-cardiac-resynchro_n0046/na_0007 patientApplicability CONDITION_DEPENDENT => glikson-2021-2021-esc-guidelines-on-cardiac-pacing-and-cardiac-resynchro_n0046/na_0007 hasLevelOfEvidence LevelOfEvidence_C
Rule_1126	?a patientApplicability CONDITION_DEPENDENT => ?a hasLevelOfEvidence LevelOfEvidence_C	glikson-2021-2021-esc-guidelines-on-cardiac-pacing-and-cardiac-resynchro_n0064/na_0001 patientApplicability CONDITION_DEPENDENT => glikson-2021-2021-esc-guidelines-on-cardiac-pacing-and-cardiac-resynchro_n0064/na_0001 hasLevelOfEvidence LevelOfEvidence_C
Rule_1126	?a patientApplicability CONDITION_DEPENDENT => ?a hasLevelOfEvidence LevelOfEvidence_C	glikson-2021-2021-esc-guidelines-on-cardiac-pacing-and-cardiac-resynchro_n0020/na_0080 patientApplicability CONDITION_DEPENDENT => glikson-2021-2021-esc-guidelines-on-cardiac-pacing-and-cardiac-resynchro_n0020/na_0080 hasLevelOfEvidence LevelOfEvidence_C
Rule_1126	?a patientApplicability CONDITION_DEPENDENT => ?a hasLevelOfEvidence LevelOfEvidence_C	regitz-zagrosek-2018-2018-esc-guideline-for-the-management-of-cardiovasc_n0013/na_0003 patientApplicability CONDITION_DEPENDENT => regitz-zagrosek-2018-2018-esc-guideline-for-the-management-of-cardiovasc_n0013/na_0003 hasLevelOfEvidence LevelOfEvidence_C
Rule_1126	?a patientApplicability CONDITION_DEPENDENT => ?a hasLevelOfEvidence LevelOfEvidence_C	visseren-2021-esc-guidelines-cardiovascular-disease-prevention_n0011/na_0005 patientApplicability CONDITION_DEPENDENT => visseren-2021-esc-guidelines-cardiovascular-disease-prevention_n0011/na_0005 hasLevelOfEvidence LevelOfEvidence_C
Rule_1126	?a patientApplicability CONDITION_DEPENDENT => ?a hasLevelOfEvidence LevelOfEvidence_C	zeppenfeld-2022-esc-guidelines-va-and-scd_n0061/na_0006 patientApplicability CONDITION_DEPENDENT => zeppenfeld-2022-esc-guidelines-va-and-scd_n0061/na_0006 hasLevelOfEvidence LevelOfEvidence_C
Rule_1126	?a patientApplicability CONDITION_DEPENDENT => ?a hasLevelOfEvidence LevelOfEvidence_C	visseren-2021-esc-guidelines-cardiovascular-disease-prevention_n0027/na_0007 patientApplicability CONDITION_DEPENDENT => visseren-2021-esc-guidelines-cardiovascular-disease-prevention_n0027/na_0007 hasLevelOfEvidence LevelOfEvidence_C
Rule_1126	?a patientApplicability CONDITION_DEPENDENT => ?a hasLevelOfEvidence LevelOfEvidence_C	regitz-zagrosek-2018-2018-esc-guideline-for-the-management-of-cardiovasc_n0018/na_0001 patientApplicability CONDITION_DEPENDENT => regitz-zagrosek-2018-2018-esc-guideline-for-the-management-of-cardiovasc_n0018/na_0001 hasLevelOfEvidence LevelOfEvidence_C
Rule_1126	?a patientApplicability CONDITION_DEPENDENT => ?a hasLevelOfEvidence LevelOfEvidence_C	zeppenfeld-2022-esc-guidelines-va-and-scd_n0093/na_0019 patientApplicability CONDITION_DEPENDENT => zeppenfeld-2022-esc-guidelines-va-and-scd_n0093/na_0019 hasLevelOfEvidence LevelOfEvidence_C
Rule_1126	?a patientApplicability CONDITION_DEPENDENT => ?a hasLevelOfEvidence LevelOfEvidence_C	regitz-zagrosek-2018-2018-esc-guideline-for-the-management-of-cardiovasc_n0027/na_0008 patientApplicability CONDITION_DEPENDENT => regitz-zagrosek-2018-2018-esc-guideline-for-the-management-of-cardiovasc_n0027/na_0008 hasLevelOfEvidence LevelOfEvidence_C
Rule_1126	?a patientApplicability CONDITION_DEPENDENT => ?a hasLevelOfEvidence LevelOfEvidence_C	regitz-zagrosek-2018-2018-esc-guideline-for-the-management-of-cardiovasc_n0012/na_0002 patientApplicability CONDITION_DEPENDENT => regitz-zagrosek-2018-2018-esc-guideline-for-the-management-of-cardiovasc_n0012/na_0002 hasLevelOfEvidence LevelOfEvidence_C
Rule_1126	?a patientApplicability CONDITION_DEPENDENT => ?a hasLevelOfEvidence LevelOfEvidence_C	pelliccia-2020-2020-esc-guidelines-on-sports-cardiology-and-exercise-in_n0075/na_0011 patientApplicability CONDITION_DEPENDENT => pelliccia-2020-2020-esc-guidelines-on-sports-cardiology-and-exercise-in_n0075/na_0011 hasLevelOfEvidence LevelOfEvidence_C
Rule_1126	?a patientApplicability CONDITION_DEPENDENT => ?a hasLevelOfEvidence LevelOfEvidence_C	zeppenfeld-2022-esc-guidelines-va-and-scd_n0095/na_0007 patientApplicability CONDITION_DEPENDENT => zeppenfeld-2022-esc-guidelines-va-and-scd_n0095/na_0007 hasLevelOfEvidence LevelOfEvidence_C
Rule_1126	?a patientApplicability CONDITION_DEPENDENT => ?a hasLevelOfEvidence LevelOfEvidence_C	mcdonagh-2023-esc-guidelines_n0032/na_0003 patientApplicability CONDITION_DEPENDENT => mcdonagh-2023-esc-guidelines_n0032/na_0003 hasLevelOfEvidence LevelOfEvidence_C
Rule_1126	?a patientApplicability CONDITION_DEPENDENT => ?a hasLevelOfEvidence LevelOfEvidence_C	glikson-2021-2021-esc-guidelines-on-cardiac-pacing-and-cardiac-resynchro_n0020/na_0034 patientApplicability CONDITION_DEPENDENT => glikson-2021-2021-esc-guidelines-on-cardiac-pacing-and-cardiac-resynchro_n0020/na_0034 hasLevelOfEvidence LevelOfEvidence_C
Rule_1126	?a patientApplicability CONDITION_DEPENDENT => ?a hasLevelOfEvidence LevelOfEvidence_C	regitz-zagrosek-2018-2018-esc-guideline-for-the-management-of-cardiovasc_n0025/na_0008 patientApplicability CONDITION_DEPENDENT => regitz-zagrosek-2018-2018-esc-guideline-for-the-management-of-cardiovasc_n0025/na_0008 hasLevelOfEvidence LevelOfEvidence_C
Rule_1126	?a patientApplicability CONDITION_DEPENDENT => ?a hasLevelOfEvidence LevelOfEvidence_C	mcdonagh-2023-esc-guidelines_n0071/na_0001 patientApplicability CONDITION_DEPENDENT => mcdonagh-2023-esc-guidelines_n0071/na_0001 hasLevelOfEvidence LevelOfEvidence_C
Rule_1126	?a patientApplicability CONDITION_DEPENDENT => ?a hasLevelOfEvidence LevelOfEvidence_C	regitz-zagrosek-2018-2018-esc-guideline-for-the-management-of-cardiovasc_n0029/na_0010 patientApplicability CONDITION_DEPENDENT => regitz-zagrosek-2018-2018-esc-guideline-for-the-management-of-cardiovasc_n0029/na_0010 hasLevelOfEvidence LevelOfEvidence_C
Rule_1126	?a patientApplicability CONDITION_DEPENDENT => ?a hasLevelOfEvidence LevelOfEvidence_C	mcdonagh-2023-esc-guidelines_n0096/na_0024 patientApplicability CONDITION_DEPENDENT => mcdonagh-2023-esc-guidelines_n0096/na_0024 hasLevelOfEvidence LevelOfEvidence_C
Rule_1126	?a patientApplicability CONDITION_DEPENDENT => ?a hasLevelOfEvidence LevelOfEvidence_C	pelliccia-2020-2020-esc-guidelines-on-sports-cardiology-and-exercise-in_n0076/na_0004 patientApplicability CONDITION_DEPENDENT => pelliccia-2020-2020-esc-guidelines-on-sports-cardiology-and-exercise-in_n0076/na_0004 hasLevelOfEvidence LevelOfEvidence_C
Rule_1126	?a patientApplicability CONDITION_DEPENDENT => ?a hasLevelOfEvidence LevelOfEvidence_C	zeppenfeld-2022-esc-guidelines-va-and-scd_n0034/na_0008 patientApplicability CONDITION_DEPENDENT => zeppenfeld-2022-esc-guidelines-va-and-scd_n0034/na_0008 hasLevelOfEvidence LevelOfEvidence_C
Rule_1126	?a patientApplicability CONDITION_DEPENDENT => ?a hasLevelOfEvidence LevelOfEvidence_C	glikson-2021-2021-esc-guidelines-on-cardiac-pacing-and-cardiac-resynchro_n0020/na_0017 patientApplicability CONDITION_DEPENDENT => glikson-2021-2021-esc-guidelines-on-cardiac-pacing-and-cardiac-resynchro_n0020/na_0017 hasLevelOfEvidence LevelOfEvidence_C
Rule_1126	?a patientApplicability CONDITION_DEPENDENT => ?a hasLevelOfEvidence LevelOfEvidence_C	pelliccia-2020-2020-esc-guidelines-on-sports-cardiology-and-exercise-in_n0066/na_0007 patientApplicability CONDITION_DEPENDENT => pelliccia-2020-2020-esc-guidelines-on-sports-cardiology-and-exercise-in_n0066/na_0007 hasLevelOfEvidence LevelOfEvidence_C
Rule_1126	?a patientApplicability CONDITION_DEPENDENT => ?a hasLevelOfEvidence LevelOfEvidence_C	glikson-2021-2021-esc-guidelines-on-cardiac-pacing-and-cardiac-resynchro_n0020/na_0031 patientApplicability CONDITION_DEPENDENT => glikson-2021-2021-esc-guidelines-on-cardiac-pacing-and-cardiac-resynchro_n0020/na_0031 hasLevelOfEvidence LevelOfEvidence_C
Rule_1126	?a patientApplicability CONDITION_DEPENDENT => ?a hasLevelOfEvidence LevelOfEvidence_C	regitz-zagrosek-2018-2018-esc-guideline-for-the-management-of-cardiovasc_n0025/na_0015 patientApplicability CONDITION_DEPENDENT => regitz-zagrosek-2018-2018-esc-guideline-for-the-management-of-cardiovasc_n0025/na_0015 hasLevelOfEvidence LevelOfEvidence_C
Rule_1126	?a patientApplicability CONDITION_DEPENDENT => ?a hasLevelOfEvidence LevelOfEvidence_C	regitz-zagrosek-2018-2018-esc-guideline-for-the-management-of-cardiovasc_n0012/na_0003 patientApplicability CONDITION_DEPENDENT => regitz-zagrosek-2018-2018-esc-guideline-for-the-management-of-cardiovasc_n0012/na_0003 hasLevelOfEvidence LevelOfEvidence_C
Rule_1126	?a patientApplicability CONDITION_DEPENDENT => ?a hasLevelOfEvidence LevelOfEvidence_C	mcdonagh-2023-esc-guidelines_n0035/na_0001 patientApplicability CONDITION_DEPENDENT => mcdonagh-2023-esc-guidelines_n0035/na_0001 hasLevelOfEvidence LevelOfEvidence_C
Rule_1126	?a patientApplicability CONDITION_DEPENDENT => ?a hasLevelOfEvidence LevelOfEvidence_C	glikson-2021-2021-esc-guidelines-on-cardiac-pacing-and-cardiac-resynchro_n0020/na_0060 patientApplicability CONDITION_DEPENDENT => glikson-2021-2021-esc-guidelines-on-cardiac-pacing-and-cardiac-resynchro_n0020/na_0060 hasLevelOfEvidence LevelOfEvidence_C
Rule_1126	?a patientApplicability CONDITION_DEPENDENT => ?a hasLevelOfEvidence LevelOfEvidence_C	regitz-zagrosek-2018-2018-esc-guideline-for-the-management-of-cardiovasc_n0023/na_0001 patientApplicability CONDITION_DEPENDENT => regitz-zagrosek-2018-2018-esc-guideline-for-the-management-of-cardiovasc_n0023/na_0001 hasLevelOfEvidence LevelOfEvidence_C
Rule_1126	?a patientApplicability CONDITION_DEPENDENT => ?a hasLevelOfEvidence LevelOfEvidence_C	zeppenfeld-2022-esc-guidelines-va-and-scd_n0084/na_0010 patientApplicability CONDITION_DEPENDENT => zeppenfeld-2022-esc-guidelines-va-and-scd_n0084/na_0010 hasLevelOfEvidence LevelOfEvidence_C
Rule_1126	?a patientApplicability CONDITION_DEPENDENT => ?a hasLevelOfEvidence LevelOfEvidence_C	visseren-2021-esc-guidelines-cardiovascular-disease-prevention_n0080/na_0007 patientApplicability CONDITION_DEPENDENT => visseren-2021-esc-guidelines-cardiovascular-disease-prevention_n0080/na_0007 hasLevelOfEvidence LevelOfEvidence_C
Rule_1126	?a patientApplicability CONDITION_DEPENDENT => ?a hasLevelOfEvidence LevelOfEvidence_C	zeppenfeld-2022-esc-guidelines-va-and-scd_n0052/na_0003 patientApplicability CONDITION_DEPENDENT => zeppenfeld-2022-esc-guidelines-va-and-scd_n0052/na_0003 hasLevelOfEvidence LevelOfEvidence_C
Rule_1126	?a patientApplicability CONDITION_DEPENDENT => ?a hasLevelOfEvidence LevelOfEvidence_C	zeppenfeld-2022-esc-guidelines-va-and-scd_n0058/na_0003 patientApplicability CONDITION_DEPENDENT => zeppenfeld-2022-esc-guidelines-va-and-scd_n0058/na_0003 hasLevelOfEvidence LevelOfEvidence_C
Rule_1126	?a patientApplicability CONDITION_DEPENDENT => ?a hasLevelOfEvidence LevelOfEvidence_C	zeppenfeld-2022-esc-guidelines-va-and-scd_n0086/na_0006 patientApplicability CONDITION_DEPENDENT => zeppenfeld-2022-esc-guidelines-va-and-scd_n0086/na_0006 hasLevelOfEvidence LevelOfEvidence_C
Rule_1126	?a patientApplicability CONDITION_DEPENDENT => ?a hasLevelOfEvidence LevelOfEvidence_C	glikson-2021-2021-esc-guidelines-on-cardiac-pacing-and-cardiac-resynchro_n0052/na_0006 patientApplicability CONDITION_DEPENDENT => glikson-2021-2021-esc-guidelines-on-cardiac-pacing-and-cardiac-resynchro_n0052/na_0006 hasLevelOfEvidence LevelOfEvidence_C
Rule_1126	?a patientApplicability CONDITION_DEPENDENT => ?a hasLevelOfEvidence LevelOfEvidence_C	zeppenfeld-2022-esc-guidelines-va-and-scd_n0097/na_0008 patientApplicability CONDITION_DEPENDENT => zeppenfeld-2022-esc-guidelines-va-and-scd_n0097/na_0008 hasLevelOfEvidence LevelOfEvidence_C
Rule_1126	?a patientApplicability CONDITION_DEPENDENT => ?a hasLevelOfEvidence LevelOfEvidence_C	glikson-2021-2021-esc-guidelines-on-cardiac-pacing-and-cardiac-resynchro_n0063/na_0006 patientApplicability CONDITION_DEPENDENT => glikson-2021-2021-esc-guidelines-on-cardiac-pacing-and-cardiac-resynchro_n0063/na_0006 hasLevelOfEvidence LevelOfEvidence_C
Rule_1126	?a patientApplicability CONDITION_DEPENDENT => ?a hasLevelOfEvidence LevelOfEvidence_C	regitz-zagrosek-2018-2018-esc-guideline-for-the-management-of-cardiovasc_n0027/na_0006 patientApplicability CONDITION_DEPENDENT => regitz-zagrosek-2018-2018-esc-guideline-for-the-management-of-cardiovasc_n0027/na_0006 hasLevelOfEvidence LevelOfEvidence_C
Rule_1126	?a patientApplicability CONDITION_DEPENDENT => ?a hasLevelOfEvidence LevelOfEvidence_C	zeppenfeld-2022-esc-guidelines-va-and-scd_n0096/na_0019 patientApplicability CONDITION_DEPENDENT => zeppenfeld-2022-esc-guidelines-va-and-scd_n0096/na_0019 hasLevelOfEvidence LevelOfEvidence_C
Rule_1126	?a patientApplicability CONDITION_DEPENDENT => ?a hasLevelOfEvidence LevelOfEvidence_C	regitz-zagrosek-2018-2018-esc-guideline-for-the-management-of-cardiovasc_n0029/na_0011 patientApplicability CONDITION_DEPENDENT => regitz-zagrosek-2018-2018-esc-guideline-for-the-management-of-cardiovasc_n0029/na_0011 hasLevelOfEvidence LevelOfEvidence_C
Rule_1126	?a patientApplicability CONDITION_DEPENDENT => ?a hasLevelOfEvidence LevelOfEvidence_C	zeppenfeld-2022-esc-guidelines-va-and-scd_n0062/na_0004 patientApplicability CONDITION_DEPENDENT => zeppenfeld-2022-esc-guidelines-va-and-scd_n0062/na_0004 hasLevelOfEvidence LevelOfEvidence_C
Rule_1126	?a patientApplicability CONDITION_DEPENDENT => ?a hasLevelOfEvidence LevelOfEvidence_C	pelliccia-2020-2020-esc-guidelines-on-sports-cardiology-and-exercise-in_n0076/na_0013 patientApplicability CONDITION_DEPENDENT => pelliccia-2020-2020-esc-guidelines-on-sports-cardiology-and-exercise-in_n0076/na_0013 hasLevelOfEvidence LevelOfEvidence_C
Rule_1126	?a patientApplicability CONDITION_DEPENDENT => ?a hasLevelOfEvidence LevelOfEvidence_C	mcdonagh-2023-esc-guidelines_n0071/na_0006 patientApplicability CONDITION_DEPENDENT => mcdonagh-2023-esc-guidelines_n0071/na_0006 hasLevelOfEvidence LevelOfEvidence_C
Rule_1126	?a patientApplicability CONDITION_DEPENDENT => ?a hasLevelOfEvidence LevelOfEvidence_C	regitz-zagrosek-2018-2018-esc-guideline-for-the-management-of-cardiovasc_n0016/na_0007 patientApplicability CONDITION_DEPENDENT => regitz-zagrosek-2018-2018-esc-guideline-for-the-management-of-cardiovasc_n0016/na_0007 hasLevelOfEvidence LevelOfEvidence_C
Rule_1126	?a patientApplicability CONDITION_DEPENDENT => ?a hasLevelOfEvidence LevelOfEvidence_C	regitz-zagrosek-2018-2018-esc-guideline-for-the-management-of-cardiovasc_n0023/na_0004 patientApplicability CONDITION_DEPENDENT => regitz-zagrosek-2018-2018-esc-guideline-for-the-management-of-cardiovasc_n0023/na_0004 hasLevelOfEvidence LevelOfEvidence_C
Rule_1126	?a patientApplicability CONDITION_DEPENDENT => ?a hasLevelOfEvidence LevelOfEvidence_C	zeppenfeld-2022-esc-guidelines-va-and-scd_n0077/na_0002 patientApplicability CONDITION_DEPENDENT => zeppenfeld-2022-esc-guidelines-va-and-scd_n0077/na_0002 hasLevelOfEvidence LevelOfEvidence_C
Rule_1126	?a patientApplicability CONDITION_DEPENDENT => ?a hasLevelOfEvidence LevelOfEvidence_C	zeppenfeld-2022-esc-guidelines-va-and-scd_n0072/na_0004 patientApplicability CONDITION_DEPENDENT => zeppenfeld-2022-esc-guidelines-va-and-scd_n0072/na_0004 hasLevelOfEvidence LevelOfEvidence_C
Rule_1126	?a patientApplicability CONDITION_DEPENDENT => ?a hasLevelOfEvidence LevelOfEvidence_C	pelliccia-2020-2020-esc-guidelines-on-sports-cardiology-and-exercise-in_n0076/na_0014 patientApplicability CONDITION_DEPENDENT => pelliccia-2020-2020-esc-guidelines-on-sports-cardiology-and-exercise-in_n0076/na_0014 hasLevelOfEvidence LevelOfEvidence_C
Rule_1126	?a patientApplicability CONDITION_DEPENDENT => ?a hasLevelOfEvidence LevelOfEvidence_C	regitz-zagrosek-2018-2018-esc-guideline-for-the-management-of-cardiovasc_n0023/na_0013 patientApplicability CONDITION_DEPENDENT => regitz-zagrosek-2018-2018-esc-guideline-for-the-management-of-cardiovasc_n0023/na_0013 hasLevelOfEvidence LevelOfEvidence_C
Rule_1126	?a patientApplicability CONDITION_DEPENDENT => ?a hasLevelOfEvidence LevelOfEvidence_C	visseren-2021-esc-guidelines-cardiovascular-disease-prevention_n0033/na_0007 patientApplicability CONDITION_DEPENDENT => visseren-2021-esc-guidelines-cardiovascular-disease-prevention_n0033/na_0007 hasLevelOfEvidence LevelOfEvidence_C
Rule_1126	?a patientApplicability CONDITION_DEPENDENT => ?a hasLevelOfEvidence LevelOfEvidence_C	zeppenfeld-2022-esc-guidelines-va-and-scd_n0077/na_0006 patientApplicability CONDITION_DEPENDENT => zeppenfeld-2022-esc-guidelines-va-and-scd_n0077/na_0006 hasLevelOfEvidence LevelOfEvidence_C
Rule_1126	?a patientApplicability CONDITION_DEPENDENT => ?a hasLevelOfEvidence LevelOfEvidence_C	zeppenfeld-2022-esc-guidelines-va-and-scd_n0093/na_0006 patientApplicability CONDITION_DEPENDENT => zeppenfeld-2022-esc-guidelines-va-and-scd_n0093/na_0006 hasLevelOfEvidence LevelOfEvidence_C
Rule_1126	?a patientApplicability CONDITION_DEPENDENT => ?a hasLevelOfEvidence LevelOfEvidence_C	zeppenfeld-2022-esc-guidelines-va-and-scd_n0094/na_0021 patientApplicability CONDITION_DEPENDENT => zeppenfeld-2022-esc-guidelines-va-and-scd_n0094/na_0021 hasLevelOfEvidence LevelOfEvidence_C
Rule_1126	?a patientApplicability CONDITION_DEPENDENT => ?a hasLevelOfEvidence LevelOfEvidence_C	zeppenfeld-2022-esc-guidelines-va-and-scd_n0036/na_0017 patientApplicability CONDITION_DEPENDENT => zeppenfeld-2022-esc-guidelines-va-and-scd_n0036/na_0017 hasLevelOfEvidence LevelOfEvidence_C
Rule_1126	?a patientApplicability CONDITION_DEPENDENT => ?a hasLevelOfEvidence LevelOfEvidence_C	zeppenfeld-2022-esc-guidelines-va-and-scd_n0095/na_0016 patientApplicability CONDITION_DEPENDENT => zeppenfeld-2022-esc-guidelines-va-and-scd_n0095/na_0016 hasLevelOfEvidence LevelOfEvidence_C
Rule_1126	?a patientApplicability CONDITION_DEPENDENT => ?a hasLevelOfEvidence LevelOfEvidence_C	zeppenfeld-2022-esc-guidelines-va-and-scd_n0060/na_0004 patientApplicability CONDITION_DEPENDENT => zeppenfeld-2022-esc-guidelines-va-and-scd_n0060/na_0004 hasLevelOfEvidence LevelOfEvidence_C
Rule_1126	?a patientApplicability CONDITION_DEPENDENT => ?a hasLevelOfEvidence LevelOfEvidence_C	pelliccia-2020-2020-esc-guidelines-on-sports-cardiology-and-exercise-in_n0044/na_0004 patientApplicability CONDITION_DEPENDENT => pelliccia-2020-2020-esc-guidelines-on-sports-cardiology-and-exercise-in_n0044/na_0004 hasLevelOfEvidence LevelOfEvidence_C
Rule_1126	?a patientApplicability CONDITION_DEPENDENT => ?a hasLevelOfEvidence LevelOfEvidence_C	mcdonagh-2023-esc-guidelines_n0031/na_0002 patientApplicability CONDITION_DEPENDENT => mcdonagh-2023-esc-guidelines_n0031/na_0002 hasLevelOfEvidence LevelOfEvidence_C
Rule_1126	?a patientApplicability CONDITION_DEPENDENT => ?a hasLevelOfEvidence LevelOfEvidence_C	zeppenfeld-2022-esc-guidelines-va-and-scd_n0077/na_0005 patientApplicability CONDITION_DEPENDENT => zeppenfeld-2022-esc-guidelines-va-and-scd_n0077/na_0005 hasLevelOfEvidence LevelOfEvidence_C
Rule_1126	?a patientApplicability CONDITION_DEPENDENT => ?a hasLevelOfEvidence LevelOfEvidence_C	regitz-zagrosek-2018-2018-esc-guideline-for-the-management-of-cardiovasc_n0025/na_0017 patientApplicability CONDITION_DEPENDENT => regitz-zagrosek-2018-2018-esc-guideline-for-the-management-of-cardiovasc_n0025/na_0017 hasLevelOfEvidence LevelOfEvidence_C
Rule_1126	?a patientApplicability CONDITION_DEPENDENT => ?a hasLevelOfEvidence LevelOfEvidence_C	glikson-2021-2021-esc-guidelines-on-cardiac-pacing-and-cardiac-resynchro_n0072/na_0008 patientApplicability CONDITION_DEPENDENT => glikson-2021-2021-esc-guidelines-on-cardiac-pacing-and-cardiac-resynchro_n0072/na_0008 hasLevelOfEvidence LevelOfEvidence_C
Rule_1126	?a patientApplicability CONDITION_DEPENDENT => ?a hasLevelOfEvidence LevelOfEvidence_C	mcdonagh-2023-esc-guidelines_n0050/na_0003 patientApplicability CONDITION_DEPENDENT => mcdonagh-2023-esc-guidelines_n0050/na_0003 hasLevelOfEvidence LevelOfEvidence_C
Rule_1126	?a patientApplicability CONDITION_DEPENDENT => ?a hasLevelOfEvidence LevelOfEvidence_C	visseren-2021-esc-guidelines-cardiovascular-disease-prevention_n0033/na_0012 patientApplicability CONDITION_DEPENDENT => visseren-2021-esc-guidelines-cardiovascular-disease-prevention_n0033/na_0012 hasLevelOfEvidence LevelOfEvidence_C
Rule_1126	?a patientApplicability CONDITION_DEPENDENT => ?a hasLevelOfEvidence LevelOfEvidence_C	regitz-zagrosek-2018-2018-esc-guideline-for-the-management-of-cardiovasc_n0023/na_0002 patientApplicability CONDITION_DEPENDENT => regitz-zagrosek-2018-2018-esc-guideline-for-the-management-of-cardiovasc_n0023/na_0002 hasLevelOfEvidence LevelOfEvidence_C
Rule_1126	?a patientApplicability CONDITION_DEPENDENT => ?a hasLevelOfEvidence LevelOfEvidence_C	glikson-2021-2021-esc-guidelines-on-cardiac-pacing-and-cardiac-resynchro_n0061/na_0005 patientApplicability CONDITION_DEPENDENT => glikson-2021-2021-esc-guidelines-on-cardiac-pacing-and-cardiac-resynchro_n0061/na_0005 hasLevelOfEvidence LevelOfEvidence_C
Rule_1126	?a patientApplicability CONDITION_DEPENDENT => ?a hasLevelOfEvidence LevelOfEvidence_C	pelliccia-2020-2020-esc-guidelines-on-sports-cardiology-and-exercise-in_n0060/na_0005 patientApplicability CONDITION_DEPENDENT => pelliccia-2020-2020-esc-guidelines-on-sports-cardiology-and-exercise-in_n0060/na_0005 hasLevelOfEvidence LevelOfEvidence_C
Rule_1126	?a patientApplicability CONDITION_DEPENDENT => ?a hasLevelOfEvidence LevelOfEvidence_C	zeppenfeld-2022-esc-guidelines-va-and-scd_n0085/na_0003 patientApplicability CONDITION_DEPENDENT => zeppenfeld-2022-esc-guidelines-va-and-scd_n0085/na_0003 hasLevelOfEvidence LevelOfEvidence_C
Rule_1126	?a patientApplicability CONDITION_DEPENDENT => ?a hasLevelOfEvidence LevelOfEvidence_C	zeppenfeld-2022-esc-guidelines-va-and-scd_n0094/na_0017 patientApplicability CONDITION_DEPENDENT => zeppenfeld-2022-esc-guidelines-va-and-scd_n0094/na_0017 hasLevelOfEvidence LevelOfEvidence_C
Rule_1126	?a patientApplicability CONDITION_DEPENDENT => ?a hasLevelOfEvidence LevelOfEvidence_C	pelliccia-2020-2020-esc-guidelines-on-sports-cardiology-and-exercise-in_n0044/na_0002 patientApplicability CONDITION_DEPENDENT => pelliccia-2020-2020-esc-guidelines-on-sports-cardiology-and-exercise-in_n0044/na_0002 hasLevelOfEvidence LevelOfEvidence_C
Rule_1126	?a patientApplicability CONDITION_DEPENDENT => ?a hasLevelOfEvidence LevelOfEvidence_C	mcdonagh-2023-esc-guidelines_n0095/na_0024 patientApplicability CONDITION_DEPENDENT => mcdonagh-2023-esc-guidelines_n0095/na_0024 hasLevelOfEvidence LevelOfEvidence_C
Rule_1126	?a patientApplicability CONDITION_DEPENDENT => ?a hasLevelOfEvidence LevelOfEvidence_C	regitz-zagrosek-2018-2018-esc-guideline-for-the-management-of-cardiovasc_n0016/na_0010 patientApplicability CONDITION_DEPENDENT => regitz-zagrosek-2018-2018-esc-guideline-for-the-management-of-cardiovasc_n0016/na_0010 hasLevelOfEvidence LevelOfEvidence_C
Rule_1126	?a patientApplicability CONDITION_DEPENDENT => ?a hasLevelOfEvidence LevelOfEvidence_C	regitz-zagrosek-2018-2018-esc-guideline-for-the-management-of-cardiovasc_n0022/na_0002 patientApplicability CONDITION_DEPENDENT => regitz-zagrosek-2018-2018-esc-guideline-for-the-management-of-cardiovasc_n0022/na_0002 hasLevelOfEvidence LevelOfEvidence_C
Rule_1126	?a patientApplicability CONDITION_DEPENDENT => ?a hasLevelOfEvidence LevelOfEvidence_C	pelliccia-2020-2020-esc-guidelines-on-sports-cardiology-and-exercise-in_n0054/na_0001 patientApplicability CONDITION_DEPENDENT => pelliccia-2020-2020-esc-guidelines-on-sports-cardiology-and-exercise-in_n0054/na_0001 hasLevelOfEvidence LevelOfEvidence_C
Rule_1126	?a patientApplicability CONDITION_DEPENDENT => ?a hasLevelOfEvidence LevelOfEvidence_C	regitz-zagrosek-2018-2018-esc-guideline-for-the-management-of-cardiovasc_n0022/na_0015 patientApplicability CONDITION_DEPENDENT => regitz-zagrosek-2018-2018-esc-guideline-for-the-management-of-cardiovasc_n0022/na_0015 hasLevelOfEvidence LevelOfEvidence_C
Rule_1126	?a patientApplicability CONDITION_DEPENDENT => ?a hasLevelOfEvidence LevelOfEvidence_C	zeppenfeld-2022-esc-guidelines-va-and-scd_n0096/na_0003 patientApplicability CONDITION_DEPENDENT => zeppenfeld-2022-esc-guidelines-va-and-scd_n0096/na_0003 hasLevelOfEvidence LevelOfEvidence_C
Rule_1126	?a patientApplicability CONDITION_DEPENDENT => ?a hasLevelOfEvidence LevelOfEvidence_C	pelliccia-2020-2020-esc-guidelines-on-sports-cardiology-and-exercise-in_n0057/na_0003 patientApplicability CONDITION_DEPENDENT => pelliccia-2020-2020-esc-guidelines-on-sports-cardiology-and-exercise-in_n0057/na_0003 hasLevelOfEvidence LevelOfEvidence_C
Rule_1126	?a patientApplicability CONDITION_DEPENDENT => ?a hasLevelOfEvidence LevelOfEvidence_C	mcdonagh-2023-esc-guidelines_n0095/na_0006 patientApplicability CONDITION_DEPENDENT => mcdonagh-2023-esc-guidelines_n0095/na_0006 hasLevelOfEvidence LevelOfEvidence_C
Rule_1126	?a patientApplicability CONDITION_DEPENDENT => ?a hasLevelOfEvidence LevelOfEvidence_C	zeppenfeld-2022-esc-guidelines-va-and-scd_n0079/na_0006 patientApplicability CONDITION_DEPENDENT => zeppenfeld-2022-esc-guidelines-va-and-scd_n0079/na_0006 hasLevelOfEvidence LevelOfEvidence_C
Rule_1126	?a patientApplicability CONDITION_DEPENDENT => ?a hasLevelOfEvidence LevelOfEvidence_C	mcdonagh-2023-esc-guidelines_n0095/na_0013 patientApplicability CONDITION_DEPENDENT => mcdonagh-2023-esc-guidelines_n0095/na_0013 hasLevelOfEvidence LevelOfEvidence_C
Rule_1126	?a patientApplicability CONDITION_DEPENDENT => ?a hasLevelOfEvidence LevelOfEvidence_C	regitz-zagrosek-2018-2018-esc-guideline-for-the-management-of-cardiovasc_n0025/na_0018 patientApplicability CONDITION_DEPENDENT => regitz-zagrosek-2018-2018-esc-guideline-for-the-management-of-cardiovasc_n0025/na_0018 hasLevelOfEvidence LevelOfEvidence_C
Rule_1126	?a patientApplicability CONDITION_DEPENDENT => ?a hasLevelOfEvidence LevelOfEvidence_C	zeppenfeld-2022-esc-guidelines-va-and-scd_n0094/na_0004 patientApplicability CONDITION_DEPENDENT => zeppenfeld-2022-esc-guidelines-va-and-scd_n0094/na_0004 hasLevelOfEvidence LevelOfEvidence_C
Rule_1126	?a patientApplicability CONDITION_DEPENDENT => ?a hasLevelOfEvidence LevelOfEvidence_C	regitz-zagrosek-2018-2018-esc-guideline-for-the-management-of-cardiovasc_n0023/na_0005 patientApplicability CONDITION_DEPENDENT => regitz-zagrosek-2018-2018-esc-guideline-for-the-management-of-cardiovasc_n0023/na_0005 hasLevelOfEvidence LevelOfEvidence_C
Rule_1126	?a patientApplicability CONDITION_DEPENDENT => ?a hasLevelOfEvidence LevelOfEvidence_C	zeppenfeld-2022-esc-guidelines-va-and-scd_n0068/na_0005 patientApplicability CONDITION_DEPENDENT => zeppenfeld-2022-esc-guidelines-va-and-scd_n0068/na_0005 hasLevelOfEvidence LevelOfEvidence_C
Rule_1126	?a patientApplicability CONDITION_DEPENDENT => ?a hasLevelOfEvidence LevelOfEvidence_C	regitz-zagrosek-2018-2018-esc-guideline-for-the-management-of-cardiovasc_n0050/na_0007 patientApplicability CONDITION_DEPENDENT => regitz-zagrosek-2018-2018-esc-guideline-for-the-management-of-cardiovasc_n0050/na_0007 hasLevelOfEvidence LevelOfEvidence_C
Rule_1126	?a patientApplicability CONDITION_DEPENDENT => ?a hasLevelOfEvidence LevelOfEvidence_C	regitz-zagrosek-2018-2018-esc-guideline-for-the-management-of-cardiovasc_n0020/na_0003 patientApplicability CONDITION_DEPENDENT => regitz-zagrosek-2018-2018-esc-guideline-for-the-management-of-cardiovasc_n0020/na_0003 hasLevelOfEvidence LevelOfEvidence_C
Rule_1126	?a patientApplicability CONDITION_DEPENDENT => ?a hasLevelOfEvidence LevelOfEvidence_C	zeppenfeld-2022-esc-guidelines-va-and-scd_n0093/na_0012 patientApplicability CONDITION_DEPENDENT => zeppenfeld-2022-esc-guidelines-va-and-scd_n0093/na_0012 hasLevelOfEvidence LevelOfEvidence_C
Rule_1126	?a patientApplicability CONDITION_DEPENDENT => ?a hasLevelOfEvidence LevelOfEvidence_C	regitz-zagrosek-2018-2018-esc-guideline-for-the-management-of-cardiovasc_n0050/na_0009 patientApplicability CONDITION_DEPENDENT => regitz-zagrosek-2018-2018-esc-guideline-for-the-management-of-cardiovasc_n0050/na_0009 hasLevelOfEvidence LevelOfEvidence_C
Rule_1126	?a patientApplicability CONDITION_DEPENDENT => ?a hasLevelOfEvidence LevelOfEvidence_C	pelliccia-2020-2020-esc-guidelines-on-sports-cardiology-and-exercise-in_n0074/na_0014 patientApplicability CONDITION_DEPENDENT => pelliccia-2020-2020-esc-guidelines-on-sports-cardiology-and-exercise-in_n0074/na_0014 hasLevelOfEvidence LevelOfEvidence_C
Rule_1126	?a patientApplicability CONDITION_DEPENDENT => ?a hasLevelOfEvidence LevelOfEvidence_C	glikson-2021-2021-esc-guidelines-on-cardiac-pacing-and-cardiac-resynchro_n0020/na_0061 patientApplicability CONDITION_DEPENDENT => glikson-2021-2021-esc-guidelines-on-cardiac-pacing-and-cardiac-resynchro_n0020/na_0061 hasLevelOfEvidence LevelOfEvidence_C
Rule_1126	?a patientApplicability CONDITION_DEPENDENT => ?a hasLevelOfEvidence LevelOfEvidence_C	mcdonagh-2023-esc-guidelines_n0096/na_0001 patientApplicability CONDITION_DEPENDENT => mcdonagh-2023-esc-guidelines_n0096/na_0001 hasLevelOfEvidence LevelOfEvidence_C
Rule_1126	?a patientApplicability CONDITION_DEPENDENT => ?a hasLevelOfEvidence LevelOfEvidence_C	mcdonagh-2023-esc-guidelines_n0031/na_0009 patientApplicability CONDITION_DEPENDENT => mcdonagh-2023-esc-guidelines_n0031/na_0009 hasLevelOfEvidence LevelOfEvidence_C
Rule_1126	?a patientApplicability CONDITION_DEPENDENT => ?a hasLevelOfEvidence LevelOfEvidence_C	zeppenfeld-2022-esc-guidelines-va-and-scd_n0081/na_0011 patientApplicability CONDITION_DEPENDENT => zeppenfeld-2022-esc-guidelines-va-and-scd_n0081/na_0011 hasLevelOfEvidence LevelOfEvidence_C
Rule_1126	?a patientApplicability CONDITION_DEPENDENT => ?a hasLevelOfEvidence LevelOfEvidence_C	regitz-zagrosek-2018-2018-esc-guideline-for-the-management-of-cardiovasc_n0027/na_0004 patientApplicability CONDITION_DEPENDENT => regitz-zagrosek-2018-2018-esc-guideline-for-the-management-of-cardiovasc_n0027/na_0004 hasLevelOfEvidence LevelOfEvidence_C
Rule_1126	?a patientApplicability CONDITION_DEPENDENT => ?a hasLevelOfEvidence LevelOfEvidence_C	glikson-2021-2021-esc-guidelines-on-cardiac-pacing-and-cardiac-resynchro_n0063/na_0004 patientApplicability CONDITION_DEPENDENT => glikson-2021-2021-esc-guidelines-on-cardiac-pacing-and-cardiac-resynchro_n0063/na_0004 hasLevelOfEvidence LevelOfEvidence_C
Rule_1126	?a patientApplicability CONDITION_DEPENDENT => ?a hasLevelOfEvidence LevelOfEvidence_C	visseren-2021-esc-guidelines-cardiovascular-disease-prevention_n0027/na_0006 patientApplicability CONDITION_DEPENDENT => visseren-2021-esc-guidelines-cardiovascular-disease-prevention_n0027/na_0006 hasLevelOfEvidence LevelOfEvidence_C
Rule_1126	?a patientApplicability CONDITION_DEPENDENT => ?a hasLevelOfEvidence LevelOfEvidence_C	regitz-zagrosek-2018-2018-esc-guideline-for-the-management-of-cardiovasc_n0022/na_0009 patientApplicability CONDITION_DEPENDENT => regitz-zagrosek-2018-2018-esc-guideline-for-the-management-of-cardiovasc_n0022/na_0009 hasLevelOfEvidence LevelOfEvidence_C
Rule_1126	?a patientApplicability CONDITION_DEPENDENT => ?a hasLevelOfEvidence LevelOfEvidence_C	regitz-zagrosek-2018-2018-esc-guideline-for-the-management-of-cardiovasc_n0027/na_0001 patientApplicability CONDITION_DEPENDENT => regitz-zagrosek-2018-2018-esc-guideline-for-the-management-of-cardiovasc_n0027/na_0001 hasLevelOfEvidence LevelOfEvidence_C
Rule_1126	?a patientApplicability CONDITION_DEPENDENT => ?a hasLevelOfEvidence LevelOfEvidence_C	zeppenfeld-2022-esc-guidelines-va-and-scd_n0097/na_0009 patientApplicability CONDITION_DEPENDENT => zeppenfeld-2022-esc-guidelines-va-and-scd_n0097/na_0009 hasLevelOfEvidence LevelOfEvidence_C
Rule_1126	?a patientApplicability CONDITION_DEPENDENT => ?a hasLevelOfEvidence LevelOfEvidence_C	zeppenfeld-2022-esc-guidelines-va-and-scd_n0062/na_0007 patientApplicability CONDITION_DEPENDENT => zeppenfeld-2022-esc-guidelines-va-and-scd_n0062/na_0007 hasLevelOfEvidence LevelOfEvidence_C
Rule_1126	?a patientApplicability CONDITION_DEPENDENT => ?a hasLevelOfEvidence LevelOfEvidence_C	zeppenfeld-2022-esc-guidelines-va-and-scd_n0072/na_0003 patientApplicability CONDITION_DEPENDENT => zeppenfeld-2022-esc-guidelines-va-and-scd_n0072/na_0003 hasLevelOfEvidence LevelOfEvidence_C
Rule_1126	?a patientApplicability CONDITION_DEPENDENT => ?a hasLevelOfEvidence LevelOfEvidence_C	mcdonagh-2023-esc-guidelines_n0097/na_0008 patientApplicability CONDITION_DEPENDENT => mcdonagh-2023-esc-guidelines_n0097/na_0008 hasLevelOfEvidence LevelOfEvidence_C
Rule_1126	?a patientApplicability CONDITION_DEPENDENT => ?a hasLevelOfEvidence LevelOfEvidence_C	zeppenfeld-2022-esc-guidelines-va-and-scd_n0074/na_0001 patientApplicability CONDITION_DEPENDENT => zeppenfeld-2022-esc-guidelines-va-and-scd_n0074/na_0001 hasLevelOfEvidence LevelOfEvidence_C
Rule_1126	?a patientApplicability CONDITION_DEPENDENT => ?a hasLevelOfEvidence LevelOfEvidence_C	mcdonagh-2023-esc-guidelines_n0031/na_0003 patientApplicability CONDITION_DEPENDENT => mcdonagh-2023-esc-guidelines_n0031/na_0003 hasLevelOfEvidence LevelOfEvidence_C
Rule_1126	?a patientApplicability CONDITION_DEPENDENT => ?a hasLevelOfEvidence LevelOfEvidence_C	glikson-2021-2021-esc-guidelines-on-cardiac-pacing-and-cardiac-resynchro_n0085/na_0010 patientApplicability CONDITION_DEPENDENT => glikson-2021-2021-esc-guidelines-on-cardiac-pacing-and-cardiac-resynchro_n0085/na_0010 hasLevelOfEvidence LevelOfEvidence_C
Rule_1126	?a patientApplicability CONDITION_DEPENDENT => ?a hasLevelOfEvidence LevelOfEvidence_C	mcdonagh-2023-esc-guidelines_n0035/na_0008 patientApplicability CONDITION_DEPENDENT => mcdonagh-2023-esc-guidelines_n0035/na_0008 hasLevelOfEvidence LevelOfEvidence_C
Rule_1126	?a patientApplicability CONDITION_DEPENDENT => ?a hasLevelOfEvidence LevelOfEvidence_C	zeppenfeld-2022-esc-guidelines-va-and-scd_n0052/na_0005 patientApplicability CONDITION_DEPENDENT => zeppenfeld-2022-esc-guidelines-va-and-scd_n0052/na_0005 hasLevelOfEvidence LevelOfEvidence_C
Rule_1126	?a patientApplicability CONDITION_DEPENDENT => ?a hasLevelOfEvidence LevelOfEvidence_C	zeppenfeld-2022-esc-guidelines-va-and-scd_n0062/na_0010 patientApplicability CONDITION_DEPENDENT => zeppenfeld-2022-esc-guidelines-va-and-scd_n0062/na_0010 hasLevelOfEvidence LevelOfEvidence_C
Rule_1126	?a patientApplicability CONDITION_DEPENDENT => ?a hasLevelOfEvidence LevelOfEvidence_C	pelliccia-2020-2020-esc-guidelines-on-sports-cardiology-and-exercise-in_n0064/na_0002 patientApplicability CONDITION_DEPENDENT => pelliccia-2020-2020-esc-guidelines-on-sports-cardiology-and-exercise-in_n0064/na_0002 hasLevelOfEvidence LevelOfEvidence_C
Rule_1126	?a patientApplicability CONDITION_DEPENDENT => ?a hasLevelOfEvidence LevelOfEvidence_C	glikson-2021-2021-esc-guidelines-on-cardiac-pacing-and-cardiac-resynchro_n0061/na_0003 patientApplicability CONDITION_DEPENDENT => glikson-2021-2021-esc-guidelines-on-cardiac-pacing-and-cardiac-resynchro_n0061/na_0003 hasLevelOfEvidence LevelOfEvidence_C
Rule_1126	?a patientApplicability CONDITION_DEPENDENT => ?a hasLevelOfEvidence LevelOfEvidence_C	zeppenfeld-2022-esc-guidelines-va-and-scd_n0083/na_0002 patientApplicability CONDITION_DEPENDENT => zeppenfeld-2022-esc-guidelines-va-and-scd_n0083/na_0002 hasLevelOfEvidence LevelOfEvidence_C
Rule_1126	?a patientApplicability CONDITION_DEPENDENT => ?a hasLevelOfEvidence LevelOfEvidence_C	glikson-2021-2021-esc-guidelines-on-cardiac-pacing-and-cardiac-resynchro_n0061/na_0001 patientApplicability CONDITION_DEPENDENT => glikson-2021-2021-esc-guidelines-on-cardiac-pacing-and-cardiac-resynchro_n0061/na_0001 hasLevelOfEvidence LevelOfEvidence_C
Rule_1126	?a patientApplicability CONDITION_DEPENDENT => ?a hasLevelOfEvidence LevelOfEvidence_C	regitz-zagrosek-2018-2018-esc-guideline-for-the-management-of-cardiovasc_n0022/na_0013 patientApplicability CONDITION_DEPENDENT => regitz-zagrosek-2018-2018-esc-guideline-for-the-management-of-cardiovasc_n0022/na_0013 hasLevelOfEvidence LevelOfEvidence_C
Rule_1126	?a patientApplicability CONDITION_DEPENDENT => ?a hasLevelOfEvidence LevelOfEvidence_C	regitz-zagrosek-2018-2018-esc-guideline-for-the-management-of-cardiovasc_n0028/na_0005 patientApplicability CONDITION_DEPENDENT => regitz-zagrosek-2018-2018-esc-guideline-for-the-management-of-cardiovasc_n0028/na_0005 hasLevelOfEvidence LevelOfEvidence_C
Rule_1126	?a patientApplicability CONDITION_DEPENDENT => ?a hasLevelOfEvidence LevelOfEvidence_C	glikson-2021-2021-esc-guidelines-on-cardiac-pacing-and-cardiac-resynchro_n0020/na_0014 patientApplicability CONDITION_DEPENDENT => glikson-2021-2021-esc-guidelines-on-cardiac-pacing-and-cardiac-resynchro_n0020/na_0014 hasLevelOfEvidence LevelOfEvidence_C
Rule_1126	?a patientApplicability CONDITION_DEPENDENT => ?a hasLevelOfEvidence LevelOfEvidence_C	mcdonagh-2023-esc-guidelines_n0076/na_0002 patientApplicability CONDITION_DEPENDENT => mcdonagh-2023-esc-guidelines_n0076/na_0002 hasLevelOfEvidence LevelOfEvidence_C
Rule_1126	?a patientApplicability CONDITION_DEPENDENT => ?a hasLevelOfEvidence LevelOfEvidence_C	zeppenfeld-2022-esc-guidelines-va-and-scd_n0096/na_0008 patientApplicability CONDITION_DEPENDENT => zeppenfeld-2022-esc-guidelines-va-and-scd_n0096/na_0008 hasLevelOfEvidence LevelOfEvidence_C
Rule_1126	?a patientApplicability CONDITION_DEPENDENT => ?a hasLevelOfEvidence LevelOfEvidence_C	glikson-2021-2021-esc-guidelines-on-cardiac-pacing-and-cardiac-resynchro_n0020/na_0054 patientApplicability CONDITION_DEPENDENT => glikson-2021-2021-esc-guidelines-on-cardiac-pacing-and-cardiac-resynchro_n0020/na_0054 hasLevelOfEvidence LevelOfEvidence_C
Rule_1126	?a patientApplicability CONDITION_DEPENDENT => ?a hasLevelOfEvidence LevelOfEvidence_C	glikson-2021-2021-esc-guidelines-on-cardiac-pacing-and-cardiac-resynchro_n0080/na_0002 patientApplicability CONDITION_DEPENDENT => glikson-2021-2021-esc-guidelines-on-cardiac-pacing-and-cardiac-resynchro_n0080/na_0002 hasLevelOfEvidence LevelOfEvidence_C
Rule_1126	?a patientApplicability CONDITION_DEPENDENT => ?a hasLevelOfEvidence LevelOfEvidence_C	zeppenfeld-2022-esc-guidelines-va-and-scd_n0036/na_0003 patientApplicability CONDITION_DEPENDENT => zeppenfeld-2022-esc-guidelines-va-and-scd_n0036/na_0003 hasLevelOfEvidence LevelOfEvidence_C
Rule_1126	?a patientApplicability CONDITION_DEPENDENT => ?a hasLevelOfEvidence LevelOfEvidence_C	zeppenfeld-2022-esc-guidelines-va-and-scd_n0092/na_0006 patientApplicability CONDITION_DEPENDENT => zeppenfeld-2022-esc-guidelines-va-and-scd_n0092/na_0006 hasLevelOfEvidence LevelOfEvidence_C
Rule_1126	?a patientApplicability CONDITION_DEPENDENT => ?a hasLevelOfEvidence LevelOfEvidence_C	pelliccia-2020-2020-esc-guidelines-on-sports-cardiology-and-exercise-in_n0077/na_0005 patientApplicability CONDITION_DEPENDENT => pelliccia-2020-2020-esc-guidelines-on-sports-cardiology-and-exercise-in_n0077/na_0005 hasLevelOfEvidence LevelOfEvidence_C
Rule_1126	?a patientApplicability CONDITION_DEPENDENT => ?a hasLevelOfEvidence LevelOfEvidence_C	zeppenfeld-2022-esc-guidelines-va-and-scd_n0094/na_0010 patientApplicability CONDITION_DEPENDENT => zeppenfeld-2022-esc-guidelines-va-and-scd_n0094/na_0010 hasLevelOfEvidence LevelOfEvidence_C
Rule_1126	?a patientApplicability CONDITION_DEPENDENT => ?a hasLevelOfEvidence LevelOfEvidence_C	zeppenfeld-2022-esc-guidelines-va-and-scd_n0085/na_0001 patientApplicability CONDITION_DEPENDENT => zeppenfeld-2022-esc-guidelines-va-and-scd_n0085/na_0001 hasLevelOfEvidence LevelOfEvidence_C
Rule_1126	?a patientApplicability CONDITION_DEPENDENT => ?a hasLevelOfEvidence LevelOfEvidence_C	regitz-zagrosek-2018-2018-esc-guideline-for-the-management-of-cardiovasc_n0029/na_0014 patientApplicability CONDITION_DEPENDENT => regitz-zagrosek-2018-2018-esc-guideline-for-the-management-of-cardiovasc_n0029/na_0014 hasLevelOfEvidence LevelOfEvidence_C
Rule_1126	?a patientApplicability CONDITION_DEPENDENT => ?a hasLevelOfEvidence LevelOfEvidence_C	glikson-2021-2021-esc-guidelines-on-cardiac-pacing-and-cardiac-resynchro_n0057/na_0003 patientApplicability CONDITION_DEPENDENT => glikson-2021-2021-esc-guidelines-on-cardiac-pacing-and-cardiac-resynchro_n0057/na_0003 hasLevelOfEvidence LevelOfEvidence_C
Rule_1126	?a patientApplicability CONDITION_DEPENDENT => ?a hasLevelOfEvidence LevelOfEvidence_C	zeppenfeld-2022-esc-guidelines-va-and-scd_n0095/na_0025 patientApplicability CONDITION_DEPENDENT => zeppenfeld-2022-esc-guidelines-va-and-scd_n0095/na_0025 hasLevelOfEvidence LevelOfEvidence_C
Rule_1126	?a patientApplicability CONDITION_DEPENDENT => ?a hasLevelOfEvidence LevelOfEvidence_C	zeppenfeld-2022-esc-guidelines-va-and-scd_n0092/na_0019 patientApplicability CONDITION_DEPENDENT => zeppenfeld-2022-esc-guidelines-va-and-scd_n0092/na_0019 hasLevelOfEvidence LevelOfEvidence_C
Rule_1126	?a patientApplicability CONDITION_DEPENDENT => ?a hasLevelOfEvidence LevelOfEvidence_C	mcdonagh-2023-esc-guidelines_n0097/na_0012 patientApplicability CONDITION_DEPENDENT => mcdonagh-2023-esc-guidelines_n0097/na_0012 hasLevelOfEvidence LevelOfEvidence_C
Rule_1126	?a patientApplicability CONDITION_DEPENDENT => ?a hasLevelOfEvidence LevelOfEvidence_C	glikson-2021-2021-esc-guidelines-on-cardiac-pacing-and-cardiac-resynchro_n0061/na_0009 patientApplicability CONDITION_DEPENDENT => glikson-2021-2021-esc-guidelines-on-cardiac-pacing-and-cardiac-resynchro_n0061/na_0009 hasLevelOfEvidence LevelOfEvidence_C
Rule_1126	?a patientApplicability CONDITION_DEPENDENT => ?a hasLevelOfEvidence LevelOfEvidence_C	zeppenfeld-2022-esc-guidelines-va-and-scd_n0096/na_0006 patientApplicability CONDITION_DEPENDENT => zeppenfeld-2022-esc-guidelines-va-and-scd_n0096/na_0006 hasLevelOfEvidence LevelOfEvidence_C
Rule_1126	?a patientApplicability CONDITION_DEPENDENT => ?a hasLevelOfEvidence LevelOfEvidence_C	glikson-2021-2021-esc-guidelines-on-cardiac-pacing-and-cardiac-resynchro_n0046/na_0005 patientApplicability CONDITION_DEPENDENT => glikson-2021-2021-esc-guidelines-on-cardiac-pacing-and-cardiac-resynchro_n0046/na_0005 hasLevelOfEvidence LevelOfEvidence_C
Rule_1126	?a patientApplicability CONDITION_DEPENDENT => ?a hasLevelOfEvidence LevelOfEvidence_C	pelliccia-2020-2020-esc-guidelines-on-sports-cardiology-and-exercise-in_n0041/na_0001 patientApplicability CONDITION_DEPENDENT => pelliccia-2020-2020-esc-guidelines-on-sports-cardiology-and-exercise-in_n0041/na_0001 hasLevelOfEvidence LevelOfEvidence_C
Rule_1126	?a patientApplicability CONDITION_DEPENDENT => ?a hasLevelOfEvidence LevelOfEvidence_C	pelliccia-2020-2020-esc-guidelines-on-sports-cardiology-and-exercise-in_n0073/na_0005 patientApplicability CONDITION_DEPENDENT => pelliccia-2020-2020-esc-guidelines-on-sports-cardiology-and-exercise-in_n0073/na_0005 hasLevelOfEvidence LevelOfEvidence_C
Rule_1126	?a patientApplicability CONDITION_DEPENDENT => ?a hasLevelOfEvidence LevelOfEvidence_C	zeppenfeld-2022-esc-guidelines-va-and-scd_n0047/na_0001 patientApplicability CONDITION_DEPENDENT => zeppenfeld-2022-esc-guidelines-va-and-scd_n0047/na_0001 hasLevelOfEvidence LevelOfEvidence_C
Rule_1126	?a patientApplicability CONDITION_DEPENDENT => ?a hasLevelOfEvidence LevelOfEvidence_C	zeppenfeld-2022-esc-guidelines-va-and-scd_n0057/na_0006 patientApplicability CONDITION_DEPENDENT => zeppenfeld-2022-esc-guidelines-va-and-scd_n0057/na_0006 hasLevelOfEvidence LevelOfEvidence_C
Rule_1126	?a patientApplicability CONDITION_DEPENDENT => ?a hasLevelOfEvidence LevelOfEvidence_C	glikson-2021-2021-esc-guidelines-on-cardiac-pacing-and-cardiac-resynchro_n0052/na_0004 patientApplicability CONDITION_DEPENDENT => glikson-2021-2021-esc-guidelines-on-cardiac-pacing-and-cardiac-resynchro_n0052/na_0004 hasLevelOfEvidence LevelOfEvidence_C
Rule_1126	?a patientApplicability CONDITION_DEPENDENT => ?a hasLevelOfEvidence LevelOfEvidence_C	zeppenfeld-2022-esc-guidelines-va-and-scd_n0074/na_0005 patientApplicability CONDITION_DEPENDENT => zeppenfeld-2022-esc-guidelines-va-and-scd_n0074/na_0005 hasLevelOfEvidence LevelOfEvidence_C
Rule_1126	?a patientApplicability CONDITION_DEPENDENT => ?a hasLevelOfEvidence LevelOfEvidence_C	zeppenfeld-2022-esc-guidelines-va-and-scd_n0079/na_0005 patientApplicability CONDITION_DEPENDENT => zeppenfeld-2022-esc-guidelines-va-and-scd_n0079/na_0005 hasLevelOfEvidence LevelOfEvidence_C
Rule_1126	?a patientApplicability CONDITION_DEPENDENT => ?a hasLevelOfEvidence LevelOfEvidence_C	zeppenfeld-2022-esc-guidelines-va-and-scd_n0044/na_0001 patientApplicability CONDITION_DEPENDENT => zeppenfeld-2022-esc-guidelines-va-and-scd_n0044/na_0001 hasLevelOfEvidence LevelOfEvidence_C
Rule_1126	?a patientApplicability CONDITION_DEPENDENT => ?a hasLevelOfEvidence LevelOfEvidence_C	regitz-zagrosek-2018-2018-esc-guideline-for-the-management-of-cardiovasc_n0025/na_0011 patientApplicability CONDITION_DEPENDENT => regitz-zagrosek-2018-2018-esc-guideline-for-the-management-of-cardiovasc_n0025/na_0011 hasLevelOfEvidence LevelOfEvidence_C
Rule_1126	?a patientApplicability CONDITION_DEPENDENT => ?a hasLevelOfEvidence LevelOfEvidence_C	regitz-zagrosek-2018-2018-esc-guideline-for-the-management-of-cardiovasc_n0023/na_0007 patientApplicability CONDITION_DEPENDENT => regitz-zagrosek-2018-2018-esc-guideline-for-the-management-of-cardiovasc_n0023/na_0007 hasLevelOfEvidence LevelOfEvidence_C
Rule_1126	?a patientApplicability CONDITION_DEPENDENT => ?a hasLevelOfEvidence LevelOfEvidence_C	zeppenfeld-2022-esc-guidelines-va-and-scd_n0081/na_0007 patientApplicability CONDITION_DEPENDENT => zeppenfeld-2022-esc-guidelines-va-and-scd_n0081/na_0007 hasLevelOfEvidence LevelOfEvidence_C
Rule_1126	?a patientApplicability CONDITION_DEPENDENT => ?a hasLevelOfEvidence LevelOfEvidence_C	zeppenfeld-2022-esc-guidelines-va-and-scd_n0096/na_0022 patientApplicability CONDITION_DEPENDENT => zeppenfeld-2022-esc-guidelines-va-and-scd_n0096/na_0022 hasLevelOfEvidence LevelOfEvidence_C
Rule_1126	?a patientApplicability CONDITION_DEPENDENT => ?a hasLevelOfEvidence LevelOfEvidence_C	regitz-zagrosek-2018-2018-esc-guideline-for-the-management-of-cardiovasc_n0022/na_0016 patientApplicability CONDITION_DEPENDENT => regitz-zagrosek-2018-2018-esc-guideline-for-the-management-of-cardiovasc_n0022/na_0016 hasLevelOfEvidence LevelOfEvidence_C
Rule_1126	?a patientApplicability CONDITION_DEPENDENT => ?a hasLevelOfEvidence LevelOfEvidence_C	glikson-2021-2021-esc-guidelines-on-cardiac-pacing-and-cardiac-resynchro_n0061/na_0006 patientApplicability CONDITION_DEPENDENT => glikson-2021-2021-esc-guidelines-on-cardiac-pacing-and-cardiac-resynchro_n0061/na_0006 hasLevelOfEvidence LevelOfEvidence_C
Rule_1126	?a patientApplicability CONDITION_DEPENDENT => ?a hasLevelOfEvidence LevelOfEvidence_C	glikson-2021-2021-esc-guidelines-on-cardiac-pacing-and-cardiac-resynchro_n0020/na_0051 patientApplicability CONDITION_DEPENDENT => glikson-2021-2021-esc-guidelines-on-cardiac-pacing-and-cardiac-resynchro_n0020/na_0051 hasLevelOfEvidence LevelOfEvidence_C
Rule_1126	?a patientApplicability CONDITION_DEPENDENT => ?a hasLevelOfEvidence LevelOfEvidence_C	mcdonagh-2023-esc-guidelines_n0072/na_0002 patientApplicability CONDITION_DEPENDENT => mcdonagh-2023-esc-guidelines_n0072/na_0002 hasLevelOfEvidence LevelOfEvidence_C
Rule_1126	?a patientApplicability CONDITION_DEPENDENT => ?a hasLevelOfEvidence LevelOfEvidence_C	zeppenfeld-2022-esc-guidelines-va-and-scd_n0086/na_0004 patientApplicability CONDITION_DEPENDENT => zeppenfeld-2022-esc-guidelines-va-and-scd_n0086/na_0004 hasLevelOfEvidence LevelOfEvidence_C
Rule_1126	?a patientApplicability CONDITION_DEPENDENT => ?a hasLevelOfEvidence LevelOfEvidence_C	glikson-2021-2021-esc-guidelines-on-cardiac-pacing-and-cardiac-resynchro_n0020/na_0043 patientApplicability CONDITION_DEPENDENT => glikson-2021-2021-esc-guidelines-on-cardiac-pacing-and-cardiac-resynchro_n0020/na_0043 hasLevelOfEvidence LevelOfEvidence_C
Rule_1126	?a patientApplicability CONDITION_DEPENDENT => ?a hasLevelOfEvidence LevelOfEvidence_C	zeppenfeld-2022-esc-guidelines-va-and-scd_n0082/na_0011 patientApplicability CONDITION_DEPENDENT => zeppenfeld-2022-esc-guidelines-va-and-scd_n0082/na_0011 hasLevelOfEvidence LevelOfEvidence_C
Rule_1126	?a patientApplicability CONDITION_DEPENDENT => ?a hasLevelOfEvidence LevelOfEvidence_C	zeppenfeld-2022-esc-guidelines-va-and-scd_n0097/na_0010 patientApplicability CONDITION_DEPENDENT => zeppenfeld-2022-esc-guidelines-va-and-scd_n0097/na_0010 hasLevelOfEvidence LevelOfEvidence_C
Rule_1126	?a patientApplicability CONDITION_DEPENDENT => ?a hasLevelOfEvidence LevelOfEvidence_C	zeppenfeld-2022-esc-guidelines-va-and-scd_n0082/na_0003 patientApplicability CONDITION_DEPENDENT => zeppenfeld-2022-esc-guidelines-va-and-scd_n0082/na_0003 hasLevelOfEvidence LevelOfEvidence_C
Rule_1126	?a patientApplicability CONDITION_DEPENDENT => ?a hasLevelOfEvidence LevelOfEvidence_C	mcdonagh-2023-esc-guidelines_n0072/na_0001 patientApplicability CONDITION_DEPENDENT => mcdonagh-2023-esc-guidelines_n0072/na_0001 hasLevelOfEvidence LevelOfEvidence_C
Rule_1126	?a patientApplicability CONDITION_DEPENDENT => ?a hasLevelOfEvidence LevelOfEvidence_C	regitz-zagrosek-2018-2018-esc-guideline-for-the-management-of-cardiovasc_n0016/na_0003 patientApplicability CONDITION_DEPENDENT => regitz-zagrosek-2018-2018-esc-guideline-for-the-management-of-cardiovasc_n0016/na_0003 hasLevelOfEvidence LevelOfEvidence_C
Rule_1126	?a patientApplicability CONDITION_DEPENDENT => ?a hasLevelOfEvidence LevelOfEvidence_C	glikson-2021-2021-esc-guidelines-on-cardiac-pacing-and-cardiac-resynchro_n0085/na_0024 patientApplicability CONDITION_DEPENDENT => glikson-2021-2021-esc-guidelines-on-cardiac-pacing-and-cardiac-resynchro_n0085/na_0024 hasLevelOfEvidence LevelOfEvidence_C
Rule_1126	?a patientApplicability CONDITION_DEPENDENT => ?a hasLevelOfEvidence LevelOfEvidence_C	glikson-2021-2021-esc-guidelines-on-cardiac-pacing-and-cardiac-resynchro_n0020/na_0053 patientApplicability CONDITION_DEPENDENT => glikson-2021-2021-esc-guidelines-on-cardiac-pacing-and-cardiac-resynchro_n0020/na_0053 hasLevelOfEvidence LevelOfEvidence_C
Rule_1126	?a patientApplicability CONDITION_DEPENDENT => ?a hasLevelOfEvidence LevelOfEvidence_C	zeppenfeld-2022-esc-guidelines-va-and-scd_n0082/na_0010 patientApplicability CONDITION_DEPENDENT => zeppenfeld-2022-esc-guidelines-va-and-scd_n0082/na_0010 hasLevelOfEvidence LevelOfEvidence_C
Rule_1126	?a patientApplicability CONDITION_DEPENDENT => ?a hasLevelOfEvidence LevelOfEvidence_C	regitz-zagrosek-2018-2018-esc-guideline-for-the-management-of-cardiovasc_n0020/na_0001 patientApplicability CONDITION_DEPENDENT => regitz-zagrosek-2018-2018-esc-guideline-for-the-management-of-cardiovasc_n0020/na_0001 hasLevelOfEvidence LevelOfEvidence_C
Rule_1126	?a patientApplicability CONDITION_DEPENDENT => ?a hasLevelOfEvidence LevelOfEvidence_C	glikson-2021-2021-esc-guidelines-on-cardiac-pacing-and-cardiac-resynchro_n0020/na_0055 patientApplicability CONDITION_DEPENDENT => glikson-2021-2021-esc-guidelines-on-cardiac-pacing-and-cardiac-resynchro_n0020/na_0055 hasLevelOfEvidence LevelOfEvidence_C
Rule_1126	?a patientApplicability CONDITION_DEPENDENT => ?a hasLevelOfEvidence LevelOfEvidence_C	zeppenfeld-2022-esc-guidelines-va-and-scd_n0096/na_0026 patientApplicability CONDITION_DEPENDENT => zeppenfeld-2022-esc-guidelines-va-and-scd_n0096/na_0026 hasLevelOfEvidence LevelOfEvidence_C
Rule_1126	?a patientApplicability CONDITION_DEPENDENT => ?a hasLevelOfEvidence LevelOfEvidence_C	zeppenfeld-2022-esc-guidelines-va-and-scd_n0036/na_0010 patientApplicability CONDITION_DEPENDENT => zeppenfeld-2022-esc-guidelines-va-and-scd_n0036/na_0010 hasLevelOfEvidence LevelOfEvidence_C
Rule_1126	?a patientApplicability CONDITION_DEPENDENT => ?a hasLevelOfEvidence LevelOfEvidence_C	glikson-2021-2021-esc-guidelines-on-cardiac-pacing-and-cardiac-resynchro_n0020/na_0009 patientApplicability CONDITION_DEPENDENT => glikson-2021-2021-esc-guidelines-on-cardiac-pacing-and-cardiac-resynchro_n0020/na_0009 hasLevelOfEvidence LevelOfEvidence_C
Rule_1126	?a patientApplicability CONDITION_DEPENDENT => ?a hasLevelOfEvidence LevelOfEvidence_C	zeppenfeld-2022-esc-guidelines-va-and-scd_n0096/na_0024 patientApplicability CONDITION_DEPENDENT => zeppenfeld-2022-esc-guidelines-va-and-scd_n0096/na_0024 hasLevelOfEvidence LevelOfEvidence_C
Rule_1126	?a patientApplicability CONDITION_DEPENDENT => ?a hasLevelOfEvidence LevelOfEvidence_C	glikson-2021-2021-esc-guidelines-on-cardiac-pacing-and-cardiac-resynchro_n0020/na_0081 patientApplicability CONDITION_DEPENDENT => glikson-2021-2021-esc-guidelines-on-cardiac-pacing-and-cardiac-resynchro_n0020/na_0081 hasLevelOfEvidence LevelOfEvidence_C
Rule_1126	?a patientApplicability CONDITION_DEPENDENT => ?a hasLevelOfEvidence LevelOfEvidence_C	glikson-2021-2021-esc-guidelines-on-cardiac-pacing-and-cardiac-resynchro_n0020/na_0058 patientApplicability CONDITION_DEPENDENT => glikson-2021-2021-esc-guidelines-on-cardiac-pacing-and-cardiac-resynchro_n0020/na_0058 hasLevelOfEvidence LevelOfEvidence_C
Rule_1126	?a patientApplicability CONDITION_DEPENDENT => ?a hasLevelOfEvidence LevelOfEvidence_C	pelliccia-2020-2020-esc-guidelines-on-sports-cardiology-and-exercise-in_n0061/na_0002 patientApplicability CONDITION_DEPENDENT => pelliccia-2020-2020-esc-guidelines-on-sports-cardiology-and-exercise-in_n0061/na_0002 hasLevelOfEvidence LevelOfEvidence_C
Rule_1126	?a patientApplicability CONDITION_DEPENDENT => ?a hasLevelOfEvidence LevelOfEvidence_C	pelliccia-2020-2020-esc-guidelines-on-sports-cardiology-and-exercise-in_n0066/na_0005 patientApplicability CONDITION_DEPENDENT => pelliccia-2020-2020-esc-guidelines-on-sports-cardiology-and-exercise-in_n0066/na_0005 hasLevelOfEvidence LevelOfEvidence_C
Rule_1126	?a patientApplicability CONDITION_DEPENDENT => ?a hasLevelOfEvidence LevelOfEvidence_C	mcdonagh-2023-esc-guidelines_n0096/na_0012 patientApplicability CONDITION_DEPENDENT => mcdonagh-2023-esc-guidelines_n0096/na_0012 hasLevelOfEvidence LevelOfEvidence_C
Rule_1126	?a patientApplicability CONDITION_DEPENDENT => ?a hasLevelOfEvidence LevelOfEvidence_C	glikson-2021-2021-esc-guidelines-on-cardiac-pacing-and-cardiac-resynchro_n0035/na_0001 patientApplicability CONDITION_DEPENDENT => glikson-2021-2021-esc-guidelines-on-cardiac-pacing-and-cardiac-resynchro_n0035/na_0001 hasLevelOfEvidence LevelOfEvidence_C
Rule_1126	?a patientApplicability CONDITION_DEPENDENT => ?a hasLevelOfEvidence LevelOfEvidence_C	pelliccia-2020-2020-esc-guidelines-on-sports-cardiology-and-exercise-in_n0025/na_0003 patientApplicability CONDITION_DEPENDENT => pelliccia-2020-2020-esc-guidelines-on-sports-cardiology-and-exercise-in_n0025/na_0003 hasLevelOfEvidence LevelOfEvidence_C
Rule_1126	?a patientApplicability CONDITION_DEPENDENT => ?a hasLevelOfEvidence LevelOfEvidence_C	zeppenfeld-2022-esc-guidelines-va-and-scd_n0067/na_0001 patientApplicability CONDITION_DEPENDENT => zeppenfeld-2022-esc-guidelines-va-and-scd_n0067/na_0001 hasLevelOfEvidence LevelOfEvidence_C
Rule_1126	?a patientApplicability CONDITION_DEPENDENT => ?a hasLevelOfEvidence LevelOfEvidence_C	zeppenfeld-2022-esc-guidelines-va-and-scd_n0062/na_0015 patientApplicability CONDITION_DEPENDENT => zeppenfeld-2022-esc-guidelines-va-and-scd_n0062/na_0015 hasLevelOfEvidence LevelOfEvidence_C
Rule_1126	?a patientApplicability CONDITION_DEPENDENT => ?a hasLevelOfEvidence LevelOfEvidence_C	mcdonagh-2023-esc-guidelines_n0078/na_0001 patientApplicability CONDITION_DEPENDENT => mcdonagh-2023-esc-guidelines_n0078/na_0001 hasLevelOfEvidence LevelOfEvidence_C
Rule_1126	?a patientApplicability CONDITION_DEPENDENT => ?a hasLevelOfEvidence LevelOfEvidence_C	zeppenfeld-2022-esc-guidelines-va-and-scd_n0063/na_0012 patientApplicability CONDITION_DEPENDENT => zeppenfeld-2022-esc-guidelines-va-and-scd_n0063/na_0012 hasLevelOfEvidence LevelOfEvidence_C
Rule_1126	?a patientApplicability CONDITION_DEPENDENT => ?a hasLevelOfEvidence LevelOfEvidence_C	regitz-zagrosek-2018-2018-esc-guideline-for-the-management-of-cardiovasc_n0016/na_0017 patientApplicability CONDITION_DEPENDENT => regitz-zagrosek-2018-2018-esc-guideline-for-the-management-of-cardiovasc_n0016/na_0017 hasLevelOfEvidence LevelOfEvidence_C
Rule_1126	?a patientApplicability CONDITION_DEPENDENT => ?a hasLevelOfEvidence LevelOfEvidence_C	mcdonagh-2023-esc-guidelines_n0096/na_0006 patientApplicability CONDITION_DEPENDENT => mcdonagh-2023-esc-guidelines_n0096/na_0006 hasLevelOfEvidence LevelOfEvidence_C
Rule_1126	?a patientApplicability CONDITION_DEPENDENT => ?a hasLevelOfEvidence LevelOfEvidence_C	pelliccia-2020-2020-esc-guidelines-on-sports-cardiology-and-exercise-in_n0076/na_0006 patientApplicability CONDITION_DEPENDENT => pelliccia-2020-2020-esc-guidelines-on-sports-cardiology-and-exercise-in_n0076/na_0006 hasLevelOfEvidence LevelOfEvidence_C
Rule_1126	?a patientApplicability CONDITION_DEPENDENT => ?a hasLevelOfEvidence LevelOfEvidence_C	regitz-zagrosek-2018-2018-esc-guideline-for-the-management-of-cardiovasc_n0013/na_0001 patientApplicability CONDITION_DEPENDENT => regitz-zagrosek-2018-2018-esc-guideline-for-the-management-of-cardiovasc_n0013/na_0001 hasLevelOfEvidence LevelOfEvidence_C
Rule_1126	?a patientApplicability CONDITION_DEPENDENT => ?a hasLevelOfEvidence LevelOfEvidence_C	glikson-2021-2021-esc-guidelines-on-cardiac-pacing-and-cardiac-resynchro_n0020/na_0026 patientApplicability CONDITION_DEPENDENT => glikson-2021-2021-esc-guidelines-on-cardiac-pacing-and-cardiac-resynchro_n0020/na_0026 hasLevelOfEvidence LevelOfEvidence_C
Rule_1126	?a patientApplicability CONDITION_DEPENDENT => ?a hasLevelOfEvidence LevelOfEvidence_C	zeppenfeld-2022-esc-guidelines-va-and-scd_n0085/na_0007 patientApplicability CONDITION_DEPENDENT => zeppenfeld-2022-esc-guidelines-va-and-scd_n0085/na_0007 hasLevelOfEvidence LevelOfEvidence_C
Rule_1126	?a patientApplicability CONDITION_DEPENDENT => ?a hasLevelOfEvidence LevelOfEvidence_C	mcdonagh-2023-esc-guidelines_n0031/na_0011 patientApplicability CONDITION_DEPENDENT => mcdonagh-2023-esc-guidelines_n0031/na_0011 hasLevelOfEvidence LevelOfEvidence_C
Rule_1126	?a patientApplicability CONDITION_DEPENDENT => ?a hasLevelOfEvidence LevelOfEvidence_C	zeppenfeld-2022-esc-guidelines-va-and-scd_n0094/na_0018 patientApplicability CONDITION_DEPENDENT => zeppenfeld-2022-esc-guidelines-va-and-scd_n0094/na_0018 hasLevelOfEvidence LevelOfEvidence_C
Rule_1126	?a patientApplicability CONDITION_DEPENDENT => ?a hasLevelOfEvidence LevelOfEvidence_C	zeppenfeld-2022-esc-guidelines-va-and-scd_n0061/na_0005 patientApplicability CONDITION_DEPENDENT => zeppenfeld-2022-esc-guidelines-va-and-scd_n0061/na_0005 hasLevelOfEvidence LevelOfEvidence_C
Rule_1126	?a patientApplicability CONDITION_DEPENDENT => ?a hasLevelOfEvidence LevelOfEvidence_C	mcdonagh-2023-esc-guidelines_n0056/na_0002 patientApplicability CONDITION_DEPENDENT => mcdonagh-2023-esc-guidelines_n0056/na_0002 hasLevelOfEvidence LevelOfEvidence_C
Rule_1126	?a patientApplicability CONDITION_DEPENDENT => ?a hasLevelOfEvidence LevelOfEvidence_C	zeppenfeld-2022-esc-guidelines-va-and-scd_n0084/na_0011 patientApplicability CONDITION_DEPENDENT => zeppenfeld-2022-esc-guidelines-va-and-scd_n0084/na_0011 hasLevelOfEvidence LevelOfEvidence_C
Rule_1126	?a patientApplicability CONDITION_DEPENDENT => ?a hasLevelOfEvidence LevelOfEvidence_C	zeppenfeld-2022-esc-guidelines-va-and-scd_n0036/na_0019 patientApplicability CONDITION_DEPENDENT => zeppenfeld-2022-esc-guidelines-va-and-scd_n0036/na_0019 hasLevelOfEvidence LevelOfEvidence_C
Rule_1126	?a patientApplicability CONDITION_DEPENDENT => ?a hasLevelOfEvidence LevelOfEvidence_C	regitz-zagrosek-2018-2018-esc-guideline-for-the-management-of-cardiovasc_n0048/na_0013 patientApplicability CONDITION_DEPENDENT => regitz-zagrosek-2018-2018-esc-guideline-for-the-management-of-cardiovasc_n0048/na_0013 hasLevelOfEvidence LevelOfEvidence_C
Rule_1126	?a patientApplicability CONDITION_DEPENDENT => ?a hasLevelOfEvidence LevelOfEvidence_C	regitz-zagrosek-2018-2018-esc-guideline-for-the-management-of-cardiovasc_n0049/na_0008 patientApplicability CONDITION_DEPENDENT => regitz-zagrosek-2018-2018-esc-guideline-for-the-management-of-cardiovasc_n0049/na_0008 hasLevelOfEvidence LevelOfEvidence_C
Rule_1126	?a patientApplicability CONDITION_DEPENDENT => ?a hasLevelOfEvidence LevelOfEvidence_C	glikson-2021-2021-esc-guidelines-on-cardiac-pacing-and-cardiac-resynchro_n0020/na_0062 patientApplicability CONDITION_DEPENDENT => glikson-2021-2021-esc-guidelines-on-cardiac-pacing-and-cardiac-resynchro_n0020/na_0062 hasLevelOfEvidence LevelOfEvidence_C
Rule_1126	?a patientApplicability CONDITION_DEPENDENT => ?a hasLevelOfEvidence LevelOfEvidence_C	visseren-2021-esc-guidelines-cardiovascular-disease-prevention_n0080/na_0005 patientApplicability CONDITION_DEPENDENT => visseren-2021-esc-guidelines-cardiovascular-disease-prevention_n0080/na_0005 hasLevelOfEvidence LevelOfEvidence_C
Rule_1126	?a patientApplicability CONDITION_DEPENDENT => ?a hasLevelOfEvidence LevelOfEvidence_C	zeppenfeld-2022-esc-guidelines-va-and-scd_n0096/na_0005 patientApplicability CONDITION_DEPENDENT => zeppenfeld-2022-esc-guidelines-va-and-scd_n0096/na_0005 hasLevelOfEvidence LevelOfEvidence_C
Rule_1126	?a patientApplicability CONDITION_DEPENDENT => ?a hasLevelOfEvidence LevelOfEvidence_C	regitz-zagrosek-2018-2018-esc-guideline-for-the-management-of-cardiovasc_n0022/na_0007 patientApplicability CONDITION_DEPENDENT => regitz-zagrosek-2018-2018-esc-guideline-for-the-management-of-cardiovasc_n0022/na_0007 hasLevelOfEvidence LevelOfEvidence_C
Rule_1126	?a patientApplicability CONDITION_DEPENDENT => ?a hasLevelOfEvidence LevelOfEvidence_C	zeppenfeld-2022-esc-guidelines-va-and-scd_n0057/na_0008 patientApplicability CONDITION_DEPENDENT => zeppenfeld-2022-esc-guidelines-va-and-scd_n0057/na_0008 hasLevelOfEvidence LevelOfEvidence_C
Rule_1126	?a patientApplicability CONDITION_DEPENDENT => ?a hasLevelOfEvidence LevelOfEvidence_C	glikson-2021-2021-esc-guidelines-on-cardiac-pacing-and-cardiac-resynchro_n0086/na_0017 patientApplicability CONDITION_DEPENDENT => glikson-2021-2021-esc-guidelines-on-cardiac-pacing-and-cardiac-resynchro_n0086/na_0017 hasLevelOfEvidence LevelOfEvidence_C
Rule_1126	?a patientApplicability CONDITION_DEPENDENT => ?a hasLevelOfEvidence LevelOfEvidence_C	zeppenfeld-2022-esc-guidelines-va-and-scd_n0079/na_0003 patientApplicability CONDITION_DEPENDENT => zeppenfeld-2022-esc-guidelines-va-and-scd_n0079/na_0003 hasLevelOfEvidence LevelOfEvidence_C
Rule_1126	?a patientApplicability CONDITION_DEPENDENT => ?a hasLevelOfEvidence LevelOfEvidence_C	mcdonagh-2023-esc-guidelines_n0074/na_0005 patientApplicability CONDITION_DEPENDENT => mcdonagh-2023-esc-guidelines_n0074/na_0005 hasLevelOfEvidence LevelOfEvidence_C
Rule_1126	?a patientApplicability CONDITION_DEPENDENT => ?a hasLevelOfEvidence LevelOfEvidence_C	regitz-zagrosek-2018-2018-esc-guideline-for-the-management-of-cardiovasc_n0023/na_0009 patientApplicability CONDITION_DEPENDENT => regitz-zagrosek-2018-2018-esc-guideline-for-the-management-of-cardiovasc_n0023/na_0009 hasLevelOfEvidence LevelOfEvidence_C
Rule_1126	?a patientApplicability CONDITION_DEPENDENT => ?a hasLevelOfEvidence LevelOfEvidence_C	regitz-zagrosek-2018-2018-esc-guideline-for-the-management-of-cardiovasc_n0050/na_0005 patientApplicability CONDITION_DEPENDENT => regitz-zagrosek-2018-2018-esc-guideline-for-the-management-of-cardiovasc_n0050/na_0005 hasLevelOfEvidence LevelOfEvidence_C
Rule_1126	?a patientApplicability CONDITION_DEPENDENT => ?a hasLevelOfEvidence LevelOfEvidence_C	mcdonagh-2023-esc-guidelines_n0063/na_0007 patientApplicability CONDITION_DEPENDENT => mcdonagh-2023-esc-guidelines_n0063/na_0007 hasLevelOfEvidence LevelOfEvidence_C
Rule_1126	?a patientApplicability CONDITION_DEPENDENT => ?a hasLevelOfEvidence LevelOfEvidence_C	regitz-zagrosek-2018-2018-esc-guideline-for-the-management-of-cardiovasc_n0016/na_0014 patientApplicability CONDITION_DEPENDENT => regitz-zagrosek-2018-2018-esc-guideline-for-the-management-of-cardiovasc_n0016/na_0014 hasLevelOfEvidence LevelOfEvidence_C
Rule_1126	?a patientApplicability CONDITION_DEPENDENT => ?a hasLevelOfEvidence LevelOfEvidence_C	regitz-zagrosek-2018-2018-esc-guideline-for-the-management-of-cardiovasc_n0027/na_0007 patientApplicability CONDITION_DEPENDENT => regitz-zagrosek-2018-2018-esc-guideline-for-the-management-of-cardiovasc_n0027/na_0007 hasLevelOfEvidence LevelOfEvidence_C
Rule_1126	?a patientApplicability CONDITION_DEPENDENT => ?a hasLevelOfEvidence LevelOfEvidence_C	mcdonagh-2023-esc-guidelines_n0071/na_0002 patientApplicability CONDITION_DEPENDENT => mcdonagh-2023-esc-guidelines_n0071/na_0002 hasLevelOfEvidence LevelOfEvidence_C
Rule_1126	?a patientApplicability CONDITION_DEPENDENT => ?a hasLevelOfEvidence LevelOfEvidence_C	zeppenfeld-2022-esc-guidelines-va-and-scd_n0096/na_0004 patientApplicability CONDITION_DEPENDENT => zeppenfeld-2022-esc-guidelines-va-and-scd_n0096/na_0004 hasLevelOfEvidence LevelOfEvidence_C
Rule_1126	?a patientApplicability CONDITION_DEPENDENT => ?a hasLevelOfEvidence LevelOfEvidence_C	glikson-2021-2021-esc-guidelines-on-cardiac-pacing-and-cardiac-resynchro_n0020/na_0084 patientApplicability CONDITION_DEPENDENT => glikson-2021-2021-esc-guidelines-on-cardiac-pacing-and-cardiac-resynchro_n0020/na_0084 hasLevelOfEvidence LevelOfEvidence_C
Rule_1126	?a patientApplicability CONDITION_DEPENDENT => ?a hasLevelOfEvidence LevelOfEvidence_C	zeppenfeld-2022-esc-guidelines-va-and-scd_n0091/na_0017 patientApplicability CONDITION_DEPENDENT => zeppenfeld-2022-esc-guidelines-va-and-scd_n0091/na_0017 hasLevelOfEvidence LevelOfEvidence_C
Rule_1126	?a patientApplicability CONDITION_DEPENDENT => ?a hasLevelOfEvidence LevelOfEvidence_C	pelliccia-2020-2020-esc-guidelines-on-sports-cardiology-and-exercise-in_n0060/na_0002 patientApplicability CONDITION_DEPENDENT => pelliccia-2020-2020-esc-guidelines-on-sports-cardiology-and-exercise-in_n0060/na_0002 hasLevelOfEvidence LevelOfEvidence_C
Rule_1126	?a patientApplicability CONDITION_DEPENDENT => ?a hasLevelOfEvidence LevelOfEvidence_C	pelliccia-2020-2020-esc-guidelines-on-sports-cardiology-and-exercise-in_n0075/na_0009 patientApplicability CONDITION_DEPENDENT => pelliccia-2020-2020-esc-guidelines-on-sports-cardiology-and-exercise-in_n0075/na_0009 hasLevelOfEvidence LevelOfEvidence_C
Rule_1126	?a patientApplicability CONDITION_DEPENDENT => ?a hasLevelOfEvidence LevelOfEvidence_C	zeppenfeld-2022-esc-guidelines-va-and-scd_n0070/na_0001 patientApplicability CONDITION_DEPENDENT => zeppenfeld-2022-esc-guidelines-va-and-scd_n0070/na_0001 hasLevelOfEvidence LevelOfEvidence_C
Rule_1126	?a patientApplicability CONDITION_DEPENDENT => ?a hasLevelOfEvidence LevelOfEvidence_C	regitz-zagrosek-2018-2018-esc-guideline-for-the-management-of-cardiovasc_n0016/na_0011 patientApplicability CONDITION_DEPENDENT => regitz-zagrosek-2018-2018-esc-guideline-for-the-management-of-cardiovasc_n0016/na_0011 hasLevelOfEvidence LevelOfEvidence_C
Rule_1126	?a patientApplicability CONDITION_DEPENDENT => ?a hasLevelOfEvidence LevelOfEvidence_C	zeppenfeld-2022-esc-guidelines-va-and-scd_n0082/na_0001 patientApplicability CONDITION_DEPENDENT => zeppenfeld-2022-esc-guidelines-va-and-scd_n0082/na_0001 hasLevelOfEvidence LevelOfEvidence_C
Rule_1126	?a patientApplicability CONDITION_DEPENDENT => ?a hasLevelOfEvidence LevelOfEvidence_C	regitz-zagrosek-2018-2018-esc-guideline-for-the-management-of-cardiovasc_n0050/na_0001 patientApplicability CONDITION_DEPENDENT => regitz-zagrosek-2018-2018-esc-guideline-for-the-management-of-cardiovasc_n0050/na_0001 hasLevelOfEvidence LevelOfEvidence_C
Rule_1126	?a patientApplicability CONDITION_DEPENDENT => ?a hasLevelOfEvidence LevelOfEvidence_C	regitz-zagrosek-2018-2018-esc-guideline-for-the-management-of-cardiovasc_n0048/na_0014 patientApplicability CONDITION_DEPENDENT => regitz-zagrosek-2018-2018-esc-guideline-for-the-management-of-cardiovasc_n0048/na_0014 hasLevelOfEvidence LevelOfEvidence_C
Rule_1126	?a patientApplicability CONDITION_DEPENDENT => ?a hasLevelOfEvidence LevelOfEvidence_C	zeppenfeld-2022-esc-guidelines-va-and-scd_n0067/na_0002 patientApplicability CONDITION_DEPENDENT => zeppenfeld-2022-esc-guidelines-va-and-scd_n0067/na_0002 hasLevelOfEvidence LevelOfEvidence_C
Rule_1126	?a patientApplicability CONDITION_DEPENDENT => ?a hasLevelOfEvidence LevelOfEvidence_C	mcdonagh-2023-esc-guidelines_n0073/na_0006 patientApplicability CONDITION_DEPENDENT => mcdonagh-2023-esc-guidelines_n0073/na_0006 hasLevelOfEvidence LevelOfEvidence_C
Rule_1126	?a patientApplicability CONDITION_DEPENDENT => ?a hasLevelOfEvidence LevelOfEvidence_C	glikson-2021-2021-esc-guidelines-on-cardiac-pacing-and-cardiac-resynchro_n0081/na_0001 patientApplicability CONDITION_DEPENDENT => glikson-2021-2021-esc-guidelines-on-cardiac-pacing-and-cardiac-resynchro_n0081/na_0001 hasLevelOfEvidence LevelOfEvidence_C
Rule_1126	?a patientApplicability CONDITION_DEPENDENT => ?a hasLevelOfEvidence LevelOfEvidence_C	glikson-2021-2021-esc-guidelines-on-cardiac-pacing-and-cardiac-resynchro_n0086/na_0005 patientApplicability CONDITION_DEPENDENT => glikson-2021-2021-esc-guidelines-on-cardiac-pacing-and-cardiac-resynchro_n0086/na_0005 hasLevelOfEvidence LevelOfEvidence_C
Rule_1126	?a patientApplicability CONDITION_DEPENDENT => ?a hasLevelOfEvidence LevelOfEvidence_C	regitz-zagrosek-2018-2018-esc-guideline-for-the-management-of-cardiovasc_n0023/na_0020 patientApplicability CONDITION_DEPENDENT => regitz-zagrosek-2018-2018-esc-guideline-for-the-management-of-cardiovasc_n0023/na_0020 hasLevelOfEvidence LevelOfEvidence_C
Rule_1126	?a patientApplicability CONDITION_DEPENDENT => ?a hasLevelOfEvidence LevelOfEvidence_C	pelliccia-2020-2020-esc-guidelines-on-sports-cardiology-and-exercise-in_n0077/na_0014 patientApplicability CONDITION_DEPENDENT => pelliccia-2020-2020-esc-guidelines-on-sports-cardiology-and-exercise-in_n0077/na_0014 hasLevelOfEvidence LevelOfEvidence_C
Rule_1126	?a patientApplicability CONDITION_DEPENDENT => ?a hasLevelOfEvidence LevelOfEvidence_C	zeppenfeld-2022-esc-guidelines-va-and-scd_n0052/na_0002 patientApplicability CONDITION_DEPENDENT => zeppenfeld-2022-esc-guidelines-va-and-scd_n0052/na_0002 hasLevelOfEvidence LevelOfEvidence_C
Rule_1126	?a patientApplicability CONDITION_DEPENDENT => ?a hasLevelOfEvidence LevelOfEvidence_C	visseren-2021-esc-guidelines-cardiovascular-disease-prevention_n0051/na_0003 patientApplicability CONDITION_DEPENDENT => visseren-2021-esc-guidelines-cardiovascular-disease-prevention_n0051/na_0003 hasLevelOfEvidence LevelOfEvidence_C
Rule_1126	?a patientApplicability CONDITION_DEPENDENT => ?a hasLevelOfEvidence LevelOfEvidence_C	zeppenfeld-2022-esc-guidelines-va-and-scd_n0048/na_0003 patientApplicability CONDITION_DEPENDENT => zeppenfeld-2022-esc-guidelines-va-and-scd_n0048/na_0003 hasLevelOfEvidence LevelOfEvidence_C
Rule_1126	?a patientApplicability CONDITION_DEPENDENT => ?a hasLevelOfEvidence LevelOfEvidence_C	pelliccia-2020-2020-esc-guidelines-on-sports-cardiology-and-exercise-in_n0068/na_0006 patientApplicability CONDITION_DEPENDENT => pelliccia-2020-2020-esc-guidelines-on-sports-cardiology-and-exercise-in_n0068/na_0006 hasLevelOfEvidence LevelOfEvidence_C
Rule_1126	?a patientApplicability CONDITION_DEPENDENT => ?a hasLevelOfEvidence LevelOfEvidence_C	zeppenfeld-2022-esc-guidelines-va-and-scd_n0063/na_0005 patientApplicability CONDITION_DEPENDENT => zeppenfeld-2022-esc-guidelines-va-and-scd_n0063/na_0005 hasLevelOfEvidence LevelOfEvidence_C
Rule_1126	?a patientApplicability CONDITION_DEPENDENT => ?a hasLevelOfEvidence LevelOfEvidence_C	regitz-zagrosek-2018-2018-esc-guideline-for-the-management-of-cardiovasc_n0023/na_0022 patientApplicability CONDITION_DEPENDENT => regitz-zagrosek-2018-2018-esc-guideline-for-the-management-of-cardiovasc_n0023/na_0022 hasLevelOfEvidence LevelOfEvidence_C
Rule_1126	?a patientApplicability CONDITION_DEPENDENT => ?a hasLevelOfEvidence LevelOfEvidence_C	pelliccia-2020-2020-esc-guidelines-on-sports-cardiology-and-exercise-in_n0075/na_0016 patientApplicability CONDITION_DEPENDENT => pelliccia-2020-2020-esc-guidelines-on-sports-cardiology-and-exercise-in_n0075/na_0016 hasLevelOfEvidence LevelOfEvidence_C
Rule_1126	?a patientApplicability CONDITION_DEPENDENT => ?a hasLevelOfEvidence LevelOfEvidence_C	regitz-zagrosek-2018-2018-esc-guideline-for-the-management-of-cardiovasc_n0049/na_0003 patientApplicability CONDITION_DEPENDENT => regitz-zagrosek-2018-2018-esc-guideline-for-the-management-of-cardiovasc_n0049/na_0003 hasLevelOfEvidence LevelOfEvidence_C
Rule_1126	?a patientApplicability CONDITION_DEPENDENT => ?a hasLevelOfEvidence LevelOfEvidence_C	mcdonagh-2023-esc-guidelines_n0073/na_0001 patientApplicability CONDITION_DEPENDENT => mcdonagh-2023-esc-guidelines_n0073/na_0001 hasLevelOfEvidence LevelOfEvidence_C
Rule_1126	?a patientApplicability CONDITION_DEPENDENT => ?a hasLevelOfEvidence LevelOfEvidence_C	glikson-2021-2021-esc-guidelines-on-cardiac-pacing-and-cardiac-resynchro_n0085/na_0009 patientApplicability CONDITION_DEPENDENT => glikson-2021-2021-esc-guidelines-on-cardiac-pacing-and-cardiac-resynchro_n0085/na_0009 hasLevelOfEvidence LevelOfEvidence_C
Rule_1126	?a patientApplicability CONDITION_DEPENDENT => ?a hasLevelOfEvidence LevelOfEvidence_C	regitz-zagrosek-2018-2018-esc-guideline-for-the-management-of-cardiovasc_n0022/na_0006 patientApplicability CONDITION_DEPENDENT => regitz-zagrosek-2018-2018-esc-guideline-for-the-management-of-cardiovasc_n0022/na_0006 hasLevelOfEvidence LevelOfEvidence_C
Rule_1126	?a patientApplicability CONDITION_DEPENDENT => ?a hasLevelOfEvidence LevelOfEvidence_C	pelliccia-2020-2020-esc-guidelines-on-sports-cardiology-and-exercise-in_n0057/na_0002 patientApplicability CONDITION_DEPENDENT => pelliccia-2020-2020-esc-guidelines-on-sports-cardiology-and-exercise-in_n0057/na_0002 hasLevelOfEvidence LevelOfEvidence_C
Rule_1126	?a patientApplicability CONDITION_DEPENDENT => ?a hasLevelOfEvidence LevelOfEvidence_C	regitz-zagrosek-2018-2018-esc-guideline-for-the-management-of-cardiovasc_n0029/na_0013 patientApplicability CONDITION_DEPENDENT => regitz-zagrosek-2018-2018-esc-guideline-for-the-management-of-cardiovasc_n0029/na_0013 hasLevelOfEvidence LevelOfEvidence_C
Rule_1126	?a patientApplicability CONDITION_DEPENDENT => ?a hasLevelOfEvidence LevelOfEvidence_C	regitz-zagrosek-2018-2018-esc-guideline-for-the-management-of-cardiovasc_n0022/na_0001 patientApplicability CONDITION_DEPENDENT => regitz-zagrosek-2018-2018-esc-guideline-for-the-management-of-cardiovasc_n0022/na_0001 hasLevelOfEvidence LevelOfEvidence_C
Rule_1126	?a patientApplicability CONDITION_DEPENDENT => ?a hasLevelOfEvidence LevelOfEvidence_C	glikson-2021-2021-esc-guidelines-on-cardiac-pacing-and-cardiac-resynchro_n0073/na_0001 patientApplicability CONDITION_DEPENDENT => glikson-2021-2021-esc-guidelines-on-cardiac-pacing-and-cardiac-resynchro_n0073/na_0001 hasLevelOfEvidence LevelOfEvidence_C
Rule_1126	?a patientApplicability CONDITION_DEPENDENT => ?a hasLevelOfEvidence LevelOfEvidence_C	zeppenfeld-2022-esc-guidelines-va-and-scd_n0091/na_0022 patientApplicability CONDITION_DEPENDENT => zeppenfeld-2022-esc-guidelines-va-and-scd_n0091/na_0022 hasLevelOfEvidence LevelOfEvidence_C
Rule_1126	?a patientApplicability CONDITION_DEPENDENT => ?a hasLevelOfEvidence LevelOfEvidence_C	regitz-zagrosek-2018-2018-esc-guideline-for-the-management-of-cardiovasc_n0028/na_0007 patientApplicability CONDITION_DEPENDENT => regitz-zagrosek-2018-2018-esc-guideline-for-the-management-of-cardiovasc_n0028/na_0007 hasLevelOfEvidence LevelOfEvidence_C
Rule_1126	?a patientApplicability CONDITION_DEPENDENT => ?a hasLevelOfEvidence LevelOfEvidence_C	zeppenfeld-2022-esc-guidelines-va-and-scd_n0077/na_0003 patientApplicability CONDITION_DEPENDENT => zeppenfeld-2022-esc-guidelines-va-and-scd_n0077/na_0003 hasLevelOfEvidence LevelOfEvidence_C
Rule_1126	?a patientApplicability CONDITION_DEPENDENT => ?a hasLevelOfEvidence LevelOfEvidence_C	glikson-2021-2021-esc-guidelines-on-cardiac-pacing-and-cardiac-resynchro_n0020/na_0011 patientApplicability CONDITION_DEPENDENT => glikson-2021-2021-esc-guidelines-on-cardiac-pacing-and-cardiac-resynchro_n0020/na_0011 hasLevelOfEvidence LevelOfEvidence_C
Rule_1126	?a patientApplicability CONDITION_DEPENDENT => ?a hasLevelOfEvidence LevelOfEvidence_C	visseren-2021-esc-guidelines-cardiovascular-disease-prevention_n0077/na_0003 patientApplicability CONDITION_DEPENDENT => visseren-2021-esc-guidelines-cardiovascular-disease-prevention_n0077/na_0003 hasLevelOfEvidence LevelOfEvidence_C
Rule_1126	?a patientApplicability CONDITION_DEPENDENT => ?a hasLevelOfEvidence LevelOfEvidence_C	mcdonagh-2023-esc-guidelines_n0045/na_0007 patientApplicability CONDITION_DEPENDENT => mcdonagh-2023-esc-guidelines_n0045/na_0007 hasLevelOfEvidence LevelOfEvidence_C
Rule_1126	?a patientApplicability CONDITION_DEPENDENT => ?a hasLevelOfEvidence LevelOfEvidence_C	zeppenfeld-2022-esc-guidelines-va-and-scd_n0097/na_0006 patientApplicability CONDITION_DEPENDENT => zeppenfeld-2022-esc-guidelines-va-and-scd_n0097/na_0006 hasLevelOfEvidence LevelOfEvidence_C
Rule_1126	?a patientApplicability CONDITION_DEPENDENT => ?a hasLevelOfEvidence LevelOfEvidence_C	zeppenfeld-2022-esc-guidelines-va-and-scd_n0094/na_0008 patientApplicability CONDITION_DEPENDENT => zeppenfeld-2022-esc-guidelines-va-and-scd_n0094/na_0008 hasLevelOfEvidence LevelOfEvidence_C
Rule_1126	?a patientApplicability CONDITION_DEPENDENT => ?a hasLevelOfEvidence LevelOfEvidence_C	zeppenfeld-2022-esc-guidelines-va-and-scd_n0086/na_0003 patientApplicability CONDITION_DEPENDENT => zeppenfeld-2022-esc-guidelines-va-and-scd_n0086/na_0003 hasLevelOfEvidence LevelOfEvidence_C
Rule_1126	?a patientApplicability CONDITION_DEPENDENT => ?a hasLevelOfEvidence LevelOfEvidence_C	glikson-2021-2021-esc-guidelines-on-cardiac-pacing-and-cardiac-resynchro_n0038/na_0001 patientApplicability CONDITION_DEPENDENT => glikson-2021-2021-esc-guidelines-on-cardiac-pacing-and-cardiac-resynchro_n0038/na_0001 hasLevelOfEvidence LevelOfEvidence_C
Rule_1126	?a patientApplicability CONDITION_DEPENDENT => ?a hasLevelOfEvidence LevelOfEvidence_C	regitz-zagrosek-2018-2018-esc-guideline-for-the-management-of-cardiovasc_n0013/na_0005 patientApplicability CONDITION_DEPENDENT => regitz-zagrosek-2018-2018-esc-guideline-for-the-management-of-cardiovasc_n0013/na_0005 hasLevelOfEvidence LevelOfEvidence_C
Rule_1126	?a patientApplicability CONDITION_DEPENDENT => ?a hasLevelOfEvidence LevelOfEvidence_C	regitz-zagrosek-2018-2018-esc-guideline-for-the-management-of-cardiovasc_n0049/na_0004 patientApplicability CONDITION_DEPENDENT => regitz-zagrosek-2018-2018-esc-guideline-for-the-management-of-cardiovasc_n0049/na_0004 hasLevelOfEvidence LevelOfEvidence_C
Rule_1126	?a patientApplicability CONDITION_DEPENDENT => ?a hasLevelOfEvidence LevelOfEvidence_C	regitz-zagrosek-2018-2018-esc-guideline-for-the-management-of-cardiovasc_n0013/na_0002 patientApplicability CONDITION_DEPENDENT => regitz-zagrosek-2018-2018-esc-guideline-for-the-management-of-cardiovasc_n0013/na_0002 hasLevelOfEvidence LevelOfEvidence_C
Rule_1126	?a patientApplicability CONDITION_DEPENDENT => ?a hasLevelOfEvidence LevelOfEvidence_C	glikson-2021-2021-esc-guidelines-on-cardiac-pacing-and-cardiac-resynchro_n0020/na_0021 patientApplicability CONDITION_DEPENDENT => glikson-2021-2021-esc-guidelines-on-cardiac-pacing-and-cardiac-resynchro_n0020/na_0021 hasLevelOfEvidence LevelOfEvidence_C
Rule_1126	?a patientApplicability CONDITION_DEPENDENT => ?a hasLevelOfEvidence LevelOfEvidence_C	mcdonagh-2023-esc-guidelines_n0071/na_0003 patientApplicability CONDITION_DEPENDENT => mcdonagh-2023-esc-guidelines_n0071/na_0003 hasLevelOfEvidence LevelOfEvidence_C
Rule_1126	?a patientApplicability CONDITION_DEPENDENT => ?a hasLevelOfEvidence LevelOfEvidence_C	glikson-2021-2021-esc-guidelines-on-cardiac-pacing-and-cardiac-resynchro_n0063/na_0005 patientApplicability CONDITION_DEPENDENT => glikson-2021-2021-esc-guidelines-on-cardiac-pacing-and-cardiac-resynchro_n0063/na_0005 hasLevelOfEvidence LevelOfEvidence_C
Rule_1126	?a patientApplicability CONDITION_DEPENDENT => ?a hasLevelOfEvidence LevelOfEvidence_C	visseren-2021-esc-guidelines-cardiovascular-disease-prevention_n0032/na_0004 patientApplicability CONDITION_DEPENDENT => visseren-2021-esc-guidelines-cardiovascular-disease-prevention_n0032/na_0004 hasLevelOfEvidence LevelOfEvidence_C
Rule_1126	?a patientApplicability CONDITION_DEPENDENT => ?a hasLevelOfEvidence LevelOfEvidence_C	visseren-2021-esc-guidelines-cardiovascular-disease-prevention_n0080/na_0027 patientApplicability CONDITION_DEPENDENT => visseren-2021-esc-guidelines-cardiovascular-disease-prevention_n0080/na_0027 hasLevelOfEvidence LevelOfEvidence_C
Rule_1126	?a patientApplicability CONDITION_DEPENDENT => ?a hasLevelOfEvidence LevelOfEvidence_C	regitz-zagrosek-2018-2018-esc-guideline-for-the-management-of-cardiovasc_n0016/na_0012 patientApplicability CONDITION_DEPENDENT => regitz-zagrosek-2018-2018-esc-guideline-for-the-management-of-cardiovasc_n0016/na_0012 hasLevelOfEvidence LevelOfEvidence_C
Rule_1126	?a patientApplicability CONDITION_DEPENDENT => ?a hasLevelOfEvidence LevelOfEvidence_C	regitz-zagrosek-2018-2018-esc-guideline-for-the-management-of-cardiovasc_n0030/na_0004 patientApplicability CONDITION_DEPENDENT => regitz-zagrosek-2018-2018-esc-guideline-for-the-management-of-cardiovasc_n0030/na_0004 hasLevelOfEvidence LevelOfEvidence_C
Rule_1126	?a patientApplicability CONDITION_DEPENDENT => ?a hasLevelOfEvidence LevelOfEvidence_C	zeppenfeld-2022-esc-guidelines-va-and-scd_n0036/na_0008 patientApplicability CONDITION_DEPENDENT => zeppenfeld-2022-esc-guidelines-va-and-scd_n0036/na_0008 hasLevelOfEvidence LevelOfEvidence_C
Rule_1126	?a patientApplicability CONDITION_DEPENDENT => ?a hasLevelOfEvidence LevelOfEvidence_C	zeppenfeld-2022-esc-guidelines-va-and-scd_n0094/na_0013 patientApplicability CONDITION_DEPENDENT => zeppenfeld-2022-esc-guidelines-va-and-scd_n0094/na_0013 hasLevelOfEvidence LevelOfEvidence_C
Rule_1126	?a patientApplicability CONDITION_DEPENDENT => ?a hasLevelOfEvidence LevelOfEvidence_C	glikson-2021-2021-esc-guidelines-on-cardiac-pacing-and-cardiac-resynchro_n0084/na_0003 patientApplicability CONDITION_DEPENDENT => glikson-2021-2021-esc-guidelines-on-cardiac-pacing-and-cardiac-resynchro_n0084/na_0003 hasLevelOfEvidence LevelOfEvidence_C
Rule_1126	?a patientApplicability CONDITION_DEPENDENT => ?a hasLevelOfEvidence LevelOfEvidence_C	regitz-zagrosek-2018-2018-esc-guideline-for-the-management-of-cardiovasc_n0016/na_0009 patientApplicability CONDITION_DEPENDENT => regitz-zagrosek-2018-2018-esc-guideline-for-the-management-of-cardiovasc_n0016/na_0009 hasLevelOfEvidence LevelOfEvidence_C
Rule_1126	?a patientApplicability CONDITION_DEPENDENT => ?a hasLevelOfEvidence LevelOfEvidence_C	zeppenfeld-2022-esc-guidelines-va-and-scd_n0051/na_0001 patientApplicability CONDITION_DEPENDENT => zeppenfeld-2022-esc-guidelines-va-and-scd_n0051/na_0001 hasLevelOfEvidence LevelOfEvidence_C
Rule_1126	?a patientApplicability CONDITION_DEPENDENT => ?a hasLevelOfEvidence LevelOfEvidence_C	zeppenfeld-2022-esc-guidelines-va-and-scd_n0084/na_0003 patientApplicability CONDITION_DEPENDENT => zeppenfeld-2022-esc-guidelines-va-and-scd_n0084/na_0003 hasLevelOfEvidence LevelOfEvidence_C
Rule_1126	?a patientApplicability CONDITION_DEPENDENT => ?a hasLevelOfEvidence LevelOfEvidence_C	mcdonagh-2023-esc-guidelines_n0070/na_0002 patientApplicability CONDITION_DEPENDENT => mcdonagh-2023-esc-guidelines_n0070/na_0002 hasLevelOfEvidence LevelOfEvidence_C
Rule_1126	?a patientApplicability CONDITION_DEPENDENT => ?a hasLevelOfEvidence LevelOfEvidence_C	mcdonagh-2023-esc-guidelines_n0031/na_0006 patientApplicability CONDITION_DEPENDENT => mcdonagh-2023-esc-guidelines_n0031/na_0006 hasLevelOfEvidence LevelOfEvidence_C
Rule_1126	?a patientApplicability CONDITION_DEPENDENT => ?a hasLevelOfEvidence LevelOfEvidence_C	glikson-2021-2021-esc-guidelines-on-cardiac-pacing-and-cardiac-resynchro_n0020/na_0008 patientApplicability CONDITION_DEPENDENT => glikson-2021-2021-esc-guidelines-on-cardiac-pacing-and-cardiac-resynchro_n0020/na_0008 hasLevelOfEvidence LevelOfEvidence_C
Rule_1126	?a patientApplicability CONDITION_DEPENDENT => ?a hasLevelOfEvidence LevelOfEvidence_C	glikson-2021-2021-esc-guidelines-on-cardiac-pacing-and-cardiac-resynchro_n0020/na_0059 patientApplicability CONDITION_DEPENDENT => glikson-2021-2021-esc-guidelines-on-cardiac-pacing-and-cardiac-resynchro_n0020/na_0059 hasLevelOfEvidence LevelOfEvidence_C
Rule_1126	?a patientApplicability CONDITION_DEPENDENT => ?a hasLevelOfEvidence LevelOfEvidence_C	regitz-zagrosek-2018-2018-esc-guideline-for-the-management-of-cardiovasc_n0050/na_0014 patientApplicability CONDITION_DEPENDENT => regitz-zagrosek-2018-2018-esc-guideline-for-the-management-of-cardiovasc_n0050/na_0014 hasLevelOfEvidence LevelOfEvidence_C
Rule_1126	?a patientApplicability CONDITION_DEPENDENT => ?a hasLevelOfEvidence LevelOfEvidence_C	pelliccia-2020-2020-esc-guidelines-on-sports-cardiology-and-exercise-in_n0076/na_0009 patientApplicability CONDITION_DEPENDENT => pelliccia-2020-2020-esc-guidelines-on-sports-cardiology-and-exercise-in_n0076/na_0009 hasLevelOfEvidence LevelOfEvidence_C
Rule_1126	?a patientApplicability CONDITION_DEPENDENT => ?a hasLevelOfEvidence LevelOfEvidence_C	regitz-zagrosek-2018-2018-esc-guideline-for-the-management-of-cardiovasc_n0016/na_0018 patientApplicability CONDITION_DEPENDENT => regitz-zagrosek-2018-2018-esc-guideline-for-the-management-of-cardiovasc_n0016/na_0018 hasLevelOfEvidence LevelOfEvidence_C
Rule_1126	?a patientApplicability CONDITION_DEPENDENT => ?a hasLevelOfEvidence LevelOfEvidence_C	glikson-2021-2021-esc-guidelines-on-cardiac-pacing-and-cardiac-resynchro_n0020/na_0083 patientApplicability CONDITION_DEPENDENT => glikson-2021-2021-esc-guidelines-on-cardiac-pacing-and-cardiac-resynchro_n0020/na_0083 hasLevelOfEvidence LevelOfEvidence_C
Rule_1126	?a patientApplicability CONDITION_DEPENDENT => ?a hasLevelOfEvidence LevelOfEvidence_C	mcdonagh-2023-esc-guidelines_n0035/na_0007 patientApplicability CONDITION_DEPENDENT => mcdonagh-2023-esc-guidelines_n0035/na_0007 hasLevelOfEvidence LevelOfEvidence_C
Rule_1126	?a patientApplicability CONDITION_DEPENDENT => ?a hasLevelOfEvidence LevelOfEvidence_C	mcdonagh-2023-esc-guidelines_n0031/na_0001 patientApplicability CONDITION_DEPENDENT => mcdonagh-2023-esc-guidelines_n0031/na_0001 hasLevelOfEvidence LevelOfEvidence_C
Rule_1126	?a patientApplicability CONDITION_DEPENDENT => ?a hasLevelOfEvidence LevelOfEvidence_C	zeppenfeld-2022-esc-guidelines-va-and-scd_n0054/na_0009 patientApplicability CONDITION_DEPENDENT => zeppenfeld-2022-esc-guidelines-va-and-scd_n0054/na_0009 hasLevelOfEvidence LevelOfEvidence_C
Rule_1126	?a patientApplicability CONDITION_DEPENDENT => ?a hasLevelOfEvidence LevelOfEvidence_C	zeppenfeld-2022-esc-guidelines-va-and-scd_n0067/na_0005 patientApplicability CONDITION_DEPENDENT => zeppenfeld-2022-esc-guidelines-va-and-scd_n0067/na_0005 hasLevelOfEvidence LevelOfEvidence_C
Rule_1126	?a patientApplicability CONDITION_DEPENDENT => ?a hasLevelOfEvidence LevelOfEvidence_C	glikson-2021-2021-esc-guidelines-on-cardiac-pacing-and-cardiac-resynchro_n0020/na_0086 patientApplicability CONDITION_DEPENDENT => glikson-2021-2021-esc-guidelines-on-cardiac-pacing-and-cardiac-resynchro_n0020/na_0086 hasLevelOfEvidence LevelOfEvidence_C
Rule_1126	?a patientApplicability CONDITION_DEPENDENT => ?a hasLevelOfEvidence LevelOfEvidence_C	zeppenfeld-2022-esc-guidelines-va-and-scd_n0084/na_0002 patientApplicability CONDITION_DEPENDENT => zeppenfeld-2022-esc-guidelines-va-and-scd_n0084/na_0002 hasLevelOfEvidence LevelOfEvidence_C
Rule_1126	?a patientApplicability CONDITION_DEPENDENT => ?a hasLevelOfEvidence LevelOfEvidence_C	regitz-zagrosek-2018-2018-esc-guideline-for-the-management-of-cardiovasc_n0023/na_0014 patientApplicability CONDITION_DEPENDENT => regitz-zagrosek-2018-2018-esc-guideline-for-the-management-of-cardiovasc_n0023/na_0014 hasLevelOfEvidence LevelOfEvidence_C
Rule_1126	?a patientApplicability CONDITION_DEPENDENT => ?a hasLevelOfEvidence LevelOfEvidence_C	pelliccia-2020-2020-esc-guidelines-on-sports-cardiology-and-exercise-in_n0075/na_0004 patientApplicability CONDITION_DEPENDENT => pelliccia-2020-2020-esc-guidelines-on-sports-cardiology-and-exercise-in_n0075/na_0004 hasLevelOfEvidence LevelOfEvidence_C
Rule_1126	?a patientApplicability CONDITION_DEPENDENT => ?a hasLevelOfEvidence LevelOfEvidence_C	regitz-zagrosek-2018-2018-esc-guideline-for-the-management-of-cardiovasc_n0050/na_0002 patientApplicability CONDITION_DEPENDENT => regitz-zagrosek-2018-2018-esc-guideline-for-the-management-of-cardiovasc_n0050/na_0002 hasLevelOfEvidence LevelOfEvidence_C
Rule_1126	?a patientApplicability CONDITION_DEPENDENT => ?a hasLevelOfEvidence LevelOfEvidence_C	zeppenfeld-2022-esc-guidelines-va-and-scd_n0094/na_0002 patientApplicability CONDITION_DEPENDENT => zeppenfeld-2022-esc-guidelines-va-and-scd_n0094/na_0002 hasLevelOfEvidence LevelOfEvidence_C
Rule_1126	?a patientApplicability CONDITION_DEPENDENT => ?a hasLevelOfEvidence LevelOfEvidence_C	pelliccia-2020-2020-esc-guidelines-on-sports-cardiology-and-exercise-in_n0060/na_0003 patientApplicability CONDITION_DEPENDENT => pelliccia-2020-2020-esc-guidelines-on-sports-cardiology-and-exercise-in_n0060/na_0003 hasLevelOfEvidence LevelOfEvidence_C
Rule_1126	?a patientApplicability CONDITION_DEPENDENT => ?a hasLevelOfEvidence LevelOfEvidence_C	zeppenfeld-2022-esc-guidelines-va-and-scd_n0060/na_0003 patientApplicability CONDITION_DEPENDENT => zeppenfeld-2022-esc-guidelines-va-and-scd_n0060/na_0003 hasLevelOfEvidence LevelOfEvidence_C
Rule_1126	?a patientApplicability CONDITION_DEPENDENT => ?a hasLevelOfEvidence LevelOfEvidence_C	zeppenfeld-2022-esc-guidelines-va-and-scd_n0042/na_0002 patientApplicability CONDITION_DEPENDENT => zeppenfeld-2022-esc-guidelines-va-and-scd_n0042/na_0002 hasLevelOfEvidence LevelOfEvidence_C
Rule_1126	?a patientApplicability CONDITION_DEPENDENT => ?a hasLevelOfEvidence LevelOfEvidence_C	zeppenfeld-2022-esc-guidelines-va-and-scd_n0095/na_0002 patientApplicability CONDITION_DEPENDENT => zeppenfeld-2022-esc-guidelines-va-and-scd_n0095/na_0002 hasLevelOfEvidence LevelOfEvidence_C
Rule_1126	?a patientApplicability CONDITION_DEPENDENT => ?a hasLevelOfEvidence LevelOfEvidence_C	zeppenfeld-2022-esc-guidelines-va-and-scd_n0054/na_0011 patientApplicability CONDITION_DEPENDENT => zeppenfeld-2022-esc-guidelines-va-and-scd_n0054/na_0011 hasLevelOfEvidence LevelOfEvidence_C
Rule_1126	?a patientApplicability CONDITION_DEPENDENT => ?a hasLevelOfEvidence LevelOfEvidence_C	pelliccia-2020-2020-esc-guidelines-on-sports-cardiology-and-exercise-in_n0077/na_0011 patientApplicability CONDITION_DEPENDENT => pelliccia-2020-2020-esc-guidelines-on-sports-cardiology-and-exercise-in_n0077/na_0011 hasLevelOfEvidence LevelOfEvidence_C
Rule_1126	?a patientApplicability CONDITION_DEPENDENT => ?a hasLevelOfEvidence LevelOfEvidence_C	glikson-2021-2021-esc-guidelines-on-cardiac-pacing-and-cardiac-resynchro_n0020/na_0048 patientApplicability CONDITION_DEPENDENT => glikson-2021-2021-esc-guidelines-on-cardiac-pacing-and-cardiac-resynchro_n0020/na_0048 hasLevelOfEvidence LevelOfEvidence_C
Rule_1126	?a patientApplicability CONDITION_DEPENDENT => ?a hasLevelOfEvidence LevelOfEvidence_C	regitz-zagrosek-2018-2018-esc-guideline-for-the-management-of-cardiovasc_n0049/na_0001 patientApplicability CONDITION_DEPENDENT => regitz-zagrosek-2018-2018-esc-guideline-for-the-management-of-cardiovasc_n0049/na_0001 hasLevelOfEvidence LevelOfEvidence_C
Rule_1126	?a patientApplicability CONDITION_DEPENDENT => ?a hasLevelOfEvidence LevelOfEvidence_C	zeppenfeld-2022-esc-guidelines-va-and-scd_n0032/na_0001 patientApplicability CONDITION_DEPENDENT => zeppenfeld-2022-esc-guidelines-va-and-scd_n0032/na_0001 hasLevelOfEvidence LevelOfEvidence_C
Rule_1126	?a patientApplicability CONDITION_DEPENDENT => ?a hasLevelOfEvidence LevelOfEvidence_C	regitz-zagrosek-2018-2018-esc-guideline-for-the-management-of-cardiovasc_n0023/na_0019 patientApplicability CONDITION_DEPENDENT => regitz-zagrosek-2018-2018-esc-guideline-for-the-management-of-cardiovasc_n0023/na_0019 hasLevelOfEvidence LevelOfEvidence_C
Rule_1126	?a patientApplicability CONDITION_DEPENDENT => ?a hasLevelOfEvidence LevelOfEvidence_C	zeppenfeld-2022-esc-guidelines-va-and-scd_n0055/na_0001 patientApplicability CONDITION_DEPENDENT => zeppenfeld-2022-esc-guidelines-va-and-scd_n0055/na_0001 hasLevelOfEvidence LevelOfEvidence_C
Rule_1126	?a patientApplicability CONDITION_DEPENDENT => ?a hasLevelOfEvidence LevelOfEvidence_C	mcdonagh-2023-esc-guidelines_n0096/na_0018 patientApplicability CONDITION_DEPENDENT => mcdonagh-2023-esc-guidelines_n0096/na_0018 hasLevelOfEvidence LevelOfEvidence_C
Rule_1126	?a patientApplicability CONDITION_DEPENDENT => ?a hasLevelOfEvidence LevelOfEvidence_C	pelliccia-2020-2020-esc-guidelines-on-sports-cardiology-and-exercise-in_n0041/na_0004 patientApplicability CONDITION_DEPENDENT => pelliccia-2020-2020-esc-guidelines-on-sports-cardiology-and-exercise-in_n0041/na_0004 hasLevelOfEvidence LevelOfEvidence_C
Rule_1126	?a patientApplicability CONDITION_DEPENDENT => ?a hasLevelOfEvidence LevelOfEvidence_C	visseren-2021-esc-guidelines-cardiovascular-disease-prevention_n0080/na_0006 patientApplicability CONDITION_DEPENDENT => visseren-2021-esc-guidelines-cardiovascular-disease-prevention_n0080/na_0006 hasLevelOfEvidence LevelOfEvidence_C
Rule_1126	?a patientApplicability CONDITION_DEPENDENT => ?a hasLevelOfEvidence LevelOfEvidence_C	mcdonagh-2023-esc-guidelines_n0080/na_0004 patientApplicability CONDITION_DEPENDENT => mcdonagh-2023-esc-guidelines_n0080/na_0004 hasLevelOfEvidence LevelOfEvidence_C
Rule_1126	?a patientApplicability CONDITION_DEPENDENT => ?a hasLevelOfEvidence LevelOfEvidence_C	mcdonagh-2023-esc-guidelines_n0097/na_0013 patientApplicability CONDITION_DEPENDENT => mcdonagh-2023-esc-guidelines_n0097/na_0013 hasLevelOfEvidence LevelOfEvidence_C
Rule_1126	?a patientApplicability CONDITION_DEPENDENT => ?a hasLevelOfEvidence LevelOfEvidence_C	zeppenfeld-2022-esc-guidelines-va-and-scd_n0081/na_0002 patientApplicability CONDITION_DEPENDENT => zeppenfeld-2022-esc-guidelines-va-and-scd_n0081/na_0002 hasLevelOfEvidence LevelOfEvidence_C
Rule_1126	?a patientApplicability CONDITION_DEPENDENT => ?a hasLevelOfEvidence LevelOfEvidence_C	regitz-zagrosek-2018-2018-esc-guideline-for-the-management-of-cardiovasc_n0049/na_0002 patientApplicability CONDITION_DEPENDENT => regitz-zagrosek-2018-2018-esc-guideline-for-the-management-of-cardiovasc_n0049/na_0002 hasLevelOfEvidence LevelOfEvidence_C
Rule_1126	?a patientApplicability CONDITION_DEPENDENT => ?a hasLevelOfEvidence LevelOfEvidence_C	regitz-zagrosek-2018-2018-esc-guideline-for-the-management-of-cardiovasc_n0023/na_0006 patientApplicability CONDITION_DEPENDENT => regitz-zagrosek-2018-2018-esc-guideline-for-the-management-of-cardiovasc_n0023/na_0006 hasLevelOfEvidence LevelOfEvidence_C
Rule_1126	?a patientApplicability CONDITION_DEPENDENT => ?a hasLevelOfEvidence LevelOfEvidence_C	zeppenfeld-2022-esc-guidelines-va-and-scd_n0062/na_0005 patientApplicability CONDITION_DEPENDENT => zeppenfeld-2022-esc-guidelines-va-and-scd_n0062/na_0005 hasLevelOfEvidence LevelOfEvidence_C
Rule_1126	?a patientApplicability CONDITION_DEPENDENT => ?a hasLevelOfEvidence LevelOfEvidence_C	glikson-2021-2021-esc-guidelines-on-cardiac-pacing-and-cardiac-resynchro_n0061/na_0008 patientApplicability CONDITION_DEPENDENT => glikson-2021-2021-esc-guidelines-on-cardiac-pacing-and-cardiac-resynchro_n0061/na_0008 hasLevelOfEvidence LevelOfEvidence_C
Rule_1126	?a patientApplicability CONDITION_DEPENDENT => ?a hasLevelOfEvidence LevelOfEvidence_C	visseren-2021-esc-guidelines-cardiovascular-disease-prevention_n0033/na_0001 patientApplicability CONDITION_DEPENDENT => visseren-2021-esc-guidelines-cardiovascular-disease-prevention_n0033/na_0001 hasLevelOfEvidence LevelOfEvidence_C
Rule_1126	?a patientApplicability CONDITION_DEPENDENT => ?a hasLevelOfEvidence LevelOfEvidence_C	mcdonagh-2023-esc-guidelines_n0096/na_0002 patientApplicability CONDITION_DEPENDENT => mcdonagh-2023-esc-guidelines_n0096/na_0002 hasLevelOfEvidence LevelOfEvidence_C
Rule_1126	?a patientApplicability CONDITION_DEPENDENT => ?a hasLevelOfEvidence LevelOfEvidence_C	mcdonagh-2023-esc-guidelines_n0076/na_0005 patientApplicability CONDITION_DEPENDENT => mcdonagh-2023-esc-guidelines_n0076/na_0005 hasLevelOfEvidence LevelOfEvidence_C
Rule_1126	?a patientApplicability CONDITION_DEPENDENT => ?a hasLevelOfEvidence LevelOfEvidence_C	glikson-2021-2021-esc-guidelines-on-cardiac-pacing-and-cardiac-resynchro_n0020/na_0079 patientApplicability CONDITION_DEPENDENT => glikson-2021-2021-esc-guidelines-on-cardiac-pacing-and-cardiac-resynchro_n0020/na_0079 hasLevelOfEvidence LevelOfEvidence_C
Rule_1126	?a patientApplicability CONDITION_DEPENDENT => ?a hasLevelOfEvidence LevelOfEvidence_C	regitz-zagrosek-2018-2018-esc-guideline-for-the-management-of-cardiovasc_n0028/na_0006 patientApplicability CONDITION_DEPENDENT => regitz-zagrosek-2018-2018-esc-guideline-for-the-management-of-cardiovasc_n0028/na_0006 hasLevelOfEvidence LevelOfEvidence_C
Rule_1126	?a patientApplicability CONDITION_DEPENDENT => ?a hasLevelOfEvidence LevelOfEvidence_C	zeppenfeld-2022-esc-guidelines-va-and-scd_n0096/na_0011 patientApplicability CONDITION_DEPENDENT => zeppenfeld-2022-esc-guidelines-va-and-scd_n0096/na_0011 hasLevelOfEvidence LevelOfEvidence_C
Rule_1126	?a patientApplicability CONDITION_DEPENDENT => ?a hasLevelOfEvidence LevelOfEvidence_C	zeppenfeld-2022-esc-guidelines-va-and-scd_n0080/na_0002 patientApplicability CONDITION_DEPENDENT => zeppenfeld-2022-esc-guidelines-va-and-scd_n0080/na_0002 hasLevelOfEvidence LevelOfEvidence_C
Rule_1126	?a patientApplicability CONDITION_DEPENDENT => ?a hasLevelOfEvidence LevelOfEvidence_C	mcdonagh-2023-esc-guidelines_n0063/na_0001 patientApplicability CONDITION_DEPENDENT => mcdonagh-2023-esc-guidelines_n0063/na_0001 hasLevelOfEvidence LevelOfEvidence_C
Rule_1126	?a patientApplicability CONDITION_DEPENDENT => ?a hasLevelOfEvidence LevelOfEvidence_C	regitz-zagrosek-2018-2018-esc-guideline-for-the-management-of-cardiovasc_n0023/na_0003 patientApplicability CONDITION_DEPENDENT => regitz-zagrosek-2018-2018-esc-guideline-for-the-management-of-cardiovasc_n0023/na_0003 hasLevelOfEvidence LevelOfEvidence_C
Rule_1126	?a patientApplicability CONDITION_DEPENDENT => ?a hasLevelOfEvidence LevelOfEvidence_C	zeppenfeld-2022-esc-guidelines-va-and-scd_n0077/na_0008 patientApplicability CONDITION_DEPENDENT => zeppenfeld-2022-esc-guidelines-va-and-scd_n0077/na_0008 hasLevelOfEvidence LevelOfEvidence_C
Rule_1126	?a patientApplicability CONDITION_DEPENDENT => ?a hasLevelOfEvidence LevelOfEvidence_C	glikson-2021-2021-esc-guidelines-on-cardiac-pacing-and-cardiac-resynchro_n0086/na_0003 patientApplicability CONDITION_DEPENDENT => glikson-2021-2021-esc-guidelines-on-cardiac-pacing-and-cardiac-resynchro_n0086/na_0003 hasLevelOfEvidence LevelOfEvidence_C
Rule_1126	?a patientApplicability CONDITION_DEPENDENT => ?a hasLevelOfEvidence LevelOfEvidence_C	zeppenfeld-2022-esc-guidelines-va-and-scd_n0095/na_0020 patientApplicability CONDITION_DEPENDENT => zeppenfeld-2022-esc-guidelines-va-and-scd_n0095/na_0020 hasLevelOfEvidence LevelOfEvidence_C
Rule_1126	?a patientApplicability CONDITION_DEPENDENT => ?a hasLevelOfEvidence LevelOfEvidence_C	zeppenfeld-2022-esc-guidelines-va-and-scd_n0093/na_0015 patientApplicability CONDITION_DEPENDENT => zeppenfeld-2022-esc-guidelines-va-and-scd_n0093/na_0015 hasLevelOfEvidence LevelOfEvidence_C
Rule_1126	?a patientApplicability CONDITION_DEPENDENT => ?a hasLevelOfEvidence LevelOfEvidence_C	glikson-2021-2021-esc-guidelines-on-cardiac-pacing-and-cardiac-resynchro_n0020/na_0033 patientApplicability CONDITION_DEPENDENT => glikson-2021-2021-esc-guidelines-on-cardiac-pacing-and-cardiac-resynchro_n0020/na_0033 hasLevelOfEvidence LevelOfEvidence_C
Rule_1126	?a patientApplicability CONDITION_DEPENDENT => ?a hasLevelOfEvidence LevelOfEvidence_C	regitz-zagrosek-2018-2018-esc-guideline-for-the-management-of-cardiovasc_n0050/na_0004 patientApplicability CONDITION_DEPENDENT => regitz-zagrosek-2018-2018-esc-guideline-for-the-management-of-cardiovasc_n0050/na_0004 hasLevelOfEvidence LevelOfEvidence_C
Rule_1126	?a patientApplicability CONDITION_DEPENDENT => ?a hasLevelOfEvidence LevelOfEvidence_C	zeppenfeld-2022-esc-guidelines-va-and-scd_n0081/na_0012 patientApplicability CONDITION_DEPENDENT => zeppenfeld-2022-esc-guidelines-va-and-scd_n0081/na_0012 hasLevelOfEvidence LevelOfEvidence_C
Rule_1126	?a patientApplicability CONDITION_DEPENDENT => ?a hasLevelOfEvidence LevelOfEvidence_C	glikson-2021-2021-esc-guidelines-on-cardiac-pacing-and-cardiac-resynchro_n0086/na_0018 patientApplicability CONDITION_DEPENDENT => glikson-2021-2021-esc-guidelines-on-cardiac-pacing-and-cardiac-resynchro_n0086/na_0018 hasLevelOfEvidence LevelOfEvidence_C
Rule_1126	?a patientApplicability CONDITION_DEPENDENT => ?a hasLevelOfEvidence LevelOfEvidence_C	zeppenfeld-2022-esc-guidelines-va-and-scd_n0085/na_0010 patientApplicability CONDITION_DEPENDENT => zeppenfeld-2022-esc-guidelines-va-and-scd_n0085/na_0010 hasLevelOfEvidence LevelOfEvidence_C
Rule_1126	?a patientApplicability CONDITION_DEPENDENT => ?a hasLevelOfEvidence LevelOfEvidence_C	zeppenfeld-2022-esc-guidelines-va-and-scd_n0093/na_0007 patientApplicability CONDITION_DEPENDENT => zeppenfeld-2022-esc-guidelines-va-and-scd_n0093/na_0007 hasLevelOfEvidence LevelOfEvidence_C
Rule_1126	?a patientApplicability CONDITION_DEPENDENT => ?a hasLevelOfEvidence LevelOfEvidence_C	regitz-zagrosek-2018-2018-esc-guideline-for-the-management-of-cardiovasc_n0029/na_0006 patientApplicability CONDITION_DEPENDENT => regitz-zagrosek-2018-2018-esc-guideline-for-the-management-of-cardiovasc_n0029/na_0006 hasLevelOfEvidence LevelOfEvidence_C
Rule_1126	?a patientApplicability CONDITION_DEPENDENT => ?a hasLevelOfEvidence LevelOfEvidence_C	regitz-zagrosek-2018-2018-esc-guideline-for-the-management-of-cardiovasc_n0030/na_0003 patientApplicability CONDITION_DEPENDENT => regitz-zagrosek-2018-2018-esc-guideline-for-the-management-of-cardiovasc_n0030/na_0003 hasLevelOfEvidence LevelOfEvidence_C
Rule_1126	?a patientApplicability CONDITION_DEPENDENT => ?a hasLevelOfEvidence LevelOfEvidence_C	zeppenfeld-2022-esc-guidelines-va-and-scd_n0091/na_0015 patientApplicability CONDITION_DEPENDENT => zeppenfeld-2022-esc-guidelines-va-and-scd_n0091/na_0015 hasLevelOfEvidence LevelOfEvidence_C
Rule_1126	?a patientApplicability CONDITION_DEPENDENT => ?a hasLevelOfEvidence LevelOfEvidence_C	zeppenfeld-2022-esc-guidelines-va-and-scd_n0074/na_0004 patientApplicability CONDITION_DEPENDENT => zeppenfeld-2022-esc-guidelines-va-and-scd_n0074/na_0004 hasLevelOfEvidence LevelOfEvidence_C
Rule_1126	?a patientApplicability CONDITION_DEPENDENT => ?a hasLevelOfEvidence LevelOfEvidence_C	zeppenfeld-2022-esc-guidelines-va-and-scd_n0053/na_0003 patientApplicability CONDITION_DEPENDENT => zeppenfeld-2022-esc-guidelines-va-and-scd_n0053/na_0003 hasLevelOfEvidence LevelOfEvidence_C
Rule_1126	?a patientApplicability CONDITION_DEPENDENT => ?a hasLevelOfEvidence LevelOfEvidence_C	zeppenfeld-2022-esc-guidelines-va-and-scd_n0072/na_0001 patientApplicability CONDITION_DEPENDENT => zeppenfeld-2022-esc-guidelines-va-and-scd_n0072/na_0001 hasLevelOfEvidence LevelOfEvidence_C
Rule_1126	?a patientApplicability CONDITION_DEPENDENT => ?a hasLevelOfEvidence LevelOfEvidence_C	zeppenfeld-2022-esc-guidelines-va-and-scd_n0063/na_0004 patientApplicability CONDITION_DEPENDENT => zeppenfeld-2022-esc-guidelines-va-and-scd_n0063/na_0004 hasLevelOfEvidence LevelOfEvidence_C
Rule_1126	?a patientApplicability CONDITION_DEPENDENT => ?a hasLevelOfEvidence LevelOfEvidence_C	mcdonagh-2023-esc-guidelines_n0096/na_0014 patientApplicability CONDITION_DEPENDENT => mcdonagh-2023-esc-guidelines_n0096/na_0014 hasLevelOfEvidence LevelOfEvidence_C
Rule_1126	?a patientApplicability CONDITION_DEPENDENT => ?a hasLevelOfEvidence LevelOfEvidence_C	regitz-zagrosek-2018-2018-esc-guideline-for-the-management-of-cardiovasc_n0048/na_0009 patientApplicability CONDITION_DEPENDENT => regitz-zagrosek-2018-2018-esc-guideline-for-the-management-of-cardiovasc_n0048/na_0009 hasLevelOfEvidence LevelOfEvidence_C
Rule_1126	?a patientApplicability CONDITION_DEPENDENT => ?a hasLevelOfEvidence LevelOfEvidence_C	pelliccia-2020-2020-esc-guidelines-on-sports-cardiology-and-exercise-in_n0054/na_0005 patientApplicability CONDITION_DEPENDENT => pelliccia-2020-2020-esc-guidelines-on-sports-cardiology-and-exercise-in_n0054/na_0005 hasLevelOfEvidence LevelOfEvidence_C
Rule_1126	?a patientApplicability CONDITION_DEPENDENT => ?a hasLevelOfEvidence LevelOfEvidence_C	glikson-2021-2021-esc-guidelines-on-cardiac-pacing-and-cardiac-resynchro_n0086/na_0006 patientApplicability CONDITION_DEPENDENT => glikson-2021-2021-esc-guidelines-on-cardiac-pacing-and-cardiac-resynchro_n0086/na_0006 hasLevelOfEvidence LevelOfEvidence_C
Rule_1126	?a patientApplicability CONDITION_DEPENDENT => ?a hasLevelOfEvidence LevelOfEvidence_C	pelliccia-2020-2020-esc-guidelines-on-sports-cardiology-and-exercise-in_n0073/na_0006 patientApplicability CONDITION_DEPENDENT => pelliccia-2020-2020-esc-guidelines-on-sports-cardiology-and-exercise-in_n0073/na_0006 hasLevelOfEvidence LevelOfEvidence_C
Rule_1126	?a patientApplicability CONDITION_DEPENDENT => ?a hasLevelOfEvidence LevelOfEvidence_C	zeppenfeld-2022-esc-guidelines-va-and-scd_n0062/na_0008 patientApplicability CONDITION_DEPENDENT => zeppenfeld-2022-esc-guidelines-va-and-scd_n0062/na_0008 hasLevelOfEvidence LevelOfEvidence_C
Rule_1126	?a patientApplicability CONDITION_DEPENDENT => ?a hasLevelOfEvidence LevelOfEvidence_C	mcdonagh-2023-esc-guidelines_n0075/na_0004 patientApplicability CONDITION_DEPENDENT => mcdonagh-2023-esc-guidelines_n0075/na_0004 hasLevelOfEvidence LevelOfEvidence_C
Rule_1126	?a patientApplicability CONDITION_DEPENDENT => ?a hasLevelOfEvidence LevelOfEvidence_C	zeppenfeld-2022-esc-guidelines-va-and-scd_n0084/na_0005 patientApplicability CONDITION_DEPENDENT => zeppenfeld-2022-esc-guidelines-va-and-scd_n0084/na_0005 hasLevelOfEvidence LevelOfEvidence_C
Rule_1126	?a patientApplicability CONDITION_DEPENDENT => ?a hasLevelOfEvidence LevelOfEvidence_C	glikson-2021-2021-esc-guidelines-on-cardiac-pacing-and-cardiac-resynchro_n0052/na_0001 patientApplicability CONDITION_DEPENDENT => glikson-2021-2021-esc-guidelines-on-cardiac-pacing-and-cardiac-resynchro_n0052/na_0001 hasLevelOfEvidence LevelOfEvidence_C
Rule_1126	?a patientApplicability CONDITION_DEPENDENT => ?a hasLevelOfEvidence LevelOfEvidence_C	glikson-2021-2021-esc-guidelines-on-cardiac-pacing-and-cardiac-resynchro_n0061/na_0201 patientApplicability CONDITION_DEPENDENT => glikson-2021-2021-esc-guidelines-on-cardiac-pacing-and-cardiac-resynchro_n0061/na_0201 hasLevelOfEvidence LevelOfEvidence_C
Rule_1126	?a patientApplicability CONDITION_DEPENDENT => ?a hasLevelOfEvidence LevelOfEvidence_C	pelliccia-2020-2020-esc-guidelines-on-sports-cardiology-and-exercise-in_n0064/na_0005 patientApplicability CONDITION_DEPENDENT => pelliccia-2020-2020-esc-guidelines-on-sports-cardiology-and-exercise-in_n0064/na_0005 hasLevelOfEvidence LevelOfEvidence_C
Rule_1126	?a patientApplicability CONDITION_DEPENDENT => ?a hasLevelOfEvidence LevelOfEvidence_C	glikson-2021-2021-esc-guidelines-on-cardiac-pacing-and-cardiac-resynchro_n0061/na_0007 patientApplicability CONDITION_DEPENDENT => glikson-2021-2021-esc-guidelines-on-cardiac-pacing-and-cardiac-resynchro_n0061/na_0007 hasLevelOfEvidence LevelOfEvidence_C
Rule_1126	?a patientApplicability CONDITION_DEPENDENT => ?a hasLevelOfEvidence LevelOfEvidence_C	pelliccia-2020-2020-esc-guidelines-on-sports-cardiology-and-exercise-in_n0061/na_0001 patientApplicability CONDITION_DEPENDENT => pelliccia-2020-2020-esc-guidelines-on-sports-cardiology-and-exercise-in_n0061/na_0001 hasLevelOfEvidence LevelOfEvidence_C
Rule_1126	?a patientApplicability CONDITION_DEPENDENT => ?a hasLevelOfEvidence LevelOfEvidence_C	zeppenfeld-2022-esc-guidelines-va-and-scd_n0081/na_0005 patientApplicability CONDITION_DEPENDENT => zeppenfeld-2022-esc-guidelines-va-and-scd_n0081/na_0005 hasLevelOfEvidence LevelOfEvidence_C
Rule_1126	?a patientApplicability CONDITION_DEPENDENT => ?a hasLevelOfEvidence LevelOfEvidence_C	regitz-zagrosek-2018-2018-esc-guideline-for-the-management-of-cardiovasc_n0030/na_0001 patientApplicability CONDITION_DEPENDENT => regitz-zagrosek-2018-2018-esc-guideline-for-the-management-of-cardiovasc_n0030/na_0001 hasLevelOfEvidence LevelOfEvidence_C
Rule_1126	?a patientApplicability CONDITION_DEPENDENT => ?a hasLevelOfEvidence LevelOfEvidence_C	glikson-2021-2021-esc-guidelines-on-cardiac-pacing-and-cardiac-resynchro_n0086/na_0001 patientApplicability CONDITION_DEPENDENT => glikson-2021-2021-esc-guidelines-on-cardiac-pacing-and-cardiac-resynchro_n0086/na_0001 hasLevelOfEvidence LevelOfEvidence_C
Rule_1126	?a patientApplicability CONDITION_DEPENDENT => ?a hasLevelOfEvidence LevelOfEvidence_C	regitz-zagrosek-2018-2018-esc-guideline-for-the-management-of-cardiovasc_n0013/na_0004 patientApplicability CONDITION_DEPENDENT => regitz-zagrosek-2018-2018-esc-guideline-for-the-management-of-cardiovasc_n0013/na_0004 hasLevelOfEvidence LevelOfEvidence_C
Rule_1126	?a patientApplicability CONDITION_DEPENDENT => ?a hasLevelOfEvidence LevelOfEvidence_C	zeppenfeld-2022-esc-guidelines-va-and-scd_n0078/na_0002 patientApplicability CONDITION_DEPENDENT => zeppenfeld-2022-esc-guidelines-va-and-scd_n0078/na_0002 hasLevelOfEvidence LevelOfEvidence_C
Rule_1126	?a patientApplicability CONDITION_DEPENDENT => ?a hasLevelOfEvidence LevelOfEvidence_C	zeppenfeld-2022-esc-guidelines-va-and-scd_n0072/na_0006 patientApplicability CONDITION_DEPENDENT => zeppenfeld-2022-esc-guidelines-va-and-scd_n0072/na_0006 hasLevelOfEvidence LevelOfEvidence_C
Rule_1126	?a patientApplicability CONDITION_DEPENDENT => ?a hasLevelOfEvidence LevelOfEvidence_C	regitz-zagrosek-2018-2018-esc-guideline-for-the-management-of-cardiovasc_n0022/na_0012 patientApplicability CONDITION_DEPENDENT => regitz-zagrosek-2018-2018-esc-guideline-for-the-management-of-cardiovasc_n0022/na_0012 hasLevelOfEvidence LevelOfEvidence_C
Rule_1126	?a patientApplicability CONDITION_DEPENDENT => ?a hasLevelOfEvidence LevelOfEvidence_C	glikson-2021-2021-esc-guidelines-on-cardiac-pacing-and-cardiac-resynchro_n0085/na_0017 patientApplicability CONDITION_DEPENDENT => glikson-2021-2021-esc-guidelines-on-cardiac-pacing-and-cardiac-resynchro_n0085/na_0017 hasLevelOfEvidence LevelOfEvidence_C
Rule_1126	?a patientApplicability CONDITION_DEPENDENT => ?a hasLevelOfEvidence LevelOfEvidence_C	regitz-zagrosek-2018-2018-esc-guideline-for-the-management-of-cardiovasc_n0027/na_0009 patientApplicability CONDITION_DEPENDENT => regitz-zagrosek-2018-2018-esc-guideline-for-the-management-of-cardiovasc_n0027/na_0009 hasLevelOfEvidence LevelOfEvidence_C
Rule_1126	?a patientApplicability CONDITION_DEPENDENT => ?a hasLevelOfEvidence LevelOfEvidence_C	glikson-2021-2021-esc-guidelines-on-cardiac-pacing-and-cardiac-resynchro_n0078/na_0001 patientApplicability CONDITION_DEPENDENT => glikson-2021-2021-esc-guidelines-on-cardiac-pacing-and-cardiac-resynchro_n0078/na_0001 hasLevelOfEvidence LevelOfEvidence_C
Rule_1126	?a patientApplicability CONDITION_DEPENDENT => ?a hasLevelOfEvidence LevelOfEvidence_C	glikson-2021-2021-esc-guidelines-on-cardiac-pacing-and-cardiac-resynchro_n0020/na_0076 patientApplicability CONDITION_DEPENDENT => glikson-2021-2021-esc-guidelines-on-cardiac-pacing-and-cardiac-resynchro_n0020/na_0076 hasLevelOfEvidence LevelOfEvidence_C
Rule_1126	?a patientApplicability CONDITION_DEPENDENT => ?a hasLevelOfEvidence LevelOfEvidence_C	zeppenfeld-2022-esc-guidelines-va-and-scd_n0096/na_0013 patientApplicability CONDITION_DEPENDENT => zeppenfeld-2022-esc-guidelines-va-and-scd_n0096/na_0013 hasLevelOfEvidence LevelOfEvidence_C
Rule_1126	?a patientApplicability CONDITION_DEPENDENT => ?a hasLevelOfEvidence LevelOfEvidence_C	mcdonagh-2023-esc-guidelines_n0096/na_0027 patientApplicability CONDITION_DEPENDENT => mcdonagh-2023-esc-guidelines_n0096/na_0027 hasLevelOfEvidence LevelOfEvidence_C
Rule_1126	?a patientApplicability CONDITION_DEPENDENT => ?a hasLevelOfEvidence LevelOfEvidence_C	glikson-2021-2021-esc-guidelines-on-cardiac-pacing-and-cardiac-resynchro_n0085/na_0025 patientApplicability CONDITION_DEPENDENT => glikson-2021-2021-esc-guidelines-on-cardiac-pacing-and-cardiac-resynchro_n0085/na_0025 hasLevelOfEvidence LevelOfEvidence_C
Rule_1126	?a patientApplicability CONDITION_DEPENDENT => ?a hasLevelOfEvidence LevelOfEvidence_C	zeppenfeld-2022-esc-guidelines-va-and-scd_n0091/na_0020 patientApplicability CONDITION_DEPENDENT => zeppenfeld-2022-esc-guidelines-va-and-scd_n0091/na_0020 hasLevelOfEvidence LevelOfEvidence_C
Rule_1126	?a patientApplicability CONDITION_DEPENDENT => ?a hasLevelOfEvidence LevelOfEvidence_C	zeppenfeld-2022-esc-guidelines-va-and-scd_n0042/na_0003 patientApplicability CONDITION_DEPENDENT => zeppenfeld-2022-esc-guidelines-va-and-scd_n0042/na_0003 hasLevelOfEvidence LevelOfEvidence_C
Rule_1126	?a patientApplicability CONDITION_DEPENDENT => ?a hasLevelOfEvidence LevelOfEvidence_C	regitz-zagrosek-2018-2018-esc-guideline-for-the-management-of-cardiovasc_n0028/na_0003 patientApplicability CONDITION_DEPENDENT => regitz-zagrosek-2018-2018-esc-guideline-for-the-management-of-cardiovasc_n0028/na_0003 hasLevelOfEvidence LevelOfEvidence_C
Rule_1126	?a patientApplicability CONDITION_DEPENDENT => ?a hasLevelOfEvidence LevelOfEvidence_C	zeppenfeld-2022-esc-guidelines-va-and-scd_n0096/na_0014 patientApplicability CONDITION_DEPENDENT => zeppenfeld-2022-esc-guidelines-va-and-scd_n0096/na_0014 hasLevelOfEvidence LevelOfEvidence_C
Rule_1126	?a patientApplicability CONDITION_DEPENDENT => ?a hasLevelOfEvidence LevelOfEvidence_C	regitz-zagrosek-2018-2018-esc-guideline-for-the-management-of-cardiovasc_n0048/na_0007 patientApplicability CONDITION_DEPENDENT => regitz-zagrosek-2018-2018-esc-guideline-for-the-management-of-cardiovasc_n0048/na_0007 hasLevelOfEvidence LevelOfEvidence_C
Rule_1126	?a patientApplicability CONDITION_DEPENDENT => ?a hasLevelOfEvidence LevelOfEvidence_C	zeppenfeld-2022-esc-guidelines-va-and-scd_n0067/na_0007 patientApplicability CONDITION_DEPENDENT => zeppenfeld-2022-esc-guidelines-va-and-scd_n0067/na_0007 hasLevelOfEvidence LevelOfEvidence_C
Rule_1126	?a patientApplicability CONDITION_DEPENDENT => ?a hasLevelOfEvidence LevelOfEvidence_C	visseren-2021-esc-guidelines-cardiovascular-disease-prevention_n0076/na_0005 patientApplicability CONDITION_DEPENDENT => visseren-2021-esc-guidelines-cardiovascular-disease-prevention_n0076/na_0005 hasLevelOfEvidence LevelOfEvidence_C
Rule_1126	?a patientApplicability CONDITION_DEPENDENT => ?a hasLevelOfEvidence LevelOfEvidence_C	zeppenfeld-2022-esc-guidelines-va-and-scd_n0074/na_0003 patientApplicability CONDITION_DEPENDENT => zeppenfeld-2022-esc-guidelines-va-and-scd_n0074/na_0003 hasLevelOfEvidence LevelOfEvidence_C
Rule_1126	?a patientApplicability CONDITION_DEPENDENT => ?a hasLevelOfEvidence LevelOfEvidence_C	regitz-zagrosek-2018-2018-esc-guideline-for-the-management-of-cardiovasc_n0028/na_0002 patientApplicability CONDITION_DEPENDENT => regitz-zagrosek-2018-2018-esc-guideline-for-the-management-of-cardiovasc_n0028/na_0002 hasLevelOfEvidence LevelOfEvidence_C
Rule_1126	?a patientApplicability CONDITION_DEPENDENT => ?a hasLevelOfEvidence LevelOfEvidence_C	mcdonagh-2023-esc-guidelines_n0031/na_0008 patientApplicability CONDITION_DEPENDENT => mcdonagh-2023-esc-guidelines_n0031/na_0008 hasLevelOfEvidence LevelOfEvidence_C
Rule_1126	?a patientApplicability CONDITION_DEPENDENT => ?a hasLevelOfEvidence LevelOfEvidence_C	visseren-2021-esc-guidelines-cardiovascular-disease-prevention_n0079/na_0007 patientApplicability CONDITION_DEPENDENT => visseren-2021-esc-guidelines-cardiovascular-disease-prevention_n0079/na_0007 hasLevelOfEvidence LevelOfEvidence_C
Rule_1126	?a patientApplicability CONDITION_DEPENDENT => ?a hasLevelOfEvidence LevelOfEvidence_C	glikson-2021-2021-esc-guidelines-on-cardiac-pacing-and-cardiac-resynchro_n0020/na_0039 patientApplicability CONDITION_DEPENDENT => glikson-2021-2021-esc-guidelines-on-cardiac-pacing-and-cardiac-resynchro_n0020/na_0039 hasLevelOfEvidence LevelOfEvidence_C
Rule_1126	?a patientApplicability CONDITION_DEPENDENT => ?a hasLevelOfEvidence LevelOfEvidence_C	mcdonagh-2023-esc-guidelines_n0096/na_0022 patientApplicability CONDITION_DEPENDENT => mcdonagh-2023-esc-guidelines_n0096/na_0022 hasLevelOfEvidence LevelOfEvidence_C
Rule_1126	?a patientApplicability CONDITION_DEPENDENT => ?a hasLevelOfEvidence LevelOfEvidence_C	regitz-zagrosek-2018-2018-esc-guideline-for-the-management-of-cardiovasc_n0048/na_0002 patientApplicability CONDITION_DEPENDENT => regitz-zagrosek-2018-2018-esc-guideline-for-the-management-of-cardiovasc_n0048/na_0002 hasLevelOfEvidence LevelOfEvidence_C
Rule_1126	?a patientApplicability CONDITION_DEPENDENT => ?a hasLevelOfEvidence LevelOfEvidence_C	mcdonagh-2023-esc-guidelines_n0080/na_0005 patientApplicability CONDITION_DEPENDENT => mcdonagh-2023-esc-guidelines_n0080/na_0005 hasLevelOfEvidence LevelOfEvidence_C
Rule_1126	?a patientApplicability CONDITION_DEPENDENT => ?a hasLevelOfEvidence LevelOfEvidence_C	zeppenfeld-2022-esc-guidelines-va-and-scd_n0085/na_0011 patientApplicability CONDITION_DEPENDENT => zeppenfeld-2022-esc-guidelines-va-and-scd_n0085/na_0011 hasLevelOfEvidence LevelOfEvidence_C
Rule_1126	?a patientApplicability CONDITION_DEPENDENT => ?a hasLevelOfEvidence LevelOfEvidence_C	regitz-zagrosek-2018-2018-esc-guideline-for-the-management-of-cardiovasc_n0023/na_0017 patientApplicability CONDITION_DEPENDENT => regitz-zagrosek-2018-2018-esc-guideline-for-the-management-of-cardiovasc_n0023/na_0017 hasLevelOfEvidence LevelOfEvidence_C
Rule_1126	?a patientApplicability CONDITION_DEPENDENT => ?a hasLevelOfEvidence LevelOfEvidence_C	glikson-2021-2021-esc-guidelines-on-cardiac-pacing-and-cardiac-resynchro_n0020/na_0056 patientApplicability CONDITION_DEPENDENT => glikson-2021-2021-esc-guidelines-on-cardiac-pacing-and-cardiac-resynchro_n0020/na_0056 hasLevelOfEvidence LevelOfEvidence_C
Rule_1126	?a patientApplicability CONDITION_DEPENDENT => ?a hasLevelOfEvidence LevelOfEvidence_C	zeppenfeld-2022-esc-guidelines-va-and-scd_n0067/na_0006 patientApplicability CONDITION_DEPENDENT => zeppenfeld-2022-esc-guidelines-va-and-scd_n0067/na_0006 hasLevelOfEvidence LevelOfEvidence_C
Rule_1126	?a patientApplicability CONDITION_DEPENDENT => ?a hasLevelOfEvidence LevelOfEvidence_C	regitz-zagrosek-2018-2018-esc-guideline-for-the-management-of-cardiovasc_n0017/na_0004 patientApplicability CONDITION_DEPENDENT => regitz-zagrosek-2018-2018-esc-guideline-for-the-management-of-cardiovasc_n0017/na_0004 hasLevelOfEvidence LevelOfEvidence_C
Rule_1126	?a patientApplicability CONDITION_DEPENDENT => ?a hasLevelOfEvidence LevelOfEvidence_C	mcdonagh-2023-esc-guidelines_n0080/na_0002 patientApplicability CONDITION_DEPENDENT => mcdonagh-2023-esc-guidelines_n0080/na_0002 hasLevelOfEvidence LevelOfEvidence_C
Rule_1126	?a patientApplicability CONDITION_DEPENDENT => ?a hasLevelOfEvidence LevelOfEvidence_C	mcdonagh-2023-esc-guidelines_n0076/na_0004 patientApplicability CONDITION_DEPENDENT => mcdonagh-2023-esc-guidelines_n0076/na_0004 hasLevelOfEvidence LevelOfEvidence_C
Rule_1126	?a patientApplicability CONDITION_DEPENDENT => ?a hasLevelOfEvidence LevelOfEvidence_C	zeppenfeld-2022-esc-guidelines-va-and-scd_n0095/na_0013 patientApplicability CONDITION_DEPENDENT => zeppenfeld-2022-esc-guidelines-va-and-scd_n0095/na_0013 hasLevelOfEvidence LevelOfEvidence_C
Rule_1126	?a patientApplicability CONDITION_DEPENDENT => ?a hasLevelOfEvidence LevelOfEvidence_C	glikson-2021-2021-esc-guidelines-on-cardiac-pacing-and-cardiac-resynchro_n0061/na_0002 patientApplicability CONDITION_DEPENDENT => glikson-2021-2021-esc-guidelines-on-cardiac-pacing-and-cardiac-resynchro_n0061/na_0002 hasLevelOfEvidence LevelOfEvidence_C
Rule_1126	?a patientApplicability CONDITION_DEPENDENT => ?a hasLevelOfEvidence LevelOfEvidence_C	zeppenfeld-2022-esc-guidelines-va-and-scd_n0085/na_0004 patientApplicability CONDITION_DEPENDENT => zeppenfeld-2022-esc-guidelines-va-and-scd_n0085/na_0004 hasLevelOfEvidence LevelOfEvidence_C
Rule_1126	?a patientApplicability CONDITION_DEPENDENT => ?a hasLevelOfEvidence LevelOfEvidence_C	zeppenfeld-2022-esc-guidelines-va-and-scd_n0069/na_0002 patientApplicability CONDITION_DEPENDENT => zeppenfeld-2022-esc-guidelines-va-and-scd_n0069/na_0002 hasLevelOfEvidence LevelOfEvidence_C
Rule_1126	?a patientApplicability CONDITION_DEPENDENT => ?a hasLevelOfEvidence LevelOfEvidence_C	glikson-2021-2021-esc-guidelines-on-cardiac-pacing-and-cardiac-resynchro_n0020/na_0057 patientApplicability CONDITION_DEPENDENT => glikson-2021-2021-esc-guidelines-on-cardiac-pacing-and-cardiac-resynchro_n0020/na_0057 hasLevelOfEvidence LevelOfEvidence_C
Rule_1126	?a patientApplicability CONDITION_DEPENDENT => ?a hasLevelOfEvidence LevelOfEvidence_C	zeppenfeld-2022-esc-guidelines-va-and-scd_n0086/na_0005 patientApplicability CONDITION_DEPENDENT => zeppenfeld-2022-esc-guidelines-va-and-scd_n0086/na_0005 hasLevelOfEvidence LevelOfEvidence_C
Rule_1126	?a patientApplicability CONDITION_DEPENDENT => ?a hasLevelOfEvidence LevelOfEvidence_C	mcdonagh-2023-esc-guidelines_n0070/na_0004 patientApplicability CONDITION_DEPENDENT => mcdonagh-2023-esc-guidelines_n0070/na_0004 hasLevelOfEvidence LevelOfEvidence_C
Rule_1126	?a patientApplicability CONDITION_DEPENDENT => ?a hasLevelOfEvidence LevelOfEvidence_C	zeppenfeld-2022-esc-guidelines-va-and-scd_n0067/na_0003 patientApplicability CONDITION_DEPENDENT => zeppenfeld-2022-esc-guidelines-va-and-scd_n0067/na_0003 hasLevelOfEvidence LevelOfEvidence_C
Rule_1126	?a patientApplicability CONDITION_DEPENDENT => ?a hasLevelOfEvidence LevelOfEvidence_C	zeppenfeld-2022-esc-guidelines-va-and-scd_n0081/na_0003 patientApplicability CONDITION_DEPENDENT => zeppenfeld-2022-esc-guidelines-va-and-scd_n0081/na_0003 hasLevelOfEvidence LevelOfEvidence_C
Rule_1126	?a patientApplicability CONDITION_DEPENDENT => ?a hasLevelOfEvidence LevelOfEvidence_C	visseren-2021-esc-guidelines-cardiovascular-disease-prevention_n0028/na_0001 patientApplicability CONDITION_DEPENDENT => visseren-2021-esc-guidelines-cardiovascular-disease-prevention_n0028/na_0001 hasLevelOfEvidence LevelOfEvidence_C
Rule_1126	?a patientApplicability CONDITION_DEPENDENT => ?a hasLevelOfEvidence LevelOfEvidence_C	zeppenfeld-2022-esc-guidelines-va-and-scd_n0093/na_0014 patientApplicability CONDITION_DEPENDENT => zeppenfeld-2022-esc-guidelines-va-and-scd_n0093/na_0014 hasLevelOfEvidence LevelOfEvidence_C
Rule_1126	?a patientApplicability CONDITION_DEPENDENT => ?a hasLevelOfEvidence LevelOfEvidence_C	pelliccia-2020-2020-esc-guidelines-on-sports-cardiology-and-exercise-in_n0075/na_0018 patientApplicability CONDITION_DEPENDENT => pelliccia-2020-2020-esc-guidelines-on-sports-cardiology-and-exercise-in_n0075/na_0018 hasLevelOfEvidence LevelOfEvidence_C
Rule_1126	?a patientApplicability CONDITION_DEPENDENT => ?a hasLevelOfEvidence LevelOfEvidence_C	zeppenfeld-2022-esc-guidelines-va-and-scd_n0084/na_0001 patientApplicability CONDITION_DEPENDENT => zeppenfeld-2022-esc-guidelines-va-and-scd_n0084/na_0001 hasLevelOfEvidence LevelOfEvidence_C
Rule_1126	?a patientApplicability CONDITION_DEPENDENT => ?a hasLevelOfEvidence LevelOfEvidence_C	zeppenfeld-2022-esc-guidelines-va-and-scd_n0080/na_0001 patientApplicability CONDITION_DEPENDENT => zeppenfeld-2022-esc-guidelines-va-and-scd_n0080/na_0001 hasLevelOfEvidence LevelOfEvidence_C
Rule_1126	?a patientApplicability CONDITION_DEPENDENT => ?a hasLevelOfEvidence LevelOfEvidence_C	regitz-zagrosek-2018-2018-esc-guideline-for-the-management-of-cardiovasc_n0030/na_0002 patientApplicability CONDITION_DEPENDENT => regitz-zagrosek-2018-2018-esc-guideline-for-the-management-of-cardiovasc_n0030/na_0002 hasLevelOfEvidence LevelOfEvidence_C
Rule_1126	?a patientApplicability CONDITION_DEPENDENT => ?a hasLevelOfEvidence LevelOfEvidence_C	mcdonagh-2023-esc-guidelines_n0074/na_0006 patientApplicability CONDITION_DEPENDENT => mcdonagh-2023-esc-guidelines_n0074/na_0006 hasLevelOfEvidence LevelOfEvidence_C
Rule_1126	?a patientApplicability CONDITION_DEPENDENT => ?a hasLevelOfEvidence LevelOfEvidence_C	regitz-zagrosek-2018-2018-esc-guideline-for-the-management-of-cardiovasc_n0025/na_0009 patientApplicability CONDITION_DEPENDENT => regitz-zagrosek-2018-2018-esc-guideline-for-the-management-of-cardiovasc_n0025/na_0009 hasLevelOfEvidence LevelOfEvidence_C
Rule_1126	?a patientApplicability CONDITION_DEPENDENT => ?a hasLevelOfEvidence LevelOfEvidence_C	glikson-2021-2021-esc-guidelines-on-cardiac-pacing-and-cardiac-resynchro_n0064/na_0301 patientApplicability CONDITION_DEPENDENT => glikson-2021-2021-esc-guidelines-on-cardiac-pacing-and-cardiac-resynchro_n0064/na_0301 hasLevelOfEvidence LevelOfEvidence_C
Rule_1126	?a patientApplicability CONDITION_DEPENDENT => ?a hasLevelOfEvidence LevelOfEvidence_C	regitz-zagrosek-2018-2018-esc-guideline-for-the-management-of-cardiovasc_n0048/na_0015 patientApplicability CONDITION_DEPENDENT => regitz-zagrosek-2018-2018-esc-guideline-for-the-management-of-cardiovasc_n0048/na_0015 hasLevelOfEvidence LevelOfEvidence_C
Rule_1126	?a patientApplicability CONDITION_DEPENDENT => ?a hasLevelOfEvidence LevelOfEvidence_C	glikson-2021-2021-esc-guidelines-on-cardiac-pacing-and-cardiac-resynchro_n0061/na_0010 patientApplicability CONDITION_DEPENDENT => glikson-2021-2021-esc-guidelines-on-cardiac-pacing-and-cardiac-resynchro_n0061/na_0010 hasLevelOfEvidence LevelOfEvidence_C
Rule_1126	?a patientApplicability CONDITION_DEPENDENT => ?a hasLevelOfEvidence LevelOfEvidence_C	glikson-2021-2021-esc-guidelines-on-cardiac-pacing-and-cardiac-resynchro_n0020/na_0038 patientApplicability CONDITION_DEPENDENT => glikson-2021-2021-esc-guidelines-on-cardiac-pacing-and-cardiac-resynchro_n0020/na_0038 hasLevelOfEvidence LevelOfEvidence_C
Rule_1126	?a patientApplicability CONDITION_DEPENDENT => ?a hasLevelOfEvidence LevelOfEvidence_C	pelliccia-2020-2020-esc-guidelines-on-sports-cardiology-and-exercise-in_n0075/na_0019 patientApplicability CONDITION_DEPENDENT => pelliccia-2020-2020-esc-guidelines-on-sports-cardiology-and-exercise-in_n0075/na_0019 hasLevelOfEvidence LevelOfEvidence_C
Rule_1126	?a patientApplicability CONDITION_DEPENDENT => ?a hasLevelOfEvidence LevelOfEvidence_C	regitz-zagrosek-2018-2018-esc-guideline-for-the-management-of-cardiovasc_n0027/na_0002 patientApplicability CONDITION_DEPENDENT => regitz-zagrosek-2018-2018-esc-guideline-for-the-management-of-cardiovasc_n0027/na_0002 hasLevelOfEvidence LevelOfEvidence_C
Rule_1126	?a patientApplicability CONDITION_DEPENDENT => ?a hasLevelOfEvidence LevelOfEvidence_C	zeppenfeld-2022-esc-guidelines-va-and-scd_n0091/na_0014 patientApplicability CONDITION_DEPENDENT => zeppenfeld-2022-esc-guidelines-va-and-scd_n0091/na_0014 hasLevelOfEvidence LevelOfEvidence_C
Rule_1126	?a patientApplicability CONDITION_DEPENDENT => ?a hasLevelOfEvidence LevelOfEvidence_C	mcdonagh-2023-esc-guidelines_n0096/na_0023 patientApplicability CONDITION_DEPENDENT => mcdonagh-2023-esc-guidelines_n0096/na_0023 hasLevelOfEvidence LevelOfEvidence_C
Rule_1126	?a patientApplicability CONDITION_DEPENDENT => ?a hasLevelOfEvidence LevelOfEvidence_C	zeppenfeld-2022-esc-guidelines-va-and-scd_n0072/na_0005 patientApplicability CONDITION_DEPENDENT => zeppenfeld-2022-esc-guidelines-va-and-scd_n0072/na_0005 hasLevelOfEvidence LevelOfEvidence_C
Rule_1126	?a patientApplicability CONDITION_DEPENDENT => ?a hasLevelOfEvidence LevelOfEvidence_C	zeppenfeld-2022-esc-guidelines-va-and-scd_n0057/na_0009 patientApplicability CONDITION_DEPENDENT => zeppenfeld-2022-esc-guidelines-va-and-scd_n0057/na_0009 hasLevelOfEvidence LevelOfEvidence_C
Rule_1126	?a patientApplicability CONDITION_DEPENDENT => ?a hasLevelOfEvidence LevelOfEvidence_C	regitz-zagrosek-2018-2018-esc-guideline-for-the-management-of-cardiovasc_n0023/na_0021 patientApplicability CONDITION_DEPENDENT => regitz-zagrosek-2018-2018-esc-guideline-for-the-management-of-cardiovasc_n0023/na_0021 hasLevelOfEvidence LevelOfEvidence_C
Rule_1126	?a patientApplicability CONDITION_DEPENDENT => ?a hasLevelOfEvidence LevelOfEvidence_C	zeppenfeld-2022-esc-guidelines-va-and-scd_n0097/na_0003 patientApplicability CONDITION_DEPENDENT => zeppenfeld-2022-esc-guidelines-va-and-scd_n0097/na_0003 hasLevelOfEvidence LevelOfEvidence_C
Rule_1126	?a patientApplicability CONDITION_DEPENDENT => ?a hasLevelOfEvidence LevelOfEvidence_C	zeppenfeld-2022-esc-guidelines-va-and-scd_n0036/na_0014 patientApplicability CONDITION_DEPENDENT => zeppenfeld-2022-esc-guidelines-va-and-scd_n0036/na_0014 hasLevelOfEvidence LevelOfEvidence_C
Rule_1126	?a patientApplicability CONDITION_DEPENDENT => ?a hasLevelOfEvidence LevelOfEvidence_C	regitz-zagrosek-2018-2018-esc-guideline-for-the-management-of-cardiovasc_n0050/na_0016 patientApplicability CONDITION_DEPENDENT => regitz-zagrosek-2018-2018-esc-guideline-for-the-management-of-cardiovasc_n0050/na_0016 hasLevelOfEvidence LevelOfEvidence_C
Rule_1126	?a patientApplicability CONDITION_DEPENDENT => ?a hasLevelOfEvidence LevelOfEvidence_C	zeppenfeld-2022-esc-guidelines-va-and-scd_n0060/na_0008 patientApplicability CONDITION_DEPENDENT => zeppenfeld-2022-esc-guidelines-va-and-scd_n0060/na_0008 hasLevelOfEvidence LevelOfEvidence_C
Rule_1126	?a patientApplicability CONDITION_DEPENDENT => ?a hasLevelOfEvidence LevelOfEvidence_C	zeppenfeld-2022-esc-guidelines-va-and-scd_n0068/na_0004 patientApplicability CONDITION_DEPENDENT => zeppenfeld-2022-esc-guidelines-va-and-scd_n0068/na_0004 hasLevelOfEvidence LevelOfEvidence_C
Rule_1126	?a patientApplicability CONDITION_DEPENDENT => ?a hasLevelOfEvidence LevelOfEvidence_C	regitz-zagrosek-2018-2018-esc-guideline-for-the-management-of-cardiovasc_n0017/na_0003 patientApplicability CONDITION_DEPENDENT => regitz-zagrosek-2018-2018-esc-guideline-for-the-management-of-cardiovasc_n0017/na_0003 hasLevelOfEvidence LevelOfEvidence_C
Rule_1126	?a patientApplicability CONDITION_DEPENDENT => ?a hasLevelOfEvidence LevelOfEvidence_C	zeppenfeld-2022-esc-guidelines-va-and-scd_n0075/na_0007 patientApplicability CONDITION_DEPENDENT => zeppenfeld-2022-esc-guidelines-va-and-scd_n0075/na_0007 hasLevelOfEvidence LevelOfEvidence_C
Rule_1126	?a patientApplicability CONDITION_DEPENDENT => ?a hasLevelOfEvidence LevelOfEvidence_C	zeppenfeld-2022-esc-guidelines-va-and-scd_n0063/na_0013 patientApplicability CONDITION_DEPENDENT => zeppenfeld-2022-esc-guidelines-va-and-scd_n0063/na_0013 hasLevelOfEvidence LevelOfEvidence_C
Rule_1126	?a patientApplicability CONDITION_DEPENDENT => ?a hasLevelOfEvidence LevelOfEvidence_C	zeppenfeld-2022-esc-guidelines-va-and-scd_n0095/na_0005 patientApplicability CONDITION_DEPENDENT => zeppenfeld-2022-esc-guidelines-va-and-scd_n0095/na_0005 hasLevelOfEvidence LevelOfEvidence_C
Rule_1126	?a patientApplicability CONDITION_DEPENDENT => ?a hasLevelOfEvidence LevelOfEvidence_C	zeppenfeld-2022-esc-guidelines-va-and-scd_n0096/na_0018 patientApplicability CONDITION_DEPENDENT => zeppenfeld-2022-esc-guidelines-va-and-scd_n0096/na_0018 hasLevelOfEvidence LevelOfEvidence_C
Rule_1126	?a patientApplicability CONDITION_DEPENDENT => ?a hasLevelOfEvidence LevelOfEvidence_C	glikson-2021-2021-esc-guidelines-on-cardiac-pacing-and-cardiac-resynchro_n0057/na_0101 patientApplicability CONDITION_DEPENDENT => glikson-2021-2021-esc-guidelines-on-cardiac-pacing-and-cardiac-resynchro_n0057/na_0101 hasLevelOfEvidence LevelOfEvidence_C
Rule_1126	?a patientApplicability CONDITION_DEPENDENT => ?a hasLevelOfEvidence LevelOfEvidence_C	visseren-2021-esc-guidelines-cardiovascular-disease-prevention_n0056/na_0001 patientApplicability CONDITION_DEPENDENT => visseren-2021-esc-guidelines-cardiovascular-disease-prevention_n0056/na_0001 hasLevelOfEvidence LevelOfEvidence_C
Rule_1126	?a patientApplicability CONDITION_DEPENDENT => ?a hasLevelOfEvidence LevelOfEvidence_C	glikson-2021-2021-esc-guidelines-on-cardiac-pacing-and-cardiac-resynchro_n0084/na_0004 patientApplicability CONDITION_DEPENDENT => glikson-2021-2021-esc-guidelines-on-cardiac-pacing-and-cardiac-resynchro_n0084/na_0004 hasLevelOfEvidence LevelOfEvidence_C
Rule_1126	?a patientApplicability CONDITION_DEPENDENT => ?a hasLevelOfEvidence LevelOfEvidence_C	regitz-zagrosek-2018-2018-esc-guideline-for-the-management-of-cardiovasc_n0029/na_0012 patientApplicability CONDITION_DEPENDENT => regitz-zagrosek-2018-2018-esc-guideline-for-the-management-of-cardiovasc_n0029/na_0012 hasLevelOfEvidence LevelOfEvidence_C
Rule_1126	?a patientApplicability CONDITION_DEPENDENT => ?a hasLevelOfEvidence LevelOfEvidence_C	visseren-2021-esc-guidelines-cardiovascular-disease-prevention_n0027/na_0003 patientApplicability CONDITION_DEPENDENT => visseren-2021-esc-guidelines-cardiovascular-disease-prevention_n0027/na_0003 hasLevelOfEvidence LevelOfEvidence_C
Rule_1126	?a patientApplicability CONDITION_DEPENDENT => ?a hasLevelOfEvidence LevelOfEvidence_C	glikson-2021-2021-esc-guidelines-on-cardiac-pacing-and-cardiac-resynchro_n0057/na_0001 patientApplicability CONDITION_DEPENDENT => glikson-2021-2021-esc-guidelines-on-cardiac-pacing-and-cardiac-resynchro_n0057/na_0001 hasLevelOfEvidence LevelOfEvidence_C
Rule_1126	?a patientApplicability CONDITION_DEPENDENT => ?a hasLevelOfEvidence LevelOfEvidence_C	zeppenfeld-2022-esc-guidelines-va-and-scd_n0036/na_0020 patientApplicability CONDITION_DEPENDENT => zeppenfeld-2022-esc-guidelines-va-and-scd_n0036/na_0020 hasLevelOfEvidence LevelOfEvidence_C
Rule_1126	?a patientApplicability CONDITION_DEPENDENT => ?a hasLevelOfEvidence LevelOfEvidence_C	zeppenfeld-2022-esc-guidelines-va-and-scd_n0085/na_0005 patientApplicability CONDITION_DEPENDENT => zeppenfeld-2022-esc-guidelines-va-and-scd_n0085/na_0005 hasLevelOfEvidence LevelOfEvidence_C
Rule_1126	?a patientApplicability CONDITION_DEPENDENT => ?a hasLevelOfEvidence LevelOfEvidence_C	zeppenfeld-2022-esc-guidelines-va-and-scd_n0080/na_0004 patientApplicability CONDITION_DEPENDENT => zeppenfeld-2022-esc-guidelines-va-and-scd_n0080/na_0004 hasLevelOfEvidence LevelOfEvidence_C
Rule_1126	?a patientApplicability CONDITION_DEPENDENT => ?a hasLevelOfEvidence LevelOfEvidence_C	zeppenfeld-2022-esc-guidelines-va-and-scd_n0034/na_0014 patientApplicability CONDITION_DEPENDENT => zeppenfeld-2022-esc-guidelines-va-and-scd_n0034/na_0014 hasLevelOfEvidence LevelOfEvidence_C
Rule_1126	?a patientApplicability CONDITION_DEPENDENT => ?a hasLevelOfEvidence LevelOfEvidence_C	zeppenfeld-2022-esc-guidelines-va-and-scd_n0055/na_0003 patientApplicability CONDITION_DEPENDENT => zeppenfeld-2022-esc-guidelines-va-and-scd_n0055/na_0003 hasLevelOfEvidence LevelOfEvidence_C
Rule_1126	?a patientApplicability CONDITION_DEPENDENT => ?a hasLevelOfEvidence LevelOfEvidence_C	glikson-2021-2021-esc-guidelines-on-cardiac-pacing-and-cardiac-resynchro_n0036/na_0001 patientApplicability CONDITION_DEPENDENT => glikson-2021-2021-esc-guidelines-on-cardiac-pacing-and-cardiac-resynchro_n0036/na_0001 hasLevelOfEvidence LevelOfEvidence_C
Rule_1126	?a patientApplicability CONDITION_DEPENDENT => ?a hasLevelOfEvidence LevelOfEvidence_C	glikson-2021-2021-esc-guidelines-on-cardiac-pacing-and-cardiac-resynchro_n0037/na_0001 patientApplicability CONDITION_DEPENDENT => glikson-2021-2021-esc-guidelines-on-cardiac-pacing-and-cardiac-resynchro_n0037/na_0001 hasLevelOfEvidence LevelOfEvidence_C
Rule_1126	?a patientApplicability CONDITION_DEPENDENT => ?a hasLevelOfEvidence LevelOfEvidence_C	mcdonagh-2023-esc-guidelines_n0063/na_0005 patientApplicability CONDITION_DEPENDENT => mcdonagh-2023-esc-guidelines_n0063/na_0005 hasLevelOfEvidence LevelOfEvidence_C
Rule_1126	?a patientApplicability CONDITION_DEPENDENT => ?a hasLevelOfEvidence LevelOfEvidence_C	zeppenfeld-2022-esc-guidelines-va-and-scd_n0082/na_0005 patientApplicability CONDITION_DEPENDENT => zeppenfeld-2022-esc-guidelines-va-and-scd_n0082/na_0005 hasLevelOfEvidence LevelOfEvidence_C
Rule_1126	?a patientApplicability CONDITION_DEPENDENT => ?a hasLevelOfEvidence LevelOfEvidence_C	glikson-2021-2021-esc-guidelines-on-cardiac-pacing-and-cardiac-resynchro_n0020/na_0037 patientApplicability CONDITION_DEPENDENT => glikson-2021-2021-esc-guidelines-on-cardiac-pacing-and-cardiac-resynchro_n0020/na_0037 hasLevelOfEvidence LevelOfEvidence_C
Rule_1126	?a patientApplicability CONDITION_DEPENDENT => ?a hasLevelOfEvidence LevelOfEvidence_C	glikson-2021-2021-esc-guidelines-on-cardiac-pacing-and-cardiac-resynchro_n0086/na_0019 patientApplicability CONDITION_DEPENDENT => glikson-2021-2021-esc-guidelines-on-cardiac-pacing-and-cardiac-resynchro_n0086/na_0019 hasLevelOfEvidence LevelOfEvidence_C
Rule_1126	?a patientApplicability CONDITION_DEPENDENT => ?a hasLevelOfEvidence LevelOfEvidence_C	glikson-2021-2021-esc-guidelines-on-cardiac-pacing-and-cardiac-resynchro_n0064/na_0302 patientApplicability CONDITION_DEPENDENT => glikson-2021-2021-esc-guidelines-on-cardiac-pacing-and-cardiac-resynchro_n0064/na_0302 hasLevelOfEvidence LevelOfEvidence_C
Rule_1126	?a patientApplicability CONDITION_DEPENDENT => ?a hasLevelOfEvidence LevelOfEvidence_C	mcdonagh-2023-esc-guidelines_n0073/na_0003 patientApplicability CONDITION_DEPENDENT => mcdonagh-2023-esc-guidelines_n0073/na_0003 hasLevelOfEvidence LevelOfEvidence_C
Rule_1126	?a patientApplicability CONDITION_DEPENDENT => ?a hasLevelOfEvidence LevelOfEvidence_C	zeppenfeld-2022-esc-guidelines-va-and-scd_n0093/na_0013 patientApplicability CONDITION_DEPENDENT => zeppenfeld-2022-esc-guidelines-va-and-scd_n0093/na_0013 hasLevelOfEvidence LevelOfEvidence_C
Rule_1126	?a patientApplicability CONDITION_DEPENDENT => ?a hasLevelOfEvidence LevelOfEvidence_C	zeppenfeld-2022-esc-guidelines-va-and-scd_n0035/na_0003 patientApplicability CONDITION_DEPENDENT => zeppenfeld-2022-esc-guidelines-va-and-scd_n0035/na_0003 hasLevelOfEvidence LevelOfEvidence_C
Rule_1126	?a patientApplicability CONDITION_DEPENDENT => ?a hasLevelOfEvidence LevelOfEvidence_C	glikson-2021-2021-esc-guidelines-on-cardiac-pacing-and-cardiac-resynchro_n0020/na_0029 patientApplicability CONDITION_DEPENDENT => glikson-2021-2021-esc-guidelines-on-cardiac-pacing-and-cardiac-resynchro_n0020/na_0029 hasLevelOfEvidence LevelOfEvidence_C
Rule_1126	?a patientApplicability CONDITION_DEPENDENT => ?a hasLevelOfEvidence LevelOfEvidence_C	pelliccia-2020-2020-esc-guidelines-on-sports-cardiology-and-exercise-in_n0077/na_0004 patientApplicability CONDITION_DEPENDENT => pelliccia-2020-2020-esc-guidelines-on-sports-cardiology-and-exercise-in_n0077/na_0004 hasLevelOfEvidence LevelOfEvidence_C
Rule_1126	?a patientApplicability CONDITION_DEPENDENT => ?a hasLevelOfEvidence LevelOfEvidence_C	regitz-zagrosek-2018-2018-esc-guideline-for-the-management-of-cardiovasc_n0022/na_0014 patientApplicability CONDITION_DEPENDENT => regitz-zagrosek-2018-2018-esc-guideline-for-the-management-of-cardiovasc_n0022/na_0014 hasLevelOfEvidence LevelOfEvidence_C
Rule_1126	?a patientApplicability CONDITION_DEPENDENT => ?a hasLevelOfEvidence LevelOfEvidence_C	zeppenfeld-2022-esc-guidelines-va-and-scd_n0097/na_0002 patientApplicability CONDITION_DEPENDENT => zeppenfeld-2022-esc-guidelines-va-and-scd_n0097/na_0002 hasLevelOfEvidence LevelOfEvidence_C
Rule_1126	?a patientApplicability CONDITION_DEPENDENT => ?a hasLevelOfEvidence LevelOfEvidence_C	zeppenfeld-2022-esc-guidelines-va-and-scd_n0096/na_0012 patientApplicability CONDITION_DEPENDENT => zeppenfeld-2022-esc-guidelines-va-and-scd_n0096/na_0012 hasLevelOfEvidence LevelOfEvidence_C
Rule_1126	?a patientApplicability CONDITION_DEPENDENT => ?a hasLevelOfEvidence LevelOfEvidence_C	mcdonagh-2023-esc-guidelines_n0075/na_0002 patientApplicability CONDITION_DEPENDENT => mcdonagh-2023-esc-guidelines_n0075/na_0002 hasLevelOfEvidence LevelOfEvidence_C
Rule_1126	?a patientApplicability CONDITION_DEPENDENT => ?a hasLevelOfEvidence LevelOfEvidence_C	glikson-2021-2021-esc-guidelines-on-cardiac-pacing-and-cardiac-resynchro_n0020/na_0049 patientApplicability CONDITION_DEPENDENT => glikson-2021-2021-esc-guidelines-on-cardiac-pacing-and-cardiac-resynchro_n0020/na_0049 hasLevelOfEvidence LevelOfEvidence_C
Rule_1126	?a patientApplicability CONDITION_DEPENDENT => ?a hasLevelOfEvidence LevelOfEvidence_C	regitz-zagrosek-2018-2018-esc-guideline-for-the-management-of-cardiovasc_n0018/na_0002 patientApplicability CONDITION_DEPENDENT => regitz-zagrosek-2018-2018-esc-guideline-for-the-management-of-cardiovasc_n0018/na_0002 hasLevelOfEvidence LevelOfEvidence_C
Rule_1126	?a patientApplicability CONDITION_DEPENDENT => ?a hasLevelOfEvidence LevelOfEvidence_C	glikson-2021-2021-esc-guidelines-on-cardiac-pacing-and-cardiac-resynchro_n0086/na_0014 patientApplicability CONDITION_DEPENDENT => glikson-2021-2021-esc-guidelines-on-cardiac-pacing-and-cardiac-resynchro_n0086/na_0014 hasLevelOfEvidence LevelOfEvidence_C
Rule_1126	?a patientApplicability CONDITION_DEPENDENT => ?a hasLevelOfEvidence LevelOfEvidence_C	regitz-zagrosek-2018-2018-esc-guideline-for-the-management-of-cardiovasc_n0025/na_0004 patientApplicability CONDITION_DEPENDENT => regitz-zagrosek-2018-2018-esc-guideline-for-the-management-of-cardiovasc_n0025/na_0004 hasLevelOfEvidence LevelOfEvidence_C
Rule_1126	?a patientApplicability CONDITION_DEPENDENT => ?a hasLevelOfEvidence LevelOfEvidence_C	regitz-zagrosek-2018-2018-esc-guideline-for-the-management-of-cardiovasc_n0016/na_0008 patientApplicability CONDITION_DEPENDENT => regitz-zagrosek-2018-2018-esc-guideline-for-the-management-of-cardiovasc_n0016/na_0008 hasLevelOfEvidence LevelOfEvidence_C
Rule_1126	?a patientApplicability CONDITION_DEPENDENT => ?a hasLevelOfEvidence LevelOfEvidence_C	regitz-zagrosek-2018-2018-esc-guideline-for-the-management-of-cardiovasc_n0048/na_0010 patientApplicability CONDITION_DEPENDENT => regitz-zagrosek-2018-2018-esc-guideline-for-the-management-of-cardiovasc_n0048/na_0010 hasLevelOfEvidence LevelOfEvidence_C
Rule_1126	?a patientApplicability CONDITION_DEPENDENT => ?a hasLevelOfEvidence LevelOfEvidence_C	zeppenfeld-2022-esc-guidelines-va-and-scd_n0077/na_0001 patientApplicability CONDITION_DEPENDENT => zeppenfeld-2022-esc-guidelines-va-and-scd_n0077/na_0001 hasLevelOfEvidence LevelOfEvidence_C
Rule_1126	?a patientApplicability CONDITION_DEPENDENT => ?a hasLevelOfEvidence LevelOfEvidence_C	regitz-zagrosek-2018-2018-esc-guideline-for-the-management-of-cardiovasc_n0023/na_0016 patientApplicability CONDITION_DEPENDENT => regitz-zagrosek-2018-2018-esc-guideline-for-the-management-of-cardiovasc_n0023/na_0016 hasLevelOfEvidence LevelOfEvidence_C
Rule_1126	?a patientApplicability CONDITION_DEPENDENT => ?a hasLevelOfEvidence LevelOfEvidence_C	regitz-zagrosek-2018-2018-esc-guideline-for-the-management-of-cardiovasc_n0029/na_0007 patientApplicability CONDITION_DEPENDENT => regitz-zagrosek-2018-2018-esc-guideline-for-the-management-of-cardiovasc_n0029/na_0007 hasLevelOfEvidence LevelOfEvidence_C
Rule_1126	?a patientApplicability CONDITION_DEPENDENT => ?a hasLevelOfEvidence LevelOfEvidence_C	zeppenfeld-2022-esc-guidelines-va-and-scd_n0057/na_0002 patientApplicability CONDITION_DEPENDENT => zeppenfeld-2022-esc-guidelines-va-and-scd_n0057/na_0002 hasLevelOfEvidence LevelOfEvidence_C
Rule_1126	?a patientApplicability CONDITION_DEPENDENT => ?a hasLevelOfEvidence LevelOfEvidence_C	pelliccia-2020-2020-esc-guidelines-on-sports-cardiology-and-exercise-in_n0068/na_0007 patientApplicability CONDITION_DEPENDENT => pelliccia-2020-2020-esc-guidelines-on-sports-cardiology-and-exercise-in_n0068/na_0007 hasLevelOfEvidence LevelOfEvidence_C
Rule_1126	?a patientApplicability CONDITION_DEPENDENT => ?a hasLevelOfEvidence LevelOfEvidence_C	pelliccia-2020-2020-esc-guidelines-on-sports-cardiology-and-exercise-in_n0040/na_0007 patientApplicability CONDITION_DEPENDENT => pelliccia-2020-2020-esc-guidelines-on-sports-cardiology-and-exercise-in_n0040/na_0007 hasLevelOfEvidence LevelOfEvidence_C
Rule_1126	?a patientApplicability CONDITION_DEPENDENT => ?a hasLevelOfEvidence LevelOfEvidence_C	zeppenfeld-2022-esc-guidelines-va-and-scd_n0083/na_0001 patientApplicability CONDITION_DEPENDENT => zeppenfeld-2022-esc-guidelines-va-and-scd_n0083/na_0001 hasLevelOfEvidence LevelOfEvidence_C
Rule_1126	?a patientApplicability CONDITION_DEPENDENT => ?a hasLevelOfEvidence LevelOfEvidence_C	mcdonagh-2023-esc-guidelines_n0073/na_0005 patientApplicability CONDITION_DEPENDENT => mcdonagh-2023-esc-guidelines_n0073/na_0005 hasLevelOfEvidence LevelOfEvidence_C
Rule_1126	?a patientApplicability CONDITION_DEPENDENT => ?a hasLevelOfEvidence LevelOfEvidence_C	regitz-zagrosek-2018-2018-esc-guideline-for-the-management-of-cardiovasc_n0017/na_0001 patientApplicability CONDITION_DEPENDENT => regitz-zagrosek-2018-2018-esc-guideline-for-the-management-of-cardiovasc_n0017/na_0001 hasLevelOfEvidence LevelOfEvidence_C
Rule_1126	?a patientApplicability CONDITION_DEPENDENT => ?a hasLevelOfEvidence LevelOfEvidence_C	pelliccia-2020-2020-esc-guidelines-on-sports-cardiology-and-exercise-in_n0076/na_0015 patientApplicability CONDITION_DEPENDENT => pelliccia-2020-2020-esc-guidelines-on-sports-cardiology-and-exercise-in_n0076/na_0015 hasLevelOfEvidence LevelOfEvidence_C
Rule_1126	?a patientApplicability CONDITION_DEPENDENT => ?a hasLevelOfEvidence LevelOfEvidence_C	regitz-zagrosek-2018-2018-esc-guideline-for-the-management-of-cardiovasc_n0025/na_0003 patientApplicability CONDITION_DEPENDENT => regitz-zagrosek-2018-2018-esc-guideline-for-the-management-of-cardiovasc_n0025/na_0003 hasLevelOfEvidence LevelOfEvidence_C
Rule_1126	?a patientApplicability CONDITION_DEPENDENT => ?a hasLevelOfEvidence LevelOfEvidence_C	regitz-zagrosek-2018-2018-esc-guideline-for-the-management-of-cardiovasc_n0049/na_0005 patientApplicability CONDITION_DEPENDENT => regitz-zagrosek-2018-2018-esc-guideline-for-the-management-of-cardiovasc_n0049/na_0005 hasLevelOfEvidence LevelOfEvidence_C
Rule_1126	?a patientApplicability CONDITION_DEPENDENT => ?a hasLevelOfEvidence LevelOfEvidence_C	pelliccia-2020-2020-esc-guidelines-on-sports-cardiology-and-exercise-in_n0075/na_0007 patientApplicability CONDITION_DEPENDENT => pelliccia-2020-2020-esc-guidelines-on-sports-cardiology-and-exercise-in_n0075/na_0007 hasLevelOfEvidence LevelOfEvidence_C
Rule_1126	?a patientApplicability CONDITION_DEPENDENT => ?a hasLevelOfEvidence LevelOfEvidence_C	visseren-2021-esc-guidelines-cardiovascular-disease-prevention_n0080/na_0004 patientApplicability CONDITION_DEPENDENT => visseren-2021-esc-guidelines-cardiovascular-disease-prevention_n0080/na_0004 hasLevelOfEvidence LevelOfEvidence_C
Rule_1126	?a patientApplicability CONDITION_DEPENDENT => ?a hasLevelOfEvidence LevelOfEvidence_C	pelliccia-2020-2020-esc-guidelines-on-sports-cardiology-and-exercise-in_n0043/na_0003 patientApplicability CONDITION_DEPENDENT => pelliccia-2020-2020-esc-guidelines-on-sports-cardiology-and-exercise-in_n0043/na_0003 hasLevelOfEvidence LevelOfEvidence_C
Rule_1126	?a patientApplicability CONDITION_DEPENDENT => ?a hasLevelOfEvidence LevelOfEvidence_C	fox-2021-positionspaper-schlafmedizin-in-der-kardiologie_n0015/na_0003 patientApplicability CONDITION_DEPENDENT => fox-2021-positionspaper-schlafmedizin-in-der-kardiologie_n0015/na_0003 hasLevelOfEvidence LevelOfEvidence_C
Rule_1126	?a patientApplicability CONDITION_DEPENDENT => ?a hasLevelOfEvidence LevelOfEvidence_C	zeppenfeld-2022-esc-guidelines-va-and-scd_n0047/na_0002 patientApplicability CONDITION_DEPENDENT => zeppenfeld-2022-esc-guidelines-va-and-scd_n0047/na_0002 hasLevelOfEvidence LevelOfEvidence_C
Rule_1126	?a patientApplicability CONDITION_DEPENDENT => ?a hasLevelOfEvidence LevelOfEvidence_C	mcdonagh-2023-esc-guidelines_n0070/na_0001 patientApplicability CONDITION_DEPENDENT => mcdonagh-2023-esc-guidelines_n0070/na_0001 hasLevelOfEvidence LevelOfEvidence_C
Rule_1126	?a patientApplicability CONDITION_DEPENDENT => ?a hasLevelOfEvidence LevelOfEvidence_C	mcdonagh-2023-esc-guidelines_n0032/na_0004 patientApplicability CONDITION_DEPENDENT => mcdonagh-2023-esc-guidelines_n0032/na_0004 hasLevelOfEvidence LevelOfEvidence_C
Rule_1126	?a patientApplicability CONDITION_DEPENDENT => ?a hasLevelOfEvidence LevelOfEvidence_C	glikson-2021-2021-esc-guidelines-on-cardiac-pacing-and-cardiac-resynchro_n0039/na_0001 patientApplicability CONDITION_DEPENDENT => glikson-2021-2021-esc-guidelines-on-cardiac-pacing-and-cardiac-resynchro_n0039/na_0001 hasLevelOfEvidence LevelOfEvidence_C
Rule_1126	?a patientApplicability CONDITION_DEPENDENT => ?a hasLevelOfEvidence LevelOfEvidence_C	zeppenfeld-2022-esc-guidelines-va-and-scd_n0072/na_0002 patientApplicability CONDITION_DEPENDENT => zeppenfeld-2022-esc-guidelines-va-and-scd_n0072/na_0002 hasLevelOfEvidence LevelOfEvidence_C
Rule_1126	?a patientApplicability CONDITION_DEPENDENT => ?a hasLevelOfEvidence LevelOfEvidence_C	pelliccia-2020-2020-esc-guidelines-on-sports-cardiology-and-exercise-in_n0054/na_0006 patientApplicability CONDITION_DEPENDENT => pelliccia-2020-2020-esc-guidelines-on-sports-cardiology-and-exercise-in_n0054/na_0006 hasLevelOfEvidence LevelOfEvidence_C
Rule_1126	?a patientApplicability CONDITION_DEPENDENT => ?a hasLevelOfEvidence LevelOfEvidence_C	zeppenfeld-2022-esc-guidelines-va-and-scd_n0057/na_0010 patientApplicability CONDITION_DEPENDENT => zeppenfeld-2022-esc-guidelines-va-and-scd_n0057/na_0010 hasLevelOfEvidence LevelOfEvidence_C
Rule_1126	?a patientApplicability CONDITION_DEPENDENT => ?a hasLevelOfEvidence LevelOfEvidence_C	visseren-2021-esc-guidelines-cardiovascular-disease-prevention_n0056/na_0002 patientApplicability CONDITION_DEPENDENT => visseren-2021-esc-guidelines-cardiovascular-disease-prevention_n0056/na_0002 hasLevelOfEvidence LevelOfEvidence_C
Rule_1126	?a patientApplicability CONDITION_DEPENDENT => ?a hasLevelOfEvidence LevelOfEvidence_C	pelliccia-2020-2020-esc-guidelines-on-sports-cardiology-and-exercise-in_n0075/na_0008 patientApplicability CONDITION_DEPENDENT => pelliccia-2020-2020-esc-guidelines-on-sports-cardiology-and-exercise-in_n0075/na_0008 hasLevelOfEvidence LevelOfEvidence_C
Rule_1126	?a patientApplicability CONDITION_DEPENDENT => ?a hasLevelOfEvidence LevelOfEvidence_C	regitz-zagrosek-2018-2018-esc-guideline-for-the-management-of-cardiovasc_n0016/na_0016 patientApplicability CONDITION_DEPENDENT => regitz-zagrosek-2018-2018-esc-guideline-for-the-management-of-cardiovasc_n0016/na_0016 hasLevelOfEvidence LevelOfEvidence_C
Rule_1126	?a patientApplicability CONDITION_DEPENDENT => ?a hasLevelOfEvidence LevelOfEvidence_C	zeppenfeld-2022-esc-guidelines-va-and-scd_n0092/na_0008 patientApplicability CONDITION_DEPENDENT => zeppenfeld-2022-esc-guidelines-va-and-scd_n0092/na_0008 hasLevelOfEvidence LevelOfEvidence_C
Rule_1126	?a patientApplicability CONDITION_DEPENDENT => ?a hasLevelOfEvidence LevelOfEvidence_C	zeppenfeld-2022-esc-guidelines-va-and-scd_n0096/na_0007 patientApplicability CONDITION_DEPENDENT => zeppenfeld-2022-esc-guidelines-va-and-scd_n0096/na_0007 hasLevelOfEvidence LevelOfEvidence_C
Rule_1126	?a patientApplicability CONDITION_DEPENDENT => ?a hasLevelOfEvidence LevelOfEvidence_C	pelliccia-2020-2020-esc-guidelines-on-sports-cardiology-and-exercise-in_n0044/na_0003 patientApplicability CONDITION_DEPENDENT => pelliccia-2020-2020-esc-guidelines-on-sports-cardiology-and-exercise-in_n0044/na_0003 hasLevelOfEvidence LevelOfEvidence_C
Rule_1126	?a patientApplicability CONDITION_DEPENDENT => ?a hasLevelOfEvidence LevelOfEvidence_C	mcdonagh-2023-esc-guidelines_n0031/na_0012 patientApplicability CONDITION_DEPENDENT => mcdonagh-2023-esc-guidelines_n0031/na_0012 hasLevelOfEvidence LevelOfEvidence_C
Rule_1126	?a patientApplicability CONDITION_DEPENDENT => ?a hasLevelOfEvidence LevelOfEvidence_C	regitz-zagrosek-2018-2018-esc-guideline-for-the-management-of-cardiovasc_n0027/na_0011 patientApplicability CONDITION_DEPENDENT => regitz-zagrosek-2018-2018-esc-guideline-for-the-management-of-cardiovasc_n0027/na_0011 hasLevelOfEvidence LevelOfEvidence_C
Rule_1126	?a patientApplicability CONDITION_DEPENDENT => ?a hasLevelOfEvidence LevelOfEvidence_C	pelliccia-2020-2020-esc-guidelines-on-sports-cardiology-and-exercise-in_n0076/na_0021 patientApplicability CONDITION_DEPENDENT => pelliccia-2020-2020-esc-guidelines-on-sports-cardiology-and-exercise-in_n0076/na_0021 hasLevelOfEvidence LevelOfEvidence_C
Rule_1126	?a patientApplicability CONDITION_DEPENDENT => ?a hasLevelOfEvidence LevelOfEvidence_C	regitz-zagrosek-2018-2018-esc-guideline-for-the-management-of-cardiovasc_n0025/na_0016 patientApplicability CONDITION_DEPENDENT => regitz-zagrosek-2018-2018-esc-guideline-for-the-management-of-cardiovasc_n0025/na_0016 hasLevelOfEvidence LevelOfEvidence_C
Rule_1126	?a patientApplicability CONDITION_DEPENDENT => ?a hasLevelOfEvidence LevelOfEvidence_C	mcdonagh-2023-esc-guidelines_n0052/na_0004 patientApplicability CONDITION_DEPENDENT => mcdonagh-2023-esc-guidelines_n0052/na_0004 hasLevelOfEvidence LevelOfEvidence_C
Rule_1126	?a patientApplicability CONDITION_DEPENDENT => ?a hasLevelOfEvidence LevelOfEvidence_C	zeppenfeld-2022-esc-guidelines-va-and-scd_n0074/na_0006 patientApplicability CONDITION_DEPENDENT => zeppenfeld-2022-esc-guidelines-va-and-scd_n0074/na_0006 hasLevelOfEvidence LevelOfEvidence_C
Rule_1126	?a patientApplicability CONDITION_DEPENDENT => ?a hasLevelOfEvidence LevelOfEvidence_C	zeppenfeld-2022-esc-guidelines-va-and-scd_n0085/na_0006 patientApplicability CONDITION_DEPENDENT => zeppenfeld-2022-esc-guidelines-va-and-scd_n0085/na_0006 hasLevelOfEvidence LevelOfEvidence_C
Rule_1126	?a patientApplicability CONDITION_DEPENDENT => ?a hasLevelOfEvidence LevelOfEvidence_C	zeppenfeld-2022-esc-guidelines-va-and-scd_n0094/na_0016 patientApplicability CONDITION_DEPENDENT => zeppenfeld-2022-esc-guidelines-va-and-scd_n0094/na_0016 hasLevelOfEvidence LevelOfEvidence_C
Rule_1126	?a patientApplicability CONDITION_DEPENDENT => ?a hasLevelOfEvidence LevelOfEvidence_C	mcdonagh-2023-esc-guidelines_n0096/na_0015 patientApplicability CONDITION_DEPENDENT => mcdonagh-2023-esc-guidelines_n0096/na_0015 hasLevelOfEvidence LevelOfEvidence_C
Rule_1126	?a patientApplicability CONDITION_DEPENDENT => ?a hasLevelOfEvidence LevelOfEvidence_C	zeppenfeld-2022-esc-guidelines-va-and-scd_n0093/na_0021 patientApplicability CONDITION_DEPENDENT => zeppenfeld-2022-esc-guidelines-va-and-scd_n0093/na_0021 hasLevelOfEvidence LevelOfEvidence_C
Rule_1126	?a patientApplicability CONDITION_DEPENDENT => ?a hasLevelOfEvidence LevelOfEvidence_C	zeppenfeld-2022-esc-guidelines-va-and-scd_n0096/na_0023 patientApplicability CONDITION_DEPENDENT => zeppenfeld-2022-esc-guidelines-va-and-scd_n0096/na_0023 hasLevelOfEvidence LevelOfEvidence_C
Rule_1126	?a patientApplicability CONDITION_DEPENDENT => ?a hasLevelOfEvidence LevelOfEvidence_C	regitz-zagrosek-2018-2018-esc-guideline-for-the-management-of-cardiovasc_n0012/na_0006 patientApplicability CONDITION_DEPENDENT => regitz-zagrosek-2018-2018-esc-guideline-for-the-management-of-cardiovasc_n0012/na_0006 hasLevelOfEvidence LevelOfEvidence_C
Rule_1126	?a patientApplicability CONDITION_DEPENDENT => ?a hasLevelOfEvidence LevelOfEvidence_C	zeppenfeld-2022-esc-guidelines-va-and-scd_n0077/na_0004 patientApplicability CONDITION_DEPENDENT => zeppenfeld-2022-esc-guidelines-va-and-scd_n0077/na_0004 hasLevelOfEvidence LevelOfEvidence_C
Rule_1126	?a patientApplicability CONDITION_DEPENDENT => ?a hasLevelOfEvidence LevelOfEvidence_C	zeppenfeld-2022-esc-guidelines-va-and-scd_n0071/na_0001 patientApplicability CONDITION_DEPENDENT => zeppenfeld-2022-esc-guidelines-va-and-scd_n0071/na_0001 hasLevelOfEvidence LevelOfEvidence_C
Rule_1126	?a patientApplicability CONDITION_DEPENDENT => ?a hasLevelOfEvidence LevelOfEvidence_C	regitz-zagrosek-2018-2018-esc-guideline-for-the-management-of-cardiovasc_n0023/na_0018 patientApplicability CONDITION_DEPENDENT => regitz-zagrosek-2018-2018-esc-guideline-for-the-management-of-cardiovasc_n0023/na_0018 hasLevelOfEvidence LevelOfEvidence_C
Rule_1126	?a patientApplicability CONDITION_DEPENDENT => ?a hasLevelOfEvidence LevelOfEvidence_C	zeppenfeld-2022-esc-guidelines-va-and-scd_n0047/na_0003 patientApplicability CONDITION_DEPENDENT => zeppenfeld-2022-esc-guidelines-va-and-scd_n0047/na_0003 hasLevelOfEvidence LevelOfEvidence_C
Rule_1126	?a patientApplicability CONDITION_DEPENDENT => ?a hasLevelOfEvidence LevelOfEvidence_C	regitz-zagrosek-2018-2018-esc-guideline-for-the-management-of-cardiovasc_n0025/na_0014 patientApplicability CONDITION_DEPENDENT => regitz-zagrosek-2018-2018-esc-guideline-for-the-management-of-cardiovasc_n0025/na_0014 hasLevelOfEvidence LevelOfEvidence_C
Rule_1126	?a patientApplicability CONDITION_DEPENDENT => ?a hasLevelOfEvidence LevelOfEvidence_C	zeppenfeld-2022-esc-guidelines-va-and-scd_n0057/na_0004 patientApplicability CONDITION_DEPENDENT => zeppenfeld-2022-esc-guidelines-va-and-scd_n0057/na_0004 hasLevelOfEvidence LevelOfEvidence_C
Rule_1126	?a patientApplicability CONDITION_DEPENDENT => ?a hasLevelOfEvidence LevelOfEvidence_C	zeppenfeld-2022-esc-guidelines-va-and-scd_n0069/na_0003 patientApplicability CONDITION_DEPENDENT => zeppenfeld-2022-esc-guidelines-va-and-scd_n0069/na_0003 hasLevelOfEvidence LevelOfEvidence_C
Rule_1126	?a patientApplicability CONDITION_DEPENDENT => ?a hasLevelOfEvidence LevelOfEvidence_C	visseren-2021-esc-guidelines-cardiovascular-disease-prevention_n0079/na_0002 patientApplicability CONDITION_DEPENDENT => visseren-2021-esc-guidelines-cardiovascular-disease-prevention_n0079/na_0002 hasLevelOfEvidence LevelOfEvidence_C
Rule_1126	?a patientApplicability CONDITION_DEPENDENT => ?a hasLevelOfEvidence LevelOfEvidence_C	regitz-zagrosek-2018-2018-esc-guideline-for-the-management-of-cardiovasc_n0049/na_0006 patientApplicability CONDITION_DEPENDENT => regitz-zagrosek-2018-2018-esc-guideline-for-the-management-of-cardiovasc_n0049/na_0006 hasLevelOfEvidence LevelOfEvidence_C
Rule_1126	?a patientApplicability CONDITION_DEPENDENT => ?a hasLevelOfEvidence LevelOfEvidence_C	regitz-zagrosek-2018-2018-esc-guideline-for-the-management-of-cardiovasc_n0027/na_0003 patientApplicability CONDITION_DEPENDENT => regitz-zagrosek-2018-2018-esc-guideline-for-the-management-of-cardiovasc_n0027/na_0003 hasLevelOfEvidence LevelOfEvidence_C
Rule_1126	?a patientApplicability CONDITION_DEPENDENT => ?a hasLevelOfEvidence LevelOfEvidence_C	zeppenfeld-2022-esc-guidelines-va-and-scd_n0093/na_0017 patientApplicability CONDITION_DEPENDENT => zeppenfeld-2022-esc-guidelines-va-and-scd_n0093/na_0017 hasLevelOfEvidence LevelOfEvidence_C
Rule_1126	?a patientApplicability CONDITION_DEPENDENT => ?a hasLevelOfEvidence LevelOfEvidence_C	mcdonagh-2023-esc-guidelines_n0063/na_0002 patientApplicability CONDITION_DEPENDENT => mcdonagh-2023-esc-guidelines_n0063/na_0002 hasLevelOfEvidence LevelOfEvidence_C
Rule_1126	?a patientApplicability CONDITION_DEPENDENT => ?a hasLevelOfEvidence LevelOfEvidence_C	zeppenfeld-2022-esc-guidelines-va-and-scd_n0097/na_0005 patientApplicability CONDITION_DEPENDENT => zeppenfeld-2022-esc-guidelines-va-and-scd_n0097/na_0005 hasLevelOfEvidence LevelOfEvidence_C
Rule_1126	?a patientApplicability CONDITION_DEPENDENT => ?a hasLevelOfEvidence LevelOfEvidence_C	zeppenfeld-2022-esc-guidelines-va-and-scd_n0096/na_0016 patientApplicability CONDITION_DEPENDENT => zeppenfeld-2022-esc-guidelines-va-and-scd_n0096/na_0016 hasLevelOfEvidence LevelOfEvidence_C
Rule_1126	?a patientApplicability CONDITION_DEPENDENT => ?a hasLevelOfEvidence LevelOfEvidence_C	regitz-zagrosek-2018-2018-esc-guideline-for-the-management-of-cardiovasc_n0024/na_0001 patientApplicability CONDITION_DEPENDENT => regitz-zagrosek-2018-2018-esc-guideline-for-the-management-of-cardiovasc_n0024/na_0001 hasLevelOfEvidence LevelOfEvidence_C
Rule_1126	?a patientApplicability CONDITION_DEPENDENT => ?a hasLevelOfEvidence LevelOfEvidence_C	zeppenfeld-2022-esc-guidelines-va-and-scd_n0082/na_0012 patientApplicability CONDITION_DEPENDENT => zeppenfeld-2022-esc-guidelines-va-and-scd_n0082/na_0012 hasLevelOfEvidence LevelOfEvidence_C
Rule_1126	?a patientApplicability CONDITION_DEPENDENT => ?a hasLevelOfEvidence LevelOfEvidence_C	regitz-zagrosek-2018-2018-esc-guideline-for-the-management-of-cardiovasc_n0048/na_0003 patientApplicability CONDITION_DEPENDENT => regitz-zagrosek-2018-2018-esc-guideline-for-the-management-of-cardiovasc_n0048/na_0003 hasLevelOfEvidence LevelOfEvidence_C
Rule_1126	?a patientApplicability CONDITION_DEPENDENT => ?a hasLevelOfEvidence LevelOfEvidence_C	pelliccia-2020-2020-esc-guidelines-on-sports-cardiology-and-exercise-in_n0064/na_0003 patientApplicability CONDITION_DEPENDENT => pelliccia-2020-2020-esc-guidelines-on-sports-cardiology-and-exercise-in_n0064/na_0003 hasLevelOfEvidence LevelOfEvidence_C
Rule_1126	?a patientApplicability CONDITION_DEPENDENT => ?a hasLevelOfEvidence LevelOfEvidence_C	zeppenfeld-2022-esc-guidelines-va-and-scd_n0081/na_0008 patientApplicability CONDITION_DEPENDENT => zeppenfeld-2022-esc-guidelines-va-and-scd_n0081/na_0008 hasLevelOfEvidence LevelOfEvidence_C
Rule_1126	?a patientApplicability CONDITION_DEPENDENT => ?a hasLevelOfEvidence LevelOfEvidence_C	zeppenfeld-2022-esc-guidelines-va-and-scd_n0061/na_0002 patientApplicability CONDITION_DEPENDENT => zeppenfeld-2022-esc-guidelines-va-and-scd_n0061/na_0002 hasLevelOfEvidence LevelOfEvidence_C
Rule_1126	?a patientApplicability CONDITION_DEPENDENT => ?a hasLevelOfEvidence LevelOfEvidence_C	visseren-2021-esc-guidelines-cardiovascular-disease-prevention_n0080/na_0003 patientApplicability CONDITION_DEPENDENT => visseren-2021-esc-guidelines-cardiovascular-disease-prevention_n0080/na_0003 hasLevelOfEvidence LevelOfEvidence_C
Rule_1126	?a patientApplicability CONDITION_DEPENDENT => ?a hasLevelOfEvidence LevelOfEvidence_C	glikson-2021-2021-esc-guidelines-on-cardiac-pacing-and-cardiac-resynchro_n0020/na_0045 patientApplicability CONDITION_DEPENDENT => glikson-2021-2021-esc-guidelines-on-cardiac-pacing-and-cardiac-resynchro_n0020/na_0045 hasLevelOfEvidence LevelOfEvidence_C
Rule_1126	?a patientApplicability CONDITION_DEPENDENT => ?a hasLevelOfEvidence LevelOfEvidence_C	regitz-zagrosek-2018-2018-esc-guideline-for-the-management-of-cardiovasc_n0050/na_0008 patientApplicability CONDITION_DEPENDENT => regitz-zagrosek-2018-2018-esc-guideline-for-the-management-of-cardiovasc_n0050/na_0008 hasLevelOfEvidence LevelOfEvidence_C
Rule_1126	?a patientApplicability CONDITION_DEPENDENT => ?a hasLevelOfEvidence LevelOfEvidence_C	visseren-2021-esc-guidelines-cardiovascular-disease-prevention_n0033/na_0008 patientApplicability CONDITION_DEPENDENT => visseren-2021-esc-guidelines-cardiovascular-disease-prevention_n0033/na_0008 hasLevelOfEvidence LevelOfEvidence_C
Rule_1126	?a patientApplicability CONDITION_DEPENDENT => ?a hasLevelOfEvidence LevelOfEvidence_C	zeppenfeld-2022-esc-guidelines-va-and-scd_n0062/na_0014 patientApplicability CONDITION_DEPENDENT => zeppenfeld-2022-esc-guidelines-va-and-scd_n0062/na_0014 hasLevelOfEvidence LevelOfEvidence_C
Rule_1126	?a patientApplicability CONDITION_DEPENDENT => ?a hasLevelOfEvidence LevelOfEvidence_C	zeppenfeld-2022-esc-guidelines-va-and-scd_n0079/na_0004 patientApplicability CONDITION_DEPENDENT => zeppenfeld-2022-esc-guidelines-va-and-scd_n0079/na_0004 hasLevelOfEvidence LevelOfEvidence_C
Rule_1126	?a patientApplicability CONDITION_DEPENDENT => ?a hasLevelOfEvidence LevelOfEvidence_C	regitz-zagrosek-2018-2018-esc-guideline-for-the-management-of-cardiovasc_n0051/na_0002 patientApplicability CONDITION_DEPENDENT => regitz-zagrosek-2018-2018-esc-guideline-for-the-management-of-cardiovasc_n0051/na_0002 hasLevelOfEvidence LevelOfEvidence_C
Rule_1126	?a patientApplicability CONDITION_DEPENDENT => ?a hasLevelOfEvidence LevelOfEvidence_C	zeppenfeld-2022-esc-guidelines-va-and-scd_n0092/na_0020 patientApplicability CONDITION_DEPENDENT => zeppenfeld-2022-esc-guidelines-va-and-scd_n0092/na_0020 hasLevelOfEvidence LevelOfEvidence_C
Rule_1126	?a patientApplicability CONDITION_DEPENDENT => ?a hasLevelOfEvidence LevelOfEvidence_C	glikson-2021-2021-esc-guidelines-on-cardiac-pacing-and-cardiac-resynchro_n0020/na_0010 patientApplicability CONDITION_DEPENDENT => glikson-2021-2021-esc-guidelines-on-cardiac-pacing-and-cardiac-resynchro_n0020/na_0010 hasLevelOfEvidence LevelOfEvidence_C
Rule_1126	?a patientApplicability CONDITION_DEPENDENT => ?a hasLevelOfEvidence LevelOfEvidence_C	zeppenfeld-2022-esc-guidelines-va-and-scd_n0081/na_0009 patientApplicability CONDITION_DEPENDENT => zeppenfeld-2022-esc-guidelines-va-and-scd_n0081/na_0009 hasLevelOfEvidence LevelOfEvidence_C
Rule_1126	?a patientApplicability CONDITION_DEPENDENT => ?a hasLevelOfEvidence LevelOfEvidence_C	regitz-zagrosek-2018-2018-esc-guideline-for-the-management-of-cardiovasc_n0022/na_0017 patientApplicability CONDITION_DEPENDENT => regitz-zagrosek-2018-2018-esc-guideline-for-the-management-of-cardiovasc_n0022/na_0017 hasLevelOfEvidence LevelOfEvidence_C
Rule_1126	?a patientApplicability CONDITION_DEPENDENT => ?a hasLevelOfEvidence LevelOfEvidence_C	pelliccia-2020-2020-esc-guidelines-on-sports-cardiology-and-exercise-in_n0074/na_0015 patientApplicability CONDITION_DEPENDENT => pelliccia-2020-2020-esc-guidelines-on-sports-cardiology-and-exercise-in_n0074/na_0015 hasLevelOfEvidence LevelOfEvidence_C
Rule_1126	?a patientApplicability CONDITION_DEPENDENT => ?a hasLevelOfEvidence LevelOfEvidence_C	zeppenfeld-2022-esc-guidelines-va-and-scd_n0092/na_0001 patientApplicability CONDITION_DEPENDENT => zeppenfeld-2022-esc-guidelines-va-and-scd_n0092/na_0001 hasLevelOfEvidence LevelOfEvidence_C
Rule_1126	?a patientApplicability CONDITION_DEPENDENT => ?a hasLevelOfEvidence LevelOfEvidence_C	zeppenfeld-2022-esc-guidelines-va-and-scd_n0095/na_0009 patientApplicability CONDITION_DEPENDENT => zeppenfeld-2022-esc-guidelines-va-and-scd_n0095/na_0009 hasLevelOfEvidence LevelOfEvidence_C
Rule_1126	?a patientApplicability CONDITION_DEPENDENT => ?a hasLevelOfEvidence LevelOfEvidence_C	glikson-2021-2021-esc-guidelines-on-cardiac-pacing-and-cardiac-resynchro_n0020/na_0032 patientApplicability CONDITION_DEPENDENT => glikson-2021-2021-esc-guidelines-on-cardiac-pacing-and-cardiac-resynchro_n0020/na_0032 hasLevelOfEvidence LevelOfEvidence_C
Rule_1126	?a patientApplicability CONDITION_DEPENDENT => ?a hasLevelOfEvidence LevelOfEvidence_C	visseren-2021-esc-guidelines-cardiovascular-disease-prevention_n0011/na_0001 patientApplicability CONDITION_DEPENDENT => visseren-2021-esc-guidelines-cardiovascular-disease-prevention_n0011/na_0001 hasLevelOfEvidence LevelOfEvidence_C
Rule_1126	?a patientApplicability CONDITION_DEPENDENT => ?a hasLevelOfEvidence LevelOfEvidence_C	pelliccia-2020-2020-esc-guidelines-on-sports-cardiology-and-exercise-in_n0075/na_0001 patientApplicability CONDITION_DEPENDENT => pelliccia-2020-2020-esc-guidelines-on-sports-cardiology-and-exercise-in_n0075/na_0001 hasLevelOfEvidence LevelOfEvidence_C
Rule_1126	?a patientApplicability CONDITION_DEPENDENT => ?a hasLevelOfEvidence LevelOfEvidence_C	regitz-zagrosek-2018-2018-esc-guideline-for-the-management-of-cardiovasc_n0029/na_0008 patientApplicability CONDITION_DEPENDENT => regitz-zagrosek-2018-2018-esc-guideline-for-the-management-of-cardiovasc_n0029/na_0008 hasLevelOfEvidence LevelOfEvidence_C
Rule_1126	?a patientApplicability CONDITION_DEPENDENT => ?a hasLevelOfEvidence LevelOfEvidence_C	zeppenfeld-2022-esc-guidelines-va-and-scd_n0081/na_0001 patientApplicability CONDITION_DEPENDENT => zeppenfeld-2022-esc-guidelines-va-and-scd_n0081/na_0001 hasLevelOfEvidence LevelOfEvidence_C
Rule_1126	?a patientApplicability CONDITION_DEPENDENT => ?a hasLevelOfEvidence LevelOfEvidence_C	regitz-zagrosek-2018-2018-esc-guideline-for-the-management-of-cardiovasc_n0023/na_0011 patientApplicability CONDITION_DEPENDENT => regitz-zagrosek-2018-2018-esc-guideline-for-the-management-of-cardiovasc_n0023/na_0011 hasLevelOfEvidence LevelOfEvidence_C
Rule_1126	?a patientApplicability CONDITION_DEPENDENT => ?a hasLevelOfEvidence LevelOfEvidence_C	pelliccia-2020-2020-esc-guidelines-on-sports-cardiology-and-exercise-in_n0068/na_0005 patientApplicability CONDITION_DEPENDENT => pelliccia-2020-2020-esc-guidelines-on-sports-cardiology-and-exercise-in_n0068/na_0005 hasLevelOfEvidence LevelOfEvidence_C
Rule_1126	?a patientApplicability CONDITION_DEPENDENT => ?a hasLevelOfEvidence LevelOfEvidence_C	zeppenfeld-2022-esc-guidelines-va-and-scd_n0094/na_0015 patientApplicability CONDITION_DEPENDENT => zeppenfeld-2022-esc-guidelines-va-and-scd_n0094/na_0015 hasLevelOfEvidence LevelOfEvidence_C
Rule_1126	?a patientApplicability CONDITION_DEPENDENT => ?a hasLevelOfEvidence LevelOfEvidence_C	regitz-zagrosek-2018-2018-esc-guideline-for-the-management-of-cardiovasc_n0016/na_0015 patientApplicability CONDITION_DEPENDENT => regitz-zagrosek-2018-2018-esc-guideline-for-the-management-of-cardiovasc_n0016/na_0015 hasLevelOfEvidence LevelOfEvidence_C
Rule_1126	?a patientApplicability CONDITION_DEPENDENT => ?a hasLevelOfEvidence LevelOfEvidence_C	pelliccia-2020-2020-esc-guidelines-on-sports-cardiology-and-exercise-in_n0076/na_0008 patientApplicability CONDITION_DEPENDENT => pelliccia-2020-2020-esc-guidelines-on-sports-cardiology-and-exercise-in_n0076/na_0008 hasLevelOfEvidence LevelOfEvidence_C
Rule_1126	?a patientApplicability CONDITION_DEPENDENT => ?a hasLevelOfEvidence LevelOfEvidence_C	zeppenfeld-2022-esc-guidelines-va-and-scd_n0057/na_0001 patientApplicability CONDITION_DEPENDENT => zeppenfeld-2022-esc-guidelines-va-and-scd_n0057/na_0001 hasLevelOfEvidence LevelOfEvidence_C
Rule_1126	?a patientApplicability CONDITION_DEPENDENT => ?a hasLevelOfEvidence LevelOfEvidence_C	pelliccia-2020-2020-esc-guidelines-on-sports-cardiology-and-exercise-in_n0041/na_0003 patientApplicability CONDITION_DEPENDENT => pelliccia-2020-2020-esc-guidelines-on-sports-cardiology-and-exercise-in_n0041/na_0003 hasLevelOfEvidence LevelOfEvidence_C
Rule_1126	?a patientApplicability CONDITION_DEPENDENT => ?a hasLevelOfEvidence LevelOfEvidence_C	zeppenfeld-2022-esc-guidelines-va-and-scd_n0054/na_0001 patientApplicability CONDITION_DEPENDENT => zeppenfeld-2022-esc-guidelines-va-and-scd_n0054/na_0001 hasLevelOfEvidence LevelOfEvidence_C
Rule_1126	?a patientApplicability CONDITION_DEPENDENT => ?a hasLevelOfEvidence LevelOfEvidence_C	zeppenfeld-2022-esc-guidelines-va-and-scd_n0070/na_0002 patientApplicability CONDITION_DEPENDENT => zeppenfeld-2022-esc-guidelines-va-and-scd_n0070/na_0002 hasLevelOfEvidence LevelOfEvidence_C
Rule_1126	?a patientApplicability CONDITION_DEPENDENT => ?a hasLevelOfEvidence LevelOfEvidence_C	visseren-2021-esc-guidelines-cardiovascular-disease-prevention_n0080/na_0001 patientApplicability CONDITION_DEPENDENT => visseren-2021-esc-guidelines-cardiovascular-disease-prevention_n0080/na_0001 hasLevelOfEvidence LevelOfEvidence_C
Rule_1126	?a patientApplicability CONDITION_DEPENDENT => ?a hasLevelOfEvidence LevelOfEvidence_C	zeppenfeld-2022-esc-guidelines-va-and-scd_n0096/na_0020 patientApplicability CONDITION_DEPENDENT => zeppenfeld-2022-esc-guidelines-va-and-scd_n0096/na_0020 hasLevelOfEvidence LevelOfEvidence_C
Rule_1126	?a patientApplicability CONDITION_DEPENDENT => ?a hasLevelOfEvidence LevelOfEvidence_C	pelliccia-2020-2020-esc-guidelines-on-sports-cardiology-and-exercise-in_n0025/na_0002 patientApplicability CONDITION_DEPENDENT => pelliccia-2020-2020-esc-guidelines-on-sports-cardiology-and-exercise-in_n0025/na_0002 hasLevelOfEvidence LevelOfEvidence_C
Rule_1126	?a patientApplicability CONDITION_DEPENDENT => ?a hasLevelOfEvidence LevelOfEvidence_C	visseren-2021-esc-guidelines-cardiovascular-disease-prevention_n0033/na_0006 patientApplicability CONDITION_DEPENDENT => visseren-2021-esc-guidelines-cardiovascular-disease-prevention_n0033/na_0006 hasLevelOfEvidence LevelOfEvidence_C
Rule_1126	?a patientApplicability CONDITION_DEPENDENT => ?a hasLevelOfEvidence LevelOfEvidence_C	regitz-zagrosek-2018-2018-esc-guideline-for-the-management-of-cardiovasc_n0017/na_0002 patientApplicability CONDITION_DEPENDENT => regitz-zagrosek-2018-2018-esc-guideline-for-the-management-of-cardiovasc_n0017/na_0002 hasLevelOfEvidence LevelOfEvidence_C
Rule_1126	?a patientApplicability CONDITION_DEPENDENT => ?a hasLevelOfEvidence LevelOfEvidence_C	mcdonagh-2023-esc-guidelines_n0095/na_0014 patientApplicability CONDITION_DEPENDENT => mcdonagh-2023-esc-guidelines_n0095/na_0014 hasLevelOfEvidence LevelOfEvidence_C
Rule_1126	?a patientApplicability CONDITION_DEPENDENT => ?a hasLevelOfEvidence LevelOfEvidence_C	zeppenfeld-2022-esc-guidelines-va-and-scd_n0084/na_0008 patientApplicability CONDITION_DEPENDENT => zeppenfeld-2022-esc-guidelines-va-and-scd_n0084/na_0008 hasLevelOfEvidence LevelOfEvidence_C
Rule_1126	?a patientApplicability CONDITION_DEPENDENT => ?a hasLevelOfEvidence LevelOfEvidence_C	regitz-zagrosek-2018-2018-esc-guideline-for-the-management-of-cardiovasc_n0048/na_0004 patientApplicability CONDITION_DEPENDENT => regitz-zagrosek-2018-2018-esc-guideline-for-the-management-of-cardiovasc_n0048/na_0004 hasLevelOfEvidence LevelOfEvidence_C
Rule_1126	?a patientApplicability CONDITION_DEPENDENT => ?a hasLevelOfEvidence LevelOfEvidence_C	zeppenfeld-2022-esc-guidelines-va-and-scd_n0096/na_0025 patientApplicability CONDITION_DEPENDENT => zeppenfeld-2022-esc-guidelines-va-and-scd_n0096/na_0025 hasLevelOfEvidence LevelOfEvidence_C
Rule_1126	?a patientApplicability CONDITION_DEPENDENT => ?a hasLevelOfEvidence LevelOfEvidence_C	zeppenfeld-2022-esc-guidelines-va-and-scd_n0084/na_0004 patientApplicability CONDITION_DEPENDENT => zeppenfeld-2022-esc-guidelines-va-and-scd_n0084/na_0004 hasLevelOfEvidence LevelOfEvidence_C
Rule_1126	?a patientApplicability CONDITION_DEPENDENT => ?a hasLevelOfEvidence LevelOfEvidence_C	regitz-zagrosek-2018-2018-esc-guideline-for-the-management-of-cardiovasc_n0029/na_0009 patientApplicability CONDITION_DEPENDENT => regitz-zagrosek-2018-2018-esc-guideline-for-the-management-of-cardiovasc_n0029/na_0009 hasLevelOfEvidence LevelOfEvidence_C
Rule_1126	?a patientApplicability CONDITION_DEPENDENT => ?a hasLevelOfEvidence LevelOfEvidence_C	zeppenfeld-2022-esc-guidelines-va-and-scd_n0097/na_0007 patientApplicability CONDITION_DEPENDENT => zeppenfeld-2022-esc-guidelines-va-and-scd_n0097/na_0007 hasLevelOfEvidence LevelOfEvidence_C
Rule_1126	?a patientApplicability CONDITION_DEPENDENT => ?a hasLevelOfEvidence LevelOfEvidence_C	zeppenfeld-2022-esc-guidelines-va-and-scd_n0094/na_0022 patientApplicability CONDITION_DEPENDENT => zeppenfeld-2022-esc-guidelines-va-and-scd_n0094/na_0022 hasLevelOfEvidence LevelOfEvidence_C
Rule_1126	?a patientApplicability CONDITION_DEPENDENT => ?a hasLevelOfEvidence LevelOfEvidence_C	glikson-2021-2021-esc-guidelines-on-cardiac-pacing-and-cardiac-resynchro_n0020/na_0071 patientApplicability CONDITION_DEPENDENT => glikson-2021-2021-esc-guidelines-on-cardiac-pacing-and-cardiac-resynchro_n0020/na_0071 hasLevelOfEvidence LevelOfEvidence_C
Rule_1126	?a patientApplicability CONDITION_DEPENDENT => ?a hasLevelOfEvidence LevelOfEvidence_C	zeppenfeld-2022-esc-guidelines-va-and-scd_n0058/na_0001 patientApplicability CONDITION_DEPENDENT => zeppenfeld-2022-esc-guidelines-va-and-scd_n0058/na_0001 hasLevelOfEvidence LevelOfEvidence_C
Rule_1126	?a patientApplicability CONDITION_DEPENDENT => ?a hasLevelOfEvidence LevelOfEvidence_C	zeppenfeld-2022-esc-guidelines-va-and-scd_n0078/na_0001 patientApplicability CONDITION_DEPENDENT => zeppenfeld-2022-esc-guidelines-va-and-scd_n0078/na_0001 hasLevelOfEvidence LevelOfEvidence_C
Rule_1126	?a patientApplicability CONDITION_DEPENDENT => ?a hasLevelOfEvidence LevelOfEvidence_C	zeppenfeld-2022-esc-guidelines-va-and-scd_n0081/na_0004 patientApplicability CONDITION_DEPENDENT => zeppenfeld-2022-esc-guidelines-va-and-scd_n0081/na_0004 hasLevelOfEvidence LevelOfEvidence_C
Rule_1126	?a patientApplicability CONDITION_DEPENDENT => ?a hasLevelOfEvidence LevelOfEvidence_C	regitz-zagrosek-2018-2018-esc-guideline-for-the-management-of-cardiovasc_n0023/na_0010 patientApplicability CONDITION_DEPENDENT => regitz-zagrosek-2018-2018-esc-guideline-for-the-management-of-cardiovasc_n0023/na_0010 hasLevelOfEvidence LevelOfEvidence_C
Rule_1126	?a patientApplicability CONDITION_DEPENDENT => ?a hasLevelOfEvidence LevelOfEvidence_C	pelliccia-2020-2020-esc-guidelines-on-sports-cardiology-and-exercise-in_n0025/na_0001 patientApplicability CONDITION_DEPENDENT => pelliccia-2020-2020-esc-guidelines-on-sports-cardiology-and-exercise-in_n0025/na_0001 hasLevelOfEvidence LevelOfEvidence_C
Rule_1126	?a patientApplicability CONDITION_DEPENDENT => ?a hasLevelOfEvidence LevelOfEvidence_C	zeppenfeld-2022-esc-guidelines-va-and-scd_n0048/na_0002 patientApplicability CONDITION_DEPENDENT => zeppenfeld-2022-esc-guidelines-va-and-scd_n0048/na_0002 hasLevelOfEvidence LevelOfEvidence_C
Rule_1126	?a patientApplicability CONDITION_DEPENDENT => ?a hasLevelOfEvidence LevelOfEvidence_C	glikson-2021-2021-esc-guidelines-on-cardiac-pacing-and-cardiac-resynchro_n0081/na_0002 patientApplicability CONDITION_DEPENDENT => glikson-2021-2021-esc-guidelines-on-cardiac-pacing-and-cardiac-resynchro_n0081/na_0002 hasLevelOfEvidence LevelOfEvidence_C
Rule_1126	?a patientApplicability CONDITION_DEPENDENT => ?a hasLevelOfEvidence LevelOfEvidence_C	glikson-2021-2021-esc-guidelines-on-cardiac-pacing-and-cardiac-resynchro_n0020/na_0085 patientApplicability CONDITION_DEPENDENT => glikson-2021-2021-esc-guidelines-on-cardiac-pacing-and-cardiac-resynchro_n0020/na_0085 hasLevelOfEvidence LevelOfEvidence_C
Rule_1126	?a patientApplicability CONDITION_DEPENDENT => ?a hasLevelOfEvidence LevelOfEvidence_C	regitz-zagrosek-2018-2018-esc-guideline-for-the-management-of-cardiovasc_n0029/na_0005 patientApplicability CONDITION_DEPENDENT => regitz-zagrosek-2018-2018-esc-guideline-for-the-management-of-cardiovasc_n0029/na_0005 hasLevelOfEvidence LevelOfEvidence_C
Rule_1126	?a patientApplicability CONDITION_DEPENDENT => ?a hasLevelOfEvidence LevelOfEvidence_C	zeppenfeld-2022-esc-guidelines-va-and-scd_n0073/na_0002 patientApplicability CONDITION_DEPENDENT => zeppenfeld-2022-esc-guidelines-va-and-scd_n0073/na_0002 hasLevelOfEvidence LevelOfEvidence_C
Rule_1126	?a patientApplicability CONDITION_DEPENDENT => ?a hasLevelOfEvidence LevelOfEvidence_C	regitz-zagrosek-2018-2018-esc-guideline-for-the-management-of-cardiovasc_n0012/na_0007 patientApplicability CONDITION_DEPENDENT => regitz-zagrosek-2018-2018-esc-guideline-for-the-management-of-cardiovasc_n0012/na_0007 hasLevelOfEvidence LevelOfEvidence_C
Rule_1126	?a patientApplicability CONDITION_DEPENDENT => ?a hasLevelOfEvidence LevelOfEvidence_C	glikson-2021-2021-esc-guidelines-on-cardiac-pacing-and-cardiac-resynchro_n0046/na_0008 patientApplicability CONDITION_DEPENDENT => glikson-2021-2021-esc-guidelines-on-cardiac-pacing-and-cardiac-resynchro_n0046/na_0008 hasLevelOfEvidence LevelOfEvidence_C
Rule_1126	?a patientApplicability CONDITION_DEPENDENT => ?a hasLevelOfEvidence LevelOfEvidence_C	zeppenfeld-2022-esc-guidelines-va-and-scd_n0091/na_0019 patientApplicability CONDITION_DEPENDENT => zeppenfeld-2022-esc-guidelines-va-and-scd_n0091/na_0019 hasLevelOfEvidence LevelOfEvidence_C
Rule_1126	?a patientApplicability CONDITION_DEPENDENT => ?a hasLevelOfEvidence LevelOfEvidence_C	zeppenfeld-2022-esc-guidelines-va-and-scd_n0094/na_0020 patientApplicability CONDITION_DEPENDENT => zeppenfeld-2022-esc-guidelines-va-and-scd_n0094/na_0020 hasLevelOfEvidence LevelOfEvidence_C
Rule_1126	?a patientApplicability CONDITION_DEPENDENT => ?a hasLevelOfEvidence LevelOfEvidence_C	glikson-2021-2021-esc-guidelines-on-cardiac-pacing-and-cardiac-resynchro_n0064/na_0002 patientApplicability CONDITION_DEPENDENT => glikson-2021-2021-esc-guidelines-on-cardiac-pacing-and-cardiac-resynchro_n0064/na_0002 hasLevelOfEvidence LevelOfEvidence_C
Rule_1126	?a patientApplicability CONDITION_DEPENDENT => ?a hasLevelOfEvidence LevelOfEvidence_C	glikson-2021-2021-esc-guidelines-on-cardiac-pacing-and-cardiac-resynchro_n0063/na_0002 patientApplicability CONDITION_DEPENDENT => glikson-2021-2021-esc-guidelines-on-cardiac-pacing-and-cardiac-resynchro_n0063/na_0002 hasLevelOfEvidence LevelOfEvidence_C
Rule_1126	?a patientApplicability CONDITION_DEPENDENT => ?a hasLevelOfEvidence LevelOfEvidence_C	zeppenfeld-2022-esc-guidelines-va-and-scd_n0096/na_0002 patientApplicability CONDITION_DEPENDENT => zeppenfeld-2022-esc-guidelines-va-and-scd_n0096/na_0002 hasLevelOfEvidence LevelOfEvidence_C
Rule_1126	?a patientApplicability CONDITION_DEPENDENT => ?a hasLevelOfEvidence LevelOfEvidence_C	regitz-zagrosek-2018-2018-esc-guideline-for-the-management-of-cardiovasc_n0023/na_0023 patientApplicability CONDITION_DEPENDENT => regitz-zagrosek-2018-2018-esc-guideline-for-the-management-of-cardiovasc_n0023/na_0023 hasLevelOfEvidence LevelOfEvidence_C
Rule_1126	?a patientApplicability CONDITION_DEPENDENT => ?a hasLevelOfEvidence LevelOfEvidence_C	mcdonagh-2023-esc-guidelines_n0095/na_0020 patientApplicability CONDITION_DEPENDENT => mcdonagh-2023-esc-guidelines_n0095/na_0020 hasLevelOfEvidence LevelOfEvidence_C
Rule_1126	?a patientApplicability CONDITION_DEPENDENT => ?a hasLevelOfEvidence LevelOfEvidence_C	glikson-2021-2021-esc-guidelines-on-cardiac-pacing-and-cardiac-resynchro_n0020/na_0005 patientApplicability CONDITION_DEPENDENT => glikson-2021-2021-esc-guidelines-on-cardiac-pacing-and-cardiac-resynchro_n0020/na_0005 hasLevelOfEvidence LevelOfEvidence_C
Rule_1126	?a patientApplicability CONDITION_DEPENDENT => ?a hasLevelOfEvidence LevelOfEvidence_C	regitz-zagrosek-2018-2018-esc-guideline-for-the-management-of-cardiovasc_n0051/na_0001 patientApplicability CONDITION_DEPENDENT => regitz-zagrosek-2018-2018-esc-guideline-for-the-management-of-cardiovasc_n0051/na_0001 hasLevelOfEvidence LevelOfEvidence_C
Rule_1126	?a patientApplicability CONDITION_DEPENDENT => ?a hasLevelOfEvidence LevelOfEvidence_C	zeppenfeld-2022-esc-guidelines-va-and-scd_n0079/na_0001 patientApplicability CONDITION_DEPENDENT => zeppenfeld-2022-esc-guidelines-va-and-scd_n0079/na_0001 hasLevelOfEvidence LevelOfEvidence_C
Rule_1126	?a patientApplicability CONDITION_DEPENDENT => ?a hasLevelOfEvidence LevelOfEvidence_C	regitz-zagrosek-2018-2018-esc-guideline-for-the-management-of-cardiovasc_n0025/na_0010 patientApplicability CONDITION_DEPENDENT => regitz-zagrosek-2018-2018-esc-guideline-for-the-management-of-cardiovasc_n0025/na_0010 hasLevelOfEvidence LevelOfEvidence_C
Rule_1126	?a patientApplicability CONDITION_DEPENDENT => ?a hasLevelOfEvidence LevelOfEvidence_C	pelliccia-2020-2020-esc-guidelines-on-sports-cardiology-and-exercise-in_n0068/na_0002 patientApplicability CONDITION_DEPENDENT => pelliccia-2020-2020-esc-guidelines-on-sports-cardiology-and-exercise-in_n0068/na_0002 hasLevelOfEvidence LevelOfEvidence_C
Rule_1126	?a patientApplicability CONDITION_DEPENDENT => ?a hasLevelOfEvidence LevelOfEvidence_C	zeppenfeld-2022-esc-guidelines-va-and-scd_n0093/na_0020 patientApplicability CONDITION_DEPENDENT => zeppenfeld-2022-esc-guidelines-va-and-scd_n0093/na_0020 hasLevelOfEvidence LevelOfEvidence_C
Rule_1126	?a patientApplicability CONDITION_DEPENDENT => ?a hasLevelOfEvidence LevelOfEvidence_C	zeppenfeld-2022-esc-guidelines-va-and-scd_n0062/na_0012 patientApplicability CONDITION_DEPENDENT => zeppenfeld-2022-esc-guidelines-va-and-scd_n0062/na_0012 hasLevelOfEvidence LevelOfEvidence_C
Rule_1126	?a patientApplicability CONDITION_DEPENDENT => ?a hasLevelOfEvidence LevelOfEvidence_C	pelliccia-2020-2020-esc-guidelines-on-sports-cardiology-and-exercise-in_n0075/na_0013 patientApplicability CONDITION_DEPENDENT => pelliccia-2020-2020-esc-guidelines-on-sports-cardiology-and-exercise-in_n0075/na_0013 hasLevelOfEvidence LevelOfEvidence_C
Rule_1126	?a patientApplicability CONDITION_DEPENDENT => ?a hasLevelOfEvidence LevelOfEvidence_C	mcdonagh-2023-esc-guidelines_n0096/na_0013 patientApplicability CONDITION_DEPENDENT => mcdonagh-2023-esc-guidelines_n0096/na_0013 hasLevelOfEvidence LevelOfEvidence_C
Rule_1126	?a patientApplicability CONDITION_DEPENDENT => ?a hasLevelOfEvidence LevelOfEvidence_C	mcdonagh-2023-esc-guidelines_n0080/na_0001 patientApplicability CONDITION_DEPENDENT => mcdonagh-2023-esc-guidelines_n0080/na_0001 hasLevelOfEvidence LevelOfEvidence_C
Rule_1126	?a patientApplicability CONDITION_DEPENDENT => ?a hasLevelOfEvidence LevelOfEvidence_C	zeppenfeld-2022-esc-guidelines-va-and-scd_n0062/na_0016 patientApplicability CONDITION_DEPENDENT => zeppenfeld-2022-esc-guidelines-va-and-scd_n0062/na_0016 hasLevelOfEvidence LevelOfEvidence_C
Rule_1126	?a patientApplicability CONDITION_DEPENDENT => ?a hasLevelOfEvidence LevelOfEvidence_C	pelliccia-2020-2020-esc-guidelines-on-sports-cardiology-and-exercise-in_n0076/na_0017 patientApplicability CONDITION_DEPENDENT => pelliccia-2020-2020-esc-guidelines-on-sports-cardiology-and-exercise-in_n0076/na_0017 hasLevelOfEvidence LevelOfEvidence_C
Rule_1126	?a patientApplicability CONDITION_DEPENDENT => ?a hasLevelOfEvidence LevelOfEvidence_C	zeppenfeld-2022-esc-guidelines-va-and-scd_n0060/na_0007 patientApplicability CONDITION_DEPENDENT => zeppenfeld-2022-esc-guidelines-va-and-scd_n0060/na_0007 hasLevelOfEvidence LevelOfEvidence_C
Rule_1126	?a patientApplicability CONDITION_DEPENDENT => ?a hasLevelOfEvidence LevelOfEvidence_C	regitz-zagrosek-2018-2018-esc-guideline-for-the-management-of-cardiovasc_n0048/na_0012 patientApplicability CONDITION_DEPENDENT => regitz-zagrosek-2018-2018-esc-guideline-for-the-management-of-cardiovasc_n0048/na_0012 hasLevelOfEvidence LevelOfEvidence_C
Rule_1126	?a patientApplicability CONDITION_DEPENDENT => ?a hasLevelOfEvidence LevelOfEvidence_C	regitz-zagrosek-2018-2018-esc-guideline-for-the-management-of-cardiovasc_n0050/na_0003 patientApplicability CONDITION_DEPENDENT => regitz-zagrosek-2018-2018-esc-guideline-for-the-management-of-cardiovasc_n0050/na_0003 hasLevelOfEvidence LevelOfEvidence_C
Rule_1126	?a patientApplicability CONDITION_DEPENDENT => ?a hasLevelOfEvidence LevelOfEvidence_C	regitz-zagrosek-2018-2018-esc-guideline-for-the-management-of-cardiovasc_n0050/na_0010 patientApplicability CONDITION_DEPENDENT => regitz-zagrosek-2018-2018-esc-guideline-for-the-management-of-cardiovasc_n0050/na_0010 hasLevelOfEvidence LevelOfEvidence_C
Rule_1126	?a patientApplicability CONDITION_DEPENDENT => ?a hasLevelOfEvidence LevelOfEvidence_C	pelliccia-2020-2020-esc-guidelines-on-sports-cardiology-and-exercise-in_n0042/na_0001 patientApplicability CONDITION_DEPENDENT => pelliccia-2020-2020-esc-guidelines-on-sports-cardiology-and-exercise-in_n0042/na_0001 hasLevelOfEvidence LevelOfEvidence_C
Rule_1126	?a patientApplicability CONDITION_DEPENDENT => ?a hasLevelOfEvidence LevelOfEvidence_C	zeppenfeld-2022-esc-guidelines-va-and-scd_n0061/na_0004 patientApplicability CONDITION_DEPENDENT => zeppenfeld-2022-esc-guidelines-va-and-scd_n0061/na_0004 hasLevelOfEvidence LevelOfEvidence_C
Rule_1126	?a patientApplicability CONDITION_DEPENDENT => ?a hasLevelOfEvidence LevelOfEvidence_C	zeppenfeld-2022-esc-guidelines-va-and-scd_n0055/na_0002 patientApplicability CONDITION_DEPENDENT => zeppenfeld-2022-esc-guidelines-va-and-scd_n0055/na_0002 hasLevelOfEvidence LevelOfEvidence_C
Rule_1126	?a patientApplicability CONDITION_DEPENDENT => ?a hasLevelOfEvidence LevelOfEvidence_C	glikson-2021-2021-esc-guidelines-on-cardiac-pacing-and-cardiac-resynchro_n0057/na_0004 patientApplicability CONDITION_DEPENDENT => glikson-2021-2021-esc-guidelines-on-cardiac-pacing-and-cardiac-resynchro_n0057/na_0004 hasLevelOfEvidence LevelOfEvidence_C
Rule_1126	?a patientApplicability CONDITION_DEPENDENT => ?a hasLevelOfEvidence LevelOfEvidence_C	zeppenfeld-2022-esc-guidelines-va-and-scd_n0079/na_0002 patientApplicability CONDITION_DEPENDENT => zeppenfeld-2022-esc-guidelines-va-and-scd_n0079/na_0002 hasLevelOfEvidence LevelOfEvidence_C
Rule_1126	?a patientApplicability CONDITION_DEPENDENT => ?a hasLevelOfEvidence LevelOfEvidence_C	regitz-zagrosek-2018-2018-esc-guideline-for-the-management-of-cardiovasc_n0016/na_0001 patientApplicability CONDITION_DEPENDENT => regitz-zagrosek-2018-2018-esc-guideline-for-the-management-of-cardiovasc_n0016/na_0001 hasLevelOfEvidence LevelOfEvidence_C
Rule_1126	?a patientApplicability CONDITION_DEPENDENT => ?a hasLevelOfEvidence LevelOfEvidence_C	zeppenfeld-2022-esc-guidelines-va-and-scd_n0085/na_0009 patientApplicability CONDITION_DEPENDENT => zeppenfeld-2022-esc-guidelines-va-and-scd_n0085/na_0009 hasLevelOfEvidence LevelOfEvidence_C
Rule_1126	?a patientApplicability CONDITION_DEPENDENT => ?a hasLevelOfEvidence LevelOfEvidence_C	zeppenfeld-2022-esc-guidelines-va-and-scd_n0067/na_0004 patientApplicability CONDITION_DEPENDENT => zeppenfeld-2022-esc-guidelines-va-and-scd_n0067/na_0004 hasLevelOfEvidence LevelOfEvidence_C
Rule_1126	?a patientApplicability CONDITION_DEPENDENT => ?a hasLevelOfEvidence LevelOfEvidence_C	mcdonagh-2023-esc-guidelines_n0095/na_0002 patientApplicability CONDITION_DEPENDENT => mcdonagh-2023-esc-guidelines_n0095/na_0002 hasLevelOfEvidence LevelOfEvidence_C
Rule_1126	?a patientApplicability CONDITION_DEPENDENT => ?a hasLevelOfEvidence LevelOfEvidence_C	glikson-2021-2021-esc-guidelines-on-cardiac-pacing-and-cardiac-resynchro_n0084/na_0001 patientApplicability CONDITION_DEPENDENT => glikson-2021-2021-esc-guidelines-on-cardiac-pacing-and-cardiac-resynchro_n0084/na_0001 hasLevelOfEvidence LevelOfEvidence_C
Rule_1126	?a patientApplicability CONDITION_DEPENDENT => ?a hasLevelOfEvidence LevelOfEvidence_C	glikson-2021-2021-esc-guidelines-on-cardiac-pacing-and-cardiac-resynchro_n0035/na_0003 patientApplicability CONDITION_DEPENDENT => glikson-2021-2021-esc-guidelines-on-cardiac-pacing-and-cardiac-resynchro_n0035/na_0003 hasLevelOfEvidence LevelOfEvidence_C
Rule_1126	?a patientApplicability CONDITION_DEPENDENT => ?a hasLevelOfEvidence LevelOfEvidence_C	regitz-zagrosek-2018-2018-esc-guideline-for-the-management-of-cardiovasc_n0022/na_0008 patientApplicability CONDITION_DEPENDENT => regitz-zagrosek-2018-2018-esc-guideline-for-the-management-of-cardiovasc_n0022/na_0008 hasLevelOfEvidence LevelOfEvidence_C
Rule_1126	?a patientApplicability CONDITION_DEPENDENT => ?a hasLevelOfEvidence LevelOfEvidence_C	zeppenfeld-2022-esc-guidelines-va-and-scd_n0053/na_0002 patientApplicability CONDITION_DEPENDENT => zeppenfeld-2022-esc-guidelines-va-and-scd_n0053/na_0002 hasLevelOfEvidence LevelOfEvidence_C
Rule_1126	?a patientApplicability CONDITION_DEPENDENT => ?a hasLevelOfEvidence LevelOfEvidence_C	visseren-2021-esc-guidelines-cardiovascular-disease-prevention_n0076/na_0004 patientApplicability CONDITION_DEPENDENT => visseren-2021-esc-guidelines-cardiovascular-disease-prevention_n0076/na_0004 hasLevelOfEvidence LevelOfEvidence_C
Rule_1126	?a patientApplicability CONDITION_DEPENDENT => ?a hasLevelOfEvidence LevelOfEvidence_C	zeppenfeld-2022-esc-guidelines-va-and-scd_n0072/na_0007 patientApplicability CONDITION_DEPENDENT => zeppenfeld-2022-esc-guidelines-va-and-scd_n0072/na_0007 hasLevelOfEvidence LevelOfEvidence_C
Rule_1126	?a patientApplicability CONDITION_DEPENDENT => ?a hasLevelOfEvidence LevelOfEvidence_C	zeppenfeld-2022-esc-guidelines-va-and-scd_n0096/na_0015 patientApplicability CONDITION_DEPENDENT => zeppenfeld-2022-esc-guidelines-va-and-scd_n0096/na_0015 hasLevelOfEvidence LevelOfEvidence_C
Rule_1126	?a patientApplicability CONDITION_DEPENDENT => ?a hasLevelOfEvidence LevelOfEvidence_C	regitz-zagrosek-2018-2018-esc-guideline-for-the-management-of-cardiovasc_n0013/na_0007 patientApplicability CONDITION_DEPENDENT => regitz-zagrosek-2018-2018-esc-guideline-for-the-management-of-cardiovasc_n0013/na_0007 hasLevelOfEvidence LevelOfEvidence_C
Rule_1126	?a patientApplicability CONDITION_DEPENDENT => ?a hasLevelOfEvidence LevelOfEvidence_C	zeppenfeld-2022-esc-guidelines-va-and-scd_n0036/na_0002 patientApplicability CONDITION_DEPENDENT => zeppenfeld-2022-esc-guidelines-va-and-scd_n0036/na_0002 hasLevelOfEvidence LevelOfEvidence_C
Rule_1126	?a patientApplicability CONDITION_DEPENDENT => ?a hasLevelOfEvidence LevelOfEvidence_C	visseren-2021-esc-guidelines-cardiovascular-disease-prevention_n0076/na_0002 patientApplicability CONDITION_DEPENDENT => visseren-2021-esc-guidelines-cardiovascular-disease-prevention_n0076/na_0002 hasLevelOfEvidence LevelOfEvidence_C
Rule_1126	?a patientApplicability CONDITION_DEPENDENT => ?a hasLevelOfEvidence LevelOfEvidence_C	pelliccia-2020-2020-esc-guidelines-on-sports-cardiology-and-exercise-in_n0027/na_0003 patientApplicability CONDITION_DEPENDENT => pelliccia-2020-2020-esc-guidelines-on-sports-cardiology-and-exercise-in_n0027/na_0003 hasLevelOfEvidence LevelOfEvidence_C
Rule_1126	?a patientApplicability CONDITION_DEPENDENT => ?a hasLevelOfEvidence LevelOfEvidence_C	zeppenfeld-2022-esc-guidelines-va-and-scd_n0092/na_0002 patientApplicability CONDITION_DEPENDENT => zeppenfeld-2022-esc-guidelines-va-and-scd_n0092/na_0002 hasLevelOfEvidence LevelOfEvidence_C
Rule_1126	?a patientApplicability CONDITION_DEPENDENT => ?a hasLevelOfEvidence LevelOfEvidence_C	zeppenfeld-2022-esc-guidelines-va-and-scd_n0086/na_0007 patientApplicability CONDITION_DEPENDENT => zeppenfeld-2022-esc-guidelines-va-and-scd_n0086/na_0007 hasLevelOfEvidence LevelOfEvidence_C
Rule_1126	?a patientApplicability CONDITION_DEPENDENT => ?a hasLevelOfEvidence LevelOfEvidence_C	glikson-2021-2021-esc-guidelines-on-cardiac-pacing-and-cardiac-resynchro_n0020/na_0070 patientApplicability CONDITION_DEPENDENT => glikson-2021-2021-esc-guidelines-on-cardiac-pacing-and-cardiac-resynchro_n0020/na_0070 hasLevelOfEvidence LevelOfEvidence_C
Rule_1126	?a patientApplicability CONDITION_DEPENDENT => ?a hasLevelOfEvidence LevelOfEvidence_C	regitz-zagrosek-2018-2018-esc-guideline-for-the-management-of-cardiovasc_n0016/na_0006 patientApplicability CONDITION_DEPENDENT => regitz-zagrosek-2018-2018-esc-guideline-for-the-management-of-cardiovasc_n0016/na_0006 hasLevelOfEvidence LevelOfEvidence_C
Rule_1126	?a patientApplicability CONDITION_DEPENDENT => ?a hasLevelOfEvidence LevelOfEvidence_C	glikson-2021-2021-esc-guidelines-on-cardiac-pacing-and-cardiac-resynchro_n0020/na_0078 patientApplicability CONDITION_DEPENDENT => glikson-2021-2021-esc-guidelines-on-cardiac-pacing-and-cardiac-resynchro_n0020/na_0078 hasLevelOfEvidence LevelOfEvidence_C
Rule_1126	?a patientApplicability CONDITION_DEPENDENT => ?a hasLevelOfEvidence LevelOfEvidence_C	glikson-2021-2021-esc-guidelines-on-cardiac-pacing-and-cardiac-resynchro_n0020/na_0046 patientApplicability CONDITION_DEPENDENT => glikson-2021-2021-esc-guidelines-on-cardiac-pacing-and-cardiac-resynchro_n0020/na_0046 hasLevelOfEvidence LevelOfEvidence_C
Rule_1126	?a patientApplicability CONDITION_DEPENDENT => ?a hasLevelOfEvidence LevelOfEvidence_C	glikson-2021-2021-esc-guidelines-on-cardiac-pacing-and-cardiac-resynchro_n0020/na_0047 patientApplicability CONDITION_DEPENDENT => glikson-2021-2021-esc-guidelines-on-cardiac-pacing-and-cardiac-resynchro_n0020/na_0047 hasLevelOfEvidence LevelOfEvidence_C
Rule_1126	?a patientApplicability CONDITION_DEPENDENT => ?a hasLevelOfEvidence LevelOfEvidence_C	zeppenfeld-2022-esc-guidelines-va-and-scd_n0097/na_0001 patientApplicability CONDITION_DEPENDENT => zeppenfeld-2022-esc-guidelines-va-and-scd_n0097/na_0001 hasLevelOfEvidence LevelOfEvidence_C
Rule_1126	?a patientApplicability CONDITION_DEPENDENT => ?a hasLevelOfEvidence LevelOfEvidence_C	visseren-2021-esc-guidelines-cardiovascular-disease-prevention_n0080/na_0022 patientApplicability CONDITION_DEPENDENT => visseren-2021-esc-guidelines-cardiovascular-disease-prevention_n0080/na_0022 hasLevelOfEvidence LevelOfEvidence_C
Rule_1126	?a patientApplicability CONDITION_DEPENDENT => ?a hasLevelOfEvidence LevelOfEvidence_C	zeppenfeld-2022-esc-guidelines-va-and-scd_n0036/na_0021 patientApplicability CONDITION_DEPENDENT => zeppenfeld-2022-esc-guidelines-va-and-scd_n0036/na_0021 hasLevelOfEvidence LevelOfEvidence_C
Rule_1126	?a patientApplicability CONDITION_DEPENDENT => ?a hasLevelOfEvidence LevelOfEvidence_C	glikson-2021-2021-esc-guidelines-on-cardiac-pacing-and-cardiac-resynchro_n0086/na_0002 patientApplicability CONDITION_DEPENDENT => glikson-2021-2021-esc-guidelines-on-cardiac-pacing-and-cardiac-resynchro_n0086/na_0002 hasLevelOfEvidence LevelOfEvidence_C
Rule_1126	?a patientApplicability CONDITION_DEPENDENT => ?a hasLevelOfEvidence LevelOfEvidence_C	zeppenfeld-2022-esc-guidelines-va-and-scd_n0054/na_0010 patientApplicability CONDITION_DEPENDENT => zeppenfeld-2022-esc-guidelines-va-and-scd_n0054/na_0010 hasLevelOfEvidence LevelOfEvidence_C
Rule_1126	?a patientApplicability CONDITION_DEPENDENT => ?a hasLevelOfEvidence LevelOfEvidence_C	zeppenfeld-2022-esc-guidelines-va-and-scd_n0081/na_0006 patientApplicability CONDITION_DEPENDENT => zeppenfeld-2022-esc-guidelines-va-and-scd_n0081/na_0006 hasLevelOfEvidence LevelOfEvidence_C
Rule_1126	?a patientApplicability CONDITION_DEPENDENT => ?a hasLevelOfEvidence LevelOfEvidence_C	zeppenfeld-2022-esc-guidelines-va-and-scd_n0075/na_0005 patientApplicability CONDITION_DEPENDENT => zeppenfeld-2022-esc-guidelines-va-and-scd_n0075/na_0005 hasLevelOfEvidence LevelOfEvidence_C
Rule_1126	?a patientApplicability CONDITION_DEPENDENT => ?a hasLevelOfEvidence LevelOfEvidence_C	zeppenfeld-2022-esc-guidelines-va-and-scd_n0095/na_0023 patientApplicability CONDITION_DEPENDENT => zeppenfeld-2022-esc-guidelines-va-and-scd_n0095/na_0023 hasLevelOfEvidence LevelOfEvidence_C
Rule_1126	?a patientApplicability CONDITION_DEPENDENT => ?a hasLevelOfEvidence LevelOfEvidence_C	glikson-2021-2021-esc-guidelines-on-cardiac-pacing-and-cardiac-resynchro_n0020/na_0040 patientApplicability CONDITION_DEPENDENT => glikson-2021-2021-esc-guidelines-on-cardiac-pacing-and-cardiac-resynchro_n0020/na_0040 hasLevelOfEvidence LevelOfEvidence_C
Rule_1126	?a patientApplicability CONDITION_DEPENDENT => ?a hasLevelOfEvidence LevelOfEvidence_C	pelliccia-2020-2020-esc-guidelines-on-sports-cardiology-and-exercise-in_n0054/na_0007 patientApplicability CONDITION_DEPENDENT => pelliccia-2020-2020-esc-guidelines-on-sports-cardiology-and-exercise-in_n0054/na_0007 hasLevelOfEvidence LevelOfEvidence_C
Rule_1126	?a patientApplicability CONDITION_DEPENDENT => ?a hasLevelOfEvidence LevelOfEvidence_C	mcdonagh-2023-esc-guidelines_n0096/na_0017 patientApplicability CONDITION_DEPENDENT => mcdonagh-2023-esc-guidelines_n0096/na_0017 hasLevelOfEvidence LevelOfEvidence_C
Rule_1126	?a patientApplicability CONDITION_DEPENDENT => ?a hasLevelOfEvidence LevelOfEvidence_C	visseren-2021-esc-guidelines-cardiovascular-disease-prevention_n0011/na_0002 patientApplicability CONDITION_DEPENDENT => visseren-2021-esc-guidelines-cardiovascular-disease-prevention_n0011/na_0002 hasLevelOfEvidence LevelOfEvidence_C
Rule_1126	?a patientApplicability CONDITION_DEPENDENT => ?a hasLevelOfEvidence LevelOfEvidence_C	mcdonagh-2023-esc-guidelines_n0095/na_0016 patientApplicability CONDITION_DEPENDENT => mcdonagh-2023-esc-guidelines_n0095/na_0016 hasLevelOfEvidence LevelOfEvidence_C
Rule_1126	?a patientApplicability CONDITION_DEPENDENT => ?a hasLevelOfEvidence LevelOfEvidence_C	zeppenfeld-2022-esc-guidelines-va-and-scd_n0095/na_0006 patientApplicability CONDITION_DEPENDENT => zeppenfeld-2022-esc-guidelines-va-and-scd_n0095/na_0006 hasLevelOfEvidence LevelOfEvidence_C
Rule_1126	?a patientApplicability CONDITION_DEPENDENT => ?a hasLevelOfEvidence LevelOfEvidence_C	regitz-zagrosek-2018-2018-esc-guideline-for-the-management-of-cardiovasc_n0016/na_0002 patientApplicability CONDITION_DEPENDENT => regitz-zagrosek-2018-2018-esc-guideline-for-the-management-of-cardiovasc_n0016/na_0002 hasLevelOfEvidence LevelOfEvidence_C
Rule_1126	?a patientApplicability CONDITION_DEPENDENT => ?a hasLevelOfEvidence LevelOfEvidence_C	pelliccia-2020-2020-esc-guidelines-on-sports-cardiology-and-exercise-in_n0074/na_0012 patientApplicability CONDITION_DEPENDENT => pelliccia-2020-2020-esc-guidelines-on-sports-cardiology-and-exercise-in_n0074/na_0012 hasLevelOfEvidence LevelOfEvidence_C
Rule_1126	?a patientApplicability CONDITION_DEPENDENT => ?a hasLevelOfEvidence LevelOfEvidence_C	zeppenfeld-2022-esc-guidelines-va-and-scd_n0062/na_0011 patientApplicability CONDITION_DEPENDENT => zeppenfeld-2022-esc-guidelines-va-and-scd_n0062/na_0011 hasLevelOfEvidence LevelOfEvidence_C
Rule_1126	?a patientApplicability CONDITION_DEPENDENT => ?a hasLevelOfEvidence LevelOfEvidence_C	regitz-zagrosek-2018-2018-esc-guideline-for-the-management-of-cardiovasc_n0025/na_0005 patientApplicability CONDITION_DEPENDENT => regitz-zagrosek-2018-2018-esc-guideline-for-the-management-of-cardiovasc_n0025/na_0005 hasLevelOfEvidence LevelOfEvidence_C
Rule_1126	?a patientApplicability CONDITION_DEPENDENT => ?a hasLevelOfEvidence LevelOfEvidence_C	zeppenfeld-2022-esc-guidelines-va-and-scd_n0070/na_0003 patientApplicability CONDITION_DEPENDENT => zeppenfeld-2022-esc-guidelines-va-and-scd_n0070/na_0003 hasLevelOfEvidence LevelOfEvidence_C
Rule_1126	?a patientApplicability CONDITION_DEPENDENT => ?a hasLevelOfEvidence LevelOfEvidence_C	glikson-2021-2021-esc-guidelines-on-cardiac-pacing-and-cardiac-resynchro_n0036/na_0002 patientApplicability CONDITION_DEPENDENT => glikson-2021-2021-esc-guidelines-on-cardiac-pacing-and-cardiac-resynchro_n0036/na_0002 hasLevelOfEvidence LevelOfEvidence_C
Rule_1126	?a patientApplicability CONDITION_DEPENDENT => ?a hasLevelOfEvidence LevelOfEvidence_C	zeppenfeld-2022-esc-guidelines-va-and-scd_n0095/na_0001 patientApplicability CONDITION_DEPENDENT => zeppenfeld-2022-esc-guidelines-va-and-scd_n0095/na_0001 hasLevelOfEvidence LevelOfEvidence_C
Rule_1126	?a patientApplicability CONDITION_DEPENDENT => ?a hasLevelOfEvidence LevelOfEvidence_C	pelliccia-2020-2020-esc-guidelines-on-sports-cardiology-and-exercise-in_n0074/na_0008 patientApplicability CONDITION_DEPENDENT => pelliccia-2020-2020-esc-guidelines-on-sports-cardiology-and-exercise-in_n0074/na_0008 hasLevelOfEvidence LevelOfEvidence_C
Rule_1126	?a patientApplicability CONDITION_DEPENDENT => ?a hasLevelOfEvidence LevelOfEvidence_C	zeppenfeld-2022-esc-guidelines-va-and-scd_n0036/na_0013 patientApplicability CONDITION_DEPENDENT => zeppenfeld-2022-esc-guidelines-va-and-scd_n0036/na_0013 hasLevelOfEvidence LevelOfEvidence_C
Rule_1126	?a patientApplicability CONDITION_DEPENDENT => ?a hasLevelOfEvidence LevelOfEvidence_C	regitz-zagrosek-2018-2018-esc-guideline-for-the-management-of-cardiovasc_n0018/na_0003 patientApplicability CONDITION_DEPENDENT => regitz-zagrosek-2018-2018-esc-guideline-for-the-management-of-cardiovasc_n0018/na_0003 hasLevelOfEvidence LevelOfEvidence_C
Rule_1126	?a patientApplicability CONDITION_DEPENDENT => ?a hasLevelOfEvidence LevelOfEvidence_C	regitz-zagrosek-2018-2018-esc-guideline-for-the-management-of-cardiovasc_n0050/na_0015 patientApplicability CONDITION_DEPENDENT => regitz-zagrosek-2018-2018-esc-guideline-for-the-management-of-cardiovasc_n0050/na_0015 hasLevelOfEvidence LevelOfEvidence_C
Rule_1126	?a patientApplicability CONDITION_DEPENDENT => ?a hasLevelOfEvidence LevelOfEvidence_C	zeppenfeld-2022-esc-guidelines-va-and-scd_n0093/na_0018 patientApplicability CONDITION_DEPENDENT => zeppenfeld-2022-esc-guidelines-va-and-scd_n0093/na_0018 hasLevelOfEvidence LevelOfEvidence_C
Rule_1126	?a patientApplicability CONDITION_DEPENDENT => ?a hasLevelOfEvidence LevelOfEvidence_C	zeppenfeld-2022-esc-guidelines-va-and-scd_n0074/na_0002 patientApplicability CONDITION_DEPENDENT => zeppenfeld-2022-esc-guidelines-va-and-scd_n0074/na_0002 hasLevelOfEvidence LevelOfEvidence_C
Rule_1126	?a patientApplicability CONDITION_DEPENDENT => ?a hasLevelOfEvidence LevelOfEvidence_C	zeppenfeld-2022-esc-guidelines-va-and-scd_n0055/na_0004 patientApplicability CONDITION_DEPENDENT => zeppenfeld-2022-esc-guidelines-va-and-scd_n0055/na_0004 hasLevelOfEvidence LevelOfEvidence_C
Rule_1126	?a patientApplicability CONDITION_DEPENDENT => ?a hasLevelOfEvidence LevelOfEvidence_C	pelliccia-2020-2020-esc-guidelines-on-sports-cardiology-and-exercise-in_n0040/na_0004 patientApplicability CONDITION_DEPENDENT => pelliccia-2020-2020-esc-guidelines-on-sports-cardiology-and-exercise-in_n0040/na_0004 hasLevelOfEvidence LevelOfEvidence_C
Rule_1126	?a patientApplicability CONDITION_DEPENDENT => ?a hasLevelOfEvidence LevelOfEvidence_C	mcdonagh-2023-esc-guidelines_n0032/na_0001 patientApplicability CONDITION_DEPENDENT => mcdonagh-2023-esc-guidelines_n0032/na_0001 hasLevelOfEvidence LevelOfEvidence_C
Rule_1126	?a patientApplicability CONDITION_DEPENDENT => ?a hasLevelOfEvidence LevelOfEvidence_C	zeppenfeld-2022-esc-guidelines-va-and-scd_n0086/na_0001 patientApplicability CONDITION_DEPENDENT => zeppenfeld-2022-esc-guidelines-va-and-scd_n0086/na_0001 hasLevelOfEvidence LevelOfEvidence_C
Rule_1126	?a patientApplicability CONDITION_DEPENDENT => ?a hasLevelOfEvidence LevelOfEvidence_C	zeppenfeld-2022-esc-guidelines-va-and-scd_n0062/na_0009 patientApplicability CONDITION_DEPENDENT => zeppenfeld-2022-esc-guidelines-va-and-scd_n0062/na_0009 hasLevelOfEvidence LevelOfEvidence_C
Rule_1126	?a patientApplicability CONDITION_DEPENDENT => ?a hasLevelOfEvidence LevelOfEvidence_C	visseren-2021-esc-guidelines-cardiovascular-disease-prevention_n0011/na_0003 patientApplicability CONDITION_DEPENDENT => visseren-2021-esc-guidelines-cardiovascular-disease-prevention_n0011/na_0003 hasLevelOfEvidence LevelOfEvidence_C
Rule_1126	?a patientApplicability CONDITION_DEPENDENT => ?a hasLevelOfEvidence LevelOfEvidence_C	zeppenfeld-2022-esc-guidelines-va-and-scd_n0094/na_0019 patientApplicability CONDITION_DEPENDENT => zeppenfeld-2022-esc-guidelines-va-and-scd_n0094/na_0019 hasLevelOfEvidence LevelOfEvidence_C
Rule_1126	?a patientApplicability CONDITION_DEPENDENT => ?a hasLevelOfEvidence LevelOfEvidence_C	mcdonagh-2023-esc-guidelines_n0096/na_0019 patientApplicability CONDITION_DEPENDENT => mcdonagh-2023-esc-guidelines_n0096/na_0019 hasLevelOfEvidence LevelOfEvidence_C
Rule_1126	?a patientApplicability CONDITION_DEPENDENT => ?a hasLevelOfEvidence LevelOfEvidence_C	zeppenfeld-2022-esc-guidelines-va-and-scd_n0082/na_0002 patientApplicability CONDITION_DEPENDENT => zeppenfeld-2022-esc-guidelines-va-and-scd_n0082/na_0002 hasLevelOfEvidence LevelOfEvidence_C
Rule_1126	?a patientApplicability CONDITION_DEPENDENT => ?a hasLevelOfEvidence LevelOfEvidence_C	regitz-zagrosek-2018-2018-esc-guideline-for-the-management-of-cardiovasc_n0016/na_0013 patientApplicability CONDITION_DEPENDENT => regitz-zagrosek-2018-2018-esc-guideline-for-the-management-of-cardiovasc_n0016/na_0013 hasLevelOfEvidence LevelOfEvidence_C
Rule_1126	?a patientApplicability CONDITION_DEPENDENT => ?a hasLevelOfEvidence LevelOfEvidence_C	zeppenfeld-2022-esc-guidelines-va-and-scd_n0096/na_0001 patientApplicability CONDITION_DEPENDENT => zeppenfeld-2022-esc-guidelines-va-and-scd_n0096/na_0001 hasLevelOfEvidence LevelOfEvidence_C
Rule_1126	?a patientApplicability CONDITION_DEPENDENT => ?a hasLevelOfEvidence LevelOfEvidence_C	pelliccia-2020-2020-esc-guidelines-on-sports-cardiology-and-exercise-in_n0040/na_0006 patientApplicability CONDITION_DEPENDENT => pelliccia-2020-2020-esc-guidelines-on-sports-cardiology-and-exercise-in_n0040/na_0006 hasLevelOfEvidence LevelOfEvidence_C
Rule_1126	?a patientApplicability CONDITION_DEPENDENT => ?a hasLevelOfEvidence LevelOfEvidence_C	mcdonagh-2023-esc-guidelines_n0032/na_0002 patientApplicability CONDITION_DEPENDENT => mcdonagh-2023-esc-guidelines_n0032/na_0002 hasLevelOfEvidence LevelOfEvidence_C
Rule_1126	?a patientApplicability CONDITION_DEPENDENT => ?a hasLevelOfEvidence LevelOfEvidence_C	ambrosetti-2020-secondary-prevention-comprehensive-cardiovascular-rehabi_n0014/na_0001 patientApplicability CONDITION_DEPENDENT => ambrosetti-2020-secondary-prevention-comprehensive-cardiovascular-rehabi_n0014/na_0001 hasLevelOfEvidence LevelOfEvidence_C
Rule_1126	?a patientApplicability CONDITION_DEPENDENT => ?a hasLevelOfEvidence LevelOfEvidence_C	mcdonagh-2023-esc-guidelines_n0073/na_0004 patientApplicability CONDITION_DEPENDENT => mcdonagh-2023-esc-guidelines_n0073/na_0004 hasLevelOfEvidence LevelOfEvidence_C
Rule_1126	?a patientApplicability CONDITION_DEPENDENT => ?a hasLevelOfEvidence LevelOfEvidence_C	regitz-zagrosek-2018-2018-esc-guideline-for-the-management-of-cardiovasc_n0023/na_0015 patientApplicability CONDITION_DEPENDENT => regitz-zagrosek-2018-2018-esc-guideline-for-the-management-of-cardiovasc_n0023/na_0015 hasLevelOfEvidence LevelOfEvidence_C
Rule_1126	?a patientApplicability CONDITION_DEPENDENT => ?a hasLevelOfEvidence LevelOfEvidence_C	zeppenfeld-2022-esc-guidelines-va-and-scd_n0085/na_0008 patientApplicability CONDITION_DEPENDENT => zeppenfeld-2022-esc-guidelines-va-and-scd_n0085/na_0008 hasLevelOfEvidence LevelOfEvidence_C
Rule_1126	?a patientApplicability CONDITION_DEPENDENT => ?a hasLevelOfEvidence LevelOfEvidence_C	regitz-zagrosek-2018-2018-esc-guideline-for-the-management-of-cardiovasc_n0048/na_0011 patientApplicability CONDITION_DEPENDENT => regitz-zagrosek-2018-2018-esc-guideline-for-the-management-of-cardiovasc_n0048/na_0011 hasLevelOfEvidence LevelOfEvidence_C
Rule_1126	?a patientApplicability CONDITION_DEPENDENT => ?a hasLevelOfEvidence LevelOfEvidence_C	glikson-2021-2021-esc-guidelines-on-cardiac-pacing-and-cardiac-resynchro_n0085/na_0006 patientApplicability CONDITION_DEPENDENT => glikson-2021-2021-esc-guidelines-on-cardiac-pacing-and-cardiac-resynchro_n0085/na_0006 hasLevelOfEvidence LevelOfEvidence_C
Rule_1126	?a patientApplicability CONDITION_DEPENDENT => ?a hasLevelOfEvidence LevelOfEvidence_C	zeppenfeld-2022-esc-guidelines-va-and-scd_n0086/na_0002 patientApplicability CONDITION_DEPENDENT => zeppenfeld-2022-esc-guidelines-va-and-scd_n0086/na_0002 hasLevelOfEvidence LevelOfEvidence_C
Rule_1126	?a patientApplicability CONDITION_DEPENDENT => ?a hasLevelOfEvidence LevelOfEvidence_C	zeppenfeld-2022-esc-guidelines-va-and-scd_n0036/na_0018 patientApplicability CONDITION_DEPENDENT => zeppenfeld-2022-esc-guidelines-va-and-scd_n0036/na_0018 hasLevelOfEvidence LevelOfEvidence_C
Rule_1126	?a patientApplicability CONDITION_DEPENDENT => ?a hasLevelOfEvidence LevelOfEvidence_C	visseren-2021-esc-guidelines-cardiovascular-disease-prevention_n0045/na_0001 patientApplicability CONDITION_DEPENDENT => visseren-2021-esc-guidelines-cardiovascular-disease-prevention_n0045/na_0001 hasLevelOfEvidence LevelOfEvidence_C
Rule_1126	?a patientApplicability CONDITION_DEPENDENT => ?a hasLevelOfEvidence LevelOfEvidence_C	mcdonagh-2023-esc-guidelines_n0096/na_0021 patientApplicability CONDITION_DEPENDENT => mcdonagh-2023-esc-guidelines_n0096/na_0021 hasLevelOfEvidence LevelOfEvidence_C
Rule_1126	?a patientApplicability CONDITION_DEPENDENT => ?a hasLevelOfEvidence LevelOfEvidence_C	glikson-2021-2021-esc-guidelines-on-cardiac-pacing-and-cardiac-resynchro_n0020/na_0007 patientApplicability CONDITION_DEPENDENT => glikson-2021-2021-esc-guidelines-on-cardiac-pacing-and-cardiac-resynchro_n0020/na_0007 hasLevelOfEvidence LevelOfEvidence_C
