rule_index	rule	grounding
Rule_742	?a type ConditionOrFindingEntity => ?a type PatientCondition	blood_pressure_remains_%3E_130/80_mm_Hg__sectio-1_n0030/e_0023 type ConditionOrFindingEntity => blood_pressure_remains_%3E_130/80_mm_Hg__sectio-1_n0030/e_0023 type PatientCondition
Rule_742	?a type ConditionOrFindingEntity => ?a type PatientCondition	HF__mcdonagh-2023-esc-guidelines_n0077/e_0010 type ConditionOrFindingEntity => HF__mcdonagh-2023-esc-guidelines_n0077/e_0010 type PatientCondition
Rule_742	?a type ConditionOrFindingEntity => ?a type PatientCondition	familial_history_of_cardiac_or_neuromuscular_disease__mcdonagh-2023-esc-guidelines_n0083/e_0004 type ConditionOrFindingEntity => familial_history_of_cardiac_or_neuromuscular_disease__mcdonagh-2023-esc-guidelines_n0083/e_0004 type PatientCondition
Rule_742	?a type ConditionOrFindingEntity => ?a type PatientCondition	prescribed_for_medical_indications__ambrosetti-2020-secondary-prevention-comprehensive-cardiovascular-rehabi_n0014/e_0101 type ConditionOrFindingEntity => prescribed_for_medical_indications__ambrosetti-2020-secondary-prevention-comprehensive-cardiovascular-rehabi_n0014/e_0101 type PatientCondition
Rule_742	?a type ConditionOrFindingEntity => ?a type PatientCondition	cardiomyopathy__zeppenfeld-2022-esc-guidelines-va-and-scd_n0093/e_0122 type ConditionOrFindingEntity => cardiomyopathy__zeppenfeld-2022-esc-guidelines-va-and-scd_n0093/e_0122 type PatientCondition
Rule_742	?a type ConditionOrFindingEntity => ?a type PatientCondition	progressive_cardiac_conduction_disease__glikson-2021-2021-esc-guidelines-on-cardiac-pacing-and-cardiac-resynchro_n0038/e_0004 type ConditionOrFindingEntity => progressive_cardiac_conduction_disease__glikson-2021-2021-esc-guidelines-on-cardiac-pacing-and-cardiac-resynchro_n0038/e_0004 type PatientCondition
Rule_742	?a type ConditionOrFindingEntity => ?a type PatientCondition	CAD__zeppenfeld-2022-esc-guidelines-va-and-scd_n0093/e_0047 type ConditionOrFindingEntity => CAD__zeppenfeld-2022-esc-guidelines-va-and-scd_n0093/e_0047 type PatientCondition
Rule_742	?a type ConditionOrFindingEntity => ?a type PatientCondition	your_heart_problem__rest-m3-websiten-zusammengefugt_n0002/e_0013 type ConditionOrFindingEntity => your_heart_problem__rest-m3-websiten-zusammengefugt_n0002/e_0013 type PatientCondition
Rule_742	?a type ConditionOrFindingEntity => ?a type PatientCondition	HFrEF__mcdonagh-2023-esc-guidelines_n0031/e_0023 type ConditionOrFindingEntity => HFrEF__mcdonagh-2023-esc-guidelines_n0031/e_0023 type PatientCondition
Rule_742	?a type ConditionOrFindingEntity => ?a type PatientCondition	LQTS__zeppenfeld-2022-esc-guidelines-va-and-scd_n0040/e_0057 type ConditionOrFindingEntity => LQTS__zeppenfeld-2022-esc-guidelines-va-and-scd_n0040/e_0057 type PatientCondition
Rule_742	?a type ConditionOrFindingEntity => ?a type PatientCondition	Established_or_suspected_specific_cardiomyopathies__maddox-2021-2021-update-to-the-2017-acc-expert-consensus-decision-pathwa_n0010/e_0038 type ConditionOrFindingEntity => Established_or_suspected_specific_cardiomyopathies__maddox-2021-2021-update-to-the-2017-acc-expert-consensus-decision-pathwa_n0010/e_0038 type PatientCondition
Rule_742	?a type ConditionOrFindingEntity => ?a type PatientCondition	Very_low_EF_%3C20%25__supp-material-esc-guidelines_n0019/e_0004 type ConditionOrFindingEntity => Very_low_EF_%3C20%25__supp-material-esc-guidelines_n0019/e_0004 type PatientCondition
Rule_742	?a type ConditionOrFindingEntity => ?a type PatientCondition	VTE__regitz-zagrosek-2018-2018-esc-guideline-for-the-management-of-cardiovasc_n0050/e_0015 type ConditionOrFindingEntity => VTE__regitz-zagrosek-2018-2018-esc-guideline-for-the-management-of-cardiovasc_n0050/e_0015 type PatientCondition
Rule_742	?a type ConditionOrFindingEntity => ?a type PatientCondition	PVC__zeppenfeld-2022-esc-guidelines-va-and-scd_n0093/e_0117 type ConditionOrFindingEntity => PVC__zeppenfeld-2022-esc-guidelines-va-and-scd_n0093/e_0117 type PatientCondition
Rule_742	?a type ConditionOrFindingEntity => ?a type PatientCondition	survived_a_CA__zeppenfeld-2022-esc-guidelines-va-and-scd_n0096/e_0046 type ConditionOrFindingEntity => survived_a_CA__zeppenfeld-2022-esc-guidelines-va-and-scd_n0096/e_0046 type PatientCondition
Rule_742	?a type ConditionOrFindingEntity => ?a type PatientCondition	PVCs__zeppenfeld-2022-esc-guidelines-va-and-scd_n0070/e_0008 type ConditionOrFindingEntity => PVCs__zeppenfeld-2022-esc-guidelines-va-and-scd_n0070/e_0008 type PatientCondition
Rule_742	?a type ConditionOrFindingEntity => ?a type PatientCondition	common_cardiotropic_viruses_(parvovirus_B19,_HHV4,_HHV6,_enteroviruses,_adenovirus_and_coxsackievirus)__mcdonagh-2023-esc-guidelines_n0089/e_0016 type ConditionOrFindingEntity => common_cardiotropic_viruses_(parvovirus_B19,_HHV4,_HHV6,_enteroviruses,_adenovirus_and_coxsackievirus)__mcdonagh-2023-esc-guidelines_n0089/e_0016 type PatientCondition
Rule_742	?a type ConditionOrFindingEntity => ?a type PatientCondition	short_QT_syndrome__al-khatib-2017-aha-acc-hrs-guideline-va-and-scd_n0053/e_0005 type ConditionOrFindingEntity => short_QT_syndrome__al-khatib-2017-aha-acc-hrs-guideline-va-and-scd_n0053/e_0005 type PatientCondition
Rule_742	?a type ConditionOrFindingEntity => ?a type PatientCondition	chronic_HF__heidenreich-2022-aha-acc-hfsa-guidelines_n0017/e_0007 type ConditionOrFindingEntity => chronic_HF__heidenreich-2022-aha-acc-hfsa-guidelines_n0017/e_0007 type PatientCondition
Rule_742	?a type ConditionOrFindingEntity => ?a type PatientCondition	LV_dysfunction__execut-1_n0048/e_0040 type ConditionOrFindingEntity => LV_dysfunction__execut-1_n0048/e_0040 type PatientCondition
Rule_742	?a type ConditionOrFindingEntity => ?a type PatientCondition	myocarditis__zeppenfeld-2022-esc-guidelines-va-and-scd_n0067/e_0028 type ConditionOrFindingEntity => myocarditis__zeppenfeld-2022-esc-guidelines-va-and-scd_n0067/e_0028 type PatientCondition
Rule_742	?a type ConditionOrFindingEntity => ?a type PatientCondition	underlying_nutritional_status_and_organ_function_are_marginal__mcdonagh-2023-esc-guidelines_n0059/e_0040 type ConditionOrFindingEntity => underlying_nutritional_status_and_organ_function_are_marginal__mcdonagh-2023-esc-guidelines_n0059/e_0040 type PatientCondition
Rule_742	?a type ConditionOrFindingEntity => ?a type PatientCondition	stage_V_CKD__ambrosetti-2020-secondary-prevention-comprehensive-cardiovascular-rehabi_n0016/e_0032 type ConditionOrFindingEntity => stage_V_CKD__ambrosetti-2020-secondary-prevention-comprehensive-cardiovascular-rehabi_n0016/e_0032 type PatientCondition
Rule_742	?a type ConditionOrFindingEntity => ?a type PatientCondition	emotional_distress__riegel-2009-promoting-self-care-in-persons-with-heart-failure_n0002/e_0017 type ConditionOrFindingEntity => emotional_distress__riegel-2009-promoting-self-care-in-persons-with-heart-failure_n0002/e_0017 type PatientCondition
Rule_742	?a type ConditionOrFindingEntity => ?a type PatientCondition	VF__zeppenfeld-2022-esc-guidelines-va-and-scd_n0017/e_0032 type ConditionOrFindingEntity => VF__zeppenfeld-2022-esc-guidelines-va-and-scd_n0017/e_0032 type PatientCondition
Rule_742	?a type ConditionOrFindingEntity => ?a type PatientCondition	NYHA_II%E2%80%93IV__sbolli-2020-depression-and-heart-failure_n0003/e_0027 type ConditionOrFindingEntity => NYHA_II%E2%80%93IV__sbolli-2020-depression-and-heart-failure_n0003/e_0027 type PatientCondition
Rule_742	?a type ConditionOrFindingEntity => ?a type PatientCondition	Hypertension__sedf99-1_n0001/e_0001 type ConditionOrFindingEntity => Hypertension__sedf99-1_n0001/e_0001 type PatientCondition
Rule_742	?a type ConditionOrFindingEntity => ?a type PatientCondition	treatment_regimen_changes_significantly__riegel-2009-promoting-self-care-in-persons-with-heart-failure_n0004/e_0050 type ConditionOrFindingEntity => treatment_regimen_changes_significantly__riegel-2009-promoting-self-care-in-persons-with-heart-failure_n0004/e_0050 type PatientCondition
Rule_742	?a type ConditionOrFindingEntity => ?a type PatientCondition	VT__zeppenfeld-2022-esc-guidelines-va-and-scd_n0093/e_0089 type ConditionOrFindingEntity => VT__zeppenfeld-2022-esc-guidelines-va-and-scd_n0093/e_0089 type PatientCondition
Rule_742	?a type ConditionOrFindingEntity => ?a type PatientCondition	ventricular_arrhythmia__heidenreich-2022-aha-acc-hfsa-guidelines_n0064/e_0016 type ConditionOrFindingEntity => ventricular_arrhythmia__heidenreich-2022-aha-acc-hfsa-guidelines_n0064/e_0016 type PatientCondition
Rule_742	?a type ConditionOrFindingEntity => ?a type PatientCondition	patients%5C'_literacy,_cognitive_status,_psychological_state,_culture,_and_access_to_social_and_financial_resources__sectio-1_n0020/e_0013 type ConditionOrFindingEntity => patients%5C'_literacy,_cognitive_status,_psychological_state,_culture,_and_access_to_social_and_financial_resources__sectio-1_n0020/e_0013 type PatientCondition
Rule_742	?a type ConditionOrFindingEntity => ?a type PatientCondition	ARVC__zeppenfeld-2022-esc-guidelines-va-and-scd_n0062/e_0033 type ConditionOrFindingEntity => ARVC__zeppenfeld-2022-esc-guidelines-va-and-scd_n0062/e_0033 type PatientCondition
Rule_742	?a type ConditionOrFindingEntity => ?a type PatientCondition	TTN_mutation__mcdonagh-2023-esc-guidelines_n0084/e_0058 type ConditionOrFindingEntity => TTN_mutation__mcdonagh-2023-esc-guidelines_n0084/e_0058 type PatientCondition
Rule_742	?a type ConditionOrFindingEntity => ?a type PatientCondition	HF__mcdonagh-2023-esc-guidelines_n0078/e_0026 type ConditionOrFindingEntity => HF__mcdonagh-2023-esc-guidelines_n0078/e_0026 type PatientCondition
Rule_742	?a type ConditionOrFindingEntity => ?a type PatientCondition	unresponsive_to_diuretic_treatment__mcdonagh-2023-esc-guidelines_n0063/e_0042 type ConditionOrFindingEntity => unresponsive_to_diuretic_treatment__mcdonagh-2023-esc-guidelines_n0063/e_0042 type PatientCondition
Rule_742	?a type ConditionOrFindingEntity => ?a type PatientCondition	survivors_of_an_aborted_CA__zeppenfeld-2022-esc-guidelines-va-and-scd_n0097/e_0011 type ConditionOrFindingEntity => survivors_of_an_aborted_CA__zeppenfeld-2022-esc-guidelines-va-and-scd_n0097/e_0011 type PatientCondition
Rule_742	?a type ConditionOrFindingEntity => ?a type PatientCondition	decompensated_HF__lenarczyk-2024-management-of-patients-with-an-electrical-storm-or-cluste_n0020/e_0153 type ConditionOrFindingEntity => decompensated_HF__lenarczyk-2024-management-of-patients-with-an-electrical-storm-or-cluste_n0020/e_0153 type PatientCondition
Rule_742	?a type ConditionOrFindingEntity => ?a type PatientCondition	respiratory_distress__mcdonagh-2023-esc-guidelines_n0070/e_0013 type ConditionOrFindingEntity => respiratory_distress__mcdonagh-2023-esc-guidelines_n0070/e_0013 type PatientCondition
Rule_742	?a type ConditionOrFindingEntity => ?a type PatientCondition	PVC__zeppenfeld-2022-esc-guidelines-va-and-scd_n0056/e_0008 type ConditionOrFindingEntity => PVC__zeppenfeld-2022-esc-guidelines-va-and-scd_n0056/e_0008 type PatientCondition
Rule_742	?a type ConditionOrFindingEntity => ?a type PatientCondition	respiratory_failure__mcdonagh-2023-esc-guidelines_n0096/e_0061 type ConditionOrFindingEntity => respiratory_failure__mcdonagh-2023-esc-guidelines_n0096/e_0061 type PatientCondition
Rule_742	?a type ConditionOrFindingEntity => ?a type PatientCondition	su_verified_6ed52cdf724db04223b4d1c2e62f3c35f6b42bc19bc5e3198277d681d47e1eb9_table_5/e_0068 type ConditionOrFindingEntity => su_verified_6ed52cdf724db04223b4d1c2e62f3c35f6b42bc19bc5e3198277d681d47e1eb9_table_5/e_0068 type PatientCondition
Rule_742	?a type ConditionOrFindingEntity => ?a type PatientCondition	NICM__al-khatib-2017-aha-acc-hrs-guideline-va-and-scd_n0050/e_0005 type ConditionOrFindingEntity => NICM__al-khatib-2017-aha-acc-hrs-guideline-va-and-scd_n0050/e_0005 type PatientCondition
Rule_742	?a type ConditionOrFindingEntity => ?a type PatientCondition	the_same_symptoms_and_signs_assessed_during_the_initial_evaluation__sectio-1_n0007/e_0041 type ConditionOrFindingEntity => the_same_symptoms_and_signs_assessed_during_the_initial_evaluation__sectio-1_n0007/e_0041 type PatientCondition
Rule_742	?a type ConditionOrFindingEntity => ?a type PatientCondition	hypertension__heidenreich-2022-aha-acc-hfsa-guidelines_n0071/e_0003 type ConditionOrFindingEntity => hypertension__heidenreich-2022-aha-acc-hfsa-guidelines_n0071/e_0003 type PatientCondition
Rule_742	?a type ConditionOrFindingEntity => ?a type PatientCondition	LQTS__zeppenfeld-2022-esc-guidelines-va-and-scd_n0019/e_0146 type ConditionOrFindingEntity => LQTS__zeppenfeld-2022-esc-guidelines-va-and-scd_n0019/e_0146 type PatientCondition
Rule_742	?a type ConditionOrFindingEntity => ?a type PatientCondition	other_HTAD__pelliccia-2020-2020-esc-guidelines-on-sports-cardiology-and-exercise-in_n0053/e_0034 type ConditionOrFindingEntity => other_HTAD__pelliccia-2020-2020-esc-guidelines-on-sports-cardiology-and-exercise-in_n0053/e_0034 type PatientCondition
Rule_742	?a type ConditionOrFindingEntity => ?a type PatientCondition	diabetes__medis-websiten-zusammengefugt_n0006/e_0002 type ConditionOrFindingEntity => diabetes__medis-websiten-zusammengefugt_n0006/e_0002 type PatientCondition
Rule_742	?a type ConditionOrFindingEntity => ?a type PatientCondition	NSVT__al-khatib-2017-aha-acc-hrs-guideline-va-and-scd_n0035/e_0029 type ConditionOrFindingEntity => NSVT__al-khatib-2017-aha-acc-hrs-guideline-va-and-scd_n0035/e_0029 type PatientCondition
Rule_742	?a type ConditionOrFindingEntity => ?a type PatientCondition	repeated_failure_to_wean_from_support__mcdonagh-2023-esc-guidelines_n0059/e_0023 type ConditionOrFindingEntity => repeated_failure_to_wean_from_support__mcdonagh-2023-esc-guidelines_n0059/e_0023 type PatientCondition
Rule_742	?a type ConditionOrFindingEntity => ?a type PatientCondition	cardiotoxicity__mcdonagh-2023-esc-guidelines_n0080/e_0003 type ConditionOrFindingEntity => cardiotoxicity__mcdonagh-2023-esc-guidelines_n0080/e_0003 type PatientCondition
Rule_742	?a type ConditionOrFindingEntity => ?a type PatientCondition	persistent_atrial_fibrillation__regitz-zagrosek-2018-2018-esc-guideline-for-the-management-of-cardiovasc_n0025/e_0049 type ConditionOrFindingEntity => persistent_atrial_fibrillation__regitz-zagrosek-2018-2018-esc-guideline-for-the-management-of-cardiovasc_n0025/e_0049 type PatientCondition
Rule_742	?a type ConditionOrFindingEntity => ?a type PatientCondition	recurrent,_symptomatic_SMVT__zeppenfeld-2022-esc-guidelines-va-and-scd_n0074/e_0002 type ConditionOrFindingEntity => recurrent,_symptomatic_SMVT__zeppenfeld-2022-esc-guidelines-va-and-scd_n0074/e_0002 type PatientCondition
Rule_742	?a type ConditionOrFindingEntity => ?a type PatientCondition	HF__heidenreich-2022-aha-acc-hfsa-guidelines_n0025/e_0002 type ConditionOrFindingEntity => HF__heidenreich-2022-aha-acc-hfsa-guidelines_n0025/e_0002 type PatientCondition
Rule_742	?a type ConditionOrFindingEntity => ?a type PatientCondition	a_previous_thromboembolic_event__heidenreich-2022-aha-acc-hfsa-guidelines_n0051/e_0022 type ConditionOrFindingEntity => a_previous_thromboembolic_event__heidenreich-2022-aha-acc-hfsa-guidelines_n0051/e_0022 type PatientCondition
Rule_742	?a type ConditionOrFindingEntity => ?a type PatientCondition	anomalous_aortic_origin_of_a_coronary_artery__zeppenfeld-2022-esc-guidelines-va-and-scd_n0055/e_0021 type ConditionOrFindingEntity => anomalous_aortic_origin_of_a_coronary_artery__zeppenfeld-2022-esc-guidelines-va-and-scd_n0055/e_0021 type PatientCondition
Rule_742	?a type ConditionOrFindingEntity => ?a type PatientCondition	inflammatory_disease_(myocarditis)__mcdonagh-2023-esc-guidelines_n0031/e_0008 type ConditionOrFindingEntity => inflammatory_disease_(myocarditis)__mcdonagh-2023-esc-guidelines_n0031/e_0008 type PatientCondition
Rule_742	?a type ConditionOrFindingEntity => ?a type PatientCondition	ARVC__zeppenfeld-2022-esc-guidelines-va-and-scd_n0094/e_0054 type ConditionOrFindingEntity => ARVC__zeppenfeld-2022-esc-guidelines-va-and-scd_n0094/e_0054 type PatientCondition
Rule_742	?a type ConditionOrFindingEntity => ?a type PatientCondition	severe_symptoms_refractory_to_pharmacological_therapy__mcdonagh-2023-esc-guidelines_n0045/e_0045 type ConditionOrFindingEntity => severe_symptoms_refractory_to_pharmacological_therapy__mcdonagh-2023-esc-guidelines_n0045/e_0045 type PatientCondition
Rule_742	?a type ConditionOrFindingEntity => ?a type PatientCondition	iron_deficiency__vest-2019-nutrition-obesity-and-cachexia-in-patients-with-heart-failure_n0001/e_0047 type ConditionOrFindingEntity => iron_deficiency__vest-2019-nutrition-obesity-and-cachexia-in-patients-with-heart-failure_n0001/e_0047 type PatientCondition
Rule_742	?a type ConditionOrFindingEntity => ?a type PatientCondition	Pre-transplant_BMI_%3E35_kg/m%C2%B2__mcdonagh-2023-esc-guidelines_n0062/e_0019 type ConditionOrFindingEntity => Pre-transplant_BMI_%3E35_kg/m%C2%B2__mcdonagh-2023-esc-guidelines_n0062/e_0019 type PatientCondition
Rule_742	?a type ConditionOrFindingEntity => ?a type PatientCondition	VT__zeppenfeld-2022-esc-guidelines-va-and-scd_n0070/e_0022 type ConditionOrFindingEntity => VT__zeppenfeld-2022-esc-guidelines-va-and-scd_n0070/e_0022 type PatientCondition
Rule_742	?a type ConditionOrFindingEntity => ?a type PatientCondition	depression__sectio-1_n0020/e_0005 type ConditionOrFindingEntity => depression__sectio-1_n0020/e_0005 type PatientCondition
Rule_742	?a type ConditionOrFindingEntity => ?a type PatientCondition	VT__zeppenfeld-2022-esc-guidelines-va-and-scd_n0086/e_0027 type ConditionOrFindingEntity => VT__zeppenfeld-2022-esc-guidelines-va-and-scd_n0086/e_0027 type PatientCondition
Rule_742	?a type ConditionOrFindingEntity => ?a type PatientCondition	being_kicked_in_the_chest__cardiosmart-decision-aid-icd-for-hf_n0002/e_0036 type ConditionOrFindingEntity => being_kicked_in_the_chest__cardiosmart-decision-aid-icd-for-hf_n0002/e_0036 type PatientCondition
Rule_742	?a type ConditionOrFindingEntity => ?a type PatientCondition	literacy_level__riegel-2009-promoting-self-care-in-persons-with-heart-failure_n0004/e_0008 type ConditionOrFindingEntity => literacy_level__riegel-2009-promoting-self-care-in-persons-with-heart-failure_n0004/e_0008 type PatientCondition
Rule_742	?a type ConditionOrFindingEntity => ?a type PatientCondition	AV_conduction_delay__zeppenfeld-2022-esc-guidelines-va-and-scd_n0060/e_0031 type ConditionOrFindingEntity => AV_conduction_delay__zeppenfeld-2022-esc-guidelines-va-and-scd_n0060/e_0031 type PatientCondition
Rule_742	?a type ConditionOrFindingEntity => ?a type PatientCondition	not_eligible_for_surgery__mcdonagh-2023-esc-guidelines_n0076/e_0015 type ConditionOrFindingEntity => not_eligible_for_surgery__mcdonagh-2023-esc-guidelines_n0076/e_0015 type PatientCondition
Rule_742	?a type ConditionOrFindingEntity => ?a type PatientCondition	syncope__zeppenfeld-2022-esc-guidelines-va-and-scd_n0054/e_0002 type ConditionOrFindingEntity => syncope__zeppenfeld-2022-esc-guidelines-va-and-scd_n0054/e_0002 type PatientCondition
Rule_742	?a type ConditionOrFindingEntity => ?a type PatientCondition	SHD__lenarczyk-2024-management-of-patients-with-an-electrical-storm-or-cluste_n0020/e_0106 type ConditionOrFindingEntity => SHD__lenarczyk-2024-management-of-patients-with-an-electrical-storm-or-cluste_n0020/e_0106 type PatientCondition
Rule_742	?a type ConditionOrFindingEntity => ?a type PatientCondition	CPVT__lenarczyk-2024-management-of-patients-with-an-electrical-storm-or-cluste_n0020/e_0089 type ConditionOrFindingEntity => CPVT__lenarczyk-2024-management-of-patients-with-an-electrical-storm-or-cluste_n0020/e_0089 type PatientCondition
Rule_742	?a type ConditionOrFindingEntity => ?a type PatientCondition	cardiomyopathy__zeppenfeld-2022-esc-guidelines-va-and-scd_n0070/e_0011 type ConditionOrFindingEntity => cardiomyopathy__zeppenfeld-2022-esc-guidelines-va-and-scd_n0070/e_0011 type PatientCondition
Rule_742	?a type ConditionOrFindingEntity => ?a type PatientCondition	type_2_diabetes__pelliccia-2020-2020-esc-guidelines-on-sports-cardiology-and-exercise-in_n0043/e_0005 type ConditionOrFindingEntity => type_2_diabetes__pelliccia-2020-2020-esc-guidelines-on-sports-cardiology-and-exercise-in_n0043/e_0005 type PatientCondition
Rule_742	?a type ConditionOrFindingEntity => ?a type PatientCondition	acute_decompensated_HF__heidenreich-2022-aha-acc-hfsa-guidelines_n0021/e_0003 type ConditionOrFindingEntity => acute_decompensated_HF__heidenreich-2022-aha-acc-hfsa-guidelines_n0021/e_0003 type PatientCondition
Rule_742	?a type ConditionOrFindingEntity => ?a type PatientCondition	sustained_VA__al-khatib-2017-aha-acc-hrs-guideline-va-and-scd_n0060/e_0008 type ConditionOrFindingEntity => sustained_VA__al-khatib-2017-aha-acc-hrs-guideline-va-and-scd_n0060/e_0008 type PatientCondition
Rule_742	?a type ConditionOrFindingEntity => ?a type PatientCondition	asymptomatic_pause(s)_%3E6_s__glikson-2021-2021-esc-guidelines-on-cardiac-pacing-and-cardiac-resynchro_n0046/e_0034 type ConditionOrFindingEntity => asymptomatic_pause(s)_%3E6_s__glikson-2021-2021-esc-guidelines-on-cardiac-pacing-and-cardiac-resynchro_n0046/e_0034 type PatientCondition
Rule_742	?a type ConditionOrFindingEntity => ?a type PatientCondition	ERS__zeppenfeld-2022-esc-guidelines-va-and-scd_n0019/e_0211 type ConditionOrFindingEntity => ERS__zeppenfeld-2022-esc-guidelines-va-and-scd_n0019/e_0211 type PatientCondition
Rule_742	?a type ConditionOrFindingEntity => ?a type PatientCondition	Associated_comorbid_conditions__sectio-4_n0001/e_0017 type ConditionOrFindingEntity => Associated_comorbid_conditions__sectio-4_n0001/e_0017 type PatientCondition
Rule_742	?a type ConditionOrFindingEntity => ?a type PatientCondition	AF-related_bradycardia__glikson-2021-2021-esc-guidelines-on-cardiac-pacing-and-cardiac-resynchro_n0046/e_0023 type ConditionOrFindingEntity => AF-related_bradycardia__glikson-2021-2021-esc-guidelines-on-cardiac-pacing-and-cardiac-resynchro_n0046/e_0023 type PatientCondition
Rule_742	?a type ConditionOrFindingEntity => ?a type PatientCondition	su_verified_6ed52cdf724db04223b4d1c2e62f3c35f6b42bc19bc5e3198277d681d47e1eb9_table_5/e_0065 type ConditionOrFindingEntity => su_verified_6ed52cdf724db04223b4d1c2e62f3c35f6b42bc19bc5e3198277d681d47e1eb9_table_5/e_0065 type PatientCondition
Rule_742	?a type ConditionOrFindingEntity => ?a type PatientCondition	OSA__fox-2021-positionspaper-schlafmedizin-in-der-kardiologie_n0015/e_0005 type ConditionOrFindingEntity => OSA__fox-2021-positionspaper-schlafmedizin-in-der-kardiologie_n0015/e_0005 type PatientCondition
Rule_742	?a type ConditionOrFindingEntity => ?a type PatientCondition	AF__mcdonagh-2023-esc-guidelines_n0094/e_0011 type ConditionOrFindingEntity => AF__mcdonagh-2023-esc-guidelines_n0094/e_0011 type PatientCondition
Rule_742	?a type ConditionOrFindingEntity => ?a type PatientCondition	Obesity__sedf99-1_n0001/e_0022 type ConditionOrFindingEntity => Obesity__sedf99-1_n0001/e_0022 type PatientCondition
Rule_742	?a type ConditionOrFindingEntity => ?a type PatientCondition	burden_of_comorbidities__al-khatib-2017-aha-acc-hrs-guideline-va-and-scd_n0033/e_0017 type ConditionOrFindingEntity => burden_of_comorbidities__al-khatib-2017-aha-acc-hrs-guideline-va-and-scd_n0033/e_0017 type PatientCondition
Rule_742	?a type ConditionOrFindingEntity => ?a type PatientCondition	persistent_signs_of_congestion__mcdonagh-2023-esc-guidelines_n0022/e_0008 type ConditionOrFindingEntity => persistent_signs_of_congestion__mcdonagh-2023-esc-guidelines_n0022/e_0008 type PatientCondition
Rule_742	?a type ConditionOrFindingEntity => ?a type PatientCondition	ischemic_heart_disease__al-khatib-2017-aha-acc-hrs-guideline-va-and-scd_n0033/e_0002 type ConditionOrFindingEntity => ischemic_heart_disease__al-khatib-2017-aha-acc-hrs-guideline-va-and-scd_n0033/e_0002 type PatientCondition
Rule_742	?a type ConditionOrFindingEntity => ?a type PatientCondition	Hypotension__execut-1_n0020/e_0003 type ConditionOrFindingEntity => Hypotension__execut-1_n0020/e_0003 type PatientCondition
Rule_742	?a type ConditionOrFindingEntity => ?a type PatientCondition	Ascites__sectio-4_n0004/e_0016 type ConditionOrFindingEntity => Ascites__sectio-4_n0004/e_0016 type PatientCondition
Rule_742	?a type ConditionOrFindingEntity => ?a type PatientCondition	estimated_5-year_risk_of_SD_%E2%89%A56%25__zeppenfeld-2022-esc-guidelines-va-and-scd_n0063/e_0021 type ConditionOrFindingEntity => estimated_5-year_risk_of_SD_%E2%89%A56%25__zeppenfeld-2022-esc-guidelines-va-and-scd_n0063/e_0021 type PatientCondition
Rule_742	?a type ConditionOrFindingEntity => ?a type PatientCondition	IVC_dilated_or_without_respiratory_variation__supp-material-esc-guidelines_n0018/e_0026 type ConditionOrFindingEntity => IVC_dilated_or_without_respiratory_variation__supp-material-esc-guidelines_n0018/e_0026 type PatientCondition
Rule_742	?a type ConditionOrFindingEntity => ?a type PatientCondition	Nocturnal_cough__sectio-4_n0004/e_0026 type ConditionOrFindingEntity => Nocturnal_cough__sectio-4_n0004/e_0026 type PatientCondition
Rule_742	?a type ConditionOrFindingEntity => ?a type PatientCondition	hypotension__mcdonagh-2023-esc-guidelines_n0071/e_0008 type ConditionOrFindingEntity => hypotension__mcdonagh-2023-esc-guidelines_n0071/e_0008 type PatientCondition
Rule_742	?a type ConditionOrFindingEntity => ?a type PatientCondition	ischemic_cause_of_HF__heidenreich-2022-aha-acc-hfsa-guidelines_n0065/e_0064 type ConditionOrFindingEntity => ischemic_cause_of_HF__heidenreich-2022-aha-acc-hfsa-guidelines_n0065/e_0064 type PatientCondition
Rule_742	?a type ConditionOrFindingEntity => ?a type PatientCondition	functional_status_and_prognosis_based_on_severity_of_underlying_HF_and_comorbid_conditions__sectio-1_n0022/e_0014 type ConditionOrFindingEntity => functional_status_and_prognosis_based_on_severity_of_underlying_HF_and_comorbid_conditions__sectio-1_n0022/e_0014 type PatientCondition
Rule_742	?a type ConditionOrFindingEntity => ?a type PatientCondition	anxiety__riegel-2009-promoting-self-care-in-persons-with-heart-failure_n0004/e_0061 type ConditionOrFindingEntity => anxiety__riegel-2009-promoting-self-care-in-persons-with-heart-failure_n0004/e_0061 type PatientCondition
Rule_742	?a type ConditionOrFindingEntity => ?a type PatientCondition	anomalous_aortic_origin_of_a_coronary_artery__zeppenfeld-2022-esc-guidelines-va-and-scd_n0055/e_0010 type ConditionOrFindingEntity => anomalous_aortic_origin_of_a_coronary_artery__zeppenfeld-2022-esc-guidelines-va-and-scd_n0055/e_0010 type PatientCondition
Rule_742	?a type ConditionOrFindingEntity => ?a type PatientCondition	NICM__al-khatib-2017-aha-acc-hrs-guideline-va-and-scd_n0051/e_0004 type ConditionOrFindingEntity => NICM__al-khatib-2017-aha-acc-hrs-guideline-va-and-scd_n0051/e_0004 type PatientCondition
Rule_742	?a type ConditionOrFindingEntity => ?a type PatientCondition	ERS__zeppenfeld-2022-esc-guidelines-va-and-scd_n0096/e_0038 type ConditionOrFindingEntity => ERS__zeppenfeld-2022-esc-guidelines-va-and-scd_n0096/e_0038 type PatientCondition
Rule_742	?a type ConditionOrFindingEntity => ?a type PatientCondition	su_verified_6ed52cdf724db04223b4d1c2e62f3c35f6b42bc19bc5e3198277d681d47e1eb9_table_24/e_0005 type ConditionOrFindingEntity => su_verified_6ed52cdf724db04223b4d1c2e62f3c35f6b42bc19bc5e3198277d681d47e1eb9_table_24/e_0005 type PatientCondition
Rule_742	?a type ConditionOrFindingEntity => ?a type PatientCondition	HFrEF__mcdonagh-2023-esc-guidelines_n0095/e_0046 type ConditionOrFindingEntity => HFrEF__mcdonagh-2023-esc-guidelines_n0095/e_0046 type PatientCondition
Rule_742	?a type ConditionOrFindingEntity => ?a type PatientCondition	following_recovery_from_acute_myocarditis__pelliccia-2020-2020-esc-guidelines-on-sports-cardiology-and-exercise-in_n0075/e_0036 type ConditionOrFindingEntity => following_recovery_from_acute_myocarditis__pelliccia-2020-2020-esc-guidelines-on-sports-cardiology-and-exercise-in_n0075/e_0036 type PatientCondition
Rule_742	?a type ConditionOrFindingEntity => ?a type PatientCondition	diabetes__aha-patient-discharge-packet_n0004/e_0106 type ConditionOrFindingEntity => diabetes__aha-patient-discharge-packet_n0004/e_0106 type PatientCondition
Rule_742	?a type ConditionOrFindingEntity => ?a type PatientCondition	VT__zeppenfeld-2022-esc-guidelines-va-and-scd_n0081/e_0016 type ConditionOrFindingEntity => VT__zeppenfeld-2022-esc-guidelines-va-and-scd_n0081/e_0016 type PatientCondition
Rule_742	?a type ConditionOrFindingEntity => ?a type PatientCondition	electrical_storm__zeppenfeld-2022-esc-guidelines-va-and-scd_n0019/e_0107 type ConditionOrFindingEntity => electrical_storm__zeppenfeld-2022-esc-guidelines-va-and-scd_n0019/e_0107 type PatientCondition
Rule_742	?a type ConditionOrFindingEntity => ?a type PatientCondition	intractable,_end-stage_HF__lenarczyk-2024-management-of-patients-with-an-electrical-storm-or-cluste_n0023/e_0011 type ConditionOrFindingEntity => intractable,_end-stage_HF__lenarczyk-2024-management-of-patients-with-an-electrical-storm-or-cluste_n0023/e_0011 type PatientCondition
Rule_742	?a type ConditionOrFindingEntity => ?a type PatientCondition	DCM/HNDCM__zeppenfeld-2022-esc-guidelines-va-and-scd_n0061/e_0004 type ConditionOrFindingEntity => DCM/HNDCM__zeppenfeld-2022-esc-guidelines-va-and-scd_n0061/e_0004 type PatientCondition
Rule_742	?a type ConditionOrFindingEntity => ?a type PatientCondition	hypokalemia__al-khatib-2017-aha-acc-hrs-guideline-va-and-scd_n0071/e_0007 type ConditionOrFindingEntity => hypokalemia__al-khatib-2017-aha-acc-hrs-guideline-va-and-scd_n0071/e_0007 type PatientCondition
Rule_742	?a type ConditionOrFindingEntity => ?a type PatientCondition	cardiovascular_instability__heidenreich-2022-aha-acc-hfsa-guidelines_n0108/e_0020 type ConditionOrFindingEntity => cardiovascular_instability__heidenreich-2022-aha-acc-hfsa-guidelines_n0108/e_0020 type PatientCondition
Rule_742	?a type ConditionOrFindingEntity => ?a type PatientCondition	asystolic_syncope_during_tilt_testing__glikson-2021-2021-esc-guidelines-on-cardiac-pacing-and-cardiac-resynchro_n0049/e_0013 type ConditionOrFindingEntity => asystolic_syncope_during_tilt_testing__glikson-2021-2021-esc-guidelines-on-cardiac-pacing-and-cardiac-resynchro_n0049/e_0013 type PatientCondition
Rule_742	?a type ConditionOrFindingEntity => ?a type PatientCondition	Previous_or_ongoing_requirement_for_dobutamine,_milrinone,_dopamine,_or_levosimendan__supp-material-esc-guidelines_n0019/e_0001 type ConditionOrFindingEntity => Previous_or_ongoing_requirement_for_dobutamine,_milrinone,_dopamine,_or_levosimendan__supp-material-esc-guidelines_n0019/e_0001 type PatientCondition
Rule_742	?a type ConditionOrFindingEntity => ?a type PatientCondition	ischemic_heart_disease__heidenreich-2022-aha-acc-hfsa-guidelines_n0021/e_0028 type ConditionOrFindingEntity => ischemic_heart_disease__heidenreich-2022-aha-acc-hfsa-guidelines_n0021/e_0028 type PatientCondition
Rule_742	?a type ConditionOrFindingEntity => ?a type PatientCondition	cultural_background__riegel-2009-promoting-self-care-in-persons-with-heart-failure_n0004/e_0009 type ConditionOrFindingEntity => cultural_background__riegel-2009-promoting-self-care-in-persons-with-heart-failure_n0004/e_0009 type PatientCondition
Rule_742	?a type ConditionOrFindingEntity => ?a type PatientCondition	specific_deficiencies__heidenreich-2022-aha-acc-hfsa-guidelines_n0053/e_0007 type ConditionOrFindingEntity => specific_deficiencies__heidenreich-2022-aha-acc-hfsa-guidelines_n0053/e_0007 type PatientCondition
Rule_742	?a type ConditionOrFindingEntity => ?a type PatientCondition	ACS__ambrosetti-2020-secondary-prevention-comprehensive-cardiovascular-rehabi_n0003/e_0004 type ConditionOrFindingEntity => ACS__ambrosetti-2020-secondary-prevention-comprehensive-cardiovascular-rehabi_n0003/e_0004 type PatientCondition
Rule_742	?a type ConditionOrFindingEntity => ?a type PatientCondition	ventricular_arrhythmia_causing_haemodynamic_instability__mcdonagh-2023-esc-guidelines_n0045/e_0005 type ConditionOrFindingEntity => ventricular_arrhythmia_causing_haemodynamic_instability__mcdonagh-2023-esc-guidelines_n0045/e_0005 type PatientCondition
Rule_742	?a type ConditionOrFindingEntity => ?a type PatientCondition	inducible_sustained_monomorphic_VT__al-khatib-2017-aha-acc-hrs-guideline-va-and-scd_n0033/e_0022 type ConditionOrFindingEntity => inducible_sustained_monomorphic_VT__al-khatib-2017-aha-acc-hrs-guideline-va-and-scd_n0033/e_0022 type PatientCondition
Rule_742	?a type ConditionOrFindingEntity => ?a type PatientCondition	rapidly_conducted_supraventricular_arrhythmia__glikson-2021-2021-esc-guidelines-on-cardiac-pacing-and-cardiac-resynchro_n0057/e_0019 type ConditionOrFindingEntity => rapidly_conducted_supraventricular_arrhythmia__glikson-2021-2021-esc-guidelines-on-cardiac-pacing-and-cardiac-resynchro_n0057/e_0019 type PatientCondition
Rule_742	?a type ConditionOrFindingEntity => ?a type PatientCondition	3-vessel_disease__zeppenfeld-2022-esc-guidelines-va-and-scd_n0025/e_0066 type ConditionOrFindingEntity => 3-vessel_disease__zeppenfeld-2022-esc-guidelines-va-and-scd_n0025/e_0066 type PatientCondition
Rule_742	?a type ConditionOrFindingEntity => ?a type PatientCondition	ICD-related_concerns__zeppenfeld-2022-esc-guidelines-va-and-scd_n0048/e_0007 type ConditionOrFindingEntity => ICD-related_concerns__zeppenfeld-2022-esc-guidelines-va-and-scd_n0048/e_0007 type PatientCondition
Rule_742	?a type ConditionOrFindingEntity => ?a type PatientCondition	more_severe_disease__mcdonagh-2023-esc-guidelines_n0056/e_0008 type ConditionOrFindingEntity => more_severe_disease__mcdonagh-2023-esc-guidelines_n0056/e_0008 type PatientCondition
Rule_742	?a type ConditionOrFindingEntity => ?a type PatientCondition	HCM__zeppenfeld-2022-esc-guidelines-va-and-scd_n0018/e_0170 type ConditionOrFindingEntity => HCM__zeppenfeld-2022-esc-guidelines-va-and-scd_n0018/e_0170 type PatientCondition
Rule_742	?a type ConditionOrFindingEntity => ?a type PatientCondition	recurrent_CVD_events__visseren-2021-esc-guidelines-cardiovascular-disease-prevention_n0068/e_0006 type ConditionOrFindingEntity => recurrent_CVD_events__visseren-2021-esc-guidelines-cardiovascular-disease-prevention_n0068/e_0006 type PatientCondition
Rule_742	?a type ConditionOrFindingEntity => ?a type PatientCondition	new-onset_alternating_BBB__glikson-2021-2021-esc-guidelines-on-cardiac-pacing-and-cardiac-resynchro_n0063/e_0008 type ConditionOrFindingEntity => new-onset_alternating_BBB__glikson-2021-2021-esc-guidelines-on-cardiac-pacing-and-cardiac-resynchro_n0063/e_0008 type PatientCondition
Rule_742	?a type ConditionOrFindingEntity => ?a type PatientCondition	indication_for_ventricular_pacing__mcdonagh-2023-esc-guidelines_n0046/e_0015 type ConditionOrFindingEntity => indication_for_ventricular_pacing__mcdonagh-2023-esc-guidelines_n0046/e_0015 type PatientCondition
Rule_742	?a type ConditionOrFindingEntity => ?a type PatientCondition	Altered_mentation__execut-1_n0020/e_0005 type ConditionOrFindingEntity => Altered_mentation__execut-1_n0020/e_0005 type PatientCondition
Rule_742	?a type ConditionOrFindingEntity => ?a type PatientCondition	LVEF_%3C45%25__mcdonagh-2023-esc-guidelines_n0035/e_0059 type ConditionOrFindingEntity => LVEF_%3C45%25__mcdonagh-2023-esc-guidelines_n0035/e_0059 type PatientCondition
Rule_742	?a type ConditionOrFindingEntity => ?a type PatientCondition	VF__zeppenfeld-2022-esc-guidelines-va-and-scd_n0094/e_0047 type ConditionOrFindingEntity => VF__zeppenfeld-2022-esc-guidelines-va-and-scd_n0094/e_0047 type PatientCondition
Rule_742	?a type ConditionOrFindingEntity => ?a type PatientCondition	unexplained_syncope__al-khatib-2017-aha-acc-hrs-guideline-va-and-scd_n0033/e_0021 type ConditionOrFindingEntity => unexplained_syncope__al-khatib-2017-aha-acc-hrs-guideline-va-and-scd_n0033/e_0021 type PatientCondition
Rule_742	?a type ConditionOrFindingEntity => ?a type PatientCondition	hypoxaemia__mcdonagh-2023-esc-guidelines_n0096/e_0059 type ConditionOrFindingEntity => hypoxaemia__mcdonagh-2023-esc-guidelines_n0096/e_0059 type PatientCondition
Rule_742	?a type ConditionOrFindingEntity => ?a type PatientCondition	social_isolation__heidenreich-2022-aha-acc-hfsa-guidelines_n0037/e_0021 type ConditionOrFindingEntity => social_isolation__heidenreich-2022-aha-acc-hfsa-guidelines_n0037/e_0021 type PatientCondition
Rule_742	?a type ConditionOrFindingEntity => ?a type PatientCondition	VT__zeppenfeld-2022-esc-guidelines-va-and-scd_n0018/e_0050 type ConditionOrFindingEntity => VT__zeppenfeld-2022-esc-guidelines-va-and-scd_n0018/e_0050 type PatientCondition
Rule_742	?a type ConditionOrFindingEntity => ?a type PatientCondition	HF__heidenreich-2022-aha-acc-hfsa-guidelines_n0034/e_0003 type ConditionOrFindingEntity => HF__heidenreich-2022-aha-acc-hfsa-guidelines_n0034/e_0003 type PatientCondition
Rule_742	?a type ConditionOrFindingEntity => ?a type PatientCondition	SCD__zeppenfeld-2022-esc-guidelines-va-and-scd_n0019/e_0207 type ConditionOrFindingEntity => SCD__zeppenfeld-2022-esc-guidelines-va-and-scd_n0019/e_0207 type PatientCondition
Rule_742	?a type ConditionOrFindingEntity => ?a type PatientCondition	CHF__sbolli-2020-depression-and-heart-failure_n0003/e_0001 type ConditionOrFindingEntity => CHF__sbolli-2020-depression-and-heart-failure_n0003/e_0001 type PatientCondition
Rule_742	?a type ConditionOrFindingEntity => ?a type PatientCondition	excess_water__medis-websiten-zusammengefugt_n0006/e_0009 type ConditionOrFindingEntity => excess_water__medis-websiten-zusammengefugt_n0006/e_0009 type PatientCondition
Rule_742	?a type ConditionOrFindingEntity => ?a type PatientCondition	pathologic_Q_waves__execut-1_n0008/e_0014 type ConditionOrFindingEntity => pathologic_Q_waves__execut-1_n0008/e_0014 type PatientCondition
Rule_742	?a type ConditionOrFindingEntity => ?a type PatientCondition	Other_serious_comorbidity_with_poor_prognosis__mcdonagh-2023-esc-guidelines_n0062/e_0018 type ConditionOrFindingEntity => Other_serious_comorbidity_with_poor_prognosis__mcdonagh-2023-esc-guidelines_n0062/e_0018 type PatientCondition
Rule_742	?a type ConditionOrFindingEntity => ?a type PatientCondition	Double_or_triple_sensing_of_ventricular_signals__braunschweig-2010-management-of-patients-receiving-implantable-cardiac-d_n0007/e_0050 type ConditionOrFindingEntity => Double_or_triple_sensing_of_ventricular_signals__braunschweig-2010-management-of-patients-receiving-implantable-cardiac-d_n0007/e_0050 type PatientCondition
Rule_742	?a type ConditionOrFindingEntity => ?a type PatientCondition	decompensated_HF__lenarczyk-2024-management-of-patients-with-an-electrical-storm-or-cluste_n0020/e_0122 type ConditionOrFindingEntity => decompensated_HF__lenarczyk-2024-management-of-patients-with-an-electrical-storm-or-cluste_n0020/e_0122 type PatientCondition
Rule_742	?a type ConditionOrFindingEntity => ?a type PatientCondition	possible_barriers__mcdonagh-2023-esc-guidelines_n0055/e_0029 type ConditionOrFindingEntity => possible_barriers__mcdonagh-2023-esc-guidelines_n0055/e_0029 type PatientCondition
Rule_742	?a type ConditionOrFindingEntity => ?a type PatientCondition	PVCs__zeppenfeld-2022-esc-guidelines-va-and-scd_n0093/e_0124 type ConditionOrFindingEntity => PVCs__zeppenfeld-2022-esc-guidelines-va-and-scd_n0093/e_0124 type PatientCondition
Rule_742	?a type ConditionOrFindingEntity => ?a type PatientCondition	detection_of_VT__braunschweig-2010-management-of-patients-receiving-implantable-cardiac-d_n0007/e_0010 type ConditionOrFindingEntity => detection_of_VT__braunschweig-2010-management-of-patients-receiving-implantable-cardiac-d_n0007/e_0010 type PatientCondition
Rule_742	?a type ConditionOrFindingEntity => ?a type PatientCondition	VAs__zeppenfeld-2022-esc-guidelines-va-and-scd_n0093/e_0082 type ConditionOrFindingEntity => VAs__zeppenfeld-2022-esc-guidelines-va-and-scd_n0093/e_0082 type PatientCondition
Rule_742	?a type ConditionOrFindingEntity => ?a type PatientCondition	comorbidities__heidenreich-2022-aha-acc-hfsa-guidelines_n0064/e_0018 type ConditionOrFindingEntity => comorbidities__heidenreich-2022-aha-acc-hfsa-guidelines_n0064/e_0018 type PatientCondition
Rule_742	?a type ConditionOrFindingEntity => ?a type PatientCondition	symptomatic_ventricular_arrhythmias__mcdonagh-2023-esc-guidelines_n0031/e_0020 type ConditionOrFindingEntity => symptomatic_ventricular_arrhythmias__mcdonagh-2023-esc-guidelines_n0031/e_0020 type PatientCondition
Rule_742	?a type ConditionOrFindingEntity => ?a type PatientCondition	Diabetic_ketoacidosis__sectio-4_n0001/e_0020 type ConditionOrFindingEntity => Diabetic_ketoacidosis__sectio-4_n0001/e_0020 type PatientCondition
Rule_742	?a type ConditionOrFindingEntity => ?a type PatientCondition	Anemia__maddox-2021-2021-update-to-the-2017-acc-expert-consensus-decision-pathwa_n0017/e_0036 type ConditionOrFindingEntity => Anemia__maddox-2021-2021-update-to-the-2017-acc-expert-consensus-decision-pathwa_n0017/e_0036 type PatientCondition
Rule_742	?a type ConditionOrFindingEntity => ?a type PatientCondition	cardiomyopathy__zeppenfeld-2022-esc-guidelines-va-and-scd_n0070/e_0021 type ConditionOrFindingEntity => cardiomyopathy__zeppenfeld-2022-esc-guidelines-va-and-scd_n0070/e_0021 type PatientCondition
Rule_742	?a type ConditionOrFindingEntity => ?a type PatientCondition	HF__mcdonagh-2023-esc-guidelines_n0095/e_0026 type ConditionOrFindingEntity => HF__mcdonagh-2023-esc-guidelines_n0095/e_0026 type PatientCondition
Rule_742	?a type ConditionOrFindingEntity => ?a type PatientCondition	su_verified_6ed52cdf724db04223b4d1c2e62f3c35f6b42bc19bc5e3198277d681d47e1eb9_table_6/e_0011 type ConditionOrFindingEntity => su_verified_6ed52cdf724db04223b4d1c2e62f3c35f6b42bc19bc5e3198277d681d47e1eb9_table_6/e_0011 type PatientCondition
Rule_742	?a type ConditionOrFindingEntity => ?a type PatientCondition	sexual_problems__mcdonagh-2023-esc-guidelines_n0055/e_0102 type ConditionOrFindingEntity => sexual_problems__mcdonagh-2023-esc-guidelines_n0055/e_0102 type PatientCondition
Rule_742	?a type ConditionOrFindingEntity => ?a type PatientCondition	transthyretin_cardiac_amyloidosis__heidenreich-2022-aha-acc-hfsa-guidelines_n0072/e_0014 type ConditionOrFindingEntity => transthyretin_cardiac_amyloidosis__heidenreich-2022-aha-acc-hfsa-guidelines_n0072/e_0014 type PatientCondition
Rule_742	?a type ConditionOrFindingEntity => ?a type PatientCondition	HF__sectio-1_n0020/e_0006 type ConditionOrFindingEntity => HF__sectio-1_n0020/e_0006 type PatientCondition
Rule_742	?a type ConditionOrFindingEntity => ?a type PatientCondition	HNDC__mcdonagh-2023-esc-guidelines_n0084/e_0003 type ConditionOrFindingEntity => HNDC__mcdonagh-2023-esc-guidelines_n0084/e_0003 type PatientCondition
Rule_742	?a type ConditionOrFindingEntity => ?a type PatientCondition	heart_failure__zeppenfeld-2022-esc-guidelines-va-and-scd_n0054/e_0013 type ConditionOrFindingEntity => heart_failure__zeppenfeld-2022-esc-guidelines-va-and-scd_n0054/e_0013 type PatientCondition
Rule_742	?a type ConditionOrFindingEntity => ?a type PatientCondition	complete_AVB_with_low_or_no_escape_rhythm__glikson-2021-2021-esc-guidelines-on-cardiac-pacing-and-cardiac-resynchro_n0086/e_0005 type ConditionOrFindingEntity => complete_AVB_with_low_or_no_escape_rhythm__glikson-2021-2021-esc-guidelines-on-cardiac-pacing-and-cardiac-resynchro_n0086/e_0005 type PatientCondition
Rule_742	?a type ConditionOrFindingEntity => ?a type PatientCondition	LVEF_%E2%89%A430%25__supp-material-esc-guidelines_n0018/e_0019 type ConditionOrFindingEntity => LVEF_%E2%89%A430%25__supp-material-esc-guidelines_n0018/e_0019 type PatientCondition
Rule_742	?a type ConditionOrFindingEntity => ?a type PatientCondition	poor_compliance__mcdonagh-2023-esc-guidelines_n0059/e_0033 type ConditionOrFindingEntity => poor_compliance__mcdonagh-2023-esc-guidelines_n0059/e_0033 type PatientCondition
Rule_742	?a type ConditionOrFindingEntity => ?a type PatientCondition	significant_changes_in_HF_symptoms_or_signs__heidenreich-2022-aha-acc-hfsa-guidelines_n0108/e_0029 type ConditionOrFindingEntity => significant_changes_in_HF_symptoms_or_signs__heidenreich-2022-aha-acc-hfsa-guidelines_n0108/e_0029 type PatientCondition
Rule_742	?a type ConditionOrFindingEntity => ?a type PatientCondition	VF__zeppenfeld-2022-esc-guidelines-va-and-scd_n0019/e_0224 type ConditionOrFindingEntity => VF__zeppenfeld-2022-esc-guidelines-va-and-scd_n0019/e_0224 type PatientCondition
Rule_742	?a type ConditionOrFindingEntity => ?a type PatientCondition	long_QT_syndrome__al-khatib-2017-aha-acc-hrs-guideline-va-and-scd_n0054/e_0011 type ConditionOrFindingEntity => long_QT_syndrome__al-khatib-2017-aha-acc-hrs-guideline-va-and-scd_n0054/e_0011 type PatientCondition
Rule_742	?a type ConditionOrFindingEntity => ?a type PatientCondition	NYHA_class_IV__mcdonagh-2023-esc-guidelines_n0045/e_0044 type ConditionOrFindingEntity => NYHA_class_IV__mcdonagh-2023-esc-guidelines_n0045/e_0044 type PatientCondition
Rule_742	?a type ConditionOrFindingEntity => ?a type PatientCondition	HFrEF__mcdonagh-2023-esc-guidelines_n0097/e_0041 type ConditionOrFindingEntity => HFrEF__mcdonagh-2023-esc-guidelines_n0097/e_0041 type PatientCondition
Rule_742	?a type ConditionOrFindingEntity => ?a type PatientCondition	renal_disease__heidenreich-2022-aha-acc-hfsa-guidelines_n0075/e_0033 type ConditionOrFindingEntity => renal_disease__heidenreich-2022-aha-acc-hfsa-guidelines_n0075/e_0033 type PatientCondition
Rule_742	?a type ConditionOrFindingEntity => ?a type PatientCondition	Fatigue,_lightheadedness__sectio-4_n0004/e_0028 type ConditionOrFindingEntity => Fatigue,_lightheadedness__sectio-4_n0004/e_0028 type PatientCondition
Rule_742	?a type ConditionOrFindingEntity => ?a type PatientCondition	suspected_NICM__al-khatib-2017-aha-acc-hrs-guideline-va-and-scd_n0038/e_0002 type ConditionOrFindingEntity => suspected_NICM__al-khatib-2017-aha-acc-hrs-guideline-va-and-scd_n0038/e_0002 type PatientCondition
Rule_742	?a type ConditionOrFindingEntity => ?a type PatientCondition	Inability_to_uptitrate_(or_need_to_decrease/cease)_ACE-Is,_beta-blockers,_ARNIs,_or_MRAs__supp-material-esc-guidelines_n0019/e_0009 type ConditionOrFindingEntity => Inability_to_uptitrate_(or_need_to_decrease/cease)_ACE-Is,_beta-blockers,_ARNIs,_or_MRAs__supp-material-esc-guidelines_n0019/e_0009 type PatientCondition
Rule_742	?a type ConditionOrFindingEntity => ?a type PatientCondition	WPW_syndrome__zeppenfeld-2022-esc-guidelines-va-and-scd_n0040/e_0080 type ConditionOrFindingEntity => WPW_syndrome__zeppenfeld-2022-esc-guidelines-va-and-scd_n0040/e_0080 type PatientCondition
Rule_742	?a type ConditionOrFindingEntity => ?a type PatientCondition	significant_proportion_of_RV_pacing__glikson-2021-2021-esc-guidelines-on-cardiac-pacing-and-cardiac-resynchro_n0053/e_0007 type ConditionOrFindingEntity => significant_proportion_of_RV_pacing__glikson-2021-2021-esc-guidelines-on-cardiac-pacing-and-cardiac-resynchro_n0053/e_0007 type PatientCondition
Rule_742	?a type ConditionOrFindingEntity => ?a type PatientCondition	ERP__zeppenfeld-2022-esc-guidelines-va-and-scd_n0082/e_0025 type ConditionOrFindingEntity => ERP__zeppenfeld-2022-esc-guidelines-va-and-scd_n0082/e_0025 type PatientCondition
Rule_742	?a type ConditionOrFindingEntity => ?a type PatientCondition	moderate_to_severe_HF_symptoms__execut-1_n0049/e_0028 type ConditionOrFindingEntity => moderate_to_severe_HF_symptoms__execut-1_n0049/e_0028 type PatientCondition
Rule_742	?a type ConditionOrFindingEntity => ?a type PatientCondition	Severe_impairment_of_exercise_capacity__mcdonagh-2023-esc-guidelines_n0058/e_0024 type ConditionOrFindingEntity => Severe_impairment_of_exercise_capacity__mcdonagh-2023-esc-guidelines_n0058/e_0024 type PatientCondition
Rule_742	?a type ConditionOrFindingEntity => ?a type PatientCondition	renal_perfusion_and_acute_kidney_injury__van-diepen-2017-contemporary-management-of-cardiogenic-shock_n0004/e_0025 type ConditionOrFindingEntity => renal_perfusion_and_acute_kidney_injury__van-diepen-2017-contemporary-management-of-cardiogenic-shock_n0004/e_0025 type PatientCondition
Rule_742	?a type ConditionOrFindingEntity => ?a type PatientCondition	CAD__execut-1_n0048/e_0014 type ConditionOrFindingEntity => CAD__execut-1_n0048/e_0014 type PatientCondition
Rule_742	?a type ConditionOrFindingEntity => ?a type PatientCondition	VT__zeppenfeld-2022-esc-guidelines-va-and-scd_n0057/e_0040 type ConditionOrFindingEntity => VT__zeppenfeld-2022-esc-guidelines-va-and-scd_n0057/e_0040 type PatientCondition
Rule_742	?a type ConditionOrFindingEntity => ?a type PatientCondition	HF__mcdonagh-2023-esc-guidelines_n0096/e_0032 type ConditionOrFindingEntity => HF__mcdonagh-2023-esc-guidelines_n0096/e_0032 type PatientCondition
Rule_742	?a type ConditionOrFindingEntity => ?a type PatientCondition	AF__braunschweig-2010-management-of-patients-receiving-implantable-cardiac-d_n0007/e_0067 type ConditionOrFindingEntity => AF__braunschweig-2010-management-of-patients-receiving-implantable-cardiac-d_n0007/e_0067 type PatientCondition
Rule_742	?a type ConditionOrFindingEntity => ?a type PatientCondition	Advanced_HF__mcdonagh-2023-esc-guidelines_n0062/e_0001 type ConditionOrFindingEntity => Advanced_HF__mcdonagh-2023-esc-guidelines_n0062/e_0001 type PatientCondition
Rule_742	?a type ConditionOrFindingEntity => ?a type PatientCondition	high_degree_AV_block__mcdonagh-2023-esc-guidelines_n0046/e_0016 type ConditionOrFindingEntity => high_degree_AV_block__mcdonagh-2023-esc-guidelines_n0046/e_0016 type PatientCondition
Rule_742	?a type ConditionOrFindingEntity => ?a type PatientCondition	unexplained_syncope__al-khatib-2017-aha-acc-hrs-guideline-va-and-scd_n0073/e_0004 type ConditionOrFindingEntity => unexplained_syncope__al-khatib-2017-aha-acc-hrs-guideline-va-and-scd_n0073/e_0004 type PatientCondition
Rule_742	?a type ConditionOrFindingEntity => ?a type PatientCondition	HF__mcdonagh-2023-esc-guidelines_n0032/e_0003 type ConditionOrFindingEntity => HF__mcdonagh-2023-esc-guidelines_n0032/e_0003 type PatientCondition
Rule_742	?a type ConditionOrFindingEntity => ?a type PatientCondition	causative_mutation__al-khatib-2017-aha-acc-hrs-guideline-va-and-scd_n0053/e_0002 type ConditionOrFindingEntity => causative_mutation__al-khatib-2017-aha-acc-hrs-guideline-va-and-scd_n0053/e_0002 type PatientCondition
Rule_742	?a type ConditionOrFindingEntity => ?a type PatientCondition	well_tolerated__piepoli-2011-exercise-training-in-heart-failure_n0004/e_0021 type ConditionOrFindingEntity => well_tolerated__piepoli-2011-exercise-training-in-heart-failure_n0004/e_0021 type PatientCondition
Rule_742	?a type ConditionOrFindingEntity => ?a type PatientCondition	VT__zeppenfeld-2022-esc-guidelines-va-and-scd_n0093/e_0105 type ConditionOrFindingEntity => VT__zeppenfeld-2022-esc-guidelines-va-and-scd_n0093/e_0105 type PatientCondition
Rule_742	?a type ConditionOrFindingEntity => ?a type PatientCondition	VA__zeppenfeld-2022-esc-guidelines-va-and-scd_n0079/e_0015 type ConditionOrFindingEntity => VA__zeppenfeld-2022-esc-guidelines-va-and-scd_n0079/e_0015 type PatientCondition
Rule_742	?a type ConditionOrFindingEntity => ?a type PatientCondition	absolute_contraindications__mcdonagh-2023-esc-guidelines_n0021/e_0005 type ConditionOrFindingEntity => absolute_contraindications__mcdonagh-2023-esc-guidelines_n0021/e_0005 type PatientCondition
Rule_742	?a type ConditionOrFindingEntity => ?a type PatientCondition	family_history_of_NICM_or_SCD_in_a_first-degree_relative__al-khatib-2017-aha-acc-hrs-guideline-va-and-scd_n0038/e_0016 type ConditionOrFindingEntity => family_history_of_NICM_or_SCD_in_a_first-degree_relative__al-khatib-2017-aha-acc-hrs-guideline-va-and-scd_n0038/e_0016 type PatientCondition
Rule_742	?a type ConditionOrFindingEntity => ?a type PatientCondition	persistent_LV_dysfunction__pelliccia-2020-2020-esc-guidelines-on-sports-cardiology-and-exercise-in_n0060/e_0028 type ConditionOrFindingEntity => persistent_LV_dysfunction__pelliccia-2020-2020-esc-guidelines-on-sports-cardiology-and-exercise-in_n0060/e_0028 type PatientCondition
Rule_742	?a type ConditionOrFindingEntity => ?a type PatientCondition	HF__zeppenfeld-2022-esc-guidelines-va-and-scd_n0025/e_0013 type ConditionOrFindingEntity => HF__zeppenfeld-2022-esc-guidelines-va-and-scd_n0025/e_0013 type PatientCondition
Rule_742	?a type ConditionOrFindingEntity => ?a type PatientCondition	advanced_HFrEF__heidenreich-2022-aha-acc-hfsa-guidelines_n0083/e_0027 type ConditionOrFindingEntity => advanced_HFrEF__heidenreich-2022-aha-acc-hfsa-guidelines_n0083/e_0027 type PatientCondition
Rule_742	?a type ConditionOrFindingEntity => ?a type PatientCondition	incomplete_biventricular_pacing_(%3C90%E2%80%9395%25)__glikson-2021-2021-esc-guidelines-on-cardiac-pacing-and-cardiac-resynchro_n0052/e_0013 type ConditionOrFindingEntity => incomplete_biventricular_pacing_(%3C90%E2%80%9395%25)__glikson-2021-2021-esc-guidelines-on-cardiac-pacing-and-cardiac-resynchro_n0052/e_0013 type PatientCondition
Rule_742	?a type ConditionOrFindingEntity => ?a type PatientCondition	NYHA_III/IV_HF__zeppenfeld-2022-esc-guidelines-va-and-scd_n0026/e_0009 type ConditionOrFindingEntity => NYHA_III/IV_HF__zeppenfeld-2022-esc-guidelines-va-and-scd_n0026/e_0009 type PatientCondition
Rule_742	?a type ConditionOrFindingEntity => ?a type PatientCondition	SMVT__zeppenfeld-2022-esc-guidelines-va-and-scd_n0020/e_0016 type ConditionOrFindingEntity => SMVT__zeppenfeld-2022-esc-guidelines-va-and-scd_n0020/e_0016 type PatientCondition
Rule_742	?a type ConditionOrFindingEntity => ?a type PatientCondition	ADHF__execut-1_n0044/e_0077 type ConditionOrFindingEntity => ADHF__execut-1_n0044/e_0077 type PatientCondition
Rule_742	?a type ConditionOrFindingEntity => ?a type PatientCondition	VF__zeppenfeld-2022-esc-guidelines-va-and-scd_n0082/e_0048 type ConditionOrFindingEntity => VF__zeppenfeld-2022-esc-guidelines-va-and-scd_n0082/e_0048 type PatientCondition
Rule_742	?a type ConditionOrFindingEntity => ?a type PatientCondition	after_recovery_of_LV_function__regitz-zagrosek-2018-2018-esc-guideline-for-the-management-of-cardiovasc_n0025/e_0020 type ConditionOrFindingEntity => after_recovery_of_LV_function__regitz-zagrosek-2018-2018-esc-guideline-for-the-management-of-cardiovasc_n0025/e_0020 type PatientCondition
Rule_742	?a type ConditionOrFindingEntity => ?a type PatientCondition	intensity_of_exercise_is_increased__pelliccia-2020-2020-esc-guidelines-on-sports-cardiology-and-exercise-in_n0040/e_0011 type ConditionOrFindingEntity => intensity_of_exercise_is_increased__pelliccia-2020-2020-esc-guidelines-on-sports-cardiology-and-exercise-in_n0040/e_0011 type PatientCondition
Rule_742	?a type ConditionOrFindingEntity => ?a type PatientCondition	not_manageable_by_medical_therapy_or_ICD_reprogramming__zeppenfeld-2022-esc-guidelines-va-and-scd_n0074/e_0004 type ConditionOrFindingEntity => not_manageable_by_medical_therapy_or_ICD_reprogramming__zeppenfeld-2022-esc-guidelines-va-and-scd_n0074/e_0004 type PatientCondition
Rule_742	?a type ConditionOrFindingEntity => ?a type PatientCondition	exercise_intolerance__mcdonagh-2023-esc-guidelines_n0031/e_0047 type ConditionOrFindingEntity => exercise_intolerance__mcdonagh-2023-esc-guidelines_n0031/e_0047 type PatientCondition
Rule_742	?a type ConditionOrFindingEntity => ?a type PatientCondition	transient_causes_that_can_be_corrected_and_prevented__glikson-2021-2021-esc-guidelines-on-cardiac-pacing-and-cardiac-resynchro_n0046/e_0047 type ConditionOrFindingEntity => transient_causes_that_can_be_corrected_and_prevented__glikson-2021-2021-esc-guidelines-on-cardiac-pacing-and-cardiac-resynchro_n0046/e_0047 type PatientCondition
Rule_742	?a type ConditionOrFindingEntity => ?a type PatientCondition	LQTS_(other_than_LQTS3)__zeppenfeld-2022-esc-guidelines-va-and-scd_n0040/e_0039 type ConditionOrFindingEntity => LQTS_(other_than_LQTS3)__zeppenfeld-2022-esc-guidelines-va-and-scd_n0040/e_0039 type PatientCondition
Rule_742	?a type ConditionOrFindingEntity => ?a type PatientCondition	HFrEF__vest-2019-nutrition-obesity-and-cachexia-in-patients-with-heart-failure_n0001/e_0052 type ConditionOrFindingEntity => HFrEF__vest-2019-nutrition-obesity-and-cachexia-in-patients-with-heart-failure_n0001/e_0052 type PatientCondition
Rule_742	?a type ConditionOrFindingEntity => ?a type PatientCondition	symptomatic_(NYHA_class_II_to_III)_stable_chronic_HFrEF__heidenreich-2022-aha-acc-hfsa-guidelines_n0058/e_0002 type ConditionOrFindingEntity => symptomatic_(NYHA_class_II_to_III)_stable_chronic_HFrEF__heidenreich-2022-aha-acc-hfsa-guidelines_n0058/e_0002 type PatientCondition
Rule_742	?a type ConditionOrFindingEntity => ?a type PatientCondition	diabetes__cardiosmart-heartfailurebasics_n0002/e_0003 type ConditionOrFindingEntity => diabetes__cardiosmart-heartfailurebasics_n0002/e_0003 type PatientCondition
Rule_742	?a type ConditionOrFindingEntity => ?a type PatientCondition	low_output__mcdonagh-2023-esc-guidelines_n0058/e_0018 type ConditionOrFindingEntity => low_output__mcdonagh-2023-esc-guidelines_n0058/e_0018 type PatientCondition
Rule_742	?a type ConditionOrFindingEntity => ?a type PatientCondition	VA__zeppenfeld-2022-esc-guidelines-va-and-scd_n0091/e_0051 type ConditionOrFindingEntity => VA__zeppenfeld-2022-esc-guidelines-va-and-scd_n0091/e_0051 type PatientCondition
Rule_742	?a type ConditionOrFindingEntity => ?a type PatientCondition	su_verified_6ed52cdf724db04223b4d1c2e62f3c35f6b42bc19bc5e3198277d681d47e1eb9_table_5/e_0005 type ConditionOrFindingEntity => su_verified_6ed52cdf724db04223b4d1c2e62f3c35f6b42bc19bc5e3198277d681d47e1eb9_table_5/e_0005 type PatientCondition
Rule_742	?a type ConditionOrFindingEntity => ?a type PatientCondition	dyspnoea_and/or_an_embolic_event__regitz-zagrosek-2018-2018-esc-guideline-for-the-management-of-cardiovasc_n0023/e_0035 type ConditionOrFindingEntity => dyspnoea_and/or_an_embolic_event__regitz-zagrosek-2018-2018-esc-guideline-for-the-management-of-cardiovasc_n0023/e_0035 type PatientCondition
Rule_742	?a type ConditionOrFindingEntity => ?a type PatientCondition	causes_of_heart_dysfunction__cardiosmart-modul1-zusammengefugt_n0002/e_0001 type ConditionOrFindingEntity => causes_of_heart_dysfunction__cardiosmart-modul1-zusammengefugt_n0002/e_0001 type PatientCondition
Rule_742	?a type ConditionOrFindingEntity => ?a type PatientCondition	Severe_bradycardia_and/or_high-degree_AV_block_in_the_absence_of_a_pacemaker__lenarczyk-2024-management-of-patients-with-an-electrical-storm-or-cluste_n0020/e_0215 type ConditionOrFindingEntity => Severe_bradycardia_and/or_high-degree_AV_block_in_the_absence_of_a_pacemaker__lenarczyk-2024-management-of-patients-with-an-electrical-storm-or-cluste_n0020/e_0215 type PatientCondition
Rule_742	?a type ConditionOrFindingEntity => ?a type PatientCondition	atrial_and_ventricular_arrhythmias__mcdonagh-2023-esc-guidelines_n0083/e_0030 type ConditionOrFindingEntity => atrial_and_ventricular_arrhythmias__mcdonagh-2023-esc-guidelines_n0083/e_0030 type PatientCondition
Rule_742	?a type ConditionOrFindingEntity => ?a type PatientCondition	VT,_PVCs,__lenarczyk-2024-management-of-patients-with-an-electrical-storm-or-cluste_n0020/e_0088 type ConditionOrFindingEntity => VT,_PVCs,__lenarczyk-2024-management-of-patients-with-an-electrical-storm-or-cluste_n0020/e_0088 type PatientCondition
Rule_742	?a type ConditionOrFindingEntity => ?a type PatientCondition	treatment__pelliccia-2020-2020-esc-guidelines-on-sports-cardiology-and-exercise-in_n0053/e_0060 type ConditionOrFindingEntity => treatment__pelliccia-2020-2020-esc-guidelines-on-sports-cardiology-and-exercise-in_n0053/e_0060 type PatientCondition
Rule_742	?a type ConditionOrFindingEntity => ?a type PatientCondition	as_tolerated__heidenreich-2022-aha-acc-hfsa-guidelines_n0097/e_0017 type ConditionOrFindingEntity => as_tolerated__heidenreich-2022-aha-acc-hfsa-guidelines_n0097/e_0017 type PatientCondition
Rule_742	?a type ConditionOrFindingEntity => ?a type PatientCondition	congenital_or_acquired_long_QT_syndrome__al-khatib-2017-aha-acc-hrs-guideline-va-and-scd_n0072/e_0009 type ConditionOrFindingEntity => congenital_or_acquired_long_QT_syndrome__al-khatib-2017-aha-acc-hrs-guideline-va-and-scd_n0072/e_0009 type PatientCondition
Rule_742	?a type ConditionOrFindingEntity => ?a type PatientCondition	CPVT__zeppenfeld-2022-esc-guidelines-va-and-scd_n0022/e_0101 type ConditionOrFindingEntity => CPVT__zeppenfeld-2022-esc-guidelines-va-and-scd_n0022/e_0101 type PatientCondition
Rule_742	?a type ConditionOrFindingEntity => ?a type PatientCondition	su_verified_6ed52cdf724db04223b4d1c2e62f3c35f6b42bc19bc5e3198277d681d47e1eb9_table_24/e_0017 type ConditionOrFindingEntity => su_verified_6ed52cdf724db04223b4d1c2e62f3c35f6b42bc19bc5e3198277d681d47e1eb9_table_24/e_0017 type PatientCondition
Rule_742	?a type ConditionOrFindingEntity => ?a type PatientCondition	Andersen%E2%80%93Tawil_syndrome__zeppenfeld-2022-esc-guidelines-va-and-scd_n0079/e_0004 type ConditionOrFindingEntity => Andersen%E2%80%93Tawil_syndrome__zeppenfeld-2022-esc-guidelines-va-and-scd_n0079/e_0004 type PatientCondition
Rule_742	?a type ConditionOrFindingEntity => ?a type PatientCondition	documented_cardioinhibitory_reflex__glikson-2021-2021-esc-guidelines-on-cardiac-pacing-and-cardiac-resynchro_n0049/e_0021 type ConditionOrFindingEntity => documented_cardioinhibitory_reflex__glikson-2021-2021-esc-guidelines-on-cardiac-pacing-and-cardiac-resynchro_n0049/e_0021 type PatientCondition
Rule_742	?a type ConditionOrFindingEntity => ?a type PatientCondition	BrS__zeppenfeld-2022-esc-guidelines-va-and-scd_n0019/e_0192 type ConditionOrFindingEntity => BrS__zeppenfeld-2022-esc-guidelines-va-and-scd_n0019/e_0192 type PatientCondition
Rule_742	?a type ConditionOrFindingEntity => ?a type PatientCondition	iron_deficiency__mcdonagh-2023-esc-guidelines_n0078/e_0013 type ConditionOrFindingEntity => iron_deficiency__mcdonagh-2023-esc-guidelines_n0078/e_0013 type PatientCondition
Rule_742	?a type ConditionOrFindingEntity => ?a type PatientCondition	hypertension__heidenreich-2022-aha-acc-hfsa-guidelines_n0099/e_0013 type ConditionOrFindingEntity => hypertension__heidenreich-2022-aha-acc-hfsa-guidelines_n0099/e_0013 type PatientCondition
Rule_742	?a type ConditionOrFindingEntity => ?a type PatientCondition	genotype-specific_triggers_for_arrhythmias__zeppenfeld-2022-esc-guidelines-va-and-scd_n0095/e_0065 type ConditionOrFindingEntity => genotype-specific_triggers_for_arrhythmias__zeppenfeld-2022-esc-guidelines-va-and-scd_n0095/e_0065 type PatientCondition
Rule_742	?a type ConditionOrFindingEntity => ?a type PatientCondition	ARVC__zeppenfeld-2022-esc-guidelines-va-and-scd_n0062/e_0080 type ConditionOrFindingEntity => ARVC__zeppenfeld-2022-esc-guidelines-va-and-scd_n0062/e_0080 type PatientCondition
Rule_742	?a type ConditionOrFindingEntity => ?a type PatientCondition	malignant_arrhythmias__mcdonagh-2023-esc-guidelines_n0058/e_0021 type ConditionOrFindingEntity => malignant_arrhythmias__mcdonagh-2023-esc-guidelines_n0058/e_0021 type PatientCondition
Rule_742	?a type ConditionOrFindingEntity => ?a type PatientCondition	inflammation__vest-2019-nutrition-obesity-and-cachexia-in-patients-with-heart-failure_n0002/e_0003 type ConditionOrFindingEntity => inflammation__vest-2019-nutrition-obesity-and-cachexia-in-patients-with-heart-failure_n0002/e_0003 type PatientCondition
Rule_742	?a type ConditionOrFindingEntity => ?a type PatientCondition	HF__heidenreich-2022-aha-acc-hfsa-guidelines_n0035/e_0006 type ConditionOrFindingEntity => HF__heidenreich-2022-aha-acc-hfsa-guidelines_n0035/e_0006 type PatientCondition
Rule_742	?a type ConditionOrFindingEntity => ?a type PatientCondition	CRT_indication__glikson-2021-2021-esc-guidelines-on-cardiac-pacing-and-cardiac-resynchro_n0055/e_0003 type ConditionOrFindingEntity => CRT_indication__glikson-2021-2021-esc-guidelines-on-cardiac-pacing-and-cardiac-resynchro_n0055/e_0003 type PatientCondition
Rule_742	?a type ConditionOrFindingEntity => ?a type PatientCondition	syncope__zeppenfeld-2022-esc-guidelines-va-and-scd_n0093/e_0081 type ConditionOrFindingEntity => syncope__zeppenfeld-2022-esc-guidelines-va-and-scd_n0093/e_0081 type PatientCondition
Rule_742	?a type ConditionOrFindingEntity => ?a type PatientCondition	CAD__zeppenfeld-2022-esc-guidelines-va-and-scd_n0054/e_0069 type ConditionOrFindingEntity => CAD__zeppenfeld-2022-esc-guidelines-va-and-scd_n0054/e_0069 type PatientCondition
Rule_742	?a type ConditionOrFindingEntity => ?a type PatientCondition	diagnostic_or_therapeutic_uncertainty__van-diepen-2017-contemporary-management-of-cardiogenic-shock_n0004/e_0030 type ConditionOrFindingEntity => diagnostic_or_therapeutic_uncertainty__van-diepen-2017-contemporary-management-of-cardiogenic-shock_n0004/e_0030 type PatientCondition
Rule_742	?a type ConditionOrFindingEntity => ?a type PatientCondition	specific_diagnosis__heidenreich-2022-aha-acc-hfsa-guidelines_n0022/e_0004 type ConditionOrFindingEntity => specific_diagnosis__heidenreich-2022-aha-acc-hfsa-guidelines_n0022/e_0004 type PatientCondition
Rule_742	?a type ConditionOrFindingEntity => ?a type PatientCondition	Turner_syndrome__pelliccia-2020-2020-esc-guidelines-on-sports-cardiology-and-exercise-in_n0053/e_0024 type ConditionOrFindingEntity => Turner_syndrome__pelliccia-2020-2020-esc-guidelines-on-sports-cardiology-and-exercise-in_n0053/e_0024 type PatientCondition
Rule_742	?a type ConditionOrFindingEntity => ?a type PatientCondition	SMVT__zeppenfeld-2022-esc-guidelines-va-and-scd_n0062/e_0084 type ConditionOrFindingEntity => SMVT__zeppenfeld-2022-esc-guidelines-va-and-scd_n0062/e_0084 type PatientCondition
Rule_742	?a type ConditionOrFindingEntity => ?a type PatientCondition	conduction_disease__al-khatib-2017-aha-acc-hrs-guideline-va-and-scd_n0038/e_0013 type ConditionOrFindingEntity => conduction_disease__al-khatib-2017-aha-acc-hrs-guideline-va-and-scd_n0038/e_0013 type PatientCondition
Rule_742	?a type ConditionOrFindingEntity => ?a type PatientCondition	Severe_bradycardia_and/or__lenarczyk-2024-management-of-patients-with-an-electrical-storm-or-cluste_n0020/e_0025 type ConditionOrFindingEntity => Severe_bradycardia_and/or__lenarczyk-2024-management-of-patients-with-an-electrical-storm-or-cluste_n0020/e_0025 type PatientCondition
Rule_742	?a type ConditionOrFindingEntity => ?a type PatientCondition	renal_insufficiency__execut-1_n0049/e_0025 type ConditionOrFindingEntity => renal_insufficiency__execut-1_n0049/e_0025 type PatientCondition
Rule_742	?a type ConditionOrFindingEntity => ?a type PatientCondition	absence_of_structural_disease__al-khatib-2017-aha-acc-hrs-guideline-va-and-scd_n0079/e_0014 type ConditionOrFindingEntity => absence_of_structural_disease__al-khatib-2017-aha-acc-hrs-guideline-va-and-scd_n0079/e_0014 type PatientCondition
Rule_742	?a type ConditionOrFindingEntity => ?a type PatientCondition	cardiac_structure__heidenreich-2022-aha-acc-hfsa-guidelines_n0021/e_0011 type ConditionOrFindingEntity => cardiac_structure__heidenreich-2022-aha-acc-hfsa-guidelines_n0021/e_0011 type PatientCondition
Rule_742	?a type ConditionOrFindingEntity => ?a type PatientCondition	type_1_Brugada_ECG_induced_by_sodium_channel_blocker_challenge_or_during_fever__zeppenfeld-2022-esc-guidelines-va-and-scd_n0096/e_0018 type ConditionOrFindingEntity => type_1_Brugada_ECG_induced_by_sodium_channel_blocker_challenge_or_during_fever__zeppenfeld-2022-esc-guidelines-va-and-scd_n0096/e_0018 type PatientCondition
Rule_742	?a type ConditionOrFindingEntity => ?a type PatientCondition	arrhythmogenic_right_ventricular_cardiomyopathy__al-khatib-2017-aha-acc-hrs-guideline-va-and-scd_n0042/e_0002 type ConditionOrFindingEntity => arrhythmogenic_right_ventricular_cardiomyopathy__al-khatib-2017-aha-acc-hrs-guideline-va-and-scd_n0042/e_0002 type PatientCondition
Rule_742	?a type ConditionOrFindingEntity => ?a type PatientCondition	patients%5C'_literacy,_cognitive_status,_psychologic_state,_culture,_and_access_to_social_and_financial_resources__sectio-1_n0020/e_0001 type ConditionOrFindingEntity => patients%5C'_literacy,_cognitive_status,_psychologic_state,_culture,_and_access_to_social_and_financial_resources__sectio-1_n0020/e_0001 type PatientCondition
Rule_742	?a type ConditionOrFindingEntity => ?a type PatientCondition	survived_a_CA_due_to_VF_or_PVT__zeppenfeld-2022-esc-guidelines-va-and-scd_n0096/e_0017 type ConditionOrFindingEntity => survived_a_CA_due_to_VF_or_PVT__zeppenfeld-2022-esc-guidelines-va-and-scd_n0096/e_0017 type PatientCondition
Rule_742	?a type ConditionOrFindingEntity => ?a type PatientCondition	patient_preference_and_comorbidities,_eligibility_and_willingness_to_perform_revascularization__sectio-1_n0028/e_0019 type ConditionOrFindingEntity => patient_preference_and_comorbidities,_eligibility_and_willingness_to_perform_revascularization__sectio-1_n0028/e_0019 type PatientCondition
Rule_742	?a type ConditionOrFindingEntity => ?a type PatientCondition	VF__zeppenfeld-2022-esc-guidelines-va-and-scd_n0082/e_0006 type ConditionOrFindingEntity => VF__zeppenfeld-2022-esc-guidelines-va-and-scd_n0082/e_0006 type PatientCondition
Rule_742	?a type ConditionOrFindingEntity => ?a type PatientCondition	fluid_retention__ambrosetti-2020-secondary-prevention-comprehensive-cardiovascular-rehabi_n0006/e_9101 type ConditionOrFindingEntity => fluid_retention__ambrosetti-2020-secondary-prevention-comprehensive-cardiovascular-rehabi_n0006/e_9101 type PatientCondition
Rule_742	?a type ConditionOrFindingEntity => ?a type PatientCondition	BAV__pelliccia-2020-2020-esc-guidelines-on-sports-cardiology-and-exercise-in_n0053/e_0022 type ConditionOrFindingEntity => BAV__pelliccia-2020-2020-esc-guidelines-on-sports-cardiology-and-exercise-in_n0053/e_0022 type PatientCondition
Rule_742	?a type ConditionOrFindingEntity => ?a type PatientCondition	ADHF__execut-1_n0044/e_0017 type ConditionOrFindingEntity => ADHF__execut-1_n0044/e_0017 type PatientCondition
Rule_742	?a type ConditionOrFindingEntity => ?a type PatientCondition	advanced_HFrEF__heidenreich-2022-aha-acc-hfsa-guidelines_n0083/e_0021 type ConditionOrFindingEntity => advanced_HFrEF__heidenreich-2022-aha-acc-hfsa-guidelines_n0083/e_0021 type PatientCondition
Rule_742	?a type ConditionOrFindingEntity => ?a type PatientCondition	LQTS__zeppenfeld-2022-esc-guidelines-va-and-scd_n0040/e_0024 type ConditionOrFindingEntity => LQTS__zeppenfeld-2022-esc-guidelines-va-and-scd_n0040/e_0024 type PatientCondition
Rule_742	?a type ConditionOrFindingEntity => ?a type PatientCondition	occurs_following_a_valve_intervention__zeppenfeld-2022-esc-guidelines-va-and-scd_n0071/e_0007 type ConditionOrFindingEntity => occurs_following_a_valve_intervention__zeppenfeld-2022-esc-guidelines-va-and-scd_n0071/e_0007 type PatientCondition
Rule_742	?a type ConditionOrFindingEntity => ?a type PatientCondition	cardioinhibitory_carotid_sinus_syndrome__glikson-2021-2021-esc-guidelines-on-cardiac-pacing-and-cardiac-resynchro_n0049/e_0012 type ConditionOrFindingEntity => cardioinhibitory_carotid_sinus_syndrome__glikson-2021-2021-esc-guidelines-on-cardiac-pacing-and-cardiac-resynchro_n0049/e_0012 type PatientCondition
Rule_742	?a type ConditionOrFindingEntity => ?a type PatientCondition	Arterial_hypertension__ambrosetti-2020-secondary-prevention-comprehensive-cardiovascular-rehabi_n0016/e_0036 type ConditionOrFindingEntity => Arterial_hypertension__ambrosetti-2020-secondary-prevention-comprehensive-cardiovascular-rehabi_n0016/e_0036 type PatientCondition
Rule_742	?a type ConditionOrFindingEntity => ?a type PatientCondition	DCM/HNDCM__zeppenfeld-2022-esc-guidelines-va-and-scd_n0061/e_0046 type ConditionOrFindingEntity => DCM/HNDCM__zeppenfeld-2022-esc-guidelines-va-and-scd_n0061/e_0046 type PatientCondition
Rule_742	?a type ConditionOrFindingEntity => ?a type PatientCondition	anxiety__riegel-2009-promoting-self-care-in-persons-with-heart-failure_n0004/e_0037 type ConditionOrFindingEntity => anxiety__riegel-2009-promoting-self-care-in-persons-with-heart-failure_n0004/e_0037 type PatientCondition
Rule_742	?a type ConditionOrFindingEntity => ?a type PatientCondition	residual_myocardial_scar__pelliccia-2020-2020-esc-guidelines-on-sports-cardiology-and-exercise-in_n0060/e_0027 type ConditionOrFindingEntity => residual_myocardial_scar__pelliccia-2020-2020-esc-guidelines-on-sports-cardiology-and-exercise-in_n0060/e_0027 type PatientCondition
Rule_742	?a type ConditionOrFindingEntity => ?a type PatientCondition	structural_heart_disease__glikson-2021-2021-esc-guidelines-on-cardiac-pacing-and-cardiac-resynchro_n0036/e_0004 type ConditionOrFindingEntity => structural_heart_disease__glikson-2021-2021-esc-guidelines-on-cardiac-pacing-and-cardiac-resynchro_n0036/e_0004 type PatientCondition
Rule_742	?a type ConditionOrFindingEntity => ?a type PatientCondition	advanced_HF__heidenreich-2022-aha-acc-hfsa-guidelines_n0076/e_0002 type ConditionOrFindingEntity => advanced_HF__heidenreich-2022-aha-acc-hfsa-guidelines_n0076/e_0002 type PatientCondition
Rule_742	?a type ConditionOrFindingEntity => ?a type PatientCondition	risk_was_close_to_treatment_thresholds__visseren-2021-esc-guidelines-cardiovascular-disease-prevention_n0011/e_0011 type ConditionOrFindingEntity => risk_was_close_to_treatment_thresholds__visseren-2021-esc-guidelines-cardiovascular-disease-prevention_n0011/e_0011 type PatientCondition
Rule_742	?a type ConditionOrFindingEntity => ?a type PatientCondition	battery_depletion__glikson-2021-2021-esc-guidelines-on-cardiac-pacing-and-cardiac-resynchro_n0080/e_0025 type ConditionOrFindingEntity => battery_depletion__glikson-2021-2021-esc-guidelines-on-cardiac-pacing-and-cardiac-resynchro_n0080/e_0025 type PatientCondition
Rule_742	?a type ConditionOrFindingEntity => ?a type PatientCondition	CPVT__zeppenfeld-2022-esc-guidelines-va-and-scd_n0021/e_0014 type ConditionOrFindingEntity => CPVT__zeppenfeld-2022-esc-guidelines-va-and-scd_n0021/e_0014 type PatientCondition
Rule_742	?a type ConditionOrFindingEntity => ?a type PatientCondition	PVCs__zeppenfeld-2022-esc-guidelines-va-and-scd_n0093/e_0097 type ConditionOrFindingEntity => PVCs__zeppenfeld-2022-esc-guidelines-va-and-scd_n0093/e_0097 type PatientCondition
Rule_742	?a type ConditionOrFindingEntity => ?a type PatientCondition	AF__zeppenfeld-2022-esc-guidelines-va-and-scd_n0092/e_0092 type ConditionOrFindingEntity => AF__zeppenfeld-2022-esc-guidelines-va-and-scd_n0092/e_0092 type PatientCondition
Rule_742	?a type ConditionOrFindingEntity => ?a type PatientCondition	low_cardiac_output__mcdonagh-2023-esc-guidelines_n0021/e_0009 type ConditionOrFindingEntity => low_cardiac_output__mcdonagh-2023-esc-guidelines_n0021/e_0009 type PatientCondition
Rule_742	?a type ConditionOrFindingEntity => ?a type PatientCondition	NYHA_class_I_or_II__pelliccia-2020-2020-esc-guidelines-on-sports-cardiology-and-exercise-in_n0073/e_0014 type ConditionOrFindingEntity => NYHA_class_I_or_II__pelliccia-2020-2020-esc-guidelines-on-sports-cardiology-and-exercise-in_n0073/e_0014 type PatientCondition
Rule_742	?a type ConditionOrFindingEntity => ?a type PatientCondition	Hemodynamically_significant_arrhythmia__execut-1_n0020/e_0009 type ConditionOrFindingEntity => Hemodynamically_significant_arrhythmia__execut-1_n0020/e_0009 type PatientCondition
Rule_742	?a type ConditionOrFindingEntity => ?a type PatientCondition	symptoms_caused_by_AF__heidenreich-2022-aha-acc-hfsa-guidelines_n0101/e_0013 type ConditionOrFindingEntity => symptoms_caused_by_AF__heidenreich-2022-aha-acc-hfsa-guidelines_n0101/e_0013 type PatientCondition
Rule_742	?a type ConditionOrFindingEntity => ?a type PatientCondition	iron_deficiency__mcdonagh-2023-esc-guidelines_n0022/e_0080 type ConditionOrFindingEntity => iron_deficiency__mcdonagh-2023-esc-guidelines_n0022/e_0080 type PatientCondition
Rule_742	?a type ConditionOrFindingEntity => ?a type PatientCondition	symptomatic_(NYHA_class_II_to_III)_stable_chronic_HFrEF__heidenreich-2022-aha-acc-hfsa-guidelines_n0059/e_0002 type ConditionOrFindingEntity => symptomatic_(NYHA_class_II_to_III)_stable_chronic_HFrEF__heidenreich-2022-aha-acc-hfsa-guidelines_n0059/e_0002 type PatientCondition
Rule_742	?a type ConditionOrFindingEntity => ?a type PatientCondition	Pneumonia__execut-1_n0020/e_0016 type ConditionOrFindingEntity => Pneumonia__execut-1_n0020/e_0016 type PatientCondition
Rule_742	?a type ConditionOrFindingEntity => ?a type PatientCondition	Exacerbating_factors__sectio-4_n0008/e_0015 type ConditionOrFindingEntity => Exacerbating_factors__sectio-4_n0008/e_0015 type PatientCondition
Rule_742	?a type ConditionOrFindingEntity => ?a type PatientCondition	CAD__zeppenfeld-2022-esc-guidelines-va-and-scd_n0022/e_0009 type ConditionOrFindingEntity => CAD__zeppenfeld-2022-esc-guidelines-va-and-scd_n0022/e_0009 type PatientCondition
Rule_742	?a type ConditionOrFindingEntity => ?a type PatientCondition	nutrient_deficiencies__mcdonagh-2023-esc-guidelines_n0055/e_0059 type ConditionOrFindingEntity => nutrient_deficiencies__mcdonagh-2023-esc-guidelines_n0055/e_0059 type PatientCondition
Rule_742	?a type ConditionOrFindingEntity => ?a type PatientCondition	signs_and/or_symptoms_of_congestion__mcdonagh-2023-esc-guidelines_n0035/e_0003 type ConditionOrFindingEntity => signs_and/or_symptoms_of_congestion__mcdonagh-2023-esc-guidelines_n0035/e_0003 type PatientCondition
Rule_742	?a type ConditionOrFindingEntity => ?a type PatientCondition	LQTS__zeppenfeld-2022-esc-guidelines-va-and-scd_n0077/e_0017 type ConditionOrFindingEntity => LQTS__zeppenfeld-2022-esc-guidelines-va-and-scd_n0077/e_0017 type PatientCondition
Rule_742	?a type ConditionOrFindingEntity => ?a type PatientCondition	PVT__zeppenfeld-2022-esc-guidelines-va-and-scd_n0022/e_0091 type ConditionOrFindingEntity => PVT__zeppenfeld-2022-esc-guidelines-va-and-scd_n0022/e_0091 type PatientCondition
Rule_742	?a type ConditionOrFindingEntity => ?a type PatientCondition	HFpEF__glikson-2021-2021-esc-guidelines-on-cardiac-pacing-and-cardiac-resynchro_n0052/e_0025 type ConditionOrFindingEntity => HFpEF__glikson-2021-2021-esc-guidelines-on-cardiac-pacing-and-cardiac-resynchro_n0052/e_0025 type PatientCondition
Rule_742	?a type ConditionOrFindingEntity => ?a type PatientCondition	The_degree_of_volume_excess__sectio-1_n0006/e_0041 type ConditionOrFindingEntity => The_degree_of_volume_excess__sectio-1_n0006/e_0041 type PatientCondition
Rule_742	?a type ConditionOrFindingEntity => ?a type PatientCondition	documented_sustained_VT__zeppenfeld-2022-esc-guidelines-va-and-scd_n0069/e_0003 type ConditionOrFindingEntity => documented_sustained_VT__zeppenfeld-2022-esc-guidelines-va-and-scd_n0069/e_0003 type PatientCondition
Rule_742	?a type ConditionOrFindingEntity => ?a type PatientCondition	frequent_ICD_shocks__mcdonagh-2023-esc-guidelines_n0059/e_0074 type ConditionOrFindingEntity => frequent_ICD_shocks__mcdonagh-2023-esc-guidelines_n0059/e_0074 type PatientCondition
Rule_742	?a type ConditionOrFindingEntity => ?a type PatientCondition	ICD_therapy_is_contraindicated_or_declined__zeppenfeld-2022-esc-guidelines-va-and-scd_n0096/e_0003 type ConditionOrFindingEntity => ICD_therapy_is_contraindicated_or_declined__zeppenfeld-2022-esc-guidelines-va-and-scd_n0096/e_0003 type PatientCondition
Rule_742	?a type ConditionOrFindingEntity => ?a type PatientCondition	shortness_of_breath__riegel-2009-promoting-self-care-in-persons-with-heart-failure_n0002/e_0007 type ConditionOrFindingEntity => shortness_of_breath__riegel-2009-promoting-self-care-in-persons-with-heart-failure_n0002/e_0007 type PatientCondition
Rule_742	?a type ConditionOrFindingEntity => ?a type PatientCondition	non-LBBB_QRS_morphology__mcdonagh-2023-esc-guidelines_n0046/e_0023 type ConditionOrFindingEntity => non-LBBB_QRS_morphology__mcdonagh-2023-esc-guidelines_n0046/e_0023 type PatientCondition
Rule_742	?a type ConditionOrFindingEntity => ?a type PatientCondition	VT__zeppenfeld-2022-esc-guidelines-va-and-scd_n0062/e_0045 type ConditionOrFindingEntity => VT__zeppenfeld-2022-esc-guidelines-va-and-scd_n0062/e_0045 type PatientCondition
Rule_742	?a type ConditionOrFindingEntity => ?a type PatientCondition	systemic_disease__mcdonagh-2023-esc-guidelines_n0083/e_0002 type ConditionOrFindingEntity => systemic_disease__mcdonagh-2023-esc-guidelines_n0083/e_0002 type PatientCondition
Rule_742	?a type ConditionOrFindingEntity => ?a type PatientCondition	electrical_storm__zeppenfeld-2022-esc-guidelines-va-and-scd_n0036/e_0062 type ConditionOrFindingEntity => electrical_storm__zeppenfeld-2022-esc-guidelines-va-and-scd_n0036/e_0062 type PatientCondition
Rule_742	?a type ConditionOrFindingEntity => ?a type PatientCondition	VT,_PVC_(in_the_absence_of_structural_heart_disease)._Has_a_role_in_treating_patients_with_CPVT__al-khatib-2017-aha-acc-hrs-guideline-va-and-scd_n0026/e_0133 type ConditionOrFindingEntity => VT,_PVC_(in_the_absence_of_structural_heart_disease)._Has_a_role_in_treating_patients_with_CPVT__al-khatib-2017-aha-acc-hrs-guideline-va-and-scd_n0026/e_0133 type PatientCondition
Rule_742	?a type ConditionOrFindingEntity => ?a type PatientCondition	electrical_storm__zeppenfeld-2022-esc-guidelines-va-and-scd_n0036/e_0067 type ConditionOrFindingEntity => electrical_storm__zeppenfeld-2022-esc-guidelines-va-and-scd_n0036/e_0067 type PatientCondition
Rule_742	?a type ConditionOrFindingEntity => ?a type PatientCondition	MI__glikson-2021-2021-esc-guidelines-on-cardiac-pacing-and-cardiac-resynchro_n0085/e_0082 type ConditionOrFindingEntity => MI__glikson-2021-2021-esc-guidelines-on-cardiac-pacing-and-cardiac-resynchro_n0085/e_0082 type PatientCondition
Rule_742	?a type ConditionOrFindingEntity => ?a type PatientCondition	syncope__al-khatib-2017-aha-acc-hrs-guideline-va-and-scd_n0016/e_0002 type ConditionOrFindingEntity => syncope__al-khatib-2017-aha-acc-hrs-guideline-va-and-scd_n0016/e_0002 type PatientCondition
Rule_742	?a type ConditionOrFindingEntity => ?a type PatientCondition	PVCs__zeppenfeld-2022-esc-guidelines-va-and-scd_n0057/e_0021 type ConditionOrFindingEntity => PVCs__zeppenfeld-2022-esc-guidelines-va-and-scd_n0057/e_0021 type PatientCondition
Rule_742	?a type ConditionOrFindingEntity => ?a type PatientCondition	congestion__mcdonagh-2023-esc-guidelines_n0095/e_0132 type ConditionOrFindingEntity => congestion__mcdonagh-2023-esc-guidelines_n0095/e_0132 type PatientCondition
Rule_742	?a type ConditionOrFindingEntity => ?a type PatientCondition	estimated_5-year_risk_of_SD_%E2%89%A56%25__zeppenfeld-2022-esc-guidelines-va-and-scd_n0063/e_0015 type ConditionOrFindingEntity => estimated_5-year_risk_of_SD_%E2%89%A56%25__zeppenfeld-2022-esc-guidelines-va-and-scd_n0063/e_0015 type PatientCondition
Rule_742	?a type ConditionOrFindingEntity => ?a type PatientCondition	PPCM__heidenreich-2022-aha-acc-hfsa-guidelines_n0108/e_0040 type ConditionOrFindingEntity => PPCM__heidenreich-2022-aha-acc-hfsa-guidelines_n0108/e_0040 type PatientCondition
Rule_742	?a type ConditionOrFindingEntity => ?a type PatientCondition	cardiomyopathy__zeppenfeld-2022-esc-guidelines-va-and-scd_n0075/e_0018 type ConditionOrFindingEntity => cardiomyopathy__zeppenfeld-2022-esc-guidelines-va-and-scd_n0075/e_0018 type PatientCondition
Rule_742	?a type ConditionOrFindingEntity => ?a type PatientCondition	High_mortality_risk__maddox-2021-2021-update-to-the-2017-acc-expert-consensus-decision-pathwa_n0010/e_0024 type ConditionOrFindingEntity => High_mortality_risk__maddox-2021-2021-update-to-the-2017-acc-expert-consensus-decision-pathwa_n0010/e_0024 type PatientCondition
Rule_742	?a type ConditionOrFindingEntity => ?a type PatientCondition	active_inflammation_is_present__pelliccia-2020-2020-esc-guidelines-on-sports-cardiology-and-exercise-in_n0075/e_0044 type ConditionOrFindingEntity => active_inflammation_is_present__pelliccia-2020-2020-esc-guidelines-on-sports-cardiology-and-exercise-in_n0075/e_0044 type PatientCondition
Rule_742	?a type ConditionOrFindingEntity => ?a type PatientCondition	worsening_HF__mcdonagh-2023-esc-guidelines_n0023/e_0060 type ConditionOrFindingEntity => worsening_HF__mcdonagh-2023-esc-guidelines_n0023/e_0060 type PatientCondition
Rule_742	?a type ConditionOrFindingEntity => ?a type PatientCondition	specific_indication__heidenreich-2022-aha-acc-hfsa-guidelines_n0051/e_0019 type ConditionOrFindingEntity => specific_indication__heidenreich-2022-aha-acc-hfsa-guidelines_n0051/e_0019 type PatientCondition
Rule_742	?a type ConditionOrFindingEntity => ?a type PatientCondition	Can_be_used_in_patients_with_heart_failure._Increases_the_risk_of_myopathy_when_used_with_statins__zeppenfeld-2022-esc-guidelines-va-and-scd_n0038/e_0028 type ConditionOrFindingEntity => Can_be_used_in_patients_with_heart_failure._Increases_the_risk_of_myopathy_when_used_with_statins__zeppenfeld-2022-esc-guidelines-va-and-scd_n0038/e_0028 type PatientCondition
Rule_742	?a type ConditionOrFindingEntity => ?a type PatientCondition	su_verified_6ed52cdf724db04223b4d1c2e62f3c35f6b42bc19bc5e3198277d681d47e1eb9_table_7/e_0027 type ConditionOrFindingEntity => su_verified_6ed52cdf724db04223b4d1c2e62f3c35f6b42bc19bc5e3198277d681d47e1eb9_table_7/e_0027 type PatientCondition
Rule_742	?a type ConditionOrFindingEntity => ?a type PatientCondition	SCA__al-khatib-2017-aha-acc-hrs-guideline-va-and-scd_n0053/e_0011 type ConditionOrFindingEntity => SCA__al-khatib-2017-aha-acc-hrs-guideline-va-and-scd_n0053/e_0011 type PatientCondition
Rule_742	?a type ConditionOrFindingEntity => ?a type PatientCondition	su_verified_6ed52cdf724db04223b4d1c2e62f3c35f6b42bc19bc5e3198277d681d47e1eb9_table_5/e_0009 type ConditionOrFindingEntity => su_verified_6ed52cdf724db04223b4d1c2e62f3c35f6b42bc19bc5e3198277d681d47e1eb9_table_5/e_0009 type PatientCondition
Rule_742	?a type ConditionOrFindingEntity => ?a type PatientCondition	Dyslipidaemia__mcdonagh-2023-esc-guidelines_n0051/e_0030 type ConditionOrFindingEntity => Dyslipidaemia__mcdonagh-2023-esc-guidelines_n0051/e_0030 type PatientCondition
Rule_742	?a type ConditionOrFindingEntity => ?a type PatientCondition	VF__zeppenfeld-2022-esc-guidelines-va-and-scd_n0019/e_0099 type ConditionOrFindingEntity => VF__zeppenfeld-2022-esc-guidelines-va-and-scd_n0019/e_0099 type PatientCondition
Rule_742	?a type ConditionOrFindingEntity => ?a type PatientCondition	protein_deficiency__vest-2019-nutrition-obesity-and-cachexia-in-patients-with-heart-failure_n0002/e_0012 type ConditionOrFindingEntity => protein_deficiency__vest-2019-nutrition-obesity-and-cachexia-in-patients-with-heart-failure_n0002/e_0012 type PatientCondition
Rule_742	?a type ConditionOrFindingEntity => ?a type PatientCondition	maintenance_of_nutrition,_organ_function,_and_activity_level__mcdonagh-2023-esc-guidelines_n0059/e_0054 type ConditionOrFindingEntity => maintenance_of_nutrition,_organ_function,_and_activity_level__mcdonagh-2023-esc-guidelines_n0059/e_0054 type PatientCondition
Rule_742	?a type ConditionOrFindingEntity => ?a type PatientCondition	sustained_VAs__zeppenfeld-2022-esc-guidelines-va-and-scd_n0095/e_0032 type ConditionOrFindingEntity => sustained_VAs__zeppenfeld-2022-esc-guidelines-va-and-scd_n0095/e_0032 type PatientCondition
Rule_742	?a type ConditionOrFindingEntity => ?a type PatientCondition	LV_dysfunction__heidenreich-2022-aha-acc-hfsa-guidelines_n0068/e_0012 type ConditionOrFindingEntity => LV_dysfunction__heidenreich-2022-aha-acc-hfsa-guidelines_n0068/e_0012 type PatientCondition
Rule_742	?a type ConditionOrFindingEntity => ?a type PatientCondition	sinus_rhythm__heidenreich-2022-aha-acc-hfsa-guidelines_n0064/e_0033 type ConditionOrFindingEntity => sinus_rhythm__heidenreich-2022-aha-acc-hfsa-guidelines_n0064/e_0033 type PatientCondition
Rule_742	?a type ConditionOrFindingEntity => ?a type PatientCondition	Heart_rate_SR_%3E70_bpm__mcdonagh-2023-esc-guidelines_n0039/e_0022 type ConditionOrFindingEntity => Heart_rate_SR_%3E70_bpm__mcdonagh-2023-esc-guidelines_n0039/e_0022 type PatientCondition
Rule_742	?a type ConditionOrFindingEntity => ?a type PatientCondition	DM__visseren-2021-esc-guidelines-cardiovascular-disease-prevention_n0064/e_0001 type ConditionOrFindingEntity => DM__visseren-2021-esc-guidelines-cardiovascular-disease-prevention_n0064/e_0001 type PatientCondition
Rule_742	?a type ConditionOrFindingEntity => ?a type PatientCondition	AF__mcdonagh-2023-esc-guidelines_n0096/e_0092 type ConditionOrFindingEntity => AF__mcdonagh-2023-esc-guidelines_n0096/e_0092 type PatientCondition
Rule_742	?a type ConditionOrFindingEntity => ?a type PatientCondition	Pulmonary_embolus__execut-1_n0020/e_0017 type ConditionOrFindingEntity => Pulmonary_embolus__execut-1_n0020/e_0017 type PatientCondition
Rule_742	?a type ConditionOrFindingEntity => ?a type PatientCondition	cardiac_sarcoidosis__zeppenfeld-2022-esc-guidelines-va-and-scd_n0022/e_0057 type ConditionOrFindingEntity => cardiac_sarcoidosis__zeppenfeld-2022-esc-guidelines-va-and-scd_n0022/e_0057 type PatientCondition
Rule_742	?a type ConditionOrFindingEntity => ?a type PatientCondition	su_verified_e5f20076152902f9b102f37b1a83cdc79baea0d42000f6c76a83acfae0e39670_table_2/e_0017 type ConditionOrFindingEntity => su_verified_e5f20076152902f9b102f37b1a83cdc79baea0d42000f6c76a83acfae0e39670_table_2/e_0017 type PatientCondition
Rule_742	?a type ConditionOrFindingEntity => ?a type PatientCondition	alcoholic_CMP__mcdonagh-2023-esc-guidelines_n0055/e_0069 type ConditionOrFindingEntity => alcoholic_CMP__mcdonagh-2023-esc-guidelines_n0055/e_0069 type PatientCondition
Rule_742	?a type ConditionOrFindingEntity => ?a type PatientCondition	ventricular_rates_remain_rapid_despite_medical_therapy__heidenreich-2022-aha-acc-hfsa-guidelines_n0101/e_0021 type ConditionOrFindingEntity => ventricular_rates_remain_rapid_despite_medical_therapy__heidenreich-2022-aha-acc-hfsa-guidelines_n0101/e_0021 type PatientCondition
Rule_742	?a type ConditionOrFindingEntity => ?a type PatientCondition	renal_dysfunction__mcdonagh-2023-esc-guidelines_n0095/e_0070 type ConditionOrFindingEntity => renal_dysfunction__mcdonagh-2023-esc-guidelines_n0095/e_0070 type PatientCondition
Rule_742	?a type ConditionOrFindingEntity => ?a type PatientCondition	fever__zeppenfeld-2022-esc-guidelines-va-and-scd_n0035/e_0009 type ConditionOrFindingEntity => fever__zeppenfeld-2022-esc-guidelines-va-and-scd_n0035/e_0009 type PatientCondition
Rule_742	?a type ConditionOrFindingEntity => ?a type PatientCondition	electrical_storm__zeppenfeld-2022-esc-guidelines-va-and-scd_n0036/e_0070 type ConditionOrFindingEntity => electrical_storm__zeppenfeld-2022-esc-guidelines-va-and-scd_n0036/e_0070 type PatientCondition
Rule_742	?a type ConditionOrFindingEntity => ?a type PatientCondition	Major_electrolyte_disturbance__execut-1_n0020/e_0014 type ConditionOrFindingEntity => Major_electrolyte_disturbance__execut-1_n0020/e_0014 type PatientCondition
Rule_742	?a type ConditionOrFindingEntity => ?a type PatientCondition	Hepatic__lenarczyk-2024-management-of-patients-with-an-electrical-storm-or-cluste_n0013/e_0118 type ConditionOrFindingEntity => Hepatic__lenarczyk-2024-management-of-patients-with-an-electrical-storm-or-cluste_n0013/e_0118 type PatientCondition
Rule_742	?a type ConditionOrFindingEntity => ?a type PatientCondition	LQTS__zeppenfeld-2022-esc-guidelines-va-and-scd_n0096/e_0006 type ConditionOrFindingEntity => LQTS__zeppenfeld-2022-esc-guidelines-va-and-scd_n0096/e_0006 type PatientCondition
Rule_742	?a type ConditionOrFindingEntity => ?a type PatientCondition	The_differential_diagnoses_in_Table_4.5__sectio-1_n0006/e_0031 type ConditionOrFindingEntity => The_differential_diagnoses_in_Table_4.5__sectio-1_n0006/e_0031 type PatientCondition
Rule_742	?a type ConditionOrFindingEntity => ?a type PatientCondition	adult_congenital_heart_disease__al-khatib-2017-aha-acc-hrs-guideline-va-and-scd_n0073/e_0020 type ConditionOrFindingEntity => adult_congenital_heart_disease__al-khatib-2017-aha-acc-hrs-guideline-va-and-scd_n0073/e_0020 type PatientCondition
Rule_742	?a type ConditionOrFindingEntity => ?a type PatientCondition	malfunction__lenarczyk-2024-management-of-patients-with-an-electrical-storm-or-cluste_n0010/e_0034 type ConditionOrFindingEntity => malfunction__lenarczyk-2024-management-of-patients-with-an-electrical-storm-or-cluste_n0010/e_0034 type PatientCondition
Rule_742	?a type ConditionOrFindingEntity => ?a type PatientCondition	VT__zeppenfeld-2022-esc-guidelines-va-and-scd_n0094/e_0017 type ConditionOrFindingEntity => VT__zeppenfeld-2022-esc-guidelines-va-and-scd_n0094/e_0017 type PatientCondition
Rule_742	?a type ConditionOrFindingEntity => ?a type PatientCondition	Difficult_to_grade_aortic_stenosis__supp-material-esc-guidelines_n0018/e_0025 type ConditionOrFindingEntity => Difficult_to_grade_aortic_stenosis__supp-material-esc-guidelines_n0018/e_0025 type PatientCondition
Rule_742	?a type ConditionOrFindingEntity => ?a type PatientCondition	Mitral_regurgitation__mcdonagh-2023-esc-guidelines_n0039/e_0021 type ConditionOrFindingEntity => Mitral_regurgitation__mcdonagh-2023-esc-guidelines_n0039/e_0021 type PatientCondition
Rule_742	?a type ConditionOrFindingEntity => ?a type PatientCondition	circumstantial_data__zeppenfeld-2022-esc-guidelines-va-and-scd_n0034/e_0010 type ConditionOrFindingEntity => circumstantial_data__zeppenfeld-2022-esc-guidelines-va-and-scd_n0034/e_0010 type PatientCondition
Rule_742	?a type ConditionOrFindingEntity => ?a type PatientCondition	SND__glikson-2021-2021-esc-guidelines-on-cardiac-pacing-and-cardiac-resynchro_n0046/e_0007 type ConditionOrFindingEntity => SND__glikson-2021-2021-esc-guidelines-on-cardiac-pacing-and-cardiac-resynchro_n0046/e_0007 type PatientCondition
Rule_742	?a type ConditionOrFindingEntity => ?a type PatientCondition	NYHA_II%E2%80%93IV__sbolli-2020-depression-and-heart-failure_n0003/e_0014 type ConditionOrFindingEntity => NYHA_II%E2%80%93IV__sbolli-2020-depression-and-heart-failure_n0003/e_0014 type PatientCondition
Rule_742	?a type ConditionOrFindingEntity => ?a type PatientCondition	HF_signs_or_symptoms__heidenreich-2022-aha-acc-hfsa-guidelines_n0108/e_0019 type ConditionOrFindingEntity => HF_signs_or_symptoms__heidenreich-2022-aha-acc-hfsa-guidelines_n0108/e_0019 type PatientCondition
Rule_742	?a type ConditionOrFindingEntity => ?a type PatientCondition	SMVT__zeppenfeld-2022-esc-guidelines-va-and-scd_n0036/e_0006 type ConditionOrFindingEntity => SMVT__zeppenfeld-2022-esc-guidelines-va-and-scd_n0036/e_0006 type PatientCondition
Rule_742	?a type ConditionOrFindingEntity => ?a type PatientCondition	VT__zeppenfeld-2022-esc-guidelines-va-and-scd_n0094/e_0070 type ConditionOrFindingEntity => VT__zeppenfeld-2022-esc-guidelines-va-and-scd_n0094/e_0070 type PatientCondition
Rule_742	?a type ConditionOrFindingEntity => ?a type PatientCondition	meaningful_survival_greater_than_1_year__al-khatib-2017-aha-acc-hrs-guideline-va-and-scd_n0033/e_0009 type ConditionOrFindingEntity => meaningful_survival_greater_than_1_year__al-khatib-2017-aha-acc-hrs-guideline-va-and-scd_n0033/e_0009 type PatientCondition
Rule_742	?a type ConditionOrFindingEntity => ?a type PatientCondition	Myasthenia_gravis__lenarczyk-2024-management-of-patients-with-an-electrical-storm-or-cluste_n0020/e_0047 type ConditionOrFindingEntity => Myasthenia_gravis__lenarczyk-2024-management-of-patients-with-an-electrical-storm-or-cluste_n0020/e_0047 type PatientCondition
Rule_742	?a type ConditionOrFindingEntity => ?a type PatientCondition	SQTS__zeppenfeld-2022-esc-guidelines-va-and-scd_n0085/e_0004 type ConditionOrFindingEntity => SQTS__zeppenfeld-2022-esc-guidelines-va-and-scd_n0085/e_0004 type PatientCondition
Rule_742	?a type ConditionOrFindingEntity => ?a type PatientCondition	VA__lenarczyk-2024-management-of-patients-with-an-electrical-storm-or-cluste_n0017/e_0024 type ConditionOrFindingEntity => VA__lenarczyk-2024-management-of-patients-with-an-electrical-storm-or-cluste_n0017/e_0024 type PatientCondition
Rule_742	?a type ConditionOrFindingEntity => ?a type PatientCondition	cardiac_sarcoidosis__zeppenfeld-2022-esc-guidelines-va-and-scd_n0020/e_0040 type ConditionOrFindingEntity => cardiac_sarcoidosis__zeppenfeld-2022-esc-guidelines-va-and-scd_n0020/e_0040 type PatientCondition
Rule_742	?a type ConditionOrFindingEntity => ?a type PatientCondition	MI__zeppenfeld-2022-esc-guidelines-va-and-scd_n0093/e_0021 type ConditionOrFindingEntity => MI__zeppenfeld-2022-esc-guidelines-va-and-scd_n0093/e_0021 type PatientCondition
Rule_742	?a type ConditionOrFindingEntity => ?a type PatientCondition	SQTS__zeppenfeld-2022-esc-guidelines-va-and-scd_n0021/e_0027 type ConditionOrFindingEntity => SQTS__zeppenfeld-2022-esc-guidelines-va-and-scd_n0021/e_0027 type PatientCondition
Rule_742	?a type ConditionOrFindingEntity => ?a type PatientCondition	comorbidities__mcdonagh-2023-esc-guidelines_n0021/e_0041 type ConditionOrFindingEntity => comorbidities__mcdonagh-2023-esc-guidelines_n0021/e_0041 type PatientCondition
Rule_742	?a type ConditionOrFindingEntity => ?a type PatientCondition	Fascicular_VT__lenarczyk-2024-management-of-patients-with-an-electrical-storm-or-cluste_n0020/e_0210 type ConditionOrFindingEntity => Fascicular_VT__lenarczyk-2024-management-of-patients-with-an-electrical-storm-or-cluste_n0020/e_0210 type PatientCondition
Rule_742	?a type ConditionOrFindingEntity => ?a type PatientCondition	anemia__heidenreich-2022-aha-acc-hfsa-guidelines_n0099/e_0008 type ConditionOrFindingEntity => anemia__heidenreich-2022-aha-acc-hfsa-guidelines_n0099/e_0008 type PatientCondition
Rule_742	?a type ConditionOrFindingEntity => ?a type PatientCondition	alcohol_abuse__mcdonagh-2023-esc-guidelines_n0052/e_0020 type ConditionOrFindingEntity => alcohol_abuse__mcdonagh-2023-esc-guidelines_n0052/e_0020 type PatientCondition
Rule_742	?a type ConditionOrFindingEntity => ?a type PatientCondition	T-wave_detection__braunschweig-2010-management-of-patients-receiving-implantable-cardiac-d_n0007/e_0009 type ConditionOrFindingEntity => T-wave_detection__braunschweig-2010-management-of-patients-receiving-implantable-cardiac-d_n0007/e_0009 type PatientCondition
Rule_742	?a type ConditionOrFindingEntity => ?a type PatientCondition	noncardiac_cirrhosis__heidenreich-2022-aha-acc-hfsa-guidelines_n0075/e_0032 type ConditionOrFindingEntity => noncardiac_cirrhosis__heidenreich-2022-aha-acc-hfsa-guidelines_n0075/e_0032 type PatientCondition
Rule_742	?a type ConditionOrFindingEntity => ?a type PatientCondition	SMVT__zeppenfeld-2022-esc-guidelines-va-and-scd_n0062/e_0071 type ConditionOrFindingEntity => SMVT__zeppenfeld-2022-esc-guidelines-va-and-scd_n0062/e_0071 type PatientCondition
Rule_742	?a type ConditionOrFindingEntity => ?a type PatientCondition	SMVT__zeppenfeld-2022-esc-guidelines-va-and-scd_n0054/e_0051 type ConditionOrFindingEntity => SMVT__zeppenfeld-2022-esc-guidelines-va-and-scd_n0054/e_0051 type PatientCondition
Rule_742	?a type ConditionOrFindingEntity => ?a type PatientCondition	family_history_changes__zeppenfeld-2022-esc-guidelines-va-and-scd_n0034/e_0047 type ConditionOrFindingEntity => family_history_changes__zeppenfeld-2022-esc-guidelines-va-and-scd_n0034/e_0047 type PatientCondition
Rule_742	?a type ConditionOrFindingEntity => ?a type PatientCondition	No_other_therapeutic_option__mcdonagh-2023-esc-guidelines_n0062/e_0002 type ConditionOrFindingEntity => No_other_therapeutic_option__mcdonagh-2023-esc-guidelines_n0062/e_0002 type PatientCondition
Rule_742	?a type ConditionOrFindingEntity => ?a type PatientCondition	CPVT__zeppenfeld-2022-esc-guidelines-va-and-scd_n0084/e_0019 type ConditionOrFindingEntity => CPVT__zeppenfeld-2022-esc-guidelines-va-and-scd_n0084/e_0019 type PatientCondition
Rule_742	?a type ConditionOrFindingEntity => ?a type PatientCondition	aetiologies__mcdonagh-2023-esc-guidelines_n0020/e_0046 type ConditionOrFindingEntity => aetiologies__mcdonagh-2023-esc-guidelines_n0020/e_0046 type PatientCondition
Rule_742	?a type ConditionOrFindingEntity => ?a type PatientCondition	patient_preference_and_comorbidities,_eligibility,_symptoms_suggestive_of_angina_and_willingness_to_undergo_revascularization__sectio-1_n0028/e_0023 type ConditionOrFindingEntity => patient_preference_and_comorbidities,_eligibility,_symptoms_suggestive_of_angina_and_willingness_to_undergo_revascularization__sectio-1_n0028/e_0023 type PatientCondition
Rule_742	?a type ConditionOrFindingEntity => ?a type PatientCondition	arrhythmias__mcdonagh-2023-esc-guidelines_n0083/e_0017 type ConditionOrFindingEntity => arrhythmias__mcdonagh-2023-esc-guidelines_n0083/e_0017 type PatientCondition
Rule_742	?a type ConditionOrFindingEntity => ?a type PatientCondition	BAV__pelliccia-2020-2020-esc-guidelines-on-sports-cardiology-and-exercise-in_n0053/e_0003 type ConditionOrFindingEntity => BAV__pelliccia-2020-2020-esc-guidelines-on-sports-cardiology-and-exercise-in_n0053/e_0003 type PatientCondition
Rule_742	?a type ConditionOrFindingEntity => ?a type PatientCondition	PVC_burden_of_at_least_10%25__zeppenfeld-2022-esc-guidelines-va-and-scd_n0058/e_0003 type ConditionOrFindingEntity => PVC_burden_of_at_least_10%25__zeppenfeld-2022-esc-guidelines-va-and-scd_n0058/e_0003 type PatientCondition
Rule_742	?a type ConditionOrFindingEntity => ?a type PatientCondition	syncope__zeppenfeld-2022-esc-guidelines-va-and-scd_n0082/e_0043 type ConditionOrFindingEntity => syncope__zeppenfeld-2022-esc-guidelines-va-and-scd_n0082/e_0043 type PatientCondition
Rule_742	?a type ConditionOrFindingEntity => ?a type PatientCondition	LQTS__zeppenfeld-2022-esc-guidelines-va-and-scd_n0077/e_0018 type ConditionOrFindingEntity => LQTS__zeppenfeld-2022-esc-guidelines-va-and-scd_n0077/e_0018 type PatientCondition
Rule_742	?a type ConditionOrFindingEntity => ?a type PatientCondition	regardless_of_NYHA_class_or_QRS_width__mcdonagh-2023-esc-guidelines_n0046/e_0014 type ConditionOrFindingEntity => regardless_of_NYHA_class_or_QRS_width__mcdonagh-2023-esc-guidelines_n0046/e_0014 type PatientCondition
Rule_742	?a type ConditionOrFindingEntity => ?a type PatientCondition	severe_intraventricular__lenarczyk-2024-management-of-patients-with-an-electrical-storm-or-cluste_n0020/e_0064 type ConditionOrFindingEntity => severe_intraventricular__lenarczyk-2024-management-of-patients-with-an-electrical-storm-or-cluste_n0020/e_0064 type PatientCondition
Rule_742	?a type ConditionOrFindingEntity => ?a type PatientCondition	HCM__zeppenfeld-2022-esc-guidelines-va-and-scd_n0019/e_0002 type ConditionOrFindingEntity => HCM__zeppenfeld-2022-esc-guidelines-va-and-scd_n0019/e_0002 type PatientCondition
Rule_742	?a type ConditionOrFindingEntity => ?a type PatientCondition	Orthopnea__sectio-4_n0004/e_0024 type ConditionOrFindingEntity => Orthopnea__sectio-4_n0004/e_0024 type PatientCondition
Rule_742	?a type ConditionOrFindingEntity => ?a type PatientCondition	CAD__zeppenfeld-2022-esc-guidelines-va-and-scd_n0054/e_0095 type ConditionOrFindingEntity => CAD__zeppenfeld-2022-esc-guidelines-va-and-scd_n0054/e_0095 type PatientCondition
Rule_742	?a type ConditionOrFindingEntity => ?a type PatientCondition	SMVT__zeppenfeld-2022-esc-guidelines-va-and-scd_n0093/e_0066 type ConditionOrFindingEntity => SMVT__zeppenfeld-2022-esc-guidelines-va-and-scd_n0093/e_0066 type PatientCondition
Rule_742	?a type ConditionOrFindingEntity => ?a type PatientCondition	Hepatic__lenarczyk-2024-management-of-patients-with-an-electrical-storm-or-cluste_n0013/e_0008 type ConditionOrFindingEntity => Hepatic__lenarczyk-2024-management-of-patients-with-an-electrical-storm-or-cluste_n0013/e_0008 type PatientCondition
Rule_742	?a type ConditionOrFindingEntity => ?a type PatientCondition	syncope_suspected_to_be_due_to_VAs__zeppenfeld-2022-esc-guidelines-va-and-scd_n0055/e_0016 type ConditionOrFindingEntity => syncope_suspected_to_be_due_to_VAs__zeppenfeld-2022-esc-guidelines-va-and-scd_n0055/e_0016 type PatientCondition
Rule_742	?a type ConditionOrFindingEntity => ?a type PatientCondition	Intolerant_of_optimal_dose_of_any_GDMT_HF_drug__supp-material-esc-guidelines_n0018/e_0003 type ConditionOrFindingEntity => Intolerant_of_optimal_dose_of_any_GDMT_HF_drug__supp-material-esc-guidelines_n0018/e_0003 type PatientCondition
Rule_742	?a type ConditionOrFindingEntity => ?a type PatientCondition	refractory_volume_overload__mcdonagh-2023-esc-guidelines_n0063/e_0041 type ConditionOrFindingEntity => refractory_volume_overload__mcdonagh-2023-esc-guidelines_n0063/e_0041 type PatientCondition
Rule_742	?a type ConditionOrFindingEntity => ?a type PatientCondition	HFpEF__mcdonagh-2023-esc-guidelines_n0096/e_0002 type ConditionOrFindingEntity => HFpEF__mcdonagh-2023-esc-guidelines_n0096/e_0002 type PatientCondition
Rule_742	?a type ConditionOrFindingEntity => ?a type PatientCondition	ARVC__mcdonagh-2023-esc-guidelines_n0058/e_0007 type ConditionOrFindingEntity => ARVC__mcdonagh-2023-esc-guidelines_n0058/e_0007 type PatientCondition
Rule_742	?a type ConditionOrFindingEntity => ?a type PatientCondition	patient%5C's_decision-making_competence__wilkoff-2008-hrs-ehra-expert-consenus-on-the-monitoring-of-cieds_n0005/e_0013 type ConditionOrFindingEntity => patient%5C's_decision-making_competence__wilkoff-2008-hrs-ehra-expert-consenus-on-the-monitoring-of-cieds_n0005/e_0013 type PatientCondition
Rule_742	?a type ConditionOrFindingEntity => ?a type PatientCondition	post-MI_cardiogenic_shock__mcdonagh-2023-esc-guidelines_n0072/e_0012 type ConditionOrFindingEntity => post-MI_cardiogenic_shock__mcdonagh-2023-esc-guidelines_n0072/e_0012 type PatientCondition
Rule_742	?a type ConditionOrFindingEntity => ?a type PatientCondition	previously_identified_phenotype_for_a_genetic_arrhythmia-associated_disorder__al-khatib-2017-aha-acc-hrs-guideline-va-and-scd_n0079/e_0019 type ConditionOrFindingEntity => previously_identified_phenotype_for_a_genetic_arrhythmia-associated_disorder__al-khatib-2017-aha-acc-hrs-guideline-va-and-scd_n0079/e_0019 type PatientCondition
Rule_742	?a type ConditionOrFindingEntity => ?a type PatientCondition	respiratory_distress__mcdonagh-2023-esc-guidelines_n0070/e_0017 type ConditionOrFindingEntity => respiratory_distress__mcdonagh-2023-esc-guidelines_n0070/e_0017 type PatientCondition
Rule_742	?a type ConditionOrFindingEntity => ?a type PatientCondition	SBP_%E2%89%A490_mmHg__supp-material-esc-guidelines_n0018/e_0005 type ConditionOrFindingEntity => SBP_%E2%89%A490_mmHg__supp-material-esc-guidelines_n0018/e_0005 type PatientCondition
Rule_742	?a type ConditionOrFindingEntity => ?a type PatientCondition	AF__glikson-2021-2021-esc-guidelines-on-cardiac-pacing-and-cardiac-resynchro_n0054/e_0011 type ConditionOrFindingEntity => AF__glikson-2021-2021-esc-guidelines-on-cardiac-pacing-and-cardiac-resynchro_n0054/e_0011 type PatientCondition
Rule_742	?a type ConditionOrFindingEntity => ?a type PatientCondition	possible_barriers__mcdonagh-2023-esc-guidelines_n0055/e_0077 type ConditionOrFindingEntity => possible_barriers__mcdonagh-2023-esc-guidelines_n0055/e_0077 type PatientCondition
Rule_742	?a type ConditionOrFindingEntity => ?a type PatientCondition	pre-existing_conduction_abnormality__glikson-2021-2021-esc-guidelines-on-cardiac-pacing-and-cardiac-resynchro_n0063/e_0027 type ConditionOrFindingEntity => pre-existing_conduction_abnormality__glikson-2021-2021-esc-guidelines-on-cardiac-pacing-and-cardiac-resynchro_n0063/e_0027 type PatientCondition
Rule_742	?a type ConditionOrFindingEntity => ?a type PatientCondition	SCD__al-khatib-2017-aha-acc-hrs-guideline-va-and-scd_n0044/e_0023 type ConditionOrFindingEntity => SCD__al-khatib-2017-aha-acc-hrs-guideline-va-and-scd_n0044/e_0023 type PatientCondition
Rule_742	?a type ConditionOrFindingEntity => ?a type PatientCondition	high_output_states__mcdonagh-2023-esc-guidelines_n0032/e_0007 type ConditionOrFindingEntity => high_output_states__mcdonagh-2023-esc-guidelines_n0032/e_0007 type PatientCondition
Rule_742	?a type ConditionOrFindingEntity => ?a type PatientCondition	su_verified_6ed52cdf724db04223b4d1c2e62f3c35f6b42bc19bc5e3198277d681d47e1eb9_table_7/e_0020 type ConditionOrFindingEntity => su_verified_6ed52cdf724db04223b4d1c2e62f3c35f6b42bc19bc5e3198277d681d47e1eb9_table_7/e_0020 type PatientCondition
Rule_742	?a type ConditionOrFindingEntity => ?a type PatientCondition	PVCs__zeppenfeld-2022-esc-guidelines-va-and-scd_n0093/e_0111 type ConditionOrFindingEntity => PVCs__zeppenfeld-2022-esc-guidelines-va-and-scd_n0093/e_0111 type PatientCondition
Rule_742	?a type ConditionOrFindingEntity => ?a type PatientCondition	no_risk_factors__glikson-2021-2021-esc-guidelines-on-cardiac-pacing-and-cardiac-resynchro_n0064/e_0015 type ConditionOrFindingEntity => no_risk_factors__glikson-2021-2021-esc-guidelines-on-cardiac-pacing-and-cardiac-resynchro_n0064/e_0015 type PatientCondition
Rule_742	?a type ConditionOrFindingEntity => ?a type PatientCondition	catecholaminergic_polymorphic_ventricular_tachycardia__al-khatib-2017-aha-acc-hrs-guideline-va-and-scd_n0053/e_0004 type ConditionOrFindingEntity => catecholaminergic_polymorphic_ventricular_tachycardia__al-khatib-2017-aha-acc-hrs-guideline-va-and-scd_n0053/e_0004 type PatientCondition
Rule_742	?a type ConditionOrFindingEntity => ?a type PatientCondition	heart_failure__aha-patient-discharge-packet_n0004/e_0107 type ConditionOrFindingEntity => heart_failure__aha-patient-discharge-packet_n0004/e_0107 type PatientCondition
Rule_742	?a type ConditionOrFindingEntity => ?a type PatientCondition	(a)_significant_LGE_at_CMR_(usually_%E2%89%A515%25_of_LV_mass);_or_(b)_LVEF_%3C_50%25;_or_(c)_abnormal_blood_pressure_response_during_exercise_test;_or_(d)_LV_apical_aneurysm;_or_(e)_presence_of_sarcomeric_pathogenic_mutation__zeppenfeld-2022-esc-guidelines-va-and-scd_n0063/e_0019 type ConditionOrFindingEntity => (a)_significant_LGE_at_CMR_(usually_%E2%89%A515%25_of_LV_mass);_or_(b)_LVEF_%3C_50%25;_or_(c)_abnormal_blood_pressure_response_during_exercise_test;_or_(d)_LV_apical_aneurysm;_or_(e)_presence_of_sarcomeric_pathogenic_mutation__zeppenfeld-2022-esc-guidelines-va-and-scd_n0063/e_0019 type PatientCondition
Rule_742	?a type ConditionOrFindingEntity => ?a type PatientCondition	PVC__zeppenfeld-2022-esc-guidelines-va-and-scd_n0056/e_0014 type ConditionOrFindingEntity => PVC__zeppenfeld-2022-esc-guidelines-va-and-scd_n0056/e_0014 type PatientCondition
Rule_742	?a type ConditionOrFindingEntity => ?a type PatientCondition	previous_MI__zeppenfeld-2022-esc-guidelines-va-and-scd_n0040/e_0021 type ConditionOrFindingEntity => previous_MI__zeppenfeld-2022-esc-guidelines-va-and-scd_n0040/e_0021 type PatientCondition
Rule_742	?a type ConditionOrFindingEntity => ?a type PatientCondition	minor_LGE_at_CMR__zeppenfeld-2022-esc-guidelines-va-and-scd_n0068/e_0015 type ConditionOrFindingEntity => minor_LGE_at_CMR__zeppenfeld-2022-esc-guidelines-va-and-scd_n0068/e_0015 type PatientCondition
Rule_742	?a type ConditionOrFindingEntity => ?a type PatientCondition	pulmonary_hypertension;_cor_pulmonale__ambrosetti-2020-secondary-prevention-comprehensive-cardiovascular-rehabi_n0015/e_0013 type ConditionOrFindingEntity => pulmonary_hypertension;_cor_pulmonale__ambrosetti-2020-secondary-prevention-comprehensive-cardiovascular-rehabi_n0015/e_0013 type PatientCondition
Rule_742	?a type ConditionOrFindingEntity => ?a type PatientCondition	life-threatening_ventricular_arrhythmias__mcdonagh-2023-esc-guidelines_n0089/e_0002 type ConditionOrFindingEntity => life-threatening_ventricular_arrhythmias__mcdonagh-2023-esc-guidelines_n0089/e_0002 type PatientCondition
Rule_742	?a type ConditionOrFindingEntity => ?a type PatientCondition	SMVT__zeppenfeld-2022-esc-guidelines-va-and-scd_n0062/e_0056 type ConditionOrFindingEntity => SMVT__zeppenfeld-2022-esc-guidelines-va-and-scd_n0062/e_0056 type PatientCondition
Rule_742	?a type ConditionOrFindingEntity => ?a type PatientCondition	sinus_rhythm__heidenreich-2022-aha-acc-hfsa-guidelines_n0063/e_0033 type ConditionOrFindingEntity => sinus_rhythm__heidenreich-2022-aha-acc-hfsa-guidelines_n0063/e_0033 type PatientCondition
Rule_742	?a type ConditionOrFindingEntity => ?a type PatientCondition	infranodal_block__glikson-2021-2021-esc-guidelines-on-cardiac-pacing-and-cardiac-resynchro_n0035/e_0008 type ConditionOrFindingEntity => infranodal_block__glikson-2021-2021-esc-guidelines-on-cardiac-pacing-and-cardiac-resynchro_n0035/e_0008 type PatientCondition
Rule_742	?a type ConditionOrFindingEntity => ?a type PatientCondition	DM__visseren-2021-esc-guidelines-cardiovascular-disease-prevention_n0032/e_0002 type ConditionOrFindingEntity => DM__visseren-2021-esc-guidelines-cardiovascular-disease-prevention_n0032/e_0002 type PatientCondition
Rule_742	?a type ConditionOrFindingEntity => ?a type PatientCondition	VT__zeppenfeld-2022-esc-guidelines-va-and-scd_n0085/e_0028 type ConditionOrFindingEntity => VT__zeppenfeld-2022-esc-guidelines-va-and-scd_n0085/e_0028 type PatientCondition
Rule_742	?a type ConditionOrFindingEntity => ?a type PatientCondition	new_onset_of_rapid_atrial_fibrillation__sectio-4_n0001/e_0010 type ConditionOrFindingEntity => new_onset_of_rapid_atrial_fibrillation__sectio-4_n0001/e_0010 type PatientCondition
Rule_742	?a type ConditionOrFindingEntity => ?a type PatientCondition	CMV,_HIV,_Borrelia_burgdorferi_(Lyme_disease),_Coxiella_burnetii_(Q-fever),_Trypanosoma_cruzi_(Chagas_disease)_and_SARS-CoV-2__mcdonagh-2023-esc-guidelines_n0084/e_0044 type ConditionOrFindingEntity => CMV,_HIV,_Borrelia_burgdorferi_(Lyme_disease),_Coxiella_burnetii_(Q-fever),_Trypanosoma_cruzi_(Chagas_disease)_and_SARS-CoV-2__mcdonagh-2023-esc-guidelines_n0084/e_0044 type PatientCondition
Rule_742	?a type ConditionOrFindingEntity => ?a type PatientCondition	active_inflammation_is_present__pelliccia-2020-2020-esc-guidelines-on-sports-cardiology-and-exercise-in_n0060/e_0021 type ConditionOrFindingEntity => active_inflammation_is_present__pelliccia-2020-2020-esc-guidelines-on-sports-cardiology-and-exercise-in_n0060/e_0021 type PatientCondition
Rule_742	?a type ConditionOrFindingEntity => ?a type PatientCondition	ERP__zeppenfeld-2022-esc-guidelines-va-and-scd_n0019/e_0210 type ConditionOrFindingEntity => ERP__zeppenfeld-2022-esc-guidelines-va-and-scd_n0019/e_0210 type PatientCondition
Rule_742	?a type ConditionOrFindingEntity => ?a type PatientCondition	VA__zeppenfeld-2022-esc-guidelines-va-and-scd_n0092/e_0037 type ConditionOrFindingEntity => VA__zeppenfeld-2022-esc-guidelines-va-and-scd_n0092/e_0037 type PatientCondition
Rule_742	?a type ConditionOrFindingEntity => ?a type PatientCondition	NYHA_class_II_or_III_symptoms__heidenreich-2022-aha-acc-hfsa-guidelines_n0063/e_0007 type ConditionOrFindingEntity => NYHA_class_II_or_III_symptoms__heidenreich-2022-aha-acc-hfsa-guidelines_n0063/e_0007 type PatientCondition
Rule_742	?a type ConditionOrFindingEntity => ?a type PatientCondition	su_verified_6ed52cdf724db04223b4d1c2e62f3c35f6b42bc19bc5e3198277d681d47e1eb9_table_6/e_0067 type ConditionOrFindingEntity => su_verified_6ed52cdf724db04223b4d1c2e62f3c35f6b42bc19bc5e3198277d681d47e1eb9_table_6/e_0067 type PatientCondition
Rule_742	?a type ConditionOrFindingEntity => ?a type PatientCondition	Hyperlipidaemia__ambrosetti-2020-secondary-prevention-comprehensive-cardiovascular-rehabi_n0007/e_0057 type ConditionOrFindingEntity => Hyperlipidaemia__ambrosetti-2020-secondary-prevention-comprehensive-cardiovascular-rehabi_n0007/e_0057 type PatientCondition
Rule_742	?a type ConditionOrFindingEntity => ?a type PatientCondition	PVCs__zeppenfeld-2022-esc-guidelines-va-and-scd_n0059/e_0004 type ConditionOrFindingEntity => PVCs__zeppenfeld-2022-esc-guidelines-va-and-scd_n0059/e_0004 type PatientCondition
Rule_742	?a type ConditionOrFindingEntity => ?a type PatientCondition	HF__mcdonagh-2023-esc-guidelines_n0020/e_0003 type ConditionOrFindingEntity => HF__mcdonagh-2023-esc-guidelines_n0020/e_0003 type PatientCondition
Rule_742	?a type ConditionOrFindingEntity => ?a type PatientCondition	VA__al-khatib-2017-aha-acc-hrs-guideline-va-and-scd_n0030/e_0002 type ConditionOrFindingEntity => VA__al-khatib-2017-aha-acc-hrs-guideline-va-and-scd_n0030/e_0002 type PatientCondition
Rule_742	?a type ConditionOrFindingEntity => ?a type PatientCondition	high_blood_pressure__cardiosmart-modul1-zusammengefugt_n0002/e_0002 type ConditionOrFindingEntity => high_blood_pressure__cardiosmart-modul1-zusammengefugt_n0002/e_0002 type PatientCondition
Rule_742	?a type ConditionOrFindingEntity => ?a type PatientCondition	HF__mcdonagh-2023-esc-guidelines_n0074/e_0022 type ConditionOrFindingEntity => HF__mcdonagh-2023-esc-guidelines_n0074/e_0022 type PatientCondition
Rule_742	?a type ConditionOrFindingEntity => ?a type PatientCondition	T2DM__mcdonagh-2023-esc-guidelines_n0077/e_0008 type ConditionOrFindingEntity => T2DM__mcdonagh-2023-esc-guidelines_n0077/e_0008 type PatientCondition
Rule_742	?a type ConditionOrFindingEntity => ?a type PatientCondition	dangerous_heart_rhythm__cardiosmart-decision-aid-icd-for-hf_n0002/e_0027 type ConditionOrFindingEntity => dangerous_heart_rhythm__cardiosmart-decision-aid-icd-for-hf_n0002/e_0027 type PatientCondition
Rule_742	?a type ConditionOrFindingEntity => ?a type PatientCondition	su_verified_e5f20076152902f9b102f37b1a83cdc79baea0d42000f6c76a83acfae0e39670_table_2/e_0010 type ConditionOrFindingEntity => su_verified_e5f20076152902f9b102f37b1a83cdc79baea0d42000f6c76a83acfae0e39670_table_2/e_0010 type PatientCondition
Rule_742	?a type ConditionOrFindingEntity => ?a type PatientCondition	heart_failure__mcdonagh-2023-esc-guidelines_n0051/e_0001 type ConditionOrFindingEntity => heart_failure__mcdonagh-2023-esc-guidelines_n0051/e_0001 type PatientCondition
Rule_742	?a type ConditionOrFindingEntity => ?a type PatientCondition	comorbidities_and_frailty__ambrosetti-2020-secondary-prevention-comprehensive-cardiovascular-rehabi_n0011/e_0042 type ConditionOrFindingEntity => comorbidities_and_frailty__ambrosetti-2020-secondary-prevention-comprehensive-cardiovascular-rehabi_n0011/e_0042 type PatientCondition
Rule_742	?a type ConditionOrFindingEntity => ?a type PatientCondition	hemodynamically_unstable_VT__al-khatib-2017-aha-acc-hrs-guideline-va-and-scd_n0033/e_0005 type ConditionOrFindingEntity => hemodynamically_unstable_VT__al-khatib-2017-aha-acc-hrs-guideline-va-and-scd_n0033/e_0005 type PatientCondition
Rule_742	?a type ConditionOrFindingEntity => ?a type PatientCondition	without_other_evidence_of_atherosclerotic_vascular_disease__execut-1_n0036/e_0004 type ConditionOrFindingEntity => without_other_evidence_of_atherosclerotic_vascular_disease__execut-1_n0036/e_0004 type PatientCondition
Rule_742	?a type ConditionOrFindingEntity => ?a type PatientCondition	iron_deficiency__mcdonagh-2023-2023-focused-update-of-the-2021-esc-guidelines-for-the-dia_n0016/e_0016 type ConditionOrFindingEntity => iron_deficiency__mcdonagh-2023-2023-focused-update-of-the-2021-esc-guidelines-for-the-dia_n0016/e_0016 type PatientCondition
Rule_742	?a type ConditionOrFindingEntity => ?a type PatientCondition	severe_AV_or_intraventricular_conduction_disturbances__zeppenfeld-2022-esc-guidelines-va-and-scd_n0040/e_0020 type ConditionOrFindingEntity => severe_AV_or_intraventricular_conduction_disturbances__zeppenfeld-2022-esc-guidelines-va-and-scd_n0040/e_0020 type PatientCondition
Rule_742	?a type ConditionOrFindingEntity => ?a type PatientCondition	LQTS__zeppenfeld-2022-esc-guidelines-va-and-scd_n0019/e_0141 type ConditionOrFindingEntity => LQTS__zeppenfeld-2022-esc-guidelines-va-and-scd_n0019/e_0141 type PatientCondition
Rule_742	?a type ConditionOrFindingEntity => ?a type PatientCondition	NSVT__zeppenfeld-2022-esc-guidelines-va-and-scd_n0062/e_0083 type ConditionOrFindingEntity => NSVT__zeppenfeld-2022-esc-guidelines-va-and-scd_n0062/e_0083 type PatientCondition
Rule_742	?a type ConditionOrFindingEntity => ?a type PatientCondition	sudden_unexpected_weight_gain__mcdonagh-2023-esc-guidelines_n0055/e_0112 type ConditionOrFindingEntity => sudden_unexpected_weight_gain__mcdonagh-2023-esc-guidelines_n0055/e_0112 type PatientCondition
Rule_742	?a type ConditionOrFindingEntity => ?a type PatientCondition	obstructive_sleep_apnea__heidenreich-2022-aha-acc-hfsa-guidelines_n0099/e_0021 type ConditionOrFindingEntity => obstructive_sleep_apnea__heidenreich-2022-aha-acc-hfsa-guidelines_n0099/e_0021 type PatientCondition
Rule_742	?a type ConditionOrFindingEntity => ?a type PatientCondition	barriers_to_self-care__riegel-2009-promoting-self-care-in-persons-with-heart-failure_n0004/e_0064 type ConditionOrFindingEntity => barriers_to_self-care__riegel-2009-promoting-self-care-in-persons-with-heart-failure_n0004/e_0064 type PatientCondition
Rule_742	?a type ConditionOrFindingEntity => ?a type PatientCondition	VAs__zeppenfeld-2022-esc-guidelines-va-and-scd_n0062/e_0049 type ConditionOrFindingEntity => VAs__zeppenfeld-2022-esc-guidelines-va-and-scd_n0062/e_0049 type PatientCondition
Rule_742	?a type ConditionOrFindingEntity => ?a type PatientCondition	other_indications_for_this_therapy__mcdonagh-2023-esc-guidelines_n0022/e_0089 type ConditionOrFindingEntity => other_indications_for_this_therapy__mcdonagh-2023-esc-guidelines_n0022/e_0089 type PatientCondition
Rule_742	?a type ConditionOrFindingEntity => ?a type PatientCondition	Insufficient_social_supports_to_achieve_compliant_care_in_the_outpatient_setting__mcdonagh-2023-esc-guidelines_n0062/e_0024 type ConditionOrFindingEntity => Insufficient_social_supports_to_achieve_compliant_care_in_the_outpatient_setting__mcdonagh-2023-esc-guidelines_n0062/e_0024 type PatientCondition
Rule_742	?a type ConditionOrFindingEntity => ?a type PatientCondition	iron_deficiency__heidenreich-2022-aha-acc-hfsa-guidelines_n0099/e_0002 type ConditionOrFindingEntity => iron_deficiency__heidenreich-2022-aha-acc-hfsa-guidelines_n0099/e_0002 type PatientCondition
Rule_742	?a type ConditionOrFindingEntity => ?a type PatientCondition	severe_bradycardia__glikson-2021-2021-esc-guidelines-on-cardiac-pacing-and-cardiac-resynchro_n0039/e_0004 type ConditionOrFindingEntity => severe_bradycardia__glikson-2021-2021-esc-guidelines-on-cardiac-pacing-and-cardiac-resynchro_n0039/e_0004 type PatientCondition
Rule_742	?a type ConditionOrFindingEntity => ?a type PatientCondition	Diabetes__execut-1_n0008/e_0002 type ConditionOrFindingEntity => Diabetes__execut-1_n0008/e_0002 type PatientCondition
Rule_742	?a type ConditionOrFindingEntity => ?a type PatientCondition	without_genotyping_prior_to_death__al-khatib-2017-aha-acc-hrs-guideline-va-and-scd_n0079/e_0020 type ConditionOrFindingEntity => without_genotyping_prior_to_death__al-khatib-2017-aha-acc-hrs-guideline-va-and-scd_n0079/e_0020 type PatientCondition
Rule_742	?a type ConditionOrFindingEntity => ?a type PatientCondition	HF__mcdonagh-2023-esc-guidelines_n0096/e_0051 type ConditionOrFindingEntity => HF__mcdonagh-2023-esc-guidelines_n0096/e_0051 type PatientCondition
Rule_742	?a type ConditionOrFindingEntity => ?a type PatientCondition	signs_of_battery_depletion__glikson-2021-2021-esc-guidelines-on-cardiac-pacing-and-cardiac-resynchro_n0079/e_0012 type ConditionOrFindingEntity => signs_of_battery_depletion__glikson-2021-2021-esc-guidelines-on-cardiac-pacing-and-cardiac-resynchro_n0079/e_0012 type PatientCondition
Rule_742	?a type ConditionOrFindingEntity => ?a type PatientCondition	iron_deficiency__mcdonagh-2023-esc-guidelines_n0022/e_0070 type ConditionOrFindingEntity => iron_deficiency__mcdonagh-2023-esc-guidelines_n0022/e_0070 type PatientCondition
Rule_742	?a type ConditionOrFindingEntity => ?a type PatientCondition	VF__zeppenfeld-2022-esc-guidelines-va-and-scd_n0019/e_0109 type ConditionOrFindingEntity => VF__zeppenfeld-2022-esc-guidelines-va-and-scd_n0019/e_0109 type PatientCondition
Rule_742	?a type ConditionOrFindingEntity => ?a type PatientCondition	comorbidities__mcdonagh-2023-esc-guidelines_n0056/e_0010 type ConditionOrFindingEntity => comorbidities__mcdonagh-2023-esc-guidelines_n0056/e_0010 type PatientCondition
Rule_742	?a type ConditionOrFindingEntity => ?a type PatientCondition	BrS__zeppenfeld-2022-esc-guidelines-va-and-scd_n0081/e_0028 type ConditionOrFindingEntity => BrS__zeppenfeld-2022-esc-guidelines-va-and-scd_n0081/e_0028 type PatientCondition
Rule_742	?a type ConditionOrFindingEntity => ?a type PatientCondition	AV_block__zeppenfeld-2022-esc-guidelines-va-and-scd_n0022/e_0061 type ConditionOrFindingEntity => AV_block__zeppenfeld-2022-esc-guidelines-va-and-scd_n0022/e_0061 type PatientCondition
Rule_742	?a type ConditionOrFindingEntity => ?a type PatientCondition	unexplained_dyspnea__heidenreich-2022-aha-acc-hfsa-guidelines_n0025/e_0017 type ConditionOrFindingEntity => unexplained_dyspnea__heidenreich-2022-aha-acc-hfsa-guidelines_n0025/e_0017 type PatientCondition
Rule_742	?a type ConditionOrFindingEntity => ?a type PatientCondition	obese__riegel-2009-promoting-self-care-in-persons-with-heart-failure_n0004/e_0074 type ConditionOrFindingEntity => obese__riegel-2009-promoting-self-care-in-persons-with-heart-failure_n0004/e_0074 type PatientCondition
Rule_742	?a type ConditionOrFindingEntity => ?a type PatientCondition	SMVT__zeppenfeld-2022-esc-guidelines-va-and-scd_n0086/e_0033 type ConditionOrFindingEntity => SMVT__zeppenfeld-2022-esc-guidelines-va-and-scd_n0086/e_0033 type PatientCondition
Rule_742	?a type ConditionOrFindingEntity => ?a type PatientCondition	MFS__pelliccia-2020-2020-esc-guidelines-on-sports-cardiology-and-exercise-in_n0053/e_0029 type ConditionOrFindingEntity => MFS__pelliccia-2020-2020-esc-guidelines-on-sports-cardiology-and-exercise-in_n0053/e_0029 type PatientCondition
Rule_742	?a type ConditionOrFindingEntity => ?a type PatientCondition	HF__mcdonagh-2023-esc-guidelines_n0097/e_0055 type ConditionOrFindingEntity => HF__mcdonagh-2023-esc-guidelines_n0097/e_0055 type PatientCondition
Rule_742	?a type ConditionOrFindingEntity => ?a type PatientCondition	VT__zeppenfeld-2022-esc-guidelines-va-and-scd_n0057/e_0009 type ConditionOrFindingEntity => VT__zeppenfeld-2022-esc-guidelines-va-and-scd_n0057/e_0009 type PatientCondition
Rule_742	?a type ConditionOrFindingEntity => ?a type PatientCondition	conduction_delay_in_the_absence__lenarczyk-2024-management-of-patients-with-an-electrical-storm-or-cluste_n0020/e_0103 type ConditionOrFindingEntity => conduction_delay_in_the_absence__lenarczyk-2024-management-of-patients-with-an-electrical-storm-or-cluste_n0020/e_0103 type PatientCondition
Rule_742	?a type ConditionOrFindingEntity => ?a type PatientCondition	ARVC__zeppenfeld-2022-esc-guidelines-va-and-scd_n0062/e_0028 type ConditionOrFindingEntity => ARVC__zeppenfeld-2022-esc-guidelines-va-and-scd_n0062/e_0028 type PatientCondition
Rule_742	?a type ConditionOrFindingEntity => ?a type PatientCondition	electrolyte_imbalance__pelliccia-2020-2020-esc-guidelines-on-sports-cardiology-and-exercise-in_n0066/e_0008 type ConditionOrFindingEntity => electrolyte_imbalance__pelliccia-2020-2020-esc-guidelines-on-sports-cardiology-and-exercise-in_n0066/e_0008 type PatientCondition
Rule_742	?a type ConditionOrFindingEntity => ?a type PatientCondition	hypotension__zeppenfeld-2022-esc-guidelines-va-and-scd_n0040/e_0023 type ConditionOrFindingEntity => hypotension__zeppenfeld-2022-esc-guidelines-va-and-scd_n0040/e_0023 type PatientCondition
Rule_742	?a type ConditionOrFindingEntity => ?a type PatientCondition	a_family_history_of_SQTS__zeppenfeld-2022-esc-guidelines-va-and-scd_n0097/e_0005 type ConditionOrFindingEntity => a_family_history_of_SQTS__zeppenfeld-2022-esc-guidelines-va-and-scd_n0097/e_0005 type PatientCondition
Rule_742	?a type ConditionOrFindingEntity => ?a type PatientCondition	HF__mcdonagh-2023-esc-guidelines_n0077/e_0023 type ConditionOrFindingEntity => HF__mcdonagh-2023-esc-guidelines_n0077/e_0023 type PatientCondition
Rule_742	?a type ConditionOrFindingEntity => ?a type PatientCondition	SCD__zeppenfeld-2022-esc-guidelines-va-and-scd_n0018/e_0151 type ConditionOrFindingEntity => SCD__zeppenfeld-2022-esc-guidelines-va-and-scd_n0018/e_0151 type PatientCondition
Rule_742	?a type ConditionOrFindingEntity => ?a type PatientCondition	Comorbid_conditions__heidenreich-2022-aha-acc-hfsa-guidelines_n0097/e_0024 type ConditionOrFindingEntity => Comorbid_conditions__heidenreich-2022-aha-acc-hfsa-guidelines_n0097/e_0024 type PatientCondition
Rule_742	?a type ConditionOrFindingEntity => ?a type PatientCondition	J-point_elevation__zeppenfeld-2022-esc-guidelines-va-and-scd_n0096/e_0035 type ConditionOrFindingEntity => J-point_elevation__zeppenfeld-2022-esc-guidelines-va-and-scd_n0096/e_0035 type PatientCondition
Rule_742	?a type ConditionOrFindingEntity => ?a type PatientCondition	LQTS__zeppenfeld-2022-esc-guidelines-va-and-scd_n0095/e_0050 type ConditionOrFindingEntity => LQTS__zeppenfeld-2022-esc-guidelines-va-and-scd_n0095/e_0050 type PatientCondition
Rule_742	?a type ConditionOrFindingEntity => ?a type PatientCondition	unstable_fluid_balance__mcdonagh-2023-esc-guidelines_n0059/e_0057 type ConditionOrFindingEntity => unstable_fluid_balance__mcdonagh-2023-esc-guidelines_n0059/e_0057 type PatientCondition
Rule_742	?a type ConditionOrFindingEntity => ?a type PatientCondition	hemodynamics_are_uncertain__heidenreich-2022-aha-acc-hfsa-guidelines_n0022/e_0007 type ConditionOrFindingEntity => hemodynamics_are_uncertain__heidenreich-2022-aha-acc-hfsa-guidelines_n0022/e_0007 type PatientCondition
Rule_742	?a type ConditionOrFindingEntity => ?a type PatientCondition	functional_status__heidenreich-2022-aha-acc-hfsa-guidelines_n0064/e_0019 type ConditionOrFindingEntity => functional_status__heidenreich-2022-aha-acc-hfsa-guidelines_n0064/e_0019 type PatientCondition
Rule_742	?a type ConditionOrFindingEntity => ?a type PatientCondition	HF__mcdonagh-2023-esc-guidelines_n0096/e_0099 type ConditionOrFindingEntity => HF__mcdonagh-2023-esc-guidelines_n0096/e_0099 type PatientCondition
Rule_742	?a type ConditionOrFindingEntity => ?a type PatientCondition	high-degree_AV_block_in_the__lenarczyk-2024-management-of-patients-with-an-electrical-storm-or-cluste_n0020/e_0026 type ConditionOrFindingEntity => high-degree_AV_block_in_the__lenarczyk-2024-management-of-patients-with-an-electrical-storm-or-cluste_n0020/e_0026 type PatientCondition
Rule_742	?a type ConditionOrFindingEntity => ?a type PatientCondition	dyspnea__heidenreich-2022-aha-acc-hfsa-guidelines_n0017/e_0002 type ConditionOrFindingEntity => dyspnea__heidenreich-2022-aha-acc-hfsa-guidelines_n0017/e_0002 type PatientCondition
Rule_742	?a type ConditionOrFindingEntity => ?a type PatientCondition	advanced_HFrEF__heidenreich-2022-aha-acc-hfsa-guidelines_n0083/e_0002 type ConditionOrFindingEntity => advanced_HFrEF__heidenreich-2022-aha-acc-hfsa-guidelines_n0083/e_0002 type PatientCondition
Rule_742	?a type ConditionOrFindingEntity => ?a type PatientCondition	diuresis_is_inadequate__heidenreich-2022-aha-acc-hfsa-guidelines_n0088/e_0018 type ConditionOrFindingEntity => diuresis_is_inadequate__heidenreich-2022-aha-acc-hfsa-guidelines_n0088/e_0018 type PatientCondition
Rule_742	?a type ConditionOrFindingEntity => ?a type PatientCondition	PVT__zeppenfeld-2022-esc-guidelines-va-and-scd_n0052/e_0003 type ConditionOrFindingEntity => PVT__zeppenfeld-2022-esc-guidelines-va-and-scd_n0052/e_0003 type PatientCondition
Rule_742	?a type ConditionOrFindingEntity => ?a type PatientCondition	NYHA_class_I_HF__al-khatib-2017-aha-acc-hrs-guideline-va-and-scd_n0035/e_0015 type ConditionOrFindingEntity => NYHA_class_I_HF__al-khatib-2017-aha-acc-hrs-guideline-va-and-scd_n0035/e_0015 type PatientCondition
Rule_742	?a type ConditionOrFindingEntity => ?a type PatientCondition	refractory_elevated_volume_status__mcdonagh-2023-esc-guidelines_n0059/e_0038 type ConditionOrFindingEntity => refractory_elevated_volume_status__mcdonagh-2023-esc-guidelines_n0059/e_0038 type PatientCondition
Rule_742	?a type ConditionOrFindingEntity => ?a type PatientCondition	recurrent_symptomatic_hypotension__mcdonagh-2023-esc-guidelines_n0059/e_0024 type ConditionOrFindingEntity => recurrent_symptomatic_hypotension__mcdonagh-2023-esc-guidelines_n0059/e_0024 type PatientCondition
Rule_742	?a type ConditionOrFindingEntity => ?a type PatientCondition	anomalous_aortic_origin_of_a_coronary_artery__zeppenfeld-2022-esc-guidelines-va-and-scd_n0055/e_0014 type ConditionOrFindingEntity => anomalous_aortic_origin_of_a_coronary_artery__zeppenfeld-2022-esc-guidelines-va-and-scd_n0055/e_0014 type PatientCondition
Rule_742	?a type ConditionOrFindingEntity => ?a type PatientCondition	their_individual_preferences__execut-1_n0038/e_0036 type ConditionOrFindingEntity => their_individual_preferences__execut-1_n0038/e_0036 type PatientCondition
Rule_742	?a type ConditionOrFindingEntity => ?a type PatientCondition	hypoperfusion__mcdonagh-2023-esc-guidelines_n0067/e_0015 type ConditionOrFindingEntity => hypoperfusion__mcdonagh-2023-esc-guidelines_n0067/e_0015 type PatientCondition
Rule_742	?a type ConditionOrFindingEntity => ?a type PatientCondition	syncope__zeppenfeld-2022-esc-guidelines-va-and-scd_n0077/e_0016 type ConditionOrFindingEntity => syncope__zeppenfeld-2022-esc-guidelines-va-and-scd_n0077/e_0016 type PatientCondition
Rule_742	?a type ConditionOrFindingEntity => ?a type PatientCondition	BrS__lenarczyk-2024-management-of-patients-with-an-electrical-storm-or-cluste_n0018/e_0002 type ConditionOrFindingEntity => BrS__lenarczyk-2024-management-of-patients-with-an-electrical-storm-or-cluste_n0018/e_0002 type PatientCondition
Rule_742	?a type ConditionOrFindingEntity => ?a type PatientCondition	SCA__al-khatib-2017-aha-acc-hrs-guideline-va-and-scd_n0033/e_0003 type ConditionOrFindingEntity => SCA__al-khatib-2017-aha-acc-hrs-guideline-va-and-scd_n0033/e_0003 type PatientCondition
Rule_742	?a type ConditionOrFindingEntity => ?a type PatientCondition	cardiac_sarcoidosis__zeppenfeld-2022-esc-guidelines-va-and-scd_n0020/e_0047 type ConditionOrFindingEntity => cardiac_sarcoidosis__zeppenfeld-2022-esc-guidelines-va-and-scd_n0020/e_0047 type PatientCondition
Rule_742	?a type ConditionOrFindingEntity => ?a type PatientCondition	Edema__sectio-4_n0004/e_0015 type ConditionOrFindingEntity => Edema__sectio-4_n0004/e_0015 type PatientCondition
Rule_742	?a type ConditionOrFindingEntity => ?a type PatientCondition	SCD__al-khatib-2017-aha-acc-hrs-guideline-va-and-scd_n0039/e_0019 type ConditionOrFindingEntity => SCD__al-khatib-2017-aha-acc-hrs-guideline-va-and-scd_n0039/e_0019 type PatientCondition
Rule_742	?a type ConditionOrFindingEntity => ?a type PatientCondition	VT__zeppenfeld-2022-esc-guidelines-va-and-scd_n0020/e_0081 type ConditionOrFindingEntity => VT__zeppenfeld-2022-esc-guidelines-va-and-scd_n0020/e_0081 type PatientCondition
Rule_742	?a type ConditionOrFindingEntity => ?a type PatientCondition	ARVC__zeppenfeld-2022-esc-guidelines-va-and-scd_n0018/e_0107 type ConditionOrFindingEntity => ARVC__zeppenfeld-2022-esc-guidelines-va-and-scd_n0018/e_0107 type PatientCondition
Rule_742	?a type ConditionOrFindingEntity => ?a type PatientCondition	hypoxia__execut-1_n0044/e_0002 type ConditionOrFindingEntity => hypoxia__execut-1_n0044/e_0002 type PatientCondition
Rule_742	?a type ConditionOrFindingEntity => ?a type PatientCondition	barriers_for_medication_taking__mcdonagh-2023-esc-guidelines_n0055/e_0009 type ConditionOrFindingEntity => barriers_for_medication_taking__mcdonagh-2023-esc-guidelines_n0055/e_0009 type PatientCondition
Rule_742	?a type ConditionOrFindingEntity => ?a type PatientCondition	severe_sinus_node_dysfunction__zeppenfeld-2022-esc-guidelines-va-and-scd_n0040/e_0076 type ConditionOrFindingEntity => severe_sinus_node_dysfunction__zeppenfeld-2022-esc-guidelines-va-and-scd_n0040/e_0076 type PatientCondition
Rule_742	?a type ConditionOrFindingEntity => ?a type PatientCondition	CMV,_HIV,_Borrelia,_Coxiella_burnetii_(Q-fever)_and_SARS-CoV-2__mcdonagh-2023-esc-guidelines_n0089/e_0020 type ConditionOrFindingEntity => CMV,_HIV,_Borrelia,_Coxiella_burnetii_(Q-fever)_and_SARS-CoV-2__mcdonagh-2023-esc-guidelines_n0089/e_0020 type PatientCondition
Rule_742	?a type ConditionOrFindingEntity => ?a type PatientCondition	history_of_alcohol_abuse__seb24c-1_n0002/e_0023 type ConditionOrFindingEntity => history_of_alcohol_abuse__seb24c-1_n0002/e_0023 type PatientCondition
Rule_742	?a type ConditionOrFindingEntity => ?a type PatientCondition	CAD__zeppenfeld-2022-esc-guidelines-va-and-scd_n0093/e_0042 type ConditionOrFindingEntity => CAD__zeppenfeld-2022-esc-guidelines-va-and-scd_n0093/e_0042 type PatientCondition
Rule_742	?a type ConditionOrFindingEntity => ?a type PatientCondition	AF__heidenreich-2022-aha-acc-hfsa-guidelines_n0065/e_0016 type ConditionOrFindingEntity => AF__heidenreich-2022-aha-acc-hfsa-guidelines_n0065/e_0016 type PatientCondition
Rule_742	?a type ConditionOrFindingEntity => ?a type PatientCondition	estimated_5-year_risk_of_SCD_of_%E2%89%A54_to_%3C6%25__zeppenfeld-2022-esc-guidelines-va-and-scd_n0063/e_0026 type ConditionOrFindingEntity => estimated_5-year_risk_of_SCD_of_%E2%89%A54_to_%3C6%25__zeppenfeld-2022-esc-guidelines-va-and-scd_n0063/e_0026 type PatientCondition
Rule_742	?a type ConditionOrFindingEntity => ?a type PatientCondition	anaemia__mcdonagh-2023-esc-guidelines_n0097/e_0058 type ConditionOrFindingEntity => anaemia__mcdonagh-2023-esc-guidelines_n0097/e_0058 type PatientCondition
Rule_742	?a type ConditionOrFindingEntity => ?a type PatientCondition	SMVT__zeppenfeld-2022-esc-guidelines-va-and-scd_n0067/e_0008 type ConditionOrFindingEntity => SMVT__zeppenfeld-2022-esc-guidelines-va-and-scd_n0067/e_0008 type PatientCondition
Rule_742	?a type ConditionOrFindingEntity => ?a type PatientCondition	ASCVD_and_DM_history__visseren-2021-esc-guidelines-cardiovascular-disease-prevention_n0034/e_0034 type ConditionOrFindingEntity => ASCVD_and_DM_history__visseren-2021-esc-guidelines-cardiovascular-disease-prevention_n0034/e_0034 type PatientCondition
Rule_742	?a type ConditionOrFindingEntity => ?a type PatientCondition	VF__lenarczyk-2024-management-of-patients-with-an-electrical-storm-or-cluste_n0017/e_0023 type ConditionOrFindingEntity => VF__lenarczyk-2024-management-of-patients-with-an-electrical-storm-or-cluste_n0017/e_0023 type PatientCondition
Rule_742	?a type ConditionOrFindingEntity => ?a type PatientCondition	asymptomatic_pause(s)_%3E6_s_due_to_sinus_arrest__glikson-2021-2021-esc-guidelines-on-cardiac-pacing-and-cardiac-resynchro_n0021/e_0004 type ConditionOrFindingEntity => asymptomatic_pause(s)_%3E6_s_due_to_sinus_arrest__glikson-2021-2021-esc-guidelines-on-cardiac-pacing-and-cardiac-resynchro_n0021/e_0004 type PatientCondition
Rule_742	?a type ConditionOrFindingEntity => ?a type PatientCondition	early_changes_to_the_structure_of_the_heart__cardiosmart-heartfailurebasics_n0002/e_0004 type ConditionOrFindingEntity => early_changes_to_the_structure_of_the_heart__cardiosmart-heartfailurebasics_n0002/e_0004 type PatientCondition
Rule_742	?a type ConditionOrFindingEntity => ?a type PatientCondition	SQTS__zeppenfeld-2022-esc-guidelines-va-and-scd_n0097/e_0001 type ConditionOrFindingEntity => SQTS__zeppenfeld-2022-esc-guidelines-va-and-scd_n0097/e_0001 type PatientCondition
Rule_742	?a type ConditionOrFindingEntity => ?a type PatientCondition	HF__mcdonagh-2023-esc-guidelines_n0096/e_0035 type ConditionOrFindingEntity => HF__mcdonagh-2023-esc-guidelines_n0096/e_0035 type PatientCondition
Rule_742	?a type ConditionOrFindingEntity => ?a type PatientCondition	HF__mcdonagh-2023-esc-guidelines_n0097/e_0057 type ConditionOrFindingEntity => HF__mcdonagh-2023-esc-guidelines_n0097/e_0057 type PatientCondition
Rule_742	?a type ConditionOrFindingEntity => ?a type PatientCondition	SCD__zeppenfeld-2022-esc-guidelines-va-and-scd_n0018/e_0060 type ConditionOrFindingEntity => SCD__zeppenfeld-2022-esc-guidelines-va-and-scd_n0018/e_0060 type PatientCondition
Rule_742	?a type ConditionOrFindingEntity => ?a type PatientCondition	their_individual_preferences__sectio-1_n0020/e_0028 type ConditionOrFindingEntity => their_individual_preferences__sectio-1_n0020/e_0028 type PatientCondition
Rule_742	?a type ConditionOrFindingEntity => ?a type PatientCondition	cardiothoracic_surgery_is_available__regitz-zagrosek-2018-2018-esc-guideline-for-the-management-of-cardiovasc_n0048/e_0034 type ConditionOrFindingEntity => cardiothoracic_surgery_is_available__regitz-zagrosek-2018-2018-esc-guideline-for-the-management-of-cardiovasc_n0048/e_0034 type PatientCondition
Rule_742	?a type ConditionOrFindingEntity => ?a type PatientCondition	evidence_of_myocardial_ischaemia__zeppenfeld-2022-esc-guidelines-va-and-scd_n0055/e_0022 type ConditionOrFindingEntity => evidence_of_myocardial_ischaemia__zeppenfeld-2022-esc-guidelines-va-and-scd_n0055/e_0022 type PatientCondition
Rule_742	?a type ConditionOrFindingEntity => ?a type PatientCondition	DCM/HNDCM__zeppenfeld-2022-esc-guidelines-va-and-scd_n0061/e_0049 type ConditionOrFindingEntity => DCM/HNDCM__zeppenfeld-2022-esc-guidelines-va-and-scd_n0061/e_0049 type PatientCondition
Rule_742	?a type ConditionOrFindingEntity => ?a type PatientCondition	pulmonary_or_systemic_congestion__mcdonagh-2023-esc-guidelines_n0058/e_0015 type ConditionOrFindingEntity => pulmonary_or_systemic_congestion__mcdonagh-2023-esc-guidelines_n0058/e_0015 type PatientCondition
Rule_742	?a type ConditionOrFindingEntity => ?a type PatientCondition	VT,_PVCs__lenarczyk-2024-management-of-patients-with-an-electrical-storm-or-cluste_n0020/e_0054 type ConditionOrFindingEntity => VT,_PVCs__lenarczyk-2024-management-of-patients-with-an-electrical-storm-or-cluste_n0020/e_0054 type PatientCondition
Rule_742	?a type ConditionOrFindingEntity => ?a type PatientCondition	other_causes_have_been_excluded__zeppenfeld-2022-esc-guidelines-va-and-scd_n0055/e_0018 type ConditionOrFindingEntity => other_causes_have_been_excluded__zeppenfeld-2022-esc-guidelines-va-and-scd_n0055/e_0018 type PatientCondition
Rule_742	?a type ConditionOrFindingEntity => ?a type PatientCondition	Severe_sinus_node_dysfunction__zeppenfeld-2022-esc-guidelines-va-and-scd_n0040/e_0019 type ConditionOrFindingEntity => Severe_sinus_node_dysfunction__zeppenfeld-2022-esc-guidelines-va-and-scd_n0040/e_0019 type PatientCondition
Rule_742	?a type ConditionOrFindingEntity => ?a type PatientCondition	established_ASCVD_and/or_severe_TOD__visseren-2021-esc-guidelines-cardiovascular-disease-prevention_n0052/e_0002 type ConditionOrFindingEntity => established_ASCVD_and/or_severe_TOD__visseren-2021-esc-guidelines-cardiovascular-disease-prevention_n0052/e_0002 type PatientCondition
Rule_742	?a type ConditionOrFindingEntity => ?a type PatientCondition	Chagas%5C'_cardiomyopathy__zeppenfeld-2022-esc-guidelines-va-and-scd_n0020/e_0055 type ConditionOrFindingEntity => Chagas%5C'_cardiomyopathy__zeppenfeld-2022-esc-guidelines-va-and-scd_n0020/e_0055 type PatientCondition
Rule_742	?a type ConditionOrFindingEntity => ?a type PatientCondition	heart_problem__cardiosmart-decision-aid-icd-for-hf_n0002/e_0053 type ConditionOrFindingEntity => heart_problem__cardiosmart-decision-aid-icd-for-hf_n0002/e_0053 type PatientCondition
Rule_742	?a type ConditionOrFindingEntity => ?a type PatientCondition	fatigue__riegel-2009-promoting-self-care-in-persons-with-heart-failure_n0002/e_0009 type ConditionOrFindingEntity => fatigue__riegel-2009-promoting-self-care-in-persons-with-heart-failure_n0002/e_0009 type PatientCondition
Rule_742	?a type ConditionOrFindingEntity => ?a type PatientCondition	BrS__zeppenfeld-2022-esc-guidelines-va-and-scd_n0081/e_0055 type ConditionOrFindingEntity => BrS__zeppenfeld-2022-esc-guidelines-va-and-scd_n0081/e_0055 type PatientCondition
Rule_742	?a type ConditionOrFindingEntity => ?a type PatientCondition	Evidence_of_severely_decompensated_HF,_including:__sectio-4_n0001/e_0002 type ConditionOrFindingEntity => Evidence_of_severely_decompensated_HF,_including:__sectio-4_n0001/e_0002 type PatientCondition
Rule_742	?a type ConditionOrFindingEntity => ?a type PatientCondition	rhythm_control_strategy_fails_or_is_not_desired__heidenreich-2022-aha-acc-hfsa-guidelines_n0101/e_0020 type ConditionOrFindingEntity => rhythm_control_strategy_fails_or_is_not_desired__heidenreich-2022-aha-acc-hfsa-guidelines_n0101/e_0020 type PatientCondition
Rule_742	?a type ConditionOrFindingEntity => ?a type PatientCondition	SMVT__zeppenfeld-2022-esc-guidelines-va-and-scd_n0019/e_0092 type ConditionOrFindingEntity => SMVT__zeppenfeld-2022-esc-guidelines-va-and-scd_n0019/e_0092 type PatientCondition
Rule_742	?a type ConditionOrFindingEntity => ?a type PatientCondition	LBBB_QRS_morphology__glikson-2021-2021-esc-guidelines-on-cardiac-pacing-and-cardiac-resynchro_n0051/e_0014 type ConditionOrFindingEntity => LBBB_QRS_morphology__glikson-2021-2021-esc-guidelines-on-cardiac-pacing-and-cardiac-resynchro_n0051/e_0014 type PatientCondition
Rule_742	?a type ConditionOrFindingEntity => ?a type PatientCondition	optimal_treatment__pelliccia-2020-2020-esc-guidelines-on-sports-cardiology-and-exercise-in_n0041/e_0012 type ConditionOrFindingEntity => optimal_treatment__pelliccia-2020-2020-esc-guidelines-on-sports-cardiology-and-exercise-in_n0041/e_0012 type PatientCondition
Rule_742	?a type ConditionOrFindingEntity => ?a type PatientCondition	decreased_use_of_healthcare_systems__visseren-2021-esc-guidelines-cardiovascular-disease-prevention_n0033/e_0019 type ConditionOrFindingEntity => decreased_use_of_healthcare_systems__visseren-2021-esc-guidelines-cardiovascular-disease-prevention_n0033/e_0019 type PatientCondition
Rule_742	?a type ConditionOrFindingEntity => ?a type PatientCondition	comorbid_conditions__riegel-2009-promoting-self-care-in-persons-with-heart-failure_n0004/e_0046 type ConditionOrFindingEntity => comorbid_conditions__riegel-2009-promoting-self-care-in-persons-with-heart-failure_n0004/e_0046 type PatientCondition
Rule_742	?a type ConditionOrFindingEntity => ?a type PatientCondition	viral_aetiology_is_suspected__mcdonagh-2023-esc-guidelines_n0084/e_0041 type ConditionOrFindingEntity => viral_aetiology_is_suspected__mcdonagh-2023-esc-guidelines_n0084/e_0041 type PatientCondition
Rule_742	?a type ConditionOrFindingEntity => ?a type PatientCondition	DCM_and_HNDC__mcdonagh-2023-esc-guidelines_n0084/e_0005 type ConditionOrFindingEntity => DCM_and_HNDC__mcdonagh-2023-esc-guidelines_n0084/e_0005 type PatientCondition
Rule_742	?a type ConditionOrFindingEntity => ?a type PatientCondition	HF__mcdonagh-2023-esc-guidelines_n0096/e_0093 type ConditionOrFindingEntity => HF__mcdonagh-2023-esc-guidelines_n0096/e_0093 type PatientCondition
Rule_742	?a type ConditionOrFindingEntity => ?a type PatientCondition	VF__zeppenfeld-2022-esc-guidelines-va-and-scd_n0075/e_0033 type ConditionOrFindingEntity => VF__zeppenfeld-2022-esc-guidelines-va-and-scd_n0075/e_0033 type PatientCondition
Rule_742	?a type ConditionOrFindingEntity => ?a type PatientCondition	bradyarrhythmias__glikson-2021-2021-esc-guidelines-on-cardiac-pacing-and-cardiac-resynchro_n0046/e_0013 type ConditionOrFindingEntity => bradyarrhythmias__glikson-2021-2021-esc-guidelines-on-cardiac-pacing-and-cardiac-resynchro_n0046/e_0013 type PatientCondition
Rule_742	?a type ConditionOrFindingEntity => ?a type PatientCondition	patient_preference_and_comorbidities,_eligibility_and_willingness_to_perform_revascularization__execut-1_n0047/e_0019 type ConditionOrFindingEntity => patient_preference_and_comorbidities,_eligibility_and_willingness_to_perform_revascularization__execut-1_n0047/e_0019 type PatientCondition
Rule_742	?a type ConditionOrFindingEntity => ?a type PatientCondition	normal_troponin_and_biomarkers_of_inflammation__pelliccia-2020-2020-esc-guidelines-on-sports-cardiology-and-exercise-in_n0060/e_0010 type ConditionOrFindingEntity => normal_troponin_and_biomarkers_of_inflammation__pelliccia-2020-2020-esc-guidelines-on-sports-cardiology-and-exercise-in_n0060/e_0010 type PatientCondition
Rule_742	?a type ConditionOrFindingEntity => ?a type PatientCondition	VT__zeppenfeld-2022-esc-guidelines-va-and-scd_n0092/e_0043 type ConditionOrFindingEntity => VT__zeppenfeld-2022-esc-guidelines-va-and-scd_n0092/e_0043 type PatientCondition
Rule_742	?a type ConditionOrFindingEntity => ?a type PatientCondition	severe_asthma__zeppenfeld-2022-esc-guidelines-va-and-scd_n0038/e_0074 type ConditionOrFindingEntity => severe_asthma__zeppenfeld-2022-esc-guidelines-va-and-scd_n0038/e_0074 type PatientCondition
Rule_742	?a type ConditionOrFindingEntity => ?a type PatientCondition	Ischemic_etiology__sectio-1_n0022/e_0035 type ConditionOrFindingEntity => Ischemic_etiology__sectio-1_n0022/e_0035 type PatientCondition
Rule_742	?a type ConditionOrFindingEntity => ?a type PatientCondition	su_verified_6ed52cdf724db04223b4d1c2e62f3c35f6b42bc19bc5e3198277d681d47e1eb9_table_5/e_0018 type ConditionOrFindingEntity => su_verified_6ed52cdf724db04223b4d1c2e62f3c35f6b42bc19bc5e3198277d681d47e1eb9_table_5/e_0018 type PatientCondition
Rule_742	?a type ConditionOrFindingEntity => ?a type PatientCondition	of_a_pacemaker__lenarczyk-2024-management-of-patients-with-an-electrical-storm-or-cluste_n0020/e_0104 type ConditionOrFindingEntity => of_a_pacemaker__lenarczyk-2024-management-of-patients-with-an-electrical-storm-or-cluste_n0020/e_0104 type PatientCondition
Rule_742	?a type ConditionOrFindingEntity => ?a type PatientCondition	VT/VF__al-khatib-2017-aha-acc-hrs-guideline-va-and-scd_n0033/e_0004 type ConditionOrFindingEntity => VT/VF__al-khatib-2017-aha-acc-hrs-guideline-va-and-scd_n0033/e_0004 type PatientCondition
Rule_742	?a type ConditionOrFindingEntity => ?a type PatientCondition	hypotension__mcdonagh-2023-esc-guidelines_n0067/e_0005 type ConditionOrFindingEntity => hypotension__mcdonagh-2023-esc-guidelines_n0067/e_0005 type PatientCondition
Rule_742	?a type ConditionOrFindingEntity => ?a type PatientCondition	NYHA_class_III_HF__heidenreich-2022-aha-acc-hfsa-guidelines_n0024/e_0002 type ConditionOrFindingEntity => NYHA_class_III_HF__heidenreich-2022-aha-acc-hfsa-guidelines_n0024/e_0002 type PatientCondition
Rule_742	?a type ConditionOrFindingEntity => ?a type PatientCondition	LV_systolic__pelliccia-2020-2020-esc-guidelines-on-sports-cardiology-and-exercise-in_n0057/e_0006 type ConditionOrFindingEntity => LV_systolic__pelliccia-2020-2020-esc-guidelines-on-sports-cardiology-and-exercise-in_n0057/e_0006 type PatientCondition
Rule_742	?a type ConditionOrFindingEntity => ?a type PatientCondition	HF__mcdonagh-2023-esc-guidelines_n0078/e_0028 type ConditionOrFindingEntity => HF__mcdonagh-2023-esc-guidelines_n0078/e_0028 type PatientCondition
Rule_742	?a type ConditionOrFindingEntity => ?a type PatientCondition	systemic_vasodilation__heidenreich-2022-aha-acc-hfsa-guidelines_n0108/e_0080 type ConditionOrFindingEntity => systemic_vasodilation__heidenreich-2022-aha-acc-hfsa-guidelines_n0108/e_0080 type PatientCondition
Rule_742	?a type ConditionOrFindingEntity => ?a type PatientCondition	pacemaker_dependency__glikson-2021-2021-esc-guidelines-on-cardiac-pacing-and-cardiac-resynchro_n0080/e_0013 type ConditionOrFindingEntity => pacemaker_dependency__glikson-2021-2021-esc-guidelines-on-cardiac-pacing-and-cardiac-resynchro_n0080/e_0013 type PatientCondition
Rule_742	?a type ConditionOrFindingEntity => ?a type PatientCondition	HF__mcdonagh-2023-esc-guidelines_n0095/e_0031 type ConditionOrFindingEntity => HF__mcdonagh-2023-esc-guidelines_n0095/e_0031 type PatientCondition
Rule_742	?a type ConditionOrFindingEntity => ?a type PatientCondition	electrical_storm__zeppenfeld-2022-esc-guidelines-va-and-scd_n0019/e_0221 type ConditionOrFindingEntity => electrical_storm__zeppenfeld-2022-esc-guidelines-va-and-scd_n0019/e_0221 type PatientCondition
Rule_742	?a type ConditionOrFindingEntity => ?a type PatientCondition	DCM/HNDCM__zeppenfeld-2022-esc-guidelines-va-and-scd_n0061/e_0034 type ConditionOrFindingEntity => DCM/HNDCM__zeppenfeld-2022-esc-guidelines-va-and-scd_n0061/e_0034 type PatientCondition
Rule_742	?a type ConditionOrFindingEntity => ?a type PatientCondition	cardiotoxicity__mcdonagh-2023-esc-guidelines_n0097/e_0080 type ConditionOrFindingEntity => cardiotoxicity__mcdonagh-2023-esc-guidelines_n0097/e_0080 type PatientCondition
Rule_742	?a type ConditionOrFindingEntity => ?a type PatientCondition	VF__zeppenfeld-2022-esc-guidelines-va-and-scd_n0054/e_0040 type ConditionOrFindingEntity => VF__zeppenfeld-2022-esc-guidelines-va-and-scd_n0054/e_0040 type PatientCondition
Rule_742	?a type ConditionOrFindingEntity => ?a type PatientCondition	symptoms__cardiosmart-decision-aid-icd-for-hf_n0002/e_0050 type ConditionOrFindingEntity => symptoms__cardiosmart-decision-aid-icd-for-hf_n0002/e_0050 type PatientCondition
Rule_742	?a type ConditionOrFindingEntity => ?a type PatientCondition	PVC,_VT,_VF__zeppenfeld-2022-esc-guidelines-va-and-scd_n0038/e_0003 type ConditionOrFindingEntity => PVC,_VT,_VF__zeppenfeld-2022-esc-guidelines-va-and-scd_n0038/e_0003 type PatientCondition
Rule_742	?a type ConditionOrFindingEntity => ?a type PatientCondition	central_sleep_apnea__heidenreich-2022-aha-acc-hfsa-guidelines_n0099/e_0026 type ConditionOrFindingEntity => central_sleep_apnea__heidenreich-2022-aha-acc-hfsa-guidelines_n0099/e_0026 type PatientCondition
Rule_742	?a type ConditionOrFindingEntity => ?a type PatientCondition	Pregnancy__regitz-zagrosek-2018-2018-esc-guideline-for-the-management-of-cardiovasc_n0048/e_0019 type ConditionOrFindingEntity => Pregnancy__regitz-zagrosek-2018-2018-esc-guideline-for-the-management-of-cardiovasc_n0048/e_0019 type PatientCondition
Rule_742	?a type ConditionOrFindingEntity => ?a type PatientCondition	severity_of_cardiac_impairment__mcdonagh-2023-esc-guidelines_n0059/e_0052 type ConditionOrFindingEntity => severity_of_cardiac_impairment__mcdonagh-2023-esc-guidelines_n0059/e_0052 type PatientCondition
Rule_742	?a type ConditionOrFindingEntity => ?a type PatientCondition	CAV__ambrosetti-2020-secondary-prevention-comprehensive-cardiovascular-rehabi_n0007/e_0058 type ConditionOrFindingEntity => CAV__ambrosetti-2020-secondary-prevention-comprehensive-cardiovascular-rehabi_n0007/e_0058 type PatientCondition
Rule_742	?a type ConditionOrFindingEntity => ?a type PatientCondition	known_defects_in_memory__riegel-2009-promoting-self-care-in-persons-with-heart-failure_n0004/e_0086 type ConditionOrFindingEntity => known_defects_in_memory__riegel-2009-promoting-self-care-in-persons-with-heart-failure_n0004/e_0086 type PatientCondition
Rule_742	?a type ConditionOrFindingEntity => ?a type PatientCondition	a_pathogenic_mutation__zeppenfeld-2022-esc-guidelines-va-and-scd_n0097/e_0004 type ConditionOrFindingEntity => a_pathogenic_mutation__zeppenfeld-2022-esc-guidelines-va-and-scd_n0097/e_0004 type PatientCondition
Rule_742	?a type ConditionOrFindingEntity => ?a type PatientCondition	Chagas%5C'_cardiomyopathy__zeppenfeld-2022-esc-guidelines-va-and-scd_n0022/e_0066 type ConditionOrFindingEntity => Chagas%5C'_cardiomyopathy__zeppenfeld-2022-esc-guidelines-va-and-scd_n0022/e_0066 type PatientCondition
Rule_742	?a type ConditionOrFindingEntity => ?a type PatientCondition	fluid_overload__mcdonagh-2023-esc-guidelines_n0070/e_0023 type ConditionOrFindingEntity => fluid_overload__mcdonagh-2023-esc-guidelines_n0070/e_0023 type PatientCondition
Rule_742	?a type ConditionOrFindingEntity => ?a type PatientCondition	SMVT__zeppenfeld-2022-esc-guidelines-va-and-scd_n0070/e_0015 type ConditionOrFindingEntity => SMVT__zeppenfeld-2022-esc-guidelines-va-and-scd_n0070/e_0015 type PatientCondition
Rule_742	?a type ConditionOrFindingEntity => ?a type PatientCondition	su_verified_6ed52cdf724db04223b4d1c2e62f3c35f6b42bc19bc5e3198277d681d47e1eb9_table_25/e_0012 type ConditionOrFindingEntity => su_verified_6ed52cdf724db04223b4d1c2e62f3c35f6b42bc19bc5e3198277d681d47e1eb9_table_25/e_0012 type PatientCondition
Rule_742	?a type ConditionOrFindingEntity => ?a type PatientCondition	HF__execut-1_n0046/e_0007 type ConditionOrFindingEntity => HF__execut-1_n0046/e_0007 type PatientCondition
Rule_742	?a type ConditionOrFindingEntity => ?a type PatientCondition	Malignant_arrhythmias__heidenreich-2022-aha-acc-hfsa-guidelines_n0075/e_0023 type ConditionOrFindingEntity => Malignant_arrhythmias__heidenreich-2022-aha-acc-hfsa-guidelines_n0075/e_0023 type PatientCondition
Rule_742	?a type ConditionOrFindingEntity => ?a type PatientCondition	changes_in_HF_symptoms__riegel-2009-promoting-self-care-in-persons-with-heart-failure_n0004/e_0027 type ConditionOrFindingEntity => changes_in_HF_symptoms__riegel-2009-promoting-self-care-in-persons-with-heart-failure_n0004/e_0027 type PatientCondition
Rule_742	?a type ConditionOrFindingEntity => ?a type PatientCondition	hypomagnesemia__al-khatib-2017-aha-acc-hrs-guideline-va-and-scd_n0071/e_0008 type ConditionOrFindingEntity => hypomagnesemia__al-khatib-2017-aha-acc-hrs-guideline-va-and-scd_n0071/e_0008 type PatientCondition
Rule_742	?a type ConditionOrFindingEntity => ?a type PatientCondition	structural_abnormalities__mcdonagh-2023-esc-guidelines_n0058/e_0013 type ConditionOrFindingEntity => structural_abnormalities__mcdonagh-2023-esc-guidelines_n0058/e_0013 type PatientCondition
Rule_742	?a type ConditionOrFindingEntity => ?a type PatientCondition	LQTS__zeppenfeld-2022-esc-guidelines-va-and-scd_n0019/e_0139 type ConditionOrFindingEntity => LQTS__zeppenfeld-2022-esc-guidelines-va-and-scd_n0019/e_0139 type PatientCondition
Rule_742	?a type ConditionOrFindingEntity => ?a type PatientCondition	ARVC__zeppenfeld-2022-esc-guidelines-va-and-scd_n0062/e_0010 type ConditionOrFindingEntity => ARVC__zeppenfeld-2022-esc-guidelines-va-and-scd_n0062/e_0010 type PatientCondition
Rule_742	?a type ConditionOrFindingEntity => ?a type PatientCondition	muscle_wasting__riegel-2009-promoting-self-care-in-persons-with-heart-failure_n0004/e_0045 type ConditionOrFindingEntity => muscle_wasting__riegel-2009-promoting-self-care-in-persons-with-heart-failure_n0004/e_0045 type PatientCondition
Rule_742	?a type ConditionOrFindingEntity => ?a type PatientCondition	See_beta-blocker__zeppenfeld-2022-esc-guidelines-va-and-scd_n0038/e_0114 type ConditionOrFindingEntity => See_beta-blocker__zeppenfeld-2022-esc-guidelines-va-and-scd_n0038/e_0114 type PatientCondition
Rule_742	?a type ConditionOrFindingEntity => ?a type PatientCondition	VF__zeppenfeld-2022-esc-guidelines-va-and-scd_n0022/e_0006 type ConditionOrFindingEntity => VF__zeppenfeld-2022-esc-guidelines-va-and-scd_n0022/e_0006 type PatientCondition
Rule_742	?a type ConditionOrFindingEntity => ?a type PatientCondition	abnormal_physical_examination__zeppenfeld-2022-esc-guidelines-va-and-scd_n0097/e_0027 type ConditionOrFindingEntity => abnormal_physical_examination__zeppenfeld-2022-esc-guidelines-va-and-scd_n0097/e_0027 type PatientCondition
Rule_742	?a type ConditionOrFindingEntity => ?a type PatientCondition	drug-induced_cardiomyopathy__heidenreich-2022-aha-acc-hfsa-guidelines_n0104/e_0022 type ConditionOrFindingEntity => drug-induced_cardiomyopathy__heidenreich-2022-aha-acc-hfsa-guidelines_n0104/e_0022 type PatientCondition
Rule_742	?a type ConditionOrFindingEntity => ?a type PatientCondition	SND__glikson-2021-2021-esc-guidelines-on-cardiac-pacing-and-cardiac-resynchro_n0046/e_0038 type ConditionOrFindingEntity => SND__glikson-2021-2021-esc-guidelines-on-cardiac-pacing-and-cardiac-resynchro_n0046/e_0038 type PatientCondition
Rule_742	?a type ConditionOrFindingEntity => ?a type PatientCondition	VT,_PVC,_ARVC,_LQTS__al-khatib-2017-aha-acc-hrs-guideline-va-and-scd_n0026/e_0055 type ConditionOrFindingEntity => VT,_PVC,_ARVC,_LQTS__al-khatib-2017-aha-acc-hrs-guideline-va-and-scd_n0026/e_0055 type PatientCondition
Rule_742	?a type ConditionOrFindingEntity => ?a type PatientCondition	VAs__zeppenfeld-2022-esc-guidelines-va-and-scd_n0067/e_0027 type ConditionOrFindingEntity => VAs__zeppenfeld-2022-esc-guidelines-va-and-scd_n0067/e_0027 type PatientCondition
Rule_742	?a type ConditionOrFindingEntity => ?a type PatientCondition	multivessel_disease__mcdonagh-2023-esc-guidelines_n0021/e_0033 type ConditionOrFindingEntity => multivessel_disease__mcdonagh-2023-esc-guidelines_n0021/e_0033 type PatientCondition
Rule_742	?a type ConditionOrFindingEntity => ?a type PatientCondition	PVCs__zeppenfeld-2022-esc-guidelines-va-and-scd_n0059/e_0009 type ConditionOrFindingEntity => PVCs__zeppenfeld-2022-esc-guidelines-va-and-scd_n0059/e_0009 type PatientCondition
Rule_742	?a type ConditionOrFindingEntity => ?a type PatientCondition	SMVT__zeppenfeld-2022-esc-guidelines-va-and-scd_n0036/e_0020 type ConditionOrFindingEntity => SMVT__zeppenfeld-2022-esc-guidelines-va-and-scd_n0036/e_0020 type PatientCondition
Rule_742	?a type ConditionOrFindingEntity => ?a type PatientCondition	symptomatic_pre-automaticity_pauses__glikson-2021-2021-esc-guidelines-on-cardiac-pacing-and-cardiac-resynchro_n0046/e_0024 type ConditionOrFindingEntity => symptomatic_pre-automaticity_pauses__glikson-2021-2021-esc-guidelines-on-cardiac-pacing-and-cardiac-resynchro_n0046/e_0024 type PatientCondition
Rule_742	?a type ConditionOrFindingEntity => ?a type PatientCondition	good_compliance__mcdonagh-2023-esc-guidelines_n0020/e_0065 type ConditionOrFindingEntity => good_compliance__mcdonagh-2023-esc-guidelines_n0020/e_0065 type PatientCondition
Rule_742	?a type ConditionOrFindingEntity => ?a type PatientCondition	myocardial_ischemia__heidenreich-2022-aha-acc-hfsa-guidelines_n0021/e_0034 type ConditionOrFindingEntity => myocardial_ischemia__heidenreich-2022-aha-acc-hfsa-guidelines_n0021/e_0034 type PatientCondition
Rule_742	?a type ConditionOrFindingEntity => ?a type PatientCondition	HIV,_CMV,_HHV6__mcdonagh-2023-esc-guidelines_n0089/e_0033 type ConditionOrFindingEntity => HIV,_CMV,_HHV6__mcdonagh-2023-esc-guidelines_n0089/e_0033 type PatientCondition
Rule_742	?a type ConditionOrFindingEntity => ?a type PatientCondition	new_LBBB__glikson-2021-2021-esc-guidelines-on-cardiac-pacing-and-cardiac-resynchro_n0063/e_0018 type ConditionOrFindingEntity => new_LBBB__glikson-2021-2021-esc-guidelines-on-cardiac-pacing-and-cardiac-resynchro_n0063/e_0018 type PatientCondition
Rule_742	?a type ConditionOrFindingEntity => ?a type PatientCondition	active_inflammation_is_present__pelliccia-2020-2020-esc-guidelines-on-sports-cardiology-and-exercise-in_n0061/e_0007 type ConditionOrFindingEntity => active_inflammation_is_present__pelliccia-2020-2020-esc-guidelines-on-sports-cardiology-and-exercise-in_n0061/e_0007 type PatientCondition
Rule_742	?a type ConditionOrFindingEntity => ?a type PatientCondition	VT,_PVC__al-khatib-2017-aha-acc-hrs-guideline-va-and-scd_n0026/e_0070 type ConditionOrFindingEntity => VT,_PVC__al-khatib-2017-aha-acc-hrs-guideline-va-and-scd_n0026/e_0070 type PatientCondition
Rule_742	?a type ConditionOrFindingEntity => ?a type PatientCondition	conducted_AF__glikson-2021-2021-esc-guidelines-on-cardiac-pacing-and-cardiac-resynchro_n0052/e_0015 type ConditionOrFindingEntity => conducted_AF__glikson-2021-2021-esc-guidelines-on-cardiac-pacing-and-cardiac-resynchro_n0052/e_0015 type PatientCondition
Rule_742	?a type ConditionOrFindingEntity => ?a type PatientCondition	worsening_of_HF_symptoms__mcdonagh-2023-esc-guidelines_n0024/e_0027 type ConditionOrFindingEntity => worsening_of_HF_symptoms__mcdonagh-2023-esc-guidelines_n0024/e_0027 type PatientCondition
Rule_742	?a type ConditionOrFindingEntity => ?a type PatientCondition	signs_of_worsening_HF__riegel-2009-promoting-self-care-in-persons-with-heart-failure_n0004/e_0059 type ConditionOrFindingEntity => signs_of_worsening_HF__riegel-2009-promoting-self-care-in-persons-with-heart-failure_n0004/e_0059 type PatientCondition
Rule_742	?a type ConditionOrFindingEntity => ?a type PatientCondition	su_verified_6ed52cdf724db04223b4d1c2e62f3c35f6b42bc19bc5e3198277d681d47e1eb9_table_7/e_0044 type ConditionOrFindingEntity => su_verified_6ed52cdf724db04223b4d1c2e62f3c35f6b42bc19bc5e3198277d681d47e1eb9_table_7/e_0044 type PatientCondition
Rule_742	?a type ConditionOrFindingEntity => ?a type PatientCondition	su_verified_e5f20076152902f9b102f37b1a83cdc79baea0d42000f6c76a83acfae0e39670_table_2/e_0004 type ConditionOrFindingEntity => su_verified_e5f20076152902f9b102f37b1a83cdc79baea0d42000f6c76a83acfae0e39670_table_2/e_0004 type PatientCondition
Rule_742	?a type ConditionOrFindingEntity => ?a type PatientCondition	CPVT__zeppenfeld-2022-esc-guidelines-va-and-scd_n0021/e_0022 type ConditionOrFindingEntity => CPVT__zeppenfeld-2022-esc-guidelines-va-and-scd_n0021/e_0022 type PatientCondition
Rule_742	?a type ConditionOrFindingEntity => ?a type PatientCondition	CAD__execut-1_n0048/e_0080 type ConditionOrFindingEntity => CAD__execut-1_n0048/e_0080 type PatientCondition
Rule_742	?a type ConditionOrFindingEntity => ?a type PatientCondition	ARVC__zeppenfeld-2022-esc-guidelines-va-and-scd_n0094/e_0036 type ConditionOrFindingEntity => ARVC__zeppenfeld-2022-esc-guidelines-va-and-scd_n0094/e_0036 type PatientCondition
Rule_742	?a type ConditionOrFindingEntity => ?a type PatientCondition	persistent_or_worsening_symptoms,_signs,_diagnostic_parameters__heidenreich-2022-aha-acc-hfsa-guidelines_n0022/e_0006 type ConditionOrFindingEntity => persistent_or_worsening_symptoms,_signs,_diagnostic_parameters__heidenreich-2022-aha-acc-hfsa-guidelines_n0022/e_0006 type PatientCondition
Rule_742	?a type ConditionOrFindingEntity => ?a type PatientCondition	AHF__mcdonagh-2023-esc-guidelines_n0070/e_0021 type ConditionOrFindingEntity => AHF__mcdonagh-2023-esc-guidelines_n0070/e_0021 type PatientCondition
Rule_742	?a type ConditionOrFindingEntity => ?a type PatientCondition	Previously_undiagnosed_HF_with_signs_and_symptoms_of_systemic_or_pulmonary_congestion__execut-1_n0020/e_0021 type ConditionOrFindingEntity => Previously_undiagnosed_HF_with_signs_and_symptoms_of_systemic_or_pulmonary_congestion__execut-1_n0020/e_0021 type PatientCondition
Rule_742	?a type ConditionOrFindingEntity => ?a type PatientCondition	NYHA_class_III/IV,_systemic_ventricular_dysfunction_(EF_%3C40%25),_or_severe_TR__regitz-zagrosek-2018-2018-esc-guideline-for-the-management-of-cardiovasc_n0018/e_0002 type ConditionOrFindingEntity => NYHA_class_III/IV,_systemic_ventricular_dysfunction_(EF_%3C40%25),_or_severe_TR__regitz-zagrosek-2018-2018-esc-guideline-for-the-management-of-cardiovasc_n0018/e_0002 type PatientCondition
Rule_742	?a type ConditionOrFindingEntity => ?a type PatientCondition	pulmonary_or_systemic_congestion__execut-1_n0020/e_0013 type ConditionOrFindingEntity => pulmonary_or_systemic_congestion__execut-1_n0020/e_0013 type PatientCondition
Rule_742	?a type ConditionOrFindingEntity => ?a type PatientCondition	VT,_PVC,_LQTS,_CPVT__al-khatib-2017-aha-acc-hrs-guideline-va-and-scd_n0026/e_0209 type ConditionOrFindingEntity => VT,_PVC,_LQTS,_CPVT__al-khatib-2017-aha-acc-hrs-guideline-va-and-scd_n0026/e_0209 type PatientCondition
Rule_742	?a type ConditionOrFindingEntity => ?a type PatientCondition	PVCs__zeppenfeld-2022-esc-guidelines-va-and-scd_n0057/e_0041 type ConditionOrFindingEntity => PVCs__zeppenfeld-2022-esc-guidelines-va-and-scd_n0057/e_0041 type PatientCondition
Rule_742	?a type ConditionOrFindingEntity => ?a type PatientCondition	family_history_of_premature_CVD,_FH,_CVD_risk_factors_such_as_smoking,_arterial_hypertension,_DM,_raised_lipid_level,_obesity,_or_comorbidities_increasing_CVD_risk__visseren-2021-esc-guidelines-cardiovascular-disease-prevention_n0011/e_0003 type ConditionOrFindingEntity => family_history_of_premature_CVD,_FH,_CVD_risk_factors_such_as_smoking,_arterial_hypertension,_DM,_raised_lipid_level,_obesity,_or_comorbidities_increasing_CVD_risk__visseren-2021-esc-guidelines-cardiovascular-disease-prevention_n0011/e_0003 type PatientCondition
Rule_742	?a type ConditionOrFindingEntity => ?a type PatientCondition	BrS__zeppenfeld-2022-esc-guidelines-va-and-scd_n0019/e_0178 type ConditionOrFindingEntity => BrS__zeppenfeld-2022-esc-guidelines-va-and-scd_n0019/e_0178 type PatientCondition
Rule_742	?a type ConditionOrFindingEntity => ?a type PatientCondition	inducible_ischemia__execut-1_n0048/e_0001 type ConditionOrFindingEntity => inducible_ischemia__execut-1_n0048/e_0001 type PatientCondition
Rule_742	?a type ConditionOrFindingEntity => ?a type PatientCondition	su_verified_6ed52cdf724db04223b4d1c2e62f3c35f6b42bc19bc5e3198277d681d47e1eb9_table_6/e_0028 type ConditionOrFindingEntity => su_verified_6ed52cdf724db04223b4d1c2e62f3c35f6b42bc19bc5e3198277d681d47e1eb9_table_6/e_0028 type PatientCondition
Rule_742	?a type ConditionOrFindingEntity => ?a type PatientCondition	suspected_ongoing_ischaemia__lenarczyk-2024-management-of-patients-with-an-electrical-storm-or-cluste_n0010/e_0042 type ConditionOrFindingEntity => suspected_ongoing_ischaemia__lenarczyk-2024-management-of-patients-with-an-electrical-storm-or-cluste_n0010/e_0042 type PatientCondition
Rule_742	?a type ConditionOrFindingEntity => ?a type PatientCondition	%E2%89%A52_risk_factors_(syncope,_LGE_on_CMR,_inducible_SMVT_at_PES,_pathogenic_mutations_in_LMNA,_d_PLN,_FLNC,_and_RBM20_genes)__zeppenfeld-2022-esc-guidelines-va-and-scd_n0060/e_0035 type ConditionOrFindingEntity => %E2%89%A52_risk_factors_(syncope,_LGE_on_CMR,_inducible_SMVT_at_PES,_pathogenic_mutations_in_LMNA,_d_PLN,_FLNC,_and_RBM20_genes)__zeppenfeld-2022-esc-guidelines-va-and-scd_n0060/e_0035 type PatientCondition
Rule_742	?a type ConditionOrFindingEntity => ?a type PatientCondition	low-amplitude_R-waves__braunschweig-2010-management-of-patients-receiving-implantable-cardiac-d_n0007/e_0005 type ConditionOrFindingEntity => low-amplitude_R-waves__braunschweig-2010-management-of-patients-receiving-implantable-cardiac-d_n0007/e_0005 type PatientCondition
Rule_742	?a type ConditionOrFindingEntity => ?a type PatientCondition	sinus_rhythm__heidenreich-2022-aha-acc-hfsa-guidelines_n0063/e_0047 type ConditionOrFindingEntity => sinus_rhythm__heidenreich-2022-aha-acc-hfsa-guidelines_n0063/e_0047 type PatientCondition
Rule_742	?a type ConditionOrFindingEntity => ?a type PatientCondition	In_the_absence_of_a_clear_identifiable_noncardiac_cause__sectio-1_n0022/e_0026 type ConditionOrFindingEntity => In_the_absence_of_a_clear_identifiable_noncardiac_cause__sectio-1_n0022/e_0026 type PatientCondition
Rule_742	?a type ConditionOrFindingEntity => ?a type PatientCondition	CAD__zeppenfeld-2022-esc-guidelines-va-and-scd_n0017/e_0041 type ConditionOrFindingEntity => CAD__zeppenfeld-2022-esc-guidelines-va-and-scd_n0017/e_0041 type PatientCondition
Rule_742	?a type ConditionOrFindingEntity => ?a type PatientCondition	VA__al-khatib-2017-aha-acc-hrs-guideline-va-and-scd_n0081/e_0002 type ConditionOrFindingEntity => VA__al-khatib-2017-aha-acc-hrs-guideline-va-and-scd_n0081/e_0002 type PatientCondition
Rule_742	?a type ConditionOrFindingEntity => ?a type PatientCondition	VF__al-khatib-2017-aha-acc-hrs-guideline-va-and-scd_n0074/e_0004 type ConditionOrFindingEntity => VF__al-khatib-2017-aha-acc-hrs-guideline-va-and-scd_n0074/e_0004 type PatientCondition
Rule_742	?a type ConditionOrFindingEntity => ?a type PatientCondition	clinical_phenotype_of_cardiac_conduction_disease__glikson-2021-2021-esc-guidelines-on-cardiac-pacing-and-cardiac-resynchro_n0038/e_0008 type ConditionOrFindingEntity => clinical_phenotype_of_cardiac_conduction_disease__glikson-2021-2021-esc-guidelines-on-cardiac-pacing-and-cardiac-resynchro_n0038/e_0008 type PatientCondition
Rule_742	?a type ConditionOrFindingEntity => ?a type PatientCondition	SMVT__zeppenfeld-2022-esc-guidelines-va-and-scd_n0018/e_0014 type ConditionOrFindingEntity => SMVT__zeppenfeld-2022-esc-guidelines-va-and-scd_n0018/e_0014 type PatientCondition
Rule_742	?a type ConditionOrFindingEntity => ?a type PatientCondition	history_of_alcohol_abuse__seb24c-1_n0001/e_0023 type ConditionOrFindingEntity => history_of_alcohol_abuse__seb24c-1_n0001/e_0023 type PatientCondition
Rule_742	?a type ConditionOrFindingEntity => ?a type PatientCondition	T,_VF,_(including_short_QT_syndrome,_Brugada)__al-khatib-2017-aha-acc-hrs-guideline-va-and-scd_n0026/e_0297 type ConditionOrFindingEntity => T,_VF,_(including_short_QT_syndrome,_Brugada)__al-khatib-2017-aha-acc-hrs-guideline-va-and-scd_n0026/e_0297 type PatientCondition
Rule_742	?a type ConditionOrFindingEntity => ?a type PatientCondition	su_verified_6ed52cdf724db04223b4d1c2e62f3c35f6b42bc19bc5e3198277d681d47e1eb9_table_25/e_0013 type ConditionOrFindingEntity => su_verified_6ed52cdf724db04223b4d1c2e62f3c35f6b42bc19bc5e3198277d681d47e1eb9_table_25/e_0013 type PatientCondition
Rule_742	?a type ConditionOrFindingEntity => ?a type PatientCondition	su_verified_e5f20076152902f9b102f37b1a83cdc79baea0d42000f6c76a83acfae0e39670_table_2/e_0005 type ConditionOrFindingEntity => su_verified_e5f20076152902f9b102f37b1a83cdc79baea0d42000f6c76a83acfae0e39670_table_2/e_0005 type PatientCondition
Rule_742	?a type ConditionOrFindingEntity => ?a type PatientCondition	constrictive_pericarditis__mcdonagh-2023-esc-guidelines_n0020/e_0004 type ConditionOrFindingEntity => constrictive_pericarditis__mcdonagh-2023-esc-guidelines_n0020/e_0004 type PatientCondition
Rule_742	?a type ConditionOrFindingEntity => ?a type PatientCondition	chronic_severe_secondary_MR__heidenreich-2022-aha-acc-hfsa-guidelines_n0068/e_0008 type ConditionOrFindingEntity => chronic_severe_secondary_MR__heidenreich-2022-aha-acc-hfsa-guidelines_n0068/e_0008 type PatientCondition
Rule_742	?a type ConditionOrFindingEntity => ?a type PatientCondition	In_the_absence_of_a_clear_identifiable_noncardiac_cause__execut-1_n0040/e_0026 type ConditionOrFindingEntity => In_the_absence_of_a_clear_identifiable_noncardiac_cause__execut-1_n0040/e_0026 type PatientCondition
Rule_742	?a type ConditionOrFindingEntity => ?a type PatientCondition	especially_when_the_diagnosis_is_not_certain__sectio-1_n0006/e_0030 type ConditionOrFindingEntity => especially_when_the_diagnosis_is_not_certain__sectio-1_n0006/e_0030 type PatientCondition
Rule_742	?a type ConditionOrFindingEntity => ?a type PatientCondition	obesity__mcdonagh-2023-esc-guidelines_n0052/e_0018 type ConditionOrFindingEntity => obesity__mcdonagh-2023-esc-guidelines_n0052/e_0018 type PatientCondition
Rule_742	?a type ConditionOrFindingEntity => ?a type PatientCondition	PVC__zeppenfeld-2022-esc-guidelines-va-and-scd_n0057/e_0065 type ConditionOrFindingEntity => PVC__zeppenfeld-2022-esc-guidelines-va-and-scd_n0057/e_0065 type PatientCondition
Rule_742	?a type ConditionOrFindingEntity => ?a type PatientCondition	hereditary_variant__heidenreich-2022-aha-acc-hfsa-guidelines_n0072/e_0017 type ConditionOrFindingEntity => hereditary_variant__heidenreich-2022-aha-acc-hfsa-guidelines_n0072/e_0017 type PatientCondition
Rule_742	?a type ConditionOrFindingEntity => ?a type PatientCondition	SQTS__zeppenfeld-2022-esc-guidelines-va-and-scd_n0021/e_0026 type ConditionOrFindingEntity => SQTS__zeppenfeld-2022-esc-guidelines-va-and-scd_n0021/e_0026 type PatientCondition
Rule_742	?a type ConditionOrFindingEntity => ?a type PatientCondition	PVC__zeppenfeld-2022-esc-guidelines-va-and-scd_n0056/e_0010 type ConditionOrFindingEntity => PVC__zeppenfeld-2022-esc-guidelines-va-and-scd_n0056/e_0010 type PatientCondition
Rule_742	?a type ConditionOrFindingEntity => ?a type PatientCondition	aborted_CA__zeppenfeld-2022-esc-guidelines-va-and-scd_n0095/e_0014 type ConditionOrFindingEntity => aborted_CA__zeppenfeld-2022-esc-guidelines-va-and-scd_n0095/e_0014 type PatientCondition
Rule_742	?a type ConditionOrFindingEntity => ?a type PatientCondition	meaningful_survival_of_greater_than_1_year__al-khatib-2017-aha-acc-hrs-guideline-va-and-scd_n0035/e_0009 type ConditionOrFindingEntity => meaningful_survival_of_greater_than_1_year__al-khatib-2017-aha-acc-hrs-guideline-va-and-scd_n0035/e_0009 type PatientCondition
Rule_742	?a type ConditionOrFindingEntity => ?a type PatientCondition	SMVT__zeppenfeld-2022-esc-guidelines-va-and-scd_n0074/e_0012 type ConditionOrFindingEntity => SMVT__zeppenfeld-2022-esc-guidelines-va-and-scd_n0074/e_0012 type PatientCondition
Rule_742	?a type ConditionOrFindingEntity => ?a type PatientCondition	VF__zeppenfeld-2022-esc-guidelines-va-and-scd_n0082/e_0036 type ConditionOrFindingEntity => VF__zeppenfeld-2022-esc-guidelines-va-and-scd_n0082/e_0036 type PatientCondition
Rule_742	?a type ConditionOrFindingEntity => ?a type PatientCondition	PVCs__zeppenfeld-2022-esc-guidelines-va-and-scd_n0093/e_0090 type ConditionOrFindingEntity => PVCs__zeppenfeld-2022-esc-guidelines-va-and-scd_n0093/e_0090 type PatientCondition
Rule_742	?a type ConditionOrFindingEntity => ?a type PatientCondition	AF__heidenreich-2022-aha-acc-hfsa-guidelines_n0051/e_0021 type ConditionOrFindingEntity => AF__heidenreich-2022-aha-acc-hfsa-guidelines_n0051/e_0021 type PatientCondition
Rule_742	?a type ConditionOrFindingEntity => ?a type PatientCondition	SCD__al-khatib-2017-aha-acc-hrs-guideline-va-and-scd_n0079/e_0002 type ConditionOrFindingEntity => SCD__al-khatib-2017-aha-acc-hrs-guideline-va-and-scd_n0079/e_0002 type PatientCondition
Rule_742	?a type ConditionOrFindingEntity => ?a type PatientCondition	medication-refractory_HF__al-khatib-2017-aha-acc-hrs-guideline-va-and-scd_n0035/e_0045 type ConditionOrFindingEntity => medication-refractory_HF__al-khatib-2017-aha-acc-hrs-guideline-va-and-scd_n0035/e_0045 type PatientCondition
Rule_742	?a type ConditionOrFindingEntity => ?a type PatientCondition	nutritional_risk__vest-2019-nutrition-obesity-and-cachexia-in-patients-with-heart-failure_n0006/e_0001 type ConditionOrFindingEntity => nutritional_risk__vest-2019-nutrition-obesity-and-cachexia-in-patients-with-heart-failure_n0006/e_0001 type PatientCondition
Rule_742	?a type ConditionOrFindingEntity => ?a type PatientCondition	insufficient_calorie/protein_intake__vest-2019-nutrition-obesity-and-cachexia-in-patients-with-heart-failure_n0002/e_0043 type ConditionOrFindingEntity => insufficient_calorie/protein_intake__vest-2019-nutrition-obesity-and-cachexia-in-patients-with-heart-failure_n0002/e_0043 type PatientCondition
Rule_742	?a type ConditionOrFindingEntity => ?a type PatientCondition	ECG_abnormalities_or_signs/symptoms_of_LV_dysfunction__visseren-2021-esc-guidelines-cardiovascular-disease-prevention_n0056/e_0010 type ConditionOrFindingEntity => ECG_abnormalities_or_signs/symptoms_of_LV_dysfunction__visseren-2021-esc-guidelines-cardiovascular-disease-prevention_n0056/e_0010 type PatientCondition
Rule_742	?a type ConditionOrFindingEntity => ?a type PatientCondition	BrS__zeppenfeld-2022-esc-guidelines-va-and-scd_n0022/e_0096 type ConditionOrFindingEntity => BrS__zeppenfeld-2022-esc-guidelines-va-and-scd_n0022/e_0096 type PatientCondition
Rule_742	?a type ConditionOrFindingEntity => ?a type PatientCondition	SMVT__zeppenfeld-2022-esc-guidelines-va-and-scd_n0062/e_0053 type ConditionOrFindingEntity => SMVT__zeppenfeld-2022-esc-guidelines-va-and-scd_n0062/e_0053 type PatientCondition
Rule_742	?a type ConditionOrFindingEntity => ?a type PatientCondition	type_2_diabetes__heidenreich-2022-aha-acc-hfsa-guidelines_n0048/e_0005 type ConditionOrFindingEntity => type_2_diabetes__heidenreich-2022-aha-acc-hfsa-guidelines_n0048/e_0005 type PatientCondition
Rule_742	?a type ConditionOrFindingEntity => ?a type PatientCondition	VT__zeppenfeld-2022-esc-guidelines-va-and-scd_n0092/e_0073 type ConditionOrFindingEntity => VT__zeppenfeld-2022-esc-guidelines-va-and-scd_n0092/e_0073 type PatientCondition
Rule_742	?a type ConditionOrFindingEntity => ?a type PatientCondition	PVCs__zeppenfeld-2022-esc-guidelines-va-and-scd_n0057/e_0014 type ConditionOrFindingEntity => PVCs__zeppenfeld-2022-esc-guidelines-va-and-scd_n0057/e_0014 type PatientCondition
Rule_742	?a type ConditionOrFindingEntity => ?a type PatientCondition	suspected_infiltrative_disease__mcdonagh-2023-esc-guidelines_n0031/e_0006 type ConditionOrFindingEntity => suspected_infiltrative_disease__mcdonagh-2023-esc-guidelines_n0031/e_0006 type PatientCondition
Rule_742	?a type ConditionOrFindingEntity => ?a type PatientCondition	chronotropic_incompetence__glikson-2021-2021-esc-guidelines-on-cardiac-pacing-and-cardiac-resynchro_n0046/e_0017 type ConditionOrFindingEntity => chronotropic_incompetence__glikson-2021-2021-esc-guidelines-on-cardiac-pacing-and-cardiac-resynchro_n0046/e_0017 type PatientCondition
Rule_742	?a type ConditionOrFindingEntity => ?a type PatientCondition	asymptomatic_reduction_of_blood_pressure__heidenreich-2022-aha-acc-hfsa-guidelines_n0087/e_0007 type ConditionOrFindingEntity => asymptomatic_reduction_of_blood_pressure__heidenreich-2022-aha-acc-hfsa-guidelines_n0087/e_0007 type PatientCondition
Rule_742	?a type ConditionOrFindingEntity => ?a type PatientCondition	hypoxaemia__mcdonagh-2023-esc-guidelines_n0070/e_0007 type ConditionOrFindingEntity => hypoxaemia__mcdonagh-2023-esc-guidelines_n0070/e_0007 type PatientCondition
Rule_742	?a type ConditionOrFindingEntity => ?a type PatientCondition	SR__mcdonagh-2023-esc-guidelines_n0035/e_0035 type ConditionOrFindingEntity => SR__mcdonagh-2023-esc-guidelines_n0035/e_0035 type PatientCondition
Rule_742	?a type ConditionOrFindingEntity => ?a type PatientCondition	Hypertension__sedf99-1_n0001/e_0010 type ConditionOrFindingEntity => Hypertension__sedf99-1_n0001/e_0010 type PatientCondition
Rule_742	?a type ConditionOrFindingEntity => ?a type PatientCondition	T,_VF,_PVC,_has_a_role_in_patients_with_LQTS__al-khatib-2017-aha-acc-hrs-guideline-va-and-scd_n0026/e_0195 type ConditionOrFindingEntity => T,_VF,_PVC,_has_a_role_in_patients_with_LQTS__al-khatib-2017-aha-acc-hrs-guideline-va-and-scd_n0026/e_0195 type PatientCondition
Rule_742	?a type ConditionOrFindingEntity => ?a type PatientCondition	the_diagnosis_of_HF__execut-1_n0026/e_0038 type ConditionOrFindingEntity => the_diagnosis_of_HF__execut-1_n0026/e_0038 type PatientCondition
Rule_742	?a type ConditionOrFindingEntity => ?a type PatientCondition	VA__zeppenfeld-2022-esc-guidelines-va-and-scd_n0020/e_0049 type ConditionOrFindingEntity => VA__zeppenfeld-2022-esc-guidelines-va-and-scd_n0020/e_0049 type PatientCondition
Rule_742	?a type ConditionOrFindingEntity => ?a type PatientCondition	very_strict_indications__regitz-zagrosek-2018-2018-esc-guideline-for-the-management-of-cardiovasc_n0017/e_0004 type ConditionOrFindingEntity => very_strict_indications__regitz-zagrosek-2018-2018-esc-guideline-for-the-management-of-cardiovasc_n0017/e_0004 type PatientCondition
Rule_742	?a type ConditionOrFindingEntity => ?a type PatientCondition	SMVT__zeppenfeld-2022-esc-guidelines-va-and-scd_n0020/e_0058 type ConditionOrFindingEntity => SMVT__zeppenfeld-2022-esc-guidelines-va-and-scd_n0020/e_0058 type PatientCondition
Rule_742	?a type ConditionOrFindingEntity => ?a type PatientCondition	Increase_the_risk_of_myopathy_when_used_with_statins__zeppenfeld-2022-esc-guidelines-va-and-scd_n0040/e_0081 type ConditionOrFindingEntity => Increase_the_risk_of_myopathy_when_used_with_statins__zeppenfeld-2022-esc-guidelines-va-and-scd_n0040/e_0081 type PatientCondition
Rule_742	?a type ConditionOrFindingEntity => ?a type PatientCondition	further_conduction_disturbance__glikson-2021-2021-esc-guidelines-on-cardiac-pacing-and-cardiac-resynchro_n0063/e_0013 type ConditionOrFindingEntity => further_conduction_disturbance__glikson-2021-2021-esc-guidelines-on-cardiac-pacing-and-cardiac-resynchro_n0063/e_0013 type PatientCondition
Rule_742	?a type ConditionOrFindingEntity => ?a type PatientCondition	SMVT__zeppenfeld-2022-esc-guidelines-va-and-scd_n0018/e_0098 type ConditionOrFindingEntity => SMVT__zeppenfeld-2022-esc-guidelines-va-and-scd_n0018/e_0098 type PatientCondition
Rule_742	?a type ConditionOrFindingEntity => ?a type PatientCondition	pregnancy__regitz-zagrosek-2018-2018-esc-guideline-for-the-management-of-cardiovasc_n0018/e_0009 type ConditionOrFindingEntity => pregnancy__regitz-zagrosek-2018-2018-esc-guideline-for-the-management-of-cardiovasc_n0018/e_0009 type PatientCondition
Rule_742	?a type ConditionOrFindingEntity => ?a type PatientCondition	Severe_impairment_of_exercise_capacity__heidenreich-2022-aha-acc-hfsa-guidelines_n0075/e_0024 type ConditionOrFindingEntity => Severe_impairment_of_exercise_capacity__heidenreich-2022-aha-acc-hfsa-guidelines_n0075/e_0024 type PatientCondition
Rule_742	?a type ConditionOrFindingEntity => ?a type PatientCondition	heart_failure__zeppenfeld-2022-esc-guidelines-va-and-scd_n0092/e_0025 type ConditionOrFindingEntity => heart_failure__zeppenfeld-2022-esc-guidelines-va-and-scd_n0092/e_0025 type PatientCondition
Rule_742	?a type ConditionOrFindingEntity => ?a type PatientCondition	chronotropic_incompetence_persisting_for_%3E6_weeks_after_heart_transplantation__glikson-2021-2021-esc-guidelines-on-cardiac-pacing-and-cardiac-resynchro_n0061/e_0021 type ConditionOrFindingEntity => chronotropic_incompetence_persisting_for_%3E6_weeks_after_heart_transplantation__glikson-2021-2021-esc-guidelines-on-cardiac-pacing-and-cardiac-resynchro_n0061/e_0021 type PatientCondition
Rule_742	?a type ConditionOrFindingEntity => ?a type PatientCondition	ERP__zeppenfeld-2022-esc-guidelines-va-and-scd_n0082/e_0001 type ConditionOrFindingEntity => ERP__zeppenfeld-2022-esc-guidelines-va-and-scd_n0082/e_0001 type PatientCondition
Rule_742	?a type ConditionOrFindingEntity => ?a type PatientCondition	VT__zeppenfeld-2022-esc-guidelines-va-and-scd_n0022/e_0067 type ConditionOrFindingEntity => VT__zeppenfeld-2022-esc-guidelines-va-and-scd_n0022/e_0067 type PatientCondition
Rule_742	?a type ConditionOrFindingEntity => ?a type PatientCondition	patients%5C'_literacy,_cognitive_status,_psychologic_state,_culture,_and_access_to_social_and_financial_resources__execut-1_n0038/e_0001 type ConditionOrFindingEntity => patients%5C'_literacy,_cognitive_status,_psychologic_state,_culture,_and_access_to_social_and_financial_resources__execut-1_n0038/e_0001 type PatientCondition
Rule_742	?a type ConditionOrFindingEntity => ?a type PatientCondition	chronic,_severe_refractory_HF_when_there_is_no_reasonable_expectation_for_improvement__sectio-1_n0022/e_0042 type ConditionOrFindingEntity => chronic,_severe_refractory_HF_when_there_is_no_reasonable_expectation_for_improvement__sectio-1_n0022/e_0042 type PatientCondition
Rule_742	?a type ConditionOrFindingEntity => ?a type PatientCondition	LVEF_35%E2%80%9350%25__zeppenfeld-2022-esc-guidelines-va-and-scd_n0068/e_0019 type ConditionOrFindingEntity => LVEF_35%E2%80%9350%25__zeppenfeld-2022-esc-guidelines-va-and-scd_n0068/e_0019 type PatientCondition
Rule_742	?a type ConditionOrFindingEntity => ?a type PatientCondition	symptoms_of_impaired_ventricular_function_or_ventricular_dilatation__regitz-zagrosek-2018-2018-esc-guideline-for-the-management-of-cardiovasc_n0022/e_0047 type ConditionOrFindingEntity => symptoms_of_impaired_ventricular_function_or_ventricular_dilatation__regitz-zagrosek-2018-2018-esc-guideline-for-the-management-of-cardiovasc_n0022/e_0047 type PatientCondition
Rule_742	?a type ConditionOrFindingEntity => ?a type PatientCondition	VF__al-khatib-2017-aha-acc-hrs-guideline-va-and-scd_n0035/e_0033 type ConditionOrFindingEntity => VF__al-khatib-2017-aha-acc-hrs-guideline-va-and-scd_n0035/e_0033 type PatientCondition
Rule_742	?a type ConditionOrFindingEntity => ?a type PatientCondition	HFrEF__mcdonagh-2023-esc-guidelines_n0095/e_0019 type ConditionOrFindingEntity => HFrEF__mcdonagh-2023-esc-guidelines_n0095/e_0019 type PatientCondition
Rule_742	?a type ConditionOrFindingEntity => ?a type PatientCondition	diagnosis_of_PAH_(group_1)__regitz-zagrosek-2018-2018-esc-guideline-for-the-management-of-cardiovasc_n0048/e_0016 type ConditionOrFindingEntity => diagnosis_of_PAH_(group_1)__regitz-zagrosek-2018-2018-esc-guideline-for-the-management-of-cardiovasc_n0048/e_0016 type PatientCondition
Rule_742	?a type ConditionOrFindingEntity => ?a type PatientCondition	SHD__zeppenfeld-2022-esc-guidelines-va-and-scd_n0036/e_0024 type ConditionOrFindingEntity => SHD__zeppenfeld-2022-esc-guidelines-va-and-scd_n0036/e_0024 type PatientCondition
Rule_742	?a type ConditionOrFindingEntity => ?a type PatientCondition	mechanical_complication_of_acute_MI__mcdonagh-2023-esc-guidelines_n0072/e_0008 type ConditionOrFindingEntity => mechanical_complication_of_acute_MI__mcdonagh-2023-esc-guidelines_n0072/e_0008 type PatientCondition
Rule_742	?a type ConditionOrFindingEntity => ?a type PatientCondition	VA__al-khatib-2017-aha-acc-hrs-guideline-va-and-scd_n0034/e_0004 type ConditionOrFindingEntity => VA__al-khatib-2017-aha-acc-hrs-guideline-va-and-scd_n0034/e_0004 type PatientCondition
Rule_742	?a type ConditionOrFindingEntity => ?a type PatientCondition	Heart_failure_with_reduced_LVEF__zeppenfeld-2022-esc-guidelines-va-and-scd_n0040/e_0075 type ConditionOrFindingEntity => Heart_failure_with_reduced_LVEF__zeppenfeld-2022-esc-guidelines-va-and-scd_n0040/e_0075 type PatientCondition
Rule_742	?a type ConditionOrFindingEntity => ?a type PatientCondition	normal_ECG__zeppenfeld-2022-esc-guidelines-va-and-scd_n0096/e_0051 type ConditionOrFindingEntity => normal_ECG__zeppenfeld-2022-esc-guidelines-va-and-scd_n0096/e_0051 type PatientCondition
Rule_742	?a type ConditionOrFindingEntity => ?a type PatientCondition	DCM/HNDCM__zeppenfeld-2022-esc-guidelines-va-and-scd_n0022/e_0030 type ConditionOrFindingEntity => DCM/HNDCM__zeppenfeld-2022-esc-guidelines-va-and-scd_n0022/e_0030 type PatientCondition
Rule_742	?a type ConditionOrFindingEntity => ?a type PatientCondition	the_following_symptoms__sectio-1_n0006/e_0037 type ConditionOrFindingEntity => the_following_symptoms__sectio-1_n0006/e_0037 type PatientCondition
Rule_742	?a type ConditionOrFindingEntity => ?a type PatientCondition	poor_sleep__riegel-2009-promoting-self-care-in-persons-with-heart-failure_n0004/e_0073 type ConditionOrFindingEntity => poor_sleep__riegel-2009-promoting-self-care-in-persons-with-heart-failure_n0004/e_0073 type PatientCondition
Rule_742	?a type ConditionOrFindingEntity => ?a type PatientCondition	PVT__zeppenfeld-2022-esc-guidelines-va-and-scd_n0025/e_0042 type ConditionOrFindingEntity => PVT__zeppenfeld-2022-esc-guidelines-va-and-scd_n0025/e_0042 type PatientCondition
Rule_742	?a type ConditionOrFindingEntity => ?a type PatientCondition	volume_overload__execut-1_n0043/e_0095 type ConditionOrFindingEntity => volume_overload__execut-1_n0043/e_0095 type PatientCondition
Rule_742	?a type ConditionOrFindingEntity => ?a type PatientCondition	potentially_serious_arrhythmias__pelliccia-2020-2020-esc-guidelines-on-sports-cardiology-and-exercise-in_n0073/e_0015 type ConditionOrFindingEntity => potentially_serious_arrhythmias__pelliccia-2020-2020-esc-guidelines-on-sports-cardiology-and-exercise-in_n0073/e_0015 type PatientCondition
Rule_742	?a type ConditionOrFindingEntity => ?a type PatientCondition	VF__zeppenfeld-2022-esc-guidelines-va-and-scd_n0094/e_0071 type ConditionOrFindingEntity => VF__zeppenfeld-2022-esc-guidelines-va-and-scd_n0094/e_0071 type PatientCondition
Rule_742	?a type ConditionOrFindingEntity => ?a type PatientCondition	heart_failure__zeppenfeld-2022-esc-guidelines-va-and-scd_n0017/e_0020 type ConditionOrFindingEntity => heart_failure__zeppenfeld-2022-esc-guidelines-va-and-scd_n0017/e_0020 type PatientCondition
Rule_742	?a type ConditionOrFindingEntity => ?a type PatientCondition	PVCs__zeppenfeld-2022-esc-guidelines-va-and-scd_n0059/e_0018 type ConditionOrFindingEntity => PVCs__zeppenfeld-2022-esc-guidelines-va-and-scd_n0059/e_0018 type PatientCondition
Rule_742	?a type ConditionOrFindingEntity => ?a type PatientCondition	CPVT__zeppenfeld-2022-esc-guidelines-va-and-scd_n0096/e_0049 type ConditionOrFindingEntity => CPVT__zeppenfeld-2022-esc-guidelines-va-and-scd_n0096/e_0049 type PatientCondition
Rule_742	?a type ConditionOrFindingEntity => ?a type PatientCondition	Obesity__mcdonagh-2023-esc-guidelines_n0051/e_0006 type ConditionOrFindingEntity => Obesity__mcdonagh-2023-esc-guidelines_n0051/e_0006 type PatientCondition
Rule_742	?a type ConditionOrFindingEntity => ?a type PatientCondition	a_dangerous_heart_rhythm__rest-m3-websiten-zusammengefugt_n0002/e_0007 type ConditionOrFindingEntity => a_dangerous_heart_rhythm__rest-m3-websiten-zusammengefugt_n0002/e_0007 type PatientCondition
Rule_742	?a type ConditionOrFindingEntity => ?a type PatientCondition	HF__mcdonagh-2023-esc-guidelines_n0095/e_0014 type ConditionOrFindingEntity => HF__mcdonagh-2023-esc-guidelines_n0095/e_0014 type PatientCondition
Rule_742	?a type ConditionOrFindingEntity => ?a type PatientCondition	hypoperfusion__mcdonagh-2023-esc-guidelines_n0071/e_0009 type ConditionOrFindingEntity => hypoperfusion__mcdonagh-2023-esc-guidelines_n0071/e_0009 type PatientCondition
Rule_742	?a type ConditionOrFindingEntity => ?a type PatientCondition	moderate_HF__sectio-1_n0016/e_0016 type ConditionOrFindingEntity => moderate_HF__sectio-1_n0016/e_0016 type PatientCondition
Rule_742	?a type ConditionOrFindingEntity => ?a type PatientCondition	HF__mcdonagh-2023-esc-guidelines_n0096/e_0038 type ConditionOrFindingEntity => HF__mcdonagh-2023-esc-guidelines_n0096/e_0038 type PatientCondition
Rule_742	?a type ConditionOrFindingEntity => ?a type PatientCondition	conduction_disturbances__glikson-2021-2021-esc-guidelines-on-cardiac-pacing-and-cardiac-resynchro_n0036/e_0006 type ConditionOrFindingEntity => conduction_disturbances__glikson-2021-2021-esc-guidelines-on-cardiac-pacing-and-cardiac-resynchro_n0036/e_0006 type PatientCondition
Rule_742	?a type ConditionOrFindingEntity => ?a type PatientCondition	MI__mcdonagh-2023-esc-guidelines_n0095/e_0085 type ConditionOrFindingEntity => MI__mcdonagh-2023-esc-guidelines_n0095/e_0085 type PatientCondition
Rule_742	?a type ConditionOrFindingEntity => ?a type PatientCondition	AF__mcdonagh-2023-esc-guidelines_n0095/e_0123 type ConditionOrFindingEntity => AF__mcdonagh-2023-esc-guidelines_n0095/e_0123 type PatientCondition
Rule_742	?a type ConditionOrFindingEntity => ?a type PatientCondition	Associated_comorbid_conditions__execut-1_n0020/e_0015 type ConditionOrFindingEntity => Associated_comorbid_conditions__execut-1_n0020/e_0015 type PatientCondition
Rule_742	?a type ConditionOrFindingEntity => ?a type PatientCondition	VT__zeppenfeld-2022-esc-guidelines-va-and-scd_n0022/e_0058 type ConditionOrFindingEntity => VT__zeppenfeld-2022-esc-guidelines-va-and-scd_n0022/e_0058 type PatientCondition
Rule_742	?a type ConditionOrFindingEntity => ?a type PatientCondition	left_bundle_branch_block__execut-1_n0008/e_0013 type ConditionOrFindingEntity => left_bundle_branch_block__execut-1_n0008/e_0013 type PatientCondition
Rule_742	?a type ConditionOrFindingEntity => ?a type PatientCondition	EF_%E2%89%A435%25__zeppenfeld-2022-esc-guidelines-va-and-scd_n0095/e_0028 type ConditionOrFindingEntity => EF_%E2%89%A435%25__zeppenfeld-2022-esc-guidelines-va-and-scd_n0095/e_0028 type PatientCondition
Rule_742	?a type ConditionOrFindingEntity => ?a type PatientCondition	SMVT__zeppenfeld-2022-esc-guidelines-va-and-scd_n0020/e_0073 type ConditionOrFindingEntity => SMVT__zeppenfeld-2022-esc-guidelines-va-and-scd_n0020/e_0073 type PatientCondition
Rule_742	?a type ConditionOrFindingEntity => ?a type PatientCondition	cardiac_allograft_vasculopathy__ambrosetti-2020-secondary-prevention-comprehensive-cardiovascular-rehabi_n0007/e_0054 type ConditionOrFindingEntity => cardiac_allograft_vasculopathy__ambrosetti-2020-secondary-prevention-comprehensive-cardiovascular-rehabi_n0007/e_0054 type PatientCondition
Rule_742	?a type ConditionOrFindingEntity => ?a type PatientCondition	Moderate%E2%80%93severe_mitral_regurgitation__supp-material-esc-guidelines_n0018/e_0021 type ConditionOrFindingEntity => Moderate%E2%80%93severe_mitral_regurgitation__supp-material-esc-guidelines_n0018/e_0021 type PatientCondition
Rule_742	?a type ConditionOrFindingEntity => ?a type PatientCondition	stable_sustained_VT__al-khatib-2017-aha-acc-hrs-guideline-va-and-scd_n0039/e_0002 type ConditionOrFindingEntity => stable_sustained_VT__al-khatib-2017-aha-acc-hrs-guideline-va-and-scd_n0039/e_0002 type PatientCondition
Rule_742	?a type ConditionOrFindingEntity => ?a type PatientCondition	do_not_fulfil_criteria_for_reducing_HF_hospitalization__mcdonagh-2023-esc-guidelines_n0076/e_0028 type ConditionOrFindingEntity => do_not_fulfil_criteria_for_reducing_HF_hospitalization__mcdonagh-2023-esc-guidelines_n0076/e_0028 type PatientCondition
Rule_742	?a type ConditionOrFindingEntity => ?a type PatientCondition	AVB__glikson-2021-2021-esc-guidelines-on-cardiac-pacing-and-cardiac-resynchro_n0085/e_0080 type ConditionOrFindingEntity => AVB__glikson-2021-2021-esc-guidelines-on-cardiac-pacing-and-cardiac-resynchro_n0085/e_0080 type PatientCondition
Rule_742	?a type ConditionOrFindingEntity => ?a type PatientCondition	SMVT__zeppenfeld-2022-esc-guidelines-va-and-scd_n0054/e_0080 type ConditionOrFindingEntity => SMVT__zeppenfeld-2022-esc-guidelines-va-and-scd_n0054/e_0080 type PatientCondition
Rule_742	?a type ConditionOrFindingEntity => ?a type PatientCondition	refractory_sustained_VA__al-khatib-2017-aha-acc-hrs-guideline-va-and-scd_n0080/e_0010 type ConditionOrFindingEntity => refractory_sustained_VA__al-khatib-2017-aha-acc-hrs-guideline-va-and-scd_n0080/e_0010 type PatientCondition
Rule_742	?a type ConditionOrFindingEntity => ?a type PatientCondition	HF__execut-1_n0038/e_0018 type ConditionOrFindingEntity => HF__execut-1_n0038/e_0018 type PatientCondition
Rule_742	?a type ConditionOrFindingEntity => ?a type PatientCondition	CHF__sbolli-2020-depression-and-heart-failure_n0003/e_0012 type ConditionOrFindingEntity => CHF__sbolli-2020-depression-and-heart-failure_n0003/e_0012 type PatientCondition
Rule_742	?a type ConditionOrFindingEntity => ?a type PatientCondition	BrS__zeppenfeld-2022-esc-guidelines-va-and-scd_n0081/e_0046 type ConditionOrFindingEntity => BrS__zeppenfeld-2022-esc-guidelines-va-and-scd_n0081/e_0046 type PatientCondition
Rule_742	?a type ConditionOrFindingEntity => ?a type PatientCondition	Frequent_episodes_of_HF_decompensation__mcdonagh-2023-esc-guidelines_n0059/e_0077 type ConditionOrFindingEntity => Frequent_episodes_of_HF_decompensation__mcdonagh-2023-esc-guidelines_n0059/e_0077 type PatientCondition
Rule_742	?a type ConditionOrFindingEntity => ?a type PatientCondition	su_verified_6ed52cdf724db04223b4d1c2e62f3c35f6b42bc19bc5e3198277d681d47e1eb9_table_6/e_0027 type ConditionOrFindingEntity => su_verified_6ed52cdf724db04223b4d1c2e62f3c35f6b42bc19bc5e3198277d681d47e1eb9_table_6/e_0027 type PatientCondition
Rule_742	?a type ConditionOrFindingEntity => ?a type PatientCondition	hypertension__heidenreich-2022-aha-acc-hfsa-guidelines_n0030/e_0003 type ConditionOrFindingEntity => hypertension__heidenreich-2022-aha-acc-hfsa-guidelines_n0030/e_0003 type PatientCondition
Rule_742	?a type ConditionOrFindingEntity => ?a type PatientCondition	ACE-I/ARNI_intolerance__mcdonagh-2023-esc-guidelines_n0039/e_0030 type ConditionOrFindingEntity => ACE-I/ARNI_intolerance__mcdonagh-2023-esc-guidelines_n0039/e_0030 type PatientCondition
Rule_742	?a type ConditionOrFindingEntity => ?a type PatientCondition	SMVT__zeppenfeld-2022-esc-guidelines-va-and-scd_n0020/e_0014 type ConditionOrFindingEntity => SMVT__zeppenfeld-2022-esc-guidelines-va-and-scd_n0020/e_0014 type PatientCondition
Rule_742	?a type ConditionOrFindingEntity => ?a type PatientCondition	IVF,_TdP,_ES_in_Brugada_syndrome,_SQT_syndrome,_VAs_secondary_to_AV_block__lenarczyk-2024-management-of-patients-with-an-electrical-storm-or-cluste_n0013/e_0158 type ConditionOrFindingEntity => IVF,_TdP,_ES_in_Brugada_syndrome,_SQT_syndrome,_VAs_secondary_to_AV_block__lenarczyk-2024-management-of-patients-with-an-electrical-storm-or-cluste_n0013/e_0158 type PatientCondition
Rule_742	?a type ConditionOrFindingEntity => ?a type PatientCondition	left_bundle_branch_block_(LBBB)__heidenreich-2022-aha-acc-hfsa-guidelines_n0063/e_0034 type ConditionOrFindingEntity => left_bundle_branch_block_(LBBB)__heidenreich-2022-aha-acc-hfsa-guidelines_n0063/e_0034 type PatientCondition
Rule_742	?a type ConditionOrFindingEntity => ?a type PatientCondition	additional_risk_factors__heidenreich-2022-aha-acc-hfsa-guidelines_n0101/e_0028 type ConditionOrFindingEntity => additional_risk_factors__heidenreich-2022-aha-acc-hfsa-guidelines_n0101/e_0028 type PatientCondition
Rule_742	?a type ConditionOrFindingEntity => ?a type PatientCondition	ERS__zeppenfeld-2022-esc-guidelines-va-and-scd_n0082/e_0037 type ConditionOrFindingEntity => ERS__zeppenfeld-2022-esc-guidelines-va-and-scd_n0082/e_0037 type PatientCondition
Rule_742	?a type ConditionOrFindingEntity => ?a type PatientCondition	symptoms__glikson-2021-2021-esc-guidelines-on-cardiac-pacing-and-cardiac-resynchro_n0046/e_0008 type ConditionOrFindingEntity => symptoms__glikson-2021-2021-esc-guidelines-on-cardiac-pacing-and-cardiac-resynchro_n0046/e_0008 type PatientCondition
Rule_742	?a type ConditionOrFindingEntity => ?a type PatientCondition	symptoms__glikson-2021-2021-esc-guidelines-on-cardiac-pacing-and-cardiac-resynchro_n0046/e_0039 type ConditionOrFindingEntity => symptoms__glikson-2021-2021-esc-guidelines-on-cardiac-pacing-and-cardiac-resynchro_n0046/e_0039 type PatientCondition
Rule_742	?a type ConditionOrFindingEntity => ?a type PatientCondition	decompensated_HF__lenarczyk-2024-management-of-patients-with-an-electrical-storm-or-cluste_n0020/e_0216 type ConditionOrFindingEntity => decompensated_HF__lenarczyk-2024-management-of-patients-with-an-electrical-storm-or-cluste_n0020/e_0216 type PatientCondition
Rule_742	?a type ConditionOrFindingEntity => ?a type PatientCondition	DCM__mcdonagh-2023-esc-guidelines_n0023/e_0032 type ConditionOrFindingEntity => DCM__mcdonagh-2023-esc-guidelines_n0023/e_0032 type PatientCondition
Rule_742	?a type ConditionOrFindingEntity => ?a type PatientCondition	NYHA_class_II,_III,_or_ambulatory_IV_symptoms__heidenreich-2022-aha-acc-hfsa-guidelines_n0064/e_0051 type ConditionOrFindingEntity => NYHA_class_II,_III,_or_ambulatory_IV_symptoms__heidenreich-2022-aha-acc-hfsa-guidelines_n0064/e_0051 type PatientCondition
Rule_742	?a type ConditionOrFindingEntity => ?a type PatientCondition	LQTS__zeppenfeld-2022-esc-guidelines-va-and-scd_n0077/e_0045 type ConditionOrFindingEntity => LQTS__zeppenfeld-2022-esc-guidelines-va-and-scd_n0077/e_0045 type PatientCondition
Rule_742	?a type ConditionOrFindingEntity => ?a type PatientCondition	VT__zeppenfeld-2022-esc-guidelines-va-and-scd_n0019/e_0152 type ConditionOrFindingEntity => VT__zeppenfeld-2022-esc-guidelines-va-and-scd_n0019/e_0152 type PatientCondition
Rule_742	?a type ConditionOrFindingEntity => ?a type PatientCondition	Non-operable_severe_congenital_abnormalities__mcdonagh-2023-esc-guidelines_n0058/e_0009 type ConditionOrFindingEntity => Non-operable_severe_congenital_abnormalities__mcdonagh-2023-esc-guidelines_n0058/e_0009 type PatientCondition
Rule_742	?a type ConditionOrFindingEntity => ?a type PatientCondition	patient%5C's_cognitive_and_psychological_state__wilkoff-2008-hrs-ehra-expert-consenus-on-the-monitoring-of-cieds_n0005/e_0012 type ConditionOrFindingEntity => patient%5C's_cognitive_and_psychological_state__wilkoff-2008-hrs-ehra-expert-consenus-on-the-monitoring-of-cieds_n0005/e_0012 type PatientCondition
Rule_742	?a type ConditionOrFindingEntity => ?a type PatientCondition	VT__zeppenfeld-2022-esc-guidelines-va-and-scd_n0093/e_0118 type ConditionOrFindingEntity => VT__zeppenfeld-2022-esc-guidelines-va-and-scd_n0093/e_0118 type PatientCondition
Rule_742	?a type ConditionOrFindingEntity => ?a type PatientCondition	LQTS__zeppenfeld-2022-esc-guidelines-va-and-scd_n0022/e_0085 type ConditionOrFindingEntity => LQTS__zeppenfeld-2022-esc-guidelines-va-and-scd_n0022/e_0085 type PatientCondition
Rule_742	?a type ConditionOrFindingEntity => ?a type PatientCondition	history_of_aborted_CA__zeppenfeld-2022-esc-guidelines-va-and-scd_n0055/e_0011 type ConditionOrFindingEntity => history_of_aborted_CA__zeppenfeld-2022-esc-guidelines-va-and-scd_n0055/e_0011 type PatientCondition
Rule_742	?a type ConditionOrFindingEntity => ?a type PatientCondition	CPVT__zeppenfeld-2022-esc-guidelines-va-and-scd_n0025/e_0032 type ConditionOrFindingEntity => CPVT__zeppenfeld-2022-esc-guidelines-va-and-scd_n0025/e_0032 type PatientCondition
Rule_742	?a type ConditionOrFindingEntity => ?a type PatientCondition	NYHA_class_II-III__sectio-1_n0017/e_0003 type ConditionOrFindingEntity => NYHA_class_II-III__sectio-1_n0017/e_0003 type PatientCondition
Rule_742	?a type ConditionOrFindingEntity => ?a type PatientCondition	DCM__mcdonagh-2023-esc-guidelines_n0084/e_0001 type ConditionOrFindingEntity => DCM__mcdonagh-2023-esc-guidelines_n0084/e_0001 type PatientCondition
Rule_742	?a type ConditionOrFindingEntity => ?a type PatientCondition	HF__mcdonagh-2023-esc-guidelines_n0094/e_0024 type ConditionOrFindingEntity => HF__mcdonagh-2023-esc-guidelines_n0094/e_0024 type PatientCondition
Rule_742	?a type ConditionOrFindingEntity => ?a type PatientCondition	HF__heidenreich-2022-aha-acc-hfsa-guidelines_n0033/e_0003 type ConditionOrFindingEntity => HF__heidenreich-2022-aha-acc-hfsa-guidelines_n0033/e_0003 type PatientCondition
Rule_742	?a type ConditionOrFindingEntity => ?a type PatientCondition	PVC__zeppenfeld-2022-esc-guidelines-va-and-scd_n0056/e_0012 type ConditionOrFindingEntity => PVC__zeppenfeld-2022-esc-guidelines-va-and-scd_n0056/e_0012 type PatientCondition
Rule_742	?a type ConditionOrFindingEntity => ?a type PatientCondition	HCM__zeppenfeld-2022-esc-guidelines-va-and-scd_n0094/e_0058 type ConditionOrFindingEntity => HCM__zeppenfeld-2022-esc-guidelines-va-and-scd_n0094/e_0058 type PatientCondition
Rule_742	?a type ConditionOrFindingEntity => ?a type PatientCondition	renal_perfusion_and_acute_kidney_injury__van-diepen-2017-contemporary-management-of-cardiogenic-shock_n0004/e_0040 type ConditionOrFindingEntity => renal_perfusion_and_acute_kidney_injury__van-diepen-2017-contemporary-management-of-cardiogenic-shock_n0004/e_0040 type PatientCondition
Rule_742	?a type ConditionOrFindingEntity => ?a type PatientCondition	AVB__glikson-2021-2021-esc-guidelines-on-cardiac-pacing-and-cardiac-resynchro_n0030/e_0051 type ConditionOrFindingEntity => AVB__glikson-2021-2021-esc-guidelines-on-cardiac-pacing-and-cardiac-resynchro_n0030/e_0051 type PatientCondition
Rule_742	?a type ConditionOrFindingEntity => ?a type PatientCondition	LQTS__zeppenfeld-2022-esc-guidelines-va-and-scd_n0095/e_0062 type ConditionOrFindingEntity => LQTS__zeppenfeld-2022-esc-guidelines-va-and-scd_n0095/e_0062 type PatientCondition
Rule_742	?a type ConditionOrFindingEntity => ?a type PatientCondition	VA__zeppenfeld-2022-esc-guidelines-va-and-scd_n0019/e_0044 type ConditionOrFindingEntity => VA__zeppenfeld-2022-esc-guidelines-va-and-scd_n0019/e_0044 type PatientCondition
Rule_742	?a type ConditionOrFindingEntity => ?a type PatientCondition	electrical_storm__zeppenfeld-2022-esc-guidelines-va-and-scd_n0075/e_0031 type ConditionOrFindingEntity => electrical_storm__zeppenfeld-2022-esc-guidelines-va-and-scd_n0075/e_0031 type PatientCondition
Rule_742	?a type ConditionOrFindingEntity => ?a type PatientCondition	VT__zeppenfeld-2022-esc-guidelines-va-and-scd_n0094/e_0046 type ConditionOrFindingEntity => VT__zeppenfeld-2022-esc-guidelines-va-and-scd_n0094/e_0046 type PatientCondition
Rule_742	?a type ConditionOrFindingEntity => ?a type PatientCondition	candidacy_for_invasive_procedures_or_device_therapy__heidenreich-2022-aha-acc-hfsa-guidelines_n0021/e_0038 type ConditionOrFindingEntity => candidacy_for_invasive_procedures_or_device_therapy__heidenreich-2022-aha-acc-hfsa-guidelines_n0021/e_0038 type PatientCondition
Rule_742	?a type ConditionOrFindingEntity => ?a type PatientCondition	SMVT__zeppenfeld-2022-esc-guidelines-va-and-scd_n0017/e_0031 type ConditionOrFindingEntity => SMVT__zeppenfeld-2022-esc-guidelines-va-and-scd_n0017/e_0031 type PatientCondition
Rule_742	?a type ConditionOrFindingEntity => ?a type PatientCondition	Severe_bradycardia_and/or_high-degree_AV_block_in_the_absence_of_a_pacemaker__lenarczyk-2024-management-of-patients-with-an-electrical-storm-or-cluste_n0020/e_0136 type ConditionOrFindingEntity => Severe_bradycardia_and/or_high-degree_AV_block_in_the_absence_of_a_pacemaker__lenarczyk-2024-management-of-patients-with-an-electrical-storm-or-cluste_n0020/e_0136 type PatientCondition
Rule_742	?a type ConditionOrFindingEntity => ?a type PatientCondition	Large_area_of_akinesia/dyskinesia_or_aneurysm__supp-material-esc-guidelines_n0018/e_0020 type ConditionOrFindingEntity => Large_area_of_akinesia/dyskinesia_or_aneurysm__supp-material-esc-guidelines_n0018/e_0020 type PatientCondition
Rule_742	?a type ConditionOrFindingEntity => ?a type PatientCondition	diabetes__mcdonagh-2023-esc-guidelines_n0075/e_0003 type ConditionOrFindingEntity => diabetes__mcdonagh-2023-esc-guidelines_n0075/e_0003 type PatientCondition
Rule_742	?a type ConditionOrFindingEntity => ?a type PatientCondition	short_QT_syndrome__al-khatib-2017-aha-acc-hrs-guideline-va-and-scd_n0060/e_0006 type ConditionOrFindingEntity => short_QT_syndrome__al-khatib-2017-aha-acc-hrs-guideline-va-and-scd_n0060/e_0006 type PatientCondition
Rule_742	?a type ConditionOrFindingEntity => ?a type PatientCondition	SMVT__zeppenfeld-2022-esc-guidelines-va-and-scd_n0062/e_0065 type ConditionOrFindingEntity => SMVT__zeppenfeld-2022-esc-guidelines-va-and-scd_n0062/e_0065 type PatientCondition
Rule_742	?a type ConditionOrFindingEntity => ?a type PatientCondition	VT__zeppenfeld-2022-esc-guidelines-va-and-scd_n0094/e_0103 type ConditionOrFindingEntity => VT__zeppenfeld-2022-esc-guidelines-va-and-scd_n0094/e_0103 type PatientCondition
Rule_742	?a type ConditionOrFindingEntity => ?a type PatientCondition	myocarditis__zeppenfeld-2022-esc-guidelines-va-and-scd_n0067/e_0046 type ConditionOrFindingEntity => myocarditis__zeppenfeld-2022-esc-guidelines-va-and-scd_n0067/e_0046 type PatientCondition
Rule_742	?a type ConditionOrFindingEntity => ?a type PatientCondition	symptomatic_HF_(NYHA_class_II%E2%80%93III)__mcdonagh-2023-esc-guidelines_n0045/e_0013 type ConditionOrFindingEntity => symptomatic_HF_(NYHA_class_II%E2%80%93III)__mcdonagh-2023-esc-guidelines_n0045/e_0013 type PatientCondition
Rule_742	?a type ConditionOrFindingEntity => ?a type PatientCondition	NYHA_class_I_to_III_HF_symptoms__heidenreich-2022-aha-acc-hfsa-guidelines_n0074/e_0003 type ConditionOrFindingEntity => NYHA_class_I_to_III_HF_symptoms__heidenreich-2022-aha-acc-hfsa-guidelines_n0074/e_0003 type PatientCondition
Rule_742	?a type ConditionOrFindingEntity => ?a type PatientCondition	PVC-induced_cardiomyopathy__zeppenfeld-2022-esc-guidelines-va-and-scd_n0058/e_0004 type ConditionOrFindingEntity => PVC-induced_cardiomyopathy__zeppenfeld-2022-esc-guidelines-va-and-scd_n0058/e_0004 type PatientCondition
Rule_742	?a type ConditionOrFindingEntity => ?a type PatientCondition	pre-excitation__zeppenfeld-2022-esc-guidelines-va-and-scd_n0026/e_0018 type ConditionOrFindingEntity => pre-excitation__zeppenfeld-2022-esc-guidelines-va-and-scd_n0026/e_0018 type PatientCondition
Rule_742	?a type ConditionOrFindingEntity => ?a type PatientCondition	sustained_VT__al-khatib-2017-aha-acc-hrs-guideline-va-and-scd_n0074/e_0003 type ConditionOrFindingEntity => sustained_VT__al-khatib-2017-aha-acc-hrs-guideline-va-and-scd_n0074/e_0003 type PatientCondition
Rule_742	?a type ConditionOrFindingEntity => ?a type PatientCondition	The_degree_of_volume_excess__execut-1_n0026/e_0039 type ConditionOrFindingEntity => The_degree_of_volume_excess__execut-1_n0026/e_0039 type PatientCondition
Rule_742	?a type ConditionOrFindingEntity => ?a type PatientCondition	hyperkalaemia__mullens-2019-the-use-of-diuretics-in-heart-failure-with-congestion_n0005/e_0017 type ConditionOrFindingEntity => hyperkalaemia__mullens-2019-the-use-of-diuretics-in-heart-failure-with-congestion_n0005/e_0017 type PatientCondition
Rule_742	?a type ConditionOrFindingEntity => ?a type PatientCondition	HF__execut-1_n0044/e_0067 type ConditionOrFindingEntity => HF__execut-1_n0044/e_0067 type PatientCondition
Rule_742	?a type ConditionOrFindingEntity => ?a type PatientCondition	arterial_hypertension__pelliccia-2020-2020-esc-guidelines-on-sports-cardiology-and-exercise-in_n0043/e_0004 type ConditionOrFindingEntity => arterial_hypertension__pelliccia-2020-2020-esc-guidelines-on-sports-cardiology-and-exercise-in_n0043/e_0004 type PatientCondition
Rule_742	?a type ConditionOrFindingEntity => ?a type PatientCondition	SMVT__zeppenfeld-2022-esc-guidelines-va-and-scd_n0094/e_0094 type ConditionOrFindingEntity => SMVT__zeppenfeld-2022-esc-guidelines-va-and-scd_n0094/e_0094 type PatientCondition
Rule_742	?a type ConditionOrFindingEntity => ?a type PatientCondition	patient_is_asymptomatic_at_presentation__al-khatib-2017-aha-acc-hrs-guideline-va-and-scd_n0051/e_0014 type ConditionOrFindingEntity => patient_is_asymptomatic_at_presentation__al-khatib-2017-aha-acc-hrs-guideline-va-and-scd_n0051/e_0014 type PatientCondition
Rule_742	?a type ConditionOrFindingEntity => ?a type PatientCondition	apparently_sporadic_DCM/HNDCM__zeppenfeld-2022-esc-guidelines-va-and-scd_n0060/e_0012 type ConditionOrFindingEntity => apparently_sporadic_DCM/HNDCM__zeppenfeld-2022-esc-guidelines-va-and-scd_n0060/e_0012 type PatientCondition
Rule_742	?a type ConditionOrFindingEntity => ?a type PatientCondition	HF__heidenreich-2022-aha-acc-hfsa-guidelines_n0021/e_0026 type ConditionOrFindingEntity => HF__heidenreich-2022-aha-acc-hfsa-guidelines_n0021/e_0026 type PatientCondition
Rule_742	?a type ConditionOrFindingEntity => ?a type PatientCondition	PVC,_VT_(LQTS,_CPVT)__zeppenfeld-2022-esc-guidelines-va-and-scd_n0038/e_0097 type ConditionOrFindingEntity => PVC,_VT_(LQTS,_CPVT)__zeppenfeld-2022-esc-guidelines-va-and-scd_n0038/e_0097 type PatientCondition
Rule_742	?a type ConditionOrFindingEntity => ?a type PatientCondition	insomnia__visseren-2021-esc-guidelines-cardiovascular-disease-prevention_n0030/e_0009 type ConditionOrFindingEntity => insomnia__visseren-2021-esc-guidelines-cardiovascular-disease-prevention_n0030/e_0009 type PatientCondition
Rule_742	?a type ConditionOrFindingEntity => ?a type PatientCondition	change_in_clinical_status__zeppenfeld-2022-esc-guidelines-va-and-scd_n0063/e_0012 type ConditionOrFindingEntity => change_in_clinical_status__zeppenfeld-2022-esc-guidelines-va-and-scd_n0063/e_0012 type PatientCondition
Rule_742	?a type ConditionOrFindingEntity => ?a type PatientCondition	conduction_disturbance__glikson-2021-2021-esc-guidelines-on-cardiac-pacing-and-cardiac-resynchro_n0085/e_0055 type ConditionOrFindingEntity => conduction_disturbance__glikson-2021-2021-esc-guidelines-on-cardiac-pacing-and-cardiac-resynchro_n0085/e_0055 type PatientCondition
Rule_742	?a type ConditionOrFindingEntity => ?a type PatientCondition	SCD__zeppenfeld-2022-esc-guidelines-va-and-scd_n0019/e_0035 type ConditionOrFindingEntity => SCD__zeppenfeld-2022-esc-guidelines-va-and-scd_n0019/e_0035 type PatientCondition
Rule_742	?a type ConditionOrFindingEntity => ?a type PatientCondition	post-MI_HF__sectio-1_n0016/e_0019 type ConditionOrFindingEntity => post-MI_HF__sectio-1_n0016/e_0019 type PatientCondition
Rule_742	?a type ConditionOrFindingEntity => ?a type PatientCondition	CA__zeppenfeld-2022-esc-guidelines-va-and-scd_n0074/e_0008 type ConditionOrFindingEntity => CA__zeppenfeld-2022-esc-guidelines-va-and-scd_n0074/e_0008 type PatientCondition
Rule_742	?a type ConditionOrFindingEntity => ?a type PatientCondition	cognitive_impairment__execut-1_n0038/e_0004 type ConditionOrFindingEntity => cognitive_impairment__execut-1_n0038/e_0004 type PatientCondition
Rule_742	?a type ConditionOrFindingEntity => ?a type PatientCondition	CPVT__zeppenfeld-2022-esc-guidelines-va-and-scd_n0084/e_0048 type ConditionOrFindingEntity => CPVT__zeppenfeld-2022-esc-guidelines-va-and-scd_n0084/e_0048 type PatientCondition
Rule_742	?a type ConditionOrFindingEntity => ?a type PatientCondition	a_dose_is_missed__seb24c-1_n0002/e_0012 type ConditionOrFindingEntity => a_dose_is_missed__seb24c-1_n0002/e_0012 type PatientCondition
Rule_742	?a type ConditionOrFindingEntity => ?a type PatientCondition	HCM__zeppenfeld-2022-esc-guidelines-va-and-scd_n0094/e_0061 type ConditionOrFindingEntity => HCM__zeppenfeld-2022-esc-guidelines-va-and-scd_n0094/e_0061 type PatientCondition
Rule_742	?a type ConditionOrFindingEntity => ?a type PatientCondition	VT__al-khatib-2017-aha-acc-hrs-guideline-va-and-scd_n0036/e_0009 type ConditionOrFindingEntity => VT__al-khatib-2017-aha-acc-hrs-guideline-va-and-scd_n0036/e_0009 type PatientCondition
Rule_742	?a type ConditionOrFindingEntity => ?a type PatientCondition	VT__zeppenfeld-2022-esc-guidelines-va-and-scd_n0019/e_0041 type ConditionOrFindingEntity => VT__zeppenfeld-2022-esc-guidelines-va-and-scd_n0019/e_0041 type PatientCondition
Rule_742	?a type ConditionOrFindingEntity => ?a type PatientCondition	inappropriate_ICD_therapies__zeppenfeld-2022-esc-guidelines-va-and-scd_n0047/e_0003 type ConditionOrFindingEntity => inappropriate_ICD_therapies__zeppenfeld-2022-esc-guidelines-va-and-scd_n0047/e_0003 type PatientCondition
Rule_742	?a type ConditionOrFindingEntity => ?a type PatientCondition	HF__mcdonagh-2023-esc-guidelines_n0097/e_0006 type ConditionOrFindingEntity => HF__mcdonagh-2023-esc-guidelines_n0097/e_0006 type PatientCondition
Rule_742	?a type ConditionOrFindingEntity => ?a type PatientCondition	LVEF_%E2%89%A435%25__zeppenfeld-2022-esc-guidelines-va-and-scd_n0095/e_0010 type ConditionOrFindingEntity => LVEF_%E2%89%A435%25__zeppenfeld-2022-esc-guidelines-va-and-scd_n0095/e_0010 type PatientCondition
Rule_742	?a type ConditionOrFindingEntity => ?a type PatientCondition	volume_overload__execut-1_n0019/e_0004 type ConditionOrFindingEntity => volume_overload__execut-1_n0019/e_0004 type PatientCondition
Rule_742	?a type ConditionOrFindingEntity => ?a type PatientCondition	acute_MI__zeppenfeld-2022-esc-guidelines-va-and-scd_n0053/e_0004 type ConditionOrFindingEntity => acute_MI__zeppenfeld-2022-esc-guidelines-va-and-scd_n0053/e_0004 type PatientCondition
Rule_742	?a type ConditionOrFindingEntity => ?a type PatientCondition	syncope_of_unknown_origin_compatible_with_a_reflex_mechanism__glikson-2021-2021-esc-guidelines-on-cardiac-pacing-and-cardiac-resynchro_n0084/e_0008 type ConditionOrFindingEntity => syncope_of_unknown_origin_compatible_with_a_reflex_mechanism__glikson-2021-2021-esc-guidelines-on-cardiac-pacing-and-cardiac-resynchro_n0084/e_0008 type PatientCondition
Rule_742	?a type ConditionOrFindingEntity => ?a type PatientCondition	HF__maddox-2021-2021-update-to-the-2017-acc-expert-consensus-decision-pathwa_n0015/e_0023 type ConditionOrFindingEntity => HF__maddox-2021-2021-update-to-the-2017-acc-expert-consensus-decision-pathwa_n0015/e_0023 type PatientCondition
Rule_742	?a type ConditionOrFindingEntity => ?a type PatientCondition	diabetes__mcdonagh-2023-esc-guidelines_n0096/e_0023 type ConditionOrFindingEntity => diabetes__mcdonagh-2023-esc-guidelines_n0096/e_0023 type PatientCondition
Rule_742	?a type ConditionOrFindingEntity => ?a type PatientCondition	DCM/HNDCM__zeppenfeld-2022-esc-guidelines-va-and-scd_n0060/e_0021 type ConditionOrFindingEntity => DCM/HNDCM__zeppenfeld-2022-esc-guidelines-va-and-scd_n0060/e_0021 type PatientCondition
Rule_742	?a type ConditionOrFindingEntity => ?a type PatientCondition	cardiogenic_shock__mcdonagh-2023-esc-guidelines_n0071/e_0012 type ConditionOrFindingEntity => cardiogenic_shock__mcdonagh-2023-esc-guidelines_n0071/e_0012 type PatientCondition
Rule_742	?a type ConditionOrFindingEntity => ?a type PatientCondition	Increased_JVP__sectio-4_n0004/e_0019 type ConditionOrFindingEntity => Increased_JVP__sectio-4_n0004/e_0019 type PatientCondition
Rule_742	?a type ConditionOrFindingEntity => ?a type PatientCondition	coronary_artery_stenosis__mcdonagh-2023-esc-guidelines_n0031/e_0031 type ConditionOrFindingEntity => coronary_artery_stenosis__mcdonagh-2023-esc-guidelines_n0031/e_0031 type PatientCondition
Rule_742	?a type ConditionOrFindingEntity => ?a type PatientCondition	myotonic_dystrophy_type_1__al-khatib-2017-aha-acc-hrs-guideline-va-and-scd_n0050/e_0020 type ConditionOrFindingEntity => myotonic_dystrophy_type_1__al-khatib-2017-aha-acc-hrs-guideline-va-and-scd_n0050/e_0020 type PatientCondition
Rule_742	?a type ConditionOrFindingEntity => ?a type PatientCondition	fatigues_after_the_first_few_minutes_of_any_meaningful_activity__mcdonagh-2023-esc-guidelines_n0059/e_0047 type ConditionOrFindingEntity => fatigues_after_the_first_few_minutes_of_any_meaningful_activity__mcdonagh-2023-esc-guidelines_n0059/e_0047 type PatientCondition
Rule_742	?a type ConditionOrFindingEntity => ?a type PatientCondition	SQTS__zeppenfeld-2022-esc-guidelines-va-and-scd_n0021/e_0035 type ConditionOrFindingEntity => SQTS__zeppenfeld-2022-esc-guidelines-va-and-scd_n0021/e_0035 type PatientCondition
Rule_742	?a type ConditionOrFindingEntity => ?a type PatientCondition	symptomatic_HF__heidenreich-2022-aha-acc-hfsa-guidelines_n0013/e_0009 type ConditionOrFindingEntity => symptomatic_HF__heidenreich-2022-aha-acc-hfsa-guidelines_n0013/e_0009 type PatientCondition
Rule_742	?a type ConditionOrFindingEntity => ?a type PatientCondition	AF__glikson-2021-2021-esc-guidelines-on-cardiac-pacing-and-cardiac-resynchro_n0052/e_0006 type ConditionOrFindingEntity => AF__glikson-2021-2021-esc-guidelines-on-cardiac-pacing-and-cardiac-resynchro_n0052/e_0006 type PatientCondition
Rule_742	?a type ConditionOrFindingEntity => ?a type PatientCondition	resting_tachypnea__execut-1_n0020/e_0007 type ConditionOrFindingEntity => resting_tachypnea__execut-1_n0020/e_0007 type PatientCondition
Rule_742	?a type ConditionOrFindingEntity => ?a type PatientCondition	SMVT__zeppenfeld-2022-esc-guidelines-va-and-scd_n0020/e_0042 type ConditionOrFindingEntity => SMVT__zeppenfeld-2022-esc-guidelines-va-and-scd_n0020/e_0042 type PatientCondition
Rule_742	?a type ConditionOrFindingEntity => ?a type PatientCondition	absence_of_frequent_and/or_complex_VAs__pelliccia-2020-2020-esc-guidelines-on-sports-cardiology-and-exercise-in_n0057/e_0022 type ConditionOrFindingEntity => absence_of_frequent_and/or_complex_VAs__pelliccia-2020-2020-esc-guidelines-on-sports-cardiology-and-exercise-in_n0057/e_0022 type PatientCondition
Rule_742	?a type ConditionOrFindingEntity => ?a type PatientCondition	Persisting_fluid_overload_and/or_increasing_diuretic_requirement__supp-material-esc-guidelines_n0019/e_0007 type ConditionOrFindingEntity => Persisting_fluid_overload_and/or_increasing_diuretic_requirement__supp-material-esc-guidelines_n0019/e_0007 type PatientCondition
Rule_742	?a type ConditionOrFindingEntity => ?a type PatientCondition	systolic_dysfunction__execut-1_n0048/e_0026 type ConditionOrFindingEntity => systolic_dysfunction__execut-1_n0048/e_0026 type PatientCondition
Rule_742	?a type ConditionOrFindingEntity => ?a type PatientCondition	NYHA_class_I_or_II_symptoms__heidenreich-2022-aha-acc-hfsa-guidelines_n0065/e_0080 type ConditionOrFindingEntity => NYHA_class_I_or_II_symptoms__heidenreich-2022-aha-acc-hfsa-guidelines_n0065/e_0080 type PatientCondition
Rule_742	?a type ConditionOrFindingEntity => ?a type PatientCondition	potential_causes_of_bradycardia__glikson-2021-2021-esc-guidelines-on-cardiac-pacing-and-cardiac-resynchro_n0084/e_0024 type ConditionOrFindingEntity => potential_causes_of_bradycardia__glikson-2021-2021-esc-guidelines-on-cardiac-pacing-and-cardiac-resynchro_n0084/e_0024 type PatientCondition
Rule_742	?a type ConditionOrFindingEntity => ?a type PatientCondition	Arrhythmia__mcdonagh-2023-esc-guidelines_n0059/e_0070 type ConditionOrFindingEntity => Arrhythmia__mcdonagh-2023-esc-guidelines_n0059/e_0070 type PatientCondition
Rule_742	?a type ConditionOrFindingEntity => ?a type PatientCondition	VTE__regitz-zagrosek-2018-2018-esc-guideline-for-the-management-of-cardiovasc_n0029/e_0002 type ConditionOrFindingEntity => VTE__regitz-zagrosek-2018-2018-esc-guideline-for-the-management-of-cardiovasc_n0029/e_0002 type PatientCondition
Rule_742	?a type ConditionOrFindingEntity => ?a type PatientCondition	ventricular_arrhythmia__heidenreich-2022-aha-acc-hfsa-guidelines_n0063/e_0016 type ConditionOrFindingEntity => ventricular_arrhythmia__heidenreich-2022-aha-acc-hfsa-guidelines_n0063/e_0016 type PatientCondition
Rule_742	?a type ConditionOrFindingEntity => ?a type PatientCondition	other_low_risk_situation__pelliccia-2020-2020-esc-guidelines-on-sports-cardiology-and-exercise-in_n0053/e_0016 type ConditionOrFindingEntity => other_low_risk_situation__pelliccia-2020-2020-esc-guidelines-on-sports-cardiology-and-exercise-in_n0053/e_0016 type PatientCondition
Rule_742	?a type ConditionOrFindingEntity => ?a type PatientCondition	severe_AV_conduction_disturbances__zeppenfeld-2022-esc-guidelines-va-and-scd_n0038/e_0071 type ConditionOrFindingEntity => severe_AV_conduction_disturbances__zeppenfeld-2022-esc-guidelines-va-and-scd_n0038/e_0071 type PatientCondition
Rule_742	?a type ConditionOrFindingEntity => ?a type PatientCondition	their_individual_preferences__sectio-1_n0020/e_0036 type ConditionOrFindingEntity => their_individual_preferences__sectio-1_n0020/e_0036 type PatientCondition
Rule_742	?a type ConditionOrFindingEntity => ?a type PatientCondition	high_CVD_risk__visseren-2021-esc-guidelines-cardiovascular-disease-prevention_n0027/e_0023 type ConditionOrFindingEntity => high_CVD_risk__visseren-2021-esc-guidelines-cardiovascular-disease-prevention_n0027/e_0023 type PatientCondition
Rule_742	?a type ConditionOrFindingEntity => ?a type PatientCondition	cardiac_sarcoidosis__zeppenfeld-2022-esc-guidelines-va-and-scd_n0022/e_0051 type ConditionOrFindingEntity => cardiac_sarcoidosis__zeppenfeld-2022-esc-guidelines-va-and-scd_n0022/e_0051 type PatientCondition
Rule_742	?a type ConditionOrFindingEntity => ?a type PatientCondition	SMVT__zeppenfeld-2022-esc-guidelines-va-and-scd_n0018/e_0117 type ConditionOrFindingEntity => SMVT__zeppenfeld-2022-esc-guidelines-va-and-scd_n0018/e_0117 type PatientCondition
Rule_742	?a type ConditionOrFindingEntity => ?a type PatientCondition	sustained_VT__al-khatib-2017-aha-acc-hrs-guideline-va-and-scd_n0044/e_0005 type ConditionOrFindingEntity => sustained_VT__al-khatib-2017-aha-acc-hrs-guideline-va-and-scd_n0044/e_0005 type PatientCondition
Rule_742	?a type ConditionOrFindingEntity => ?a type PatientCondition	VT__zeppenfeld-2022-esc-guidelines-va-and-scd_n0036/e_0048 type ConditionOrFindingEntity => VT__zeppenfeld-2022-esc-guidelines-va-and-scd_n0036/e_0048 type PatientCondition
Rule_742	?a type ConditionOrFindingEntity => ?a type PatientCondition	combination_of_other_risk_factors_d_and_a_positive_PES__zeppenfeld-2022-esc-guidelines-va-and-scd_n0072/e_0021 type ConditionOrFindingEntity => combination_of_other_risk_factors_d_and_a_positive_PES__zeppenfeld-2022-esc-guidelines-va-and-scd_n0072/e_0021 type PatientCondition
Rule_742	?a type ConditionOrFindingEntity => ?a type PatientCondition	electrical_storm__zeppenfeld-2022-esc-guidelines-va-and-scd_n0036/e_0054 type ConditionOrFindingEntity => electrical_storm__zeppenfeld-2022-esc-guidelines-va-and-scd_n0036/e_0054 type PatientCondition
Rule_742	?a type ConditionOrFindingEntity => ?a type PatientCondition	HF__mcdonagh-2023-esc-guidelines_n0081/e_0008 type ConditionOrFindingEntity => HF__mcdonagh-2023-esc-guidelines_n0081/e_0008 type PatientCondition
Rule_742	?a type ConditionOrFindingEntity => ?a type PatientCondition	su_verified_6ed52cdf724db04223b4d1c2e62f3c35f6b42bc19bc5e3198277d681d47e1eb9_table_24/e_0022 type ConditionOrFindingEntity => su_verified_6ed52cdf724db04223b4d1c2e62f3c35f6b42bc19bc5e3198277d681d47e1eb9_table_24/e_0022 type PatientCondition
Rule_742	?a type ConditionOrFindingEntity => ?a type PatientCondition	SMVT__zeppenfeld-2022-esc-guidelines-va-and-scd_n0018/e_0003 type ConditionOrFindingEntity => SMVT__zeppenfeld-2022-esc-guidelines-va-and-scd_n0018/e_0003 type PatientCondition
Rule_742	?a type ConditionOrFindingEntity => ?a type PatientCondition	fever__glikson-2021-2021-esc-guidelines-on-cardiac-pacing-and-cardiac-resynchro_n0073/e_0013 type ConditionOrFindingEntity => fever__glikson-2021-2021-esc-guidelines-on-cardiac-pacing-and-cardiac-resynchro_n0073/e_0013 type PatientCondition
Rule_742	?a type ConditionOrFindingEntity => ?a type PatientCondition	low_battery__al-khatib-2017-aha-acc-hrs-guideline-va-and-scd_n0081/e_0012 type ConditionOrFindingEntity => low_battery__al-khatib-2017-aha-acc-hrs-guideline-va-and-scd_n0081/e_0012 type PatientCondition
Rule_742	?a type ConditionOrFindingEntity => ?a type PatientCondition	BAV__pelliccia-2020-2020-esc-guidelines-on-sports-cardiology-and-exercise-in_n0053/e_0012 type ConditionOrFindingEntity => BAV__pelliccia-2020-2020-esc-guidelines-on-sports-cardiology-and-exercise-in_n0053/e_0012 type PatientCondition
Rule_742	?a type ConditionOrFindingEntity => ?a type PatientCondition	positive_medical_history__zeppenfeld-2022-esc-guidelines-va-and-scd_n0097/e_0026 type ConditionOrFindingEntity => positive_medical_history__zeppenfeld-2022-esc-guidelines-va-and-scd_n0097/e_0026 type PatientCondition
Rule_742	?a type ConditionOrFindingEntity => ?a type PatientCondition	functional_status__heidenreich-2022-aha-acc-hfsa-guidelines_n0063/e_0019 type ConditionOrFindingEntity => functional_status__heidenreich-2022-aha-acc-hfsa-guidelines_n0063/e_0019 type PatientCondition
Rule_742	?a type ConditionOrFindingEntity => ?a type PatientCondition	PVT__zeppenfeld-2022-esc-guidelines-va-and-scd_n0093/e_0010 type ConditionOrFindingEntity => PVT__zeppenfeld-2022-esc-guidelines-va-and-scd_n0093/e_0010 type PatientCondition
Rule_742	?a type ConditionOrFindingEntity => ?a type PatientCondition	your_heart_problem__rest-m3-websiten-zusammengefugt_n0002/e_0036 type ConditionOrFindingEntity => your_heart_problem__rest-m3-websiten-zusammengefugt_n0002/e_0036 type PatientCondition
Rule_742	?a type ConditionOrFindingEntity => ?a type PatientCondition	tetralogy_of_Fallot__pelliccia-2020-2020-esc-guidelines-on-sports-cardiology-and-exercise-in_n0053/e_0040 type ConditionOrFindingEntity => tetralogy_of_Fallot__pelliccia-2020-2020-esc-guidelines-on-sports-cardiology-and-exercise-in_n0053/e_0040 type PatientCondition
Rule_742	?a type ConditionOrFindingEntity => ?a type PatientCondition	recent_worsening_of_HF__heidenreich-2022-aha-acc-hfsa-guidelines_n0061/e_0003 type ConditionOrFindingEntity => recent_worsening_of_HF__heidenreich-2022-aha-acc-hfsa-guidelines_n0061/e_0003 type PatientCondition
Rule_742	?a type ConditionOrFindingEntity => ?a type PatientCondition	NYHA_class_II_or_III_HF__al-khatib-2017-aha-acc-hrs-guideline-va-and-scd_n0035/e_0006 type ConditionOrFindingEntity => NYHA_class_II_or_III_HF__al-khatib-2017-aha-acc-hrs-guideline-va-and-scd_n0035/e_0006 type PatientCondition
Rule_742	?a type ConditionOrFindingEntity => ?a type PatientCondition	conservative_and_medical_therapy_has_failed__regitz-zagrosek-2018-2018-esc-guideline-for-the-management-of-cardiovasc_n0016/e_0059 type ConditionOrFindingEntity => conservative_and_medical_therapy_has_failed__regitz-zagrosek-2018-2018-esc-guideline-for-the-management-of-cardiovasc_n0016/e_0059 type PatientCondition
Rule_742	?a type ConditionOrFindingEntity => ?a type PatientCondition	HTAD__pelliccia-2020-2020-esc-guidelines-on-sports-cardiology-and-exercise-in_n0053/e_0030 type ConditionOrFindingEntity => HTAD__pelliccia-2020-2020-esc-guidelines-on-sports-cardiology-and-exercise-in_n0053/e_0030 type PatientCondition
Rule_742	?a type ConditionOrFindingEntity => ?a type PatientCondition	recurrent_episodes_of_PVT/VF__zeppenfeld-2022-esc-guidelines-va-and-scd_n0053/e_0012 type ConditionOrFindingEntity => recurrent_episodes_of_PVT/VF__zeppenfeld-2022-esc-guidelines-va-and-scd_n0053/e_0012 type PatientCondition
Rule_742	?a type ConditionOrFindingEntity => ?a type PatientCondition	Increasing_diuretic_requirement__supp-material-esc-guidelines_n0018/e_0004 type ConditionOrFindingEntity => Increasing_diuretic_requirement__supp-material-esc-guidelines_n0018/e_0004 type PatientCondition
Rule_742	?a type ConditionOrFindingEntity => ?a type PatientCondition	a_dose_is_missed__seb24c-1_n0001/e_0012 type ConditionOrFindingEntity => a_dose_is_missed__seb24c-1_n0001/e_0012 type PatientCondition
Rule_742	?a type ConditionOrFindingEntity => ?a type PatientCondition	CPVT__zeppenfeld-2022-esc-guidelines-va-and-scd_n0084/e_0025 type ConditionOrFindingEntity => CPVT__zeppenfeld-2022-esc-guidelines-va-and-scd_n0084/e_0025 type PatientCondition
Rule_742	?a type ConditionOrFindingEntity => ?a type PatientCondition	sarcopenia__ambrosetti-2020-secondary-prevention-comprehensive-cardiovascular-rehabi_n0012/e_0048 type ConditionOrFindingEntity => sarcopenia__ambrosetti-2020-secondary-prevention-comprehensive-cardiovascular-rehabi_n0012/e_0048 type PatientCondition
Rule_742	?a type ConditionOrFindingEntity => ?a type PatientCondition	SQTS__zeppenfeld-2022-esc-guidelines-va-and-scd_n0085/e_0044 type ConditionOrFindingEntity => SQTS__zeppenfeld-2022-esc-guidelines-va-and-scd_n0085/e_0044 type PatientCondition
Rule_742	?a type ConditionOrFindingEntity => ?a type PatientCondition	saturations_%3C85%25_and/or_heart_failure__regitz-zagrosek-2018-2018-esc-guideline-for-the-management-of-cardiovasc_n0018/e_0008 type ConditionOrFindingEntity => saturations_%3C85%25_and/or_heart_failure__regitz-zagrosek-2018-2018-esc-guideline-for-the-management-of-cardiovasc_n0018/e_0008 type PatientCondition
Rule_742	?a type ConditionOrFindingEntity => ?a type PatientCondition	HCM__zeppenfeld-2022-esc-guidelines-va-and-scd_n0018/e_0139 type ConditionOrFindingEntity => HCM__zeppenfeld-2022-esc-guidelines-va-and-scd_n0018/e_0139 type PatientCondition
Rule_742	?a type ConditionOrFindingEntity => ?a type PatientCondition	reduced_LVEF__execut-1_n0048/e_0049 type ConditionOrFindingEntity => reduced_LVEF__execut-1_n0048/e_0049 type PatientCondition
Rule_742	?a type ConditionOrFindingEntity => ?a type PatientCondition	Persisting_NYHA_class_III_or_IV_and/or_persistently_high_BNP_or_NT-proBNP__supp-material-esc-guidelines_n0019/e_0002 type ConditionOrFindingEntity => Persisting_NYHA_class_III_or_IV_and/or_persistently_high_BNP_or_NT-proBNP__supp-material-esc-guidelines_n0019/e_0002 type PatientCondition
Rule_742	?a type ConditionOrFindingEntity => ?a type PatientCondition	hypokalaemia__mullens-2019-the-use-of-diuretics-in-heart-failure-with-congestion_n0005/e_0005 type ConditionOrFindingEntity => hypokalaemia__mullens-2019-the-use-of-diuretics-in-heart-failure-with-congestion_n0005/e_0005 type PatientCondition
Rule_742	?a type ConditionOrFindingEntity => ?a type PatientCondition	heart_failure__zeppenfeld-2022-esc-guidelines-va-and-scd_n0093/e_0119 type ConditionOrFindingEntity => heart_failure__zeppenfeld-2022-esc-guidelines-va-and-scd_n0093/e_0119 type PatientCondition
Rule_742	?a type ConditionOrFindingEntity => ?a type PatientCondition	Sinus_rhythm_with_a_resting_heart_rate__maddox-2021-2021-update-to-the-2017-acc-expert-consensus-decision-pathwa_n0004/e_0009 type ConditionOrFindingEntity => Sinus_rhythm_with_a_resting_heart_rate__maddox-2021-2021-update-to-the-2017-acc-expert-consensus-decision-pathwa_n0004/e_0009 type PatientCondition
Rule_742	?a type ConditionOrFindingEntity => ?a type PatientCondition	VF__zeppenfeld-2022-esc-guidelines-va-and-scd_n0019/e_0105 type ConditionOrFindingEntity => VF__zeppenfeld-2022-esc-guidelines-va-and-scd_n0019/e_0105 type PatientCondition
Rule_742	?a type ConditionOrFindingEntity => ?a type PatientCondition	identification_of_residual_congestion__tsutsui-2023-natriuretic-peptides-role-in-the-diagnosis-and-management-o_n0003/e_0012 type ConditionOrFindingEntity => identification_of_residual_congestion__tsutsui-2023-natriuretic-peptides-role-in-the-diagnosis-and-management-o_n0003/e_0012 type PatientCondition
Rule_742	?a type ConditionOrFindingEntity => ?a type PatientCondition	your_heart_problem__rest-m3-websiten-zusammengefugt_n0002/e_0035 type ConditionOrFindingEntity => your_heart_problem__rest-m3-websiten-zusammengefugt_n0002/e_0035 type PatientCondition
Rule_742	?a type ConditionOrFindingEntity => ?a type PatientCondition	Cerebrovascular_disease__maddox-2021-2021-update-to-the-2017-acc-expert-consensus-decision-pathwa_n0017/e_0018 type ConditionOrFindingEntity => Cerebrovascular_disease__maddox-2021-2021-update-to-the-2017-acc-expert-consensus-decision-pathwa_n0017/e_0018 type PatientCondition
Rule_742	?a type ConditionOrFindingEntity => ?a type PatientCondition	saturations_%3C85%25,_depressed_ventricular_function,_moderate%E2%80%93severe_AV_regurgitation,_refractory_arrhythmia,_or_protein-losing_enteropathy__regitz-zagrosek-2018-2018-esc-guideline-for-the-management-of-cardiovasc_n0018/e_0011 type ConditionOrFindingEntity => saturations_%3C85%25,_depressed_ventricular_function,_moderate%E2%80%93severe_AV_regurgitation,_refractory_arrhythmia,_or_protein-losing_enteropathy__regitz-zagrosek-2018-2018-esc-guideline-for-the-management-of-cardiovasc_n0018/e_0011 type PatientCondition
Rule_742	?a type ConditionOrFindingEntity => ?a type PatientCondition	LVEF_%3C_50%25__zeppenfeld-2022-esc-guidelines-va-and-scd_n0060/e_0034 type ConditionOrFindingEntity => LVEF_%3C_50%25__zeppenfeld-2022-esc-guidelines-va-and-scd_n0060/e_0034 type PatientCondition
Rule_742	?a type ConditionOrFindingEntity => ?a type PatientCondition	mild_decrease_of_renal_function__heidenreich-2022-aha-acc-hfsa-guidelines_n0087/e_0006 type ConditionOrFindingEntity => mild_decrease_of_renal_function__heidenreich-2022-aha-acc-hfsa-guidelines_n0087/e_0006 type PatientCondition
Rule_742	?a type ConditionOrFindingEntity => ?a type PatientCondition	HF__mcdonagh-2023-esc-guidelines_n0097/e_0049 type ConditionOrFindingEntity => HF__mcdonagh-2023-esc-guidelines_n0097/e_0049 type PatientCondition
Rule_742	?a type ConditionOrFindingEntity => ?a type PatientCondition	su_verified_6ed52cdf724db04223b4d1c2e62f3c35f6b42bc19bc5e3198277d681d47e1eb9_table_5/e_0071 type ConditionOrFindingEntity => su_verified_6ed52cdf724db04223b4d1c2e62f3c35f6b42bc19bc5e3198277d681d47e1eb9_table_5/e_0071 type PatientCondition
Rule_742	?a type ConditionOrFindingEntity => ?a type PatientCondition	intrinsic_QRS_is_narrow__glikson-2021-2021-esc-guidelines-on-cardiac-pacing-and-cardiac-resynchro_n0057/e_0020 type ConditionOrFindingEntity => intrinsic_QRS_is_narrow__glikson-2021-2021-esc-guidelines-on-cardiac-pacing-and-cardiac-resynchro_n0057/e_0020 type PatientCondition
Rule_742	?a type ConditionOrFindingEntity => ?a type PatientCondition	high-risk_features_of_sudden_death__heidenreich-2022-aha-acc-hfsa-guidelines_n0065/e_0041 type ConditionOrFindingEntity => high-risk_features_of_sudden_death__heidenreich-2022-aha-acc-hfsa-guidelines_n0065/e_0041 type PatientCondition
Rule_742	?a type ConditionOrFindingEntity => ?a type PatientCondition	if_available__heidenreich-2022-aha-acc-hfsa-guidelines_n0108/e_0118 type ConditionOrFindingEntity => if_available__heidenreich-2022-aha-acc-hfsa-guidelines_n0108/e_0118 type PatientCondition
Rule_742	?a type ConditionOrFindingEntity => ?a type PatientCondition	congenital_heart_disease_or_congenital_arrhythmia,_cardiomyopathies,_aortic_disease,_or_genetic_malformations_associated_with_CVD__regitz-zagrosek-2018-2018-esc-guideline-for-the-management-of-cardiovasc_n0016/e_0030 type ConditionOrFindingEntity => congenital_heart_disease_or_congenital_arrhythmia,_cardiomyopathies,_aortic_disease,_or_genetic_malformations_associated_with_CVD__regitz-zagrosek-2018-2018-esc-guideline-for-the-management-of-cardiovasc_n0016/e_0030 type PatientCondition
Rule_742	?a type ConditionOrFindingEntity => ?a type PatientCondition	The_degree_of_volume_excess__execut-1_n0026/e_0041 type ConditionOrFindingEntity => The_degree_of_volume_excess__execut-1_n0026/e_0041 type PatientCondition
Rule_742	?a type ConditionOrFindingEntity => ?a type PatientCondition	NYHA_class_II,_III,_or_ambulatory_IV_symptoms__heidenreich-2022-aha-acc-hfsa-guidelines_n0063/e_0051 type ConditionOrFindingEntity => NYHA_class_II,_III,_or_ambulatory_IV_symptoms__heidenreich-2022-aha-acc-hfsa-guidelines_n0063/e_0051 type PatientCondition
Rule_742	?a type ConditionOrFindingEntity => ?a type PatientCondition	coronary_artery_stenosis__mcdonagh-2023-esc-guidelines_n0023/e_0012 type ConditionOrFindingEntity => coronary_artery_stenosis__mcdonagh-2023-esc-guidelines_n0023/e_0012 type PatientCondition
Rule_742	?a type ConditionOrFindingEntity => ?a type PatientCondition	Influenza__mcdonagh-2023-esc-guidelines_n0051/e_0014 type ConditionOrFindingEntity => Influenza__mcdonagh-2023-esc-guidelines_n0051/e_0014 type PatientCondition
Rule_742	?a type ConditionOrFindingEntity => ?a type PatientCondition	VF__zeppenfeld-2022-esc-guidelines-va-and-scd_n0075/e_0013 type ConditionOrFindingEntity => VF__zeppenfeld-2022-esc-guidelines-va-and-scd_n0075/e_0013 type PatientCondition
Rule_742	?a type ConditionOrFindingEntity => ?a type PatientCondition	myocarditis__zeppenfeld-2022-esc-guidelines-va-and-scd_n0020/e_0063 type ConditionOrFindingEntity => myocarditis__zeppenfeld-2022-esc-guidelines-va-and-scd_n0020/e_0063 type PatientCondition
Rule_742	?a type ConditionOrFindingEntity => ?a type PatientCondition	symptomatic_heart_failure_(NYHA_II/III)__zeppenfeld-2022-esc-guidelines-va-and-scd_n0095/e_0027 type ConditionOrFindingEntity => symptomatic_heart_failure_(NYHA_II/III)__zeppenfeld-2022-esc-guidelines-va-and-scd_n0095/e_0027 type PatientCondition
Rule_742	?a type ConditionOrFindingEntity => ?a type PatientCondition	HF__mcdonagh-2023-esc-guidelines_n0097/e_0043 type ConditionOrFindingEntity => HF__mcdonagh-2023-esc-guidelines_n0097/e_0043 type PatientCondition
Rule_742	?a type ConditionOrFindingEntity => ?a type PatientCondition	stable_condition__pelliccia-2020-2020-esc-guidelines-on-sports-cardiology-and-exercise-in_n0041/e_0010 type ConditionOrFindingEntity => stable_condition__pelliccia-2020-2020-esc-guidelines-on-sports-cardiology-and-exercise-in_n0041/e_0010 type PatientCondition
Rule_742	?a type ConditionOrFindingEntity => ?a type PatientCondition	multiple_risk_factors_(such_as_hypertension,_hypercholesterolemia,_smoking_and_insulin_resistance_or_diabetes)__ambrosetti-2020-secondary-prevention-comprehensive-cardiovascular-rehabi_n0001/e_0081 type ConditionOrFindingEntity => multiple_risk_factors_(such_as_hypertension,_hypercholesterolemia,_smoking_and_insulin_resistance_or_diabetes)__ambrosetti-2020-secondary-prevention-comprehensive-cardiovascular-rehabi_n0001/e_0081 type PatientCondition
Rule_742	?a type ConditionOrFindingEntity => ?a type PatientCondition	ERS__zeppenfeld-2022-esc-guidelines-va-and-scd_n0082/e_0046 type ConditionOrFindingEntity => ERS__zeppenfeld-2022-esc-guidelines-va-and-scd_n0082/e_0046 type PatientCondition
Rule_742	?a type ConditionOrFindingEntity => ?a type PatientCondition	HF__mcdonagh-2023-esc-guidelines_n0074/e_0016 type ConditionOrFindingEntity => HF__mcdonagh-2023-esc-guidelines_n0074/e_0016 type PatientCondition
Rule_742	?a type ConditionOrFindingEntity => ?a type PatientCondition	myocardial_infiltrative_processes__al-khatib-2017-aha-acc-hrs-guideline-va-and-scd_n0038/e_0003 type ConditionOrFindingEntity => myocardial_infiltrative_processes__al-khatib-2017-aha-acc-hrs-guideline-va-and-scd_n0038/e_0003 type PatientCondition
Rule_742	?a type ConditionOrFindingEntity => ?a type PatientCondition	LV_dysfunction__al-khatib-2017-aha-acc-hrs-guideline-va-and-scd_n0038/e_0014 type ConditionOrFindingEntity => LV_dysfunction__al-khatib-2017-aha-acc-hrs-guideline-va-and-scd_n0038/e_0014 type PatientCondition
Rule_742	?a type ConditionOrFindingEntity => ?a type PatientCondition	HCM__zeppenfeld-2022-esc-guidelines-va-and-scd_n0018/e_0136 type ConditionOrFindingEntity => HCM__zeppenfeld-2022-esc-guidelines-va-and-scd_n0018/e_0136 type PatientCondition
Rule_742	?a type ConditionOrFindingEntity => ?a type PatientCondition	chronic_HFrEF__heidenreich-2022-aha-acc-hfsa-guidelines_n0051/e_0018 type ConditionOrFindingEntity => chronic_HFrEF__heidenreich-2022-aha-acc-hfsa-guidelines_n0051/e_0018 type PatientCondition
Rule_742	?a type ConditionOrFindingEntity => ?a type PatientCondition	sudden_cardiac_death_in_family_members_at_young_age__mcdonagh-2023-esc-guidelines_n0083/e_0005 type ConditionOrFindingEntity => sudden_cardiac_death_in_family_members_at_young_age__mcdonagh-2023-esc-guidelines_n0083/e_0005 type PatientCondition
Rule_742	?a type ConditionOrFindingEntity => ?a type PatientCondition	BBR-VT__zeppenfeld-2022-esc-guidelines-va-and-scd_n0095/e_0020 type ConditionOrFindingEntity => BBR-VT__zeppenfeld-2022-esc-guidelines-va-and-scd_n0095/e_0020 type PatientCondition
Rule_742	?a type ConditionOrFindingEntity => ?a type PatientCondition	KCCQ_decrease_%3E5_units__supp-material-esc-guidelines_n0018/e_0010 type ConditionOrFindingEntity => KCCQ_decrease_%3E5_units__supp-material-esc-guidelines_n0018/e_0010 type PatientCondition
Rule_742	?a type ConditionOrFindingEntity => ?a type PatientCondition	arrhythmia__zeppenfeld-2022-esc-guidelines-va-and-scd_n0094/e_0099 type ConditionOrFindingEntity => arrhythmia__zeppenfeld-2022-esc-guidelines-va-and-scd_n0094/e_0099 type PatientCondition
Rule_742	?a type ConditionOrFindingEntity => ?a type PatientCondition	absence_of_frequent_and/or_complex_VAs__pelliccia-2020-2020-esc-guidelines-on-sports-cardiology-and-exercise-in_n0060/e_0016 type ConditionOrFindingEntity => absence_of_frequent_and/or_complex_VAs__pelliccia-2020-2020-esc-guidelines-on-sports-cardiology-and-exercise-in_n0060/e_0016 type PatientCondition
Rule_742	?a type ConditionOrFindingEntity => ?a type PatientCondition	HFpEF__mcdonagh-2023-esc-guidelines_n0096/e_0005 type ConditionOrFindingEntity => HFpEF__mcdonagh-2023-esc-guidelines_n0096/e_0005 type PatientCondition
Rule_742	?a type ConditionOrFindingEntity => ?a type PatientCondition	Type_I_BrS_ECG__zeppenfeld-2022-esc-guidelines-va-and-scd_n0025/e_0012 type ConditionOrFindingEntity => Type_I_BrS_ECG__zeppenfeld-2022-esc-guidelines-va-and-scd_n0025/e_0012 type PatientCondition
Rule_742	?a type ConditionOrFindingEntity => ?a type PatientCondition	QT_prolongation__zeppenfeld-2022-esc-guidelines-va-and-scd_n0038/e_0057 type ConditionOrFindingEntity => QT_prolongation__zeppenfeld-2022-esc-guidelines-va-and-scd_n0038/e_0057 type PatientCondition
Rule_742	?a type ConditionOrFindingEntity => ?a type PatientCondition	BrS,_SQT__lenarczyk-2024-management-of-patients-with-an-electrical-storm-or-cluste_n0020/e_0014 type ConditionOrFindingEntity => BrS,_SQT__lenarczyk-2024-management-of-patients-with-an-electrical-storm-or-cluste_n0020/e_0014 type PatientCondition
Rule_742	?a type ConditionOrFindingEntity => ?a type PatientCondition	not_due_to_a_transient,_potentially_reversible_cause,_such_as_acute_MI__execut-1_n0040/e_0049 type ConditionOrFindingEntity => not_due_to_a_transient,_potentially_reversible_cause,_such_as_acute_MI__execut-1_n0040/e_0049 type PatientCondition
Rule_742	?a type ConditionOrFindingEntity => ?a type PatientCondition	SQTS__zeppenfeld-2022-esc-guidelines-va-and-scd_n0021/e_0039 type ConditionOrFindingEntity => SQTS__zeppenfeld-2022-esc-guidelines-va-and-scd_n0021/e_0039 type PatientCondition
Rule_742	?a type ConditionOrFindingEntity => ?a type PatientCondition	iron_deficiency__mcdonagh-2023-esc-guidelines_n0094/e_0012 type ConditionOrFindingEntity => iron_deficiency__mcdonagh-2023-esc-guidelines_n0094/e_0012 type PatientCondition
Rule_742	?a type ConditionOrFindingEntity => ?a type PatientCondition	PVC__zeppenfeld-2022-esc-guidelines-va-and-scd_n0042/e_0023 type ConditionOrFindingEntity => PVC__zeppenfeld-2022-esc-guidelines-va-and-scd_n0042/e_0023 type PatientCondition
Rule_742	?a type ConditionOrFindingEntity => ?a type PatientCondition	VT__al-khatib-2017-aha-acc-hrs-guideline-va-and-scd_n0032/e_0019 type ConditionOrFindingEntity => VT__al-khatib-2017-aha-acc-hrs-guideline-va-and-scd_n0032/e_0019 type PatientCondition
Rule_742	?a type ConditionOrFindingEntity => ?a type PatientCondition	SMVT__zeppenfeld-2022-esc-guidelines-va-and-scd_n0067/e_0037 type ConditionOrFindingEntity => SMVT__zeppenfeld-2022-esc-guidelines-va-and-scd_n0067/e_0037 type PatientCondition
Rule_742	?a type ConditionOrFindingEntity => ?a type PatientCondition	VA__al-khatib-2017-aha-acc-hrs-guideline-va-and-scd_n0058/e_0005 type ConditionOrFindingEntity => VA__al-khatib-2017-aha-acc-hrs-guideline-va-and-scd_n0058/e_0005 type PatientCondition
Rule_742	?a type ConditionOrFindingEntity => ?a type PatientCondition	HF__heidenreich-2022-aha-acc-hfsa-guidelines_n0030/e_0015 type ConditionOrFindingEntity => HF__heidenreich-2022-aha-acc-hfsa-guidelines_n0030/e_0015 type PatientCondition
Rule_742	?a type ConditionOrFindingEntity => ?a type PatientCondition	clinical_circumstances__ambrosetti-2020-secondary-prevention-comprehensive-cardiovascular-rehabi_n0014/e_0091 type ConditionOrFindingEntity => clinical_circumstances__ambrosetti-2020-secondary-prevention-comprehensive-cardiovascular-rehabi_n0014/e_0091 type PatientCondition
Rule_742	?a type ConditionOrFindingEntity => ?a type PatientCondition	COPD__ambrosetti-2020-secondary-prevention-comprehensive-cardiovascular-rehabi_n0015/e_0041 type ConditionOrFindingEntity => COPD__ambrosetti-2020-secondary-prevention-comprehensive-cardiovascular-rehabi_n0015/e_0041 type PatientCondition
Rule_742	?a type ConditionOrFindingEntity => ?a type PatientCondition	HF__mcdonagh-2023-esc-guidelines_n0094/e_0031 type ConditionOrFindingEntity => HF__mcdonagh-2023-esc-guidelines_n0094/e_0031 type PatientCondition
Rule_742	?a type ConditionOrFindingEntity => ?a type PatientCondition	ARVC__zeppenfeld-2022-esc-guidelines-va-and-scd_n0094/e_0032 type ConditionOrFindingEntity => ARVC__zeppenfeld-2022-esc-guidelines-va-and-scd_n0094/e_0032 type PatientCondition
Rule_742	?a type ConditionOrFindingEntity => ?a type PatientCondition	long_QT_syndrome__al-khatib-2017-aha-acc-hrs-guideline-va-and-scd_n0053/e_0003 type ConditionOrFindingEntity => long_QT_syndrome__al-khatib-2017-aha-acc-hrs-guideline-va-and-scd_n0053/e_0003 type PatientCondition
Rule_742	?a type ConditionOrFindingEntity => ?a type PatientCondition	CAD__zeppenfeld-2022-esc-guidelines-va-and-scd_n0054/e_0086 type ConditionOrFindingEntity => CAD__zeppenfeld-2022-esc-guidelines-va-and-scd_n0054/e_0086 type PatientCondition
Rule_742	?a type ConditionOrFindingEntity => ?a type PatientCondition	cardiomyopathy__zeppenfeld-2022-esc-guidelines-va-and-scd_n0070/e_0007 type ConditionOrFindingEntity => cardiomyopathy__zeppenfeld-2022-esc-guidelines-va-and-scd_n0070/e_0007 type PatientCondition
Rule_742	?a type ConditionOrFindingEntity => ?a type PatientCondition	VA__al-khatib-2017-aha-acc-hrs-guideline-va-and-scd_n0046/e_0012 type ConditionOrFindingEntity => VA__al-khatib-2017-aha-acc-hrs-guideline-va-and-scd_n0046/e_0012 type PatientCondition
Rule_742	?a type ConditionOrFindingEntity => ?a type PatientCondition	cardiac_cachexia__ambrosetti-2020-secondary-prevention-comprehensive-cardiovascular-rehabi_n0012/e_0051 type ConditionOrFindingEntity => cardiac_cachexia__ambrosetti-2020-secondary-prevention-comprehensive-cardiovascular-rehabi_n0012/e_0051 type PatientCondition
Rule_742	?a type ConditionOrFindingEntity => ?a type PatientCondition	Pregnancy__regitz-zagrosek-2018-2018-esc-guideline-for-the-management-of-cardiovasc_n0048/e_0037 type ConditionOrFindingEntity => Pregnancy__regitz-zagrosek-2018-2018-esc-guideline-for-the-management-of-cardiovasc_n0048/e_0037 type PatientCondition
Rule_742	?a type ConditionOrFindingEntity => ?a type PatientCondition	Severe_sinus_node_dysfunction__zeppenfeld-2022-esc-guidelines-va-and-scd_n0038/e_0070 type ConditionOrFindingEntity => Severe_sinus_node_dysfunction__zeppenfeld-2022-esc-guidelines-va-and-scd_n0038/e_0070 type PatientCondition
Rule_742	?a type ConditionOrFindingEntity => ?a type PatientCondition	hyperkalaemia__mullens-2019-the-use-of-diuretics-in-heart-failure-with-congestion_n0004/e_0017 type ConditionOrFindingEntity => hyperkalaemia__mullens-2019-the-use-of-diuretics-in-heart-failure-with-congestion_n0004/e_0017 type PatientCondition
Rule_742	?a type ConditionOrFindingEntity => ?a type PatientCondition	EMIs__braunschweig-2010-management-of-patients-receiving-implantable-cardiac-d_n0007/e_0018 type ConditionOrFindingEntity => EMIs__braunschweig-2010-management-of-patients-receiving-implantable-cardiac-d_n0007/e_0018 type PatientCondition
Rule_742	?a type ConditionOrFindingEntity => ?a type PatientCondition	aged_%3C50_years__mcdonagh-2023-esc-guidelines_n0084/e_0014 type ConditionOrFindingEntity => aged_%3C50_years__mcdonagh-2023-esc-guidelines_n0084/e_0014 type PatientCondition
Rule_742	?a type ConditionOrFindingEntity => ?a type PatientCondition	Profile_1._Critical_cardiogenic_shock__mcdonagh-2023-esc-guidelines_n0059/e_0001 type ConditionOrFindingEntity => Profile_1._Critical_cardiogenic_shock__mcdonagh-2023-esc-guidelines_n0059/e_0001 type PatientCondition
Rule_742	?a type ConditionOrFindingEntity => ?a type PatientCondition	significant_comorbidities__lenarczyk-2024-management-of-patients-with-an-electrical-storm-or-cluste_n0023/e_0009 type ConditionOrFindingEntity => significant_comorbidities__lenarczyk-2024-management-of-patients-with-an-electrical-storm-or-cluste_n0023/e_0009 type PatientCondition
Rule_742	?a type ConditionOrFindingEntity => ?a type PatientCondition	syncope__zeppenfeld-2022-esc-guidelines-va-and-scd_n0081/e_0021 type ConditionOrFindingEntity => syncope__zeppenfeld-2022-esc-guidelines-va-and-scd_n0081/e_0021 type PatientCondition
Rule_742	?a type ConditionOrFindingEntity => ?a type PatientCondition	allergy_to_adenosine__zeppenfeld-2022-esc-guidelines-va-and-scd_n0026/e_0022 type ConditionOrFindingEntity => allergy_to_adenosine__zeppenfeld-2022-esc-guidelines-va-and-scd_n0026/e_0022 type PatientCondition
Rule_742	?a type ConditionOrFindingEntity => ?a type PatientCondition	Active_infection__mcdonagh-2023-esc-guidelines_n0062/e_0004 type ConditionOrFindingEntity => Active_infection__mcdonagh-2023-esc-guidelines_n0062/e_0004 type PatientCondition
Rule_742	?a type ConditionOrFindingEntity => ?a type PatientCondition	coronary_artery_disease_(CAD)__heidenreich-2022-aha-acc-hfsa-guidelines_n0021/e_0031 type ConditionOrFindingEntity => coronary_artery_disease_(CAD)__heidenreich-2022-aha-acc-hfsa-guidelines_n0021/e_0031 type PatientCondition
Rule_742	?a type ConditionOrFindingEntity => ?a type PatientCondition	health_disparities__heidenreich-2022-aha-acc-hfsa-guidelines_n0102/e_0002 type ConditionOrFindingEntity => health_disparities__heidenreich-2022-aha-acc-hfsa-guidelines_n0102/e_0002 type PatientCondition
Rule_742	?a type ConditionOrFindingEntity => ?a type PatientCondition	VT__zeppenfeld-2022-esc-guidelines-va-and-scd_n0091/e_0069 type ConditionOrFindingEntity => VT__zeppenfeld-2022-esc-guidelines-va-and-scd_n0091/e_0069 type PatientCondition
Rule_742	?a type ConditionOrFindingEntity => ?a type PatientCondition	hypomagnesaemia__mullens-2019-the-use-of-diuretics-in-heart-failure-with-congestion_n0005/e_0007 type ConditionOrFindingEntity => hypomagnesaemia__mullens-2019-the-use-of-diuretics-in-heart-failure-with-congestion_n0005/e_0007 type PatientCondition
Rule_742	?a type ConditionOrFindingEntity => ?a type PatientCondition	Dyspnea__sectio-4_n0004/e_0027 type ConditionOrFindingEntity => Dyspnea__sectio-4_n0004/e_0027 type PatientCondition
Rule_742	?a type ConditionOrFindingEntity => ?a type PatientCondition	ventricular_arrhythmia_has_occurred_%3C48_h_after_a_MI__mcdonagh-2023-esc-guidelines_n0045/e_0008 type ConditionOrFindingEntity => ventricular_arrhythmia_has_occurred_%3C48_h_after_a_MI__mcdonagh-2023-esc-guidelines_n0045/e_0008 type PatientCondition
Rule_742	?a type ConditionOrFindingEntity => ?a type PatientCondition	stress_on_the_heart__cardiosmart-modul1-zusammengefugt_n0002/e_0009 type ConditionOrFindingEntity => stress_on_the_heart__cardiosmart-modul1-zusammengefugt_n0002/e_0009 type PatientCondition
Rule_742	?a type ConditionOrFindingEntity => ?a type PatientCondition	lead_insulation_failure__braunschweig-2010-management-of-patients-receiving-implantable-cardiac-d_n0007/e_0032 type ConditionOrFindingEntity => lead_insulation_failure__braunschweig-2010-management-of-patients-receiving-implantable-cardiac-d_n0007/e_0032 type PatientCondition
Rule_742	?a type ConditionOrFindingEntity => ?a type PatientCondition	Severe_aortic_dilatation__pelliccia-2020-2020-esc-guidelines-on-sports-cardiology-and-exercise-in_n0053/e_0031 type ConditionOrFindingEntity => Severe_aortic_dilatation__pelliccia-2020-2020-esc-guidelines-on-sports-cardiology-and-exercise-in_n0053/e_0031 type PatientCondition
Rule_742	?a type ConditionOrFindingEntity => ?a type PatientCondition	spontaneous_type_1_Brugada_ECG_pattern__zeppenfeld-2022-esc-guidelines-va-and-scd_n0080/e_0003 type ConditionOrFindingEntity => spontaneous_type_1_Brugada_ECG_pattern__zeppenfeld-2022-esc-guidelines-va-and-scd_n0080/e_0003 type PatientCondition
Rule_742	?a type ConditionOrFindingEntity => ?a type PatientCondition	proband_has_a_disease_causing_mutation__al-khatib-2017-aha-acc-hrs-guideline-va-and-scd_n0042/e_0006 type ConditionOrFindingEntity => proband_has_a_disease_causing_mutation__al-khatib-2017-aha-acc-hrs-guideline-va-and-scd_n0042/e_0006 type PatientCondition
Rule_742	?a type ConditionOrFindingEntity => ?a type PatientCondition	etiology_of_HF__maddox-2021-2021-update-to-the-2017-acc-expert-consensus-decision-pathwa_n0010/e_0032 type ConditionOrFindingEntity => etiology_of_HF__maddox-2021-2021-update-to-the-2017-acc-expert-consensus-decision-pathwa_n0010/e_0032 type PatientCondition
Rule_742	?a type ConditionOrFindingEntity => ?a type PatientCondition	decompensated__lenarczyk-2024-management-of-patients-with-an-electrical-storm-or-cluste_n0020/e_0067 type ConditionOrFindingEntity => decompensated__lenarczyk-2024-management-of-patients-with-an-electrical-storm-or-cluste_n0020/e_0067 type PatientCondition
Rule_742	?a type ConditionOrFindingEntity => ?a type PatientCondition	each_of_these_symptoms__sectio-1_n0006/e_0019 type ConditionOrFindingEntity => each_of_these_symptoms__sectio-1_n0006/e_0019 type PatientCondition
Rule_742	?a type ConditionOrFindingEntity => ?a type PatientCondition	not_due_to_a_transient,_potentially_reversible_cause,_such_as_acute_MI__sectio-1_n0022/e_0049 type ConditionOrFindingEntity => not_due_to_a_transient,_potentially_reversible_cause,_such_as_acute_MI__sectio-1_n0022/e_0049 type PatientCondition
Rule_742	?a type ConditionOrFindingEntity => ?a type PatientCondition	signs_of_congestion__mcdonagh-2023-esc-guidelines_n0021/e_0021 type ConditionOrFindingEntity => signs_of_congestion__mcdonagh-2023-esc-guidelines_n0021/e_0021 type PatientCondition
Rule_742	?a type ConditionOrFindingEntity => ?a type PatientCondition	HCM__zeppenfeld-2022-esc-guidelines-va-and-scd_n0094/e_0074 type ConditionOrFindingEntity => HCM__zeppenfeld-2022-esc-guidelines-va-and-scd_n0094/e_0074 type PatientCondition
Rule_742	?a type ConditionOrFindingEntity => ?a type PatientCondition	coronary_vasospasm__zeppenfeld-2022-esc-guidelines-va-and-scd_n0025/e_0057 type ConditionOrFindingEntity => coronary_vasospasm__zeppenfeld-2022-esc-guidelines-va-and-scd_n0025/e_0057 type PatientCondition
Rule_742	?a type ConditionOrFindingEntity => ?a type PatientCondition	Major_electrolyte_disturbance__sectio-4_n0001/e_0016 type ConditionOrFindingEntity => Major_electrolyte_disturbance__sectio-4_n0001/e_0016 type PatientCondition
Rule_742	?a type ConditionOrFindingEntity => ?a type PatientCondition	cachexia__ambrosetti-2020-secondary-prevention-comprehensive-cardiovascular-rehabi_n0006/e_9103 type ConditionOrFindingEntity => cachexia__ambrosetti-2020-secondary-prevention-comprehensive-cardiovascular-rehabi_n0006/e_9103 type PatientCondition
Rule_742	?a type ConditionOrFindingEntity => ?a type PatientCondition	diabetes__morris-2021-guidance-for-timely-and-appropriate-referral-of-patients-wit_n0002/e_0008 type ConditionOrFindingEntity => diabetes__morris-2021-guidance-for-timely-and-appropriate-referral-of-patients-wit_n0002/e_0008 type PatientCondition
Rule_742	?a type ConditionOrFindingEntity => ?a type PatientCondition	BrS__zeppenfeld-2022-esc-guidelines-va-and-scd_n0080/e_0010 type ConditionOrFindingEntity => BrS__zeppenfeld-2022-esc-guidelines-va-and-scd_n0080/e_0010 type PatientCondition
Rule_742	?a type ConditionOrFindingEntity => ?a type PatientCondition	DCM/HNDCM__zeppenfeld-2022-esc-guidelines-va-and-scd_n0061/e_0038 type ConditionOrFindingEntity => DCM/HNDCM__zeppenfeld-2022-esc-guidelines-va-and-scd_n0061/e_0038 type PatientCondition
Rule_742	?a type ConditionOrFindingEntity => ?a type PatientCondition	PVT__zeppenfeld-2022-esc-guidelines-va-and-scd_n0052/e_0009 type ConditionOrFindingEntity => PVT__zeppenfeld-2022-esc-guidelines-va-and-scd_n0052/e_0009 type PatientCondition
Rule_742	?a type ConditionOrFindingEntity => ?a type PatientCondition	nonischemic_cardiomyopathy__heidenreich-2022-aha-acc-hfsa-guidelines_n0019/e_0009 type ConditionOrFindingEntity => nonischemic_cardiomyopathy__heidenreich-2022-aha-acc-hfsa-guidelines_n0019/e_0009 type PatientCondition
Rule_742	?a type ConditionOrFindingEntity => ?a type PatientCondition	non-diagnostic_abnormalities__mcdonagh-2023-esc-guidelines_n0084/e_0015 type ConditionOrFindingEntity => non-diagnostic_abnormalities__mcdonagh-2023-esc-guidelines_n0084/e_0015 type PatientCondition
Rule_742	?a type ConditionOrFindingEntity => ?a type PatientCondition	age,_family_history,_cardiac_phenotype__mcdonagh-2023-esc-guidelines_n0083/e_0027 type ConditionOrFindingEntity => age,_family_history,_cardiac_phenotype__mcdonagh-2023-esc-guidelines_n0083/e_0027 type PatientCondition
Rule_742	?a type ConditionOrFindingEntity => ?a type PatientCondition	Concomitant_treatments_associated_with_QT_interval_prolongation__zeppenfeld-2022-esc-guidelines-va-and-scd_n0040/e_0058 type ConditionOrFindingEntity => Concomitant_treatments_associated_with_QT_interval_prolongation__zeppenfeld-2022-esc-guidelines-va-and-scd_n0040/e_0058 type PatientCondition
Rule_742	?a type ConditionOrFindingEntity => ?a type PatientCondition	PVC__zeppenfeld-2022-esc-guidelines-va-and-scd_n0075/e_0039 type ConditionOrFindingEntity => PVC__zeppenfeld-2022-esc-guidelines-va-and-scd_n0075/e_0039 type PatientCondition
Rule_742	?a type ConditionOrFindingEntity => ?a type PatientCondition	VT__zeppenfeld-2022-esc-guidelines-va-and-scd_n0036/e_0012 type ConditionOrFindingEntity => VT__zeppenfeld-2022-esc-guidelines-va-and-scd_n0036/e_0012 type PatientCondition
Rule_742	?a type ConditionOrFindingEntity => ?a type PatientCondition	significant_ventricular_dysfunction__al-khatib-2017-aha-acc-hrs-guideline-va-and-scd_n0042/e_0019 type ConditionOrFindingEntity => significant_ventricular_dysfunction__al-khatib-2017-aha-acc-hrs-guideline-va-and-scd_n0042/e_0019 type PatientCondition
Rule_742	?a type ConditionOrFindingEntity => ?a type PatientCondition	risk_of_thromboembolism__execut-1_n0021/e_0012 type ConditionOrFindingEntity => risk_of_thromboembolism__execut-1_n0021/e_0012 type PatientCondition
Rule_742	?a type ConditionOrFindingEntity => ?a type PatientCondition	specific_pathologies_associated_with_conduction_abnormalities_needing_pacemaker_implantation__glikson-2021-2021-esc-guidelines-on-cardiac-pacing-and-cardiac-resynchro_n0036/e_0009 type ConditionOrFindingEntity => specific_pathologies_associated_with_conduction_abnormalities_needing_pacemaker_implantation__glikson-2021-2021-esc-guidelines-on-cardiac-pacing-and-cardiac-resynchro_n0036/e_0009 type PatientCondition
Rule_742	?a type ConditionOrFindingEntity => ?a type PatientCondition	each_of_these_symptoms__execut-1_n0026/e_0019 type ConditionOrFindingEntity => each_of_these_symptoms__execut-1_n0026/e_0019 type PatientCondition
Rule_742	?a type ConditionOrFindingEntity => ?a type PatientCondition	Left_main_stenosis__zeppenfeld-2022-esc-guidelines-va-and-scd_n0026/e_0005 type ConditionOrFindingEntity => Left_main_stenosis__zeppenfeld-2022-esc-guidelines-va-and-scd_n0026/e_0005 type PatientCondition
Rule_742	?a type ConditionOrFindingEntity => ?a type PatientCondition	hypotension__zeppenfeld-2022-esc-guidelines-va-and-scd_n0038/e_0088 type ConditionOrFindingEntity => hypotension__zeppenfeld-2022-esc-guidelines-va-and-scd_n0038/e_0088 type PatientCondition
Rule_742	?a type ConditionOrFindingEntity => ?a type PatientCondition	myasthenia_gravis__lenarczyk-2024-management-of-patients-with-an-electrical-storm-or-cluste_n0020/e_0139 type ConditionOrFindingEntity => myasthenia_gravis__lenarczyk-2024-management-of-patients-with-an-electrical-storm-or-cluste_n0020/e_0139 type PatientCondition
Rule_742	?a type ConditionOrFindingEntity => ?a type PatientCondition	post-transplant_heart_failure_development__ambrosetti-2020-secondary-prevention-comprehensive-cardiovascular-rehabi_n0007/e_0084 type ConditionOrFindingEntity => post-transplant_heart_failure_development__ambrosetti-2020-secondary-prevention-comprehensive-cardiovascular-rehabi_n0007/e_0084 type PatientCondition
Rule_742	?a type ConditionOrFindingEntity => ?a type PatientCondition	renal_dysfunction__mcdonagh-2023-esc-guidelines_n0097/e_0033 type ConditionOrFindingEntity => renal_dysfunction__mcdonagh-2023-esc-guidelines_n0097/e_0033 type PatientCondition
Rule_742	?a type ConditionOrFindingEntity => ?a type PatientCondition	HF__heidenreich-2022-aha-acc-hfsa-guidelines_n0037/e_0018 type ConditionOrFindingEntity => HF__heidenreich-2022-aha-acc-hfsa-guidelines_n0037/e_0018 type PatientCondition
Rule_742	?a type ConditionOrFindingEntity => ?a type PatientCondition	DCM/HNDCM__zeppenfeld-2022-esc-guidelines-va-and-scd_n0018/e_0100 type ConditionOrFindingEntity => DCM/HNDCM__zeppenfeld-2022-esc-guidelines-va-and-scd_n0018/e_0100 type PatientCondition
Rule_742	?a type ConditionOrFindingEntity => ?a type PatientCondition	LBBB__heidenreich-2022-aha-acc-hfsa-guidelines_n0065/e_0005 type ConditionOrFindingEntity => LBBB__heidenreich-2022-aha-acc-hfsa-guidelines_n0065/e_0005 type PatientCondition
Rule_742	?a type ConditionOrFindingEntity => ?a type PatientCondition	benefit_from_the_defibrillator_is_not_expected__zeppenfeld-2022-esc-guidelines-va-and-scd_n0089/e_0002 type ConditionOrFindingEntity => benefit_from_the_defibrillator_is_not_expected__zeppenfeld-2022-esc-guidelines-va-and-scd_n0089/e_0002 type PatientCondition
Rule_742	?a type ConditionOrFindingEntity => ?a type PatientCondition	pacing_is_no_longer_indicated__glikson-2021-2021-esc-guidelines-on-cardiac-pacing-and-cardiac-resynchro_n0078/e_0001 type ConditionOrFindingEntity => pacing_is_no_longer_indicated__glikson-2021-2021-esc-guidelines-on-cardiac-pacing-and-cardiac-resynchro_n0078/e_0001 type PatientCondition
Rule_742	?a type ConditionOrFindingEntity => ?a type PatientCondition	Lead-_and_connector-block_failure__braunschweig-2010-management-of-patients-receiving-implantable-cardiac-d_n0007/e_0030 type ConditionOrFindingEntity => Lead-_and_connector-block_failure__braunschweig-2010-management-of-patients-receiving-implantable-cardiac-d_n0007/e_0030 type PatientCondition
Rule_742	?a type ConditionOrFindingEntity => ?a type PatientCondition	combination_of_other_risk_factors__zeppenfeld-2022-esc-guidelines-va-and-scd_n0072/e_0025 type ConditionOrFindingEntity => combination_of_other_risk_factors__zeppenfeld-2022-esc-guidelines-va-and-scd_n0072/e_0025 type PatientCondition
Rule_742	?a type ConditionOrFindingEntity => ?a type PatientCondition	conduction_delay_in_the_absence__lenarczyk-2024-management-of-patients-with-an-electrical-storm-or-cluste_n0020/e_0065 type ConditionOrFindingEntity => conduction_delay_in_the_absence__lenarczyk-2024-management-of-patients-with-an-electrical-storm-or-cluste_n0020/e_0065 type PatientCondition
Rule_742	?a type ConditionOrFindingEntity => ?a type PatientCondition	LVEF_%3E35%25__zeppenfeld-2022-esc-guidelines-va-and-scd_n0068/e_0009 type ConditionOrFindingEntity => LVEF_%3E35%25__zeppenfeld-2022-esc-guidelines-va-and-scd_n0068/e_0009 type PatientCondition
Rule_742	?a type ConditionOrFindingEntity => ?a type PatientCondition	high_blood_pressure__cardiosmart-heartfailurebasics_n0002/e_0002 type ConditionOrFindingEntity => high_blood_pressure__cardiosmart-heartfailurebasics_n0002/e_0002 type PatientCondition
Rule_742	?a type ConditionOrFindingEntity => ?a type PatientCondition	haemodynamic-compromising_bradyarrhythmia_refractory_to_intravenous_chronotropic_drugs__glikson-2021-2021-esc-guidelines-on-cardiac-pacing-and-cardiac-resynchro_n0086/e_0035 type ConditionOrFindingEntity => haemodynamic-compromising_bradyarrhythmia_refractory_to_intravenous_chronotropic_drugs__glikson-2021-2021-esc-guidelines-on-cardiac-pacing-and-cardiac-resynchro_n0086/e_0035 type PatientCondition
Rule_742	?a type ConditionOrFindingEntity => ?a type PatientCondition	severe_intraventricular__zeppenfeld-2022-esc-guidelines-va-and-scd_n0038/e_0125 type ConditionOrFindingEntity => severe_intraventricular__zeppenfeld-2022-esc-guidelines-va-and-scd_n0038/e_0125 type PatientCondition
Rule_742	?a type ConditionOrFindingEntity => ?a type PatientCondition	risks_or_presence_of_renal_failure_and_electrolyte_dyscrasias__van-diepen-2017-contemporary-management-of-cardiogenic-shock_n0004/e_0036 type ConditionOrFindingEntity => risks_or_presence_of_renal_failure_and_electrolyte_dyscrasias__van-diepen-2017-contemporary-management-of-cardiogenic-shock_n0004/e_0036 type PatientCondition
Rule_742	?a type ConditionOrFindingEntity => ?a type PatientCondition	Pauses_%3E3%C3%97_the_cycle_length_of_the_ventricular_escape_rhythm__glikson-2021-2021-esc-guidelines-on-cardiac-pacing-and-cardiac-resynchro_n0064/e_0005 type ConditionOrFindingEntity => Pauses_%3E3%C3%97_the_cycle_length_of_the_ventricular_escape_rhythm__glikson-2021-2021-esc-guidelines-on-cardiac-pacing-and-cardiac-resynchro_n0064/e_0005 type PatientCondition
Rule_742	?a type ConditionOrFindingEntity => ?a type PatientCondition	myocarditis__zeppenfeld-2022-esc-guidelines-va-and-scd_n0067/e_0009 type ConditionOrFindingEntity => myocarditis__zeppenfeld-2022-esc-guidelines-va-and-scd_n0067/e_0009 type PatientCondition
Rule_742	?a type ConditionOrFindingEntity => ?a type PatientCondition	complete_AVB_with_low_or_no_escape_rhythm_when_resolution_is_unlikely__glikson-2021-2021-esc-guidelines-on-cardiac-pacing-and-cardiac-resynchro_n0061/e_0005 type ConditionOrFindingEntity => complete_AVB_with_low_or_no_escape_rhythm_when_resolution_is_unlikely__glikson-2021-2021-esc-guidelines-on-cardiac-pacing-and-cardiac-resynchro_n0061/e_0005 type PatientCondition
Rule_742	?a type ConditionOrFindingEntity => ?a type PatientCondition	su_verified_6ed52cdf724db04223b4d1c2e62f3c35f6b42bc19bc5e3198277d681d47e1eb9_table_5/e_0113 type ConditionOrFindingEntity => su_verified_6ed52cdf724db04223b4d1c2e62f3c35f6b42bc19bc5e3198277d681d47e1eb9_table_5/e_0113 type PatientCondition
Rule_742	?a type ConditionOrFindingEntity => ?a type PatientCondition	Risk_factors_(hypertension,_diabetes,_family_history_of_kidney_disease)_and_symptoms_of_CKD_(e.g._proteinuria)__ambrosetti-2020-secondary-prevention-comprehensive-cardiovascular-rehabi_n0016/e_0001 type ConditionOrFindingEntity => Risk_factors_(hypertension,_diabetes,_family_history_of_kidney_disease)_and_symptoms_of_CKD_(e.g._proteinuria)__ambrosetti-2020-secondary-prevention-comprehensive-cardiovascular-rehabi_n0016/e_0001 type PatientCondition
Rule_742	?a type ConditionOrFindingEntity => ?a type PatientCondition	iron_deficiency__mcdonagh-2023-esc-guidelines_n0022/e_0150 type ConditionOrFindingEntity => iron_deficiency__mcdonagh-2023-esc-guidelines_n0022/e_0150 type PatientCondition
Rule_742	?a type ConditionOrFindingEntity => ?a type PatientCondition	anorexia__vest-2019-nutrition-obesity-and-cachexia-in-patients-with-heart-failure_n0005/e_9002 type ConditionOrFindingEntity => anorexia__vest-2019-nutrition-obesity-and-cachexia-in-patients-with-heart-failure_n0005/e_9002 type PatientCondition
Rule_742	?a type ConditionOrFindingEntity => ?a type PatientCondition	symptoms__riegel-2009-promoting-self-care-in-persons-with-heart-failure_n0004/e_0063 type ConditionOrFindingEntity => symptoms__riegel-2009-promoting-self-care-in-persons-with-heart-failure_n0004/e_0063 type PatientCondition
Rule_742	?a type ConditionOrFindingEntity => ?a type PatientCondition	Ischaemic_aetiology__mcdonagh-2023-esc-guidelines_n0039/e_0007 type ConditionOrFindingEntity => Ischaemic_aetiology__mcdonagh-2023-esc-guidelines_n0039/e_0007 type PatientCondition
Rule_742	?a type ConditionOrFindingEntity => ?a type PatientCondition	ERP__zeppenfeld-2022-esc-guidelines-va-and-scd_n0019/e_0237 type ConditionOrFindingEntity => ERP__zeppenfeld-2022-esc-guidelines-va-and-scd_n0019/e_0237 type PatientCondition
Rule_742	?a type ConditionOrFindingEntity => ?a type PatientCondition	asymptomatic_arrhythmias_that_are_not_felt_to_contribute_to_HF_or_ventricular_dysfunction__execut-1_n0035/e_0032 type ConditionOrFindingEntity => asymptomatic_arrhythmias_that_are_not_felt_to_contribute_to_HF_or_ventricular_dysfunction__execut-1_n0035/e_0032 type PatientCondition
Rule_742	?a type ConditionOrFindingEntity => ?a type PatientCondition	heart_disease__zeppenfeld-2022-esc-guidelines-va-and-scd_n0085/e_0009 type ConditionOrFindingEntity => heart_disease__zeppenfeld-2022-esc-guidelines-va-and-scd_n0085/e_0009 type PatientCondition
Rule_742	?a type ConditionOrFindingEntity => ?a type PatientCondition	su_verified_6ed52cdf724db04223b4d1c2e62f3c35f6b42bc19bc5e3198277d681d47e1eb9_table_6/e_0019 type ConditionOrFindingEntity => su_verified_6ed52cdf724db04223b4d1c2e62f3c35f6b42bc19bc5e3198277d681d47e1eb9_table_6/e_0019 type PatientCondition
Rule_742	?a type ConditionOrFindingEntity => ?a type PatientCondition	hyperkalemia__heidenreich-2022-aha-acc-hfsa-guidelines_n0046/e_0013 type ConditionOrFindingEntity => hyperkalemia__heidenreich-2022-aha-acc-hfsa-guidelines_n0046/e_0013 type PatientCondition
Rule_742	?a type ConditionOrFindingEntity => ?a type PatientCondition	VA__zeppenfeld-2022-esc-guidelines-va-and-scd_n0061/e_0027 type ConditionOrFindingEntity => VA__zeppenfeld-2022-esc-guidelines-va-and-scd_n0061/e_0027 type PatientCondition
Rule_742	?a type ConditionOrFindingEntity => ?a type PatientCondition	HMOD__visseren-2021-esc-guidelines-cardiovascular-disease-prevention_n0056/e_0017 type ConditionOrFindingEntity => HMOD__visseren-2021-esc-guidelines-cardiovascular-disease-prevention_n0056/e_0017 type PatientCondition
Rule_742	?a type ConditionOrFindingEntity => ?a type PatientCondition	diabetic__riegel-2009-promoting-self-care-in-persons-with-heart-failure_n0002/e_0030 type ConditionOrFindingEntity => diabetic__riegel-2009-promoting-self-care-in-persons-with-heart-failure_n0002/e_0030 type PatientCondition
Rule_742	?a type ConditionOrFindingEntity => ?a type PatientCondition	significant_stressors__visseren-2021-esc-guidelines-cardiovascular-disease-prevention_n0030/e_0011 type ConditionOrFindingEntity => significant_stressors__visseren-2021-esc-guidelines-cardiovascular-disease-prevention_n0030/e_0011 type PatientCondition
Rule_742	?a type ConditionOrFindingEntity => ?a type PatientCondition	symptoms_of_SAS__glikson-2021-2021-esc-guidelines-on-cardiac-pacing-and-cardiac-resynchro_n0039/e_0003 type ConditionOrFindingEntity => symptoms_of_SAS__glikson-2021-2021-esc-guidelines-on-cardiac-pacing-and-cardiac-resynchro_n0039/e_0003 type PatientCondition
Rule_742	?a type ConditionOrFindingEntity => ?a type PatientCondition	venous_thromboembolism_%5BVTE%5D__heidenreich-2022-aha-acc-hfsa-guidelines_n0051/e_0020 type ConditionOrFindingEntity => venous_thromboembolism_%5BVTE%5D__heidenreich-2022-aha-acc-hfsa-guidelines_n0051/e_0020 type PatientCondition
Rule_742	?a type ConditionOrFindingEntity => ?a type PatientCondition	rapidly_progressive_HF__mcdonagh-2023-esc-guidelines_n0032/e_0021 type ConditionOrFindingEntity => rapidly_progressive_HF__mcdonagh-2023-esc-guidelines_n0032/e_0021 type PatientCondition
Rule_742	?a type ConditionOrFindingEntity => ?a type PatientCondition	clinical_factors_indicating_the_presence_of_advanced_HF__heidenreich-2022-aha-acc-hfsa-guidelines_n0013/e_0010 type ConditionOrFindingEntity => clinical_factors_indicating_the_presence_of_advanced_HF__heidenreich-2022-aha-acc-hfsa-guidelines_n0013/e_0010 type PatientCondition
Rule_742	?a type ConditionOrFindingEntity => ?a type PatientCondition	vital_indications__regitz-zagrosek-2018-2018-esc-guideline-for-the-management-of-cardiovasc_n0016/e_0055 type ConditionOrFindingEntity => vital_indications__regitz-zagrosek-2018-2018-esc-guideline-for-the-management-of-cardiovasc_n0016/e_0055 type PatientCondition
Rule_742	?a type ConditionOrFindingEntity => ?a type PatientCondition	HF__vest-2019-nutrition-obesity-and-cachexia-in-patients-with-heart-failure_n0001/e_0017 type ConditionOrFindingEntity => HF__vest-2019-nutrition-obesity-and-cachexia-in-patients-with-heart-failure_n0001/e_0017 type PatientCondition
Rule_742	?a type ConditionOrFindingEntity => ?a type PatientCondition	NYHA_class_II,_III,_or_ambulatory_class_IV_symptoms__heidenreich-2022-aha-acc-hfsa-guidelines_n0063/e_0062 type ConditionOrFindingEntity => NYHA_class_II,_III,_or_ambulatory_class_IV_symptoms__heidenreich-2022-aha-acc-hfsa-guidelines_n0063/e_0062 type PatientCondition
Rule_742	?a type ConditionOrFindingEntity => ?a type PatientCondition	high-risk_characteristics__heidenreich-2022-aha-acc-hfsa-guidelines_n0097/e_0022 type ConditionOrFindingEntity => high-risk_characteristics__heidenreich-2022-aha-acc-hfsa-guidelines_n0097/e_0022 type PatientCondition
Rule_742	?a type ConditionOrFindingEntity => ?a type PatientCondition	not_needing_coronary_revascularization__mcdonagh-2023-esc-guidelines_n0076/e_0016 type ConditionOrFindingEntity => not_needing_coronary_revascularization__mcdonagh-2023-esc-guidelines_n0076/e_0016 type PatientCondition
Rule_742	?a type ConditionOrFindingEntity => ?a type PatientCondition	risk_of_sudden_cardiac_death__mcdonagh-2023-esc-guidelines_n0045/e_0036 type ConditionOrFindingEntity => risk_of_sudden_cardiac_death__mcdonagh-2023-esc-guidelines_n0045/e_0036 type PatientCondition
Rule_742	?a type ConditionOrFindingEntity => ?a type PatientCondition	Microbes_(e.g._Trypanosoma_cruzi,_Streptococci)__mcdonagh-2023-esc-guidelines_n0051/e_0016 type ConditionOrFindingEntity => Microbes_(e.g._Trypanosoma_cruzi,_Streptococci)__mcdonagh-2023-esc-guidelines_n0051/e_0016 type PatientCondition
Rule_742	?a type ConditionOrFindingEntity => ?a type PatientCondition	previous_gastrointestinal_surgery__vest-2019-nutrition-obesity-and-cachexia-in-patients-with-heart-failure_n0002/e_0005 type ConditionOrFindingEntity => previous_gastrointestinal_surgery__vest-2019-nutrition-obesity-and-cachexia-in-patients-with-heart-failure_n0002/e_0005 type PatientCondition
Rule_742	?a type ConditionOrFindingEntity => ?a type PatientCondition	SCD__zeppenfeld-2022-esc-guidelines-va-and-scd_n0021/e_0059 type ConditionOrFindingEntity => SCD__zeppenfeld-2022-esc-guidelines-va-and-scd_n0021/e_0059 type PatientCondition
Rule_742	?a type ConditionOrFindingEntity => ?a type PatientCondition	renal_insufficiency__heidenreich-2022-aha-acc-hfsa-guidelines_n0049/e_0012 type ConditionOrFindingEntity => renal_insufficiency__heidenreich-2022-aha-acc-hfsa-guidelines_n0049/e_0012 type PatientCondition
Rule_742	?a type ConditionOrFindingEntity => ?a type PatientCondition	DCM/HNDCM__zeppenfeld-2022-esc-guidelines-va-and-scd_n0061/e_0012 type ConditionOrFindingEntity => DCM/HNDCM__zeppenfeld-2022-esc-guidelines-va-and-scd_n0061/e_0012 type PatientCondition
Rule_742	?a type ConditionOrFindingEntity => ?a type PatientCondition	a_cardioembolic_source__heidenreich-2022-aha-acc-hfsa-guidelines_n0051/e_0023 type ConditionOrFindingEntity => a_cardioembolic_source__heidenreich-2022-aha-acc-hfsa-guidelines_n0051/e_0023 type PatientCondition
Rule_742	?a type ConditionOrFindingEntity => ?a type PatientCondition	suspicion_of_ongoing_myocardial_ischaemia__zeppenfeld-2022-esc-guidelines-va-and-scd_n0031/e_0005 type ConditionOrFindingEntity => suspicion_of_ongoing_myocardial_ischaemia__zeppenfeld-2022-esc-guidelines-va-and-scd_n0031/e_0005 type PatientCondition
Rule_742	?a type ConditionOrFindingEntity => ?a type PatientCondition	symptoms__riegel-2009-promoting-self-care-in-persons-with-heart-failure_n0004/e_0016 type ConditionOrFindingEntity => symptoms__riegel-2009-promoting-self-care-in-persons-with-heart-failure_n0004/e_0016 type PatientCondition
Rule_742	?a type ConditionOrFindingEntity => ?a type PatientCondition	aortic_dilatation__pelliccia-2020-2020-esc-guidelines-on-sports-cardiology-and-exercise-in_n0053/e_0009 type ConditionOrFindingEntity => aortic_dilatation__pelliccia-2020-2020-esc-guidelines-on-sports-cardiology-and-exercise-in_n0053/e_0009 type PatientCondition
Rule_742	?a type ConditionOrFindingEntity => ?a type PatientCondition	VT__zeppenfeld-2022-esc-guidelines-va-and-scd_n0091/e_0074 type ConditionOrFindingEntity => VT__zeppenfeld-2022-esc-guidelines-va-and-scd_n0091/e_0074 type PatientCondition
Rule_742	?a type ConditionOrFindingEntity => ?a type PatientCondition	SCD__zeppenfeld-2022-esc-guidelines-va-and-scd_n0021/e_0054 type ConditionOrFindingEntity => SCD__zeppenfeld-2022-esc-guidelines-va-and-scd_n0021/e_0054 type PatientCondition
Rule_742	?a type ConditionOrFindingEntity => ?a type PatientCondition	BAV__pelliccia-2020-2020-esc-guidelines-on-sports-cardiology-and-exercise-in_n0053/e_0015 type ConditionOrFindingEntity => BAV__pelliccia-2020-2020-esc-guidelines-on-sports-cardiology-and-exercise-in_n0053/e_0015 type PatientCondition
Rule_742	?a type ConditionOrFindingEntity => ?a type PatientCondition	a_first-degree_relative_has_autopsy_proven_DCM_and_sudden_death_at_%3C50_years_of_age__mcdonagh-2023-esc-guidelines_n0084/e_0007 type ConditionOrFindingEntity => a_first-degree_relative_has_autopsy_proven_DCM_and_sudden_death_at_%3C50_years_of_age__mcdonagh-2023-esc-guidelines_n0084/e_0007 type PatientCondition
Rule_742	?a type ConditionOrFindingEntity => ?a type PatientCondition	NYHA_class_IV__sectio-1_n0017/e_0008 type ConditionOrFindingEntity => NYHA_class_IV__sectio-1_n0017/e_0008 type PatientCondition
Rule_742	?a type ConditionOrFindingEntity => ?a type PatientCondition	ADHF__execut-1_n0044/e_0051 type ConditionOrFindingEntity => ADHF__execut-1_n0044/e_0051 type PatientCondition
Rule_742	?a type ConditionOrFindingEntity => ?a type PatientCondition	PVCs__zeppenfeld-2022-esc-guidelines-va-and-scd_n0025/e_0018 type ConditionOrFindingEntity => PVCs__zeppenfeld-2022-esc-guidelines-va-and-scd_n0025/e_0018 type PatientCondition
Rule_742	?a type ConditionOrFindingEntity => ?a type PatientCondition	angina__zeppenfeld-2022-esc-guidelines-va-and-scd_n0055/e_0017 type ConditionOrFindingEntity => angina__zeppenfeld-2022-esc-guidelines-va-and-scd_n0055/e_0017 type PatientCondition
Rule_742	?a type ConditionOrFindingEntity => ?a type PatientCondition	cardiac_amyloidosis__heidenreich-2022-aha-acc-hfsa-guidelines_n0074/e_0014 type ConditionOrFindingEntity => cardiac_amyloidosis__heidenreich-2022-aha-acc-hfsa-guidelines_n0074/e_0014 type PatientCondition
Rule_742	?a type ConditionOrFindingEntity => ?a type PatientCondition	concomitant_VT__braunschweig-2010-management-of-patients-receiving-implantable-cardiac-d_n0007/e_0068 type ConditionOrFindingEntity => concomitant_VT__braunschweig-2010-management-of-patients-receiving-implantable-cardiac-d_n0007/e_0068 type PatientCondition
Rule_742	?a type ConditionOrFindingEntity => ?a type PatientCondition	hypoxia__execut-1_n0044/e_0004 type ConditionOrFindingEntity => hypoxia__execut-1_n0044/e_0004 type PatientCondition
Rule_742	?a type ConditionOrFindingEntity => ?a type PatientCondition	HCM__mcdonagh-2023-esc-guidelines_n0085/e_0013 type ConditionOrFindingEntity => HCM__mcdonagh-2023-esc-guidelines_n0085/e_0013 type PatientCondition
Rule_742	?a type ConditionOrFindingEntity => ?a type PatientCondition	severe_LV_diastolic_dysfunction__mcdonagh-2023-esc-guidelines_n0058/e_0012 type ConditionOrFindingEntity => severe_LV_diastolic_dysfunction__mcdonagh-2023-esc-guidelines_n0058/e_0012 type PatientCondition
Rule_742	?a type ConditionOrFindingEntity => ?a type PatientCondition	NICM__al-khatib-2017-aha-acc-hrs-guideline-va-and-scd_n0038/e_0012 type ConditionOrFindingEntity => NICM__al-khatib-2017-aha-acc-hrs-guideline-va-and-scd_n0038/e_0012 type PatientCondition
Rule_742	?a type ConditionOrFindingEntity => ?a type PatientCondition	iron_deficiency__vest-2019-nutrition-obesity-and-cachexia-in-patients-with-heart-failure_n0001/e_0054 type ConditionOrFindingEntity => iron_deficiency__vest-2019-nutrition-obesity-and-cachexia-in-patients-with-heart-failure_n0001/e_0054 type PatientCondition
Rule_742	?a type ConditionOrFindingEntity => ?a type PatientCondition	absence_of_reversible_causes__mcdonagh-2023-esc-guidelines_n0045/e_0007 type ConditionOrFindingEntity => absence_of_reversible_causes__mcdonagh-2023-esc-guidelines_n0045/e_0007 type PatientCondition
Rule_742	?a type ConditionOrFindingEntity => ?a type PatientCondition	cardiogenic_shock__zeppenfeld-2022-esc-guidelines-va-and-scd_n0036/e_0071 type ConditionOrFindingEntity => cardiogenic_shock__zeppenfeld-2022-esc-guidelines-va-and-scd_n0036/e_0071 type PatientCondition
Rule_742	?a type ConditionOrFindingEntity => ?a type PatientCondition	myasthenia_gravis__lenarczyk-2024-management-of-patients-with-an-electrical-storm-or-cluste_n0020/e_0155 type ConditionOrFindingEntity => myasthenia_gravis__lenarczyk-2024-management-of-patients-with-an-electrical-storm-or-cluste_n0020/e_0155 type PatientCondition
Rule_742	?a type ConditionOrFindingEntity => ?a type PatientCondition	ARVC__zeppenfeld-2022-esc-guidelines-va-and-scd_n0094/e_0049 type ConditionOrFindingEntity => ARVC__zeppenfeld-2022-esc-guidelines-va-and-scd_n0094/e_0049 type PatientCondition
Rule_742	?a type ConditionOrFindingEntity => ?a type PatientCondition	anaemia_in_HF__mcdonagh-2023-esc-guidelines_n0022/e_0157 type ConditionOrFindingEntity => anaemia_in_HF__mcdonagh-2023-esc-guidelines_n0022/e_0157 type PatientCondition
Rule_742	?a type ConditionOrFindingEntity => ?a type PatientCondition	HF__mullens-2019-the-use-of-diuretics-in-heart-failure-with-congestion_n0005/e_0006 type ConditionOrFindingEntity => HF__mullens-2019-the-use-of-diuretics-in-heart-failure-with-congestion_n0005/e_0006 type PatientCondition
Rule_742	?a type ConditionOrFindingEntity => ?a type PatientCondition	VT_(LQTS3)__zeppenfeld-2022-esc-guidelines-va-and-scd_n0040/e_0027 type ConditionOrFindingEntity => VT_(LQTS3)__zeppenfeld-2022-esc-guidelines-va-and-scd_n0040/e_0027 type PatientCondition
Rule_742	?a type ConditionOrFindingEntity => ?a type PatientCondition	HFrEF__mcdonagh-2023-esc-guidelines_n0077/e_0021 type ConditionOrFindingEntity => HFrEF__mcdonagh-2023-esc-guidelines_n0077/e_0021 type PatientCondition
Rule_742	?a type ConditionOrFindingEntity => ?a type PatientCondition	Diabetes__maddox-2021-2021-update-to-the-2017-acc-expert-consensus-decision-pathwa_n0017/e_0026 type ConditionOrFindingEntity => Diabetes__maddox-2021-2021-update-to-the-2017-acc-expert-consensus-decision-pathwa_n0017/e_0026 type PatientCondition
Rule_742	?a type ConditionOrFindingEntity => ?a type PatientCondition	AF__mcdonagh-2023-esc-guidelines_n0074/e_0003 type ConditionOrFindingEntity => AF__mcdonagh-2023-esc-guidelines_n0074/e_0003 type PatientCondition
Rule_742	?a type ConditionOrFindingEntity => ?a type PatientCondition	HF__mcdonagh-2023-esc-guidelines_n0097/e_0064 type ConditionOrFindingEntity => HF__mcdonagh-2023-esc-guidelines_n0097/e_0064 type PatientCondition
Rule_742	?a type ConditionOrFindingEntity => ?a type PatientCondition	Left_main_stenosis__zeppenfeld-2022-esc-guidelines-va-and-scd_n0025/e_0064 type ConditionOrFindingEntity => Left_main_stenosis__zeppenfeld-2022-esc-guidelines-va-and-scd_n0025/e_0064 type PatientCondition
Rule_742	?a type ConditionOrFindingEntity => ?a type PatientCondition	SHD__zeppenfeld-2022-esc-guidelines-va-and-scd_n0025/e_0034 type ConditionOrFindingEntity => SHD__zeppenfeld-2022-esc-guidelines-va-and-scd_n0025/e_0034 type PatientCondition
Rule_742	?a type ConditionOrFindingEntity => ?a type PatientCondition	VT__zeppenfeld-2022-esc-guidelines-va-and-scd_n0056/e_0011 type ConditionOrFindingEntity => VT__zeppenfeld-2022-esc-guidelines-va-and-scd_n0056/e_0011 type PatientCondition
Rule_742	?a type ConditionOrFindingEntity => ?a type PatientCondition	advanced_HF__heidenreich-2022-aha-acc-hfsa-guidelines_n0078/e_0002 type ConditionOrFindingEntity => advanced_HF__heidenreich-2022-aha-acc-hfsa-guidelines_n0078/e_0002 type PatientCondition
Rule_742	?a type ConditionOrFindingEntity => ?a type PatientCondition	AF__mcdonagh-2023-esc-guidelines_n0074/e_0033 type ConditionOrFindingEntity => AF__mcdonagh-2023-esc-guidelines_n0074/e_0033 type PatientCondition
Rule_742	?a type ConditionOrFindingEntity => ?a type PatientCondition	Moderate%E2%80%93severe_tricuspid_regurgitation__supp-material-esc-guidelines_n0018/e_0024 type ConditionOrFindingEntity => Moderate%E2%80%93severe_tricuspid_regurgitation__supp-material-esc-guidelines_n0018/e_0024 type PatientCondition
Rule_742	?a type ConditionOrFindingEntity => ?a type PatientCondition	PVT__lenarczyk-2024-management-of-patients-with-an-electrical-storm-or-cluste_n0017/e_0010 type ConditionOrFindingEntity => PVT__lenarczyk-2024-management-of-patients-with-an-electrical-storm-or-cluste_n0017/e_0010 type PatientCondition
Rule_742	?a type ConditionOrFindingEntity => ?a type PatientCondition	MFS__pelliccia-2020-2020-esc-guidelines-on-sports-cardiology-and-exercise-in_n0053/e_0019 type ConditionOrFindingEntity => MFS__pelliccia-2020-2020-esc-guidelines-on-sports-cardiology-and-exercise-in_n0053/e_0019 type PatientCondition
Rule_742	?a type ConditionOrFindingEntity => ?a type PatientCondition	Rash,_myalgia,_vasculitis,_agranulocytosis,_hypotension,_bradycardia,_QT_prolongation__lenarczyk-2024-management-of-patients-with-an-electrical-storm-or-cluste_n0013/e_0027 type ConditionOrFindingEntity => Rash,_myalgia,_vasculitis,_agranulocytosis,_hypotension,_bradycardia,_QT_prolongation__lenarczyk-2024-management-of-patients-with-an-electrical-storm-or-cluste_n0013/e_0027 type PatientCondition
Rule_742	?a type ConditionOrFindingEntity => ?a type PatientCondition	Sleep-disordered_breathing__execut-1_n0008/e_0009 type ConditionOrFindingEntity => Sleep-disordered_breathing__execut-1_n0008/e_0009 type PatientCondition
Rule_742	?a type ConditionOrFindingEntity => ?a type PatientCondition	hyperkalaemia__mullens-2019-the-use-of-diuretics-in-heart-failure-with-congestion_n0004/e_0028 type ConditionOrFindingEntity => hyperkalaemia__mullens-2019-the-use-of-diuretics-in-heart-failure-with-congestion_n0004/e_0028 type PatientCondition
Rule_742	?a type ConditionOrFindingEntity => ?a type PatientCondition	buildup_of_fluid__aha-patient-discharge-packet_n0004/e_0077 type ConditionOrFindingEntity => buildup_of_fluid__aha-patient-discharge-packet_n0004/e_0077 type PatientCondition
Rule_742	?a type ConditionOrFindingEntity => ?a type PatientCondition	when_the_diagnosis_is_not_certain__execut-1_n0026/e_0027 type ConditionOrFindingEntity => when_the_diagnosis_is_not_certain__execut-1_n0026/e_0027 type PatientCondition
Rule_742	?a type ConditionOrFindingEntity => ?a type PatientCondition	presenting_VA__zeppenfeld-2022-esc-guidelines-va-and-scd_n0035/e_0012 type ConditionOrFindingEntity => presenting_VA__zeppenfeld-2022-esc-guidelines-va-and-scd_n0035/e_0012 type PatientCondition
Rule_742	?a type ConditionOrFindingEntity => ?a type PatientCondition	not_eligible_for_heart_transplantation_or_other_surgical_options__mcdonagh-2023-esc-guidelines_n0063/e_0014 type ConditionOrFindingEntity => not_eligible_for_heart_transplantation_or_other_surgical_options__mcdonagh-2023-esc-guidelines_n0063/e_0014 type PatientCondition
Rule_742	?a type ConditionOrFindingEntity => ?a type PatientCondition	%E2%89%A440%25__maddox-2021-2021-update-to-the-2017-acc-expert-consensus-decision-pathwa_n0004/e_0014 type ConditionOrFindingEntity => %E2%89%A440%25__maddox-2021-2021-update-to-the-2017-acc-expert-consensus-decision-pathwa_n0004/e_0014 type PatientCondition
Rule_742	?a type ConditionOrFindingEntity => ?a type PatientCondition	other_HTAD__pelliccia-2020-2020-esc-guidelines-on-sports-cardiology-and-exercise-in_n0053/e_0020 type ConditionOrFindingEntity => other_HTAD__pelliccia-2020-2020-esc-guidelines-on-sports-cardiology-and-exercise-in_n0053/e_0020 type PatientCondition
Rule_742	?a type ConditionOrFindingEntity => ?a type PatientCondition	NYHA_class_II_or_III_symptoms__heidenreich-2022-aha-acc-hfsa-guidelines_n0064/e_0007 type ConditionOrFindingEntity => NYHA_class_II_or_III_symptoms__heidenreich-2022-aha-acc-hfsa-guidelines_n0064/e_0007 type PatientCondition
Rule_742	?a type ConditionOrFindingEntity => ?a type PatientCondition	Double_tachycardias__braunschweig-2010-management-of-patients-receiving-implantable-cardiac-d_n0007/e_0064 type ConditionOrFindingEntity => Double_tachycardias__braunschweig-2010-management-of-patients-receiving-implantable-cardiac-d_n0007/e_0064 type PatientCondition
Rule_742	?a type ConditionOrFindingEntity => ?a type PatientCondition	ACS__zeppenfeld-2022-esc-guidelines-va-and-scd_n0052/e_0011 type ConditionOrFindingEntity => ACS__zeppenfeld-2022-esc-guidelines-va-and-scd_n0052/e_0011 type PatientCondition
Rule_742	?a type ConditionOrFindingEntity => ?a type PatientCondition	social_determinants_of_health__heidenreich-2022-aha-acc-hfsa-guidelines_n0102/e_0006 type ConditionOrFindingEntity => social_determinants_of_health__heidenreich-2022-aha-acc-hfsa-guidelines_n0102/e_0006 type PatientCondition
Rule_742	?a type ConditionOrFindingEntity => ?a type PatientCondition	BrS__zeppenfeld-2022-esc-guidelines-va-and-scd_n0096/e_0015 type ConditionOrFindingEntity => BrS__zeppenfeld-2022-esc-guidelines-va-and-scd_n0096/e_0015 type PatientCondition
Rule_742	?a type ConditionOrFindingEntity => ?a type PatientCondition	T2DM__mcdonagh-2023-esc-guidelines_n0097/e_0028 type ConditionOrFindingEntity => T2DM__mcdonagh-2023-esc-guidelines_n0097/e_0028 type PatientCondition
Rule_742	?a type ConditionOrFindingEntity => ?a type PatientCondition	Wasting_of_subcutaneous_fat_and/or_skeletal_muscle__vest-2019-nutrition-obesity-and-cachexia-in-patients-with-heart-failure_n0002/e_0007 type ConditionOrFindingEntity => Wasting_of_subcutaneous_fat_and/or_skeletal_muscle__vest-2019-nutrition-obesity-and-cachexia-in-patients-with-heart-failure_n0002/e_0007 type PatientCondition
Rule_742	?a type ConditionOrFindingEntity => ?a type PatientCondition	VAs__zeppenfeld-2022-esc-guidelines-va-and-scd_n0067/e_0003 type ConditionOrFindingEntity => VAs__zeppenfeld-2022-esc-guidelines-va-and-scd_n0067/e_0003 type PatientCondition
Rule_742	?a type ConditionOrFindingEntity => ?a type PatientCondition	VT__zeppenfeld-2022-esc-guidelines-va-and-scd_n0092/e_0014 type ConditionOrFindingEntity => VT__zeppenfeld-2022-esc-guidelines-va-and-scd_n0092/e_0014 type PatientCondition
Rule_742	?a type ConditionOrFindingEntity => ?a type PatientCondition	Use_with_caution_in_HF__lenarczyk-2024-management-of-patients-with-an-electrical-storm-or-cluste_n0020/e_0029 type ConditionOrFindingEntity => Use_with_caution_in_HF__lenarczyk-2024-management-of-patients-with-an-electrical-storm-or-cluste_n0020/e_0029 type PatientCondition
Rule_742	?a type ConditionOrFindingEntity => ?a type PatientCondition	cardiac_sarcoidosis__zeppenfeld-2022-esc-guidelines-va-and-scd_n0020/e_0024 type ConditionOrFindingEntity => cardiac_sarcoidosis__zeppenfeld-2022-esc-guidelines-va-and-scd_n0020/e_0024 type PatientCondition
Rule_742	?a type ConditionOrFindingEntity => ?a type PatientCondition	Severe_cardiac_dysfunction__mcdonagh-2023-esc-guidelines_n0058/e_0004 type ConditionOrFindingEntity => Severe_cardiac_dysfunction__mcdonagh-2023-esc-guidelines_n0058/e_0004 type PatientCondition
Rule_742	?a type ConditionOrFindingEntity => ?a type PatientCondition	NYHA_II%E2%80%93IV__sbolli-2020-depression-and-heart-failure_n0003/e_0003 type ConditionOrFindingEntity => NYHA_II%E2%80%93IV__sbolli-2020-depression-and-heart-failure_n0003/e_0003 type PatientCondition
Rule_742	?a type ConditionOrFindingEntity => ?a type PatientCondition	asymptomatic__al-khatib-2017-aha-acc-hrs-guideline-va-and-scd_n0059/e_0002 type ConditionOrFindingEntity => asymptomatic__al-khatib-2017-aha-acc-hrs-guideline-va-and-scd_n0059/e_0002 type PatientCondition
Rule_742	?a type ConditionOrFindingEntity => ?a type PatientCondition	VF__zeppenfeld-2022-esc-guidelines-va-and-scd_n0019/e_0200 type ConditionOrFindingEntity => VF__zeppenfeld-2022-esc-guidelines-va-and-scd_n0019/e_0200 type PatientCondition
Rule_742	?a type ConditionOrFindingEntity => ?a type PatientCondition	HF__mcdonagh-2023-esc-guidelines_n0097/e_0047 type ConditionOrFindingEntity => HF__mcdonagh-2023-esc-guidelines_n0097/e_0047 type PatientCondition
Rule_742	?a type ConditionOrFindingEntity => ?a type PatientCondition	aortic_dilatation__pelliccia-2020-2020-esc-guidelines-on-sports-cardiology-and-exercise-in_n0053/e_0006 type ConditionOrFindingEntity => aortic_dilatation__pelliccia-2020-2020-esc-guidelines-on-sports-cardiology-and-exercise-in_n0053/e_0006 type PatientCondition
Rule_742	?a type ConditionOrFindingEntity => ?a type PatientCondition	VA__al-khatib-2017-aha-acc-hrs-guideline-va-and-scd_n0037/e_0010 type ConditionOrFindingEntity => VA__al-khatib-2017-aha-acc-hrs-guideline-va-and-scd_n0037/e_0010 type PatientCondition
Rule_742	?a type ConditionOrFindingEntity => ?a type PatientCondition	without_evidence_of_serum_or_urine_monoclonal_light_chains__heidenreich-2022-aha-acc-hfsa-guidelines_n0072/e_0010 type ConditionOrFindingEntity => without_evidence_of_serum_or_urine_monoclonal_light_chains__heidenreich-2022-aha-acc-hfsa-guidelines_n0072/e_0010 type PatientCondition
Rule_742	?a type ConditionOrFindingEntity => ?a type PatientCondition	hyperkalemia__heidenreich-2022-aha-acc-hfsa-guidelines_n0046/e_0017 type ConditionOrFindingEntity => hyperkalemia__heidenreich-2022-aha-acc-hfsa-guidelines_n0046/e_0017 type PatientCondition
Rule_742	?a type ConditionOrFindingEntity => ?a type PatientCondition	ERP__zeppenfeld-2022-esc-guidelines-va-and-scd_n0096/e_0040 type ConditionOrFindingEntity => ERP__zeppenfeld-2022-esc-guidelines-va-and-scd_n0096/e_0040 type PatientCondition
Rule_742	?a type ConditionOrFindingEntity => ?a type PatientCondition	frequent_and_predominately_monomorphic_PVCs__zeppenfeld-2022-esc-guidelines-va-and-scd_n0058/e_0010 type ConditionOrFindingEntity => frequent_and_predominately_monomorphic_PVCs__zeppenfeld-2022-esc-guidelines-va-and-scd_n0058/e_0010 type PatientCondition
Rule_742	?a type ConditionOrFindingEntity => ?a type PatientCondition	SMVT__zeppenfeld-2022-esc-guidelines-va-and-scd_n0091/e_0061 type ConditionOrFindingEntity => SMVT__zeppenfeld-2022-esc-guidelines-va-and-scd_n0091/e_0061 type PatientCondition
Rule_742	?a type ConditionOrFindingEntity => ?a type PatientCondition	want_to_engage_in_high-_or_very_high-intensity_exercise__pelliccia-2020-2020-esc-guidelines-on-sports-cardiology-and-exercise-in_n0025/e_0020 type ConditionOrFindingEntity => want_to_engage_in_high-_or_very_high-intensity_exercise__pelliccia-2020-2020-esc-guidelines-on-sports-cardiology-and-exercise-in_n0025/e_0020 type PatientCondition
Rule_742	?a type ConditionOrFindingEntity => ?a type PatientCondition	highest_risk_of_arrhythmia__mcdonagh-2023-esc-guidelines_n0084/e_0022 type ConditionOrFindingEntity => highest_risk_of_arrhythmia__mcdonagh-2023-esc-guidelines_n0084/e_0022 type PatientCondition
Rule_742	?a type ConditionOrFindingEntity => ?a type PatientCondition	possible_correctable_cause__zeppenfeld-2022-esc-guidelines-va-and-scd_n0035/e_0011 type ConditionOrFindingEntity => possible_correctable_cause__zeppenfeld-2022-esc-guidelines-va-and-scd_n0035/e_0011 type PatientCondition
Rule_742	?a type ConditionOrFindingEntity => ?a type PatientCondition	decompensated_HF__lenarczyk-2024-management-of-patients-with-an-electrical-storm-or-cluste_n0020/e_0186 type ConditionOrFindingEntity => decompensated_HF__lenarczyk-2024-management-of-patients-with-an-electrical-storm-or-cluste_n0020/e_0186 type PatientCondition
Rule_742	?a type ConditionOrFindingEntity => ?a type PatientCondition	haemodynamically_not-tolerated_SMVT__zeppenfeld-2022-esc-guidelines-va-and-scd_n0095/e_0005 type ConditionOrFindingEntity => haemodynamically_not-tolerated_SMVT__zeppenfeld-2022-esc-guidelines-va-and-scd_n0095/e_0005 type PatientCondition
Rule_742	?a type ConditionOrFindingEntity => ?a type PatientCondition	worsening_acidosis__mcdonagh-2023-esc-guidelines_n0059/e_0006 type ConditionOrFindingEntity => worsening_acidosis__mcdonagh-2023-esc-guidelines_n0059/e_0006 type PatientCondition
Rule_742	?a type ConditionOrFindingEntity => ?a type PatientCondition	hyperkalaemia__mullens-2019-the-use-of-diuretics-in-heart-failure-with-congestion_n0005/e_0027 type ConditionOrFindingEntity => hyperkalaemia__mullens-2019-the-use-of-diuretics-in-heart-failure-with-congestion_n0005/e_0027 type PatientCondition
Rule_742	?a type ConditionOrFindingEntity => ?a type PatientCondition	HF__mcdonagh-2023-esc-guidelines_n0096/e_0027 type ConditionOrFindingEntity => HF__mcdonagh-2023-esc-guidelines_n0096/e_0027 type PatientCondition
Rule_742	?a type ConditionOrFindingEntity => ?a type PatientCondition	LQTS__zeppenfeld-2022-esc-guidelines-va-and-scd_n0077/e_0025 type ConditionOrFindingEntity => LQTS__zeppenfeld-2022-esc-guidelines-va-and-scd_n0077/e_0025 type PatientCondition
Rule_742	?a type ConditionOrFindingEntity => ?a type PatientCondition	ADHF__execut-1_n0046/e_0073 type ConditionOrFindingEntity => ADHF__execut-1_n0046/e_0073 type PatientCondition
Rule_742	?a type ConditionOrFindingEntity => ?a type PatientCondition	inducible_ischemia__execut-1_n0048/e_0006 type ConditionOrFindingEntity => inducible_ischemia__execut-1_n0048/e_0006 type PatientCondition
Rule_742	?a type ConditionOrFindingEntity => ?a type PatientCondition	depression__heidenreich-2022-aha-acc-hfsa-guidelines_n0037/e_0020 type ConditionOrFindingEntity => depression__heidenreich-2022-aha-acc-hfsa-guidelines_n0037/e_0020 type PatientCondition
Rule_742	?a type ConditionOrFindingEntity => ?a type PatientCondition	Hypertension__mcdonagh-2023-esc-guidelines_n0051/e_0027 type ConditionOrFindingEntity => Hypertension__mcdonagh-2023-esc-guidelines_n0051/e_0027 type PatientCondition
Rule_742	?a type ConditionOrFindingEntity => ?a type PatientCondition	very_strict_indications__regitz-zagrosek-2018-2018-esc-guideline-for-the-management-of-cardiovasc_n0016/e_0051 type ConditionOrFindingEntity => very_strict_indications__regitz-zagrosek-2018-2018-esc-guideline-for-the-management-of-cardiovasc_n0016/e_0051 type PatientCondition
Rule_742	?a type ConditionOrFindingEntity => ?a type PatientCondition	HF__vest-2019-nutrition-obesity-and-cachexia-in-patients-with-heart-failure_n0005/e_9001 type ConditionOrFindingEntity => HF__vest-2019-nutrition-obesity-and-cachexia-in-patients-with-heart-failure_n0005/e_9001 type PatientCondition
Rule_742	?a type ConditionOrFindingEntity => ?a type PatientCondition	QTc_%E2%89%A5480_ms__zeppenfeld-2022-esc-guidelines-va-and-scd_n0095/e_0051 type ConditionOrFindingEntity => QTc_%E2%89%A5480_ms__zeppenfeld-2022-esc-guidelines-va-and-scd_n0095/e_0051 type PatientCondition
Rule_742	?a type ConditionOrFindingEntity => ?a type PatientCondition	su_verified_6ed52cdf724db04223b4d1c2e62f3c35f6b42bc19bc5e3198277d681d47e1eb9_table_25/e_0003 type ConditionOrFindingEntity => su_verified_6ed52cdf724db04223b4d1c2e62f3c35f6b42bc19bc5e3198277d681d47e1eb9_table_25/e_0003 type PatientCondition
Rule_742	?a type ConditionOrFindingEntity => ?a type PatientCondition	su_verified_6ed52cdf724db04223b4d1c2e62f3c35f6b42bc19bc5e3198277d681d47e1eb9_table_7/e_0010 type ConditionOrFindingEntity => su_verified_6ed52cdf724db04223b4d1c2e62f3c35f6b42bc19bc5e3198277d681d47e1eb9_table_7/e_0010 type PatientCondition
Rule_742	?a type ConditionOrFindingEntity => ?a type PatientCondition	renal_dysfunction__mcdonagh-2023-esc-guidelines_n0059/e_0039 type ConditionOrFindingEntity => renal_dysfunction__mcdonagh-2023-esc-guidelines_n0059/e_0039 type PatientCondition
Rule_742	?a type ConditionOrFindingEntity => ?a type PatientCondition	NYHA_functional_class_III%E2%80%93IV_symptoms_of_congestion_or_profound_fatigue__maddox-2021-2021-update-to-the-2017-acc-expert-consensus-decision-pathwa_n0010/e_0006 type ConditionOrFindingEntity => NYHA_functional_class_III%E2%80%93IV_symptoms_of_congestion_or_profound_fatigue__maddox-2021-2021-update-to-the-2017-acc-expert-consensus-decision-pathwa_n0010/e_0006 type PatientCondition
Rule_742	?a type ConditionOrFindingEntity => ?a type PatientCondition	HF__mcdonagh-2023-esc-guidelines_n0094/e_0009 type ConditionOrFindingEntity => HF__mcdonagh-2023-esc-guidelines_n0094/e_0009 type PatientCondition
Rule_742	?a type ConditionOrFindingEntity => ?a type PatientCondition	Acute_coronary_syndromes__sectio-4_n0001/e_0011 type ConditionOrFindingEntity => Acute_coronary_syndromes__sectio-4_n0001/e_0011 type PatientCondition
Rule_742	?a type ConditionOrFindingEntity => ?a type PatientCondition	important_residual_hemodynamic_lesions__al-khatib-2017-aha-acc-hrs-guideline-va-and-scd_n0073/e_0009 type ConditionOrFindingEntity => important_residual_hemodynamic_lesions__al-khatib-2017-aha-acc-hrs-guideline-va-and-scd_n0073/e_0009 type PatientCondition
Rule_742	?a type ConditionOrFindingEntity => ?a type PatientCondition	VT__zeppenfeld-2022-esc-guidelines-va-and-scd_n0054/e_0082 type ConditionOrFindingEntity => VT__zeppenfeld-2022-esc-guidelines-va-and-scd_n0054/e_0082 type PatientCondition
Rule_742	?a type ConditionOrFindingEntity => ?a type PatientCondition	amount_of_oxygen_the_heart_needs__medis-websiten-zusammengefugt_n0006/e_0021 type ConditionOrFindingEntity => amount_of_oxygen_the_heart_needs__medis-websiten-zusammengefugt_n0006/e_0021 type PatientCondition
Rule_742	?a type ConditionOrFindingEntity => ?a type PatientCondition	requires_ventricular_pacing_or_otherwise_meets_CRT_criteria__heidenreich-2022-aha-acc-hfsa-guidelines_n0065/e_0024 type ConditionOrFindingEntity => requires_ventricular_pacing_or_otherwise_meets_CRT_criteria__heidenreich-2022-aha-acc-hfsa-guidelines_n0065/e_0024 type PatientCondition
Rule_742	?a type ConditionOrFindingEntity => ?a type PatientCondition	DCM__mcdonagh-2023-esc-guidelines_n0031/e_0014 type ConditionOrFindingEntity => DCM__mcdonagh-2023-esc-guidelines_n0031/e_0014 type PatientCondition
Rule_742	?a type ConditionOrFindingEntity => ?a type PatientCondition	DCM/HNDCM__zeppenfeld-2022-esc-guidelines-va-and-scd_n0060/e_0017 type ConditionOrFindingEntity => DCM/HNDCM__zeppenfeld-2022-esc-guidelines-va-and-scd_n0060/e_0017 type PatientCondition
Rule_742	?a type ConditionOrFindingEntity => ?a type PatientCondition	psychosocial_support__mcdonagh-2023-esc-guidelines_n0020/e_0067 type ConditionOrFindingEntity => psychosocial_support__mcdonagh-2023-esc-guidelines_n0020/e_0067 type PatientCondition
Rule_742	?a type ConditionOrFindingEntity => ?a type PatientCondition	angina__execut-1_n0048/e_0074 type ConditionOrFindingEntity => angina__execut-1_n0048/e_0074 type PatientCondition
Rule_742	?a type ConditionOrFindingEntity => ?a type PatientCondition	without_other_evidence_of_atherosclerotic_vascular_disease__execut-1_n0035/e_0004 type ConditionOrFindingEntity => without_other_evidence_of_atherosclerotic_vascular_disease__execut-1_n0035/e_0004 type PatientCondition
Rule_742	?a type ConditionOrFindingEntity => ?a type PatientCondition	su_verified_6ed52cdf724db04223b4d1c2e62f3c35f6b42bc19bc5e3198277d681d47e1eb9_table_7/e_0094 type ConditionOrFindingEntity => su_verified_6ed52cdf724db04223b4d1c2e62f3c35f6b42bc19bc5e3198277d681d47e1eb9_table_7/e_0094 type PatientCondition
Rule_742	?a type ConditionOrFindingEntity => ?a type PatientCondition	other_HTAD_syndrome__pelliccia-2020-2020-esc-guidelines-on-sports-cardiology-and-exercise-in_n0053/e_0008 type ConditionOrFindingEntity => other_HTAD_syndrome__pelliccia-2020-2020-esc-guidelines-on-sports-cardiology-and-exercise-in_n0053/e_0008 type PatientCondition
Rule_742	?a type ConditionOrFindingEntity => ?a type PatientCondition	SND__glikson-2021-2021-esc-guidelines-on-cardiac-pacing-and-cardiac-resynchro_n0085/e_0015 type ConditionOrFindingEntity => SND__glikson-2021-2021-esc-guidelines-on-cardiac-pacing-and-cardiac-resynchro_n0085/e_0015 type PatientCondition
Rule_742	?a type ConditionOrFindingEntity => ?a type PatientCondition	another_illness__cardiosmart-decision-aid-icd-for-hf_n0002/e_0070 type ConditionOrFindingEntity => another_illness__cardiosmart-decision-aid-icd-for-hf_n0002/e_0070 type PatientCondition
Rule_742	?a type ConditionOrFindingEntity => ?a type PatientCondition	aborted_CA_not_tolerated_sustained_VT__zeppenfeld-2022-esc-guidelines-va-and-scd_n0096/e_0011 type ConditionOrFindingEntity => aborted_CA_not_tolerated_sustained_VT__zeppenfeld-2022-esc-guidelines-va-and-scd_n0096/e_0011 type PatientCondition
Rule_742	?a type ConditionOrFindingEntity => ?a type PatientCondition	anaemia__mcdonagh-2023-esc-guidelines_n0078/e_0003 type ConditionOrFindingEntity => anaemia__mcdonagh-2023-esc-guidelines_n0078/e_0003 type PatientCondition
Rule_742	?a type ConditionOrFindingEntity => ?a type PatientCondition	Suspected_myocarditis__maddox-2021-2021-update-to-the-2017-acc-expert-consensus-decision-pathwa_n0010/e_0037 type ConditionOrFindingEntity => Suspected_myocarditis__maddox-2021-2021-update-to-the-2017-acc-expert-consensus-decision-pathwa_n0010/e_0037 type PatientCondition
Rule_742	?a type ConditionOrFindingEntity => ?a type PatientCondition	progressive_cardiac_involvement__al-khatib-2017-aha-acc-hrs-guideline-va-and-scd_n0051/e_0008 type ConditionOrFindingEntity => progressive_cardiac_involvement__al-khatib-2017-aha-acc-hrs-guideline-va-and-scd_n0051/e_0008 type PatientCondition
Rule_742	?a type ConditionOrFindingEntity => ?a type PatientCondition	patient_intolerance__zeppenfeld-2022-esc-guidelines-va-and-scd_n0025/e_0051 type ConditionOrFindingEntity => patient_intolerance__zeppenfeld-2022-esc-guidelines-va-and-scd_n0025/e_0051 type PatientCondition
Rule_742	?a type ConditionOrFindingEntity => ?a type PatientCondition	beats/min__maddox-2021-2021-update-to-the-2017-acc-expert-consensus-decision-pathwa_n0004/e_0011 type ConditionOrFindingEntity => beats/min__maddox-2021-2021-update-to-the-2017-acc-expert-consensus-decision-pathwa_n0004/e_0011 type PatientCondition
Rule_742	?a type ConditionOrFindingEntity => ?a type PatientCondition	pregnancy_occurs__regitz-zagrosek-2018-2018-esc-guideline-for-the-management-of-cardiovasc_n0014/e_0003 type ConditionOrFindingEntity => pregnancy_occurs__regitz-zagrosek-2018-2018-esc-guideline-for-the-management-of-cardiovasc_n0014/e_0003 type PatientCondition
Rule_742	?a type ConditionOrFindingEntity => ?a type PatientCondition	VT__zeppenfeld-2022-esc-guidelines-va-and-scd_n0091/e_0071 type ConditionOrFindingEntity => VT__zeppenfeld-2022-esc-guidelines-va-and-scd_n0091/e_0071 type PatientCondition
Rule_742	?a type ConditionOrFindingEntity => ?a type PatientCondition	CAD__execut-1_n0048/e_0021 type ConditionOrFindingEntity => CAD__execut-1_n0048/e_0021 type PatientCondition
Rule_742	?a type ConditionOrFindingEntity => ?a type PatientCondition	su_verified_e5f20076152902f9b102f37b1a83cdc79baea0d42000f6c76a83acfae0e39670_table_2/e_0011 type ConditionOrFindingEntity => su_verified_e5f20076152902f9b102f37b1a83cdc79baea0d42000f6c76a83acfae0e39670_table_2/e_0011 type PatientCondition
Rule_742	?a type ConditionOrFindingEntity => ?a type PatientCondition	asymptomatic__glikson-2021-2021-esc-guidelines-on-cardiac-pacing-and-cardiac-resynchro_n0046/e_0046 type ConditionOrFindingEntity => asymptomatic__glikson-2021-2021-esc-guidelines-on-cardiac-pacing-and-cardiac-resynchro_n0046/e_0046 type PatientCondition
Rule_742	?a type ConditionOrFindingEntity => ?a type PatientCondition	BrS__zeppenfeld-2022-esc-guidelines-va-and-scd_n0019/e_0170 type ConditionOrFindingEntity => BrS__zeppenfeld-2022-esc-guidelines-va-and-scd_n0019/e_0170 type PatientCondition
Rule_742	?a type ConditionOrFindingEntity => ?a type PatientCondition	clinical_situation__glikson-2021-2021-esc-guidelines-on-cardiac-pacing-and-cardiac-resynchro_n0046/e_0026 type ConditionOrFindingEntity => clinical_situation__glikson-2021-2021-esc-guidelines-on-cardiac-pacing-and-cardiac-resynchro_n0046/e_0026 type PatientCondition
Rule_742	?a type ConditionOrFindingEntity => ?a type PatientCondition	VF__lenarczyk-2024-management-of-patients-with-an-electrical-storm-or-cluste_n0018/e_0010 type ConditionOrFindingEntity => VF__lenarczyk-2024-management-of-patients-with-an-electrical-storm-or-cluste_n0018/e_0010 type PatientCondition
Rule_742	?a type ConditionOrFindingEntity => ?a type PatientCondition	overestimate_the_potential_benefits_of_treatment__heidenreich-2022-aha-acc-hfsa-guidelines_n0114/e_0007 type ConditionOrFindingEntity => overestimate_the_potential_benefits_of_treatment__heidenreich-2022-aha-acc-hfsa-guidelines_n0114/e_0007 type PatientCondition
Rule_742	?a type ConditionOrFindingEntity => ?a type PatientCondition	weight_gain__visseren-2021-esc-guidelines-cardiovascular-disease-prevention_n0080/e_0069 type ConditionOrFindingEntity => weight_gain__visseren-2021-esc-guidelines-cardiovascular-disease-prevention_n0080/e_0069 type PatientCondition
Rule_742	?a type ConditionOrFindingEntity => ?a type PatientCondition	ACS__zeppenfeld-2022-esc-guidelines-va-and-scd_n0093/e_0016 type ConditionOrFindingEntity => ACS__zeppenfeld-2022-esc-guidelines-va-and-scd_n0093/e_0016 type PatientCondition
Rule_742	?a type ConditionOrFindingEntity => ?a type PatientCondition	hyperglycemia__heidenreich-2022-aha-acc-hfsa-guidelines_n0100/e_0008 type ConditionOrFindingEntity => hyperglycemia__heidenreich-2022-aha-acc-hfsa-guidelines_n0100/e_0008 type PatientCondition
Rule_742	?a type ConditionOrFindingEntity => ?a type PatientCondition	NYHA_class_II,_III,_or_ambulatory_IV_symptoms__heidenreich-2022-aha-acc-hfsa-guidelines_n0065/e_0008 type ConditionOrFindingEntity => NYHA_class_II,_III,_or_ambulatory_IV_symptoms__heidenreich-2022-aha-acc-hfsa-guidelines_n0065/e_0008 type PatientCondition
Rule_742	?a type ConditionOrFindingEntity => ?a type PatientCondition	Hyperkalemia__maddox-2021-2021-update-to-the-2017-acc-expert-consensus-decision-pathwa_n0017/e_0048 type ConditionOrFindingEntity => Hyperkalemia__maddox-2021-2021-update-to-the-2017-acc-expert-consensus-decision-pathwa_n0017/e_0048 type PatientCondition
Rule_742	?a type ConditionOrFindingEntity => ?a type PatientCondition	precipitating_causes_of_worsening_HF__heidenreich-2022-aha-acc-hfsa-guidelines_n0097/e_0005 type ConditionOrFindingEntity => precipitating_causes_of_worsening_HF__heidenreich-2022-aha-acc-hfsa-guidelines_n0097/e_0005 type PatientCondition
Rule_742	?a type ConditionOrFindingEntity => ?a type PatientCondition	the_following_symptoms__execut-1_n0026/e_0035 type ConditionOrFindingEntity => the_following_symptoms__execut-1_n0026/e_0035 type PatientCondition
Rule_742	?a type ConditionOrFindingEntity => ?a type PatientCondition	ERS__zeppenfeld-2022-esc-guidelines-va-and-scd_n0019/e_0219 type ConditionOrFindingEntity => ERS__zeppenfeld-2022-esc-guidelines-va-and-scd_n0019/e_0219 type PatientCondition
Rule_742	?a type ConditionOrFindingEntity => ?a type PatientCondition	SMVT__zeppenfeld-2022-esc-guidelines-va-and-scd_n0054/e_0029 type ConditionOrFindingEntity => SMVT__zeppenfeld-2022-esc-guidelines-va-and-scd_n0054/e_0029 type PatientCondition
Rule_742	?a type ConditionOrFindingEntity => ?a type PatientCondition	VT,_PVCs__lenarczyk-2024-management-of-patients-with-an-electrical-storm-or-cluste_n0013/e_0127 type ConditionOrFindingEntity => VT,_PVCs__lenarczyk-2024-management-of-patients-with-an-electrical-storm-or-cluste_n0013/e_0127 type PatientCondition
Rule_742	?a type ConditionOrFindingEntity => ?a type PatientCondition	ARVC__zeppenfeld-2022-esc-guidelines-va-and-scd_n0018/e_0127 type ConditionOrFindingEntity => ARVC__zeppenfeld-2022-esc-guidelines-va-and-scd_n0018/e_0127 type PatientCondition
Rule_742	?a type ConditionOrFindingEntity => ?a type PatientCondition	mental_disorders__visseren-2021-esc-guidelines-cardiovascular-disease-prevention_n0080/e_0017 type ConditionOrFindingEntity => mental_disorders__visseren-2021-esc-guidelines-cardiovascular-disease-prevention_n0080/e_0017 type PatientCondition
Rule_742	?a type ConditionOrFindingEntity => ?a type PatientCondition	VF__zeppenfeld-2022-esc-guidelines-va-and-scd_n0052/e_0004 type ConditionOrFindingEntity => VF__zeppenfeld-2022-esc-guidelines-va-and-scd_n0052/e_0004 type PatientCondition
Rule_742	?a type ConditionOrFindingEntity => ?a type PatientCondition	CKD__visseren-2021-esc-guidelines-cardiovascular-disease-prevention_n0077/e_0009 type ConditionOrFindingEntity => CKD__visseren-2021-esc-guidelines-cardiovascular-disease-prevention_n0077/e_0009 type PatientCondition
Rule_742	?a type ConditionOrFindingEntity => ?a type PatientCondition	su_verified_e5f20076152902f9b102f37b1a83cdc79baea0d42000f6c76a83acfae0e39670_table_2/e_0014 type ConditionOrFindingEntity => su_verified_e5f20076152902f9b102f37b1a83cdc79baea0d42000f6c76a83acfae0e39670_table_2/e_0014 type PatientCondition
Rule_742	?a type ConditionOrFindingEntity => ?a type PatientCondition	Volume_overload__mcdonagh-2023-esc-guidelines_n0039/e_0001 type ConditionOrFindingEntity => Volume_overload__mcdonagh-2023-esc-guidelines_n0039/e_0001 type PatientCondition
Rule_742	?a type ConditionOrFindingEntity => ?a type PatientCondition	NYHA_class_III_or_ambulatory_class_IV__heidenreich-2022-aha-acc-hfsa-guidelines_n0065/e_0054 type ConditionOrFindingEntity => NYHA_class_III_or_ambulatory_class_IV__heidenreich-2022-aha-acc-hfsa-guidelines_n0065/e_0054 type PatientCondition
Rule_742	?a type ConditionOrFindingEntity => ?a type PatientCondition	when_these_mandate_sports_restrictions__pelliccia-2020-2020-esc-guidelines-on-sports-cardiology-and-exercise-in_n0076/e_0037 type ConditionOrFindingEntity => when_these_mandate_sports_restrictions__pelliccia-2020-2020-esc-guidelines-on-sports-cardiology-and-exercise-in_n0076/e_0037 type PatientCondition
Rule_742	?a type ConditionOrFindingEntity => ?a type PatientCondition	ARVC__zeppenfeld-2022-esc-guidelines-va-and-scd_n0018/e_0116 type ConditionOrFindingEntity => ARVC__zeppenfeld-2022-esc-guidelines-va-and-scd_n0018/e_0116 type PatientCondition
Rule_742	?a type ConditionOrFindingEntity => ?a type PatientCondition	heart_failure__zeppenfeld-2022-esc-guidelines-va-and-scd_n0093/e_0043 type ConditionOrFindingEntity => heart_failure__zeppenfeld-2022-esc-guidelines-va-and-scd_n0093/e_0043 type PatientCondition
Rule_742	?a type ConditionOrFindingEntity => ?a type PatientCondition	BrS__zeppenfeld-2022-esc-guidelines-va-and-scd_n0080/e_0001 type ConditionOrFindingEntity => BrS__zeppenfeld-2022-esc-guidelines-va-and-scd_n0080/e_0001 type PatientCondition
Rule_742	?a type ConditionOrFindingEntity => ?a type PatientCondition	absence_of_clinical_safety_data__regitz-zagrosek-2018-2018-esc-guideline-for-the-management-of-cardiovasc_n0030/e_0004 type ConditionOrFindingEntity => absence_of_clinical_safety_data__regitz-zagrosek-2018-2018-esc-guideline-for-the-management-of-cardiovasc_n0030/e_0004 type PatientCondition
Rule_742	?a type ConditionOrFindingEntity => ?a type PatientCondition	Systemic_disease_with_multiorgan_involvement__mcdonagh-2023-esc-guidelines_n0062/e_0017 type ConditionOrFindingEntity => Systemic_disease_with_multiorgan_involvement__mcdonagh-2023-esc-guidelines_n0062/e_0017 type PatientCondition
Rule_742	?a type ConditionOrFindingEntity => ?a type PatientCondition	beta-blockers_and_genotype-specific_therapies_are_not_tolerated_or_contraindicated_at_the_therapeutic_dose__zeppenfeld-2022-esc-guidelines-va-and-scd_n0078/e_0008 type ConditionOrFindingEntity => beta-blockers_and_genotype-specific_therapies_are_not_tolerated_or_contraindicated_at_the_therapeutic_dose__zeppenfeld-2022-esc-guidelines-va-and-scd_n0078/e_0008 type PatientCondition
Rule_742	?a type ConditionOrFindingEntity => ?a type PatientCondition	accessory_pathway__zeppenfeld-2022-esc-guidelines-va-and-scd_n0026/e_0019 type ConditionOrFindingEntity => accessory_pathway__zeppenfeld-2022-esc-guidelines-va-and-scd_n0026/e_0019 type PatientCondition
Rule_742	?a type ConditionOrFindingEntity => ?a type PatientCondition	significant_sleep_problems__visseren-2021-esc-guidelines-cardiovascular-disease-prevention_n0080/e_0014 type ConditionOrFindingEntity => significant_sleep_problems__visseren-2021-esc-guidelines-cardiovascular-disease-prevention_n0080/e_0014 type PatientCondition
Rule_742	?a type ConditionOrFindingEntity => ?a type PatientCondition	PVC,_VT__zeppenfeld-2022-esc-guidelines-va-and-scd_n0038/e_0117 type ConditionOrFindingEntity => PVC,_VT__zeppenfeld-2022-esc-guidelines-va-and-scd_n0038/e_0117 type PatientCondition
Rule_742	?a type ConditionOrFindingEntity => ?a type PatientCondition	loose_set_screws__braunschweig-2010-management-of-patients-receiving-implantable-cardiac-d_n0007/e_0034 type ConditionOrFindingEntity => loose_set_screws__braunschweig-2010-management-of-patients-receiving-implantable-cardiac-d_n0007/e_0034 type PatientCondition
Rule_742	?a type ConditionOrFindingEntity => ?a type PatientCondition	ERP__zeppenfeld-2022-esc-guidelines-va-and-scd_n0082/e_0011 type ConditionOrFindingEntity => ERP__zeppenfeld-2022-esc-guidelines-va-and-scd_n0082/e_0011 type PatientCondition
Rule_742	?a type ConditionOrFindingEntity => ?a type PatientCondition	aborted_CA__zeppenfeld-2022-esc-guidelines-va-and-scd_n0079/e_0009 type ConditionOrFindingEntity => aborted_CA__zeppenfeld-2022-esc-guidelines-va-and-scd_n0079/e_0009 type PatientCondition
Rule_742	?a type ConditionOrFindingEntity => ?a type PatientCondition	documented_arrhythmias__pelliccia-2020-2020-esc-guidelines-on-sports-cardiology-and-exercise-in_n0064/e_0011 type ConditionOrFindingEntity => documented_arrhythmias__pelliccia-2020-2020-esc-guidelines-on-sports-cardiology-and-exercise-in_n0064/e_0011 type PatientCondition
Rule_742	?a type ConditionOrFindingEntity => ?a type PatientCondition	SMVT__zeppenfeld-2022-esc-guidelines-va-and-scd_n0017/e_0042 type ConditionOrFindingEntity => SMVT__zeppenfeld-2022-esc-guidelines-va-and-scd_n0017/e_0042 type PatientCondition
Rule_742	?a type ConditionOrFindingEntity => ?a type PatientCondition	symptoms__regitz-zagrosek-2018-2018-esc-guideline-for-the-management-of-cardiovasc_n0022/e_0034 type ConditionOrFindingEntity => symptoms__regitz-zagrosek-2018-2018-esc-guideline-for-the-management-of-cardiovasc_n0022/e_0034 type PatientCondition
Rule_742	?a type ConditionOrFindingEntity => ?a type PatientCondition	symptoms_during_exercise__glikson-2021-2021-esc-guidelines-on-cardiac-pacing-and-cardiac-resynchro_n0046/e_0018 type ConditionOrFindingEntity => symptoms_during_exercise__glikson-2021-2021-esc-guidelines-on-cardiac-pacing-and-cardiac-resynchro_n0046/e_0018 type PatientCondition
Rule_742	?a type ConditionOrFindingEntity => ?a type PatientCondition	aortic_valve_disease__zeppenfeld-2022-esc-guidelines-va-and-scd_n0071/e_0004 type ConditionOrFindingEntity => aortic_valve_disease__zeppenfeld-2022-esc-guidelines-va-and-scd_n0071/e_0004 type PatientCondition
Rule_742	?a type ConditionOrFindingEntity => ?a type PatientCondition	mental_disorder__visseren-2021-esc-guidelines-cardiovascular-disease-prevention_n0030/e_0002 type ConditionOrFindingEntity => mental_disorder__visseren-2021-esc-guidelines-cardiovascular-disease-prevention_n0030/e_0002 type PatientCondition
Rule_742	?a type ConditionOrFindingEntity => ?a type PatientCondition	Asthma__zeppenfeld-2022-esc-guidelines-va-and-scd_n0026/e_0020 type ConditionOrFindingEntity => Asthma__zeppenfeld-2022-esc-guidelines-va-and-scd_n0026/e_0020 type PatientCondition
Rule_742	?a type ConditionOrFindingEntity => ?a type PatientCondition	HF__mcdonagh-2023-esc-guidelines_n0097/e_0075 type ConditionOrFindingEntity => HF__mcdonagh-2023-esc-guidelines_n0097/e_0075 type PatientCondition
Rule_742	?a type ConditionOrFindingEntity => ?a type PatientCondition	SMVT__zeppenfeld-2022-esc-guidelines-va-and-scd_n0061/e_0016 type ConditionOrFindingEntity => SMVT__zeppenfeld-2022-esc-guidelines-va-and-scd_n0061/e_0016 type PatientCondition
Rule_742	?a type ConditionOrFindingEntity => ?a type PatientCondition	STEMI__zeppenfeld-2022-esc-guidelines-va-and-scd_n0054/e_0003 type ConditionOrFindingEntity => STEMI__zeppenfeld-2022-esc-guidelines-va-and-scd_n0054/e_0003 type PatientCondition
Rule_742	?a type ConditionOrFindingEntity => ?a type PatientCondition	all_contraindications__pelliccia-2020-2020-esc-guidelines-on-sports-cardiology-and-exercise-in_n0041/e_0009 type ConditionOrFindingEntity => all_contraindications__pelliccia-2020-2020-esc-guidelines-on-sports-cardiology-and-exercise-in_n0041/e_0009 type PatientCondition
Rule_742	?a type ConditionOrFindingEntity => ?a type PatientCondition	moderate_HF__sectio-1_n0016/e_0007 type ConditionOrFindingEntity => moderate_HF__sectio-1_n0016/e_0007 type PatientCondition
Rule_742	?a type ConditionOrFindingEntity => ?a type PatientCondition	the_diagnosis_of_HF__sectio-1_n0006/e_0036 type ConditionOrFindingEntity => the_diagnosis_of_HF__sectio-1_n0006/e_0036 type PatientCondition
Rule_742	?a type ConditionOrFindingEntity => ?a type PatientCondition	Pulmonary_rales__sectio-4_n0004/e_0017 type ConditionOrFindingEntity => Pulmonary_rales__sectio-4_n0004/e_0017 type PatientCondition
Rule_742	?a type ConditionOrFindingEntity => ?a type PatientCondition	low_cardiac_output__mcdonagh-2023-esc-guidelines_n0063/e_0035 type ConditionOrFindingEntity => low_cardiac_output__mcdonagh-2023-esc-guidelines_n0063/e_0035 type PatientCondition
Rule_742	?a type ConditionOrFindingEntity => ?a type PatientCondition	BrS__zeppenfeld-2022-esc-guidelines-va-and-scd_n0080/e_0004 type ConditionOrFindingEntity => BrS__zeppenfeld-2022-esc-guidelines-va-and-scd_n0080/e_0004 type PatientCondition
Rule_742	?a type ConditionOrFindingEntity => ?a type PatientCondition	haemodynamically_tolerated_SMVT__zeppenfeld-2022-esc-guidelines-va-and-scd_n0063/e_0035 type ConditionOrFindingEntity => haemodynamically_tolerated_SMVT__zeppenfeld-2022-esc-guidelines-va-and-scd_n0063/e_0035 type PatientCondition
Rule_742	?a type ConditionOrFindingEntity => ?a type PatientCondition	risk_of_death_due_to_a_VA__al-khatib-2017-aha-acc-hrs-guideline-va-and-scd_n0035/e_0022 type ConditionOrFindingEntity => risk_of_death_due_to_a_VA__al-khatib-2017-aha-acc-hrs-guideline-va-and-scd_n0035/e_0022 type PatientCondition
Rule_742	?a type ConditionOrFindingEntity => ?a type PatientCondition	Persistently_reduced_LVEF__maddox-2021-2021-update-to-the-2017-acc-expert-consensus-decision-pathwa_n0010/e_0026 type ConditionOrFindingEntity => Persistently_reduced_LVEF__maddox-2021-2021-update-to-the-2017-acc-expert-consensus-decision-pathwa_n0010/e_0026 type PatientCondition
Rule_742	?a type ConditionOrFindingEntity => ?a type PatientCondition	symptomatic_SMVT__zeppenfeld-2022-esc-guidelines-va-and-scd_n0074/e_0023 type ConditionOrFindingEntity => symptomatic_SMVT__zeppenfeld-2022-esc-guidelines-va-and-scd_n0074/e_0023 type PatientCondition
Rule_742	?a type ConditionOrFindingEntity => ?a type PatientCondition	ARVC__zeppenfeld-2022-esc-guidelines-va-and-scd_n0094/e_0043 type ConditionOrFindingEntity => ARVC__zeppenfeld-2022-esc-guidelines-va-and-scd_n0094/e_0043 type PatientCondition
Rule_742	?a type ConditionOrFindingEntity => ?a type PatientCondition	arrhythmia__zeppenfeld-2022-esc-guidelines-va-and-scd_n0094/e_0082 type ConditionOrFindingEntity => arrhythmia__zeppenfeld-2022-esc-guidelines-va-and-scd_n0094/e_0082 type PatientCondition
Rule_742	?a type ConditionOrFindingEntity => ?a type PatientCondition	HF__mcdonagh-2023-esc-guidelines_n0078/e_0019 type ConditionOrFindingEntity => HF__mcdonagh-2023-esc-guidelines_n0078/e_0019 type PatientCondition
Rule_742	?a type ConditionOrFindingEntity => ?a type PatientCondition	HF__mcdonagh-2023-esc-guidelines_n0096/e_0046 type ConditionOrFindingEntity => HF__mcdonagh-2023-esc-guidelines_n0096/e_0046 type PatientCondition
Rule_742	?a type ConditionOrFindingEntity => ?a type PatientCondition	The_differential_diagnoses_in_Table_4.5__execut-1_n0026/e_0033 type ConditionOrFindingEntity => The_differential_diagnoses_in_Table_4.5__execut-1_n0026/e_0033 type PatientCondition
Rule_742	?a type ConditionOrFindingEntity => ?a type PatientCondition	neuromuscular_disorders__al-khatib-2017-aha-acc-hrs-guideline-va-and-scd_n0050/e_0002 type ConditionOrFindingEntity => neuromuscular_disorders__al-khatib-2017-aha-acc-hrs-guideline-va-and-scd_n0050/e_0002 type PatientCondition
Rule_742	?a type ConditionOrFindingEntity => ?a type PatientCondition	Consistently_low_blood_pressure_with_SBP_%3C90_to_100_mmHg__supp-material-esc-guidelines_n0019/e_0008 type ConditionOrFindingEntity => Consistently_low_blood_pressure_with_SBP_%3C90_to_100_mmHg__supp-material-esc-guidelines_n0019/e_0008 type PatientCondition
Rule_742	?a type ConditionOrFindingEntity => ?a type PatientCondition	Peripheral_arterial_disease_or_cerebrovascular_disease__execut-1_n0008/e_0005 type ConditionOrFindingEntity => Peripheral_arterial_disease_or_cerebrovascular_disease__execut-1_n0008/e_0005 type PatientCondition
Rule_742	?a type ConditionOrFindingEntity => ?a type PatientCondition	HF__heidenreich-2022-aha-acc-hfsa-guidelines_n0033/e_0010 type ConditionOrFindingEntity => HF__heidenreich-2022-aha-acc-hfsa-guidelines_n0033/e_0010 type PatientCondition
Rule_742	?a type ConditionOrFindingEntity => ?a type PatientCondition	normal_LV_systolic_function__pelliccia-2020-2020-esc-guidelines-on-sports-cardiology-and-exercise-in_n0060/e_0011 type ConditionOrFindingEntity => normal_LV_systolic_function__pelliccia-2020-2020-esc-guidelines-on-sports-cardiology-and-exercise-in_n0060/e_0011 type PatientCondition
Rule_742	?a type ConditionOrFindingEntity => ?a type PatientCondition	meaningful_survival_of_greater_than_1_year__al-khatib-2017-aha-acc-hrs-guideline-va-and-scd_n0035/e_0042 type ConditionOrFindingEntity => meaningful_survival_of_greater_than_1_year__al-khatib-2017-aha-acc-hrs-guideline-va-and-scd_n0035/e_0042 type PatientCondition
Rule_742	?a type ConditionOrFindingEntity => ?a type PatientCondition	BP_has_been_controlled__pelliccia-2020-2020-esc-guidelines-on-sports-cardiology-and-exercise-in_n0074/e_0042 type ConditionOrFindingEntity => BP_has_been_controlled__pelliccia-2020-2020-esc-guidelines-on-sports-cardiology-and-exercise-in_n0074/e_0042 type PatientCondition
Rule_742	?a type ConditionOrFindingEntity => ?a type PatientCondition	BrS__zeppenfeld-2022-esc-guidelines-va-and-scd_n0019/e_0180 type ConditionOrFindingEntity => BrS__zeppenfeld-2022-esc-guidelines-va-and-scd_n0019/e_0180 type PatientCondition
Rule_742	?a type ConditionOrFindingEntity => ?a type PatientCondition	pregnancy__regitz-zagrosek-2018-2018-esc-guideline-for-the-management-of-cardiovasc_n0023/e_0004 type ConditionOrFindingEntity => pregnancy__regitz-zagrosek-2018-2018-esc-guideline-for-the-management-of-cardiovasc_n0023/e_0004 type PatientCondition
Rule_742	?a type ConditionOrFindingEntity => ?a type PatientCondition	proximal_stenosis_%3E90%25_of_large_vessels__mcdonagh-2023-esc-guidelines_n0021/e_0039 type ConditionOrFindingEntity => proximal_stenosis_%3E90%25_of_large_vessels__mcdonagh-2023-esc-guidelines_n0021/e_0039 type PatientCondition
Rule_742	?a type ConditionOrFindingEntity => ?a type PatientCondition	ARVC__zeppenfeld-2022-esc-guidelines-va-and-scd_n0062/e_0002 type ConditionOrFindingEntity => ARVC__zeppenfeld-2022-esc-guidelines-va-and-scd_n0062/e_0002 type PatientCondition
Rule_742	?a type ConditionOrFindingEntity => ?a type PatientCondition	when_the_diagnosis_is_not_certain__sectio-1_n0006/e_0027 type ConditionOrFindingEntity => when_the_diagnosis_is_not_certain__sectio-1_n0006/e_0027 type PatientCondition
Rule_742	?a type ConditionOrFindingEntity => ?a type PatientCondition	angina__mcdonagh-2023-esc-guidelines_n0031/e_0018 type ConditionOrFindingEntity => angina__mcdonagh-2023-esc-guidelines_n0031/e_0018 type PatientCondition
Rule_742	?a type ConditionOrFindingEntity => ?a type PatientCondition	decompensated_heart_failure__zeppenfeld-2022-esc-guidelines-va-and-scd_n0038/e_0072 type ConditionOrFindingEntity => decompensated_heart_failure__zeppenfeld-2022-esc-guidelines-va-and-scd_n0038/e_0072 type PatientCondition
Rule_742	?a type ConditionOrFindingEntity => ?a type PatientCondition	NYHA_class_II_or_III_HF__maddox-2021-2021-update-to-the-2017-acc-expert-consensus-decision-pathwa_n0004/e_0012 type ConditionOrFindingEntity => NYHA_class_II_or_III_HF__maddox-2021-2021-update-to-the-2017-acc-expert-consensus-decision-pathwa_n0004/e_0012 type PatientCondition
Rule_742	?a type ConditionOrFindingEntity => ?a type PatientCondition	other_methods_are_not_successful__regitz-zagrosek-2018-2018-esc-guideline-for-the-management-of-cardiovasc_n0016/e_0048 type ConditionOrFindingEntity => other_methods_are_not_successful__regitz-zagrosek-2018-2018-esc-guideline-for-the-management-of-cardiovasc_n0016/e_0048 type PatientCondition
Rule_742	?a type ConditionOrFindingEntity => ?a type PatientCondition	SMVT__zeppenfeld-2022-esc-guidelines-va-and-scd_n0054/e_0063 type ConditionOrFindingEntity => SMVT__zeppenfeld-2022-esc-guidelines-va-and-scd_n0054/e_0063 type PatientCondition
Rule_742	?a type ConditionOrFindingEntity => ?a type PatientCondition	high-degree_or_complete_heart_block__heidenreich-2022-aha-acc-hfsa-guidelines_n0063/e_0070 type ConditionOrFindingEntity => high-degree_or_complete_heart_block__heidenreich-2022-aha-acc-hfsa-guidelines_n0063/e_0070 type PatientCondition
Rule_742	?a type ConditionOrFindingEntity => ?a type PatientCondition	VT__zeppenfeld-2022-esc-guidelines-va-and-scd_n0018/e_0024 type ConditionOrFindingEntity => VT__zeppenfeld-2022-esc-guidelines-va-and-scd_n0018/e_0024 type PatientCondition
Rule_742	?a type ConditionOrFindingEntity => ?a type PatientCondition	hypoperfusion__mcdonagh-2023-esc-guidelines_n0071/e_0005 type ConditionOrFindingEntity => hypoperfusion__mcdonagh-2023-esc-guidelines_n0071/e_0005 type PatientCondition
Rule_742	?a type ConditionOrFindingEntity => ?a type PatientCondition	congestion__mcdonagh-2023-esc-guidelines_n0096/e_0082 type ConditionOrFindingEntity => congestion__mcdonagh-2023-esc-guidelines_n0096/e_0082 type PatientCondition
Rule_742	?a type ConditionOrFindingEntity => ?a type PatientCondition	Severe_sinus_node_dysfunction__zeppenfeld-2022-esc-guidelines-va-and-scd_n0038/e_0123 type ConditionOrFindingEntity => Severe_sinus_node_dysfunction__zeppenfeld-2022-esc-guidelines-va-and-scd_n0038/e_0123 type PatientCondition
Rule_742	?a type ConditionOrFindingEntity => ?a type PatientCondition	cardiac_channelopathy__al-khatib-2017-aha-acc-hrs-guideline-va-and-scd_n0053/e_0010 type ConditionOrFindingEntity => cardiac_channelopathy__al-khatib-2017-aha-acc-hrs-guideline-va-and-scd_n0053/e_0010 type PatientCondition
Rule_742	?a type ConditionOrFindingEntity => ?a type PatientCondition	VT__zeppenfeld-2022-esc-guidelines-va-and-scd_n0057/e_0066 type ConditionOrFindingEntity => VT__zeppenfeld-2022-esc-guidelines-va-and-scd_n0057/e_0066 type PatientCondition
Rule_742	?a type ConditionOrFindingEntity => ?a type PatientCondition	ERS__zeppenfeld-2022-esc-guidelines-va-and-scd_n0019/e_0206 type ConditionOrFindingEntity => ERS__zeppenfeld-2022-esc-guidelines-va-and-scd_n0019/e_0206 type PatientCondition
Rule_742	?a type ConditionOrFindingEntity => ?a type PatientCondition	Sinus_node_dysfunction__zeppenfeld-2022-esc-guidelines-va-and-scd_n0038/e_0025 type ConditionOrFindingEntity => Sinus_node_dysfunction__zeppenfeld-2022-esc-guidelines-va-and-scd_n0038/e_0025 type PatientCondition
Rule_742	?a type ConditionOrFindingEntity => ?a type PatientCondition	SMVT__zeppenfeld-2022-esc-guidelines-va-and-scd_n0054/e_0071 type ConditionOrFindingEntity => SMVT__zeppenfeld-2022-esc-guidelines-va-and-scd_n0054/e_0071 type PatientCondition
Rule_742	?a type ConditionOrFindingEntity => ?a type PatientCondition	%E2%89%A570__maddox-2021-2021-update-to-the-2017-acc-expert-consensus-decision-pathwa_n0004/e_0010 type ConditionOrFindingEntity => %E2%89%A570__maddox-2021-2021-update-to-the-2017-acc-expert-consensus-decision-pathwa_n0004/e_0010 type PatientCondition
Rule_742	?a type ConditionOrFindingEntity => ?a type PatientCondition	severe_HF__sectio-1_n0016/e_0006 type ConditionOrFindingEntity => severe_HF__sectio-1_n0016/e_0006 type PatientCondition
Rule_742	?a type ConditionOrFindingEntity => ?a type PatientCondition	renal_insufficiency__heidenreich-2022-aha-acc-hfsa-guidelines_n0046/e_0014 type ConditionOrFindingEntity => renal_insufficiency__heidenreich-2022-aha-acc-hfsa-guidelines_n0046/e_0014 type PatientCondition
Rule_742	?a type ConditionOrFindingEntity => ?a type PatientCondition	Very_strong_EMI_fields__braunschweig-2010-management-of-patients-receiving-implantable-cardiac-d_n0007/e_0028 type ConditionOrFindingEntity => Very_strong_EMI_fields__braunschweig-2010-management-of-patients-receiving-implantable-cardiac-d_n0007/e_0028 type PatientCondition
Rule_742	?a type ConditionOrFindingEntity => ?a type PatientCondition	fluid_overload__execut-1_n0046/e_0020 type ConditionOrFindingEntity => fluid_overload__execut-1_n0046/e_0020 type PatientCondition
Rule_742	?a type ConditionOrFindingEntity => ?a type PatientCondition	MI__mcdonagh-2023-esc-guidelines_n0095/e_0095 type ConditionOrFindingEntity => MI__mcdonagh-2023-esc-guidelines_n0095/e_0095 type PatientCondition
Rule_742	?a type ConditionOrFindingEntity => ?a type PatientCondition	denervation_of_cardiac_volume_receptors__ambrosetti-2020-secondary-prevention-comprehensive-cardiovascular-rehabi_n0007/e_0076 type ConditionOrFindingEntity => denervation_of_cardiac_volume_receptors__ambrosetti-2020-secondary-prevention-comprehensive-cardiovascular-rehabi_n0007/e_0076 type PatientCondition
Rule_742	?a type ConditionOrFindingEntity => ?a type PatientCondition	NYHA_class_III%E2%80%93IV__mcdonagh-2023-esc-guidelines_n0035/e_0061 type ConditionOrFindingEntity => NYHA_class_III%E2%80%93IV__mcdonagh-2023-esc-guidelines_n0035/e_0061 type PatientCondition
Rule_742	?a type ConditionOrFindingEntity => ?a type PatientCondition	Systolic_PA_pressure_%E2%89%A550_mmHg__supp-material-esc-guidelines_n0018/e_0023 type ConditionOrFindingEntity => Systolic_PA_pressure_%E2%89%A550_mmHg__supp-material-esc-guidelines_n0018/e_0023 type PatientCondition
Rule_742	?a type ConditionOrFindingEntity => ?a type PatientCondition	Plasma_half-life_20%E2%80%9324_h__zeppenfeld-2022-esc-guidelines-va-and-scd_n0038/e_0101 type ConditionOrFindingEntity => Plasma_half-life_20%E2%80%9324_h__zeppenfeld-2022-esc-guidelines-va-and-scd_n0038/e_0101 type PatientCondition
Rule_742	?a type ConditionOrFindingEntity => ?a type PatientCondition	ARVC__zeppenfeld-2022-esc-guidelines-va-and-scd_n0062/e_0006 type ConditionOrFindingEntity => ARVC__zeppenfeld-2022-esc-guidelines-va-and-scd_n0062/e_0006 type PatientCondition
Rule_742	?a type ConditionOrFindingEntity => ?a type PatientCondition	CV_and_non-CV_comorbidities__mcdonagh-2023-esc-guidelines_n0020/e_0047 type ConditionOrFindingEntity => CV_and_non-CV_comorbidities__mcdonagh-2023-esc-guidelines_n0020/e_0047 type PatientCondition
Rule_742	?a type ConditionOrFindingEntity => ?a type PatientCondition	patients%5C'_literacy,_cognitive_status,_psychological_state,_culture,_and_access_to_social_and_financial_resources__execut-1_n0038/e_0013 type ConditionOrFindingEntity => patients%5C'_literacy,_cognitive_status,_psychological_state,_culture,_and_access_to_social_and_financial_resources__execut-1_n0038/e_0013 type PatientCondition
Rule_742	?a type ConditionOrFindingEntity => ?a type PatientCondition	Congestion__heidenreich-2022-aha-acc-hfsa-guidelines_n0075/e_0017 type ConditionOrFindingEntity => Congestion__heidenreich-2022-aha-acc-hfsa-guidelines_n0075/e_0017 type PatientCondition
Rule_742	?a type ConditionOrFindingEntity => ?a type PatientCondition	advanced_AVB__glikson-2021-2021-esc-guidelines-on-cardiac-pacing-and-cardiac-resynchro_n0085/e_0004 type ConditionOrFindingEntity => advanced_AVB__glikson-2021-2021-esc-guidelines-on-cardiac-pacing-and-cardiac-resynchro_n0085/e_0004 type PatientCondition
Rule_742	?a type ConditionOrFindingEntity => ?a type PatientCondition	Symptoms_ii._Pauses_%3E3%C3%97_the_cycle_length_of_the_ventricular_escape_rhythm_iii._Broad_QRS_escape_rhythm_iv._Prolonged_QT_interval_v._Complex_ventricular_ectopy_vi._Mean_daytime_heart_rate_%3C50_b.p.m.__glikson-2021-2021-esc-guidelines-on-cardiac-pacing-and-cardiac-resynchro_n0086/e_0018 type ConditionOrFindingEntity => Symptoms_ii._Pauses_%3E3%C3%97_the_cycle_length_of_the_ventricular_escape_rhythm_iii._Broad_QRS_escape_rhythm_iv._Prolonged_QT_interval_v._Complex_ventricular_ectopy_vi._Mean_daytime_heart_rate_%3C50_b.p.m.__glikson-2021-2021-esc-guidelines-on-cardiac-pacing-and-cardiac-resynchro_n0086/e_0018 type PatientCondition
Rule_742	?a type ConditionOrFindingEntity => ?a type PatientCondition	precipitating_factors__execut-1_n0021/e_0005 type ConditionOrFindingEntity => precipitating_factors__execut-1_n0021/e_0005 type PatientCondition
Rule_742	?a type ConditionOrFindingEntity => ?a type PatientCondition	SHFM_predicted_survival_%E2%89%A480%25_at_1_year__supp-material-esc-guidelines_n0018/e_0028 type ConditionOrFindingEntity => SHFM_predicted_survival_%E2%89%A480%25_at_1_year__supp-material-esc-guidelines_n0018/e_0028 type PatientCondition
Rule_742	?a type ConditionOrFindingEntity => ?a type PatientCondition	SCD__al-khatib-2017-aha-acc-hrs-guideline-va-and-scd_n0079/e_0005 type ConditionOrFindingEntity => SCD__al-khatib-2017-aha-acc-hrs-guideline-va-and-scd_n0079/e_0005 type PatientCondition
Rule_742	?a type ConditionOrFindingEntity => ?a type PatientCondition	periods_of_acute_decompensation__mcdonagh-2023-esc-guidelines_n0055/e_0050 type ConditionOrFindingEntity => periods_of_acute_decompensation__mcdonagh-2023-esc-guidelines_n0055/e_0050 type PatientCondition
Rule_742	?a type ConditionOrFindingEntity => ?a type PatientCondition	ERS__zeppenfeld-2022-esc-guidelines-va-and-scd_n0019/e_0232 type ConditionOrFindingEntity => ERS__zeppenfeld-2022-esc-guidelines-va-and-scd_n0019/e_0232 type PatientCondition
Rule_742	?a type ConditionOrFindingEntity => ?a type PatientCondition	pre-test_probability_of_underlying_ischemic_cardiomyopathy_is_high__sectio-1_n0007/e_0014 type ConditionOrFindingEntity => pre-test_probability_of_underlying_ischemic_cardiomyopathy_is_high__sectio-1_n0007/e_0014 type PatientCondition
Rule_742	?a type ConditionOrFindingEntity => ?a type PatientCondition	ASCVD__visseren-2021-esc-guidelines-cardiovascular-disease-prevention_n0042/e_0003 type ConditionOrFindingEntity => ASCVD__visseren-2021-esc-guidelines-cardiovascular-disease-prevention_n0042/e_0003 type PatientCondition
Rule_742	?a type ConditionOrFindingEntity => ?a type PatientCondition	SCD__al-khatib-2017-aha-acc-hrs-guideline-va-and-scd_n0044/e_0034 type ConditionOrFindingEntity => SCD__al-khatib-2017-aha-acc-hrs-guideline-va-and-scd_n0044/e_0034 type PatientCondition
Rule_742	?a type ConditionOrFindingEntity => ?a type PatientCondition	Type_1_BrS_ECG__zeppenfeld-2022-esc-guidelines-va-and-scd_n0025/e_0017 type ConditionOrFindingEntity => Type_1_BrS_ECG__zeppenfeld-2022-esc-guidelines-va-and-scd_n0025/e_0017 type PatientCondition
Rule_742	?a type ConditionOrFindingEntity => ?a type PatientCondition	muscular_dystrophy__al-khatib-2017-aha-acc-hrs-guideline-va-and-scd_n0051/e_0012 type ConditionOrFindingEntity => muscular_dystrophy__al-khatib-2017-aha-acc-hrs-guideline-va-and-scd_n0051/e_0012 type PatientCondition
Rule_742	?a type ConditionOrFindingEntity => ?a type PatientCondition	BrS__zeppenfeld-2022-esc-guidelines-va-and-scd_n0019/e_0186 type ConditionOrFindingEntity => BrS__zeppenfeld-2022-esc-guidelines-va-and-scd_n0019/e_0186 type PatientCondition
Rule_742	?a type ConditionOrFindingEntity => ?a type PatientCondition	HF__mcdonagh-2023-esc-guidelines_n0096/e_0030 type ConditionOrFindingEntity => HF__mcdonagh-2023-esc-guidelines_n0096/e_0030 type PatientCondition
Rule_742	?a type ConditionOrFindingEntity => ?a type PatientCondition	end-organ_function_cannot_be_maintained_by_pharmacologic_means__heidenreich-2022-aha-acc-hfsa-guidelines_n0091/e_0007 type ConditionOrFindingEntity => end-organ_function_cannot_be_maintained_by_pharmacologic_means__heidenreich-2022-aha-acc-hfsa-guidelines_n0091/e_0007 type PatientCondition
Rule_742	?a type ConditionOrFindingEntity => ?a type PatientCondition	Prolonged_QT_interval__glikson-2021-2021-esc-guidelines-on-cardiac-pacing-and-cardiac-resynchro_n0064/e_0008 type ConditionOrFindingEntity => Prolonged_QT_interval__glikson-2021-2021-esc-guidelines-on-cardiac-pacing-and-cardiac-resynchro_n0064/e_0008 type PatientCondition
Rule_742	?a type ConditionOrFindingEntity => ?a type PatientCondition	SMVT__zeppenfeld-2022-esc-guidelines-va-and-scd_n0017/e_0015 type ConditionOrFindingEntity => SMVT__zeppenfeld-2022-esc-guidelines-va-and-scd_n0017/e_0015 type PatientCondition
Rule_742	?a type ConditionOrFindingEntity => ?a type PatientCondition	SMVT__zeppenfeld-2022-esc-guidelines-va-and-scd_n0017/e_0071 type ConditionOrFindingEntity => SMVT__zeppenfeld-2022-esc-guidelines-va-and-scd_n0017/e_0071 type PatientCondition
Rule_742	?a type ConditionOrFindingEntity => ?a type PatientCondition	DCM/HNDCM__zeppenfeld-2022-esc-guidelines-va-and-scd_n0022/e_0022 type ConditionOrFindingEntity => DCM/HNDCM__zeppenfeld-2022-esc-guidelines-va-and-scd_n0022/e_0022 type PatientCondition
Rule_742	?a type ConditionOrFindingEntity => ?a type PatientCondition	volume_overload__seb24c-1_n0001/e_0004 type ConditionOrFindingEntity => volume_overload__seb24c-1_n0001/e_0004 type PatientCondition
Rule_742	?a type ConditionOrFindingEntity => ?a type PatientCondition	syncope__zeppenfeld-2022-esc-guidelines-va-and-scd_n0085/e_0037 type ConditionOrFindingEntity => syncope__zeppenfeld-2022-esc-guidelines-va-and-scd_n0085/e_0037 type PatientCondition
Rule_742	?a type ConditionOrFindingEntity => ?a type PatientCondition	clinically_indicated__regitz-zagrosek-2018-2018-esc-guideline-for-the-management-of-cardiovasc_n0025/e_0016 type ConditionOrFindingEntity => clinically_indicated__regitz-zagrosek-2018-2018-esc-guideline-for-the-management-of-cardiovasc_n0025/e_0016 type PatientCondition
Rule_742	?a type ConditionOrFindingEntity => ?a type PatientCondition	LMNA_mutation__zeppenfeld-2022-esc-guidelines-va-and-scd_n0060/e_0018 type ConditionOrFindingEntity => LMNA_mutation__zeppenfeld-2022-esc-guidelines-va-and-scd_n0060/e_0018 type PatientCondition
Rule_742	?a type ConditionOrFindingEntity => ?a type PatientCondition	chronic,_severe_refractory_HF_when_there_is_no_reasonable_expectation_for_improvement__execut-1_n0040/e_0042 type ConditionOrFindingEntity => chronic,_severe_refractory_HF_when_there_is_no_reasonable_expectation_for_improvement__execut-1_n0040/e_0042 type PatientCondition
Rule_742	?a type ConditionOrFindingEntity => ?a type PatientCondition	cardiomyopathy__zeppenfeld-2022-esc-guidelines-va-and-scd_n0059/e_0002 type ConditionOrFindingEntity => cardiomyopathy__zeppenfeld-2022-esc-guidelines-va-and-scd_n0059/e_0002 type PatientCondition
Rule_742	?a type ConditionOrFindingEntity => ?a type PatientCondition	Regular_wide_complex_tachycardia_of_unknown_origin_(outflow_tract_VT)__zeppenfeld-2022-esc-guidelines-va-and-scd_n0038/e_0031 type ConditionOrFindingEntity => Regular_wide_complex_tachycardia_of_unknown_origin_(outflow_tract_VT)__zeppenfeld-2022-esc-guidelines-va-and-scd_n0038/e_0031 type PatientCondition
Rule_742	?a type ConditionOrFindingEntity => ?a type PatientCondition	suspicion_of_BrS__zeppenfeld-2022-esc-guidelines-va-and-scd_n0034/e_0034 type ConditionOrFindingEntity => suspicion_of_BrS__zeppenfeld-2022-esc-guidelines-va-and-scd_n0034/e_0034 type PatientCondition
Rule_742	?a type ConditionOrFindingEntity => ?a type PatientCondition	ERP__zeppenfeld-2022-esc-guidelines-va-and-scd_n0019/e_0202 type ConditionOrFindingEntity => ERP__zeppenfeld-2022-esc-guidelines-va-and-scd_n0019/e_0202 type PatientCondition
Rule_742	?a type ConditionOrFindingEntity => ?a type PatientCondition	severe,_unpredictable,_recurrent_syncope__glikson-2021-2021-esc-guidelines-on-cardiac-pacing-and-cardiac-resynchro_n0049/e_0005 type ConditionOrFindingEntity => severe,_unpredictable,_recurrent_syncope__glikson-2021-2021-esc-guidelines-on-cardiac-pacing-and-cardiac-resynchro_n0049/e_0005 type PatientCondition
Rule_742	?a type ConditionOrFindingEntity => ?a type PatientCondition	su_verified_6ed52cdf724db04223b4d1c2e62f3c35f6b42bc19bc5e3198277d681d47e1eb9_table_5/e_0036 type ConditionOrFindingEntity => su_verified_6ed52cdf724db04223b4d1c2e62f3c35f6b42bc19bc5e3198277d681d47e1eb9_table_5/e_0036 type PatientCondition
Rule_742	?a type ConditionOrFindingEntity => ?a type PatientCondition	CrCl_%3C30_ml/min__zeppenfeld-2022-esc-guidelines-va-and-scd_n0040/e_0055 type ConditionOrFindingEntity => CrCl_%3C30_ml/min__zeppenfeld-2022-esc-guidelines-va-and-scd_n0040/e_0055 type PatientCondition
Rule_742	?a type ConditionOrFindingEntity => ?a type PatientCondition	VA__zeppenfeld-2022-esc-guidelines-va-and-scd_n0091/e_0056 type ConditionOrFindingEntity => VA__zeppenfeld-2022-esc-guidelines-va-and-scd_n0091/e_0056 type PatientCondition
Rule_742	?a type ConditionOrFindingEntity => ?a type PatientCondition	reduced_LVEF__execut-1_n0046/e_0057 type ConditionOrFindingEntity => reduced_LVEF__execut-1_n0046/e_0057 type PatientCondition
Rule_742	?a type ConditionOrFindingEntity => ?a type PatientCondition	HF__heidenreich-2022-aha-acc-hfsa-guidelines_n0025/e_0006 type ConditionOrFindingEntity => HF__heidenreich-2022-aha-acc-hfsa-guidelines_n0025/e_0006 type PatientCondition
Rule_742	?a type ConditionOrFindingEntity => ?a type PatientCondition	sarcopenia/frailty__ambrosetti-2020-secondary-prevention-comprehensive-cardiovascular-rehabi_n0012/e_0042 type ConditionOrFindingEntity => sarcopenia/frailty__ambrosetti-2020-secondary-prevention-comprehensive-cardiovascular-rehabi_n0012/e_0042 type PatientCondition
Rule_742	?a type ConditionOrFindingEntity => ?a type PatientCondition	cardiac_amyloidosis__heidenreich-2022-aha-acc-hfsa-guidelines_n0073/e_0014 type ConditionOrFindingEntity => cardiac_amyloidosis__heidenreich-2022-aha-acc-hfsa-guidelines_n0073/e_0014 type PatientCondition
Rule_742	?a type ConditionOrFindingEntity => ?a type PatientCondition	irrespective_of_symptoms__pelliccia-2020-2020-esc-guidelines-on-sports-cardiology-and-exercise-in_n0042/e_0006 type ConditionOrFindingEntity => irrespective_of_symptoms__pelliccia-2020-2020-esc-guidelines-on-sports-cardiology-and-exercise-in_n0042/e_0006 type PatientCondition
Rule_742	?a type ConditionOrFindingEntity => ?a type PatientCondition	VT__zeppenfeld-2022-esc-guidelines-va-and-scd_n0057/e_0053 type ConditionOrFindingEntity => VT__zeppenfeld-2022-esc-guidelines-va-and-scd_n0057/e_0053 type PatientCondition
Rule_742	?a type ConditionOrFindingEntity => ?a type PatientCondition	HCM__zeppenfeld-2022-esc-guidelines-va-and-scd_n0094/e_0067 type ConditionOrFindingEntity => HCM__zeppenfeld-2022-esc-guidelines-va-and-scd_n0094/e_0067 type PatientCondition
Rule_742	?a type ConditionOrFindingEntity => ?a type PatientCondition	good_compliance__mcdonagh-2023-esc-guidelines_n0063/e_0003 type ConditionOrFindingEntity => good_compliance__mcdonagh-2023-esc-guidelines_n0063/e_0003 type PatientCondition
Rule_742	?a type ConditionOrFindingEntity => ?a type PatientCondition	structural_heart_disease__pelliccia-2020-2020-esc-guidelines-on-sports-cardiology-and-exercise-in_n0064/e_0004 type ConditionOrFindingEntity => structural_heart_disease__pelliccia-2020-2020-esc-guidelines-on-sports-cardiology-and-exercise-in_n0064/e_0004 type PatientCondition
Rule_742	?a type ConditionOrFindingEntity => ?a type PatientCondition	inducible_SMVT_at_PES__zeppenfeld-2022-esc-guidelines-va-and-scd_n0068/e_0020 type ConditionOrFindingEntity => inducible_SMVT_at_PES__zeppenfeld-2022-esc-guidelines-va-and-scd_n0068/e_0020 type PatientCondition
Rule_742	?a type ConditionOrFindingEntity => ?a type PatientCondition	SHD__zeppenfeld-2022-esc-guidelines-va-and-scd_n0036/e_0017 type ConditionOrFindingEntity => SHD__zeppenfeld-2022-esc-guidelines-va-and-scd_n0036/e_0017 type PatientCondition
Rule_742	?a type ConditionOrFindingEntity => ?a type PatientCondition	SMVT__zeppenfeld-2022-esc-guidelines-va-and-scd_n0019/e_0048 type ConditionOrFindingEntity => SMVT__zeppenfeld-2022-esc-guidelines-va-and-scd_n0019/e_0048 type PatientCondition
Rule_742	?a type ConditionOrFindingEntity => ?a type PatientCondition	iron_deficiency__mcdonagh-2023-esc-guidelines_n0078/e_0004 type ConditionOrFindingEntity => iron_deficiency__mcdonagh-2023-esc-guidelines_n0078/e_0004 type PatientCondition
Rule_742	?a type ConditionOrFindingEntity => ?a type PatientCondition	In_the_absence_of_a_clear_identifiable_noncardiac_cause__execut-1_n0040/e_0022 type ConditionOrFindingEntity => In_the_absence_of_a_clear_identifiable_noncardiac_cause__execut-1_n0040/e_0022 type PatientCondition
Rule_742	?a type ConditionOrFindingEntity => ?a type PatientCondition	coronary_vasospasm__zeppenfeld-2022-esc-guidelines-va-and-scd_n0038/e_0073 type ConditionOrFindingEntity => coronary_vasospasm__zeppenfeld-2022-esc-guidelines-va-and-scd_n0038/e_0073 type PatientCondition
Rule_742	?a type ConditionOrFindingEntity => ?a type PatientCondition	HF__mcdonagh-2023-esc-guidelines_n0073/e_0002 type ConditionOrFindingEntity => HF__mcdonagh-2023-esc-guidelines_n0073/e_0002 type PatientCondition
Rule_742	?a type ConditionOrFindingEntity => ?a type PatientCondition	NYHA_class_III_HF__heidenreich-2022-aha-acc-hfsa-guidelines_n0024/e_0011 type ConditionOrFindingEntity => NYHA_class_III_HF__heidenreich-2022-aha-acc-hfsa-guidelines_n0024/e_0011 type PatientCondition
Rule_742	?a type ConditionOrFindingEntity => ?a type PatientCondition	VT,_VF__al-khatib-2017-aha-acc-hrs-guideline-va-and-scd_n0026/e_0156 type ConditionOrFindingEntity => VT,_VF__al-khatib-2017-aha-acc-hrs-guideline-va-and-scd_n0026/e_0156 type PatientCondition
Rule_742	?a type ConditionOrFindingEntity => ?a type PatientCondition	resting_tachypnea__sectio-4_n0001/e_0007 type ConditionOrFindingEntity => resting_tachypnea__sectio-4_n0001/e_0007 type PatientCondition
Rule_742	?a type ConditionOrFindingEntity => ?a type PatientCondition	HF__mcdonagh-2023-esc-guidelines_n0097/e_0013 type ConditionOrFindingEntity => HF__mcdonagh-2023-esc-guidelines_n0097/e_0013 type PatientCondition
Rule_742	?a type ConditionOrFindingEntity => ?a type PatientCondition	ARVC__zeppenfeld-2022-esc-guidelines-va-and-scd_n0018/e_0119 type ConditionOrFindingEntity => ARVC__zeppenfeld-2022-esc-guidelines-va-and-scd_n0018/e_0119 type PatientCondition
Rule_742	?a type ConditionOrFindingEntity => ?a type PatientCondition	alternative_cardiac,_pulmonary,_and_other_diseases__heidenreich-2022-aha-acc-hfsa-guidelines_n0021/e_0007 type ConditionOrFindingEntity => alternative_cardiac,_pulmonary,_and_other_diseases__heidenreich-2022-aha-acc-hfsa-guidelines_n0021/e_0007 type PatientCondition
Rule_742	?a type ConditionOrFindingEntity => ?a type PatientCondition	T2DM__mcdonagh-2023-esc-guidelines_n0097/e_0040 type ConditionOrFindingEntity => T2DM__mcdonagh-2023-esc-guidelines_n0097/e_0040 type PatientCondition
Rule_742	?a type ConditionOrFindingEntity => ?a type PatientCondition	SR__mcdonagh-2023-esc-guidelines_n0046/e_0021 type ConditionOrFindingEntity => SR__mcdonagh-2023-esc-guidelines_n0046/e_0021 type PatientCondition
Rule_742	?a type ConditionOrFindingEntity => ?a type PatientCondition	cardiac__al-khatib-2017-aha-acc-hrs-guideline-va-and-scd_n0033/e_0015 type ConditionOrFindingEntity => cardiac__al-khatib-2017-aha-acc-hrs-guideline-va-and-scd_n0033/e_0015 type PatientCondition
Rule_742	?a type ConditionOrFindingEntity => ?a type PatientCondition	cardiovascular_and_non-cardiovascular_comorbidities__mcdonagh-2023-esc-guidelines_n0050/e_0004 type ConditionOrFindingEntity => cardiovascular_and_non-cardiovascular_comorbidities__mcdonagh-2023-esc-guidelines_n0050/e_0004 type PatientCondition
Rule_742	?a type ConditionOrFindingEntity => ?a type PatientCondition	LV_dilation__execut-1_n0046/e_0008 type ConditionOrFindingEntity => LV_dilation__execut-1_n0046/e_0008 type PatientCondition
Rule_742	?a type ConditionOrFindingEntity => ?a type PatientCondition	)_with_or_without_diabetes__maddox-2021-2021-update-to-the-2017-acc-expert-consensus-decision-pathwa_n0004/e_0015 type ConditionOrFindingEntity => )_with_or_without_diabetes__maddox-2021-2021-update-to-the-2017-acc-expert-consensus-decision-pathwa_n0004/e_0015 type PatientCondition
Rule_742	?a type ConditionOrFindingEntity => ?a type PatientCondition	SQTS__zeppenfeld-2022-esc-guidelines-va-and-scd_n0085/e_0052 type ConditionOrFindingEntity => SQTS__zeppenfeld-2022-esc-guidelines-va-and-scd_n0085/e_0052 type PatientCondition
Rule_742	?a type ConditionOrFindingEntity => ?a type PatientCondition	unexplained_or_new_cardiovascular_signs_or_symptoms__regitz-zagrosek-2018-2018-esc-guideline-for-the-management-of-cardiovasc_n0016/e_0017 type ConditionOrFindingEntity => unexplained_or_new_cardiovascular_signs_or_symptoms__regitz-zagrosek-2018-2018-esc-guideline-for-the-management-of-cardiovasc_n0016/e_0017 type PatientCondition
Rule_742	?a type ConditionOrFindingEntity => ?a type PatientCondition	anomalous_aortic_origin_of_a_coronary_artery_with_an_interarterial_course__zeppenfeld-2022-esc-guidelines-va-and-scd_n0055/e_0004 type ConditionOrFindingEntity => anomalous_aortic_origin_of_a_coronary_artery_with_an_interarterial_course__zeppenfeld-2022-esc-guidelines-va-and-scd_n0055/e_0004 type PatientCondition
Rule_742	?a type ConditionOrFindingEntity => ?a type PatientCondition	renal_insufficiency__heidenreich-2022-aha-acc-hfsa-guidelines_n0050/e_0012 type ConditionOrFindingEntity => renal_insufficiency__heidenreich-2022-aha-acc-hfsa-guidelines_n0050/e_0012 type PatientCondition
Rule_742	?a type ConditionOrFindingEntity => ?a type PatientCondition	VT__al-khatib-2017-aha-acc-hrs-guideline-va-and-scd_n0050/e_0025 type ConditionOrFindingEntity => VT__al-khatib-2017-aha-acc-hrs-guideline-va-and-scd_n0050/e_0025 type PatientCondition
Rule_742	?a type ConditionOrFindingEntity => ?a type PatientCondition	ERP__zeppenfeld-2022-esc-guidelines-va-and-scd_n0082/e_0008 type ConditionOrFindingEntity => ERP__zeppenfeld-2022-esc-guidelines-va-and-scd_n0082/e_0008 type PatientCondition
Rule_742	?a type ConditionOrFindingEntity => ?a type PatientCondition	congestion__mcdonagh-2023-esc-guidelines_n0070/e_0034 type ConditionOrFindingEntity => congestion__mcdonagh-2023-esc-guidelines_n0070/e_0034 type PatientCondition
Rule_742	?a type ConditionOrFindingEntity => ?a type PatientCondition	Profile_3._Stable_on_inotrope_or_inotrope-dependent__mcdonagh-2023-esc-guidelines_n0059/e_0019 type ConditionOrFindingEntity => Profile_3._Stable_on_inotrope_or_inotrope-dependent__mcdonagh-2023-esc-guidelines_n0059/e_0019 type PatientCondition
Rule_742	?a type ConditionOrFindingEntity => ?a type PatientCondition	non-LBBB_pattern__heidenreich-2022-aha-acc-hfsa-guidelines_n0063/e_0059 type ConditionOrFindingEntity => non-LBBB_pattern__heidenreich-2022-aha-acc-hfsa-guidelines_n0063/e_0059 type PatientCondition
Rule_742	?a type ConditionOrFindingEntity => ?a type PatientCondition	at_least_two_of_the_following:_Prominent_U_waves_with_or_without_prolongation_of_the_QT_interval_Bidirectional_and/or_polymorphic_PVCs/VT_Dysmorphic_features_Periodic_paralysis_KCNJ2_pathogenic_loss_of_function_mutation__zeppenfeld-2022-esc-guidelines-va-and-scd_n0079/e_0006 type ConditionOrFindingEntity => at_least_two_of_the_following:_Prominent_U_waves_with_or_without_prolongation_of_the_QT_interval_Bidirectional_and/or_polymorphic_PVCs/VT_Dysmorphic_features_Periodic_paralysis_KCNJ2_pathogenic_loss_of_function_mutation__zeppenfeld-2022-esc-guidelines-va-and-scd_n0079/e_0006 type PatientCondition
Rule_742	?a type ConditionOrFindingEntity => ?a type PatientCondition	unexplained_reduced_EF__zeppenfeld-2022-esc-guidelines-va-and-scd_n0058/e_0002 type ConditionOrFindingEntity => unexplained_reduced_EF__zeppenfeld-2022-esc-guidelines-va-and-scd_n0058/e_0002 type PatientCondition
Rule_742	?a type ConditionOrFindingEntity => ?a type PatientCondition	Obesity__maddox-2021-2021-update-to-the-2017-acc-expert-consensus-decision-pathwa_n0017/e_0020 type ConditionOrFindingEntity => Obesity__maddox-2021-2021-update-to-the-2017-acc-expert-consensus-decision-pathwa_n0017/e_0020 type PatientCondition
Rule_742	?a type ConditionOrFindingEntity => ?a type PatientCondition	VT__zeppenfeld-2022-esc-guidelines-va-and-scd_n0042/e_0009 type ConditionOrFindingEntity => VT__zeppenfeld-2022-esc-guidelines-va-and-scd_n0042/e_0009 type PatientCondition
Rule_742	?a type ConditionOrFindingEntity => ?a type PatientCondition	HFrEF__mcdonagh-2023-esc-guidelines_n0095/e_0029 type ConditionOrFindingEntity => HFrEF__mcdonagh-2023-esc-guidelines_n0095/e_0029 type PatientCondition
Rule_742	?a type ConditionOrFindingEntity => ?a type PatientCondition	giant_cell_myocarditis,_eosinophilic_myocarditis,_cardiac_sarcoidosis,_systemic_inflammatory_disorders__mcdonagh-2023-esc-guidelines_n0089/e_0007 type ConditionOrFindingEntity => giant_cell_myocarditis,_eosinophilic_myocarditis,_cardiac_sarcoidosis,_systemic_inflammatory_disorders__mcdonagh-2023-esc-guidelines_n0089/e_0007 type PatientCondition
Rule_742	?a type ConditionOrFindingEntity => ?a type PatientCondition	su_verified_6ed52cdf724db04223b4d1c2e62f3c35f6b42bc19bc5e3198277d681d47e1eb9_table_5/e_0089 type ConditionOrFindingEntity => su_verified_6ed52cdf724db04223b4d1c2e62f3c35f6b42bc19bc5e3198277d681d47e1eb9_table_5/e_0089 type PatientCondition
Rule_742	?a type ConditionOrFindingEntity => ?a type PatientCondition	su_verified_6ed52cdf724db04223b4d1c2e62f3c35f6b42bc19bc5e3198277d681d47e1eb9_table_7/e_0015 type ConditionOrFindingEntity => su_verified_6ed52cdf724db04223b4d1c2e62f3c35f6b42bc19bc5e3198277d681d47e1eb9_table_7/e_0015 type PatientCondition
Rule_742	?a type ConditionOrFindingEntity => ?a type PatientCondition	HFrEF__mcdonagh-2023-esc-guidelines_n0095/e_0024 type ConditionOrFindingEntity => HFrEF__mcdonagh-2023-esc-guidelines_n0095/e_0024 type PatientCondition
Rule_742	?a type ConditionOrFindingEntity => ?a type PatientCondition	BAV__pelliccia-2020-2020-esc-guidelines-on-sports-cardiology-and-exercise-in_n0053/e_0036 type ConditionOrFindingEntity => BAV__pelliccia-2020-2020-esc-guidelines-on-sports-cardiology-and-exercise-in_n0053/e_0036 type PatientCondition
Rule_742	?a type ConditionOrFindingEntity => ?a type PatientCondition	SCD__zeppenfeld-2022-esc-guidelines-va-and-scd_n0018/e_0078 type ConditionOrFindingEntity => SCD__zeppenfeld-2022-esc-guidelines-va-and-scd_n0018/e_0078 type PatientCondition
Rule_742	?a type ConditionOrFindingEntity => ?a type PatientCondition	VT__zeppenfeld-2022-esc-guidelines-va-and-scd_n0057/e_0036 type ConditionOrFindingEntity => VT__zeppenfeld-2022-esc-guidelines-va-and-scd_n0057/e_0036 type PatientCondition
Rule_742	?a type ConditionOrFindingEntity => ?a type PatientCondition	DCM/HNDCM__zeppenfeld-2022-esc-guidelines-va-and-scd_n0018/e_0063 type ConditionOrFindingEntity => DCM/HNDCM__zeppenfeld-2022-esc-guidelines-va-and-scd_n0018/e_0063 type PatientCondition
Rule_742	?a type ConditionOrFindingEntity => ?a type PatientCondition	anaemia__mcdonagh-2023-esc-guidelines_n0022/e_0069 type ConditionOrFindingEntity => anaemia__mcdonagh-2023-esc-guidelines_n0022/e_0069 type PatientCondition
Rule_742	?a type ConditionOrFindingEntity => ?a type PatientCondition	organ_hypoperfusion__mcdonagh-2023-esc-guidelines_n0021/e_0010 type ConditionOrFindingEntity => organ_hypoperfusion__mcdonagh-2023-esc-guidelines_n0021/e_0010 type PatientCondition
Rule_742	?a type ConditionOrFindingEntity => ?a type PatientCondition	VT__zeppenfeld-2022-esc-guidelines-va-and-scd_n0086/e_0003 type ConditionOrFindingEntity => VT__zeppenfeld-2022-esc-guidelines-va-and-scd_n0086/e_0003 type PatientCondition
Rule_742	?a type ConditionOrFindingEntity => ?a type PatientCondition	CPVT__zeppenfeld-2022-esc-guidelines-va-and-scd_n0021/e_0019 type ConditionOrFindingEntity => CPVT__zeppenfeld-2022-esc-guidelines-va-and-scd_n0021/e_0019 type PatientCondition
Rule_742	?a type ConditionOrFindingEntity => ?a type PatientCondition	ACS__zeppenfeld-2022-esc-guidelines-va-and-scd_n0022/e_0007 type ConditionOrFindingEntity => ACS__zeppenfeld-2022-esc-guidelines-va-and-scd_n0022/e_0007 type PatientCondition
Rule_742	?a type ConditionOrFindingEntity => ?a type PatientCondition	symptomatic__regitz-zagrosek-2018-2018-esc-guideline-for-the-management-of-cardiovasc_n0022/e_0031 type ConditionOrFindingEntity => symptomatic__regitz-zagrosek-2018-2018-esc-guideline-for-the-management-of-cardiovasc_n0022/e_0031 type PatientCondition
Rule_742	?a type ConditionOrFindingEntity => ?a type PatientCondition	QT_prolongation__lenarczyk-2024-management-of-patients-with-an-electrical-storm-or-cluste_n0010/e_0024 type ConditionOrFindingEntity => QT_prolongation__lenarczyk-2024-management-of-patients-with-an-electrical-storm-or-cluste_n0010/e_0024 type PatientCondition
Rule_742	?a type ConditionOrFindingEntity => ?a type PatientCondition	sinus_node_disease__zeppenfeld-2022-esc-guidelines-va-and-scd_n0026/e_0021 type ConditionOrFindingEntity => sinus_node_disease__zeppenfeld-2022-esc-guidelines-va-and-scd_n0026/e_0021 type PatientCondition
Rule_742	?a type ConditionOrFindingEntity => ?a type PatientCondition	PVCs__zeppenfeld-2022-esc-guidelines-va-and-scd_n0057/e_0037 type ConditionOrFindingEntity => PVCs__zeppenfeld-2022-esc-guidelines-va-and-scd_n0057/e_0037 type PatientCondition
Rule_742	?a type ConditionOrFindingEntity => ?a type PatientCondition	BP_remains_%3E_130/80_mm_Hg__sectio-1_n0030/e_0013 type ConditionOrFindingEntity => BP_remains_%3E_130/80_mm_Hg__sectio-1_n0030/e_0013 type PatientCondition
Rule_742	?a type ConditionOrFindingEntity => ?a type PatientCondition	following_a_valve_intervention__zeppenfeld-2022-esc-guidelines-va-and-scd_n0095/e_0021 type ConditionOrFindingEntity => following_a_valve_intervention__zeppenfeld-2022-esc-guidelines-va-and-scd_n0095/e_0021 type PatientCondition
Rule_742	?a type ConditionOrFindingEntity => ?a type PatientCondition	HCM__zeppenfeld-2022-esc-guidelines-va-and-scd_n0018/e_0148 type ConditionOrFindingEntity => HCM__zeppenfeld-2022-esc-guidelines-va-and-scd_n0018/e_0148 type PatientCondition
Rule_742	?a type ConditionOrFindingEntity => ?a type PatientCondition	iron_deficiency__mcdonagh-2023-esc-guidelines_n0022/e_0140 type ConditionOrFindingEntity => iron_deficiency__mcdonagh-2023-esc-guidelines_n0022/e_0140 type PatientCondition
Rule_742	?a type ConditionOrFindingEntity => ?a type PatientCondition	HF__heidenreich-2022-aha-acc-hfsa-guidelines_n0030/e_0010 type ConditionOrFindingEntity => HF__heidenreich-2022-aha-acc-hfsa-guidelines_n0030/e_0010 type PatientCondition
Rule_742	?a type ConditionOrFindingEntity => ?a type PatientCondition	Chronic_kidney_disease__maddox-2021-2021-update-to-the-2017-acc-expert-consensus-decision-pathwa_n0017/e_0031 type ConditionOrFindingEntity => Chronic_kidney_disease__maddox-2021-2021-update-to-the-2017-acc-expert-consensus-decision-pathwa_n0017/e_0031 type PatientCondition
Rule_742	?a type ConditionOrFindingEntity => ?a type PatientCondition	DCM/HNDCM__zeppenfeld-2022-esc-guidelines-va-and-scd_n0094/e_0012 type ConditionOrFindingEntity => DCM/HNDCM__zeppenfeld-2022-esc-guidelines-va-and-scd_n0094/e_0012 type PatientCondition
Rule_742	?a type ConditionOrFindingEntity => ?a type PatientCondition	VA__zeppenfeld-2022-esc-guidelines-va-and-scd_n0019/e_0161 type ConditionOrFindingEntity => VA__zeppenfeld-2022-esc-guidelines-va-and-scd_n0019/e_0161 type PatientCondition
Rule_742	?a type ConditionOrFindingEntity => ?a type PatientCondition	VT__zeppenfeld-2022-esc-guidelines-va-and-scd_n0018/e_0037 type ConditionOrFindingEntity => VT__zeppenfeld-2022-esc-guidelines-va-and-scd_n0018/e_0037 type PatientCondition
Rule_742	?a type ConditionOrFindingEntity => ?a type PatientCondition	periods_of_high_heat/humidity_and/or_nausea/vomiting__mcdonagh-2023-esc-guidelines_n0055/e_0045 type ConditionOrFindingEntity => periods_of_high_heat/humidity_and/or_nausea/vomiting__mcdonagh-2023-esc-guidelines_n0055/e_0045 type PatientCondition
Rule_742	?a type ConditionOrFindingEntity => ?a type PatientCondition	TdP__zeppenfeld-2022-esc-guidelines-va-and-scd_n0092/e_0010 type ConditionOrFindingEntity => TdP__zeppenfeld-2022-esc-guidelines-va-and-scd_n0092/e_0010 type PatientCondition
Rule_742	?a type ConditionOrFindingEntity => ?a type PatientCondition	symptomatic_heart_failure_(NYHA_II/III)__zeppenfeld-2022-esc-guidelines-va-and-scd_n0072/e_0002 type ConditionOrFindingEntity => symptomatic_heart_failure_(NYHA_II/III)__zeppenfeld-2022-esc-guidelines-va-and-scd_n0072/e_0002 type PatientCondition
Rule_742	?a type ConditionOrFindingEntity => ?a type PatientCondition	HF__mcdonagh-2023-esc-guidelines_n0074/e_0030 type ConditionOrFindingEntity => HF__mcdonagh-2023-esc-guidelines_n0074/e_0030 type PatientCondition
Rule_742	?a type ConditionOrFindingEntity => ?a type PatientCondition	HF__mcdonagh-2023-esc-guidelines_n0095/e_0107 type ConditionOrFindingEntity => HF__mcdonagh-2023-esc-guidelines_n0095/e_0107 type PatientCondition
Rule_742	?a type ConditionOrFindingEntity => ?a type PatientCondition	abnormalities_of_nutrient_absorption/assimilation__vest-2019-nutrition-obesity-and-cachexia-in-patients-with-heart-failure_n0002/e_0044 type ConditionOrFindingEntity => abnormalities_of_nutrient_absorption/assimilation__vest-2019-nutrition-obesity-and-cachexia-in-patients-with-heart-failure_n0002/e_0044 type PatientCondition
Rule_742	?a type ConditionOrFindingEntity => ?a type PatientCondition	su_verified_6ed52cdf724db04223b4d1c2e62f3c35f6b42bc19bc5e3198277d681d47e1eb9_table_7/e_0076 type ConditionOrFindingEntity => su_verified_6ed52cdf724db04223b4d1c2e62f3c35f6b42bc19bc5e3198277d681d47e1eb9_table_7/e_0076 type PatientCondition
Rule_742	?a type ConditionOrFindingEntity => ?a type PatientCondition	depression_and_anxiety__ambrosetti-2020-secondary-prevention-comprehensive-cardiovascular-rehabi_n0011/e_0055 type ConditionOrFindingEntity => depression_and_anxiety__ambrosetti-2020-secondary-prevention-comprehensive-cardiovascular-rehabi_n0011/e_0055 type PatientCondition
Rule_742	?a type ConditionOrFindingEntity => ?a type PatientCondition	CPVT__zeppenfeld-2022-esc-guidelines-va-and-scd_n0084/e_0041 type ConditionOrFindingEntity => CPVT__zeppenfeld-2022-esc-guidelines-va-and-scd_n0084/e_0041 type PatientCondition
Rule_742	?a type ConditionOrFindingEntity => ?a type PatientCondition	HF__maddox-2021-2021-update-to-the-2017-acc-expert-consensus-decision-pathwa_n0008/e_0005 type ConditionOrFindingEntity => HF__maddox-2021-2021-update-to-the-2017-acc-expert-consensus-decision-pathwa_n0008/e_0005 type PatientCondition
Rule_742	?a type ConditionOrFindingEntity => ?a type PatientCondition	Poor_diet__sedf99-1_n0001/e_0040 type ConditionOrFindingEntity => Poor_diet__sedf99-1_n0001/e_0040 type PatientCondition
Rule_742	?a type ConditionOrFindingEntity => ?a type PatientCondition	Irreversible_liver_dysfunction_(cirrhosis)__mcdonagh-2023-esc-guidelines_n0062/e_0014 type ConditionOrFindingEntity => Irreversible_liver_dysfunction_(cirrhosis)__mcdonagh-2023-esc-guidelines_n0062/e_0014 type PatientCondition
Rule_742	?a type ConditionOrFindingEntity => ?a type PatientCondition	resuscitated_CA__zeppenfeld-2022-esc-guidelines-va-and-scd_n0025/e_0033 type ConditionOrFindingEntity => resuscitated_CA__zeppenfeld-2022-esc-guidelines-va-and-scd_n0025/e_0033 type PatientCondition
Rule_742	?a type ConditionOrFindingEntity => ?a type PatientCondition	HF__heidenreich-2022-aha-acc-hfsa-guidelines_n0035/e_0003 type ConditionOrFindingEntity => HF__heidenreich-2022-aha-acc-hfsa-guidelines_n0035/e_0003 type PatientCondition
Rule_742	?a type ConditionOrFindingEntity => ?a type PatientCondition	good_functional_capacity__pelliccia-2020-2020-esc-guidelines-on-sports-cardiology-and-exercise-in_n0060/e_0015 type ConditionOrFindingEntity => good_functional_capacity__pelliccia-2020-2020-esc-guidelines-on-sports-cardiology-and-exercise-in_n0060/e_0015 type PatientCondition
Rule_742	?a type ConditionOrFindingEntity => ?a type PatientCondition	SQTS__zeppenfeld-2022-esc-guidelines-va-and-scd_n0085/e_0013 type ConditionOrFindingEntity => SQTS__zeppenfeld-2022-esc-guidelines-va-and-scd_n0085/e_0013 type PatientCondition
Rule_742	?a type ConditionOrFindingEntity => ?a type PatientCondition	myocarditis__zeppenfeld-2022-esc-guidelines-va-and-scd_n0067/e_0035 type ConditionOrFindingEntity => myocarditis__zeppenfeld-2022-esc-guidelines-va-and-scd_n0067/e_0035 type PatientCondition
Rule_742	?a type ConditionOrFindingEntity => ?a type PatientCondition	HF__execut-1_n0048/e_0041 type ConditionOrFindingEntity => HF__execut-1_n0048/e_0041 type PatientCondition
Rule_742	?a type ConditionOrFindingEntity => ?a type PatientCondition	Worsening_renal_or_liver_dysfunction_in_the_setting_of_HF__supp-material-esc-guidelines_n0019/e_0003 type ConditionOrFindingEntity => Worsening_renal_or_liver_dysfunction_in_the_setting_of_HF__supp-material-esc-guidelines_n0019/e_0003 type PatientCondition
Rule_742	?a type ConditionOrFindingEntity => ?a type PatientCondition	renal_failure__zeppenfeld-2022-esc-guidelines-va-and-scd_n0025/e_0069 type ConditionOrFindingEntity => renal_failure__zeppenfeld-2022-esc-guidelines-va-and-scd_n0025/e_0069 type PatientCondition
Rule_742	?a type ConditionOrFindingEntity => ?a type PatientCondition	overweight_or_with_a_known_family_history_of_hypertension__visseren-2021-esc-guidelines-cardiovascular-disease-prevention_n0011/e_0014 type ConditionOrFindingEntity => overweight_or_with_a_known_family_history_of_hypertension__visseren-2021-esc-guidelines-cardiovascular-disease-prevention_n0011/e_0014 type PatientCondition
Rule_742	?a type ConditionOrFindingEntity => ?a type PatientCondition	Hypertension__ambrosetti-2020-secondary-prevention-comprehensive-cardiovascular-rehabi_n0007/e_0074 type ConditionOrFindingEntity => Hypertension__ambrosetti-2020-secondary-prevention-comprehensive-cardiovascular-rehabi_n0007/e_0074 type PatientCondition
Rule_742	?a type ConditionOrFindingEntity => ?a type PatientCondition	haemodynamically_not-tolerated_VT_or_VF__zeppenfeld-2022-esc-guidelines-va-and-scd_n0063/e_0033 type ConditionOrFindingEntity => haemodynamically_not-tolerated_VT_or_VF__zeppenfeld-2022-esc-guidelines-va-and-scd_n0063/e_0033 type PatientCondition
Rule_742	?a type ConditionOrFindingEntity => ?a type PatientCondition	hyperglycemia__heidenreich-2022-aha-acc-hfsa-guidelines_n0099/e_0031 type ConditionOrFindingEntity => hyperglycemia__heidenreich-2022-aha-acc-hfsa-guidelines_n0099/e_0031 type PatientCondition
Rule_742	?a type ConditionOrFindingEntity => ?a type PatientCondition	hypotension__mcdonagh-2023-esc-guidelines_n0096/e_0076 type ConditionOrFindingEntity => hypotension__mcdonagh-2023-esc-guidelines_n0096/e_0076 type PatientCondition
Rule_742	?a type ConditionOrFindingEntity => ?a type PatientCondition	SQTS__zeppenfeld-2022-esc-guidelines-va-and-scd_n0021/e_0052 type ConditionOrFindingEntity => SQTS__zeppenfeld-2022-esc-guidelines-va-and-scd_n0021/e_0052 type PatientCondition
Rule_742	?a type ConditionOrFindingEntity => ?a type PatientCondition	HF__mcdonagh-2023-esc-guidelines_n0097/e_0073 type ConditionOrFindingEntity => HF__mcdonagh-2023-esc-guidelines_n0097/e_0073 type PatientCondition
Rule_742	?a type ConditionOrFindingEntity => ?a type PatientCondition	HFmrEF__mcdonagh-2023-2023-focused-update-of-the-2021-esc-guidelines-for-the-dia_n0016/e_0005 type ConditionOrFindingEntity => HFmrEF__mcdonagh-2023-2023-focused-update-of-the-2021-esc-guidelines-for-the-dia_n0016/e_0005 type PatientCondition
Rule_742	?a type ConditionOrFindingEntity => ?a type PatientCondition	conductor_coil_fracture__braunschweig-2010-management-of-patients-receiving-implantable-cardiac-d_n0007/e_0033 type ConditionOrFindingEntity => conductor_coil_fracture__braunschweig-2010-management-of-patients-receiving-implantable-cardiac-d_n0007/e_0033 type PatientCondition
Rule_742	?a type ConditionOrFindingEntity => ?a type PatientCondition	su_verified_6ed52cdf724db04223b4d1c2e62f3c35f6b42bc19bc5e3198277d681d47e1eb9_table_7/e_0009 type ConditionOrFindingEntity => su_verified_6ed52cdf724db04223b4d1c2e62f3c35f6b42bc19bc5e3198277d681d47e1eb9_table_7/e_0009 type PatientCondition
Rule_742	?a type ConditionOrFindingEntity => ?a type PatientCondition	su_verified_6ed52cdf724db04223b4d1c2e62f3c35f6b42bc19bc5e3198277d681d47e1eb9_table_6/e_0038 type ConditionOrFindingEntity => su_verified_6ed52cdf724db04223b4d1c2e62f3c35f6b42bc19bc5e3198277d681d47e1eb9_table_6/e_0038 type PatientCondition
Rule_742	?a type ConditionOrFindingEntity => ?a type PatientCondition	CAD__zeppenfeld-2022-esc-guidelines-va-and-scd_n0054/e_0047 type ConditionOrFindingEntity => CAD__zeppenfeld-2022-esc-guidelines-va-and-scd_n0054/e_0047 type PatientCondition
Rule_742	?a type ConditionOrFindingEntity => ?a type PatientCondition	idiopathic_VF__zeppenfeld-2022-esc-guidelines-va-and-scd_n0095/e_0049 type ConditionOrFindingEntity => idiopathic_VF__zeppenfeld-2022-esc-guidelines-va-and-scd_n0095/e_0049 type PatientCondition
Rule_742	?a type ConditionOrFindingEntity => ?a type PatientCondition	cardiac_and_noncardiac_disorders__heidenreich-2022-aha-acc-hfsa-guidelines_n0013/e_0025 type ConditionOrFindingEntity => cardiac_and_noncardiac_disorders__heidenreich-2022-aha-acc-hfsa-guidelines_n0013/e_0025 type PatientCondition
Rule_742	?a type ConditionOrFindingEntity => ?a type PatientCondition	Non-ischemic_etiology__sectio-1_n0022/e_0036 type ConditionOrFindingEntity => Non-ischemic_etiology__sectio-1_n0022/e_0036 type PatientCondition
Rule_742	?a type ConditionOrFindingEntity => ?a type PatientCondition	VT__zeppenfeld-2022-esc-guidelines-va-and-scd_n0018/e_0022 type ConditionOrFindingEntity => VT__zeppenfeld-2022-esc-guidelines-va-and-scd_n0018/e_0022 type PatientCondition
Rule_742	?a type ConditionOrFindingEntity => ?a type PatientCondition	chronic,_severe_refractory_HF_when_there_is_no_reasonable_expectation_for_improvement__execut-1_n0040/e_0040 type ConditionOrFindingEntity => chronic,_severe_refractory_HF_when_there_is_no_reasonable_expectation_for_improvement__execut-1_n0040/e_0040 type PatientCondition
Rule_742	?a type ConditionOrFindingEntity => ?a type PatientCondition	non-LBBB_pattern__heidenreich-2022-aha-acc-hfsa-guidelines_n0065/e_0081 type ConditionOrFindingEntity => non-LBBB_pattern__heidenreich-2022-aha-acc-hfsa-guidelines_n0065/e_0081 type PatientCondition
Rule_742	?a type ConditionOrFindingEntity => ?a type PatientCondition	BrS__zeppenfeld-2022-esc-guidelines-va-and-scd_n0081/e_0033 type ConditionOrFindingEntity => BrS__zeppenfeld-2022-esc-guidelines-va-and-scd_n0081/e_0033 type PatientCondition
Rule_742	?a type ConditionOrFindingEntity => ?a type PatientCondition	SCD__al-khatib-2017-aha-acc-hrs-guideline-va-and-scd_n0044/e_0028 type ConditionOrFindingEntity => SCD__al-khatib-2017-aha-acc-hrs-guideline-va-and-scd_n0044/e_0028 type PatientCondition
Rule_742	?a type ConditionOrFindingEntity => ?a type PatientCondition	symptoms,_fatigue_or_discomfort__ambrosetti-2020-secondary-prevention-comprehensive-cardiovascular-rehabi_n0012/e_0029 type ConditionOrFindingEntity => symptoms,_fatigue_or_discomfort__ambrosetti-2020-secondary-prevention-comprehensive-cardiovascular-rehabi_n0012/e_0029 type PatientCondition
Rule_742	?a type ConditionOrFindingEntity => ?a type PatientCondition	LQT3__zeppenfeld-2022-esc-guidelines-va-and-scd_n0077/e_0032 type ConditionOrFindingEntity => LQT3__zeppenfeld-2022-esc-guidelines-va-and-scd_n0077/e_0032 type PatientCondition
Rule_742	?a type ConditionOrFindingEntity => ?a type PatientCondition	Symptoms_suggestive_of_transient_ischemic_accident_or_stroke__sectio-4_n0001/e_0021 type ConditionOrFindingEntity => Symptoms_suggestive_of_transient_ischemic_accident_or_stroke__sectio-4_n0001/e_0021 type PatientCondition
Rule_742	?a type ConditionOrFindingEntity => ?a type PatientCondition	long_QT_syndrome__al-khatib-2017-aha-acc-hrs-guideline-va-and-scd_n0055/e_0009 type ConditionOrFindingEntity => long_QT_syndrome__al-khatib-2017-aha-acc-hrs-guideline-va-and-scd_n0055/e_0009 type PatientCondition
Rule_742	?a type ConditionOrFindingEntity => ?a type PatientCondition	ischemic_heart_disease__al-khatib-2017-aha-acc-hrs-guideline-va-and-scd_n0035/e_0012 type ConditionOrFindingEntity => ischemic_heart_disease__al-khatib-2017-aha-acc-hrs-guideline-va-and-scd_n0035/e_0012 type PatientCondition
Rule_742	?a type ConditionOrFindingEntity => ?a type PatientCondition	Electromagnetic_interference__braunschweig-2010-management-of-patients-receiving-implantable-cardiac-d_n0007/e_0016 type ConditionOrFindingEntity => Electromagnetic_interference__braunschweig-2010-management-of-patients-receiving-implantable-cardiac-d_n0007/e_0016 type PatientCondition
Rule_742	?a type ConditionOrFindingEntity => ?a type PatientCondition	maintenance_of_nutrition,_organ_function,_and_activity__mcdonagh-2023-esc-guidelines_n0059/e_0043 type ConditionOrFindingEntity => maintenance_of_nutrition,_organ_function,_and_activity__mcdonagh-2023-esc-guidelines_n0059/e_0043 type PatientCondition
Rule_742	?a type ConditionOrFindingEntity => ?a type PatientCondition	su_verified_6ed52cdf724db04223b4d1c2e62f3c35f6b42bc19bc5e3198277d681d47e1eb9_table_5/e_0112 type ConditionOrFindingEntity => su_verified_6ed52cdf724db04223b4d1c2e62f3c35f6b42bc19bc5e3198277d681d47e1eb9_table_5/e_0112 type PatientCondition
Rule_742	?a type ConditionOrFindingEntity => ?a type PatientCondition	advanced_HF__heidenreich-2022-aha-acc-hfsa-guidelines_n0084/e_0002 type ConditionOrFindingEntity => advanced_HF__heidenreich-2022-aha-acc-hfsa-guidelines_n0084/e_0002 type PatientCondition
Rule_742	?a type ConditionOrFindingEntity => ?a type PatientCondition	syncope__zeppenfeld-2022-esc-guidelines-va-and-scd_n0093/e_0035 type ConditionOrFindingEntity => syncope__zeppenfeld-2022-esc-guidelines-va-and-scd_n0093/e_0035 type PatientCondition
Rule_742	?a type ConditionOrFindingEntity => ?a type PatientCondition	two_or_more_first-_or_second-degree_relatives_have_DCM_or_HNDC__mcdonagh-2023-esc-guidelines_n0084/e_0006 type ConditionOrFindingEntity => two_or_more_first-_or_second-degree_relatives_have_DCM_or_HNDC__mcdonagh-2023-esc-guidelines_n0084/e_0006 type PatientCondition
Rule_742	?a type ConditionOrFindingEntity => ?a type PatientCondition	symptomatic_bradycardia__glikson-2021-2021-esc-guidelines-on-cardiac-pacing-and-cardiac-resynchro_n0084/e_0017 type ConditionOrFindingEntity => symptomatic_bradycardia__glikson-2021-2021-esc-guidelines-on-cardiac-pacing-and-cardiac-resynchro_n0084/e_0017 type PatientCondition
Rule_742	?a type ConditionOrFindingEntity => ?a type PatientCondition	significant_SHD__zeppenfeld-2022-esc-guidelines-va-and-scd_n0040/e_0022 type ConditionOrFindingEntity => significant_SHD__zeppenfeld-2022-esc-guidelines-va-and-scd_n0040/e_0022 type PatientCondition
Rule_742	?a type ConditionOrFindingEntity => ?a type PatientCondition	Non-operable_severe_valve_abnormalities__mcdonagh-2023-esc-guidelines_n0058/e_0008 type ConditionOrFindingEntity => Non-operable_severe_valve_abnormalities__mcdonagh-2023-esc-guidelines_n0058/e_0008 type PatientCondition
Rule_742	?a type ConditionOrFindingEntity => ?a type PatientCondition	VF__zeppenfeld-2022-esc-guidelines-va-and-scd_n0019/e_0230 type ConditionOrFindingEntity => VF__zeppenfeld-2022-esc-guidelines-va-and-scd_n0019/e_0230 type PatientCondition
Rule_742	?a type ConditionOrFindingEntity => ?a type PatientCondition	it_is_time_to_have_it_replaced_when_the_battery_runs_out__rest-m3-websiten-zusammengefugt_n0002/e_0044 type ConditionOrFindingEntity => it_is_time_to_have_it_replaced_when_the_battery_runs_out__rest-m3-websiten-zusammengefugt_n0002/e_0044 type PatientCondition
Rule_742	?a type ConditionOrFindingEntity => ?a type PatientCondition	genetic_or_inherited_cardiomyopathies__heidenreich-2022-aha-acc-hfsa-guidelines_n0019/e_0002 type ConditionOrFindingEntity => genetic_or_inherited_cardiomyopathies__heidenreich-2022-aha-acc-hfsa-guidelines_n0019/e_0002 type PatientCondition
Rule_742	?a type ConditionOrFindingEntity => ?a type PatientCondition	VF__zeppenfeld-2022-esc-guidelines-va-and-scd_n0093/e_0055 type ConditionOrFindingEntity => VF__zeppenfeld-2022-esc-guidelines-va-and-scd_n0093/e_0055 type PatientCondition
Rule_742	?a type ConditionOrFindingEntity => ?a type PatientCondition	possible_inherited_disease__heidenreich-2022-aha-acc-hfsa-guidelines_n0013/e_0016 type ConditionOrFindingEntity => possible_inherited_disease__heidenreich-2022-aha-acc-hfsa-guidelines_n0013/e_0016 type PatientCondition
Rule_742	?a type ConditionOrFindingEntity => ?a type PatientCondition	NYHA_class_II%E2%80%93IV_HF__maddox-2021-2021-update-to-the-2017-acc-expert-consensus-decision-pathwa_n0004/e_0016 type ConditionOrFindingEntity => NYHA_class_II%E2%80%93IV_HF__maddox-2021-2021-update-to-the-2017-acc-expert-consensus-decision-pathwa_n0004/e_0016 type PatientCondition
Rule_742	?a type ConditionOrFindingEntity => ?a type PatientCondition	psychosocial_support__mcdonagh-2023-esc-guidelines_n0063/e_0005 type ConditionOrFindingEntity => psychosocial_support__mcdonagh-2023-esc-guidelines_n0063/e_0005 type PatientCondition
Rule_742	?a type ConditionOrFindingEntity => ?a type PatientCondition	HFrEF__mcdonagh-2023-esc-guidelines_n0095/e_0041 type ConditionOrFindingEntity => HFrEF__mcdonagh-2023-esc-guidelines_n0095/e_0041 type PatientCondition
Rule_742	?a type ConditionOrFindingEntity => ?a type PatientCondition	Low_albumin__supp-material-esc-guidelines_n0018/e_0018 type ConditionOrFindingEntity => Low_albumin__supp-material-esc-guidelines_n0018/e_0018 type PatientCondition
Rule_742	?a type ConditionOrFindingEntity => ?a type PatientCondition	HFrEF__heidenreich-2022-aha-acc-hfsa-guidelines_n0068/e_0009 type ConditionOrFindingEntity => HFrEF__heidenreich-2022-aha-acc-hfsa-guidelines_n0068/e_0009 type PatientCondition
Rule_742	?a type ConditionOrFindingEntity => ?a type PatientCondition	weak_or_stiff__cardiosmart-heartfailurebasics_n0002/e_0009 type ConditionOrFindingEntity => weak_or_stiff__cardiosmart-heartfailurebasics_n0002/e_0009 type PatientCondition
Rule_742	?a type ConditionOrFindingEntity => ?a type PatientCondition	VT__zeppenfeld-2022-esc-guidelines-va-and-scd_n0084/e_0050 type ConditionOrFindingEntity => VT__zeppenfeld-2022-esc-guidelines-va-and-scd_n0084/e_0050 type PatientCondition
Rule_742	?a type ConditionOrFindingEntity => ?a type PatientCondition	Isolated_RV_failure__mcdonagh-2023-esc-guidelines_n0058/e_0006 type ConditionOrFindingEntity => Isolated_RV_failure__mcdonagh-2023-esc-guidelines_n0058/e_0006 type PatientCondition
Rule_742	?a type ConditionOrFindingEntity => ?a type PatientCondition	LQTS__lenarczyk-2024-management-of-patients-with-an-electrical-storm-or-cluste_n0018/e_0005 type ConditionOrFindingEntity => LQTS__lenarczyk-2024-management-of-patients-with-an-electrical-storm-or-cluste_n0018/e_0005 type PatientCondition
Rule_742	?a type ConditionOrFindingEntity => ?a type PatientCondition	significant_functional_impairment__visseren-2021-esc-guidelines-cardiovascular-disease-prevention_n0033/e_0018 type ConditionOrFindingEntity => significant_functional_impairment__visseren-2021-esc-guidelines-cardiovascular-disease-prevention_n0033/e_0018 type PatientCondition
Rule_742	?a type ConditionOrFindingEntity => ?a type PatientCondition	NYHA_class_IV__al-khatib-2017-aha-acc-hrs-guideline-va-and-scd_n0047/e_0005 type ConditionOrFindingEntity => NYHA_class_IV__al-khatib-2017-aha-acc-hrs-guideline-va-and-scd_n0047/e_0005 type PatientCondition
Rule_742	?a type ConditionOrFindingEntity => ?a type PatientCondition	depression__execut-1_n0038/e_0017 type ConditionOrFindingEntity => depression__execut-1_n0038/e_0017 type PatientCondition
Rule_742	?a type ConditionOrFindingEntity => ?a type PatientCondition	CPVT__zeppenfeld-2022-esc-guidelines-va-and-scd_n0086/e_0020 type ConditionOrFindingEntity => CPVT__zeppenfeld-2022-esc-guidelines-va-and-scd_n0086/e_0020 type PatientCondition
Rule_742	?a type ConditionOrFindingEntity => ?a type PatientCondition	SMVT__zeppenfeld-2022-esc-guidelines-va-and-scd_n0092/e_0016 type ConditionOrFindingEntity => SMVT__zeppenfeld-2022-esc-guidelines-va-and-scd_n0092/e_0016 type PatientCondition
Rule_742	?a type ConditionOrFindingEntity => ?a type PatientCondition	previous_cardiotoxicity__mcdonagh-2023-esc-guidelines_n0022/e_0092 type ConditionOrFindingEntity => previous_cardiotoxicity__mcdonagh-2023-esc-guidelines_n0022/e_0092 type PatientCondition
Rule_742	?a type ConditionOrFindingEntity => ?a type PatientCondition	su_verified_e5f20076152902f9b102f37b1a83cdc79baea0d42000f6c76a83acfae0e39670_table_2/e_0007 type ConditionOrFindingEntity => su_verified_e5f20076152902f9b102f37b1a83cdc79baea0d42000f6c76a83acfae0e39670_table_2/e_0007 type PatientCondition
Rule_742	?a type ConditionOrFindingEntity => ?a type PatientCondition	cardiac_limitation__mcdonagh-2023-esc-guidelines_n0059/e_0048 type ConditionOrFindingEntity => cardiac_limitation__mcdonagh-2023-esc-guidelines_n0059/e_0048 type PatientCondition
Rule_742	?a type ConditionOrFindingEntity => ?a type PatientCondition	SMVT__zeppenfeld-2022-esc-guidelines-va-and-scd_n0020/e_0019 type ConditionOrFindingEntity => SMVT__zeppenfeld-2022-esc-guidelines-va-and-scd_n0020/e_0019 type PatientCondition
Rule_742	?a type ConditionOrFindingEntity => ?a type PatientCondition	Hepatomegaly__sectio-4_n0004/e_0018 type ConditionOrFindingEntity => Hepatomegaly__sectio-4_n0004/e_0018 type PatientCondition
Rule_742	?a type ConditionOrFindingEntity => ?a type PatientCondition	signs_of_congestion__heidenreich-2022-aha-acc-hfsa-guidelines_n0088/e_0020 type ConditionOrFindingEntity => signs_of_congestion__heidenreich-2022-aha-acc-hfsa-guidelines_n0088/e_0020 type PatientCondition
Rule_742	?a type ConditionOrFindingEntity => ?a type PatientCondition	SHD__lenarczyk-2024-management-of-patients-with-an-electrical-storm-or-cluste_n0017/e_0006 type ConditionOrFindingEntity => SHD__lenarczyk-2024-management-of-patients-with-an-electrical-storm-or-cluste_n0017/e_0006 type PatientCondition
Rule_742	?a type ConditionOrFindingEntity => ?a type PatientCondition	not_eligible_for_surgery__mcdonagh-2023-esc-guidelines_n0076/e_0025 type ConditionOrFindingEntity => not_eligible_for_surgery__mcdonagh-2023-esc-guidelines_n0076/e_0025 type PatientCondition
Rule_742	?a type ConditionOrFindingEntity => ?a type PatientCondition	congestion__execut-1_n0043/e_0071 type ConditionOrFindingEntity => congestion__execut-1_n0043/e_0071 type PatientCondition
Rule_742	?a type ConditionOrFindingEntity => ?a type PatientCondition	social_determinants_of_health__heidenreich-2022-aha-acc-hfsa-guidelines_n0013/e_0027 type ConditionOrFindingEntity => social_determinants_of_health__heidenreich-2022-aha-acc-hfsa-guidelines_n0013/e_0027 type PatientCondition
Rule_742	?a type ConditionOrFindingEntity => ?a type PatientCondition	Hypertension__mebaza-2015-recommendations-on-pre-hospital-early-hospital-management-of_n0004/e_0214 type ConditionOrFindingEntity => Hypertension__mebaza-2015-recommendations-on-pre-hospital-early-hospital-management-of_n0004/e_0214 type PatientCondition
Rule_742	?a type ConditionOrFindingEntity => ?a type PatientCondition	heart_is_weak_or_stiff__cardiosmart-modul1-zusammengefugt_n0002/e_0010 type ConditionOrFindingEntity => heart_is_weak_or_stiff__cardiosmart-modul1-zusammengefugt_n0002/e_0010 type PatientCondition
Rule_742	?a type ConditionOrFindingEntity => ?a type PatientCondition	exercise_test_not_feasible__zeppenfeld-2022-esc-guidelines-va-and-scd_n0025/e_0035 type ConditionOrFindingEntity => exercise_test_not_feasible__zeppenfeld-2022-esc-guidelines-va-and-scd_n0025/e_0035 type PatientCondition
Rule_742	?a type ConditionOrFindingEntity => ?a type PatientCondition	fluid_overload__mcdonagh-2023-esc-guidelines_n0059/e_0046 type ConditionOrFindingEntity => fluid_overload__mcdonagh-2023-esc-guidelines_n0059/e_0046 type PatientCondition
Rule_742	?a type ConditionOrFindingEntity => ?a type PatientCondition	torsades_de_pointes__al-khatib-2017-aha-acc-hrs-guideline-va-and-scd_n0071/e_0009 type ConditionOrFindingEntity => torsades_de_pointes__al-khatib-2017-aha-acc-hrs-guideline-va-and-scd_n0071/e_0009 type PatientCondition
Rule_742	?a type ConditionOrFindingEntity => ?a type PatientCondition	NYHA_class_III_or_IV__glikson-2021-2021-esc-guidelines-on-cardiac-pacing-and-cardiac-resynchro_n0052/e_0004 type ConditionOrFindingEntity => NYHA_class_III_or_IV__glikson-2021-2021-esc-guidelines-on-cardiac-pacing-and-cardiac-resynchro_n0052/e_0004 type PatientCondition
Rule_742	?a type ConditionOrFindingEntity => ?a type PatientCondition	dangerous_heart_rhythm__cardiosmart-decision-aid-icd-for-hf_n0002/e_0020 type ConditionOrFindingEntity => dangerous_heart_rhythm__cardiosmart-decision-aid-icd-for-hf_n0002/e_0020 type PatientCondition
Rule_742	?a type ConditionOrFindingEntity => ?a type PatientCondition	shock__heidenreich-2022-aha-acc-hfsa-guidelines_n0083/e_0029 type ConditionOrFindingEntity => shock__heidenreich-2022-aha-acc-hfsa-guidelines_n0083/e_0029 type PatientCondition
Rule_742	?a type ConditionOrFindingEntity => ?a type PatientCondition	SCD__al-khatib-2017-aha-acc-hrs-guideline-va-and-scd_n0039/e_0010 type ConditionOrFindingEntity => SCD__al-khatib-2017-aha-acc-hrs-guideline-va-and-scd_n0039/e_0010 type PatientCondition
Rule_742	?a type ConditionOrFindingEntity => ?a type PatientCondition	HF__mcdonagh-2023-esc-guidelines_n0096/e_0008 type ConditionOrFindingEntity => HF__mcdonagh-2023-esc-guidelines_n0096/e_0008 type PatientCondition
Rule_742	?a type ConditionOrFindingEntity => ?a type PatientCondition	hyperthyroidism__zeppenfeld-2022-esc-guidelines-va-and-scd_n0038/e_0027 type ConditionOrFindingEntity => hyperthyroidism__zeppenfeld-2022-esc-guidelines-va-and-scd_n0038/e_0027 type PatientCondition
Rule_742	?a type ConditionOrFindingEntity => ?a type PatientCondition	HF__mebaza-2015-recommendations-on-pre-hospital-early-hospital-management-of_n0003/e_0001 type ConditionOrFindingEntity => HF__mebaza-2015-recommendations-on-pre-hospital-early-hospital-management-of_n0003/e_0001 type PatientCondition
Rule_742	?a type ConditionOrFindingEntity => ?a type PatientCondition	coronary_vasospasm__zeppenfeld-2022-esc-guidelines-va-and-scd_n0040/e_0056 type ConditionOrFindingEntity => coronary_vasospasm__zeppenfeld-2022-esc-guidelines-va-and-scd_n0040/e_0056 type PatientCondition
Rule_742	?a type ConditionOrFindingEntity => ?a type PatientCondition	renal_dysfunction__mcdonagh-2023-esc-guidelines_n0077/e_0013 type ConditionOrFindingEntity => renal_dysfunction__mcdonagh-2023-esc-guidelines_n0077/e_0013 type PatientCondition
Rule_742	?a type ConditionOrFindingEntity => ?a type PatientCondition	significant_LGE_at_CMR__zeppenfeld-2022-esc-guidelines-va-and-scd_n0068/e_0010 type ConditionOrFindingEntity => significant_LGE_at_CMR__zeppenfeld-2022-esc-guidelines-va-and-scd_n0068/e_0010 type PatientCondition
Rule_742	?a type ConditionOrFindingEntity => ?a type PatientCondition	HF__heidenreich-2022-aha-acc-hfsa-guidelines_n0021/e_0009 type ConditionOrFindingEntity => HF__heidenreich-2022-aha-acc-hfsa-guidelines_n0021/e_0009 type PatientCondition
Rule_742	?a type ConditionOrFindingEntity => ?a type PatientCondition	mutation__zeppenfeld-2022-esc-guidelines-va-and-scd_n0034/e_0005 type ConditionOrFindingEntity => mutation__zeppenfeld-2022-esc-guidelines-va-and-scd_n0034/e_0005 type PatientCondition
Rule_742	?a type ConditionOrFindingEntity => ?a type PatientCondition	electrical_storm__zeppenfeld-2022-esc-guidelines-va-and-scd_n0085/e_0050 type ConditionOrFindingEntity => electrical_storm__zeppenfeld-2022-esc-guidelines-va-and-scd_n0085/e_0050 type PatientCondition
Rule_742	?a type ConditionOrFindingEntity => ?a type PatientCondition	su_verified_6ed52cdf724db04223b4d1c2e62f3c35f6b42bc19bc5e3198277d681d47e1eb9_table_5/e_0026 type ConditionOrFindingEntity => su_verified_6ed52cdf724db04223b4d1c2e62f3c35f6b42bc19bc5e3198277d681d47e1eb9_table_5/e_0026 type PatientCondition
Rule_742	?a type ConditionOrFindingEntity => ?a type PatientCondition	HFrEF__heidenreich-2022-aha-acc-hfsa-guidelines_n0061/e_0002 type ConditionOrFindingEntity => HFrEF__heidenreich-2022-aha-acc-hfsa-guidelines_n0061/e_0002 type PatientCondition
Rule_742	?a type ConditionOrFindingEntity => ?a type PatientCondition	EF_%E2%89%A435%25__zeppenfeld-2022-esc-guidelines-va-and-scd_n0072/e_0003 type ConditionOrFindingEntity => EF_%E2%89%A435%25__zeppenfeld-2022-esc-guidelines-va-and-scd_n0072/e_0003 type PatientCondition
Rule_742	?a type ConditionOrFindingEntity => ?a type PatientCondition	Chagas_disease_(Trypanosoma_cruzi)__mcdonagh-2023-esc-guidelines_n0084/e_0064 type ConditionOrFindingEntity => Chagas_disease_(Trypanosoma_cruzi)__mcdonagh-2023-esc-guidelines_n0084/e_0064 type PatientCondition
Rule_742	?a type ConditionOrFindingEntity => ?a type PatientCondition	spontaneous_documented_symptomatic_asystolic_pause(s)_%3E3_s__glikson-2021-2021-esc-guidelines-on-cardiac-pacing-and-cardiac-resynchro_n0085/e_0045 type ConditionOrFindingEntity => spontaneous_documented_symptomatic_asystolic_pause(s)_%3E3_s__glikson-2021-2021-esc-guidelines-on-cardiac-pacing-and-cardiac-resynchro_n0085/e_0045 type PatientCondition
Rule_742	?a type ConditionOrFindingEntity => ?a type PatientCondition	malnutrition__vest-2019-nutrition-obesity-and-cachexia-in-patients-with-heart-failure_n0002/e_0002 type ConditionOrFindingEntity => malnutrition__vest-2019-nutrition-obesity-and-cachexia-in-patients-with-heart-failure_n0002/e_0002 type PatientCondition
Rule_742	?a type ConditionOrFindingEntity => ?a type PatientCondition	Hypertension__maddox-2021-2021-update-to-the-2017-acc-expert-consensus-decision-pathwa_n0017/e_0012 type ConditionOrFindingEntity => Hypertension__maddox-2021-2021-update-to-the-2017-acc-expert-consensus-decision-pathwa_n0017/e_0012 type PatientCondition
Rule_742	?a type ConditionOrFindingEntity => ?a type PatientCondition	LVEF_%3C_50%25__zeppenfeld-2022-esc-guidelines-va-and-scd_n0060/e_0030 type ConditionOrFindingEntity => LVEF_%3C_50%25__zeppenfeld-2022-esc-guidelines-va-and-scd_n0060/e_0030 type PatientCondition
Rule_742	?a type ConditionOrFindingEntity => ?a type PatientCondition	left_bundle_branch_block_(LBBB)__heidenreich-2022-aha-acc-hfsa-guidelines_n0064/e_0034 type ConditionOrFindingEntity => left_bundle_branch_block_(LBBB)__heidenreich-2022-aha-acc-hfsa-guidelines_n0064/e_0034 type PatientCondition
Rule_742	?a type ConditionOrFindingEntity => ?a type PatientCondition	In_the_absence_of_a_clear_identifiable_noncardiac_cause__sectio-1_n0022/e_0022 type ConditionOrFindingEntity => In_the_absence_of_a_clear_identifiable_noncardiac_cause__sectio-1_n0022/e_0022 type PatientCondition
Rule_742	?a type ConditionOrFindingEntity => ?a type PatientCondition	NYHA_class_I_to_III_HF_symptoms__heidenreich-2022-aha-acc-hfsa-guidelines_n0073/e_0003 type ConditionOrFindingEntity => NYHA_class_I_to_III_HF_symptoms__heidenreich-2022-aha-acc-hfsa-guidelines_n0073/e_0003 type PatientCondition
Rule_742	?a type ConditionOrFindingEntity => ?a type PatientCondition	known_or_suspected_valvular_disease__regitz-zagrosek-2018-2018-esc-guideline-for-the-management-of-cardiovasc_n0022/e_0005 type ConditionOrFindingEntity => known_or_suspected_valvular_disease__regitz-zagrosek-2018-2018-esc-guideline-for-the-management-of-cardiovasc_n0022/e_0005 type PatientCondition
Rule_742	?a type ConditionOrFindingEntity => ?a type PatientCondition	documentation_of_VF__zeppenfeld-2022-esc-guidelines-va-and-scd_n0095/e_0046 type ConditionOrFindingEntity => documentation_of_VF__zeppenfeld-2022-esc-guidelines-va-and-scd_n0095/e_0046 type PatientCondition
Rule_742	?a type ConditionOrFindingEntity => ?a type PatientCondition	severe_HF__sectio-1_n0016/e_0015 type ConditionOrFindingEntity => severe_HF__sectio-1_n0016/e_0015 type PatientCondition
Rule_742	?a type ConditionOrFindingEntity => ?a type PatientCondition	predictors_of_persistence__glikson-2021-2021-esc-guidelines-on-cardiac-pacing-and-cardiac-resynchro_n0061/e_0009 type ConditionOrFindingEntity => predictors_of_persistence__glikson-2021-2021-esc-guidelines-on-cardiac-pacing-and-cardiac-resynchro_n0061/e_0009 type PatientCondition
Rule_742	?a type ConditionOrFindingEntity => ?a type PatientCondition	SQTS__zeppenfeld-2022-esc-guidelines-va-and-scd_n0021/e_0056 type ConditionOrFindingEntity => SQTS__zeppenfeld-2022-esc-guidelines-va-and-scd_n0021/e_0056 type PatientCondition
Rule_742	?a type ConditionOrFindingEntity => ?a type PatientCondition	HF__heidenreich-2022-aha-acc-hfsa-guidelines_n0040/e_0009 type ConditionOrFindingEntity => HF__heidenreich-2022-aha-acc-hfsa-guidelines_n0040/e_0009 type PatientCondition
Rule_742	?a type ConditionOrFindingEntity => ?a type PatientCondition	VT__zeppenfeld-2022-esc-guidelines-va-and-scd_n0019/e_0069 type ConditionOrFindingEntity => VT__zeppenfeld-2022-esc-guidelines-va-and-scd_n0019/e_0069 type PatientCondition
Rule_742	?a type ConditionOrFindingEntity => ?a type PatientCondition	BrS__zeppenfeld-2022-esc-guidelines-va-and-scd_n0081/e_0023 type ConditionOrFindingEntity => BrS__zeppenfeld-2022-esc-guidelines-va-and-scd_n0081/e_0023 type PatientCondition
Rule_742	?a type ConditionOrFindingEntity => ?a type PatientCondition	anxiety__visseren-2021-esc-guidelines-cardiovascular-disease-prevention_n0030/e_0008 type ConditionOrFindingEntity => anxiety__visseren-2021-esc-guidelines-cardiovascular-disease-prevention_n0030/e_0008 type PatientCondition
Rule_742	?a type ConditionOrFindingEntity => ?a type PatientCondition	fever__zeppenfeld-2022-esc-guidelines-va-and-scd_n0096/e_0026 type ConditionOrFindingEntity => fever__zeppenfeld-2022-esc-guidelines-va-and-scd_n0096/e_0026 type PatientCondition
Rule_742	?a type ConditionOrFindingEntity => ?a type PatientCondition	electrical_storm__zeppenfeld-2022-esc-guidelines-va-and-scd_n0036/e_0049 type ConditionOrFindingEntity => electrical_storm__zeppenfeld-2022-esc-guidelines-va-and-scd_n0036/e_0049 type PatientCondition
Rule_742	?a type ConditionOrFindingEntity => ?a type PatientCondition	su_verified_6ed52cdf724db04223b4d1c2e62f3c35f6b42bc19bc5e3198277d681d47e1eb9_table_5/e_0076 type ConditionOrFindingEntity => su_verified_6ed52cdf724db04223b4d1c2e62f3c35f6b42bc19bc5e3198277d681d47e1eb9_table_5/e_0076 type PatientCondition
Rule_742	?a type ConditionOrFindingEntity => ?a type PatientCondition	history_of_unexplained_syncope__zeppenfeld-2022-esc-guidelines-va-and-scd_n0079/e_0021 type ConditionOrFindingEntity => history_of_unexplained_syncope__zeppenfeld-2022-esc-guidelines-va-and-scd_n0079/e_0021 type PatientCondition
Rule_742	?a type ConditionOrFindingEntity => ?a type PatientCondition	heart_muscle_contractions__medis-websiten-zusammengefugt_n0006/e_0027 type ConditionOrFindingEntity => heart_muscle_contractions__medis-websiten-zusammengefugt_n0006/e_0027 type PatientCondition
Rule_742	?a type ConditionOrFindingEntity => ?a type PatientCondition	SMVT__zeppenfeld-2022-esc-guidelines-va-and-scd_n0067/e_0040 type ConditionOrFindingEntity => SMVT__zeppenfeld-2022-esc-guidelines-va-and-scd_n0067/e_0040 type PatientCondition
Rule_742	?a type ConditionOrFindingEntity => ?a type PatientCondition	absence_of_a_documented_cardioinhibitory_reflex__glikson-2021-2021-esc-guidelines-on-cardiac-pacing-and-cardiac-resynchro_n0085/e_0050 type ConditionOrFindingEntity => absence_of_a_documented_cardioinhibitory_reflex__glikson-2021-2021-esc-guidelines-on-cardiac-pacing-and-cardiac-resynchro_n0085/e_0050 type PatientCondition
Rule_742	?a type ConditionOrFindingEntity => ?a type PatientCondition	cardiomyopathy__zeppenfeld-2022-esc-guidelines-va-and-scd_n0059/e_0010 type ConditionOrFindingEntity => cardiomyopathy__zeppenfeld-2022-esc-guidelines-va-and-scd_n0059/e_0010 type PatientCondition
Rule_742	?a type ConditionOrFindingEntity => ?a type PatientCondition	high_(stage_3_CKD)_or_very-high_risk_(stage_4%E2%80%935_CKD_or_on_dialysis)_of_CVD__ambrosetti-2020-secondary-prevention-comprehensive-cardiovascular-rehabi_n0016/e_0035 type ConditionOrFindingEntity => high_(stage_3_CKD)_or_very-high_risk_(stage_4%E2%80%935_CKD_or_on_dialysis)_of_CVD__ambrosetti-2020-secondary-prevention-comprehensive-cardiovascular-rehabi_n0016/e_0035 type PatientCondition
Rule_742	?a type ConditionOrFindingEntity => ?a type PatientCondition	SQTS__zeppenfeld-2022-esc-guidelines-va-and-scd_n0085/e_0019 type ConditionOrFindingEntity => SQTS__zeppenfeld-2022-esc-guidelines-va-and-scd_n0085/e_0019 type PatientCondition
Rule_742	?a type ConditionOrFindingEntity => ?a type PatientCondition	hypomagnesaemia__mullens-2019-the-use-of-diuretics-in-heart-failure-with-congestion_n0004/e_0007 type ConditionOrFindingEntity => hypomagnesaemia__mullens-2019-the-use-of-diuretics-in-heart-failure-with-congestion_n0004/e_0007 type PatientCondition
Rule_742	?a type ConditionOrFindingEntity => ?a type PatientCondition	diagnosis_of_HF__tsutsui-2023-natriuretic-peptides-role-in-the-diagnosis-and-management-o_n0001/e_0027 type ConditionOrFindingEntity => diagnosis_of_HF__tsutsui-2023-natriuretic-peptides-role-in-the-diagnosis-and-management-o_n0001/e_0027 type PatientCondition
Rule_742	?a type ConditionOrFindingEntity => ?a type PatientCondition	PVCs__zeppenfeld-2022-esc-guidelines-va-and-scd_n0057/e_0031 type ConditionOrFindingEntity => PVCs__zeppenfeld-2022-esc-guidelines-va-and-scd_n0057/e_0031 type PatientCondition
Rule_742	?a type ConditionOrFindingEntity => ?a type PatientCondition	snoring__riegel-2009-promoting-self-care-in-persons-with-heart-failure_n0004/e_0075 type ConditionOrFindingEntity => snoring__riegel-2009-promoting-self-care-in-persons-with-heart-failure_n0004/e_0075 type PatientCondition
Rule_742	?a type ConditionOrFindingEntity => ?a type PatientCondition	ERS__zeppenfeld-2022-esc-guidelines-va-and-scd_n0019/e_0225 type ConditionOrFindingEntity => ERS__zeppenfeld-2022-esc-guidelines-va-and-scd_n0019/e_0225 type PatientCondition
Rule_742	?a type ConditionOrFindingEntity => ?a type PatientCondition	VT,__lenarczyk-2024-management-of-patients-with-an-electrical-storm-or-cluste_n0020/e_0038 type ConditionOrFindingEntity => VT,__lenarczyk-2024-management-of-patients-with-an-electrical-storm-or-cluste_n0020/e_0038 type PatientCondition
Rule_742	?a type ConditionOrFindingEntity => ?a type PatientCondition	functional_status_and_prognosis_based_on_severity_of_underlying_HF_and_comorbid_conditions__sectio-1_n0022/e_0008 type ConditionOrFindingEntity => functional_status_and_prognosis_based_on_severity_of_underlying_HF_and_comorbid_conditions__sectio-1_n0022/e_0008 type PatientCondition
Rule_742	?a type ConditionOrFindingEntity => ?a type PatientCondition	Mitral_regurgitation__maddox-2021-2021-update-to-the-2017-acc-expert-consensus-decision-pathwa_n0017/e_0005 type ConditionOrFindingEntity => Mitral_regurgitation__maddox-2021-2021-update-to-the-2017-acc-expert-consensus-decision-pathwa_n0017/e_0005 type PatientCondition
Rule_742	?a type ConditionOrFindingEntity => ?a type PatientCondition	NYHA_class_I_symptoms__heidenreich-2022-aha-acc-hfsa-guidelines_n0065/e_0069 type ConditionOrFindingEntity => NYHA_class_I_symptoms__heidenreich-2022-aha-acc-hfsa-guidelines_n0065/e_0069 type PatientCondition
Rule_742	?a type ConditionOrFindingEntity => ?a type PatientCondition	significant_fluid_overload__heidenreich-2022-aha-acc-hfsa-guidelines_n0088/e_0002 type ConditionOrFindingEntity => significant_fluid_overload__heidenreich-2022-aha-acc-hfsa-guidelines_n0088/e_0002 type PatientCondition
Rule_742	?a type ConditionOrFindingEntity => ?a type PatientCondition	end-stage_kidney_failure__mcdonagh-2023-esc-guidelines_n0063/e_0031 type ConditionOrFindingEntity => end-stage_kidney_failure__mcdonagh-2023-esc-guidelines_n0063/e_0031 type PatientCondition
Rule_742	?a type ConditionOrFindingEntity => ?a type PatientCondition	HF__heidenreich-2022-aha-acc-hfsa-guidelines_n0028/e_0002 type ConditionOrFindingEntity => HF__heidenreich-2022-aha-acc-hfsa-guidelines_n0028/e_0002 type PatientCondition
Rule_742	?a type ConditionOrFindingEntity => ?a type PatientCondition	exercise-_or_emotion-induced_bidirectional_or_PVT__zeppenfeld-2022-esc-guidelines-va-and-scd_n0096/e_0052 type ConditionOrFindingEntity => exercise-_or_emotion-induced_bidirectional_or_PVT__zeppenfeld-2022-esc-guidelines-va-and-scd_n0096/e_0052 type PatientCondition
Rule_742	?a type ConditionOrFindingEntity => ?a type PatientCondition	Chronic_lung_disease__maddox-2021-2021-update-to-the-2017-acc-expert-consensus-decision-pathwa_n0017/e_0022 type ConditionOrFindingEntity => Chronic_lung_disease__maddox-2021-2021-update-to-the-2017-acc-expert-consensus-decision-pathwa_n0017/e_0022 type PatientCondition
Rule_742	?a type ConditionOrFindingEntity => ?a type PatientCondition	executive_function__riegel-2009-promoting-self-care-in-persons-with-heart-failure_n0004/e_0087 type ConditionOrFindingEntity => executive_function__riegel-2009-promoting-self-care-in-persons-with-heart-failure_n0004/e_0087 type PatientCondition
Rule_742	?a type ConditionOrFindingEntity => ?a type PatientCondition	not_consistent_with_a_cardiac_cause__zeppenfeld-2022-esc-guidelines-va-and-scd_n0032/e_0003 type ConditionOrFindingEntity => not_consistent_with_a_cardiac_cause__zeppenfeld-2022-esc-guidelines-va-and-scd_n0032/e_0003 type PatientCondition
Rule_742	?a type ConditionOrFindingEntity => ?a type PatientCondition	Potassium_channel_blocker_effects_require_higher_dose_than_beta-blocker_effects__zeppenfeld-2022-esc-guidelines-va-and-scd_n0040/e_0060 type ConditionOrFindingEntity => Potassium_channel_blocker_effects_require_higher_dose_than_beta-blocker_effects__zeppenfeld-2022-esc-guidelines-va-and-scd_n0040/e_0060 type PatientCondition
Rule_742	?a type ConditionOrFindingEntity => ?a type PatientCondition	HF__vest-2019-nutrition-obesity-and-cachexia-in-patients-with-heart-failure_n0001/e_0046 type ConditionOrFindingEntity => HF__vest-2019-nutrition-obesity-and-cachexia-in-patients-with-heart-failure_n0001/e_0046 type PatientCondition
Rule_742	?a type ConditionOrFindingEntity => ?a type PatientCondition	cardiogenic_shock__lenarczyk-2024-management-of-patients-with-an-electrical-storm-or-cluste_n0020/e_0204 type ConditionOrFindingEntity => cardiogenic_shock__lenarczyk-2024-management-of-patients-with-an-electrical-storm-or-cluste_n0020/e_0204 type PatientCondition
Rule_742	?a type ConditionOrFindingEntity => ?a type PatientCondition	Limited_experience_with_its_use_beyond_24_h__zeppenfeld-2022-esc-guidelines-va-and-scd_n0038/e_0089 type ConditionOrFindingEntity => Limited_experience_with_its_use_beyond_24_h__zeppenfeld-2022-esc-guidelines-va-and-scd_n0038/e_0089 type PatientCondition
Rule_742	?a type ConditionOrFindingEntity => ?a type PatientCondition	Symptoms__ambrosetti-2020-secondary-prevention-comprehensive-cardiovascular-rehabi_n0015/e_0005 type ConditionOrFindingEntity => Symptoms__ambrosetti-2020-secondary-prevention-comprehensive-cardiovascular-rehabi_n0015/e_0005 type PatientCondition
Rule_742	?a type ConditionOrFindingEntity => ?a type PatientCondition	SCD__zeppenfeld-2022-esc-guidelines-va-and-scd_n0019/e_0086 type ConditionOrFindingEntity => SCD__zeppenfeld-2022-esc-guidelines-va-and-scd_n0019/e_0086 type PatientCondition
Rule_742	?a type ConditionOrFindingEntity => ?a type PatientCondition	SQTS__zeppenfeld-2022-esc-guidelines-va-and-scd_n0085/e_0001 type ConditionOrFindingEntity => SQTS__zeppenfeld-2022-esc-guidelines-va-and-scd_n0085/e_0001 type PatientCondition
Rule_742	?a type ConditionOrFindingEntity => ?a type PatientCondition	CAD__zeppenfeld-2022-esc-guidelines-va-and-scd_n0054/e_0032 type ConditionOrFindingEntity => CAD__zeppenfeld-2022-esc-guidelines-va-and-scd_n0054/e_0032 type PatientCondition
Rule_742	?a type ConditionOrFindingEntity => ?a type PatientCondition	patient_is_asymptomatic_at_presentation__al-khatib-2017-aha-acc-hrs-guideline-va-and-scd_n0050/e_0018 type ConditionOrFindingEntity => patient_is_asymptomatic_at_presentation__al-khatib-2017-aha-acc-hrs-guideline-va-and-scd_n0050/e_0018 type PatientCondition
Rule_742	?a type ConditionOrFindingEntity => ?a type PatientCondition	heart_failure__mcdonagh-2023-esc-guidelines_n0080/e_0013 type ConditionOrFindingEntity => heart_failure__mcdonagh-2023-esc-guidelines_n0080/e_0013 type PatientCondition
Rule_742	?a type ConditionOrFindingEntity => ?a type PatientCondition	HF__mcdonagh-2023-esc-guidelines_n0081/e_0004 type ConditionOrFindingEntity => HF__mcdonagh-2023-esc-guidelines_n0081/e_0004 type PatientCondition
Rule_742	?a type ConditionOrFindingEntity => ?a type PatientCondition	external_precipitating_factors__lenarczyk-2024-management-of-patients-with-an-electrical-storm-or-cluste_n0010/e_0013 type ConditionOrFindingEntity => external_precipitating_factors__lenarczyk-2024-management-of-patients-with-an-electrical-storm-or-cluste_n0010/e_0013 type PatientCondition
Rule_742	?a type ConditionOrFindingEntity => ?a type PatientCondition	when_there_is_a_change_in_the_clinical_condition__mcdonagh-2023-esc-guidelines_n0055/e_0004 type ConditionOrFindingEntity => when_there_is_a_change_in_the_clinical_condition__mcdonagh-2023-esc-guidelines_n0055/e_0004 type PatientCondition
Rule_742	?a type ConditionOrFindingEntity => ?a type PatientCondition	sustained_VT__zeppenfeld-2022-esc-guidelines-va-and-scd_n0097/e_0018 type ConditionOrFindingEntity => sustained_VT__zeppenfeld-2022-esc-guidelines-va-and-scd_n0097/e_0018 type PatientCondition
Rule_742	?a type ConditionOrFindingEntity => ?a type PatientCondition	HF__execut-1_n0048/e_0020 type ConditionOrFindingEntity => HF__execut-1_n0048/e_0020 type PatientCondition
Rule_742	?a type ConditionOrFindingEntity => ?a type PatientCondition	On_maximum_tolerated_dose_of_beta-blocker__maddox-2021-2021-update-to-the-2017-acc-expert-consensus-decision-pathwa_n0004/e_0008 type ConditionOrFindingEntity => On_maximum_tolerated_dose_of_beta-blocker__maddox-2021-2021-update-to-the-2017-acc-expert-consensus-decision-pathwa_n0004/e_0008 type PatientCondition
Rule_742	?a type ConditionOrFindingEntity => ?a type PatientCondition	myocarditis__zeppenfeld-2022-esc-guidelines-va-and-scd_n0020/e_0020 type ConditionOrFindingEntity => myocarditis__zeppenfeld-2022-esc-guidelines-va-and-scd_n0020/e_0020 type PatientCondition
Rule_742	?a type ConditionOrFindingEntity => ?a type PatientCondition	diaphragmatic_myopotentials__braunschweig-2010-management-of-patients-receiving-implantable-cardiac-d_n0007/e_0059 type ConditionOrFindingEntity => diaphragmatic_myopotentials__braunschweig-2010-management-of-patients-receiving-implantable-cardiac-d_n0007/e_0059 type PatientCondition
Rule_742	?a type ConditionOrFindingEntity => ?a type PatientCondition	pathogenic_genetic_variant__glikson-2021-2021-esc-guidelines-on-cardiac-pacing-and-cardiac-resynchro_n0038/e_0007 type ConditionOrFindingEntity => pathogenic_genetic_variant__glikson-2021-2021-esc-guidelines-on-cardiac-pacing-and-cardiac-resynchro_n0038/e_0007 type PatientCondition
Rule_742	?a type ConditionOrFindingEntity => ?a type PatientCondition	PVT__zeppenfeld-2022-esc-guidelines-va-and-scd_n0052/e_0013 type ConditionOrFindingEntity => PVT__zeppenfeld-2022-esc-guidelines-va-and-scd_n0052/e_0013 type PatientCondition
Rule_742	?a type ConditionOrFindingEntity => ?a type PatientCondition	a_spontaneous_type_1_Brugada_ECG_pattern__zeppenfeld-2022-esc-guidelines-va-and-scd_n0096/e_0014 type ConditionOrFindingEntity => a_spontaneous_type_1_Brugada_ECG_pattern__zeppenfeld-2022-esc-guidelines-va-and-scd_n0096/e_0014 type PatientCondition
Rule_742	?a type ConditionOrFindingEntity => ?a type PatientCondition	frailty__heidenreich-2022-aha-acc-hfsa-guidelines_n0065/e_0087 type ConditionOrFindingEntity => frailty__heidenreich-2022-aha-acc-hfsa-guidelines_n0065/e_0087 type PatientCondition
Rule_742	?a type ConditionOrFindingEntity => ?a type PatientCondition	VA__zeppenfeld-2022-esc-guidelines-va-and-scd_n0019/e_0068 type ConditionOrFindingEntity => VA__zeppenfeld-2022-esc-guidelines-va-and-scd_n0019/e_0068 type PatientCondition
Rule_742	?a type ConditionOrFindingEntity => ?a type PatientCondition	anaemia_in_HF__mcdonagh-2023-esc-guidelines_n0022/e_0087 type ConditionOrFindingEntity => anaemia_in_HF__mcdonagh-2023-esc-guidelines_n0022/e_0087 type PatientCondition
Rule_742	?a type ConditionOrFindingEntity => ?a type PatientCondition	severe_HF__sectio-1_n0016/e_0025 type ConditionOrFindingEntity => severe_HF__sectio-1_n0016/e_0025 type PatientCondition
Rule_742	?a type ConditionOrFindingEntity => ?a type PatientCondition	LVEF_%5Cleq_35%5C%25__zeppenfeld-2022-esc-guidelines-va-and-scd_n0068/e_0003 type ConditionOrFindingEntity => LVEF_%5Cleq_35%5C%25__zeppenfeld-2022-esc-guidelines-va-and-scd_n0068/e_0003 type PatientCondition
Rule_742	?a type ConditionOrFindingEntity => ?a type PatientCondition	Profile_6._Exertion_limited__mcdonagh-2023-esc-guidelines_n0059/e_0044 type ConditionOrFindingEntity => Profile_6._Exertion_limited__mcdonagh-2023-esc-guidelines_n0059/e_0044 type PatientCondition
Rule_742	?a type ConditionOrFindingEntity => ?a type PatientCondition	su_verified_6ed52cdf724db04223b4d1c2e62f3c35f6b42bc19bc5e3198277d681d47e1eb9_table_6/e_0062 type ConditionOrFindingEntity => su_verified_6ed52cdf724db04223b4d1c2e62f3c35f6b42bc19bc5e3198277d681d47e1eb9_table_6/e_0062 type PatientCondition
Rule_742	?a type ConditionOrFindingEntity => ?a type PatientCondition	inappropriate,_or_unnecessary_therapies__lenarczyk-2024-management-of-patients-with-an-electrical-storm-or-cluste_n0010/e_0035 type ConditionOrFindingEntity => inappropriate,_or_unnecessary_therapies__lenarczyk-2024-management-of-patients-with-an-electrical-storm-or-cluste_n0010/e_0035 type PatientCondition
Rule_742	?a type ConditionOrFindingEntity => ?a type PatientCondition	HF__heidenreich-2022-aha-acc-hfsa-guidelines_n0030/e_0004 type ConditionOrFindingEntity => HF__heidenreich-2022-aha-acc-hfsa-guidelines_n0030/e_0004 type PatientCondition
Rule_742	?a type ConditionOrFindingEntity => ?a type PatientCondition	confirmed_or_clinically_suspected_acute_myocarditis__zeppenfeld-2022-esc-guidelines-va-and-scd_n0095/e_0001 type ConditionOrFindingEntity => confirmed_or_clinically_suspected_acute_myocarditis__zeppenfeld-2022-esc-guidelines-va-and-scd_n0095/e_0001 type PatientCondition
Rule_742	?a type ConditionOrFindingEntity => ?a type PatientCondition	HF__mcdonagh-2023-esc-guidelines_n0097/e_0051 type ConditionOrFindingEntity => HF__mcdonagh-2023-esc-guidelines_n0097/e_0051 type PatientCondition
Rule_742	?a type ConditionOrFindingEntity => ?a type PatientCondition	symptoms_related_to_pressure/manipulation_of_the_carotid_sinus_area__glikson-2021-2021-esc-guidelines-on-cardiac-pacing-and-cardiac-resynchro_n0084/e_0009 type ConditionOrFindingEntity => symptoms_related_to_pressure/manipulation_of_the_carotid_sinus_area__glikson-2021-2021-esc-guidelines-on-cardiac-pacing-and-cardiac-resynchro_n0084/e_0009 type PatientCondition
Rule_742	?a type ConditionOrFindingEntity => ?a type PatientCondition	without_atherosclerotic_vascular_disease__execut-1_n0036/e_0007 type ConditionOrFindingEntity => without_atherosclerotic_vascular_disease__execut-1_n0036/e_0007 type PatientCondition
Rule_742	?a type ConditionOrFindingEntity => ?a type PatientCondition	HF__tsutsui-2023-natriuretic-peptides-role-in-the-diagnosis-and-management-o_n0001/e_0003 type ConditionOrFindingEntity => HF__tsutsui-2023-natriuretic-peptides-role-in-the-diagnosis-and-management-o_n0001/e_0003 type PatientCondition
Rule_742	?a type ConditionOrFindingEntity => ?a type PatientCondition	AVB__glikson-2021-2021-esc-guidelines-on-cardiac-pacing-and-cardiac-resynchro_n0057/e_0103 type ConditionOrFindingEntity => AVB__glikson-2021-2021-esc-guidelines-on-cardiac-pacing-and-cardiac-resynchro_n0057/e_0103 type PatientCondition
Rule_742	?a type ConditionOrFindingEntity => ?a type PatientCondition	VF__zeppenfeld-2022-esc-guidelines-va-and-scd_n0042/e_0004 type ConditionOrFindingEntity => VF__zeppenfeld-2022-esc-guidelines-va-and-scd_n0042/e_0004 type PatientCondition
Rule_742	?a type ConditionOrFindingEntity => ?a type PatientCondition	potentially_heritable_cardiomyopathy__al-khatib-2017-aha-acc-hrs-guideline-va-and-scd_n0079/e_0013 type ConditionOrFindingEntity => potentially_heritable_cardiomyopathy__al-khatib-2017-aha-acc-hrs-guideline-va-and-scd_n0079/e_0013 type PatientCondition
Rule_742	?a type ConditionOrFindingEntity => ?a type PatientCondition	familial_hypercholesterolaemia__pelliccia-2020-2020-esc-guidelines-on-sports-cardiology-and-exercise-in_n0025/e_0019 type ConditionOrFindingEntity => familial_hypercholesterolaemia__pelliccia-2020-2020-esc-guidelines-on-sports-cardiology-and-exercise-in_n0025/e_0019 type PatientCondition
Rule_742	?a type ConditionOrFindingEntity => ?a type PatientCondition	SCA_due_to_VT_or_VF__al-khatib-2017-aha-acc-hrs-guideline-va-and-scd_n0073/e_0021 type ConditionOrFindingEntity => SCA_due_to_VT_or_VF__al-khatib-2017-aha-acc-hrs-guideline-va-and-scd_n0073/e_0021 type PatientCondition
Rule_742	?a type ConditionOrFindingEntity => ?a type PatientCondition	Nonoperable_severe_valve_abnormalities__heidenreich-2022-aha-acc-hfsa-guidelines_n0075/e_0009 type ConditionOrFindingEntity => Nonoperable_severe_valve_abnormalities__heidenreich-2022-aha-acc-hfsa-guidelines_n0075/e_0009 type PatientCondition
Rule_742	?a type ConditionOrFindingEntity => ?a type PatientCondition	MI__zeppenfeld-2022-esc-guidelines-va-and-scd_n0054/e_0045 type ConditionOrFindingEntity => MI__zeppenfeld-2022-esc-guidelines-va-and-scd_n0054/e_0045 type PatientCondition
Rule_742	?a type ConditionOrFindingEntity => ?a type PatientCondition	depression__visseren-2021-esc-guidelines-cardiovascular-disease-prevention_n0030/e_0007 type ConditionOrFindingEntity => depression__visseren-2021-esc-guidelines-cardiovascular-disease-prevention_n0030/e_0007 type PatientCondition
Rule_742	?a type ConditionOrFindingEntity => ?a type PatientCondition	hypotension__mcdonagh-2023-esc-guidelines_n0067/e_0016 type ConditionOrFindingEntity => hypotension__mcdonagh-2023-esc-guidelines_n0067/e_0016 type PatientCondition
Rule_742	?a type ConditionOrFindingEntity => ?a type PatientCondition	where_appropriate__heidenreich-2022-aha-acc-hfsa-guidelines_n0097/e_0028 type ConditionOrFindingEntity => where_appropriate__heidenreich-2022-aha-acc-hfsa-guidelines_n0097/e_0028 type PatientCondition
Rule_742	?a type ConditionOrFindingEntity => ?a type PatientCondition	Abnormal_liver_function_test__supp-material-esc-guidelines_n0018/e_0017 type ConditionOrFindingEntity => Abnormal_liver_function_test__supp-material-esc-guidelines_n0018/e_0017 type PatientCondition
Rule_742	?a type ConditionOrFindingEntity => ?a type PatientCondition	DCM/HNDCM__zeppenfeld-2022-esc-guidelines-va-and-scd_n0018/e_0071 type ConditionOrFindingEntity => DCM/HNDCM__zeppenfeld-2022-esc-guidelines-va-and-scd_n0018/e_0071 type PatientCondition
Rule_742	?a type ConditionOrFindingEntity => ?a type PatientCondition	electrical_storm__zeppenfeld-2022-esc-guidelines-va-and-scd_n0019/e_0103 type ConditionOrFindingEntity => electrical_storm__zeppenfeld-2022-esc-guidelines-va-and-scd_n0019/e_0103 type PatientCondition
Rule_742	?a type ConditionOrFindingEntity => ?a type PatientCondition	refractory_volume_overload__mcdonagh-2023-esc-guidelines_n0063/e_0030 type ConditionOrFindingEntity => refractory_volume_overload__mcdonagh-2023-esc-guidelines_n0063/e_0030 type PatientCondition
Rule_742	?a type ConditionOrFindingEntity => ?a type PatientCondition	pre-discharge_LVEF_%5Cleq_40%5C%25__zeppenfeld-2022-esc-guidelines-va-and-scd_n0053/e_0006 type ConditionOrFindingEntity => pre-discharge_LVEF_%5Cleq_40%5C%25__zeppenfeld-2022-esc-guidelines-va-and-scd_n0053/e_0006 type PatientCondition
Rule_742	?a type ConditionOrFindingEntity => ?a type PatientCondition	advanced_AVB__glikson-2021-2021-esc-guidelines-on-cardiac-pacing-and-cardiac-resynchro_n0039/e_0005 type ConditionOrFindingEntity => advanced_AVB__glikson-2021-2021-esc-guidelines-on-cardiac-pacing-and-cardiac-resynchro_n0039/e_0005 type PatientCondition
Rule_742	?a type ConditionOrFindingEntity => ?a type PatientCondition	an_ICD_is_considered_due_to_LV_dysfunction_which_is_of_recent_onset__execut-1_n0040/e_0016 type ConditionOrFindingEntity => an_ICD_is_considered_due_to_LV_dysfunction_which_is_of_recent_onset__execut-1_n0040/e_0016 type PatientCondition
Rule_742	?a type ConditionOrFindingEntity => ?a type PatientCondition	Diabetic_ketoacidosis__execut-1_n0020/e_0018 type ConditionOrFindingEntity => Diabetic_ketoacidosis__execut-1_n0020/e_0018 type PatientCondition
Rule_742	?a type ConditionOrFindingEntity => ?a type PatientCondition	structurally_normal_heart__zeppenfeld-2022-esc-guidelines-va-and-scd_n0096/e_0050 type ConditionOrFindingEntity => structurally_normal_heart__zeppenfeld-2022-esc-guidelines-va-and-scd_n0096/e_0050 type PatientCondition
Rule_742	?a type ConditionOrFindingEntity => ?a type PatientCondition	NYHA_class_IV_symptoms__heidenreich-2022-aha-acc-hfsa-guidelines_n0083/e_0022 type ConditionOrFindingEntity => NYHA_class_IV_symptoms__heidenreich-2022-aha-acc-hfsa-guidelines_n0083/e_0022 type PatientCondition
Rule_742	?a type ConditionOrFindingEntity => ?a type PatientCondition	signs_and_symptoms_consistent_with_HF__execut-1_n0026/e_0032 type ConditionOrFindingEntity => signs_and_symptoms_consistent_with_HF__execut-1_n0026/e_0032 type PatientCondition
Rule_742	?a type ConditionOrFindingEntity => ?a type PatientCondition	respiratory_illnesses__heidenreich-2022-aha-acc-hfsa-guidelines_n0037/e_0015 type ConditionOrFindingEntity => respiratory_illnesses__heidenreich-2022-aha-acc-hfsa-guidelines_n0037/e_0015 type PatientCondition
Rule_742	?a type ConditionOrFindingEntity => ?a type PatientCondition	PVT__zeppenfeld-2022-esc-guidelines-va-and-scd_n0084/e_0043 type ConditionOrFindingEntity => PVT__zeppenfeld-2022-esc-guidelines-va-and-scd_n0084/e_0043 type PatientCondition
Rule_742	?a type ConditionOrFindingEntity => ?a type PatientCondition	not-tolerated_sustained_VT__zeppenfeld-2022-esc-guidelines-va-and-scd_n0079/e_0010 type ConditionOrFindingEntity => not-tolerated_sustained_VT__zeppenfeld-2022-esc-guidelines-va-and-scd_n0079/e_0010 type PatientCondition
Rule_742	?a type ConditionOrFindingEntity => ?a type PatientCondition	appropriate_capacity_for_device_handling__mcdonagh-2023-esc-guidelines_n0020/e_0066 type ConditionOrFindingEntity => appropriate_capacity_for_device_handling__mcdonagh-2023-esc-guidelines_n0020/e_0066 type PatientCondition
Rule_742	?a type ConditionOrFindingEntity => ?a type PatientCondition	STEMI__zeppenfeld-2022-esc-guidelines-va-and-scd_n0093/e_0012 type ConditionOrFindingEntity => STEMI__zeppenfeld-2022-esc-guidelines-va-and-scd_n0093/e_0012 type PatientCondition
Rule_742	?a type ConditionOrFindingEntity => ?a type PatientCondition	non-LBBB_pattern__heidenreich-2022-aha-acc-hfsa-guidelines_n0064/e_0059 type ConditionOrFindingEntity => non-LBBB_pattern__heidenreich-2022-aha-acc-hfsa-guidelines_n0064/e_0059 type PatientCondition
Rule_742	?a type ConditionOrFindingEntity => ?a type PatientCondition	hypokalaemia__mullens-2019-the-use-of-diuretics-in-heart-failure-with-congestion_n0004/e_0005 type ConditionOrFindingEntity => hypokalaemia__mullens-2019-the-use-of-diuretics-in-heart-failure-with-congestion_n0004/e_0005 type PatientCondition
Rule_742	?a type ConditionOrFindingEntity => ?a type PatientCondition	SR__mcdonagh-2023-esc-guidelines_n0046/e_0003 type ConditionOrFindingEntity => SR__mcdonagh-2023-esc-guidelines_n0046/e_0003 type PatientCondition
Rule_742	?a type ConditionOrFindingEntity => ?a type PatientCondition	Borrelia_(Lyme_disease)__mcdonagh-2023-esc-guidelines_n0089/e_0031 type ConditionOrFindingEntity => Borrelia_(Lyme_disease)__mcdonagh-2023-esc-guidelines_n0089/e_0031 type PatientCondition
Rule_742	?a type ConditionOrFindingEntity => ?a type PatientCondition	VT__zeppenfeld-2022-esc-guidelines-va-and-scd_n0057/e_0013 type ConditionOrFindingEntity => VT__zeppenfeld-2022-esc-guidelines-va-and-scd_n0057/e_0013 type PatientCondition
Rule_742	?a type ConditionOrFindingEntity => ?a type PatientCondition	high_output_states__mcdonagh-2023-esc-guidelines_n0020/e_0007 type ConditionOrFindingEntity => high_output_states__mcdonagh-2023-esc-guidelines_n0020/e_0007 type PatientCondition
Rule_742	?a type ConditionOrFindingEntity => ?a type PatientCondition	absence_of_a_pacemaker__lenarczyk-2024-management-of-patients-with-an-electrical-storm-or-cluste_n0020/e_0027 type ConditionOrFindingEntity => absence_of_a_pacemaker__lenarczyk-2024-management-of-patients-with-an-electrical-storm-or-cluste_n0020/e_0027 type PatientCondition
Rule_742	?a type ConditionOrFindingEntity => ?a type PatientCondition	non-LBBB_QRS_morphology__glikson-2021-2021-esc-guidelines-on-cardiac-pacing-and-cardiac-resynchro_n0051/e_0023 type ConditionOrFindingEntity => non-LBBB_QRS_morphology__glikson-2021-2021-esc-guidelines-on-cardiac-pacing-and-cardiac-resynchro_n0051/e_0023 type PatientCondition
Rule_742	?a type ConditionOrFindingEntity => ?a type PatientCondition	SMVT__zeppenfeld-2022-esc-guidelines-va-and-scd_n0022/e_0044 type ConditionOrFindingEntity => SMVT__zeppenfeld-2022-esc-guidelines-va-and-scd_n0022/e_0044 type PatientCondition
Rule_742	?a type ConditionOrFindingEntity => ?a type PatientCondition	it_gets_infected__rest-m3-websiten-zusammengefugt_n0002/e_0043 type ConditionOrFindingEntity => it_gets_infected__rest-m3-websiten-zusammengefugt_n0002/e_0043 type PatientCondition
Rule_742	?a type ConditionOrFindingEntity => ?a type PatientCondition	absence_of_adequate_human_safety_data__regitz-zagrosek-2018-2018-esc-guideline-for-the-management-of-cardiovasc_n0030/e_0008 type ConditionOrFindingEntity => absence_of_adequate_human_safety_data__regitz-zagrosek-2018-2018-esc-guideline-for-the-management-of-cardiovasc_n0030/e_0008 type PatientCondition
Rule_742	?a type ConditionOrFindingEntity => ?a type PatientCondition	vitamins_A,_B_(any),_C,_or_K,_zinc,_or_iron_deficiencies__vest-2019-nutrition-obesity-and-cachexia-in-patients-with-heart-failure_n0002/e_0016 type ConditionOrFindingEntity => vitamins_A,_B_(any),_C,_or_K,_zinc,_or_iron_deficiencies__vest-2019-nutrition-obesity-and-cachexia-in-patients-with-heart-failure_n0002/e_0016 type PatientCondition
Rule_742	?a type ConditionOrFindingEntity => ?a type PatientCondition	processing_speed__riegel-2009-promoting-self-care-in-persons-with-heart-failure_n0004/e_0088 type ConditionOrFindingEntity => processing_speed__riegel-2009-promoting-self-care-in-persons-with-heart-failure_n0004/e_0088 type PatientCondition
Rule_742	?a type ConditionOrFindingEntity => ?a type PatientCondition	suspected_phenotypes_requiring_specific_treatments__mcdonagh-2023-esc-guidelines_n0084/e_0032 type ConditionOrFindingEntity => suspected_phenotypes_requiring_specific_treatments__mcdonagh-2023-esc-guidelines_n0084/e_0032 type PatientCondition
Rule_742	?a type ConditionOrFindingEntity => ?a type PatientCondition	Pregnancy__regitz-zagrosek-2018-2018-esc-guideline-for-the-management-of-cardiovasc_n0048/e_0021 type ConditionOrFindingEntity => Pregnancy__regitz-zagrosek-2018-2018-esc-guideline-for-the-management-of-cardiovasc_n0048/e_0021 type PatientCondition
Rule_742	?a type ConditionOrFindingEntity => ?a type PatientCondition	factors_predisposing_to_sexual_problems__mcdonagh-2023-esc-guidelines_n0055/e_0100 type ConditionOrFindingEntity => factors_predisposing_to_sexual_problems__mcdonagh-2023-esc-guidelines_n0055/e_0100 type PatientCondition
Rule_742	?a type ConditionOrFindingEntity => ?a type PatientCondition	VF__lenarczyk-2024-management-of-patients-with-an-electrical-storm-or-cluste_n0018/e_0019 type ConditionOrFindingEntity => VF__lenarczyk-2024-management-of-patients-with-an-electrical-storm-or-cluste_n0018/e_0019 type PatientCondition
Rule_742	?a type ConditionOrFindingEntity => ?a type PatientCondition	ARVC__zeppenfeld-2022-esc-guidelines-va-and-scd_n0062/e_0052 type ConditionOrFindingEntity => ARVC__zeppenfeld-2022-esc-guidelines-va-and-scd_n0062/e_0052 type PatientCondition
Rule_742	?a type ConditionOrFindingEntity => ?a type PatientCondition	iron_deficiency__mcdonagh-2023-2023-focused-update-of-the-2021-esc-guidelines-for-the-dia_n0016/e_0006 type ConditionOrFindingEntity => iron_deficiency__mcdonagh-2023-2023-focused-update-of-the-2021-esc-guidelines-for-the-dia_n0016/e_0006 type PatientCondition
Rule_742	?a type ConditionOrFindingEntity => ?a type PatientCondition	BBR-VT__zeppenfeld-2022-esc-guidelines-va-and-scd_n0071/e_0006 type ConditionOrFindingEntity => BBR-VT__zeppenfeld-2022-esc-guidelines-va-and-scd_n0071/e_0006 type PatientCondition
Rule_742	?a type ConditionOrFindingEntity => ?a type PatientCondition	Severe_peripheral_arterial_or_cerebrovascular_disease__mcdonagh-2023-esc-guidelines_n0062/e_0005 type ConditionOrFindingEntity => Severe_peripheral_arterial_or_cerebrovascular_disease__mcdonagh-2023-esc-guidelines_n0062/e_0005 type PatientCondition
Rule_742	?a type ConditionOrFindingEntity => ?a type PatientCondition	ERS__zeppenfeld-2022-esc-guidelines-va-and-scd_n0082/e_0004 type ConditionOrFindingEntity => ERS__zeppenfeld-2022-esc-guidelines-va-and-scd_n0082/e_0004 type PatientCondition
Rule_742	?a type ConditionOrFindingEntity => ?a type PatientCondition	previous_cardiotoxicity__mcdonagh-2023-esc-guidelines_n0022/e_0162 type ConditionOrFindingEntity => previous_cardiotoxicity__mcdonagh-2023-esc-guidelines_n0022/e_0162 type PatientCondition
Rule_742	?a type ConditionOrFindingEntity => ?a type PatientCondition	patient_is_on_beta-blockers_and_genotype-specific_drugs_with_an_ICD_and_experiences_multiple_shocks_or_syncope_due_to_VA__zeppenfeld-2022-esc-guidelines-va-and-scd_n0078/e_0004 type ConditionOrFindingEntity => patient_is_on_beta-blockers_and_genotype-specific_drugs_with_an_ICD_and_experiences_multiple_shocks_or_syncope_due_to_VA__zeppenfeld-2022-esc-guidelines-va-and-scd_n0078/e_0004 type PatientCondition
Rule_742	?a type ConditionOrFindingEntity => ?a type PatientCondition	an_unusually_low_BP,_a_change_of_HR,_unexplained_weight_gain_or_fatigue__ambrosetti-2020-secondary-prevention-comprehensive-cardiovascular-rehabi_n0007/e_0010 type ConditionOrFindingEntity => an_unusually_low_BP,_a_change_of_HR,_unexplained_weight_gain_or_fatigue__ambrosetti-2020-secondary-prevention-comprehensive-cardiovascular-rehabi_n0007/e_0010 type PatientCondition
Rule_742	?a type ConditionOrFindingEntity => ?a type PatientCondition	LQT_syndrome__zeppenfeld-2022-esc-guidelines-va-and-scd_n0036/e_0045 type ConditionOrFindingEntity => LQT_syndrome__zeppenfeld-2022-esc-guidelines-va-and-scd_n0036/e_0045 type PatientCondition
Rule_742	?a type ConditionOrFindingEntity => ?a type PatientCondition	electrical_storm__zeppenfeld-2022-esc-guidelines-va-and-scd_n0082/e_0033 type ConditionOrFindingEntity => electrical_storm__zeppenfeld-2022-esc-guidelines-va-and-scd_n0082/e_0033 type PatientCondition
Rule_742	?a type ConditionOrFindingEntity => ?a type PatientCondition	without_evidence_of_acute_MI_or_if_the_event_occurs_more_than_48_hours_after_the_onset_of_infarction_in_the_absence_of_a_recurrent_ischemic_event__sectio-1_n0022/e_0046 type ConditionOrFindingEntity => without_evidence_of_acute_MI_or_if_the_event_occurs_more_than_48_hours_after_the_onset_of_infarction_in_the_absence_of_a_recurrent_ischemic_event__sectio-1_n0022/e_0046 type PatientCondition
Rule_742	?a type ConditionOrFindingEntity => ?a type PatientCondition	BrS__zeppenfeld-2022-esc-guidelines-va-and-scd_n0025/e_0001 type ConditionOrFindingEntity => BrS__zeppenfeld-2022-esc-guidelines-va-and-scd_n0025/e_0001 type PatientCondition
Rule_742	?a type ConditionOrFindingEntity => ?a type PatientCondition	AADs_are_ineffective,_contraindicated,_or_not_tolerated__zeppenfeld-2022-esc-guidelines-va-and-scd_n0069/e_0013 type ConditionOrFindingEntity => AADs_are_ineffective,_contraindicated,_or_not_tolerated__zeppenfeld-2022-esc-guidelines-va-and-scd_n0069/e_0013 type PatientCondition
Rule_742	?a type ConditionOrFindingEntity => ?a type PatientCondition	myotonic_dystrophy_type_1__al-khatib-2017-aha-acc-hrs-guideline-va-and-scd_n0051/e_0016 type ConditionOrFindingEntity => myotonic_dystrophy_type_1__al-khatib-2017-aha-acc-hrs-guideline-va-and-scd_n0051/e_0016 type PatientCondition
Rule_742	?a type ConditionOrFindingEntity => ?a type PatientCondition	Hepatic__lenarczyk-2024-management-of-patients-with-an-electrical-storm-or-cluste_n0013/e_0034 type ConditionOrFindingEntity => Hepatic__lenarczyk-2024-management-of-patients-with-an-electrical-storm-or-cluste_n0013/e_0034 type PatientCondition
Rule_742	?a type ConditionOrFindingEntity => ?a type PatientCondition	electrolyte_abnormalities__zeppenfeld-2022-esc-guidelines-va-and-scd_n0095/e_0064 type ConditionOrFindingEntity => electrolyte_abnormalities__zeppenfeld-2022-esc-guidelines-va-and-scd_n0095/e_0064 type PatientCondition
Rule_742	?a type ConditionOrFindingEntity => ?a type PatientCondition	with_or_without_symptoms__zeppenfeld-2022-esc-guidelines-va-and-scd_n0095/e_0053 type ConditionOrFindingEntity => with_or_without_symptoms__zeppenfeld-2022-esc-guidelines-va-and-scd_n0095/e_0053 type PatientCondition
Rule_742	?a type ConditionOrFindingEntity => ?a type PatientCondition	myocarditis__mcdonagh-2023-esc-guidelines_n0095/e_0006 type ConditionOrFindingEntity => myocarditis__mcdonagh-2023-esc-guidelines_n0095/e_0006 type PatientCondition
Rule_742	?a type ConditionOrFindingEntity => ?a type PatientCondition	iron_overload/haemochromatosis__mcdonagh-2023-esc-guidelines_n0031/e_0012 type ConditionOrFindingEntity => iron_overload/haemochromatosis__mcdonagh-2023-esc-guidelines_n0031/e_0012 type PatientCondition
Rule_742	?a type ConditionOrFindingEntity => ?a type PatientCondition	VT__lenarczyk-2024-management-of-patients-with-an-electrical-storm-or-cluste_n0017/e_0015 type ConditionOrFindingEntity => VT__lenarczyk-2024-management-of-patients-with-an-electrical-storm-or-cluste_n0017/e_0015 type PatientCondition
Rule_742	?a type ConditionOrFindingEntity => ?a type PatientCondition	hypertension__ambrosetti-2020-secondary-prevention-comprehensive-cardiovascular-rehabi_n0012/e_0054 type ConditionOrFindingEntity => hypertension__ambrosetti-2020-secondary-prevention-comprehensive-cardiovascular-rehabi_n0012/e_0054 type PatientCondition
Rule_742	?a type ConditionOrFindingEntity => ?a type PatientCondition	HF__heidenreich-2022-aha-acc-hfsa-guidelines_n0013/e_0002 type ConditionOrFindingEntity => HF__heidenreich-2022-aha-acc-hfsa-guidelines_n0013/e_0002 type PatientCondition
Rule_742	?a type ConditionOrFindingEntity => ?a type PatientCondition	SR__mcdonagh-2023-esc-guidelines_n0046/e_0031 type ConditionOrFindingEntity => SR__mcdonagh-2023-esc-guidelines_n0046/e_0031 type PatientCondition
Rule_742	?a type ConditionOrFindingEntity => ?a type PatientCondition	Previously_undiagnosed_HF_with_signs_and_symptoms_of_systemic_or_pulmonary_congestion__sectio-4_n0001/e_0023 type ConditionOrFindingEntity => Previously_undiagnosed_HF_with_signs_and_symptoms_of_systemic_or_pulmonary_congestion__sectio-4_n0001/e_0023 type PatientCondition
Rule_742	?a type ConditionOrFindingEntity => ?a type PatientCondition	ARVC__zeppenfeld-2022-esc-guidelines-va-and-scd_n0062/e_0012 type ConditionOrFindingEntity => ARVC__zeppenfeld-2022-esc-guidelines-va-and-scd_n0062/e_0012 type PatientCondition
Rule_742	?a type ConditionOrFindingEntity => ?a type PatientCondition	ERP__zeppenfeld-2022-esc-guidelines-va-and-scd_n0082/e_0018 type ConditionOrFindingEntity => ERP__zeppenfeld-2022-esc-guidelines-va-and-scd_n0082/e_0018 type PatientCondition
Rule_742	?a type ConditionOrFindingEntity => ?a type PatientCondition	VT,_PVC,_LQTS__al-khatib-2017-aha-acc-hrs-guideline-va-and-scd_n0026/e_0272 type ConditionOrFindingEntity => VT,_PVC,_LQTS__al-khatib-2017-aha-acc-hrs-guideline-va-and-scd_n0026/e_0272 type PatientCondition
Rule_742	?a type ConditionOrFindingEntity => ?a type PatientCondition	myocarditis__zeppenfeld-2022-esc-guidelines-va-and-scd_n0020/e_0012 type ConditionOrFindingEntity => myocarditis__zeppenfeld-2022-esc-guidelines-va-and-scd_n0020/e_0012 type PatientCondition
Rule_742	?a type ConditionOrFindingEntity => ?a type PatientCondition	su_verified_e5f20076152902f9b102f37b1a83cdc79baea0d42000f6c76a83acfae0e39670_table_2/e_0003 type ConditionOrFindingEntity => su_verified_e5f20076152902f9b102f37b1a83cdc79baea0d42000f6c76a83acfae0e39670_table_2/e_0003 type PatientCondition
Rule_742	?a type ConditionOrFindingEntity => ?a type PatientCondition	Chagas%5C'_cardiomyopathy__zeppenfeld-2022-esc-guidelines-va-and-scd_n0020/e_0052 type ConditionOrFindingEntity => Chagas%5C'_cardiomyopathy__zeppenfeld-2022-esc-guidelines-va-and-scd_n0020/e_0052 type PatientCondition
Rule_742	?a type ConditionOrFindingEntity => ?a type PatientCondition	monomorphic_VT__al-khatib-2017-aha-acc-hrs-guideline-va-and-scd_n0029/e_0002 type ConditionOrFindingEntity => monomorphic_VT__al-khatib-2017-aha-acc-hrs-guideline-va-and-scd_n0029/e_0002 type PatientCondition
Rule_742	?a type ConditionOrFindingEntity => ?a type PatientCondition	sedentary_habit__mcdonagh-2023-esc-guidelines_n0052/e_0017 type ConditionOrFindingEntity => sedentary_habit__mcdonagh-2023-esc-guidelines_n0052/e_0017 type PatientCondition
Rule_742	?a type ConditionOrFindingEntity => ?a type PatientCondition	pulmonary_congestion__heidenreich-2022-aha-acc-hfsa-guidelines_n0021/e_0006 type ConditionOrFindingEntity => pulmonary_congestion__heidenreich-2022-aha-acc-hfsa-guidelines_n0021/e_0006 type PatientCondition
Rule_742	?a type ConditionOrFindingEntity => ?a type PatientCondition	SMVT__zeppenfeld-2022-esc-guidelines-va-and-scd_n0054/e_0066 type ConditionOrFindingEntity => SMVT__zeppenfeld-2022-esc-guidelines-va-and-scd_n0054/e_0066 type PatientCondition
Rule_742	?a type ConditionOrFindingEntity => ?a type PatientCondition	CAD__zeppenfeld-2022-esc-guidelines-va-and-scd_n0054/e_0062 type ConditionOrFindingEntity => CAD__zeppenfeld-2022-esc-guidelines-va-and-scd_n0054/e_0062 type PatientCondition
Rule_742	?a type ConditionOrFindingEntity => ?a type PatientCondition	su_verified_6ed52cdf724db04223b4d1c2e62f3c35f6b42bc19bc5e3198277d681d47e1eb9_table_5/e_0040 type ConditionOrFindingEntity => su_verified_6ed52cdf724db04223b4d1c2e62f3c35f6b42bc19bc5e3198277d681d47e1eb9_table_5/e_0040 type PatientCondition
Rule_742	?a type ConditionOrFindingEntity => ?a type PatientCondition	pacemaker_dependency,_high-grade_AVB,_infranodal_block,_high_pacing_threshold,_planned_AVJ_ablation__glikson-2021-2021-esc-guidelines-on-cardiac-pacing-and-cardiac-resynchro_n0057/e_0012 type ConditionOrFindingEntity => pacemaker_dependency,_high-grade_AVB,_infranodal_block,_high_pacing_threshold,_planned_AVJ_ablation__glikson-2021-2021-esc-guidelines-on-cardiac-pacing-and-cardiac-resynchro_n0057/e_0012 type PatientCondition
Rule_742	?a type ConditionOrFindingEntity => ?a type PatientCondition	MECKI_predicted_survival_%E2%89%A480%25_at_1_year__supp-material-esc-guidelines_n0018/e_0029 type ConditionOrFindingEntity => MECKI_predicted_survival_%E2%89%A480%25_at_1_year__supp-material-esc-guidelines_n0018/e_0029 type PatientCondition
Rule_742	?a type ConditionOrFindingEntity => ?a type PatientCondition	2-vessel_disease_with_total_occlusion__zeppenfeld-2022-esc-guidelines-va-and-scd_n0026/e_0008 type ConditionOrFindingEntity => 2-vessel_disease_with_total_occlusion__zeppenfeld-2022-esc-guidelines-va-and-scd_n0026/e_0008 type PatientCondition
Rule_742	?a type ConditionOrFindingEntity => ?a type PatientCondition	HMOD__visseren-2021-esc-guidelines-cardiovascular-disease-prevention_n0056/e_0006 type ConditionOrFindingEntity => HMOD__visseren-2021-esc-guidelines-cardiovascular-disease-prevention_n0056/e_0006 type PatientCondition
Rule_742	?a type ConditionOrFindingEntity => ?a type PatientCondition	advanced_HFrEF__heidenreich-2022-aha-acc-hfsa-guidelines_n0083/e_0013 type ConditionOrFindingEntity => advanced_HFrEF__heidenreich-2022-aha-acc-hfsa-guidelines_n0083/e_0013 type PatientCondition
Rule_742	?a type ConditionOrFindingEntity => ?a type PatientCondition	clinical_severity__pelliccia-2020-2020-esc-guidelines-on-sports-cardiology-and-exercise-in_n0061/e_0004 type ConditionOrFindingEntity => clinical_severity__pelliccia-2020-2020-esc-guidelines-on-sports-cardiology-and-exercise-in_n0061/e_0004 type PatientCondition
Rule_742	?a type ConditionOrFindingEntity => ?a type PatientCondition	volume_overload__execut-1_n0043/e_0090 type ConditionOrFindingEntity => volume_overload__execut-1_n0043/e_0090 type PatientCondition
Rule_742	?a type ConditionOrFindingEntity => ?a type PatientCondition	cardiac_dysfunction__visseren-2021-esc-guidelines-cardiovascular-disease-prevention_n0080/e_0004 type ConditionOrFindingEntity => cardiac_dysfunction__visseren-2021-esc-guidelines-cardiovascular-disease-prevention_n0080/e_0004 type PatientCondition
Rule_742	?a type ConditionOrFindingEntity => ?a type PatientCondition	PVC,_VT_(LQTS,_CPVT)__zeppenfeld-2022-esc-guidelines-va-and-scd_n0038/e_0060 type ConditionOrFindingEntity => PVC,_VT_(LQTS,_CPVT)__zeppenfeld-2022-esc-guidelines-va-and-scd_n0038/e_0060 type PatientCondition
Rule_742	?a type ConditionOrFindingEntity => ?a type PatientCondition	renal_dysfunction__mcdonagh-2023-esc-guidelines_n0059/e_0025 type ConditionOrFindingEntity => renal_dysfunction__mcdonagh-2023-esc-guidelines_n0059/e_0025 type PatientCondition
Rule_742	?a type ConditionOrFindingEntity => ?a type PatientCondition	Progressive_or_persistent_severe_cardiac_dysfunction__mcdonagh-2023-esc-guidelines_n0089/e_0001 type ConditionOrFindingEntity => Progressive_or_persistent_severe_cardiac_dysfunction__mcdonagh-2023-esc-guidelines_n0089/e_0001 type PatientCondition
Rule_742	?a type ConditionOrFindingEntity => ?a type PatientCondition	intend_to_engage_in_intensive_exercise_programmes_or_competitive_sports__pelliccia-2020-2020-esc-guidelines-on-sports-cardiology-and-exercise-in_n0025/e_0014 type ConditionOrFindingEntity => intend_to_engage_in_intensive_exercise_programmes_or_competitive_sports__pelliccia-2020-2020-esc-guidelines-on-sports-cardiology-and-exercise-in_n0025/e_0014 type PatientCondition
Rule_742	?a type ConditionOrFindingEntity => ?a type PatientCondition	prior_symptoms__pelliccia-2020-2020-esc-guidelines-on-sports-cardiology-and-exercise-in_n0066/e_0002 type ConditionOrFindingEntity => prior_symptoms__pelliccia-2020-2020-esc-guidelines-on-sports-cardiology-and-exercise-in_n0066/e_0002 type PatientCondition
Rule_742	?a type ConditionOrFindingEntity => ?a type PatientCondition	Fournier%5C's_gangrene__maddox-2021-2021-update-to-the-2017-acc-expert-consensus-decision-pathwa_n0008/e_0024 type ConditionOrFindingEntity => Fournier%5C's_gangrene__maddox-2021-2021-update-to-the-2017-acc-expert-consensus-decision-pathwa_n0008/e_0024 type PatientCondition
Rule_742	?a type ConditionOrFindingEntity => ?a type PatientCondition	Sedentary_habit__mcdonagh-2023-esc-guidelines_n0051/e_0002 type ConditionOrFindingEntity => Sedentary_habit__mcdonagh-2023-esc-guidelines_n0051/e_0002 type PatientCondition
Rule_742	?a type ConditionOrFindingEntity => ?a type PatientCondition	ERS__zeppenfeld-2022-esc-guidelines-va-and-scd_n0082/e_0029 type ConditionOrFindingEntity => ERS__zeppenfeld-2022-esc-guidelines-va-and-scd_n0082/e_0029 type PatientCondition
Rule_742	?a type ConditionOrFindingEntity => ?a type PatientCondition	Very_high_CVD_risk__visseren-2021-esc-guidelines-cardiovascular-disease-prevention_n0026/e_0011 type ConditionOrFindingEntity => Very_high_CVD_risk__visseren-2021-esc-guidelines-cardiovascular-disease-prevention_n0026/e_0011 type PatientCondition
Rule_742	?a type ConditionOrFindingEntity => ?a type PatientCondition	HFrEF__vest-2019-nutrition-obesity-and-cachexia-in-patients-with-heart-failure_n0001/e_0061 type ConditionOrFindingEntity => HFrEF__vest-2019-nutrition-obesity-and-cachexia-in-patients-with-heart-failure_n0001/e_0061 type PatientCondition
Rule_742	?a type ConditionOrFindingEntity => ?a type PatientCondition	Signs_and_symptoms_of_pulmonary_or_systemic_congestion__sectio-4_n0001/e_0014 type ConditionOrFindingEntity => Signs_and_symptoms_of_pulmonary_or_systemic_congestion__sectio-4_n0001/e_0014 type PatientCondition
Rule_742	?a type ConditionOrFindingEntity => ?a type PatientCondition	VF__lenarczyk-2024-management-of-patients-with-an-electrical-storm-or-cluste_n0017/e_0019 type ConditionOrFindingEntity => VF__lenarczyk-2024-management-of-patients-with-an-electrical-storm-or-cluste_n0017/e_0019 type PatientCondition
Rule_742	?a type ConditionOrFindingEntity => ?a type PatientCondition	MFS__pelliccia-2020-2020-esc-guidelines-on-sports-cardiology-and-exercise-in_n0053/e_0033 type ConditionOrFindingEntity => MFS__pelliccia-2020-2020-esc-guidelines-on-sports-cardiology-and-exercise-in_n0053/e_0033 type PatientCondition
Rule_742	?a type ConditionOrFindingEntity => ?a type PatientCondition	the_causes_of_heart_dysfunction__cardiosmart-heartfailurebasics_n0002/e_0001 type ConditionOrFindingEntity => the_causes_of_heart_dysfunction__cardiosmart-heartfailurebasics_n0002/e_0001 type PatientCondition
Rule_742	?a type ConditionOrFindingEntity => ?a type PatientCondition	HFrEF_(EF__maddox-2021-2021-update-to-the-2017-acc-expert-consensus-decision-pathwa_n0004/e_0001 type ConditionOrFindingEntity => HFrEF_(EF__maddox-2021-2021-update-to-the-2017-acc-expert-consensus-decision-pathwa_n0004/e_0001 type PatientCondition
Rule_742	?a type ConditionOrFindingEntity => ?a type PatientCondition	VA__al-khatib-2017-aha-acc-hrs-guideline-va-and-scd_n0058/e_0004 type ConditionOrFindingEntity => VA__al-khatib-2017-aha-acc-hrs-guideline-va-and-scd_n0058/e_0004 type PatientCondition
Rule_742	?a type ConditionOrFindingEntity => ?a type PatientCondition	Coronary_artery_disease__maddox-2021-2021-update-to-the-2017-acc-expert-consensus-decision-pathwa_n0017/e_0001 type ConditionOrFindingEntity => Coronary_artery_disease__maddox-2021-2021-update-to-the-2017-acc-expert-consensus-decision-pathwa_n0017/e_0001 type PatientCondition
Rule_742	?a type ConditionOrFindingEntity => ?a type PatientCondition	SMVT__zeppenfeld-2022-esc-guidelines-va-and-scd_n0036/e_0023 type ConditionOrFindingEntity => SMVT__zeppenfeld-2022-esc-guidelines-va-and-scd_n0036/e_0023 type PatientCondition
Rule_742	?a type ConditionOrFindingEntity => ?a type PatientCondition	VF__zeppenfeld-2022-esc-guidelines-va-and-scd_n0019/e_0116 type ConditionOrFindingEntity => VF__zeppenfeld-2022-esc-guidelines-va-and-scd_n0019/e_0116 type PatientCondition
Rule_742	?a type ConditionOrFindingEntity => ?a type PatientCondition	recurrent,_symptomatic_appropriate_ICD_therapy_for_SMVT__zeppenfeld-2022-esc-guidelines-va-and-scd_n0095/e_0041 type ConditionOrFindingEntity => recurrent,_symptomatic_appropriate_ICD_therapy_for_SMVT__zeppenfeld-2022-esc-guidelines-va-and-scd_n0095/e_0041 type PatientCondition
Rule_742	?a type ConditionOrFindingEntity => ?a type PatientCondition	SR__mcdonagh-2023-esc-guidelines_n0035/e_0020 type ConditionOrFindingEntity => SR__mcdonagh-2023-esc-guidelines_n0035/e_0020 type PatientCondition
Rule_742	?a type ConditionOrFindingEntity => ?a type PatientCondition	hyponatremia__heidenreich-2022-aha-acc-hfsa-guidelines_n0078/e_0003 type ConditionOrFindingEntity => hyponatremia__heidenreich-2022-aha-acc-hfsa-guidelines_n0078/e_0003 type PatientCondition
Rule_742	?a type ConditionOrFindingEntity => ?a type PatientCondition	depression__riegel-2009-promoting-self-care-in-persons-with-heart-failure_n0004/e_0060 type ConditionOrFindingEntity => depression__riegel-2009-promoting-self-care-in-persons-with-heart-failure_n0004/e_0060 type PatientCondition
Rule_742	?a type ConditionOrFindingEntity => ?a type PatientCondition	HF__execut-1_n0048/e_0013 type ConditionOrFindingEntity => HF__execut-1_n0048/e_0013 type PatientCondition
Rule_742	?a type ConditionOrFindingEntity => ?a type PatientCondition	VT__zeppenfeld-2022-esc-guidelines-va-and-scd_n0036/e_0010 type ConditionOrFindingEntity => VT__zeppenfeld-2022-esc-guidelines-va-and-scd_n0036/e_0010 type PatientCondition
Rule_742	?a type ConditionOrFindingEntity => ?a type PatientCondition	suitable_coronary_anatomy__heidenreich-2022-aha-acc-hfsa-guidelines_n0100/e_0017 type ConditionOrFindingEntity => suitable_coronary_anatomy__heidenreich-2022-aha-acc-hfsa-guidelines_n0100/e_0017 type PatientCondition
Rule_742	?a type ConditionOrFindingEntity => ?a type PatientCondition	very_strict_indications,_optimal_timing,_and_shielding_of_the_foetus__regitz-zagrosek-2018-2018-esc-guideline-for-the-management-of-cardiovasc_n0048/e_0018 type ConditionOrFindingEntity => very_strict_indications,_optimal_timing,_and_shielding_of_the_foetus__regitz-zagrosek-2018-2018-esc-guideline-for-the-management-of-cardiovasc_n0048/e_0018 type PatientCondition
Rule_742	?a type ConditionOrFindingEntity => ?a type PatientCondition	HFpEF__sbolli-2020-depression-and-heart-failure_n0003/e_0026 type ConditionOrFindingEntity => HFpEF__sbolli-2020-depression-and-heart-failure_n0003/e_0026 type PatientCondition
Rule_742	?a type ConditionOrFindingEntity => ?a type PatientCondition	su_verified_6ed52cdf724db04223b4d1c2e62f3c35f6b42bc19bc5e3198277d681d47e1eb9_table_5/e_0106 type ConditionOrFindingEntity => su_verified_6ed52cdf724db04223b4d1c2e62f3c35f6b42bc19bc5e3198277d681d47e1eb9_table_5/e_0106 type PatientCondition
Rule_742	?a type ConditionOrFindingEntity => ?a type PatientCondition	heart_disease__ambrosetti-2020-secondary-prevention-comprehensive-cardiovascular-rehabi_n0016/e_0009 type ConditionOrFindingEntity => heart_disease__ambrosetti-2020-secondary-prevention-comprehensive-cardiovascular-rehabi_n0016/e_0009 type PatientCondition
Rule_742	?a type ConditionOrFindingEntity => ?a type PatientCondition	6MWT_%3C300_m__supp-material-esc-guidelines_n0018/e_0007 type ConditionOrFindingEntity => 6MWT_%3C300_m__supp-material-esc-guidelines_n0018/e_0007 type PatientCondition
Rule_742	?a type ConditionOrFindingEntity => ?a type PatientCondition	comorbidities__mcdonagh-2023-esc-guidelines_n0023/e_0100 type ConditionOrFindingEntity => comorbidities__mcdonagh-2023-esc-guidelines_n0023/e_0100 type PatientCondition
Rule_742	?a type ConditionOrFindingEntity => ?a type PatientCondition	SMVT__zeppenfeld-2022-esc-guidelines-va-and-scd_n0061/e_0008 type ConditionOrFindingEntity => SMVT__zeppenfeld-2022-esc-guidelines-va-and-scd_n0061/e_0008 type PatientCondition
Rule_742	?a type ConditionOrFindingEntity => ?a type PatientCondition	HFrEF__mcdonagh-2023-esc-guidelines_n0095/e_0035 type ConditionOrFindingEntity => HFrEF__mcdonagh-2023-esc-guidelines_n0095/e_0035 type PatientCondition
Rule_742	?a type ConditionOrFindingEntity => ?a type PatientCondition	frailty__heidenreich-2022-aha-acc-hfsa-guidelines_n0037/e_0022 type ConditionOrFindingEntity => frailty__heidenreich-2022-aha-acc-hfsa-guidelines_n0037/e_0022 type PatientCondition
Rule_742	?a type ConditionOrFindingEntity => ?a type PatientCondition	congestion__mcdonagh-2023-esc-guidelines_n0095/e_0048 type ConditionOrFindingEntity => congestion__mcdonagh-2023-esc-guidelines_n0095/e_0048 type PatientCondition
Rule_742	?a type ConditionOrFindingEntity => ?a type PatientCondition	su_verified_6ed52cdf724db04223b4d1c2e62f3c35f6b42bc19bc5e3198277d681d47e1eb9_table_6/e_0050 type ConditionOrFindingEntity => su_verified_6ed52cdf724db04223b4d1c2e62f3c35f6b42bc19bc5e3198277d681d47e1eb9_table_6/e_0050 type PatientCondition
Rule_742	?a type ConditionOrFindingEntity => ?a type PatientCondition	signs_and_symptoms_consistent_with_HF__sectio-1_n0006/e_0032 type ConditionOrFindingEntity => signs_and_symptoms_consistent_with_HF__sectio-1_n0006/e_0032 type PatientCondition
Rule_742	?a type ConditionOrFindingEntity => ?a type PatientCondition	diastolic_(E%5C'_%3C_9_cm/s)_dysfunction__pelliccia-2020-2020-esc-guidelines-on-sports-cardiology-and-exercise-in_n0057/e_0008 type ConditionOrFindingEntity => diastolic_(E%5C'_%3C_9_cm/s)_dysfunction__pelliccia-2020-2020-esc-guidelines-on-sports-cardiology-and-exercise-in_n0057/e_0008 type PatientCondition
Rule_742	?a type ConditionOrFindingEntity => ?a type PatientCondition	BMI_%5Cgeq_25_%5Ctext%7B_kg/m%7D%5E2_,_or_waist_circumference_%5Cgeq_94_%5Ctext%7B_cm%7D_in_men_or_%5Cgeq_80_%5Ctext%7B_cm%7D_in_women__ambrosetti-2020-secondary-prevention-comprehensive-cardiovascular-rehabi_n0001/e_0080 type ConditionOrFindingEntity => BMI_%5Cgeq_25_%5Ctext%7B_kg/m%7D%5E2_,_or_waist_circumference_%5Cgeq_94_%5Ctext%7B_cm%7D_in_men_or_%5Cgeq_80_%5Ctext%7B_cm%7D_in_women__ambrosetti-2020-secondary-prevention-comprehensive-cardiovascular-rehabi_n0001/e_0080 type PatientCondition
Rule_742	?a type ConditionOrFindingEntity => ?a type PatientCondition	SCD__al-khatib-2017-aha-acc-hrs-guideline-va-and-scd_n0079/e_0012 type ConditionOrFindingEntity => SCD__al-khatib-2017-aha-acc-hrs-guideline-va-and-scd_n0079/e_0012 type PatientCondition
Rule_742	?a type ConditionOrFindingEntity => ?a type PatientCondition	risk_of_death_due_to_a_VA__al-khatib-2017-aha-acc-hrs-guideline-va-and-scd_n0033/e_0013 type ConditionOrFindingEntity => risk_of_death_due_to_a_VA__al-khatib-2017-aha-acc-hrs-guideline-va-and-scd_n0033/e_0013 type PatientCondition
Rule_742	?a type ConditionOrFindingEntity => ?a type PatientCondition	RBBB__glikson-2021-2021-esc-guidelines-on-cardiac-pacing-and-cardiac-resynchro_n0063/e_0033 type ConditionOrFindingEntity => RBBB__glikson-2021-2021-esc-guidelines-on-cardiac-pacing-and-cardiac-resynchro_n0063/e_0033 type PatientCondition
Rule_742	?a type ConditionOrFindingEntity => ?a type PatientCondition	worsening_HF__mcdonagh-2023-esc-guidelines_n0035/e_0047 type ConditionOrFindingEntity => worsening_HF__mcdonagh-2023-esc-guidelines_n0035/e_0047 type PatientCondition
Rule_742	?a type ConditionOrFindingEntity => ?a type PatientCondition	HF__mcdonagh-2023-esc-guidelines_n0086/e_0023 type ConditionOrFindingEntity => HF__mcdonagh-2023-esc-guidelines_n0086/e_0023 type PatientCondition
Rule_742	?a type ConditionOrFindingEntity => ?a type PatientCondition	HF__mcdonagh-2023-esc-guidelines_n0094/e_0003 type ConditionOrFindingEntity => HF__mcdonagh-2023-esc-guidelines_n0094/e_0003 type PatientCondition
Rule_742	?a type ConditionOrFindingEntity => ?a type PatientCondition	Complex_ventricular_ectopy__glikson-2021-2021-esc-guidelines-on-cardiac-pacing-and-cardiac-resynchro_n0064/e_0009 type ConditionOrFindingEntity => Complex_ventricular_ectopy__glikson-2021-2021-esc-guidelines-on-cardiac-pacing-and-cardiac-resynchro_n0064/e_0009 type PatientCondition
Rule_742	?a type ConditionOrFindingEntity => ?a type PatientCondition	VF__zeppenfeld-2022-esc-guidelines-va-and-scd_n0093/e_0011 type ConditionOrFindingEntity => VF__zeppenfeld-2022-esc-guidelines-va-and-scd_n0093/e_0011 type PatientCondition
Rule_742	?a type ConditionOrFindingEntity => ?a type PatientCondition	HFmrEF__glikson-2021-2021-esc-guidelines-on-cardiac-pacing-and-cardiac-resynchro_n0052/e_0022 type ConditionOrFindingEntity => HFmrEF__glikson-2021-2021-esc-guidelines-on-cardiac-pacing-and-cardiac-resynchro_n0052/e_0022 type PatientCondition
Rule_742	?a type ConditionOrFindingEntity => ?a type PatientCondition	at_least_moderate_ventricular_dysfunction__zeppenfeld-2022-esc-guidelines-va-and-scd_n0072/e_0008 type ConditionOrFindingEntity => at_least_moderate_ventricular_dysfunction__zeppenfeld-2022-esc-guidelines-va-and-scd_n0072/e_0008 type PatientCondition
Rule_742	?a type ConditionOrFindingEntity => ?a type PatientCondition	HFrEF__mcdonagh-2023-2023-focused-update-of-the-2021-esc-guidelines-for-the-dia_n0016/e_0014 type ConditionOrFindingEntity => HFrEF__mcdonagh-2023-2023-focused-update-of-the-2021-esc-guidelines-for-the-dia_n0016/e_0014 type PatientCondition
Rule_742	?a type ConditionOrFindingEntity => ?a type PatientCondition	MI__zeppenfeld-2022-esc-guidelines-va-and-scd_n0093/e_0028 type ConditionOrFindingEntity => MI__zeppenfeld-2022-esc-guidelines-va-and-scd_n0093/e_0028 type PatientCondition
Rule_742	?a type ConditionOrFindingEntity => ?a type PatientCondition	stroke__ambrosetti-2020-secondary-prevention-comprehensive-cardiovascular-rehabi_n0014/e_0081 type ConditionOrFindingEntity => stroke__ambrosetti-2020-secondary-prevention-comprehensive-cardiovascular-rehabi_n0014/e_0081 type PatientCondition
Rule_742	?a type ConditionOrFindingEntity => ?a type PatientCondition	sinus_rhythm__heidenreich-2022-aha-acc-hfsa-guidelines_n0058/e_0009 type ConditionOrFindingEntity => sinus_rhythm__heidenreich-2022-aha-acc-hfsa-guidelines_n0058/e_0009 type PatientCondition
Rule_742	?a type ConditionOrFindingEntity => ?a type PatientCondition	HF__mcdonagh-2023-esc-guidelines_n0081/e_0019 type ConditionOrFindingEntity => HF__mcdonagh-2023-esc-guidelines_n0081/e_0019 type PatientCondition
Rule_742	?a type ConditionOrFindingEntity => ?a type PatientCondition	BrS__zeppenfeld-2022-esc-guidelines-va-and-scd_n0081/e_0050 type ConditionOrFindingEntity => BrS__zeppenfeld-2022-esc-guidelines-va-and-scd_n0081/e_0050 type PatientCondition
Rule_742	?a type ConditionOrFindingEntity => ?a type PatientCondition	Coronary_artery_spasm__zeppenfeld-2022-esc-guidelines-va-and-scd_n0025/e_0063 type ConditionOrFindingEntity => Coronary_artery_spasm__zeppenfeld-2022-esc-guidelines-va-and-scd_n0025/e_0063 type PatientCondition
Rule_742	?a type ConditionOrFindingEntity => ?a type PatientCondition	congestion__mcdonagh-2023-esc-guidelines_n0073/e_0010 type ConditionOrFindingEntity => congestion__mcdonagh-2023-esc-guidelines_n0073/e_0010 type PatientCondition
Rule_742	?a type ConditionOrFindingEntity => ?a type PatientCondition	NYHA_functional_class_I_status__pelliccia-2020-2020-esc-guidelines-on-sports-cardiology-and-exercise-in_n0041/e_0013 type ConditionOrFindingEntity => NYHA_functional_class_I_status__pelliccia-2020-2020-esc-guidelines-on-sports-cardiology-and-exercise-in_n0041/e_0013 type PatientCondition
Rule_742	?a type ConditionOrFindingEntity => ?a type PatientCondition	congestive_symptoms__regitz-zagrosek-2018-2018-esc-guideline-for-the-management-of-cardiovasc_n0048/e_0043 type ConditionOrFindingEntity => congestive_symptoms__regitz-zagrosek-2018-2018-esc-guideline-for-the-management-of-cardiovasc_n0048/e_0043 type PatientCondition
Rule_742	?a type ConditionOrFindingEntity => ?a type PatientCondition	of_a_pacemaker__lenarczyk-2024-management-of-patients-with-an-electrical-storm-or-cluste_n0020/e_0066 type ConditionOrFindingEntity => of_a_pacemaker__lenarczyk-2024-management-of-patients-with-an-electrical-storm-or-cluste_n0020/e_0066 type PatientCondition
Rule_742	?a type ConditionOrFindingEntity => ?a type PatientCondition	cardiac_dysfunction__visseren-2021-esc-guidelines-cardiovascular-disease-prevention_n0032/e_0005 type ConditionOrFindingEntity => cardiac_dysfunction__visseren-2021-esc-guidelines-cardiovascular-disease-prevention_n0032/e_0005 type PatientCondition
Rule_742	?a type ConditionOrFindingEntity => ?a type PatientCondition	HF__mebaza-2015-recommendations-on-pre-hospital-early-hospital-management-of_n0003/e_0006 type ConditionOrFindingEntity => HF__mebaza-2015-recommendations-on-pre-hospital-early-hospital-management-of_n0003/e_0006 type PatientCondition
Rule_742	?a type ConditionOrFindingEntity => ?a type PatientCondition	heritable_disease__zeppenfeld-2022-esc-guidelines-va-and-scd_n0034/e_0012 type ConditionOrFindingEntity => heritable_disease__zeppenfeld-2022-esc-guidelines-va-and-scd_n0034/e_0012 type PatientCondition
Rule_742	?a type ConditionOrFindingEntity => ?a type PatientCondition	Obesity__execut-1_n0008/e_0003 type ConditionOrFindingEntity => Obesity__execut-1_n0008/e_0003 type PatientCondition
Rule_742	?a type ConditionOrFindingEntity => ?a type PatientCondition	sinus_rhythm__heidenreich-2022-aha-acc-hfsa-guidelines_n0065/e_0004 type ConditionOrFindingEntity => sinus_rhythm__heidenreich-2022-aha-acc-hfsa-guidelines_n0065/e_0004 type PatientCondition
Rule_742	?a type ConditionOrFindingEntity => ?a type PatientCondition	cardiogenic_shock__lenarczyk-2024-management-of-patients-with-an-electrical-storm-or-cluste_n0020/e_0187 type ConditionOrFindingEntity => cardiogenic_shock__lenarczyk-2024-management-of-patients-with-an-electrical-storm-or-cluste_n0020/e_0187 type PatientCondition
Rule_742	?a type ConditionOrFindingEntity => ?a type PatientCondition	SMVT__zeppenfeld-2022-esc-guidelines-va-and-scd_n0017/e_0028 type ConditionOrFindingEntity => SMVT__zeppenfeld-2022-esc-guidelines-va-and-scd_n0017/e_0028 type PatientCondition
Rule_742	?a type ConditionOrFindingEntity => ?a type PatientCondition	BrS__zeppenfeld-2022-esc-guidelines-va-and-scd_n0081/e_0014 type ConditionOrFindingEntity => BrS__zeppenfeld-2022-esc-guidelines-va-and-scd_n0081/e_0014 type PatientCondition
Rule_742	?a type ConditionOrFindingEntity => ?a type PatientCondition	VT__al-khatib-2017-aha-acc-hrs-guideline-va-and-scd_n0066/e_0007 type ConditionOrFindingEntity => VT__al-khatib-2017-aha-acc-hrs-guideline-va-and-scd_n0066/e_0007 type PatientCondition
Rule_742	?a type ConditionOrFindingEntity => ?a type PatientCondition	elevated_risk_of_foetal_abnormalities__regitz-zagrosek-2018-2018-esc-guideline-for-the-management-of-cardiovasc_n0016/e_0014 type ConditionOrFindingEntity => elevated_risk_of_foetal_abnormalities__regitz-zagrosek-2018-2018-esc-guideline-for-the-management-of-cardiovasc_n0016/e_0014 type PatientCondition
Rule_742	?a type ConditionOrFindingEntity => ?a type PatientCondition	VT_(unmasking_BrS_ECG)__zeppenfeld-2022-esc-guidelines-va-and-scd_n0038/e_0042 type ConditionOrFindingEntity => VT_(unmasking_BrS_ECG)__zeppenfeld-2022-esc-guidelines-va-and-scd_n0038/e_0042 type PatientCondition
Rule_742	?a type ConditionOrFindingEntity => ?a type PatientCondition	MI__zeppenfeld-2022-esc-guidelines-va-and-scd_n0093/e_0060 type ConditionOrFindingEntity => MI__zeppenfeld-2022-esc-guidelines-va-and-scd_n0093/e_0060 type PatientCondition
Rule_742	?a type ConditionOrFindingEntity => ?a type PatientCondition	Dyslipidemia__maddox-2021-2021-update-to-the-2017-acc-expert-consensus-decision-pathwa_n0017/e_0014 type ConditionOrFindingEntity => Dyslipidemia__maddox-2021-2021-update-to-the-2017-acc-expert-consensus-decision-pathwa_n0017/e_0014 type PatientCondition
Rule_742	?a type ConditionOrFindingEntity => ?a type PatientCondition	ARVC__zeppenfeld-2022-esc-guidelines-va-and-scd_n0022/e_0042 type ConditionOrFindingEntity => ARVC__zeppenfeld-2022-esc-guidelines-va-and-scd_n0022/e_0042 type PatientCondition
Rule_742	?a type ConditionOrFindingEntity => ?a type PatientCondition	NYHA_class_III_%5Badvanced%5D_or_IV__heidenreich-2022-aha-acc-hfsa-guidelines_n0075/e_0003 type ConditionOrFindingEntity => NYHA_class_III_%5Badvanced%5D_or_IV__heidenreich-2022-aha-acc-hfsa-guidelines_n0075/e_0003 type PatientCondition
Rule_742	?a type ConditionOrFindingEntity => ?a type PatientCondition	Severe_cardiac_dysfunction__heidenreich-2022-aha-acc-hfsa-guidelines_n0075/e_0004 type ConditionOrFindingEntity => Severe_cardiac_dysfunction__heidenreich-2022-aha-acc-hfsa-guidelines_n0075/e_0004 type PatientCondition
Rule_742	?a type ConditionOrFindingEntity => ?a type PatientCondition	ketoacidosis__maddox-2021-2021-update-to-the-2017-acc-expert-consensus-decision-pathwa_n0008/e_0019 type ConditionOrFindingEntity => ketoacidosis__maddox-2021-2021-update-to-the-2017-acc-expert-consensus-decision-pathwa_n0008/e_0019 type PatientCondition
Rule_742	?a type ConditionOrFindingEntity => ?a type PatientCondition	su_verified_e5f20076152902f9b102f37b1a83cdc79baea0d42000f6c76a83acfae0e39670_table_2/e_0012 type ConditionOrFindingEntity => su_verified_e5f20076152902f9b102f37b1a83cdc79baea0d42000f6c76a83acfae0e39670_table_2/e_0012 type PatientCondition
Rule_742	?a type ConditionOrFindingEntity => ?a type PatientCondition	hypoperfusion__mcdonagh-2023-esc-guidelines_n0096/e_0077 type ConditionOrFindingEntity => hypoperfusion__mcdonagh-2023-esc-guidelines_n0096/e_0077 type PatientCondition
Rule_742	?a type ConditionOrFindingEntity => ?a type PatientCondition	burden_of_comorbidities__al-khatib-2017-aha-acc-hrs-guideline-va-and-scd_n0035/e_0026 type ConditionOrFindingEntity => burden_of_comorbidities__al-khatib-2017-aha-acc-hrs-guideline-va-and-scd_n0035/e_0026 type PatientCondition
Rule_742	?a type ConditionOrFindingEntity => ?a type PatientCondition	personal_circumstances__mcdonagh-2023-esc-guidelines_n0055/e_0024 type ConditionOrFindingEntity => personal_circumstances__mcdonagh-2023-esc-guidelines_n0055/e_0024 type PatientCondition
Rule_742	?a type ConditionOrFindingEntity => ?a type PatientCondition	recurrent_ES__lenarczyk-2024-management-of-patients-with-an-electrical-storm-or-cluste_n0023/e_0010 type ConditionOrFindingEntity => recurrent_ES__lenarczyk-2024-management-of-patients-with-an-electrical-storm-or-cluste_n0023/e_0010 type PatientCondition
Rule_742	?a type ConditionOrFindingEntity => ?a type PatientCondition	meaningful_survival_of_greater_than_1_year__al-khatib-2017-aha-acc-hrs-guideline-va-and-scd_n0035/e_0018 type ConditionOrFindingEntity => meaningful_survival_of_greater_than_1_year__al-khatib-2017-aha-acc-hrs-guideline-va-and-scd_n0035/e_0018 type PatientCondition
Rule_742	?a type ConditionOrFindingEntity => ?a type PatientCondition	su_verified_6ed52cdf724db04223b4d1c2e62f3c35f6b42bc19bc5e3198277d681d47e1eb9_table_5/e_0111 type ConditionOrFindingEntity => su_verified_6ed52cdf724db04223b4d1c2e62f3c35f6b42bc19bc5e3198277d681d47e1eb9_table_5/e_0111 type PatientCondition
Rule_742	?a type ConditionOrFindingEntity => ?a type PatientCondition	HF__mcdonagh-2023-esc-guidelines_n0074/e_0027 type ConditionOrFindingEntity => HF__mcdonagh-2023-esc-guidelines_n0074/e_0027 type PatientCondition
Rule_742	?a type ConditionOrFindingEntity => ?a type PatientCondition	patient%5C's_symptoms__heidenreich-2022-aha-acc-hfsa-guidelines_n0055/e_0013 type ConditionOrFindingEntity => patient%5C's_symptoms__heidenreich-2022-aha-acc-hfsa-guidelines_n0055/e_0013 type PatientCondition
Rule_742	?a type ConditionOrFindingEntity => ?a type PatientCondition	blood_pressure_remains_%3E_130/80_mm_Hg__sectio-1_n0030/e_0017 type ConditionOrFindingEntity => blood_pressure_remains_%3E_130/80_mm_Hg__sectio-1_n0030/e_0017 type PatientCondition
Rule_742	?a type ConditionOrFindingEntity => ?a type PatientCondition	Low-to-moderate_CVD_risk__visseren-2021-esc-guidelines-cardiovascular-disease-prevention_n0026/e_0001 type ConditionOrFindingEntity => Low-to-moderate_CVD_risk__visseren-2021-esc-guidelines-cardiovascular-disease-prevention_n0026/e_0001 type PatientCondition
Rule_742	?a type ConditionOrFindingEntity => ?a type PatientCondition	ERP__zeppenfeld-2022-esc-guidelines-va-and-scd_n0019/e_0194 type ConditionOrFindingEntity => ERP__zeppenfeld-2022-esc-guidelines-va-and-scd_n0019/e_0194 type PatientCondition
Rule_742	?a type ConditionOrFindingEntity => ?a type PatientCondition	COPD_and_cardiac_disease__ambrosetti-2020-secondary-prevention-comprehensive-cardiovascular-rehabi_n0015/e_0038 type ConditionOrFindingEntity => COPD_and_cardiac_disease__ambrosetti-2020-secondary-prevention-comprehensive-cardiovascular-rehabi_n0015/e_0038 type PatientCondition
Rule_742	?a type ConditionOrFindingEntity => ?a type PatientCondition	su_verified_6ed52cdf724db04223b4d1c2e62f3c35f6b42bc19bc5e3198277d681d47e1eb9_table_5/e_0073 type ConditionOrFindingEntity => su_verified_6ed52cdf724db04223b4d1c2e62f3c35f6b42bc19bc5e3198277d681d47e1eb9_table_5/e_0073 type PatientCondition
Rule_742	?a type ConditionOrFindingEntity => ?a type PatientCondition	ICD_therapy_is_contraindicated_or_declined__zeppenfeld-2022-esc-guidelines-va-and-scd_n0078/e_0003 type ConditionOrFindingEntity => ICD_therapy_is_contraindicated_or_declined__zeppenfeld-2022-esc-guidelines-va-and-scd_n0078/e_0003 type PatientCondition
Rule_742	?a type ConditionOrFindingEntity => ?a type PatientCondition	sinus_arrest__glikson-2021-2021-esc-guidelines-on-cardiac-pacing-and-cardiac-resynchro_n0046/e_0036 type ConditionOrFindingEntity => sinus_arrest__glikson-2021-2021-esc-guidelines-on-cardiac-pacing-and-cardiac-resynchro_n0046/e_0036 type PatientCondition
Rule_742	?a type ConditionOrFindingEntity => ?a type PatientCondition	SMVT__zeppenfeld-2022-esc-guidelines-va-and-scd_n0093/e_0063 type ConditionOrFindingEntity => SMVT__zeppenfeld-2022-esc-guidelines-va-and-scd_n0093/e_0063 type PatientCondition
Rule_742	?a type ConditionOrFindingEntity => ?a type PatientCondition	iron_deficiency__mcdonagh-2023-esc-guidelines_n0073/e_0012 type ConditionOrFindingEntity => iron_deficiency__mcdonagh-2023-esc-guidelines_n0073/e_0012 type PatientCondition
Rule_742	?a type ConditionOrFindingEntity => ?a type PatientCondition	influenza__mcdonagh-2023-esc-guidelines_n0055/e_0074 type ConditionOrFindingEntity => influenza__mcdonagh-2023-esc-guidelines_n0055/e_0074 type PatientCondition
Rule_742	?a type ConditionOrFindingEntity => ?a type PatientCondition	reversible_factors__heidenreich-2022-aha-acc-hfsa-guidelines_n0085/e_0011 type ConditionOrFindingEntity => reversible_factors__heidenreich-2022-aha-acc-hfsa-guidelines_n0085/e_0011 type PatientCondition
Rule_742	?a type ConditionOrFindingEntity => ?a type PatientCondition	SQTS__zeppenfeld-2022-esc-guidelines-va-and-scd_n0021/e_0041 type ConditionOrFindingEntity => SQTS__zeppenfeld-2022-esc-guidelines-va-and-scd_n0021/e_0041 type PatientCondition
Rule_742	?a type ConditionOrFindingEntity => ?a type PatientCondition	HFmrEF__mcdonagh-2023-2023-focused-update-of-the-2021-esc-guidelines-for-the-dia_n0016/e_0015 type ConditionOrFindingEntity => HFmrEF__mcdonagh-2023-2023-focused-update-of-the-2021-esc-guidelines-for-the-dia_n0016/e_0015 type PatientCondition
Rule_742	?a type ConditionOrFindingEntity => ?a type PatientCondition	Severe_bradycardia_and/or__lenarczyk-2024-management-of-patients-with-an-electrical-storm-or-cluste_n0020/e_0062 type ConditionOrFindingEntity => Severe_bradycardia_and/or__lenarczyk-2024-management-of-patients-with-an-electrical-storm-or-cluste_n0020/e_0062 type PatientCondition
Rule_742	?a type ConditionOrFindingEntity => ?a type PatientCondition	frequent,_complex,_or_sustained_VA__al-khatib-2017-aha-acc-hrs-guideline-va-and-scd_n0073/e_0003 type ConditionOrFindingEntity => frequent,_complex,_or_sustained_VA__al-khatib-2017-aha-acc-hrs-guideline-va-and-scd_n0073/e_0003 type PatientCondition
Rule_742	?a type ConditionOrFindingEntity => ?a type PatientCondition	bradycardia%E2%80%93tachycardia_form_of_SND__glikson-2021-2021-esc-guidelines-on-cardiac-pacing-and-cardiac-resynchro_n0046/e_0012 type ConditionOrFindingEntity => bradycardia%E2%80%93tachycardia_form_of_SND__glikson-2021-2021-esc-guidelines-on-cardiac-pacing-and-cardiac-resynchro_n0046/e_0012 type PatientCondition
Rule_742	?a type ConditionOrFindingEntity => ?a type PatientCondition	PVT__zeppenfeld-2022-esc-guidelines-va-and-scd_n0036/e_0057 type ConditionOrFindingEntity => PVT__zeppenfeld-2022-esc-guidelines-va-and-scd_n0036/e_0057 type PatientCondition
Rule_742	?a type ConditionOrFindingEntity => ?a type PatientCondition	HF__mcdonagh-2023-esc-guidelines_n0096/e_0081 type ConditionOrFindingEntity => HF__mcdonagh-2023-esc-guidelines_n0096/e_0081 type PatientCondition
Rule_742	?a type ConditionOrFindingEntity => ?a type PatientCondition	first_episode,_a_prolonged_episode,_or_a_high_burden_of_atrial_arrhythmia__ferrick-2023-2023-hrs-ehra-aphrs-lahrs-expert-consensus-statement-on-pra_n0023/e_0015 type ConditionOrFindingEntity => first_episode,_a_prolonged_episode,_or_a_high_burden_of_atrial_arrhythmia__ferrick-2023-2023-hrs-ehra-aphrs-lahrs-expert-consensus-statement-on-pra_n0023/e_0015 type PatientCondition
Rule_742	?a type ConditionOrFindingEntity => ?a type PatientCondition	EN_is_not_feasible_or_sufficient__vest-2019-nutrition-obesity-and-cachexia-in-patients-with-heart-failure_n0006/e_0015 type ConditionOrFindingEntity => EN_is_not_feasible_or_sufficient__vest-2019-nutrition-obesity-and-cachexia-in-patients-with-heart-failure_n0006/e_0015 type PatientCondition
Rule_742	?a type ConditionOrFindingEntity => ?a type PatientCondition	HF__mcdonagh-2023-esc-guidelines_n0095/e_0043 type ConditionOrFindingEntity => HF__mcdonagh-2023-esc-guidelines_n0095/e_0043 type PatientCondition
Rule_742	?a type ConditionOrFindingEntity => ?a type PatientCondition	NYHA_class_IV_symptoms__heidenreich-2022-aha-acc-hfsa-guidelines_n0083/e_0014 type ConditionOrFindingEntity => NYHA_class_IV_symptoms__heidenreich-2022-aha-acc-hfsa-guidelines_n0083/e_0014 type PatientCondition
Rule_742	?a type ConditionOrFindingEntity => ?a type PatientCondition	SMVT__zeppenfeld-2022-esc-guidelines-va-and-scd_n0017/e_0044 type ConditionOrFindingEntity => SMVT__zeppenfeld-2022-esc-guidelines-va-and-scd_n0017/e_0044 type PatientCondition
Rule_742	?a type ConditionOrFindingEntity => ?a type PatientCondition	heart_problem__cardiosmart-decision-aid-icd-for-hf_n0002/e_0017 type ConditionOrFindingEntity => heart_problem__cardiosmart-decision-aid-icd-for-hf_n0002/e_0017 type PatientCondition
Rule_742	?a type ConditionOrFindingEntity => ?a type PatientCondition	(latent)_pre-excitation__pelliccia-2020-2020-esc-guidelines-on-sports-cardiology-and-exercise-in_n0064/e_0003 type ConditionOrFindingEntity => (latent)_pre-excitation__pelliccia-2020-2020-esc-guidelines-on-sports-cardiology-and-exercise-in_n0064/e_0003 type PatientCondition
Rule_742	?a type ConditionOrFindingEntity => ?a type PatientCondition	VF__zeppenfeld-2022-esc-guidelines-va-and-scd_n0075/e_0015 type ConditionOrFindingEntity => VF__zeppenfeld-2022-esc-guidelines-va-and-scd_n0075/e_0015 type PatientCondition
Rule_742	?a type ConditionOrFindingEntity => ?a type PatientCondition	recurrent_hospitalizations_for_HFrEF__heidenreich-2022-aha-acc-hfsa-guidelines_n0095/e_0003 type ConditionOrFindingEntity => recurrent_hospitalizations_for_HFrEF__heidenreich-2022-aha-acc-hfsa-guidelines_n0095/e_0003 type PatientCondition
Rule_742	?a type ConditionOrFindingEntity => ?a type PatientCondition	myasthenia_gravis__lenarczyk-2024-management-of-patients-with-an-electrical-storm-or-cluste_n0020/e_0028 type ConditionOrFindingEntity => myasthenia_gravis__lenarczyk-2024-management-of-patients-with-an-electrical-storm-or-cluste_n0020/e_0028 type PatientCondition
Rule_742	?a type ConditionOrFindingEntity => ?a type PatientCondition	reduced_mobility_or_other_commitments__glikson-2021-2021-esc-guidelines-on-cardiac-pacing-and-cardiac-resynchro_n0080/e_0006 type ConditionOrFindingEntity => reduced_mobility_or_other_commitments__glikson-2021-2021-esc-guidelines-on-cardiac-pacing-and-cardiac-resynchro_n0080/e_0006 type PatientCondition
Rule_742	?a type ConditionOrFindingEntity => ?a type PatientCondition	electrical_storm__zeppenfeld-2022-esc-guidelines-va-and-scd_n0036/e_0031 type ConditionOrFindingEntity => electrical_storm__zeppenfeld-2022-esc-guidelines-va-and-scd_n0036/e_0031 type PatientCondition
Rule_742	?a type ConditionOrFindingEntity => ?a type PatientCondition	PVCs__zeppenfeld-2022-esc-guidelines-va-and-scd_n0084/e_0052 type ConditionOrFindingEntity => PVCs__zeppenfeld-2022-esc-guidelines-va-and-scd_n0084/e_0052 type PatientCondition
Rule_742	?a type ConditionOrFindingEntity => ?a type PatientCondition	HF__mcdonagh-2023-esc-guidelines_n0097/e_0008 type ConditionOrFindingEntity => HF__mcdonagh-2023-esc-guidelines_n0097/e_0008 type PatientCondition
Rule_742	?a type ConditionOrFindingEntity => ?a type PatientCondition	myocardial_ischaemia__zeppenfeld-2022-esc-guidelines-va-and-scd_n0055/e_0005 type ConditionOrFindingEntity => myocardial_ischaemia__zeppenfeld-2022-esc-guidelines-va-and-scd_n0055/e_0005 type PatientCondition
Rule_742	?a type ConditionOrFindingEntity => ?a type PatientCondition	VT__zeppenfeld-2022-esc-guidelines-va-and-scd_n0061/e_0005 type ConditionOrFindingEntity => VT__zeppenfeld-2022-esc-guidelines-va-and-scd_n0061/e_0005 type PatientCondition
Rule_742	?a type ConditionOrFindingEntity => ?a type PatientCondition	arrhythmic_syncope__pelliccia-2020-2020-esc-guidelines-on-sports-cardiology-and-exercise-in_n0066/e_0028 type ConditionOrFindingEntity => arrhythmic_syncope__pelliccia-2020-2020-esc-guidelines-on-sports-cardiology-and-exercise-in_n0066/e_0028 type PatientCondition
Rule_742	?a type ConditionOrFindingEntity => ?a type PatientCondition	HF__mcdonagh-2023-esc-guidelines_n0094/e_0015 type ConditionOrFindingEntity => HF__mcdonagh-2023-esc-guidelines_n0094/e_0015 type PatientCondition
Rule_742	?a type ConditionOrFindingEntity => ?a type PatientCondition	sleep-disordered_breathing__heidenreich-2022-aha-acc-hfsa-guidelines_n0099/e_0017 type ConditionOrFindingEntity => sleep-disordered_breathing__heidenreich-2022-aha-acc-hfsa-guidelines_n0099/e_0017 type PatientCondition
Rule_742	?a type ConditionOrFindingEntity => ?a type PatientCondition	high_or_very_high_CVD_risk__visseren-2021-esc-guidelines-cardiovascular-disease-prevention_n0027/e_0011 type ConditionOrFindingEntity => high_or_very_high_CVD_risk__visseren-2021-esc-guidelines-cardiovascular-disease-prevention_n0027/e_0011 type PatientCondition
Rule_742	?a type ConditionOrFindingEntity => ?a type PatientCondition	cardiac_sarcoidosis__zeppenfeld-2022-esc-guidelines-va-and-scd_n0022/e_0060 type ConditionOrFindingEntity => cardiac_sarcoidosis__zeppenfeld-2022-esc-guidelines-va-and-scd_n0022/e_0060 type PatientCondition
Rule_742	?a type ConditionOrFindingEntity => ?a type PatientCondition	Use_with_caution_in_HF__lenarczyk-2024-management-of-patients-with-an-electrical-storm-or-cluste_n0020/e_0048 type ConditionOrFindingEntity => Use_with_caution_in_HF__lenarczyk-2024-management-of-patients-with-an-electrical-storm-or-cluste_n0020/e_0048 type PatientCondition
Rule_742	?a type ConditionOrFindingEntity => ?a type PatientCondition	ACS__zeppenfeld-2022-esc-guidelines-va-and-scd_n0040/e_0079 type ConditionOrFindingEntity => ACS__zeppenfeld-2022-esc-guidelines-va-and-scd_n0040/e_0079 type PatientCondition
Rule_742	?a type ConditionOrFindingEntity => ?a type PatientCondition	ischaemia__lenarczyk-2024-management-of-patients-with-an-electrical-storm-or-cluste_n0020/e_0105 type ConditionOrFindingEntity => ischaemia__lenarczyk-2024-management-of-patients-with-an-electrical-storm-or-cluste_n0020/e_0105 type PatientCondition
Rule_742	?a type ConditionOrFindingEntity => ?a type PatientCondition	survival_from_a_VT/VF_episode_in_the_absence_of_heart_disease__zeppenfeld-2022-esc-guidelines-va-and-scd_n0097/e_0006 type ConditionOrFindingEntity => survival_from_a_VT/VF_episode_in_the_absence_of_heart_disease__zeppenfeld-2022-esc-guidelines-va-and-scd_n0097/e_0006 type PatientCondition
Rule_742	?a type ConditionOrFindingEntity => ?a type PatientCondition	CKD_and_cardiac_disease__ambrosetti-2020-secondary-prevention-comprehensive-cardiovascular-rehabi_n0016/e_0025 type ConditionOrFindingEntity => CKD_and_cardiac_disease__ambrosetti-2020-secondary-prevention-comprehensive-cardiovascular-rehabi_n0016/e_0025 type PatientCondition
Rule_742	?a type ConditionOrFindingEntity => ?a type PatientCondition	HF__mcdonagh-2023-esc-guidelines_n0095/e_0049 type ConditionOrFindingEntity => HF__mcdonagh-2023-esc-guidelines_n0095/e_0049 type PatientCondition
Rule_742	?a type ConditionOrFindingEntity => ?a type PatientCondition	volume_overload__seb24c-1_n0002/e_0004 type ConditionOrFindingEntity => volume_overload__seb24c-1_n0002/e_0004 type PatientCondition
Rule_742	?a type ConditionOrFindingEntity => ?a type PatientCondition	symptoms__regitz-zagrosek-2018-2018-esc-guideline-for-the-management-of-cardiovasc_n0022/e_0050 type ConditionOrFindingEntity => symptoms__regitz-zagrosek-2018-2018-esc-guideline-for-the-management-of-cardiovasc_n0022/e_0050 type PatientCondition
Rule_742	?a type ConditionOrFindingEntity => ?a type PatientCondition	SMVT__zeppenfeld-2022-esc-guidelines-va-and-scd_n0061/e_0036 type ConditionOrFindingEntity => SMVT__zeppenfeld-2022-esc-guidelines-va-and-scd_n0061/e_0036 type PatientCondition
Rule_742	?a type ConditionOrFindingEntity => ?a type PatientCondition	severe_heart_failure_with_reduced_LVEF__zeppenfeld-2022-esc-guidelines-va-and-scd_n0040/e_0053 type ConditionOrFindingEntity => severe_heart_failure_with_reduced_LVEF__zeppenfeld-2022-esc-guidelines-va-and-scd_n0040/e_0053 type PatientCondition
Rule_742	?a type ConditionOrFindingEntity => ?a type PatientCondition	symptom_status__mcdonagh-2023-esc-guidelines_n0055/e_0023 type ConditionOrFindingEntity => symptom_status__mcdonagh-2023-esc-guidelines_n0055/e_0023 type PatientCondition
Rule_742	?a type ConditionOrFindingEntity => ?a type PatientCondition	HFrEF__sbolli-2020-depression-and-heart-failure_n0003/e_0025 type ConditionOrFindingEntity => HFrEF__sbolli-2020-depression-and-heart-failure_n0003/e_0025 type PatientCondition
Rule_742	?a type ConditionOrFindingEntity => ?a type PatientCondition	fluid_overload__mcdonagh-2023-esc-guidelines_n0096/e_0068 type ConditionOrFindingEntity => fluid_overload__mcdonagh-2023-esc-guidelines_n0096/e_0068 type PatientCondition
Rule_742	?a type ConditionOrFindingEntity => ?a type PatientCondition	daily_symptoms_of_congestion__mcdonagh-2023-esc-guidelines_n0059/e_0029 type ConditionOrFindingEntity => daily_symptoms_of_congestion__mcdonagh-2023-esc-guidelines_n0059/e_0029 type PatientCondition
Rule_742	?a type ConditionOrFindingEntity => ?a type PatientCondition	no_bleeding_complications__regitz-zagrosek-2018-2018-esc-guideline-for-the-management-of-cardiovasc_n0023/e_0030 type ConditionOrFindingEntity => no_bleeding_complications__regitz-zagrosek-2018-2018-esc-guideline-for-the-management-of-cardiovasc_n0023/e_0030 type PatientCondition
Rule_742	?a type ConditionOrFindingEntity => ?a type PatientCondition	BrS__zeppenfeld-2022-esc-guidelines-va-and-scd_n0038/e_0075 type ConditionOrFindingEntity => BrS__zeppenfeld-2022-esc-guidelines-va-and-scd_n0038/e_0075 type PatientCondition
Rule_742	?a type ConditionOrFindingEntity => ?a type PatientCondition	depression__riegel-2009-promoting-self-care-in-persons-with-heart-failure_n0002/e_0018 type ConditionOrFindingEntity => depression__riegel-2009-promoting-self-care-in-persons-with-heart-failure_n0002/e_0018 type PatientCondition
Rule_742	?a type ConditionOrFindingEntity => ?a type PatientCondition	ARVC__zeppenfeld-2022-esc-guidelines-va-and-scd_n0021/e_0062 type ConditionOrFindingEntity => ARVC__zeppenfeld-2022-esc-guidelines-va-and-scd_n0021/e_0062 type PatientCondition
Rule_742	?a type ConditionOrFindingEntity => ?a type PatientCondition	comorbidities__heidenreich-2022-aha-acc-hfsa-guidelines_n0063/e_0018 type ConditionOrFindingEntity => comorbidities__heidenreich-2022-aha-acc-hfsa-guidelines_n0063/e_0018 type PatientCondition
Rule_742	?a type ConditionOrFindingEntity => ?a type PatientCondition	PVCs__zeppenfeld-2022-esc-guidelines-va-and-scd_n0057/e_0044 type ConditionOrFindingEntity => PVCs__zeppenfeld-2022-esc-guidelines-va-and-scd_n0057/e_0044 type PatientCondition
Rule_742	?a type ConditionOrFindingEntity => ?a type PatientCondition	acute_myocarditis__pelliccia-2020-2020-esc-guidelines-on-sports-cardiology-and-exercise-in_n0060/e_0024 type ConditionOrFindingEntity => acute_myocarditis__pelliccia-2020-2020-esc-guidelines-on-sports-cardiology-and-exercise-in_n0060/e_0024 type PatientCondition
Rule_742	?a type ConditionOrFindingEntity => ?a type PatientCondition	Hepatojugular_reflux__sectio-4_n0004/e_0020 type ConditionOrFindingEntity => Hepatojugular_reflux__sectio-4_n0004/e_0020 type PatientCondition
Rule_742	?a type ConditionOrFindingEntity => ?a type PatientCondition	HFpEF__mcdonagh-2023-esc-guidelines_n0058/e_0014 type ConditionOrFindingEntity => HFpEF__mcdonagh-2023-esc-guidelines_n0058/e_0014 type PatientCondition
Rule_742	?a type ConditionOrFindingEntity => ?a type PatientCondition	chronic,_severe_refractory_HF_when_there_is_no_reasonable_expectation_for_improvement__sectio-1_n0022/e_0040 type ConditionOrFindingEntity => chronic,_severe_refractory_HF_when_there_is_no_reasonable_expectation_for_improvement__sectio-1_n0022/e_0040 type PatientCondition
Rule_742	?a type ConditionOrFindingEntity => ?a type PatientCondition	CPVT__zeppenfeld-2022-esc-guidelines-va-and-scd_n0084/e_0001 type ConditionOrFindingEntity => CPVT__zeppenfeld-2022-esc-guidelines-va-and-scd_n0084/e_0001 type PatientCondition
Rule_742	?a type ConditionOrFindingEntity => ?a type PatientCondition	False-positive_arrhythmia_detection__braunschweig-2010-management-of-patients-receiving-implantable-cardiac-d_n0007/e_0002 type ConditionOrFindingEntity => False-positive_arrhythmia_detection__braunschweig-2010-management-of-patients-receiving-implantable-cardiac-d_n0007/e_0002 type PatientCondition
Rule_742	?a type ConditionOrFindingEntity => ?a type PatientCondition	advanced_HF__mcdonagh-2023-esc-guidelines_n0021/e_0003 type ConditionOrFindingEntity => advanced_HF__mcdonagh-2023-esc-guidelines_n0021/e_0003 type PatientCondition
Rule_742	?a type ConditionOrFindingEntity => ?a type PatientCondition	congenital_heart_disease__mcdonagh-2023-esc-guidelines_n0020/e_0006 type ConditionOrFindingEntity => congenital_heart_disease__mcdonagh-2023-esc-guidelines_n0020/e_0006 type PatientCondition
Rule_742	?a type ConditionOrFindingEntity => ?a type PatientCondition	Severe_sinus_node_dysfunction__zeppenfeld-2022-esc-guidelines-va-and-scd_n0040/e_0051 type ConditionOrFindingEntity => Severe_sinus_node_dysfunction__zeppenfeld-2022-esc-guidelines-va-and-scd_n0040/e_0051 type PatientCondition
Rule_742	?a type ConditionOrFindingEntity => ?a type PatientCondition	VT,_PVCs,_LQTS__lenarczyk-2024-management-of-patients-with-an-electrical-storm-or-cluste_n0020/e_0130 type ConditionOrFindingEntity => VT,_PVCs,_LQTS__lenarczyk-2024-management-of-patients-with-an-electrical-storm-or-cluste_n0020/e_0130 type PatientCondition
Rule_742	?a type ConditionOrFindingEntity => ?a type PatientCondition	Atrial_fibrillation__mcdonagh-2023-esc-guidelines_n0039/e_0012 type ConditionOrFindingEntity => Atrial_fibrillation__mcdonagh-2023-esc-guidelines_n0039/e_0012 type PatientCondition
Rule_742	?a type ConditionOrFindingEntity => ?a type PatientCondition	LBBB__heidenreich-2022-aha-acc-hfsa-guidelines_n0065/e_0066 type ConditionOrFindingEntity => LBBB__heidenreich-2022-aha-acc-hfsa-guidelines_n0065/e_0066 type PatientCondition
Rule_742	?a type ConditionOrFindingEntity => ?a type PatientCondition	pregnancy_contraindicated__regitz-zagrosek-2018-2018-esc-guideline-for-the-management-of-cardiovasc_n0014/e_0002 type ConditionOrFindingEntity => pregnancy_contraindicated__regitz-zagrosek-2018-2018-esc-guideline-for-the-management-of-cardiovasc_n0014/e_0002 type PatientCondition
Rule_742	?a type ConditionOrFindingEntity => ?a type PatientCondition	adult_congenital_heart_disease__al-khatib-2017-aha-acc-hrs-guideline-va-and-scd_n0073/e_0007 type ConditionOrFindingEntity => adult_congenital_heart_disease__al-khatib-2017-aha-acc-hrs-guideline-va-and-scd_n0073/e_0007 type PatientCondition
Rule_742	?a type ConditionOrFindingEntity => ?a type PatientCondition	VT__zeppenfeld-2022-esc-guidelines-va-and-scd_n0020/e_0053 type ConditionOrFindingEntity => VT__zeppenfeld-2022-esc-guidelines-va-and-scd_n0020/e_0053 type PatientCondition
Rule_742	?a type ConditionOrFindingEntity => ?a type PatientCondition	pre-excitation__pelliccia-2020-2020-esc-guidelines-on-sports-cardiology-and-exercise-in_n0064/e_0010 type ConditionOrFindingEntity => pre-excitation__pelliccia-2020-2020-esc-guidelines-on-sports-cardiology-and-exercise-in_n0064/e_0010 type PatientCondition
Rule_742	?a type ConditionOrFindingEntity => ?a type PatientCondition	Family_history_of_SADS__zeppenfeld-2022-esc-guidelines-va-and-scd_n0025/e_0036 type ConditionOrFindingEntity => Family_history_of_SADS__zeppenfeld-2022-esc-guidelines-va-and-scd_n0025/e_0036 type PatientCondition
Rule_742	?a type ConditionOrFindingEntity => ?a type PatientCondition	ARVC__zeppenfeld-2022-esc-guidelines-va-and-scd_n0094/e_0040 type ConditionOrFindingEntity => ARVC__zeppenfeld-2022-esc-guidelines-va-and-scd_n0094/e_0040 type PatientCondition
Rule_742	?a type ConditionOrFindingEntity => ?a type PatientCondition	after_exclusion_of_reversible_causes__zeppenfeld-2022-esc-guidelines-va-and-scd_n0095/e_0038 type ConditionOrFindingEntity => after_exclusion_of_reversible_causes__zeppenfeld-2022-esc-guidelines-va-and-scd_n0095/e_0038 type PatientCondition
Rule_742	?a type ConditionOrFindingEntity => ?a type PatientCondition	specific_signs_and_symptoms_(eg,_increasing_fatigue_or_shortness_of_breath_with_usual_activities,_dyspnea_at_rest,_nocturnal_dyspnea_or_orthopnea,_edema)__seb24c-1_n0002/e_0002 type ConditionOrFindingEntity => specific_signs_and_symptoms_(eg,_increasing_fatigue_or_shortness_of_breath_with_usual_activities,_dyspnea_at_rest,_nocturnal_dyspnea_or_orthopnea,_edema)__seb24c-1_n0002/e_0002 type PatientCondition
Rule_742	?a type ConditionOrFindingEntity => ?a type PatientCondition	VT__zeppenfeld-2022-esc-guidelines-va-and-scd_n0094/e_0106 type ConditionOrFindingEntity => VT__zeppenfeld-2022-esc-guidelines-va-and-scd_n0094/e_0106 type PatientCondition
Rule_742	?a type ConditionOrFindingEntity => ?a type PatientCondition	CAD_(eg,_after_MI,_revascularization)__execut-1_n0008/e_0004 type ConditionOrFindingEntity => CAD_(eg,_after_MI,_revascularization)__execut-1_n0008/e_0004 type PatientCondition
Rule_742	?a type ConditionOrFindingEntity => ?a type PatientCondition	HCM__mcdonagh-2023-esc-guidelines_n0085/e_0012 type ConditionOrFindingEntity => HCM__mcdonagh-2023-esc-guidelines_n0085/e_0012 type PatientCondition
Rule_742	?a type ConditionOrFindingEntity => ?a type PatientCondition	HFrEF__mcdonagh-2023-esc-guidelines_n0097/e_0068 type ConditionOrFindingEntity => HFrEF__mcdonagh-2023-esc-guidelines_n0097/e_0068 type PatientCondition
Rule_742	?a type ConditionOrFindingEntity => ?a type PatientCondition	bidirectional_VT__zeppenfeld-2022-esc-guidelines-va-and-scd_n0025/e_0043 type ConditionOrFindingEntity => bidirectional_VT__zeppenfeld-2022-esc-guidelines-va-and-scd_n0025/e_0043 type PatientCondition
Rule_742	?a type ConditionOrFindingEntity => ?a type PatientCondition	asystolic_syncope_during_tilt_testing__glikson-2021-2021-esc-guidelines-on-cardiac-pacing-and-cardiac-resynchro_n0085/e_0048 type ConditionOrFindingEntity => asystolic_syncope_during_tilt_testing__glikson-2021-2021-esc-guidelines-on-cardiac-pacing-and-cardiac-resynchro_n0085/e_0048 type PatientCondition
Rule_742	?a type ConditionOrFindingEntity => ?a type PatientCondition	worsening_edema__maddox-2021-2021-update-to-the-2017-acc-expert-consensus-decision-pathwa_n0010/e_0023 type ConditionOrFindingEntity => worsening_edema__maddox-2021-2021-update-to-the-2017-acc-expert-consensus-decision-pathwa_n0010/e_0023 type PatientCondition
Rule_742	?a type ConditionOrFindingEntity => ?a type PatientCondition	therapeutically_stable__van-diepen-2017-contemporary-management-of-cardiogenic-shock_n0004/e_0053 type ConditionOrFindingEntity => therapeutically_stable__van-diepen-2017-contemporary-management-of-cardiogenic-shock_n0004/e_0053 type PatientCondition
Rule_742	?a type ConditionOrFindingEntity => ?a type PatientCondition	su_verified_6ed52cdf724db04223b4d1c2e62f3c35f6b42bc19bc5e3198277d681d47e1eb9_table_6/e_0006 type ConditionOrFindingEntity => su_verified_6ed52cdf724db04223b4d1c2e62f3c35f6b42bc19bc5e3198277d681d47e1eb9_table_6/e_0006 type PatientCondition
Rule_742	?a type ConditionOrFindingEntity => ?a type PatientCondition	not_from_ischemic_cardiomyopathy__execut-1_n0036/e_0003 type ConditionOrFindingEntity => not_from_ischemic_cardiomyopathy__execut-1_n0036/e_0003 type PatientCondition
Rule_742	?a type ConditionOrFindingEntity => ?a type PatientCondition	LBBB__heidenreich-2022-aha-acc-hfsa-guidelines_n0063/e_0048 type ConditionOrFindingEntity => LBBB__heidenreich-2022-aha-acc-hfsa-guidelines_n0063/e_0048 type PatientCondition
Rule_742	?a type ConditionOrFindingEntity => ?a type PatientCondition	LV_dysfunction_is_a_reason_for_recommending_electrophysiologic_intervention__sectio-1_n0022/e_0010 type ConditionOrFindingEntity => LV_dysfunction_is_a_reason_for_recommending_electrophysiologic_intervention__sectio-1_n0022/e_0010 type PatientCondition
Rule_742	?a type ConditionOrFindingEntity => ?a type PatientCondition	symptomatic_HF_(NYHA_class_II%E2%80%93III)__mcdonagh-2023-esc-guidelines_n0045/e_0023 type ConditionOrFindingEntity => symptomatic_HF_(NYHA_class_II%E2%80%93III)__mcdonagh-2023-esc-guidelines_n0045/e_0023 type PatientCondition
Rule_742	?a type ConditionOrFindingEntity => ?a type PatientCondition	STEMI__zeppenfeld-2022-esc-guidelines-va-and-scd_n0052/e_0005 type ConditionOrFindingEntity => STEMI__zeppenfeld-2022-esc-guidelines-va-and-scd_n0052/e_0005 type PatientCondition
Rule_742	?a type ConditionOrFindingEntity => ?a type PatientCondition	HCM__zeppenfeld-2022-esc-guidelines-va-and-scd_n0019/e_0007 type ConditionOrFindingEntity => HCM__zeppenfeld-2022-esc-guidelines-va-and-scd_n0019/e_0007 type PatientCondition
Rule_742	?a type ConditionOrFindingEntity => ?a type PatientCondition	Volume_depletion__maddox-2021-2021-update-to-the-2017-acc-expert-consensus-decision-pathwa_n0006/e_0025 type ConditionOrFindingEntity => Volume_depletion__maddox-2021-2021-update-to-the-2017-acc-expert-consensus-decision-pathwa_n0006/e_0025 type PatientCondition
Rule_742	?a type ConditionOrFindingEntity => ?a type PatientCondition	arrhythmias__glikson-2021-2021-esc-guidelines-on-cardiac-pacing-and-cardiac-resynchro_n0080/e_0022 type ConditionOrFindingEntity => arrhythmias__glikson-2021-2021-esc-guidelines-on-cardiac-pacing-and-cardiac-resynchro_n0080/e_0022 type PatientCondition
Rule_742	?a type ConditionOrFindingEntity => ?a type PatientCondition	See_beta-blocker__zeppenfeld-2022-esc-guidelines-va-and-scd_n0038/e_0100 type ConditionOrFindingEntity => See_beta-blocker__zeppenfeld-2022-esc-guidelines-va-and-scd_n0038/e_0100 type PatientCondition
Rule_742	?a type ConditionOrFindingEntity => ?a type PatientCondition	VF__zeppenfeld-2022-esc-guidelines-va-and-scd_n0052/e_0014 type ConditionOrFindingEntity => VF__zeppenfeld-2022-esc-guidelines-va-and-scd_n0052/e_0014 type PatientCondition
Rule_742	?a type ConditionOrFindingEntity => ?a type PatientCondition	VT,_VF,_PVC__al-khatib-2017-aha-acc-hrs-guideline-va-and-scd_n0026/e_0336 type ConditionOrFindingEntity => VT,_VF,_PVC__al-khatib-2017-aha-acc-hrs-guideline-va-and-scd_n0026/e_0336 type PatientCondition
Rule_742	?a type ConditionOrFindingEntity => ?a type PatientCondition	overestimate_their_survival__heidenreich-2022-aha-acc-hfsa-guidelines_n0114/e_0006 type ConditionOrFindingEntity => overestimate_their_survival__heidenreich-2022-aha-acc-hfsa-guidelines_n0114/e_0006 type PatientCondition
Rule_742	?a type ConditionOrFindingEntity => ?a type PatientCondition	HF__morris-2021-guidance-for-timely-and-appropriate-referral-of-patients-wit_n0002/e_0013 type ConditionOrFindingEntity => HF__morris-2021-guidance-for-timely-and-appropriate-referral-of-patients-wit_n0002/e_0013 type PatientCondition
Rule_742	?a type ConditionOrFindingEntity => ?a type PatientCondition	inability_to_restore_volume_balance__mcdonagh-2023-esc-guidelines_n0059/e_0015 type ConditionOrFindingEntity => inability_to_restore_volume_balance__mcdonagh-2023-esc-guidelines_n0059/e_0015 type PatientCondition
Rule_742	?a type ConditionOrFindingEntity => ?a type PatientCondition	syncope__pelliccia-2020-2020-esc-guidelines-on-sports-cardiology-and-exercise-in_n0057/e_0018 type ConditionOrFindingEntity => syncope__pelliccia-2020-2020-esc-guidelines-on-sports-cardiology-and-exercise-in_n0057/e_0018 type PatientCondition
Rule_742	?a type ConditionOrFindingEntity => ?a type PatientCondition	severe_AV_conduction_disturbances__zeppenfeld-2022-esc-guidelines-va-and-scd_n0038/e_0124 type ConditionOrFindingEntity => severe_AV_conduction_disturbances__zeppenfeld-2022-esc-guidelines-va-and-scd_n0038/e_0124 type PatientCondition
Rule_742	?a type ConditionOrFindingEntity => ?a type PatientCondition	diabetic__seb24c-1_n0001/e_0018 type ConditionOrFindingEntity => diabetic__seb24c-1_n0001/e_0018 type PatientCondition
Rule_742	?a type ConditionOrFindingEntity => ?a type PatientCondition	%5C'do_not_resuscitate%5C'_orders__lenarczyk-2024-management-of-patients-with-an-electrical-storm-or-cluste_n0017/e_0029 type ConditionOrFindingEntity => %5C'do_not_resuscitate%5C'_orders__lenarczyk-2024-management-of-patients-with-an-electrical-storm-or-cluste_n0017/e_0029 type PatientCondition
Rule_742	?a type ConditionOrFindingEntity => ?a type PatientCondition	VF__zeppenfeld-2022-esc-guidelines-va-and-scd_n0067/e_0015 type ConditionOrFindingEntity => VF__zeppenfeld-2022-esc-guidelines-va-and-scd_n0067/e_0015 type PatientCondition
Rule_742	?a type ConditionOrFindingEntity => ?a type PatientCondition	Hypertension__mebaza-2015-recommendations-on-pre-hospital-early-hospital-management-of_n0004/e_0232 type ConditionOrFindingEntity => Hypertension__mebaza-2015-recommendations-on-pre-hospital-early-hospital-management-of_n0004/e_0232 type PatientCondition
Rule_742	?a type ConditionOrFindingEntity => ?a type PatientCondition	SMVT__zeppenfeld-2022-esc-guidelines-va-and-scd_n0091/e_0065 type ConditionOrFindingEntity => SMVT__zeppenfeld-2022-esc-guidelines-va-and-scd_n0091/e_0065 type PatientCondition
Rule_742	?a type ConditionOrFindingEntity => ?a type PatientCondition	significant_sleep_problems__visseren-2021-esc-guidelines-cardiovascular-disease-prevention_n0033/e_0014 type ConditionOrFindingEntity => significant_sleep_problems__visseren-2021-esc-guidelines-cardiovascular-disease-prevention_n0033/e_0014 type PatientCondition
Rule_742	?a type ConditionOrFindingEntity => ?a type PatientCondition	HF__mcdonagh-2023-esc-guidelines_n0096/e_0010 type ConditionOrFindingEntity => HF__mcdonagh-2023-esc-guidelines_n0096/e_0010 type PatientCondition
Rule_742	?a type ConditionOrFindingEntity => ?a type PatientCondition	Diabetes__sedf99-1_n0001/e_0046 type ConditionOrFindingEntity => Diabetes__sedf99-1_n0001/e_0046 type PatientCondition
Rule_742	?a type ConditionOrFindingEntity => ?a type PatientCondition	SMVT__zeppenfeld-2022-esc-guidelines-va-and-scd_n0071/e_0005 type ConditionOrFindingEntity => SMVT__zeppenfeld-2022-esc-guidelines-va-and-scd_n0071/e_0005 type PatientCondition
Rule_742	?a type ConditionOrFindingEntity => ?a type PatientCondition	VT__zeppenfeld-2022-esc-guidelines-va-and-scd_n0067/e_0014 type ConditionOrFindingEntity => VT__zeppenfeld-2022-esc-guidelines-va-and-scd_n0067/e_0014 type PatientCondition
Rule_742	?a type ConditionOrFindingEntity => ?a type PatientCondition	SMVT__zeppenfeld-2022-esc-guidelines-va-and-scd_n0020/e_0071 type ConditionOrFindingEntity => SMVT__zeppenfeld-2022-esc-guidelines-va-and-scd_n0020/e_0071 type PatientCondition
Rule_742	?a type ConditionOrFindingEntity => ?a type PatientCondition	su_verified_e5f20076152902f9b102f37b1a83cdc79baea0d42000f6c76a83acfae0e39670_table_2/e_0015 type ConditionOrFindingEntity => su_verified_e5f20076152902f9b102f37b1a83cdc79baea0d42000f6c76a83acfae0e39670_table_2/e_0015 type PatientCondition
Rule_742	?a type ConditionOrFindingEntity => ?a type PatientCondition	su_verified_6ed52cdf724db04223b4d1c2e62f3c35f6b42bc19bc5e3198277d681d47e1eb9_table_7/e_0141 type ConditionOrFindingEntity => su_verified_6ed52cdf724db04223b4d1c2e62f3c35f6b42bc19bc5e3198277d681d47e1eb9_table_7/e_0141 type PatientCondition
Rule_742	?a type ConditionOrFindingEntity => ?a type PatientCondition	family_history_of_DCM/HNDCM_or_SCD_in_a_first-degree_relative_(at_age_%3C50_years)__zeppenfeld-2022-esc-guidelines-va-and-scd_n0060/e_0004 type ConditionOrFindingEntity => family_history_of_DCM/HNDCM_or_SCD_in_a_first-degree_relative_(at_age_%3C50_years)__zeppenfeld-2022-esc-guidelines-va-and-scd_n0060/e_0004 type PatientCondition
Rule_742	?a type ConditionOrFindingEntity => ?a type PatientCondition	bladder_outlet_obstruction__execut-1_n0043/e_0026 type ConditionOrFindingEntity => bladder_outlet_obstruction__execut-1_n0043/e_0026 type PatientCondition
Rule_742	?a type ConditionOrFindingEntity => ?a type PatientCondition	stage_of_illness__sectio-1_n0020/e_0023 type ConditionOrFindingEntity => stage_of_illness__sectio-1_n0020/e_0023 type PatientCondition
Rule_742	?a type ConditionOrFindingEntity => ?a type PatientCondition	cardiac_origin__mcdonagh-2023-esc-guidelines_n0058/e_0029 type ConditionOrFindingEntity => cardiac_origin__mcdonagh-2023-esc-guidelines_n0058/e_0029 type PatientCondition
Rule_742	?a type ConditionOrFindingEntity => ?a type PatientCondition	congestion__execut-1_n0043/e_0069 type ConditionOrFindingEntity => congestion__execut-1_n0043/e_0069 type PatientCondition
Rule_742	?a type ConditionOrFindingEntity => ?a type PatientCondition	VA__zeppenfeld-2022-esc-guidelines-va-and-scd_n0094/e_0089 type ConditionOrFindingEntity => VA__zeppenfeld-2022-esc-guidelines-va-and-scd_n0094/e_0089 type PatientCondition
Rule_742	?a type ConditionOrFindingEntity => ?a type PatientCondition	HF__heidenreich-2022-aha-acc-hfsa-guidelines_n0033/e_0007 type ConditionOrFindingEntity => HF__heidenreich-2022-aha-acc-hfsa-guidelines_n0033/e_0007 type PatientCondition
Rule_742	?a type ConditionOrFindingEntity => ?a type PatientCondition	their_individual_preferences__execut-1_n0038/e_0028 type ConditionOrFindingEntity => their_individual_preferences__execut-1_n0038/e_0028 type PatientCondition
Rule_742	?a type ConditionOrFindingEntity => ?a type PatientCondition	significant_proportion_of_RV_pacing__glikson-2021-2021-esc-guidelines-on-cardiac-pacing-and-cardiac-resynchro_n0022/e_0002 type ConditionOrFindingEntity => significant_proportion_of_RV_pacing__glikson-2021-2021-esc-guidelines-on-cardiac-pacing-and-cardiac-resynchro_n0022/e_0002 type PatientCondition
Rule_742	?a type ConditionOrFindingEntity => ?a type PatientCondition	cognitive_impairment__sectio-1_n0020/e_0016 type ConditionOrFindingEntity => cognitive_impairment__sectio-1_n0020/e_0016 type PatientCondition
Rule_742	?a type ConditionOrFindingEntity => ?a type PatientCondition	SMVT__zeppenfeld-2022-esc-guidelines-va-and-scd_n0036/e_0016 type ConditionOrFindingEntity => SMVT__zeppenfeld-2022-esc-guidelines-va-and-scd_n0036/e_0016 type PatientCondition
Rule_742	?a type ConditionOrFindingEntity => ?a type PatientCondition	arrhythmia_symptoms__zeppenfeld-2022-esc-guidelines-va-and-scd_n0072/e_0016 type ConditionOrFindingEntity => arrhythmia_symptoms__zeppenfeld-2022-esc-guidelines-va-and-scd_n0072/e_0016 type PatientCondition
Rule_742	?a type ConditionOrFindingEntity => ?a type PatientCondition	BrS__zeppenfeld-2022-esc-guidelines-va-and-scd_n0019/e_0176 type ConditionOrFindingEntity => BrS__zeppenfeld-2022-esc-guidelines-va-and-scd_n0019/e_0176 type PatientCondition
Rule_742	?a type ConditionOrFindingEntity => ?a type PatientCondition	DCM/HNDCM__zeppenfeld-2022-esc-guidelines-va-and-scd_n0018/e_0105 type ConditionOrFindingEntity => DCM/HNDCM__zeppenfeld-2022-esc-guidelines-va-and-scd_n0018/e_0105 type PatientCondition
Rule_742	?a type ConditionOrFindingEntity => ?a type PatientCondition	Inability_to_perform_CPET__supp-material-esc-guidelines_n0018/e_0006 type ConditionOrFindingEntity => Inability_to_perform_CPET__supp-material-esc-guidelines_n0018/e_0006 type PatientCondition
Rule_742	?a type ConditionOrFindingEntity => ?a type PatientCondition	VA__zeppenfeld-2022-esc-guidelines-va-and-scd_n0019/e_0064 type ConditionOrFindingEntity => VA__zeppenfeld-2022-esc-guidelines-va-and-scd_n0019/e_0064 type PatientCondition
Rule_742	?a type ConditionOrFindingEntity => ?a type PatientCondition	Hypertension__mebaza-2015-recommendations-on-pre-hospital-early-hospital-management-of_n0004/e_0143 type ConditionOrFindingEntity => Hypertension__mebaza-2015-recommendations-on-pre-hospital-early-hospital-management-of_n0004/e_0143 type PatientCondition
Rule_742	?a type ConditionOrFindingEntity => ?a type PatientCondition	short-term_(%3C1%E2%80%932_weeks)_expected_response_to_usual_medical_treatment__mcdonagh-2023-esc-guidelines_n0089/e_0004 type ConditionOrFindingEntity => short-term_(%3C1%E2%80%932_weeks)_expected_response_to_usual_medical_treatment__mcdonagh-2023-esc-guidelines_n0089/e_0004 type PatientCondition
Rule_742	?a type ConditionOrFindingEntity => ?a type PatientCondition	Moderate_aortic_dilatation__pelliccia-2020-2020-esc-guidelines-on-sports-cardiology-and-exercise-in_n0053/e_0017 type ConditionOrFindingEntity => Moderate_aortic_dilatation__pelliccia-2020-2020-esc-guidelines-on-sports-cardiology-and-exercise-in_n0053/e_0017 type PatientCondition
Rule_742	?a type ConditionOrFindingEntity => ?a type PatientCondition	Emery-Dreifuss_and_limb-girdle_type_IB_muscular_dystrophies__al-khatib-2017-aha-acc-hrs-guideline-va-and-scd_n0051/e_0007 type ConditionOrFindingEntity => Emery-Dreifuss_and_limb-girdle_type_IB_muscular_dystrophies__al-khatib-2017-aha-acc-hrs-guideline-va-and-scd_n0051/e_0007 type PatientCondition
Rule_742	?a type ConditionOrFindingEntity => ?a type PatientCondition	HF__heidenreich-2022-aha-acc-hfsa-guidelines_n0068/e_0002 type ConditionOrFindingEntity => HF__heidenreich-2022-aha-acc-hfsa-guidelines_n0068/e_0002 type PatientCondition
Rule_742	?a type ConditionOrFindingEntity => ?a type PatientCondition	outer_insulation_failure__braunschweig-2010-management-of-patients-receiving-implantable-cardiac-d_n0007/e_0039 type ConditionOrFindingEntity => outer_insulation_failure__braunschweig-2010-management-of-patients-receiving-implantable-cardiac-d_n0007/e_0039 type PatientCondition
Rule_742	?a type ConditionOrFindingEntity => ?a type PatientCondition	ZSA__fox-2021-positionspaper-schlafmedizin-in-der-kardiologie_n0015/e_0007 type ConditionOrFindingEntity => ZSA__fox-2021-positionspaper-schlafmedizin-in-der-kardiologie_n0015/e_0007 type PatientCondition
Rule_742	?a type ConditionOrFindingEntity => ?a type PatientCondition	Metabolism__lenarczyk-2024-management-of-patients-with-an-electrical-storm-or-cluste_n0013/e_0009 type ConditionOrFindingEntity => Metabolism__lenarczyk-2024-management-of-patients-with-an-electrical-storm-or-cluste_n0013/e_0009 type PatientCondition
Rule_742	?a type ConditionOrFindingEntity => ?a type PatientCondition	recurrent_ventricular_tachyarrhythmias__mcdonagh-2023-esc-guidelines_n0059/e_0072 type ConditionOrFindingEntity => recurrent_ventricular_tachyarrhythmias__mcdonagh-2023-esc-guidelines_n0059/e_0072 type PatientCondition
Rule_742	?a type ConditionOrFindingEntity => ?a type PatientCondition	severe_AV_conduction_disturbances__zeppenfeld-2022-esc-guidelines-va-and-scd_n0038/e_0026 type ConditionOrFindingEntity => severe_AV_conduction_disturbances__zeppenfeld-2022-esc-guidelines-va-and-scd_n0038/e_0026 type PatientCondition
Rule_742	?a type ConditionOrFindingEntity => ?a type PatientCondition	stage_of_the_illness__execut-1_n0038/e_0031 type ConditionOrFindingEntity => stage_of_the_illness__execut-1_n0038/e_0031 type PatientCondition
Rule_742	?a type ConditionOrFindingEntity => ?a type PatientCondition	HF__vest-2019-nutrition-obesity-and-cachexia-in-patients-with-heart-failure_n0005/e_9012 type ConditionOrFindingEntity => HF__vest-2019-nutrition-obesity-and-cachexia-in-patients-with-heart-failure_n0005/e_9012 type PatientCondition
Rule_742	?a type ConditionOrFindingEntity => ?a type PatientCondition	Severe_and_persistent_symptoms_of_HF__heidenreich-2022-aha-acc-hfsa-guidelines_n0075/e_0002 type ConditionOrFindingEntity => Severe_and_persistent_symptoms_of_HF__heidenreich-2022-aha-acc-hfsa-guidelines_n0075/e_0002 type PatientCondition
Rule_742	?a type ConditionOrFindingEntity => ?a type PatientCondition	myocarditis__zeppenfeld-2022-esc-guidelines-va-and-scd_n0067/e_0001 type ConditionOrFindingEntity => myocarditis__zeppenfeld-2022-esc-guidelines-va-and-scd_n0067/e_0001 type PatientCondition
Rule_742	?a type ConditionOrFindingEntity => ?a type PatientCondition	Myopotentials__braunschweig-2010-management-of-patients-receiving-implantable-cardiac-d_n0007/e_0056 type ConditionOrFindingEntity => Myopotentials__braunschweig-2010-management-of-patients-receiving-implantable-cardiac-d_n0007/e_0056 type PatientCondition
Rule_742	?a type ConditionOrFindingEntity => ?a type PatientCondition	complex_or_sustained_VA__al-khatib-2017-aha-acc-hrs-guideline-va-and-scd_n0073/e_0008 type ConditionOrFindingEntity => complex_or_sustained_VA__al-khatib-2017-aha-acc-hrs-guideline-va-and-scd_n0073/e_0008 type PatientCondition
Rule_742	?a type ConditionOrFindingEntity => ?a type PatientCondition	AHF__mcdonagh-2023-esc-guidelines_n0070/e_0029 type ConditionOrFindingEntity => AHF__mcdonagh-2023-esc-guidelines_n0070/e_0029 type PatientCondition
Rule_742	?a type ConditionOrFindingEntity => ?a type PatientCondition	HF__heidenreich-2022-aha-acc-hfsa-guidelines_n0030/e_0018 type ConditionOrFindingEntity => HF__heidenreich-2022-aha-acc-hfsa-guidelines_n0030/e_0018 type PatientCondition
Rule_742	?a type ConditionOrFindingEntity => ?a type PatientCondition	situations_that_threaten_the_mother%5C's_life_or_that_are_not_amenable_to_percutaneous_treatment__regitz-zagrosek-2018-2018-esc-guideline-for-the-management-of-cardiovasc_n0016/e_0060 type ConditionOrFindingEntity => situations_that_threaten_the_mother%5C's_life_or_that_are_not_amenable_to_percutaneous_treatment__regitz-zagrosek-2018-2018-esc-guideline-for-the-management-of-cardiovasc_n0016/e_0060 type PatientCondition
Rule_742	?a type ConditionOrFindingEntity => ?a type PatientCondition	blood_clots__aha-patient-discharge-packet_n0004/e_0048 type ConditionOrFindingEntity => blood_clots__aha-patient-discharge-packet_n0004/e_0048 type PatientCondition
Rule_742	?a type ConditionOrFindingEntity => ?a type PatientCondition	decreased_systolic_function__execut-1_n0048/e_0063 type ConditionOrFindingEntity => decreased_systolic_function__execut-1_n0048/e_0063 type PatientCondition
Rule_742	?a type ConditionOrFindingEntity => ?a type PatientCondition	cardiogenic_shock__lenarczyk-2024-management-of-patients-with-an-electrical-storm-or-cluste_n0020/e_0217 type ConditionOrFindingEntity => cardiogenic_shock__lenarczyk-2024-management-of-patients-with-an-electrical-storm-or-cluste_n0020/e_0217 type PatientCondition
Rule_742	?a type ConditionOrFindingEntity => ?a type PatientCondition	sinus_arrest__glikson-2021-2021-esc-guidelines-on-cardiac-pacing-and-cardiac-resynchro_n0049/e_0010 type ConditionOrFindingEntity => sinus_arrest__glikson-2021-2021-esc-guidelines-on-cardiac-pacing-and-cardiac-resynchro_n0049/e_0010 type PatientCondition
Rule_742	?a type ConditionOrFindingEntity => ?a type PatientCondition	HCM__mcdonagh-2023-esc-guidelines_n0085/e_0007 type ConditionOrFindingEntity => HCM__mcdonagh-2023-esc-guidelines_n0085/e_0007 type PatientCondition
Rule_742	?a type ConditionOrFindingEntity => ?a type PatientCondition	HF_class_II_to_IV_symptoms__heidenreich-2022-aha-acc-hfsa-guidelines_n0051/e_0002 type ConditionOrFindingEntity => HF_class_II_to_IV_symptoms__heidenreich-2022-aha-acc-hfsa-guidelines_n0051/e_0002 type PatientCondition
Rule_742	?a type ConditionOrFindingEntity => ?a type PatientCondition	potential_cardiac_channelopathy__al-khatib-2017-aha-acc-hrs-guideline-va-and-scd_n0079/e_0015 type ConditionOrFindingEntity => potential_cardiac_channelopathy__al-khatib-2017-aha-acc-hrs-guideline-va-and-scd_n0079/e_0015 type PatientCondition
Rule_742	?a type ConditionOrFindingEntity => ?a type PatientCondition	Valvular_heart_disease__maddox-2021-2021-update-to-the-2017-acc-expert-consensus-decision-pathwa_n0010/e_0035 type ConditionOrFindingEntity => Valvular_heart_disease__maddox-2021-2021-update-to-the-2017-acc-expert-consensus-decision-pathwa_n0010/e_0035 type PatientCondition
Rule_742	?a type ConditionOrFindingEntity => ?a type PatientCondition	not_well_tolerated__heidenreich-2022-aha-acc-hfsa-guidelines_n0055/e_0008 type ConditionOrFindingEntity => not_well_tolerated__heidenreich-2022-aha-acc-hfsa-guidelines_n0055/e_0008 type PatientCondition
Rule_742	?a type ConditionOrFindingEntity => ?a type PatientCondition	HF__mcdonagh-2023-esc-guidelines_n0095/e_0084 type ConditionOrFindingEntity => HF__mcdonagh-2023-esc-guidelines_n0095/e_0084 type PatientCondition
Rule_742	?a type ConditionOrFindingEntity => ?a type PatientCondition	disease_progression__lenarczyk-2024-management-of-patients-with-an-electrical-storm-or-cluste_n0010/e_0029 type ConditionOrFindingEntity => disease_progression__lenarczyk-2024-management-of-patients-with-an-electrical-storm-or-cluste_n0010/e_0029 type PatientCondition
Rule_742	?a type ConditionOrFindingEntity => ?a type PatientCondition	su_verified_6ed52cdf724db04223b4d1c2e62f3c35f6b42bc19bc5e3198277d681d47e1eb9_table_5/e_0022 type ConditionOrFindingEntity => su_verified_6ed52cdf724db04223b4d1c2e62f3c35f6b42bc19bc5e3198277d681d47e1eb9_table_5/e_0022 type PatientCondition
Rule_742	?a type ConditionOrFindingEntity => ?a type PatientCondition	VF__zeppenfeld-2022-esc-guidelines-va-and-scd_n0019/e_0097 type ConditionOrFindingEntity => VF__zeppenfeld-2022-esc-guidelines-va-and-scd_n0019/e_0097 type PatientCondition
Rule_742	?a type ConditionOrFindingEntity => ?a type PatientCondition	cardiac_arrest__al-khatib-2017-aha-acc-hrs-guideline-va-and-scd_n0059/e_0007 type ConditionOrFindingEntity => cardiac_arrest__al-khatib-2017-aha-acc-hrs-guideline-va-and-scd_n0059/e_0007 type PatientCondition
Rule_742	?a type ConditionOrFindingEntity => ?a type PatientCondition	meaningful_survival_of_greater_than_1_year__al-khatib-2017-aha-acc-hrs-guideline-va-and-scd_n0033/e_0025 type ConditionOrFindingEntity => meaningful_survival_of_greater_than_1_year__al-khatib-2017-aha-acc-hrs-guideline-va-and-scd_n0033/e_0025 type PatientCondition
Rule_742	?a type ConditionOrFindingEntity => ?a type PatientCondition	LQTS__zeppenfeld-2022-esc-guidelines-va-and-scd_n0078/e_0021 type ConditionOrFindingEntity => LQTS__zeppenfeld-2022-esc-guidelines-va-and-scd_n0078/e_0021 type PatientCondition
Rule_742	?a type ConditionOrFindingEntity => ?a type PatientCondition	PVT__zeppenfeld-2022-esc-guidelines-va-and-scd_n0082/e_0007 type ConditionOrFindingEntity => PVT__zeppenfeld-2022-esc-guidelines-va-and-scd_n0082/e_0007 type PatientCondition
Rule_742	?a type ConditionOrFindingEntity => ?a type PatientCondition	cardiovascular_disease_(e.g._CAD,_HF,_atrial_fibrillation,_PAD,_stroke,_renal_failure)_and_risk_factors__ambrosetti-2020-secondary-prevention-comprehensive-cardiovascular-rehabi_n0011/e_0002 type ConditionOrFindingEntity => cardiovascular_disease_(e.g._CAD,_HF,_atrial_fibrillation,_PAD,_stroke,_renal_failure)_and_risk_factors__ambrosetti-2020-secondary-prevention-comprehensive-cardiovascular-rehabi_n0011/e_0002 type PatientCondition
Rule_742	?a type ConditionOrFindingEntity => ?a type PatientCondition	potentially_heritable_cardiac_conditions__heidenreich-2022-aha-acc-hfsa-guidelines_n0108/e_0003 type ConditionOrFindingEntity => potentially_heritable_cardiac_conditions__heidenreich-2022-aha-acc-hfsa-guidelines_n0108/e_0003 type PatientCondition
Rule_742	?a type ConditionOrFindingEntity => ?a type PatientCondition	excess_water__medis-websiten-zusammengefugt_n0005/e_0003 type ConditionOrFindingEntity => excess_water__medis-websiten-zusammengefugt_n0005/e_0003 type PatientCondition
Rule_742	?a type ConditionOrFindingEntity => ?a type PatientCondition	ADHF__execut-1_n0044/e_0026 type ConditionOrFindingEntity => ADHF__execut-1_n0044/e_0026 type PatientCondition
Rule_742	?a type ConditionOrFindingEntity => ?a type PatientCondition	Peripheral_vascular_disease__maddox-2021-2021-update-to-the-2017-acc-expert-consensus-decision-pathwa_n0017/e_0016 type ConditionOrFindingEntity => Peripheral_vascular_disease__maddox-2021-2021-update-to-the-2017-acc-expert-consensus-decision-pathwa_n0017/e_0016 type PatientCondition
Rule_742	?a type ConditionOrFindingEntity => ?a type PatientCondition	SMVT__zeppenfeld-2022-esc-guidelines-va-and-scd_n0086/e_0006 type ConditionOrFindingEntity => SMVT__zeppenfeld-2022-esc-guidelines-va-and-scd_n0086/e_0006 type PatientCondition
Rule_742	?a type ConditionOrFindingEntity => ?a type PatientCondition	CPVT__zeppenfeld-2022-esc-guidelines-va-and-scd_n0084/e_0012 type ConditionOrFindingEntity => CPVT__zeppenfeld-2022-esc-guidelines-va-and-scd_n0084/e_0012 type PatientCondition
Rule_742	?a type ConditionOrFindingEntity => ?a type PatientCondition	absence_of_systemic_hypotension__heidenreich-2022-aha-acc-hfsa-guidelines_n0089/e_0002 type ConditionOrFindingEntity => absence_of_systemic_hypotension__heidenreich-2022-aha-acc-hfsa-guidelines_n0089/e_0002 type PatientCondition
Rule_742	?a type ConditionOrFindingEntity => ?a type PatientCondition	See_beta-blocker._Bradycardia__zeppenfeld-2022-esc-guidelines-va-and-scd_n0038/e_0087 type ConditionOrFindingEntity => See_beta-blocker._Bradycardia__zeppenfeld-2022-esc-guidelines-va-and-scd_n0038/e_0087 type PatientCondition
Rule_742	?a type ConditionOrFindingEntity => ?a type PatientCondition	VT__zeppenfeld-2022-esc-guidelines-va-and-scd_n0057/e_0046 type ConditionOrFindingEntity => VT__zeppenfeld-2022-esc-guidelines-va-and-scd_n0057/e_0046 type PatientCondition
Rule_742	?a type ConditionOrFindingEntity => ?a type PatientCondition	the_diagnosis_of_HF__sectio-1_n0006/e_0038 type ConditionOrFindingEntity => the_diagnosis_of_HF__sectio-1_n0006/e_0038 type PatientCondition
Rule_742	?a type ConditionOrFindingEntity => ?a type PatientCondition	conduction_disease__zeppenfeld-2022-esc-guidelines-va-and-scd_n0025/e_0014 type ConditionOrFindingEntity => conduction_disease__zeppenfeld-2022-esc-guidelines-va-and-scd_n0025/e_0014 type PatientCondition
Rule_742	?a type ConditionOrFindingEntity => ?a type PatientCondition	ADHF__execut-1_n0044/e_0066 type ConditionOrFindingEntity => ADHF__execut-1_n0044/e_0066 type PatientCondition
Rule_742	?a type ConditionOrFindingEntity => ?a type PatientCondition	IGT__ambrosetti-2020-secondary-prevention-comprehensive-cardiovascular-rehabi_n0013/e_9001 type ConditionOrFindingEntity => IGT__ambrosetti-2020-secondary-prevention-comprehensive-cardiovascular-rehabi_n0013/e_9001 type PatientCondition
Rule_742	?a type ConditionOrFindingEntity => ?a type PatientCondition	Current_alcohol_or_drug_abuse__mcdonagh-2023-esc-guidelines_n0062/e_0022 type ConditionOrFindingEntity => Current_alcohol_or_drug_abuse__mcdonagh-2023-esc-guidelines_n0062/e_0022 type PatientCondition
Rule_742	?a type ConditionOrFindingEntity => ?a type PatientCondition	absence_of_syncope__pelliccia-2020-2020-esc-guidelines-on-sports-cardiology-and-exercise-in_n0057/e_0026 type ConditionOrFindingEntity => absence_of_syncope__pelliccia-2020-2020-esc-guidelines-on-sports-cardiology-and-exercise-in_n0057/e_0026 type PatientCondition
Rule_742	?a type ConditionOrFindingEntity => ?a type PatientCondition	prior_drug_failure__lenarczyk-2024-management-of-patients-with-an-electrical-storm-or-cluste_n0010/e_0016 type ConditionOrFindingEntity => prior_drug_failure__lenarczyk-2024-management-of-patients-with-an-electrical-storm-or-cluste_n0010/e_0016 type PatientCondition
Rule_742	?a type ConditionOrFindingEntity => ?a type PatientCondition	SCD__al-khatib-2017-aha-acc-hrs-guideline-va-and-scd_n0079/e_0018 type ConditionOrFindingEntity => SCD__al-khatib-2017-aha-acc-hrs-guideline-va-and-scd_n0079/e_0018 type PatientCondition
Rule_742	?a type ConditionOrFindingEntity => ?a type PatientCondition	inability_to_exercise__mcdonagh-2023-esc-guidelines_n0058/e_0025 type ConditionOrFindingEntity => inability_to_exercise__mcdonagh-2023-esc-guidelines_n0058/e_0025 type PatientCondition
Rule_742	?a type ConditionOrFindingEntity => ?a type PatientCondition	unexpected_decline_in_body_weight__riegel-2009-promoting-self-care-in-persons-with-heart-failure_n0002/e_0006 type ConditionOrFindingEntity => unexpected_decline_in_body_weight__riegel-2009-promoting-self-care-in-persons-with-heart-failure_n0002/e_0006 type PatientCondition
Rule_742	?a type ConditionOrFindingEntity => ?a type PatientCondition	VA__zeppenfeld-2022-esc-guidelines-va-and-scd_n0019/e_0003 type ConditionOrFindingEntity => VA__zeppenfeld-2022-esc-guidelines-va-and-scd_n0019/e_0003 type PatientCondition
Rule_742	?a type ConditionOrFindingEntity => ?a type PatientCondition	Visual_and_hearing_impairments,_comorbidities,_physical_limitations_and_cognitive_status__ambrosetti-2020-secondary-prevention-comprehensive-cardiovascular-rehabi_n0012/e_0013 type ConditionOrFindingEntity => Visual_and_hearing_impairments,_comorbidities,_physical_limitations_and_cognitive_status__ambrosetti-2020-secondary-prevention-comprehensive-cardiovascular-rehabi_n0012/e_0013 type PatientCondition
Rule_742	?a type ConditionOrFindingEntity => ?a type PatientCondition	fall_in_blood_pressure_below_baseline__regitz-zagrosek-2018-2018-esc-guideline-for-the-management-of-cardiovasc_n0022/e_0039 type ConditionOrFindingEntity => fall_in_blood_pressure_below_baseline__regitz-zagrosek-2018-2018-esc-guideline-for-the-management-of-cardiovasc_n0022/e_0039 type PatientCondition
Rule_742	?a type ConditionOrFindingEntity => ?a type PatientCondition	heart_problem__cardiosmart-decision-aid-icd-for-hf_n0002/e_0051 type ConditionOrFindingEntity => heart_problem__cardiosmart-decision-aid-icd-for-hf_n0002/e_0051 type PatientCondition
Rule_742	?a type ConditionOrFindingEntity => ?a type PatientCondition	VT__zeppenfeld-2022-esc-guidelines-va-and-scd_n0054/e_0103 type ConditionOrFindingEntity => VT__zeppenfeld-2022-esc-guidelines-va-and-scd_n0054/e_0103 type PatientCondition
Rule_742	?a type ConditionOrFindingEntity => ?a type PatientCondition	alcohol-induced_CMP__mcdonagh-2023-esc-guidelines_n0055/e_0063 type ConditionOrFindingEntity => alcohol-induced_CMP__mcdonagh-2023-esc-guidelines_n0055/e_0063 type PatientCondition
Rule_742	?a type ConditionOrFindingEntity => ?a type PatientCondition	electrical_storm__zeppenfeld-2022-esc-guidelines-va-and-scd_n0036/e_0038 type ConditionOrFindingEntity => electrical_storm__zeppenfeld-2022-esc-guidelines-va-and-scd_n0036/e_0038 type PatientCondition
Rule_742	?a type ConditionOrFindingEntity => ?a type PatientCondition	electrical_storm__zeppenfeld-2022-esc-guidelines-va-and-scd_n0091/e_0090 type ConditionOrFindingEntity => electrical_storm__zeppenfeld-2022-esc-guidelines-va-and-scd_n0091/e_0090 type PatientCondition
Rule_742	?a type ConditionOrFindingEntity => ?a type PatientCondition	transthyretin_cardiac_amyloidosis__heidenreich-2022-aha-acc-hfsa-guidelines_n0072/e_0012 type ConditionOrFindingEntity => transthyretin_cardiac_amyloidosis__heidenreich-2022-aha-acc-hfsa-guidelines_n0072/e_0012 type PatientCondition
Rule_742	?a type ConditionOrFindingEntity => ?a type PatientCondition	ARVC__zeppenfeld-2022-esc-guidelines-va-and-scd_n0062/e_0061 type ConditionOrFindingEntity => ARVC__zeppenfeld-2022-esc-guidelines-va-and-scd_n0062/e_0061 type PatientCondition
Rule_742	?a type ConditionOrFindingEntity => ?a type PatientCondition	respiratory_failure__mcdonagh-2023-esc-guidelines_n0070/e_0009 type ConditionOrFindingEntity => respiratory_failure__mcdonagh-2023-esc-guidelines_n0070/e_0009 type PatientCondition
Rule_742	?a type ConditionOrFindingEntity => ?a type PatientCondition	symptomatic__zeppenfeld-2022-esc-guidelines-va-and-scd_n0095/e_0080 type ConditionOrFindingEntity => symptomatic__zeppenfeld-2022-esc-guidelines-va-and-scd_n0095/e_0080 type PatientCondition
Rule_742	?a type ConditionOrFindingEntity => ?a type PatientCondition	su_verified_6ed52cdf724db04223b4d1c2e62f3c35f6b42bc19bc5e3198277d681d47e1eb9_table_6/e_0020 type ConditionOrFindingEntity => su_verified_6ed52cdf724db04223b4d1c2e62f3c35f6b42bc19bc5e3198277d681d47e1eb9_table_6/e_0020 type PatientCondition
Rule_742	?a type ConditionOrFindingEntity => ?a type PatientCondition	type_of_mutation__pelliccia-2020-2020-esc-guidelines-on-sports-cardiology-and-exercise-in_n0066/e_0016 type ConditionOrFindingEntity => type_of_mutation__pelliccia-2020-2020-esc-guidelines-on-sports-cardiology-and-exercise-in_n0066/e_0016 type PatientCondition
Rule_742	?a type ConditionOrFindingEntity => ?a type PatientCondition	cardiogenic_shock__lenarczyk-2024-management-of-patients-with-an-electrical-storm-or-cluste_n0020/e_0123 type ConditionOrFindingEntity => cardiogenic_shock__lenarczyk-2024-management-of-patients-with-an-electrical-storm-or-cluste_n0020/e_0123 type PatientCondition
Rule_742	?a type ConditionOrFindingEntity => ?a type PatientCondition	su_verified_6ed52cdf724db04223b4d1c2e62f3c35f6b42bc19bc5e3198277d681d47e1eb9_table_7/e_0042 type ConditionOrFindingEntity => su_verified_6ed52cdf724db04223b4d1c2e62f3c35f6b42bc19bc5e3198277d681d47e1eb9_table_7/e_0042 type PatientCondition
Rule_742	?a type ConditionOrFindingEntity => ?a type PatientCondition	su_verified_6ed52cdf724db04223b4d1c2e62f3c35f6b42bc19bc5e3198277d681d47e1eb9_table_5/e_0014 type ConditionOrFindingEntity => su_verified_6ed52cdf724db04223b4d1c2e62f3c35f6b42bc19bc5e3198277d681d47e1eb9_table_5/e_0014 type PatientCondition
Rule_742	?a type ConditionOrFindingEntity => ?a type PatientCondition	Hb_%E2%89%A4120_g/L__supp-material-esc-guidelines_n0018/e_0015 type ConditionOrFindingEntity => Hb_%E2%89%A4120_g/L__supp-material-esc-guidelines_n0018/e_0015 type PatientCondition
Rule_742	?a type ConditionOrFindingEntity => ?a type PatientCondition	VT__zeppenfeld-2022-esc-guidelines-va-and-scd_n0062/e_0074 type ConditionOrFindingEntity => VT__zeppenfeld-2022-esc-guidelines-va-and-scd_n0062/e_0074 type PatientCondition
Rule_742	?a type ConditionOrFindingEntity => ?a type PatientCondition	ERS__zeppenfeld-2022-esc-guidelines-va-and-scd_n0082/e_0014 type ConditionOrFindingEntity => ERS__zeppenfeld-2022-esc-guidelines-va-and-scd_n0082/e_0014 type PatientCondition
Rule_742	?a type ConditionOrFindingEntity => ?a type PatientCondition	asymptomatic_BBB__glikson-2021-2021-esc-guidelines-on-cardiac-pacing-and-cardiac-resynchro_n0085/e_0040 type ConditionOrFindingEntity => asymptomatic_BBB__glikson-2021-2021-esc-guidelines-on-cardiac-pacing-and-cardiac-resynchro_n0085/e_0040 type PatientCondition
Rule_742	?a type ConditionOrFindingEntity => ?a type PatientCondition	ICD_shocks_for_SMVT__zeppenfeld-2022-esc-guidelines-va-and-scd_n0074/e_0003 type ConditionOrFindingEntity => ICD_shocks_for_SMVT__zeppenfeld-2022-esc-guidelines-va-and-scd_n0074/e_0003 type PatientCondition
Rule_742	?a type ConditionOrFindingEntity => ?a type PatientCondition	advanced_single_ventricle_or_systemic_RV_dysfunction__zeppenfeld-2022-esc-guidelines-va-and-scd_n0072/e_0012 type ConditionOrFindingEntity => advanced_single_ventricle_or_systemic_RV_dysfunction__zeppenfeld-2022-esc-guidelines-va-and-scd_n0072/e_0012 type PatientCondition
Rule_742	?a type ConditionOrFindingEntity => ?a type PatientCondition	HFpEF__glikson-2021-2021-esc-guidelines-on-cardiac-pacing-and-cardiac-resynchro_n0052/e_0028 type ConditionOrFindingEntity => HFpEF__glikson-2021-2021-esc-guidelines-on-cardiac-pacing-and-cardiac-resynchro_n0052/e_0028 type PatientCondition
Rule_742	?a type ConditionOrFindingEntity => ?a type PatientCondition	DCM/HNDCM__zeppenfeld-2022-esc-guidelines-va-and-scd_n0061/e_0025 type ConditionOrFindingEntity => DCM/HNDCM__zeppenfeld-2022-esc-guidelines-va-and-scd_n0061/e_0025 type PatientCondition
Rule_742	?a type ConditionOrFindingEntity => ?a type PatientCondition	significant_diastolic_dysfunction__heidenreich-2022-aha-acc-hfsa-guidelines_n0075/e_0014 type ConditionOrFindingEntity => significant_diastolic_dysfunction__heidenreich-2022-aha-acc-hfsa-guidelines_n0075/e_0014 type PatientCondition
Rule_742	?a type ConditionOrFindingEntity => ?a type PatientCondition	bradyarrhythmias_related_to_SND__glikson-2021-2021-esc-guidelines-on-cardiac-pacing-and-cardiac-resynchro_n0046/e_0044 type ConditionOrFindingEntity => bradyarrhythmias_related_to_SND__glikson-2021-2021-esc-guidelines-on-cardiac-pacing-and-cardiac-resynchro_n0046/e_0044 type PatientCondition
Rule_742	?a type ConditionOrFindingEntity => ?a type PatientCondition	electrical_storm__zeppenfeld-2022-esc-guidelines-va-and-scd_n0092/e_0015 type ConditionOrFindingEntity => electrical_storm__zeppenfeld-2022-esc-guidelines-va-and-scd_n0092/e_0015 type PatientCondition
Rule_742	?a type ConditionOrFindingEntity => ?a type PatientCondition	hyperkalaemia__mcdonagh-2023-esc-guidelines_n0095/e_0071 type ConditionOrFindingEntity => hyperkalaemia__mcdonagh-2023-esc-guidelines_n0095/e_0071 type PatientCondition
Rule_742	?a type ConditionOrFindingEntity => ?a type PatientCondition	ERS__zeppenfeld-2022-esc-guidelines-va-and-scd_n0082/e_0012 type ConditionOrFindingEntity => ERS__zeppenfeld-2022-esc-guidelines-va-and-scd_n0082/e_0012 type PatientCondition
Rule_742	?a type ConditionOrFindingEntity => ?a type PatientCondition	su_verified_6ed52cdf724db04223b4d1c2e62f3c35f6b42bc19bc5e3198277d681d47e1eb9_table_25/e_0002 type ConditionOrFindingEntity => su_verified_6ed52cdf724db04223b4d1c2e62f3c35f6b42bc19bc5e3198277d681d47e1eb9_table_25/e_0002 type PatientCondition
Rule_742	?a type ConditionOrFindingEntity => ?a type PatientCondition	neurological_function__mcdonagh-2023-esc-guidelines_n0023/e_0101 type ConditionOrFindingEntity => neurological_function__mcdonagh-2023-esc-guidelines_n0023/e_0101 type PatientCondition
Rule_742	?a type ConditionOrFindingEntity => ?a type PatientCondition	ARVC__zeppenfeld-2022-esc-guidelines-va-and-scd_n0086/e_0024 type ConditionOrFindingEntity => ARVC__zeppenfeld-2022-esc-guidelines-va-and-scd_n0086/e_0024 type PatientCondition
Rule_742	?a type ConditionOrFindingEntity => ?a type PatientCondition	elderly,_previous_perforation,_low_body_mass_index,_women__glikson-2021-2021-esc-guidelines-on-cardiac-pacing-and-cardiac-resynchro_n0072/e_0027 type ConditionOrFindingEntity => elderly,_previous_perforation,_low_body_mass_index,_women__glikson-2021-2021-esc-guidelines-on-cardiac-pacing-and-cardiac-resynchro_n0072/e_0027 type PatientCondition
Rule_742	?a type ConditionOrFindingEntity => ?a type PatientCondition	idiopathic_VF__zeppenfeld-2022-esc-guidelines-va-and-scd_n0095/e_0044 type ConditionOrFindingEntity => idiopathic_VF__zeppenfeld-2022-esc-guidelines-va-and-scd_n0095/e_0044 type PatientCondition
Rule_742	?a type ConditionOrFindingEntity => ?a type PatientCondition	ECG_alterations__zeppenfeld-2022-esc-guidelines-va-and-scd_n0097/e_0028 type ConditionOrFindingEntity => ECG_alterations__zeppenfeld-2022-esc-guidelines-va-and-scd_n0097/e_0028 type PatientCondition
Rule_742	?a type ConditionOrFindingEntity => ?a type PatientCondition	aetiologies__mcdonagh-2023-esc-guidelines_n0050/e_0003 type ConditionOrFindingEntity => aetiologies__mcdonagh-2023-esc-guidelines_n0050/e_0003 type PatientCondition
Rule_742	?a type ConditionOrFindingEntity => ?a type PatientCondition	discontinuation_of_GDMT_is_necessary__heidenreich-2022-aha-acc-hfsa-guidelines_n0087/e_0015 type ConditionOrFindingEntity => discontinuation_of_GDMT_is_necessary__heidenreich-2022-aha-acc-hfsa-guidelines_n0087/e_0015 type PatientCondition
Rule_742	?a type ConditionOrFindingEntity => ?a type PatientCondition	wild-type_or_variant_transthyretin_cardiac_amyloidosis__heidenreich-2022-aha-acc-hfsa-guidelines_n0073/e_0002 type ConditionOrFindingEntity => wild-type_or_variant_transthyretin_cardiac_amyloidosis__heidenreich-2022-aha-acc-hfsa-guidelines_n0073/e_0002 type PatientCondition
Rule_742	?a type ConditionOrFindingEntity => ?a type PatientCondition	CAD__zeppenfeld-2022-esc-guidelines-va-and-scd_n0017/e_0058 type ConditionOrFindingEntity => CAD__zeppenfeld-2022-esc-guidelines-va-and-scd_n0017/e_0058 type PatientCondition
Rule_742	?a type ConditionOrFindingEntity => ?a type PatientCondition	diabetes__mcdonagh-2023-esc-guidelines_n0021/e_0032 type ConditionOrFindingEntity => diabetes__mcdonagh-2023-esc-guidelines_n0021/e_0032 type PatientCondition
Rule_742	?a type ConditionOrFindingEntity => ?a type PatientCondition	VT__zeppenfeld-2022-esc-guidelines-va-and-scd_n0019/e_0156 type ConditionOrFindingEntity => VT__zeppenfeld-2022-esc-guidelines-va-and-scd_n0019/e_0156 type PatientCondition
Rule_742	?a type ConditionOrFindingEntity => ?a type PatientCondition	VT,_PVC__al-khatib-2017-aha-acc-hrs-guideline-va-and-scd_n0026/e_0179 type ConditionOrFindingEntity => VT,_PVC__al-khatib-2017-aha-acc-hrs-guideline-va-and-scd_n0026/e_0179 type PatientCondition
Rule_742	?a type ConditionOrFindingEntity => ?a type PatientCondition	aortic_stenosis__mcdonagh-2023-esc-guidelines_n0097/e_0014 type ConditionOrFindingEntity => aortic_stenosis__mcdonagh-2023-esc-guidelines_n0097/e_0014 type PatientCondition
Rule_742	?a type ConditionOrFindingEntity => ?a type PatientCondition	pregnancy__regitz-zagrosek-2018-2018-esc-guideline-for-the-management-of-cardiovasc_n0018/e_0003 type ConditionOrFindingEntity => pregnancy__regitz-zagrosek-2018-2018-esc-guideline-for-the-management-of-cardiovasc_n0018/e_0003 type PatientCondition
Rule_742	?a type ConditionOrFindingEntity => ?a type PatientCondition	Stress_symptoms__visseren-2021-esc-guidelines-cardiovascular-disease-prevention_n0029/e_0001 type ConditionOrFindingEntity => Stress_symptoms__visseren-2021-esc-guidelines-cardiovascular-disease-prevention_n0029/e_0001 type PatientCondition
Rule_742	?a type ConditionOrFindingEntity => ?a type PatientCondition	absence_of_clinical_safety_data__regitz-zagrosek-2018-2018-esc-guideline-for-the-management-of-cardiovasc_n0051/e_0005 type ConditionOrFindingEntity => absence_of_clinical_safety_data__regitz-zagrosek-2018-2018-esc-guideline-for-the-management-of-cardiovasc_n0051/e_0005 type PatientCondition
Rule_742	?a type ConditionOrFindingEntity => ?a type PatientCondition	cardiac_amyloidosis__heidenreich-2022-aha-acc-hfsa-guidelines_n0072/e_0003 type ConditionOrFindingEntity => cardiac_amyloidosis__heidenreich-2022-aha-acc-hfsa-guidelines_n0072/e_0003 type PatientCondition
Rule_742	?a type ConditionOrFindingEntity => ?a type PatientCondition	tricuspid_valve_involvement__glikson-2021-2021-esc-guidelines-on-cardiac-pacing-and-cardiac-resynchro_n0061/e_0013 type ConditionOrFindingEntity => tricuspid_valve_involvement__glikson-2021-2021-esc-guidelines-on-cardiac-pacing-and-cardiac-resynchro_n0061/e_0013 type PatientCondition
Rule_742	?a type ConditionOrFindingEntity => ?a type PatientCondition	hypoxaemia__zeppenfeld-2022-esc-guidelines-va-and-scd_n0035/e_0008 type ConditionOrFindingEntity => hypoxaemia__zeppenfeld-2022-esc-guidelines-va-and-scd_n0035/e_0008 type PatientCondition
Rule_742	?a type ConditionOrFindingEntity => ?a type PatientCondition	STEMI__zeppenfeld-2022-esc-guidelines-va-and-scd_n0093/e_0033 type ConditionOrFindingEntity => STEMI__zeppenfeld-2022-esc-guidelines-va-and-scd_n0093/e_0033 type PatientCondition
Rule_742	?a type ConditionOrFindingEntity => ?a type PatientCondition	low_body_mass_index__glikson-2021-2021-esc-guidelines-on-cardiac-pacing-and-cardiac-resynchro_n0073/e_0004 type ConditionOrFindingEntity => low_body_mass_index__glikson-2021-2021-esc-guidelines-on-cardiac-pacing-and-cardiac-resynchro_n0073/e_0004 type PatientCondition
Rule_742	?a type ConditionOrFindingEntity => ?a type PatientCondition	unexplained_syncope__zeppenfeld-2022-esc-guidelines-va-and-scd_n0079/e_0018 type ConditionOrFindingEntity => unexplained_syncope__zeppenfeld-2022-esc-guidelines-va-and-scd_n0079/e_0018 type PatientCondition
Rule_742	?a type ConditionOrFindingEntity => ?a type PatientCondition	congestion__mcdonagh-2023-esc-guidelines_n0067/e_0012 type ConditionOrFindingEntity => congestion__mcdonagh-2023-esc-guidelines_n0067/e_0012 type PatientCondition
Rule_742	?a type ConditionOrFindingEntity => ?a type PatientCondition	congestion__execut-1_n0043/e_0055 type ConditionOrFindingEntity => congestion__execut-1_n0043/e_0055 type PatientCondition
Rule_742	?a type ConditionOrFindingEntity => ?a type PatientCondition	Severe_bradycardia_and/or_high-degree_AV_block_in_the_absence_of_a_pacemaker__lenarczyk-2024-management-of-patients-with-an-electrical-storm-or-cluste_n0020/e_0202 type ConditionOrFindingEntity => Severe_bradycardia_and/or_high-degree_AV_block_in_the_absence_of_a_pacemaker__lenarczyk-2024-management-of-patients-with-an-electrical-storm-or-cluste_n0020/e_0202 type PatientCondition
Rule_742	?a type ConditionOrFindingEntity => ?a type PatientCondition	low_percentage_of_biventricular_pacing__ferrick-2023-2023-hrs-ehra-aphrs-lahrs-expert-consensus-statement-on-pra_n0023/e_0012 type ConditionOrFindingEntity => low_percentage_of_biventricular_pacing__ferrick-2023-2023-hrs-ehra-aphrs-lahrs-expert-consensus-statement-on-pra_n0023/e_0012 type PatientCondition
Rule_742	?a type ConditionOrFindingEntity => ?a type PatientCondition	su_verified_e5f20076152902f9b102f37b1a83cdc79baea0d42000f6c76a83acfae0e39670_table_2/e_0008 type ConditionOrFindingEntity => su_verified_e5f20076152902f9b102f37b1a83cdc79baea0d42000f6c76a83acfae0e39670_table_2/e_0008 type PatientCondition
Rule_742	?a type ConditionOrFindingEntity => ?a type PatientCondition	stroke_or_transient_ischaemic_attack__ambrosetti-2020-secondary-prevention-comprehensive-cardiovascular-rehabi_n0014/e_0063 type ConditionOrFindingEntity => stroke_or_transient_ischaemic_attack__ambrosetti-2020-secondary-prevention-comprehensive-cardiovascular-rehabi_n0014/e_0063 type PatientCondition
Rule_742	?a type ConditionOrFindingEntity => ?a type PatientCondition	arterial_hypertension_and_type_2_diabetes__pelliccia-2020-2020-esc-guidelines-on-sports-cardiology-and-exercise-in_n0075/e_0009 type ConditionOrFindingEntity => arterial_hypertension_and_type_2_diabetes__pelliccia-2020-2020-esc-guidelines-on-sports-cardiology-and-exercise-in_n0075/e_0009 type PatientCondition
Rule_742	?a type ConditionOrFindingEntity => ?a type PatientCondition	More_than_1_hospitalization_with_HF_in_the_last_12_months__supp-material-esc-guidelines_n0019/e_0006 type ConditionOrFindingEntity => More_than_1_hospitalization_with_HF_in_the_last_12_months__supp-material-esc-guidelines_n0019/e_0006 type PatientCondition
Rule_742	?a type ConditionOrFindingEntity => ?a type PatientCondition	constrictive_pericarditis__mcdonagh-2023-esc-guidelines_n0032/e_0004 type ConditionOrFindingEntity => constrictive_pericarditis__mcdonagh-2023-esc-guidelines_n0032/e_0004 type PatientCondition
Rule_742	?a type ConditionOrFindingEntity => ?a type PatientCondition	anemia__heidenreich-2022-aha-acc-hfsa-guidelines_n0099/e_0003 type ConditionOrFindingEntity => anemia__heidenreich-2022-aha-acc-hfsa-guidelines_n0099/e_0003 type PatientCondition
Rule_742	?a type ConditionOrFindingEntity => ?a type PatientCondition	su_verified_6ed52cdf724db04223b4d1c2e62f3c35f6b42bc19bc5e3198277d681d47e1eb9_table_7/e_0137 type ConditionOrFindingEntity => su_verified_6ed52cdf724db04223b4d1c2e62f3c35f6b42bc19bc5e3198277d681d47e1eb9_table_7/e_0137 type PatientCondition
Rule_742	?a type ConditionOrFindingEntity => ?a type PatientCondition	PVC__zeppenfeld-2022-esc-guidelines-va-and-scd_n0082/e_0044 type ConditionOrFindingEntity => PVC__zeppenfeld-2022-esc-guidelines-va-and-scd_n0082/e_0044 type PatientCondition
Rule_742	?a type ConditionOrFindingEntity => ?a type PatientCondition	Auto-immune/inflammatory__mcdonagh-2023-esc-guidelines_n0084/e_0066 type ConditionOrFindingEntity => Auto-immune/inflammatory__mcdonagh-2023-esc-guidelines_n0084/e_0066 type PatientCondition
Rule_742	?a type ConditionOrFindingEntity => ?a type PatientCondition	NYHA_class_II,_III,_or_ambulatory_IV_symptoms__heidenreich-2022-aha-acc-hfsa-guidelines_n0064/e_0037 type ConditionOrFindingEntity => NYHA_class_II,_III,_or_ambulatory_IV_symptoms__heidenreich-2022-aha-acc-hfsa-guidelines_n0064/e_0037 type PatientCondition
Rule_742	?a type ConditionOrFindingEntity => ?a type PatientCondition	Valvular_heart_disease__execut-1_n0008/e_0006 type ConditionOrFindingEntity => Valvular_heart_disease__execut-1_n0008/e_0006 type PatientCondition
Rule_742	?a type ConditionOrFindingEntity => ?a type PatientCondition	SCr_%E2%89%A5160_%C2%B5mol/L__supp-material-esc-guidelines_n0018/e_0012 type ConditionOrFindingEntity => SCr_%E2%89%A5160_%C2%B5mol/L__supp-material-esc-guidelines_n0018/e_0012 type PatientCondition
Rule_742	?a type ConditionOrFindingEntity => ?a type PatientCondition	unable_to_perform_a_baseline_or_cardiopulmonary_exercise_stress_test__ambrosetti-2020-secondary-prevention-comprehensive-cardiovascular-rehabi_n0012/e_0024 type ConditionOrFindingEntity => unable_to_perform_a_baseline_or_cardiopulmonary_exercise_stress_test__ambrosetti-2020-secondary-prevention-comprehensive-cardiovascular-rehabi_n0012/e_0024 type PatientCondition
Rule_742	?a type ConditionOrFindingEntity => ?a type PatientCondition	SMVT__zeppenfeld-2022-esc-guidelines-va-and-scd_n0020/e_0062 type ConditionOrFindingEntity => SMVT__zeppenfeld-2022-esc-guidelines-va-and-scd_n0020/e_0062 type PatientCondition
Rule_742	?a type ConditionOrFindingEntity => ?a type PatientCondition	Inability_to_tolerate__maddox-2021-2021-update-to-the-2017-acc-expert-consensus-decision-pathwa_n0010/e_0018 type ConditionOrFindingEntity => Inability_to_tolerate__maddox-2021-2021-update-to-the-2017-acc-expert-consensus-decision-pathwa_n0010/e_0018 type PatientCondition
Rule_742	?a type ConditionOrFindingEntity => ?a type PatientCondition	reversible_causes__zeppenfeld-2022-esc-guidelines-va-and-scd_n0035/e_0005 type ConditionOrFindingEntity => reversible_causes__zeppenfeld-2022-esc-guidelines-va-and-scd_n0035/e_0005 type PatientCondition
Rule_742	?a type ConditionOrFindingEntity => ?a type PatientCondition	high_clinical_suspicion_for_cardiac_amyloidosis__heidenreich-2022-aha-acc-hfsa-guidelines_n0072/e_0009 type ConditionOrFindingEntity => high_clinical_suspicion_for_cardiac_amyloidosis__heidenreich-2022-aha-acc-hfsa-guidelines_n0072/e_0009 type PatientCondition
Rule_742	?a type ConditionOrFindingEntity => ?a type PatientCondition	ERS__lenarczyk-2024-management-of-patients-with-an-electrical-storm-or-cluste_n0018/e_0012 type ConditionOrFindingEntity => ERS__lenarczyk-2024-management-of-patients-with-an-electrical-storm-or-cluste_n0018/e_0012 type PatientCondition
Rule_742	?a type ConditionOrFindingEntity => ?a type PatientCondition	swelling__riegel-2009-promoting-self-care-in-persons-with-heart-failure_n0002/e_0008 type ConditionOrFindingEntity => swelling__riegel-2009-promoting-self-care-in-persons-with-heart-failure_n0002/e_0008 type PatientCondition
Rule_742	?a type ConditionOrFindingEntity => ?a type PatientCondition	specific_causes__heidenreich-2022-aha-acc-hfsa-guidelines_n0013/e_0020 type ConditionOrFindingEntity => specific_causes__heidenreich-2022-aha-acc-hfsa-guidelines_n0013/e_0020 type PatientCondition
Rule_742	?a type ConditionOrFindingEntity => ?a type PatientCondition	decompensated_HF__lenarczyk-2024-management-of-patients-with-an-electrical-storm-or-cluste_n0020/e_0137 type ConditionOrFindingEntity => decompensated_HF__lenarczyk-2024-management-of-patients-with-an-electrical-storm-or-cluste_n0020/e_0137 type PatientCondition
Rule_742	?a type ConditionOrFindingEntity => ?a type PatientCondition	social_isolation__riegel-2009-promoting-self-care-in-persons-with-heart-failure_n0004/e_0093 type ConditionOrFindingEntity => social_isolation__riegel-2009-promoting-self-care-in-persons-with-heart-failure_n0004/e_0093 type PatientCondition
Rule_742	?a type ConditionOrFindingEntity => ?a type PatientCondition	clinical_suspicion_for_cardiac_amyloidosis__heidenreich-2022-aha-acc-hfsa-guidelines_n0072/e_0002 type ConditionOrFindingEntity => clinical_suspicion_for_cardiac_amyloidosis__heidenreich-2022-aha-acc-hfsa-guidelines_n0072/e_0002 type PatientCondition
Rule_742	?a type ConditionOrFindingEntity => ?a type PatientCondition	Administered_in_conjunction_with_a_background_of_GDMT_for_HF__maddox-2021-2021-update-to-the-2017-acc-expert-consensus-decision-pathwa_n0004/e_0017 type ConditionOrFindingEntity => Administered_in_conjunction_with_a_background_of_GDMT_for_HF__maddox-2021-2021-update-to-the-2017-acc-expert-consensus-decision-pathwa_n0004/e_0017 type PatientCondition
Rule_742	?a type ConditionOrFindingEntity => ?a type PatientCondition	NYHA_class_IV__sectio-1_n0017/e_0004 type ConditionOrFindingEntity => NYHA_class_IV__sectio-1_n0017/e_0004 type PatientCondition
Rule_742	?a type ConditionOrFindingEntity => ?a type PatientCondition	type,_initiation,_and_termination_of_all_VA_episodes__lenarczyk-2024-management-of-patients-with-an-electrical-storm-or-cluste_n0010/e_0036 type ConditionOrFindingEntity => type,_initiation,_and_termination_of_all_VA_episodes__lenarczyk-2024-management-of-patients-with-an-electrical-storm-or-cluste_n0010/e_0036 type PatientCondition
Rule_742	?a type ConditionOrFindingEntity => ?a type PatientCondition	su_verified_6ed52cdf724db04223b4d1c2e62f3c35f6b42bc19bc5e3198277d681d47e1eb9_table_5/e_0074 type ConditionOrFindingEntity => su_verified_6ed52cdf724db04223b4d1c2e62f3c35f6b42bc19bc5e3198277d681d47e1eb9_table_5/e_0074 type PatientCondition
Rule_742	?a type ConditionOrFindingEntity => ?a type PatientCondition	patient%5C's_clinical_status,_polypharmacy_and_frailty__ambrosetti-2020-secondary-prevention-comprehensive-cardiovascular-rehabi_n0012/e_0055 type ConditionOrFindingEntity => patient%5C's_clinical_status,_polypharmacy_and_frailty__ambrosetti-2020-secondary-prevention-comprehensive-cardiovascular-rehabi_n0012/e_0055 type PatientCondition
Rule_742	?a type ConditionOrFindingEntity => ?a type PatientCondition	Dyspnea_at_rest__sectio-4_n0001/e_0006 type ConditionOrFindingEntity => Dyspnea_at_rest__sectio-4_n0001/e_0006 type PatientCondition
Rule_742	?a type ConditionOrFindingEntity => ?a type PatientCondition	low_estimated_5-year_risk_of_SCD_(%3C4%25)__zeppenfeld-2022-esc-guidelines-va-and-scd_n0063/e_0029 type ConditionOrFindingEntity => low_estimated_5-year_risk_of_SCD_(%3C4%25)__zeppenfeld-2022-esc-guidelines-va-and-scd_n0063/e_0029 type PatientCondition
Rule_742	?a type ConditionOrFindingEntity => ?a type PatientCondition	severe_HF__mcdonagh-2023-esc-guidelines_n0031/e_0050 type ConditionOrFindingEntity => severe_HF__mcdonagh-2023-esc-guidelines_n0031/e_0050 type PatientCondition
Rule_742	?a type ConditionOrFindingEntity => ?a type PatientCondition	ARVC__zeppenfeld-2022-esc-guidelines-va-and-scd_n0062/e_0036 type ConditionOrFindingEntity => ARVC__zeppenfeld-2022-esc-guidelines-va-and-scd_n0062/e_0036 type PatientCondition
Rule_742	?a type ConditionOrFindingEntity => ?a type PatientCondition	ERS__zeppenfeld-2022-esc-guidelines-va-and-scd_n0019/e_0228 type ConditionOrFindingEntity => ERS__zeppenfeld-2022-esc-guidelines-va-and-scd_n0019/e_0228 type PatientCondition
Rule_742	?a type ConditionOrFindingEntity => ?a type PatientCondition	very_high_CVD_risk__pelliccia-2020-2020-esc-guidelines-on-sports-cardiology-and-exercise-in_n0025/e_0016 type ConditionOrFindingEntity => very_high_CVD_risk__pelliccia-2020-2020-esc-guidelines-on-sports-cardiology-and-exercise-in_n0025/e_0016 type PatientCondition
Rule_742	?a type ConditionOrFindingEntity => ?a type PatientCondition	restrictive_cardiomyopathy__mcdonagh-2023-esc-guidelines_n0032/e_0005 type ConditionOrFindingEntity => restrictive_cardiomyopathy__mcdonagh-2023-esc-guidelines_n0032/e_0005 type PatientCondition
Rule_742	?a type ConditionOrFindingEntity => ?a type PatientCondition	electrolyte_imbalances__zeppenfeld-2022-esc-guidelines-va-and-scd_n0035/e_0006 type ConditionOrFindingEntity => electrolyte_imbalances__zeppenfeld-2022-esc-guidelines-va-and-scd_n0035/e_0006 type PatientCondition
Rule_742	?a type ConditionOrFindingEntity => ?a type PatientCondition	HFrEF_(EF__maddox-2021-2021-update-to-the-2017-acc-expert-consensus-decision-pathwa_n0004/e_0013 type ConditionOrFindingEntity => HFrEF_(EF__maddox-2021-2021-update-to-the-2017-acc-expert-consensus-decision-pathwa_n0004/e_0013 type PatientCondition
Rule_742	?a type ConditionOrFindingEntity => ?a type PatientCondition	HFrEF__vest-2019-nutrition-obesity-and-cachexia-in-patients-with-heart-failure_n0001/e_0059 type ConditionOrFindingEntity => HFrEF__vest-2019-nutrition-obesity-and-cachexia-in-patients-with-heart-failure_n0001/e_0059 type PatientCondition
Rule_742	?a type ConditionOrFindingEntity => ?a type PatientCondition	heritable_disease__al-khatib-2017-aha-acc-hrs-guideline-va-and-scd_n0038/e_0020 type ConditionOrFindingEntity => heritable_disease__al-khatib-2017-aha-acc-hrs-guideline-va-and-scd_n0038/e_0020 type PatientCondition
Rule_742	?a type ConditionOrFindingEntity => ?a type PatientCondition	su_verified_6ed52cdf724db04223b4d1c2e62f3c35f6b42bc19bc5e3198277d681d47e1eb9_table_6/e_0016 type ConditionOrFindingEntity => su_verified_6ed52cdf724db04223b4d1c2e62f3c35f6b42bc19bc5e3198277d681d47e1eb9_table_6/e_0016 type PatientCondition
Rule_742	?a type ConditionOrFindingEntity => ?a type PatientCondition	sinus_rhythm__heidenreich-2022-aha-acc-hfsa-guidelines_n0064/e_0047 type ConditionOrFindingEntity => sinus_rhythm__heidenreich-2022-aha-acc-hfsa-guidelines_n0064/e_0047 type PatientCondition
Rule_742	?a type ConditionOrFindingEntity => ?a type PatientCondition	ARVC__zeppenfeld-2022-esc-guidelines-va-and-scd_n0018/e_0129 type ConditionOrFindingEntity => ARVC__zeppenfeld-2022-esc-guidelines-va-and-scd_n0018/e_0129 type PatientCondition
Rule_742	?a type ConditionOrFindingEntity => ?a type PatientCondition	decreased_systolic_function__execut-1_n0048/e_0075 type ConditionOrFindingEntity => decreased_systolic_function__execut-1_n0048/e_0075 type PatientCondition
Rule_742	?a type ConditionOrFindingEntity => ?a type PatientCondition	ischemic_heart_disease__al-khatib-2017-aha-acc-hrs-guideline-va-and-scd_n0033/e_0020 type ConditionOrFindingEntity => ischemic_heart_disease__al-khatib-2017-aha-acc-hrs-guideline-va-and-scd_n0033/e_0020 type PatientCondition
Rule_742	?a type ConditionOrFindingEntity => ?a type PatientCondition	Profile_4._Frequent_Flyer__mcdonagh-2023-esc-guidelines_n0059/e_0028 type ConditionOrFindingEntity => Profile_4._Frequent_Flyer__mcdonagh-2023-esc-guidelines_n0059/e_0028 type PatientCondition
Rule_742	?a type ConditionOrFindingEntity => ?a type PatientCondition	CAD__zeppenfeld-2022-esc-guidelines-va-and-scd_n0036/e_0061 type ConditionOrFindingEntity => CAD__zeppenfeld-2022-esc-guidelines-va-and-scd_n0036/e_0061 type PatientCondition
Rule_742	?a type ConditionOrFindingEntity => ?a type PatientCondition	AF__mcdonagh-2023-esc-guidelines_n0074/e_0017 type ConditionOrFindingEntity => AF__mcdonagh-2023-esc-guidelines_n0074/e_0017 type PatientCondition
Rule_742	?a type ConditionOrFindingEntity => ?a type PatientCondition	CPVT__zeppenfeld-2022-esc-guidelines-va-and-scd_n0084/e_0030 type ConditionOrFindingEntity => CPVT__zeppenfeld-2022-esc-guidelines-va-and-scd_n0084/e_0030 type PatientCondition
Rule_742	?a type ConditionOrFindingEntity => ?a type PatientCondition	HCM__zeppenfeld-2022-esc-guidelines-va-and-scd_n0019/e_0011 type ConditionOrFindingEntity => HCM__zeppenfeld-2022-esc-guidelines-va-and-scd_n0019/e_0011 type PatientCondition
Rule_742	?a type ConditionOrFindingEntity => ?a type PatientCondition	electrocardiographic_abnormalities__al-khatib-2017-aha-acc-hrs-guideline-va-and-scd_n0042/e_0010 type ConditionOrFindingEntity => electrocardiographic_abnormalities__al-khatib-2017-aha-acc-hrs-guideline-va-and-scd_n0042/e_0010 type PatientCondition
Rule_742	?a type ConditionOrFindingEntity => ?a type PatientCondition	changes_in_cognition__riegel-2009-promoting-self-care-in-persons-with-heart-failure_n0004/e_0035 type ConditionOrFindingEntity => changes_in_cognition__riegel-2009-promoting-self-care-in-persons-with-heart-failure_n0004/e_0035 type PatientCondition
Rule_742	?a type ConditionOrFindingEntity => ?a type PatientCondition	Concomitant_treatments_associated_with_QT_interval_prolongation__zeppenfeld-2022-esc-guidelines-va-and-scd_n0040/e_0040 type ConditionOrFindingEntity => Concomitant_treatments_associated_with_QT_interval_prolongation__zeppenfeld-2022-esc-guidelines-va-and-scd_n0040/e_0040 type PatientCondition
Rule_742	?a type ConditionOrFindingEntity => ?a type PatientCondition	early_repolarization_pattern_on_ECG__al-khatib-2017-aha-acc-hrs-guideline-va-and-scd_n0059/e_0006 type ConditionOrFindingEntity => early_repolarization_pattern_on_ECG__al-khatib-2017-aha-acc-hrs-guideline-va-and-scd_n0059/e_0006 type PatientCondition
Rule_742	?a type ConditionOrFindingEntity => ?a type PatientCondition	the_following_symptoms__sectio-1_n0006/e_0035 type ConditionOrFindingEntity => the_following_symptoms__sectio-1_n0006/e_0035 type PatientCondition
Rule_742	?a type ConditionOrFindingEntity => ?a type PatientCondition	pelvic_thrombosis__regitz-zagrosek-2018-2018-esc-guideline-for-the-management-of-cardiovasc_n0029/e_0037 type ConditionOrFindingEntity => pelvic_thrombosis__regitz-zagrosek-2018-2018-esc-guideline-for-the-management-of-cardiovasc_n0029/e_0037 type PatientCondition
Rule_742	?a type ConditionOrFindingEntity => ?a type PatientCondition	acute_rejection__ambrosetti-2020-secondary-prevention-comprehensive-cardiovascular-rehabi_n0007/e_0006 type ConditionOrFindingEntity => acute_rejection__ambrosetti-2020-secondary-prevention-comprehensive-cardiovascular-rehabi_n0007/e_0006 type PatientCondition
Rule_742	?a type ConditionOrFindingEntity => ?a type PatientCondition	su_verified_6ed52cdf724db04223b4d1c2e62f3c35f6b42bc19bc5e3198277d681d47e1eb9_table_6/e_0056 type ConditionOrFindingEntity => su_verified_6ed52cdf724db04223b4d1c2e62f3c35f6b42bc19bc5e3198277d681d47e1eb9_table_6/e_0056 type PatientCondition
Rule_742	?a type ConditionOrFindingEntity => ?a type PatientCondition	su_verified_6ed52cdf724db04223b4d1c2e62f3c35f6b42bc19bc5e3198277d681d47e1eb9_table_5/e_0061 type ConditionOrFindingEntity => su_verified_6ed52cdf724db04223b4d1c2e62f3c35f6b42bc19bc5e3198277d681d47e1eb9_table_5/e_0061 type PatientCondition
Rule_742	?a type ConditionOrFindingEntity => ?a type PatientCondition	refractory_HF_symptoms__al-khatib-2017-aha-acc-hrs-guideline-va-and-scd_n0080/e_0009 type ConditionOrFindingEntity => refractory_HF_symptoms__al-khatib-2017-aha-acc-hrs-guideline-va-and-scd_n0080/e_0009 type PatientCondition
Rule_742	?a type ConditionOrFindingEntity => ?a type PatientCondition	hyper-phosphataemia_and_hypocalcaemia__ambrosetti-2020-secondary-prevention-comprehensive-cardiovascular-rehabi_n0016/e_0027 type ConditionOrFindingEntity => hyper-phosphataemia_and_hypocalcaemia__ambrosetti-2020-secondary-prevention-comprehensive-cardiovascular-rehabi_n0016/e_0027 type PatientCondition
Rule_742	?a type ConditionOrFindingEntity => ?a type PatientCondition	HF__mcdonagh-2023-esc-guidelines_n0097/e_0030 type ConditionOrFindingEntity => HF__mcdonagh-2023-esc-guidelines_n0097/e_0030 type PatientCondition
Rule_742	?a type ConditionOrFindingEntity => ?a type PatientCondition	congestion__mcdonagh-2023-esc-guidelines_n0073/e_0003 type ConditionOrFindingEntity => congestion__mcdonagh-2023-esc-guidelines_n0073/e_0003 type PatientCondition
Rule_742	?a type ConditionOrFindingEntity => ?a type PatientCondition	HF__heidenreich-2022-aha-acc-hfsa-guidelines_n0037/e_0013 type ConditionOrFindingEntity => HF__heidenreich-2022-aha-acc-hfsa-guidelines_n0037/e_0013 type PatientCondition
Rule_742	?a type ConditionOrFindingEntity => ?a type PatientCondition	SCD__heidenreich-2022-aha-acc-hfsa-guidelines_n0035/e_0014 type ConditionOrFindingEntity => SCD__heidenreich-2022-aha-acc-hfsa-guidelines_n0035/e_0014 type PatientCondition
Rule_742	?a type ConditionOrFindingEntity => ?a type PatientCondition	syncope__zeppenfeld-2022-esc-guidelines-va-and-scd_n0062/e_0023 type ConditionOrFindingEntity => syncope__zeppenfeld-2022-esc-guidelines-va-and-scd_n0062/e_0023 type PatientCondition
Rule_742	?a type ConditionOrFindingEntity => ?a type PatientCondition	Atrial_and_ventricular_arrhythmias__braunschweig-2010-management-of-patients-receiving-implantable-cardiac-d_n0007/e_0065 type ConditionOrFindingEntity => Atrial_and_ventricular_arrhythmias__braunschweig-2010-management-of-patients-receiving-implantable-cardiac-d_n0007/e_0065 type PatientCondition
Rule_742	?a type ConditionOrFindingEntity => ?a type PatientCondition	BrS__zeppenfeld-2022-esc-guidelines-va-and-scd_n0019/e_0169 type ConditionOrFindingEntity => BrS__zeppenfeld-2022-esc-guidelines-va-and-scd_n0019/e_0169 type PatientCondition
Rule_742	?a type ConditionOrFindingEntity => ?a type PatientCondition	noncardiac__al-khatib-2017-aha-acc-hrs-guideline-va-and-scd_n0035/e_0025 type ConditionOrFindingEntity => noncardiac__al-khatib-2017-aha-acc-hrs-guideline-va-and-scd_n0035/e_0025 type PatientCondition
Rule_742	?a type ConditionOrFindingEntity => ?a type PatientCondition	SMVT__zeppenfeld-2022-esc-guidelines-va-and-scd_n0054/e_0090 type ConditionOrFindingEntity => SMVT__zeppenfeld-2022-esc-guidelines-va-and-scd_n0054/e_0090 type PatientCondition
Rule_742	?a type ConditionOrFindingEntity => ?a type PatientCondition	severe_ADHF__execut-1_n0020/e_0002 type ConditionOrFindingEntity => severe_ADHF__execut-1_n0020/e_0002 type PatientCondition
Rule_742	?a type ConditionOrFindingEntity => ?a type PatientCondition	MI__zeppenfeld-2022-esc-guidelines-va-and-scd_n0017/e_0038 type ConditionOrFindingEntity => MI__zeppenfeld-2022-esc-guidelines-va-and-scd_n0017/e_0038 type PatientCondition
Rule_742	?a type ConditionOrFindingEntity => ?a type PatientCondition	LQTS__zeppenfeld-2022-esc-guidelines-va-and-scd_n0019/e_0122 type ConditionOrFindingEntity => LQTS__zeppenfeld-2022-esc-guidelines-va-and-scd_n0019/e_0122 type PatientCondition
Rule_742	?a type ConditionOrFindingEntity => ?a type PatientCondition	myocardial_ischaemia__mcdonagh-2023-esc-guidelines_n0031/e_0033 type ConditionOrFindingEntity => myocardial_ischaemia__mcdonagh-2023-esc-guidelines_n0031/e_0033 type PatientCondition
Rule_742	?a type ConditionOrFindingEntity => ?a type PatientCondition	ketoacidosis__maddox-2021-2021-update-to-the-2017-acc-expert-consensus-decision-pathwa_n0008/e_0003 type ConditionOrFindingEntity => ketoacidosis__maddox-2021-2021-update-to-the-2017-acc-expert-consensus-decision-pathwa_n0008/e_0003 type PatientCondition
Rule_742	?a type ConditionOrFindingEntity => ?a type PatientCondition	documented_spontaneous_sustained_VT__zeppenfeld-2022-esc-guidelines-va-and-scd_n0097/e_0012 type ConditionOrFindingEntity => documented_spontaneous_sustained_VT__zeppenfeld-2022-esc-guidelines-va-and-scd_n0097/e_0012 type PatientCondition
Rule_742	?a type ConditionOrFindingEntity => ?a type PatientCondition	heart_problem__cardiosmart-decision-aid-icd-for-hf_n0002/e_0054 type ConditionOrFindingEntity => heart_problem__cardiosmart-decision-aid-icd-for-hf_n0002/e_0054 type PatientCondition
Rule_742	?a type ConditionOrFindingEntity => ?a type PatientCondition	Atrial_fibrillation/flutter__maddox-2021-2021-update-to-the-2017-acc-expert-consensus-decision-pathwa_n0017/e_0003 type ConditionOrFindingEntity => Atrial_fibrillation/flutter__maddox-2021-2021-update-to-the-2017-acc-expert-consensus-decision-pathwa_n0017/e_0003 type PatientCondition
Rule_742	?a type ConditionOrFindingEntity => ?a type PatientCondition	musculoskeletal_conditions__ambrosetti-2020-secondary-prevention-comprehensive-cardiovascular-rehabi_n0011/e_0031 type ConditionOrFindingEntity => musculoskeletal_conditions__ambrosetti-2020-secondary-prevention-comprehensive-cardiovascular-rehabi_n0011/e_0031 type PatientCondition
Rule_742	?a type ConditionOrFindingEntity => ?a type PatientCondition	VT__zeppenfeld-2022-esc-guidelines-va-and-scd_n0019/e_0167 type ConditionOrFindingEntity => VT__zeppenfeld-2022-esc-guidelines-va-and-scd_n0019/e_0167 type PatientCondition
Rule_742	?a type ConditionOrFindingEntity => ?a type PatientCondition	VF__zeppenfeld-2022-esc-guidelines-va-and-scd_n0042/e_0022 type ConditionOrFindingEntity => VF__zeppenfeld-2022-esc-guidelines-va-and-scd_n0042/e_0022 type PatientCondition
Rule_742	?a type ConditionOrFindingEntity => ?a type PatientCondition	presence_of_ischaemia__mcdonagh-2023-esc-guidelines_n0031/e_0025 type ConditionOrFindingEntity => presence_of_ischaemia__mcdonagh-2023-esc-guidelines_n0031/e_0025 type PatientCondition
Rule_742	?a type ConditionOrFindingEntity => ?a type PatientCondition	Concomitant_diseases_(e.g._COPD,_visual/hearing_impairment,_arthritis,_osteoporosis,_urinary_incontinence,_cognitive_impairment,_dementia)__ambrosetti-2020-secondary-prevention-comprehensive-cardiovascular-rehabi_n0011/e_0003 type ConditionOrFindingEntity => Concomitant_diseases_(e.g._COPD,_visual/hearing_impairment,_arthritis,_osteoporosis,_urinary_incontinence,_cognitive_impairment,_dementia)__ambrosetti-2020-secondary-prevention-comprehensive-cardiovascular-rehabi_n0011/e_0003 type PatientCondition
Rule_742	?a type ConditionOrFindingEntity => ?a type PatientCondition	syncope__zeppenfeld-2022-esc-guidelines-va-and-scd_n0093/e_0032 type ConditionOrFindingEntity => syncope__zeppenfeld-2022-esc-guidelines-va-and-scd_n0093/e_0032 type PatientCondition
Rule_742	?a type ConditionOrFindingEntity => ?a type PatientCondition	bradyarrhythmias__glikson-2021-2021-esc-guidelines-on-cardiac-pacing-and-cardiac-resynchro_n0085/e_0016 type ConditionOrFindingEntity => bradyarrhythmias__glikson-2021-2021-esc-guidelines-on-cardiac-pacing-and-cardiac-resynchro_n0085/e_0016 type PatientCondition
Rule_742	?a type ConditionOrFindingEntity => ?a type PatientCondition	vulnerability_of_the_kidney_transplant_in_the_fossa_iliaca_directly_under_the_abdominal_wall,_the_reduced_perfusion_of_the_transplant_and_adverse_effects_of_the_immunosuppressive_therapy__ambrosetti-2020-secondary-prevention-comprehensive-cardiovascular-rehabi_n0016/e_0022 type ConditionOrFindingEntity => vulnerability_of_the_kidney_transplant_in_the_fossa_iliaca_directly_under_the_abdominal_wall,_the_reduced_perfusion_of_the_transplant_and_adverse_effects_of_the_immunosuppressive_therapy__ambrosetti-2020-secondary-prevention-comprehensive-cardiovascular-rehabi_n0016/e_0022 type PatientCondition
Rule_742	?a type ConditionOrFindingEntity => ?a type PatientCondition	and_severe_AV_conduction_disturbances__zeppenfeld-2022-esc-guidelines-va-and-scd_n0040/e_0077 type ConditionOrFindingEntity => and_severe_AV_conduction_disturbances__zeppenfeld-2022-esc-guidelines-va-and-scd_n0040/e_0077 type PatientCondition
Rule_742	?a type ConditionOrFindingEntity => ?a type PatientCondition	pathogenic_mutation__zeppenfeld-2022-esc-guidelines-va-and-scd_n0095/e_0059 type ConditionOrFindingEntity => pathogenic_mutation__zeppenfeld-2022-esc-guidelines-va-and-scd_n0095/e_0059 type PatientCondition
Rule_742	?a type ConditionOrFindingEntity => ?a type PatientCondition	in_whom_ARNi_is_not_feasible__heidenreich-2022-aha-acc-hfsa-guidelines_n0043/e_0027 type ConditionOrFindingEntity => in_whom_ARNi_is_not_feasible__heidenreich-2022-aha-acc-hfsa-guidelines_n0043/e_0027 type PatientCondition
Rule_742	?a type ConditionOrFindingEntity => ?a type PatientCondition	estimated_5-year_risk_of_life-threatening_VA_is_%E2%89%A510%25__zeppenfeld-2022-esc-guidelines-va-and-scd_n0060/e_0028 type ConditionOrFindingEntity => estimated_5-year_risk_of_life-threatening_VA_is_%E2%89%A510%25__zeppenfeld-2022-esc-guidelines-va-and-scd_n0060/e_0028 type PatientCondition
Rule_742	?a type ConditionOrFindingEntity => ?a type PatientCondition	Cachexia,_unintentional_weight_loss__supp-material-esc-guidelines_n0018/e_0009 type ConditionOrFindingEntity => Cachexia,_unintentional_weight_loss__supp-material-esc-guidelines_n0018/e_0009 type PatientCondition
Rule_742	?a type ConditionOrFindingEntity => ?a type PatientCondition	su_verified_e5f20076152902f9b102f37b1a83cdc79baea0d42000f6c76a83acfae0e39670_table_2/e_0013 type ConditionOrFindingEntity => su_verified_e5f20076152902f9b102f37b1a83cdc79baea0d42000f6c76a83acfae0e39670_table_2/e_0013 type PatientCondition
Rule_742	?a type ConditionOrFindingEntity => ?a type PatientCondition	reduced_LVEF__execut-1_n0046/e_0009 type ConditionOrFindingEntity => reduced_LVEF__execut-1_n0046/e_0009 type PatientCondition
Rule_742	?a type ConditionOrFindingEntity => ?a type PatientCondition	hyponatremia__vest-2019-nutrition-obesity-and-cachexia-in-patients-with-heart-failure_n0001/e_0018 type ConditionOrFindingEntity => hyponatremia__vest-2019-nutrition-obesity-and-cachexia-in-patients-with-heart-failure_n0001/e_0018 type PatientCondition
Rule_742	?a type ConditionOrFindingEntity => ?a type PatientCondition	blood_pressure_remains_%3E_130/80_mm_Hg__sectio-1_n0030/e_0027 type ConditionOrFindingEntity => blood_pressure_remains_%3E_130/80_mm_Hg__sectio-1_n0030/e_0027 type PatientCondition
Rule_742	?a type ConditionOrFindingEntity => ?a type PatientCondition	clinical_findings__al-khatib-2017-aha-acc-hrs-guideline-va-and-scd_n0079/e_0010 type ConditionOrFindingEntity => clinical_findings__al-khatib-2017-aha-acc-hrs-guideline-va-and-scd_n0079/e_0010 type PatientCondition
Rule_742	?a type ConditionOrFindingEntity => ?a type PatientCondition	HCM__zeppenfeld-2022-esc-guidelines-va-and-scd_n0018/e_0142 type ConditionOrFindingEntity => HCM__zeppenfeld-2022-esc-guidelines-va-and-scd_n0018/e_0142 type PatientCondition
Rule_742	?a type ConditionOrFindingEntity => ?a type PatientCondition	pregnancy__regitz-zagrosek-2018-2018-esc-guideline-for-the-management-of-cardiovasc_n0018/e_0012 type ConditionOrFindingEntity => pregnancy__regitz-zagrosek-2018-2018-esc-guideline-for-the-management-of-cardiovasc_n0018/e_0012 type PatientCondition
Rule_742	?a type ConditionOrFindingEntity => ?a type PatientCondition	CAD__mcdonagh-2023-esc-guidelines_n0051/e_0036 type ConditionOrFindingEntity => CAD__mcdonagh-2023-esc-guidelines_n0051/e_0036 type PatientCondition
Rule_742	?a type ConditionOrFindingEntity => ?a type PatientCondition	high-degree_or_complete_heart_block__heidenreich-2022-aha-acc-hfsa-guidelines_n0064/e_0070 type ConditionOrFindingEntity => high-degree_or_complete_heart_block__heidenreich-2022-aha-acc-hfsa-guidelines_n0064/e_0070 type PatientCondition
Rule_742	?a type ConditionOrFindingEntity => ?a type PatientCondition	reduced_LVEF__execut-1_n0035/e_0036 type ConditionOrFindingEntity => reduced_LVEF__execut-1_n0035/e_0036 type PatientCondition
Rule_742	?a type ConditionOrFindingEntity => ?a type PatientCondition	HFrEF_(EF__maddox-2021-2021-update-to-the-2017-acc-expert-consensus-decision-pathwa_n0004/e_0006 type ConditionOrFindingEntity => HFrEF_(EF__maddox-2021-2021-update-to-the-2017-acc-expert-consensus-decision-pathwa_n0004/e_0006 type PatientCondition
Rule_742	?a type ConditionOrFindingEntity => ?a type PatientCondition	HF__mcdonagh-2023-esc-guidelines_n0078/e_0038 type ConditionOrFindingEntity => HF__mcdonagh-2023-esc-guidelines_n0078/e_0038 type PatientCondition
Rule_742	?a type ConditionOrFindingEntity => ?a type PatientCondition	ARVC__zeppenfeld-2022-esc-guidelines-va-and-scd_n0062/e_0048 type ConditionOrFindingEntity => ARVC__zeppenfeld-2022-esc-guidelines-va-and-scd_n0062/e_0048 type PatientCondition
Rule_742	?a type ConditionOrFindingEntity => ?a type PatientCondition	Pulmonary_embolus__sectio-4_n0001/e_0019 type ConditionOrFindingEntity => Pulmonary_embolus__sectio-4_n0001/e_0019 type PatientCondition
Rule_742	?a type ConditionOrFindingEntity => ?a type PatientCondition	family_history_of_LVNC_or_cardiomyopathy__pelliccia-2020-2020-esc-guidelines-on-sports-cardiology-and-exercise-in_n0057/e_0005 type ConditionOrFindingEntity => family_history_of_LVNC_or_cardiomyopathy__pelliccia-2020-2020-esc-guidelines-on-sports-cardiology-and-exercise-in_n0057/e_0005 type PatientCondition
Rule_742	?a type ConditionOrFindingEntity => ?a type PatientCondition	coronary_artery_disease_with_inducible_ischemia__execut-1_n0027/e_0025 type ConditionOrFindingEntity => coronary_artery_disease_with_inducible_ischemia__execut-1_n0027/e_0025 type PatientCondition
Rule_742	?a type ConditionOrFindingEntity => ?a type PatientCondition	The_degree_of_volume_excess__sectio-1_n0006/e_0039 type ConditionOrFindingEntity => The_degree_of_volume_excess__sectio-1_n0006/e_0039 type PatientCondition
Rule_742	?a type ConditionOrFindingEntity => ?a type PatientCondition	recurrent,_symptomatic_VA__zeppenfeld-2022-esc-guidelines-va-and-scd_n0069/e_0006 type ConditionOrFindingEntity => recurrent,_symptomatic_VA__zeppenfeld-2022-esc-guidelines-va-and-scd_n0069/e_0006 type PatientCondition
Rule_742	?a type ConditionOrFindingEntity => ?a type PatientCondition	Aortic_stenosis__maddox-2021-2021-update-to-the-2017-acc-expert-consensus-decision-pathwa_n0017/e_0009 type ConditionOrFindingEntity => Aortic_stenosis__maddox-2021-2021-update-to-the-2017-acc-expert-consensus-decision-pathwa_n0017/e_0009 type PatientCondition
Rule_742	?a type ConditionOrFindingEntity => ?a type PatientCondition	VF__zeppenfeld-2022-esc-guidelines-va-and-scd_n0075/e_0004 type ConditionOrFindingEntity => VF__zeppenfeld-2022-esc-guidelines-va-and-scd_n0075/e_0004 type PatientCondition
Rule_742	?a type ConditionOrFindingEntity => ?a type PatientCondition	SQTS__zeppenfeld-2022-esc-guidelines-va-and-scd_n0085/e_0039 type ConditionOrFindingEntity => SQTS__zeppenfeld-2022-esc-guidelines-va-and-scd_n0085/e_0039 type PatientCondition
Rule_742	?a type ConditionOrFindingEntity => ?a type PatientCondition	dyspnoea__mcdonagh-2023-esc-guidelines_n0031/e_0039 type ConditionOrFindingEntity => dyspnoea__mcdonagh-2023-esc-guidelines_n0031/e_0039 type PatientCondition
Rule_742	?a type ConditionOrFindingEntity => ?a type PatientCondition	VAs__zeppenfeld-2022-esc-guidelines-va-and-scd_n0094/e_0081 type ConditionOrFindingEntity => VAs__zeppenfeld-2022-esc-guidelines-va-and-scd_n0094/e_0081 type PatientCondition
Rule_742	?a type ConditionOrFindingEntity => ?a type PatientCondition	%E2%89%A435%25__maddox-2021-2021-update-to-the-2017-acc-expert-consensus-decision-pathwa_n0004/e_0007 type ConditionOrFindingEntity => %E2%89%A435%25__maddox-2021-2021-update-to-the-2017-acc-expert-consensus-decision-pathwa_n0004/e_0007 type PatientCondition
Rule_742	?a type ConditionOrFindingEntity => ?a type PatientCondition	intracardiac_abscess__glikson-2021-2021-esc-guidelines-on-cardiac-pacing-and-cardiac-resynchro_n0061/e_0012 type ConditionOrFindingEntity => intracardiac_abscess__glikson-2021-2021-esc-guidelines-on-cardiac-pacing-and-cardiac-resynchro_n0061/e_0012 type PatientCondition
Rule_742	?a type ConditionOrFindingEntity => ?a type PatientCondition	VT,_VF,__lenarczyk-2024-management-of-patients-with-an-electrical-storm-or-cluste_n0020/e_0012 type ConditionOrFindingEntity => VT,_VF,__lenarczyk-2024-management-of-patients-with-an-electrical-storm-or-cluste_n0020/e_0012 type PatientCondition
Rule_742	?a type ConditionOrFindingEntity => ?a type PatientCondition	symptoms__cardiosmart-modul1-zusammengefugt_n0002/e_0017 type ConditionOrFindingEntity => symptoms__cardiosmart-modul1-zusammengefugt_n0002/e_0017 type PatientCondition
Rule_742	?a type ConditionOrFindingEntity => ?a type PatientCondition	aborted_CA__zeppenfeld-2022-esc-guidelines-va-and-scd_n0069/e_0004 type ConditionOrFindingEntity => aborted_CA__zeppenfeld-2022-esc-guidelines-va-and-scd_n0069/e_0004 type PatientCondition
Rule_742	?a type ConditionOrFindingEntity => ?a type PatientCondition	SCD__heidenreich-2022-aha-acc-hfsa-guidelines_n0033/e_0018 type ConditionOrFindingEntity => SCD__heidenreich-2022-aha-acc-hfsa-guidelines_n0033/e_0018 type PatientCondition
Rule_742	?a type ConditionOrFindingEntity => ?a type PatientCondition	pacemaker-dependent__mcdonagh-2023-esc-guidelines_n0024/e_0035 type ConditionOrFindingEntity => pacemaker-dependent__mcdonagh-2023-esc-guidelines_n0024/e_0035 type PatientCondition
Rule_742	?a type ConditionOrFindingEntity => ?a type PatientCondition	persistent_signs_of_congestion__mcdonagh-2023-esc-guidelines_n0021/e_0014 type ConditionOrFindingEntity => persistent_signs_of_congestion__mcdonagh-2023-esc-guidelines_n0021/e_0014 type PatientCondition
Rule_742	?a type ConditionOrFindingEntity => ?a type PatientCondition	VA__al-khatib-2017-aha-acc-hrs-guideline-va-and-scd_n0039/e_0015 type ConditionOrFindingEntity => VA__al-khatib-2017-aha-acc-hrs-guideline-va-and-scd_n0039/e_0015 type PatientCondition
Rule_742	?a type ConditionOrFindingEntity => ?a type PatientCondition	PND_or_cough__sectio-4_n0004/e_0025 type ConditionOrFindingEntity => PND_or_cough__sectio-4_n0004/e_0025 type PatientCondition
Rule_742	?a type ConditionOrFindingEntity => ?a type PatientCondition	VT__zeppenfeld-2022-esc-guidelines-va-and-scd_n0019/e_0049 type ConditionOrFindingEntity => VT__zeppenfeld-2022-esc-guidelines-va-and-scd_n0019/e_0049 type PatientCondition
Rule_742	?a type ConditionOrFindingEntity => ?a type PatientCondition	PVT__zeppenfeld-2022-esc-guidelines-va-and-scd_n0084/e_0003 type ConditionOrFindingEntity => PVT__zeppenfeld-2022-esc-guidelines-va-and-scd_n0084/e_0003 type PatientCondition
Rule_742	?a type ConditionOrFindingEntity => ?a type PatientCondition	su_verified_6ed52cdf724db04223b4d1c2e62f3c35f6b42bc19bc5e3198277d681d47e1eb9_table_6/e_0010 type ConditionOrFindingEntity => su_verified_6ed52cdf724db04223b4d1c2e62f3c35f6b42bc19bc5e3198277d681d47e1eb9_table_6/e_0010 type PatientCondition
Rule_742	?a type ConditionOrFindingEntity => ?a type PatientCondition	abnormal_response_to_pharmacological_challenge__glikson-2021-2021-esc-guidelines-on-cardiac-pacing-and-cardiac-resynchro_n0085/e_0036 type ConditionOrFindingEntity => abnormal_response_to_pharmacological_challenge__glikson-2021-2021-esc-guidelines-on-cardiac-pacing-and-cardiac-resynchro_n0085/e_0036 type PatientCondition
Rule_742	?a type ConditionOrFindingEntity => ?a type PatientCondition	VT__zeppenfeld-2022-esc-guidelines-va-and-scd_n0022/e_0015 type ConditionOrFindingEntity => VT__zeppenfeld-2022-esc-guidelines-va-and-scd_n0022/e_0015 type PatientCondition
Rule_742	?a type ConditionOrFindingEntity => ?a type PatientCondition	drug-induced_VAs__zeppenfeld-2022-esc-guidelines-va-and-scd_n0035/e_0003 type ConditionOrFindingEntity => drug-induced_VAs__zeppenfeld-2022-esc-guidelines-va-and-scd_n0035/e_0003 type PatientCondition
Rule_742	?a type ConditionOrFindingEntity => ?a type PatientCondition	diabetes__cardiosmart-modul1-zusammengefugt_n0002/e_0003 type ConditionOrFindingEntity => diabetes__cardiosmart-modul1-zusammengefugt_n0002/e_0003 type PatientCondition
Rule_742	?a type ConditionOrFindingEntity => ?a type PatientCondition	ERP__zeppenfeld-2022-esc-guidelines-va-and-scd_n0019/e_0215 type ConditionOrFindingEntity => ERP__zeppenfeld-2022-esc-guidelines-va-and-scd_n0019/e_0215 type PatientCondition
Rule_742	?a type ConditionOrFindingEntity => ?a type PatientCondition	not-tolerated_VT__zeppenfeld-2022-esc-guidelines-va-and-scd_n0095/e_0035 type ConditionOrFindingEntity => not-tolerated_VT__zeppenfeld-2022-esc-guidelines-va-and-scd_n0095/e_0035 type PatientCondition
Rule_742	?a type ConditionOrFindingEntity => ?a type PatientCondition	not_tolerated_VT__zeppenfeld-2022-esc-guidelines-va-and-scd_n0073/e_0005 type ConditionOrFindingEntity => not_tolerated_VT__zeppenfeld-2022-esc-guidelines-va-and-scd_n0073/e_0005 type PatientCondition
Rule_742	?a type ConditionOrFindingEntity => ?a type PatientCondition	SHD__zeppenfeld-2022-esc-guidelines-va-and-scd_n0019/e_0155 type ConditionOrFindingEntity => SHD__zeppenfeld-2022-esc-guidelines-va-and-scd_n0019/e_0155 type PatientCondition
Rule_742	?a type ConditionOrFindingEntity => ?a type PatientCondition	Iron_deficiency__mcdonagh-2023-esc-guidelines_n0039/e_0014 type ConditionOrFindingEntity => Iron_deficiency__mcdonagh-2023-esc-guidelines_n0039/e_0014 type PatientCondition
Rule_742	?a type ConditionOrFindingEntity => ?a type PatientCondition	angina__execut-1_n0048/e_0055 type ConditionOrFindingEntity => angina__execut-1_n0048/e_0055 type PatientCondition
Rule_742	?a type ConditionOrFindingEntity => ?a type PatientCondition	VT,_PVCs,_LQT__lenarczyk-2024-management-of-patients-with-an-electrical-storm-or-cluste_n0013/e_0119 type ConditionOrFindingEntity => VT,_PVCs,_LQT__lenarczyk-2024-management-of-patients-with-an-electrical-storm-or-cluste_n0013/e_0119 type PatientCondition
Rule_742	?a type ConditionOrFindingEntity => ?a type PatientCondition	SCD__zeppenfeld-2022-esc-guidelines-va-and-scd_n0019/e_0014 type ConditionOrFindingEntity => SCD__zeppenfeld-2022-esc-guidelines-va-and-scd_n0019/e_0014 type PatientCondition
Rule_742	?a type ConditionOrFindingEntity => ?a type PatientCondition	HF__mcdonagh-2023-esc-guidelines_n0095/e_0037 type ConditionOrFindingEntity => HF__mcdonagh-2023-esc-guidelines_n0095/e_0037 type PatientCondition
Rule_742	?a type ConditionOrFindingEntity => ?a type PatientCondition	ERP__zeppenfeld-2022-esc-guidelines-va-and-scd_n0021/e_0004 type ConditionOrFindingEntity => ERP__zeppenfeld-2022-esc-guidelines-va-and-scd_n0021/e_0004 type PatientCondition
Rule_742	?a type ConditionOrFindingEntity => ?a type PatientCondition	cognitive_impairment__execut-1_n0038/e_0016 type ConditionOrFindingEntity => cognitive_impairment__execut-1_n0038/e_0016 type PatientCondition
Rule_742	?a type ConditionOrFindingEntity => ?a type PatientCondition	T-wave_oversensing__braunschweig-2010-management-of-patients-receiving-implantable-cardiac-d_n0007/e_0001 type ConditionOrFindingEntity => T-wave_oversensing__braunschweig-2010-management-of-patients-receiving-implantable-cardiac-d_n0007/e_0001 type PatientCondition
Rule_742	?a type ConditionOrFindingEntity => ?a type PatientCondition	BrS__zeppenfeld-2022-esc-guidelines-va-and-scd_n0081/e_0001 type ConditionOrFindingEntity => BrS__zeppenfeld-2022-esc-guidelines-va-and-scd_n0081/e_0001 type PatientCondition
Rule_742	?a type ConditionOrFindingEntity => ?a type PatientCondition	hemodynamically_unstable_VT__al-khatib-2017-aha-acc-hrs-guideline-va-and-scd_n0039/e_0021 type ConditionOrFindingEntity => hemodynamically_unstable_VT__al-khatib-2017-aha-acc-hrs-guideline-va-and-scd_n0039/e_0021 type PatientCondition
Rule_742	?a type ConditionOrFindingEntity => ?a type PatientCondition	type_1_Brugada_ECG_induced_by_sodium_channel_blocker_challenge_or_during_fever__zeppenfeld-2022-esc-guidelines-va-and-scd_n0080/e_0007 type ConditionOrFindingEntity => type_1_Brugada_ECG_induced_by_sodium_channel_blocker_challenge_or_during_fever__zeppenfeld-2022-esc-guidelines-va-and-scd_n0080/e_0007 type PatientCondition
Rule_742	?a type ConditionOrFindingEntity => ?a type PatientCondition	pectoral_myopotentials__braunschweig-2010-management-of-patients-receiving-implantable-cardiac-d_n0007/e_0057 type ConditionOrFindingEntity => pectoral_myopotentials__braunschweig-2010-management-of-patients-receiving-implantable-cardiac-d_n0007/e_0057 type PatientCondition
Rule_742	?a type ConditionOrFindingEntity => ?a type PatientCondition	VT,_electrical_storm__zeppenfeld-2022-esc-guidelines-va-and-scd_n0038/e_0081 type ConditionOrFindingEntity => VT,_electrical_storm__zeppenfeld-2022-esc-guidelines-va-and-scd_n0038/e_0081 type PatientCondition
Rule_742	?a type ConditionOrFindingEntity => ?a type PatientCondition	CPVT__zeppenfeld-2022-esc-guidelines-va-and-scd_n0096/e_0053 type ConditionOrFindingEntity => CPVT__zeppenfeld-2022-esc-guidelines-va-and-scd_n0096/e_0053 type PatientCondition
Rule_742	?a type ConditionOrFindingEntity => ?a type PatientCondition	non-ischaemic_aetiology__mcdonagh-2023-esc-guidelines_n0045/e_0024 type ConditionOrFindingEntity => non-ischaemic_aetiology__mcdonagh-2023-esc-guidelines_n0045/e_0024 type PatientCondition
Rule_742	?a type ConditionOrFindingEntity => ?a type PatientCondition	resolving_end-organ_hypoperfusion__van-diepen-2017-contemporary-management-of-cardiogenic-shock_n0004/e_0047 type ConditionOrFindingEntity => resolving_end-organ_hypoperfusion__van-diepen-2017-contemporary-management-of-cardiogenic-shock_n0004/e_0047 type PatientCondition
Rule_742	?a type ConditionOrFindingEntity => ?a type PatientCondition	hypomagnesaemia__pelliccia-2020-2020-esc-guidelines-on-sports-cardiology-and-exercise-in_n0066/e_0010 type ConditionOrFindingEntity => hypomagnesaemia__pelliccia-2020-2020-esc-guidelines-on-sports-cardiology-and-exercise-in_n0066/e_0010 type PatientCondition
Rule_742	?a type ConditionOrFindingEntity => ?a type PatientCondition	prolonged_QT_interval__zeppenfeld-2022-esc-guidelines-va-and-scd_n0095/e_0073 type ConditionOrFindingEntity => prolonged_QT_interval__zeppenfeld-2022-esc-guidelines-va-and-scd_n0095/e_0073 type PatientCondition
Rule_742	?a type ConditionOrFindingEntity => ?a type PatientCondition	irreversible_renal_dysfunction_(e.g._creatinine_clearance_%3C30_mL/min/1.73_m%C2%B2)__mcdonagh-2023-esc-guidelines_n0062/e_0015 type ConditionOrFindingEntity => irreversible_renal_dysfunction_(e.g._creatinine_clearance_%3C30_mL/min/1.73_m%C2%B2)__mcdonagh-2023-esc-guidelines_n0062/e_0015 type PatientCondition
Rule_742	?a type ConditionOrFindingEntity => ?a type PatientCondition	VT__zeppenfeld-2022-esc-guidelines-va-and-scd_n0094/e_0095 type ConditionOrFindingEntity => VT__zeppenfeld-2022-esc-guidelines-va-and-scd_n0094/e_0095 type PatientCondition
Rule_742	?a type ConditionOrFindingEntity => ?a type PatientCondition	SMVT__zeppenfeld-2022-esc-guidelines-va-and-scd_n0036/e_0003 type ConditionOrFindingEntity => SMVT__zeppenfeld-2022-esc-guidelines-va-and-scd_n0036/e_0003 type PatientCondition
Rule_742	?a type ConditionOrFindingEntity => ?a type PatientCondition	the_diagnosis_of_HF__execut-1_n0026/e_0036 type ConditionOrFindingEntity => the_diagnosis_of_HF__execut-1_n0026/e_0036 type PatientCondition
Rule_742	?a type ConditionOrFindingEntity => ?a type PatientCondition	congenital_QT_prolongation__lenarczyk-2024-management-of-patients-with-an-electrical-storm-or-cluste_n0020/e_0068 type ConditionOrFindingEntity => congenital_QT_prolongation__lenarczyk-2024-management-of-patients-with-an-electrical-storm-or-cluste_n0020/e_0068 type PatientCondition
Rule_742	?a type ConditionOrFindingEntity => ?a type PatientCondition	weight_loss__riegel-2009-promoting-self-care-in-persons-with-heart-failure_n0004/e_0044 type ConditionOrFindingEntity => weight_loss__riegel-2009-promoting-self-care-in-persons-with-heart-failure_n0004/e_0044 type PatientCondition
Rule_742	?a type ConditionOrFindingEntity => ?a type PatientCondition	AVB__glikson-2021-2021-esc-guidelines-on-cardiac-pacing-and-cardiac-resynchro_n0085/e_0084 type ConditionOrFindingEntity => AVB__glikson-2021-2021-esc-guidelines-on-cardiac-pacing-and-cardiac-resynchro_n0085/e_0084 type PatientCondition
Rule_742	?a type ConditionOrFindingEntity => ?a type PatientCondition	wild-type_transthyretin_cardiac_amyloidosis__heidenreich-2022-aha-acc-hfsa-guidelines_n0072/e_0018 type ConditionOrFindingEntity => wild-type_transthyretin_cardiac_amyloidosis__heidenreich-2022-aha-acc-hfsa-guidelines_n0072/e_0018 type PatientCondition
Rule_742	?a type ConditionOrFindingEntity => ?a type PatientCondition	SMVT__zeppenfeld-2022-esc-guidelines-va-and-scd_n0020/e_0056 type ConditionOrFindingEntity => SMVT__zeppenfeld-2022-esc-guidelines-va-and-scd_n0020/e_0056 type PatientCondition
Rule_742	?a type ConditionOrFindingEntity => ?a type PatientCondition	bifascicular_block__glikson-2021-2021-esc-guidelines-on-cardiac-pacing-and-cardiac-resynchro_n0085/e_0041 type ConditionOrFindingEntity => bifascicular_block__glikson-2021-2021-esc-guidelines-on-cardiac-pacing-and-cardiac-resynchro_n0085/e_0041 type PatientCondition
Rule_742	?a type ConditionOrFindingEntity => ?a type PatientCondition	%E2%89%A440%25__maddox-2021-2021-update-to-the-2017-acc-expert-consensus-decision-pathwa_n0004/e_0002 type ConditionOrFindingEntity => %E2%89%A440%25__maddox-2021-2021-update-to-the-2017-acc-expert-consensus-decision-pathwa_n0004/e_0002 type PatientCondition
Rule_742	?a type ConditionOrFindingEntity => ?a type PatientCondition	second-_or_third-degree_intra-_or_infra-Hisian_block_during_incremental_atrial_pacing__glikson-2021-2021-esc-guidelines-on-cardiac-pacing-and-cardiac-resynchro_n0085/e_0035 type ConditionOrFindingEntity => second-_or_third-degree_intra-_or_infra-Hisian_block_during_incremental_atrial_pacing__glikson-2021-2021-esc-guidelines-on-cardiac-pacing-and-cardiac-resynchro_n0085/e_0035 type PatientCondition
Rule_742	?a type ConditionOrFindingEntity => ?a type PatientCondition	hypoxia__execut-1_n0044/e_0006 type ConditionOrFindingEntity => hypoxia__execut-1_n0044/e_0006 type PatientCondition
Rule_742	?a type ConditionOrFindingEntity => ?a type PatientCondition	no_evidence_of_ongoing_inflammation_or_myocardial_fibrosis_on_CMR__pelliccia-2020-2020-esc-guidelines-on-sports-cardiology-and-exercise-in_n0060/e_0014 type ConditionOrFindingEntity => no_evidence_of_ongoing_inflammation_or_myocardial_fibrosis_on_CMR__pelliccia-2020-2020-esc-guidelines-on-sports-cardiology-and-exercise-in_n0060/e_0014 type PatientCondition
Rule_742	?a type ConditionOrFindingEntity => ?a type PatientCondition	Worsening_renal_function__sectio-4_n0001/e_0004 type ConditionOrFindingEntity => Worsening_renal_function__sectio-4_n0001/e_0004 type PatientCondition
Rule_742	?a type ConditionOrFindingEntity => ?a type PatientCondition	LV_dysfunction_is_a_reason_for_recommending_electrophysiologic_intervention__execut-1_n0040/e_0010 type ConditionOrFindingEntity => LV_dysfunction_is_a_reason_for_recommending_electrophysiologic_intervention__execut-1_n0040/e_0010 type PatientCondition
Rule_742	?a type ConditionOrFindingEntity => ?a type PatientCondition	appropriate_capacity_for_device_handling__mcdonagh-2023-esc-guidelines_n0063/e_0004 type ConditionOrFindingEntity => appropriate_capacity_for_device_handling__mcdonagh-2023-esc-guidelines_n0063/e_0004 type PatientCondition
Rule_742	?a type ConditionOrFindingEntity => ?a type PatientCondition	VT__zeppenfeld-2022-esc-guidelines-va-and-scd_n0054/e_0042 type ConditionOrFindingEntity => VT__zeppenfeld-2022-esc-guidelines-va-and-scd_n0054/e_0042 type PatientCondition
Rule_742	?a type ConditionOrFindingEntity => ?a type PatientCondition	essential_fatty_acid_deficiency__vest-2019-nutrition-obesity-and-cachexia-in-patients-with-heart-failure_n0002/e_0014 type ConditionOrFindingEntity => essential_fatty_acid_deficiency__vest-2019-nutrition-obesity-and-cachexia-in-patients-with-heart-failure_n0002/e_0014 type PatientCondition
Rule_742	?a type ConditionOrFindingEntity => ?a type PatientCondition	SQTS__zeppenfeld-2022-esc-guidelines-va-and-scd_n0085/e_0012 type ConditionOrFindingEntity => SQTS__zeppenfeld-2022-esc-guidelines-va-and-scd_n0085/e_0012 type PatientCondition
Rule_742	?a type ConditionOrFindingEntity => ?a type PatientCondition	Cigarette_smoking__mcdonagh-2023-esc-guidelines_n0051/e_0004 type ConditionOrFindingEntity => Cigarette_smoking__mcdonagh-2023-esc-guidelines_n0051/e_0004 type PatientCondition
Rule_742	?a type ConditionOrFindingEntity => ?a type PatientCondition	(a)_significant_LGE_at_CMR_(usually_%E2%89%A515%25_of_LV_mass);_or_(b)_LVEF_%3C_50%25;_or_(c)_LV_apical_aneurysm__zeppenfeld-2022-esc-guidelines-va-and-scd_n0063/e_0030 type ConditionOrFindingEntity => (a)_significant_LGE_at_CMR_(usually_%E2%89%A515%25_of_LV_mass);_or_(b)_LVEF_%3C_50%25;_or_(c)_LV_apical_aneurysm__zeppenfeld-2022-esc-guidelines-va-and-scd_n0063/e_0030 type PatientCondition
Rule_742	?a type ConditionOrFindingEntity => ?a type PatientCondition	survivors_of_an_aborted_CA__zeppenfeld-2022-esc-guidelines-va-and-scd_n0096/e_0030 type ConditionOrFindingEntity => survivors_of_an_aborted_CA__zeppenfeld-2022-esc-guidelines-va-and-scd_n0096/e_0030 type PatientCondition
Rule_742	?a type ConditionOrFindingEntity => ?a type PatientCondition	VA__al-khatib-2017-aha-acc-hrs-guideline-va-and-scd_n0074/e_0018 type ConditionOrFindingEntity => VA__al-khatib-2017-aha-acc-hrs-guideline-va-and-scd_n0074/e_0018 type PatientCondition
Rule_742	?a type ConditionOrFindingEntity => ?a type PatientCondition	arrhythmias__zeppenfeld-2022-esc-guidelines-va-and-scd_n0077/e_0020 type ConditionOrFindingEntity => arrhythmias__zeppenfeld-2022-esc-guidelines-va-and-scd_n0077/e_0020 type PatientCondition
Rule_742	?a type ConditionOrFindingEntity => ?a type PatientCondition	Malignancy_with_poor_prognosis__mcdonagh-2023-esc-guidelines_n0062/e_0010 type ConditionOrFindingEntity => Malignancy_with_poor_prognosis__mcdonagh-2023-esc-guidelines_n0062/e_0010 type PatientCondition
Rule_742	?a type ConditionOrFindingEntity => ?a type PatientCondition	Resuscitated_CA__zeppenfeld-2022-esc-guidelines-va-and-scd_n0025/e_0003 type ConditionOrFindingEntity => Resuscitated_CA__zeppenfeld-2022-esc-guidelines-va-and-scd_n0025/e_0003 type PatientCondition
Rule_742	?a type ConditionOrFindingEntity => ?a type PatientCondition	giant_cell_myocarditis,_eosinophilic_myocarditis,_sarcoidosis_or_vasculitis__mcdonagh-2023-esc-guidelines_n0084/e_0068 type ConditionOrFindingEntity => giant_cell_myocarditis,_eosinophilic_myocarditis,_sarcoidosis_or_vasculitis__mcdonagh-2023-esc-guidelines_n0084/e_0068 type PatientCondition
Rule_742	?a type ConditionOrFindingEntity => ?a type PatientCondition	Hepatic__lenarczyk-2024-management-of-patients-with-an-electrical-storm-or-cluste_n0013/e_0095 type ConditionOrFindingEntity => Hepatic__lenarczyk-2024-management-of-patients-with-an-electrical-storm-or-cluste_n0013/e_0095 type PatientCondition
Rule_742	?a type ConditionOrFindingEntity => ?a type PatientCondition	syncope__zeppenfeld-2022-esc-guidelines-va-and-scd_n0094/e_0088 type ConditionOrFindingEntity => syncope__zeppenfeld-2022-esc-guidelines-va-and-scd_n0094/e_0088 type PatientCondition
Rule_742	?a type ConditionOrFindingEntity => ?a type PatientCondition	suspected_arrhythmogenic_right_ventricular_cardiomyopathy__al-khatib-2017-aha-acc-hrs-guideline-va-and-scd_n0042/e_0008 type ConditionOrFindingEntity => suspected_arrhythmogenic_right_ventricular_cardiomyopathy__al-khatib-2017-aha-acc-hrs-guideline-va-and-scd_n0042/e_0008 type PatientCondition
Rule_742	?a type ConditionOrFindingEntity => ?a type PatientCondition	Non-ischemic_etiology__execut-1_n0040/e_0036 type ConditionOrFindingEntity => Non-ischemic_etiology__execut-1_n0040/e_0036 type PatientCondition
Rule_742	?a type ConditionOrFindingEntity => ?a type PatientCondition	SMVT__zeppenfeld-2022-esc-guidelines-va-and-scd_n0067/e_0045 type ConditionOrFindingEntity => SMVT__zeppenfeld-2022-esc-guidelines-va-and-scd_n0067/e_0045 type PatientCondition
Rule_742	?a type ConditionOrFindingEntity => ?a type PatientCondition	VF__zeppenfeld-2022-esc-guidelines-va-and-scd_n0036/e_0058 type ConditionOrFindingEntity => VF__zeppenfeld-2022-esc-guidelines-va-and-scd_n0036/e_0058 type PatientCondition
Rule_742	?a type ConditionOrFindingEntity => ?a type PatientCondition	clinical_suspicion_and_underlying_cardiac_risk_factors__execut-1_n0027/e_0012 type ConditionOrFindingEntity => clinical_suspicion_and_underlying_cardiac_risk_factors__execut-1_n0027/e_0012 type PatientCondition
Rule_742	?a type ConditionOrFindingEntity => ?a type PatientCondition	VA__al-khatib-2017-aha-acc-hrs-guideline-va-and-scd_n0046/e_0020 type ConditionOrFindingEntity => VA__al-khatib-2017-aha-acc-hrs-guideline-va-and-scd_n0046/e_0020 type PatientCondition
Rule_742	?a type ConditionOrFindingEntity => ?a type PatientCondition	BrS__zeppenfeld-2022-esc-guidelines-va-and-scd_n0081/e_0038 type ConditionOrFindingEntity => BrS__zeppenfeld-2022-esc-guidelines-va-and-scd_n0081/e_0038 type PatientCondition
Rule_742	?a type ConditionOrFindingEntity => ?a type PatientCondition	high_heat_and_humidity__mcdonagh-2023-esc-guidelines_n0055/e_0049 type ConditionOrFindingEntity => high_heat_and_humidity__mcdonagh-2023-esc-guidelines_n0055/e_0049 type PatientCondition
Rule_742	?a type ConditionOrFindingEntity => ?a type PatientCondition	NYHA_class_II,_III,_or_ambulatory_IV_symptoms__heidenreich-2022-aha-acc-hfsa-guidelines_n0063/e_0037 type ConditionOrFindingEntity => NYHA_class_II,_III,_or_ambulatory_IV_symptoms__heidenreich-2022-aha-acc-hfsa-guidelines_n0063/e_0037 type PatientCondition
Rule_742	?a type ConditionOrFindingEntity => ?a type PatientCondition	AHF__mcdonagh-2023-esc-guidelines_n0096/e_0066 type ConditionOrFindingEntity => AHF__mcdonagh-2023-esc-guidelines_n0096/e_0066 type PatientCondition
Rule_742	?a type ConditionOrFindingEntity => ?a type PatientCondition	COPD__ambrosetti-2020-secondary-prevention-comprehensive-cardiovascular-rehabi_n0015/e_0008 type ConditionOrFindingEntity => COPD__ambrosetti-2020-secondary-prevention-comprehensive-cardiovascular-rehabi_n0015/e_0008 type PatientCondition
Rule_742	?a type ConditionOrFindingEntity => ?a type PatientCondition	NSVT__zeppenfeld-2022-esc-guidelines-va-and-scd_n0072/e_0017 type ConditionOrFindingEntity => NSVT__zeppenfeld-2022-esc-guidelines-va-and-scd_n0072/e_0017 type PatientCondition
Rule_742	?a type ConditionOrFindingEntity => ?a type PatientCondition	su_verified_6ed52cdf724db04223b4d1c2e62f3c35f6b42bc19bc5e3198277d681d47e1eb9_table_7/e_0024 type ConditionOrFindingEntity => su_verified_6ed52cdf724db04223b4d1c2e62f3c35f6b42bc19bc5e3198277d681d47e1eb9_table_7/e_0024 type PatientCondition
Rule_742	?a type ConditionOrFindingEntity => ?a type PatientCondition	Nonoperable_severe_congenital_heart_disease__heidenreich-2022-aha-acc-hfsa-guidelines_n0075/e_0010 type ConditionOrFindingEntity => Nonoperable_severe_congenital_heart_disease__heidenreich-2022-aha-acc-hfsa-guidelines_n0075/e_0010 type PatientCondition
Rule_742	?a type ConditionOrFindingEntity => ?a type PatientCondition	indication_for_permanent_cardiac_pacing_related_to_high-degree_AV_block__zeppenfeld-2022-esc-guidelines-va-and-scd_n0068/e_0005 type ConditionOrFindingEntity => indication_for_permanent_cardiac_pacing_related_to_high-degree_AV_block__zeppenfeld-2022-esc-guidelines-va-and-scd_n0068/e_0005 type PatientCondition
Rule_742	?a type ConditionOrFindingEntity => ?a type PatientCondition	high-degree_AVB__glikson-2021-2021-esc-guidelines-on-cardiac-pacing-and-cardiac-resynchro_n0054/e_0008 type ConditionOrFindingEntity => high-degree_AVB__glikson-2021-2021-esc-guidelines-on-cardiac-pacing-and-cardiac-resynchro_n0054/e_0008 type PatientCondition
Rule_742	?a type ConditionOrFindingEntity => ?a type PatientCondition	NYHA_class_IV_symptoms__al-khatib-2017-aha-acc-hrs-guideline-va-and-scd_n0035/e_0038 type ConditionOrFindingEntity => NYHA_class_IV_symptoms__al-khatib-2017-aha-acc-hrs-guideline-va-and-scd_n0035/e_0038 type PatientCondition
Rule_742	?a type ConditionOrFindingEntity => ?a type PatientCondition	High-degree_or_complete_AVB_after_cardiac_surgery__glikson-2021-2021-esc-guidelines-on-cardiac-pacing-and-cardiac-resynchro_n0086/e_0001 type ConditionOrFindingEntity => High-degree_or_complete_AVB_after_cardiac_surgery__glikson-2021-2021-esc-guidelines-on-cardiac-pacing-and-cardiac-resynchro_n0086/e_0001 type PatientCondition
Rule_742	?a type ConditionOrFindingEntity => ?a type PatientCondition	cardiac_disease__heidenreich-2022-aha-acc-hfsa-guidelines_n0019/e_0005 type ConditionOrFindingEntity => cardiac_disease__heidenreich-2022-aha-acc-hfsa-guidelines_n0019/e_0005 type PatientCondition
Rule_742	?a type ConditionOrFindingEntity => ?a type PatientCondition	congenital_heart_disease__mcdonagh-2023-esc-guidelines_n0032/e_0006 type ConditionOrFindingEntity => congenital_heart_disease__mcdonagh-2023-esc-guidelines_n0032/e_0006 type PatientCondition
Rule_742	?a type ConditionOrFindingEntity => ?a type PatientCondition	aborted_CA_due_to_VF__zeppenfeld-2022-esc-guidelines-va-and-scd_n0073/e_0006 type ConditionOrFindingEntity => aborted_CA_due_to_VF__zeppenfeld-2022-esc-guidelines-va-and-scd_n0073/e_0006 type PatientCondition
Rule_742	?a type ConditionOrFindingEntity => ?a type PatientCondition	sustained_VT__al-khatib-2017-aha-acc-hrs-guideline-va-and-scd_n0042/e_0018 type ConditionOrFindingEntity => sustained_VT__al-khatib-2017-aha-acc-hrs-guideline-va-and-scd_n0042/e_0018 type PatientCondition
Rule_742	?a type ConditionOrFindingEntity => ?a type PatientCondition	VA__zeppenfeld-2022-esc-guidelines-va-and-scd_n0018/e_0077 type ConditionOrFindingEntity => VA__zeppenfeld-2022-esc-guidelines-va-and-scd_n0018/e_0077 type PatientCondition
Rule_742	?a type ConditionOrFindingEntity => ?a type PatientCondition	suspected_PVC-induced_cardiomyopathy__zeppenfeld-2022-esc-guidelines-va-and-scd_n0058/e_0006 type ConditionOrFindingEntity => suspected_PVC-induced_cardiomyopathy__zeppenfeld-2022-esc-guidelines-va-and-scd_n0058/e_0006 type PatientCondition
Rule_742	?a type ConditionOrFindingEntity => ?a type PatientCondition	VT__zeppenfeld-2022-esc-guidelines-va-and-scd_n0093/e_0096 type ConditionOrFindingEntity => VT__zeppenfeld-2022-esc-guidelines-va-and-scd_n0093/e_0096 type PatientCondition
Rule_742	?a type ConditionOrFindingEntity => ?a type PatientCondition	VT__zeppenfeld-2022-esc-guidelines-va-and-scd_n0018/e_0018 type ConditionOrFindingEntity => VT__zeppenfeld-2022-esc-guidelines-va-and-scd_n0018/e_0018 type PatientCondition
Rule_742	?a type ConditionOrFindingEntity => ?a type PatientCondition	atrial_fibrillation,_ventricular_arrhythmias,_or_repetitive_ICD_shocks__maddox-2021-2021-update-to-the-2017-acc-expert-consensus-decision-pathwa_n0010/e_0014 type ConditionOrFindingEntity => atrial_fibrillation,_ventricular_arrhythmias,_or_repetitive_ICD_shocks__maddox-2021-2021-update-to-the-2017-acc-expert-consensus-decision-pathwa_n0010/e_0014 type PatientCondition
Rule_742	?a type ConditionOrFindingEntity => ?a type PatientCondition	ERP__zeppenfeld-2022-esc-guidelines-va-and-scd_n0021/e_0006 type ConditionOrFindingEntity => ERP__zeppenfeld-2022-esc-guidelines-va-and-scd_n0021/e_0006 type PatientCondition
Rule_742	?a type ConditionOrFindingEntity => ?a type PatientCondition	VF__zeppenfeld-2022-esc-guidelines-va-and-scd_n0075/e_0001 type ConditionOrFindingEntity => VF__zeppenfeld-2022-esc-guidelines-va-and-scd_n0075/e_0001 type PatientCondition
Rule_742	?a type ConditionOrFindingEntity => ?a type PatientCondition	moderate_HF__sectio-1_n0016/e_0026 type ConditionOrFindingEntity => moderate_HF__sectio-1_n0016/e_0026 type PatientCondition
Rule_742	?a type ConditionOrFindingEntity => ?a type PatientCondition	therapy_optimization__pelliccia-2020-2020-esc-guidelines-on-sports-cardiology-and-exercise-in_n0044/e_0008 type ConditionOrFindingEntity => therapy_optimization__pelliccia-2020-2020-esc-guidelines-on-sports-cardiology-and-exercise-in_n0044/e_0008 type PatientCondition
Rule_742	?a type ConditionOrFindingEntity => ?a type PatientCondition	VF__zeppenfeld-2022-esc-guidelines-va-and-scd_n0081/e_0052 type ConditionOrFindingEntity => VF__zeppenfeld-2022-esc-guidelines-va-and-scd_n0081/e_0052 type PatientCondition
Rule_742	?a type ConditionOrFindingEntity => ?a type PatientCondition	pregnant__heidenreich-2022-aha-acc-hfsa-guidelines_n0107/e_0015 type ConditionOrFindingEntity => pregnant__heidenreich-2022-aha-acc-hfsa-guidelines_n0107/e_0015 type PatientCondition
Rule_742	?a type ConditionOrFindingEntity => ?a type PatientCondition	VF__zeppenfeld-2022-esc-guidelines-va-and-scd_n0061/e_0006 type ConditionOrFindingEntity => VF__zeppenfeld-2022-esc-guidelines-va-and-scd_n0061/e_0006 type PatientCondition
Rule_742	?a type ConditionOrFindingEntity => ?a type PatientCondition	Worsened_congestion__execut-1_n0020/e_0012 type ConditionOrFindingEntity => Worsened_congestion__execut-1_n0020/e_0012 type PatientCondition
Rule_742	?a type ConditionOrFindingEntity => ?a type PatientCondition	HCM__mcdonagh-2023-esc-guidelines_n0085/e_0005 type ConditionOrFindingEntity => HCM__mcdonagh-2023-esc-guidelines_n0085/e_0005 type PatientCondition
Rule_742	?a type ConditionOrFindingEntity => ?a type PatientCondition	SMVT__zeppenfeld-2022-esc-guidelines-va-and-scd_n0018/e_0012 type ConditionOrFindingEntity => SMVT__zeppenfeld-2022-esc-guidelines-va-and-scd_n0018/e_0012 type PatientCondition
Rule_742	?a type ConditionOrFindingEntity => ?a type PatientCondition	VT__zeppenfeld-2022-esc-guidelines-va-and-scd_n0018/e_0033 type ConditionOrFindingEntity => VT__zeppenfeld-2022-esc-guidelines-va-and-scd_n0018/e_0033 type PatientCondition
Rule_742	?a type ConditionOrFindingEntity => ?a type PatientCondition	diagnosis_of_HF__tsutsui-2023-natriuretic-peptides-role-in-the-diagnosis-and-management-o_n0001/e_0024 type ConditionOrFindingEntity => diagnosis_of_HF__tsutsui-2023-natriuretic-peptides-role-in-the-diagnosis-and-management-o_n0001/e_0024 type PatientCondition
Rule_742	?a type ConditionOrFindingEntity => ?a type PatientCondition	Nail,_hair,_and_skin_changes__vest-2019-nutrition-obesity-and-cachexia-in-patients-with-heart-failure_n0002/e_0015 type ConditionOrFindingEntity => Nail,_hair,_and_skin_changes__vest-2019-nutrition-obesity-and-cachexia-in-patients-with-heart-failure_n0002/e_0015 type PatientCondition
Rule_742	?a type ConditionOrFindingEntity => ?a type PatientCondition	PVT__zeppenfeld-2022-esc-guidelines-va-and-scd_n0022/e_0005 type ConditionOrFindingEntity => PVT__zeppenfeld-2022-esc-guidelines-va-and-scd_n0022/e_0005 type PatientCondition
Rule_742	?a type ConditionOrFindingEntity => ?a type PatientCondition	presence_of_structural_heart_disease__glikson-2021-2021-esc-guidelines-on-cardiac-pacing-and-cardiac-resynchro_n0084/e_0018 type ConditionOrFindingEntity => presence_of_structural_heart_disease__glikson-2021-2021-esc-guidelines-on-cardiac-pacing-and-cardiac-resynchro_n0084/e_0018 type PatientCondition
Rule_742	?a type ConditionOrFindingEntity => ?a type PatientCondition	preeclampsia__heidenreich-2022-aha-acc-hfsa-guidelines_n0108/e_0038 type ConditionOrFindingEntity => preeclampsia__heidenreich-2022-aha-acc-hfsa-guidelines_n0108/e_0038 type PatientCondition
Rule_742	?a type ConditionOrFindingEntity => ?a type PatientCondition	bradyarrhythmias__glikson-2021-2021-esc-guidelines-on-cardiac-pacing-and-cardiac-resynchro_n0046/e_0009 type ConditionOrFindingEntity => bradyarrhythmias__glikson-2021-2021-esc-guidelines-on-cardiac-pacing-and-cardiac-resynchro_n0046/e_0009 type PatientCondition
Rule_742	?a type ConditionOrFindingEntity => ?a type PatientCondition	HFrEF__glikson-2021-2021-esc-guidelines-on-cardiac-pacing-and-cardiac-resynchro_n0052/e_0018 type ConditionOrFindingEntity => HFrEF__glikson-2021-2021-esc-guidelines-on-cardiac-pacing-and-cardiac-resynchro_n0052/e_0018 type PatientCondition
Rule_742	?a type ConditionOrFindingEntity => ?a type PatientCondition	planning_for_pregnancy__heidenreich-2022-aha-acc-hfsa-guidelines_n0107/e_0016 type ConditionOrFindingEntity => planning_for_pregnancy__heidenreich-2022-aha-acc-hfsa-guidelines_n0107/e_0016 type PatientCondition
Rule_742	?a type ConditionOrFindingEntity => ?a type PatientCondition	Lyme_disease_(Borrelia)__mcdonagh-2023-esc-guidelines_n0084/e_0062 type ConditionOrFindingEntity => Lyme_disease_(Borrelia)__mcdonagh-2023-esc-guidelines_n0084/e_0062 type PatientCondition
Rule_742	?a type ConditionOrFindingEntity => ?a type PatientCondition	SHD__zeppenfeld-2022-esc-guidelines-va-and-scd_n0017/e_0025 type ConditionOrFindingEntity => SHD__zeppenfeld-2022-esc-guidelines-va-and-scd_n0017/e_0025 type PatientCondition
Rule_742	?a type ConditionOrFindingEntity => ?a type PatientCondition	pregnancy__regitz-zagrosek-2018-2018-esc-guideline-for-the-management-of-cardiovasc_n0029/e_0046 type ConditionOrFindingEntity => pregnancy__regitz-zagrosek-2018-2018-esc-guideline-for-the-management-of-cardiovasc_n0029/e_0046 type PatientCondition
Rule_742	?a type ConditionOrFindingEntity => ?a type PatientCondition	SMVT__zeppenfeld-2022-esc-guidelines-va-and-scd_n0022/e_0033 type ConditionOrFindingEntity => SMVT__zeppenfeld-2022-esc-guidelines-va-and-scd_n0022/e_0033 type PatientCondition
Rule_742	?a type ConditionOrFindingEntity => ?a type PatientCondition	reversible_causes__lenarczyk-2024-management-of-patients-with-an-electrical-storm-or-cluste_n0010/e_0014 type ConditionOrFindingEntity => reversible_causes__lenarczyk-2024-management-of-patients-with-an-electrical-storm-or-cluste_n0010/e_0014 type PatientCondition
Rule_742	?a type ConditionOrFindingEntity => ?a type PatientCondition	early_repolarization_pattern_on_ECG__al-khatib-2017-aha-acc-hrs-guideline-va-and-scd_n0059/e_0003 type ConditionOrFindingEntity => early_repolarization_pattern_on_ECG__al-khatib-2017-aha-acc-hrs-guideline-va-and-scd_n0059/e_0003 type PatientCondition
Rule_742	?a type ConditionOrFindingEntity => ?a type PatientCondition	K%E2%81%BA_%3E5.2_or_%3C3.5_mmol/L__supp-material-esc-guidelines_n0018/e_0013 type ConditionOrFindingEntity => K%E2%81%BA_%3E5.2_or_%3C3.5_mmol/L__supp-material-esc-guidelines_n0018/e_0013 type PatientCondition
Rule_742	?a type ConditionOrFindingEntity => ?a type PatientCondition	HF__mcdonagh-2023-esc-guidelines_n0095/e_0021 type ConditionOrFindingEntity => HF__mcdonagh-2023-esc-guidelines_n0095/e_0021 type PatientCondition
Rule_742	?a type ConditionOrFindingEntity => ?a type PatientCondition	HFrEF__mcdonagh-2023-esc-guidelines_n0086/e_0024 type ConditionOrFindingEntity => HFrEF__mcdonagh-2023-esc-guidelines_n0086/e_0024 type PatientCondition
Rule_742	?a type ConditionOrFindingEntity => ?a type PatientCondition	heart_failure__zeppenfeld-2022-esc-guidelines-va-and-scd_n0037/e_0005 type ConditionOrFindingEntity => heart_failure__zeppenfeld-2022-esc-guidelines-va-and-scd_n0037/e_0005 type PatientCondition
Rule_742	?a type ConditionOrFindingEntity => ?a type PatientCondition	strong_family_history__pelliccia-2020-2020-esc-guidelines-on-sports-cardiology-and-exercise-in_n0025/e_0018 type ConditionOrFindingEntity => strong_family_history__pelliccia-2020-2020-esc-guidelines-on-sports-cardiology-and-exercise-in_n0025/e_0018 type PatientCondition
Rule_742	?a type ConditionOrFindingEntity => ?a type PatientCondition	recurrent,_symptomatic_VA__zeppenfeld-2022-esc-guidelines-va-and-scd_n0063/e_0038 type ConditionOrFindingEntity => recurrent,_symptomatic_VA__zeppenfeld-2022-esc-guidelines-va-and-scd_n0063/e_0038 type PatientCondition
Rule_742	?a type ConditionOrFindingEntity => ?a type PatientCondition	a_comprehensive_evaluation_did_not_demonstrate_a_cause__glikson-2021-2021-esc-guidelines-on-cardiac-pacing-and-cardiac-resynchro_n0085/e_0008 type ConditionOrFindingEntity => a_comprehensive_evaluation_did_not_demonstrate_a_cause__glikson-2021-2021-esc-guidelines-on-cardiac-pacing-and-cardiac-resynchro_n0085/e_0008 type PatientCondition
Rule_742	?a type ConditionOrFindingEntity => ?a type PatientCondition	T-wave_alternans__zeppenfeld-2022-esc-guidelines-va-and-scd_n0025/e_0050 type ConditionOrFindingEntity => T-wave_alternans__zeppenfeld-2022-esc-guidelines-va-and-scd_n0025/e_0050 type PatientCondition
Rule_742	?a type ConditionOrFindingEntity => ?a type PatientCondition	SND__glikson-2021-2021-esc-guidelines-on-cardiac-pacing-and-cardiac-resynchro_n0046/e_0045 type ConditionOrFindingEntity => SND__glikson-2021-2021-esc-guidelines-on-cardiac-pacing-and-cardiac-resynchro_n0046/e_0045 type PatientCondition
Rule_742	?a type ConditionOrFindingEntity => ?a type PatientCondition	LVEF_%E2%89%A435%25__zeppenfeld-2022-esc-guidelines-va-and-scd_n0060/e_0023 type ConditionOrFindingEntity => LVEF_%E2%89%A435%25__zeppenfeld-2022-esc-guidelines-va-and-scd_n0060/e_0023 type PatientCondition
Rule_742	?a type ConditionOrFindingEntity => ?a type PatientCondition	VT,_PVC__al-khatib-2017-aha-acc-hrs-guideline-va-and-scd_n0026/e_0083 type ConditionOrFindingEntity => VT,_PVC__al-khatib-2017-aha-acc-hrs-guideline-va-and-scd_n0026/e_0083 type PatientCondition
Rule_742	?a type ConditionOrFindingEntity => ?a type PatientCondition	comorbidities__mcdonagh-2023-esc-guidelines_n0021/e_0048 type ConditionOrFindingEntity => comorbidities__mcdonagh-2023-esc-guidelines_n0021/e_0048 type PatientCondition
Rule_742	?a type ConditionOrFindingEntity => ?a type PatientCondition	urinary_tract_infections__maddox-2021-2021-update-to-the-2017-acc-expert-consensus-decision-pathwa_n0008/e_0023 type ConditionOrFindingEntity => urinary_tract_infections__maddox-2021-2021-update-to-the-2017-acc-expert-consensus-decision-pathwa_n0008/e_0023 type PatientCondition
Rule_742	?a type ConditionOrFindingEntity => ?a type PatientCondition	HCM__regitz-zagrosek-2018-2018-esc-guideline-for-the-management-of-cardiovasc_n0025/e_0047 type ConditionOrFindingEntity => HCM__regitz-zagrosek-2018-2018-esc-guideline-for-the-management-of-cardiovasc_n0025/e_0047 type PatientCondition
Rule_742	?a type ConditionOrFindingEntity => ?a type PatientCondition	safety%5C'_or_%5C'stand-by%5C'_mode__braunschweig-2010-management-of-patients-receiving-implantable-cardiac-d_n0007/e_0029 type ConditionOrFindingEntity => safety%5C'_or_%5C'stand-by%5C'_mode__braunschweig-2010-management-of-patients-receiving-implantable-cardiac-d_n0007/e_0029 type PatientCondition
Rule_742	?a type ConditionOrFindingEntity => ?a type PatientCondition	Clinical_deterioration__maddox-2021-2021-update-to-the-2017-acc-expert-consensus-decision-pathwa_n0010/e_0022 type ConditionOrFindingEntity => Clinical_deterioration__maddox-2021-2021-update-to-the-2017-acc-expert-consensus-decision-pathwa_n0010/e_0022 type PatientCondition
Rule_742	?a type ConditionOrFindingEntity => ?a type PatientCondition	Symptoms__glikson-2021-2021-esc-guidelines-on-cardiac-pacing-and-cardiac-resynchro_n0064/e_0004 type ConditionOrFindingEntity => Symptoms__glikson-2021-2021-esc-guidelines-on-cardiac-pacing-and-cardiac-resynchro_n0064/e_0004 type PatientCondition
Rule_742	?a type ConditionOrFindingEntity => ?a type PatientCondition	probable_pulmonary_hypertension__mcdonagh-2023-esc-guidelines_n0032/e_0010 type ConditionOrFindingEntity => probable_pulmonary_hypertension__mcdonagh-2023-esc-guidelines_n0032/e_0010 type PatientCondition
Rule_742	?a type ConditionOrFindingEntity => ?a type PatientCondition	obstructive_and_central_sleep_apnea__heidenreich-2022-aha-acc-hfsa-guidelines_n0099/e_0019 type ConditionOrFindingEntity => obstructive_and_central_sleep_apnea__heidenreich-2022-aha-acc-hfsa-guidelines_n0099/e_0019 type PatientCondition
Rule_742	?a type ConditionOrFindingEntity => ?a type PatientCondition	CAD__zeppenfeld-2022-esc-guidelines-va-and-scd_n0093/e_0062 type ConditionOrFindingEntity => CAD__zeppenfeld-2022-esc-guidelines-va-and-scd_n0093/e_0062 type PatientCondition
Rule_742	?a type ConditionOrFindingEntity => ?a type PatientCondition	at_low_risk__pelliccia-2020-2020-esc-guidelines-on-sports-cardiology-and-exercise-in_n0041/e_0007 type ConditionOrFindingEntity => at_low_risk__pelliccia-2020-2020-esc-guidelines-on-sports-cardiology-and-exercise-in_n0041/e_0007 type PatientCondition
Rule_742	?a type ConditionOrFindingEntity => ?a type PatientCondition	stage_of_illness__execut-1_n0038/e_0023 type ConditionOrFindingEntity => stage_of_illness__execut-1_n0038/e_0023 type PatientCondition
Rule_742	?a type ConditionOrFindingEntity => ?a type PatientCondition	dyspnea__execut-1_n0043/e_0003 type ConditionOrFindingEntity => dyspnea__execut-1_n0043/e_0003 type PatientCondition
Rule_742	?a type ConditionOrFindingEntity => ?a type PatientCondition	multivessel_disease__mcdonagh-2023-esc-guidelines_n0075/e_0004 type ConditionOrFindingEntity => multivessel_disease__mcdonagh-2023-esc-guidelines_n0075/e_0004 type PatientCondition
Rule_742	?a type ConditionOrFindingEntity => ?a type PatientCondition	VT__zeppenfeld-2022-esc-guidelines-va-and-scd_n0036/e_0008 type ConditionOrFindingEntity => VT__zeppenfeld-2022-esc-guidelines-va-and-scd_n0036/e_0008 type PatientCondition
Rule_742	?a type ConditionOrFindingEntity => ?a type PatientCondition	absolute_contraindications__mcdonagh-2023-esc-guidelines_n0063/e_0010 type ConditionOrFindingEntity => absolute_contraindications__mcdonagh-2023-esc-guidelines_n0063/e_0010 type PatientCondition
Rule_742	?a type ConditionOrFindingEntity => ?a type PatientCondition	LVEF_does_not_normalize__regitz-zagrosek-2018-2018-esc-guideline-for-the-management-of-cardiovasc_n0025/e_0038 type ConditionOrFindingEntity => LVEF_does_not_normalize__regitz-zagrosek-2018-2018-esc-guideline-for-the-management-of-cardiovasc_n0025/e_0038 type PatientCondition
Rule_742	?a type ConditionOrFindingEntity => ?a type PatientCondition	Mobitz_type_2_second-degree_or_higher_AV_block__mcdonagh-2023-esc-guidelines_n0089/e_0003 type ConditionOrFindingEntity => Mobitz_type_2_second-degree_or_higher_AV_block__mcdonagh-2023-esc-guidelines_n0089/e_0003 type PatientCondition
Rule_742	?a type ConditionOrFindingEntity => ?a type PatientCondition	The_differential_diagnoses_in_Table_4.5__execut-1_n0026/e_0031 type ConditionOrFindingEntity => The_differential_diagnoses_in_Table_4.5__execut-1_n0026/e_0031 type PatientCondition
Rule_742	?a type ConditionOrFindingEntity => ?a type PatientCondition	additional_risk_factors__zeppenfeld-2022-esc-guidelines-va-and-scd_n0072/e_0013 type ConditionOrFindingEntity => additional_risk_factors__zeppenfeld-2022-esc-guidelines-va-and-scd_n0072/e_0013 type PatientCondition
Rule_742	?a type ConditionOrFindingEntity => ?a type PatientCondition	CAD__zeppenfeld-2022-esc-guidelines-va-and-scd_n0054/e_0025 type ConditionOrFindingEntity => CAD__zeppenfeld-2022-esc-guidelines-va-and-scd_n0054/e_0025 type PatientCondition
Rule_742	?a type ConditionOrFindingEntity => ?a type PatientCondition	HF__execut-1_n0048/e_0054 type ConditionOrFindingEntity => HF__execut-1_n0048/e_0054 type PatientCondition
Rule_742	?a type ConditionOrFindingEntity => ?a type PatientCondition	malfunction__braunschweig-2010-management-of-patients-receiving-implantable-cardiac-d_n0007/e_0045 type ConditionOrFindingEntity => malfunction__braunschweig-2010-management-of-patients-receiving-implantable-cardiac-d_n0007/e_0045 type PatientCondition
Rule_742	?a type ConditionOrFindingEntity => ?a type PatientCondition	severe_bradycardia__glikson-2021-2021-esc-guidelines-on-cardiac-pacing-and-cardiac-resynchro_n0085/e_0003 type ConditionOrFindingEntity => severe_bradycardia__glikson-2021-2021-esc-guidelines-on-cardiac-pacing-and-cardiac-resynchro_n0085/e_0003 type PatientCondition
Rule_742	?a type ConditionOrFindingEntity => ?a type PatientCondition	su_verified_6ed52cdf724db04223b4d1c2e62f3c35f6b42bc19bc5e3198277d681d47e1eb9_table_5/e_0077 type ConditionOrFindingEntity => su_verified_6ed52cdf724db04223b4d1c2e62f3c35f6b42bc19bc5e3198277d681d47e1eb9_table_5/e_0077 type PatientCondition
Rule_742	?a type ConditionOrFindingEntity => ?a type PatientCondition	unless_device_therapy_is_contraindicated_or_inconsistent_with_overall_goals_of_care__maddox-2021-2021-update-to-the-2017-acc-expert-consensus-decision-pathwa_n0010/e_0030 type ConditionOrFindingEntity => unless_device_therapy_is_contraindicated_or_inconsistent_with_overall_goals_of_care__maddox-2021-2021-update-to-the-2017-acc-expert-consensus-decision-pathwa_n0010/e_0030 type PatientCondition
Rule_742	?a type ConditionOrFindingEntity => ?a type PatientCondition	oedema__mcdonagh-2023-esc-guidelines_n0055/e_0111 type ConditionOrFindingEntity => oedema__mcdonagh-2023-esc-guidelines_n0055/e_0111 type PatientCondition
Rule_742	?a type ConditionOrFindingEntity => ?a type PatientCondition	chronic_thrombo-embolic_pulmonary_hypertension__regitz-zagrosek-2018-2018-esc-guideline-for-the-management-of-cardiovasc_n0017/e_0007 type ConditionOrFindingEntity => chronic_thrombo-embolic_pulmonary_hypertension__regitz-zagrosek-2018-2018-esc-guideline-for-the-management-of-cardiovasc_n0017/e_0007 type PatientCondition
Rule_742	?a type ConditionOrFindingEntity => ?a type PatientCondition	NYHA_class_IV_symptoms__heidenreich-2022-aha-acc-hfsa-guidelines_n0083/e_0003 type ConditionOrFindingEntity => NYHA_class_IV_symptoms__heidenreich-2022-aha-acc-hfsa-guidelines_n0083/e_0003 type PatientCondition
Rule_742	?a type ConditionOrFindingEntity => ?a type PatientCondition	ARVC__zeppenfeld-2022-esc-guidelines-va-and-scd_n0062/e_0021 type ConditionOrFindingEntity => ARVC__zeppenfeld-2022-esc-guidelines-va-and-scd_n0062/e_0021 type PatientCondition
Rule_742	?a type ConditionOrFindingEntity => ?a type PatientCondition	relevant_co-morbidities__mcdonagh-2023-esc-guidelines_n0068/e_0025 type ConditionOrFindingEntity => relevant_co-morbidities__mcdonagh-2023-esc-guidelines_n0068/e_0025 type PatientCondition
Rule_742	?a type ConditionOrFindingEntity => ?a type PatientCondition	very_high_CVD_risk__visseren-2021-esc-guidelines-cardiovascular-disease-prevention_n0027/e_0019 type ConditionOrFindingEntity => very_high_CVD_risk__visseren-2021-esc-guidelines-cardiovascular-disease-prevention_n0027/e_0019 type PatientCondition
Rule_742	?a type ConditionOrFindingEntity => ?a type PatientCondition	meaningful_survival_of_greater_than_1_year__al-khatib-2017-aha-acc-hrs-guideline-va-and-scd_n0035/e_0036 type ConditionOrFindingEntity => meaningful_survival_of_greater_than_1_year__al-khatib-2017-aha-acc-hrs-guideline-va-and-scd_n0035/e_0036 type PatientCondition
Rule_742	?a type ConditionOrFindingEntity => ?a type PatientCondition	an_ICD_is_considered_due_to_LV_dysfunction_which_is_of_recent_onset__sectio-1_n0022/e_0016 type ConditionOrFindingEntity => an_ICD_is_considered_due_to_LV_dysfunction_which_is_of_recent_onset__sectio-1_n0022/e_0016 type PatientCondition
Rule_742	?a type ConditionOrFindingEntity => ?a type PatientCondition	amyloid__mcdonagh-2023-esc-guidelines_n0031/e_0010 type ConditionOrFindingEntity => amyloid__mcdonagh-2023-esc-guidelines_n0031/e_0010 type PatientCondition
Rule_742	?a type ConditionOrFindingEntity => ?a type PatientCondition	suspected_Andersen%E2%80%93Tawil_syndrome__zeppenfeld-2022-esc-guidelines-va-and-scd_n0079/e_0003 type ConditionOrFindingEntity => suspected_Andersen%E2%80%93Tawil_syndrome__zeppenfeld-2022-esc-guidelines-va-and-scd_n0079/e_0003 type PatientCondition
Rule_742	?a type ConditionOrFindingEntity => ?a type PatientCondition	myocarditis__zeppenfeld-2022-esc-guidelines-va-and-scd_n0067/e_0016 type ConditionOrFindingEntity => myocarditis__zeppenfeld-2022-esc-guidelines-va-and-scd_n0067/e_0016 type PatientCondition
Rule_742	?a type ConditionOrFindingEntity => ?a type PatientCondition	(LV_fascicular_tachycardia)__zeppenfeld-2022-esc-guidelines-va-and-scd_n0040/e_0064 type ConditionOrFindingEntity => (LV_fascicular_tachycardia)__zeppenfeld-2022-esc-guidelines-va-and-scd_n0040/e_0064 type PatientCondition
Rule_742	?a type ConditionOrFindingEntity => ?a type PatientCondition	similar_PVC__zeppenfeld-2022-esc-guidelines-va-and-scd_n0053/e_0013 type ConditionOrFindingEntity => similar_PVC__zeppenfeld-2022-esc-guidelines-va-and-scd_n0053/e_0013 type PatientCondition
Rule_742	?a type ConditionOrFindingEntity => ?a type PatientCondition	COPD_severity__ambrosetti-2020-secondary-prevention-comprehensive-cardiovascular-rehabi_n0015/e_0017 type ConditionOrFindingEntity => COPD_severity__ambrosetti-2020-secondary-prevention-comprehensive-cardiovascular-rehabi_n0015/e_0017 type PatientCondition
Rule_742	?a type ConditionOrFindingEntity => ?a type PatientCondition	heart_failure__zeppenfeld-2022-esc-guidelines-va-and-scd_n0057/e_0067 type ConditionOrFindingEntity => heart_failure__zeppenfeld-2022-esc-guidelines-va-and-scd_n0057/e_0067 type PatientCondition
Rule_742	?a type ConditionOrFindingEntity => ?a type PatientCondition	reversal_of_the_proximal_and_distal_coil__braunschweig-2010-management-of-patients-receiving-implantable-cardiac-d_n0007/e_0058 type ConditionOrFindingEntity => reversal_of_the_proximal_and_distal_coil__braunschweig-2010-management-of-patients-receiving-implantable-cardiac-d_n0007/e_0058 type PatientCondition
Rule_742	?a type ConditionOrFindingEntity => ?a type PatientCondition	nearing_the_end_of_life_from_other_illness__al-khatib-2017-aha-acc-hrs-guideline-va-and-scd_n0080/e_0011 type ConditionOrFindingEntity => nearing_the_end_of_life_from_other_illness__al-khatib-2017-aha-acc-hrs-guideline-va-and-scd_n0080/e_0011 type PatientCondition
Rule_742	?a type ConditionOrFindingEntity => ?a type PatientCondition	VT,_PVC,_LQTS,_CPVT__lenarczyk-2024-management-of-patients-with-an-electrical-storm-or-cluste_n0020/e_0145 type ConditionOrFindingEntity => VT,_PVC,_LQTS,_CPVT__lenarczyk-2024-management-of-patients-with-an-electrical-storm-or-cluste_n0020/e_0145 type PatientCondition
Rule_742	?a type ConditionOrFindingEntity => ?a type PatientCondition	BMI_%5Cgeq_30_%5Ctext%7B_kg/m%7D%5E2_,_or_waist_circumference_%5Cgeq_102_%5Ctext%7B_cm%7D_in_men_or_%5Cgeq_88_%5Ctext%7B_cm%7D_in_women__ambrosetti-2020-secondary-prevention-comprehensive-cardiovascular-rehabi_n0001/e_0078 type ConditionOrFindingEntity => BMI_%5Cgeq_30_%5Ctext%7B_kg/m%7D%5E2_,_or_waist_circumference_%5Cgeq_102_%5Ctext%7B_cm%7D_in_men_or_%5Cgeq_88_%5Ctext%7B_cm%7D_in_women__ambrosetti-2020-secondary-prevention-comprehensive-cardiovascular-rehabi_n0001/e_0078 type PatientCondition
Rule_742	?a type ConditionOrFindingEntity => ?a type PatientCondition	Severe_bradycardia_and/or_high-degree_AV_block_in_the_absence_of_a_pacemaker__lenarczyk-2024-management-of-patients-with-an-electrical-storm-or-cluste_n0020/e_0152 type ConditionOrFindingEntity => Severe_bradycardia_and/or_high-degree_AV_block_in_the_absence_of_a_pacemaker__lenarczyk-2024-management-of-patients-with-an-electrical-storm-or-cluste_n0020/e_0152 type PatientCondition
Rule_742	?a type ConditionOrFindingEntity => ?a type PatientCondition	critical_organ_hypoperfusion__mcdonagh-2023-esc-guidelines_n0059/e_0005 type ConditionOrFindingEntity => critical_organ_hypoperfusion__mcdonagh-2023-esc-guidelines_n0059/e_0005 type PatientCondition
Rule_742	?a type ConditionOrFindingEntity => ?a type PatientCondition	latent_pre-excitation__zeppenfeld-2022-esc-guidelines-va-and-scd_n0026/e_0014 type ConditionOrFindingEntity => latent_pre-excitation__zeppenfeld-2022-esc-guidelines-va-and-scd_n0026/e_0014 type PatientCondition
Rule_742	?a type ConditionOrFindingEntity => ?a type PatientCondition	arrhythmogenic_right_ventricular_cardiomyopathy__al-khatib-2017-aha-acc-hrs-guideline-va-and-scd_n0042/e_0015 type ConditionOrFindingEntity => arrhythmogenic_right_ventricular_cardiomyopathy__al-khatib-2017-aha-acc-hrs-guideline-va-and-scd_n0042/e_0015 type PatientCondition
Rule_742	?a type ConditionOrFindingEntity => ?a type PatientCondition	Even_in_the_absence_of_weight_gain__sectio-4_n0001/e_0015 type ConditionOrFindingEntity => Even_in_the_absence_of_weight_gain__sectio-4_n0001/e_0015 type PatientCondition
Rule_742	?a type ConditionOrFindingEntity => ?a type PatientCondition	patient_is_on_beta-blockers_and_genotype-specific_therapies_with_an_ICD_and_experiences_multiple_shocks_or_syncope_due_to_VA__zeppenfeld-2022-esc-guidelines-va-and-scd_n0096/e_0004 type ConditionOrFindingEntity => patient_is_on_beta-blockers_and_genotype-specific_therapies_with_an_ICD_and_experiences_multiple_shocks_or_syncope_due_to_VA__zeppenfeld-2022-esc-guidelines-va-and-scd_n0096/e_0004 type PatientCondition
Rule_742	?a type ConditionOrFindingEntity => ?a type PatientCondition	aborted_CA__zeppenfeld-2022-esc-guidelines-va-and-scd_n0096/e_0069 type ConditionOrFindingEntity => aborted_CA__zeppenfeld-2022-esc-guidelines-va-and-scd_n0096/e_0069 type PatientCondition
Rule_742	?a type ConditionOrFindingEntity => ?a type PatientCondition	AF__mcdonagh-2023-esc-guidelines_n0074/e_0012 type ConditionOrFindingEntity => AF__mcdonagh-2023-esc-guidelines_n0074/e_0012 type PatientCondition
Rule_742	?a type ConditionOrFindingEntity => ?a type PatientCondition	ARVC__zeppenfeld-2022-esc-guidelines-va-and-scd_n0022/e_0038 type ConditionOrFindingEntity => ARVC__zeppenfeld-2022-esc-guidelines-va-and-scd_n0022/e_0038 type PatientCondition
Rule_742	?a type ConditionOrFindingEntity => ?a type PatientCondition	Severe_bradycardia_and/or__lenarczyk-2024-management-of-patients-with-an-electrical-storm-or-cluste_n0020/e_0100 type ConditionOrFindingEntity => Severe_bradycardia_and/or__lenarczyk-2024-management-of-patients-with-an-electrical-storm-or-cluste_n0020/e_0100 type PatientCondition
Rule_742	?a type ConditionOrFindingEntity => ?a type PatientCondition	arrhythmia__zeppenfeld-2022-esc-guidelines-va-and-scd_n0094/e_0098 type ConditionOrFindingEntity => arrhythmia__zeppenfeld-2022-esc-guidelines-va-and-scd_n0094/e_0098 type PatientCondition
Rule_742	?a type ConditionOrFindingEntity => ?a type PatientCondition	recovery_from_acute_myocarditis__pelliccia-2020-2020-esc-guidelines-on-sports-cardiology-and-exercise-in_n0060/e_0005 type ConditionOrFindingEntity => recovery_from_acute_myocarditis__pelliccia-2020-2020-esc-guidelines-on-sports-cardiology-and-exercise-in_n0060/e_0005 type PatientCondition
Rule_742	?a type ConditionOrFindingEntity => ?a type PatientCondition	symptomatic_hypotension__maddox-2021-2021-update-to-the-2017-acc-expert-consensus-decision-pathwa_n0010/e_0009 type ConditionOrFindingEntity => symptomatic_hypotension__maddox-2021-2021-update-to-the-2017-acc-expert-consensus-decision-pathwa_n0010/e_0009 type PatientCondition
Rule_742	?a type ConditionOrFindingEntity => ?a type PatientCondition	comorbidities_and_associated_drugs__ambrosetti-2020-secondary-prevention-comprehensive-cardiovascular-rehabi_n0011/e_0049 type ConditionOrFindingEntity => comorbidities_and_associated_drugs__ambrosetti-2020-secondary-prevention-comprehensive-cardiovascular-rehabi_n0011/e_0049 type PatientCondition
Rule_742	?a type ConditionOrFindingEntity => ?a type PatientCondition	Persistently_elevated_high_BNP/NT-proBNP,_e.g._NT-proBNP_%E2%89%A51000_pg/mL__supp-material-esc-guidelines_n0018/e_0016 type ConditionOrFindingEntity => Persistently_elevated_high_BNP/NT-proBNP,_e.g._NT-proBNP_%E2%89%A51000_pg/mL__supp-material-esc-guidelines_n0018/e_0016 type PatientCondition
Rule_742	?a type ConditionOrFindingEntity => ?a type PatientCondition	DCM/HNDCM__zeppenfeld-2022-esc-guidelines-va-and-scd_n0018/e_0056 type ConditionOrFindingEntity => DCM/HNDCM__zeppenfeld-2022-esc-guidelines-va-and-scd_n0018/e_0056 type PatientCondition
Rule_742	?a type ConditionOrFindingEntity => ?a type PatientCondition	cigarette_smoking__mcdonagh-2023-esc-guidelines_n0052/e_0019 type ConditionOrFindingEntity => cigarette_smoking__mcdonagh-2023-esc-guidelines_n0052/e_0019 type PatientCondition
Rule_742	?a type ConditionOrFindingEntity => ?a type PatientCondition	age_and_specific_comorbidities__visseren-2021-esc-guidelines-cardiovascular-disease-prevention_n0056/e_0023 type ConditionOrFindingEntity => age_and_specific_comorbidities__visseren-2021-esc-guidelines-cardiovascular-disease-prevention_n0056/e_0023 type PatientCondition
Rule_742	?a type ConditionOrFindingEntity => ?a type PatientCondition	sustained_VAs__zeppenfeld-2022-esc-guidelines-va-and-scd_n0073/e_0002 type ConditionOrFindingEntity => sustained_VAs__zeppenfeld-2022-esc-guidelines-va-and-scd_n0073/e_0002 type PatientCondition
Rule_742	?a type ConditionOrFindingEntity => ?a type PatientCondition	HF__mcdonagh-2023-esc-guidelines_n0095/e_0069 type ConditionOrFindingEntity => HF__mcdonagh-2023-esc-guidelines_n0095/e_0069 type PatientCondition
Rule_742	?a type ConditionOrFindingEntity => ?a type PatientCondition	Aortic_stenosis__mcdonagh-2023-esc-guidelines_n0039/e_0020 type ConditionOrFindingEntity => Aortic_stenosis__mcdonagh-2023-esc-guidelines_n0039/e_0020 type PatientCondition
Rule_742	?a type ConditionOrFindingEntity => ?a type PatientCondition	HF__mcdonagh-2023-esc-guidelines_n0078/e_0002 type ConditionOrFindingEntity => HF__mcdonagh-2023-esc-guidelines_n0078/e_0002 type PatientCondition
Rule_742	?a type ConditionOrFindingEntity => ?a type PatientCondition	ischemic_heart_disease__heidenreich-2022-aha-acc-hfsa-guidelines_n0064/e_0003 type ConditionOrFindingEntity => ischemic_heart_disease__heidenreich-2022-aha-acc-hfsa-guidelines_n0064/e_0003 type PatientCondition
Rule_742	?a type ConditionOrFindingEntity => ?a type PatientCondition	lifestyle_and_behavioral_factors__heidenreich-2022-aha-acc-hfsa-guidelines_n0013/e_0026 type ConditionOrFindingEntity => lifestyle_and_behavioral_factors__heidenreich-2022-aha-acc-hfsa-guidelines_n0013/e_0026 type PatientCondition
Rule_742	?a type ConditionOrFindingEntity => ?a type PatientCondition	patient_guilt_or_problems_with_high_levels_of_anxiety_and_apprehensiveness__ambrosetti-2020-secondary-prevention-comprehensive-cardiovascular-rehabi_n0007/e_0093 type ConditionOrFindingEntity => patient_guilt_or_problems_with_high_levels_of_anxiety_and_apprehensiveness__ambrosetti-2020-secondary-prevention-comprehensive-cardiovascular-rehabi_n0007/e_0093 type PatientCondition
Rule_742	?a type ConditionOrFindingEntity => ?a type PatientCondition	VT_(specifically_RVOT,_verapamil-sensitive_idiopathic_LVT)__al-khatib-2017-aha-acc-hrs-guideline-va-and-scd_n0026/e_0360 type ConditionOrFindingEntity => VT_(specifically_RVOT,_verapamil-sensitive_idiopathic_LVT)__al-khatib-2017-aha-acc-hrs-guideline-va-and-scd_n0026/e_0360 type PatientCondition
Rule_742	?a type ConditionOrFindingEntity => ?a type PatientCondition	high-degree_AV_block_and/or__lenarczyk-2024-management-of-patients-with-an-electrical-storm-or-cluste_n0020/e_0101 type ConditionOrFindingEntity => high-degree_AV_block_and/or__lenarczyk-2024-management-of-patients-with-an-electrical-storm-or-cluste_n0020/e_0101 type PatientCondition
Rule_742	?a type ConditionOrFindingEntity => ?a type PatientCondition	VAs__zeppenfeld-2022-esc-guidelines-va-and-scd_n0094/e_0050 type ConditionOrFindingEntity => VAs__zeppenfeld-2022-esc-guidelines-va-and-scd_n0094/e_0050 type PatientCondition
Rule_742	?a type ConditionOrFindingEntity => ?a type PatientCondition	hemodynamically_unstable_VT__al-khatib-2017-aha-acc-hrs-guideline-va-and-scd_n0073/e_0015 type ConditionOrFindingEntity => hemodynamically_unstable_VT__al-khatib-2017-aha-acc-hrs-guideline-va-and-scd_n0073/e_0015 type PatientCondition
Rule_742	?a type ConditionOrFindingEntity => ?a type PatientCondition	rhythm_disturbance_is_transient_and_resolves__glikson-2021-2021-esc-guidelines-on-cardiac-pacing-and-cardiac-resynchro_n0061/e_0004 type ConditionOrFindingEntity => rhythm_disturbance_is_transient_and_resolves__glikson-2021-2021-esc-guidelines-on-cardiac-pacing-and-cardiac-resynchro_n0061/e_0004 type PatientCondition
Rule_742	?a type ConditionOrFindingEntity => ?a type PatientCondition	clinical_evidence_of_congestion__heidenreich-2022-aha-acc-hfsa-guidelines_n0088/e_0009 type ConditionOrFindingEntity => clinical_evidence_of_congestion__heidenreich-2022-aha-acc-hfsa-guidelines_n0088/e_0009 type PatientCondition
Rule_742	?a type ConditionOrFindingEntity => ?a type PatientCondition	patient_preference_and_comorbidities,_eligibility,_symptoms_suggestive_of_angina_and_willingness_to_undergo_revascularization__execut-1_n0047/e_0023 type ConditionOrFindingEntity => patient_preference_and_comorbidities,_eligibility,_symptoms_suggestive_of_angina_and_willingness_to_undergo_revascularization__execut-1_n0047/e_0023 type PatientCondition
Rule_742	?a type ConditionOrFindingEntity => ?a type PatientCondition	contraindicated__heidenreich-2022-aha-acc-hfsa-guidelines_n0087/e_0004 type ConditionOrFindingEntity => contraindicated__heidenreich-2022-aha-acc-hfsa-guidelines_n0087/e_0004 type PatientCondition
Rule_742	?a type ConditionOrFindingEntity => ?a type PatientCondition	HF__heidenreich-2022-aha-acc-hfsa-guidelines_n0040/e_0002 type ConditionOrFindingEntity => HF__heidenreich-2022-aha-acc-hfsa-guidelines_n0040/e_0002 type PatientCondition
Rule_742	?a type ConditionOrFindingEntity => ?a type PatientCondition	su_verified_e5f20076152902f9b102f37b1a83cdc79baea0d42000f6c76a83acfae0e39670_table_2/e_0009 type ConditionOrFindingEntity => su_verified_e5f20076152902f9b102f37b1a83cdc79baea0d42000f6c76a83acfae0e39670_table_2/e_0009 type PatientCondition
Rule_742	?a type ConditionOrFindingEntity => ?a type PatientCondition	SQTS__zeppenfeld-2022-esc-guidelines-va-and-scd_n0085/e_0034 type ConditionOrFindingEntity => SQTS__zeppenfeld-2022-esc-guidelines-va-and-scd_n0085/e_0034 type PatientCondition
Rule_742	?a type ConditionOrFindingEntity => ?a type PatientCondition	angina__execut-1_n0048/e_0062 type ConditionOrFindingEntity => angina__execut-1_n0048/e_0062 type PatientCondition
Rule_742	?a type ConditionOrFindingEntity => ?a type PatientCondition	documented_sustained_VT__zeppenfeld-2022-esc-guidelines-va-and-scd_n0095/e_0013 type ConditionOrFindingEntity => documented_sustained_VT__zeppenfeld-2022-esc-guidelines-va-and-scd_n0095/e_0013 type PatientCondition
Rule_742	?a type ConditionOrFindingEntity => ?a type PatientCondition	Broad_QRS_escape_rhythm__glikson-2021-2021-esc-guidelines-on-cardiac-pacing-and-cardiac-resynchro_n0064/e_0007 type ConditionOrFindingEntity => Broad_QRS_escape_rhythm__glikson-2021-2021-esc-guidelines-on-cardiac-pacing-and-cardiac-resynchro_n0064/e_0007 type PatientCondition
Rule_742	?a type ConditionOrFindingEntity => ?a type PatientCondition	HF__execut-1_n0046/e_0055 type ConditionOrFindingEntity => HF__execut-1_n0046/e_0055 type PatientCondition
Rule_742	?a type ConditionOrFindingEntity => ?a type PatientCondition	inducible_SMVT_on_PES__zeppenfeld-2022-esc-guidelines-va-and-scd_n0072/e_0009 type ConditionOrFindingEntity => inducible_SMVT_on_PES__zeppenfeld-2022-esc-guidelines-va-and-scd_n0072/e_0009 type PatientCondition
Rule_742	?a type ConditionOrFindingEntity => ?a type PatientCondition	VA__al-khatib-2017-aha-acc-hrs-guideline-va-and-scd_n0042/e_0009 type ConditionOrFindingEntity => VA__al-khatib-2017-aha-acc-hrs-guideline-va-and-scd_n0042/e_0009 type PatientCondition
Rule_742	?a type ConditionOrFindingEntity => ?a type PatientCondition	ketoacidosis__maddox-2021-2021-update-to-the-2017-acc-expert-consensus-decision-pathwa_n0008/e_0016 type ConditionOrFindingEntity => ketoacidosis__maddox-2021-2021-update-to-the-2017-acc-expert-consensus-decision-pathwa_n0008/e_0016 type PatientCondition
Rule_742	?a type ConditionOrFindingEntity => ?a type PatientCondition	dyspnea__execut-1_n0043/e_0009 type ConditionOrFindingEntity => dyspnea__execut-1_n0043/e_0009 type PatientCondition
Rule_742	?a type ConditionOrFindingEntity => ?a type PatientCondition	clear_familial_history_or_structural_phenotype__mcdonagh-2023-esc-guidelines_n0084/e_0030 type ConditionOrFindingEntity => clear_familial_history_or_structural_phenotype__mcdonagh-2023-esc-guidelines_n0084/e_0030 type PatientCondition
Rule_742	?a type ConditionOrFindingEntity => ?a type PatientCondition	electrical_storm__zeppenfeld-2022-esc-guidelines-va-and-scd_n0081/e_0035 type ConditionOrFindingEntity => electrical_storm__zeppenfeld-2022-esc-guidelines-va-and-scd_n0081/e_0035 type PatientCondition
Rule_742	?a type ConditionOrFindingEntity => ?a type PatientCondition	amyloidosis__zeppenfeld-2022-esc-guidelines-va-and-scd_n0019/e_0040 type ConditionOrFindingEntity => amyloidosis__zeppenfeld-2022-esc-guidelines-va-and-scd_n0019/e_0040 type PatientCondition
Rule_742	?a type ConditionOrFindingEntity => ?a type PatientCondition	symptoms__zeppenfeld-2022-esc-guidelines-va-and-scd_n0034/e_0046 type ConditionOrFindingEntity => symptoms__zeppenfeld-2022-esc-guidelines-va-and-scd_n0034/e_0046 type PatientCondition
Rule_742	?a type ConditionOrFindingEntity => ?a type PatientCondition	resuscitated_SCA__al-khatib-2017-aha-acc-hrs-guideline-va-and-scd_n0042/e_0017 type ConditionOrFindingEntity => resuscitated_SCA__al-khatib-2017-aha-acc-hrs-guideline-va-and-scd_n0042/e_0017 type PatientCondition
Rule_742	?a type ConditionOrFindingEntity => ?a type PatientCondition	cardiomyopathy__heidenreich-2022-aha-acc-hfsa-guidelines_n0013/e_0013 type ConditionOrFindingEntity => cardiomyopathy__heidenreich-2022-aha-acc-hfsa-guidelines_n0013/e_0013 type PatientCondition
Rule_742	?a type ConditionOrFindingEntity => ?a type PatientCondition	known_risks_for_CVD__heidenreich-2022-aha-acc-hfsa-guidelines_n0102/e_0005 type ConditionOrFindingEntity => known_risks_for_CVD__heidenreich-2022-aha-acc-hfsa-guidelines_n0102/e_0005 type PatientCondition
Rule_742	?a type ConditionOrFindingEntity => ?a type PatientCondition	Emery-Dreifuss_and_limb-girdle_type_IB_muscular_dystrophies__al-khatib-2017-aha-acc-hrs-guideline-va-and-scd_n0050/e_0009 type ConditionOrFindingEntity => Emery-Dreifuss_and_limb-girdle_type_IB_muscular_dystrophies__al-khatib-2017-aha-acc-hrs-guideline-va-and-scd_n0050/e_0009 type PatientCondition
Rule_742	?a type ConditionOrFindingEntity => ?a type PatientCondition	Profile_2._Progressive_decline__mcdonagh-2023-esc-guidelines_n0059/e_0010 type ConditionOrFindingEntity => Profile_2._Progressive_decline__mcdonagh-2023-esc-guidelines_n0059/e_0010 type PatientCondition
Rule_742	?a type ConditionOrFindingEntity => ?a type PatientCondition	HF__vest-2019-nutrition-obesity-and-cachexia-in-patients-with-heart-failure_n0001/e_0021 type ConditionOrFindingEntity => HF__vest-2019-nutrition-obesity-and-cachexia-in-patients-with-heart-failure_n0001/e_0021 type PatientCondition
Rule_742	?a type ConditionOrFindingEntity => ?a type PatientCondition	stable_sustained_VT__al-khatib-2017-aha-acc-hrs-guideline-va-and-scd_n0033/e_0006 type ConditionOrFindingEntity => stable_sustained_VT__al-khatib-2017-aha-acc-hrs-guideline-va-and-scd_n0033/e_0006 type PatientCondition
Rule_742	?a type ConditionOrFindingEntity => ?a type PatientCondition	cardiotoxicity__mcdonagh-2023-esc-guidelines_n0080/e_0002 type ConditionOrFindingEntity => cardiotoxicity__mcdonagh-2023-esc-guidelines_n0080/e_0002 type PatientCondition
Rule_742	?a type ConditionOrFindingEntity => ?a type PatientCondition	exposure_to_second-hand_smoke__riegel-2009-promoting-self-care-in-persons-with-heart-failure_n0002/e_0016 type ConditionOrFindingEntity => exposure_to_second-hand_smoke__riegel-2009-promoting-self-care-in-persons-with-heart-failure_n0002/e_0016 type PatientCondition
Rule_742	?a type ConditionOrFindingEntity => ?a type PatientCondition	LQTS__zeppenfeld-2022-esc-guidelines-va-and-scd_n0019/e_0129 type ConditionOrFindingEntity => LQTS__zeppenfeld-2022-esc-guidelines-va-and-scd_n0019/e_0129 type PatientCondition
Rule_742	?a type ConditionOrFindingEntity => ?a type PatientCondition	HF__glikson-2021-2021-esc-guidelines-on-cardiac-pacing-and-cardiac-resynchro_n0051/e_0037 type ConditionOrFindingEntity => HF__glikson-2021-2021-esc-guidelines-on-cardiac-pacing-and-cardiac-resynchro_n0051/e_0037 type PatientCondition
Rule_742	?a type ConditionOrFindingEntity => ?a type PatientCondition	NYHA_class_II-III__sectio-1_n0017/e_0007 type ConditionOrFindingEntity => NYHA_class_II-III__sectio-1_n0017/e_0007 type PatientCondition
Rule_742	?a type ConditionOrFindingEntity => ?a type PatientCondition	SMVT__zeppenfeld-2022-esc-guidelines-va-and-scd_n0070/e_0012 type ConditionOrFindingEntity => SMVT__zeppenfeld-2022-esc-guidelines-va-and-scd_n0070/e_0012 type PatientCondition
Rule_742	?a type ConditionOrFindingEntity => ?a type PatientCondition	drug_interactions__riegel-2009-promoting-self-care-in-persons-with-heart-failure_n0004/e_0034 type ConditionOrFindingEntity => drug_interactions__riegel-2009-promoting-self-care-in-persons-with-heart-failure_n0004/e_0034 type PatientCondition
Rule_742	?a type ConditionOrFindingEntity => ?a type PatientCondition	CKD_severity__ambrosetti-2020-secondary-prevention-comprehensive-cardiovascular-rehabi_n0016/e_0007 type ConditionOrFindingEntity => CKD_severity__ambrosetti-2020-secondary-prevention-comprehensive-cardiovascular-rehabi_n0016/e_0007 type PatientCondition
Rule_742	?a type ConditionOrFindingEntity => ?a type PatientCondition	Profile_7._Advanced_NYHA_class_III_symptoms__mcdonagh-2023-esc-guidelines_n0059/e_0055 type ConditionOrFindingEntity => Profile_7._Advanced_NYHA_class_III_symptoms__mcdonagh-2023-esc-guidelines_n0059/e_0055 type PatientCondition
Rule_742	?a type ConditionOrFindingEntity => ?a type PatientCondition	OHCA__zeppenfeld-2022-esc-guidelines-va-and-scd_n0017/e_0012 type ConditionOrFindingEntity => OHCA__zeppenfeld-2022-esc-guidelines-va-and-scd_n0017/e_0012 type PatientCondition
Rule_742	?a type ConditionOrFindingEntity => ?a type PatientCondition	early_repolarization_pattern_on_ECG__al-khatib-2017-aha-acc-hrs-guideline-va-and-scd_n0059/e_0012 type ConditionOrFindingEntity => early_repolarization_pattern_on_ECG__al-khatib-2017-aha-acc-hrs-guideline-va-and-scd_n0059/e_0012 type PatientCondition
Rule_742	?a type ConditionOrFindingEntity => ?a type PatientCondition	angioedema__maddox-2021-2021-update-to-the-2017-acc-expert-consensus-decision-pathwa_n0015/e_0005 type ConditionOrFindingEntity => angioedema__maddox-2021-2021-update-to-the-2017-acc-expert-consensus-decision-pathwa_n0015/e_0005 type PatientCondition
Rule_742	?a type ConditionOrFindingEntity => ?a type PatientCondition	coronary_artery_stenosis__mcdonagh-2023-esc-guidelines_n0023/e_0009 type ConditionOrFindingEntity => coronary_artery_stenosis__mcdonagh-2023-esc-guidelines_n0023/e_0009 type PatientCondition
Rule_742	?a type ConditionOrFindingEntity => ?a type PatientCondition	contraindications_for_some_drugs_in_pregnancy__regitz-zagrosek-2018-2018-esc-guideline-for-the-management-of-cardiovasc_n0025/e_0005 type ConditionOrFindingEntity => contraindications_for_some_drugs_in_pregnancy__regitz-zagrosek-2018-2018-esc-guideline-for-the-management-of-cardiovasc_n0025/e_0005 type PatientCondition
Rule_742	?a type ConditionOrFindingEntity => ?a type PatientCondition	anaemia__mcdonagh-2023-esc-guidelines_n0022/e_0139 type ConditionOrFindingEntity => anaemia__mcdonagh-2023-esc-guidelines_n0022/e_0139 type PatientCondition
Rule_742	?a type ConditionOrFindingEntity => ?a type PatientCondition	coronary_artery_disease_with_inducible_ischemia__sectio-1_n0007/e_0025 type ConditionOrFindingEntity => coronary_artery_disease_with_inducible_ischemia__sectio-1_n0007/e_0025 type PatientCondition
Rule_742	?a type ConditionOrFindingEntity => ?a type PatientCondition	ADHF__execut-1_n0046/e_0042 type ConditionOrFindingEntity => ADHF__execut-1_n0046/e_0042 type PatientCondition
Rule_742	?a type ConditionOrFindingEntity => ?a type PatientCondition	cardiac_cachexia__ambrosetti-2020-secondary-prevention-comprehensive-cardiovascular-rehabi_n0011/e_0038 type ConditionOrFindingEntity => cardiac_cachexia__ambrosetti-2020-secondary-prevention-comprehensive-cardiovascular-rehabi_n0011/e_0038 type PatientCondition
Rule_742	?a type ConditionOrFindingEntity => ?a type PatientCondition	possible_increased_food_intake_due_to_improved_appetite__sectio-4_n0004/e_0004 type ConditionOrFindingEntity => possible_increased_food_intake_due_to_improved_appetite__sectio-4_n0004/e_0004 type PatientCondition
Rule_742	?a type ConditionOrFindingEntity => ?a type PatientCondition	syncope__zeppenfeld-2022-esc-guidelines-va-and-scd_n0054/e_0005 type ConditionOrFindingEntity => syncope__zeppenfeld-2022-esc-guidelines-va-and-scd_n0054/e_0005 type PatientCondition
Rule_742	?a type ConditionOrFindingEntity => ?a type PatientCondition	dangerous_heart_rhythm__cardiosmart-decision-aid-icd-for-hf_n0002/e_0007 type ConditionOrFindingEntity => dangerous_heart_rhythm__cardiosmart-decision-aid-icd-for-hf_n0002/e_0007 type PatientCondition
Rule_742	?a type ConditionOrFindingEntity => ?a type PatientCondition	HF__heidenreich-2022-aha-acc-hfsa-guidelines_n0022/e_0010 type ConditionOrFindingEntity => HF__heidenreich-2022-aha-acc-hfsa-guidelines_n0022/e_0010 type PatientCondition
Rule_742	?a type ConditionOrFindingEntity => ?a type PatientCondition	survived_a_CA_due_to_VF_or_PVT__zeppenfeld-2022-esc-guidelines-va-and-scd_n0080/e_0006 type ConditionOrFindingEntity => survived_a_CA_due_to_VF_or_PVT__zeppenfeld-2022-esc-guidelines-va-and-scd_n0080/e_0006 type PatientCondition
Rule_742	?a type ConditionOrFindingEntity => ?a type PatientCondition	VT,_VF,_PVC,__al-khatib-2017-aha-acc-hrs-guideline-va-and-scd_n0026/e_0031 type ConditionOrFindingEntity => VT,_VF,_PVC,__al-khatib-2017-aha-acc-hrs-guideline-va-and-scd_n0026/e_0031 type PatientCondition
Rule_742	?a type ConditionOrFindingEntity => ?a type PatientCondition	persistent_LV_dysfunction_after_surgical_correction_(if_possible)__zeppenfeld-2022-esc-guidelines-va-and-scd_n0095/e_0023 type ConditionOrFindingEntity => persistent_LV_dysfunction_after_surgical_correction_(if_possible)__zeppenfeld-2022-esc-guidelines-va-and-scd_n0095/e_0023 type PatientCondition
Rule_742	?a type ConditionOrFindingEntity => ?a type PatientCondition	each_of_these_symptoms__sectio-1_n0006/e_0017 type ConditionOrFindingEntity => each_of_these_symptoms__sectio-1_n0006/e_0017 type PatientCondition
Rule_742	?a type ConditionOrFindingEntity => ?a type PatientCondition	electromagnetic_radiation_from_external_sources__braunschweig-2010-management-of-patients-receiving-implantable-cardiac-d_n0007/e_0017 type ConditionOrFindingEntity => electromagnetic_radiation_from_external_sources__braunschweig-2010-management-of-patients-receiving-implantable-cardiac-d_n0007/e_0017 type PatientCondition
Rule_742	?a type ConditionOrFindingEntity => ?a type PatientCondition	HF__mcdonagh-2023-esc-guidelines_n0074/e_0010 type ConditionOrFindingEntity => HF__mcdonagh-2023-esc-guidelines_n0074/e_0010 type PatientCondition
Rule_742	?a type ConditionOrFindingEntity => ?a type PatientCondition	angina__mcdonagh-2023-esc-guidelines_n0024/e_0042 type ConditionOrFindingEntity => angina__mcdonagh-2023-esc-guidelines_n0024/e_0042 type PatientCondition
Rule_742	?a type ConditionOrFindingEntity => ?a type PatientCondition	HF_hospitalization__mcdonagh-2023-2023-focused-update-of-the-2021-esc-guidelines-for-the-dia_n0014/e_0007 type ConditionOrFindingEntity => HF_hospitalization__mcdonagh-2023-2023-focused-update-of-the-2021-esc-guidelines-for-the-dia_n0014/e_0007 type PatientCondition
Rule_742	?a type ConditionOrFindingEntity => ?a type PatientCondition	potentially_serious_arrhythmias__pelliccia-2020-2020-esc-guidelines-on-sports-cardiology-and-exercise-in_n0073/e_0021 type ConditionOrFindingEntity => potentially_serious_arrhythmias__pelliccia-2020-2020-esc-guidelines-on-sports-cardiology-and-exercise-in_n0073/e_0021 type PatientCondition
Rule_742	?a type ConditionOrFindingEntity => ?a type PatientCondition	severe_right_ventricular_dysfunction__mcdonagh-2023-esc-guidelines_n0063/e_0017 type ConditionOrFindingEntity => severe_right_ventricular_dysfunction__mcdonagh-2023-esc-guidelines_n0063/e_0017 type PatientCondition
Rule_742	?a type ConditionOrFindingEntity => ?a type PatientCondition	heart_failure__zeppenfeld-2022-esc-guidelines-va-and-scd_n0022/e_0023 type ConditionOrFindingEntity => heart_failure__zeppenfeld-2022-esc-guidelines-va-and-scd_n0022/e_0023 type PatientCondition
Rule_742	?a type ConditionOrFindingEntity => ?a type PatientCondition	repaired_complex_congenital_heart_disease__al-khatib-2017-aha-acc-hrs-guideline-va-and-scd_n0073/e_0002 type ConditionOrFindingEntity => repaired_complex_congenital_heart_disease__al-khatib-2017-aha-acc-hrs-guideline-va-and-scd_n0073/e_0002 type PatientCondition
Rule_742	?a type ConditionOrFindingEntity => ?a type PatientCondition	worsening_HF__mcdonagh-2023-esc-guidelines_n0023/e_0054 type ConditionOrFindingEntity => worsening_HF__mcdonagh-2023-esc-guidelines_n0023/e_0054 type PatientCondition
Rule_742	?a type ConditionOrFindingEntity => ?a type PatientCondition	SCA__zeppenfeld-2022-esc-guidelines-va-and-scd_n0019/e_0098 type ConditionOrFindingEntity => SCA__zeppenfeld-2022-esc-guidelines-va-and-scd_n0019/e_0098 type PatientCondition
Rule_742	?a type ConditionOrFindingEntity => ?a type PatientCondition	previous_peripartum_cardiomyopathy__heidenreich-2022-aha-acc-hfsa-guidelines_n0107/e_0002 type ConditionOrFindingEntity => previous_peripartum_cardiomyopathy__heidenreich-2022-aha-acc-hfsa-guidelines_n0107/e_0002 type PatientCondition
Rule_742	?a type ConditionOrFindingEntity => ?a type PatientCondition	mycotic_genital_infections__maddox-2021-2021-update-to-the-2017-acc-expert-consensus-decision-pathwa_n0008/e_0013 type ConditionOrFindingEntity => mycotic_genital_infections__maddox-2021-2021-update-to-the-2017-acc-expert-consensus-decision-pathwa_n0008/e_0013 type PatientCondition
Rule_742	?a type ConditionOrFindingEntity => ?a type PatientCondition	proband_findings__zeppenfeld-2022-esc-guidelines-va-and-scd_n0034/e_0033 type ConditionOrFindingEntity => proband_findings__zeppenfeld-2022-esc-guidelines-va-and-scd_n0034/e_0033 type PatientCondition
Rule_742	?a type ConditionOrFindingEntity => ?a type PatientCondition	wild-type_or_variant_transthyretin_cardiac_amyloidosis__heidenreich-2022-aha-acc-hfsa-guidelines_n0074/e_0002 type ConditionOrFindingEntity => wild-type_or_variant_transthyretin_cardiac_amyloidosis__heidenreich-2022-aha-acc-hfsa-guidelines_n0074/e_0002 type PatientCondition
Rule_742	?a type ConditionOrFindingEntity => ?a type PatientCondition	unavailable_or_not_feasible__visseren-2021-esc-guidelines-cardiovascular-disease-prevention_n0029/e_0008 type ConditionOrFindingEntity => unavailable_or_not_feasible__visseren-2021-esc-guidelines-cardiovascular-disease-prevention_n0029/e_0008 type PatientCondition
Rule_742	?a type ConditionOrFindingEntity => ?a type PatientCondition	Administered_in_conjunction_with_a_background_of_GDMT_for_HF_in_place_of_an_ACEI_or_ARB__maddox-2021-2021-update-to-the-2017-acc-expert-consensus-decision-pathwa_n0004/e_0004 type ConditionOrFindingEntity => Administered_in_conjunction_with_a_background_of_GDMT_for_HF_in_place_of_an_ACEI_or_ARB__maddox-2021-2021-update-to-the-2017-acc-expert-consensus-decision-pathwa_n0004/e_0004 type PatientCondition
Rule_742	?a type ConditionOrFindingEntity => ?a type PatientCondition	VT__zeppenfeld-2022-esc-guidelines-va-and-scd_n0020/e_0002 type ConditionOrFindingEntity => VT__zeppenfeld-2022-esc-guidelines-va-and-scd_n0020/e_0002 type PatientCondition
Rule_742	?a type ConditionOrFindingEntity => ?a type PatientCondition	LQTS__zeppenfeld-2022-esc-guidelines-va-and-scd_n0077/e_0050 type ConditionOrFindingEntity => LQTS__zeppenfeld-2022-esc-guidelines-va-and-scd_n0077/e_0050 type PatientCondition
Rule_742	?a type ConditionOrFindingEntity => ?a type PatientCondition	HF__mcdonagh-2023-esc-guidelines_n0096/e_0013 type ConditionOrFindingEntity => HF__mcdonagh-2023-esc-guidelines_n0096/e_0013 type PatientCondition
Rule_742	?a type ConditionOrFindingEntity => ?a type PatientCondition	hyperkalemia__heidenreich-2022-aha-acc-hfsa-guidelines_n0051/e_0008 type ConditionOrFindingEntity => hyperkalemia__heidenreich-2022-aha-acc-hfsa-guidelines_n0051/e_0008 type PatientCondition
Rule_742	?a type ConditionOrFindingEntity => ?a type PatientCondition	congestion__mcdonagh-2023-esc-guidelines_n0096/e_0089 type ConditionOrFindingEntity => congestion__mcdonagh-2023-esc-guidelines_n0096/e_0089 type PatientCondition
Rule_742	?a type ConditionOrFindingEntity => ?a type PatientCondition	HF__execut-1_n0048/e_0066 type ConditionOrFindingEntity => HF__execut-1_n0048/e_0066 type PatientCondition
Rule_742	?a type ConditionOrFindingEntity => ?a type PatientCondition	VT__al-khatib-2017-aha-acc-hrs-guideline-va-and-scd_n0031/e_0021 type ConditionOrFindingEntity => VT__al-khatib-2017-aha-acc-hrs-guideline-va-and-scd_n0031/e_0021 type PatientCondition
Rule_742	?a type ConditionOrFindingEntity => ?a type PatientCondition	symptoms_and_clinical_status__piepoli-2011-exercise-training-in-heart-failure_n0004/e_0008 type ConditionOrFindingEntity => symptoms_and_clinical_status__piepoli-2011-exercise-training-in-heart-failure_n0004/e_0008 type PatientCondition
Rule_742	?a type ConditionOrFindingEntity => ?a type PatientCondition	VA__lenarczyk-2024-management-of-patients-with-an-electrical-storm-or-cluste_n0010/e_0019 type ConditionOrFindingEntity => VA__lenarczyk-2024-management-of-patients-with-an-electrical-storm-or-cluste_n0010/e_0019 type PatientCondition
Rule_742	?a type ConditionOrFindingEntity => ?a type PatientCondition	PVCs__zeppenfeld-2022-esc-guidelines-va-and-scd_n0057/e_0047 type ConditionOrFindingEntity => PVCs__zeppenfeld-2022-esc-guidelines-va-and-scd_n0057/e_0047 type PatientCondition
Rule_742	?a type ConditionOrFindingEntity => ?a type PatientCondition	SCD__al-khatib-2017-aha-acc-hrs-guideline-va-and-scd_n0044/e_0002 type ConditionOrFindingEntity => SCD__al-khatib-2017-aha-acc-hrs-guideline-va-and-scd_n0044/e_0002 type PatientCondition
Rule_742	?a type ConditionOrFindingEntity => ?a type PatientCondition	su_verified_6ed52cdf724db04223b4d1c2e62f3c35f6b42bc19bc5e3198277d681d47e1eb9_table_25/e_0014 type ConditionOrFindingEntity => su_verified_6ed52cdf724db04223b4d1c2e62f3c35f6b42bc19bc5e3198277d681d47e1eb9_table_25/e_0014 type PatientCondition
Rule_742	?a type ConditionOrFindingEntity => ?a type PatientCondition	VT_of_unknown_origin__zeppenfeld-2022-esc-guidelines-va-and-scd_n0040/e_0078 type ConditionOrFindingEntity => VT_of_unknown_origin__zeppenfeld-2022-esc-guidelines-va-and-scd_n0040/e_0078 type PatientCondition
Rule_742	?a type ConditionOrFindingEntity => ?a type PatientCondition	stable_rhythm__zeppenfeld-2022-esc-guidelines-va-and-scd_n0032/e_0015 type ConditionOrFindingEntity => stable_rhythm__zeppenfeld-2022-esc-guidelines-va-and-scd_n0032/e_0015 type PatientCondition
Rule_742	?a type ConditionOrFindingEntity => ?a type PatientCondition	HF__execut-1_n0048/e_0081 type ConditionOrFindingEntity => HF__execut-1_n0048/e_0081 type PatientCondition
Rule_742	?a type ConditionOrFindingEntity => ?a type PatientCondition	cardiomyopathy__zeppenfeld-2022-esc-guidelines-va-and-scd_n0058/e_0009 type ConditionOrFindingEntity => cardiomyopathy__zeppenfeld-2022-esc-guidelines-va-and-scd_n0058/e_0009 type PatientCondition
Rule_742	?a type ConditionOrFindingEntity => ?a type PatientCondition	CRT_non_responder_clinically__supp-material-esc-guidelines_n0018/e_0008 type ConditionOrFindingEntity => CRT_non_responder_clinically__supp-material-esc-guidelines_n0018/e_0008 type PatientCondition
Rule_742	?a type ConditionOrFindingEntity => ?a type PatientCondition	su_verified_6ed52cdf724db04223b4d1c2e62f3c35f6b42bc19bc5e3198277d681d47e1eb9_table_6/e_0055 type ConditionOrFindingEntity => su_verified_6ed52cdf724db04223b4d1c2e62f3c35f6b42bc19bc5e3198277d681d47e1eb9_table_6/e_0055 type PatientCondition
Rule_742	?a type ConditionOrFindingEntity => ?a type PatientCondition	LQTS__zeppenfeld-2022-esc-guidelines-va-and-scd_n0077/e_0011 type ConditionOrFindingEntity => LQTS__zeppenfeld-2022-esc-guidelines-va-and-scd_n0077/e_0011 type PatientCondition
Rule_742	?a type ConditionOrFindingEntity => ?a type PatientCondition	syncope__zeppenfeld-2022-esc-guidelines-va-and-scd_n0084/e_0049 type ConditionOrFindingEntity => syncope__zeppenfeld-2022-esc-guidelines-va-and-scd_n0084/e_0049 type PatientCondition
Rule_742	?a type ConditionOrFindingEntity => ?a type PatientCondition	VT__al-khatib-2017-aha-acc-hrs-guideline-va-and-scd_n0031/e_0013 type ConditionOrFindingEntity => VT__al-khatib-2017-aha-acc-hrs-guideline-va-and-scd_n0031/e_0013 type PatientCondition
Rule_742	?a type ConditionOrFindingEntity => ?a type PatientCondition	IVF,__lenarczyk-2024-management-of-patients-with-an-electrical-storm-or-cluste_n0020/e_0013 type ConditionOrFindingEntity => IVF,__lenarczyk-2024-management-of-patients-with-an-electrical-storm-or-cluste_n0020/e_0013 type PatientCondition
Rule_742	?a type ConditionOrFindingEntity => ?a type PatientCondition	su_verified_e5f20076152902f9b102f37b1a83cdc79baea0d42000f6c76a83acfae0e39670_table_2/e_0006 type ConditionOrFindingEntity => su_verified_e5f20076152902f9b102f37b1a83cdc79baea0d42000f6c76a83acfae0e39670_table_2/e_0006 type PatientCondition
Rule_742	?a type ConditionOrFindingEntity => ?a type PatientCondition	su_verified_6ed52cdf724db04223b4d1c2e62f3c35f6b42bc19bc5e3198277d681d47e1eb9_table_6/e_0042 type ConditionOrFindingEntity => su_verified_6ed52cdf724db04223b4d1c2e62f3c35f6b42bc19bc5e3198277d681d47e1eb9_table_6/e_0042 type PatientCondition
Rule_742	?a type ConditionOrFindingEntity => ?a type PatientCondition	Lead_fracture__braunschweig-2010-management-of-patients-receiving-implantable-cardiac-d_n0007/e_0036 type ConditionOrFindingEntity => Lead_fracture__braunschweig-2010-management-of-patients-receiving-implantable-cardiac-d_n0007/e_0036 type PatientCondition
Rule_742	?a type ConditionOrFindingEntity => ?a type PatientCondition	advanced_HF__mcdonagh-2023-esc-guidelines_n0063/e_0008 type ConditionOrFindingEntity => advanced_HF__mcdonagh-2023-esc-guidelines_n0063/e_0008 type PatientCondition
Rule_742	?a type ConditionOrFindingEntity => ?a type PatientCondition	SQTS__zeppenfeld-2022-esc-guidelines-va-and-scd_n0085/e_0030 type ConditionOrFindingEntity => SQTS__zeppenfeld-2022-esc-guidelines-va-and-scd_n0085/e_0030 type PatientCondition
Rule_742	?a type ConditionOrFindingEntity => ?a type PatientCondition	heart_disease__zeppenfeld-2022-esc-guidelines-va-and-scd_n0081/e_0003 type ConditionOrFindingEntity => heart_disease__zeppenfeld-2022-esc-guidelines-va-and-scd_n0081/e_0003 type PatientCondition
Rule_742	?a type ConditionOrFindingEntity => ?a type PatientCondition	associated_comorbidities,_side_effects_and_reduced_life_expectancy__ambrosetti-2020-secondary-prevention-comprehensive-cardiovascular-rehabi_n0012/e_0053 type ConditionOrFindingEntity => associated_comorbidities,_side_effects_and_reduced_life_expectancy__ambrosetti-2020-secondary-prevention-comprehensive-cardiovascular-rehabi_n0012/e_0053 type PatientCondition
Rule_742	?a type ConditionOrFindingEntity => ?a type PatientCondition	LBBB_QRS_morphology__mcdonagh-2023-esc-guidelines_n0046/e_0033 type ConditionOrFindingEntity => LBBB_QRS_morphology__mcdonagh-2023-esc-guidelines_n0046/e_0033 type PatientCondition
Rule_742	?a type ConditionOrFindingEntity => ?a type PatientCondition	SQTS__zeppenfeld-2022-esc-guidelines-va-and-scd_n0021/e_0030 type ConditionOrFindingEntity => SQTS__zeppenfeld-2022-esc-guidelines-va-and-scd_n0021/e_0030 type PatientCondition
Rule_742	?a type ConditionOrFindingEntity => ?a type PatientCondition	myocarditis__zeppenfeld-2022-esc-guidelines-va-and-scd_n0067/e_0029 type ConditionOrFindingEntity => myocarditis__zeppenfeld-2022-esc-guidelines-va-and-scd_n0067/e_0029 type PatientCondition
Rule_742	?a type ConditionOrFindingEntity => ?a type PatientCondition	AF__mcdonagh-2023-esc-guidelines_n0074/e_0029 type ConditionOrFindingEntity => AF__mcdonagh-2023-esc-guidelines_n0074/e_0029 type PatientCondition
Rule_742	?a type ConditionOrFindingEntity => ?a type PatientCondition	SMVT__zeppenfeld-2022-esc-guidelines-va-and-scd_n0095/e_0040 type ConditionOrFindingEntity => SMVT__zeppenfeld-2022-esc-guidelines-va-and-scd_n0095/e_0040 type PatientCondition
Rule_742	?a type ConditionOrFindingEntity => ?a type PatientCondition	HF__heidenreich-2022-aha-acc-hfsa-guidelines_n0033/e_0022 type ConditionOrFindingEntity => HF__heidenreich-2022-aha-acc-hfsa-guidelines_n0033/e_0022 type PatientCondition
Rule_742	?a type ConditionOrFindingEntity => ?a type PatientCondition	syncope_may_cause_serious_harm_or_death__pelliccia-2020-2020-esc-guidelines-on-sports-cardiology-and-exercise-in_n0057/e_0017 type ConditionOrFindingEntity => syncope_may_cause_serious_harm_or_death__pelliccia-2020-2020-esc-guidelines-on-sports-cardiology-and-exercise-in_n0057/e_0017 type PatientCondition
Rule_742	?a type ConditionOrFindingEntity => ?a type PatientCondition	function__heidenreich-2022-aha-acc-hfsa-guidelines_n0021/e_0012 type ConditionOrFindingEntity => function__heidenreich-2022-aha-acc-hfsa-guidelines_n0021/e_0012 type PatientCondition
Rule_742	?a type ConditionOrFindingEntity => ?a type PatientCondition	tolerated_sustained_VT__zeppenfeld-2022-esc-guidelines-va-and-scd_n0079/e_0022 type ConditionOrFindingEntity => tolerated_sustained_VT__zeppenfeld-2022-esc-guidelines-va-and-scd_n0079/e_0022 type PatientCondition
Rule_742	?a type ConditionOrFindingEntity => ?a type PatientCondition	VF__zeppenfeld-2022-esc-guidelines-va-and-scd_n0085/e_0008 type ConditionOrFindingEntity => VF__zeppenfeld-2022-esc-guidelines-va-and-scd_n0085/e_0008 type PatientCondition
Rule_742	?a type ConditionOrFindingEntity => ?a type PatientCondition	pacemaker_dependency__glikson-2021-2021-esc-guidelines-on-cardiac-pacing-and-cardiac-resynchro_n0086/e_0048 type ConditionOrFindingEntity => pacemaker_dependency__glikson-2021-2021-esc-guidelines-on-cardiac-pacing-and-cardiac-resynchro_n0086/e_0048 type PatientCondition
Rule_742	?a type ConditionOrFindingEntity => ?a type PatientCondition	asymptomatic_arrhythmias_that_are_not_felt_to_contribute_to_HF_or_ventricular_dysfunction__execut-1_n0036/e_0032 type ConditionOrFindingEntity => asymptomatic_arrhythmias_that_are_not_felt_to_contribute_to_HF_or_ventricular_dysfunction__execut-1_n0036/e_0032 type PatientCondition
Rule_742	?a type ConditionOrFindingEntity => ?a type PatientCondition	hypokalaemia__pelliccia-2020-2020-esc-guidelines-on-sports-cardiology-and-exercise-in_n0066/e_0009 type ConditionOrFindingEntity => hypokalaemia__pelliccia-2020-2020-esc-guidelines-on-sports-cardiology-and-exercise-in_n0066/e_0009 type PatientCondition
Rule_742	?a type ConditionOrFindingEntity => ?a type PatientCondition	SMVT__zeppenfeld-2022-esc-guidelines-va-and-scd_n0061/e_0013 type ConditionOrFindingEntity => SMVT__zeppenfeld-2022-esc-guidelines-va-and-scd_n0061/e_0013 type PatientCondition
Rule_742	?a type ConditionOrFindingEntity => ?a type PatientCondition	cardiac__al-khatib-2017-aha-acc-hrs-guideline-va-and-scd_n0035/e_0024 type ConditionOrFindingEntity => cardiac__al-khatib-2017-aha-acc-hrs-guideline-va-and-scd_n0035/e_0024 type PatientCondition
Rule_742	?a type ConditionOrFindingEntity => ?a type PatientCondition	HF__heidenreich-2022-aha-acc-hfsa-guidelines_n0033/e_0025 type ConditionOrFindingEntity => HF__heidenreich-2022-aha-acc-hfsa-guidelines_n0033/e_0025 type PatientCondition
Rule_742	?a type ConditionOrFindingEntity => ?a type PatientCondition	VF__zeppenfeld-2022-esc-guidelines-va-and-scd_n0042/e_0010 type ConditionOrFindingEntity => VF__zeppenfeld-2022-esc-guidelines-va-and-scd_n0042/e_0010 type PatientCondition
Rule_742	?a type ConditionOrFindingEntity => ?a type PatientCondition	syncope_remains_unexplained_after_non-invasive_evaluation__zeppenfeld-2022-esc-guidelines-va-and-scd_n0060/e_0038 type ConditionOrFindingEntity => syncope_remains_unexplained_after_non-invasive_evaluation__zeppenfeld-2022-esc-guidelines-va-and-scd_n0060/e_0038 type PatientCondition
Rule_742	?a type ConditionOrFindingEntity => ?a type PatientCondition	LQTS__zeppenfeld-2022-esc-guidelines-va-and-scd_n0077/e_0001 type ConditionOrFindingEntity => LQTS__zeppenfeld-2022-esc-guidelines-va-and-scd_n0077/e_0001 type PatientCondition
Rule_742	?a type ConditionOrFindingEntity => ?a type PatientCondition	unable_to_tolerate_an_ACE-I_or_ARNI__mcdonagh-2023-esc-guidelines_n0035/e_0011 type ConditionOrFindingEntity => unable_to_tolerate_an_ACE-I_or_ARNI__mcdonagh-2023-esc-guidelines_n0035/e_0011 type PatientCondition
Rule_742	?a type ConditionOrFindingEntity => ?a type PatientCondition	NYHA_class_III%E2%80%93IV__pelliccia-2020-2020-esc-guidelines-on-sports-cardiology-and-exercise-in_n0073/e_0020 type ConditionOrFindingEntity => NYHA_class_III%E2%80%93IV__pelliccia-2020-2020-esc-guidelines-on-sports-cardiology-and-exercise-in_n0073/e_0020 type PatientCondition
Rule_742	?a type ConditionOrFindingEntity => ?a type PatientCondition	SQTS__zeppenfeld-2022-esc-guidelines-va-and-scd_n0085/e_0026 type ConditionOrFindingEntity => SQTS__zeppenfeld-2022-esc-guidelines-va-and-scd_n0085/e_0026 type PatientCondition
Rule_742	?a type ConditionOrFindingEntity => ?a type PatientCondition	aortic_valve_disease__zeppenfeld-2022-esc-guidelines-va-and-scd_n0095/e_0018 type ConditionOrFindingEntity => aortic_valve_disease__zeppenfeld-2022-esc-guidelines-va-and-scd_n0095/e_0018 type PatientCondition
Rule_742	?a type ConditionOrFindingEntity => ?a type PatientCondition	VA__zeppenfeld-2022-esc-guidelines-va-and-scd_n0019/e_0085 type ConditionOrFindingEntity => VA__zeppenfeld-2022-esc-guidelines-va-and-scd_n0019/e_0085 type PatientCondition
Rule_742	?a type ConditionOrFindingEntity => ?a type PatientCondition	associated_comorbidities__ambrosetti-2020-secondary-prevention-comprehensive-cardiovascular-rehabi_n0011/e_0013 type ConditionOrFindingEntity => associated_comorbidities__ambrosetti-2020-secondary-prevention-comprehensive-cardiovascular-rehabi_n0011/e_0013 type PatientCondition
Rule_742	?a type ConditionOrFindingEntity => ?a type PatientCondition	SMVT__zeppenfeld-2022-esc-guidelines-va-and-scd_n0022/e_0077 type ConditionOrFindingEntity => SMVT__zeppenfeld-2022-esc-guidelines-va-and-scd_n0022/e_0077 type PatientCondition
Rule_742	?a type ConditionOrFindingEntity => ?a type PatientCondition	without_arrhythmia_symptoms__zeppenfeld-2022-esc-guidelines-va-and-scd_n0072/e_0024 type ConditionOrFindingEntity => without_arrhythmia_symptoms__zeppenfeld-2022-esc-guidelines-va-and-scd_n0072/e_0024 type PatientCondition
Rule_742	?a type ConditionOrFindingEntity => ?a type PatientCondition	VF__zeppenfeld-2022-esc-guidelines-va-and-scd_n0052/e_0010 type ConditionOrFindingEntity => VF__zeppenfeld-2022-esc-guidelines-va-and-scd_n0052/e_0010 type PatientCondition
Rule_742	?a type ConditionOrFindingEntity => ?a type PatientCondition	ERP__zeppenfeld-2022-esc-guidelines-va-and-scd_n0082/e_0055 type ConditionOrFindingEntity => ERP__zeppenfeld-2022-esc-guidelines-va-and-scd_n0082/e_0055 type PatientCondition
Rule_742	?a type ConditionOrFindingEntity => ?a type PatientCondition	ARVC__zeppenfeld-2022-esc-guidelines-va-and-scd_n0062/e_0073 type ConditionOrFindingEntity => ARVC__zeppenfeld-2022-esc-guidelines-va-and-scd_n0062/e_0073 type PatientCondition
Rule_742	?a type ConditionOrFindingEntity => ?a type PatientCondition	not_from_ischemic_cardiomyopathy__execut-1_n0035/e_0003 type ConditionOrFindingEntity => not_from_ischemic_cardiomyopathy__execut-1_n0035/e_0003 type PatientCondition
Rule_742	?a type ConditionOrFindingEntity => ?a type PatientCondition	excess_fluids_and_salt__aha-patient-discharge-packet_n0004/e_0076 type ConditionOrFindingEntity => excess_fluids_and_salt__aha-patient-discharge-packet_n0004/e_0076 type PatientCondition
Rule_742	?a type ConditionOrFindingEntity => ?a type PatientCondition	HCM__mcdonagh-2023-esc-guidelines_n0085/e_0006 type ConditionOrFindingEntity => HCM__mcdonagh-2023-esc-guidelines_n0085/e_0006 type PatientCondition
Rule_742	?a type ConditionOrFindingEntity => ?a type PatientCondition	Worsening_renal_function__execut-1_n0020/e_0004 type ConditionOrFindingEntity => Worsening_renal_function__execut-1_n0020/e_0004 type PatientCondition
Rule_742	?a type ConditionOrFindingEntity => ?a type PatientCondition	potential_underlying_causes_of_reversible_bradycardia__glikson-2021-2021-esc-guidelines-on-cardiac-pacing-and-cardiac-resynchro_n0037/e_0004 type ConditionOrFindingEntity => potential_underlying_causes_of_reversible_bradycardia__glikson-2021-2021-esc-guidelines-on-cardiac-pacing-and-cardiac-resynchro_n0037/e_0004 type PatientCondition
Rule_742	?a type ConditionOrFindingEntity => ?a type PatientCondition	structural_changes,_storage,_infiltration,_inflammation,_fibrosis_and_scarring__mcdonagh-2023-esc-guidelines_n0083/e_0025 type ConditionOrFindingEntity => structural_changes,_storage,_infiltration,_inflammation,_fibrosis_and_scarring__mcdonagh-2023-esc-guidelines_n0083/e_0025 type PatientCondition
Rule_742	?a type ConditionOrFindingEntity => ?a type PatientCondition	myasthenia_gravis__lenarczyk-2024-management-of-patients-with-an-electrical-storm-or-cluste_n0020/e_0069 type ConditionOrFindingEntity => myasthenia_gravis__lenarczyk-2024-management-of-patients-with-an-electrical-storm-or-cluste_n0020/e_0069 type PatientCondition
Rule_742	?a type ConditionOrFindingEntity => ?a type PatientCondition	Diabetes_mellitus__mcdonagh-2023-esc-guidelines_n0051/e_0033 type ConditionOrFindingEntity => Diabetes_mellitus__mcdonagh-2023-esc-guidelines_n0051/e_0033 type PatientCondition
Rule_742	?a type ConditionOrFindingEntity => ?a type PatientCondition	clinical_severity__pelliccia-2020-2020-esc-guidelines-on-sports-cardiology-and-exercise-in_n0075/e_0041 type ConditionOrFindingEntity => clinical_severity__pelliccia-2020-2020-esc-guidelines-on-sports-cardiology-and-exercise-in_n0075/e_0041 type PatientCondition
Rule_742	?a type ConditionOrFindingEntity => ?a type PatientCondition	Hyperlipidemia__sedf99-1_n0001/e_0015 type ConditionOrFindingEntity => Hyperlipidemia__sedf99-1_n0001/e_0015 type PatientCondition
Rule_742	?a type ConditionOrFindingEntity => ?a type PatientCondition	influenza__riegel-2009-promoting-self-care-in-persons-with-heart-failure_n0002/e_0002 type ConditionOrFindingEntity => influenza__riegel-2009-promoting-self-care-in-persons-with-heart-failure_n0002/e_0002 type PatientCondition
Rule_742	?a type ConditionOrFindingEntity => ?a type PatientCondition	documented_spontaneous_sustained_VT__zeppenfeld-2022-esc-guidelines-va-and-scd_n0096/e_0031 type ConditionOrFindingEntity => documented_spontaneous_sustained_VT__zeppenfeld-2022-esc-guidelines-va-and-scd_n0096/e_0031 type PatientCondition
Rule_742	?a type ConditionOrFindingEntity => ?a type PatientCondition	evidence_of_clinical_congestion__heidenreich-2022-aha-acc-hfsa-guidelines_n0013/e_0004 type ConditionOrFindingEntity => evidence_of_clinical_congestion__heidenreich-2022-aha-acc-hfsa-guidelines_n0013/e_0004 type PatientCondition
Rule_742	?a type ConditionOrFindingEntity => ?a type PatientCondition	SMVT__zeppenfeld-2022-esc-guidelines-va-and-scd_n0042/e_0020 type ConditionOrFindingEntity => SMVT__zeppenfeld-2022-esc-guidelines-va-and-scd_n0042/e_0020 type PatientCondition
Rule_742	?a type ConditionOrFindingEntity => ?a type PatientCondition	ACS__zeppenfeld-2022-esc-guidelines-va-and-scd_n0052/e_0025 type ConditionOrFindingEntity => ACS__zeppenfeld-2022-esc-guidelines-va-and-scd_n0052/e_0025 type PatientCondition
Rule_742	?a type ConditionOrFindingEntity => ?a type PatientCondition	HFpEF__mcdonagh-2023-esc-guidelines_n0032/e_0017 type ConditionOrFindingEntity => HFpEF__mcdonagh-2023-esc-guidelines_n0032/e_0017 type PatientCondition
Rule_742	?a type ConditionOrFindingEntity => ?a type PatientCondition	symptomatic_HFrEF__heidenreich-2022-aha-acc-hfsa-guidelines_n0060/e_0002 type ConditionOrFindingEntity => symptomatic_HFrEF__heidenreich-2022-aha-acc-hfsa-guidelines_n0060/e_0002 type PatientCondition
Rule_742	?a type ConditionOrFindingEntity => ?a type PatientCondition	signs_and_symptoms_consistent_with_HF__sectio-1_n0006/e_0034 type ConditionOrFindingEntity => signs_and_symptoms_consistent_with_HF__sectio-1_n0006/e_0034 type PatientCondition
Rule_742	?a type ConditionOrFindingEntity => ?a type PatientCondition	history_of_alcohol_abuse__execut-1_n0019/e_0015 type ConditionOrFindingEntity => history_of_alcohol_abuse__execut-1_n0019/e_0015 type PatientCondition
Rule_742	?a type ConditionOrFindingEntity => ?a type PatientCondition	endocarditis__regitz-zagrosek-2018-2018-esc-guideline-for-the-management-of-cardiovasc_n0016/e_0062 type ConditionOrFindingEntity => endocarditis__regitz-zagrosek-2018-2018-esc-guideline-for-the-management-of-cardiovasc_n0016/e_0062 type PatientCondition
Rule_742	?a type ConditionOrFindingEntity => ?a type PatientCondition	HFrEF__regitz-zagrosek-2018-2018-esc-guideline-for-the-management-of-cardiovasc_n0025/e_0013 type ConditionOrFindingEntity => HFrEF__regitz-zagrosek-2018-2018-esc-guideline-for-the-management-of-cardiovasc_n0025/e_0013 type PatientCondition
Rule_742	?a type ConditionOrFindingEntity => ?a type PatientCondition	each_of_these_symptoms__execut-1_n0026/e_0017 type ConditionOrFindingEntity => each_of_these_symptoms__execut-1_n0026/e_0017 type PatientCondition
Rule_742	?a type ConditionOrFindingEntity => ?a type PatientCondition	presumed_arrhythmic_syncope__zeppenfeld-2022-esc-guidelines-va-and-scd_n0072/e_0007 type ConditionOrFindingEntity => presumed_arrhythmic_syncope__zeppenfeld-2022-esc-guidelines-va-and-scd_n0072/e_0007 type PatientCondition
Rule_742	?a type ConditionOrFindingEntity => ?a type PatientCondition	Hepatic_and_pulmonary__lenarczyk-2024-management-of-patients-with-an-electrical-storm-or-cluste_n0013/e_0157 type ConditionOrFindingEntity => Hepatic_and_pulmonary__lenarczyk-2024-management-of-patients-with-an-electrical-storm-or-cluste_n0013/e_0157 type PatientCondition
Rule_742	?a type ConditionOrFindingEntity => ?a type PatientCondition	ERS__zeppenfeld-2022-esc-guidelines-va-and-scd_n0082/e_0020 type ConditionOrFindingEntity => ERS__zeppenfeld-2022-esc-guidelines-va-and-scd_n0082/e_0020 type PatientCondition
Rule_742	?a type ConditionOrFindingEntity => ?a type PatientCondition	inability_to_afford_medicines__riegel-2009-promoting-self-care-in-persons-with-heart-failure_n0004/e_0065 type ConditionOrFindingEntity => inability_to_afford_medicines__riegel-2009-promoting-self-care-in-persons-with-heart-failure_n0004/e_0065 type PatientCondition
Rule_742	?a type ConditionOrFindingEntity => ?a type PatientCondition	VT/VF,__lenarczyk-2024-management-of-patients-with-an-electrical-storm-or-cluste_n0020/e_0077 type ConditionOrFindingEntity => VT/VF,__lenarczyk-2024-management-of-patients-with-an-electrical-storm-or-cluste_n0020/e_0077 type PatientCondition
Rule_742	?a type ConditionOrFindingEntity => ?a type PatientCondition	SMVT__zeppenfeld-2022-esc-guidelines-va-and-scd_n0018/e_0171 type ConditionOrFindingEntity => SMVT__zeppenfeld-2022-esc-guidelines-va-and-scd_n0018/e_0171 type PatientCondition
Rule_742	?a type ConditionOrFindingEntity => ?a type PatientCondition	cardiotoxicity__mcdonagh-2023-esc-guidelines_n0097/e_0079 type ConditionOrFindingEntity => cardiotoxicity__mcdonagh-2023-esc-guidelines_n0097/e_0079 type PatientCondition
Rule_742	?a type ConditionOrFindingEntity => ?a type PatientCondition	VT,_VF,_PVCs__lenarczyk-2024-management-of-patients-with-an-electrical-storm-or-cluste_n0020/e_0170 type ConditionOrFindingEntity => VT,_VF,_PVCs__lenarczyk-2024-management-of-patients-with-an-electrical-storm-or-cluste_n0020/e_0170 type PatientCondition
Rule_742	?a type ConditionOrFindingEntity => ?a type PatientCondition	non-LBBB_QRS_morphology__glikson-2021-2021-esc-guidelines-on-cardiac-pacing-and-cardiac-resynchro_n0051/e_0031 type ConditionOrFindingEntity => non-LBBB_QRS_morphology__glikson-2021-2021-esc-guidelines-on-cardiac-pacing-and-cardiac-resynchro_n0051/e_0031 type PatientCondition
Rule_742	?a type ConditionOrFindingEntity => ?a type PatientCondition	Family_history_of_cardiomyopathy_in_a_first-degree_relative__execut-1_n0008/e_0007 type ConditionOrFindingEntity => Family_history_of_cardiomyopathy_in_a_first-degree_relative__execut-1_n0008/e_0007 type PatientCondition
Rule_742	?a type ConditionOrFindingEntity => ?a type PatientCondition	anxiety__riegel-2009-promoting-self-care-in-persons-with-heart-failure_n0002/e_0019 type ConditionOrFindingEntity => anxiety__riegel-2009-promoting-self-care-in-persons-with-heart-failure_n0002/e_0019 type PatientCondition
Rule_742	?a type ConditionOrFindingEntity => ?a type PatientCondition	severe_hypertension__regitz-zagrosek-2018-2018-esc-guideline-for-the-management-of-cardiovasc_n0050/e_0012 type ConditionOrFindingEntity => severe_hypertension__regitz-zagrosek-2018-2018-esc-guideline-for-the-management-of-cardiovasc_n0050/e_0012 type PatientCondition
Rule_742	?a type ConditionOrFindingEntity => ?a type PatientCondition	PVC__zeppenfeld-2022-esc-guidelines-va-and-scd_n0057/e_0003 type ConditionOrFindingEntity => PVC__zeppenfeld-2022-esc-guidelines-va-and-scd_n0057/e_0003 type PatientCondition
Rule_742	?a type ConditionOrFindingEntity => ?a type PatientCondition	sinus_rhythm__heidenreich-2022-aha-acc-hfsa-guidelines_n0065/e_0065 type ConditionOrFindingEntity => sinus_rhythm__heidenreich-2022-aha-acc-hfsa-guidelines_n0065/e_0065 type PatientCondition
Rule_742	?a type ConditionOrFindingEntity => ?a type PatientCondition	pneumococcal_disease__mcdonagh-2023-esc-guidelines_n0055/e_0075 type ConditionOrFindingEntity => pneumococcal_disease__mcdonagh-2023-esc-guidelines_n0055/e_0075 type PatientCondition
Rule_742	?a type ConditionOrFindingEntity => ?a type PatientCondition	SMVT__zeppenfeld-2022-esc-guidelines-va-and-scd_n0022/e_0031 type ConditionOrFindingEntity => SMVT__zeppenfeld-2022-esc-guidelines-va-and-scd_n0022/e_0031 type PatientCondition
Rule_742	?a type ConditionOrFindingEntity => ?a type PatientCondition	renal_insufficiency,_low_output_state,_diabetes,_chronic_obstructive_pulmonary_disease,_persistent_NYHA_class_III_or_IV_symptoms,_frequent_hospitalization_for_any_cause,_multiple_active_comorbidities,_or_a_history_of_depression,_cognitive_impairment,_inadequate_social_support,_poor_health_literacy,_or_persistent_nonadherence_to_therapeutic_regimens__execut-1_n0038/e_0043 type ConditionOrFindingEntity => renal_insufficiency,_low_output_state,_diabetes,_chronic_obstructive_pulmonary_disease,_persistent_NYHA_class_III_or_IV_symptoms,_frequent_hospitalization_for_any_cause,_multiple_active_comorbidities,_or_a_history_of_depression,_cognitive_impairment,_inadequate_social_support,_poor_health_literacy,_or_persistent_nonadherence_to_therapeutic_regimens__execut-1_n0038/e_0043 type PatientCondition
Rule_742	?a type ConditionOrFindingEntity => ?a type PatientCondition	worsening_HF__riegel-2009-promoting-self-care-in-persons-with-heart-failure_n0002/e_0010 type ConditionOrFindingEntity => worsening_HF__riegel-2009-promoting-self-care-in-persons-with-heart-failure_n0002/e_0010 type PatientCondition
Rule_742	?a type ConditionOrFindingEntity => ?a type PatientCondition	VT__zeppenfeld-2022-esc-guidelines-va-and-scd_n0020/e_0010 type ConditionOrFindingEntity => VT__zeppenfeld-2022-esc-guidelines-va-and-scd_n0020/e_0010 type PatientCondition
Rule_742	?a type ConditionOrFindingEntity => ?a type PatientCondition	asymptomatic__heidenreich-2022-aha-acc-hfsa-guidelines_n0070/e_0008 type ConditionOrFindingEntity => asymptomatic__heidenreich-2022-aha-acc-hfsa-guidelines_n0070/e_0008 type PatientCondition
Rule_742	?a type ConditionOrFindingEntity => ?a type PatientCondition	ARVC__zeppenfeld-2022-esc-guidelines-va-and-scd_n0018/e_0111 type ConditionOrFindingEntity => ARVC__zeppenfeld-2022-esc-guidelines-va-and-scd_n0018/e_0111 type PatientCondition
Rule_742	?a type ConditionOrFindingEntity => ?a type PatientCondition	su_verified_6ed52cdf724db04223b4d1c2e62f3c35f6b42bc19bc5e3198277d681d47e1eb9_table_5/e_0003 type ConditionOrFindingEntity => su_verified_6ed52cdf724db04223b4d1c2e62f3c35f6b42bc19bc5e3198277d681d47e1eb9_table_5/e_0003 type PatientCondition
Rule_742	?a type ConditionOrFindingEntity => ?a type PatientCondition	endocarditis__regitz-zagrosek-2018-2018-esc-guideline-for-the-management-of-cardiovasc_n0048/e_0013 type ConditionOrFindingEntity => endocarditis__regitz-zagrosek-2018-2018-esc-guideline-for-the-management-of-cardiovasc_n0048/e_0013 type PatientCondition
Rule_742	?a type ConditionOrFindingEntity => ?a type PatientCondition	sinus_rhythm__heidenreich-2022-aha-acc-hfsa-guidelines_n0065/e_0050 type ConditionOrFindingEntity => sinus_rhythm__heidenreich-2022-aha-acc-hfsa-guidelines_n0065/e_0050 type PatientCondition
Rule_742	?a type ConditionOrFindingEntity => ?a type PatientCondition	CPVT__zeppenfeld-2022-esc-guidelines-va-and-scd_n0084/e_0033 type ConditionOrFindingEntity => CPVT__zeppenfeld-2022-esc-guidelines-va-and-scd_n0084/e_0033 type PatientCondition
Rule_742	?a type ConditionOrFindingEntity => ?a type PatientCondition	sarcoidosis__mcdonagh-2023-esc-guidelines_n0031/e_0011 type ConditionOrFindingEntity => sarcoidosis__mcdonagh-2023-esc-guidelines_n0031/e_0011 type PatientCondition
Rule_742	?a type ConditionOrFindingEntity => ?a type PatientCondition	Obesity__ambrosetti-2020-secondary-prevention-comprehensive-cardiovascular-rehabi_n0007/e_0053 type ConditionOrFindingEntity => Obesity__ambrosetti-2020-secondary-prevention-comprehensive-cardiovascular-rehabi_n0007/e_0053 type PatientCondition
Rule_742	?a type ConditionOrFindingEntity => ?a type PatientCondition	LBBB_QRS_morphology__mcdonagh-2023-esc-guidelines_n0046/e_0005 type ConditionOrFindingEntity => LBBB_QRS_morphology__mcdonagh-2023-esc-guidelines_n0046/e_0005 type PatientCondition
Rule_742	?a type ConditionOrFindingEntity => ?a type PatientCondition	SCA__zeppenfeld-2022-esc-guidelines-va-and-scd_n0017/e_0052 type ConditionOrFindingEntity => SCA__zeppenfeld-2022-esc-guidelines-va-and-scd_n0017/e_0052 type PatientCondition
Rule_742	?a type ConditionOrFindingEntity => ?a type PatientCondition	exercise_testing_is_impractical__zeppenfeld-2022-esc-guidelines-va-and-scd_n0034/e_0040 type ConditionOrFindingEntity => exercise_testing_is_impractical__zeppenfeld-2022-esc-guidelines-va-and-scd_n0034/e_0040 type PatientCondition
Rule_742	?a type ConditionOrFindingEntity => ?a type PatientCondition	contraindicated__ambrosetti-2020-secondary-prevention-comprehensive-cardiovascular-rehabi_n0014/e_0055 type ConditionOrFindingEntity => contraindicated__ambrosetti-2020-secondary-prevention-comprehensive-cardiovascular-rehabi_n0014/e_0055 type PatientCondition
Rule_742	?a type ConditionOrFindingEntity => ?a type PatientCondition	the_same_symptoms_and_signs_assessed_during_the_initial_evaluation__execut-1_n0027/e_0037 type ConditionOrFindingEntity => the_same_symptoms_and_signs_assessed_during_the_initial_evaluation__execut-1_n0027/e_0037 type PatientCondition
Rule_742	?a type ConditionOrFindingEntity => ?a type PatientCondition	Hepatic__lenarczyk-2024-management-of-patients-with-an-electrical-storm-or-cluste_n0013/e_0138 type ConditionOrFindingEntity => Hepatic__lenarczyk-2024-management-of-patients-with-an-electrical-storm-or-cluste_n0013/e_0138 type PatientCondition
Rule_742	?a type ConditionOrFindingEntity => ?a type PatientCondition	ischemic_heart_disease__al-khatib-2017-aha-acc-hrs-guideline-va-and-scd_n0035/e_0003 type ConditionOrFindingEntity => ischemic_heart_disease__al-khatib-2017-aha-acc-hrs-guideline-va-and-scd_n0035/e_0003 type PatientCondition
Rule_742	?a type ConditionOrFindingEntity => ?a type PatientCondition	asymptomatic__al-khatib-2017-aha-acc-hrs-guideline-va-and-scd_n0060/e_0002 type ConditionOrFindingEntity => asymptomatic__al-khatib-2017-aha-acc-hrs-guideline-va-and-scd_n0060/e_0002 type PatientCondition
Rule_742	?a type ConditionOrFindingEntity => ?a type PatientCondition	symptomatic_HF__glikson-2021-2021-esc-guidelines-on-cardiac-pacing-and-cardiac-resynchro_n0053/e_0004 type ConditionOrFindingEntity => symptomatic_HF__glikson-2021-2021-esc-guidelines-on-cardiac-pacing-and-cardiac-resynchro_n0053/e_0004 type PatientCondition
Rule_742	?a type ConditionOrFindingEntity => ?a type PatientCondition	AF__heidenreich-2022-aha-acc-hfsa-guidelines_n0074/e_0015 type ConditionOrFindingEntity => AF__heidenreich-2022-aha-acc-hfsa-guidelines_n0074/e_0015 type PatientCondition
Rule_742	?a type ConditionOrFindingEntity => ?a type PatientCondition	ADHF__execut-1_n0046/e_0025 type ConditionOrFindingEntity => ADHF__execut-1_n0046/e_0025 type PatientCondition
Rule_742	?a type ConditionOrFindingEntity => ?a type PatientCondition	Antagonist:_theophylline__zeppenfeld-2022-esc-guidelines-va-and-scd_n0038/e_0039 type ConditionOrFindingEntity => Antagonist:_theophylline__zeppenfeld-2022-esc-guidelines-va-and-scd_n0038/e_0039 type PatientCondition
Rule_742	?a type ConditionOrFindingEntity => ?a type PatientCondition	congestion__execut-1_n0043/e_0002 type ConditionOrFindingEntity => congestion__execut-1_n0043/e_0002 type PatientCondition
Rule_742	?a type ConditionOrFindingEntity => ?a type PatientCondition	BrS__zeppenfeld-2022-esc-guidelines-va-and-scd_n0019/e_0173 type ConditionOrFindingEntity => BrS__zeppenfeld-2022-esc-guidelines-va-and-scd_n0019/e_0173 type PatientCondition
Rule_742	?a type ConditionOrFindingEntity => ?a type PatientCondition	aetiology_of_HF__mcdonagh-2023-esc-guidelines_n0055/e_0067 type ConditionOrFindingEntity => aetiology_of_HF__mcdonagh-2023-esc-guidelines_n0055/e_0067 type PatientCondition
Rule_742	?a type ConditionOrFindingEntity => ?a type PatientCondition	grade_1_hypertension__visseren-2021-esc-guidelines-cardiovascular-disease-prevention_n0056/e_0013 type ConditionOrFindingEntity => grade_1_hypertension__visseren-2021-esc-guidelines-cardiovascular-disease-prevention_n0056/e_0013 type PatientCondition
Rule_742	?a type ConditionOrFindingEntity => ?a type PatientCondition	symptomatic__mcdonagh-2023-esc-guidelines_n0076/e_0017 type ConditionOrFindingEntity => symptomatic__mcdonagh-2023-esc-guidelines_n0076/e_0017 type PatientCondition
Rule_742	?a type ConditionOrFindingEntity => ?a type PatientCondition	frequent_or_complex_VAs__pelliccia-2020-2020-esc-guidelines-on-sports-cardiology-and-exercise-in_n0057/e_0027 type ConditionOrFindingEntity => frequent_or_complex_VAs__pelliccia-2020-2020-esc-guidelines-on-sports-cardiology-and-exercise-in_n0057/e_0027 type PatientCondition
Rule_742	?a type ConditionOrFindingEntity => ?a type PatientCondition	AF__mcdonagh-2023-esc-guidelines_n0074/e_0026 type ConditionOrFindingEntity => AF__mcdonagh-2023-esc-guidelines_n0074/e_0026 type PatientCondition
Rule_742	?a type ConditionOrFindingEntity => ?a type PatientCondition	ARVC__zeppenfeld-2022-esc-guidelines-va-and-scd_n0062/e_0068 type ConditionOrFindingEntity => ARVC__zeppenfeld-2022-esc-guidelines-va-and-scd_n0062/e_0068 type PatientCondition
Rule_742	?a type ConditionOrFindingEntity => ?a type PatientCondition	HF__sectio-1_n0020/e_0018 type ConditionOrFindingEntity => HF__sectio-1_n0020/e_0018 type PatientCondition
Rule_742	?a type ConditionOrFindingEntity => ?a type PatientCondition	abnormal_aortic_origin_of_the_left_coronary_artery_with_high-risk_anatomy__zeppenfeld-2022-esc-guidelines-va-and-scd_n0055/e_0023 type ConditionOrFindingEntity => abnormal_aortic_origin_of_the_left_coronary_artery_with_high-risk_anatomy__zeppenfeld-2022-esc-guidelines-va-and-scd_n0055/e_0023 type PatientCondition
Rule_742	?a type ConditionOrFindingEntity => ?a type PatientCondition	stenosis_of_left_main_or_proximal_LAD__mcdonagh-2023-esc-guidelines_n0021/e_0040 type ConditionOrFindingEntity => stenosis_of_left_main_or_proximal_LAD__mcdonagh-2023-esc-guidelines_n0021/e_0040 type PatientCondition
Rule_742	?a type ConditionOrFindingEntity => ?a type PatientCondition	Fabry_disease__mcdonagh-2023-esc-guidelines_n0031/e_0007 type ConditionOrFindingEntity => Fabry_disease__mcdonagh-2023-esc-guidelines_n0031/e_0007 type PatientCondition
Rule_742	?a type ConditionOrFindingEntity => ?a type PatientCondition	symptoms_most_of_the_time__cardiosmart-heartfailurebasics_n0002/e_0017 type ConditionOrFindingEntity => symptoms_most_of_the_time__cardiosmart-heartfailurebasics_n0002/e_0017 type PatientCondition
Rule_742	?a type ConditionOrFindingEntity => ?a type PatientCondition	3-vessel_disease__zeppenfeld-2022-esc-guidelines-va-and-scd_n0026/e_0007 type ConditionOrFindingEntity => 3-vessel_disease__zeppenfeld-2022-esc-guidelines-va-and-scd_n0026/e_0007 type PatientCondition
Rule_742	?a type ConditionOrFindingEntity => ?a type PatientCondition	VT__zeppenfeld-2022-esc-guidelines-va-and-scd_n0093/e_0057 type ConditionOrFindingEntity => VT__zeppenfeld-2022-esc-guidelines-va-and-scd_n0093/e_0057 type PatientCondition
Rule_742	?a type ConditionOrFindingEntity => ?a type PatientCondition	severe_heart_failure__zeppenfeld-2022-esc-guidelines-va-and-scd_n0040/e_0038 type ConditionOrFindingEntity => severe_heart_failure__zeppenfeld-2022-esc-guidelines-va-and-scd_n0040/e_0038 type PatientCondition
Rule_742	?a type ConditionOrFindingEntity => ?a type PatientCondition	issues_with_detection__glikson-2021-2021-esc-guidelines-on-cardiac-pacing-and-cardiac-resynchro_n0057/e_0014 type ConditionOrFindingEntity => issues_with_detection__glikson-2021-2021-esc-guidelines-on-cardiac-pacing-and-cardiac-resynchro_n0057/e_0014 type PatientCondition
Rule_742	?a type ConditionOrFindingEntity => ?a type PatientCondition	SMVT__zeppenfeld-2022-esc-guidelines-va-and-scd_n0054/e_0048 type ConditionOrFindingEntity => SMVT__zeppenfeld-2022-esc-guidelines-va-and-scd_n0054/e_0048 type PatientCondition
Rule_742	?a type ConditionOrFindingEntity => ?a type PatientCondition	DCM/HNDCM__zeppenfeld-2022-esc-guidelines-va-and-scd_n0094/e_0016 type ConditionOrFindingEntity => DCM/HNDCM__zeppenfeld-2022-esc-guidelines-va-and-scd_n0094/e_0016 type PatientCondition
Rule_742	?a type ConditionOrFindingEntity => ?a type PatientCondition	symptoms__heidenreich-2022-aha-acc-hfsa-guidelines_n0088/e_0019 type ConditionOrFindingEntity => symptoms__heidenreich-2022-aha-acc-hfsa-guidelines_n0088/e_0019 type PatientCondition
Rule_742	?a type ConditionOrFindingEntity => ?a type PatientCondition	ARVC__zeppenfeld-2022-esc-guidelines-va-and-scd_n0062/e_0016 type ConditionOrFindingEntity => ARVC__zeppenfeld-2022-esc-guidelines-va-and-scd_n0062/e_0016 type PatientCondition
Rule_742	?a type ConditionOrFindingEntity => ?a type PatientCondition	symptoms_persist__zeppenfeld-2022-esc-guidelines-va-and-scd_n0025/e_0052 type ConditionOrFindingEntity => symptoms_persist__zeppenfeld-2022-esc-guidelines-va-and-scd_n0025/e_0052 type PatientCondition
Rule_742	?a type ConditionOrFindingEntity => ?a type PatientCondition	BrS__zeppenfeld-2022-esc-guidelines-va-and-scd_n0096/e_0012 type ConditionOrFindingEntity => BrS__zeppenfeld-2022-esc-guidelines-va-and-scd_n0096/e_0012 type PatientCondition
Rule_742	?a type ConditionOrFindingEntity => ?a type PatientCondition	Non-ischaemic_aetiology__mcdonagh-2023-esc-guidelines_n0039/e_0008 type ConditionOrFindingEntity => Non-ischaemic_aetiology__mcdonagh-2023-esc-guidelines_n0039/e_0008 type PatientCondition
Rule_742	?a type ConditionOrFindingEntity => ?a type PatientCondition	BrS_type_1_ECG__zeppenfeld-2022-esc-guidelines-va-and-scd_n0025/e_0011 type ConditionOrFindingEntity => BrS_type_1_ECG__zeppenfeld-2022-esc-guidelines-va-and-scd_n0025/e_0011 type PatientCondition
Rule_742	?a type ConditionOrFindingEntity => ?a type PatientCondition	ERP__zeppenfeld-2022-esc-guidelines-va-and-scd_n0096/e_0034 type ConditionOrFindingEntity => ERP__zeppenfeld-2022-esc-guidelines-va-and-scd_n0096/e_0034 type PatientCondition
Rule_742	?a type ConditionOrFindingEntity => ?a type PatientCondition	STEMI__lenarczyk-2024-management-of-patients-with-an-electrical-storm-or-cluste_n0010/e_0040 type ConditionOrFindingEntity => STEMI__lenarczyk-2024-management-of-patients-with-an-electrical-storm-or-cluste_n0010/e_0040 type PatientCondition
Rule_742	?a type ConditionOrFindingEntity => ?a type PatientCondition	Severe_and_persistent_symptoms_of_heart_failure__mcdonagh-2023-esc-guidelines_n0058/e_0002 type ConditionOrFindingEntity => Severe_and_persistent_symptoms_of_heart_failure__mcdonagh-2023-esc-guidelines_n0058/e_0002 type PatientCondition
Rule_742	?a type ConditionOrFindingEntity => ?a type PatientCondition	bradycardia%E2%80%93tachycardia_variant_of_SND__glikson-2021-2021-esc-guidelines-on-cardiac-pacing-and-cardiac-resynchro_n0046/e_0028 type ConditionOrFindingEntity => bradycardia%E2%80%93tachycardia_variant_of_SND__glikson-2021-2021-esc-guidelines-on-cardiac-pacing-and-cardiac-resynchro_n0046/e_0028 type PatientCondition
Rule_742	?a type ConditionOrFindingEntity => ?a type PatientCondition	functional_status__al-khatib-2017-aha-acc-hrs-guideline-va-and-scd_n0033/e_0018 type ConditionOrFindingEntity => functional_status__al-khatib-2017-aha-acc-hrs-guideline-va-and-scd_n0033/e_0018 type PatientCondition
Rule_742	?a type ConditionOrFindingEntity => ?a type PatientCondition	Excessive_alcohol_intake__sedf99-1_n0001/e_0026 type ConditionOrFindingEntity => Excessive_alcohol_intake__sedf99-1_n0001/e_0026 type PatientCondition
Rule_742	?a type ConditionOrFindingEntity => ?a type PatientCondition	at_least_one_of:_%E2%80%A2_Arrhythmic_syncope_or_nocturnal_agonal_respiration_%E2%80%A2_A_family_history_of_BrS_%E2%80%A2_A_family_history_of_SD_(%3C45_years_old)_with_a_negative_autopsy_and_circumstance_suspicious_for_BrS__zeppenfeld-2022-esc-guidelines-va-and-scd_n0080/e_0013 type ConditionOrFindingEntity => at_least_one_of:_%E2%80%A2_Arrhythmic_syncope_or_nocturnal_agonal_respiration_%E2%80%A2_A_family_history_of_BrS_%E2%80%A2_A_family_history_of_SD_(%3C45_years_old)_with_a_negative_autopsy_and_circumstance_suspicious_for_BrS__zeppenfeld-2022-esc-guidelines-va-and-scd_n0080/e_0013 type PatientCondition
Rule_742	?a type ConditionOrFindingEntity => ?a type PatientCondition	Muehrcke_lines_in_nails__vest-2019-nutrition-obesity-and-cachexia-in-patients-with-heart-failure_n0002/e_0009 type ConditionOrFindingEntity => Muehrcke_lines_in_nails__vest-2019-nutrition-obesity-and-cachexia-in-patients-with-heart-failure_n0002/e_0009 type PatientCondition
Rule_742	?a type ConditionOrFindingEntity => ?a type PatientCondition	adenosine-sensitive_syncope__glikson-2021-2021-esc-guidelines-on-cardiac-pacing-and-cardiac-resynchro_n0049/e_0018 type ConditionOrFindingEntity => adenosine-sensitive_syncope__glikson-2021-2021-esc-guidelines-on-cardiac-pacing-and-cardiac-resynchro_n0049/e_0018 type PatientCondition
Rule_742	?a type ConditionOrFindingEntity => ?a type PatientCondition	PVT__zeppenfeld-2022-esc-guidelines-va-and-scd_n0019/e_0201 type ConditionOrFindingEntity => PVT__zeppenfeld-2022-esc-guidelines-va-and-scd_n0019/e_0201 type PatientCondition
Rule_742	?a type ConditionOrFindingEntity => ?a type PatientCondition	bradycardia__glikson-2021-2021-esc-guidelines-on-cardiac-pacing-and-cardiac-resynchro_n0084/e_0003 type ConditionOrFindingEntity => bradycardia__glikson-2021-2021-esc-guidelines-on-cardiac-pacing-and-cardiac-resynchro_n0084/e_0003 type PatientCondition
Rule_742	?a type ConditionOrFindingEntity => ?a type PatientCondition	frailty__mcdonagh-2023-esc-guidelines_n0056/e_0009 type ConditionOrFindingEntity => frailty__mcdonagh-2023-esc-guidelines_n0056/e_0009 type PatientCondition
Rule_742	?a type ConditionOrFindingEntity => ?a type PatientCondition	transient_ischemic_accident_or_stroke__execut-1_n0020/e_0019 type ConditionOrFindingEntity => transient_ischemic_accident_or_stroke__execut-1_n0020/e_0019 type PatientCondition
Rule_742	?a type ConditionOrFindingEntity => ?a type PatientCondition	hemodynamic_compromise__heidenreich-2022-aha-acc-hfsa-guidelines_n0083/e_0028 type ConditionOrFindingEntity => hemodynamic_compromise__heidenreich-2022-aha-acc-hfsa-guidelines_n0083/e_0028 type PatientCondition
Rule_742	?a type ConditionOrFindingEntity => ?a type PatientCondition	LMNA,_RBM20,_PLN_and_FLN_mutation__mcdonagh-2023-esc-guidelines_n0084/e_0053 type ConditionOrFindingEntity => LMNA,_RBM20,_PLN_and_FLN_mutation__mcdonagh-2023-esc-guidelines_n0084/e_0053 type PatientCondition
Rule_742	?a type ConditionOrFindingEntity => ?a type PatientCondition	su_verified_6ed52cdf724db04223b4d1c2e62f3c35f6b42bc19bc5e3198277d681d47e1eb9_table_7/e_0080 type ConditionOrFindingEntity => su_verified_6ed52cdf724db04223b4d1c2e62f3c35f6b42bc19bc5e3198277d681d47e1eb9_table_7/e_0080 type PatientCondition
Rule_742	?a type ConditionOrFindingEntity => ?a type PatientCondition	DCM/HNDCM_and_AV_conduction_delay_at_%3C50_years__zeppenfeld-2022-esc-guidelines-va-and-scd_n0060/e_0003 type ConditionOrFindingEntity => DCM/HNDCM_and_AV_conduction_delay_at_%3C50_years__zeppenfeld-2022-esc-guidelines-va-and-scd_n0060/e_0003 type PatientCondition
Rule_742	?a type ConditionOrFindingEntity => ?a type PatientCondition	HFpEF__heidenreich-2022-aha-acc-hfsa-guidelines_n0071/e_0002 type ConditionOrFindingEntity => HFpEF__heidenreich-2022-aha-acc-hfsa-guidelines_n0071/e_0002 type PatientCondition
Rule_742	?a type ConditionOrFindingEntity => ?a type PatientCondition	HFrEF__mcdonagh-2023-esc-guidelines_n0084/e_0052 type ConditionOrFindingEntity => HFrEF__mcdonagh-2023-esc-guidelines_n0084/e_0052 type PatientCondition
Rule_742	?a type ConditionOrFindingEntity => ?a type PatientCondition	LQTS__zeppenfeld-2022-esc-guidelines-va-and-scd_n0077/e_0005 type ConditionOrFindingEntity => LQTS__zeppenfeld-2022-esc-guidelines-va-and-scd_n0077/e_0005 type PatientCondition
Rule_742	?a type ConditionOrFindingEntity => ?a type PatientCondition	specific_directive__lenarczyk-2024-management-of-patients-with-an-electrical-storm-or-cluste_n0017/e_0028 type ConditionOrFindingEntity => specific_directive__lenarczyk-2024-management-of-patients-with-an-electrical-storm-or-cluste_n0017/e_0028 type PatientCondition
Rule_742	?a type ConditionOrFindingEntity => ?a type PatientCondition	Brugada_syndrome__al-khatib-2017-aha-acc-hrs-guideline-va-and-scd_n0053/e_0006 type ConditionOrFindingEntity => Brugada_syndrome__al-khatib-2017-aha-acc-hrs-guideline-va-and-scd_n0053/e_0006 type PatientCondition
Rule_742	?a type ConditionOrFindingEntity => ?a type PatientCondition	other_risk_factors_are_insufficiently_controlled__visseren-2021-esc-guidelines-cardiovascular-disease-prevention_n0068/e_0005 type ConditionOrFindingEntity => other_risk_factors_are_insufficiently_controlled__visseren-2021-esc-guidelines-cardiovascular-disease-prevention_n0068/e_0005 type PatientCondition
Rule_742	?a type ConditionOrFindingEntity => ?a type PatientCondition	regardless_of_age,_sex,_or_extent_of_LV_systolic_dysfunction__pelliccia-2020-2020-esc-guidelines-on-sports-cardiology-and-exercise-in_n0061/e_0008 type ConditionOrFindingEntity => regardless_of_age,_sex,_or_extent_of_LV_systolic_dysfunction__pelliccia-2020-2020-esc-guidelines-on-sports-cardiology-and-exercise-in_n0061/e_0008 type PatientCondition
Rule_742	?a type ConditionOrFindingEntity => ?a type PatientCondition	cardioinhibitory_carotid_sinus_syndrome__glikson-2021-2021-esc-guidelines-on-cardiac-pacing-and-cardiac-resynchro_n0085/e_0047 type ConditionOrFindingEntity => cardioinhibitory_carotid_sinus_syndrome__glikson-2021-2021-esc-guidelines-on-cardiac-pacing-and-cardiac-resynchro_n0085/e_0047 type PatientCondition
Rule_742	?a type ConditionOrFindingEntity => ?a type PatientCondition	hypocalcaemia__lenarczyk-2024-management-of-patients-with-an-electrical-storm-or-cluste_n0008/e_0031 type ConditionOrFindingEntity => hypocalcaemia__lenarczyk-2024-management-of-patients-with-an-electrical-storm-or-cluste_n0008/e_0031 type PatientCondition
Rule_742	?a type ConditionOrFindingEntity => ?a type PatientCondition	NSVT__zeppenfeld-2022-esc-guidelines-va-and-scd_n0060/e_0029 type ConditionOrFindingEntity => NSVT__zeppenfeld-2022-esc-guidelines-va-and-scd_n0060/e_0029 type PatientCondition
Rule_742	?a type ConditionOrFindingEntity => ?a type PatientCondition	DCM/HNDCM__zeppenfeld-2022-esc-guidelines-va-and-scd_n0019/e_0036 type ConditionOrFindingEntity => DCM/HNDCM__zeppenfeld-2022-esc-guidelines-va-and-scd_n0019/e_0036 type PatientCondition
Rule_742	?a type ConditionOrFindingEntity => ?a type PatientCondition	Repeated_ICD_firings__sectio-4_n0001/e_0022 type ConditionOrFindingEntity => Repeated_ICD_firings__sectio-4_n0001/e_0022 type PatientCondition
Rule_742	?a type ConditionOrFindingEntity => ?a type PatientCondition	SADS__zeppenfeld-2022-esc-guidelines-va-and-scd_n0025/e_0002 type ConditionOrFindingEntity => SADS__zeppenfeld-2022-esc-guidelines-va-and-scd_n0025/e_0002 type PatientCondition
Rule_742	?a type ConditionOrFindingEntity => ?a type PatientCondition	NYHA_class_II%E2%80%93IV_HF__maddox-2021-2021-update-to-the-2017-acc-expert-consensus-decision-pathwa_n0004/e_0003 type ConditionOrFindingEntity => NYHA_class_II%E2%80%93IV_HF__maddox-2021-2021-update-to-the-2017-acc-expert-consensus-decision-pathwa_n0004/e_0003 type PatientCondition
Rule_742	?a type ConditionOrFindingEntity => ?a type PatientCondition	HF__execut-1_n0044/e_0078 type ConditionOrFindingEntity => HF__execut-1_n0044/e_0078 type PatientCondition
Rule_742	?a type ConditionOrFindingEntity => ?a type PatientCondition	severe_bronchial_asthma__zeppenfeld-2022-esc-guidelines-va-and-scd_n0025/e_0070 type ConditionOrFindingEntity => severe_bronchial_asthma__zeppenfeld-2022-esc-guidelines-va-and-scd_n0025/e_0070 type PatientCondition
Rule_742	?a type ConditionOrFindingEntity => ?a type PatientCondition	regardless_of_LVEF__zeppenfeld-2022-esc-guidelines-va-and-scd_n0068/e_0007 type ConditionOrFindingEntity => regardless_of_LVEF__zeppenfeld-2022-esc-guidelines-va-and-scd_n0068/e_0007 type PatientCondition
Rule_742	?a type ConditionOrFindingEntity => ?a type PatientCondition	HFpEF__vest-2019-nutrition-obesity-and-cachexia-in-patients-with-heart-failure_n0001/e_0062 type ConditionOrFindingEntity => HFpEF__vest-2019-nutrition-obesity-and-cachexia-in-patients-with-heart-failure_n0001/e_0062 type PatientCondition
Rule_742	?a type ConditionOrFindingEntity => ?a type PatientCondition	VF__zeppenfeld-2022-esc-guidelines-va-and-scd_n0075/e_0035 type ConditionOrFindingEntity => VF__zeppenfeld-2022-esc-guidelines-va-and-scd_n0075/e_0035 type PatientCondition
Rule_742	?a type ConditionOrFindingEntity => ?a type PatientCondition	inappropriate_therapy__vijgen-2009-updated-recommendations-for-driving-by-patients-with-implant_n0005/e_0004 type ConditionOrFindingEntity => inappropriate_therapy__vijgen-2009-updated-recommendations-for-driving-by-patients-with-implant_n0005/e_0004 type PatientCondition
Rule_742	?a type ConditionOrFindingEntity => ?a type PatientCondition	paroxysmal_or_persistent_AF__mcdonagh-2023-esc-guidelines_n0024/e_0026 type ConditionOrFindingEntity => paroxysmal_or_persistent_AF__mcdonagh-2023-esc-guidelines_n0024/e_0026 type PatientCondition
Rule_742	?a type ConditionOrFindingEntity => ?a type PatientCondition	functional_status_and_prognosis_based_on_severity_of_underlying_HF_and_comorbid_conditions__execut-1_n0040/e_0008 type ConditionOrFindingEntity => functional_status_and_prognosis_based_on_severity_of_underlying_HF_and_comorbid_conditions__execut-1_n0040/e_0008 type PatientCondition
Rule_742	?a type ConditionOrFindingEntity => ?a type PatientCondition	Severe_sinus_node_dysfunction__zeppenfeld-2022-esc-guidelines-va-and-scd_n0040/e_0037 type ConditionOrFindingEntity => Severe_sinus_node_dysfunction__zeppenfeld-2022-esc-guidelines-va-and-scd_n0040/e_0037 type PatientCondition
Rule_742	?a type ConditionOrFindingEntity => ?a type PatientCondition	myasthenia_gravis__lenarczyk-2024-management-of-patients-with-an-electrical-storm-or-cluste_n0020/e_0124 type ConditionOrFindingEntity => myasthenia_gravis__lenarczyk-2024-management-of-patients-with-an-electrical-storm-or-cluste_n0020/e_0124 type PatientCondition
Rule_742	?a type ConditionOrFindingEntity => ?a type PatientCondition	asymptomatic_pause(s)_%3E6_s__glikson-2021-2021-esc-guidelines-on-cardiac-pacing-and-cardiac-resynchro_n0049/e_0008 type ConditionOrFindingEntity => asymptomatic_pause(s)_%3E6_s__glikson-2021-2021-esc-guidelines-on-cardiac-pacing-and-cardiac-resynchro_n0049/e_0008 type PatientCondition
Rule_742	?a type ConditionOrFindingEntity => ?a type PatientCondition	ERS__zeppenfeld-2022-esc-guidelines-va-and-scd_n0019/e_0212 type ConditionOrFindingEntity => ERS__zeppenfeld-2022-esc-guidelines-va-and-scd_n0019/e_0212 type PatientCondition
Rule_742	?a type ConditionOrFindingEntity => ?a type PatientCondition	migraine_with_aura__visseren-2021-esc-guidelines-cardiovascular-disease-prevention_n0033/e_0008 type ConditionOrFindingEntity => migraine_with_aura__visseren-2021-esc-guidelines-cardiovascular-disease-prevention_n0033/e_0008 type PatientCondition
Rule_742	?a type ConditionOrFindingEntity => ?a type PatientCondition	Severe_bradycardia_and/or_high-degree_AV_block_in_the_absence_of_a_pacemaker__lenarczyk-2024-management-of-patients-with-an-electrical-storm-or-cluste_n0020/e_0121 type ConditionOrFindingEntity => Severe_bradycardia_and/or_high-degree_AV_block_in_the_absence_of_a_pacemaker__lenarczyk-2024-management-of-patients-with-an-electrical-storm-or-cluste_n0020/e_0121 type PatientCondition
Rule_742	?a type ConditionOrFindingEntity => ?a type PatientCondition	a_dangerous_heart_rhythm__rest-m3-websiten-zusammengefugt_n0002/e_0002 type ConditionOrFindingEntity => a_dangerous_heart_rhythm__rest-m3-websiten-zusammengefugt_n0002/e_0002 type PatientCondition
Rule_742	?a type ConditionOrFindingEntity => ?a type PatientCondition	clinical_stability_is_achieved__heidenreich-2022-aha-acc-hfsa-guidelines_n0087/e_0013 type ConditionOrFindingEntity => clinical_stability_is_achieved__heidenreich-2022-aha-acc-hfsa-guidelines_n0087/e_0013 type PatientCondition
Rule_742	?a type ConditionOrFindingEntity => ?a type PatientCondition	sleep_disturbances__riegel-2009-promoting-self-care-in-persons-with-heart-failure_n0002/e_0023 type ConditionOrFindingEntity => sleep_disturbances__riegel-2009-promoting-self-care-in-persons-with-heart-failure_n0002/e_0023 type PatientCondition
Rule_742	?a type ConditionOrFindingEntity => ?a type PatientCondition	Hypertension__mebaza-2015-recommendations-on-pre-hospital-early-hospital-management-of_n0004/e_0241 type ConditionOrFindingEntity => Hypertension__mebaza-2015-recommendations-on-pre-hospital-early-hospital-management-of_n0004/e_0241 type PatientCondition
Rule_742	?a type ConditionOrFindingEntity => ?a type PatientCondition	gastrointestinal_symptoms__vest-2019-nutrition-obesity-and-cachexia-in-patients-with-heart-failure_n0002/e_0006 type ConditionOrFindingEntity => gastrointestinal_symptoms__vest-2019-nutrition-obesity-and-cachexia-in-patients-with-heart-failure_n0002/e_0006 type PatientCondition
Rule_742	?a type ConditionOrFindingEntity => ?a type PatientCondition	if_desired__pelliccia-2020-2020-esc-guidelines-on-sports-cardiology-and-exercise-in_n0057/e_0024 type ConditionOrFindingEntity => if_desired__pelliccia-2020-2020-esc-guidelines-on-sports-cardiology-and-exercise-in_n0057/e_0024 type PatientCondition
Rule_742	?a type ConditionOrFindingEntity => ?a type PatientCondition	TdP__zeppenfeld-2022-esc-guidelines-va-and-scd_n0092/e_0004 type ConditionOrFindingEntity => TdP__zeppenfeld-2022-esc-guidelines-va-and-scd_n0092/e_0004 type PatientCondition
Rule_742	?a type ConditionOrFindingEntity => ?a type PatientCondition	su_verified_6ed52cdf724db04223b4d1c2e62f3c35f6b42bc19bc5e3198277d681d47e1eb9_table_7/e_0023 type ConditionOrFindingEntity => su_verified_6ed52cdf724db04223b4d1c2e62f3c35f6b42bc19bc5e3198277d681d47e1eb9_table_7/e_0023 type PatientCondition
Rule_742	?a type ConditionOrFindingEntity => ?a type PatientCondition	myasthenia_gravis__lenarczyk-2024-management-of-patients-with-an-electrical-storm-or-cluste_n0020/e_0108 type ConditionOrFindingEntity => myasthenia_gravis__lenarczyk-2024-management-of-patients-with-an-electrical-storm-or-cluste_n0020/e_0108 type PatientCondition
Rule_742	?a type ConditionOrFindingEntity => ?a type PatientCondition	HF__heidenreich-2022-aha-acc-hfsa-guidelines_n0021/e_0030 type ConditionOrFindingEntity => HF__heidenreich-2022-aha-acc-hfsa-guidelines_n0021/e_0030 type PatientCondition
Rule_742	?a type ConditionOrFindingEntity => ?a type PatientCondition	elevated_natriuretic_peptide_levels__heidenreich-2022-aha-acc-hfsa-guidelines_n0024/e_0004 type ConditionOrFindingEntity => elevated_natriuretic_peptide_levels__heidenreich-2022-aha-acc-hfsa-guidelines_n0024/e_0004 type PatientCondition
Rule_742	?a type ConditionOrFindingEntity => ?a type PatientCondition	symptoms__cardiosmart-decision-aid-icd-for-hf_n0002/e_0052 type ConditionOrFindingEntity => symptoms__cardiosmart-decision-aid-icd-for-hf_n0002/e_0052 type PatientCondition
Rule_742	?a type ConditionOrFindingEntity => ?a type PatientCondition	fluid_overload__execut-1_n0046/e_0068 type ConditionOrFindingEntity => fluid_overload__execut-1_n0046/e_0068 type PatientCondition
Rule_742	?a type ConditionOrFindingEntity => ?a type PatientCondition	in_whom_ARNi_is_not_feasible__heidenreich-2022-aha-acc-hfsa-guidelines_n0044/e_0027 type ConditionOrFindingEntity => in_whom_ARNi_is_not_feasible__heidenreich-2022-aha-acc-hfsa-guidelines_n0044/e_0027 type PatientCondition
Rule_742	?a type ConditionOrFindingEntity => ?a type PatientCondition	Dyspnea_at_rest__execut-1_n0020/e_0006 type ConditionOrFindingEntity => Dyspnea_at_rest__execut-1_n0020/e_0006 type PatientCondition
Rule_742	?a type ConditionOrFindingEntity => ?a type PatientCondition	early_changes_to_the_structure_of_the_heart__cardiosmart-modul1-zusammengefugt_n0002/e_0004 type ConditionOrFindingEntity => early_changes_to_the_structure_of_the_heart__cardiosmart-modul1-zusammengefugt_n0002/e_0004 type PatientCondition
Rule_742	?a type ConditionOrFindingEntity => ?a type PatientCondition	VF__zeppenfeld-2022-esc-guidelines-va-and-scd_n0062/e_0046 type ConditionOrFindingEntity => VF__zeppenfeld-2022-esc-guidelines-va-and-scd_n0062/e_0046 type PatientCondition
Rule_742	?a type ConditionOrFindingEntity => ?a type PatientCondition	HCM__zeppenfeld-2022-esc-guidelines-va-and-scd_n0018/e_0166 type ConditionOrFindingEntity => HCM__zeppenfeld-2022-esc-guidelines-va-and-scd_n0018/e_0166 type PatientCondition
Rule_742	?a type ConditionOrFindingEntity => ?a type PatientCondition	LV_dysfunction__regitz-zagrosek-2018-2018-esc-guideline-for-the-management-of-cardiovasc_n0022/e_0032 type ConditionOrFindingEntity => LV_dysfunction__regitz-zagrosek-2018-2018-esc-guideline-for-the-management-of-cardiovasc_n0022/e_0032 type PatientCondition
Rule_742	?a type ConditionOrFindingEntity => ?a type PatientCondition	amyloidosis__zeppenfeld-2022-esc-guidelines-va-and-scd_n0019/e_0039 type ConditionOrFindingEntity => amyloidosis__zeppenfeld-2022-esc-guidelines-va-and-scd_n0019/e_0039 type PatientCondition
Rule_742	?a type ConditionOrFindingEntity => ?a type PatientCondition	anaemia__mcdonagh-2023-esc-guidelines_n0097/e_0063 type ConditionOrFindingEntity => anaemia__mcdonagh-2023-esc-guidelines_n0097/e_0063 type PatientCondition
Rule_742	?a type ConditionOrFindingEntity => ?a type PatientCondition	DCM/HNDCM__zeppenfeld-2022-esc-guidelines-va-and-scd_n0094/e_0030 type ConditionOrFindingEntity => DCM/HNDCM__zeppenfeld-2022-esc-guidelines-va-and-scd_n0094/e_0030 type PatientCondition
Rule_742	?a type ConditionOrFindingEntity => ?a type PatientCondition	severe_HF__sectio-1_n0016/e_0034 type ConditionOrFindingEntity => severe_HF__sectio-1_n0016/e_0034 type PatientCondition
Rule_742	?a type ConditionOrFindingEntity => ?a type PatientCondition	su_verified_e5f20076152902f9b102f37b1a83cdc79baea0d42000f6c76a83acfae0e39670_table_2/e_0001 type ConditionOrFindingEntity => su_verified_e5f20076152902f9b102f37b1a83cdc79baea0d42000f6c76a83acfae0e39670_table_2/e_0001 type PatientCondition
Rule_742	?a type ConditionOrFindingEntity => ?a type PatientCondition	giant_cell_myocarditis,_eosinophilic_myocarditis,_sarcoidosis,_vasculitis,_SLE,_other_systemic,_auto-immune_inflammatory_conditions,_or_storage_diseases__mcdonagh-2023-esc-guidelines_n0084/e_0033 type ConditionOrFindingEntity => giant_cell_myocarditis,_eosinophilic_myocarditis,_sarcoidosis,_vasculitis,_SLE,_other_systemic,_auto-immune_inflammatory_conditions,_or_storage_diseases__mcdonagh-2023-esc-guidelines_n0084/e_0033 type PatientCondition
Rule_742	?a type ConditionOrFindingEntity => ?a type PatientCondition	dangerous_heart_rhythm__cardiosmart-decision-aid-icd-for-hf_n0002/e_0002 type ConditionOrFindingEntity => dangerous_heart_rhythm__cardiosmart-decision-aid-icd-for-hf_n0002/e_0002 type PatientCondition
Rule_742	?a type ConditionOrFindingEntity => ?a type PatientCondition	anorexia__vest-2019-nutrition-obesity-and-cachexia-in-patients-with-heart-failure_n0005/e_9013 type ConditionOrFindingEntity => anorexia__vest-2019-nutrition-obesity-and-cachexia-in-patients-with-heart-failure_n0005/e_9013 type PatientCondition
Rule_742	?a type ConditionOrFindingEntity => ?a type PatientCondition	HF__mcdonagh-2023-esc-guidelines_n0095/e_0054 type ConditionOrFindingEntity => HF__mcdonagh-2023-esc-guidelines_n0095/e_0054 type PatientCondition
Rule_742	?a type ConditionOrFindingEntity => ?a type PatientCondition	hypoperfusion__mcdonagh-2023-esc-guidelines_n0067/e_0004 type ConditionOrFindingEntity => hypoperfusion__mcdonagh-2023-esc-guidelines_n0067/e_0004 type PatientCondition
Rule_742	?a type ConditionOrFindingEntity => ?a type PatientCondition	HF__vest-2019-nutrition-obesity-and-cachexia-in-patients-with-heart-failure_n0001/e_0079 type ConditionOrFindingEntity => HF__vest-2019-nutrition-obesity-and-cachexia-in-patients-with-heart-failure_n0001/e_0079 type PatientCondition
Rule_742	?a type ConditionOrFindingEntity => ?a type PatientCondition	AVB__glikson-2021-2021-esc-guidelines-on-cardiac-pacing-and-cardiac-resynchro_n0049/e_0011 type ConditionOrFindingEntity => AVB__glikson-2021-2021-esc-guidelines-on-cardiac-pacing-and-cardiac-resynchro_n0049/e_0011 type PatientCondition
Rule_742	?a type ConditionOrFindingEntity => ?a type PatientCondition	HFrEF__al-khatib-2017-aha-acc-hrs-guideline-va-and-scd_n0047/e_0002 type ConditionOrFindingEntity => HFrEF__al-khatib-2017-aha-acc-hrs-guideline-va-and-scd_n0047/e_0002 type PatientCondition
Rule_742	?a type ConditionOrFindingEntity => ?a type PatientCondition	ERP__zeppenfeld-2022-esc-guidelines-va-and-scd_n0019/e_0217 type ConditionOrFindingEntity => ERP__zeppenfeld-2022-esc-guidelines-va-and-scd_n0019/e_0217 type PatientCondition
Rule_742	?a type ConditionOrFindingEntity => ?a type PatientCondition	NYHA_III/IV_HF__zeppenfeld-2022-esc-guidelines-va-and-scd_n0025/e_0068 type ConditionOrFindingEntity => NYHA_III/IV_HF__zeppenfeld-2022-esc-guidelines-va-and-scd_n0025/e_0068 type PatientCondition
Rule_742	?a type ConditionOrFindingEntity => ?a type PatientCondition	VF__zeppenfeld-2022-esc-guidelines-va-and-scd_n0094/e_0018 type ConditionOrFindingEntity => VF__zeppenfeld-2022-esc-guidelines-va-and-scd_n0094/e_0018 type PatientCondition
Rule_742	?a type ConditionOrFindingEntity => ?a type PatientCondition	pathogenic_mutation_in_LMNA_gene__zeppenfeld-2022-esc-guidelines-va-and-scd_n0060/e_0027 type ConditionOrFindingEntity => pathogenic_mutation_in_LMNA_gene__zeppenfeld-2022-esc-guidelines-va-and-scd_n0060/e_0027 type PatientCondition
Rule_742	?a type ConditionOrFindingEntity => ?a type PatientCondition	LQTS__zeppenfeld-2022-esc-guidelines-va-and-scd_n0019/e_0134 type ConditionOrFindingEntity => LQTS__zeppenfeld-2022-esc-guidelines-va-and-scd_n0019/e_0134 type PatientCondition
Rule_742	?a type ConditionOrFindingEntity => ?a type PatientCondition	severe_AV_conduction_disturbances__zeppenfeld-2022-esc-guidelines-va-and-scd_n0040/e_0052 type ConditionOrFindingEntity => severe_AV_conduction_disturbances__zeppenfeld-2022-esc-guidelines-va-and-scd_n0040/e_0052 type PatientCondition
Rule_742	?a type ConditionOrFindingEntity => ?a type PatientCondition	ADHF__execut-1_n0044/e_0036 type ConditionOrFindingEntity => ADHF__execut-1_n0044/e_0036 type PatientCondition
Rule_742	?a type ConditionOrFindingEntity => ?a type PatientCondition	2-vessel_disease_with_total_occlusion__zeppenfeld-2022-esc-guidelines-va-and-scd_n0025/e_0067 type ConditionOrFindingEntity => 2-vessel_disease_with_total_occlusion__zeppenfeld-2022-esc-guidelines-va-and-scd_n0025/e_0067 type PatientCondition
Rule_742	?a type ConditionOrFindingEntity => ?a type PatientCondition	HF__mcdonagh-2023-esc-guidelines_n0097/e_0077 type ConditionOrFindingEntity => HF__mcdonagh-2023-esc-guidelines_n0097/e_0077 type PatientCondition
Rule_742	?a type ConditionOrFindingEntity => ?a type PatientCondition	SCA_due_to_VT/VF__al-khatib-2017-aha-acc-hrs-guideline-va-and-scd_n0039/e_0020 type ConditionOrFindingEntity => SCA_due_to_VT/VF__al-khatib-2017-aha-acc-hrs-guideline-va-and-scd_n0039/e_0020 type PatientCondition
Rule_742	?a type ConditionOrFindingEntity => ?a type PatientCondition	cognitive_impairment__sectio-1_n0020/e_0004 type ConditionOrFindingEntity => cognitive_impairment__sectio-1_n0020/e_0004 type PatientCondition
Rule_742	?a type ConditionOrFindingEntity => ?a type PatientCondition	arrhythmia_symptoms_and_a_positive_PES__zeppenfeld-2022-esc-guidelines-va-and-scd_n0072/e_0020 type ConditionOrFindingEntity => arrhythmia_symptoms_and_a_positive_PES__zeppenfeld-2022-esc-guidelines-va-and-scd_n0072/e_0020 type PatientCondition
Rule_742	?a type ConditionOrFindingEntity => ?a type PatientCondition	compression_ultrasound_is_negative__regitz-zagrosek-2018-2018-esc-guideline-for-the-management-of-cardiovasc_n0029/e_0035 type ConditionOrFindingEntity => compression_ultrasound_is_negative__regitz-zagrosek-2018-2018-esc-guideline-for-the-management-of-cardiovasc_n0029/e_0035 type PatientCondition
Rule_742	?a type ConditionOrFindingEntity => ?a type PatientCondition	cardiogenic_shock__lenarczyk-2024-management-of-patients-with-an-electrical-storm-or-cluste_n0020/e_0154 type ConditionOrFindingEntity => cardiogenic_shock__lenarczyk-2024-management-of-patients-with-an-electrical-storm-or-cluste_n0020/e_0154 type PatientCondition
Rule_742	?a type ConditionOrFindingEntity => ?a type PatientCondition	not_needing_coronary_revascularization__mcdonagh-2023-esc-guidelines_n0076/e_0026 type ConditionOrFindingEntity => not_needing_coronary_revascularization__mcdonagh-2023-esc-guidelines_n0076/e_0026 type PatientCondition
Rule_742	?a type ConditionOrFindingEntity => ?a type PatientCondition	CPVT__zeppenfeld-2022-esc-guidelines-va-and-scd_n0084/e_0010 type ConditionOrFindingEntity => CPVT__zeppenfeld-2022-esc-guidelines-va-and-scd_n0084/e_0010 type PatientCondition
Rule_742	?a type ConditionOrFindingEntity => ?a type PatientCondition	after_exclusion_of_an_underlying_structural,_channelopathic,_metabolic,_or_toxicological_aetiology__zeppenfeld-2022-esc-guidelines-va-and-scd_n0095/e_0047 type ConditionOrFindingEntity => after_exclusion_of_an_underlying_structural,_channelopathic,_metabolic,_or_toxicological_aetiology__zeppenfeld-2022-esc-guidelines-va-and-scd_n0095/e_0047 type PatientCondition
Rule_742	?a type ConditionOrFindingEntity => ?a type PatientCondition	SQTS__zeppenfeld-2022-esc-guidelines-va-and-scd_n0021/e_0048 type ConditionOrFindingEntity => SQTS__zeppenfeld-2022-esc-guidelines-va-and-scd_n0021/e_0048 type PatientCondition
Rule_742	?a type ConditionOrFindingEntity => ?a type PatientCondition	syncope__zeppenfeld-2022-esc-guidelines-va-and-scd_n0085/e_0018 type ConditionOrFindingEntity => syncope__zeppenfeld-2022-esc-guidelines-va-and-scd_n0085/e_0018 type PatientCondition
Rule_742	?a type ConditionOrFindingEntity => ?a type PatientCondition	SHD__zeppenfeld-2022-esc-guidelines-va-and-scd_n0025/e_0004 type ConditionOrFindingEntity => SHD__zeppenfeld-2022-esc-guidelines-va-and-scd_n0025/e_0004 type PatientCondition
Rule_742	?a type ConditionOrFindingEntity => ?a type PatientCondition	DCM/HNDCM__zeppenfeld-2022-esc-guidelines-va-and-scd_n0094/e_0003 type ConditionOrFindingEntity => DCM/HNDCM__zeppenfeld-2022-esc-guidelines-va-and-scd_n0094/e_0003 type PatientCondition
Rule_742	?a type ConditionOrFindingEntity => ?a type PatientCondition	HF__mullens-2019-the-use-of-diuretics-in-heart-failure-with-congestion_n0004/e_0006 type ConditionOrFindingEntity => HF__mullens-2019-the-use-of-diuretics-in-heart-failure-with-congestion_n0004/e_0006 type PatientCondition
Rule_742	?a type ConditionOrFindingEntity => ?a type PatientCondition	VT,_PVCs__al-khatib-2017-aha-acc-hrs-guideline-va-and-scd_n0026/e_0006 type ConditionOrFindingEntity => VT,_PVCs__al-khatib-2017-aha-acc-hrs-guideline-va-and-scd_n0026/e_0006 type PatientCondition
Rule_742	?a type ConditionOrFindingEntity => ?a type PatientCondition	patient_has_been_afebrile_for_at_least_24_h__glikson-2021-2021-esc-guidelines-on-cardiac-pacing-and-cardiac-resynchro_n0073/e_0015 type ConditionOrFindingEntity => patient_has_been_afebrile_for_at_least_24_h__glikson-2021-2021-esc-guidelines-on-cardiac-pacing-and-cardiac-resynchro_n0073/e_0015 type PatientCondition
Rule_742	?a type ConditionOrFindingEntity => ?a type PatientCondition	volume_depletion__maddox-2021-2021-update-to-the-2017-acc-expert-consensus-decision-pathwa_n0008/e_0014 type ConditionOrFindingEntity => volume_depletion__maddox-2021-2021-update-to-the-2017-acc-expert-consensus-decision-pathwa_n0008/e_0014 type PatientCondition
Rule_742	?a type ConditionOrFindingEntity => ?a type PatientCondition	Acute_coronary_syndromes__execut-1_n0020/e_0011 type ConditionOrFindingEntity => Acute_coronary_syndromes__execut-1_n0020/e_0011 type PatientCondition
Rule_742	?a type ConditionOrFindingEntity => ?a type PatientCondition	high-degree_AV_block_and/or__lenarczyk-2024-management-of-patients-with-an-electrical-storm-or-cluste_n0020/e_0063 type ConditionOrFindingEntity => high-degree_AV_block_and/or__lenarczyk-2024-management-of-patients-with-an-electrical-storm-or-cluste_n0020/e_0063 type PatientCondition
Rule_742	?a type ConditionOrFindingEntity => ?a type PatientCondition	High-degree_or_complete_AVB_after_cardiac_surgery__glikson-2021-2021-esc-guidelines-on-cardiac-pacing-and-cardiac-resynchro_n0061/e_0001 type ConditionOrFindingEntity => High-degree_or_complete_AVB_after_cardiac_surgery__glikson-2021-2021-esc-guidelines-on-cardiac-pacing-and-cardiac-resynchro_n0061/e_0001 type PatientCondition
Rule_742	?a type ConditionOrFindingEntity => ?a type PatientCondition	physical_signs_specific_to_micronutrient_deficiencies__vest-2019-nutrition-obesity-and-cachexia-in-patients-with-heart-failure_n0002/e_0008 type ConditionOrFindingEntity => physical_signs_specific_to_micronutrient_deficiencies__vest-2019-nutrition-obesity-and-cachexia-in-patients-with-heart-failure_n0002/e_0008 type PatientCondition
Rule_742	?a type ConditionOrFindingEntity => ?a type PatientCondition	VT__zeppenfeld-2022-esc-guidelines-va-and-scd_n0056/e_0009 type ConditionOrFindingEntity => VT__zeppenfeld-2022-esc-guidelines-va-and-scd_n0056/e_0009 type PatientCondition
Rule_742	?a type ConditionOrFindingEntity => ?a type PatientCondition	bradycardia__glikson-2021-2021-esc-guidelines-on-cardiac-pacing-and-cardiac-resynchro_n0084/e_0013 type ConditionOrFindingEntity => bradycardia__glikson-2021-2021-esc-guidelines-on-cardiac-pacing-and-cardiac-resynchro_n0084/e_0013 type PatientCondition
Rule_742	?a type ConditionOrFindingEntity => ?a type PatientCondition	Altered_mentation__sectio-4_n0001/e_0005 type ConditionOrFindingEntity => Altered_mentation__sectio-4_n0001/e_0005 type PatientCondition
Rule_742	?a type ConditionOrFindingEntity => ?a type PatientCondition	intermediate_5-year_risk_of_SCD_(%E2%89%A54_to_%3C6%25)__zeppenfeld-2022-esc-guidelines-va-and-scd_n0063/e_0018 type ConditionOrFindingEntity => intermediate_5-year_risk_of_SCD_(%E2%89%A54_to_%3C6%25)__zeppenfeld-2022-esc-guidelines-va-and-scd_n0063/e_0018 type PatientCondition
Rule_742	?a type ConditionOrFindingEntity => ?a type PatientCondition	SMVT__zeppenfeld-2022-esc-guidelines-va-and-scd_n0018/e_0092 type ConditionOrFindingEntity => SMVT__zeppenfeld-2022-esc-guidelines-va-and-scd_n0018/e_0092 type PatientCondition
Rule_742	?a type ConditionOrFindingEntity => ?a type PatientCondition	no_further_prolongation__glikson-2021-2021-esc-guidelines-on-cardiac-pacing-and-cardiac-resynchro_n0063/e_0021 type ConditionOrFindingEntity => no_further_prolongation__glikson-2021-2021-esc-guidelines-on-cardiac-pacing-and-cardiac-resynchro_n0063/e_0021 type PatientCondition
Rule_742	?a type ConditionOrFindingEntity => ?a type PatientCondition	decompensated_HF__lenarczyk-2024-management-of-patients-with-an-electrical-storm-or-cluste_n0020/e_0203 type ConditionOrFindingEntity => decompensated_HF__lenarczyk-2024-management-of-patients-with-an-electrical-storm-or-cluste_n0020/e_0203 type PatientCondition
Rule_742	?a type ConditionOrFindingEntity => ?a type PatientCondition	unexplained_dyspnoea__mcdonagh-2023-esc-guidelines_n0031/e_0046 type ConditionOrFindingEntity => unexplained_dyspnoea__mcdonagh-2023-esc-guidelines_n0031/e_0046 type PatientCondition
Rule_742	?a type ConditionOrFindingEntity => ?a type PatientCondition	irrespective_of_the_QT_duration__zeppenfeld-2022-esc-guidelines-va-and-scd_n0095/e_0060 type ConditionOrFindingEntity => irrespective_of_the_QT_duration__zeppenfeld-2022-esc-guidelines-va-and-scd_n0095/e_0060 type PatientCondition
Rule_742	?a type ConditionOrFindingEntity => ?a type PatientCondition	preserved_biventricular_function__zeppenfeld-2022-esc-guidelines-va-and-scd_n0074/e_0022 type ConditionOrFindingEntity => preserved_biventricular_function__zeppenfeld-2022-esc-guidelines-va-and-scd_n0074/e_0022 type PatientCondition
Rule_742	?a type ConditionOrFindingEntity => ?a type PatientCondition	Sinus_node_bradycardia__glikson-2021-2021-esc-guidelines-on-cardiac-pacing-and-cardiac-resynchro_n0030/e_0050 type ConditionOrFindingEntity => Sinus_node_bradycardia__glikson-2021-2021-esc-guidelines-on-cardiac-pacing-and-cardiac-resynchro_n0030/e_0050 type PatientCondition
Rule_742	?a type ConditionOrFindingEntity => ?a type PatientCondition	PVCs__zeppenfeld-2022-esc-guidelines-va-and-scd_n0057/e_0008 type ConditionOrFindingEntity => PVCs__zeppenfeld-2022-esc-guidelines-va-and-scd_n0057/e_0008 type PatientCondition
Rule_742	?a type ConditionOrFindingEntity => ?a type PatientCondition	subsequent_pregnancy__regitz-zagrosek-2018-2018-esc-guideline-for-the-management-of-cardiovasc_n0025/e_0037 type ConditionOrFindingEntity => subsequent_pregnancy__regitz-zagrosek-2018-2018-esc-guideline-for-the-management-of-cardiovasc_n0025/e_0037 type PatientCondition
Rule_742	?a type ConditionOrFindingEntity => ?a type PatientCondition	signs_and_symptoms_of_fluid_overload__seb24c-1_n0004/e_0013 type ConditionOrFindingEntity => signs_and_symptoms_of_fluid_overload__seb24c-1_n0004/e_0013 type PatientCondition
Rule_742	?a type ConditionOrFindingEntity => ?a type PatientCondition	HF__mcdonagh-2023-esc-guidelines_n0096/e_0015 type ConditionOrFindingEntity => HF__mcdonagh-2023-esc-guidelines_n0096/e_0015 type PatientCondition
Rule_742	?a type ConditionOrFindingEntity => ?a type PatientCondition	reversible_myocardial_ischaemia__mcdonagh-2023-esc-guidelines_n0031/e_0038 type ConditionOrFindingEntity => reversible_myocardial_ischaemia__mcdonagh-2023-esc-guidelines_n0031/e_0038 type PatientCondition
Rule_742	?a type ConditionOrFindingEntity => ?a type PatientCondition	organ_hypoperfusion__mcdonagh-2023-esc-guidelines_n0063/e_0036 type ConditionOrFindingEntity => organ_hypoperfusion__mcdonagh-2023-esc-guidelines_n0063/e_0036 type PatientCondition
Rule_742	?a type ConditionOrFindingEntity => ?a type PatientCondition	SQTS__zeppenfeld-2022-esc-guidelines-va-and-scd_n0085/e_0015 type ConditionOrFindingEntity => SQTS__zeppenfeld-2022-esc-guidelines-va-and-scd_n0085/e_0015 type PatientCondition
Rule_742	?a type ConditionOrFindingEntity => ?a type PatientCondition	ischemic_heart_disease__heidenreich-2022-aha-acc-hfsa-guidelines_n0063/e_0003 type ConditionOrFindingEntity => ischemic_heart_disease__heidenreich-2022-aha-acc-hfsa-guidelines_n0063/e_0003 type PatientCondition
Rule_742	?a type ConditionOrFindingEntity => ?a type PatientCondition	increasing_dyspnoea__mcdonagh-2023-esc-guidelines_n0055/e_0110 type ConditionOrFindingEntity => increasing_dyspnoea__mcdonagh-2023-esc-guidelines_n0055/e_0110 type PatientCondition
Rule_742	?a type ConditionOrFindingEntity => ?a type PatientCondition	genetic_arrhythmogenic_cardiomyopathy__heidenreich-2022-aha-acc-hfsa-guidelines_n0065/e_0040 type ConditionOrFindingEntity => genetic_arrhythmogenic_cardiomyopathy__heidenreich-2022-aha-acc-hfsa-guidelines_n0065/e_0040 type PatientCondition
Rule_742	?a type ConditionOrFindingEntity => ?a type PatientCondition	inducible_sustained_VT__al-khatib-2017-aha-acc-hrs-guideline-va-and-scd_n0035/e_0032 type ConditionOrFindingEntity => inducible_sustained_VT__al-khatib-2017-aha-acc-hrs-guideline-va-and-scd_n0035/e_0032 type PatientCondition
Rule_742	?a type ConditionOrFindingEntity => ?a type PatientCondition	syncope__zeppenfeld-2022-esc-guidelines-va-and-scd_n0081/e_0025 type ConditionOrFindingEntity => syncope__zeppenfeld-2022-esc-guidelines-va-and-scd_n0081/e_0025 type PatientCondition
Rule_742	?a type ConditionOrFindingEntity => ?a type PatientCondition	Sleep_disordered_breathing__maddox-2021-2021-update-to-the-2017-acc-expert-consensus-decision-pathwa_n0017/e_0044 type ConditionOrFindingEntity => Sleep_disordered_breathing__maddox-2021-2021-update-to-the-2017-acc-expert-consensus-decision-pathwa_n0017/e_0044 type PatientCondition
Rule_742	?a type ConditionOrFindingEntity => ?a type PatientCondition	depression__riegel-2009-promoting-self-care-in-persons-with-heart-failure_n0004/e_0036 type ConditionOrFindingEntity => depression__riegel-2009-promoting-self-care-in-persons-with-heart-failure_n0004/e_0036 type PatientCondition
Rule_742	?a type ConditionOrFindingEntity => ?a type PatientCondition	su_verified_6ed52cdf724db04223b4d1c2e62f3c35f6b42bc19bc5e3198277d681d47e1eb9_table_5/e_0025 type ConditionOrFindingEntity => su_verified_6ed52cdf724db04223b4d1c2e62f3c35f6b42bc19bc5e3198277d681d47e1eb9_table_5/e_0025 type PatientCondition
Rule_742	?a type ConditionOrFindingEntity => ?a type PatientCondition	hypotension__maddox-2021-2021-update-to-the-2017-acc-expert-consensus-decision-pathwa_n0015/e_0007 type ConditionOrFindingEntity => hypotension__maddox-2021-2021-update-to-the-2017-acc-expert-consensus-decision-pathwa_n0015/e_0007 type PatientCondition
Rule_742	?a type ConditionOrFindingEntity => ?a type PatientCondition	obstetrical_indications__regitz-zagrosek-2018-2018-esc-guideline-for-the-management-of-cardiovasc_n0016/e_0044 type ConditionOrFindingEntity => obstetrical_indications__regitz-zagrosek-2018-2018-esc-guideline-for-the-management-of-cardiovasc_n0016/e_0044 type PatientCondition
Rule_742	?a type ConditionOrFindingEntity => ?a type PatientCondition	renal_failure__zeppenfeld-2022-esc-guidelines-va-and-scd_n0026/e_0010 type ConditionOrFindingEntity => renal_failure__zeppenfeld-2022-esc-guidelines-va-and-scd_n0026/e_0010 type PatientCondition
Rule_742	?a type ConditionOrFindingEntity => ?a type PatientCondition	ICD_shocks_for_SMVT__zeppenfeld-2022-esc-guidelines-va-and-scd_n0069/e_0012 type ConditionOrFindingEntity => ICD_shocks_for_SMVT__zeppenfeld-2022-esc-guidelines-va-and-scd_n0069/e_0012 type PatientCondition
Rule_742	?a type ConditionOrFindingEntity => ?a type PatientCondition	VF__zeppenfeld-2022-esc-guidelines-va-and-scd_n0075/e_0021 type ConditionOrFindingEntity => VF__zeppenfeld-2022-esc-guidelines-va-and-scd_n0075/e_0021 type PatientCondition
Rule_742	?a type ConditionOrFindingEntity => ?a type PatientCondition	NYHA_class_III%E2%80%93IV__supp-material-esc-guidelines_n0018/e_0002 type ConditionOrFindingEntity => NYHA_class_III%E2%80%93IV__supp-material-esc-guidelines_n0018/e_0002 type PatientCondition
Rule_742	?a type ConditionOrFindingEntity => ?a type PatientCondition	restrictive_cardiomyopathy__mcdonagh-2023-esc-guidelines_n0020/e_0005 type ConditionOrFindingEntity => restrictive_cardiomyopathy__mcdonagh-2023-esc-guidelines_n0020/e_0005 type PatientCondition
Rule_742	?a type ConditionOrFindingEntity => ?a type PatientCondition	Recurrent_appropriate_defibrillator_shocks__supp-material-esc-guidelines_n0019/e_0005 type ConditionOrFindingEntity => Recurrent_appropriate_defibrillator_shocks__supp-material-esc-guidelines_n0019/e_0005 type PatientCondition
Rule_742	?a type ConditionOrFindingEntity => ?a type PatientCondition	AV_block__zeppenfeld-2022-esc-guidelines-va-and-scd_n0026/e_0017 type ConditionOrFindingEntity => AV_block__zeppenfeld-2022-esc-guidelines-va-and-scd_n0026/e_0017 type PatientCondition
Rule_742	?a type ConditionOrFindingEntity => ?a type PatientCondition	especially_when_the_diagnosis_is_not_certain__execut-1_n0026/e_0030 type ConditionOrFindingEntity => especially_when_the_diagnosis_is_not_certain__execut-1_n0026/e_0030 type PatientCondition
Rule_742	?a type ConditionOrFindingEntity => ?a type PatientCondition	angioedema__maddox-2021-2021-update-to-the-2017-acc-expert-consensus-decision-pathwa_n0006/e_0003 type ConditionOrFindingEntity => angioedema__maddox-2021-2021-update-to-the-2017-acc-expert-consensus-decision-pathwa_n0006/e_0003 type PatientCondition
Rule_742	?a type ConditionOrFindingEntity => ?a type PatientCondition	loss_of_potassium__medis-websiten-zusammengefugt_n0005/e_0005 type ConditionOrFindingEntity => loss_of_potassium__medis-websiten-zusammengefugt_n0005/e_0005 type PatientCondition
Rule_742	?a type ConditionOrFindingEntity => ?a type PatientCondition	High_CVD_risk__visseren-2021-esc-guidelines-cardiovascular-disease-prevention_n0026/e_0006 type ConditionOrFindingEntity => High_CVD_risk__visseren-2021-esc-guidelines-cardiovascular-disease-prevention_n0026/e_0006 type PatientCondition
Rule_742	?a type ConditionOrFindingEntity => ?a type PatientCondition	Pharmacologic_irreversible_pulmonary_hypertension__mcdonagh-2023-esc-guidelines_n0062/e_0006 type ConditionOrFindingEntity => Pharmacologic_irreversible_pulmonary_hypertension__mcdonagh-2023-esc-guidelines_n0062/e_0006 type PatientCondition
Rule_742	?a type ConditionOrFindingEntity => ?a type PatientCondition	asymptomatic_pause(s)_%3E6_s__glikson-2021-2021-esc-guidelines-on-cardiac-pacing-and-cardiac-resynchro_n0085/e_0046 type ConditionOrFindingEntity => asymptomatic_pause(s)_%3E6_s__glikson-2021-2021-esc-guidelines-on-cardiac-pacing-and-cardiac-resynchro_n0085/e_0046 type PatientCondition
Rule_742	?a type ConditionOrFindingEntity => ?a type PatientCondition	NYHA_class_II,_III,_or_ambulatory_class_IV_symptoms__heidenreich-2022-aha-acc-hfsa-guidelines_n0064/e_0062 type ConditionOrFindingEntity => NYHA_class_II,_III,_or_ambulatory_class_IV_symptoms__heidenreich-2022-aha-acc-hfsa-guidelines_n0064/e_0062 type PatientCondition
Rule_742	?a type ConditionOrFindingEntity => ?a type PatientCondition	ERP__zeppenfeld-2022-esc-guidelines-va-and-scd_n0083/e_0010 type ConditionOrFindingEntity => ERP__zeppenfeld-2022-esc-guidelines-va-and-scd_n0083/e_0010 type PatientCondition
Rule_742	?a type ConditionOrFindingEntity => ?a type PatientCondition	cardiogenic_shock__lenarczyk-2024-management-of-patients-with-an-electrical-storm-or-cluste_n0020/e_0138 type ConditionOrFindingEntity => cardiogenic_shock__lenarczyk-2024-management-of-patients-with-an-electrical-storm-or-cluste_n0020/e_0138 type PatientCondition
Rule_742	?a type ConditionOrFindingEntity => ?a type PatientCondition	History_of_exposure_to_cardiac_toxins__execut-1_n0008/e_0008 type ConditionOrFindingEntity => History_of_exposure_to_cardiac_toxins__execut-1_n0008/e_0008 type PatientCondition
Rule_742	?a type ConditionOrFindingEntity => ?a type PatientCondition	su_verified_6ed52cdf724db04223b4d1c2e62f3c35f6b42bc19bc5e3198277d681d47e1eb9_table_5/e_0039 type ConditionOrFindingEntity => su_verified_6ed52cdf724db04223b4d1c2e62f3c35f6b42bc19bc5e3198277d681d47e1eb9_table_5/e_0039 type PatientCondition
Rule_742	?a type ConditionOrFindingEntity => ?a type PatientCondition	sinus_rhythm__heidenreich-2022-aha-acc-hfsa-guidelines_n0063/e_0058 type ConditionOrFindingEntity => sinus_rhythm__heidenreich-2022-aha-acc-hfsa-guidelines_n0063/e_0058 type PatientCondition
Rule_742	?a type ConditionOrFindingEntity => ?a type PatientCondition	congestion__execut-1_n0043/e_0008 type ConditionOrFindingEntity => congestion__execut-1_n0043/e_0008 type PatientCondition
Rule_742	?a type ConditionOrFindingEntity => ?a type PatientCondition	angina__execut-1_n0048/e_0067 type ConditionOrFindingEntity => angina__execut-1_n0048/e_0067 type PatientCondition
Rule_742	?a type ConditionOrFindingEntity => ?a type PatientCondition	VT/VF__zeppenfeld-2022-esc-guidelines-va-and-scd_n0025/e_0016 type ConditionOrFindingEntity => VT/VF__zeppenfeld-2022-esc-guidelines-va-and-scd_n0025/e_0016 type PatientCondition
Rule_742	?a type ConditionOrFindingEntity => ?a type PatientCondition	signs_and_symptoms_consistent_with_HF__execut-1_n0026/e_0034 type ConditionOrFindingEntity => signs_and_symptoms_consistent_with_HF__execut-1_n0026/e_0034 type PatientCondition
Rule_742	?a type ConditionOrFindingEntity => ?a type PatientCondition	situations_where_the_device_might_be_deactivated_or_explanted__mcdonagh-2023-esc-guidelines_n0055/e_0018 type ConditionOrFindingEntity => situations_where_the_device_might_be_deactivated_or_explanted__mcdonagh-2023-esc-guidelines_n0055/e_0018 type PatientCondition
Rule_742	?a type ConditionOrFindingEntity => ?a type PatientCondition	nonischemic_DCM__heidenreich-2022-aha-acc-hfsa-guidelines_n0064/e_0002 type ConditionOrFindingEntity => nonischemic_DCM__heidenreich-2022-aha-acc-hfsa-guidelines_n0064/e_0002 type PatientCondition
Rule_742	?a type ConditionOrFindingEntity => ?a type PatientCondition	VT,_VF,_PVCs__lenarczyk-2024-management-of-patients-with-an-electrical-storm-or-cluste_n0013/e_0139 type ConditionOrFindingEntity => VT,_VF,_PVCs__lenarczyk-2024-management-of-patients-with-an-electrical-storm-or-cluste_n0013/e_0139 type PatientCondition
Rule_742	?a type ConditionOrFindingEntity => ?a type PatientCondition	CV_disease__mcdonagh-2023-esc-guidelines_n0022/e_0161 type ConditionOrFindingEntity => CV_disease__mcdonagh-2023-esc-guidelines_n0022/e_0161 type PatientCondition
Rule_742	?a type ConditionOrFindingEntity => ?a type PatientCondition	Hypotension__sectio-4_n0001/e_0003 type ConditionOrFindingEntity => Hypotension__sectio-4_n0001/e_0003 type PatientCondition
Rule_742	?a type ConditionOrFindingEntity => ?a type PatientCondition	refractory_cardiogenic_shock__mcdonagh-2023-esc-guidelines_n0023/e_0098 type ConditionOrFindingEntity => refractory_cardiogenic_shock__mcdonagh-2023-esc-guidelines_n0023/e_0098 type PatientCondition
Rule_742	?a type ConditionOrFindingEntity => ?a type PatientCondition	pre-existing_RBBB__glikson-2021-2021-esc-guidelines-on-cardiac-pacing-and-cardiac-resynchro_n0063/e_0012 type ConditionOrFindingEntity => pre-existing_RBBB__glikson-2021-2021-esc-guidelines-on-cardiac-pacing-and-cardiac-resynchro_n0063/e_0012 type PatientCondition
Rule_742	?a type ConditionOrFindingEntity => ?a type PatientCondition	bradyarrhythmias__glikson-2021-2021-esc-guidelines-on-cardiac-pacing-and-cardiac-resynchro_n0046/e_0040 type ConditionOrFindingEntity => bradyarrhythmias__glikson-2021-2021-esc-guidelines-on-cardiac-pacing-and-cardiac-resynchro_n0046/e_0040 type PatientCondition
Rule_742	?a type ConditionOrFindingEntity => ?a type PatientCondition	LVEF_35%E2%80%9350%25__zeppenfeld-2022-esc-guidelines-va-and-scd_n0068/e_0014 type ConditionOrFindingEntity => LVEF_35%E2%80%9350%25__zeppenfeld-2022-esc-guidelines-va-and-scd_n0068/e_0014 type PatientCondition
Rule_742	?a type ConditionOrFindingEntity => ?a type PatientCondition	LV_or_biventricular_global_systolic_dysfunction_(LVEF_%3C45%25)_without_dilatation_in_the_absence_of_known_abnormal_loading_conditions_or_significant_CAD__mcdonagh-2023-esc-guidelines_n0084/e_0004 type ConditionOrFindingEntity => LV_or_biventricular_global_systolic_dysfunction_(LVEF_%3C45%25)_without_dilatation_in_the_absence_of_known_abnormal_loading_conditions_or_significant_CAD__mcdonagh-2023-esc-guidelines_n0084/e_0004 type PatientCondition
Rule_742	?a type ConditionOrFindingEntity => ?a type PatientCondition	delivery_starts_while_on_a_VKA_or_in_less_than_2_weeks_after_discontinuation_of_a_VKA__regitz-zagrosek-2018-2018-esc-guideline-for-the-management-of-cardiovasc_n0023/e_0007 type ConditionOrFindingEntity => delivery_starts_while_on_a_VKA_or_in_less_than_2_weeks_after_discontinuation_of_a_VKA__regitz-zagrosek-2018-2018-esc-guideline-for-the-management-of-cardiovasc_n0023/e_0007 type PatientCondition
Rule_742	?a type ConditionOrFindingEntity => ?a type PatientCondition	Electromagnetic_sources__braunschweig-2010-management-of-patients-receiving-implantable-cardiac-d_n0007/e_0026 type ConditionOrFindingEntity => Electromagnetic_sources__braunschweig-2010-management-of-patients-receiving-implantable-cardiac-d_n0007/e_0026 type PatientCondition
Rule_742	?a type ConditionOrFindingEntity => ?a type PatientCondition	patient_is_euvolaemic__mcdonagh-2023-esc-guidelines_n0024/e_0025 type ConditionOrFindingEntity => patient_is_euvolaemic__mcdonagh-2023-esc-guidelines_n0024/e_0025 type PatientCondition
Rule_742	?a type ConditionOrFindingEntity => ?a type PatientCondition	rapid_atrial_fibrillation__execut-1_n0020/e_0010 type ConditionOrFindingEntity => rapid_atrial_fibrillation__execut-1_n0020/e_0010 type PatientCondition
Rule_742	?a type ConditionOrFindingEntity => ?a type PatientCondition	CAD__zeppenfeld-2022-esc-guidelines-va-and-scd_n0054/e_0012 type ConditionOrFindingEntity => CAD__zeppenfeld-2022-esc-guidelines-va-and-scd_n0054/e_0012 type PatientCondition
Rule_742	?a type ConditionOrFindingEntity => ?a type PatientCondition	other_indications_for_this_therapy__mcdonagh-2023-esc-guidelines_n0022/e_0159 type ConditionOrFindingEntity => other_indications_for_this_therapy__mcdonagh-2023-esc-guidelines_n0022/e_0159 type PatientCondition
Rule_742	?a type ConditionOrFindingEntity => ?a type PatientCondition	HFmrEF__mcdonagh-2023-esc-guidelines_n0095/e_0133 type ConditionOrFindingEntity => HFmrEF__mcdonagh-2023-esc-guidelines_n0095/e_0133 type PatientCondition
Rule_742	?a type ConditionOrFindingEntity => ?a type PatientCondition	VT__zeppenfeld-2022-esc-guidelines-va-and-scd_n0067/e_0031 type ConditionOrFindingEntity => VT__zeppenfeld-2022-esc-guidelines-va-and-scd_n0067/e_0031 type PatientCondition
Rule_742	?a type ConditionOrFindingEntity => ?a type PatientCondition	PVCs__zeppenfeld-2022-esc-guidelines-va-and-scd_n0057/e_0059 type ConditionOrFindingEntity => PVCs__zeppenfeld-2022-esc-guidelines-va-and-scd_n0057/e_0059 type PatientCondition
Rule_742	?a type ConditionOrFindingEntity => ?a type PatientCondition	battery_runs_out__cardiosmart-decision-aid-icd-for-hf_n0002/e_0064 type ConditionOrFindingEntity => battery_runs_out__cardiosmart-decision-aid-icd-for-hf_n0002/e_0064 type PatientCondition
Rule_742	?a type ConditionOrFindingEntity => ?a type PatientCondition	suspected_NICM__al-khatib-2017-aha-acc-hrs-guideline-va-and-scd_n0038/e_0007 type ConditionOrFindingEntity => suspected_NICM__al-khatib-2017-aha-acc-hrs-guideline-va-and-scd_n0038/e_0007 type PatientCondition
Rule_742	?a type ConditionOrFindingEntity => ?a type PatientCondition	SMVT__zeppenfeld-2022-esc-guidelines-va-and-scd_n0036/e_0050 type ConditionOrFindingEntity => SMVT__zeppenfeld-2022-esc-guidelines-va-and-scd_n0036/e_0050 type PatientCondition
Rule_742	?a type ConditionOrFindingEntity => ?a type PatientCondition	HFrEF__mcdonagh-2023-2023-focused-update-of-the-2021-esc-guidelines-for-the-dia_n0016/e_0004 type ConditionOrFindingEntity => HFrEF__mcdonagh-2023-2023-focused-update-of-the-2021-esc-guidelines-for-the-dia_n0016/e_0004 type PatientCondition
Rule_742	?a type ConditionOrFindingEntity => ?a type PatientCondition	diabetes__maddox-2021-2021-update-to-the-2017-acc-expert-consensus-decision-pathwa_n0008/e_0002 type ConditionOrFindingEntity => diabetes__maddox-2021-2021-update-to-the-2017-acc-expert-consensus-decision-pathwa_n0008/e_0002 type PatientCondition
Rule_742	?a type ConditionOrFindingEntity => ?a type PatientCondition	goal_is_not_attained__ambrosetti-2020-secondary-prevention-comprehensive-cardiovascular-rehabi_n0001/e_0086 type ConditionOrFindingEntity => goal_is_not_attained__ambrosetti-2020-secondary-prevention-comprehensive-cardiovascular-rehabi_n0001/e_0086 type PatientCondition
Rule_742	?a type ConditionOrFindingEntity => ?a type PatientCondition	su_verified_6ed52cdf724db04223b4d1c2e62f3c35f6b42bc19bc5e3198277d681d47e1eb9_table_7/e_0107 type ConditionOrFindingEntity => su_verified_6ed52cdf724db04223b4d1c2e62f3c35f6b42bc19bc5e3198277d681d47e1eb9_table_7/e_0107 type PatientCondition
Rule_742	?a type ConditionOrFindingEntity => ?a type PatientCondition	heart_size__heidenreich-2022-aha-acc-hfsa-guidelines_n0021/e_0005 type ConditionOrFindingEntity => heart_size__heidenreich-2022-aha-acc-hfsa-guidelines_n0021/e_0005 type PatientCondition
Rule_742	?a type ConditionOrFindingEntity => ?a type PatientCondition	life-threatening_hypotension__mcdonagh-2023-esc-guidelines_n0059/e_0003 type ConditionOrFindingEntity => life-threatening_hypotension__mcdonagh-2023-esc-guidelines_n0059/e_0003 type PatientCondition
Rule_742	?a type ConditionOrFindingEntity => ?a type PatientCondition	electrical_storm__zeppenfeld-2022-esc-guidelines-va-and-scd_n0091/e_0081 type ConditionOrFindingEntity => electrical_storm__zeppenfeld-2022-esc-guidelines-va-and-scd_n0091/e_0081 type PatientCondition
Rule_742	?a type ConditionOrFindingEntity => ?a type PatientCondition	unable_to_tolerate_or_have_contraindications_for_a_beta-blocker__mcdonagh-2023-esc-guidelines_n0035/e_0038 type ConditionOrFindingEntity => unable_to_tolerate_or_have_contraindications_for_a_beta-blocker__mcdonagh-2023-esc-guidelines_n0035/e_0038 type PatientCondition
Rule_742	?a type ConditionOrFindingEntity => ?a type PatientCondition	HFrEF__mcdonagh-2023-esc-guidelines_n0097/e_0004 type ConditionOrFindingEntity => HFrEF__mcdonagh-2023-esc-guidelines_n0097/e_0004 type PatientCondition
Rule_742	?a type ConditionOrFindingEntity => ?a type PatientCondition	ACS__zeppenfeld-2022-esc-guidelines-va-and-scd_n0052/e_0021 type ConditionOrFindingEntity => ACS__zeppenfeld-2022-esc-guidelines-va-and-scd_n0052/e_0021 type PatientCondition
Rule_742	?a type ConditionOrFindingEntity => ?a type PatientCondition	hypoxemia__execut-1_n0043/e_0088 type ConditionOrFindingEntity => hypoxemia__execut-1_n0043/e_0088 type PatientCondition
Rule_742	?a type ConditionOrFindingEntity => ?a type PatientCondition	HF_or_cardiomyopathy__heidenreich-2022-aha-acc-hfsa-guidelines_n0021/e_0023 type ConditionOrFindingEntity => HF_or_cardiomyopathy__heidenreich-2022-aha-acc-hfsa-guidelines_n0021/e_0023 type PatientCondition
Rule_742	?a type ConditionOrFindingEntity => ?a type PatientCondition	Hyponatraemia__supp-material-esc-guidelines_n0018/e_0014 type ConditionOrFindingEntity => Hyponatraemia__supp-material-esc-guidelines_n0018/e_0014 type PatientCondition
Rule_742	?a type ConditionOrFindingEntity => ?a type PatientCondition	difficulties_to_attend_in-office_visits__glikson-2021-2021-esc-guidelines-on-cardiac-pacing-and-cardiac-resynchro_n0080/e_0005 type ConditionOrFindingEntity => difficulties_to_attend_in-office_visits__glikson-2021-2021-esc-guidelines-on-cardiac-pacing-and-cardiac-resynchro_n0080/e_0005 type PatientCondition
Rule_742	?a type ConditionOrFindingEntity => ?a type PatientCondition	myocarditis__zeppenfeld-2022-esc-guidelines-va-and-scd_n0020/e_0004 type ConditionOrFindingEntity => myocarditis__zeppenfeld-2022-esc-guidelines-va-and-scd_n0020/e_0004 type PatientCondition
Rule_742	?a type ConditionOrFindingEntity => ?a type PatientCondition	Hypertension__execut-1_n0008/e_0001 type ConditionOrFindingEntity => Hypertension__execut-1_n0008/e_0001 type PatientCondition
Rule_742	?a type ConditionOrFindingEntity => ?a type PatientCondition	HF__heidenreich-2022-aha-acc-hfsa-guidelines_n0035/e_0018 type ConditionOrFindingEntity => HF__heidenreich-2022-aha-acc-hfsa-guidelines_n0035/e_0018 type PatientCondition
Rule_742	?a type ConditionOrFindingEntity => ?a type PatientCondition	VT,_VF,_PVCs__lenarczyk-2024-management-of-patients-with-an-electrical-storm-or-cluste_n0020/e_0193 type ConditionOrFindingEntity => VT,_VF,_PVCs__lenarczyk-2024-management-of-patients-with-an-electrical-storm-or-cluste_n0020/e_0193 type PatientCondition
Rule_742	?a type ConditionOrFindingEntity => ?a type PatientCondition	DCM/HNDCM__zeppenfeld-2022-esc-guidelines-va-and-scd_n0018/e_0081 type ConditionOrFindingEntity => DCM/HNDCM__zeppenfeld-2022-esc-guidelines-va-and-scd_n0018/e_0081 type PatientCondition
Rule_742	?a type ConditionOrFindingEntity => ?a type PatientCondition	HF__heidenreich-2022-aha-acc-hfsa-guidelines_n0037/e_0002 type ConditionOrFindingEntity => HF__heidenreich-2022-aha-acc-hfsa-guidelines_n0037/e_0002 type PatientCondition
Rule_742	?a type ConditionOrFindingEntity => ?a type PatientCondition	Turner_syndrome__pelliccia-2020-2020-esc-guidelines-on-sports-cardiology-and-exercise-in_n0053/e_0005 type ConditionOrFindingEntity => Turner_syndrome__pelliccia-2020-2020-esc-guidelines-on-sports-cardiology-and-exercise-in_n0053/e_0005 type PatientCondition
Rule_742	?a type ConditionOrFindingEntity => ?a type PatientCondition	T2DM__mcdonagh-2023-esc-guidelines_n0077/e_0020 type ConditionOrFindingEntity => T2DM__mcdonagh-2023-esc-guidelines_n0077/e_0020 type PatientCondition
Rule_742	?a type ConditionOrFindingEntity => ?a type PatientCondition	the_same_symptoms_and_signs_assessed_during_the_initial_evaluation__execut-1_n0027/e_0041 type ConditionOrFindingEntity => the_same_symptoms_and_signs_assessed_during_the_initial_evaluation__execut-1_n0027/e_0041 type PatientCondition
Rule_742	?a type ConditionOrFindingEntity => ?a type PatientCondition	HF__heidenreich-2022-aha-acc-hfsa-guidelines_n0037/e_0009 type ConditionOrFindingEntity => HF__heidenreich-2022-aha-acc-hfsa-guidelines_n0037/e_0009 type PatientCondition
Rule_742	?a type ConditionOrFindingEntity => ?a type PatientCondition	renal_insufficiency,_low_output_state,_diabetes,_chronic_obstructive_pulmonary_disease,_persistent_NYHA_class_III_or_IV_symptoms,_frequent_hospitalization_for_any_cause,_multiple_active_comorbidities,_or_a_history_of_depression,_cognitive_impairment,_or_persistent_nonadherence_to_therapeutic_regimens__sectio-1_n0020/e_0040 type ConditionOrFindingEntity => renal_insufficiency,_low_output_state,_diabetes,_chronic_obstructive_pulmonary_disease,_persistent_NYHA_class_III_or_IV_symptoms,_frequent_hospitalization_for_any_cause,_multiple_active_comorbidities,_or_a_history_of_depression,_cognitive_impairment,_or_persistent_nonadherence_to_therapeutic_regimens__sectio-1_n0020/e_0040 type PatientCondition
Rule_742	?a type ConditionOrFindingEntity => ?a type PatientCondition	HF__maddox-2021-2021-update-to-the-2017-acc-expert-consensus-decision-pathwa_n0008/e_0009 type ConditionOrFindingEntity => HF__maddox-2021-2021-update-to-the-2017-acc-expert-consensus-decision-pathwa_n0008/e_0009 type PatientCondition
Rule_742	?a type ConditionOrFindingEntity => ?a type PatientCondition	diagnosis_of_PAH_(group_1)__regitz-zagrosek-2018-2018-esc-guideline-for-the-management-of-cardiovasc_n0017/e_0002 type ConditionOrFindingEntity => diagnosis_of_PAH_(group_1)__regitz-zagrosek-2018-2018-esc-guideline-for-the-management-of-cardiovasc_n0017/e_0002 type PatientCondition
Rule_742	?a type ConditionOrFindingEntity => ?a type PatientCondition	HF__mcdonagh-2023-esc-guidelines_n0094/e_0005 type ConditionOrFindingEntity => HF__mcdonagh-2023-esc-guidelines_n0094/e_0005 type PatientCondition
Rule_742	?a type ConditionOrFindingEntity => ?a type PatientCondition	VT__zeppenfeld-2022-esc-guidelines-va-and-scd_n0057/e_0020 type ConditionOrFindingEntity => VT__zeppenfeld-2022-esc-guidelines-va-and-scd_n0057/e_0020 type PatientCondition
Rule_742	?a type ConditionOrFindingEntity => ?a type PatientCondition	Chronotropic_incompetence_after_heart_transplantation__glikson-2021-2021-esc-guidelines-on-cardiac-pacing-and-cardiac-resynchro_n0061/e_0019 type ConditionOrFindingEntity => Chronotropic_incompetence_after_heart_transplantation__glikson-2021-2021-esc-guidelines-on-cardiac-pacing-and-cardiac-resynchro_n0061/e_0019 type PatientCondition
Rule_742	?a type ConditionOrFindingEntity => ?a type PatientCondition	ERP__zeppenfeld-2022-esc-guidelines-va-and-scd_n0083/e_0005 type ConditionOrFindingEntity => ERP__zeppenfeld-2022-esc-guidelines-va-and-scd_n0083/e_0005 type PatientCondition
Rule_742	?a type ConditionOrFindingEntity => ?a type PatientCondition	diabetes__cardiosmart-modul1-zusammengefugt_n0008/e_0002 type ConditionOrFindingEntity => diabetes__cardiosmart-modul1-zusammengefugt_n0008/e_0002 type PatientCondition
Rule_742	?a type ConditionOrFindingEntity => ?a type PatientCondition	su_verified_6ed52cdf724db04223b4d1c2e62f3c35f6b42bc19bc5e3198277d681d47e1eb9_table_7/e_0088 type ConditionOrFindingEntity => su_verified_6ed52cdf724db04223b4d1c2e62f3c35f6b42bc19bc5e3198277d681d47e1eb9_table_7/e_0088 type PatientCondition
Rule_742	?a type ConditionOrFindingEntity => ?a type PatientCondition	ASCVD__visseren-2021-esc-guidelines-cardiovascular-disease-prevention_n0080/e_0067 type ConditionOrFindingEntity => ASCVD__visseren-2021-esc-guidelines-cardiovascular-disease-prevention_n0080/e_0067 type PatientCondition
Rule_742	?a type ConditionOrFindingEntity => ?a type PatientCondition	nutritional_depletion__mcdonagh-2023-esc-guidelines_n0059/e_0014 type ConditionOrFindingEntity => nutritional_depletion__mcdonagh-2023-esc-guidelines_n0059/e_0014 type PatientCondition
Rule_742	?a type ConditionOrFindingEntity => ?a type PatientCondition	Liver_tenderness__sectio-4_n0004/e_0021 type ConditionOrFindingEntity => Liver_tenderness__sectio-4_n0004/e_0021 type PatientCondition
Rule_742	?a type ConditionOrFindingEntity => ?a type PatientCondition	CPVT__zeppenfeld-2022-esc-guidelines-va-and-scd_n0022/e_0090 type ConditionOrFindingEntity => CPVT__zeppenfeld-2022-esc-guidelines-va-and-scd_n0022/e_0090 type PatientCondition
Rule_742	?a type ConditionOrFindingEntity => ?a type PatientCondition	reduced_LVEF__execut-1_n0036/e_0036 type ConditionOrFindingEntity => reduced_LVEF__execut-1_n0036/e_0036 type PatientCondition
Rule_742	?a type ConditionOrFindingEntity => ?a type PatientCondition	electrolyte_abnormalities,_recent_changes_to_the_ECG,_excess_inter-dialysis_weight_gain,_changing_or_titration_of_medication_regimen,_pulmonary_congestion,_and_increasing_peripheral_oedema__pelliccia-2020-2020-esc-guidelines-on-sports-cardiology-and-exercise-in_n0077/e_0011 type ConditionOrFindingEntity => electrolyte_abnormalities,_recent_changes_to_the_ECG,_excess_inter-dialysis_weight_gain,_changing_or_titration_of_medication_regimen,_pulmonary_congestion,_and_increasing_peripheral_oedema__pelliccia-2020-2020-esc-guidelines-on-sports-cardiology-and-exercise-in_n0077/e_0011 type PatientCondition
Rule_742	?a type ConditionOrFindingEntity => ?a type PatientCondition	PVC__zeppenfeld-2022-esc-guidelines-va-and-scd_n0082/e_0050 type ConditionOrFindingEntity => PVC__zeppenfeld-2022-esc-guidelines-va-and-scd_n0082/e_0050 type PatientCondition
Rule_742	?a type ConditionOrFindingEntity => ?a type PatientCondition	aborted_CA_due_to_VF__zeppenfeld-2022-esc-guidelines-va-and-scd_n0095/e_0036 type ConditionOrFindingEntity => aborted_CA_due_to_VF__zeppenfeld-2022-esc-guidelines-va-and-scd_n0095/e_0036 type PatientCondition
Rule_742	?a type ConditionOrFindingEntity => ?a type PatientCondition	HF__execut-1_n0044/e_0068 type ConditionOrFindingEntity => HF__execut-1_n0044/e_0068 type PatientCondition
Rule_742	?a type ConditionOrFindingEntity => ?a type PatientCondition	non-LBBB_pattern__heidenreich-2022-aha-acc-hfsa-guidelines_n0065/e_0051 type ConditionOrFindingEntity => non-LBBB_pattern__heidenreich-2022-aha-acc-hfsa-guidelines_n0065/e_0051 type PatientCondition
Rule_742	?a type ConditionOrFindingEntity => ?a type PatientCondition	light_sedation_contraindicated__van-diepen-2017-contemporary-management-of-cardiogenic-shock_n0007/e_0010 type ConditionOrFindingEntity => light_sedation_contraindicated__van-diepen-2017-contemporary-management-of-cardiogenic-shock_n0007/e_0010 type PatientCondition
Rule_742	?a type ConditionOrFindingEntity => ?a type PatientCondition	VAs__pelliccia-2020-2020-esc-guidelines-on-sports-cardiology-and-exercise-in_n0064/e_0005 type ConditionOrFindingEntity => VAs__pelliccia-2020-2020-esc-guidelines-on-sports-cardiology-and-exercise-in_n0064/e_0005 type PatientCondition
Rule_742	?a type ConditionOrFindingEntity => ?a type PatientCondition	low-amplitude_VF__braunschweig-2010-management-of-patients-receiving-implantable-cardiac-d_n0007/e_0007 type ConditionOrFindingEntity => low-amplitude_VF__braunschweig-2010-management-of-patients-receiving-implantable-cardiac-d_n0007/e_0007 type PatientCondition
Rule_742	?a type ConditionOrFindingEntity => ?a type PatientCondition	Dyspnea,_fatigue,_pain,_nausea,_depression,_anxiety,_and_other_symptoms_of_HF__heidenreich-2022-aha-acc-hfsa-guidelines_n0114/e_0025 type ConditionOrFindingEntity => Dyspnea,_fatigue,_pain,_nausea,_depression,_anxiety,_and_other_symptoms_of_HF__heidenreich-2022-aha-acc-hfsa-guidelines_n0114/e_0025 type PatientCondition
Rule_742	?a type ConditionOrFindingEntity => ?a type PatientCondition	LBBB__heidenreich-2022-aha-acc-hfsa-guidelines_n0064/e_0048 type ConditionOrFindingEntity => LBBB__heidenreich-2022-aha-acc-hfsa-guidelines_n0064/e_0048 type PatientCondition
Rule_742	?a type ConditionOrFindingEntity => ?a type PatientCondition	recurrent,_symptomatic_SMVT__zeppenfeld-2022-esc-guidelines-va-and-scd_n0069/e_0011 type ConditionOrFindingEntity => recurrent,_symptomatic_SMVT__zeppenfeld-2022-esc-guidelines-va-and-scd_n0069/e_0011 type PatientCondition
Rule_742	?a type ConditionOrFindingEntity => ?a type PatientCondition	HFrEF_(%3C40%25)__glikson-2021-2021-esc-guidelines-on-cardiac-pacing-and-cardiac-resynchro_n0054/e_0004 type ConditionOrFindingEntity => HFrEF_(%3C40%25)__glikson-2021-2021-esc-guidelines-on-cardiac-pacing-and-cardiac-resynchro_n0054/e_0004 type PatientCondition
Rule_742	?a type ConditionOrFindingEntity => ?a type PatientCondition	infected__cardiosmart-decision-aid-icd-for-hf_n0002/e_0063 type ConditionOrFindingEntity => infected__cardiosmart-decision-aid-icd-for-hf_n0002/e_0063 type PatientCondition
Rule_742	?a type ConditionOrFindingEntity => ?a type PatientCondition	worsening_renal_function__mcdonagh-2023-esc-guidelines_n0059/e_0013 type ConditionOrFindingEntity => worsening_renal_function__mcdonagh-2023-esc-guidelines_n0059/e_0013 type PatientCondition
Rule_742	?a type ConditionOrFindingEntity => ?a type PatientCondition	stage_D_(advanced)_HF__heidenreich-2022-aha-acc-hfsa-guidelines_n0084/e_0008 type ConditionOrFindingEntity => stage_D_(advanced)_HF__heidenreich-2022-aha-acc-hfsa-guidelines_n0084/e_0008 type PatientCondition
Rule_742	?a type ConditionOrFindingEntity => ?a type PatientCondition	SHD__zeppenfeld-2022-esc-guidelines-va-and-scd_n0036/e_0037 type ConditionOrFindingEntity => SHD__zeppenfeld-2022-esc-guidelines-va-and-scd_n0036/e_0037 type PatientCondition
Rule_742	?a type ConditionOrFindingEntity => ?a type PatientCondition	congestive_symptoms__regitz-zagrosek-2018-2018-esc-guideline-for-the-management-of-cardiovasc_n0022/e_0010 type ConditionOrFindingEntity => congestive_symptoms__regitz-zagrosek-2018-2018-esc-guideline-for-the-management-of-cardiovasc_n0022/e_0010 type PatientCondition
Rule_742	?a type ConditionOrFindingEntity => ?a type PatientCondition	SMVT__zeppenfeld-2022-esc-guidelines-va-and-scd_n0019/e_0025 type ConditionOrFindingEntity => SMVT__zeppenfeld-2022-esc-guidelines-va-and-scd_n0019/e_0025 type PatientCondition
Rule_742	?a type ConditionOrFindingEntity => ?a type PatientCondition	MI__lenarczyk-2024-management-of-patients-with-an-electrical-storm-or-cluste_n0017/e_0013 type ConditionOrFindingEntity => MI__lenarczyk-2024-management-of-patients-with-an-electrical-storm-or-cluste_n0017/e_0013 type PatientCondition
Rule_742	?a type ConditionOrFindingEntity => ?a type PatientCondition	LQTS__zeppenfeld-2022-esc-guidelines-va-and-scd_n0078/e_0009 type ConditionOrFindingEntity => LQTS__zeppenfeld-2022-esc-guidelines-va-and-scd_n0078/e_0009 type PatientCondition
Rule_742	?a type ConditionOrFindingEntity => ?a type PatientCondition	HF__vest-2019-nutrition-obesity-and-cachexia-in-patients-with-heart-failure_n0001/e_0071 type ConditionOrFindingEntity => HF__vest-2019-nutrition-obesity-and-cachexia-in-patients-with-heart-failure_n0001/e_0071 type PatientCondition
Rule_742	?a type ConditionOrFindingEntity => ?a type PatientCondition	ERP__zeppenfeld-2022-esc-guidelines-va-and-scd_n0082/e_0041 type ConditionOrFindingEntity => ERP__zeppenfeld-2022-esc-guidelines-va-and-scd_n0082/e_0041 type PatientCondition
Rule_742	?a type ConditionOrFindingEntity => ?a type PatientCondition	Low_output__heidenreich-2022-aha-acc-hfsa-guidelines_n0075/e_0020 type ConditionOrFindingEntity => Low_output__heidenreich-2022-aha-acc-hfsa-guidelines_n0075/e_0020 type PatientCondition
Rule_742	?a type ConditionOrFindingEntity => ?a type PatientCondition	HF__heidenreich-2022-aha-acc-hfsa-guidelines_n0035/e_0021 type ConditionOrFindingEntity => HF__heidenreich-2022-aha-acc-hfsa-guidelines_n0035/e_0021 type PatientCondition
Rule_742	?a type ConditionOrFindingEntity => ?a type PatientCondition	MFS__pelliccia-2020-2020-esc-guidelines-on-sports-cardiology-and-exercise-in_n0053/e_0007 type ConditionOrFindingEntity => MFS__pelliccia-2020-2020-esc-guidelines-on-sports-cardiology-and-exercise-in_n0053/e_0007 type PatientCondition
Rule_742	?a type ConditionOrFindingEntity => ?a type PatientCondition	significant_LVH__zeppenfeld-2022-esc-guidelines-va-and-scd_n0040/e_0054 type ConditionOrFindingEntity => significant_LVH__zeppenfeld-2022-esc-guidelines-va-and-scd_n0040/e_0054 type PatientCondition
Rule_742	?a type ConditionOrFindingEntity => ?a type PatientCondition	hyponatraemia__mullens-2019-the-use-of-diuretics-in-heart-failure-with-congestion_n0004/e_0002 type ConditionOrFindingEntity => hyponatraemia__mullens-2019-the-use-of-diuretics-in-heart-failure-with-congestion_n0004/e_0002 type PatientCondition
Rule_742	?a type ConditionOrFindingEntity => ?a type PatientCondition	preserved_LVEF__execut-1_n0048/e_0030 type ConditionOrFindingEntity => preserved_LVEF__execut-1_n0048/e_0030 type PatientCondition
Rule_742	?a type ConditionOrFindingEntity => ?a type PatientCondition	documented_QT_interval_prolongation__zeppenfeld-2022-esc-guidelines-va-and-scd_n0095/e_0069 type ConditionOrFindingEntity => documented_QT_interval_prolongation__zeppenfeld-2022-esc-guidelines-va-and-scd_n0095/e_0069 type PatientCondition
Rule_742	?a type ConditionOrFindingEntity => ?a type PatientCondition	CAD__zeppenfeld-2022-esc-guidelines-va-and-scd_n0017/e_0066 type ConditionOrFindingEntity => CAD__zeppenfeld-2022-esc-guidelines-va-and-scd_n0017/e_0066 type PatientCondition
Rule_742	?a type ConditionOrFindingEntity => ?a type PatientCondition	Profile_5._Housebound__mcdonagh-2023-esc-guidelines_n0059/e_0036 type ConditionOrFindingEntity => Profile_5._Housebound__mcdonagh-2023-esc-guidelines_n0059/e_0036 type PatientCondition
Rule_742	?a type ConditionOrFindingEntity => ?a type PatientCondition	%3E1_HF_hospitalization_in_last_year__supp-material-esc-guidelines_n0018/e_0001 type ConditionOrFindingEntity => %3E1_HF_hospitalization_in_last_year__supp-material-esc-guidelines_n0018/e_0001 type PatientCondition
Rule_742	?a type ConditionOrFindingEntity => ?a type PatientCondition	induced_type_1_Brugada_pattern__zeppenfeld-2022-esc-guidelines-va-and-scd_n0080/e_0012 type ConditionOrFindingEntity => induced_type_1_Brugada_pattern__zeppenfeld-2022-esc-guidelines-va-and-scd_n0080/e_0012 type PatientCondition
Rule_742	?a type ConditionOrFindingEntity => ?a type PatientCondition	LQTS__zeppenfeld-2022-esc-guidelines-va-and-scd_n0077/e_0010 type ConditionOrFindingEntity => LQTS__zeppenfeld-2022-esc-guidelines-va-and-scd_n0077/e_0010 type PatientCondition
Rule_742	?a type ConditionOrFindingEntity => ?a type PatientCondition	SMVT__zeppenfeld-2022-esc-guidelines-va-and-scd_n0019/e_0027 type ConditionOrFindingEntity => SMVT__zeppenfeld-2022-esc-guidelines-va-and-scd_n0019/e_0027 type PatientCondition
Rule_742	?a type ConditionOrFindingEntity => ?a type PatientCondition	lead_fracture__braunschweig-2010-management-of-patients-receiving-implantable-cardiac-d_n0007/e_0031 type ConditionOrFindingEntity => lead_fracture__braunschweig-2010-management-of-patients-receiving-implantable-cardiac-d_n0007/e_0031 type PatientCondition
Rule_742	?a type ConditionOrFindingEntity => ?a type PatientCondition	severe_intraventricular__lenarczyk-2024-management-of-patients-with-an-electrical-storm-or-cluste_n0020/e_0102 type ConditionOrFindingEntity => severe_intraventricular__lenarczyk-2024-management-of-patients-with-an-electrical-storm-or-cluste_n0020/e_0102 type PatientCondition
Rule_742	?a type ConditionOrFindingEntity => ?a type PatientCondition	high-risk_HF__heidenreich-2022-aha-acc-hfsa-guidelines_n0095/e_0002 type ConditionOrFindingEntity => high-risk_HF__heidenreich-2022-aha-acc-hfsa-guidelines_n0095/e_0002 type PatientCondition
Rule_742	?a type ConditionOrFindingEntity => ?a type PatientCondition	Hepatic__lenarczyk-2024-management-of-patients-with-an-electrical-storm-or-cluste_n0013/e_0126 type ConditionOrFindingEntity => Hepatic__lenarczyk-2024-management-of-patients-with-an-electrical-storm-or-cluste_n0013/e_0126 type PatientCondition
Rule_742	?a type ConditionOrFindingEntity => ?a type PatientCondition	PVC__zeppenfeld-2022-esc-guidelines-va-and-scd_n0093/e_0085 type ConditionOrFindingEntity => PVC__zeppenfeld-2022-esc-guidelines-va-and-scd_n0093/e_0085 type PatientCondition
Rule_742	?a type ConditionOrFindingEntity => ?a type PatientCondition	weight_gain__visseren-2021-esc-guidelines-cardiovascular-disease-prevention_n0042/e_0010 type ConditionOrFindingEntity => weight_gain__visseren-2021-esc-guidelines-cardiovascular-disease-prevention_n0042/e_0010 type PatientCondition
Rule_742	?a type ConditionOrFindingEntity => ?a type PatientCondition	BrS__zeppenfeld-2022-esc-guidelines-va-and-scd_n0081/e_0007 type ConditionOrFindingEntity => BrS__zeppenfeld-2022-esc-guidelines-va-and-scd_n0081/e_0007 type PatientCondition
Rule_742	?a type ConditionOrFindingEntity => ?a type PatientCondition	CAD__zeppenfeld-2022-esc-guidelines-va-and-scd_n0018/e_0011 type ConditionOrFindingEntity => CAD__zeppenfeld-2022-esc-guidelines-va-and-scd_n0018/e_0011 type PatientCondition
Rule_742	?a type ConditionOrFindingEntity => ?a type PatientCondition	background_neurohormonal_inhibition__execut-1_n0049/e_0029 type ConditionOrFindingEntity => background_neurohormonal_inhibition__execut-1_n0049/e_0029 type PatientCondition
Rule_742	?a type ConditionOrFindingEntity => ?a type PatientCondition	hypoalbuminemia__vest-2019-nutrition-obesity-and-cachexia-in-patients-with-heart-failure_n0002/e_0010 type ConditionOrFindingEntity => hypoalbuminemia__vest-2019-nutrition-obesity-and-cachexia-in-patients-with-heart-failure_n0002/e_0010 type PatientCondition
Rule_742	?a type ConditionOrFindingEntity => ?a type PatientCondition	without_atherosclerotic_vascular_disease__execut-1_n0035/e_0007 type ConditionOrFindingEntity => without_atherosclerotic_vascular_disease__execut-1_n0035/e_0007 type PatientCondition
Rule_742	?a type ConditionOrFindingEntity => ?a type PatientCondition	DCM/HNDCM__zeppenfeld-2022-esc-guidelines-va-and-scd_n0018/e_0084 type ConditionOrFindingEntity => DCM/HNDCM__zeppenfeld-2022-esc-guidelines-va-and-scd_n0018/e_0084 type PatientCondition
Rule_742	?a type ConditionOrFindingEntity => ?a type PatientCondition	ASCVD_and_DM_history__visseren-2021-esc-guidelines-cardiovascular-disease-prevention_n0034/e_0026 type ConditionOrFindingEntity => ASCVD_and_DM_history__visseren-2021-esc-guidelines-cardiovascular-disease-prevention_n0034/e_0026 type PatientCondition
Rule_742	?a type ConditionOrFindingEntity => ?a type PatientCondition	ischaemic_aetiology__mcdonagh-2023-esc-guidelines_n0045/e_0014 type ConditionOrFindingEntity => ischaemic_aetiology__mcdonagh-2023-esc-guidelines_n0045/e_0014 type PatientCondition
Rule_742	?a type ConditionOrFindingEntity => ?a type PatientCondition	airflow_limitation__ambrosetti-2020-secondary-prevention-comprehensive-cardiovascular-rehabi_n0015/e_0002 type ConditionOrFindingEntity => airflow_limitation__ambrosetti-2020-secondary-prevention-comprehensive-cardiovascular-rehabi_n0015/e_0002 type PatientCondition
Rule_742	?a type ConditionOrFindingEntity => ?a type PatientCondition	VT__zeppenfeld-2022-esc-guidelines-va-and-scd_n0021/e_0066 type ConditionOrFindingEntity => VT__zeppenfeld-2022-esc-guidelines-va-and-scd_n0021/e_0066 type PatientCondition
Rule_742	?a type ConditionOrFindingEntity => ?a type PatientCondition	hypokalaemia__zeppenfeld-2022-esc-guidelines-va-and-scd_n0040/e_0059 type ConditionOrFindingEntity => hypokalaemia__zeppenfeld-2022-esc-guidelines-va-and-scd_n0040/e_0059 type PatientCondition
Rule_742	?a type ConditionOrFindingEntity => ?a type PatientCondition	physical_and_functional_limitations__mcdonagh-2023-esc-guidelines_n0055/e_0026 type ConditionOrFindingEntity => physical_and_functional_limitations__mcdonagh-2023-esc-guidelines_n0055/e_0026 type PatientCondition
Rule_742	?a type ConditionOrFindingEntity => ?a type PatientCondition	known_or_suspected_congenital_or_acquired_cardiovascular_and_aortic_disease__regitz-zagrosek-2018-2018-esc-guideline-for-the-management-of-cardiovasc_n0016/e_0004 type ConditionOrFindingEntity => known_or_suspected_congenital_or_acquired_cardiovascular_and_aortic_disease__regitz-zagrosek-2018-2018-esc-guideline-for-the-management-of-cardiovasc_n0016/e_0004 type PatientCondition
Rule_742	?a type ConditionOrFindingEntity => ?a type PatientCondition	HF__mcdonagh-2023-esc-guidelines_n0094/e_0004 type ConditionOrFindingEntity => HF__mcdonagh-2023-esc-guidelines_n0094/e_0004 type PatientCondition
Rule_742	?a type ConditionOrFindingEntity => ?a type PatientCondition	change_in_signs_and_symptoms__mcdonagh-2023-esc-guidelines_n0055/e_0104 type ConditionOrFindingEntity => change_in_signs_and_symptoms__mcdonagh-2023-esc-guidelines_n0055/e_0104 type PatientCondition
Rule_742	?a type ConditionOrFindingEntity => ?a type PatientCondition	MAGGIC_predicted_survival_%E2%89%A480%25_at_1_year__supp-material-esc-guidelines_n0018/e_0027 type ConditionOrFindingEntity => MAGGIC_predicted_survival_%E2%89%A480%25_at_1_year__supp-material-esc-guidelines_n0018/e_0027 type PatientCondition
Rule_742	?a type ConditionOrFindingEntity => ?a type PatientCondition	Iron_deficiency__maddox-2021-2021-update-to-the-2017-acc-expert-consensus-decision-pathwa_n0017/e_0039 type ConditionOrFindingEntity => Iron_deficiency__maddox-2021-2021-update-to-the-2017-acc-expert-consensus-decision-pathwa_n0017/e_0039 type PatientCondition
Rule_742	?a type ConditionOrFindingEntity => ?a type PatientCondition	psychosocial_stressors__visseren-2021-esc-guidelines-cardiovascular-disease-prevention_n0029/e_0002 type ConditionOrFindingEntity => psychosocial_stressors__visseren-2021-esc-guidelines-cardiovascular-disease-prevention_n0029/e_0002 type PatientCondition
Rule_742	?a type ConditionOrFindingEntity => ?a type PatientCondition	VA__zeppenfeld-2022-esc-guidelines-va-and-scd_n0018/e_0131 type ConditionOrFindingEntity => VA__zeppenfeld-2022-esc-guidelines-va-and-scd_n0018/e_0131 type PatientCondition
Rule_742	?a type ConditionOrFindingEntity => ?a type PatientCondition	Pregnancy__regitz-zagrosek-2018-2018-esc-guideline-for-the-management-of-cardiovasc_n0017/e_0014 type ConditionOrFindingEntity => Pregnancy__regitz-zagrosek-2018-2018-esc-guideline-for-the-management-of-cardiovasc_n0017/e_0014 type PatientCondition
Rule_742	?a type ConditionOrFindingEntity => ?a type PatientCondition	DCM/HNDCM__zeppenfeld-2022-esc-guidelines-va-and-scd_n0018/e_0097 type ConditionOrFindingEntity => DCM/HNDCM__zeppenfeld-2022-esc-guidelines-va-and-scd_n0018/e_0097 type PatientCondition
Rule_742	?a type ConditionOrFindingEntity => ?a type PatientCondition	VA__zeppenfeld-2022-esc-guidelines-va-and-scd_n0062/e_0038 type ConditionOrFindingEntity => VA__zeppenfeld-2022-esc-guidelines-va-and-scd_n0062/e_0038 type PatientCondition
Rule_742	?a type ConditionOrFindingEntity => ?a type PatientCondition	pre-excited__lenarczyk-2024-management-of-patients-with-an-electrical-storm-or-cluste_n0020/e_0039 type ConditionOrFindingEntity => pre-excited__lenarczyk-2024-management-of-patients-with-an-electrical-storm-or-cluste_n0020/e_0039 type PatientCondition
Rule_742	?a type ConditionOrFindingEntity => ?a type PatientCondition	resistant_oedema__mcdonagh-2023-esc-guidelines_n0070/e_0027 type ConditionOrFindingEntity => resistant_oedema__mcdonagh-2023-esc-guidelines_n0070/e_0027 type PatientCondition
Rule_742	?a type ConditionOrFindingEntity => ?a type PatientCondition	su_verified_6ed52cdf724db04223b4d1c2e62f3c35f6b42bc19bc5e3198277d681d47e1eb9_table_7/e_0138 type ConditionOrFindingEntity => su_verified_6ed52cdf724db04223b4d1c2e62f3c35f6b42bc19bc5e3198277d681d47e1eb9_table_7/e_0138 type PatientCondition
Rule_742	?a type ConditionOrFindingEntity => ?a type PatientCondition	sodium__medis-websiten-zusammengefugt_n0005/e_0004 type ConditionOrFindingEntity => sodium__medis-websiten-zusammengefugt_n0005/e_0004 type PatientCondition
Rule_742	?a type ConditionOrFindingEntity => ?a type PatientCondition	RV_dysfunction__supp-material-esc-guidelines_n0018/e_0022 type ConditionOrFindingEntity => RV_dysfunction__supp-material-esc-guidelines_n0018/e_0022 type PatientCondition
Rule_742	?a type ConditionOrFindingEntity => ?a type PatientCondition	su_verified_6ed52cdf724db04223b4d1c2e62f3c35f6b42bc19bc5e3198277d681d47e1eb9_table_24/e_0002 type ConditionOrFindingEntity => su_verified_6ed52cdf724db04223b4d1c2e62f3c35f6b42bc19bc5e3198277d681d47e1eb9_table_24/e_0002 type PatientCondition
Rule_742	?a type ConditionOrFindingEntity => ?a type PatientCondition	LVH__execut-1_n0008/e_0012 type ConditionOrFindingEntity => LVH__execut-1_n0008/e_0012 type PatientCondition
Rule_742	?a type ConditionOrFindingEntity => ?a type PatientCondition	ERS__zeppenfeld-2022-esc-guidelines-va-and-scd_n0019/e_0198 type ConditionOrFindingEntity => ERS__zeppenfeld-2022-esc-guidelines-va-and-scd_n0019/e_0198 type PatientCondition
Rule_742	?a type ConditionOrFindingEntity => ?a type PatientCondition	AF__heidenreich-2022-aha-acc-hfsa-guidelines_n0073/e_0015 type ConditionOrFindingEntity => AF__heidenreich-2022-aha-acc-hfsa-guidelines_n0073/e_0015 type PatientCondition
Rule_742	?a type ConditionOrFindingEntity => ?a type PatientCondition	LV_dilatation_and_systolic_dysfunction_in_the_absence_of_known_abnormal_loading_conditions_or_significant_CAD__mcdonagh-2023-esc-guidelines_n0084/e_0002 type ConditionOrFindingEntity => LV_dilatation_and_systolic_dysfunction_in_the_absence_of_known_abnormal_loading_conditions_or_significant_CAD__mcdonagh-2023-esc-guidelines_n0084/e_0002 type PatientCondition
Rule_742	?a type ConditionOrFindingEntity => ?a type PatientCondition	SMVT__zeppenfeld-2022-esc-guidelines-va-and-scd_n0018/e_0122 type ConditionOrFindingEntity => SMVT__zeppenfeld-2022-esc-guidelines-va-and-scd_n0018/e_0122 type PatientCondition
Rule_742	?a type ConditionOrFindingEntity => ?a type PatientCondition	neuromuscular_disorders__al-khatib-2017-aha-acc-hrs-guideline-va-and-scd_n0051/e_0002 type ConditionOrFindingEntity => neuromuscular_disorders__al-khatib-2017-aha-acc-hrs-guideline-va-and-scd_n0051/e_0002 type PatientCondition
Rule_742	?a type ConditionOrFindingEntity => ?a type PatientCondition	HF__mcdonagh-2023-esc-guidelines_n0096/e_0025 type ConditionOrFindingEntity => HF__mcdonagh-2023-esc-guidelines_n0096/e_0025 type PatientCondition
Rule_742	?a type ConditionOrFindingEntity => ?a type PatientCondition	cardiac_conduction_disease__glikson-2021-2021-esc-guidelines-on-cardiac-pacing-and-cardiac-resynchro_n0038/e_0009 type ConditionOrFindingEntity => cardiac_conduction_disease__glikson-2021-2021-esc-guidelines-on-cardiac-pacing-and-cardiac-resynchro_n0038/e_0009 type PatientCondition
Rule_742	?a type ConditionOrFindingEntity => ?a type PatientCondition	VF__zeppenfeld-2022-esc-guidelines-va-and-scd_n0092/e_0041 type ConditionOrFindingEntity => VF__zeppenfeld-2022-esc-guidelines-va-and-scd_n0092/e_0041 type PatientCondition
Rule_742	?a type ConditionOrFindingEntity => ?a type PatientCondition	su_verified_6ed52cdf724db04223b4d1c2e62f3c35f6b42bc19bc5e3198277d681d47e1eb9_table_6/e_0070 type ConditionOrFindingEntity => su_verified_6ed52cdf724db04223b4d1c2e62f3c35f6b42bc19bc5e3198277d681d47e1eb9_table_6/e_0070 type PatientCondition
Rule_742	?a type ConditionOrFindingEntity => ?a type PatientCondition	su_verified_6ed52cdf724db04223b4d1c2e62f3c35f6b42bc19bc5e3198277d681d47e1eb9_table_6/e_0069 type ConditionOrFindingEntity => su_verified_6ed52cdf724db04223b4d1c2e62f3c35f6b42bc19bc5e3198277d681d47e1eb9_table_6/e_0069 type PatientCondition
Rule_742	?a type ConditionOrFindingEntity => ?a type PatientCondition	common_cardiotropic_viruses_(parvovirus_B19,_HHV4,_HHV6,_enteroviruses,_adenovirus_and_coxsackie)__mcdonagh-2023-esc-guidelines_n0084/e_0039 type ConditionOrFindingEntity => common_cardiotropic_viruses_(parvovirus_B19,_HHV4,_HHV6,_enteroviruses,_adenovirus_and_coxsackie)__mcdonagh-2023-esc-guidelines_n0084/e_0039 type PatientCondition
Rule_742	?a type ConditionOrFindingEntity => ?a type PatientCondition	Severe_asthma__zeppenfeld-2022-esc-guidelines-va-and-scd_n0038/e_0037 type ConditionOrFindingEntity => Severe_asthma__zeppenfeld-2022-esc-guidelines-va-and-scd_n0038/e_0037 type PatientCondition
Rule_742	?a type ConditionOrFindingEntity => ?a type PatientCondition	VT,_PVCs__lenarczyk-2024-management-of-patients-with-an-electrical-storm-or-cluste_n0020/e_0115 type ConditionOrFindingEntity => VT,_PVCs__lenarczyk-2024-management-of-patients-with-an-electrical-storm-or-cluste_n0020/e_0115 type PatientCondition
Rule_742	?a type ConditionOrFindingEntity => ?a type PatientCondition	when_tolerated__pelliccia-2020-2020-esc-guidelines-on-sports-cardiology-and-exercise-in_n0042/e_0002 type ConditionOrFindingEntity => when_tolerated__pelliccia-2020-2020-esc-guidelines-on-sports-cardiology-and-exercise-in_n0042/e_0002 type PatientCondition
Rule_742	?a type ConditionOrFindingEntity => ?a type PatientCondition	the_following_symptoms__execut-1_n0026/e_0037 type ConditionOrFindingEntity => the_following_symptoms__execut-1_n0026/e_0037 type PatientCondition
Rule_742	?a type ConditionOrFindingEntity => ?a type PatientCondition	pre-test_probability_of_underlying_ischemic_cardiomyopathy_is_high__execut-1_n0027/e_0014 type ConditionOrFindingEntity => pre-test_probability_of_underlying_ischemic_cardiomyopathy_is_high__execut-1_n0027/e_0014 type PatientCondition
Rule_742	?a type ConditionOrFindingEntity => ?a type PatientCondition	HF__mcdonagh-2023-esc-guidelines_n0074/e_0004 type ConditionOrFindingEntity => HF__mcdonagh-2023-esc-guidelines_n0074/e_0004 type PatientCondition
Rule_742	?a type ConditionOrFindingEntity => ?a type PatientCondition	NYHA_class_II_to_III__heidenreich-2022-aha-acc-hfsa-guidelines_n0058/e_0003 type ConditionOrFindingEntity => NYHA_class_II_to_III__heidenreich-2022-aha-acc-hfsa-guidelines_n0058/e_0003 type PatientCondition
Rule_742	?a type ConditionOrFindingEntity => ?a type PatientCondition	the_same_symptoms_and_signs_assessed_during_the_initial_evaluation__sectio-1_n0007/e_0037 type ConditionOrFindingEntity => the_same_symptoms_and_signs_assessed_during_the_initial_evaluation__sectio-1_n0007/e_0037 type PatientCondition
Rule_742	?a type ConditionOrFindingEntity => ?a type PatientCondition	su_verified_6ed52cdf724db04223b4d1c2e62f3c35f6b42bc19bc5e3198277d681d47e1eb9_table_7/e_0096 type ConditionOrFindingEntity => su_verified_6ed52cdf724db04223b4d1c2e62f3c35f6b42bc19bc5e3198277d681d47e1eb9_table_7/e_0096 type PatientCondition
Rule_742	?a type ConditionOrFindingEntity => ?a type PatientCondition	CA__zeppenfeld-2022-esc-guidelines-va-and-scd_n0095/e_0077 type ConditionOrFindingEntity => CA__zeppenfeld-2022-esc-guidelines-va-and-scd_n0095/e_0077 type PatientCondition
Rule_742	?a type ConditionOrFindingEntity => ?a type PatientCondition	Psychological_instability_that_jeopardizes_proper_follow-up_and_intensive_therapeutic_regime_after_heart_transplantation__mcdonagh-2023-esc-guidelines_n0062/e_0023 type ConditionOrFindingEntity => Psychological_instability_that_jeopardizes_proper_follow-up_and_intensive_therapeutic_regime_after_heart_transplantation__mcdonagh-2023-esc-guidelines_n0062/e_0023 type PatientCondition
Rule_742	?a type ConditionOrFindingEntity => ?a type PatientCondition	Coronary_artery_disease__mcdonagh-2023-esc-guidelines_n0039/e_0013 type ConditionOrFindingEntity => Coronary_artery_disease__mcdonagh-2023-esc-guidelines_n0039/e_0013 type PatientCondition
Rule_742	?a type ConditionOrFindingEntity => ?a type PatientCondition	SQTS__zeppenfeld-2022-esc-guidelines-va-and-scd_n0085/e_0048 type ConditionOrFindingEntity => SQTS__zeppenfeld-2022-esc-guidelines-va-and-scd_n0085/e_0048 type PatientCondition
Rule_742	?a type ConditionOrFindingEntity => ?a type PatientCondition	HCM__zeppenfeld-2022-esc-guidelines-va-and-scd_n0019/e_0024 type ConditionOrFindingEntity => HCM__zeppenfeld-2022-esc-guidelines-va-and-scd_n0019/e_0024 type PatientCondition
Rule_742	?a type ConditionOrFindingEntity => ?a type PatientCondition	sinus_rhythm__heidenreich-2022-aha-acc-hfsa-guidelines_n0059/e_0009 type ConditionOrFindingEntity => sinus_rhythm__heidenreich-2022-aha-acc-hfsa-guidelines_n0059/e_0009 type PatientCondition
Rule_742	?a type ConditionOrFindingEntity => ?a type PatientCondition	su_verified_6ed52cdf724db04223b4d1c2e62f3c35f6b42bc19bc5e3198277d681d47e1eb9_table_6/e_0025 type ConditionOrFindingEntity => su_verified_6ed52cdf724db04223b4d1c2e62f3c35f6b42bc19bc5e3198277d681d47e1eb9_table_6/e_0025 type PatientCondition
Rule_742	?a type ConditionOrFindingEntity => ?a type PatientCondition	heart_damage__medis-websiten-zusammengefugt_n0005/e_0025 type ConditionOrFindingEntity => heart_damage__medis-websiten-zusammengefugt_n0005/e_0025 type PatientCondition
Rule_742	?a type ConditionOrFindingEntity => ?a type PatientCondition	DCM/HNDCM__zeppenfeld-2022-esc-guidelines-va-and-scd_n0018/e_0075 type ConditionOrFindingEntity => DCM/HNDCM__zeppenfeld-2022-esc-guidelines-va-and-scd_n0018/e_0075 type PatientCondition
Rule_742	?a type ConditionOrFindingEntity => ?a type PatientCondition	DCM/HNDCM__zeppenfeld-2022-esc-guidelines-va-and-scd_n0094/e_0007 type ConditionOrFindingEntity => DCM/HNDCM__zeppenfeld-2022-esc-guidelines-va-and-scd_n0094/e_0007 type PatientCondition
Rule_742	?a type ConditionOrFindingEntity => ?a type PatientCondition	long_QT_syndrome__al-khatib-2017-aha-acc-hrs-guideline-va-and-scd_n0054/e_0005 type ConditionOrFindingEntity => long_QT_syndrome__al-khatib-2017-aha-acc-hrs-guideline-va-and-scd_n0054/e_0005 type PatientCondition
Rule_742	?a type ConditionOrFindingEntity => ?a type PatientCondition	AV_block__mcdonagh-2023-esc-guidelines_n0095/e_0129 type ConditionOrFindingEntity => AV_block__mcdonagh-2023-esc-guidelines_n0095/e_0129 type PatientCondition
Rule_742	?a type ConditionOrFindingEntity => ?a type PatientCondition	stable__sectio-4_n0004/e_0012 type ConditionOrFindingEntity => stable__sectio-4_n0004/e_0012 type PatientCondition
Rule_742	?a type ConditionOrFindingEntity => ?a type PatientCondition	spontaneous_documented_symptomatic_asystolic_pause(s)_%3E3_s__glikson-2021-2021-esc-guidelines-on-cardiac-pacing-and-cardiac-resynchro_n0049/e_0006 type ConditionOrFindingEntity => spontaneous_documented_symptomatic_asystolic_pause(s)_%3E3_s__glikson-2021-2021-esc-guidelines-on-cardiac-pacing-and-cardiac-resynchro_n0049/e_0006 type PatientCondition
Rule_742	?a type ConditionOrFindingEntity => ?a type PatientCondition	absence_of_a_documented_cardioinhibitory_reflex__glikson-2021-2021-esc-guidelines-on-cardiac-pacing-and-cardiac-resynchro_n0049/e_0020 type ConditionOrFindingEntity => absence_of_a_documented_cardioinhibitory_reflex__glikson-2021-2021-esc-guidelines-on-cardiac-pacing-and-cardiac-resynchro_n0049/e_0020 type PatientCondition
Rule_742	?a type ConditionOrFindingEntity => ?a type PatientCondition	cardiac_sarcoidosis__zeppenfeld-2022-esc-guidelines-va-and-scd_n0020/e_0033 type ConditionOrFindingEntity => cardiac_sarcoidosis__zeppenfeld-2022-esc-guidelines-va-and-scd_n0020/e_0033 type PatientCondition
Rule_742	?a type ConditionOrFindingEntity => ?a type PatientCondition	congenital_complete_or_high-degree_AVB__glikson-2021-2021-esc-guidelines-on-cardiac-pacing-and-cardiac-resynchro_n0064/e_0002 type ConditionOrFindingEntity => congenital_complete_or_high-degree_AVB__glikson-2021-2021-esc-guidelines-on-cardiac-pacing-and-cardiac-resynchro_n0064/e_0002 type PatientCondition
Rule_742	?a type ConditionOrFindingEntity => ?a type PatientCondition	ST_changes__lenarczyk-2024-management-of-patients-with-an-electrical-storm-or-cluste_n0010/e_0023 type ConditionOrFindingEntity => ST_changes__lenarczyk-2024-management-of-patients-with-an-electrical-storm-or-cluste_n0010/e_0023 type PatientCondition
Rule_742	?a type ConditionOrFindingEntity => ?a type PatientCondition	specific_requirements_of_HBP__glikson-2021-2021-esc-guidelines-on-cardiac-pacing-and-cardiac-resynchro_n0057/e_0004 type ConditionOrFindingEntity => specific_requirements_of_HBP__glikson-2021-2021-esc-guidelines-on-cardiac-pacing-and-cardiac-resynchro_n0057/e_0004 type PatientCondition
Rule_742	?a type ConditionOrFindingEntity => ?a type PatientCondition	pre-excited_AF__zeppenfeld-2022-esc-guidelines-va-and-scd_n0038/e_0038 type ConditionOrFindingEntity => pre-excited_AF__zeppenfeld-2022-esc-guidelines-va-and-scd_n0038/e_0038 type PatientCondition
Rule_742	?a type ConditionOrFindingEntity => ?a type PatientCondition	The_differential_diagnoses_in_Table_4.5__sectio-1_n0006/e_0033 type ConditionOrFindingEntity => The_differential_diagnoses_in_Table_4.5__sectio-1_n0006/e_0033 type PatientCondition
Rule_742	?a type ConditionOrFindingEntity => ?a type PatientCondition	Staphylococcus_aureus_infection__glikson-2021-2021-esc-guidelines-on-cardiac-pacing-and-cardiac-resynchro_n0061/e_0011 type ConditionOrFindingEntity => Staphylococcus_aureus_infection__glikson-2021-2021-esc-guidelines-on-cardiac-pacing-and-cardiac-resynchro_n0061/e_0011 type PatientCondition
Rule_742	?a type ConditionOrFindingEntity => ?a type PatientCondition	CA__zeppenfeld-2022-esc-guidelines-va-and-scd_n0055/e_0015 type ConditionOrFindingEntity => CA__zeppenfeld-2022-esc-guidelines-va-and-scd_n0055/e_0015 type PatientCondition
Rule_742	?a type ConditionOrFindingEntity => ?a type PatientCondition	stage_of_the_illness__sectio-1_n0020/e_0031 type ConditionOrFindingEntity => stage_of_the_illness__sectio-1_n0020/e_0031 type PatientCondition
Rule_742	?a type ConditionOrFindingEntity => ?a type PatientCondition	VT__zeppenfeld-2022-esc-guidelines-va-and-scd_n0056/e_0013 type ConditionOrFindingEntity => VT__zeppenfeld-2022-esc-guidelines-va-and-scd_n0056/e_0013 type PatientCondition
Rule_742	?a type ConditionOrFindingEntity => ?a type PatientCondition	Sustained_arrhythmias__execut-1_n0008/e_0010 type ConditionOrFindingEntity => Sustained_arrhythmias__execut-1_n0008/e_0010 type PatientCondition
Rule_742	?a type ConditionOrFindingEntity => ?a type PatientCondition	PVT__zeppenfeld-2022-esc-guidelines-va-and-scd_n0036/e_0063 type ConditionOrFindingEntity => PVT__zeppenfeld-2022-esc-guidelines-va-and-scd_n0036/e_0063 type PatientCondition
Rule_742	?a type ConditionOrFindingEntity => ?a type PatientCondition	ERS__zeppenfeld-2022-esc-guidelines-va-and-scd_n0082/e_0031 type ConditionOrFindingEntity => ERS__zeppenfeld-2022-esc-guidelines-va-and-scd_n0082/e_0031 type PatientCondition
Rule_742	?a type ConditionOrFindingEntity => ?a type PatientCondition	diagnosis_of_hypertension__visseren-2021-esc-guidelines-cardiovascular-disease-prevention_n0056/e_0003 type ConditionOrFindingEntity => diagnosis_of_hypertension__visseren-2021-esc-guidelines-cardiovascular-disease-prevention_n0056/e_0003 type PatientCondition
Rule_742	?a type ConditionOrFindingEntity => ?a type PatientCondition	MI__mcdonagh-2023-esc-guidelines_n0095/e_0079 type ConditionOrFindingEntity => MI__mcdonagh-2023-esc-guidelines_n0095/e_0079 type PatientCondition
Rule_742	?a type ConditionOrFindingEntity => ?a type PatientCondition	type_2_diabetes__heidenreich-2022-aha-acc-hfsa-guidelines_n0047/e_0005 type ConditionOrFindingEntity => type_2_diabetes__heidenreich-2022-aha-acc-hfsa-guidelines_n0047/e_0005 type PatientCondition
Rule_742	?a type ConditionOrFindingEntity => ?a type PatientCondition	significant_CAD__mcdonagh-2023-esc-guidelines_n0083/e_0021 type ConditionOrFindingEntity => significant_CAD__mcdonagh-2023-esc-guidelines_n0083/e_0021 type PatientCondition
Rule_742	?a type ConditionOrFindingEntity => ?a type PatientCondition	reversible_causes__al-khatib-2017-aha-acc-hrs-guideline-va-and-scd_n0033/e_0007 type ConditionOrFindingEntity => reversible_causes__al-khatib-2017-aha-acc-hrs-guideline-va-and-scd_n0033/e_0007 type PatientCondition
Rule_742	?a type ConditionOrFindingEntity => ?a type PatientCondition	SND_after_cardiac_surgery_and_heart_transplantation__glikson-2021-2021-esc-guidelines-on-cardiac-pacing-and-cardiac-resynchro_n0061/e_0015 type ConditionOrFindingEntity => SND_after_cardiac_surgery_and_heart_transplantation__glikson-2021-2021-esc-guidelines-on-cardiac-pacing-and-cardiac-resynchro_n0061/e_0015 type PatientCondition
Rule_742	?a type ConditionOrFindingEntity => ?a type PatientCondition	diabetes__maddox-2021-2021-update-to-the-2017-acc-expert-consensus-decision-pathwa_n0006/e_0009 type ConditionOrFindingEntity => diabetes__maddox-2021-2021-update-to-the-2017-acc-expert-consensus-decision-pathwa_n0006/e_0009 type PatientCondition
Rule_742	?a type ConditionOrFindingEntity => ?a type PatientCondition	,_BrS,_SQTS)__zeppenfeld-2022-esc-guidelines-va-and-scd_n0040/e_0004 type ConditionOrFindingEntity => ,_BrS,_SQTS)__zeppenfeld-2022-esc-guidelines-va-and-scd_n0040/e_0004 type PatientCondition
Rule_742	?a type ConditionOrFindingEntity => ?a type PatientCondition	su_verified_e5f20076152902f9b102f37b1a83cdc79baea0d42000f6c76a83acfae0e39670_table_2/e_0016 type ConditionOrFindingEntity => su_verified_e5f20076152902f9b102f37b1a83cdc79baea0d42000f6c76a83acfae0e39670_table_2/e_0016 type PatientCondition
Rule_742	?a type ConditionOrFindingEntity => ?a type PatientCondition	su_verified_6ed52cdf724db04223b4d1c2e62f3c35f6b42bc19bc5e3198277d681d47e1eb9_table_7/e_0093 type ConditionOrFindingEntity => su_verified_6ed52cdf724db04223b4d1c2e62f3c35f6b42bc19bc5e3198277d681d47e1eb9_table_7/e_0093 type PatientCondition
Rule_742	?a type ConditionOrFindingEntity => ?a type PatientCondition	LBBB_QRS_morphology__glikson-2021-2021-esc-guidelines-on-cardiac-pacing-and-cardiac-resynchro_n0051/e_0005 type ConditionOrFindingEntity => LBBB_QRS_morphology__glikson-2021-2021-esc-guidelines-on-cardiac-pacing-and-cardiac-resynchro_n0051/e_0005 type PatientCondition
Rule_742	?a type ConditionOrFindingEntity => ?a type PatientCondition	RBC_esterase__lenarczyk-2024-management-of-patients-with-an-electrical-storm-or-cluste_n0013/e_0105 type ConditionOrFindingEntity => RBC_esterase__lenarczyk-2024-management-of-patients-with-an-electrical-storm-or-cluste_n0013/e_0105 type PatientCondition
Rule_742	?a type ConditionOrFindingEntity => ?a type PatientCondition	eGFR_%3C45_mL/min__supp-material-esc-guidelines_n0018/e_0011 type ConditionOrFindingEntity => eGFR_%3C45_mL/min__supp-material-esc-guidelines_n0018/e_0011 type PatientCondition
Rule_742	?a type ConditionOrFindingEntity => ?a type PatientCondition	complete_or_high-degree_AVB__glikson-2021-2021-esc-guidelines-on-cardiac-pacing-and-cardiac-resynchro_n0063/e_0003 type ConditionOrFindingEntity => complete_or_high-degree_AVB__glikson-2021-2021-esc-guidelines-on-cardiac-pacing-and-cardiac-resynchro_n0063/e_0003 type PatientCondition
Rule_742	?a type ConditionOrFindingEntity => ?a type PatientCondition	recurrent_ICD_therapy__zeppenfeld-2022-esc-guidelines-va-and-scd_n0063/e_0039 type ConditionOrFindingEntity => recurrent_ICD_therapy__zeppenfeld-2022-esc-guidelines-va-and-scd_n0063/e_0039 type PatientCondition
Rule_742	?a type ConditionOrFindingEntity => ?a type PatientCondition	worsening_HF__mcdonagh-2023-esc-guidelines_n0046/e_0043 type ConditionOrFindingEntity => worsening_HF__mcdonagh-2023-esc-guidelines_n0046/e_0043 type PatientCondition
Rule_742	?a type ConditionOrFindingEntity => ?a type PatientCondition	without_evidence_of_acute_MI_or_if_the_event_occurs_more_than_48_hours_after_the_onset_of_infarction_in_the_absence_of_a_recurrent_ischemic_event__execut-1_n0040/e_0046 type ConditionOrFindingEntity => without_evidence_of_acute_MI_or_if_the_event_occurs_more_than_48_hours_after_the_onset_of_infarction_in_the_absence_of_a_recurrent_ischemic_event__execut-1_n0040/e_0046 type PatientCondition
Rule_742	?a type ConditionOrFindingEntity => ?a type PatientCondition	VT,_PVC_(in_the_absence_of_structural_heart_disease)__al-khatib-2017-aha-acc-hrs-guideline-va-and-scd_n0026/e_0246 type ConditionOrFindingEntity => VT,_PVC_(in_the_absence_of_structural_heart_disease)__al-khatib-2017-aha-acc-hrs-guideline-va-and-scd_n0026/e_0246 type PatientCondition
Rule_742	?a type ConditionOrFindingEntity => ?a type PatientCondition	prior_cardiac_arrest__pelliccia-2020-2020-esc-guidelines-on-sports-cardiology-and-exercise-in_n0066/e_0027 type ConditionOrFindingEntity => prior_cardiac_arrest__pelliccia-2020-2020-esc-guidelines-on-sports-cardiology-and-exercise-in_n0066/e_0027 type PatientCondition
Rule_742	?a type ConditionOrFindingEntity => ?a type PatientCondition	non-sustained_VT_or_PVT__zeppenfeld-2022-esc-guidelines-va-and-scd_n0025/e_0048 type ConditionOrFindingEntity => non-sustained_VT_or_PVT__zeppenfeld-2022-esc-guidelines-va-and-scd_n0025/e_0048 type PatientCondition
Rule_742	?a type ConditionOrFindingEntity => ?a type PatientCondition	depression__execut-1_n0038/e_0005 type ConditionOrFindingEntity => depression__execut-1_n0038/e_0005 type PatientCondition
Rule_742	?a type ConditionOrFindingEntity => ?a type PatientCondition	SMVT__zeppenfeld-2022-esc-guidelines-va-and-scd_n0095/e_0019 type ConditionOrFindingEntity => SMVT__zeppenfeld-2022-esc-guidelines-va-and-scd_n0095/e_0019 type PatientCondition
Rule_742	?a type ConditionOrFindingEntity => ?a type PatientCondition	VT_specifically_RVOT,_idiopathic_LVT__al-khatib-2017-aha-acc-hrs-guideline-va-and-scd_n0026/e_0103 type ConditionOrFindingEntity => VT_specifically_RVOT,_idiopathic_LVT__al-khatib-2017-aha-acc-hrs-guideline-va-and-scd_n0026/e_0103 type PatientCondition
Rule_742	?a type ConditionOrFindingEntity => ?a type PatientCondition	NYHA_class_II_to_III__heidenreich-2022-aha-acc-hfsa-guidelines_n0059/e_0003 type ConditionOrFindingEntity => NYHA_class_II_to_III__heidenreich-2022-aha-acc-hfsa-guidelines_n0059/e_0003 type PatientCondition
Rule_742	?a type ConditionOrFindingEntity => ?a type PatientCondition	su_verified_6ed52cdf724db04223b4d1c2e62f3c35f6b42bc19bc5e3198277d681d47e1eb9_table_6/e_0068 type ConditionOrFindingEntity => su_verified_6ed52cdf724db04223b4d1c2e62f3c35f6b42bc19bc5e3198277d681d47e1eb9_table_6/e_0068 type PatientCondition
Rule_742	?a type ConditionOrFindingEntity => ?a type PatientCondition	alopecia__vest-2019-nutrition-obesity-and-cachexia-in-patients-with-heart-failure_n0002/e_0011 type ConditionOrFindingEntity => alopecia__vest-2019-nutrition-obesity-and-cachexia-in-patients-with-heart-failure_n0002/e_0011 type PatientCondition
Rule_742	?a type ConditionOrFindingEntity => ?a type PatientCondition	low_health_literacy__heidenreich-2022-aha-acc-hfsa-guidelines_n0037/e_0023 type ConditionOrFindingEntity => low_health_literacy__heidenreich-2022-aha-acc-hfsa-guidelines_n0037/e_0023 type PatientCondition
Rule_742	?a type ConditionOrFindingEntity => ?a type PatientCondition	PVCs__zeppenfeld-2022-esc-guidelines-va-and-scd_n0081/e_0037 type ConditionOrFindingEntity => PVCs__zeppenfeld-2022-esc-guidelines-va-and-scd_n0081/e_0037 type PatientCondition
Rule_742	?a type ConditionOrFindingEntity => ?a type PatientCondition	pre-operative_conduction_abnormality__glikson-2021-2021-esc-guidelines-on-cardiac-pacing-and-cardiac-resynchro_n0061/e_0010 type ConditionOrFindingEntity => pre-operative_conduction_abnormality__glikson-2021-2021-esc-guidelines-on-cardiac-pacing-and-cardiac-resynchro_n0061/e_0010 type PatientCondition
Rule_742	?a type ConditionOrFindingEntity => ?a type PatientCondition	LV_non-compaction__mcdonagh-2023-esc-guidelines_n0031/e_0009 type ConditionOrFindingEntity => LV_non-compaction__mcdonagh-2023-esc-guidelines_n0031/e_0009 type PatientCondition
Rule_742	?a type ConditionOrFindingEntity => ?a type PatientCondition	reversible_causes__al-khatib-2017-aha-acc-hrs-guideline-va-and-scd_n0073/e_0022 type ConditionOrFindingEntity => reversible_causes__al-khatib-2017-aha-acc-hrs-guideline-va-and-scd_n0073/e_0022 type PatientCondition
Rule_742	?a type ConditionOrFindingEntity => ?a type PatientCondition	depression__sectio-1_n0020/e_0017 type ConditionOrFindingEntity => depression__sectio-1_n0020/e_0017 type PatientCondition
Rule_742	?a type ConditionOrFindingEntity => ?a type PatientCondition	rejection__ambrosetti-2020-secondary-prevention-comprehensive-cardiovascular-rehabi_n0007/e_0026 type ConditionOrFindingEntity => rejection__ambrosetti-2020-secondary-prevention-comprehensive-cardiovascular-rehabi_n0007/e_0026 type PatientCondition
Rule_742	?a type ConditionOrFindingEntity => ?a type PatientCondition	ischaemia__zeppenfeld-2022-esc-guidelines-va-and-scd_n0035/e_0007 type ConditionOrFindingEntity => ischaemia__zeppenfeld-2022-esc-guidelines-va-and-scd_n0035/e_0007 type PatientCondition
Rule_742	?a type ConditionOrFindingEntity => ?a type PatientCondition	changes_in_appetite__riegel-2009-promoting-self-care-in-persons-with-heart-failure_n0004/e_0043 type ConditionOrFindingEntity => changes_in_appetite__riegel-2009-promoting-self-care-in-persons-with-heart-failure_n0004/e_0043 type PatientCondition
Rule_742	?a type ConditionOrFindingEntity => ?a type PatientCondition	HF__execut-1_n0038/e_0006 type ConditionOrFindingEntity => HF__execut-1_n0038/e_0006 type PatientCondition
Rule_742	?a type ConditionOrFindingEntity => ?a type PatientCondition	SCA__al-khatib-2017-aha-acc-hrs-guideline-va-and-scd_n0074/e_0013 type ConditionOrFindingEntity => SCA__al-khatib-2017-aha-acc-hrs-guideline-va-and-scd_n0074/e_0013 type PatientCondition
Rule_742	?a type ConditionOrFindingEntity => ?a type PatientCondition	VAs__zeppenfeld-2022-esc-guidelines-va-and-scd_n0092/e_0036 type ConditionOrFindingEntity => VAs__zeppenfeld-2022-esc-guidelines-va-and-scd_n0092/e_0036 type PatientCondition
Rule_742	?a type ConditionOrFindingEntity => ?a type PatientCondition	VT__al-khatib-2017-aha-acc-hrs-guideline-va-and-scd_n0032/e_0010 type ConditionOrFindingEntity => VT__al-khatib-2017-aha-acc-hrs-guideline-va-and-scd_n0032/e_0010 type PatientCondition
Rule_742	?a type ConditionOrFindingEntity => ?a type PatientCondition	SR_with_LBBB_%E2%89%A5150_ms__mcdonagh-2023-esc-guidelines_n0039/e_0003 type ConditionOrFindingEntity => SR_with_LBBB_%E2%89%A5150_ms__mcdonagh-2023-esc-guidelines_n0039/e_0003 type PatientCondition
Rule_742	?a type ConditionOrFindingEntity => ?a type PatientCondition	symptomatic_bradycardia__glikson-2021-2021-esc-guidelines-on-cardiac-pacing-and-cardiac-resynchro_n0036/e_0003 type ConditionOrFindingEntity => symptomatic_bradycardia__glikson-2021-2021-esc-guidelines-on-cardiac-pacing-and-cardiac-resynchro_n0036/e_0003 type PatientCondition
Rule_742	?a type ConditionOrFindingEntity => ?a type PatientCondition	SMVT__zeppenfeld-2022-esc-guidelines-va-and-scd_n0054/e_0087 type ConditionOrFindingEntity => SMVT__zeppenfeld-2022-esc-guidelines-va-and-scd_n0054/e_0087 type PatientCondition
Rule_742	?a type ConditionOrFindingEntity => ?a type PatientCondition	HF__mcdonagh-2023-esc-guidelines_n0095/e_0057 type ConditionOrFindingEntity => HF__mcdonagh-2023-esc-guidelines_n0095/e_0057 type PatientCondition
Rule_742	?a type ConditionOrFindingEntity => ?a type PatientCondition	patient_wishes_to_stop_smoking_or_taking_drugs__mcdonagh-2023-esc-guidelines_n0055/e_0089 type ConditionOrFindingEntity => patient_wishes_to_stop_smoking_or_taking_drugs__mcdonagh-2023-esc-guidelines_n0055/e_0089 type PatientCondition
Rule_742	?a type ConditionOrFindingEntity => ?a type PatientCondition	hyponatraemia__mullens-2019-the-use-of-diuretics-in-heart-failure-with-congestion_n0005/e_0002 type ConditionOrFindingEntity => hyponatraemia__mullens-2019-the-use-of-diuretics-in-heart-failure-with-congestion_n0005/e_0002 type PatientCondition
Rule_742	?a type ConditionOrFindingEntity => ?a type PatientCondition	electrical_storm__zeppenfeld-2022-esc-guidelines-va-and-scd_n0021/e_0058 type ConditionOrFindingEntity => electrical_storm__zeppenfeld-2022-esc-guidelines-va-and-scd_n0021/e_0058 type PatientCondition
Rule_742	?a type ConditionOrFindingEntity => ?a type PatientCondition	VA__al-khatib-2017-aha-acc-hrs-guideline-va-and-scd_n0016/e_0003 type ConditionOrFindingEntity => VA__al-khatib-2017-aha-acc-hrs-guideline-va-and-scd_n0016/e_0003 type PatientCondition
Rule_742	?a type ConditionOrFindingEntity => ?a type PatientCondition	CV_disease__mcdonagh-2023-esc-guidelines_n0022/e_0091 type ConditionOrFindingEntity => CV_disease__mcdonagh-2023-esc-guidelines_n0022/e_0091 type PatientCondition
Rule_742	?a type ConditionOrFindingEntity => ?a type PatientCondition	hepatic_impairment__maddox-2021-2021-update-to-the-2017-acc-expert-consensus-decision-pathwa_n0006/e_0006 type ConditionOrFindingEntity => hepatic_impairment__maddox-2021-2021-update-to-the-2017-acc-expert-consensus-decision-pathwa_n0006/e_0006 type PatientCondition
Rule_742	?a type ConditionOrFindingEntity => ?a type PatientCondition	HF__execut-1_n0048/e_0051 type ConditionOrFindingEntity => HF__execut-1_n0048/e_0051 type PatientCondition
Rule_742	?a type ConditionOrFindingEntity => ?a type PatientCondition	pathological_substrates_for_fatal_arrhythmias__pelliccia-2020-2020-esc-guidelines-on-sports-cardiology-and-exercise-in_n0068/e_0008 type ConditionOrFindingEntity => pathological_substrates_for_fatal_arrhythmias__pelliccia-2020-2020-esc-guidelines-on-sports-cardiology-and-exercise-in_n0068/e_0008 type PatientCondition
Rule_742	?a type ConditionOrFindingEntity => ?a type PatientCondition	renal_insufficiency,_low_output_state,_diabetes,_chronic_obstructive_pulmonary_disease,_persistent_NYHA_class_III_or_IV_symptoms,_frequent_hospitalization_for_any_cause,_multiple_active_comorbidities,_or_a_history_of_depression,_cognitive_impairment,_or_persistent_nonadherence_to_therapeutic_regimens__execut-1_n0038/e_0040 type ConditionOrFindingEntity => renal_insufficiency,_low_output_state,_diabetes,_chronic_obstructive_pulmonary_disease,_persistent_NYHA_class_III_or_IV_symptoms,_frequent_hospitalization_for_any_cause,_multiple_active_comorbidities,_or_a_history_of_depression,_cognitive_impairment,_or_persistent_nonadherence_to_therapeutic_regimens__execut-1_n0038/e_0040 type PatientCondition
Rule_742	?a type ConditionOrFindingEntity => ?a type PatientCondition	giant_cell_myocarditis_or_eosinophilic_myocarditis__mcdonagh-2023-esc-guidelines_n0089/e_0027 type ConditionOrFindingEntity => giant_cell_myocarditis_or_eosinophilic_myocarditis__mcdonagh-2023-esc-guidelines_n0089/e_0027 type PatientCondition
Rule_742	?a type ConditionOrFindingEntity => ?a type PatientCondition	ERP__zeppenfeld-2022-esc-guidelines-va-and-scd_n0021/e_0010 type ConditionOrFindingEntity => ERP__zeppenfeld-2022-esc-guidelines-va-and-scd_n0021/e_0010 type PatientCondition
Rule_742	?a type ConditionOrFindingEntity => ?a type PatientCondition	Ischemic_etiology__execut-1_n0040/e_0035 type ConditionOrFindingEntity => Ischemic_etiology__execut-1_n0040/e_0035 type PatientCondition
Rule_742	?a type ConditionOrFindingEntity => ?a type PatientCondition	sinus_rhythm__heidenreich-2022-aha-acc-hfsa-guidelines_n0064/e_0058 type ConditionOrFindingEntity => sinus_rhythm__heidenreich-2022-aha-acc-hfsa-guidelines_n0064/e_0058 type PatientCondition
Rule_742	?a type ConditionOrFindingEntity => ?a type PatientCondition	significant_clinical_change__heidenreich-2022-aha-acc-hfsa-guidelines_n0021/e_0014 type ConditionOrFindingEntity => significant_clinical_change__heidenreich-2022-aha-acc-hfsa-guidelines_n0021/e_0014 type PatientCondition
Rule_742	?a type ConditionOrFindingEntity => ?a type PatientCondition	diabetic__execut-1_n0019/e_0010 type ConditionOrFindingEntity => diabetic__execut-1_n0019/e_0010 type PatientCondition
Rule_742	?a type ConditionOrFindingEntity => ?a type PatientCondition	congenital_complete_or_high-degree_AVB__glikson-2021-2021-esc-guidelines-on-cardiac-pacing-and-cardiac-resynchro_n0064/e_0013 type ConditionOrFindingEntity => congenital_complete_or_high-degree_AVB__glikson-2021-2021-esc-guidelines-on-cardiac-pacing-and-cardiac-resynchro_n0064/e_0013 type PatientCondition
Rule_742	?a type ConditionOrFindingEntity => ?a type PatientCondition	renal_failure__heidenreich-2022-aha-acc-hfsa-guidelines_n0082/e_0015 type ConditionOrFindingEntity => renal_failure__heidenreich-2022-aha-acc-hfsa-guidelines_n0082/e_0015 type PatientCondition
Rule_742	?a type ConditionOrFindingEntity => ?a type PatientCondition	toxic_agents_(chemotherapy,_alcohol,_drugs)__mcdonagh-2023-esc-guidelines_n0083/e_0003 type ConditionOrFindingEntity => toxic_agents_(chemotherapy,_alcohol,_drugs)__mcdonagh-2023-esc-guidelines_n0083/e_0003 type PatientCondition
Rule_742	?a type ConditionOrFindingEntity => ?a type PatientCondition	HF__mcdonagh-2023-esc-guidelines_n0096/e_0028 type ConditionOrFindingEntity => HF__mcdonagh-2023-esc-guidelines_n0096/e_0028 type PatientCondition
Rule_742	?a type ConditionOrFindingEntity => ?a type PatientCondition	VF__zeppenfeld-2022-esc-guidelines-va-and-scd_n0075/e_0037 type ConditionOrFindingEntity => VF__zeppenfeld-2022-esc-guidelines-va-and-scd_n0075/e_0037 type PatientCondition
Rule_742	?a type ConditionOrFindingEntity => ?a type PatientCondition	signs_suspicious_for_an_inherited_aetiology__zeppenfeld-2022-esc-guidelines-va-and-scd_n0060/e_0014 type ConditionOrFindingEntity => signs_suspicious_for_an_inherited_aetiology__zeppenfeld-2022-esc-guidelines-va-and-scd_n0060/e_0014 type PatientCondition
Rule_742	?a type ConditionOrFindingEntity => ?a type PatientCondition	VF__zeppenfeld-2022-esc-guidelines-va-and-scd_n0020/e_0003 type ConditionOrFindingEntity => VF__zeppenfeld-2022-esc-guidelines-va-and-scd_n0020/e_0003 type PatientCondition
Rule_742	?a type ConditionOrFindingEntity => ?a type PatientCondition	pulmonary_edema__execut-1_n0044/e_0009 type ConditionOrFindingEntity => pulmonary_edema__execut-1_n0044/e_0009 type PatientCondition
Rule_742	?a type ConditionOrFindingEntity => ?a type PatientCondition	LQTS3__lenarczyk-2024-management-of-patients-with-an-electrical-storm-or-cluste_n0020/e_0078 type ConditionOrFindingEntity => LQTS3__lenarczyk-2024-management-of-patients-with-an-electrical-storm-or-cluste_n0020/e_0078 type PatientCondition
Rule_742	?a type ConditionOrFindingEntity => ?a type PatientCondition	functional_status__al-khatib-2017-aha-acc-hrs-guideline-va-and-scd_n0035/e_0027 type ConditionOrFindingEntity => functional_status__al-khatib-2017-aha-acc-hrs-guideline-va-and-scd_n0035/e_0027 type PatientCondition
Rule_742	?a type ConditionOrFindingEntity => ?a type PatientCondition	NYHA_class_I_symptoms__heidenreich-2022-aha-acc-hfsa-guidelines_n0063/e_0024 type ConditionOrFindingEntity => NYHA_class_I_symptoms__heidenreich-2022-aha-acc-hfsa-guidelines_n0063/e_0024 type PatientCondition
Rule_742	?a type ConditionOrFindingEntity => ?a type PatientCondition	diabetes__mcdonagh-2023-esc-guidelines_n0094/e_0010 type ConditionOrFindingEntity => diabetes__mcdonagh-2023-esc-guidelines_n0094/e_0010 type PatientCondition
Rule_742	?a type ConditionOrFindingEntity => ?a type PatientCondition	sustained_VA__al-khatib-2017-aha-acc-hrs-guideline-va-and-scd_n0059/e_0008 type ConditionOrFindingEntity => sustained_VA__al-khatib-2017-aha-acc-hrs-guideline-va-and-scd_n0059/e_0008 type PatientCondition
Rule_742	?a type ConditionOrFindingEntity => ?a type PatientCondition	syncope__zeppenfeld-2022-esc-guidelines-va-and-scd_n0084/e_0042 type ConditionOrFindingEntity => syncope__zeppenfeld-2022-esc-guidelines-va-and-scd_n0084/e_0042 type PatientCondition
Rule_742	?a type ConditionOrFindingEntity => ?a type PatientCondition	prolonged_QTc__pelliccia-2020-2020-esc-guidelines-on-sports-cardiology-and-exercise-in_n0066/e_0003 type ConditionOrFindingEntity => prolonged_QTc__pelliccia-2020-2020-esc-guidelines-on-sports-cardiology-and-exercise-in_n0066/e_0003 type PatientCondition
Rule_742	?a type ConditionOrFindingEntity => ?a type PatientCondition	present_at_young_age__zeppenfeld-2022-esc-guidelines-va-and-scd_n0060/e_0013 type ConditionOrFindingEntity => present_at_young_age__zeppenfeld-2022-esc-guidelines-va-and-scd_n0060/e_0013 type PatientCondition
Rule_742	?a type ConditionOrFindingEntity => ?a type PatientCondition	scaling_of_scalp__vest-2019-nutrition-obesity-and-cachexia-in-patients-with-heart-failure_n0002/e_0013 type ConditionOrFindingEntity => scaling_of_scalp__vest-2019-nutrition-obesity-and-cachexia-in-patients-with-heart-failure_n0002/e_0013 type PatientCondition
Rule_742	?a type ConditionOrFindingEntity => ?a type PatientCondition	su_verified_6ed52cdf724db04223b4d1c2e62f3c35f6b42bc19bc5e3198277d681d47e1eb9_table_7/e_0136 type ConditionOrFindingEntity => su_verified_6ed52cdf724db04223b4d1c2e62f3c35f6b42bc19bc5e3198277d681d47e1eb9_table_7/e_0136 type PatientCondition
Rule_742	?a type ConditionOrFindingEntity => ?a type PatientCondition	tetralogy_of_Fallot__pelliccia-2020-2020-esc-guidelines-on-sports-cardiology-and-exercise-in_n0053/e_0026 type ConditionOrFindingEntity => tetralogy_of_Fallot__pelliccia-2020-2020-esc-guidelines-on-sports-cardiology-and-exercise-in_n0053/e_0026 type PatientCondition
Rule_742	?a type ConditionOrFindingEntity => ?a type PatientCondition	Hemodynamically_significant_arrhythmia__sectio-4_n0001/e_0009 type ConditionOrFindingEntity => Hemodynamically_significant_arrhythmia__sectio-4_n0001/e_0009 type PatientCondition
Rule_742	?a type ConditionOrFindingEntity => ?a type PatientCondition	Twiddler%5C's_syndrome__glikson-2021-2021-esc-guidelines-on-cardiac-pacing-and-cardiac-resynchro_n0073/e_0005 type ConditionOrFindingEntity => Twiddler%5C's_syndrome__glikson-2021-2021-esc-guidelines-on-cardiac-pacing-and-cardiac-resynchro_n0073/e_0005 type PatientCondition
Rule_742	?a type ConditionOrFindingEntity => ?a type PatientCondition	adult_congenital_heart_disease__al-khatib-2017-aha-acc-hrs-guideline-va-and-scd_n0073/e_0014 type ConditionOrFindingEntity => adult_congenital_heart_disease__al-khatib-2017-aha-acc-hrs-guideline-va-and-scd_n0073/e_0014 type PatientCondition
Rule_742	?a type ConditionOrFindingEntity => ?a type PatientCondition	Excessive_alcohol_intake__mcdonagh-2023-esc-guidelines_n0051/e_0008 type ConditionOrFindingEntity => Excessive_alcohol_intake__mcdonagh-2023-esc-guidelines_n0051/e_0008 type PatientCondition
Rule_742	?a type ConditionOrFindingEntity => ?a type PatientCondition	after_exclusion_of_reversible_causes__zeppenfeld-2022-esc-guidelines-va-and-scd_n0073/e_0008 type ConditionOrFindingEntity => after_exclusion_of_reversible_causes__zeppenfeld-2022-esc-guidelines-va-and-scd_n0073/e_0008 type PatientCondition
Rule_742	?a type ConditionOrFindingEntity => ?a type PatientCondition	cardiac_symptoms__pelliccia-2020-2020-esc-guidelines-on-sports-cardiology-and-exercise-in_n0057/e_0004 type ConditionOrFindingEntity => cardiac_symptoms__pelliccia-2020-2020-esc-guidelines-on-sports-cardiology-and-exercise-in_n0057/e_0004 type PatientCondition
Rule_742	?a type ConditionOrFindingEntity => ?a type PatientCondition	BrS__lenarczyk-2024-management-of-patients-with-an-electrical-storm-or-cluste_n0020/e_0107 type ConditionOrFindingEntity => BrS__lenarczyk-2024-management-of-patients-with-an-electrical-storm-or-cluste_n0020/e_0107 type PatientCondition
Rule_742	?a type ConditionOrFindingEntity => ?a type PatientCondition	LQTS__zeppenfeld-2022-esc-guidelines-va-and-scd_n0077/e_0007 type ConditionOrFindingEntity => LQTS__zeppenfeld-2022-esc-guidelines-va-and-scd_n0077/e_0007 type PatientCondition
Rule_742	?a type ConditionOrFindingEntity => ?a type PatientCondition	HFimpEF__heidenreich-2022-aha-acc-hfsa-guidelines_n0070/e_0002 type ConditionOrFindingEntity => HFimpEF__heidenreich-2022-aha-acc-hfsa-guidelines_n0070/e_0002 type PatientCondition
Rule_742	?a type ConditionOrFindingEntity => ?a type PatientCondition	CPVT__zeppenfeld-2022-esc-guidelines-va-and-scd_n0084/e_0015 type ConditionOrFindingEntity => CPVT__zeppenfeld-2022-esc-guidelines-va-and-scd_n0084/e_0015 type PatientCondition
Rule_742	?a type ConditionOrFindingEntity => ?a type PatientCondition	SMVT__zeppenfeld-2022-esc-guidelines-va-and-scd_n0094/e_0020 type ConditionOrFindingEntity => SMVT__zeppenfeld-2022-esc-guidelines-va-and-scd_n0094/e_0020 type PatientCondition
Rule_742	?a type ConditionOrFindingEntity => ?a type PatientCondition	Even_without_dyspnea__sectio-4_n0001/e_0013 type ConditionOrFindingEntity => Even_without_dyspnea__sectio-4_n0001/e_0013 type PatientCondition
Rule_742	?a type ConditionOrFindingEntity => ?a type PatientCondition	very_high_risk_of_ASCVD,_particularly_recurrent_ischaemic_stroke__ambrosetti-2020-secondary-prevention-comprehensive-cardiovascular-rehabi_n0014/e_0057 type ConditionOrFindingEntity => very_high_risk_of_ASCVD,_particularly_recurrent_ischaemic_stroke__ambrosetti-2020-secondary-prevention-comprehensive-cardiovascular-rehabi_n0014/e_0057 type PatientCondition
Rule_742	?a type ConditionOrFindingEntity => ?a type PatientCondition	Physical_Inactivity__sedf99-1_n0001/e_0017 type ConditionOrFindingEntity => Physical_Inactivity__sedf99-1_n0001/e_0017 type PatientCondition
Rule_742	?a type ConditionOrFindingEntity => ?a type PatientCondition	congestive_hepatopathy_and_hypoperfusion__van-diepen-2017-contemporary-management-of-cardiogenic-shock_n0004/e_0043 type ConditionOrFindingEntity => congestive_hepatopathy_and_hypoperfusion__van-diepen-2017-contemporary-management-of-cardiogenic-shock_n0004/e_0043 type PatientCondition
Rule_742	?a type ConditionOrFindingEntity => ?a type PatientCondition	VT__zeppenfeld-2022-esc-guidelines-va-and-scd_n0042/e_0006 type ConditionOrFindingEntity => VT__zeppenfeld-2022-esc-guidelines-va-and-scd_n0042/e_0006 type PatientCondition
Rule_742	?a type ConditionOrFindingEntity => ?a type PatientCondition	electrical_storm__zeppenfeld-2022-esc-guidelines-va-and-scd_n0075/e_0026 type ConditionOrFindingEntity => electrical_storm__zeppenfeld-2022-esc-guidelines-va-and-scd_n0075/e_0026 type PatientCondition
Rule_742	?a type ConditionOrFindingEntity => ?a type PatientCondition	CAD__zeppenfeld-2022-esc-guidelines-va-and-scd_n0054/e_0019 type ConditionOrFindingEntity => CAD__zeppenfeld-2022-esc-guidelines-va-and-scd_n0054/e_0019 type PatientCondition
Rule_742	?a type ConditionOrFindingEntity => ?a type PatientCondition	AV_block__mcdonagh-2023-esc-guidelines_n0095/e_0120 type ConditionOrFindingEntity => AV_block__mcdonagh-2023-esc-guidelines_n0095/e_0120 type PatientCondition
Rule_742	?a type ConditionOrFindingEntity => ?a type PatientCondition	VF__zeppenfeld-2022-esc-guidelines-va-and-scd_n0019/e_0118 type ConditionOrFindingEntity => VF__zeppenfeld-2022-esc-guidelines-va-and-scd_n0019/e_0118 type PatientCondition
Rule_742	?a type ConditionOrFindingEntity => ?a type PatientCondition	comorbidities__heidenreich-2022-aha-acc-hfsa-guidelines_n0065/e_0086 type ConditionOrFindingEntity => comorbidities__heidenreich-2022-aha-acc-hfsa-guidelines_n0065/e_0086 type PatientCondition
Rule_742	?a type ConditionOrFindingEntity => ?a type PatientCondition	su_verified_6ed52cdf724db04223b4d1c2e62f3c35f6b42bc19bc5e3198277d681d47e1eb9_table_7/e_0122 type ConditionOrFindingEntity => su_verified_6ed52cdf724db04223b4d1c2e62f3c35f6b42bc19bc5e3198277d681d47e1eb9_table_7/e_0122 type PatientCondition
Rule_742	?a type ConditionOrFindingEntity => ?a type PatientCondition	severe_symptoms_or_systolic_pulmonary_artery_pressure_%3E50_mmHg__regitz-zagrosek-2018-2018-esc-guideline-for-the-management-of-cardiovasc_n0022/e_0026 type ConditionOrFindingEntity => severe_symptoms_or_systolic_pulmonary_artery_pressure_%3E50_mmHg__regitz-zagrosek-2018-2018-esc-guideline-for-the-management-of-cardiovasc_n0022/e_0026 type PatientCondition
Rule_742	?a type ConditionOrFindingEntity => ?a type PatientCondition	cardiac_sarcoidosis__zeppenfeld-2022-esc-guidelines-va-and-scd_n0020/e_0069 type ConditionOrFindingEntity => cardiac_sarcoidosis__zeppenfeld-2022-esc-guidelines-va-and-scd_n0020/e_0069 type PatientCondition
Rule_742	?a type ConditionOrFindingEntity => ?a type PatientCondition	VT__zeppenfeld-2022-esc-guidelines-va-and-scd_n0056/e_0007 type ConditionOrFindingEntity => VT__zeppenfeld-2022-esc-guidelines-va-and-scd_n0056/e_0007 type PatientCondition
Rule_742	?a type ConditionOrFindingEntity => ?a type PatientCondition	ADHF__execut-1_n0046/e_0091 type ConditionOrFindingEntity => ADHF__execut-1_n0046/e_0091 type PatientCondition
Rule_742	?a type ConditionOrFindingEntity => ?a type PatientCondition	su_verified_6ed52cdf724db04223b4d1c2e62f3c35f6b42bc19bc5e3198277d681d47e1eb9_table_7/e_0003 type ConditionOrFindingEntity => su_verified_6ed52cdf724db04223b4d1c2e62f3c35f6b42bc19bc5e3198277d681d47e1eb9_table_7/e_0003 type PatientCondition
Rule_742	?a type ConditionOrFindingEntity => ?a type PatientCondition	HF__mcdonagh-2023-esc-guidelines_n0096/e_0101 type ConditionOrFindingEntity => HF__mcdonagh-2023-esc-guidelines_n0096/e_0101 type PatientCondition
Rule_742	?a type ConditionOrFindingEntity => ?a type PatientCondition	arrhythmia__zeppenfeld-2022-esc-guidelines-va-and-scd_n0070/e_0004 type ConditionOrFindingEntity => arrhythmia__zeppenfeld-2022-esc-guidelines-va-and-scd_n0070/e_0004 type PatientCondition
Rule_742	?a type ConditionOrFindingEntity => ?a type PatientCondition	VHD__heidenreich-2022-aha-acc-hfsa-guidelines_n0068/e_0003 type ConditionOrFindingEntity => VHD__heidenreich-2022-aha-acc-hfsa-guidelines_n0068/e_0003 type PatientCondition
Rule_742	?a type ConditionOrFindingEntity => ?a type PatientCondition	DCM/HNDCM__zeppenfeld-2022-esc-guidelines-va-and-scd_n0018/e_0059 type ConditionOrFindingEntity => DCM/HNDCM__zeppenfeld-2022-esc-guidelines-va-and-scd_n0018/e_0059 type PatientCondition
Rule_742	?a type ConditionOrFindingEntity => ?a type PatientCondition	recurrent,_symptomatic_appropriate_ICD_therapy_for_SMVT__zeppenfeld-2022-esc-guidelines-va-and-scd_n0074/e_0013 type ConditionOrFindingEntity => recurrent,_symptomatic_appropriate_ICD_therapy_for_SMVT__zeppenfeld-2022-esc-guidelines-va-and-scd_n0074/e_0013 type PatientCondition
Rule_742	?a type ConditionOrFindingEntity => ?a type PatientCondition	physical_capacity__mcdonagh-2023-esc-guidelines_n0055/e_0096 type ConditionOrFindingEntity => physical_capacity__mcdonagh-2023-esc-guidelines_n0055/e_0096 type PatientCondition
Rule_742	?a type ConditionOrFindingEntity => ?a type PatientCondition	su_verified_6ed52cdf724db04223b4d1c2e62f3c35f6b42bc19bc5e3198277d681d47e1eb9_table_7/e_0036 type ConditionOrFindingEntity => su_verified_6ed52cdf724db04223b4d1c2e62f3c35f6b42bc19bc5e3198277d681d47e1eb9_table_7/e_0036 type PatientCondition
Rule_742	?a type ConditionOrFindingEntity => ?a type PatientCondition	su_verified_6ed52cdf724db04223b4d1c2e62f3c35f6b42bc19bc5e3198277d681d47e1eb9_table_7/e_0045 type ConditionOrFindingEntity => su_verified_6ed52cdf724db04223b4d1c2e62f3c35f6b42bc19bc5e3198277d681d47e1eb9_table_7/e_0045 type PatientCondition
Rule_742	?a type ConditionOrFindingEntity => ?a type PatientCondition	severe_pulmonary_disease__heidenreich-2022-aha-acc-hfsa-guidelines_n0075/e_0031 type ConditionOrFindingEntity => severe_pulmonary_disease__heidenreich-2022-aha-acc-hfsa-guidelines_n0075/e_0031 type PatientCondition
Rule_742	?a type ConditionOrFindingEntity => ?a type PatientCondition	LQTS__zeppenfeld-2022-esc-guidelines-va-and-scd_n0095/e_0058 type ConditionOrFindingEntity => LQTS__zeppenfeld-2022-esc-guidelines-va-and-scd_n0095/e_0058 type PatientCondition
Rule_742	?a type ConditionOrFindingEntity => ?a type PatientCondition	highly_symptomatic_despite_OMT__mcdonagh-2023-esc-guidelines_n0076/e_0027 type ConditionOrFindingEntity => highly_symptomatic_despite_OMT__mcdonagh-2023-esc-guidelines_n0076/e_0027 type PatientCondition
Rule_742	?a type ConditionOrFindingEntity => ?a type PatientCondition	mental_disorders__visseren-2021-esc-guidelines-cardiovascular-disease-prevention_n0033/e_0017 type ConditionOrFindingEntity => mental_disorders__visseren-2021-esc-guidelines-cardiovascular-disease-prevention_n0033/e_0017 type PatientCondition
Rule_742	?a type ConditionOrFindingEntity => ?a type PatientCondition	CPVT__zeppenfeld-2022-esc-guidelines-va-and-scd_n0084/e_0004 type ConditionOrFindingEntity => CPVT__zeppenfeld-2022-esc-guidelines-va-and-scd_n0084/e_0004 type PatientCondition
Rule_742	?a type ConditionOrFindingEntity => ?a type PatientCondition	HF__mcdonagh-2023-esc-guidelines_n0094/e_0028 type ConditionOrFindingEntity => HF__mcdonagh-2023-esc-guidelines_n0094/e_0028 type PatientCondition
Rule_742	?a type ConditionOrFindingEntity => ?a type PatientCondition	prior_MI__al-khatib-2017-aha-acc-hrs-guideline-va-and-scd_n0035/e_0030 type ConditionOrFindingEntity => prior_MI__al-khatib-2017-aha-acc-hrs-guideline-va-and-scd_n0035/e_0030 type PatientCondition
Rule_742	?a type ConditionOrFindingEntity => ?a type PatientCondition	Pneumonia__sectio-4_n0001/e_0018 type ConditionOrFindingEntity => Pneumonia__sectio-4_n0001/e_0018 type PatientCondition
Rule_742	?a type ConditionOrFindingEntity => ?a type PatientCondition	excessive_percentage_of_RV_pacing__ferrick-2023-2023-hrs-ehra-aphrs-lahrs-expert-consensus-statement-on-pra_n0023/e_0021 type ConditionOrFindingEntity => excessive_percentage_of_RV_pacing__ferrick-2023-2023-hrs-ehra-aphrs-lahrs-expert-consensus-statement-on-pra_n0023/e_0021 type PatientCondition
Rule_742	?a type ConditionOrFindingEntity => ?a type PatientCondition	SND__glikson-2021-2021-esc-guidelines-on-cardiac-pacing-and-cardiac-resynchro_n0046/e_0002 type ConditionOrFindingEntity => SND__glikson-2021-2021-esc-guidelines-on-cardiac-pacing-and-cardiac-resynchro_n0046/e_0002 type PatientCondition
Rule_742	?a type ConditionOrFindingEntity => ?a type PatientCondition	HCM__zeppenfeld-2022-esc-guidelines-va-and-scd_n0018/e_0164 type ConditionOrFindingEntity => HCM__zeppenfeld-2022-esc-guidelines-va-and-scd_n0018/e_0164 type PatientCondition
Rule_742	?a type ConditionOrFindingEntity => ?a type PatientCondition	LQTS__zeppenfeld-2022-esc-guidelines-va-and-scd_n0086/e_0019 type ConditionOrFindingEntity => LQTS__zeppenfeld-2022-esc-guidelines-va-and-scd_n0086/e_0019 type PatientCondition
Rule_742	?a type ConditionOrFindingEntity => ?a type PatientCondition	VF__zeppenfeld-2022-esc-guidelines-va-and-scd_n0075/e_0028 type ConditionOrFindingEntity => VF__zeppenfeld-2022-esc-guidelines-va-and-scd_n0075/e_0028 type PatientCondition
Rule_742	?a type ConditionOrFindingEntity => ?a type PatientCondition	(VF__zeppenfeld-2022-esc-guidelines-va-and-scd_n0040/e_0003 type ConditionOrFindingEntity => (VF__zeppenfeld-2022-esc-guidelines-va-and-scd_n0040/e_0003 type PatientCondition
Rule_742	?a type ConditionOrFindingEntity => ?a type PatientCondition	Persistent_electrical_instability__lenarczyk-2024-management-of-patients-with-an-electrical-storm-or-cluste_n0010/e_0041 type ConditionOrFindingEntity => Persistent_electrical_instability__lenarczyk-2024-management-of-patients-with-an-electrical-storm-or-cluste_n0010/e_0041 type PatientCondition
Rule_742	?a type ConditionOrFindingEntity => ?a type PatientCondition	HF__heidenreich-2022-aha-acc-hfsa-guidelines_n0025/e_0012 type ConditionOrFindingEntity => HF__heidenreich-2022-aha-acc-hfsa-guidelines_n0025/e_0012 type PatientCondition
Rule_742	?a type ConditionOrFindingEntity => ?a type PatientCondition	nonischemic_DCM__heidenreich-2022-aha-acc-hfsa-guidelines_n0063/e_0002 type ConditionOrFindingEntity => nonischemic_DCM__heidenreich-2022-aha-acc-hfsa-guidelines_n0063/e_0002 type PatientCondition
Rule_742	?a type ConditionOrFindingEntity => ?a type PatientCondition	VT__zeppenfeld-2022-esc-guidelines-va-and-scd_n0057/e_0030 type ConditionOrFindingEntity => VT__zeppenfeld-2022-esc-guidelines-va-and-scd_n0057/e_0030 type PatientCondition
Rule_742	?a type ConditionOrFindingEntity => ?a type PatientCondition	CHF__sbolli-2020-depression-and-heart-failure_n0003/e_0024 type ConditionOrFindingEntity => CHF__sbolli-2020-depression-and-heart-failure_n0003/e_0024 type PatientCondition
Rule_742	?a type ConditionOrFindingEntity => ?a type PatientCondition	NYHA_class_I_symptoms__heidenreich-2022-aha-acc-hfsa-guidelines_n0064/e_0024 type ConditionOrFindingEntity => NYHA_class_I_symptoms__heidenreich-2022-aha-acc-hfsa-guidelines_n0064/e_0024 type PatientCondition
Rule_742	?a type ConditionOrFindingEntity => ?a type PatientCondition	myocarditis__zeppenfeld-2022-esc-guidelines-va-and-scd_n0022/e_0045 type ConditionOrFindingEntity => myocarditis__zeppenfeld-2022-esc-guidelines-va-and-scd_n0022/e_0045 type PatientCondition
Rule_742	?a type ConditionOrFindingEntity => ?a type PatientCondition	SQTS__lenarczyk-2024-management-of-patients-with-an-electrical-storm-or-cluste_n0018/e_0015 type ConditionOrFindingEntity => SQTS__lenarczyk-2024-management-of-patients-with-an-electrical-storm-or-cluste_n0018/e_0015 type PatientCondition
Rule_742	?a type ConditionOrFindingEntity => ?a type PatientCondition	progressive_cardiac_involvement__al-khatib-2017-aha-acc-hrs-guideline-va-and-scd_n0050/e_0010 type ConditionOrFindingEntity => progressive_cardiac_involvement__al-khatib-2017-aha-acc-hrs-guideline-va-and-scd_n0050/e_0010 type PatientCondition
Rule_742	?a type ConditionOrFindingEntity => ?a type PatientCondition	Vitamin/mineral_deficiency__sedf99-1_n0001/e_0037 type ConditionOrFindingEntity => Vitamin/mineral_deficiency__sedf99-1_n0001/e_0037 type PatientCondition
Rule_742	?a type ConditionOrFindingEntity => ?a type PatientCondition	if_appropriate__pelliccia-2020-2020-esc-guidelines-on-sports-cardiology-and-exercise-in_n0041/e_0004 type ConditionOrFindingEntity => if_appropriate__pelliccia-2020-2020-esc-guidelines-on-sports-cardiology-and-exercise-in_n0041/e_0004 type PatientCondition
Rule_742	?a type ConditionOrFindingEntity => ?a type PatientCondition	functional_status_and_prognosis_based_on_severity_of_underlying_HF_and_comorbid_conditions__execut-1_n0040/e_0014 type ConditionOrFindingEntity => functional_status_and_prognosis_based_on_severity_of_underlying_HF_and_comorbid_conditions__execut-1_n0040/e_0014 type PatientCondition
Rule_742	?a type ConditionOrFindingEntity => ?a type PatientCondition	Atrial_fibrillation__mcdonagh-2023-esc-guidelines_n0039/e_0011 type ConditionOrFindingEntity => Atrial_fibrillation__mcdonagh-2023-esc-guidelines_n0039/e_0011 type PatientCondition
Rule_742	?a type ConditionOrFindingEntity => ?a type PatientCondition	signs_of_congestion__mcdonagh-2023-esc-guidelines_n0022/e_0015 type ConditionOrFindingEntity => signs_of_congestion__mcdonagh-2023-esc-guidelines_n0022/e_0015 type PatientCondition
Rule_742	?a type ConditionOrFindingEntity => ?a type PatientCondition	clinical_suspicion_and_underlying_cardiac_risk_factors__sectio-1_n0007/e_0012 type ConditionOrFindingEntity => clinical_suspicion_and_underlying_cardiac_risk_factors__sectio-1_n0007/e_0012 type PatientCondition
Rule_742	?a type ConditionOrFindingEntity => ?a type PatientCondition	SMVT__zeppenfeld-2022-esc-guidelines-va-and-scd_n0022/e_0079 type ConditionOrFindingEntity => SMVT__zeppenfeld-2022-esc-guidelines-va-and-scd_n0022/e_0079 type PatientCondition
Rule_742	?a type ConditionOrFindingEntity => ?a type PatientCondition	renal_insufficiency,_low_output_state,_diabetes,_chronic_obstructive_pulmonary_disease,_persistent_NYHA_class_III_or_IV_symptoms,_frequent_hospitalization_for_any_cause,_multiple_active_comorbidities,_or_a_history_of_depression,_cognitive_impairment,_inadequate_social_support,_poor_health_literacy,_or_persistent_nonadherence_to_therapeutic_regimens__sectio-1_n0020/e_0043 type ConditionOrFindingEntity => renal_insufficiency,_low_output_state,_diabetes,_chronic_obstructive_pulmonary_disease,_persistent_NYHA_class_III_or_IV_symptoms,_frequent_hospitalization_for_any_cause,_multiple_active_comorbidities,_or_a_history_of_depression,_cognitive_impairment,_inadequate_social_support,_poor_health_literacy,_or_persistent_nonadherence_to_therapeutic_regimens__sectio-1_n0020/e_0043 type PatientCondition
Rule_742	?a type ConditionOrFindingEntity => ?a type PatientCondition	Turner_syndrome__pelliccia-2020-2020-esc-guidelines-on-sports-cardiology-and-exercise-in_n0053/e_0038 type ConditionOrFindingEntity => Turner_syndrome__pelliccia-2020-2020-esc-guidelines-on-sports-cardiology-and-exercise-in_n0053/e_0038 type PatientCondition
Rule_742	?a type ConditionOrFindingEntity => ?a type PatientCondition	HFrEF__mcdonagh-2023-esc-guidelines_n0095/e_0119 type ConditionOrFindingEntity => HFrEF__mcdonagh-2023-esc-guidelines_n0095/e_0119 type PatientCondition
Rule_742	?a type ConditionOrFindingEntity => ?a type PatientCondition	moderate_HF__sectio-1_n0016/e_0035 type ConditionOrFindingEntity => moderate_HF__sectio-1_n0016/e_0035 type PatientCondition
Rule_742	?a type ConditionOrFindingEntity => ?a type PatientCondition	PVC-induced_PVT/VF__lenarczyk-2024-management-of-patients-with-an-electrical-storm-or-cluste_n0010/e_0044 type ConditionOrFindingEntity => PVC-induced_PVT/VF__lenarczyk-2024-management-of-patients-with-an-electrical-storm-or-cluste_n0010/e_0044 type PatientCondition
Rule_742	?a type ConditionOrFindingEntity => ?a type PatientCondition	iron_deficiency__mcdonagh-2023-esc-guidelines_n0078/e_0031 type ConditionOrFindingEntity => iron_deficiency__mcdonagh-2023-esc-guidelines_n0078/e_0031 type PatientCondition
Rule_742	?a type ConditionOrFindingEntity => ?a type PatientCondition	current_or_previous_symptomatic_HFmrEF__heidenreich-2022-aha-acc-hfsa-guidelines_n0069/e_0006 type ConditionOrFindingEntity => current_or_previous_symptomatic_HFmrEF__heidenreich-2022-aha-acc-hfsa-guidelines_n0069/e_0006 type PatientCondition
Rule_742	?a type ConditionOrFindingEntity => ?a type PatientCondition	SMVT__zeppenfeld-2022-esc-guidelines-va-and-scd_n0017/e_0024 type ConditionOrFindingEntity => SMVT__zeppenfeld-2022-esc-guidelines-va-and-scd_n0017/e_0024 type PatientCondition
Rule_742	?a type ConditionOrFindingEntity => ?a type PatientCondition	Coronary_ischemia__maddox-2021-2021-update-to-the-2017-acc-expert-consensus-decision-pathwa_n0010/e_0033 type ConditionOrFindingEntity => Coronary_ischemia__maddox-2021-2021-update-to-the-2017-acc-expert-consensus-decision-pathwa_n0010/e_0033 type PatientCondition
Rule_742	?a type ConditionOrFindingEntity => ?a type PatientCondition	diabetic__seb24c-1_n0002/e_0018 type ConditionOrFindingEntity => diabetic__seb24c-1_n0002/e_0018 type PatientCondition
Rule_742	?a type ConditionOrFindingEntity => ?a type PatientCondition	advanced_HF__heidenreich-2022-aha-acc-hfsa-guidelines_n0113/e_0007 type ConditionOrFindingEntity => advanced_HF__heidenreich-2022-aha-acc-hfsa-guidelines_n0113/e_0007 type PatientCondition
Rule_742	?a type ConditionOrFindingEntity => ?a type PatientCondition	LV_dilation__execut-1_n0046/e_0056 type ConditionOrFindingEntity => LV_dilation__execut-1_n0046/e_0056 type PatientCondition
Rule_742	?a type ConditionOrFindingEntity => ?a type PatientCondition	lack_of_clearance__van-diepen-2017-contemporary-management-of-cardiogenic-shock_n0004/e_0048 type ConditionOrFindingEntity => lack_of_clearance__van-diepen-2017-contemporary-management-of-cardiogenic-shock_n0004/e_0048 type PatientCondition
Rule_742	?a type ConditionOrFindingEntity => ?a type PatientCondition	pathogenic_mutation__zeppenfeld-2022-esc-guidelines-va-and-scd_n0034/e_0017 type ConditionOrFindingEntity => pathogenic_mutation__zeppenfeld-2022-esc-guidelines-va-and-scd_n0034/e_0017 type PatientCondition
Rule_742	?a type ConditionOrFindingEntity => ?a type PatientCondition	syncope__zeppenfeld-2022-esc-guidelines-va-and-scd_n0082/e_0057 type ConditionOrFindingEntity => syncope__zeppenfeld-2022-esc-guidelines-va-and-scd_n0082/e_0057 type PatientCondition
Rule_742	?a type ConditionOrFindingEntity => ?a type PatientCondition	reduced_or_discontinued__heidenreich-2022-aha-acc-hfsa-guidelines_n0108/e_0032 type ConditionOrFindingEntity => reduced_or_discontinued__heidenreich-2022-aha-acc-hfsa-guidelines_n0108/e_0032 type PatientCondition
Rule_742	?a type ConditionOrFindingEntity => ?a type PatientCondition	HF__heidenreich-2022-aha-acc-hfsa-guidelines_n0022/e_0002 type ConditionOrFindingEntity => HF__heidenreich-2022-aha-acc-hfsa-guidelines_n0022/e_0002 type PatientCondition
Rule_742	?a type ConditionOrFindingEntity => ?a type PatientCondition	VT__zeppenfeld-2022-esc-guidelines-va-and-scd_n0070/e_0009 type ConditionOrFindingEntity => VT__zeppenfeld-2022-esc-guidelines-va-and-scd_n0070/e_0009 type PatientCondition
Rule_742	?a type ConditionOrFindingEntity => ?a type PatientCondition	su_verified_6ed52cdf724db04223b4d1c2e62f3c35f6b42bc19bc5e3198277d681d47e1eb9_table_6/e_0004 type ConditionOrFindingEntity => su_verified_6ed52cdf724db04223b4d1c2e62f3c35f6b42bc19bc5e3198277d681d47e1eb9_table_6/e_0004 type PatientCondition
Rule_742	?a type ConditionOrFindingEntity => ?a type PatientCondition	ARVC__zeppenfeld-2022-esc-guidelines-va-and-scd_n0062/e_0042 type ConditionOrFindingEntity => ARVC__zeppenfeld-2022-esc-guidelines-va-and-scd_n0062/e_0042 type PatientCondition
Rule_742	?a type ConditionOrFindingEntity => ?a type PatientCondition	iron_deficiency__mcdonagh-2023-esc-guidelines_n0097/e_0059 type ConditionOrFindingEntity => iron_deficiency__mcdonagh-2023-esc-guidelines_n0097/e_0059 type PatientCondition
Rule_742	?a type ConditionOrFindingEntity => ?a type PatientCondition	bodily_symptoms__visseren-2021-esc-guidelines-cardiovascular-disease-prevention_n0030/e_0003 type ConditionOrFindingEntity => bodily_symptoms__visseren-2021-esc-guidelines-cardiovascular-disease-prevention_n0030/e_0003 type PatientCondition
Rule_742	?a type ConditionOrFindingEntity => ?a type PatientCondition	VA__lenarczyk-2024-management-of-patients-with-an-electrical-storm-or-cluste_n0010/e_0017 type ConditionOrFindingEntity => VA__lenarczyk-2024-management-of-patients-with-an-electrical-storm-or-cluste_n0010/e_0017 type PatientCondition
Rule_742	?a type ConditionOrFindingEntity => ?a type PatientCondition	OHCA__zeppenfeld-2022-esc-guidelines-va-and-scd_n0017/e_0005 type ConditionOrFindingEntity => OHCA__zeppenfeld-2022-esc-guidelines-va-and-scd_n0017/e_0005 type PatientCondition
Rule_742	?a type ConditionOrFindingEntity => ?a type PatientCondition	atrial_fibrillation,_left_atrial_thrombosis,_or_prior_embolism__regitz-zagrosek-2018-2018-esc-guideline-for-the-management-of-cardiovasc_n0022/e_0019 type ConditionOrFindingEntity => atrial_fibrillation,_left_atrial_thrombosis,_or_prior_embolism__regitz-zagrosek-2018-2018-esc-guideline-for-the-management-of-cardiovasc_n0022/e_0019 type PatientCondition
Rule_742	?a type ConditionOrFindingEntity => ?a type PatientCondition	dilatation_of_the_ascending_aorta_%3E45_mm,_severe_aortic_stenosis,_pre-term_labour_while_on_oral_anticoagulants,_Eisenmenger%5C's_syndrome,_or_severe_heart_failure__regitz-zagrosek-2018-2018-esc-guideline-for-the-management-of-cardiovasc_n0016/e_0046 type ConditionOrFindingEntity => dilatation_of_the_ascending_aorta_%3E45_mm,_severe_aortic_stenosis,_pre-term_labour_while_on_oral_anticoagulants,_Eisenmenger%5C's_syndrome,_or_severe_heart_failure__regitz-zagrosek-2018-2018-esc-guideline-for-the-management-of-cardiovasc_n0016/e_0046 type PatientCondition
Rule_742	?a type ConditionOrFindingEntity => ?a type PatientCondition	PVC,_VT_(electrical_storm,_LQTS,_CPVT)__zeppenfeld-2022-esc-guidelines-va-and-scd_n0038/e_0109 type ConditionOrFindingEntity => PVC,_VT_(electrical_storm,_LQTS,_CPVT)__zeppenfeld-2022-esc-guidelines-va-and-scd_n0038/e_0109 type PatientCondition
Rule_742	?a type ConditionOrFindingEntity => ?a type PatientCondition	symptomatic_heart_failure_(NYHA_class_II%E2%80%93III)__zeppenfeld-2022-esc-guidelines-va-and-scd_n0060/e_0022 type ConditionOrFindingEntity => symptomatic_heart_failure_(NYHA_class_II%E2%80%93III)__zeppenfeld-2022-esc-guidelines-va-and-scd_n0060/e_0022 type PatientCondition
Rule_742	?a type ConditionOrFindingEntity => ?a type PatientCondition	PVC__zeppenfeld-2022-esc-guidelines-va-and-scd_n0056/e_0006 type ConditionOrFindingEntity => PVC__zeppenfeld-2022-esc-guidelines-va-and-scd_n0056/e_0006 type PatientCondition
Rule_742	?a type ConditionOrFindingEntity => ?a type PatientCondition	cardiac_involvement__al-khatib-2017-aha-acc-hrs-guideline-va-and-scd_n0050/e_0017 type ConditionOrFindingEntity => cardiac_involvement__al-khatib-2017-aha-acc-hrs-guideline-va-and-scd_n0050/e_0017 type PatientCondition
Rule_742	?a type ConditionOrFindingEntity => ?a type PatientCondition	Worsened_congestion__sectio-4_n0001/e_0012 type ConditionOrFindingEntity => Worsened_congestion__sectio-4_n0001/e_0012 type PatientCondition
Rule_742	?a type ConditionOrFindingEntity => ?a type PatientCondition	without_jailing_it_between_ring_and_annulus__glikson-2021-2021-esc-guidelines-on-cardiac-pacing-and-cardiac-resynchro_n0061/e_0033 type ConditionOrFindingEntity => without_jailing_it_between_ring_and_annulus__glikson-2021-2021-esc-guidelines-on-cardiac-pacing-and-cardiac-resynchro_n0061/e_0033 type PatientCondition
Rule_742	?a type ConditionOrFindingEntity => ?a type PatientCondition	SMVT__zeppenfeld-2022-esc-guidelines-va-and-scd_n0021/e_0069 type ConditionOrFindingEntity => SMVT__zeppenfeld-2022-esc-guidelines-va-and-scd_n0021/e_0069 type PatientCondition
Rule_742	?a type ConditionOrFindingEntity => ?a type PatientCondition	VT__zeppenfeld-2022-esc-guidelines-va-and-scd_n0085/e_0007 type ConditionOrFindingEntity => VT__zeppenfeld-2022-esc-guidelines-va-and-scd_n0085/e_0007 type PatientCondition
Rule_742	?a type ConditionOrFindingEntity => ?a type PatientCondition	Severe_bradycardia_and/or_high-degree_AV_block_in_the_absence_of_a_pacemaker__lenarczyk-2024-management-of-patients-with-an-electrical-storm-or-cluste_n0020/e_0185 type ConditionOrFindingEntity => Severe_bradycardia_and/or_high-degree_AV_block_in_the_absence_of_a_pacemaker__lenarczyk-2024-management-of-patients-with-an-electrical-storm-or-cluste_n0020/e_0185 type PatientCondition
Rule_742	?a type ConditionOrFindingEntity => ?a type PatientCondition	myocarditis__zeppenfeld-2022-esc-guidelines-va-and-scd_n0020/e_0007 type ConditionOrFindingEntity => myocarditis__zeppenfeld-2022-esc-guidelines-va-and-scd_n0020/e_0007 type PatientCondition
Rule_742	?a type ConditionOrFindingEntity => ?a type PatientCondition	weekly_anti-Xa_level_monitoring_and_dose-adjustment_is_not_available__regitz-zagrosek-2018-2018-esc-guideline-for-the-management-of-cardiovasc_n0023/e_0067 type ConditionOrFindingEntity => weekly_anti-Xa_level_monitoring_and_dose-adjustment_is_not_available__regitz-zagrosek-2018-2018-esc-guideline-for-the-management-of-cardiovasc_n0023/e_0067 type PatientCondition
Rule_742	?a type ConditionOrFindingEntity => ?a type PatientCondition	su_verified_e5f20076152902f9b102f37b1a83cdc79baea0d42000f6c76a83acfae0e39670_table_2/e_0002 type ConditionOrFindingEntity => su_verified_e5f20076152902f9b102f37b1a83cdc79baea0d42000f6c76a83acfae0e39670_table_2/e_0002 type PatientCondition
Rule_742	?a type ConditionOrFindingEntity => ?a type PatientCondition	age-matched_exercise_capacity_beyond_average__pelliccia-2020-2020-esc-guidelines-on-sports-cardiology-and-exercise-in_n0041/e_0019 type ConditionOrFindingEntity => age-matched_exercise_capacity_beyond_average__pelliccia-2020-2020-esc-guidelines-on-sports-cardiology-and-exercise-in_n0041/e_0019 type PatientCondition
Rule_742	?a type ConditionOrFindingEntity => ?a type PatientCondition	su_verified_6ed52cdf724db04223b4d1c2e62f3c35f6b42bc19bc5e3198277d681d47e1eb9_table_6/e_0012 type ConditionOrFindingEntity => su_verified_6ed52cdf724db04223b4d1c2e62f3c35f6b42bc19bc5e3198277d681d47e1eb9_table_6/e_0012 type PatientCondition
Rule_742	?a type ConditionOrFindingEntity => ?a type PatientCondition	cardiac_arrest__al-khatib-2017-aha-acc-hrs-guideline-va-and-scd_n0060/e_0007 type ConditionOrFindingEntity => cardiac_arrest__al-khatib-2017-aha-acc-hrs-guideline-va-and-scd_n0060/e_0007 type PatientCondition
Rule_742	?a type ConditionOrFindingEntity => ?a type PatientCondition	unable_to_tolerate_GDMT__heidenreich-2022-aha-acc-hfsa-guidelines_n0060/e_0004 type ConditionOrFindingEntity => unable_to_tolerate_GDMT__heidenreich-2022-aha-acc-hfsa-guidelines_n0060/e_0004 type PatientCondition
Rule_742	?a type ConditionOrFindingEntity => ?a type PatientCondition	probability_of_a_specific_diagnosis__mcdonagh-2023-esc-guidelines_n0032/e_0023 type ConditionOrFindingEntity => probability_of_a_specific_diagnosis__mcdonagh-2023-esc-guidelines_n0032/e_0023 type PatientCondition
Rule_742	?a type ConditionOrFindingEntity => ?a type PatientCondition	LQT2__lenarczyk-2024-management-of-patients-with-an-electrical-storm-or-cluste_n0020/e_0079 type ConditionOrFindingEntity => LQT2__lenarczyk-2024-management-of-patients-with-an-electrical-storm-or-cluste_n0020/e_0079 type PatientCondition
Rule_742	?a type ConditionOrFindingEntity => ?a type PatientCondition	muscular_dystrophy__al-khatib-2017-aha-acc-hrs-guideline-va-and-scd_n0050/e_0015 type ConditionOrFindingEntity => muscular_dystrophy__al-khatib-2017-aha-acc-hrs-guideline-va-and-scd_n0050/e_0015 type PatientCondition
Rule_742	?a type ConditionOrFindingEntity => ?a type PatientCondition	LQTS_diagnostic_score_%3E3__zeppenfeld-2022-esc-guidelines-va-and-scd_n0095/e_0054 type ConditionOrFindingEntity => LQTS_diagnostic_score_%3E3__zeppenfeld-2022-esc-guidelines-va-and-scd_n0095/e_0054 type PatientCondition
Rule_742	?a type ConditionOrFindingEntity => ?a type PatientCondition	concomitant_abnormalities__mcdonagh-2023-esc-guidelines_n0083/e_0019 type ConditionOrFindingEntity => concomitant_abnormalities__mcdonagh-2023-esc-guidelines_n0083/e_0019 type PatientCondition
Rule_742	?a type ConditionOrFindingEntity => ?a type PatientCondition	Thyroid_disorder_(hypo_or_hyper)__maddox-2021-2021-update-to-the-2017-acc-expert-consensus-decision-pathwa_n0017/e_0041 type ConditionOrFindingEntity => Thyroid_disorder_(hypo_or_hyper)__maddox-2021-2021-update-to-the-2017-acc-expert-consensus-decision-pathwa_n0017/e_0041 type PatientCondition
Rule_742	?a type ConditionOrFindingEntity => ?a type PatientCondition	VT__zeppenfeld-2022-esc-guidelines-va-and-scd_n0094/e_0090 type ConditionOrFindingEntity => VT__zeppenfeld-2022-esc-guidelines-va-and-scd_n0094/e_0090 type PatientCondition
Rule_742	?a type ConditionOrFindingEntity => ?a type PatientCondition	Isolated_RV_failure__heidenreich-2022-aha-acc-hfsa-guidelines_n0075/e_0008 type ConditionOrFindingEntity => Isolated_RV_failure__heidenreich-2022-aha-acc-hfsa-guidelines_n0075/e_0008 type PatientCondition
Rule_742	?a type ConditionOrFindingEntity => ?a type PatientCondition	noncardiac__al-khatib-2017-aha-acc-hrs-guideline-va-and-scd_n0033/e_0016 type ConditionOrFindingEntity => noncardiac__al-khatib-2017-aha-acc-hrs-guideline-va-and-scd_n0033/e_0016 type PatientCondition
Rule_742	?a type ConditionOrFindingEntity => ?a type PatientCondition	AF__heidenreich-2022-aha-acc-hfsa-guidelines_n0071/e_0013 type ConditionOrFindingEntity => AF__heidenreich-2022-aha-acc-hfsa-guidelines_n0071/e_0013 type PatientCondition
Rule_742	?a type ConditionOrFindingEntity => ?a type PatientCondition	DCM/HNDCM__zeppenfeld-2022-esc-guidelines-va-and-scd_n0094/e_0022 type ConditionOrFindingEntity => DCM/HNDCM__zeppenfeld-2022-esc-guidelines-va-and-scd_n0094/e_0022 type PatientCondition
Rule_742	?a type ConditionOrFindingEntity => ?a type PatientCondition	undernutrition__ambrosetti-2020-secondary-prevention-comprehensive-cardiovascular-rehabi_n0015/e_0040 type ConditionOrFindingEntity => undernutrition__ambrosetti-2020-secondary-prevention-comprehensive-cardiovascular-rehabi_n0015/e_0040 type PatientCondition
Rule_742	?a type ConditionOrFindingEntity => ?a type PatientCondition	clinical_status_change__heidenreich-2022-aha-acc-hfsa-guidelines_n0021/e_0036 type ConditionOrFindingEntity => clinical_status_change__heidenreich-2022-aha-acc-hfsa-guidelines_n0021/e_0036 type PatientCondition
Rule_742	?a type ConditionOrFindingEntity => ?a type PatientCondition	su_verified_6ed52cdf724db04223b4d1c2e62f3c35f6b42bc19bc5e3198277d681d47e1eb9_table_6/e_0021 type ConditionOrFindingEntity => su_verified_6ed52cdf724db04223b4d1c2e62f3c35f6b42bc19bc5e3198277d681d47e1eb9_table_6/e_0021 type PatientCondition
Rule_742	?a type ConditionOrFindingEntity => ?a type PatientCondition	ARVC__zeppenfeld-2022-esc-guidelines-va-and-scd_n0018/e_0124 type ConditionOrFindingEntity => ARVC__zeppenfeld-2022-esc-guidelines-va-and-scd_n0018/e_0124 type PatientCondition
Rule_742	?a type ConditionOrFindingEntity => ?a type PatientCondition	significant_health_status_deterioration__zeppenfeld-2022-esc-guidelines-va-and-scd_n0051/e_0007 type ConditionOrFindingEntity => significant_health_status_deterioration__zeppenfeld-2022-esc-guidelines-va-and-scd_n0051/e_0007 type PatientCondition
Rule_742	?a type ConditionOrFindingEntity => ?a type PatientCondition	CPVT__lenarczyk-2024-management-of-patients-with-an-electrical-storm-or-cluste_n0018/e_0022 type ConditionOrFindingEntity => CPVT__lenarczyk-2024-management-of-patients-with-an-electrical-storm-or-cluste_n0018/e_0022 type PatientCondition
Rule_742	?a type ConditionOrFindingEntity => ?a type PatientCondition	specific_signs_and_symptoms_(eg,_increasing_fatigue_or_shortness_of_breath_with_usual_activities,_dyspnea_at_rest,_nocturnal_dyspnea_or_orthopnea,_edema)__seb24c-1_n0001/e_0002 type ConditionOrFindingEntity => specific_signs_and_symptoms_(eg,_increasing_fatigue_or_shortness_of_breath_with_usual_activities,_dyspnea_at_rest,_nocturnal_dyspnea_or_orthopnea,_edema)__seb24c-1_n0001/e_0002 type PatientCondition
Rule_742	?a type ConditionOrFindingEntity => ?a type PatientCondition	SR_with_LBBB_130%E2%80%93149_ms_or_non_LBBB_%E2%89%A5150_ms__mcdonagh-2023-esc-guidelines_n0039/e_0004 type ConditionOrFindingEntity => SR_with_LBBB_130%E2%80%93149_ms_or_non_LBBB_%E2%89%A5150_ms__mcdonagh-2023-esc-guidelines_n0039/e_0004 type PatientCondition
Rule_742	?a type ConditionOrFindingEntity => ?a type PatientCondition	if_desired__pelliccia-2020-2020-esc-guidelines-on-sports-cardiology-and-exercise-in_n0057/e_0016 type ConditionOrFindingEntity => if_desired__pelliccia-2020-2020-esc-guidelines-on-sports-cardiology-and-exercise-in_n0057/e_0016 type PatientCondition
Rule_742	?a type ConditionOrFindingEntity => ?a type PatientCondition	Hypertension__mebaza-2015-recommendations-on-pre-hospital-early-hospital-management-of_n0004/e_0147 type ConditionOrFindingEntity => Hypertension__mebaza-2015-recommendations-on-pre-hospital-early-hospital-management-of_n0004/e_0147 type PatientCondition
Rule_742	?a type ConditionOrFindingEntity => ?a type PatientCondition	chronic_HF__riegel-2009-promoting-self-care-in-persons-with-heart-failure_n0004/e_0038 type ConditionOrFindingEntity => chronic_HF__riegel-2009-promoting-self-care-in-persons-with-heart-failure_n0004/e_0038 type PatientCondition
Rule_742	?a type ConditionOrFindingEntity => ?a type PatientCondition	CAD__zeppenfeld-2022-esc-guidelines-va-and-scd_n0018/e_0002 type ConditionOrFindingEntity => CAD__zeppenfeld-2022-esc-guidelines-va-and-scd_n0018/e_0002 type PatientCondition
Rule_742	?a type ConditionOrFindingEntity => ?a type PatientCondition	BrS_ECG_type_I__zeppenfeld-2022-esc-guidelines-va-and-scd_n0038/e_0056 type ConditionOrFindingEntity => BrS_ECG_type_I__zeppenfeld-2022-esc-guidelines-va-and-scd_n0038/e_0056 type PatientCondition
Rule_742	?a type ConditionOrFindingEntity => ?a type PatientCondition	carotid_stenosis__glikson-2021-2021-esc-guidelines-on-cardiac-pacing-and-cardiac-resynchro_n0084/e_0005 type ConditionOrFindingEntity => carotid_stenosis__glikson-2021-2021-esc-guidelines-on-cardiac-pacing-and-cardiac-resynchro_n0084/e_0005 type PatientCondition
