rule_index	rule	grounding
Rule_75	?a chosen_Answer_Code ?d ?d type User => ?a ResponseOnPlatform 1	71_M004_01 chosen_Answer_Code 10 | 10 type User => 71_M004_01 ResponseOnPlatform 1
Rule_75	?a chosen_Answer_Code ?d ?d type User => ?a ResponseOnPlatform 1	407_UM17 chosen_Answer_Code 5 | 5 type User => 407_UM17 ResponseOnPlatform 1
Rule_75	?a chosen_Answer_Code ?d ?d type User => ?a ResponseOnPlatform 1	330_SU01_03 chosen_Answer_Code 5 | 5 type User => 330_SU01_03 ResponseOnPlatform 1
Rule_75	?a chosen_Answer_Code ?d ?d type User => ?a ResponseOnPlatform 1	119_M006_01 chosen_Answer_Code 8 | 8 type User => 119_M006_01 ResponseOnPlatform 1
Rule_75	?a chosen_Answer_Code ?d ?d type User => ?a ResponseOnPlatform 1	409_UM13 chosen_Answer_Code 5 | 5 type User => 409_UM13 ResponseOnPlatform 1
Rule_75	?a chosen_Answer_Code ?d ?d type User => ?a ResponseOnPlatform 1	191_M003_01 chosen_Answer_Code 8 | 8 type User => 191_M003_01 ResponseOnPlatform 1
Rule_75	?a chosen_Answer_Code ?d ?d type User => ?a ResponseOnPlatform 1	307_M003_01 chosen_Answer_Code 10 | 10 type User => 307_M003_01 ResponseOnPlatform 1
Rule_75	?a chosen_Answer_Code ?d ?d type User => ?a ResponseOnPlatform 1	192_M006_01 chosen_Answer_Code 6 | 6 type User => 192_M006_01 ResponseOnPlatform 1
Rule_75	?a chosen_Answer_Code ?d ?d type User => ?a ResponseOnPlatform 1	184_M006_01 chosen_Answer_Code 10 | 10 type User => 184_M006_01 ResponseOnPlatform 1
Rule_75	?a chosen_Answer_Code ?d ?d type User => ?a ResponseOnPlatform 1	46_M003_01 chosen_Answer_Code 10 | 10 type User => 46_M003_01 ResponseOnPlatform 1
Rule_75	?a chosen_Answer_Code ?d ?d type User => ?a ResponseOnPlatform 1	12_M002_01 chosen_Answer_Code 6 | 6 type User => 12_M002_01 ResponseOnPlatform 1
Rule_75	?a chosen_Answer_Code ?d ?d type User => ?a ResponseOnPlatform 1	326_SU01_08 chosen_Answer_Code 5 | 5 type User => 326_SU01_08 ResponseOnPlatform 1
Rule_75	?a chosen_Answer_Code ?d ?d type User => ?a ResponseOnPlatform 1	491_UM02 chosen_Answer_Code 2 | 2 type User => 491_UM02 ResponseOnPlatform 1
Rule_75	?a chosen_Answer_Code ?d ?d type User => ?a ResponseOnPlatform 1	150_M010_01 chosen_Answer_Code 2 | 2 type User => 150_M010_01 ResponseOnPlatform 1
Rule_75	?a chosen_Answer_Code ?d ?d type User => ?a ResponseOnPlatform 1	395_SU01_04 chosen_Answer_Code 5 | 5 type User => 395_SU01_04 ResponseOnPlatform 1
Rule_75	?a chosen_Answer_Code ?d ?d type User => ?a ResponseOnPlatform 1	481_UM10 chosen_Answer_Code 5 | 5 type User => 481_UM10 ResponseOnPlatform 1
Rule_75	?a chosen_Answer_Code ?d ?d type User => ?a ResponseOnPlatform 1	484_UM18 chosen_Answer_Code 2 | 2 type User => 484_UM18 ResponseOnPlatform 1
Rule_75	?a chosen_Answer_Code ?d ?d type User => ?a ResponseOnPlatform 1	490_UM14 chosen_Answer_Code 5 | 5 type User => 490_UM14 ResponseOnPlatform 1
Rule_75	?a chosen_Answer_Code ?d ?d type User => ?a ResponseOnPlatform 1	99_M010_01 chosen_Answer_Code 9 | 9 type User => 99_M010_01 ResponseOnPlatform 1
Rule_75	?a chosen_Answer_Code ?d ?d type User => ?a ResponseOnPlatform 1	341_SU01_03 chosen_Answer_Code 4 | 4 type User => 341_SU01_03 ResponseOnPlatform 1
Rule_75	?a chosen_Answer_Code ?d ?d type User => ?a ResponseOnPlatform 1	422_UM17 chosen_Answer_Code 4 | 4 type User => 422_UM17 ResponseOnPlatform 1
Rule_75	?a chosen_Answer_Code ?d ?d type User => ?a ResponseOnPlatform 1	487_UM21 chosen_Answer_Code 5 | 5 type User => 487_UM21 ResponseOnPlatform 1
Rule_75	?a chosen_Answer_Code ?d ?d type User => ?a ResponseOnPlatform 1	276_M006_01 chosen_Answer_Code 10 | 10 type User => 276_M006_01 ResponseOnPlatform 1
Rule_75	?a chosen_Answer_Code ?d ?d type User => ?a ResponseOnPlatform 1	149_M003_01 chosen_Answer_Code 8 | 8 type User => 149_M003_01 ResponseOnPlatform 1
Rule_75	?a chosen_Answer_Code ?d ?d type User => ?a ResponseOnPlatform 1	432_UM03 chosen_Answer_Code 4 | 4 type User => 432_UM03 ResponseOnPlatform 1
Rule_75	?a chosen_Answer_Code ?d ?d type User => ?a ResponseOnPlatform 1	386_SU01_04 chosen_Answer_Code 3 | 3 type User => 386_SU01_04 ResponseOnPlatform 1
Rule_75	?a chosen_Answer_Code ?d ?d type User => ?a ResponseOnPlatform 1	136_M010_01 chosen_Answer_Code 8 | 8 type User => 136_M010_01 ResponseOnPlatform 1
Rule_75	?a chosen_Answer_Code ?d ?d type User => ?a ResponseOnPlatform 1	426_UM12 chosen_Answer_Code 3 | 3 type User => 426_UM12 ResponseOnPlatform 1
Rule_75	?a chosen_Answer_Code ?d ?d type User => ?a ResponseOnPlatform 1	444_UM18 chosen_Answer_Code 5 | 5 type User => 444_UM18 ResponseOnPlatform 1
Rule_75	?a chosen_Answer_Code ?d ?d type User => ?a ResponseOnPlatform 1	432_UM08 chosen_Answer_Code 4 | 4 type User => 432_UM08 ResponseOnPlatform 1
Rule_75	?a chosen_Answer_Code ?d ?d type User => ?a ResponseOnPlatform 1	349_SU01_09 chosen_Answer_Code 4 | 4 type User => 349_SU01_09 ResponseOnPlatform 1
Rule_75	?a chosen_Answer_Code ?d ?d type User => ?a ResponseOnPlatform 1	274_M006_01 chosen_Answer_Code 8 | 8 type User => 274_M006_01 ResponseOnPlatform 1
Rule_75	?a chosen_Answer_Code ?d ?d type User => ?a ResponseOnPlatform 1	303_M010_01 chosen_Answer_Code 7 | 7 type User => 303_M010_01 ResponseOnPlatform 1
Rule_75	?a chosen_Answer_Code ?d ?d type User => ?a ResponseOnPlatform 1	152_M010_01 chosen_Answer_Code 8 | 8 type User => 152_M010_01 ResponseOnPlatform 1
Rule_75	?a chosen_Answer_Code ?d ?d type User => ?a ResponseOnPlatform 1	345_SU01_09 chosen_Answer_Code 5 | 5 type User => 345_SU01_09 ResponseOnPlatform 1
Rule_75	?a chosen_Answer_Code ?d ?d type User => ?a ResponseOnPlatform 1	260_M003_01 chosen_Answer_Code 9 | 9 type User => 260_M003_01 ResponseOnPlatform 1
Rule_75	?a chosen_Answer_Code ?d ?d type User => ?a ResponseOnPlatform 1	413_UM23 chosen_Answer_Code 4 | 4 type User => 413_UM23 ResponseOnPlatform 1
Rule_75	?a chosen_Answer_Code ?d ?d type User => ?a ResponseOnPlatform 1	346_SU01_04 chosen_Answer_Code 3 | 3 type User => 346_SU01_04 ResponseOnPlatform 1
Rule_75	?a chosen_Answer_Code ?d ?d type User => ?a ResponseOnPlatform 1	167_M004_01 chosen_Answer_Code 8 | 8 type User => 167_M004_01 ResponseOnPlatform 1
Rule_75	?a chosen_Answer_Code ?d ?d type User => ?a ResponseOnPlatform 1	329_SU01_06 chosen_Answer_Code 4 | 4 type User => 329_SU01_06 ResponseOnPlatform 1
Rule_75	?a chosen_Answer_Code ?d ?d type User => ?a ResponseOnPlatform 1	363_SU01_05 chosen_Answer_Code 4 | 4 type User => 363_SU01_05 ResponseOnPlatform 1
Rule_75	?a chosen_Answer_Code ?d ?d type User => ?a ResponseOnPlatform 1	390_SU01_03 chosen_Answer_Code 3 | 3 type User => 390_SU01_03 ResponseOnPlatform 1
Rule_75	?a chosen_Answer_Code ?d ?d type User => ?a ResponseOnPlatform 1	440_UM22 chosen_Answer_Code 4 | 4 type User => 440_UM22 ResponseOnPlatform 1
Rule_75	?a chosen_Answer_Code ?d ?d type User => ?a ResponseOnPlatform 1	243_M003_01 chosen_Answer_Code 9 | 9 type User => 243_M003_01 ResponseOnPlatform 1
Rule_75	?a chosen_Answer_Code ?d ?d type User => ?a ResponseOnPlatform 1	339_SU01_04 chosen_Answer_Code 5 | 5 type User => 339_SU01_04 ResponseOnPlatform 1
Rule_75	?a chosen_Answer_Code ?d ?d type User => ?a ResponseOnPlatform 1	179_M005 chosen_Answer_Code 3 | 3 type User => 179_M005 ResponseOnPlatform 1
Rule_75	?a chosen_Answer_Code ?d ?d type User => ?a ResponseOnPlatform 1	59_M003_01 chosen_Answer_Code 10 | 10 type User => 59_M003_01 ResponseOnPlatform 1
Rule_75	?a chosen_Answer_Code ?d ?d type User => ?a ResponseOnPlatform 1	310_SU01_07 chosen_Answer_Code 5 | 5 type User => 310_SU01_07 ResponseOnPlatform 1
Rule_75	?a chosen_Answer_Code ?d ?d type User => ?a ResponseOnPlatform 1	467_UM08 chosen_Answer_Code 4 | 4 type User => 467_UM08 ResponseOnPlatform 1
Rule_75	?a chosen_Answer_Code ?d ?d type User => ?a ResponseOnPlatform 1	229_M002_01 chosen_Answer_Code 10 | 10 type User => 229_M002_01 ResponseOnPlatform 1
Rule_75	?a chosen_Answer_Code ?d ?d type User => ?a ResponseOnPlatform 1	35_M005 chosen_Answer_Code 1 | 1 type User => 35_M005 ResponseOnPlatform 1
Rule_75	?a chosen_Answer_Code ?d ?d type User => ?a ResponseOnPlatform 1	259_M006_01 chosen_Answer_Code 9 | 9 type User => 259_M006_01 ResponseOnPlatform 1
Rule_75	?a chosen_Answer_Code ?d ?d type User => ?a ResponseOnPlatform 1	379_SU01_07 chosen_Answer_Code 4 | 4 type User => 379_SU01_07 ResponseOnPlatform 1
Rule_75	?a chosen_Answer_Code ?d ?d type User => ?a ResponseOnPlatform 1	464_UM16 chosen_Answer_Code 5 | 5 type User => 464_UM16 ResponseOnPlatform 1
Rule_75	?a chosen_Answer_Code ?d ?d type User => ?a ResponseOnPlatform 1	362_SU01_01 chosen_Answer_Code 5 | 5 type User => 362_SU01_01 ResponseOnPlatform 1
Rule_75	?a chosen_Answer_Code ?d ?d type User => ?a ResponseOnPlatform 1	126_M002_01 chosen_Answer_Code 10 | 10 type User => 126_M002_01 ResponseOnPlatform 1
Rule_75	?a chosen_Answer_Code ?d ?d type User => ?a ResponseOnPlatform 1	326_SU01_03 chosen_Answer_Code 5 | 5 type User => 326_SU01_03 ResponseOnPlatform 1
Rule_75	?a chosen_Answer_Code ?d ?d type User => ?a ResponseOnPlatform 1	451_UM04 chosen_Answer_Code 3 | 3 type User => 451_UM04 ResponseOnPlatform 1
Rule_75	?a chosen_Answer_Code ?d ?d type User => ?a ResponseOnPlatform 1	379_SU01_02 chosen_Answer_Code 5 | 5 type User => 379_SU01_02 ResponseOnPlatform 1
Rule_75	?a chosen_Answer_Code ?d ?d type User => ?a ResponseOnPlatform 1	190_M003_01 chosen_Answer_Code 7 | 7 type User => 190_M003_01 ResponseOnPlatform 1
Rule_75	?a chosen_Answer_Code ?d ?d type User => ?a ResponseOnPlatform 1	18_M002_01 chosen_Answer_Code 7 | 7 type User => 18_M002_01 ResponseOnPlatform 1
Rule_75	?a chosen_Answer_Code ?d ?d type User => ?a ResponseOnPlatform 1	25_M005 chosen_Answer_Code 2 | 2 type User => 25_M005 ResponseOnPlatform 1
Rule_75	?a chosen_Answer_Code ?d ?d type User => ?a ResponseOnPlatform 1	463_UM06 chosen_Answer_Code 5 | 5 type User => 463_UM06 ResponseOnPlatform 1
Rule_75	?a chosen_Answer_Code ?d ?d type User => ?a ResponseOnPlatform 1	115_M002_01 chosen_Answer_Code 7 | 7 type User => 115_M002_01 ResponseOnPlatform 1
Rule_75	?a chosen_Answer_Code ?d ?d type User => ?a ResponseOnPlatform 1	286_M005 chosen_Answer_Code 1 | 1 type User => 286_M005 ResponseOnPlatform 1
Rule_75	?a chosen_Answer_Code ?d ?d type User => ?a ResponseOnPlatform 1	102_M010_01 chosen_Answer_Code 8 | 8 type User => 102_M010_01 ResponseOnPlatform 1
Rule_75	?a chosen_Answer_Code ?d ?d type User => ?a ResponseOnPlatform 1	103_M003_01 chosen_Answer_Code 9 | 9 type User => 103_M003_01 ResponseOnPlatform 1
Rule_75	?a chosen_Answer_Code ?d ?d type User => ?a ResponseOnPlatform 1	249_M004_01 chosen_Answer_Code 5 | 5 type User => 249_M004_01 ResponseOnPlatform 1
Rule_75	?a chosen_Answer_Code ?d ?d type User => ?a ResponseOnPlatform 1	421_UM19 chosen_Answer_Code 4 | 4 type User => 421_UM19 ResponseOnPlatform 1
Rule_75	?a chosen_Answer_Code ?d ?d type User => ?a ResponseOnPlatform 1	449_UM25 chosen_Answer_Code 4 | 4 type User => 449_UM25 ResponseOnPlatform 1
Rule_75	?a chosen_Answer_Code ?d ?d type User => ?a ResponseOnPlatform 1	452_UM04 chosen_Answer_Code 5 | 5 type User => 452_UM04 ResponseOnPlatform 1
Rule_75	?a chosen_Answer_Code ?d ?d type User => ?a ResponseOnPlatform 1	257_M005 chosen_Answer_Code 2 | 2 type User => 257_M005 ResponseOnPlatform 1
Rule_75	?a chosen_Answer_Code ?d ?d type User => ?a ResponseOnPlatform 1	398_SU01_05 chosen_Answer_Code 4 | 4 type User => 398_SU01_05 ResponseOnPlatform 1
Rule_75	?a chosen_Answer_Code ?d ?d type User => ?a ResponseOnPlatform 1	4_M010_01 chosen_Answer_Code 9 | 9 type User => 4_M010_01 ResponseOnPlatform 1
Rule_75	?a chosen_Answer_Code ?d ?d type User => ?a ResponseOnPlatform 1	178_M006_01 chosen_Answer_Code 9 | 9 type User => 178_M006_01 ResponseOnPlatform 1
Rule_75	?a chosen_Answer_Code ?d ?d type User => ?a ResponseOnPlatform 1	423_UM18 chosen_Answer_Code 2 | 2 type User => 423_UM18 ResponseOnPlatform 1
Rule_75	?a chosen_Answer_Code ?d ?d type User => ?a ResponseOnPlatform 1	328_SU01_07 chosen_Answer_Code 4 | 4 type User => 328_SU01_07 ResponseOnPlatform 1
Rule_75	?a chosen_Answer_Code ?d ?d type User => ?a ResponseOnPlatform 1	363_SU01_03 chosen_Answer_Code 4 | 4 type User => 363_SU01_03 ResponseOnPlatform 1
Rule_75	?a chosen_Answer_Code ?d ?d type User => ?a ResponseOnPlatform 1	191_M002_01 chosen_Answer_Code 8 | 8 type User => 191_M002_01 ResponseOnPlatform 1
Rule_75	?a chosen_Answer_Code ?d ?d type User => ?a ResponseOnPlatform 1	266_M002_01 chosen_Answer_Code 8 | 8 type User => 266_M002_01 ResponseOnPlatform 1
Rule_75	?a chosen_Answer_Code ?d ?d type User => ?a ResponseOnPlatform 1	135_M002_01 chosen_Answer_Code 10 | 10 type User => 135_M002_01 ResponseOnPlatform 1
Rule_75	?a chosen_Answer_Code ?d ?d type User => ?a ResponseOnPlatform 1	484_UM10 chosen_Answer_Code 4 | 4 type User => 484_UM10 ResponseOnPlatform 1
Rule_75	?a chosen_Answer_Code ?d ?d type User => ?a ResponseOnPlatform 1	443_UM16 chosen_Answer_Code 5 | 5 type User => 443_UM16 ResponseOnPlatform 1
Rule_75	?a chosen_Answer_Code ?d ?d type User => ?a ResponseOnPlatform 1	310_SU01_01 chosen_Answer_Code 5 | 5 type User => 310_SU01_01 ResponseOnPlatform 1
Rule_75	?a chosen_Answer_Code ?d ?d type User => ?a ResponseOnPlatform 1	277_M006_01 chosen_Answer_Code 8 | 8 type User => 277_M006_01 ResponseOnPlatform 1
Rule_75	?a chosen_Answer_Code ?d ?d type User => ?a ResponseOnPlatform 1	310_SU01_04 chosen_Answer_Code 3 | 3 type User => 310_SU01_04 ResponseOnPlatform 1
Rule_75	?a chosen_Answer_Code ?d ?d type User => ?a ResponseOnPlatform 1	64_M010_01 chosen_Answer_Code 8 | 8 type User => 64_M010_01 ResponseOnPlatform 1
Rule_75	?a chosen_Answer_Code ?d ?d type User => ?a ResponseOnPlatform 1	487_UM16 chosen_Answer_Code 5 | 5 type User => 487_UM16 ResponseOnPlatform 1
Rule_75	?a chosen_Answer_Code ?d ?d type User => ?a ResponseOnPlatform 1	269_M010_01 chosen_Answer_Code 9 | 9 type User => 269_M010_01 ResponseOnPlatform 1
Rule_75	?a chosen_Answer_Code ?d ?d type User => ?a ResponseOnPlatform 1	475_UM23 chosen_Answer_Code 5 | 5 type User => 475_UM23 ResponseOnPlatform 1
Rule_75	?a chosen_Answer_Code ?d ?d type User => ?a ResponseOnPlatform 1	289_M004_01 chosen_Answer_Code 10 | 10 type User => 289_M004_01 ResponseOnPlatform 1
Rule_75	?a chosen_Answer_Code ?d ?d type User => ?a ResponseOnPlatform 1	321_SU01_09 chosen_Answer_Code 5 | 5 type User => 321_SU01_09 ResponseOnPlatform 1
Rule_75	?a chosen_Answer_Code ?d ?d type User => ?a ResponseOnPlatform 1	82_M010_01 chosen_Answer_Code 7 | 7 type User => 82_M010_01 ResponseOnPlatform 1
Rule_75	?a chosen_Answer_Code ?d ?d type User => ?a ResponseOnPlatform 1	268_M002_01 chosen_Answer_Code 6 | 6 type User => 268_M002_01 ResponseOnPlatform 1
Rule_75	?a chosen_Answer_Code ?d ?d type User => ?a ResponseOnPlatform 1	430_UM01 chosen_Answer_Code 3 | 3 type User => 430_UM01 ResponseOnPlatform 1
Rule_75	?a chosen_Answer_Code ?d ?d type User => ?a ResponseOnPlatform 1	317_SU01_10 chosen_Answer_Code 4 | 4 type User => 317_SU01_10 ResponseOnPlatform 1
Rule_75	?a chosen_Answer_Code ?d ?d type User => ?a ResponseOnPlatform 1	77_M006_01 chosen_Answer_Code 10 | 10 type User => 77_M006_01 ResponseOnPlatform 1
Rule_75	?a chosen_Answer_Code ?d ?d type User => ?a ResponseOnPlatform 1	307_M006_01 chosen_Answer_Code 10 | 10 type User => 307_M006_01 ResponseOnPlatform 1
Rule_75	?a chosen_Answer_Code ?d ?d type User => ?a ResponseOnPlatform 1	411_UM06 chosen_Answer_Code 3 | 3 type User => 411_UM06 ResponseOnPlatform 1
Rule_75	?a chosen_Answer_Code ?d ?d type User => ?a ResponseOnPlatform 1	73_M003_01 chosen_Answer_Code 10 | 10 type User => 73_M003_01 ResponseOnPlatform 1
Rule_75	?a chosen_Answer_Code ?d ?d type User => ?a ResponseOnPlatform 1	425_UM06 chosen_Answer_Code 5 | 5 type User => 425_UM06 ResponseOnPlatform 1
Rule_75	?a chosen_Answer_Code ?d ?d type User => ?a ResponseOnPlatform 1	412_UM17 chosen_Answer_Code 4 | 4 type User => 412_UM17 ResponseOnPlatform 1
Rule_75	?a chosen_Answer_Code ?d ?d type User => ?a ResponseOnPlatform 1	370_SU01_08 chosen_Answer_Code 5 | 5 type User => 370_SU01_08 ResponseOnPlatform 1
Rule_75	?a chosen_Answer_Code ?d ?d type User => ?a ResponseOnPlatform 1	347_SU01_05 chosen_Answer_Code 4 | 4 type User => 347_SU01_05 ResponseOnPlatform 1
Rule_75	?a chosen_Answer_Code ?d ?d type User => ?a ResponseOnPlatform 1	384_SU01_06 chosen_Answer_Code 3 | 3 type User => 384_SU01_06 ResponseOnPlatform 1
Rule_75	?a chosen_Answer_Code ?d ?d type User => ?a ResponseOnPlatform 1	487_UM07 chosen_Answer_Code 5 | 5 type User => 487_UM07 ResponseOnPlatform 1
Rule_75	?a chosen_Answer_Code ?d ?d type User => ?a ResponseOnPlatform 1	126_M006_01 chosen_Answer_Code 10 | 10 type User => 126_M006_01 ResponseOnPlatform 1
Rule_75	?a chosen_Answer_Code ?d ?d type User => ?a ResponseOnPlatform 1	342_SU01_03 chosen_Answer_Code 5 | 5 type User => 342_SU01_03 ResponseOnPlatform 1
Rule_75	?a chosen_Answer_Code ?d ?d type User => ?a ResponseOnPlatform 1	482_UM14 chosen_Answer_Code 4 | 4 type User => 482_UM14 ResponseOnPlatform 1
Rule_75	?a chosen_Answer_Code ?d ?d type User => ?a ResponseOnPlatform 1	428_UM03 chosen_Answer_Code 3 | 3 type User => 428_UM03 ResponseOnPlatform 1
Rule_75	?a chosen_Answer_Code ?d ?d type User => ?a ResponseOnPlatform 1	469_UM04 chosen_Answer_Code 4 | 4 type User => 469_UM04 ResponseOnPlatform 1
Rule_75	?a chosen_Answer_Code ?d ?d type User => ?a ResponseOnPlatform 1	74_M006_01 chosen_Answer_Code 9 | 9 type User => 74_M006_01 ResponseOnPlatform 1
Rule_75	?a chosen_Answer_Code ?d ?d type User => ?a ResponseOnPlatform 1	123_M002_01 chosen_Answer_Code 10 | 10 type User => 123_M002_01 ResponseOnPlatform 1
Rule_75	?a chosen_Answer_Code ?d ?d type User => ?a ResponseOnPlatform 1	162_M005 chosen_Answer_Code 1 | 1 type User => 162_M005 ResponseOnPlatform 1
Rule_75	?a chosen_Answer_Code ?d ?d type User => ?a ResponseOnPlatform 1	446_UM19 chosen_Answer_Code 3 | 3 type User => 446_UM19 ResponseOnPlatform 1
Rule_75	?a chosen_Answer_Code ?d ?d type User => ?a ResponseOnPlatform 1	418_UM04 chosen_Answer_Code 5 | 5 type User => 418_UM04 ResponseOnPlatform 1
Rule_75	?a chosen_Answer_Code ?d ?d type User => ?a ResponseOnPlatform 1	334_SU01_04 chosen_Answer_Code 5 | 5 type User => 334_SU01_04 ResponseOnPlatform 1
Rule_75	?a chosen_Answer_Code ?d ?d type User => ?a ResponseOnPlatform 1	474_UM21 chosen_Answer_Code 4 | 4 type User => 474_UM21 ResponseOnPlatform 1
Rule_75	?a chosen_Answer_Code ?d ?d type User => ?a ResponseOnPlatform 1	452_UM15 chosen_Answer_Code 4 | 4 type User => 452_UM15 ResponseOnPlatform 1
Rule_75	?a chosen_Answer_Code ?d ?d type User => ?a ResponseOnPlatform 1	239_M010_01 chosen_Answer_Code 8 | 8 type User => 239_M010_01 ResponseOnPlatform 1
Rule_75	?a chosen_Answer_Code ?d ?d type User => ?a ResponseOnPlatform 1	337_SU01_04 chosen_Answer_Code 5 | 5 type User => 337_SU01_04 ResponseOnPlatform 1
Rule_75	?a chosen_Answer_Code ?d ?d type User => ?a ResponseOnPlatform 1	455_UM03 chosen_Answer_Code 4 | 4 type User => 455_UM03 ResponseOnPlatform 1
Rule_75	?a chosen_Answer_Code ?d ?d type User => ?a ResponseOnPlatform 1	150_M002_01 chosen_Answer_Code 10 | 10 type User => 150_M002_01 ResponseOnPlatform 1
Rule_75	?a chosen_Answer_Code ?d ?d type User => ?a ResponseOnPlatform 1	483_UM25 chosen_Answer_Code 1 | 1 type User => 483_UM25 ResponseOnPlatform 1
Rule_75	?a chosen_Answer_Code ?d ?d type User => ?a ResponseOnPlatform 1	487_UM03 chosen_Answer_Code 5 | 5 type User => 487_UM03 ResponseOnPlatform 1
Rule_75	?a chosen_Answer_Code ?d ?d type User => ?a ResponseOnPlatform 1	390_SU01_05 chosen_Answer_Code 4 | 4 type User => 390_SU01_05 ResponseOnPlatform 1
Rule_75	?a chosen_Answer_Code ?d ?d type User => ?a ResponseOnPlatform 1	194_M010_01 chosen_Answer_Code 9 | 9 type User => 194_M010_01 ResponseOnPlatform 1
Rule_75	?a chosen_Answer_Code ?d ?d type User => ?a ResponseOnPlatform 1	452_UM19 chosen_Answer_Code 4 | 4 type User => 452_UM19 ResponseOnPlatform 1
Rule_75	?a chosen_Answer_Code ?d ?d type User => ?a ResponseOnPlatform 1	491_UM23 chosen_Answer_Code 3 | 3 type User => 491_UM23 ResponseOnPlatform 1
Rule_75	?a chosen_Answer_Code ?d ?d type User => ?a ResponseOnPlatform 1	366_SU01_06 chosen_Answer_Code 3 | 3 type User => 366_SU01_06 ResponseOnPlatform 1
Rule_75	?a chosen_Answer_Code ?d ?d type User => ?a ResponseOnPlatform 1	488_UM16 chosen_Answer_Code 5 | 5 type User => 488_UM16 ResponseOnPlatform 1
Rule_75	?a chosen_Answer_Code ?d ?d type User => ?a ResponseOnPlatform 1	337_SU01_10 chosen_Answer_Code 5 | 5 type User => 337_SU01_10 ResponseOnPlatform 1
Rule_75	?a chosen_Answer_Code ?d ?d type User => ?a ResponseOnPlatform 1	67_M003_01 chosen_Answer_Code 10 | 10 type User => 67_M003_01 ResponseOnPlatform 1
Rule_75	?a chosen_Answer_Code ?d ?d type User => ?a ResponseOnPlatform 1	435_UM08 chosen_Answer_Code 3 | 3 type User => 435_UM08 ResponseOnPlatform 1
Rule_75	?a chosen_Answer_Code ?d ?d type User => ?a ResponseOnPlatform 1	486_UM11 chosen_Answer_Code 4 | 4 type User => 486_UM11 ResponseOnPlatform 1
Rule_75	?a chosen_Answer_Code ?d ?d type User => ?a ResponseOnPlatform 1	304_M003_01 chosen_Answer_Code 8 | 8 type User => 304_M003_01 ResponseOnPlatform 1
Rule_75	?a chosen_Answer_Code ?d ?d type User => ?a ResponseOnPlatform 1	446_UM20 chosen_Answer_Code 3 | 3 type User => 446_UM20 ResponseOnPlatform 1
Rule_75	?a chosen_Answer_Code ?d ?d type User => ?a ResponseOnPlatform 1	459_UM21 chosen_Answer_Code 4 | 4 type User => 459_UM21 ResponseOnPlatform 1
Rule_75	?a chosen_Answer_Code ?d ?d type User => ?a ResponseOnPlatform 1	238_M002_01 chosen_Answer_Code 8 | 8 type User => 238_M002_01 ResponseOnPlatform 1
Rule_75	?a chosen_Answer_Code ?d ?d type User => ?a ResponseOnPlatform 1	407_UM06 chosen_Answer_Code 5 | 5 type User => 407_UM06 ResponseOnPlatform 1
Rule_75	?a chosen_Answer_Code ?d ?d type User => ?a ResponseOnPlatform 1	457_UM21 chosen_Answer_Code 5 | 5 type User => 457_UM21 ResponseOnPlatform 1
Rule_75	?a chosen_Answer_Code ?d ?d type User => ?a ResponseOnPlatform 1	135_M003_01 chosen_Answer_Code 10 | 10 type User => 135_M003_01 ResponseOnPlatform 1
Rule_75	?a chosen_Answer_Code ?d ?d type User => ?a ResponseOnPlatform 1	132_M002_01 chosen_Answer_Code 10 | 10 type User => 132_M002_01 ResponseOnPlatform 1
Rule_75	?a chosen_Answer_Code ?d ?d type User => ?a ResponseOnPlatform 1	205_M004_01 chosen_Answer_Code 3 | 3 type User => 205_M004_01 ResponseOnPlatform 1
Rule_75	?a chosen_Answer_Code ?d ?d type User => ?a ResponseOnPlatform 1	484_UM21 chosen_Answer_Code 4 | 4 type User => 484_UM21 ResponseOnPlatform 1
Rule_75	?a chosen_Answer_Code ?d ?d type User => ?a ResponseOnPlatform 1	373_SU01_01 chosen_Answer_Code 4 | 4 type User => 373_SU01_01 ResponseOnPlatform 1
Rule_75	?a chosen_Answer_Code ?d ?d type User => ?a ResponseOnPlatform 1	486_UM18 chosen_Answer_Code 1 | 1 type User => 486_UM18 ResponseOnPlatform 1
Rule_75	?a chosen_Answer_Code ?d ?d type User => ?a ResponseOnPlatform 1	476_UM13 chosen_Answer_Code 4 | 4 type User => 476_UM13 ResponseOnPlatform 1
Rule_75	?a chosen_Answer_Code ?d ?d type User => ?a ResponseOnPlatform 1	469_UM01 chosen_Answer_Code 4 | 4 type User => 469_UM01 ResponseOnPlatform 1
Rule_75	?a chosen_Answer_Code ?d ?d type User => ?a ResponseOnPlatform 1	464_UM07 chosen_Answer_Code 4 | 4 type User => 464_UM07 ResponseOnPlatform 1
Rule_75	?a chosen_Answer_Code ?d ?d type User => ?a ResponseOnPlatform 1	424_UM11 chosen_Answer_Code 4 | 4 type User => 424_UM11 ResponseOnPlatform 1
Rule_75	?a chosen_Answer_Code ?d ?d type User => ?a ResponseOnPlatform 1	324_SU01_07 chosen_Answer_Code 4 | 4 type User => 324_SU01_07 ResponseOnPlatform 1
Rule_75	?a chosen_Answer_Code ?d ?d type User => ?a ResponseOnPlatform 1	446_UM06 chosen_Answer_Code 3 | 3 type User => 446_UM06 ResponseOnPlatform 1
Rule_75	?a chosen_Answer_Code ?d ?d type User => ?a ResponseOnPlatform 1	387_SU01_08 chosen_Answer_Code 3 | 3 type User => 387_SU01_08 ResponseOnPlatform 1
Rule_75	?a chosen_Answer_Code ?d ?d type User => ?a ResponseOnPlatform 1	421_UM07 chosen_Answer_Code 4 | 4 type User => 421_UM07 ResponseOnPlatform 1
Rule_75	?a chosen_Answer_Code ?d ?d type User => ?a ResponseOnPlatform 1	483_UM15 chosen_Answer_Code 5 | 5 type User => 483_UM15 ResponseOnPlatform 1
Rule_75	?a chosen_Answer_Code ?d ?d type User => ?a ResponseOnPlatform 1	336_SU01_03 chosen_Answer_Code 3 | 3 type User => 336_SU01_03 ResponseOnPlatform 1
Rule_75	?a chosen_Answer_Code ?d ?d type User => ?a ResponseOnPlatform 1	176_M004_01 chosen_Answer_Code 6 | 6 type User => 176_M004_01 ResponseOnPlatform 1
Rule_75	?a chosen_Answer_Code ?d ?d type User => ?a ResponseOnPlatform 1	249_M005 chosen_Answer_Code 1 | 1 type User => 249_M005 ResponseOnPlatform 1
Rule_75	?a chosen_Answer_Code ?d ?d type User => ?a ResponseOnPlatform 1	296_M002_01 chosen_Answer_Code 9 | 9 type User => 296_M002_01 ResponseOnPlatform 1
Rule_75	?a chosen_Answer_Code ?d ?d type User => ?a ResponseOnPlatform 1	84_M006_01 chosen_Answer_Code 8 | 8 type User => 84_M006_01 ResponseOnPlatform 1
Rule_75	?a chosen_Answer_Code ?d ?d type User => ?a ResponseOnPlatform 1	476_UM15 chosen_Answer_Code 4 | 4 type User => 476_UM15 ResponseOnPlatform 1
Rule_75	?a chosen_Answer_Code ?d ?d type User => ?a ResponseOnPlatform 1	356_SU01_02 chosen_Answer_Code 4 | 4 type User => 356_SU01_02 ResponseOnPlatform 1
Rule_75	?a chosen_Answer_Code ?d ?d type User => ?a ResponseOnPlatform 1	301_M002_01 chosen_Answer_Code 9 | 9 type User => 301_M002_01 ResponseOnPlatform 1
Rule_75	?a chosen_Answer_Code ?d ?d type User => ?a ResponseOnPlatform 1	254_M006_01 chosen_Answer_Code 10 | 10 type User => 254_M006_01 ResponseOnPlatform 1
Rule_75	?a chosen_Answer_Code ?d ?d type User => ?a ResponseOnPlatform 1	38_M006_01 chosen_Answer_Code 8 | 8 type User => 38_M006_01 ResponseOnPlatform 1
Rule_75	?a chosen_Answer_Code ?d ?d type User => ?a ResponseOnPlatform 1	214_M005 chosen_Answer_Code 1 | 1 type User => 214_M005 ResponseOnPlatform 1
Rule_75	?a chosen_Answer_Code ?d ?d type User => ?a ResponseOnPlatform 1	356_SU01_07 chosen_Answer_Code 4 | 4 type User => 356_SU01_07 ResponseOnPlatform 1
Rule_75	?a chosen_Answer_Code ?d ?d type User => ?a ResponseOnPlatform 1	362_SU01_06 chosen_Answer_Code 5 | 5 type User => 362_SU01_06 ResponseOnPlatform 1
Rule_75	?a chosen_Answer_Code ?d ?d type User => ?a ResponseOnPlatform 1	409_UM12 chosen_Answer_Code 5 | 5 type User => 409_UM12 ResponseOnPlatform 1
Rule_75	?a chosen_Answer_Code ?d ?d type User => ?a ResponseOnPlatform 1	120_M006_01 chosen_Answer_Code 10 | 10 type User => 120_M006_01 ResponseOnPlatform 1
Rule_75	?a chosen_Answer_Code ?d ?d type User => ?a ResponseOnPlatform 1	160_M003_01 chosen_Answer_Code 8 | 8 type User => 160_M003_01 ResponseOnPlatform 1
Rule_75	?a chosen_Answer_Code ?d ?d type User => ?a ResponseOnPlatform 1	449_UM21 chosen_Answer_Code 4 | 4 type User => 449_UM21 ResponseOnPlatform 1
Rule_75	?a chosen_Answer_Code ?d ?d type User => ?a ResponseOnPlatform 1	444_UM11 chosen_Answer_Code 5 | 5 type User => 444_UM11 ResponseOnPlatform 1
Rule_75	?a chosen_Answer_Code ?d ?d type User => ?a ResponseOnPlatform 1	330_SU01_06 chosen_Answer_Code 4 | 4 type User => 330_SU01_06 ResponseOnPlatform 1
Rule_75	?a chosen_Answer_Code ?d ?d type User => ?a ResponseOnPlatform 1	387_SU01_05 chosen_Answer_Code 3 | 3 type User => 387_SU01_05 ResponseOnPlatform 1
Rule_75	?a chosen_Answer_Code ?d ?d type User => ?a ResponseOnPlatform 1	474_UM16 chosen_Answer_Code 3 | 3 type User => 474_UM16 ResponseOnPlatform 1
Rule_75	?a chosen_Answer_Code ?d ?d type User => ?a ResponseOnPlatform 1	459_UM23 chosen_Answer_Code 4 | 4 type User => 459_UM23 ResponseOnPlatform 1
Rule_75	?a chosen_Answer_Code ?d ?d type User => ?a ResponseOnPlatform 1	200_M006_01 chosen_Answer_Code 7 | 7 type User => 200_M006_01 ResponseOnPlatform 1
Rule_75	?a chosen_Answer_Code ?d ?d type User => ?a ResponseOnPlatform 1	400_SU01_09 chosen_Answer_Code 3 | 3 type User => 400_SU01_09 ResponseOnPlatform 1
Rule_75	?a chosen_Answer_Code ?d ?d type User => ?a ResponseOnPlatform 1	162_M006_01 chosen_Answer_Code 10 | 10 type User => 162_M006_01 ResponseOnPlatform 1
Rule_75	?a chosen_Answer_Code ?d ?d type User => ?a ResponseOnPlatform 1	418_UM02 chosen_Answer_Code 4 | 4 type User => 418_UM02 ResponseOnPlatform 1
Rule_75	?a chosen_Answer_Code ?d ?d type User => ?a ResponseOnPlatform 1	438_UM13 chosen_Answer_Code 4 | 4 type User => 438_UM13 ResponseOnPlatform 1
Rule_75	?a chosen_Answer_Code ?d ?d type User => ?a ResponseOnPlatform 1	358_SU01_04 chosen_Answer_Code 3 | 3 type User => 358_SU01_04 ResponseOnPlatform 1
Rule_75	?a chosen_Answer_Code ?d ?d type User => ?a ResponseOnPlatform 1	67_M006_01 chosen_Answer_Code 10 | 10 type User => 67_M006_01 ResponseOnPlatform 1
Rule_75	?a chosen_Answer_Code ?d ?d type User => ?a ResponseOnPlatform 1	324_SU01_01 chosen_Answer_Code 3 | 3 type User => 324_SU01_01 ResponseOnPlatform 1
Rule_75	?a chosen_Answer_Code ?d ?d type User => ?a ResponseOnPlatform 1	481_UM22 chosen_Answer_Code 5 | 5 type User => 481_UM22 ResponseOnPlatform 1
Rule_75	?a chosen_Answer_Code ?d ?d type User => ?a ResponseOnPlatform 1	458_UM02 chosen_Answer_Code 5 | 5 type User => 458_UM02 ResponseOnPlatform 1
Rule_75	?a chosen_Answer_Code ?d ?d type User => ?a ResponseOnPlatform 1	409_UM04 chosen_Answer_Code 5 | 5 type User => 409_UM04 ResponseOnPlatform 1
Rule_75	?a chosen_Answer_Code ?d ?d type User => ?a ResponseOnPlatform 1	428_UM10 chosen_Answer_Code 4 | 4 type User => 428_UM10 ResponseOnPlatform 1
Rule_75	?a chosen_Answer_Code ?d ?d type User => ?a ResponseOnPlatform 1	476_UM25 chosen_Answer_Code 4 | 4 type User => 476_UM25 ResponseOnPlatform 1
Rule_75	?a chosen_Answer_Code ?d ?d type User => ?a ResponseOnPlatform 1	353_SU01_09 chosen_Answer_Code 3 | 3 type User => 353_SU01_09 ResponseOnPlatform 1
Rule_75	?a chosen_Answer_Code ?d ?d type User => ?a ResponseOnPlatform 1	87_M005 chosen_Answer_Code 2 | 2 type User => 87_M005 ResponseOnPlatform 1
Rule_75	?a chosen_Answer_Code ?d ?d type User => ?a ResponseOnPlatform 1	441_UM19 chosen_Answer_Code 5 | 5 type User => 441_UM19 ResponseOnPlatform 1
Rule_75	?a chosen_Answer_Code ?d ?d type User => ?a ResponseOnPlatform 1	55_M010_01 chosen_Answer_Code 10 | 10 type User => 55_M010_01 ResponseOnPlatform 1
Rule_75	?a chosen_Answer_Code ?d ?d type User => ?a ResponseOnPlatform 1	389_SU01_04 chosen_Answer_Code 5 | 5 type User => 389_SU01_04 ResponseOnPlatform 1
Rule_75	?a chosen_Answer_Code ?d ?d type User => ?a ResponseOnPlatform 1	53_M003_01 chosen_Answer_Code 10 | 10 type User => 53_M003_01 ResponseOnPlatform 1
Rule_75	?a chosen_Answer_Code ?d ?d type User => ?a ResponseOnPlatform 1	206_M006_01 chosen_Answer_Code 9 | 9 type User => 206_M006_01 ResponseOnPlatform 1
Rule_75	?a chosen_Answer_Code ?d ?d type User => ?a ResponseOnPlatform 1	472_UM04 chosen_Answer_Code 5 | 5 type User => 472_UM04 ResponseOnPlatform 1
Rule_75	?a chosen_Answer_Code ?d ?d type User => ?a ResponseOnPlatform 1	114_M010_01 chosen_Answer_Code 9 | 9 type User => 114_M010_01 ResponseOnPlatform 1
Rule_75	?a chosen_Answer_Code ?d ?d type User => ?a ResponseOnPlatform 1	69_M005 chosen_Answer_Code 1 | 1 type User => 69_M005 ResponseOnPlatform 1
Rule_75	?a chosen_Answer_Code ?d ?d type User => ?a ResponseOnPlatform 1	67_M005 chosen_Answer_Code 1 | 1 type User => 67_M005 ResponseOnPlatform 1
Rule_75	?a chosen_Answer_Code ?d ?d type User => ?a ResponseOnPlatform 1	412_UM12 chosen_Answer_Code 4 | 4 type User => 412_UM12 ResponseOnPlatform 1
Rule_75	?a chosen_Answer_Code ?d ?d type User => ?a ResponseOnPlatform 1	158_M002_01 chosen_Answer_Code 9 | 9 type User => 158_M002_01 ResponseOnPlatform 1
Rule_75	?a chosen_Answer_Code ?d ?d type User => ?a ResponseOnPlatform 1	425_UM08 chosen_Answer_Code 5 | 5 type User => 425_UM08 ResponseOnPlatform 1
Rule_75	?a chosen_Answer_Code ?d ?d type User => ?a ResponseOnPlatform 1	114_M004_01 chosen_Answer_Code 9 | 9 type User => 114_M004_01 ResponseOnPlatform 1
Rule_75	?a chosen_Answer_Code ?d ?d type User => ?a ResponseOnPlatform 1	184_M003_01 chosen_Answer_Code 9 | 9 type User => 184_M003_01 ResponseOnPlatform 1
Rule_75	?a chosen_Answer_Code ?d ?d type User => ?a ResponseOnPlatform 1	428_UM12 chosen_Answer_Code 4 | 4 type User => 428_UM12 ResponseOnPlatform 1
Rule_75	?a chosen_Answer_Code ?d ?d type User => ?a ResponseOnPlatform 1	408_UM11 chosen_Answer_Code 4 | 4 type User => 408_UM11 ResponseOnPlatform 1
Rule_75	?a chosen_Answer_Code ?d ?d type User => ?a ResponseOnPlatform 1	383_SU01_03 chosen_Answer_Code 2 | 2 type User => 383_SU01_03 ResponseOnPlatform 1
Rule_75	?a chosen_Answer_Code ?d ?d type User => ?a ResponseOnPlatform 1	450_UM17 chosen_Answer_Code 2 | 2 type User => 450_UM17 ResponseOnPlatform 1
Rule_75	?a chosen_Answer_Code ?d ?d type User => ?a ResponseOnPlatform 1	57_M010_01 chosen_Answer_Code 10 | 10 type User => 57_M010_01 ResponseOnPlatform 1
Rule_75	?a chosen_Answer_Code ?d ?d type User => ?a ResponseOnPlatform 1	198_M006_01 chosen_Answer_Code 9 | 9 type User => 198_M006_01 ResponseOnPlatform 1
Rule_75	?a chosen_Answer_Code ?d ?d type User => ?a ResponseOnPlatform 1	428_UM06 chosen_Answer_Code 4 | 4 type User => 428_UM06 ResponseOnPlatform 1
Rule_75	?a chosen_Answer_Code ?d ?d type User => ?a ResponseOnPlatform 1	424_UM22 chosen_Answer_Code 3 | 3 type User => 424_UM22 ResponseOnPlatform 1
Rule_75	?a chosen_Answer_Code ?d ?d type User => ?a ResponseOnPlatform 1	382_SU01_01 chosen_Answer_Code 3 | 3 type User => 382_SU01_01 ResponseOnPlatform 1
Rule_75	?a chosen_Answer_Code ?d ?d type User => ?a ResponseOnPlatform 1	224_M002_01 chosen_Answer_Code 5 | 5 type User => 224_M002_01 ResponseOnPlatform 1
Rule_75	?a chosen_Answer_Code ?d ?d type User => ?a ResponseOnPlatform 1	72_M002_01 chosen_Answer_Code 8 | 8 type User => 72_M002_01 ResponseOnPlatform 1
Rule_75	?a chosen_Answer_Code ?d ?d type User => ?a ResponseOnPlatform 1	59_M006_01 chosen_Answer_Code 9 | 9 type User => 59_M006_01 ResponseOnPlatform 1
Rule_75	?a chosen_Answer_Code ?d ?d type User => ?a ResponseOnPlatform 1	346_SU01_09 chosen_Answer_Code 2 | 2 type User => 346_SU01_09 ResponseOnPlatform 1
Rule_75	?a chosen_Answer_Code ?d ?d type User => ?a ResponseOnPlatform 1	265_M004_01 chosen_Answer_Code 9 | 9 type User => 265_M004_01 ResponseOnPlatform 1
Rule_75	?a chosen_Answer_Code ?d ?d type User => ?a ResponseOnPlatform 1	163_M010_01 chosen_Answer_Code 3 | 3 type User => 163_M010_01 ResponseOnPlatform 1
Rule_75	?a chosen_Answer_Code ?d ?d type User => ?a ResponseOnPlatform 1	410_UM25 chosen_Answer_Code 3 | 3 type User => 410_UM25 ResponseOnPlatform 1
Rule_75	?a chosen_Answer_Code ?d ?d type User => ?a ResponseOnPlatform 1	249_M010_01 chosen_Answer_Code 5 | 5 type User => 249_M010_01 ResponseOnPlatform 1
Rule_75	?a chosen_Answer_Code ?d ?d type User => ?a ResponseOnPlatform 1	38_M005 chosen_Answer_Code 1 | 1 type User => 38_M005 ResponseOnPlatform 1
Rule_75	?a chosen_Answer_Code ?d ?d type User => ?a ResponseOnPlatform 1	196_M010_01 chosen_Answer_Code 9 | 9 type User => 196_M010_01 ResponseOnPlatform 1
Rule_75	?a chosen_Answer_Code ?d ?d type User => ?a ResponseOnPlatform 1	473_UM01 chosen_Answer_Code 2 | 2 type User => 473_UM01 ResponseOnPlatform 1
Rule_75	?a chosen_Answer_Code ?d ?d type User => ?a ResponseOnPlatform 1	254_M010_01 chosen_Answer_Code 1 | 1 type User => 254_M010_01 ResponseOnPlatform 1
Rule_75	?a chosen_Answer_Code ?d ?d type User => ?a ResponseOnPlatform 1	94_M002_01 chosen_Answer_Code 8 | 8 type User => 94_M002_01 ResponseOnPlatform 1
Rule_75	?a chosen_Answer_Code ?d ?d type User => ?a ResponseOnPlatform 1	213_M005 chosen_Answer_Code 1 | 1 type User => 213_M005 ResponseOnPlatform 1
Rule_75	?a chosen_Answer_Code ?d ?d type User => ?a ResponseOnPlatform 1	378_SU01_05 chosen_Answer_Code 3 | 3 type User => 378_SU01_05 ResponseOnPlatform 1
Rule_75	?a chosen_Answer_Code ?d ?d type User => ?a ResponseOnPlatform 1	401_SU01_05 chosen_Answer_Code 5 | 5 type User => 401_SU01_05 ResponseOnPlatform 1
Rule_75	?a chosen_Answer_Code ?d ?d type User => ?a ResponseOnPlatform 1	475_UM22 chosen_Answer_Code 5 | 5 type User => 475_UM22 ResponseOnPlatform 1
Rule_75	?a chosen_Answer_Code ?d ?d type User => ?a ResponseOnPlatform 1	272_M003_01 chosen_Answer_Code 10 | 10 type User => 272_M003_01 ResponseOnPlatform 1
Rule_75	?a chosen_Answer_Code ?d ?d type User => ?a ResponseOnPlatform 1	397_SU01_04 chosen_Answer_Code 5 | 5 type User => 397_SU01_04 ResponseOnPlatform 1
Rule_75	?a chosen_Answer_Code ?d ?d type User => ?a ResponseOnPlatform 1	478_UM11 chosen_Answer_Code 3 | 3 type User => 478_UM11 ResponseOnPlatform 1
Rule_75	?a chosen_Answer_Code ?d ?d type User => ?a ResponseOnPlatform 1	356_SU01_04 chosen_Answer_Code 5 | 5 type User => 356_SU01_04 ResponseOnPlatform 1
Rule_75	?a chosen_Answer_Code ?d ?d type User => ?a ResponseOnPlatform 1	426_UM15 chosen_Answer_Code 4 | 4 type User => 426_UM15 ResponseOnPlatform 1
Rule_75	?a chosen_Answer_Code ?d ?d type User => ?a ResponseOnPlatform 1	408_UM09 chosen_Answer_Code 4 | 4 type User => 408_UM09 ResponseOnPlatform 1
Rule_75	?a chosen_Answer_Code ?d ?d type User => ?a ResponseOnPlatform 1	421_UM01 chosen_Answer_Code 3 | 3 type User => 421_UM01 ResponseOnPlatform 1
Rule_75	?a chosen_Answer_Code ?d ?d type User => ?a ResponseOnPlatform 1	387_SU01_09 chosen_Answer_Code 3 | 3 type User => 387_SU01_09 ResponseOnPlatform 1
Rule_75	?a chosen_Answer_Code ?d ?d type User => ?a ResponseOnPlatform 1	421_UM04 chosen_Answer_Code 5 | 5 type User => 421_UM04 ResponseOnPlatform 1
Rule_75	?a chosen_Answer_Code ?d ?d type User => ?a ResponseOnPlatform 1	285_M005 chosen_Answer_Code 1 | 1 type User => 285_M005 ResponseOnPlatform 1
Rule_75	?a chosen_Answer_Code ?d ?d type User => ?a ResponseOnPlatform 1	349_SU01_07 chosen_Answer_Code 4 | 4 type User => 349_SU01_07 ResponseOnPlatform 1
Rule_75	?a chosen_Answer_Code ?d ?d type User => ?a ResponseOnPlatform 1	168_M005 chosen_Answer_Code 1 | 1 type User => 168_M005 ResponseOnPlatform 1
Rule_75	?a chosen_Answer_Code ?d ?d type User => ?a ResponseOnPlatform 1	459_UM07 chosen_Answer_Code 4 | 4 type User => 459_UM07 ResponseOnPlatform 1
Rule_75	?a chosen_Answer_Code ?d ?d type User => ?a ResponseOnPlatform 1	158_M005 chosen_Answer_Code 1 | 1 type User => 158_M005 ResponseOnPlatform 1
Rule_75	?a chosen_Answer_Code ?d ?d type User => ?a ResponseOnPlatform 1	271_M006_01 chosen_Answer_Code 9 | 9 type User => 271_M006_01 ResponseOnPlatform 1
Rule_75	?a chosen_Answer_Code ?d ?d type User => ?a ResponseOnPlatform 1	336_SU01_08 chosen_Answer_Code 3 | 3 type User => 336_SU01_08 ResponseOnPlatform 1
Rule_75	?a chosen_Answer_Code ?d ?d type User => ?a ResponseOnPlatform 1	426_UM11 chosen_Answer_Code 3 | 3 type User => 426_UM11 ResponseOnPlatform 1
Rule_75	?a chosen_Answer_Code ?d ?d type User => ?a ResponseOnPlatform 1	78_M005 chosen_Answer_Code 1 | 1 type User => 78_M005 ResponseOnPlatform 1
Rule_75	?a chosen_Answer_Code ?d ?d type User => ?a ResponseOnPlatform 1	469_UM19 chosen_Answer_Code 4 | 4 type User => 469_UM19 ResponseOnPlatform 1
Rule_75	?a chosen_Answer_Code ?d ?d type User => ?a ResponseOnPlatform 1	449_UM04 chosen_Answer_Code 4 | 4 type User => 449_UM04 ResponseOnPlatform 1
Rule_75	?a chosen_Answer_Code ?d ?d type User => ?a ResponseOnPlatform 1	311_SU01_03 chosen_Answer_Code 5 | 5 type User => 311_SU01_03 ResponseOnPlatform 1
Rule_75	?a chosen_Answer_Code ?d ?d type User => ?a ResponseOnPlatform 1	409_UM07 chosen_Answer_Code 5 | 5 type User => 409_UM07 ResponseOnPlatform 1
Rule_75	?a chosen_Answer_Code ?d ?d type User => ?a ResponseOnPlatform 1	233_M010_01 chosen_Answer_Code 9 | 9 type User => 233_M010_01 ResponseOnPlatform 1
Rule_75	?a chosen_Answer_Code ?d ?d type User => ?a ResponseOnPlatform 1	231_M006_01 chosen_Answer_Code 8 | 8 type User => 231_M006_01 ResponseOnPlatform 1
Rule_75	?a chosen_Answer_Code ?d ?d type User => ?a ResponseOnPlatform 1	406_UM07 chosen_Answer_Code 4 | 4 type User => 406_UM07 ResponseOnPlatform 1
Rule_75	?a chosen_Answer_Code ?d ?d type User => ?a ResponseOnPlatform 1	464_UM02 chosen_Answer_Code 5 | 5 type User => 464_UM02 ResponseOnPlatform 1
Rule_75	?a chosen_Answer_Code ?d ?d type User => ?a ResponseOnPlatform 1	22_M010_01 chosen_Answer_Code 8 | 8 type User => 22_M010_01 ResponseOnPlatform 1
Rule_75	?a chosen_Answer_Code ?d ?d type User => ?a ResponseOnPlatform 1	399_SU01_07 chosen_Answer_Code 5 | 5 type User => 399_SU01_07 ResponseOnPlatform 1
Rule_75	?a chosen_Answer_Code ?d ?d type User => ?a ResponseOnPlatform 1	156_M005 chosen_Answer_Code 1 | 1 type User => 156_M005 ResponseOnPlatform 1
Rule_75	?a chosen_Answer_Code ?d ?d type User => ?a ResponseOnPlatform 1	473_UM12 chosen_Answer_Code 4 | 4 type User => 473_UM12 ResponseOnPlatform 1
Rule_75	?a chosen_Answer_Code ?d ?d type User => ?a ResponseOnPlatform 1	357_SU01_09 chosen_Answer_Code 4 | 4 type User => 357_SU01_09 ResponseOnPlatform 1
Rule_75	?a chosen_Answer_Code ?d ?d type User => ?a ResponseOnPlatform 1	458_UM23 chosen_Answer_Code 4 | 4 type User => 458_UM23 ResponseOnPlatform 1
Rule_75	?a chosen_Answer_Code ?d ?d type User => ?a ResponseOnPlatform 1	201_M004_01 chosen_Answer_Code 10 | 10 type User => 201_M004_01 ResponseOnPlatform 1
Rule_75	?a chosen_Answer_Code ?d ?d type User => ?a ResponseOnPlatform 1	341_SU01_02 chosen_Answer_Code 5 | 5 type User => 341_SU01_02 ResponseOnPlatform 1
Rule_75	?a chosen_Answer_Code ?d ?d type User => ?a ResponseOnPlatform 1	490_UM09 chosen_Answer_Code 4 | 4 type User => 490_UM09 ResponseOnPlatform 1
Rule_75	?a chosen_Answer_Code ?d ?d type User => ?a ResponseOnPlatform 1	83_M004_01 chosen_Answer_Code 5 | 5 type User => 83_M004_01 ResponseOnPlatform 1
Rule_75	?a chosen_Answer_Code ?d ?d type User => ?a ResponseOnPlatform 1	420_UM12 chosen_Answer_Code 4 | 4 type User => 420_UM12 ResponseOnPlatform 1
Rule_75	?a chosen_Answer_Code ?d ?d type User => ?a ResponseOnPlatform 1	467_UM23 chosen_Answer_Code 5 | 5 type User => 467_UM23 ResponseOnPlatform 1
Rule_75	?a chosen_Answer_Code ?d ?d type User => ?a ResponseOnPlatform 1	413_UM25 chosen_Answer_Code 4 | 4 type User => 413_UM25 ResponseOnPlatform 1
Rule_75	?a chosen_Answer_Code ?d ?d type User => ?a ResponseOnPlatform 1	186_M006_01 chosen_Answer_Code 8 | 8 type User => 186_M006_01 ResponseOnPlatform 1
Rule_75	?a chosen_Answer_Code ?d ?d type User => ?a ResponseOnPlatform 1	471_UM20 chosen_Answer_Code 3 | 3 type User => 471_UM20 ResponseOnPlatform 1
Rule_75	?a chosen_Answer_Code ?d ?d type User => ?a ResponseOnPlatform 1	450_UM02 chosen_Answer_Code 3 | 3 type User => 450_UM02 ResponseOnPlatform 1
Rule_75	?a chosen_Answer_Code ?d ?d type User => ?a ResponseOnPlatform 1	432_UM11 chosen_Answer_Code 3 | 3 type User => 432_UM11 ResponseOnPlatform 1
Rule_75	?a chosen_Answer_Code ?d ?d type User => ?a ResponseOnPlatform 1	265_M010_01 chosen_Answer_Code 9 | 9 type User => 265_M010_01 ResponseOnPlatform 1
Rule_75	?a chosen_Answer_Code ?d ?d type User => ?a ResponseOnPlatform 1	308_M002_01 chosen_Answer_Code 6 | 6 type User => 308_M002_01 ResponseOnPlatform 1
Rule_75	?a chosen_Answer_Code ?d ?d type User => ?a ResponseOnPlatform 1	319_SU01_07 chosen_Answer_Code 3 | 3 type User => 319_SU01_07 ResponseOnPlatform 1
Rule_75	?a chosen_Answer_Code ?d ?d type User => ?a ResponseOnPlatform 1	279_M005 chosen_Answer_Code 1 | 1 type User => 279_M005 ResponseOnPlatform 1
Rule_75	?a chosen_Answer_Code ?d ?d type User => ?a ResponseOnPlatform 1	139_M003_01 chosen_Answer_Code 7 | 7 type User => 139_M003_01 ResponseOnPlatform 1
Rule_75	?a chosen_Answer_Code ?d ?d type User => ?a ResponseOnPlatform 1	325_SU01_06 chosen_Answer_Code 3 | 3 type User => 325_SU01_06 ResponseOnPlatform 1
Rule_75	?a chosen_Answer_Code ?d ?d type User => ?a ResponseOnPlatform 1	485_UM03 chosen_Answer_Code 4 | 4 type User => 485_UM03 ResponseOnPlatform 1
Rule_75	?a chosen_Answer_Code ?d ?d type User => ?a ResponseOnPlatform 1	360_SU01_10 chosen_Answer_Code 5 | 5 type User => 360_SU01_10 ResponseOnPlatform 1
Rule_75	?a chosen_Answer_Code ?d ?d type User => ?a ResponseOnPlatform 1	353_SU01_07 chosen_Answer_Code 3 | 3 type User => 353_SU01_07 ResponseOnPlatform 1
Rule_75	?a chosen_Answer_Code ?d ?d type User => ?a ResponseOnPlatform 1	439_UM24 chosen_Answer_Code 5 | 5 type User => 439_UM24 ResponseOnPlatform 1
Rule_75	?a chosen_Answer_Code ?d ?d type User => ?a ResponseOnPlatform 1	478_UM23 chosen_Answer_Code 3 | 3 type User => 478_UM23 ResponseOnPlatform 1
Rule_75	?a chosen_Answer_Code ?d ?d type User => ?a ResponseOnPlatform 1	332_SU01_06 chosen_Answer_Code 5 | 5 type User => 332_SU01_06 ResponseOnPlatform 1
Rule_75	?a chosen_Answer_Code ?d ?d type User => ?a ResponseOnPlatform 1	184_M004_01 chosen_Answer_Code 9 | 9 type User => 184_M004_01 ResponseOnPlatform 1
Rule_75	?a chosen_Answer_Code ?d ?d type User => ?a ResponseOnPlatform 1	287_M004_01 chosen_Answer_Code 10 | 10 type User => 287_M004_01 ResponseOnPlatform 1
Rule_75	?a chosen_Answer_Code ?d ?d type User => ?a ResponseOnPlatform 1	455_UM07 chosen_Answer_Code 4 | 4 type User => 455_UM07 ResponseOnPlatform 1
Rule_75	?a chosen_Answer_Code ?d ?d type User => ?a ResponseOnPlatform 1	169_M005 chosen_Answer_Code 1 | 1 type User => 169_M005 ResponseOnPlatform 1
Rule_75	?a chosen_Answer_Code ?d ?d type User => ?a ResponseOnPlatform 1	189_M005 chosen_Answer_Code 1 | 1 type User => 189_M005 ResponseOnPlatform 1
Rule_75	?a chosen_Answer_Code ?d ?d type User => ?a ResponseOnPlatform 1	374_SU01_04 chosen_Answer_Code 5 | 5 type User => 374_SU01_04 ResponseOnPlatform 1
Rule_75	?a chosen_Answer_Code ?d ?d type User => ?a ResponseOnPlatform 1	360_SU01_08 chosen_Answer_Code 5 | 5 type User => 360_SU01_08 ResponseOnPlatform 1
Rule_75	?a chosen_Answer_Code ?d ?d type User => ?a ResponseOnPlatform 1	464_UM08 chosen_Answer_Code 4 | 4 type User => 464_UM08 ResponseOnPlatform 1
Rule_75	?a chosen_Answer_Code ?d ?d type User => ?a ResponseOnPlatform 1	288_M006_01 chosen_Answer_Code 10 | 10 type User => 288_M006_01 ResponseOnPlatform 1
Rule_75	?a chosen_Answer_Code ?d ?d type User => ?a ResponseOnPlatform 1	109_M010_01 chosen_Answer_Code 10 | 10 type User => 109_M010_01 ResponseOnPlatform 1
Rule_75	?a chosen_Answer_Code ?d ?d type User => ?a ResponseOnPlatform 1	370_SU01_02 chosen_Answer_Code 5 | 5 type User => 370_SU01_02 ResponseOnPlatform 1
Rule_75	?a chosen_Answer_Code ?d ?d type User => ?a ResponseOnPlatform 1	48_M002_01 chosen_Answer_Code 6 | 6 type User => 48_M002_01 ResponseOnPlatform 1
Rule_75	?a chosen_Answer_Code ?d ?d type User => ?a ResponseOnPlatform 1	406_UM11 chosen_Answer_Code 4 | 4 type User => 406_UM11 ResponseOnPlatform 1
Rule_75	?a chosen_Answer_Code ?d ?d type User => ?a ResponseOnPlatform 1	475_UM24 chosen_Answer_Code 3 | 3 type User => 475_UM24 ResponseOnPlatform 1
Rule_75	?a chosen_Answer_Code ?d ?d type User => ?a ResponseOnPlatform 1	368_SU01_04 chosen_Answer_Code 5 | 5 type User => 368_SU01_04 ResponseOnPlatform 1
Rule_75	?a chosen_Answer_Code ?d ?d type User => ?a ResponseOnPlatform 1	481_UM24 chosen_Answer_Code 4 | 4 type User => 481_UM24 ResponseOnPlatform 1
Rule_75	?a chosen_Answer_Code ?d ?d type User => ?a ResponseOnPlatform 1	177_M003_01 chosen_Answer_Code 10 | 10 type User => 177_M003_01 ResponseOnPlatform 1
Rule_75	?a chosen_Answer_Code ?d ?d type User => ?a ResponseOnPlatform 1	207_M010_01 chosen_Answer_Code 1 | 1 type User => 207_M010_01 ResponseOnPlatform 1
Rule_75	?a chosen_Answer_Code ?d ?d type User => ?a ResponseOnPlatform 1	440_UM15 chosen_Answer_Code 4 | 4 type User => 440_UM15 ResponseOnPlatform 1
Rule_75	?a chosen_Answer_Code ?d ?d type User => ?a ResponseOnPlatform 1	358_SU01_06 chosen_Answer_Code 3 | 3 type User => 358_SU01_06 ResponseOnPlatform 1
Rule_75	?a chosen_Answer_Code ?d ?d type User => ?a ResponseOnPlatform 1	62_M004_01 chosen_Answer_Code 8 | 8 type User => 62_M004_01 ResponseOnPlatform 1
Rule_75	?a chosen_Answer_Code ?d ?d type User => ?a ResponseOnPlatform 1	424_UM01 chosen_Answer_Code 3 | 3 type User => 424_UM01 ResponseOnPlatform 1
Rule_75	?a chosen_Answer_Code ?d ?d type User => ?a ResponseOnPlatform 1	358_SU01_09 chosen_Answer_Code 3 | 3 type User => 358_SU01_09 ResponseOnPlatform 1
Rule_75	?a chosen_Answer_Code ?d ?d type User => ?a ResponseOnPlatform 1	449_UM03 chosen_Answer_Code 4 | 4 type User => 449_UM03 ResponseOnPlatform 1
Rule_75	?a chosen_Answer_Code ?d ?d type User => ?a ResponseOnPlatform 1	400_SU01_10 chosen_Answer_Code 4 | 4 type User => 400_SU01_10 ResponseOnPlatform 1
Rule_75	?a chosen_Answer_Code ?d ?d type User => ?a ResponseOnPlatform 1	227_M010_01 chosen_Answer_Code 9 | 9 type User => 227_M010_01 ResponseOnPlatform 1
Rule_75	?a chosen_Answer_Code ?d ?d type User => ?a ResponseOnPlatform 1	420_UM06 chosen_Answer_Code 5 | 5 type User => 420_UM06 ResponseOnPlatform 1
Rule_75	?a chosen_Answer_Code ?d ?d type User => ?a ResponseOnPlatform 1	96_M005 chosen_Answer_Code 1 | 1 type User => 96_M005 ResponseOnPlatform 1
Rule_75	?a chosen_Answer_Code ?d ?d type User => ?a ResponseOnPlatform 1	321_SU01_08 chosen_Answer_Code 5 | 5 type User => 321_SU01_08 ResponseOnPlatform 1
Rule_75	?a chosen_Answer_Code ?d ?d type User => ?a ResponseOnPlatform 1	217_M002_01 chosen_Answer_Code 9 | 9 type User => 217_M002_01 ResponseOnPlatform 1
Rule_75	?a chosen_Answer_Code ?d ?d type User => ?a ResponseOnPlatform 1	37_M006_01 chosen_Answer_Code 3 | 3 type User => 37_M006_01 ResponseOnPlatform 1
Rule_75	?a chosen_Answer_Code ?d ?d type User => ?a ResponseOnPlatform 1	432_UM13 chosen_Answer_Code 4 | 4 type User => 432_UM13 ResponseOnPlatform 1
Rule_75	?a chosen_Answer_Code ?d ?d type User => ?a ResponseOnPlatform 1	13_M002_01 chosen_Answer_Code 1 | 1 type User => 13_M002_01 ResponseOnPlatform 1
Rule_75	?a chosen_Answer_Code ?d ?d type User => ?a ResponseOnPlatform 1	487_UM02 chosen_Answer_Code 5 | 5 type User => 487_UM02 ResponseOnPlatform 1
Rule_75	?a chosen_Answer_Code ?d ?d type User => ?a ResponseOnPlatform 1	363_SU01_08 chosen_Answer_Code 4 | 4 type User => 363_SU01_08 ResponseOnPlatform 1
Rule_75	?a chosen_Answer_Code ?d ?d type User => ?a ResponseOnPlatform 1	20_M005 chosen_Answer_Code 2 | 2 type User => 20_M005 ResponseOnPlatform 1
Rule_75	?a chosen_Answer_Code ?d ?d type User => ?a ResponseOnPlatform 1	413_UM06 chosen_Answer_Code 4 | 4 type User => 413_UM06 ResponseOnPlatform 1
Rule_75	?a chosen_Answer_Code ?d ?d type User => ?a ResponseOnPlatform 1	437_UM23 chosen_Answer_Code 4 | 4 type User => 437_UM23 ResponseOnPlatform 1
Rule_75	?a chosen_Answer_Code ?d ?d type User => ?a ResponseOnPlatform 1	177_M005 chosen_Answer_Code 2 | 2 type User => 177_M005 ResponseOnPlatform 1
Rule_75	?a chosen_Answer_Code ?d ?d type User => ?a ResponseOnPlatform 1	80_M003_01 chosen_Answer_Code 8 | 8 type User => 80_M003_01 ResponseOnPlatform 1
Rule_75	?a chosen_Answer_Code ?d ?d type User => ?a ResponseOnPlatform 1	398_SU01_06 chosen_Answer_Code 5 | 5 type User => 398_SU01_06 ResponseOnPlatform 1
Rule_75	?a chosen_Answer_Code ?d ?d type User => ?a ResponseOnPlatform 1	475_UM10 chosen_Answer_Code 5 | 5 type User => 475_UM10 ResponseOnPlatform 1
Rule_75	?a chosen_Answer_Code ?d ?d type User => ?a ResponseOnPlatform 1	373_SU01_09 chosen_Answer_Code 5 | 5 type User => 373_SU01_09 ResponseOnPlatform 1
Rule_75	?a chosen_Answer_Code ?d ?d type User => ?a ResponseOnPlatform 1	424_UM24 chosen_Answer_Code 4 | 4 type User => 424_UM24 ResponseOnPlatform 1
Rule_75	?a chosen_Answer_Code ?d ?d type User => ?a ResponseOnPlatform 1	371_SU01_06 chosen_Answer_Code 4 | 4 type User => 371_SU01_06 ResponseOnPlatform 1
Rule_75	?a chosen_Answer_Code ?d ?d type User => ?a ResponseOnPlatform 1	150_M004_01 chosen_Answer_Code 10 | 10 type User => 150_M004_01 ResponseOnPlatform 1
Rule_75	?a chosen_Answer_Code ?d ?d type User => ?a ResponseOnPlatform 1	104_M006_01 chosen_Answer_Code 8 | 8 type User => 104_M006_01 ResponseOnPlatform 1
Rule_75	?a chosen_Answer_Code ?d ?d type User => ?a ResponseOnPlatform 1	428_UM16 chosen_Answer_Code 3 | 3 type User => 428_UM16 ResponseOnPlatform 1
Rule_75	?a chosen_Answer_Code ?d ?d type User => ?a ResponseOnPlatform 1	410_UM17 chosen_Answer_Code 3 | 3 type User => 410_UM17 ResponseOnPlatform 1
Rule_75	?a chosen_Answer_Code ?d ?d type User => ?a ResponseOnPlatform 1	468_UM11 chosen_Answer_Code 3 | 3 type User => 468_UM11 ResponseOnPlatform 1
Rule_75	?a chosen_Answer_Code ?d ?d type User => ?a ResponseOnPlatform 1	342_SU01_01 chosen_Answer_Code 5 | 5 type User => 342_SU01_01 ResponseOnPlatform 1
Rule_75	?a chosen_Answer_Code ?d ?d type User => ?a ResponseOnPlatform 1	306_M005 chosen_Answer_Code 1 | 1 type User => 306_M005 ResponseOnPlatform 1
Rule_75	?a chosen_Answer_Code ?d ?d type User => ?a ResponseOnPlatform 1	122_M003_01 chosen_Answer_Code 6 | 6 type User => 122_M003_01 ResponseOnPlatform 1
Rule_75	?a chosen_Answer_Code ?d ?d type User => ?a ResponseOnPlatform 1	190_M002_01 chosen_Answer_Code 8 | 8 type User => 190_M002_01 ResponseOnPlatform 1
Rule_75	?a chosen_Answer_Code ?d ?d type User => ?a ResponseOnPlatform 1	120_M004_01 chosen_Answer_Code 10 | 10 type User => 120_M004_01 ResponseOnPlatform 1
Rule_75	?a chosen_Answer_Code ?d ?d type User => ?a ResponseOnPlatform 1	473_UM03 chosen_Answer_Code 2 | 2 type User => 473_UM03 ResponseOnPlatform 1
Rule_75	?a chosen_Answer_Code ?d ?d type User => ?a ResponseOnPlatform 1	382_SU01_10 chosen_Answer_Code 3 | 3 type User => 382_SU01_10 ResponseOnPlatform 1
Rule_75	?a chosen_Answer_Code ?d ?d type User => ?a ResponseOnPlatform 1	485_UM06 chosen_Answer_Code 5 | 5 type User => 485_UM06 ResponseOnPlatform 1
Rule_75	?a chosen_Answer_Code ?d ?d type User => ?a ResponseOnPlatform 1	259_M004_01 chosen_Answer_Code 10 | 10 type User => 259_M004_01 ResponseOnPlatform 1
Rule_75	?a chosen_Answer_Code ?d ?d type User => ?a ResponseOnPlatform 1	32_M002_01 chosen_Answer_Code 10 | 10 type User => 32_M002_01 ResponseOnPlatform 1
Rule_75	?a chosen_Answer_Code ?d ?d type User => ?a ResponseOnPlatform 1	102_M005 chosen_Answer_Code 1 | 1 type User => 102_M005 ResponseOnPlatform 1
Rule_75	?a chosen_Answer_Code ?d ?d type User => ?a ResponseOnPlatform 1	425_UM03 chosen_Answer_Code 4 | 4 type User => 425_UM03 ResponseOnPlatform 1
Rule_75	?a chosen_Answer_Code ?d ?d type User => ?a ResponseOnPlatform 1	34_M002_01 chosen_Answer_Code 10 | 10 type User => 34_M002_01 ResponseOnPlatform 1
Rule_75	?a chosen_Answer_Code ?d ?d type User => ?a ResponseOnPlatform 1	142_M003_01 chosen_Answer_Code 7 | 7 type User => 142_M003_01 ResponseOnPlatform 1
Rule_75	?a chosen_Answer_Code ?d ?d type User => ?a ResponseOnPlatform 1	111_M005 chosen_Answer_Code 3 | 3 type User => 111_M005 ResponseOnPlatform 1
Rule_75	?a chosen_Answer_Code ?d ?d type User => ?a ResponseOnPlatform 1	455_UM18 chosen_Answer_Code 5 | 5 type User => 455_UM18 ResponseOnPlatform 1
Rule_75	?a chosen_Answer_Code ?d ?d type User => ?a ResponseOnPlatform 1	145_M003_01 chosen_Answer_Code 8 | 8 type User => 145_M003_01 ResponseOnPlatform 1
Rule_75	?a chosen_Answer_Code ?d ?d type User => ?a ResponseOnPlatform 1	220_M010_01 chosen_Answer_Code 8 | 8 type User => 220_M010_01 ResponseOnPlatform 1
Rule_75	?a chosen_Answer_Code ?d ?d type User => ?a ResponseOnPlatform 1	49_M005 chosen_Answer_Code 2 | 2 type User => 49_M005 ResponseOnPlatform 1
Rule_75	?a chosen_Answer_Code ?d ?d type User => ?a ResponseOnPlatform 1	346_SU01_06 chosen_Answer_Code 4 | 4 type User => 346_SU01_06 ResponseOnPlatform 1
Rule_75	?a chosen_Answer_Code ?d ?d type User => ?a ResponseOnPlatform 1	210_M004_01 chosen_Answer_Code 10 | 10 type User => 210_M004_01 ResponseOnPlatform 1
Rule_75	?a chosen_Answer_Code ?d ?d type User => ?a ResponseOnPlatform 1	330_SU01_02 chosen_Answer_Code 4 | 4 type User => 330_SU01_02 ResponseOnPlatform 1
Rule_75	?a chosen_Answer_Code ?d ?d type User => ?a ResponseOnPlatform 1	213_M004_01 chosen_Answer_Code 10 | 10 type User => 213_M004_01 ResponseOnPlatform 1
Rule_75	?a chosen_Answer_Code ?d ?d type User => ?a ResponseOnPlatform 1	409_UM25 chosen_Answer_Code 5 | 5 type User => 409_UM25 ResponseOnPlatform 1
Rule_75	?a chosen_Answer_Code ?d ?d type User => ?a ResponseOnPlatform 1	449_UM16 chosen_Answer_Code 4 | 4 type User => 449_UM16 ResponseOnPlatform 1
Rule_75	?a chosen_Answer_Code ?d ?d type User => ?a ResponseOnPlatform 1	459_UM04 chosen_Answer_Code 3 | 3 type User => 459_UM04 ResponseOnPlatform 1
Rule_75	?a chosen_Answer_Code ?d ?d type User => ?a ResponseOnPlatform 1	242_M010_01 chosen_Answer_Code 8 | 8 type User => 242_M010_01 ResponseOnPlatform 1
Rule_75	?a chosen_Answer_Code ?d ?d type User => ?a ResponseOnPlatform 1	475_UM18 chosen_Answer_Code 5 | 5 type User => 475_UM18 ResponseOnPlatform 1
Rule_75	?a chosen_Answer_Code ?d ?d type User => ?a ResponseOnPlatform 1	347_SU01_01 chosen_Answer_Code 4 | 4 type User => 347_SU01_01 ResponseOnPlatform 1
Rule_75	?a chosen_Answer_Code ?d ?d type User => ?a ResponseOnPlatform 1	58_M006_01 chosen_Answer_Code 10 | 10 type User => 58_M006_01 ResponseOnPlatform 1
Rule_75	?a chosen_Answer_Code ?d ?d type User => ?a ResponseOnPlatform 1	311_SU01_04 chosen_Answer_Code 5 | 5 type User => 311_SU01_04 ResponseOnPlatform 1
Rule_75	?a chosen_Answer_Code ?d ?d type User => ?a ResponseOnPlatform 1	287_M003_01 chosen_Answer_Code 8 | 8 type User => 287_M003_01 ResponseOnPlatform 1
Rule_75	?a chosen_Answer_Code ?d ?d type User => ?a ResponseOnPlatform 1	278_M006_01 chosen_Answer_Code 8 | 8 type User => 278_M006_01 ResponseOnPlatform 1
Rule_75	?a chosen_Answer_Code ?d ?d type User => ?a ResponseOnPlatform 1	154_M006_01 chosen_Answer_Code 9 | 9 type User => 154_M006_01 ResponseOnPlatform 1
Rule_75	?a chosen_Answer_Code ?d ?d type User => ?a ResponseOnPlatform 1	382_SU01_05 chosen_Answer_Code 3 | 3 type User => 382_SU01_05 ResponseOnPlatform 1
Rule_75	?a chosen_Answer_Code ?d ?d type User => ?a ResponseOnPlatform 1	222_M005 chosen_Answer_Code 2 | 2 type User => 222_M005 ResponseOnPlatform 1
Rule_75	?a chosen_Answer_Code ?d ?d type User => ?a ResponseOnPlatform 1	438_UM14 chosen_Answer_Code 5 | 5 type User => 438_UM14 ResponseOnPlatform 1
Rule_75	?a chosen_Answer_Code ?d ?d type User => ?a ResponseOnPlatform 1	449_UM10 chosen_Answer_Code 4 | 4 type User => 449_UM10 ResponseOnPlatform 1
Rule_75	?a chosen_Answer_Code ?d ?d type User => ?a ResponseOnPlatform 1	418_UM06 chosen_Answer_Code 5 | 5 type User => 418_UM06 ResponseOnPlatform 1
Rule_75	?a chosen_Answer_Code ?d ?d type User => ?a ResponseOnPlatform 1	191_M004_01 chosen_Answer_Code 9 | 9 type User => 191_M004_01 ResponseOnPlatform 1
Rule_75	?a chosen_Answer_Code ?d ?d type User => ?a ResponseOnPlatform 1	403_SU01_02 chosen_Answer_Code 5 | 5 type User => 403_SU01_02 ResponseOnPlatform 1
Rule_75	?a chosen_Answer_Code ?d ?d type User => ?a ResponseOnPlatform 1	422_UM25 chosen_Answer_Code 5 | 5 type User => 422_UM25 ResponseOnPlatform 1
Rule_75	?a chosen_Answer_Code ?d ?d type User => ?a ResponseOnPlatform 1	276_M002_01 chosen_Answer_Code 10 | 10 type User => 276_M002_01 ResponseOnPlatform 1
Rule_75	?a chosen_Answer_Code ?d ?d type User => ?a ResponseOnPlatform 1	383_SU01_06 chosen_Answer_Code 2 | 2 type User => 383_SU01_06 ResponseOnPlatform 1
Rule_75	?a chosen_Answer_Code ?d ?d type User => ?a ResponseOnPlatform 1	485_UM04 chosen_Answer_Code 5 | 5 type User => 485_UM04 ResponseOnPlatform 1
Rule_75	?a chosen_Answer_Code ?d ?d type User => ?a ResponseOnPlatform 1	420_UM18 chosen_Answer_Code 3 | 3 type User => 420_UM18 ResponseOnPlatform 1
Rule_75	?a chosen_Answer_Code ?d ?d type User => ?a ResponseOnPlatform 1	489_UM21 chosen_Answer_Code 5 | 5 type User => 489_UM21 ResponseOnPlatform 1
Rule_75	?a chosen_Answer_Code ?d ?d type User => ?a ResponseOnPlatform 1	457_UM03 chosen_Answer_Code 3 | 3 type User => 457_UM03 ResponseOnPlatform 1
Rule_75	?a chosen_Answer_Code ?d ?d type User => ?a ResponseOnPlatform 1	339_SU01_01 chosen_Answer_Code 4 | 4 type User => 339_SU01_01 ResponseOnPlatform 1
Rule_75	?a chosen_Answer_Code ?d ?d type User => ?a ResponseOnPlatform 1	482_UM25 chosen_Answer_Code 4 | 4 type User => 482_UM25 ResponseOnPlatform 1
Rule_75	?a chosen_Answer_Code ?d ?d type User => ?a ResponseOnPlatform 1	261_M003_01 chosen_Answer_Code 10 | 10 type User => 261_M003_01 ResponseOnPlatform 1
Rule_75	?a chosen_Answer_Code ?d ?d type User => ?a ResponseOnPlatform 1	458_UM20 chosen_Answer_Code 5 | 5 type User => 458_UM20 ResponseOnPlatform 1
Rule_75	?a chosen_Answer_Code ?d ?d type User => ?a ResponseOnPlatform 1	35_M006_01 chosen_Answer_Code 8 | 8 type User => 35_M006_01 ResponseOnPlatform 1
Rule_75	?a chosen_Answer_Code ?d ?d type User => ?a ResponseOnPlatform 1	1_M005 chosen_Answer_Code 2 | 2 type User => 1_M005 ResponseOnPlatform 1
Rule_75	?a chosen_Answer_Code ?d ?d type User => ?a ResponseOnPlatform 1	224_M005 chosen_Answer_Code 2 | 2 type User => 224_M005 ResponseOnPlatform 1
Rule_75	?a chosen_Answer_Code ?d ?d type User => ?a ResponseOnPlatform 1	243_M010_01 chosen_Answer_Code 9 | 9 type User => 243_M010_01 ResponseOnPlatform 1
Rule_75	?a chosen_Answer_Code ?d ?d type User => ?a ResponseOnPlatform 1	363_SU01_07 chosen_Answer_Code 4 | 4 type User => 363_SU01_07 ResponseOnPlatform 1
Rule_75	?a chosen_Answer_Code ?d ?d type User => ?a ResponseOnPlatform 1	319_SU01_05 chosen_Answer_Code 4 | 4 type User => 319_SU01_05 ResponseOnPlatform 1
Rule_75	?a chosen_Answer_Code ?d ?d type User => ?a ResponseOnPlatform 1	330_SU01_05 chosen_Answer_Code 3 | 3 type User => 330_SU01_05 ResponseOnPlatform 1
Rule_75	?a chosen_Answer_Code ?d ?d type User => ?a ResponseOnPlatform 1	257_M010_01 chosen_Answer_Code 9 | 9 type User => 257_M010_01 ResponseOnPlatform 1
Rule_75	?a chosen_Answer_Code ?d ?d type User => ?a ResponseOnPlatform 1	235_M005 chosen_Answer_Code 1 | 1 type User => 235_M005 ResponseOnPlatform 1
Rule_75	?a chosen_Answer_Code ?d ?d type User => ?a ResponseOnPlatform 1	12_M004_01 chosen_Answer_Code 4 | 4 type User => 12_M004_01 ResponseOnPlatform 1
Rule_75	?a chosen_Answer_Code ?d ?d type User => ?a ResponseOnPlatform 1	335_SU01_09 chosen_Answer_Code 4 | 4 type User => 335_SU01_09 ResponseOnPlatform 1
Rule_75	?a chosen_Answer_Code ?d ?d type User => ?a ResponseOnPlatform 1	375_SU01_05 chosen_Answer_Code 4 | 4 type User => 375_SU01_05 ResponseOnPlatform 1
Rule_75	?a chosen_Answer_Code ?d ?d type User => ?a ResponseOnPlatform 1	300_M006_01 chosen_Answer_Code 9 | 9 type User => 300_M006_01 ResponseOnPlatform 1
Rule_75	?a chosen_Answer_Code ?d ?d type User => ?a ResponseOnPlatform 1	429_UM03 chosen_Answer_Code 3 | 3 type User => 429_UM03 ResponseOnPlatform 1
Rule_75	?a chosen_Answer_Code ?d ?d type User => ?a ResponseOnPlatform 1	361_SU01_06 chosen_Answer_Code 4 | 4 type User => 361_SU01_06 ResponseOnPlatform 1
Rule_75	?a chosen_Answer_Code ?d ?d type User => ?a ResponseOnPlatform 1	60_M006_01 chosen_Answer_Code 9 | 9 type User => 60_M006_01 ResponseOnPlatform 1
Rule_75	?a chosen_Answer_Code ?d ?d type User => ?a ResponseOnPlatform 1	365_SU01_07 chosen_Answer_Code 3 | 3 type User => 365_SU01_07 ResponseOnPlatform 1
Rule_75	?a chosen_Answer_Code ?d ?d type User => ?a ResponseOnPlatform 1	299_M005 chosen_Answer_Code 1 | 1 type User => 299_M005 ResponseOnPlatform 1
Rule_75	?a chosen_Answer_Code ?d ?d type User => ?a ResponseOnPlatform 1	337_SU01_01 chosen_Answer_Code 3 | 3 type User => 337_SU01_01 ResponseOnPlatform 1
Rule_75	?a chosen_Answer_Code ?d ?d type User => ?a ResponseOnPlatform 1	210_M006_01 chosen_Answer_Code 9 | 9 type User => 210_M006_01 ResponseOnPlatform 1
Rule_75	?a chosen_Answer_Code ?d ?d type User => ?a ResponseOnPlatform 1	430_UM20 chosen_Answer_Code 3 | 3 type User => 430_UM20 ResponseOnPlatform 1
Rule_75	?a chosen_Answer_Code ?d ?d type User => ?a ResponseOnPlatform 1	467_UM12 chosen_Answer_Code 4 | 4 type User => 467_UM12 ResponseOnPlatform 1
Rule_75	?a chosen_Answer_Code ?d ?d type User => ?a ResponseOnPlatform 1	165_M006_01 chosen_Answer_Code 8 | 8 type User => 165_M006_01 ResponseOnPlatform 1
Rule_75	?a chosen_Answer_Code ?d ?d type User => ?a ResponseOnPlatform 1	362_SU01_03 chosen_Answer_Code 3 | 3 type User => 362_SU01_03 ResponseOnPlatform 1
Rule_75	?a chosen_Answer_Code ?d ?d type User => ?a ResponseOnPlatform 1	290_M003_01 chosen_Answer_Code 8 | 8 type User => 290_M003_01 ResponseOnPlatform 1
Rule_75	?a chosen_Answer_Code ?d ?d type User => ?a ResponseOnPlatform 1	143_M010_01 chosen_Answer_Code 9 | 9 type User => 143_M010_01 ResponseOnPlatform 1
Rule_75	?a chosen_Answer_Code ?d ?d type User => ?a ResponseOnPlatform 1	440_UM12 chosen_Answer_Code 4 | 4 type User => 440_UM12 ResponseOnPlatform 1
Rule_75	?a chosen_Answer_Code ?d ?d type User => ?a ResponseOnPlatform 1	346_SU01_07 chosen_Answer_Code 3 | 3 type User => 346_SU01_07 ResponseOnPlatform 1
Rule_75	?a chosen_Answer_Code ?d ?d type User => ?a ResponseOnPlatform 1	456_UM03 chosen_Answer_Code 3 | 3 type User => 456_UM03 ResponseOnPlatform 1
Rule_75	?a chosen_Answer_Code ?d ?d type User => ?a ResponseOnPlatform 1	208_M005 chosen_Answer_Code 1 | 1 type User => 208_M005 ResponseOnPlatform 1
Rule_75	?a chosen_Answer_Code ?d ?d type User => ?a ResponseOnPlatform 1	77_M004_01 chosen_Answer_Code 10 | 10 type User => 77_M004_01 ResponseOnPlatform 1
Rule_75	?a chosen_Answer_Code ?d ?d type User => ?a ResponseOnPlatform 1	464_UM23 chosen_Answer_Code 5 | 5 type User => 464_UM23 ResponseOnPlatform 1
Rule_75	?a chosen_Answer_Code ?d ?d type User => ?a ResponseOnPlatform 1	212_M003_01 chosen_Answer_Code 8 | 8 type User => 212_M003_01 ResponseOnPlatform 1
Rule_75	?a chosen_Answer_Code ?d ?d type User => ?a ResponseOnPlatform 1	92_M004_01 chosen_Answer_Code 9 | 9 type User => 92_M004_01 ResponseOnPlatform 1
Rule_75	?a chosen_Answer_Code ?d ?d type User => ?a ResponseOnPlatform 1	433_UM13 chosen_Answer_Code 4 | 4 type User => 433_UM13 ResponseOnPlatform 1
Rule_75	?a chosen_Answer_Code ?d ?d type User => ?a ResponseOnPlatform 1	320_SU01_07 chosen_Answer_Code 4 | 4 type User => 320_SU01_07 ResponseOnPlatform 1
Rule_75	?a chosen_Answer_Code ?d ?d type User => ?a ResponseOnPlatform 1	26_M003_01 chosen_Answer_Code 9 | 9 type User => 26_M003_01 ResponseOnPlatform 1
Rule_75	?a chosen_Answer_Code ?d ?d type User => ?a ResponseOnPlatform 1	469_UM02 chosen_Answer_Code 4 | 4 type User => 469_UM02 ResponseOnPlatform 1
Rule_75	?a chosen_Answer_Code ?d ?d type User => ?a ResponseOnPlatform 1	219_M003_01 chosen_Answer_Code 8 | 8 type User => 219_M003_01 ResponseOnPlatform 1
Rule_75	?a chosen_Answer_Code ?d ?d type User => ?a ResponseOnPlatform 1	400_SU01_04 chosen_Answer_Code 4 | 4 type User => 400_SU01_04 ResponseOnPlatform 1
Rule_75	?a chosen_Answer_Code ?d ?d type User => ?a ResponseOnPlatform 1	421_UM13 chosen_Answer_Code 4 | 4 type User => 421_UM13 ResponseOnPlatform 1
Rule_75	?a chosen_Answer_Code ?d ?d type User => ?a ResponseOnPlatform 1	19_M004_01 chosen_Answer_Code 10 | 10 type User => 19_M004_01 ResponseOnPlatform 1
Rule_75	?a chosen_Answer_Code ?d ?d type User => ?a ResponseOnPlatform 1	307_M005 chosen_Answer_Code 1 | 1 type User => 307_M005 ResponseOnPlatform 1
Rule_75	?a chosen_Answer_Code ?d ?d type User => ?a ResponseOnPlatform 1	100_M010_01 chosen_Answer_Code 4 | 4 type User => 100_M010_01 ResponseOnPlatform 1
Rule_75	?a chosen_Answer_Code ?d ?d type User => ?a ResponseOnPlatform 1	70_M004_01 chosen_Answer_Code 8 | 8 type User => 70_M004_01 ResponseOnPlatform 1
Rule_75	?a chosen_Answer_Code ?d ?d type User => ?a ResponseOnPlatform 1	371_SU01_08 chosen_Answer_Code 5 | 5 type User => 371_SU01_08 ResponseOnPlatform 1
Rule_75	?a chosen_Answer_Code ?d ?d type User => ?a ResponseOnPlatform 1	129_M010_01 chosen_Answer_Code 10 | 10 type User => 129_M010_01 ResponseOnPlatform 1
Rule_75	?a chosen_Answer_Code ?d ?d type User => ?a ResponseOnPlatform 1	98_M002_01 chosen_Answer_Code 8 | 8 type User => 98_M002_01 ResponseOnPlatform 1
Rule_75	?a chosen_Answer_Code ?d ?d type User => ?a ResponseOnPlatform 1	109_M004_01 chosen_Answer_Code 10 | 10 type User => 109_M004_01 ResponseOnPlatform 1
Rule_75	?a chosen_Answer_Code ?d ?d type User => ?a ResponseOnPlatform 1	119_M010_01 chosen_Answer_Code 5 | 5 type User => 119_M010_01 ResponseOnPlatform 1
Rule_75	?a chosen_Answer_Code ?d ?d type User => ?a ResponseOnPlatform 1	435_UM03 chosen_Answer_Code 3 | 3 type User => 435_UM03 ResponseOnPlatform 1
Rule_75	?a chosen_Answer_Code ?d ?d type User => ?a ResponseOnPlatform 1	428_UM01 chosen_Answer_Code 3 | 3 type User => 428_UM01 ResponseOnPlatform 1
Rule_75	?a chosen_Answer_Code ?d ?d type User => ?a ResponseOnPlatform 1	293_M006_01 chosen_Answer_Code 8 | 8 type User => 293_M006_01 ResponseOnPlatform 1
Rule_75	?a chosen_Answer_Code ?d ?d type User => ?a ResponseOnPlatform 1	357_SU01_10 chosen_Answer_Code 5 | 5 type User => 357_SU01_10 ResponseOnPlatform 1
Rule_75	?a chosen_Answer_Code ?d ?d type User => ?a ResponseOnPlatform 1	418_UM19 chosen_Answer_Code 4 | 4 type User => 418_UM19 ResponseOnPlatform 1
Rule_75	?a chosen_Answer_Code ?d ?d type User => ?a ResponseOnPlatform 1	341_SU01_05 chosen_Answer_Code 4 | 4 type User => 341_SU01_05 ResponseOnPlatform 1
Rule_75	?a chosen_Answer_Code ?d ?d type User => ?a ResponseOnPlatform 1	222_M006_01 chosen_Answer_Code 9 | 9 type User => 222_M006_01 ResponseOnPlatform 1
Rule_75	?a chosen_Answer_Code ?d ?d type User => ?a ResponseOnPlatform 1	275_M002_01 chosen_Answer_Code 10 | 10 type User => 275_M002_01 ResponseOnPlatform 1
Rule_75	?a chosen_Answer_Code ?d ?d type User => ?a ResponseOnPlatform 1	324_SU01_08 chosen_Answer_Code 4 | 4 type User => 324_SU01_08 ResponseOnPlatform 1
Rule_75	?a chosen_Answer_Code ?d ?d type User => ?a ResponseOnPlatform 1	143_M003_01 chosen_Answer_Code 10 | 10 type User => 143_M003_01 ResponseOnPlatform 1
Rule_75	?a chosen_Answer_Code ?d ?d type User => ?a ResponseOnPlatform 1	484_UM19 chosen_Answer_Code 4 | 4 type User => 484_UM19 ResponseOnPlatform 1
Rule_75	?a chosen_Answer_Code ?d ?d type User => ?a ResponseOnPlatform 1	215_M004_01 chosen_Answer_Code 9 | 9 type User => 215_M004_01 ResponseOnPlatform 1
Rule_75	?a chosen_Answer_Code ?d ?d type User => ?a ResponseOnPlatform 1	464_UM15 chosen_Answer_Code 5 | 5 type User => 464_UM15 ResponseOnPlatform 1
Rule_75	?a chosen_Answer_Code ?d ?d type User => ?a ResponseOnPlatform 1	475_UM12 chosen_Answer_Code 4 | 4 type User => 475_UM12 ResponseOnPlatform 1
Rule_75	?a chosen_Answer_Code ?d ?d type User => ?a ResponseOnPlatform 1	380_SU01_06 chosen_Answer_Code 5 | 5 type User => 380_SU01_06 ResponseOnPlatform 1
Rule_75	?a chosen_Answer_Code ?d ?d type User => ?a ResponseOnPlatform 1	10_M002_01 chosen_Answer_Code 10 | 10 type User => 10_M002_01 ResponseOnPlatform 1
Rule_75	?a chosen_Answer_Code ?d ?d type User => ?a ResponseOnPlatform 1	284_M010_01 chosen_Answer_Code 10 | 10 type User => 284_M010_01 ResponseOnPlatform 1
Rule_75	?a chosen_Answer_Code ?d ?d type User => ?a ResponseOnPlatform 1	90_M002_01 chosen_Answer_Code 10 | 10 type User => 90_M002_01 ResponseOnPlatform 1
Rule_75	?a chosen_Answer_Code ?d ?d type User => ?a ResponseOnPlatform 1	490_UM25 chosen_Answer_Code 3 | 3 type User => 490_UM25 ResponseOnPlatform 1
Rule_75	?a chosen_Answer_Code ?d ?d type User => ?a ResponseOnPlatform 1	413_UM11 chosen_Answer_Code 4 | 4 type User => 413_UM11 ResponseOnPlatform 1
Rule_75	?a chosen_Answer_Code ?d ?d type User => ?a ResponseOnPlatform 1	290_M005 chosen_Answer_Code 1 | 1 type User => 290_M005 ResponseOnPlatform 1
Rule_75	?a chosen_Answer_Code ?d ?d type User => ?a ResponseOnPlatform 1	274_M010_01 chosen_Answer_Code 9 | 9 type User => 274_M010_01 ResponseOnPlatform 1
Rule_75	?a chosen_Answer_Code ?d ?d type User => ?a ResponseOnPlatform 1	324_SU01_06 chosen_Answer_Code 4 | 4 type User => 324_SU01_06 ResponseOnPlatform 1
Rule_75	?a chosen_Answer_Code ?d ?d type User => ?a ResponseOnPlatform 1	482_UM15 chosen_Answer_Code 5 | 5 type User => 482_UM15 ResponseOnPlatform 1
Rule_75	?a chosen_Answer_Code ?d ?d type User => ?a ResponseOnPlatform 1	157_M002_01 chosen_Answer_Code 10 | 10 type User => 157_M002_01 ResponseOnPlatform 1
Rule_75	?a chosen_Answer_Code ?d ?d type User => ?a ResponseOnPlatform 1	459_UM02 chosen_Answer_Code 5 | 5 type User => 459_UM02 ResponseOnPlatform 1
Rule_75	?a chosen_Answer_Code ?d ?d type User => ?a ResponseOnPlatform 1	418_UM13 chosen_Answer_Code 5 | 5 type User => 418_UM13 ResponseOnPlatform 1
Rule_75	?a chosen_Answer_Code ?d ?d type User => ?a ResponseOnPlatform 1	446_UM21 chosen_Answer_Code 3 | 3 type User => 446_UM21 ResponseOnPlatform 1
Rule_75	?a chosen_Answer_Code ?d ?d type User => ?a ResponseOnPlatform 1	192_M010_01 chosen_Answer_Code 6 | 6 type User => 192_M010_01 ResponseOnPlatform 1
Rule_75	?a chosen_Answer_Code ?d ?d type User => ?a ResponseOnPlatform 1	373_SU01_07 chosen_Answer_Code 3 | 3 type User => 373_SU01_07 ResponseOnPlatform 1
Rule_75	?a chosen_Answer_Code ?d ?d type User => ?a ResponseOnPlatform 1	399_SU01_10 chosen_Answer_Code 5 | 5 type User => 399_SU01_10 ResponseOnPlatform 1
Rule_75	?a chosen_Answer_Code ?d ?d type User => ?a ResponseOnPlatform 1	425_UM25 chosen_Answer_Code 4 | 4 type User => 425_UM25 ResponseOnPlatform 1
Rule_75	?a chosen_Answer_Code ?d ?d type User => ?a ResponseOnPlatform 1	312_SU01_05 chosen_Answer_Code 5 | 5 type User => 312_SU01_05 ResponseOnPlatform 1
Rule_75	?a chosen_Answer_Code ?d ?d type User => ?a ResponseOnPlatform 1	439_UM04 chosen_Answer_Code 5 | 5 type User => 439_UM04 ResponseOnPlatform 1
Rule_75	?a chosen_Answer_Code ?d ?d type User => ?a ResponseOnPlatform 1	465_UM20 chosen_Answer_Code 4 | 4 type User => 465_UM20 ResponseOnPlatform 1
Rule_75	?a chosen_Answer_Code ?d ?d type User => ?a ResponseOnPlatform 1	152_M003_01 chosen_Answer_Code 6 | 6 type User => 152_M003_01 ResponseOnPlatform 1
Rule_75	?a chosen_Answer_Code ?d ?d type User => ?a ResponseOnPlatform 1	170_M002_01 chosen_Answer_Code 9 | 9 type User => 170_M002_01 ResponseOnPlatform 1
Rule_75	?a chosen_Answer_Code ?d ?d type User => ?a ResponseOnPlatform 1	62_M005 chosen_Answer_Code 1 | 1 type User => 62_M005 ResponseOnPlatform 1
Rule_75	?a chosen_Answer_Code ?d ?d type User => ?a ResponseOnPlatform 1	340_SU01_06 chosen_Answer_Code 5 | 5 type User => 340_SU01_06 ResponseOnPlatform 1
Rule_75	?a chosen_Answer_Code ?d ?d type User => ?a ResponseOnPlatform 1	428_UM20 chosen_Answer_Code 4 | 4 type User => 428_UM20 ResponseOnPlatform 1
Rule_75	?a chosen_Answer_Code ?d ?d type User => ?a ResponseOnPlatform 1	452_UM20 chosen_Answer_Code 4 | 4 type User => 452_UM20 ResponseOnPlatform 1
Rule_75	?a chosen_Answer_Code ?d ?d type User => ?a ResponseOnPlatform 1	15_M003_01 chosen_Answer_Code 10 | 10 type User => 15_M003_01 ResponseOnPlatform 1
Rule_75	?a chosen_Answer_Code ?d ?d type User => ?a ResponseOnPlatform 1	247_M003_01 chosen_Answer_Code 8 | 8 type User => 247_M003_01 ResponseOnPlatform 1
Rule_75	?a chosen_Answer_Code ?d ?d type User => ?a ResponseOnPlatform 1	357_SU01_07 chosen_Answer_Code 4 | 4 type User => 357_SU01_07 ResponseOnPlatform 1
Rule_75	?a chosen_Answer_Code ?d ?d type User => ?a ResponseOnPlatform 1	397_SU01_01 chosen_Answer_Code 4 | 4 type User => 397_SU01_01 ResponseOnPlatform 1
Rule_75	?a chosen_Answer_Code ?d ?d type User => ?a ResponseOnPlatform 1	373_SU01_04 chosen_Answer_Code 5 | 5 type User => 373_SU01_04 ResponseOnPlatform 1
Rule_75	?a chosen_Answer_Code ?d ?d type User => ?a ResponseOnPlatform 1	481_UM19 chosen_Answer_Code 5 | 5 type User => 481_UM19 ResponseOnPlatform 1
Rule_75	?a chosen_Answer_Code ?d ?d type User => ?a ResponseOnPlatform 1	419_UM25 chosen_Answer_Code 3 | 3 type User => 419_UM25 ResponseOnPlatform 1
Rule_75	?a chosen_Answer_Code ?d ?d type User => ?a ResponseOnPlatform 1	368_SU01_01 chosen_Answer_Code 1 | 1 type User => 368_SU01_01 ResponseOnPlatform 1
Rule_75	?a chosen_Answer_Code ?d ?d type User => ?a ResponseOnPlatform 1	35_M004_01 chosen_Answer_Code 10 | 10 type User => 35_M004_01 ResponseOnPlatform 1
Rule_75	?a chosen_Answer_Code ?d ?d type User => ?a ResponseOnPlatform 1	385_SU01_05 chosen_Answer_Code 4 | 4 type User => 385_SU01_05 ResponseOnPlatform 1
Rule_75	?a chosen_Answer_Code ?d ?d type User => ?a ResponseOnPlatform 1	368_SU01_03 chosen_Answer_Code 5 | 5 type User => 368_SU01_03 ResponseOnPlatform 1
Rule_75	?a chosen_Answer_Code ?d ?d type User => ?a ResponseOnPlatform 1	424_UM03 chosen_Answer_Code 2 | 2 type User => 424_UM03 ResponseOnPlatform 1
Rule_75	?a chosen_Answer_Code ?d ?d type User => ?a ResponseOnPlatform 1	422_UM15 chosen_Answer_Code 5 | 5 type User => 422_UM15 ResponseOnPlatform 1
Rule_75	?a chosen_Answer_Code ?d ?d type User => ?a ResponseOnPlatform 1	24_M002_01 chosen_Answer_Code 8 | 8 type User => 24_M002_01 ResponseOnPlatform 1
Rule_75	?a chosen_Answer_Code ?d ?d type User => ?a ResponseOnPlatform 1	264_M010_01 chosen_Answer_Code 3 | 3 type User => 264_M010_01 ResponseOnPlatform 1
Rule_75	?a chosen_Answer_Code ?d ?d type User => ?a ResponseOnPlatform 1	474_UM11 chosen_Answer_Code 4 | 4 type User => 474_UM11 ResponseOnPlatform 1
Rule_75	?a chosen_Answer_Code ?d ?d type User => ?a ResponseOnPlatform 1	396_SU01_03 chosen_Answer_Code 4 | 4 type User => 396_SU01_03 ResponseOnPlatform 1
Rule_75	?a chosen_Answer_Code ?d ?d type User => ?a ResponseOnPlatform 1	409_UM16 chosen_Answer_Code 5 | 5 type User => 409_UM16 ResponseOnPlatform 1
Rule_75	?a chosen_Answer_Code ?d ?d type User => ?a ResponseOnPlatform 1	31_M003_01 chosen_Answer_Code 10 | 10 type User => 31_M003_01 ResponseOnPlatform 1
Rule_75	?a chosen_Answer_Code ?d ?d type User => ?a ResponseOnPlatform 1	459_UM11 chosen_Answer_Code 4 | 4 type User => 459_UM11 ResponseOnPlatform 1
Rule_75	?a chosen_Answer_Code ?d ?d type User => ?a ResponseOnPlatform 1	409_UM10 chosen_Answer_Code 5 | 5 type User => 409_UM10 ResponseOnPlatform 1
Rule_75	?a chosen_Answer_Code ?d ?d type User => ?a ResponseOnPlatform 1	239_M004_01 chosen_Answer_Code 7 | 7 type User => 239_M004_01 ResponseOnPlatform 1
Rule_75	?a chosen_Answer_Code ?d ?d type User => ?a ResponseOnPlatform 1	356_SU01_08 chosen_Answer_Code 4 | 4 type User => 356_SU01_08 ResponseOnPlatform 1
Rule_75	?a chosen_Answer_Code ?d ?d type User => ?a ResponseOnPlatform 1	180_M004_01 chosen_Answer_Code 7 | 7 type User => 180_M004_01 ResponseOnPlatform 1
Rule_75	?a chosen_Answer_Code ?d ?d type User => ?a ResponseOnPlatform 1	437_UM22 chosen_Answer_Code 5 | 5 type User => 437_UM22 ResponseOnPlatform 1
Rule_75	?a chosen_Answer_Code ?d ?d type User => ?a ResponseOnPlatform 1	465_UM18 chosen_Answer_Code 2 | 2 type User => 465_UM18 ResponseOnPlatform 1
Rule_75	?a chosen_Answer_Code ?d ?d type User => ?a ResponseOnPlatform 1	319_SU01_10 chosen_Answer_Code 4 | 4 type User => 319_SU01_10 ResponseOnPlatform 1
Rule_75	?a chosen_Answer_Code ?d ?d type User => ?a ResponseOnPlatform 1	435_UM19 chosen_Answer_Code 3 | 3 type User => 435_UM19 ResponseOnPlatform 1
Rule_75	?a chosen_Answer_Code ?d ?d type User => ?a ResponseOnPlatform 1	485_UM16 chosen_Answer_Code 5 | 5 type User => 485_UM16 ResponseOnPlatform 1
Rule_75	?a chosen_Answer_Code ?d ?d type User => ?a ResponseOnPlatform 1	27_M010_01 chosen_Answer_Code 3 | 3 type User => 27_M010_01 ResponseOnPlatform 1
Rule_75	?a chosen_Answer_Code ?d ?d type User => ?a ResponseOnPlatform 1	475_UM14 chosen_Answer_Code 5 | 5 type User => 475_UM14 ResponseOnPlatform 1
Rule_75	?a chosen_Answer_Code ?d ?d type User => ?a ResponseOnPlatform 1	472_UM13 chosen_Answer_Code 5 | 5 type User => 472_UM13 ResponseOnPlatform 1
Rule_75	?a chosen_Answer_Code ?d ?d type User => ?a ResponseOnPlatform 1	303_M003_01 chosen_Answer_Code 10 | 10 type User => 303_M003_01 ResponseOnPlatform 1
Rule_75	?a chosen_Answer_Code ?d ?d type User => ?a ResponseOnPlatform 1	80_M004_01 chosen_Answer_Code 8 | 8 type User => 80_M004_01 ResponseOnPlatform 1
Rule_75	?a chosen_Answer_Code ?d ?d type User => ?a ResponseOnPlatform 1	297_M010_01 chosen_Answer_Code 8 | 8 type User => 297_M010_01 ResponseOnPlatform 1
Rule_75	?a chosen_Answer_Code ?d ?d type User => ?a ResponseOnPlatform 1	221_M002_01 chosen_Answer_Code 8 | 8 type User => 221_M002_01 ResponseOnPlatform 1
Rule_75	?a chosen_Answer_Code ?d ?d type User => ?a ResponseOnPlatform 1	450_UM08 chosen_Answer_Code 5 | 5 type User => 450_UM08 ResponseOnPlatform 1
Rule_75	?a chosen_Answer_Code ?d ?d type User => ?a ResponseOnPlatform 1	488_UM24 chosen_Answer_Code 5 | 5 type User => 488_UM24 ResponseOnPlatform 1
Rule_75	?a chosen_Answer_Code ?d ?d type User => ?a ResponseOnPlatform 1	433_UM03 chosen_Answer_Code 3 | 3 type User => 433_UM03 ResponseOnPlatform 1
Rule_75	?a chosen_Answer_Code ?d ?d type User => ?a ResponseOnPlatform 1	425_UM20 chosen_Answer_Code 5 | 5 type User => 425_UM20 ResponseOnPlatform 1
Rule_75	?a chosen_Answer_Code ?d ?d type User => ?a ResponseOnPlatform 1	329_SU01_09 chosen_Answer_Code 5 | 5 type User => 329_SU01_09 ResponseOnPlatform 1
Rule_75	?a chosen_Answer_Code ?d ?d type User => ?a ResponseOnPlatform 1	424_UM09 chosen_Answer_Code 4 | 4 type User => 424_UM09 ResponseOnPlatform 1
Rule_75	?a chosen_Answer_Code ?d ?d type User => ?a ResponseOnPlatform 1	334_SU01_05 chosen_Answer_Code 4 | 4 type User => 334_SU01_05 ResponseOnPlatform 1
Rule_75	?a chosen_Answer_Code ?d ?d type User => ?a ResponseOnPlatform 1	134_M006_01 chosen_Answer_Code 7 | 7 type User => 134_M006_01 ResponseOnPlatform 1
Rule_75	?a chosen_Answer_Code ?d ?d type User => ?a ResponseOnPlatform 1	68_M005 chosen_Answer_Code 2 | 2 type User => 68_M005 ResponseOnPlatform 1
Rule_75	?a chosen_Answer_Code ?d ?d type User => ?a ResponseOnPlatform 1	217_M010_01 chosen_Answer_Code 5 | 5 type User => 217_M010_01 ResponseOnPlatform 1
Rule_75	?a chosen_Answer_Code ?d ?d type User => ?a ResponseOnPlatform 1	277_M002_01 chosen_Answer_Code 8 | 8 type User => 277_M002_01 ResponseOnPlatform 1
Rule_75	?a chosen_Answer_Code ?d ?d type User => ?a ResponseOnPlatform 1	435_UM04 chosen_Answer_Code 3 | 3 type User => 435_UM04 ResponseOnPlatform 1
Rule_75	?a chosen_Answer_Code ?d ?d type User => ?a ResponseOnPlatform 1	114_M005 chosen_Answer_Code 1 | 1 type User => 114_M005 ResponseOnPlatform 1
Rule_75	?a chosen_Answer_Code ?d ?d type User => ?a ResponseOnPlatform 1	452_UM16 chosen_Answer_Code 4 | 4 type User => 452_UM16 ResponseOnPlatform 1
Rule_75	?a chosen_Answer_Code ?d ?d type User => ?a ResponseOnPlatform 1	262_M003_01 chosen_Answer_Code 8 | 8 type User => 262_M003_01 ResponseOnPlatform 1
Rule_75	?a chosen_Answer_Code ?d ?d type User => ?a ResponseOnPlatform 1	423_UM13 chosen_Answer_Code 4 | 4 type User => 423_UM13 ResponseOnPlatform 1
Rule_75	?a chosen_Answer_Code ?d ?d type User => ?a ResponseOnPlatform 1	200_M004_01 chosen_Answer_Code 8 | 8 type User => 200_M004_01 ResponseOnPlatform 1
Rule_75	?a chosen_Answer_Code ?d ?d type User => ?a ResponseOnPlatform 1	101_M006_01 chosen_Answer_Code 10 | 10 type User => 101_M006_01 ResponseOnPlatform 1
Rule_75	?a chosen_Answer_Code ?d ?d type User => ?a ResponseOnPlatform 1	229_M010_01 chosen_Answer_Code 10 | 10 type User => 229_M010_01 ResponseOnPlatform 1
Rule_75	?a chosen_Answer_Code ?d ?d type User => ?a ResponseOnPlatform 1	435_UM25 chosen_Answer_Code 3 | 3 type User => 435_UM25 ResponseOnPlatform 1
Rule_75	?a chosen_Answer_Code ?d ?d type User => ?a ResponseOnPlatform 1	205_M010_01 chosen_Answer_Code 8 | 8 type User => 205_M010_01 ResponseOnPlatform 1
Rule_75	?a chosen_Answer_Code ?d ?d type User => ?a ResponseOnPlatform 1	173_M010_01 chosen_Answer_Code 6 | 6 type User => 173_M010_01 ResponseOnPlatform 1
Rule_75	?a chosen_Answer_Code ?d ?d type User => ?a ResponseOnPlatform 1	469_UM08 chosen_Answer_Code 5 | 5 type User => 469_UM08 ResponseOnPlatform 1
Rule_75	?a chosen_Answer_Code ?d ?d type User => ?a ResponseOnPlatform 1	48_M004_01 chosen_Answer_Code 6 | 6 type User => 48_M004_01 ResponseOnPlatform 1
Rule_75	?a chosen_Answer_Code ?d ?d type User => ?a ResponseOnPlatform 1	463_UM13 chosen_Answer_Code 5 | 5 type User => 463_UM13 ResponseOnPlatform 1
Rule_75	?a chosen_Answer_Code ?d ?d type User => ?a ResponseOnPlatform 1	468_UM12 chosen_Answer_Code 4 | 4 type User => 468_UM12 ResponseOnPlatform 1
Rule_75	?a chosen_Answer_Code ?d ?d type User => ?a ResponseOnPlatform 1	447_UM16 chosen_Answer_Code 4 | 4 type User => 447_UM16 ResponseOnPlatform 1
Rule_75	?a chosen_Answer_Code ?d ?d type User => ?a ResponseOnPlatform 1	465_UM17 chosen_Answer_Code 2 | 2 type User => 465_UM17 ResponseOnPlatform 1
Rule_75	?a chosen_Answer_Code ?d ?d type User => ?a ResponseOnPlatform 1	226_M004_01 chosen_Answer_Code 10 | 10 type User => 226_M004_01 ResponseOnPlatform 1
Rule_75	?a chosen_Answer_Code ?d ?d type User => ?a ResponseOnPlatform 1	410_UM15 chosen_Answer_Code 5 | 5 type User => 410_UM15 ResponseOnPlatform 1
Rule_75	?a chosen_Answer_Code ?d ?d type User => ?a ResponseOnPlatform 1	430_UM10 chosen_Answer_Code 4 | 4 type User => 430_UM10 ResponseOnPlatform 1
Rule_75	?a chosen_Answer_Code ?d ?d type User => ?a ResponseOnPlatform 1	374_SU01_08 chosen_Answer_Code 5 | 5 type User => 374_SU01_08 ResponseOnPlatform 1
Rule_75	?a chosen_Answer_Code ?d ?d type User => ?a ResponseOnPlatform 1	14_M004_01 chosen_Answer_Code 8 | 8 type User => 14_M004_01 ResponseOnPlatform 1
Rule_75	?a chosen_Answer_Code ?d ?d type User => ?a ResponseOnPlatform 1	27_M005 chosen_Answer_Code 2 | 2 type User => 27_M005 ResponseOnPlatform 1
Rule_75	?a chosen_Answer_Code ?d ?d type User => ?a ResponseOnPlatform 1	488_UM14 chosen_Answer_Code 4 | 4 type User => 488_UM14 ResponseOnPlatform 1
Rule_75	?a chosen_Answer_Code ?d ?d type User => ?a ResponseOnPlatform 1	174_M002_01 chosen_Answer_Code 7 | 7 type User => 174_M002_01 ResponseOnPlatform 1
Rule_75	?a chosen_Answer_Code ?d ?d type User => ?a ResponseOnPlatform 1	371_SU01_09 chosen_Answer_Code 2 | 2 type User => 371_SU01_09 ResponseOnPlatform 1
Rule_75	?a chosen_Answer_Code ?d ?d type User => ?a ResponseOnPlatform 1	372_SU01_04 chosen_Answer_Code 5 | 5 type User => 372_SU01_04 ResponseOnPlatform 1
Rule_75	?a chosen_Answer_Code ?d ?d type User => ?a ResponseOnPlatform 1	326_SU01_02 chosen_Answer_Code 5 | 5 type User => 326_SU01_02 ResponseOnPlatform 1
Rule_75	?a chosen_Answer_Code ?d ?d type User => ?a ResponseOnPlatform 1	141_M002_01 chosen_Answer_Code 8 | 8 type User => 141_M002_01 ResponseOnPlatform 1
Rule_75	?a chosen_Answer_Code ?d ?d type User => ?a ResponseOnPlatform 1	313_SU01_09 chosen_Answer_Code 5 | 5 type User => 313_SU01_09 ResponseOnPlatform 1
Rule_75	?a chosen_Answer_Code ?d ?d type User => ?a ResponseOnPlatform 1	445_UM07 chosen_Answer_Code 3 | 3 type User => 445_UM07 ResponseOnPlatform 1
Rule_75	?a chosen_Answer_Code ?d ?d type User => ?a ResponseOnPlatform 1	382_SU01_06 chosen_Answer_Code 4 | 4 type User => 382_SU01_06 ResponseOnPlatform 1
Rule_75	?a chosen_Answer_Code ?d ?d type User => ?a ResponseOnPlatform 1	383_SU01_02 chosen_Answer_Code 4 | 4 type User => 383_SU01_02 ResponseOnPlatform 1
Rule_75	?a chosen_Answer_Code ?d ?d type User => ?a ResponseOnPlatform 1	70_M010_01 chosen_Answer_Code 10 | 10 type User => 70_M010_01 ResponseOnPlatform 1
Rule_75	?a chosen_Answer_Code ?d ?d type User => ?a ResponseOnPlatform 1	465_UM14 chosen_Answer_Code 5 | 5 type User => 465_UM14 ResponseOnPlatform 1
Rule_75	?a chosen_Answer_Code ?d ?d type User => ?a ResponseOnPlatform 1	401_SU01_06 chosen_Answer_Code 5 | 5 type User => 401_SU01_06 ResponseOnPlatform 1
Rule_75	?a chosen_Answer_Code ?d ?d type User => ?a ResponseOnPlatform 1	208_M004_01 chosen_Answer_Code 8 | 8 type User => 208_M004_01 ResponseOnPlatform 1
Rule_75	?a chosen_Answer_Code ?d ?d type User => ?a ResponseOnPlatform 1	243_M006_01 chosen_Answer_Code 9 | 9 type User => 243_M006_01 ResponseOnPlatform 1
Rule_75	?a chosen_Answer_Code ?d ?d type User => ?a ResponseOnPlatform 1	478_UM16 chosen_Answer_Code 3 | 3 type User => 478_UM16 ResponseOnPlatform 1
Rule_75	?a chosen_Answer_Code ?d ?d type User => ?a ResponseOnPlatform 1	365_SU01_01 chosen_Answer_Code 4 | 4 type User => 365_SU01_01 ResponseOnPlatform 1
Rule_75	?a chosen_Answer_Code ?d ?d type User => ?a ResponseOnPlatform 1	152_M005 chosen_Answer_Code 2 | 2 type User => 152_M005 ResponseOnPlatform 1
Rule_75	?a chosen_Answer_Code ?d ?d type User => ?a ResponseOnPlatform 1	110_M002_01 chosen_Answer_Code 10 | 10 type User => 110_M002_01 ResponseOnPlatform 1
Rule_75	?a chosen_Answer_Code ?d ?d type User => ?a ResponseOnPlatform 1	430_UM23 chosen_Answer_Code 4 | 4 type User => 430_UM23 ResponseOnPlatform 1
Rule_75	?a chosen_Answer_Code ?d ?d type User => ?a ResponseOnPlatform 1	167_M003_01 chosen_Answer_Code 10 | 10 type User => 167_M003_01 ResponseOnPlatform 1
Rule_75	?a chosen_Answer_Code ?d ?d type User => ?a ResponseOnPlatform 1	332_SU01_08 chosen_Answer_Code 5 | 5 type User => 332_SU01_08 ResponseOnPlatform 1
Rule_75	?a chosen_Answer_Code ?d ?d type User => ?a ResponseOnPlatform 1	391_SU01_01 chosen_Answer_Code 4 | 4 type User => 391_SU01_01 ResponseOnPlatform 1
Rule_75	?a chosen_Answer_Code ?d ?d type User => ?a ResponseOnPlatform 1	30_M006_01 chosen_Answer_Code 8 | 8 type User => 30_M006_01 ResponseOnPlatform 1
Rule_75	?a chosen_Answer_Code ?d ?d type User => ?a ResponseOnPlatform 1	423_UM04 chosen_Answer_Code 4 | 4 type User => 423_UM04 ResponseOnPlatform 1
Rule_75	?a chosen_Answer_Code ?d ?d type User => ?a ResponseOnPlatform 1	186_M003_01 chosen_Answer_Code 6 | 6 type User => 186_M003_01 ResponseOnPlatform 1
Rule_75	?a chosen_Answer_Code ?d ?d type User => ?a ResponseOnPlatform 1	385_SU01_09 chosen_Answer_Code 4 | 4 type User => 385_SU01_09 ResponseOnPlatform 1
Rule_75	?a chosen_Answer_Code ?d ?d type User => ?a ResponseOnPlatform 1	397_SU01_08 chosen_Answer_Code 5 | 5 type User => 397_SU01_08 ResponseOnPlatform 1
Rule_75	?a chosen_Answer_Code ?d ?d type User => ?a ResponseOnPlatform 1	463_UM20 chosen_Answer_Code 5 | 5 type User => 463_UM20 ResponseOnPlatform 1
Rule_75	?a chosen_Answer_Code ?d ?d type User => ?a ResponseOnPlatform 1	467_UM01 chosen_Answer_Code 4 | 4 type User => 467_UM01 ResponseOnPlatform 1
Rule_75	?a chosen_Answer_Code ?d ?d type User => ?a ResponseOnPlatform 1	176_M010_01 chosen_Answer_Code 9 | 9 type User => 176_M010_01 ResponseOnPlatform 1
Rule_75	?a chosen_Answer_Code ?d ?d type User => ?a ResponseOnPlatform 1	413_UM24 chosen_Answer_Code 4 | 4 type User => 413_UM24 ResponseOnPlatform 1
Rule_75	?a chosen_Answer_Code ?d ?d type User => ?a ResponseOnPlatform 1	91_M010_01 chosen_Answer_Code 9 | 9 type User => 91_M010_01 ResponseOnPlatform 1
Rule_75	?a chosen_Answer_Code ?d ?d type User => ?a ResponseOnPlatform 1	398_SU01_01 chosen_Answer_Code 3 | 3 type User => 398_SU01_01 ResponseOnPlatform 1
Rule_75	?a chosen_Answer_Code ?d ?d type User => ?a ResponseOnPlatform 1	178_M003_01 chosen_Answer_Code 10 | 10 type User => 178_M003_01 ResponseOnPlatform 1
Rule_75	?a chosen_Answer_Code ?d ?d type User => ?a ResponseOnPlatform 1	308_M010_01 chosen_Answer_Code 6 | 6 type User => 308_M010_01 ResponseOnPlatform 1
Rule_75	?a chosen_Answer_Code ?d ?d type User => ?a ResponseOnPlatform 1	450_UM25 chosen_Answer_Code 2 | 2 type User => 450_UM25 ResponseOnPlatform 1
Rule_75	?a chosen_Answer_Code ?d ?d type User => ?a ResponseOnPlatform 1	91_M003_01 chosen_Answer_Code 10 | 10 type User => 91_M003_01 ResponseOnPlatform 1
Rule_75	?a chosen_Answer_Code ?d ?d type User => ?a ResponseOnPlatform 1	429_UM21 chosen_Answer_Code 3 | 3 type User => 429_UM21 ResponseOnPlatform 1
Rule_75	?a chosen_Answer_Code ?d ?d type User => ?a ResponseOnPlatform 1	452_UM18 chosen_Answer_Code 2 | 2 type User => 452_UM18 ResponseOnPlatform 1
Rule_75	?a chosen_Answer_Code ?d ?d type User => ?a ResponseOnPlatform 1	130_M003_01 chosen_Answer_Code 8 | 8 type User => 130_M003_01 ResponseOnPlatform 1
Rule_75	?a chosen_Answer_Code ?d ?d type User => ?a ResponseOnPlatform 1	473_UM23 chosen_Answer_Code 3 | 3 type User => 473_UM23 ResponseOnPlatform 1
Rule_75	?a chosen_Answer_Code ?d ?d type User => ?a ResponseOnPlatform 1	429_UM01 chosen_Answer_Code 3 | 3 type User => 429_UM01 ResponseOnPlatform 1
Rule_75	?a chosen_Answer_Code ?d ?d type User => ?a ResponseOnPlatform 1	160_M004_01 chosen_Answer_Code 9 | 9 type User => 160_M004_01 ResponseOnPlatform 1
Rule_75	?a chosen_Answer_Code ?d ?d type User => ?a ResponseOnPlatform 1	476_UM08 chosen_Answer_Code 4 | 4 type User => 476_UM08 ResponseOnPlatform 1
Rule_75	?a chosen_Answer_Code ?d ?d type User => ?a ResponseOnPlatform 1	60_M005 chosen_Answer_Code 1 | 1 type User => 60_M005 ResponseOnPlatform 1
Rule_75	?a chosen_Answer_Code ?d ?d type User => ?a ResponseOnPlatform 1	255_M004_01 chosen_Answer_Code 10 | 10 type User => 255_M004_01 ResponseOnPlatform 1
Rule_75	?a chosen_Answer_Code ?d ?d type User => ?a ResponseOnPlatform 1	413_UM20 chosen_Answer_Code 5 | 5 type User => 413_UM20 ResponseOnPlatform 1
Rule_75	?a chosen_Answer_Code ?d ?d type User => ?a ResponseOnPlatform 1	16_M002_01 chosen_Answer_Code 7 | 7 type User => 16_M002_01 ResponseOnPlatform 1
Rule_75	?a chosen_Answer_Code ?d ?d type User => ?a ResponseOnPlatform 1	474_UM20 chosen_Answer_Code 4 | 4 type User => 474_UM20 ResponseOnPlatform 1
Rule_75	?a chosen_Answer_Code ?d ?d type User => ?a ResponseOnPlatform 1	430_UM13 chosen_Answer_Code 4 | 4 type User => 430_UM13 ResponseOnPlatform 1
Rule_75	?a chosen_Answer_Code ?d ?d type User => ?a ResponseOnPlatform 1	314_SU01_02 chosen_Answer_Code 3 | 3 type User => 314_SU01_02 ResponseOnPlatform 1
Rule_75	?a chosen_Answer_Code ?d ?d type User => ?a ResponseOnPlatform 1	443_UM14 chosen_Answer_Code 5 | 5 type User => 443_UM14 ResponseOnPlatform 1
Rule_75	?a chosen_Answer_Code ?d ?d type User => ?a ResponseOnPlatform 1	86_M010_01 chosen_Answer_Code 4 | 4 type User => 86_M010_01 ResponseOnPlatform 1
Rule_75	?a chosen_Answer_Code ?d ?d type User => ?a ResponseOnPlatform 1	346_SU01_03 chosen_Answer_Code 3 | 3 type User => 346_SU01_03 ResponseOnPlatform 1
Rule_75	?a chosen_Answer_Code ?d ?d type User => ?a ResponseOnPlatform 1	447_UM11 chosen_Answer_Code 3 | 3 type User => 447_UM11 ResponseOnPlatform 1
Rule_75	?a chosen_Answer_Code ?d ?d type User => ?a ResponseOnPlatform 1	81_M010_01 chosen_Answer_Code 8 | 8 type User => 81_M010_01 ResponseOnPlatform 1
Rule_75	?a chosen_Answer_Code ?d ?d type User => ?a ResponseOnPlatform 1	107_M002_01 chosen_Answer_Code 8 | 8 type User => 107_M002_01 ResponseOnPlatform 1
Rule_75	?a chosen_Answer_Code ?d ?d type User => ?a ResponseOnPlatform 1	76_M006_01 chosen_Answer_Code 6 | 6 type User => 76_M006_01 ResponseOnPlatform 1
Rule_75	?a chosen_Answer_Code ?d ?d type User => ?a ResponseOnPlatform 1	252_M005 chosen_Answer_Code 1 | 1 type User => 252_M005 ResponseOnPlatform 1
Rule_75	?a chosen_Answer_Code ?d ?d type User => ?a ResponseOnPlatform 1	437_UM10 chosen_Answer_Code 4 | 4 type User => 437_UM10 ResponseOnPlatform 1
Rule_75	?a chosen_Answer_Code ?d ?d type User => ?a ResponseOnPlatform 1	425_UM18 chosen_Answer_Code 3 | 3 type User => 425_UM18 ResponseOnPlatform 1
Rule_75	?a chosen_Answer_Code ?d ?d type User => ?a ResponseOnPlatform 1	273_M010_01 chosen_Answer_Code 10 | 10 type User => 273_M010_01 ResponseOnPlatform 1
Rule_75	?a chosen_Answer_Code ?d ?d type User => ?a ResponseOnPlatform 1	439_UM18 chosen_Answer_Code 1 | 1 type User => 439_UM18 ResponseOnPlatform 1
Rule_75	?a chosen_Answer_Code ?d ?d type User => ?a ResponseOnPlatform 1	483_UM20 chosen_Answer_Code 3 | 3 type User => 483_UM20 ResponseOnPlatform 1
Rule_75	?a chosen_Answer_Code ?d ?d type User => ?a ResponseOnPlatform 1	469_UM06 chosen_Answer_Code 4 | 4 type User => 469_UM06 ResponseOnPlatform 1
Rule_75	?a chosen_Answer_Code ?d ?d type User => ?a ResponseOnPlatform 1	99_M005 chosen_Answer_Code 1 | 1 type User => 99_M005 ResponseOnPlatform 1
Rule_75	?a chosen_Answer_Code ?d ?d type User => ?a ResponseOnPlatform 1	249_M006_01 chosen_Answer_Code 5 | 5 type User => 249_M006_01 ResponseOnPlatform 1
Rule_75	?a chosen_Answer_Code ?d ?d type User => ?a ResponseOnPlatform 1	308_M005 chosen_Answer_Code 2 | 2 type User => 308_M005 ResponseOnPlatform 1
Rule_75	?a chosen_Answer_Code ?d ?d type User => ?a ResponseOnPlatform 1	420_UM03 chosen_Answer_Code 3 | 3 type User => 420_UM03 ResponseOnPlatform 1
Rule_75	?a chosen_Answer_Code ?d ?d type User => ?a ResponseOnPlatform 1	247_M006_01 chosen_Answer_Code 8 | 8 type User => 247_M006_01 ResponseOnPlatform 1
Rule_75	?a chosen_Answer_Code ?d ?d type User => ?a ResponseOnPlatform 1	252_M010_01 chosen_Answer_Code 9 | 9 type User => 252_M010_01 ResponseOnPlatform 1
Rule_75	?a chosen_Answer_Code ?d ?d type User => ?a ResponseOnPlatform 1	438_UM22 chosen_Answer_Code 4 | 4 type User => 438_UM22 ResponseOnPlatform 1
Rule_75	?a chosen_Answer_Code ?d ?d type User => ?a ResponseOnPlatform 1	220_M005 chosen_Answer_Code 1 | 1 type User => 220_M005 ResponseOnPlatform 1
Rule_75	?a chosen_Answer_Code ?d ?d type User => ?a ResponseOnPlatform 1	489_UM12 chosen_Answer_Code 5 | 5 type User => 489_UM12 ResponseOnPlatform 1
Rule_75	?a chosen_Answer_Code ?d ?d type User => ?a ResponseOnPlatform 1	231_M003_01 chosen_Answer_Code 9 | 9 type User => 231_M003_01 ResponseOnPlatform 1
Rule_75	?a chosen_Answer_Code ?d ?d type User => ?a ResponseOnPlatform 1	484_UM11 chosen_Answer_Code 4 | 4 type User => 484_UM11 ResponseOnPlatform 1
Rule_75	?a chosen_Answer_Code ?d ?d type User => ?a ResponseOnPlatform 1	485_UM15 chosen_Answer_Code 5 | 5 type User => 485_UM15 ResponseOnPlatform 1
Rule_75	?a chosen_Answer_Code ?d ?d type User => ?a ResponseOnPlatform 1	473_UM13 chosen_Answer_Code 4 | 4 type User => 473_UM13 ResponseOnPlatform 1
Rule_75	?a chosen_Answer_Code ?d ?d type User => ?a ResponseOnPlatform 1	293_M010_01 chosen_Answer_Code 8 | 8 type User => 293_M010_01 ResponseOnPlatform 1
Rule_75	?a chosen_Answer_Code ?d ?d type User => ?a ResponseOnPlatform 1	424_UM16 chosen_Answer_Code 3 | 3 type User => 424_UM16 ResponseOnPlatform 1
Rule_75	?a chosen_Answer_Code ?d ?d type User => ?a ResponseOnPlatform 1	419_UM02 chosen_Answer_Code 3 | 3 type User => 419_UM02 ResponseOnPlatform 1
Rule_75	?a chosen_Answer_Code ?d ?d type User => ?a ResponseOnPlatform 1	489_UM22 chosen_Answer_Code 5 | 5 type User => 489_UM22 ResponseOnPlatform 1
Rule_75	?a chosen_Answer_Code ?d ?d type User => ?a ResponseOnPlatform 1	196_M003_01 chosen_Answer_Code 8 | 8 type User => 196_M003_01 ResponseOnPlatform 1
Rule_75	?a chosen_Answer_Code ?d ?d type User => ?a ResponseOnPlatform 1	491_UM06 chosen_Answer_Code 4 | 4 type User => 491_UM06 ResponseOnPlatform 1
Rule_75	?a chosen_Answer_Code ?d ?d type User => ?a ResponseOnPlatform 1	419_UM16 chosen_Answer_Code 3 | 3 type User => 419_UM16 ResponseOnPlatform 1
Rule_75	?a chosen_Answer_Code ?d ?d type User => ?a ResponseOnPlatform 1	91_M002_01 chosen_Answer_Code 9 | 9 type User => 91_M002_01 ResponseOnPlatform 1
Rule_75	?a chosen_Answer_Code ?d ?d type User => ?a ResponseOnPlatform 1	344_SU01_04 chosen_Answer_Code 5 | 5 type User => 344_SU01_04 ResponseOnPlatform 1
Rule_75	?a chosen_Answer_Code ?d ?d type User => ?a ResponseOnPlatform 1	393_SU01_01 chosen_Answer_Code 4 | 4 type User => 393_SU01_01 ResponseOnPlatform 1
Rule_75	?a chosen_Answer_Code ?d ?d type User => ?a ResponseOnPlatform 1	52_M006_01 chosen_Answer_Code 8 | 8 type User => 52_M006_01 ResponseOnPlatform 1
Rule_75	?a chosen_Answer_Code ?d ?d type User => ?a ResponseOnPlatform 1	476_UM01 chosen_Answer_Code 3 | 3 type User => 476_UM01 ResponseOnPlatform 1
Rule_75	?a chosen_Answer_Code ?d ?d type User => ?a ResponseOnPlatform 1	438_UM03 chosen_Answer_Code 4 | 4 type User => 438_UM03 ResponseOnPlatform 1
Rule_75	?a chosen_Answer_Code ?d ?d type User => ?a ResponseOnPlatform 1	386_SU01_01 chosen_Answer_Code 5 | 5 type User => 386_SU01_01 ResponseOnPlatform 1
Rule_75	?a chosen_Answer_Code ?d ?d type User => ?a ResponseOnPlatform 1	230_M010_01 chosen_Answer_Code 8 | 8 type User => 230_M010_01 ResponseOnPlatform 1
Rule_75	?a chosen_Answer_Code ?d ?d type User => ?a ResponseOnPlatform 1	281_M006_01 chosen_Answer_Code 10 | 10 type User => 281_M006_01 ResponseOnPlatform 1
Rule_75	?a chosen_Answer_Code ?d ?d type User => ?a ResponseOnPlatform 1	427_UM03 chosen_Answer_Code 3 | 3 type User => 427_UM03 ResponseOnPlatform 1
Rule_75	?a chosen_Answer_Code ?d ?d type User => ?a ResponseOnPlatform 1	361_SU01_09 chosen_Answer_Code 5 | 5 type User => 361_SU01_09 ResponseOnPlatform 1
Rule_75	?a chosen_Answer_Code ?d ?d type User => ?a ResponseOnPlatform 1	478_UM06 chosen_Answer_Code 5 | 5 type User => 478_UM06 ResponseOnPlatform 1
Rule_75	?a chosen_Answer_Code ?d ?d type User => ?a ResponseOnPlatform 1	217_M005 chosen_Answer_Code 1 | 1 type User => 217_M005 ResponseOnPlatform 1
Rule_75	?a chosen_Answer_Code ?d ?d type User => ?a ResponseOnPlatform 1	92_M005 chosen_Answer_Code 1 | 1 type User => 92_M005 ResponseOnPlatform 1
Rule_75	?a chosen_Answer_Code ?d ?d type User => ?a ResponseOnPlatform 1	325_SU01_10 chosen_Answer_Code 5 | 5 type User => 325_SU01_10 ResponseOnPlatform 1
Rule_75	?a chosen_Answer_Code ?d ?d type User => ?a ResponseOnPlatform 1	101_M010_01 chosen_Answer_Code 1 | 1 type User => 101_M010_01 ResponseOnPlatform 1
Rule_75	?a chosen_Answer_Code ?d ?d type User => ?a ResponseOnPlatform 1	445_UM02 chosen_Answer_Code 4 | 4 type User => 445_UM02 ResponseOnPlatform 1
Rule_75	?a chosen_Answer_Code ?d ?d type User => ?a ResponseOnPlatform 1	445_UM21 chosen_Answer_Code 5 | 5 type User => 445_UM21 ResponseOnPlatform 1
Rule_75	?a chosen_Answer_Code ?d ?d type User => ?a ResponseOnPlatform 1	321_SU01_02 chosen_Answer_Code 5 | 5 type User => 321_SU01_02 ResponseOnPlatform 1
Rule_75	?a chosen_Answer_Code ?d ?d type User => ?a ResponseOnPlatform 1	47_M003_01 chosen_Answer_Code 8 | 8 type User => 47_M003_01 ResponseOnPlatform 1
Rule_75	?a chosen_Answer_Code ?d ?d type User => ?a ResponseOnPlatform 1	88_M010_01 chosen_Answer_Code 10 | 10 type User => 88_M010_01 ResponseOnPlatform 1
Rule_75	?a chosen_Answer_Code ?d ?d type User => ?a ResponseOnPlatform 1	278_M004_01 chosen_Answer_Code 9 | 9 type User => 278_M004_01 ResponseOnPlatform 1
Rule_75	?a chosen_Answer_Code ?d ?d type User => ?a ResponseOnPlatform 1	256_M005 chosen_Answer_Code 3 | 3 type User => 256_M005 ResponseOnPlatform 1
Rule_75	?a chosen_Answer_Code ?d ?d type User => ?a ResponseOnPlatform 1	372_SU01_07 chosen_Answer_Code 5 | 5 type User => 372_SU01_07 ResponseOnPlatform 1
Rule_75	?a chosen_Answer_Code ?d ?d type User => ?a ResponseOnPlatform 1	468_UM13 chosen_Answer_Code 4 | 4 type User => 468_UM13 ResponseOnPlatform 1
Rule_75	?a chosen_Answer_Code ?d ?d type User => ?a ResponseOnPlatform 1	383_SU01_09 chosen_Answer_Code 2 | 2 type User => 383_SU01_09 ResponseOnPlatform 1
Rule_75	?a chosen_Answer_Code ?d ?d type User => ?a ResponseOnPlatform 1	415_UM15 chosen_Answer_Code 4 | 4 type User => 415_UM15 ResponseOnPlatform 1
Rule_75	?a chosen_Answer_Code ?d ?d type User => ?a ResponseOnPlatform 1	139_M006_01 chosen_Answer_Code 9 | 9 type User => 139_M006_01 ResponseOnPlatform 1
Rule_75	?a chosen_Answer_Code ?d ?d type User => ?a ResponseOnPlatform 1	137_M002_01 chosen_Answer_Code 10 | 10 type User => 137_M002_01 ResponseOnPlatform 1
Rule_75	?a chosen_Answer_Code ?d ?d type User => ?a ResponseOnPlatform 1	415_UM20 chosen_Answer_Code 5 | 5 type User => 415_UM20 ResponseOnPlatform 1
Rule_75	?a chosen_Answer_Code ?d ?d type User => ?a ResponseOnPlatform 1	146_M010_01 chosen_Answer_Code 9 | 9 type User => 146_M010_01 ResponseOnPlatform 1
Rule_75	?a chosen_Answer_Code ?d ?d type User => ?a ResponseOnPlatform 1	403_SU01_10 chosen_Answer_Code 5 | 5 type User => 403_SU01_10 ResponseOnPlatform 1
Rule_75	?a chosen_Answer_Code ?d ?d type User => ?a ResponseOnPlatform 1	267_M003_01 chosen_Answer_Code 8 | 8 type User => 267_M003_01 ResponseOnPlatform 1
Rule_75	?a chosen_Answer_Code ?d ?d type User => ?a ResponseOnPlatform 1	356_SU01_05 chosen_Answer_Code 3 | 3 type User => 356_SU01_05 ResponseOnPlatform 1
Rule_75	?a chosen_Answer_Code ?d ?d type User => ?a ResponseOnPlatform 1	473_UM04 chosen_Answer_Code 2 | 2 type User => 473_UM04 ResponseOnPlatform 1
Rule_75	?a chosen_Answer_Code ?d ?d type User => ?a ResponseOnPlatform 1	427_UM20 chosen_Answer_Code 3 | 3 type User => 427_UM20 ResponseOnPlatform 1
Rule_75	?a chosen_Answer_Code ?d ?d type User => ?a ResponseOnPlatform 1	471_UM09 chosen_Answer_Code 4 | 4 type User => 471_UM09 ResponseOnPlatform 1
Rule_75	?a chosen_Answer_Code ?d ?d type User => ?a ResponseOnPlatform 1	421_UM25 chosen_Answer_Code 4 | 4 type User => 421_UM25 ResponseOnPlatform 1
Rule_75	?a chosen_Answer_Code ?d ?d type User => ?a ResponseOnPlatform 1	471_UM15 chosen_Answer_Code 4 | 4 type User => 471_UM15 ResponseOnPlatform 1
Rule_75	?a chosen_Answer_Code ?d ?d type User => ?a ResponseOnPlatform 1	144_M002_01 chosen_Answer_Code 10 | 10 type User => 144_M002_01 ResponseOnPlatform 1
Rule_75	?a chosen_Answer_Code ?d ?d type User => ?a ResponseOnPlatform 1	474_UM12 chosen_Answer_Code 4 | 4 type User => 474_UM12 ResponseOnPlatform 1
Rule_75	?a chosen_Answer_Code ?d ?d type User => ?a ResponseOnPlatform 1	232_M003_01 chosen_Answer_Code 8 | 8 type User => 232_M003_01 ResponseOnPlatform 1
Rule_75	?a chosen_Answer_Code ?d ?d type User => ?a ResponseOnPlatform 1	226_M003_01 chosen_Answer_Code 9 | 9 type User => 226_M003_01 ResponseOnPlatform 1
Rule_75	?a chosen_Answer_Code ?d ?d type User => ?a ResponseOnPlatform 1	438_UM07 chosen_Answer_Code 4 | 4 type User => 438_UM07 ResponseOnPlatform 1
Rule_75	?a chosen_Answer_Code ?d ?d type User => ?a ResponseOnPlatform 1	482_UM07 chosen_Answer_Code 5 | 5 type User => 482_UM07 ResponseOnPlatform 1
Rule_75	?a chosen_Answer_Code ?d ?d type User => ?a ResponseOnPlatform 1	361_SU01_10 chosen_Answer_Code 5 | 5 type User => 361_SU01_10 ResponseOnPlatform 1
Rule_75	?a chosen_Answer_Code ?d ?d type User => ?a ResponseOnPlatform 1	420_UM08 chosen_Answer_Code 5 | 5 type User => 420_UM08 ResponseOnPlatform 1
Rule_75	?a chosen_Answer_Code ?d ?d type User => ?a ResponseOnPlatform 1	453_UM17 chosen_Answer_Code 4 | 4 type User => 453_UM17 ResponseOnPlatform 1
Rule_75	?a chosen_Answer_Code ?d ?d type User => ?a ResponseOnPlatform 1	64_M005 chosen_Answer_Code 1 | 1 type User => 64_M005 ResponseOnPlatform 1
Rule_75	?a chosen_Answer_Code ?d ?d type User => ?a ResponseOnPlatform 1	114_M002_01 chosen_Answer_Code 10 | 10 type User => 114_M002_01 ResponseOnPlatform 1
Rule_75	?a chosen_Answer_Code ?d ?d type User => ?a ResponseOnPlatform 1	390_SU01_07 chosen_Answer_Code 4 | 4 type User => 390_SU01_07 ResponseOnPlatform 1
Rule_75	?a chosen_Answer_Code ?d ?d type User => ?a ResponseOnPlatform 1	421_UM08 chosen_Answer_Code 5 | 5 type User => 421_UM08 ResponseOnPlatform 1
Rule_75	?a chosen_Answer_Code ?d ?d type User => ?a ResponseOnPlatform 1	40_M002_01 chosen_Answer_Code 8 | 8 type User => 40_M002_01 ResponseOnPlatform 1
Rule_75	?a chosen_Answer_Code ?d ?d type User => ?a ResponseOnPlatform 1	360_SU01_05 chosen_Answer_Code 5 | 5 type User => 360_SU01_05 ResponseOnPlatform 1
Rule_75	?a chosen_Answer_Code ?d ?d type User => ?a ResponseOnPlatform 1	261_M005 chosen_Answer_Code 1 | 1 type User => 261_M005 ResponseOnPlatform 1
Rule_75	?a chosen_Answer_Code ?d ?d type User => ?a ResponseOnPlatform 1	413_UM17 chosen_Answer_Code 2 | 2 type User => 413_UM17 ResponseOnPlatform 1
Rule_75	?a chosen_Answer_Code ?d ?d type User => ?a ResponseOnPlatform 1	429_UM10 chosen_Answer_Code 4 | 4 type User => 429_UM10 ResponseOnPlatform 1
Rule_75	?a chosen_Answer_Code ?d ?d type User => ?a ResponseOnPlatform 1	475_UM02 chosen_Answer_Code 5 | 5 type User => 475_UM02 ResponseOnPlatform 1
Rule_75	?a chosen_Answer_Code ?d ?d type User => ?a ResponseOnPlatform 1	333_SU01_07 chosen_Answer_Code 2 | 2 type User => 333_SU01_07 ResponseOnPlatform 1
Rule_75	?a chosen_Answer_Code ?d ?d type User => ?a ResponseOnPlatform 1	237_M004_01 chosen_Answer_Code 9 | 9 type User => 237_M004_01 ResponseOnPlatform 1
Rule_75	?a chosen_Answer_Code ?d ?d type User => ?a ResponseOnPlatform 1	144_M005 chosen_Answer_Code 1 | 1 type User => 144_M005 ResponseOnPlatform 1
Rule_75	?a chosen_Answer_Code ?d ?d type User => ?a ResponseOnPlatform 1	430_UM16 chosen_Answer_Code 4 | 4 type User => 430_UM16 ResponseOnPlatform 1
Rule_75	?a chosen_Answer_Code ?d ?d type User => ?a ResponseOnPlatform 1	452_UM24 chosen_Answer_Code 3 | 3 type User => 452_UM24 ResponseOnPlatform 1
Rule_75	?a chosen_Answer_Code ?d ?d type User => ?a ResponseOnPlatform 1	243_M004_01 chosen_Answer_Code 9 | 9 type User => 243_M004_01 ResponseOnPlatform 1
Rule_75	?a chosen_Answer_Code ?d ?d type User => ?a ResponseOnPlatform 1	425_UM17 chosen_Answer_Code 4 | 4 type User => 425_UM17 ResponseOnPlatform 1
Rule_75	?a chosen_Answer_Code ?d ?d type User => ?a ResponseOnPlatform 1	168_M004_01 chosen_Answer_Code 10 | 10 type User => 168_M004_01 ResponseOnPlatform 1
Rule_75	?a chosen_Answer_Code ?d ?d type User => ?a ResponseOnPlatform 1	485_UM17 chosen_Answer_Code 2 | 2 type User => 485_UM17 ResponseOnPlatform 1
Rule_75	?a chosen_Answer_Code ?d ?d type User => ?a ResponseOnPlatform 1	71_M010_01 chosen_Answer_Code 9 | 9 type User => 71_M010_01 ResponseOnPlatform 1
Rule_75	?a chosen_Answer_Code ?d ?d type User => ?a ResponseOnPlatform 1	41_M004_01 chosen_Answer_Code 9 | 9 type User => 41_M004_01 ResponseOnPlatform 1
Rule_75	?a chosen_Answer_Code ?d ?d type User => ?a ResponseOnPlatform 1	444_UM06 chosen_Answer_Code 5 | 5 type User => 444_UM06 ResponseOnPlatform 1
Rule_75	?a chosen_Answer_Code ?d ?d type User => ?a ResponseOnPlatform 1	258_M004_01 chosen_Answer_Code 8 | 8 type User => 258_M004_01 ResponseOnPlatform 1
Rule_75	?a chosen_Answer_Code ?d ?d type User => ?a ResponseOnPlatform 1	489_UM18 chosen_Answer_Code 4 | 4 type User => 489_UM18 ResponseOnPlatform 1
Rule_75	?a chosen_Answer_Code ?d ?d type User => ?a ResponseOnPlatform 1	255_M003_01 chosen_Answer_Code 10 | 10 type User => 255_M003_01 ResponseOnPlatform 1
Rule_75	?a chosen_Answer_Code ?d ?d type User => ?a ResponseOnPlatform 1	426_UM10 chosen_Answer_Code 3 | 3 type User => 426_UM10 ResponseOnPlatform 1
Rule_75	?a chosen_Answer_Code ?d ?d type User => ?a ResponseOnPlatform 1	372_SU01_10 chosen_Answer_Code 5 | 5 type User => 372_SU01_10 ResponseOnPlatform 1
Rule_75	?a chosen_Answer_Code ?d ?d type User => ?a ResponseOnPlatform 1	307_M002_01 chosen_Answer_Code 10 | 10 type User => 307_M002_01 ResponseOnPlatform 1
Rule_75	?a chosen_Answer_Code ?d ?d type User => ?a ResponseOnPlatform 1	85_M005 chosen_Answer_Code 3 | 3 type User => 85_M005 ResponseOnPlatform 1
Rule_75	?a chosen_Answer_Code ?d ?d type User => ?a ResponseOnPlatform 1	82_M002_01 chosen_Answer_Code 10 | 10 type User => 82_M002_01 ResponseOnPlatform 1
Rule_75	?a chosen_Answer_Code ?d ?d type User => ?a ResponseOnPlatform 1	476_UM17 chosen_Answer_Code 3 | 3 type User => 476_UM17 ResponseOnPlatform 1
Rule_75	?a chosen_Answer_Code ?d ?d type User => ?a ResponseOnPlatform 1	370_SU01_03 chosen_Answer_Code 5 | 5 type User => 370_SU01_03 ResponseOnPlatform 1
Rule_75	?a chosen_Answer_Code ?d ?d type User => ?a ResponseOnPlatform 1	276_M003_01 chosen_Answer_Code 10 | 10 type User => 276_M003_01 ResponseOnPlatform 1
Rule_75	?a chosen_Answer_Code ?d ?d type User => ?a ResponseOnPlatform 1	449_UM17 chosen_Answer_Code 4 | 4 type User => 449_UM17 ResponseOnPlatform 1
Rule_75	?a chosen_Answer_Code ?d ?d type User => ?a ResponseOnPlatform 1	425_UM09 chosen_Answer_Code 4 | 4 type User => 425_UM09 ResponseOnPlatform 1
Rule_75	?a chosen_Answer_Code ?d ?d type User => ?a ResponseOnPlatform 1	418_UM07 chosen_Answer_Code 4 | 4 type User => 418_UM07 ResponseOnPlatform 1
Rule_75	?a chosen_Answer_Code ?d ?d type User => ?a ResponseOnPlatform 1	489_UM19 chosen_Answer_Code 5 | 5 type User => 489_UM19 ResponseOnPlatform 1
Rule_75	?a chosen_Answer_Code ?d ?d type User => ?a ResponseOnPlatform 1	55_M002_01 chosen_Answer_Code 10 | 10 type User => 55_M002_01 ResponseOnPlatform 1
Rule_75	?a chosen_Answer_Code ?d ?d type User => ?a ResponseOnPlatform 1	410_UM07 chosen_Answer_Code 3 | 3 type User => 410_UM07 ResponseOnPlatform 1
Rule_75	?a chosen_Answer_Code ?d ?d type User => ?a ResponseOnPlatform 1	333_SU01_01 chosen_Answer_Code 2 | 2 type User => 333_SU01_01 ResponseOnPlatform 1
Rule_75	?a chosen_Answer_Code ?d ?d type User => ?a ResponseOnPlatform 1	276_M004_01 chosen_Answer_Code 10 | 10 type User => 276_M004_01 ResponseOnPlatform 1
Rule_75	?a chosen_Answer_Code ?d ?d type User => ?a ResponseOnPlatform 1	441_UM11 chosen_Answer_Code 5 | 5 type User => 441_UM11 ResponseOnPlatform 1
Rule_75	?a chosen_Answer_Code ?d ?d type User => ?a ResponseOnPlatform 1	275_M004_01 chosen_Answer_Code 10 | 10 type User => 275_M004_01 ResponseOnPlatform 1
Rule_75	?a chosen_Answer_Code ?d ?d type User => ?a ResponseOnPlatform 1	401_SU01_03 chosen_Answer_Code 5 | 5 type User => 401_SU01_03 ResponseOnPlatform 1
Rule_75	?a chosen_Answer_Code ?d ?d type User => ?a ResponseOnPlatform 1	455_UM14 chosen_Answer_Code 4 | 4 type User => 455_UM14 ResponseOnPlatform 1
Rule_75	?a chosen_Answer_Code ?d ?d type User => ?a ResponseOnPlatform 1	476_UM10 chosen_Answer_Code 4 | 4 type User => 476_UM10 ResponseOnPlatform 1
Rule_75	?a chosen_Answer_Code ?d ?d type User => ?a ResponseOnPlatform 1	440_UM14 chosen_Answer_Code 5 | 5 type User => 440_UM14 ResponseOnPlatform 1
Rule_75	?a chosen_Answer_Code ?d ?d type User => ?a ResponseOnPlatform 1	486_UM17 chosen_Answer_Code 3 | 3 type User => 486_UM17 ResponseOnPlatform 1
Rule_75	?a chosen_Answer_Code ?d ?d type User => ?a ResponseOnPlatform 1	333_SU01_05 chosen_Answer_Code 3 | 3 type User => 333_SU01_05 ResponseOnPlatform 1
Rule_75	?a chosen_Answer_Code ?d ?d type User => ?a ResponseOnPlatform 1	3_M010_01 chosen_Answer_Code 2 | 2 type User => 3_M010_01 ResponseOnPlatform 1
Rule_75	?a chosen_Answer_Code ?d ?d type User => ?a ResponseOnPlatform 1	407_UM20 chosen_Answer_Code 5 | 5 type User => 407_UM20 ResponseOnPlatform 1
Rule_75	?a chosen_Answer_Code ?d ?d type User => ?a ResponseOnPlatform 1	329_SU01_07 chosen_Answer_Code 4 | 4 type User => 329_SU01_07 ResponseOnPlatform 1
Rule_75	?a chosen_Answer_Code ?d ?d type User => ?a ResponseOnPlatform 1	453_UM15 chosen_Answer_Code 4 | 4 type User => 453_UM15 ResponseOnPlatform 1
Rule_75	?a chosen_Answer_Code ?d ?d type User => ?a ResponseOnPlatform 1	349_SU01_01 chosen_Answer_Code 4 | 4 type User => 349_SU01_01 ResponseOnPlatform 1
Rule_75	?a chosen_Answer_Code ?d ?d type User => ?a ResponseOnPlatform 1	68_M010_01 chosen_Answer_Code 6 | 6 type User => 68_M010_01 ResponseOnPlatform 1
Rule_75	?a chosen_Answer_Code ?d ?d type User => ?a ResponseOnPlatform 1	440_UM03 chosen_Answer_Code 4 | 4 type User => 440_UM03 ResponseOnPlatform 1
Rule_75	?a chosen_Answer_Code ?d ?d type User => ?a ResponseOnPlatform 1	362_SU01_10 chosen_Answer_Code 5 | 5 type User => 362_SU01_10 ResponseOnPlatform 1
Rule_75	?a chosen_Answer_Code ?d ?d type User => ?a ResponseOnPlatform 1	481_UM18 chosen_Answer_Code 3 | 3 type User => 481_UM18 ResponseOnPlatform 1
Rule_75	?a chosen_Answer_Code ?d ?d type User => ?a ResponseOnPlatform 1	438_UM12 chosen_Answer_Code 5 | 5 type User => 438_UM12 ResponseOnPlatform 1
Rule_75	?a chosen_Answer_Code ?d ?d type User => ?a ResponseOnPlatform 1	356_SU01_03 chosen_Answer_Code 4 | 4 type User => 356_SU01_03 ResponseOnPlatform 1
Rule_75	?a chosen_Answer_Code ?d ?d type User => ?a ResponseOnPlatform 1	350_SU01_09 chosen_Answer_Code 5 | 5 type User => 350_SU01_09 ResponseOnPlatform 1
Rule_75	?a chosen_Answer_Code ?d ?d type User => ?a ResponseOnPlatform 1	85_M010_01 chosen_Answer_Code 8 | 8 type User => 85_M010_01 ResponseOnPlatform 1
Rule_75	?a chosen_Answer_Code ?d ?d type User => ?a ResponseOnPlatform 1	112_M005 chosen_Answer_Code 3 | 3 type User => 112_M005 ResponseOnPlatform 1
Rule_75	?a chosen_Answer_Code ?d ?d type User => ?a ResponseOnPlatform 1	7_M006_01 chosen_Answer_Code 10 | 10 type User => 7_M006_01 ResponseOnPlatform 1
Rule_75	?a chosen_Answer_Code ?d ?d type User => ?a ResponseOnPlatform 1	443_UM25 chosen_Answer_Code 5 | 5 type User => 443_UM25 ResponseOnPlatform 1
Rule_75	?a chosen_Answer_Code ?d ?d type User => ?a ResponseOnPlatform 1	378_SU01_03 chosen_Answer_Code 3 | 3 type User => 378_SU01_03 ResponseOnPlatform 1
Rule_75	?a chosen_Answer_Code ?d ?d type User => ?a ResponseOnPlatform 1	342_SU01_02 chosen_Answer_Code 5 | 5 type User => 342_SU01_02 ResponseOnPlatform 1
Rule_75	?a chosen_Answer_Code ?d ?d type User => ?a ResponseOnPlatform 1	450_UM07 chosen_Answer_Code 5 | 5 type User => 450_UM07 ResponseOnPlatform 1
Rule_75	?a chosen_Answer_Code ?d ?d type User => ?a ResponseOnPlatform 1	207_M006_01 chosen_Answer_Code 9 | 9 type User => 207_M006_01 ResponseOnPlatform 1
Rule_75	?a chosen_Answer_Code ?d ?d type User => ?a ResponseOnPlatform 1	439_UM23 chosen_Answer_Code 5 | 5 type User => 439_UM23 ResponseOnPlatform 1
Rule_75	?a chosen_Answer_Code ?d ?d type User => ?a ResponseOnPlatform 1	5_M006_01 chosen_Answer_Code 6 | 6 type User => 5_M006_01 ResponseOnPlatform 1
Rule_75	?a chosen_Answer_Code ?d ?d type User => ?a ResponseOnPlatform 1	300_M010_01 chosen_Answer_Code 9 | 9 type User => 300_M010_01 ResponseOnPlatform 1
Rule_75	?a chosen_Answer_Code ?d ?d type User => ?a ResponseOnPlatform 1	148_M006_01 chosen_Answer_Code 8 | 8 type User => 148_M006_01 ResponseOnPlatform 1
Rule_75	?a chosen_Answer_Code ?d ?d type User => ?a ResponseOnPlatform 1	75_M010_01 chosen_Answer_Code 10 | 10 type User => 75_M010_01 ResponseOnPlatform 1
Rule_75	?a chosen_Answer_Code ?d ?d type User => ?a ResponseOnPlatform 1	446_UM10 chosen_Answer_Code 4 | 4 type User => 446_UM10 ResponseOnPlatform 1
Rule_75	?a chosen_Answer_Code ?d ?d type User => ?a ResponseOnPlatform 1	395_SU01_06 chosen_Answer_Code 5 | 5 type User => 395_SU01_06 ResponseOnPlatform 1
Rule_75	?a chosen_Answer_Code ?d ?d type User => ?a ResponseOnPlatform 1	263_M005 chosen_Answer_Code 1 | 1 type User => 263_M005 ResponseOnPlatform 1
Rule_75	?a chosen_Answer_Code ?d ?d type User => ?a ResponseOnPlatform 1	474_UM17 chosen_Answer_Code 2 | 2 type User => 474_UM17 ResponseOnPlatform 1
Rule_75	?a chosen_Answer_Code ?d ?d type User => ?a ResponseOnPlatform 1	344_SU01_06 chosen_Answer_Code 5 | 5 type User => 344_SU01_06 ResponseOnPlatform 1
Rule_75	?a chosen_Answer_Code ?d ?d type User => ?a ResponseOnPlatform 1	452_UM11 chosen_Answer_Code 3 | 3 type User => 452_UM11 ResponseOnPlatform 1
Rule_75	?a chosen_Answer_Code ?d ?d type User => ?a ResponseOnPlatform 1	458_UM12 chosen_Answer_Code 5 | 5 type User => 458_UM12 ResponseOnPlatform 1
Rule_75	?a chosen_Answer_Code ?d ?d type User => ?a ResponseOnPlatform 1	399_SU01_01 chosen_Answer_Code 4 | 4 type User => 399_SU01_01 ResponseOnPlatform 1
Rule_75	?a chosen_Answer_Code ?d ?d type User => ?a ResponseOnPlatform 1	67_M004_01 chosen_Answer_Code 10 | 10 type User => 67_M004_01 ResponseOnPlatform 1
Rule_75	?a chosen_Answer_Code ?d ?d type User => ?a ResponseOnPlatform 1	335_SU01_03 chosen_Answer_Code 5 | 5 type User => 335_SU01_03 ResponseOnPlatform 1
Rule_75	?a chosen_Answer_Code ?d ?d type User => ?a ResponseOnPlatform 1	455_UM12 chosen_Answer_Code 4 | 4 type User => 455_UM12 ResponseOnPlatform 1
Rule_75	?a chosen_Answer_Code ?d ?d type User => ?a ResponseOnPlatform 1	347_SU01_02 chosen_Answer_Code 4 | 4 type User => 347_SU01_02 ResponseOnPlatform 1
Rule_75	?a chosen_Answer_Code ?d ?d type User => ?a ResponseOnPlatform 1	274_M002_01 chosen_Answer_Code 9 | 9 type User => 274_M002_01 ResponseOnPlatform 1
Rule_75	?a chosen_Answer_Code ?d ?d type User => ?a ResponseOnPlatform 1	387_SU01_04 chosen_Answer_Code 3 | 3 type User => 387_SU01_04 ResponseOnPlatform 1
Rule_75	?a chosen_Answer_Code ?d ?d type User => ?a ResponseOnPlatform 1	432_UM06 chosen_Answer_Code 5 | 5 type User => 432_UM06 ResponseOnPlatform 1
Rule_75	?a chosen_Answer_Code ?d ?d type User => ?a ResponseOnPlatform 1	250_M010_01 chosen_Answer_Code 10 | 10 type User => 250_M010_01 ResponseOnPlatform 1
Rule_75	?a chosen_Answer_Code ?d ?d type User => ?a ResponseOnPlatform 1	441_UM03 chosen_Answer_Code 4 | 4 type User => 441_UM03 ResponseOnPlatform 1
Rule_75	?a chosen_Answer_Code ?d ?d type User => ?a ResponseOnPlatform 1	21_M010_01 chosen_Answer_Code 3 | 3 type User => 21_M010_01 ResponseOnPlatform 1
Rule_75	?a chosen_Answer_Code ?d ?d type User => ?a ResponseOnPlatform 1	227_M006_01 chosen_Answer_Code 10 | 10 type User => 227_M006_01 ResponseOnPlatform 1
Rule_75	?a chosen_Answer_Code ?d ?d type User => ?a ResponseOnPlatform 1	445_UM12 chosen_Answer_Code 5 | 5 type User => 445_UM12 ResponseOnPlatform 1
Rule_75	?a chosen_Answer_Code ?d ?d type User => ?a ResponseOnPlatform 1	318_SU01_04 chosen_Answer_Code 1 | 1 type User => 318_SU01_04 ResponseOnPlatform 1
Rule_75	?a chosen_Answer_Code ?d ?d type User => ?a ResponseOnPlatform 1	192_M002_01 chosen_Answer_Code 7 | 7 type User => 192_M002_01 ResponseOnPlatform 1
Rule_75	?a chosen_Answer_Code ?d ?d type User => ?a ResponseOnPlatform 1	430_UM09 chosen_Answer_Code 4 | 4 type User => 430_UM09 ResponseOnPlatform 1
Rule_75	?a chosen_Answer_Code ?d ?d type User => ?a ResponseOnPlatform 1	125_M004_01 chosen_Answer_Code 8 | 8 type User => 125_M004_01 ResponseOnPlatform 1
Rule_75	?a chosen_Answer_Code ?d ?d type User => ?a ResponseOnPlatform 1	427_UM23 chosen_Answer_Code 3 | 3 type User => 427_UM23 ResponseOnPlatform 1
Rule_75	?a chosen_Answer_Code ?d ?d type User => ?a ResponseOnPlatform 1	275_M006_01 chosen_Answer_Code 10 | 10 type User => 275_M006_01 ResponseOnPlatform 1
Rule_75	?a chosen_Answer_Code ?d ?d type User => ?a ResponseOnPlatform 1	420_UM14 chosen_Answer_Code 4 | 4 type User => 420_UM14 ResponseOnPlatform 1
Rule_75	?a chosen_Answer_Code ?d ?d type User => ?a ResponseOnPlatform 1	314_SU01_01 chosen_Answer_Code 3 | 3 type User => 314_SU01_01 ResponseOnPlatform 1
Rule_75	?a chosen_Answer_Code ?d ?d type User => ?a ResponseOnPlatform 1	406_UM04 chosen_Answer_Code 5 | 5 type User => 406_UM04 ResponseOnPlatform 1
Rule_75	?a chosen_Answer_Code ?d ?d type User => ?a ResponseOnPlatform 1	345_SU01_10 chosen_Answer_Code 5 | 5 type User => 345_SU01_10 ResponseOnPlatform 1
Rule_75	?a chosen_Answer_Code ?d ?d type User => ?a ResponseOnPlatform 1	488_UM18 chosen_Answer_Code 2 | 2 type User => 488_UM18 ResponseOnPlatform 1
Rule_75	?a chosen_Answer_Code ?d ?d type User => ?a ResponseOnPlatform 1	316_SU01_05 chosen_Answer_Code 5 | 5 type User => 316_SU01_05 ResponseOnPlatform 1
Rule_75	?a chosen_Answer_Code ?d ?d type User => ?a ResponseOnPlatform 1	443_UM23 chosen_Answer_Code 5 | 5 type User => 443_UM23 ResponseOnPlatform 1
Rule_75	?a chosen_Answer_Code ?d ?d type User => ?a ResponseOnPlatform 1	50_M004_01 chosen_Answer_Code 10 | 10 type User => 50_M004_01 ResponseOnPlatform 1
Rule_75	?a chosen_Answer_Code ?d ?d type User => ?a ResponseOnPlatform 1	290_M002_01 chosen_Answer_Code 5 | 5 type User => 290_M002_01 ResponseOnPlatform 1
Rule_75	?a chosen_Answer_Code ?d ?d type User => ?a ResponseOnPlatform 1	386_SU01_05 chosen_Answer_Code 5 | 5 type User => 386_SU01_05 ResponseOnPlatform 1
Rule_75	?a chosen_Answer_Code ?d ?d type User => ?a ResponseOnPlatform 1	463_UM09 chosen_Answer_Code 4 | 4 type User => 463_UM09 ResponseOnPlatform 1
Rule_75	?a chosen_Answer_Code ?d ?d type User => ?a ResponseOnPlatform 1	105_M002_01 chosen_Answer_Code 7 | 7 type User => 105_M002_01 ResponseOnPlatform 1
Rule_75	?a chosen_Answer_Code ?d ?d type User => ?a ResponseOnPlatform 1	342_SU01_04 chosen_Answer_Code 3 | 3 type User => 342_SU01_04 ResponseOnPlatform 1
Rule_75	?a chosen_Answer_Code ?d ?d type User => ?a ResponseOnPlatform 1	483_UM22 chosen_Answer_Code 2 | 2 type User => 483_UM22 ResponseOnPlatform 1
Rule_75	?a chosen_Answer_Code ?d ?d type User => ?a ResponseOnPlatform 1	289_M005 chosen_Answer_Code 2 | 2 type User => 289_M005 ResponseOnPlatform 1
Rule_75	?a chosen_Answer_Code ?d ?d type User => ?a ResponseOnPlatform 1	76_M002_01 chosen_Answer_Code 7 | 7 type User => 76_M002_01 ResponseOnPlatform 1
Rule_75	?a chosen_Answer_Code ?d ?d type User => ?a ResponseOnPlatform 1	349_SU01_04 chosen_Answer_Code 4 | 4 type User => 349_SU01_04 ResponseOnPlatform 1
Rule_75	?a chosen_Answer_Code ?d ?d type User => ?a ResponseOnPlatform 1	315_SU01_05 chosen_Answer_Code 2 | 2 type User => 315_SU01_05 ResponseOnPlatform 1
Rule_75	?a chosen_Answer_Code ?d ?d type User => ?a ResponseOnPlatform 1	113_M010_01 chosen_Answer_Code 8 | 8 type User => 113_M010_01 ResponseOnPlatform 1
Rule_75	?a chosen_Answer_Code ?d ?d type User => ?a ResponseOnPlatform 1	481_UM25 chosen_Answer_Code 5 | 5 type User => 481_UM25 ResponseOnPlatform 1
Rule_75	?a chosen_Answer_Code ?d ?d type User => ?a ResponseOnPlatform 1	45_M004_01 chosen_Answer_Code 7 | 7 type User => 45_M004_01 ResponseOnPlatform 1
Rule_75	?a chosen_Answer_Code ?d ?d type User => ?a ResponseOnPlatform 1	303_M006_01 chosen_Answer_Code 10 | 10 type User => 303_M006_01 ResponseOnPlatform 1
Rule_75	?a chosen_Answer_Code ?d ?d type User => ?a ResponseOnPlatform 1	80_M005 chosen_Answer_Code 2 | 2 type User => 80_M005 ResponseOnPlatform 1
Rule_75	?a chosen_Answer_Code ?d ?d type User => ?a ResponseOnPlatform 1	490_UM03 chosen_Answer_Code 3 | 3 type User => 490_UM03 ResponseOnPlatform 1
Rule_75	?a chosen_Answer_Code ?d ?d type User => ?a ResponseOnPlatform 1	182_M005 chosen_Answer_Code 2 | 2 type User => 182_M005 ResponseOnPlatform 1
Rule_75	?a chosen_Answer_Code ?d ?d type User => ?a ResponseOnPlatform 1	9_M005 chosen_Answer_Code 1 | 1 type User => 9_M005 ResponseOnPlatform 1
Rule_75	?a chosen_Answer_Code ?d ?d type User => ?a ResponseOnPlatform 1	156_M002_01 chosen_Answer_Code 10 | 10 type User => 156_M002_01 ResponseOnPlatform 1
Rule_75	?a chosen_Answer_Code ?d ?d type User => ?a ResponseOnPlatform 1	292_M002_01 chosen_Answer_Code 10 | 10 type User => 292_M002_01 ResponseOnPlatform 1
Rule_75	?a chosen_Answer_Code ?d ?d type User => ?a ResponseOnPlatform 1	334_SU01_02 chosen_Answer_Code 4 | 4 type User => 334_SU01_02 ResponseOnPlatform 1
Rule_75	?a chosen_Answer_Code ?d ?d type User => ?a ResponseOnPlatform 1	218_M010_01 chosen_Answer_Code 7 | 7 type User => 218_M010_01 ResponseOnPlatform 1
Rule_75	?a chosen_Answer_Code ?d ?d type User => ?a ResponseOnPlatform 1	138_M004_01 chosen_Answer_Code 8 | 8 type User => 138_M004_01 ResponseOnPlatform 1
Rule_75	?a chosen_Answer_Code ?d ?d type User => ?a ResponseOnPlatform 1	385_SU01_08 chosen_Answer_Code 5 | 5 type User => 385_SU01_08 ResponseOnPlatform 1
Rule_75	?a chosen_Answer_Code ?d ?d type User => ?a ResponseOnPlatform 1	145_M002_01 chosen_Answer_Code 7 | 7 type User => 145_M002_01 ResponseOnPlatform 1
Rule_75	?a chosen_Answer_Code ?d ?d type User => ?a ResponseOnPlatform 1	440_UM20 chosen_Answer_Code 5 | 5 type User => 440_UM20 ResponseOnPlatform 1
Rule_75	?a chosen_Answer_Code ?d ?d type User => ?a ResponseOnPlatform 1	27_M004_01 chosen_Answer_Code 10 | 10 type User => 27_M004_01 ResponseOnPlatform 1
Rule_75	?a chosen_Answer_Code ?d ?d type User => ?a ResponseOnPlatform 1	432_UM24 chosen_Answer_Code 3 | 3 type User => 432_UM24 ResponseOnPlatform 1
Rule_75	?a chosen_Answer_Code ?d ?d type User => ?a ResponseOnPlatform 1	84_M004_01 chosen_Answer_Code 8 | 8 type User => 84_M004_01 ResponseOnPlatform 1
Rule_75	?a chosen_Answer_Code ?d ?d type User => ?a ResponseOnPlatform 1	55_M006_01 chosen_Answer_Code 9 | 9 type User => 55_M006_01 ResponseOnPlatform 1
Rule_75	?a chosen_Answer_Code ?d ?d type User => ?a ResponseOnPlatform 1	413_UM04 chosen_Answer_Code 5 | 5 type User => 413_UM04 ResponseOnPlatform 1
Rule_75	?a chosen_Answer_Code ?d ?d type User => ?a ResponseOnPlatform 1	413_UM01 chosen_Answer_Code 4 | 4 type User => 413_UM01 ResponseOnPlatform 1
Rule_75	?a chosen_Answer_Code ?d ?d type User => ?a ResponseOnPlatform 1	372_SU01_03 chosen_Answer_Code 4 | 4 type User => 372_SU01_03 ResponseOnPlatform 1
Rule_75	?a chosen_Answer_Code ?d ?d type User => ?a ResponseOnPlatform 1	9_M006_01 chosen_Answer_Code 10 | 10 type User => 9_M006_01 ResponseOnPlatform 1
Rule_75	?a chosen_Answer_Code ?d ?d type User => ?a ResponseOnPlatform 1	361_SU01_05 chosen_Answer_Code 5 | 5 type User => 361_SU01_05 ResponseOnPlatform 1
Rule_75	?a chosen_Answer_Code ?d ?d type User => ?a ResponseOnPlatform 1	484_UM01 chosen_Answer_Code 3 | 3 type User => 484_UM01 ResponseOnPlatform 1
Rule_75	?a chosen_Answer_Code ?d ?d type User => ?a ResponseOnPlatform 1	431_UM03 chosen_Answer_Code 3 | 3 type User => 431_UM03 ResponseOnPlatform 1
Rule_75	?a chosen_Answer_Code ?d ?d type User => ?a ResponseOnPlatform 1	288_M010_01 chosen_Answer_Code 2 | 2 type User => 288_M010_01 ResponseOnPlatform 1
Rule_75	?a chosen_Answer_Code ?d ?d type User => ?a ResponseOnPlatform 1	383_SU01_04 chosen_Answer_Code 4 | 4 type User => 383_SU01_04 ResponseOnPlatform 1
Rule_75	?a chosen_Answer_Code ?d ?d type User => ?a ResponseOnPlatform 1	136_M003_01 chosen_Answer_Code 9 | 9 type User => 136_M003_01 ResponseOnPlatform 1
Rule_75	?a chosen_Answer_Code ?d ?d type User => ?a ResponseOnPlatform 1	318_SU01_07 chosen_Answer_Code 4 | 4 type User => 318_SU01_07 ResponseOnPlatform 1
Rule_75	?a chosen_Answer_Code ?d ?d type User => ?a ResponseOnPlatform 1	409_UM01 chosen_Answer_Code 5 | 5 type User => 409_UM01 ResponseOnPlatform 1
Rule_75	?a chosen_Answer_Code ?d ?d type User => ?a ResponseOnPlatform 1	200_M010_01 chosen_Answer_Code 5 | 5 type User => 200_M010_01 ResponseOnPlatform 1
Rule_75	?a chosen_Answer_Code ?d ?d type User => ?a ResponseOnPlatform 1	483_UM01 chosen_Answer_Code 4 | 4 type User => 483_UM01 ResponseOnPlatform 1
Rule_75	?a chosen_Answer_Code ?d ?d type User => ?a ResponseOnPlatform 1	335_SU01_06 chosen_Answer_Code 5 | 5 type User => 335_SU01_06 ResponseOnPlatform 1
Rule_75	?a chosen_Answer_Code ?d ?d type User => ?a ResponseOnPlatform 1	85_M006_01 chosen_Answer_Code 8 | 8 type User => 85_M006_01 ResponseOnPlatform 1
Rule_75	?a chosen_Answer_Code ?d ?d type User => ?a ResponseOnPlatform 1	401_SU01_01 chosen_Answer_Code 4 | 4 type User => 401_SU01_01 ResponseOnPlatform 1
Rule_75	?a chosen_Answer_Code ?d ?d type User => ?a ResponseOnPlatform 1	273_M006_01 chosen_Answer_Code 10 | 10 type User => 273_M006_01 ResponseOnPlatform 1
Rule_75	?a chosen_Answer_Code ?d ?d type User => ?a ResponseOnPlatform 1	487_UM22 chosen_Answer_Code 5 | 5 type User => 487_UM22 ResponseOnPlatform 1
Rule_75	?a chosen_Answer_Code ?d ?d type User => ?a ResponseOnPlatform 1	410_UM02 chosen_Answer_Code 4 | 4 type User => 410_UM02 ResponseOnPlatform 1
Rule_75	?a chosen_Answer_Code ?d ?d type User => ?a ResponseOnPlatform 1	36_M003_01 chosen_Answer_Code 10 | 10 type User => 36_M003_01 ResponseOnPlatform 1
Rule_75	?a chosen_Answer_Code ?d ?d type User => ?a ResponseOnPlatform 1	410_UM08 chosen_Answer_Code 3 | 3 type User => 410_UM08 ResponseOnPlatform 1
Rule_75	?a chosen_Answer_Code ?d ?d type User => ?a ResponseOnPlatform 1	84_M003_01 chosen_Answer_Code 8 | 8 type User => 84_M003_01 ResponseOnPlatform 1
Rule_75	?a chosen_Answer_Code ?d ?d type User => ?a ResponseOnPlatform 1	457_UM01 chosen_Answer_Code 5 | 5 type User => 457_UM01 ResponseOnPlatform 1
Rule_75	?a chosen_Answer_Code ?d ?d type User => ?a ResponseOnPlatform 1	65_M002_01 chosen_Answer_Code 7 | 7 type User => 65_M002_01 ResponseOnPlatform 1
Rule_75	?a chosen_Answer_Code ?d ?d type User => ?a ResponseOnPlatform 1	332_SU01_03 chosen_Answer_Code 5 | 5 type User => 332_SU01_03 ResponseOnPlatform 1
Rule_75	?a chosen_Answer_Code ?d ?d type User => ?a ResponseOnPlatform 1	229_M005 chosen_Answer_Code 1 | 1 type User => 229_M005 ResponseOnPlatform 1
Rule_75	?a chosen_Answer_Code ?d ?d type User => ?a ResponseOnPlatform 1	391_SU01_02 chosen_Answer_Code 4 | 4 type User => 391_SU01_02 ResponseOnPlatform 1
Rule_75	?a chosen_Answer_Code ?d ?d type User => ?a ResponseOnPlatform 1	292_M006_01 chosen_Answer_Code 10 | 10 type User => 292_M006_01 ResponseOnPlatform 1
Rule_75	?a chosen_Answer_Code ?d ?d type User => ?a ResponseOnPlatform 1	56_M005 chosen_Answer_Code 1 | 1 type User => 56_M005 ResponseOnPlatform 1
Rule_75	?a chosen_Answer_Code ?d ?d type User => ?a ResponseOnPlatform 1	334_SU01_01 chosen_Answer_Code 3 | 3 type User => 334_SU01_01 ResponseOnPlatform 1
Rule_75	?a chosen_Answer_Code ?d ?d type User => ?a ResponseOnPlatform 1	482_UM12 chosen_Answer_Code 4 | 4 type User => 482_UM12 ResponseOnPlatform 1
Rule_75	?a chosen_Answer_Code ?d ?d type User => ?a ResponseOnPlatform 1	415_UM10 chosen_Answer_Code 4 | 4 type User => 415_UM10 ResponseOnPlatform 1
Rule_75	?a chosen_Answer_Code ?d ?d type User => ?a ResponseOnPlatform 1	341_SU01_04 chosen_Answer_Code 4 | 4 type User => 341_SU01_04 ResponseOnPlatform 1
Rule_75	?a chosen_Answer_Code ?d ?d type User => ?a ResponseOnPlatform 1	388_SU01_08 chosen_Answer_Code 4 | 4 type User => 388_SU01_08 ResponseOnPlatform 1
Rule_75	?a chosen_Answer_Code ?d ?d type User => ?a ResponseOnPlatform 1	474_UM25 chosen_Answer_Code 4 | 4 type User => 474_UM25 ResponseOnPlatform 1
Rule_75	?a chosen_Answer_Code ?d ?d type User => ?a ResponseOnPlatform 1	421_UM20 chosen_Answer_Code 4 | 4 type User => 421_UM20 ResponseOnPlatform 1
Rule_75	?a chosen_Answer_Code ?d ?d type User => ?a ResponseOnPlatform 1	298_M005 chosen_Answer_Code 1 | 1 type User => 298_M005 ResponseOnPlatform 1
Rule_75	?a chosen_Answer_Code ?d ?d type User => ?a ResponseOnPlatform 1	328_SU01_10 chosen_Answer_Code 3 | 3 type User => 328_SU01_10 ResponseOnPlatform 1
Rule_75	?a chosen_Answer_Code ?d ?d type User => ?a ResponseOnPlatform 1	449_UM09 chosen_Answer_Code 4 | 4 type User => 449_UM09 ResponseOnPlatform 1
Rule_75	?a chosen_Answer_Code ?d ?d type User => ?a ResponseOnPlatform 1	112_M002_01 chosen_Answer_Code 8 | 8 type User => 112_M002_01 ResponseOnPlatform 1
Rule_75	?a chosen_Answer_Code ?d ?d type User => ?a ResponseOnPlatform 1	487_UM14 chosen_Answer_Code 5 | 5 type User => 487_UM14 ResponseOnPlatform 1
Rule_75	?a chosen_Answer_Code ?d ?d type User => ?a ResponseOnPlatform 1	328_SU01_05 chosen_Answer_Code 4 | 4 type User => 328_SU01_05 ResponseOnPlatform 1
Rule_75	?a chosen_Answer_Code ?d ?d type User => ?a ResponseOnPlatform 1	320_SU01_02 chosen_Answer_Code 5 | 5 type User => 320_SU01_02 ResponseOnPlatform 1
Rule_75	?a chosen_Answer_Code ?d ?d type User => ?a ResponseOnPlatform 1	362_SU01_07 chosen_Answer_Code 5 | 5 type User => 362_SU01_07 ResponseOnPlatform 1
Rule_75	?a chosen_Answer_Code ?d ?d type User => ?a ResponseOnPlatform 1	183_M002_01 chosen_Answer_Code 10 | 10 type User => 183_M002_01 ResponseOnPlatform 1
Rule_75	?a chosen_Answer_Code ?d ?d type User => ?a ResponseOnPlatform 1	474_UM02 chosen_Answer_Code 4 | 4 type User => 474_UM02 ResponseOnPlatform 1
Rule_75	?a chosen_Answer_Code ?d ?d type User => ?a ResponseOnPlatform 1	431_UM14 chosen_Answer_Code 4 | 4 type User => 431_UM14 ResponseOnPlatform 1
Rule_75	?a chosen_Answer_Code ?d ?d type User => ?a ResponseOnPlatform 1	236_M006_01 chosen_Answer_Code 10 | 10 type User => 236_M006_01 ResponseOnPlatform 1
Rule_75	?a chosen_Answer_Code ?d ?d type User => ?a ResponseOnPlatform 1	42_M004_01 chosen_Answer_Code 5 | 5 type User => 42_M004_01 ResponseOnPlatform 1
Rule_75	?a chosen_Answer_Code ?d ?d type User => ?a ResponseOnPlatform 1	440_UM10 chosen_Answer_Code 5 | 5 type User => 440_UM10 ResponseOnPlatform 1
Rule_75	?a chosen_Answer_Code ?d ?d type User => ?a ResponseOnPlatform 1	384_SU01_04 chosen_Answer_Code 4 | 4 type User => 384_SU01_04 ResponseOnPlatform 1
Rule_75	?a chosen_Answer_Code ?d ?d type User => ?a ResponseOnPlatform 1	485_UM25 chosen_Answer_Code 4 | 4 type User => 485_UM25 ResponseOnPlatform 1
Rule_75	?a chosen_Answer_Code ?d ?d type User => ?a ResponseOnPlatform 1	160_M006_01 chosen_Answer_Code 9 | 9 type User => 160_M006_01 ResponseOnPlatform 1
Rule_75	?a chosen_Answer_Code ?d ?d type User => ?a ResponseOnPlatform 1	419_UM19 chosen_Answer_Code 3 | 3 type User => 419_UM19 ResponseOnPlatform 1
Rule_75	?a chosen_Answer_Code ?d ?d type User => ?a ResponseOnPlatform 1	431_UM06 chosen_Answer_Code 4 | 4 type User => 431_UM06 ResponseOnPlatform 1
Rule_75	?a chosen_Answer_Code ?d ?d type User => ?a ResponseOnPlatform 1	157_M005 chosen_Answer_Code 1 | 1 type User => 157_M005 ResponseOnPlatform 1
Rule_75	?a chosen_Answer_Code ?d ?d type User => ?a ResponseOnPlatform 1	215_M010_01 chosen_Answer_Code 9 | 9 type User => 215_M010_01 ResponseOnPlatform 1
Rule_75	?a chosen_Answer_Code ?d ?d type User => ?a ResponseOnPlatform 1	20_M010_01 chosen_Answer_Code 5 | 5 type User => 20_M010_01 ResponseOnPlatform 1
Rule_75	?a chosen_Answer_Code ?d ?d type User => ?a ResponseOnPlatform 1	402_SU01_07 chosen_Answer_Code 5 | 5 type User => 402_SU01_07 ResponseOnPlatform 1
Rule_75	?a chosen_Answer_Code ?d ?d type User => ?a ResponseOnPlatform 1	8_M010_01 chosen_Answer_Code 7 | 7 type User => 8_M010_01 ResponseOnPlatform 1
Rule_75	?a chosen_Answer_Code ?d ?d type User => ?a ResponseOnPlatform 1	49_M006_01 chosen_Answer_Code 10 | 10 type User => 49_M006_01 ResponseOnPlatform 1
Rule_75	?a chosen_Answer_Code ?d ?d type User => ?a ResponseOnPlatform 1	381_SU01_08 chosen_Answer_Code 3 | 3 type User => 381_SU01_08 ResponseOnPlatform 1
Rule_75	?a chosen_Answer_Code ?d ?d type User => ?a ResponseOnPlatform 1	10_M006_01 chosen_Answer_Code 10 | 10 type User => 10_M006_01 ResponseOnPlatform 1
Rule_75	?a chosen_Answer_Code ?d ?d type User => ?a ResponseOnPlatform 1	173_M002_01 chosen_Answer_Code 10 | 10 type User => 173_M002_01 ResponseOnPlatform 1
Rule_75	?a chosen_Answer_Code ?d ?d type User => ?a ResponseOnPlatform 1	186_M004_01 chosen_Answer_Code 9 | 9 type User => 186_M004_01 ResponseOnPlatform 1
Rule_75	?a chosen_Answer_Code ?d ?d type User => ?a ResponseOnPlatform 1	443_UM15 chosen_Answer_Code 5 | 5 type User => 443_UM15 ResponseOnPlatform 1
Rule_75	?a chosen_Answer_Code ?d ?d type User => ?a ResponseOnPlatform 1	397_SU01_02 chosen_Answer_Code 5 | 5 type User => 397_SU01_02 ResponseOnPlatform 1
Rule_75	?a chosen_Answer_Code ?d ?d type User => ?a ResponseOnPlatform 1	457_UM02 chosen_Answer_Code 5 | 5 type User => 457_UM02 ResponseOnPlatform 1
Rule_75	?a chosen_Answer_Code ?d ?d type User => ?a ResponseOnPlatform 1	410_UM19 chosen_Answer_Code 3 | 3 type User => 410_UM19 ResponseOnPlatform 1
Rule_75	?a chosen_Answer_Code ?d ?d type User => ?a ResponseOnPlatform 1	319_SU01_09 chosen_Answer_Code 5 | 5 type User => 319_SU01_09 ResponseOnPlatform 1
Rule_75	?a chosen_Answer_Code ?d ?d type User => ?a ResponseOnPlatform 1	459_UM19 chosen_Answer_Code 4 | 4 type User => 459_UM19 ResponseOnPlatform 1
Rule_75	?a chosen_Answer_Code ?d ?d type User => ?a ResponseOnPlatform 1	457_UM04 chosen_Answer_Code 4 | 4 type User => 457_UM04 ResponseOnPlatform 1
Rule_75	?a chosen_Answer_Code ?d ?d type User => ?a ResponseOnPlatform 1	211_M004_01 chosen_Answer_Code 9 | 9 type User => 211_M004_01 ResponseOnPlatform 1
Rule_75	?a chosen_Answer_Code ?d ?d type User => ?a ResponseOnPlatform 1	8_M005 chosen_Answer_Code 2 | 2 type User => 8_M005 ResponseOnPlatform 1
Rule_75	?a chosen_Answer_Code ?d ?d type User => ?a ResponseOnPlatform 1	30_M002_01 chosen_Answer_Code 8 | 8 type User => 30_M002_01 ResponseOnPlatform 1
Rule_75	?a chosen_Answer_Code ?d ?d type User => ?a ResponseOnPlatform 1	399_SU01_09 chosen_Answer_Code 5 | 5 type User => 399_SU01_09 ResponseOnPlatform 1
Rule_75	?a chosen_Answer_Code ?d ?d type User => ?a ResponseOnPlatform 1	487_UM24 chosen_Answer_Code 5 | 5 type User => 487_UM24 ResponseOnPlatform 1
Rule_75	?a chosen_Answer_Code ?d ?d type User => ?a ResponseOnPlatform 1	464_UM19 chosen_Answer_Code 5 | 5 type User => 464_UM19 ResponseOnPlatform 1
Rule_75	?a chosen_Answer_Code ?d ?d type User => ?a ResponseOnPlatform 1	318_SU01_10 chosen_Answer_Code 2 | 2 type User => 318_SU01_10 ResponseOnPlatform 1
Rule_75	?a chosen_Answer_Code ?d ?d type User => ?a ResponseOnPlatform 1	415_UM02 chosen_Answer_Code 4 | 4 type User => 415_UM02 ResponseOnPlatform 1
Rule_75	?a chosen_Answer_Code ?d ?d type User => ?a ResponseOnPlatform 1	163_M006_01 chosen_Answer_Code 9 | 9 type User => 163_M006_01 ResponseOnPlatform 1
Rule_75	?a chosen_Answer_Code ?d ?d type User => ?a ResponseOnPlatform 1	393_SU01_03 chosen_Answer_Code 3 | 3 type User => 393_SU01_03 ResponseOnPlatform 1
Rule_75	?a chosen_Answer_Code ?d ?d type User => ?a ResponseOnPlatform 1	473_UM16 chosen_Answer_Code 2 | 2 type User => 473_UM16 ResponseOnPlatform 1
Rule_75	?a chosen_Answer_Code ?d ?d type User => ?a ResponseOnPlatform 1	208_M010_01 chosen_Answer_Code 9 | 9 type User => 208_M010_01 ResponseOnPlatform 1
Rule_75	?a chosen_Answer_Code ?d ?d type User => ?a ResponseOnPlatform 1	409_UM22 chosen_Answer_Code 5 | 5 type User => 409_UM22 ResponseOnPlatform 1
Rule_75	?a chosen_Answer_Code ?d ?d type User => ?a ResponseOnPlatform 1	429_UM24 chosen_Answer_Code 2 | 2 type User => 429_UM24 ResponseOnPlatform 1
Rule_75	?a chosen_Answer_Code ?d ?d type User => ?a ResponseOnPlatform 1	426_UM07 chosen_Answer_Code 3 | 3 type User => 426_UM07 ResponseOnPlatform 1
Rule_75	?a chosen_Answer_Code ?d ?d type User => ?a ResponseOnPlatform 1	69_M010_01 chosen_Answer_Code 8 | 8 type User => 69_M010_01 ResponseOnPlatform 1
Rule_75	?a chosen_Answer_Code ?d ?d type User => ?a ResponseOnPlatform 1	411_UM20 chosen_Answer_Code 3 | 3 type User => 411_UM20 ResponseOnPlatform 1
Rule_75	?a chosen_Answer_Code ?d ?d type User => ?a ResponseOnPlatform 1	482_UM18 chosen_Answer_Code 2 | 2 type User => 482_UM18 ResponseOnPlatform 1
Rule_75	?a chosen_Answer_Code ?d ?d type User => ?a ResponseOnPlatform 1	418_UM15 chosen_Answer_Code 5 | 5 type User => 418_UM15 ResponseOnPlatform 1
Rule_75	?a chosen_Answer_Code ?d ?d type User => ?a ResponseOnPlatform 1	450_UM23 chosen_Answer_Code 3 | 3 type User => 450_UM23 ResponseOnPlatform 1
Rule_75	?a chosen_Answer_Code ?d ?d type User => ?a ResponseOnPlatform 1	409_UM15 chosen_Answer_Code 5 | 5 type User => 409_UM15 ResponseOnPlatform 1
Rule_75	?a chosen_Answer_Code ?d ?d type User => ?a ResponseOnPlatform 1	307_M010_01 chosen_Answer_Code 8 | 8 type User => 307_M010_01 ResponseOnPlatform 1
Rule_75	?a chosen_Answer_Code ?d ?d type User => ?a ResponseOnPlatform 1	113_M004_01 chosen_Answer_Code 9 | 9 type User => 113_M004_01 ResponseOnPlatform 1
Rule_75	?a chosen_Answer_Code ?d ?d type User => ?a ResponseOnPlatform 1	81_M005 chosen_Answer_Code 2 | 2 type User => 81_M005 ResponseOnPlatform 1
Rule_75	?a chosen_Answer_Code ?d ?d type User => ?a ResponseOnPlatform 1	2_M002_01 chosen_Answer_Code 8 | 8 type User => 2_M002_01 ResponseOnPlatform 1
Rule_75	?a chosen_Answer_Code ?d ?d type User => ?a ResponseOnPlatform 1	447_UM21 chosen_Answer_Code 4 | 4 type User => 447_UM21 ResponseOnPlatform 1
Rule_75	?a chosen_Answer_Code ?d ?d type User => ?a ResponseOnPlatform 1	452_UM08 chosen_Answer_Code 4 | 4 type User => 452_UM08 ResponseOnPlatform 1
Rule_75	?a chosen_Answer_Code ?d ?d type User => ?a ResponseOnPlatform 1	485_UM10 chosen_Answer_Code 5 | 5 type User => 485_UM10 ResponseOnPlatform 1
Rule_75	?a chosen_Answer_Code ?d ?d type User => ?a ResponseOnPlatform 1	260_M006_01 chosen_Answer_Code 9 | 9 type User => 260_M006_01 ResponseOnPlatform 1
Rule_75	?a chosen_Answer_Code ?d ?d type User => ?a ResponseOnPlatform 1	188_M002_01 chosen_Answer_Code 9 | 9 type User => 188_M002_01 ResponseOnPlatform 1
Rule_75	?a chosen_Answer_Code ?d ?d type User => ?a ResponseOnPlatform 1	473_UM10 chosen_Answer_Code 5 | 5 type User => 473_UM10 ResponseOnPlatform 1
Rule_75	?a chosen_Answer_Code ?d ?d type User => ?a ResponseOnPlatform 1	134_M003_01 chosen_Answer_Code 7 | 7 type User => 134_M003_01 ResponseOnPlatform 1
Rule_75	?a chosen_Answer_Code ?d ?d type User => ?a ResponseOnPlatform 1	418_UM18 chosen_Answer_Code 3 | 3 type User => 418_UM18 ResponseOnPlatform 1
Rule_75	?a chosen_Answer_Code ?d ?d type User => ?a ResponseOnPlatform 1	388_SU01_09 chosen_Answer_Code 4 | 4 type User => 388_SU01_09 ResponseOnPlatform 1
Rule_75	?a chosen_Answer_Code ?d ?d type User => ?a ResponseOnPlatform 1	250_M004_01 chosen_Answer_Code 10 | 10 type User => 250_M004_01 ResponseOnPlatform 1
Rule_75	?a chosen_Answer_Code ?d ?d type User => ?a ResponseOnPlatform 1	310_SU01_03 chosen_Answer_Code 5 | 5 type User => 310_SU01_03 ResponseOnPlatform 1
Rule_75	?a chosen_Answer_Code ?d ?d type User => ?a ResponseOnPlatform 1	317_SU01_05 chosen_Answer_Code 3 | 3 type User => 317_SU01_05 ResponseOnPlatform 1
Rule_75	?a chosen_Answer_Code ?d ?d type User => ?a ResponseOnPlatform 1	464_UM09 chosen_Answer_Code 5 | 5 type User => 464_UM09 ResponseOnPlatform 1
Rule_75	?a chosen_Answer_Code ?d ?d type User => ?a ResponseOnPlatform 1	29_M004_01 chosen_Answer_Code 8 | 8 type User => 29_M004_01 ResponseOnPlatform 1
Rule_75	?a chosen_Answer_Code ?d ?d type User => ?a ResponseOnPlatform 1	385_SU01_06 chosen_Answer_Code 3 | 3 type User => 385_SU01_06 ResponseOnPlatform 1
Rule_75	?a chosen_Answer_Code ?d ?d type User => ?a ResponseOnPlatform 1	441_UM20 chosen_Answer_Code 5 | 5 type User => 441_UM20 ResponseOnPlatform 1
Rule_75	?a chosen_Answer_Code ?d ?d type User => ?a ResponseOnPlatform 1	306_M004_01 chosen_Answer_Code 10 | 10 type User => 306_M004_01 ResponseOnPlatform 1
Rule_75	?a chosen_Answer_Code ?d ?d type User => ?a ResponseOnPlatform 1	116_M005 chosen_Answer_Code 1 | 1 type User => 116_M005 ResponseOnPlatform 1
Rule_75	?a chosen_Answer_Code ?d ?d type User => ?a ResponseOnPlatform 1	364_SU01_07 chosen_Answer_Code 3 | 3 type User => 364_SU01_07 ResponseOnPlatform 1
Rule_75	?a chosen_Answer_Code ?d ?d type User => ?a ResponseOnPlatform 1	471_UM24 chosen_Answer_Code 3 | 3 type User => 471_UM24 ResponseOnPlatform 1
Rule_75	?a chosen_Answer_Code ?d ?d type User => ?a ResponseOnPlatform 1	475_UM07 chosen_Answer_Code 3 | 3 type User => 475_UM07 ResponseOnPlatform 1
Rule_75	?a chosen_Answer_Code ?d ?d type User => ?a ResponseOnPlatform 1	444_UM21 chosen_Answer_Code 5 | 5 type User => 444_UM21 ResponseOnPlatform 1
Rule_75	?a chosen_Answer_Code ?d ?d type User => ?a ResponseOnPlatform 1	478_UM20 chosen_Answer_Code 4 | 4 type User => 478_UM20 ResponseOnPlatform 1
Rule_75	?a chosen_Answer_Code ?d ?d type User => ?a ResponseOnPlatform 1	426_UM18 chosen_Answer_Code 1 | 1 type User => 426_UM18 ResponseOnPlatform 1
Rule_75	?a chosen_Answer_Code ?d ?d type User => ?a ResponseOnPlatform 1	173_M003_01 chosen_Answer_Code 10 | 10 type User => 173_M003_01 ResponseOnPlatform 1
Rule_75	?a chosen_Answer_Code ?d ?d type User => ?a ResponseOnPlatform 1	306_M003_01 chosen_Answer_Code 10 | 10 type User => 306_M003_01 ResponseOnPlatform 1
Rule_75	?a chosen_Answer_Code ?d ?d type User => ?a ResponseOnPlatform 1	38_M003_01 chosen_Answer_Code 6 | 6 type User => 38_M003_01 ResponseOnPlatform 1
Rule_75	?a chosen_Answer_Code ?d ?d type User => ?a ResponseOnPlatform 1	381_SU01_06 chosen_Answer_Code 3 | 3 type User => 381_SU01_06 ResponseOnPlatform 1
Rule_75	?a chosen_Answer_Code ?d ?d type User => ?a ResponseOnPlatform 1	60_M002_01 chosen_Answer_Code 9 | 9 type User => 60_M002_01 ResponseOnPlatform 1
Rule_75	?a chosen_Answer_Code ?d ?d type User => ?a ResponseOnPlatform 1	111_M010_01 chosen_Answer_Code 9 | 9 type User => 111_M010_01 ResponseOnPlatform 1
Rule_75	?a chosen_Answer_Code ?d ?d type User => ?a ResponseOnPlatform 1	179_M010_01 chosen_Answer_Code 4 | 4 type User => 179_M010_01 ResponseOnPlatform 1
Rule_75	?a chosen_Answer_Code ?d ?d type User => ?a ResponseOnPlatform 1	42_M010_01 chosen_Answer_Code 7 | 7 type User => 42_M010_01 ResponseOnPlatform 1
Rule_75	?a chosen_Answer_Code ?d ?d type User => ?a ResponseOnPlatform 1	339_SU01_02 chosen_Answer_Code 5 | 5 type User => 339_SU01_02 ResponseOnPlatform 1
Rule_75	?a chosen_Answer_Code ?d ?d type User => ?a ResponseOnPlatform 1	227_M003_01 chosen_Answer_Code 10 | 10 type User => 227_M003_01 ResponseOnPlatform 1
Rule_75	?a chosen_Answer_Code ?d ?d type User => ?a ResponseOnPlatform 1	335_SU01_07 chosen_Answer_Code 3 | 3 type User => 335_SU01_07 ResponseOnPlatform 1
Rule_75	?a chosen_Answer_Code ?d ?d type User => ?a ResponseOnPlatform 1	371_SU01_07 chosen_Answer_Code 5 | 5 type User => 371_SU01_07 ResponseOnPlatform 1
Rule_75	?a chosen_Answer_Code ?d ?d type User => ?a ResponseOnPlatform 1	440_UM08 chosen_Answer_Code 4 | 4 type User => 440_UM08 ResponseOnPlatform 1
Rule_75	?a chosen_Answer_Code ?d ?d type User => ?a ResponseOnPlatform 1	420_UM09 chosen_Answer_Code 5 | 5 type User => 420_UM09 ResponseOnPlatform 1
Rule_75	?a chosen_Answer_Code ?d ?d type User => ?a ResponseOnPlatform 1	285_M004_01 chosen_Answer_Code 8 | 8 type User => 285_M004_01 ResponseOnPlatform 1
Rule_75	?a chosen_Answer_Code ?d ?d type User => ?a ResponseOnPlatform 1	439_UM17 chosen_Answer_Code 1 | 1 type User => 439_UM17 ResponseOnPlatform 1
Rule_75	?a chosen_Answer_Code ?d ?d type User => ?a ResponseOnPlatform 1	406_UM21 chosen_Answer_Code 5 | 5 type User => 406_UM21 ResponseOnPlatform 1
Rule_75	?a chosen_Answer_Code ?d ?d type User => ?a ResponseOnPlatform 1	146_M002_01 chosen_Answer_Code 8 | 8 type User => 146_M002_01 ResponseOnPlatform 1
Rule_75	?a chosen_Answer_Code ?d ?d type User => ?a ResponseOnPlatform 1	277_M005 chosen_Answer_Code 2 | 2 type User => 277_M005 ResponseOnPlatform 1
Rule_75	?a chosen_Answer_Code ?d ?d type User => ?a ResponseOnPlatform 1	106_M005 chosen_Answer_Code 1 | 1 type User => 106_M005 ResponseOnPlatform 1
Rule_75	?a chosen_Answer_Code ?d ?d type User => ?a ResponseOnPlatform 1	441_UM23 chosen_Answer_Code 5 | 5 type User => 441_UM23 ResponseOnPlatform 1
Rule_75	?a chosen_Answer_Code ?d ?d type User => ?a ResponseOnPlatform 1	427_UM09 chosen_Answer_Code 4 | 4 type User => 427_UM09 ResponseOnPlatform 1
Rule_75	?a chosen_Answer_Code ?d ?d type User => ?a ResponseOnPlatform 1	488_UM07 chosen_Answer_Code 4 | 4 type User => 488_UM07 ResponseOnPlatform 1
Rule_75	?a chosen_Answer_Code ?d ?d type User => ?a ResponseOnPlatform 1	66_M010_01 chosen_Answer_Code 8 | 8 type User => 66_M010_01 ResponseOnPlatform 1
Rule_75	?a chosen_Answer_Code ?d ?d type User => ?a ResponseOnPlatform 1	458_UM21 chosen_Answer_Code 5 | 5 type User => 458_UM21 ResponseOnPlatform 1
Rule_75	?a chosen_Answer_Code ?d ?d type User => ?a ResponseOnPlatform 1	409_UM20 chosen_Answer_Code 5 | 5 type User => 409_UM20 ResponseOnPlatform 1
Rule_75	?a chosen_Answer_Code ?d ?d type User => ?a ResponseOnPlatform 1	304_M004_01 chosen_Answer_Code 8 | 8 type User => 304_M004_01 ResponseOnPlatform 1
Rule_75	?a chosen_Answer_Code ?d ?d type User => ?a ResponseOnPlatform 1	220_M002_01 chosen_Answer_Code 9 | 9 type User => 220_M002_01 ResponseOnPlatform 1
Rule_75	?a chosen_Answer_Code ?d ?d type User => ?a ResponseOnPlatform 1	304_M002_01 chosen_Answer_Code 8 | 8 type User => 304_M002_01 ResponseOnPlatform 1
Rule_75	?a chosen_Answer_Code ?d ?d type User => ?a ResponseOnPlatform 1	407_UM14 chosen_Answer_Code 5 | 5 type User => 407_UM14 ResponseOnPlatform 1
Rule_75	?a chosen_Answer_Code ?d ?d type User => ?a ResponseOnPlatform 1	20_M002_01 chosen_Answer_Code 6 | 6 type User => 20_M002_01 ResponseOnPlatform 1
Rule_75	?a chosen_Answer_Code ?d ?d type User => ?a ResponseOnPlatform 1	334_SU01_06 chosen_Answer_Code 3 | 3 type User => 334_SU01_06 ResponseOnPlatform 1
Rule_75	?a chosen_Answer_Code ?d ?d type User => ?a ResponseOnPlatform 1	2_M010_01 chosen_Answer_Code 7 | 7 type User => 2_M010_01 ResponseOnPlatform 1
Rule_75	?a chosen_Answer_Code ?d ?d type User => ?a ResponseOnPlatform 1	419_UM09 chosen_Answer_Code 4 | 4 type User => 419_UM09 ResponseOnPlatform 1
Rule_75	?a chosen_Answer_Code ?d ?d type User => ?a ResponseOnPlatform 1	366_SU01_07 chosen_Answer_Code 3 | 3 type User => 366_SU01_07 ResponseOnPlatform 1
Rule_75	?a chosen_Answer_Code ?d ?d type User => ?a ResponseOnPlatform 1	482_UM06 chosen_Answer_Code 5 | 5 type User => 482_UM06 ResponseOnPlatform 1
Rule_75	?a chosen_Answer_Code ?d ?d type User => ?a ResponseOnPlatform 1	459_UM20 chosen_Answer_Code 4 | 4 type User => 459_UM20 ResponseOnPlatform 1
Rule_75	?a chosen_Answer_Code ?d ?d type User => ?a ResponseOnPlatform 1	409_UM17 chosen_Answer_Code 3 | 3 type User => 409_UM17 ResponseOnPlatform 1
Rule_75	?a chosen_Answer_Code ?d ?d type User => ?a ResponseOnPlatform 1	85_M002_01 chosen_Answer_Code 9 | 9 type User => 85_M002_01 ResponseOnPlatform 1
Rule_75	?a chosen_Answer_Code ?d ?d type User => ?a ResponseOnPlatform 1	225_M010_01 chosen_Answer_Code 9 | 9 type User => 225_M010_01 ResponseOnPlatform 1
Rule_75	?a chosen_Answer_Code ?d ?d type User => ?a ResponseOnPlatform 1	96_M002_01 chosen_Answer_Code 9 | 9 type User => 96_M002_01 ResponseOnPlatform 1
Rule_75	?a chosen_Answer_Code ?d ?d type User => ?a ResponseOnPlatform 1	122_M002_01 chosen_Answer_Code 9 | 9 type User => 122_M002_01 ResponseOnPlatform 1
Rule_75	?a chosen_Answer_Code ?d ?d type User => ?a ResponseOnPlatform 1	488_UM15 chosen_Answer_Code 5 | 5 type User => 488_UM15 ResponseOnPlatform 1
Rule_75	?a chosen_Answer_Code ?d ?d type User => ?a ResponseOnPlatform 1	415_UM06 chosen_Answer_Code 4 | 4 type User => 415_UM06 ResponseOnPlatform 1
Rule_75	?a chosen_Answer_Code ?d ?d type User => ?a ResponseOnPlatform 1	349_SU01_03 chosen_Answer_Code 4 | 4 type User => 349_SU01_03 ResponseOnPlatform 1
Rule_75	?a chosen_Answer_Code ?d ?d type User => ?a ResponseOnPlatform 1	71_M002_01 chosen_Answer_Code 10 | 10 type User => 71_M002_01 ResponseOnPlatform 1
Rule_75	?a chosen_Answer_Code ?d ?d type User => ?a ResponseOnPlatform 1	421_UM17 chosen_Answer_Code 3 | 3 type User => 421_UM17 ResponseOnPlatform 1
Rule_75	?a chosen_Answer_Code ?d ?d type User => ?a ResponseOnPlatform 1	224_M006_01 chosen_Answer_Code 5 | 5 type User => 224_M006_01 ResponseOnPlatform 1
Rule_75	?a chosen_Answer_Code ?d ?d type User => ?a ResponseOnPlatform 1	365_SU01_09 chosen_Answer_Code 4 | 4 type User => 365_SU01_09 ResponseOnPlatform 1
Rule_75	?a chosen_Answer_Code ?d ?d type User => ?a ResponseOnPlatform 1	486_UM12 chosen_Answer_Code 4 | 4 type User => 486_UM12 ResponseOnPlatform 1
Rule_75	?a chosen_Answer_Code ?d ?d type User => ?a ResponseOnPlatform 1	433_UM12 chosen_Answer_Code 4 | 4 type User => 433_UM12 ResponseOnPlatform 1
Rule_75	?a chosen_Answer_Code ?d ?d type User => ?a ResponseOnPlatform 1	132_M004_01 chosen_Answer_Code 10 | 10 type User => 132_M004_01 ResponseOnPlatform 1
Rule_75	?a chosen_Answer_Code ?d ?d type User => ?a ResponseOnPlatform 1	487_UM04 chosen_Answer_Code 5 | 5 type User => 487_UM04 ResponseOnPlatform 1
Rule_75	?a chosen_Answer_Code ?d ?d type User => ?a ResponseOnPlatform 1	276_M010_01 chosen_Answer_Code 6 | 6 type User => 276_M010_01 ResponseOnPlatform 1
Rule_75	?a chosen_Answer_Code ?d ?d type User => ?a ResponseOnPlatform 1	386_SU01_06 chosen_Answer_Code 4 | 4 type User => 386_SU01_06 ResponseOnPlatform 1
Rule_75	?a chosen_Answer_Code ?d ?d type User => ?a ResponseOnPlatform 1	197_M004_01 chosen_Answer_Code 10 | 10 type User => 197_M004_01 ResponseOnPlatform 1
Rule_75	?a chosen_Answer_Code ?d ?d type User => ?a ResponseOnPlatform 1	446_UM08 chosen_Answer_Code 2 | 2 type User => 446_UM08 ResponseOnPlatform 1
Rule_75	?a chosen_Answer_Code ?d ?d type User => ?a ResponseOnPlatform 1	415_UM23 chosen_Answer_Code 5 | 5 type User => 415_UM23 ResponseOnPlatform 1
Rule_75	?a chosen_Answer_Code ?d ?d type User => ?a ResponseOnPlatform 1	483_UM11 chosen_Answer_Code 4 | 4 type User => 483_UM11 ResponseOnPlatform 1
Rule_75	?a chosen_Answer_Code ?d ?d type User => ?a ResponseOnPlatform 1	163_M003_01 chosen_Answer_Code 9 | 9 type User => 163_M003_01 ResponseOnPlatform 1
Rule_75	?a chosen_Answer_Code ?d ?d type User => ?a ResponseOnPlatform 1	347_SU01_06 chosen_Answer_Code 4 | 4 type User => 347_SU01_06 ResponseOnPlatform 1
Rule_75	?a chosen_Answer_Code ?d ?d type User => ?a ResponseOnPlatform 1	148_M002_01 chosen_Answer_Code 8 | 8 type User => 148_M002_01 ResponseOnPlatform 1
Rule_75	?a chosen_Answer_Code ?d ?d type User => ?a ResponseOnPlatform 1	214_M002_01 chosen_Answer_Code 10 | 10 type User => 214_M002_01 ResponseOnPlatform 1
Rule_75	?a chosen_Answer_Code ?d ?d type User => ?a ResponseOnPlatform 1	107_M003_01 chosen_Answer_Code 7 | 7 type User => 107_M003_01 ResponseOnPlatform 1
Rule_75	?a chosen_Answer_Code ?d ?d type User => ?a ResponseOnPlatform 1	388_SU01_03 chosen_Answer_Code 5 | 5 type User => 388_SU01_03 ResponseOnPlatform 1
Rule_75	?a chosen_Answer_Code ?d ?d type User => ?a ResponseOnPlatform 1	17_M003_01 chosen_Answer_Code 5 | 5 type User => 17_M003_01 ResponseOnPlatform 1
Rule_75	?a chosen_Answer_Code ?d ?d type User => ?a ResponseOnPlatform 1	169_M002_01 chosen_Answer_Code 8 | 8 type User => 169_M002_01 ResponseOnPlatform 1
Rule_75	?a chosen_Answer_Code ?d ?d type User => ?a ResponseOnPlatform 1	143_M005 chosen_Answer_Code 1 | 1 type User => 143_M005 ResponseOnPlatform 1
Rule_75	?a chosen_Answer_Code ?d ?d type User => ?a ResponseOnPlatform 1	412_UM08 chosen_Answer_Code 5 | 5 type User => 412_UM08 ResponseOnPlatform 1
Rule_75	?a chosen_Answer_Code ?d ?d type User => ?a ResponseOnPlatform 1	447_UM09 chosen_Answer_Code 4 | 4 type User => 447_UM09 ResponseOnPlatform 1
Rule_75	?a chosen_Answer_Code ?d ?d type User => ?a ResponseOnPlatform 1	213_M006_01 chosen_Answer_Code 10 | 10 type User => 213_M006_01 ResponseOnPlatform 1
Rule_75	?a chosen_Answer_Code ?d ?d type User => ?a ResponseOnPlatform 1	467_UM20 chosen_Answer_Code 5 | 5 type User => 467_UM20 ResponseOnPlatform 1
Rule_75	?a chosen_Answer_Code ?d ?d type User => ?a ResponseOnPlatform 1	163_M004_01 chosen_Answer_Code 9 | 9 type User => 163_M004_01 ResponseOnPlatform 1
Rule_75	?a chosen_Answer_Code ?d ?d type User => ?a ResponseOnPlatform 1	97_M002_01 chosen_Answer_Code 10 | 10 type User => 97_M002_01 ResponseOnPlatform 1
Rule_75	?a chosen_Answer_Code ?d ?d type User => ?a ResponseOnPlatform 1	142_M004_01 chosen_Answer_Code 6 | 6 type User => 142_M004_01 ResponseOnPlatform 1
Rule_75	?a chosen_Answer_Code ?d ?d type User => ?a ResponseOnPlatform 1	474_UM06 chosen_Answer_Code 4 | 4 type User => 474_UM06 ResponseOnPlatform 1
Rule_75	?a chosen_Answer_Code ?d ?d type User => ?a ResponseOnPlatform 1	380_SU01_10 chosen_Answer_Code 4 | 4 type User => 380_SU01_10 ResponseOnPlatform 1
Rule_75	?a chosen_Answer_Code ?d ?d type User => ?a ResponseOnPlatform 1	412_UM07 chosen_Answer_Code 3 | 3 type User => 412_UM07 ResponseOnPlatform 1
Rule_75	?a chosen_Answer_Code ?d ?d type User => ?a ResponseOnPlatform 1	267_M005 chosen_Answer_Code 1 | 1 type User => 267_M005 ResponseOnPlatform 1
Rule_75	?a chosen_Answer_Code ?d ?d type User => ?a ResponseOnPlatform 1	232_M005 chosen_Answer_Code 1 | 1 type User => 232_M005 ResponseOnPlatform 1
Rule_75	?a chosen_Answer_Code ?d ?d type User => ?a ResponseOnPlatform 1	384_SU01_02 chosen_Answer_Code 4 | 4 type User => 384_SU01_02 ResponseOnPlatform 1
Rule_75	?a chosen_Answer_Code ?d ?d type User => ?a ResponseOnPlatform 1	445_UM11 chosen_Answer_Code 4 | 4 type User => 445_UM11 ResponseOnPlatform 1
Rule_75	?a chosen_Answer_Code ?d ?d type User => ?a ResponseOnPlatform 1	475_UM16 chosen_Answer_Code 5 | 5 type User => 475_UM16 ResponseOnPlatform 1
Rule_75	?a chosen_Answer_Code ?d ?d type User => ?a ResponseOnPlatform 1	334_SU01_09 chosen_Answer_Code 4 | 4 type User => 334_SU01_09 ResponseOnPlatform 1
Rule_75	?a chosen_Answer_Code ?d ?d type User => ?a ResponseOnPlatform 1	376_SU01_03 chosen_Answer_Code 4 | 4 type User => 376_SU01_03 ResponseOnPlatform 1
Rule_75	?a chosen_Answer_Code ?d ?d type User => ?a ResponseOnPlatform 1	181_M010_01 chosen_Answer_Code 9 | 9 type User => 181_M010_01 ResponseOnPlatform 1
Rule_75	?a chosen_Answer_Code ?d ?d type User => ?a ResponseOnPlatform 1	312_SU01_03 chosen_Answer_Code 5 | 5 type User => 312_SU01_03 ResponseOnPlatform 1
Rule_75	?a chosen_Answer_Code ?d ?d type User => ?a ResponseOnPlatform 1	421_UM06 chosen_Answer_Code 5 | 5 type User => 421_UM06 ResponseOnPlatform 1
Rule_75	?a chosen_Answer_Code ?d ?d type User => ?a ResponseOnPlatform 1	410_UM16 chosen_Answer_Code 5 | 5 type User => 410_UM16 ResponseOnPlatform 1
Rule_75	?a chosen_Answer_Code ?d ?d type User => ?a ResponseOnPlatform 1	31_M010_01 chosen_Answer_Code 10 | 10 type User => 31_M010_01 ResponseOnPlatform 1
Rule_75	?a chosen_Answer_Code ?d ?d type User => ?a ResponseOnPlatform 1	397_SU01_09 chosen_Answer_Code 5 | 5 type User => 397_SU01_09 ResponseOnPlatform 1
Rule_75	?a chosen_Answer_Code ?d ?d type User => ?a ResponseOnPlatform 1	475_UM09 chosen_Answer_Code 5 | 5 type User => 475_UM09 ResponseOnPlatform 1
Rule_75	?a chosen_Answer_Code ?d ?d type User => ?a ResponseOnPlatform 1	484_UM15 chosen_Answer_Code 4 | 4 type User => 484_UM15 ResponseOnPlatform 1
Rule_75	?a chosen_Answer_Code ?d ?d type User => ?a ResponseOnPlatform 1	473_UM24 chosen_Answer_Code 3 | 3 type User => 473_UM24 ResponseOnPlatform 1
Rule_75	?a chosen_Answer_Code ?d ?d type User => ?a ResponseOnPlatform 1	321_SU01_01 chosen_Answer_Code 3 | 3 type User => 321_SU01_01 ResponseOnPlatform 1
Rule_75	?a chosen_Answer_Code ?d ?d type User => ?a ResponseOnPlatform 1	109_M005 chosen_Answer_Code 2 | 2 type User => 109_M005 ResponseOnPlatform 1
Rule_75	?a chosen_Answer_Code ?d ?d type User => ?a ResponseOnPlatform 1	230_M006_01 chosen_Answer_Code 8 | 8 type User => 230_M006_01 ResponseOnPlatform 1
Rule_75	?a chosen_Answer_Code ?d ?d type User => ?a ResponseOnPlatform 1	319_SU01_04 chosen_Answer_Code 4 | 4 type User => 319_SU01_04 ResponseOnPlatform 1
Rule_75	?a chosen_Answer_Code ?d ?d type User => ?a ResponseOnPlatform 1	115_M006_01 chosen_Answer_Code 7 | 7 type User => 115_M006_01 ResponseOnPlatform 1
Rule_75	?a chosen_Answer_Code ?d ?d type User => ?a ResponseOnPlatform 1	82_M005 chosen_Answer_Code 2 | 2 type User => 82_M005 ResponseOnPlatform 1
Rule_75	?a chosen_Answer_Code ?d ?d type User => ?a ResponseOnPlatform 1	428_UM14 chosen_Answer_Code 4 | 4 type User => 428_UM14 ResponseOnPlatform 1
Rule_75	?a chosen_Answer_Code ?d ?d type User => ?a ResponseOnPlatform 1	170_M003_01 chosen_Answer_Code 9 | 9 type User => 170_M003_01 ResponseOnPlatform 1
Rule_75	?a chosen_Answer_Code ?d ?d type User => ?a ResponseOnPlatform 1	373_SU01_03 chosen_Answer_Code 2 | 2 type User => 373_SU01_03 ResponseOnPlatform 1
Rule_75	?a chosen_Answer_Code ?d ?d type User => ?a ResponseOnPlatform 1	439_UM19 chosen_Answer_Code 4 | 4 type User => 439_UM19 ResponseOnPlatform 1
Rule_75	?a chosen_Answer_Code ?d ?d type User => ?a ResponseOnPlatform 1	441_UM24 chosen_Answer_Code 5 | 5 type User => 441_UM24 ResponseOnPlatform 1
Rule_75	?a chosen_Answer_Code ?d ?d type User => ?a ResponseOnPlatform 1	223_M004_01 chosen_Answer_Code 10 | 10 type User => 223_M004_01 ResponseOnPlatform 1
Rule_75	?a chosen_Answer_Code ?d ?d type User => ?a ResponseOnPlatform 1	310_SU01_10 chosen_Answer_Code 3 | 3 type User => 310_SU01_10 ResponseOnPlatform 1
Rule_75	?a chosen_Answer_Code ?d ?d type User => ?a ResponseOnPlatform 1	472_UM12 chosen_Answer_Code 5 | 5 type User => 472_UM12 ResponseOnPlatform 1
Rule_75	?a chosen_Answer_Code ?d ?d type User => ?a ResponseOnPlatform 1	293_M005 chosen_Answer_Code 1 | 1 type User => 293_M005 ResponseOnPlatform 1
Rule_75	?a chosen_Answer_Code ?d ?d type User => ?a ResponseOnPlatform 1	253_M006_01 chosen_Answer_Code 9 | 9 type User => 253_M006_01 ResponseOnPlatform 1
Rule_75	?a chosen_Answer_Code ?d ?d type User => ?a ResponseOnPlatform 1	439_UM22 chosen_Answer_Code 5 | 5 type User => 439_UM22 ResponseOnPlatform 1
Rule_75	?a chosen_Answer_Code ?d ?d type User => ?a ResponseOnPlatform 1	225_M003_01 chosen_Answer_Code 8 | 8 type User => 225_M003_01 ResponseOnPlatform 1
Rule_75	?a chosen_Answer_Code ?d ?d type User => ?a ResponseOnPlatform 1	412_UM16 chosen_Answer_Code 4 | 4 type User => 412_UM16 ResponseOnPlatform 1
Rule_75	?a chosen_Answer_Code ?d ?d type User => ?a ResponseOnPlatform 1	94_M010_01 chosen_Answer_Code 9 | 9 type User => 94_M010_01 ResponseOnPlatform 1
Rule_75	?a chosen_Answer_Code ?d ?d type User => ?a ResponseOnPlatform 1	235_M006_01 chosen_Answer_Code 8 | 8 type User => 235_M006_01 ResponseOnPlatform 1
Rule_75	?a chosen_Answer_Code ?d ?d type User => ?a ResponseOnPlatform 1	396_SU01_08 chosen_Answer_Code 4 | 4 type User => 396_SU01_08 ResponseOnPlatform 1
Rule_75	?a chosen_Answer_Code ?d ?d type User => ?a ResponseOnPlatform 1	305_M003_01 chosen_Answer_Code 10 | 10 type User => 305_M003_01 ResponseOnPlatform 1
Rule_75	?a chosen_Answer_Code ?d ?d type User => ?a ResponseOnPlatform 1	410_UM21 chosen_Answer_Code 3 | 3 type User => 410_UM21 ResponseOnPlatform 1
Rule_75	?a chosen_Answer_Code ?d ?d type User => ?a ResponseOnPlatform 1	403_SU01_08 chosen_Answer_Code 5 | 5 type User => 403_SU01_08 ResponseOnPlatform 1
Rule_75	?a chosen_Answer_Code ?d ?d type User => ?a ResponseOnPlatform 1	407_UM10 chosen_Answer_Code 4 | 4 type User => 407_UM10 ResponseOnPlatform 1
Rule_75	?a chosen_Answer_Code ?d ?d type User => ?a ResponseOnPlatform 1	136_M006_01 chosen_Answer_Code 9 | 9 type User => 136_M006_01 ResponseOnPlatform 1
Rule_75	?a chosen_Answer_Code ?d ?d type User => ?a ResponseOnPlatform 1	429_UM17 chosen_Answer_Code 2 | 2 type User => 429_UM17 ResponseOnPlatform 1
Rule_75	?a chosen_Answer_Code ?d ?d type User => ?a ResponseOnPlatform 1	286_M002_01 chosen_Answer_Code 8 | 8 type User => 286_M002_01 ResponseOnPlatform 1
Rule_75	?a chosen_Answer_Code ?d ?d type User => ?a ResponseOnPlatform 1	428_UM19 chosen_Answer_Code 3 | 3 type User => 428_UM19 ResponseOnPlatform 1
Rule_75	?a chosen_Answer_Code ?d ?d type User => ?a ResponseOnPlatform 1	425_UM24 chosen_Answer_Code 3 | 3 type User => 425_UM24 ResponseOnPlatform 1
Rule_75	?a chosen_Answer_Code ?d ?d type User => ?a ResponseOnPlatform 1	385_SU01_04 chosen_Answer_Code 5 | 5 type User => 385_SU01_04 ResponseOnPlatform 1
Rule_75	?a chosen_Answer_Code ?d ?d type User => ?a ResponseOnPlatform 1	440_UM07 chosen_Answer_Code 4 | 4 type User => 440_UM07 ResponseOnPlatform 1
Rule_75	?a chosen_Answer_Code ?d ?d type User => ?a ResponseOnPlatform 1	316_SU01_04 chosen_Answer_Code 5 | 5 type User => 316_SU01_04 ResponseOnPlatform 1
Rule_75	?a chosen_Answer_Code ?d ?d type User => ?a ResponseOnPlatform 1	422_UM21 chosen_Answer_Code 4 | 4 type User => 422_UM21 ResponseOnPlatform 1
Rule_75	?a chosen_Answer_Code ?d ?d type User => ?a ResponseOnPlatform 1	112_M004_01 chosen_Answer_Code 7 | 7 type User => 112_M004_01 ResponseOnPlatform 1
Rule_75	?a chosen_Answer_Code ?d ?d type User => ?a ResponseOnPlatform 1	235_M004_01 chosen_Answer_Code 10 | 10 type User => 235_M004_01 ResponseOnPlatform 1
Rule_75	?a chosen_Answer_Code ?d ?d type User => ?a ResponseOnPlatform 1	406_UM09 chosen_Answer_Code 3 | 3 type User => 406_UM09 ResponseOnPlatform 1
Rule_75	?a chosen_Answer_Code ?d ?d type User => ?a ResponseOnPlatform 1	488_UM12 chosen_Answer_Code 5 | 5 type User => 488_UM12 ResponseOnPlatform 1
Rule_75	?a chosen_Answer_Code ?d ?d type User => ?a ResponseOnPlatform 1	491_UM15 chosen_Answer_Code 4 | 4 type User => 491_UM15 ResponseOnPlatform 1
Rule_75	?a chosen_Answer_Code ?d ?d type User => ?a ResponseOnPlatform 1	350_SU01_01 chosen_Answer_Code 1 | 1 type User => 350_SU01_01 ResponseOnPlatform 1
Rule_75	?a chosen_Answer_Code ?d ?d type User => ?a ResponseOnPlatform 1	476_UM04 chosen_Answer_Code 4 | 4 type User => 476_UM04 ResponseOnPlatform 1
Rule_75	?a chosen_Answer_Code ?d ?d type User => ?a ResponseOnPlatform 1	193_M003_01 chosen_Answer_Code 10 | 10 type User => 193_M003_01 ResponseOnPlatform 1
Rule_75	?a chosen_Answer_Code ?d ?d type User => ?a ResponseOnPlatform 1	472_UM01 chosen_Answer_Code 5 | 5 type User => 472_UM01 ResponseOnPlatform 1
Rule_75	?a chosen_Answer_Code ?d ?d type User => ?a ResponseOnPlatform 1	465_UM01 chosen_Answer_Code 3 | 3 type User => 465_UM01 ResponseOnPlatform 1
Rule_75	?a chosen_Answer_Code ?d ?d type User => ?a ResponseOnPlatform 1	349_SU01_10 chosen_Answer_Code 3 | 3 type User => 349_SU01_10 ResponseOnPlatform 1
Rule_75	?a chosen_Answer_Code ?d ?d type User => ?a ResponseOnPlatform 1	148_M005 chosen_Answer_Code 2 | 2 type User => 148_M005 ResponseOnPlatform 1
Rule_75	?a chosen_Answer_Code ?d ?d type User => ?a ResponseOnPlatform 1	332_SU01_07 chosen_Answer_Code 5 | 5 type User => 332_SU01_07 ResponseOnPlatform 1
Rule_75	?a chosen_Answer_Code ?d ?d type User => ?a ResponseOnPlatform 1	256_M010_01 chosen_Answer_Code 9 | 9 type User => 256_M010_01 ResponseOnPlatform 1
Rule_75	?a chosen_Answer_Code ?d ?d type User => ?a ResponseOnPlatform 1	411_UM14 chosen_Answer_Code 3 | 3 type User => 411_UM14 ResponseOnPlatform 1
Rule_75	?a chosen_Answer_Code ?d ?d type User => ?a ResponseOnPlatform 1	432_UM19 chosen_Answer_Code 3 | 3 type User => 432_UM19 ResponseOnPlatform 1
Rule_75	?a chosen_Answer_Code ?d ?d type User => ?a ResponseOnPlatform 1	266_M005 chosen_Answer_Code 1 | 1 type User => 266_M005 ResponseOnPlatform 1
Rule_75	?a chosen_Answer_Code ?d ?d type User => ?a ResponseOnPlatform 1	325_SU01_04 chosen_Answer_Code 5 | 5 type User => 325_SU01_04 ResponseOnPlatform 1
Rule_75	?a chosen_Answer_Code ?d ?d type User => ?a ResponseOnPlatform 1	84_M010_01 chosen_Answer_Code 2 | 2 type User => 84_M010_01 ResponseOnPlatform 1
Rule_75	?a chosen_Answer_Code ?d ?d type User => ?a ResponseOnPlatform 1	157_M006_01 chosen_Answer_Code 10 | 10 type User => 157_M006_01 ResponseOnPlatform 1
Rule_75	?a chosen_Answer_Code ?d ?d type User => ?a ResponseOnPlatform 1	450_UM15 chosen_Answer_Code 5 | 5 type User => 450_UM15 ResponseOnPlatform 1
Rule_75	?a chosen_Answer_Code ?d ?d type User => ?a ResponseOnPlatform 1	332_SU01_04 chosen_Answer_Code 5 | 5 type User => 332_SU01_04 ResponseOnPlatform 1
Rule_75	?a chosen_Answer_Code ?d ?d type User => ?a ResponseOnPlatform 1	254_M003_01 chosen_Answer_Code 10 | 10 type User => 254_M003_01 ResponseOnPlatform 1
Rule_75	?a chosen_Answer_Code ?d ?d type User => ?a ResponseOnPlatform 1	172_M006_01 chosen_Answer_Code 10 | 10 type User => 172_M006_01 ResponseOnPlatform 1
Rule_75	?a chosen_Answer_Code ?d ?d type User => ?a ResponseOnPlatform 1	305_M005 chosen_Answer_Code 1 | 1 type User => 305_M005 ResponseOnPlatform 1
Rule_75	?a chosen_Answer_Code ?d ?d type User => ?a ResponseOnPlatform 1	402_SU01_01 chosen_Answer_Code 4 | 4 type User => 402_SU01_01 ResponseOnPlatform 1
Rule_75	?a chosen_Answer_Code ?d ?d type User => ?a ResponseOnPlatform 1	401_SU01_09 chosen_Answer_Code 5 | 5 type User => 401_SU01_09 ResponseOnPlatform 1
Rule_75	?a chosen_Answer_Code ?d ?d type User => ?a ResponseOnPlatform 1	269_M003_01 chosen_Answer_Code 9 | 9 type User => 269_M003_01 ResponseOnPlatform 1
Rule_75	?a chosen_Answer_Code ?d ?d type User => ?a ResponseOnPlatform 1	262_M004_01 chosen_Answer_Code 8 | 8 type User => 262_M004_01 ResponseOnPlatform 1
Rule_75	?a chosen_Answer_Code ?d ?d type User => ?a ResponseOnPlatform 1	482_UM08 chosen_Answer_Code 5 | 5 type User => 482_UM08 ResponseOnPlatform 1
Rule_75	?a chosen_Answer_Code ?d ?d type User => ?a ResponseOnPlatform 1	375_SU01_10 chosen_Answer_Code 4 | 4 type User => 375_SU01_10 ResponseOnPlatform 1
Rule_75	?a chosen_Answer_Code ?d ?d type User => ?a ResponseOnPlatform 1	338_SU01_08 chosen_Answer_Code 3 | 3 type User => 338_SU01_08 ResponseOnPlatform 1
Rule_75	?a chosen_Answer_Code ?d ?d type User => ?a ResponseOnPlatform 1	353_SU01_06 chosen_Answer_Code 3 | 3 type User => 353_SU01_06 ResponseOnPlatform 1
Rule_75	?a chosen_Answer_Code ?d ?d type User => ?a ResponseOnPlatform 1	432_UM15 chosen_Answer_Code 5 | 5 type User => 432_UM15 ResponseOnPlatform 1
Rule_75	?a chosen_Answer_Code ?d ?d type User => ?a ResponseOnPlatform 1	368_SU01_10 chosen_Answer_Code 5 | 5 type User => 368_SU01_10 ResponseOnPlatform 1
Rule_75	?a chosen_Answer_Code ?d ?d type User => ?a ResponseOnPlatform 1	80_M006_01 chosen_Answer_Code 9 | 9 type User => 80_M006_01 ResponseOnPlatform 1
Rule_75	?a chosen_Answer_Code ?d ?d type User => ?a ResponseOnPlatform 1	117_M005 chosen_Answer_Code 1 | 1 type User => 117_M005 ResponseOnPlatform 1
Rule_75	?a chosen_Answer_Code ?d ?d type User => ?a ResponseOnPlatform 1	421_UM24 chosen_Answer_Code 4 | 4 type User => 421_UM24 ResponseOnPlatform 1
Rule_75	?a chosen_Answer_Code ?d ?d type User => ?a ResponseOnPlatform 1	120_M005 chosen_Answer_Code 2 | 2 type User => 120_M005 ResponseOnPlatform 1
Rule_75	?a chosen_Answer_Code ?d ?d type User => ?a ResponseOnPlatform 1	441_UM08 chosen_Answer_Code 5 | 5 type User => 441_UM08 ResponseOnPlatform 1
Rule_75	?a chosen_Answer_Code ?d ?d type User => ?a ResponseOnPlatform 1	10_M003_01 chosen_Answer_Code 10 | 10 type User => 10_M003_01 ResponseOnPlatform 1
Rule_75	?a chosen_Answer_Code ?d ?d type User => ?a ResponseOnPlatform 1	450_UM12 chosen_Answer_Code 5 | 5 type User => 450_UM12 ResponseOnPlatform 1
Rule_75	?a chosen_Answer_Code ?d ?d type User => ?a ResponseOnPlatform 1	64_M004_01 chosen_Answer_Code 10 | 10 type User => 64_M004_01 ResponseOnPlatform 1
Rule_75	?a chosen_Answer_Code ?d ?d type User => ?a ResponseOnPlatform 1	317_SU01_04 chosen_Answer_Code 3 | 3 type User => 317_SU01_04 ResponseOnPlatform 1
Rule_75	?a chosen_Answer_Code ?d ?d type User => ?a ResponseOnPlatform 1	53_M005 chosen_Answer_Code 2 | 2 type User => 53_M005 ResponseOnPlatform 1
Rule_75	?a chosen_Answer_Code ?d ?d type User => ?a ResponseOnPlatform 1	384_SU01_07 chosen_Answer_Code 3 | 3 type User => 384_SU01_07 ResponseOnPlatform 1
Rule_75	?a chosen_Answer_Code ?d ?d type User => ?a ResponseOnPlatform 1	342_SU01_10 chosen_Answer_Code 2 | 2 type User => 342_SU01_10 ResponseOnPlatform 1
Rule_75	?a chosen_Answer_Code ?d ?d type User => ?a ResponseOnPlatform 1	213_M010_01 chosen_Answer_Code 6 | 6 type User => 213_M010_01 ResponseOnPlatform 1
Rule_75	?a chosen_Answer_Code ?d ?d type User => ?a ResponseOnPlatform 1	386_SU01_08 chosen_Answer_Code 5 | 5 type User => 386_SU01_08 ResponseOnPlatform 1
Rule_75	?a chosen_Answer_Code ?d ?d type User => ?a ResponseOnPlatform 1	433_UM22 chosen_Answer_Code 3 | 3 type User => 433_UM22 ResponseOnPlatform 1
Rule_75	?a chosen_Answer_Code ?d ?d type User => ?a ResponseOnPlatform 1	208_M006_01 chosen_Answer_Code 9 | 9 type User => 208_M006_01 ResponseOnPlatform 1
Rule_75	?a chosen_Answer_Code ?d ?d type User => ?a ResponseOnPlatform 1	272_M006_01 chosen_Answer_Code 8 | 8 type User => 272_M006_01 ResponseOnPlatform 1
Rule_75	?a chosen_Answer_Code ?d ?d type User => ?a ResponseOnPlatform 1	201_M010_01 chosen_Answer_Code 3 | 3 type User => 201_M010_01 ResponseOnPlatform 1
Rule_75	?a chosen_Answer_Code ?d ?d type User => ?a ResponseOnPlatform 1	218_M003_01 chosen_Answer_Code 10 | 10 type User => 218_M003_01 ResponseOnPlatform 1
Rule_75	?a chosen_Answer_Code ?d ?d type User => ?a ResponseOnPlatform 1	439_UM06 chosen_Answer_Code 3 | 3 type User => 439_UM06 ResponseOnPlatform 1
Rule_75	?a chosen_Answer_Code ?d ?d type User => ?a ResponseOnPlatform 1	415_UM25 chosen_Answer_Code 3 | 3 type User => 415_UM25 ResponseOnPlatform 1
Rule_75	?a chosen_Answer_Code ?d ?d type User => ?a ResponseOnPlatform 1	426_UM09 chosen_Answer_Code 3 | 3 type User => 426_UM09 ResponseOnPlatform 1
Rule_75	?a chosen_Answer_Code ?d ?d type User => ?a ResponseOnPlatform 1	244_M006_01 chosen_Answer_Code 8 | 8 type User => 244_M006_01 ResponseOnPlatform 1
Rule_75	?a chosen_Answer_Code ?d ?d type User => ?a ResponseOnPlatform 1	458_UM06 chosen_Answer_Code 4 | 4 type User => 458_UM06 ResponseOnPlatform 1
Rule_75	?a chosen_Answer_Code ?d ?d type User => ?a ResponseOnPlatform 1	390_SU01_01 chosen_Answer_Code 4 | 4 type User => 390_SU01_01 ResponseOnPlatform 1
Rule_75	?a chosen_Answer_Code ?d ?d type User => ?a ResponseOnPlatform 1	301_M005 chosen_Answer_Code 2 | 2 type User => 301_M005 ResponseOnPlatform 1
Rule_75	?a chosen_Answer_Code ?d ?d type User => ?a ResponseOnPlatform 1	421_UM09 chosen_Answer_Code 4 | 4 type User => 421_UM09 ResponseOnPlatform 1
Rule_75	?a chosen_Answer_Code ?d ?d type User => ?a ResponseOnPlatform 1	471_UM25 chosen_Answer_Code 3 | 3 type User => 471_UM25 ResponseOnPlatform 1
Rule_75	?a chosen_Answer_Code ?d ?d type User => ?a ResponseOnPlatform 1	140_M006_01 chosen_Answer_Code 9 | 9 type User => 140_M006_01 ResponseOnPlatform 1
Rule_75	?a chosen_Answer_Code ?d ?d type User => ?a ResponseOnPlatform 1	144_M003_01 chosen_Answer_Code 10 | 10 type User => 144_M003_01 ResponseOnPlatform 1
Rule_75	?a chosen_Answer_Code ?d ?d type User => ?a ResponseOnPlatform 1	468_UM07 chosen_Answer_Code 5 | 5 type User => 468_UM07 ResponseOnPlatform 1
Rule_75	?a chosen_Answer_Code ?d ?d type User => ?a ResponseOnPlatform 1	421_UM02 chosen_Answer_Code 4 | 4 type User => 421_UM02 ResponseOnPlatform 1
Rule_75	?a chosen_Answer_Code ?d ?d type User => ?a ResponseOnPlatform 1	379_SU01_06 chosen_Answer_Code 5 | 5 type User => 379_SU01_06 ResponseOnPlatform 1
Rule_75	?a chosen_Answer_Code ?d ?d type User => ?a ResponseOnPlatform 1	432_UM14 chosen_Answer_Code 4 | 4 type User => 432_UM14 ResponseOnPlatform 1
Rule_75	?a chosen_Answer_Code ?d ?d type User => ?a ResponseOnPlatform 1	471_UM12 chosen_Answer_Code 4 | 4 type User => 471_UM12 ResponseOnPlatform 1
Rule_75	?a chosen_Answer_Code ?d ?d type User => ?a ResponseOnPlatform 1	29_M006_01 chosen_Answer_Code 9 | 9 type User => 29_M006_01 ResponseOnPlatform 1
Rule_75	?a chosen_Answer_Code ?d ?d type User => ?a ResponseOnPlatform 1	460_UM01 chosen_Answer_Code 3 | 3 type User => 460_UM01 ResponseOnPlatform 1
Rule_75	?a chosen_Answer_Code ?d ?d type User => ?a ResponseOnPlatform 1	151_M002_01 chosen_Answer_Code 9 | 9 type User => 151_M002_01 ResponseOnPlatform 1
Rule_75	?a chosen_Answer_Code ?d ?d type User => ?a ResponseOnPlatform 1	340_SU01_02 chosen_Answer_Code 4 | 4 type User => 340_SU01_02 ResponseOnPlatform 1
Rule_75	?a chosen_Answer_Code ?d ?d type User => ?a ResponseOnPlatform 1	157_M004_01 chosen_Answer_Code 8 | 8 type User => 157_M004_01 ResponseOnPlatform 1
Rule_75	?a chosen_Answer_Code ?d ?d type User => ?a ResponseOnPlatform 1	434_UM11 chosen_Answer_Code 1 | 1 type User => 434_UM11 ResponseOnPlatform 1
Rule_75	?a chosen_Answer_Code ?d ?d type User => ?a ResponseOnPlatform 1	395_SU01_03 chosen_Answer_Code 5 | 5 type User => 395_SU01_03 ResponseOnPlatform 1
Rule_75	?a chosen_Answer_Code ?d ?d type User => ?a ResponseOnPlatform 1	327_SU01_10 chosen_Answer_Code 5 | 5 type User => 327_SU01_10 ResponseOnPlatform 1
Rule_75	?a chosen_Answer_Code ?d ?d type User => ?a ResponseOnPlatform 1	128_M002_01 chosen_Answer_Code 8 | 8 type User => 128_M002_01 ResponseOnPlatform 1
Rule_75	?a chosen_Answer_Code ?d ?d type User => ?a ResponseOnPlatform 1	373_SU01_05 chosen_Answer_Code 3 | 3 type User => 373_SU01_05 ResponseOnPlatform 1
Rule_75	?a chosen_Answer_Code ?d ?d type User => ?a ResponseOnPlatform 1	5_M003_01 chosen_Answer_Code 10 | 10 type User => 5_M003_01 ResponseOnPlatform 1
Rule_75	?a chosen_Answer_Code ?d ?d type User => ?a ResponseOnPlatform 1	286_M006_01 chosen_Answer_Code 9 | 9 type User => 286_M006_01 ResponseOnPlatform 1
Rule_75	?a chosen_Answer_Code ?d ?d type User => ?a ResponseOnPlatform 1	482_UM16 chosen_Answer_Code 5 | 5 type User => 482_UM16 ResponseOnPlatform 1
Rule_75	?a chosen_Answer_Code ?d ?d type User => ?a ResponseOnPlatform 1	378_SU01_07 chosen_Answer_Code 4 | 4 type User => 378_SU01_07 ResponseOnPlatform 1
Rule_75	?a chosen_Answer_Code ?d ?d type User => ?a ResponseOnPlatform 1	412_UM24 chosen_Answer_Code 4 | 4 type User => 412_UM24 ResponseOnPlatform 1
Rule_75	?a chosen_Answer_Code ?d ?d type User => ?a ResponseOnPlatform 1	428_UM02 chosen_Answer_Code 3 | 3 type User => 428_UM02 ResponseOnPlatform 1
Rule_75	?a chosen_Answer_Code ?d ?d type User => ?a ResponseOnPlatform 1	444_UM16 chosen_Answer_Code 5 | 5 type User => 444_UM16 ResponseOnPlatform 1
Rule_75	?a chosen_Answer_Code ?d ?d type User => ?a ResponseOnPlatform 1	374_SU01_07 chosen_Answer_Code 4 | 4 type User => 374_SU01_07 ResponseOnPlatform 1
Rule_75	?a chosen_Answer_Code ?d ?d type User => ?a ResponseOnPlatform 1	225_M006_01 chosen_Answer_Code 9 | 9 type User => 225_M006_01 ResponseOnPlatform 1
Rule_75	?a chosen_Answer_Code ?d ?d type User => ?a ResponseOnPlatform 1	441_UM04 chosen_Answer_Code 5 | 5 type User => 441_UM04 ResponseOnPlatform 1
Rule_75	?a chosen_Answer_Code ?d ?d type User => ?a ResponseOnPlatform 1	396_SU01_02 chosen_Answer_Code 4 | 4 type User => 396_SU01_02 ResponseOnPlatform 1
Rule_75	?a chosen_Answer_Code ?d ?d type User => ?a ResponseOnPlatform 1	210_M005 chosen_Answer_Code 1 | 1 type User => 210_M005 ResponseOnPlatform 1
Rule_75	?a chosen_Answer_Code ?d ?d type User => ?a ResponseOnPlatform 1	428_UM07 chosen_Answer_Code 4 | 4 type User => 428_UM07 ResponseOnPlatform 1
Rule_75	?a chosen_Answer_Code ?d ?d type User => ?a ResponseOnPlatform 1	424_UM13 chosen_Answer_Code 4 | 4 type User => 424_UM13 ResponseOnPlatform 1
Rule_75	?a chosen_Answer_Code ?d ?d type User => ?a ResponseOnPlatform 1	449_UM02 chosen_Answer_Code 4 | 4 type User => 449_UM02 ResponseOnPlatform 1
Rule_75	?a chosen_Answer_Code ?d ?d type User => ?a ResponseOnPlatform 1	452_UM10 chosen_Answer_Code 4 | 4 type User => 452_UM10 ResponseOnPlatform 1
Rule_75	?a chosen_Answer_Code ?d ?d type User => ?a ResponseOnPlatform 1	326_SU01_10 chosen_Answer_Code 4 | 4 type User => 326_SU01_10 ResponseOnPlatform 1
Rule_75	?a chosen_Answer_Code ?d ?d type User => ?a ResponseOnPlatform 1	266_M006_01 chosen_Answer_Code 8 | 8 type User => 266_M006_01 ResponseOnPlatform 1
Rule_75	?a chosen_Answer_Code ?d ?d type User => ?a ResponseOnPlatform 1	97_M006_01 chosen_Answer_Code 10 | 10 type User => 97_M006_01 ResponseOnPlatform 1
Rule_75	?a chosen_Answer_Code ?d ?d type User => ?a ResponseOnPlatform 1	372_SU01_02 chosen_Answer_Code 5 | 5 type User => 372_SU01_02 ResponseOnPlatform 1
Rule_75	?a chosen_Answer_Code ?d ?d type User => ?a ResponseOnPlatform 1	346_SU01_02 chosen_Answer_Code 3 | 3 type User => 346_SU01_02 ResponseOnPlatform 1
Rule_75	?a chosen_Answer_Code ?d ?d type User => ?a ResponseOnPlatform 1	398_SU01_07 chosen_Answer_Code 4 | 4 type User => 398_SU01_07 ResponseOnPlatform 1
Rule_75	?a chosen_Answer_Code ?d ?d type User => ?a ResponseOnPlatform 1	306_M002_01 chosen_Answer_Code 10 | 10 type User => 306_M002_01 ResponseOnPlatform 1
Rule_75	?a chosen_Answer_Code ?d ?d type User => ?a ResponseOnPlatform 1	391_SU01_08 chosen_Answer_Code 5 | 5 type User => 391_SU01_08 ResponseOnPlatform 1
Rule_75	?a chosen_Answer_Code ?d ?d type User => ?a ResponseOnPlatform 1	391_SU01_07 chosen_Answer_Code 2 | 2 type User => 391_SU01_07 ResponseOnPlatform 1
Rule_75	?a chosen_Answer_Code ?d ?d type User => ?a ResponseOnPlatform 1	16_M003_01 chosen_Answer_Code 5 | 5 type User => 16_M003_01 ResponseOnPlatform 1
Rule_75	?a chosen_Answer_Code ?d ?d type User => ?a ResponseOnPlatform 1	56_M002_01 chosen_Answer_Code 6 | 6 type User => 56_M002_01 ResponseOnPlatform 1
Rule_75	?a chosen_Answer_Code ?d ?d type User => ?a ResponseOnPlatform 1	137_M003_01 chosen_Answer_Code 10 | 10 type User => 137_M003_01 ResponseOnPlatform 1
Rule_75	?a chosen_Answer_Code ?d ?d type User => ?a ResponseOnPlatform 1	486_UM21 chosen_Answer_Code 4 | 4 type User => 486_UM21 ResponseOnPlatform 1
Rule_75	?a chosen_Answer_Code ?d ?d type User => ?a ResponseOnPlatform 1	91_M006_01 chosen_Answer_Code 8 | 8 type User => 91_M006_01 ResponseOnPlatform 1
Rule_75	?a chosen_Answer_Code ?d ?d type User => ?a ResponseOnPlatform 1	301_M004_01 chosen_Answer_Code 9 | 9 type User => 301_M004_01 ResponseOnPlatform 1
Rule_75	?a chosen_Answer_Code ?d ?d type User => ?a ResponseOnPlatform 1	433_UM19 chosen_Answer_Code 5 | 5 type User => 433_UM19 ResponseOnPlatform 1
Rule_75	?a chosen_Answer_Code ?d ?d type User => ?a ResponseOnPlatform 1	139_M002_01 chosen_Answer_Code 8 | 8 type User => 139_M002_01 ResponseOnPlatform 1
Rule_75	?a chosen_Answer_Code ?d ?d type User => ?a ResponseOnPlatform 1	245_M006_01 chosen_Answer_Code 10 | 10 type User => 245_M006_01 ResponseOnPlatform 1
Rule_75	?a chosen_Answer_Code ?d ?d type User => ?a ResponseOnPlatform 1	79_M006_01 chosen_Answer_Code 10 | 10 type User => 79_M006_01 ResponseOnPlatform 1
Rule_75	?a chosen_Answer_Code ?d ?d type User => ?a ResponseOnPlatform 1	223_M002_01 chosen_Answer_Code 8 | 8 type User => 223_M002_01 ResponseOnPlatform 1
Rule_75	?a chosen_Answer_Code ?d ?d type User => ?a ResponseOnPlatform 1	437_UM13 chosen_Answer_Code 4 | 4 type User => 437_UM13 ResponseOnPlatform 1
Rule_75	?a chosen_Answer_Code ?d ?d type User => ?a ResponseOnPlatform 1	245_M004_01 chosen_Answer_Code 10 | 10 type User => 245_M004_01 ResponseOnPlatform 1
Rule_75	?a chosen_Answer_Code ?d ?d type User => ?a ResponseOnPlatform 1	427_UM13 chosen_Answer_Code 4 | 4 type User => 427_UM13 ResponseOnPlatform 1
Rule_75	?a chosen_Answer_Code ?d ?d type User => ?a ResponseOnPlatform 1	93_M003_01 chosen_Answer_Code 10 | 10 type User => 93_M003_01 ResponseOnPlatform 1
Rule_75	?a chosen_Answer_Code ?d ?d type User => ?a ResponseOnPlatform 1	206_M002_01 chosen_Answer_Code 9 | 9 type User => 206_M002_01 ResponseOnPlatform 1
Rule_75	?a chosen_Answer_Code ?d ?d type User => ?a ResponseOnPlatform 1	145_M006_01 chosen_Answer_Code 8 | 8 type User => 145_M006_01 ResponseOnPlatform 1
Rule_75	?a chosen_Answer_Code ?d ?d type User => ?a ResponseOnPlatform 1	237_M005 chosen_Answer_Code 3 | 3 type User => 237_M005 ResponseOnPlatform 1
Rule_75	?a chosen_Answer_Code ?d ?d type User => ?a ResponseOnPlatform 1	213_M003_01 chosen_Answer_Code 10 | 10 type User => 213_M003_01 ResponseOnPlatform 1
Rule_75	?a chosen_Answer_Code ?d ?d type User => ?a ResponseOnPlatform 1	338_SU01_10 chosen_Answer_Code 2 | 2 type User => 338_SU01_10 ResponseOnPlatform 1
Rule_75	?a chosen_Answer_Code ?d ?d type User => ?a ResponseOnPlatform 1	36_M006_01 chosen_Answer_Code 10 | 10 type User => 36_M006_01 ResponseOnPlatform 1
Rule_75	?a chosen_Answer_Code ?d ?d type User => ?a ResponseOnPlatform 1	59_M002_01 chosen_Answer_Code 9 | 9 type User => 59_M002_01 ResponseOnPlatform 1
Rule_75	?a chosen_Answer_Code ?d ?d type User => ?a ResponseOnPlatform 1	235_M002_01 chosen_Answer_Code 8 | 8 type User => 235_M002_01 ResponseOnPlatform 1
Rule_75	?a chosen_Answer_Code ?d ?d type User => ?a ResponseOnPlatform 1	423_UM19 chosen_Answer_Code 3 | 3 type User => 423_UM19 ResponseOnPlatform 1
Rule_75	?a chosen_Answer_Code ?d ?d type User => ?a ResponseOnPlatform 1	193_M006_01 chosen_Answer_Code 10 | 10 type User => 193_M006_01 ResponseOnPlatform 1
Rule_75	?a chosen_Answer_Code ?d ?d type User => ?a ResponseOnPlatform 1	312_SU01_04 chosen_Answer_Code 5 | 5 type User => 312_SU01_04 ResponseOnPlatform 1
Rule_75	?a chosen_Answer_Code ?d ?d type User => ?a ResponseOnPlatform 1	286_M003_01 chosen_Answer_Code 9 | 9 type User => 286_M003_01 ResponseOnPlatform 1
Rule_75	?a chosen_Answer_Code ?d ?d type User => ?a ResponseOnPlatform 1	281_M002_01 chosen_Answer_Code 10 | 10 type User => 281_M002_01 ResponseOnPlatform 1
Rule_75	?a chosen_Answer_Code ?d ?d type User => ?a ResponseOnPlatform 1	391_SU01_05 chosen_Answer_Code 4 | 4 type User => 391_SU01_05 ResponseOnPlatform 1
Rule_75	?a chosen_Answer_Code ?d ?d type User => ?a ResponseOnPlatform 1	125_M005 chosen_Answer_Code 1 | 1 type User => 125_M005 ResponseOnPlatform 1
Rule_75	?a chosen_Answer_Code ?d ?d type User => ?a ResponseOnPlatform 1	98_M005 chosen_Answer_Code 1 | 1 type User => 98_M005 ResponseOnPlatform 1
Rule_75	?a chosen_Answer_Code ?d ?d type User => ?a ResponseOnPlatform 1	341_SU01_08 chosen_Answer_Code 5 | 5 type User => 341_SU01_08 ResponseOnPlatform 1
Rule_75	?a chosen_Answer_Code ?d ?d type User => ?a ResponseOnPlatform 1	385_SU01_03 chosen_Answer_Code 4 | 4 type User => 385_SU01_03 ResponseOnPlatform 1
Rule_75	?a chosen_Answer_Code ?d ?d type User => ?a ResponseOnPlatform 1	39_M002_01 chosen_Answer_Code 10 | 10 type User => 39_M002_01 ResponseOnPlatform 1
Rule_75	?a chosen_Answer_Code ?d ?d type User => ?a ResponseOnPlatform 1	449_UM19 chosen_Answer_Code 3 | 3 type User => 449_UM19 ResponseOnPlatform 1
Rule_75	?a chosen_Answer_Code ?d ?d type User => ?a ResponseOnPlatform 1	412_UM20 chosen_Answer_Code 5 | 5 type User => 412_UM20 ResponseOnPlatform 1
Rule_75	?a chosen_Answer_Code ?d ?d type User => ?a ResponseOnPlatform 1	65_M005 chosen_Answer_Code 1 | 1 type User => 65_M005 ResponseOnPlatform 1
Rule_75	?a chosen_Answer_Code ?d ?d type User => ?a ResponseOnPlatform 1	406_UM20 chosen_Answer_Code 5 | 5 type User => 406_UM20 ResponseOnPlatform 1
Rule_75	?a chosen_Answer_Code ?d ?d type User => ?a ResponseOnPlatform 1	438_UM25 chosen_Answer_Code 4 | 4 type User => 438_UM25 ResponseOnPlatform 1
Rule_75	?a chosen_Answer_Code ?d ?d type User => ?a ResponseOnPlatform 1	487_UM20 chosen_Answer_Code 5 | 5 type User => 487_UM20 ResponseOnPlatform 1
Rule_75	?a chosen_Answer_Code ?d ?d type User => ?a ResponseOnPlatform 1	424_UM07 chosen_Answer_Code 4 | 4 type User => 424_UM07 ResponseOnPlatform 1
Rule_75	?a chosen_Answer_Code ?d ?d type User => ?a ResponseOnPlatform 1	421_UM12 chosen_Answer_Code 5 | 5 type User => 421_UM12 ResponseOnPlatform 1
Rule_75	?a chosen_Answer_Code ?d ?d type User => ?a ResponseOnPlatform 1	178_M005 chosen_Answer_Code 3 | 3 type User => 178_M005 ResponseOnPlatform 1
Rule_75	?a chosen_Answer_Code ?d ?d type User => ?a ResponseOnPlatform 1	235_M010_01 chosen_Answer_Code 9 | 9 type User => 235_M010_01 ResponseOnPlatform 1
Rule_75	?a chosen_Answer_Code ?d ?d type User => ?a ResponseOnPlatform 1	458_UM22 chosen_Answer_Code 4 | 4 type User => 458_UM22 ResponseOnPlatform 1
Rule_75	?a chosen_Answer_Code ?d ?d type User => ?a ResponseOnPlatform 1	92_M010_01 chosen_Answer_Code 7 | 7 type User => 92_M010_01 ResponseOnPlatform 1
Rule_75	?a chosen_Answer_Code ?d ?d type User => ?a ResponseOnPlatform 1	465_UM07 chosen_Answer_Code 5 | 5 type User => 465_UM07 ResponseOnPlatform 1
Rule_75	?a chosen_Answer_Code ?d ?d type User => ?a ResponseOnPlatform 1	478_UM19 chosen_Answer_Code 4 | 4 type User => 478_UM19 ResponseOnPlatform 1
Rule_75	?a chosen_Answer_Code ?d ?d type User => ?a ResponseOnPlatform 1	348_SU01_09 chosen_Answer_Code 4 | 4 type User => 348_SU01_09 ResponseOnPlatform 1
Rule_75	?a chosen_Answer_Code ?d ?d type User => ?a ResponseOnPlatform 1	427_UM12 chosen_Answer_Code 5 | 5 type User => 427_UM12 ResponseOnPlatform 1
Rule_75	?a chosen_Answer_Code ?d ?d type User => ?a ResponseOnPlatform 1	170_M004_01 chosen_Answer_Code 10 | 10 type User => 170_M004_01 ResponseOnPlatform 1
Rule_75	?a chosen_Answer_Code ?d ?d type User => ?a ResponseOnPlatform 1	158_M004_01 chosen_Answer_Code 9 | 9 type User => 158_M004_01 ResponseOnPlatform 1
Rule_75	?a chosen_Answer_Code ?d ?d type User => ?a ResponseOnPlatform 1	457_UM08 chosen_Answer_Code 4 | 4 type User => 457_UM08 ResponseOnPlatform 1
Rule_75	?a chosen_Answer_Code ?d ?d type User => ?a ResponseOnPlatform 1	140_M003_01 chosen_Answer_Code 9 | 9 type User => 140_M003_01 ResponseOnPlatform 1
Rule_75	?a chosen_Answer_Code ?d ?d type User => ?a ResponseOnPlatform 1	48_M010_01 chosen_Answer_Code 8 | 8 type User => 48_M010_01 ResponseOnPlatform 1
Rule_75	?a chosen_Answer_Code ?d ?d type User => ?a ResponseOnPlatform 1	30_M010_01 chosen_Answer_Code 7 | 7 type User => 30_M010_01 ResponseOnPlatform 1
Rule_75	?a chosen_Answer_Code ?d ?d type User => ?a ResponseOnPlatform 1	407_UM18 chosen_Answer_Code 4 | 4 type User => 407_UM18 ResponseOnPlatform 1
Rule_75	?a chosen_Answer_Code ?d ?d type User => ?a ResponseOnPlatform 1	430_UM22 chosen_Answer_Code 3 | 3 type User => 430_UM22 ResponseOnPlatform 1
Rule_75	?a chosen_Answer_Code ?d ?d type User => ?a ResponseOnPlatform 1	463_UM03 chosen_Answer_Code 4 | 4 type User => 463_UM03 ResponseOnPlatform 1
Rule_75	?a chosen_Answer_Code ?d ?d type User => ?a ResponseOnPlatform 1	29_M002_01 chosen_Answer_Code 7 | 7 type User => 29_M002_01 ResponseOnPlatform 1
Rule_75	?a chosen_Answer_Code ?d ?d type User => ?a ResponseOnPlatform 1	468_UM17 chosen_Answer_Code 1 | 1 type User => 468_UM17 ResponseOnPlatform 1
Rule_75	?a chosen_Answer_Code ?d ?d type User => ?a ResponseOnPlatform 1	438_UM21 chosen_Answer_Code 5 | 5 type User => 438_UM21 ResponseOnPlatform 1
Rule_75	?a chosen_Answer_Code ?d ?d type User => ?a ResponseOnPlatform 1	23_M004_01 chosen_Answer_Code 10 | 10 type User => 23_M004_01 ResponseOnPlatform 1
Rule_75	?a chosen_Answer_Code ?d ?d type User => ?a ResponseOnPlatform 1	463_UM02 chosen_Answer_Code 5 | 5 type User => 463_UM02 ResponseOnPlatform 1
Rule_75	?a chosen_Answer_Code ?d ?d type User => ?a ResponseOnPlatform 1	340_SU01_01 chosen_Answer_Code 4 | 4 type User => 340_SU01_01 ResponseOnPlatform 1
Rule_75	?a chosen_Answer_Code ?d ?d type User => ?a ResponseOnPlatform 1	429_UM09 chosen_Answer_Code 4 | 4 type User => 429_UM09 ResponseOnPlatform 1
Rule_75	?a chosen_Answer_Code ?d ?d type User => ?a ResponseOnPlatform 1	7_M005 chosen_Answer_Code 1 | 1 type User => 7_M005 ResponseOnPlatform 1
Rule_75	?a chosen_Answer_Code ?d ?d type User => ?a ResponseOnPlatform 1	339_SU01_06 chosen_Answer_Code 5 | 5 type User => 339_SU01_06 ResponseOnPlatform 1
Rule_75	?a chosen_Answer_Code ?d ?d type User => ?a ResponseOnPlatform 1	490_UM22 chosen_Answer_Code 3 | 3 type User => 490_UM22 ResponseOnPlatform 1
Rule_75	?a chosen_Answer_Code ?d ?d type User => ?a ResponseOnPlatform 1	451_UM07 chosen_Answer_Code 4 | 4 type User => 451_UM07 ResponseOnPlatform 1
Rule_75	?a chosen_Answer_Code ?d ?d type User => ?a ResponseOnPlatform 1	86_M003_01 chosen_Answer_Code 10 | 10 type User => 86_M003_01 ResponseOnPlatform 1
Rule_75	?a chosen_Answer_Code ?d ?d type User => ?a ResponseOnPlatform 1	213_M002_01 chosen_Answer_Code 10 | 10 type User => 213_M002_01 ResponseOnPlatform 1
Rule_75	?a chosen_Answer_Code ?d ?d type User => ?a ResponseOnPlatform 1	125_M002_01 chosen_Answer_Code 9 | 9 type User => 125_M002_01 ResponseOnPlatform 1
Rule_75	?a chosen_Answer_Code ?d ?d type User => ?a ResponseOnPlatform 1	86_M002_01 chosen_Answer_Code 8 | 8 type User => 86_M002_01 ResponseOnPlatform 1
Rule_75	?a chosen_Answer_Code ?d ?d type User => ?a ResponseOnPlatform 1	443_UM09 chosen_Answer_Code 5 | 5 type User => 443_UM09 ResponseOnPlatform 1
Rule_75	?a chosen_Answer_Code ?d ?d type User => ?a ResponseOnPlatform 1	467_UM14 chosen_Answer_Code 4 | 4 type User => 467_UM14 ResponseOnPlatform 1
Rule_75	?a chosen_Answer_Code ?d ?d type User => ?a ResponseOnPlatform 1	313_SU01_07 chosen_Answer_Code 5 | 5 type User => 313_SU01_07 ResponseOnPlatform 1
Rule_75	?a chosen_Answer_Code ?d ?d type User => ?a ResponseOnPlatform 1	140_M010_01 chosen_Answer_Code 10 | 10 type User => 140_M010_01 ResponseOnPlatform 1
Rule_75	?a chosen_Answer_Code ?d ?d type User => ?a ResponseOnPlatform 1	258_M006_01 chosen_Answer_Code 8 | 8 type User => 258_M006_01 ResponseOnPlatform 1
Rule_75	?a chosen_Answer_Code ?d ?d type User => ?a ResponseOnPlatform 1	435_UM24 chosen_Answer_Code 2 | 2 type User => 435_UM24 ResponseOnPlatform 1
Rule_75	?a chosen_Answer_Code ?d ?d type User => ?a ResponseOnPlatform 1	171_M005 chosen_Answer_Code 1 | 1 type User => 171_M005 ResponseOnPlatform 1
Rule_75	?a chosen_Answer_Code ?d ?d type User => ?a ResponseOnPlatform 1	358_SU01_07 chosen_Answer_Code 3 | 3 type User => 358_SU01_07 ResponseOnPlatform 1
Rule_75	?a chosen_Answer_Code ?d ?d type User => ?a ResponseOnPlatform 1	244_M010_01 chosen_Answer_Code 6 | 6 type User => 244_M010_01 ResponseOnPlatform 1
Rule_75	?a chosen_Answer_Code ?d ?d type User => ?a ResponseOnPlatform 1	248_M003_01 chosen_Answer_Code 6 | 6 type User => 248_M003_01 ResponseOnPlatform 1
Rule_75	?a chosen_Answer_Code ?d ?d type User => ?a ResponseOnPlatform 1	420_UM21 chosen_Answer_Code 5 | 5 type User => 420_UM21 ResponseOnPlatform 1
Rule_75	?a chosen_Answer_Code ?d ?d type User => ?a ResponseOnPlatform 1	440_UM04 chosen_Answer_Code 5 | 5 type User => 440_UM04 ResponseOnPlatform 1
Rule_75	?a chosen_Answer_Code ?d ?d type User => ?a ResponseOnPlatform 1	121_M010_01 chosen_Answer_Code 1 | 1 type User => 121_M010_01 ResponseOnPlatform 1
Rule_75	?a chosen_Answer_Code ?d ?d type User => ?a ResponseOnPlatform 1	129_M005 chosen_Answer_Code 1 | 1 type User => 129_M005 ResponseOnPlatform 1
Rule_75	?a chosen_Answer_Code ?d ?d type User => ?a ResponseOnPlatform 1	483_UM02 chosen_Answer_Code 5 | 5 type User => 483_UM02 ResponseOnPlatform 1
Rule_75	?a chosen_Answer_Code ?d ?d type User => ?a ResponseOnPlatform 1	89_M010_01 chosen_Answer_Code 6 | 6 type User => 89_M010_01 ResponseOnPlatform 1
Rule_75	?a chosen_Answer_Code ?d ?d type User => ?a ResponseOnPlatform 1	475_UM01 chosen_Answer_Code 5 | 5 type User => 475_UM01 ResponseOnPlatform 1
Rule_75	?a chosen_Answer_Code ?d ?d type User => ?a ResponseOnPlatform 1	435_UM02 chosen_Answer_Code 3 | 3 type User => 435_UM02 ResponseOnPlatform 1
Rule_75	?a chosen_Answer_Code ?d ?d type User => ?a ResponseOnPlatform 1	400_SU01_07 chosen_Answer_Code 4 | 4 type User => 400_SU01_07 ResponseOnPlatform 1
Rule_75	?a chosen_Answer_Code ?d ?d type User => ?a ResponseOnPlatform 1	435_UM20 chosen_Answer_Code 2 | 2 type User => 435_UM20 ResponseOnPlatform 1
Rule_75	?a chosen_Answer_Code ?d ?d type User => ?a ResponseOnPlatform 1	125_M010_01 chosen_Answer_Code 9 | 9 type User => 125_M010_01 ResponseOnPlatform 1
Rule_75	?a chosen_Answer_Code ?d ?d type User => ?a ResponseOnPlatform 1	473_UM06 chosen_Answer_Code 5 | 5 type User => 473_UM06 ResponseOnPlatform 1
Rule_75	?a chosen_Answer_Code ?d ?d type User => ?a ResponseOnPlatform 1	25_M010_01 chosen_Answer_Code 1 | 1 type User => 25_M010_01 ResponseOnPlatform 1
Rule_75	?a chosen_Answer_Code ?d ?d type User => ?a ResponseOnPlatform 1	345_SU01_03 chosen_Answer_Code 5 | 5 type User => 345_SU01_03 ResponseOnPlatform 1
Rule_75	?a chosen_Answer_Code ?d ?d type User => ?a ResponseOnPlatform 1	490_UM04 chosen_Answer_Code 4 | 4 type User => 490_UM04 ResponseOnPlatform 1
Rule_75	?a chosen_Answer_Code ?d ?d type User => ?a ResponseOnPlatform 1	338_SU01_03 chosen_Answer_Code 2 | 2 type User => 338_SU01_03 ResponseOnPlatform 1
Rule_75	?a chosen_Answer_Code ?d ?d type User => ?a ResponseOnPlatform 1	424_UM20 chosen_Answer_Code 4 | 4 type User => 424_UM20 ResponseOnPlatform 1
Rule_75	?a chosen_Answer_Code ?d ?d type User => ?a ResponseOnPlatform 1	270_M006_01 chosen_Answer_Code 10 | 10 type User => 270_M006_01 ResponseOnPlatform 1
Rule_75	?a chosen_Answer_Code ?d ?d type User => ?a ResponseOnPlatform 1	401_SU01_02 chosen_Answer_Code 5 | 5 type User => 401_SU01_02 ResponseOnPlatform 1
Rule_75	?a chosen_Answer_Code ?d ?d type User => ?a ResponseOnPlatform 1	71_M006_01 chosen_Answer_Code 10 | 10 type User => 71_M006_01 ResponseOnPlatform 1
Rule_75	?a chosen_Answer_Code ?d ?d type User => ?a ResponseOnPlatform 1	401_SU01_04 chosen_Answer_Code 5 | 5 type User => 401_SU01_04 ResponseOnPlatform 1
Rule_75	?a chosen_Answer_Code ?d ?d type User => ?a ResponseOnPlatform 1	101_M003_01 chosen_Answer_Code 5 | 5 type User => 101_M003_01 ResponseOnPlatform 1
Rule_75	?a chosen_Answer_Code ?d ?d type User => ?a ResponseOnPlatform 1	483_UM07 chosen_Answer_Code 4 | 4 type User => 483_UM07 ResponseOnPlatform 1
Rule_75	?a chosen_Answer_Code ?d ?d type User => ?a ResponseOnPlatform 1	222_M003_01 chosen_Answer_Code 8 | 8 type User => 222_M003_01 ResponseOnPlatform 1
Rule_75	?a chosen_Answer_Code ?d ?d type User => ?a ResponseOnPlatform 1	233_M002_01 chosen_Answer_Code 9 | 9 type User => 233_M002_01 ResponseOnPlatform 1
Rule_75	?a chosen_Answer_Code ?d ?d type User => ?a ResponseOnPlatform 1	412_UM03 chosen_Answer_Code 4 | 4 type User => 412_UM03 ResponseOnPlatform 1
Rule_75	?a chosen_Answer_Code ?d ?d type User => ?a ResponseOnPlatform 1	62_M006_01 chosen_Answer_Code 7 | 7 type User => 62_M006_01 ResponseOnPlatform 1
Rule_75	?a chosen_Answer_Code ?d ?d type User => ?a ResponseOnPlatform 1	362_SU01_05 chosen_Answer_Code 2 | 2 type User => 362_SU01_05 ResponseOnPlatform 1
Rule_75	?a chosen_Answer_Code ?d ?d type User => ?a ResponseOnPlatform 1	30_M004_01 chosen_Answer_Code 6 | 6 type User => 30_M004_01 ResponseOnPlatform 1
Rule_75	?a chosen_Answer_Code ?d ?d type User => ?a ResponseOnPlatform 1	440_UM06 chosen_Answer_Code 5 | 5 type User => 440_UM06 ResponseOnPlatform 1
Rule_75	?a chosen_Answer_Code ?d ?d type User => ?a ResponseOnPlatform 1	388_SU01_04 chosen_Answer_Code 5 | 5 type User => 388_SU01_04 ResponseOnPlatform 1
Rule_75	?a chosen_Answer_Code ?d ?d type User => ?a ResponseOnPlatform 1	410_UM24 chosen_Answer_Code 3 | 3 type User => 410_UM24 ResponseOnPlatform 1
Rule_75	?a chosen_Answer_Code ?d ?d type User => ?a ResponseOnPlatform 1	119_M005 chosen_Answer_Code 2 | 2 type User => 119_M005 ResponseOnPlatform 1
Rule_75	?a chosen_Answer_Code ?d ?d type User => ?a ResponseOnPlatform 1	406_UM22 chosen_Answer_Code 5 | 5 type User => 406_UM22 ResponseOnPlatform 1
Rule_75	?a chosen_Answer_Code ?d ?d type User => ?a ResponseOnPlatform 1	152_M006_01 chosen_Answer_Code 7 | 7 type User => 152_M006_01 ResponseOnPlatform 1
Rule_75	?a chosen_Answer_Code ?d ?d type User => ?a ResponseOnPlatform 1	380_SU01_02 chosen_Answer_Code 5 | 5 type User => 380_SU01_02 ResponseOnPlatform 1
Rule_75	?a chosen_Answer_Code ?d ?d type User => ?a ResponseOnPlatform 1	344_SU01_05 chosen_Answer_Code 5 | 5 type User => 344_SU01_05 ResponseOnPlatform 1
Rule_75	?a chosen_Answer_Code ?d ?d type User => ?a ResponseOnPlatform 1	336_SU01_10 chosen_Answer_Code 2 | 2 type User => 336_SU01_10 ResponseOnPlatform 1
Rule_75	?a chosen_Answer_Code ?d ?d type User => ?a ResponseOnPlatform 1	304_M005 chosen_Answer_Code 1 | 1 type User => 304_M005 ResponseOnPlatform 1
Rule_75	?a chosen_Answer_Code ?d ?d type User => ?a ResponseOnPlatform 1	425_UM15 chosen_Answer_Code 6 | 6 type User => 425_UM15 ResponseOnPlatform 1
Rule_75	?a chosen_Answer_Code ?d ?d type User => ?a ResponseOnPlatform 1	313_SU01_10 chosen_Answer_Code 3 | 3 type User => 313_SU01_10 ResponseOnPlatform 1
Rule_75	?a chosen_Answer_Code ?d ?d type User => ?a ResponseOnPlatform 1	70_M006_01 chosen_Answer_Code 9 | 9 type User => 70_M006_01 ResponseOnPlatform 1
Rule_75	?a chosen_Answer_Code ?d ?d type User => ?a ResponseOnPlatform 1	413_UM03 chosen_Answer_Code 4 | 4 type User => 413_UM03 ResponseOnPlatform 1
Rule_75	?a chosen_Answer_Code ?d ?d type User => ?a ResponseOnPlatform 1	437_UM06 chosen_Answer_Code 5 | 5 type User => 437_UM06 ResponseOnPlatform 1
Rule_75	?a chosen_Answer_Code ?d ?d type User => ?a ResponseOnPlatform 1	34_M006_01 chosen_Answer_Code 9 | 9 type User => 34_M006_01 ResponseOnPlatform 1
Rule_75	?a chosen_Answer_Code ?d ?d type User => ?a ResponseOnPlatform 1	42_M003_01 chosen_Answer_Code 8 | 8 type User => 42_M003_01 ResponseOnPlatform 1
Rule_75	?a chosen_Answer_Code ?d ?d type User => ?a ResponseOnPlatform 1	475_UM21 chosen_Answer_Code 3 | 3 type User => 475_UM21 ResponseOnPlatform 1
Rule_75	?a chosen_Answer_Code ?d ?d type User => ?a ResponseOnPlatform 1	331_SU01_02 chosen_Answer_Code 4 | 4 type User => 331_SU01_02 ResponseOnPlatform 1
Rule_75	?a chosen_Answer_Code ?d ?d type User => ?a ResponseOnPlatform 1	411_UM22 chosen_Answer_Code 3 | 3 type User => 411_UM22 ResponseOnPlatform 1
Rule_75	?a chosen_Answer_Code ?d ?d type User => ?a ResponseOnPlatform 1	229_M003_01 chosen_Answer_Code 10 | 10 type User => 229_M003_01 ResponseOnPlatform 1
Rule_75	?a chosen_Answer_Code ?d ?d type User => ?a ResponseOnPlatform 1	118_M005 chosen_Answer_Code 1 | 1 type User => 118_M005 ResponseOnPlatform 1
Rule_75	?a chosen_Answer_Code ?d ?d type User => ?a ResponseOnPlatform 1	265_M006_01 chosen_Answer_Code 9 | 9 type User => 265_M006_01 ResponseOnPlatform 1
Rule_75	?a chosen_Answer_Code ?d ?d type User => ?a ResponseOnPlatform 1	148_M004_01 chosen_Answer_Code 8 | 8 type User => 148_M004_01 ResponseOnPlatform 1
Rule_75	?a chosen_Answer_Code ?d ?d type User => ?a ResponseOnPlatform 1	41_M006_01 chosen_Answer_Code 9 | 9 type User => 41_M006_01 ResponseOnPlatform 1
Rule_75	?a chosen_Answer_Code ?d ?d type User => ?a ResponseOnPlatform 1	142_M002_01 chosen_Answer_Code 8 | 8 type User => 142_M002_01 ResponseOnPlatform 1
Rule_75	?a chosen_Answer_Code ?d ?d type User => ?a ResponseOnPlatform 1	104_M002_01 chosen_Answer_Code 7 | 7 type User => 104_M002_01 ResponseOnPlatform 1
Rule_75	?a chosen_Answer_Code ?d ?d type User => ?a ResponseOnPlatform 1	463_UM19 chosen_Answer_Code 5 | 5 type User => 463_UM19 ResponseOnPlatform 1
Rule_75	?a chosen_Answer_Code ?d ?d type User => ?a ResponseOnPlatform 1	467_UM04 chosen_Answer_Code 5 | 5 type User => 467_UM04 ResponseOnPlatform 1
Rule_75	?a chosen_Answer_Code ?d ?d type User => ?a ResponseOnPlatform 1	381_SU01_01 chosen_Answer_Code 3 | 3 type User => 381_SU01_01 ResponseOnPlatform 1
Rule_75	?a chosen_Answer_Code ?d ?d type User => ?a ResponseOnPlatform 1	422_UM23 chosen_Answer_Code 4 | 4 type User => 422_UM23 ResponseOnPlatform 1
Rule_75	?a chosen_Answer_Code ?d ?d type User => ?a ResponseOnPlatform 1	422_UM02 chosen_Answer_Code 4 | 4 type User => 422_UM02 ResponseOnPlatform 1
Rule_75	?a chosen_Answer_Code ?d ?d type User => ?a ResponseOnPlatform 1	110_M005 chosen_Answer_Code 1 | 1 type User => 110_M005 ResponseOnPlatform 1
Rule_75	?a chosen_Answer_Code ?d ?d type User => ?a ResponseOnPlatform 1	19_M006_01 chosen_Answer_Code 10 | 10 type User => 19_M006_01 ResponseOnPlatform 1
Rule_75	?a chosen_Answer_Code ?d ?d type User => ?a ResponseOnPlatform 1	469_UM25 chosen_Answer_Code 3 | 3 type User => 469_UM25 ResponseOnPlatform 1
Rule_75	?a chosen_Answer_Code ?d ?d type User => ?a ResponseOnPlatform 1	3_M003_01 chosen_Answer_Code 2 | 2 type User => 3_M003_01 ResponseOnPlatform 1
Rule_75	?a chosen_Answer_Code ?d ?d type User => ?a ResponseOnPlatform 1	413_UM19 chosen_Answer_Code 4 | 4 type User => 413_UM19 ResponseOnPlatform 1
Rule_75	?a chosen_Answer_Code ?d ?d type User => ?a ResponseOnPlatform 1	353_SU01_03 chosen_Answer_Code 3 | 3 type User => 353_SU01_03 ResponseOnPlatform 1
Rule_75	?a chosen_Answer_Code ?d ?d type User => ?a ResponseOnPlatform 1	447_UM18 chosen_Answer_Code 3 | 3 type User => 447_UM18 ResponseOnPlatform 1
Rule_75	?a chosen_Answer_Code ?d ?d type User => ?a ResponseOnPlatform 1	353_SU01_04 chosen_Answer_Code 2 | 2 type User => 353_SU01_04 ResponseOnPlatform 1
Rule_75	?a chosen_Answer_Code ?d ?d type User => ?a ResponseOnPlatform 1	119_M003_01 chosen_Answer_Code 10 | 10 type User => 119_M003_01 ResponseOnPlatform 1
Rule_75	?a chosen_Answer_Code ?d ?d type User => ?a ResponseOnPlatform 1	490_UM02 chosen_Answer_Code 4 | 4 type User => 490_UM02 ResponseOnPlatform 1
Rule_75	?a chosen_Answer_Code ?d ?d type User => ?a ResponseOnPlatform 1	260_M010_01 chosen_Answer_Code 7 | 7 type User => 260_M010_01 ResponseOnPlatform 1
Rule_75	?a chosen_Answer_Code ?d ?d type User => ?a ResponseOnPlatform 1	487_UM19 chosen_Answer_Code 5 | 5 type User => 487_UM19 ResponseOnPlatform 1
Rule_75	?a chosen_Answer_Code ?d ?d type User => ?a ResponseOnPlatform 1	391_SU01_04 chosen_Answer_Code 5 | 5 type User => 391_SU01_04 ResponseOnPlatform 1
Rule_75	?a chosen_Answer_Code ?d ?d type User => ?a ResponseOnPlatform 1	490_UM15 chosen_Answer_Code 5 | 5 type User => 490_UM15 ResponseOnPlatform 1
Rule_75	?a chosen_Answer_Code ?d ?d type User => ?a ResponseOnPlatform 1	491_UM17 chosen_Answer_Code 3 | 3 type User => 491_UM17 ResponseOnPlatform 1
Rule_75	?a chosen_Answer_Code ?d ?d type User => ?a ResponseOnPlatform 1	290_M006_01 chosen_Answer_Code 8 | 8 type User => 290_M006_01 ResponseOnPlatform 1
Rule_75	?a chosen_Answer_Code ?d ?d type User => ?a ResponseOnPlatform 1	212_M004_01 chosen_Answer_Code 8 | 8 type User => 212_M004_01 ResponseOnPlatform 1
Rule_75	?a chosen_Answer_Code ?d ?d type User => ?a ResponseOnPlatform 1	188_M005 chosen_Answer_Code 2 | 2 type User => 188_M005 ResponseOnPlatform 1
Rule_75	?a chosen_Answer_Code ?d ?d type User => ?a ResponseOnPlatform 1	476_UM19 chosen_Answer_Code 4 | 4 type User => 476_UM19 ResponseOnPlatform 1
Rule_75	?a chosen_Answer_Code ?d ?d type User => ?a ResponseOnPlatform 1	363_SU01_04 chosen_Answer_Code 4 | 4 type User => 363_SU01_04 ResponseOnPlatform 1
Rule_75	?a chosen_Answer_Code ?d ?d type User => ?a ResponseOnPlatform 1	420_UM19 chosen_Answer_Code 4 | 4 type User => 420_UM19 ResponseOnPlatform 1
Rule_75	?a chosen_Answer_Code ?d ?d type User => ?a ResponseOnPlatform 1	457_UM22 chosen_Answer_Code 5 | 5 type User => 457_UM22 ResponseOnPlatform 1
Rule_75	?a chosen_Answer_Code ?d ?d type User => ?a ResponseOnPlatform 1	147_M004_01 chosen_Answer_Code 8 | 8 type User => 147_M004_01 ResponseOnPlatform 1
Rule_75	?a chosen_Answer_Code ?d ?d type User => ?a ResponseOnPlatform 1	422_UM24 chosen_Answer_Code 5 | 5 type User => 422_UM24 ResponseOnPlatform 1
Rule_75	?a chosen_Answer_Code ?d ?d type User => ?a ResponseOnPlatform 1	350_SU01_05 chosen_Answer_Code 5 | 5 type User => 350_SU01_05 ResponseOnPlatform 1
Rule_75	?a chosen_Answer_Code ?d ?d type User => ?a ResponseOnPlatform 1	488_UM02 chosen_Answer_Code 5 | 5 type User => 488_UM02 ResponseOnPlatform 1
Rule_75	?a chosen_Answer_Code ?d ?d type User => ?a ResponseOnPlatform 1	412_UM11 chosen_Answer_Code 4 | 4 type User => 412_UM11 ResponseOnPlatform 1
Rule_75	?a chosen_Answer_Code ?d ?d type User => ?a ResponseOnPlatform 1	433_UM16 chosen_Answer_Code 4 | 4 type User => 433_UM16 ResponseOnPlatform 1
Rule_75	?a chosen_Answer_Code ?d ?d type User => ?a ResponseOnPlatform 1	439_UM25 chosen_Answer_Code 5 | 5 type User => 439_UM25 ResponseOnPlatform 1
Rule_75	?a chosen_Answer_Code ?d ?d type User => ?a ResponseOnPlatform 1	389_SU01_02 chosen_Answer_Code 5 | 5 type User => 389_SU01_02 ResponseOnPlatform 1
Rule_75	?a chosen_Answer_Code ?d ?d type User => ?a ResponseOnPlatform 1	227_M005 chosen_Answer_Code 1 | 1 type User => 227_M005 ResponseOnPlatform 1
Rule_75	?a chosen_Answer_Code ?d ?d type User => ?a ResponseOnPlatform 1	413_UM15 chosen_Answer_Code 5 | 5 type User => 413_UM15 ResponseOnPlatform 1
Rule_75	?a chosen_Answer_Code ?d ?d type User => ?a ResponseOnPlatform 1	206_M010_01 chosen_Answer_Code 10 | 10 type User => 206_M010_01 ResponseOnPlatform 1
Rule_75	?a chosen_Answer_Code ?d ?d type User => ?a ResponseOnPlatform 1	441_UM25 chosen_Answer_Code 5 | 5 type User => 441_UM25 ResponseOnPlatform 1
Rule_75	?a chosen_Answer_Code ?d ?d type User => ?a ResponseOnPlatform 1	382_SU01_02 chosen_Answer_Code 4 | 4 type User => 382_SU01_02 ResponseOnPlatform 1
Rule_75	?a chosen_Answer_Code ?d ?d type User => ?a ResponseOnPlatform 1	337_SU01_02 chosen_Answer_Code 5 | 5 type User => 337_SU01_02 ResponseOnPlatform 1
Rule_75	?a chosen_Answer_Code ?d ?d type User => ?a ResponseOnPlatform 1	459_UM03 chosen_Answer_Code 4 | 4 type User => 459_UM03 ResponseOnPlatform 1
Rule_75	?a chosen_Answer_Code ?d ?d type User => ?a ResponseOnPlatform 1	13_M005 chosen_Answer_Code 2 | 2 type User => 13_M005 ResponseOnPlatform 1
Rule_75	?a chosen_Answer_Code ?d ?d type User => ?a ResponseOnPlatform 1	423_UM24 chosen_Answer_Code 3 | 3 type User => 423_UM24 ResponseOnPlatform 1
Rule_75	?a chosen_Answer_Code ?d ?d type User => ?a ResponseOnPlatform 1	463_UM11 chosen_Answer_Code 4 | 4 type User => 463_UM11 ResponseOnPlatform 1
Rule_75	?a chosen_Answer_Code ?d ?d type User => ?a ResponseOnPlatform 1	358_SU01_02 chosen_Answer_Code 3 | 3 type User => 358_SU01_02 ResponseOnPlatform 1
Rule_75	?a chosen_Answer_Code ?d ?d type User => ?a ResponseOnPlatform 1	241_M005 chosen_Answer_Code 1 | 1 type User => 241_M005 ResponseOnPlatform 1
Rule_75	?a chosen_Answer_Code ?d ?d type User => ?a ResponseOnPlatform 1	187_M010_01 chosen_Answer_Code 7 | 7 type User => 187_M010_01 ResponseOnPlatform 1
Rule_75	?a chosen_Answer_Code ?d ?d type User => ?a ResponseOnPlatform 1	232_M004_01 chosen_Answer_Code 9 | 9 type User => 232_M004_01 ResponseOnPlatform 1
Rule_75	?a chosen_Answer_Code ?d ?d type User => ?a ResponseOnPlatform 1	452_UM21 chosen_Answer_Code 4 | 4 type User => 452_UM21 ResponseOnPlatform 1
Rule_75	?a chosen_Answer_Code ?d ?d type User => ?a ResponseOnPlatform 1	426_UM22 chosen_Answer_Code 3 | 3 type User => 426_UM22 ResponseOnPlatform 1
Rule_75	?a chosen_Answer_Code ?d ?d type User => ?a ResponseOnPlatform 1	472_UM23 chosen_Answer_Code 4 | 4 type User => 472_UM23 ResponseOnPlatform 1
Rule_75	?a chosen_Answer_Code ?d ?d type User => ?a ResponseOnPlatform 1	450_UM18 chosen_Answer_Code 1 | 1 type User => 450_UM18 ResponseOnPlatform 1
Rule_75	?a chosen_Answer_Code ?d ?d type User => ?a ResponseOnPlatform 1	127_M005 chosen_Answer_Code 2 | 2 type User => 127_M005 ResponseOnPlatform 1
Rule_75	?a chosen_Answer_Code ?d ?d type User => ?a ResponseOnPlatform 1	399_SU01_06 chosen_Answer_Code 2 | 2 type User => 399_SU01_06 ResponseOnPlatform 1
Rule_75	?a chosen_Answer_Code ?d ?d type User => ?a ResponseOnPlatform 1	74_M010_01 chosen_Answer_Code 9 | 9 type User => 74_M010_01 ResponseOnPlatform 1
Rule_75	?a chosen_Answer_Code ?d ?d type User => ?a ResponseOnPlatform 1	177_M004_01 chosen_Answer_Code 10 | 10 type User => 177_M004_01 ResponseOnPlatform 1
Rule_75	?a chosen_Answer_Code ?d ?d type User => ?a ResponseOnPlatform 1	75_M005 chosen_Answer_Code 2 | 2 type User => 75_M005 ResponseOnPlatform 1
Rule_75	?a chosen_Answer_Code ?d ?d type User => ?a ResponseOnPlatform 1	491_UM03 chosen_Answer_Code 3 | 3 type User => 491_UM03 ResponseOnPlatform 1
Rule_75	?a chosen_Answer_Code ?d ?d type User => ?a ResponseOnPlatform 1	453_UM08 chosen_Answer_Code 4 | 4 type User => 453_UM08 ResponseOnPlatform 1
Rule_75	?a chosen_Answer_Code ?d ?d type User => ?a ResponseOnPlatform 1	179_M004_01 chosen_Answer_Code 9 | 9 type User => 179_M004_01 ResponseOnPlatform 1
Rule_75	?a chosen_Answer_Code ?d ?d type User => ?a ResponseOnPlatform 1	463_UM07 chosen_Answer_Code 5 | 5 type User => 463_UM07 ResponseOnPlatform 1
Rule_75	?a chosen_Answer_Code ?d ?d type User => ?a ResponseOnPlatform 1	217_M004_01 chosen_Answer_Code 10 | 10 type User => 217_M004_01 ResponseOnPlatform 1
Rule_75	?a chosen_Answer_Code ?d ?d type User => ?a ResponseOnPlatform 1	392_SU01_02 chosen_Answer_Code 4 | 4 type User => 392_SU01_02 ResponseOnPlatform 1
Rule_75	?a chosen_Answer_Code ?d ?d type User => ?a ResponseOnPlatform 1	458_UM24 chosen_Answer_Code 4 | 4 type User => 458_UM24 ResponseOnPlatform 1
Rule_75	?a chosen_Answer_Code ?d ?d type User => ?a ResponseOnPlatform 1	421_UM16 chosen_Answer_Code 5 | 5 type User => 421_UM16 ResponseOnPlatform 1
Rule_75	?a chosen_Answer_Code ?d ?d type User => ?a ResponseOnPlatform 1	411_UM16 chosen_Answer_Code 4 | 4 type User => 411_UM16 ResponseOnPlatform 1
Rule_75	?a chosen_Answer_Code ?d ?d type User => ?a ResponseOnPlatform 1	427_UM16 chosen_Answer_Code 5 | 5 type User => 427_UM16 ResponseOnPlatform 1
Rule_75	?a chosen_Answer_Code ?d ?d type User => ?a ResponseOnPlatform 1	425_UM12 chosen_Answer_Code 5 | 5 type User => 425_UM12 ResponseOnPlatform 1
Rule_75	?a chosen_Answer_Code ?d ?d type User => ?a ResponseOnPlatform 1	457_UM09 chosen_Answer_Code 4 | 4 type User => 457_UM09 ResponseOnPlatform 1
Rule_75	?a chosen_Answer_Code ?d ?d type User => ?a ResponseOnPlatform 1	318_SU01_08 chosen_Answer_Code 4 | 4 type User => 318_SU01_08 ResponseOnPlatform 1
Rule_75	?a chosen_Answer_Code ?d ?d type User => ?a ResponseOnPlatform 1	198_M010_01 chosen_Answer_Code 9 | 9 type User => 198_M010_01 ResponseOnPlatform 1
Rule_75	?a chosen_Answer_Code ?d ?d type User => ?a ResponseOnPlatform 1	441_UM10 chosen_Answer_Code 5 | 5 type User => 441_UM10 ResponseOnPlatform 1
Rule_75	?a chosen_Answer_Code ?d ?d type User => ?a ResponseOnPlatform 1	471_UM06 chosen_Answer_Code 4 | 4 type User => 471_UM06 ResponseOnPlatform 1
Rule_75	?a chosen_Answer_Code ?d ?d type User => ?a ResponseOnPlatform 1	189_M002_01 chosen_Answer_Code 9 | 9 type User => 189_M002_01 ResponseOnPlatform 1
Rule_75	?a chosen_Answer_Code ?d ?d type User => ?a ResponseOnPlatform 1	397_SU01_05 chosen_Answer_Code 5 | 5 type User => 397_SU01_05 ResponseOnPlatform 1
Rule_75	?a chosen_Answer_Code ?d ?d type User => ?a ResponseOnPlatform 1	327_SU01_08 chosen_Answer_Code 5 | 5 type User => 327_SU01_08 ResponseOnPlatform 1
Rule_75	?a chosen_Answer_Code ?d ?d type User => ?a ResponseOnPlatform 1	255_M005 chosen_Answer_Code 1 | 1 type User => 255_M005 ResponseOnPlatform 1
Rule_75	?a chosen_Answer_Code ?d ?d type User => ?a ResponseOnPlatform 1	284_M003_01 chosen_Answer_Code 10 | 10 type User => 284_M003_01 ResponseOnPlatform 1
Rule_75	?a chosen_Answer_Code ?d ?d type User => ?a ResponseOnPlatform 1	378_SU01_01 chosen_Answer_Code 5 | 5 type User => 378_SU01_01 ResponseOnPlatform 1
Rule_75	?a chosen_Answer_Code ?d ?d type User => ?a ResponseOnPlatform 1	298_M010_01 chosen_Answer_Code 7 | 7 type User => 298_M010_01 ResponseOnPlatform 1
Rule_75	?a chosen_Answer_Code ?d ?d type User => ?a ResponseOnPlatform 1	468_UM25 chosen_Answer_Code 3 | 3 type User => 468_UM25 ResponseOnPlatform 1
Rule_75	?a chosen_Answer_Code ?d ?d type User => ?a ResponseOnPlatform 1	96_M004_01 chosen_Answer_Code 10 | 10 type User => 96_M004_01 ResponseOnPlatform 1
Rule_75	?a chosen_Answer_Code ?d ?d type User => ?a ResponseOnPlatform 1	215_M002_01 chosen_Answer_Code 9 | 9 type User => 215_M002_01 ResponseOnPlatform 1
Rule_75	?a chosen_Answer_Code ?d ?d type User => ?a ResponseOnPlatform 1	483_UM06 chosen_Answer_Code 3 | 3 type User => 483_UM06 ResponseOnPlatform 1
Rule_75	?a chosen_Answer_Code ?d ?d type User => ?a ResponseOnPlatform 1	314_SU01_03 chosen_Answer_Code 4 | 4 type User => 314_SU01_03 ResponseOnPlatform 1
Rule_75	?a chosen_Answer_Code ?d ?d type User => ?a ResponseOnPlatform 1	190_M005 chosen_Answer_Code 2 | 2 type User => 190_M005 ResponseOnPlatform 1
Rule_75	?a chosen_Answer_Code ?d ?d type User => ?a ResponseOnPlatform 1	383_SU01_10 chosen_Answer_Code 1 | 1 type User => 383_SU01_10 ResponseOnPlatform 1
Rule_75	?a chosen_Answer_Code ?d ?d type User => ?a ResponseOnPlatform 1	444_UM09 chosen_Answer_Code 5 | 5 type User => 444_UM09 ResponseOnPlatform 1
Rule_75	?a chosen_Answer_Code ?d ?d type User => ?a ResponseOnPlatform 1	422_UM20 chosen_Answer_Code 4 | 4 type User => 422_UM20 ResponseOnPlatform 1
Rule_75	?a chosen_Answer_Code ?d ?d type User => ?a ResponseOnPlatform 1	215_M003_01 chosen_Answer_Code 9 | 9 type User => 215_M003_01 ResponseOnPlatform 1
Rule_75	?a chosen_Answer_Code ?d ?d type User => ?a ResponseOnPlatform 1	60_M010_01 chosen_Answer_Code 9 | 9 type User => 60_M010_01 ResponseOnPlatform 1
Rule_75	?a chosen_Answer_Code ?d ?d type User => ?a ResponseOnPlatform 1	2_M006_01 chosen_Answer_Code 8 | 8 type User => 2_M006_01 ResponseOnPlatform 1
Rule_75	?a chosen_Answer_Code ?d ?d type User => ?a ResponseOnPlatform 1	407_UM03 chosen_Answer_Code 4 | 4 type User => 407_UM03 ResponseOnPlatform 1
Rule_75	?a chosen_Answer_Code ?d ?d type User => ?a ResponseOnPlatform 1	422_UM09 chosen_Answer_Code 4 | 4 type User => 422_UM09 ResponseOnPlatform 1
Rule_75	?a chosen_Answer_Code ?d ?d type User => ?a ResponseOnPlatform 1	487_UM13 chosen_Answer_Code 5 | 5 type User => 487_UM13 ResponseOnPlatform 1
Rule_75	?a chosen_Answer_Code ?d ?d type User => ?a ResponseOnPlatform 1	438_UM18 chosen_Answer_Code 2 | 2 type User => 438_UM18 ResponseOnPlatform 1
Rule_75	?a chosen_Answer_Code ?d ?d type User => ?a ResponseOnPlatform 1	11_M003_01 chosen_Answer_Code 5 | 5 type User => 11_M003_01 ResponseOnPlatform 1
Rule_75	?a chosen_Answer_Code ?d ?d type User => ?a ResponseOnPlatform 1	441_UM18 chosen_Answer_Code 3 | 3 type User => 441_UM18 ResponseOnPlatform 1
Rule_75	?a chosen_Answer_Code ?d ?d type User => ?a ResponseOnPlatform 1	347_SU01_04 chosen_Answer_Code 4 | 4 type User => 347_SU01_04 ResponseOnPlatform 1
Rule_75	?a chosen_Answer_Code ?d ?d type User => ?a ResponseOnPlatform 1	140_M002_01 chosen_Answer_Code 9 | 9 type User => 140_M002_01 ResponseOnPlatform 1
Rule_75	?a chosen_Answer_Code ?d ?d type User => ?a ResponseOnPlatform 1	37_M005 chosen_Answer_Code 1 | 1 type User => 37_M005 ResponseOnPlatform 1
Rule_75	?a chosen_Answer_Code ?d ?d type User => ?a ResponseOnPlatform 1	464_UM01 chosen_Answer_Code 5 | 5 type User => 464_UM01 ResponseOnPlatform 1
Rule_75	?a chosen_Answer_Code ?d ?d type User => ?a ResponseOnPlatform 1	178_M010_01 chosen_Answer_Code 9 | 9 type User => 178_M010_01 ResponseOnPlatform 1
Rule_75	?a chosen_Answer_Code ?d ?d type User => ?a ResponseOnPlatform 1	426_UM21 chosen_Answer_Code 3 | 3 type User => 426_UM21 ResponseOnPlatform 1
Rule_75	?a chosen_Answer_Code ?d ?d type User => ?a ResponseOnPlatform 1	482_UM17 chosen_Answer_Code 3 | 3 type User => 482_UM17 ResponseOnPlatform 1
Rule_75	?a chosen_Answer_Code ?d ?d type User => ?a ResponseOnPlatform 1	418_UM14 chosen_Answer_Code 5 | 5 type User => 418_UM14 ResponseOnPlatform 1
Rule_75	?a chosen_Answer_Code ?d ?d type User => ?a ResponseOnPlatform 1	301_M006_01 chosen_Answer_Code 9 | 9 type User => 301_M006_01 ResponseOnPlatform 1
Rule_75	?a chosen_Answer_Code ?d ?d type User => ?a ResponseOnPlatform 1	444_UM08 chosen_Answer_Code 5 | 5 type User => 444_UM08 ResponseOnPlatform 1
Rule_75	?a chosen_Answer_Code ?d ?d type User => ?a ResponseOnPlatform 1	231_M010_01 chosen_Answer_Code 9 | 9 type User => 231_M010_01 ResponseOnPlatform 1
Rule_75	?a chosen_Answer_Code ?d ?d type User => ?a ResponseOnPlatform 1	239_M006_01 chosen_Answer_Code 8 | 8 type User => 239_M006_01 ResponseOnPlatform 1
Rule_75	?a chosen_Answer_Code ?d ?d type User => ?a ResponseOnPlatform 1	427_UM07 chosen_Answer_Code 4 | 4 type User => 427_UM07 ResponseOnPlatform 1
Rule_75	?a chosen_Answer_Code ?d ?d type User => ?a ResponseOnPlatform 1	364_SU01_03 chosen_Answer_Code 2 | 2 type User => 364_SU01_03 ResponseOnPlatform 1
Rule_75	?a chosen_Answer_Code ?d ?d type User => ?a ResponseOnPlatform 1	324_SU01_05 chosen_Answer_Code 4 | 4 type User => 324_SU01_05 ResponseOnPlatform 1
Rule_75	?a chosen_Answer_Code ?d ?d type User => ?a ResponseOnPlatform 1	415_UM13 chosen_Answer_Code 4 | 4 type User => 415_UM13 ResponseOnPlatform 1
Rule_75	?a chosen_Answer_Code ?d ?d type User => ?a ResponseOnPlatform 1	151_M003_01 chosen_Answer_Code 7 | 7 type User => 151_M003_01 ResponseOnPlatform 1
Rule_75	?a chosen_Answer_Code ?d ?d type User => ?a ResponseOnPlatform 1	181_M003_01 chosen_Answer_Code 6 | 6 type User => 181_M003_01 ResponseOnPlatform 1
Rule_75	?a chosen_Answer_Code ?d ?d type User => ?a ResponseOnPlatform 1	119_M002_01 chosen_Answer_Code 8 | 8 type User => 119_M002_01 ResponseOnPlatform 1
Rule_75	?a chosen_Answer_Code ?d ?d type User => ?a ResponseOnPlatform 1	415_UM09 chosen_Answer_Code 4 | 4 type User => 415_UM09 ResponseOnPlatform 1
Rule_75	?a chosen_Answer_Code ?d ?d type User => ?a ResponseOnPlatform 1	426_UM06 chosen_Answer_Code 4 | 4 type User => 426_UM06 ResponseOnPlatform 1
Rule_75	?a chosen_Answer_Code ?d ?d type User => ?a ResponseOnPlatform 1	435_UM18 chosen_Answer_Code 1 | 1 type User => 435_UM18 ResponseOnPlatform 1
Rule_75	?a chosen_Answer_Code ?d ?d type User => ?a ResponseOnPlatform 1	435_UM01 chosen_Answer_Code 3 | 3 type User => 435_UM01 ResponseOnPlatform 1
Rule_75	?a chosen_Answer_Code ?d ?d type User => ?a ResponseOnPlatform 1	197_M010_01 chosen_Answer_Code 2 | 2 type User => 197_M010_01 ResponseOnPlatform 1
Rule_75	?a chosen_Answer_Code ?d ?d type User => ?a ResponseOnPlatform 1	100_M002_01 chosen_Answer_Code 4 | 4 type User => 100_M002_01 ResponseOnPlatform 1
Rule_75	?a chosen_Answer_Code ?d ?d type User => ?a ResponseOnPlatform 1	381_SU01_05 chosen_Answer_Code 4 | 4 type User => 381_SU01_05 ResponseOnPlatform 1
Rule_75	?a chosen_Answer_Code ?d ?d type User => ?a ResponseOnPlatform 1	390_SU01_09 chosen_Answer_Code 3 | 3 type User => 390_SU01_09 ResponseOnPlatform 1
Rule_75	?a chosen_Answer_Code ?d ?d type User => ?a ResponseOnPlatform 1	452_UM03 chosen_Answer_Code 3 | 3 type User => 452_UM03 ResponseOnPlatform 1
Rule_75	?a chosen_Answer_Code ?d ?d type User => ?a ResponseOnPlatform 1	438_UM04 chosen_Answer_Code 5 | 5 type User => 438_UM04 ResponseOnPlatform 1
Rule_75	?a chosen_Answer_Code ?d ?d type User => ?a ResponseOnPlatform 1	439_UM13 chosen_Answer_Code 4 | 4 type User => 439_UM13 ResponseOnPlatform 1
Rule_75	?a chosen_Answer_Code ?d ?d type User => ?a ResponseOnPlatform 1	330_SU01_08 chosen_Answer_Code 4 | 4 type User => 330_SU01_08 ResponseOnPlatform 1
Rule_75	?a chosen_Answer_Code ?d ?d type User => ?a ResponseOnPlatform 1	247_M005 chosen_Answer_Code 1 | 1 type User => 247_M005 ResponseOnPlatform 1
Rule_75	?a chosen_Answer_Code ?d ?d type User => ?a ResponseOnPlatform 1	104_M003_01 chosen_Answer_Code 6 | 6 type User => 104_M003_01 ResponseOnPlatform 1
Rule_75	?a chosen_Answer_Code ?d ?d type User => ?a ResponseOnPlatform 1	121_M002_01 chosen_Answer_Code 7 | 7 type User => 121_M002_01 ResponseOnPlatform 1
Rule_75	?a chosen_Answer_Code ?d ?d type User => ?a ResponseOnPlatform 1	11_M006_01 chosen_Answer_Code 5 | 5 type User => 11_M006_01 ResponseOnPlatform 1
Rule_75	?a chosen_Answer_Code ?d ?d type User => ?a ResponseOnPlatform 1	455_UM04 chosen_Answer_Code 5 | 5 type User => 455_UM04 ResponseOnPlatform 1
Rule_75	?a chosen_Answer_Code ?d ?d type User => ?a ResponseOnPlatform 1	420_UM24 chosen_Answer_Code 3 | 3 type User => 420_UM24 ResponseOnPlatform 1
Rule_75	?a chosen_Answer_Code ?d ?d type User => ?a ResponseOnPlatform 1	376_SU01_10 chosen_Answer_Code 4 | 4 type User => 376_SU01_10 ResponseOnPlatform 1
Rule_75	?a chosen_Answer_Code ?d ?d type User => ?a ResponseOnPlatform 1	487_UM01 chosen_Answer_Code 5 | 5 type User => 487_UM01 ResponseOnPlatform 1
Rule_75	?a chosen_Answer_Code ?d ?d type User => ?a ResponseOnPlatform 1	294_M003_01 chosen_Answer_Code 9 | 9 type User => 294_M003_01 ResponseOnPlatform 1
Rule_75	?a chosen_Answer_Code ?d ?d type User => ?a ResponseOnPlatform 1	81_M004_01 chosen_Answer_Code 6 | 6 type User => 81_M004_01 ResponseOnPlatform 1
Rule_75	?a chosen_Answer_Code ?d ?d type User => ?a ResponseOnPlatform 1	48_M006_01 chosen_Answer_Code 9 | 9 type User => 48_M006_01 ResponseOnPlatform 1
Rule_75	?a chosen_Answer_Code ?d ?d type User => ?a ResponseOnPlatform 1	434_UM09 chosen_Answer_Code 1 | 1 type User => 434_UM09 ResponseOnPlatform 1
Rule_75	?a chosen_Answer_Code ?d ?d type User => ?a ResponseOnPlatform 1	171_M006_01 chosen_Answer_Code 5 | 5 type User => 171_M006_01 ResponseOnPlatform 1
Rule_75	?a chosen_Answer_Code ?d ?d type User => ?a ResponseOnPlatform 1	432_UM25 chosen_Answer_Code 3 | 3 type User => 432_UM25 ResponseOnPlatform 1
Rule_75	?a chosen_Answer_Code ?d ?d type User => ?a ResponseOnPlatform 1	366_SU01_10 chosen_Answer_Code 3 | 3 type User => 366_SU01_10 ResponseOnPlatform 1
Rule_75	?a chosen_Answer_Code ?d ?d type User => ?a ResponseOnPlatform 1	433_UM17 chosen_Answer_Code 2 | 2 type User => 433_UM17 ResponseOnPlatform 1
Rule_75	?a chosen_Answer_Code ?d ?d type User => ?a ResponseOnPlatform 1	252_M002_01 chosen_Answer_Code 8 | 8 type User => 252_M002_01 ResponseOnPlatform 1
Rule_75	?a chosen_Answer_Code ?d ?d type User => ?a ResponseOnPlatform 1	143_M002_01 chosen_Answer_Code 10 | 10 type User => 143_M002_01 ResponseOnPlatform 1
Rule_75	?a chosen_Answer_Code ?d ?d type User => ?a ResponseOnPlatform 1	320_SU01_06 chosen_Answer_Code 5 | 5 type User => 320_SU01_06 ResponseOnPlatform 1
Rule_75	?a chosen_Answer_Code ?d ?d type User => ?a ResponseOnPlatform 1	374_SU01_03 chosen_Answer_Code 4 | 4 type User => 374_SU01_03 ResponseOnPlatform 1
Rule_75	?a chosen_Answer_Code ?d ?d type User => ?a ResponseOnPlatform 1	285_M010_01 chosen_Answer_Code 8 | 8 type User => 285_M010_01 ResponseOnPlatform 1
Rule_75	?a chosen_Answer_Code ?d ?d type User => ?a ResponseOnPlatform 1	369_SU01_10 chosen_Answer_Code 5 | 5 type User => 369_SU01_10 ResponseOnPlatform 1
Rule_75	?a chosen_Answer_Code ?d ?d type User => ?a ResponseOnPlatform 1	282_M002_01 chosen_Answer_Code 7 | 7 type User => 282_M002_01 ResponseOnPlatform 1
Rule_75	?a chosen_Answer_Code ?d ?d type User => ?a ResponseOnPlatform 1	419_UM17 chosen_Answer_Code 2 | 2 type User => 419_UM17 ResponseOnPlatform 1
Rule_75	?a chosen_Answer_Code ?d ?d type User => ?a ResponseOnPlatform 1	170_M005 chosen_Answer_Code 1 | 1 type User => 170_M005 ResponseOnPlatform 1
Rule_75	?a chosen_Answer_Code ?d ?d type User => ?a ResponseOnPlatform 1	481_UM21 chosen_Answer_Code 5 | 5 type User => 481_UM21 ResponseOnPlatform 1
Rule_75	?a chosen_Answer_Code ?d ?d type User => ?a ResponseOnPlatform 1	28_M006_01 chosen_Answer_Code 8 | 8 type User => 28_M006_01 ResponseOnPlatform 1
Rule_75	?a chosen_Answer_Code ?d ?d type User => ?a ResponseOnPlatform 1	398_SU01_02 chosen_Answer_Code 5 | 5 type User => 398_SU01_02 ResponseOnPlatform 1
Rule_75	?a chosen_Answer_Code ?d ?d type User => ?a ResponseOnPlatform 1	221_M006_01 chosen_Answer_Code 9 | 9 type User => 221_M006_01 ResponseOnPlatform 1
Rule_75	?a chosen_Answer_Code ?d ?d type User => ?a ResponseOnPlatform 1	259_M010_01 chosen_Answer_Code 9 | 9 type User => 259_M010_01 ResponseOnPlatform 1
Rule_75	?a chosen_Answer_Code ?d ?d type User => ?a ResponseOnPlatform 1	83_M006_01 chosen_Answer_Code 5 | 5 type User => 83_M006_01 ResponseOnPlatform 1
Rule_75	?a chosen_Answer_Code ?d ?d type User => ?a ResponseOnPlatform 1	468_UM18 chosen_Answer_Code 1 | 1 type User => 468_UM18 ResponseOnPlatform 1
Rule_75	?a chosen_Answer_Code ?d ?d type User => ?a ResponseOnPlatform 1	491_UM24 chosen_Answer_Code 4 | 4 type User => 491_UM24 ResponseOnPlatform 1
Rule_75	?a chosen_Answer_Code ?d ?d type User => ?a ResponseOnPlatform 1	412_UM02 chosen_Answer_Code 5 | 5 type User => 412_UM02 ResponseOnPlatform 1
Rule_75	?a chosen_Answer_Code ?d ?d type User => ?a ResponseOnPlatform 1	430_UM21 chosen_Answer_Code 4 | 4 type User => 430_UM21 ResponseOnPlatform 1
Rule_75	?a chosen_Answer_Code ?d ?d type User => ?a ResponseOnPlatform 1	412_UM04 chosen_Answer_Code 4 | 4 type User => 412_UM04 ResponseOnPlatform 1
Rule_75	?a chosen_Answer_Code ?d ?d type User => ?a ResponseOnPlatform 1	398_SU01_08 chosen_Answer_Code 5 | 5 type User => 398_SU01_08 ResponseOnPlatform 1
Rule_75	?a chosen_Answer_Code ?d ?d type User => ?a ResponseOnPlatform 1	274_M005 chosen_Answer_Code 1 | 1 type User => 274_M005 ResponseOnPlatform 1
Rule_75	?a chosen_Answer_Code ?d ?d type User => ?a ResponseOnPlatform 1	66_M006_01 chosen_Answer_Code 7 | 7 type User => 66_M006_01 ResponseOnPlatform 1
Rule_75	?a chosen_Answer_Code ?d ?d type User => ?a ResponseOnPlatform 1	453_UM07 chosen_Answer_Code 4 | 4 type User => 453_UM07 ResponseOnPlatform 1
Rule_75	?a chosen_Answer_Code ?d ?d type User => ?a ResponseOnPlatform 1	79_M004_01 chosen_Answer_Code 10 | 10 type User => 79_M004_01 ResponseOnPlatform 1
Rule_75	?a chosen_Answer_Code ?d ?d type User => ?a ResponseOnPlatform 1	24_M005 chosen_Answer_Code 3 | 3 type User => 24_M005 ResponseOnPlatform 1
Rule_75	?a chosen_Answer_Code ?d ?d type User => ?a ResponseOnPlatform 1	491_UM22 chosen_Answer_Code 3 | 3 type User => 491_UM22 ResponseOnPlatform 1
Rule_75	?a chosen_Answer_Code ?d ?d type User => ?a ResponseOnPlatform 1	50_M006_01 chosen_Answer_Code 10 | 10 type User => 50_M006_01 ResponseOnPlatform 1
Rule_75	?a chosen_Answer_Code ?d ?d type User => ?a ResponseOnPlatform 1	359_SU01_06 chosen_Answer_Code 5 | 5 type User => 359_SU01_06 ResponseOnPlatform 1
Rule_75	?a chosen_Answer_Code ?d ?d type User => ?a ResponseOnPlatform 1	483_UM18 chosen_Answer_Code 1 | 1 type User => 483_UM18 ResponseOnPlatform 1
Rule_75	?a chosen_Answer_Code ?d ?d type User => ?a ResponseOnPlatform 1	369_SU01_01 chosen_Answer_Code 3 | 3 type User => 369_SU01_01 ResponseOnPlatform 1
Rule_75	?a chosen_Answer_Code ?d ?d type User => ?a ResponseOnPlatform 1	120_M002_01 chosen_Answer_Code 10 | 10 type User => 120_M002_01 ResponseOnPlatform 1
Rule_75	?a chosen_Answer_Code ?d ?d type User => ?a ResponseOnPlatform 1	422_UM03 chosen_Answer_Code 3 | 3 type User => 422_UM03 ResponseOnPlatform 1
Rule_75	?a chosen_Answer_Code ?d ?d type User => ?a ResponseOnPlatform 1	164_M002_01 chosen_Answer_Code 10 | 10 type User => 164_M002_01 ResponseOnPlatform 1
Rule_75	?a chosen_Answer_Code ?d ?d type User => ?a ResponseOnPlatform 1	381_SU01_10 chosen_Answer_Code 3 | 3 type User => 381_SU01_10 ResponseOnPlatform 1
Rule_75	?a chosen_Answer_Code ?d ?d type User => ?a ResponseOnPlatform 1	440_UM23 chosen_Answer_Code 4 | 4 type User => 440_UM23 ResponseOnPlatform 1
Rule_75	?a chosen_Answer_Code ?d ?d type User => ?a ResponseOnPlatform 1	469_UM11 chosen_Answer_Code 4 | 4 type User => 469_UM11 ResponseOnPlatform 1
Rule_75	?a chosen_Answer_Code ?d ?d type User => ?a ResponseOnPlatform 1	302_M002_01 chosen_Answer_Code 10 | 10 type User => 302_M002_01 ResponseOnPlatform 1
Rule_75	?a chosen_Answer_Code ?d ?d type User => ?a ResponseOnPlatform 1	34_M005 chosen_Answer_Code 1 | 1 type User => 34_M005 ResponseOnPlatform 1
Rule_75	?a chosen_Answer_Code ?d ?d type User => ?a ResponseOnPlatform 1	198_M005 chosen_Answer_Code 1 | 1 type User => 198_M005 ResponseOnPlatform 1
Rule_75	?a chosen_Answer_Code ?d ?d type User => ?a ResponseOnPlatform 1	475_UM06 chosen_Answer_Code 5 | 5 type User => 475_UM06 ResponseOnPlatform 1
Rule_75	?a chosen_Answer_Code ?d ?d type User => ?a ResponseOnPlatform 1	421_UM23 chosen_Answer_Code 4 | 4 type User => 421_UM23 ResponseOnPlatform 1
Rule_75	?a chosen_Answer_Code ?d ?d type User => ?a ResponseOnPlatform 1	146_M006_01 chosen_Answer_Code 9 | 9 type User => 146_M006_01 ResponseOnPlatform 1
Rule_75	?a chosen_Answer_Code ?d ?d type User => ?a ResponseOnPlatform 1	141_M005 chosen_Answer_Code 1 | 1 type User => 141_M005 ResponseOnPlatform 1
Rule_75	?a chosen_Answer_Code ?d ?d type User => ?a ResponseOnPlatform 1	282_M006_01 chosen_Answer_Code 8 | 8 type User => 282_M006_01 ResponseOnPlatform 1
Rule_75	?a chosen_Answer_Code ?d ?d type User => ?a ResponseOnPlatform 1	432_UM10 chosen_Answer_Code 4 | 4 type User => 432_UM10 ResponseOnPlatform 1
Rule_75	?a chosen_Answer_Code ?d ?d type User => ?a ResponseOnPlatform 1	449_UM23 chosen_Answer_Code 4 | 4 type User => 449_UM23 ResponseOnPlatform 1
Rule_75	?a chosen_Answer_Code ?d ?d type User => ?a ResponseOnPlatform 1	215_M006_01 chosen_Answer_Code 9 | 9 type User => 215_M006_01 ResponseOnPlatform 1
Rule_75	?a chosen_Answer_Code ?d ?d type User => ?a ResponseOnPlatform 1	44_M006_01 chosen_Answer_Code 10 | 10 type User => 44_M006_01 ResponseOnPlatform 1
Rule_75	?a chosen_Answer_Code ?d ?d type User => ?a ResponseOnPlatform 1	428_UM08 chosen_Answer_Code 2 | 2 type User => 428_UM08 ResponseOnPlatform 1
Rule_75	?a chosen_Answer_Code ?d ?d type User => ?a ResponseOnPlatform 1	491_UM25 chosen_Answer_Code 3 | 3 type User => 491_UM25 ResponseOnPlatform 1
Rule_75	?a chosen_Answer_Code ?d ?d type User => ?a ResponseOnPlatform 1	415_UM17 chosen_Answer_Code 2 | 2 type User => 415_UM17 ResponseOnPlatform 1
Rule_75	?a chosen_Answer_Code ?d ?d type User => ?a ResponseOnPlatform 1	409_UM03 chosen_Answer_Code 5 | 5 type User => 409_UM03 ResponseOnPlatform 1
Rule_75	?a chosen_Answer_Code ?d ?d type User => ?a ResponseOnPlatform 1	96_M006_01 chosen_Answer_Code 10 | 10 type User => 96_M006_01 ResponseOnPlatform 1
Rule_75	?a chosen_Answer_Code ?d ?d type User => ?a ResponseOnPlatform 1	407_UM23 chosen_Answer_Code 5 | 5 type User => 407_UM23 ResponseOnPlatform 1
Rule_75	?a chosen_Answer_Code ?d ?d type User => ?a ResponseOnPlatform 1	443_UM01 chosen_Answer_Code 3 | 3 type User => 443_UM01 ResponseOnPlatform 1
Rule_75	?a chosen_Answer_Code ?d ?d type User => ?a ResponseOnPlatform 1	408_UM17 chosen_Answer_Code 3 | 3 type User => 408_UM17 ResponseOnPlatform 1
Rule_75	?a chosen_Answer_Code ?d ?d type User => ?a ResponseOnPlatform 1	423_UM17 chosen_Answer_Code 3 | 3 type User => 423_UM17 ResponseOnPlatform 1
Rule_75	?a chosen_Answer_Code ?d ?d type User => ?a ResponseOnPlatform 1	168_M006_01 chosen_Answer_Code 10 | 10 type User => 168_M006_01 ResponseOnPlatform 1
Rule_75	?a chosen_Answer_Code ?d ?d type User => ?a ResponseOnPlatform 1	272_M010_01 chosen_Answer_Code 9 | 9 type User => 272_M010_01 ResponseOnPlatform 1
Rule_75	?a chosen_Answer_Code ?d ?d type User => ?a ResponseOnPlatform 1	427_UM04 chosen_Answer_Code 4 | 4 type User => 427_UM04 ResponseOnPlatform 1
Rule_75	?a chosen_Answer_Code ?d ?d type User => ?a ResponseOnPlatform 1	399_SU01_08 chosen_Answer_Code 5 | 5 type User => 399_SU01_08 ResponseOnPlatform 1
Rule_75	?a chosen_Answer_Code ?d ?d type User => ?a ResponseOnPlatform 1	447_UM15 chosen_Answer_Code 4 | 4 type User => 447_UM15 ResponseOnPlatform 1
Rule_75	?a chosen_Answer_Code ?d ?d type User => ?a ResponseOnPlatform 1	172_M005 chosen_Answer_Code 1 | 1 type User => 172_M005 ResponseOnPlatform 1
Rule_75	?a chosen_Answer_Code ?d ?d type User => ?a ResponseOnPlatform 1	378_SU01_10 chosen_Answer_Code 1 | 1 type User => 378_SU01_10 ResponseOnPlatform 1
Rule_75	?a chosen_Answer_Code ?d ?d type User => ?a ResponseOnPlatform 1	418_UM10 chosen_Answer_Code 5 | 5 type User => 418_UM10 ResponseOnPlatform 1
Rule_75	?a chosen_Answer_Code ?d ?d type User => ?a ResponseOnPlatform 1	267_M006_01 chosen_Answer_Code 10 | 10 type User => 267_M006_01 ResponseOnPlatform 1
Rule_75	?a chosen_Answer_Code ?d ?d type User => ?a ResponseOnPlatform 1	418_UM09 chosen_Answer_Code 5 | 5 type User => 418_UM09 ResponseOnPlatform 1
Rule_75	?a chosen_Answer_Code ?d ?d type User => ?a ResponseOnPlatform 1	133_M010_01 chosen_Answer_Code 9 | 9 type User => 133_M010_01 ResponseOnPlatform 1
Rule_75	?a chosen_Answer_Code ?d ?d type User => ?a ResponseOnPlatform 1	459_UM13 chosen_Answer_Code 5 | 5 type User => 459_UM13 ResponseOnPlatform 1
Rule_75	?a chosen_Answer_Code ?d ?d type User => ?a ResponseOnPlatform 1	408_UM19 chosen_Answer_Code 4 | 4 type User => 408_UM19 ResponseOnPlatform 1
Rule_75	?a chosen_Answer_Code ?d ?d type User => ?a ResponseOnPlatform 1	445_UM13 chosen_Answer_Code 2 | 2 type User => 445_UM13 ResponseOnPlatform 1
Rule_75	?a chosen_Answer_Code ?d ?d type User => ?a ResponseOnPlatform 1	483_UM21 chosen_Answer_Code 5 | 5 type User => 483_UM21 ResponseOnPlatform 1
Rule_75	?a chosen_Answer_Code ?d ?d type User => ?a ResponseOnPlatform 1	126_M004_01 chosen_Answer_Code 10 | 10 type User => 126_M004_01 ResponseOnPlatform 1
Rule_75	?a chosen_Answer_Code ?d ?d type User => ?a ResponseOnPlatform 1	93_M004_01 chosen_Answer_Code 9 | 9 type User => 93_M004_01 ResponseOnPlatform 1
Rule_75	?a chosen_Answer_Code ?d ?d type User => ?a ResponseOnPlatform 1	314_SU01_05 chosen_Answer_Code 4 | 4 type User => 314_SU01_05 ResponseOnPlatform 1
Rule_75	?a chosen_Answer_Code ?d ?d type User => ?a ResponseOnPlatform 1	457_UM24 chosen_Answer_Code 5 | 5 type User => 457_UM24 ResponseOnPlatform 1
Rule_75	?a chosen_Answer_Code ?d ?d type User => ?a ResponseOnPlatform 1	360_SU01_02 chosen_Answer_Code 5 | 5 type User => 360_SU01_02 ResponseOnPlatform 1
Rule_75	?a chosen_Answer_Code ?d ?d type User => ?a ResponseOnPlatform 1	431_UM12 chosen_Answer_Code 3 | 3 type User => 431_UM12 ResponseOnPlatform 1
Rule_75	?a chosen_Answer_Code ?d ?d type User => ?a ResponseOnPlatform 1	244_M005 chosen_Answer_Code 1 | 1 type User => 244_M005 ResponseOnPlatform 1
Rule_75	?a chosen_Answer_Code ?d ?d type User => ?a ResponseOnPlatform 1	69_M002_01 chosen_Answer_Code 9 | 9 type User => 69_M002_01 ResponseOnPlatform 1
Rule_75	?a chosen_Answer_Code ?d ?d type User => ?a ResponseOnPlatform 1	174_M003_01 chosen_Answer_Code 7 | 7 type User => 174_M003_01 ResponseOnPlatform 1
Rule_75	?a chosen_Answer_Code ?d ?d type User => ?a ResponseOnPlatform 1	313_SU01_01 chosen_Answer_Code 5 | 5 type User => 313_SU01_01 ResponseOnPlatform 1
Rule_75	?a chosen_Answer_Code ?d ?d type User => ?a ResponseOnPlatform 1	413_UM07 chosen_Answer_Code 5 | 5 type User => 413_UM07 ResponseOnPlatform 1
Rule_75	?a chosen_Answer_Code ?d ?d type User => ?a ResponseOnPlatform 1	443_UM07 chosen_Answer_Code 5 | 5 type User => 443_UM07 ResponseOnPlatform 1
Rule_75	?a chosen_Answer_Code ?d ?d type User => ?a ResponseOnPlatform 1	447_UM08 chosen_Answer_Code 3 | 3 type User => 447_UM08 ResponseOnPlatform 1
Rule_75	?a chosen_Answer_Code ?d ?d type User => ?a ResponseOnPlatform 1	315_SU01_07 chosen_Answer_Code 2 | 2 type User => 315_SU01_07 ResponseOnPlatform 1
Rule_75	?a chosen_Answer_Code ?d ?d type User => ?a ResponseOnPlatform 1	164_M003_01 chosen_Answer_Code 9 | 9 type User => 164_M003_01 ResponseOnPlatform 1
Rule_75	?a chosen_Answer_Code ?d ?d type User => ?a ResponseOnPlatform 1	133_M005 chosen_Answer_Code 3 | 3 type User => 133_M005 ResponseOnPlatform 1
Rule_75	?a chosen_Answer_Code ?d ?d type User => ?a ResponseOnPlatform 1	319_SU01_08 chosen_Answer_Code 4 | 4 type User => 319_SU01_08 ResponseOnPlatform 1
Rule_75	?a chosen_Answer_Code ?d ?d type User => ?a ResponseOnPlatform 1	386_SU01_07 chosen_Answer_Code 4 | 4 type User => 386_SU01_07 ResponseOnPlatform 1
Rule_75	?a chosen_Answer_Code ?d ?d type User => ?a ResponseOnPlatform 1	467_UM06 chosen_Answer_Code 5 | 5 type User => 467_UM06 ResponseOnPlatform 1
Rule_75	?a chosen_Answer_Code ?d ?d type User => ?a ResponseOnPlatform 1	434_UM03 chosen_Answer_Code 1 | 1 type User => 434_UM03 ResponseOnPlatform 1
Rule_75	?a chosen_Answer_Code ?d ?d type User => ?a ResponseOnPlatform 1	318_SU01_06 chosen_Answer_Code 3 | 3 type User => 318_SU01_06 ResponseOnPlatform 1
Rule_75	?a chosen_Answer_Code ?d ?d type User => ?a ResponseOnPlatform 1	82_M003_01 chosen_Answer_Code 10 | 10 type User => 82_M003_01 ResponseOnPlatform 1
Rule_75	?a chosen_Answer_Code ?d ?d type User => ?a ResponseOnPlatform 1	248_M002_01 chosen_Answer_Code 5 | 5 type User => 248_M002_01 ResponseOnPlatform 1
Rule_75	?a chosen_Answer_Code ?d ?d type User => ?a ResponseOnPlatform 1	337_SU01_06 chosen_Answer_Code 4 | 4 type User => 337_SU01_06 ResponseOnPlatform 1
Rule_75	?a chosen_Answer_Code ?d ?d type User => ?a ResponseOnPlatform 1	180_M010_01 chosen_Answer_Code 6 | 6 type User => 180_M010_01 ResponseOnPlatform 1
Rule_75	?a chosen_Answer_Code ?d ?d type User => ?a ResponseOnPlatform 1	369_SU01_03 chosen_Answer_Code 5 | 5 type User => 369_SU01_03 ResponseOnPlatform 1
Rule_75	?a chosen_Answer_Code ?d ?d type User => ?a ResponseOnPlatform 1	370_SU01_10 chosen_Answer_Code 3 | 3 type User => 370_SU01_10 ResponseOnPlatform 1
Rule_75	?a chosen_Answer_Code ?d ?d type User => ?a ResponseOnPlatform 1	481_UM04 chosen_Answer_Code 4 | 4 type User => 481_UM04 ResponseOnPlatform 1
Rule_75	?a chosen_Answer_Code ?d ?d type User => ?a ResponseOnPlatform 1	31_M002_01 chosen_Answer_Code 10 | 10 type User => 31_M002_01 ResponseOnPlatform 1
Rule_75	?a chosen_Answer_Code ?d ?d type User => ?a ResponseOnPlatform 1	426_UM17 chosen_Answer_Code 2 | 2 type User => 426_UM17 ResponseOnPlatform 1
Rule_75	?a chosen_Answer_Code ?d ?d type User => ?a ResponseOnPlatform 1	418_UM08 chosen_Answer_Code 4 | 4 type User => 418_UM08 ResponseOnPlatform 1
Rule_75	?a chosen_Answer_Code ?d ?d type User => ?a ResponseOnPlatform 1	488_UM25 chosen_Answer_Code 4 | 4 type User => 488_UM25 ResponseOnPlatform 1
Rule_75	?a chosen_Answer_Code ?d ?d type User => ?a ResponseOnPlatform 1	130_M010_01 chosen_Answer_Code 9 | 9 type User => 130_M010_01 ResponseOnPlatform 1
Rule_75	?a chosen_Answer_Code ?d ?d type User => ?a ResponseOnPlatform 1	341_SU01_10 chosen_Answer_Code 5 | 5 type User => 341_SU01_10 ResponseOnPlatform 1
Rule_75	?a chosen_Answer_Code ?d ?d type User => ?a ResponseOnPlatform 1	177_M006_01 chosen_Answer_Code 10 | 10 type User => 177_M006_01 ResponseOnPlatform 1
Rule_75	?a chosen_Answer_Code ?d ?d type User => ?a ResponseOnPlatform 1	162_M004_01 chosen_Answer_Code 10 | 10 type User => 162_M004_01 ResponseOnPlatform 1
Rule_75	?a chosen_Answer_Code ?d ?d type User => ?a ResponseOnPlatform 1	23_M002_01 chosen_Answer_Code 7 | 7 type User => 23_M002_01 ResponseOnPlatform 1
Rule_75	?a chosen_Answer_Code ?d ?d type User => ?a ResponseOnPlatform 1	489_UM03 chosen_Answer_Code 4 | 4 type User => 489_UM03 ResponseOnPlatform 1
Rule_75	?a chosen_Answer_Code ?d ?d type User => ?a ResponseOnPlatform 1	301_M010_01 chosen_Answer_Code 8 | 8 type User => 301_M010_01 ResponseOnPlatform 1
Rule_75	?a chosen_Answer_Code ?d ?d type User => ?a ResponseOnPlatform 1	392_SU01_09 chosen_Answer_Code 3 | 3 type User => 392_SU01_09 ResponseOnPlatform 1
Rule_75	?a chosen_Answer_Code ?d ?d type User => ?a ResponseOnPlatform 1	374_SU01_09 chosen_Answer_Code 5 | 5 type User => 374_SU01_09 ResponseOnPlatform 1
Rule_75	?a chosen_Answer_Code ?d ?d type User => ?a ResponseOnPlatform 1	39_M005 chosen_Answer_Code 1 | 1 type User => 39_M005 ResponseOnPlatform 1
Rule_75	?a chosen_Answer_Code ?d ?d type User => ?a ResponseOnPlatform 1	465_UM02 chosen_Answer_Code 4 | 4 type User => 465_UM02 ResponseOnPlatform 1
Rule_75	?a chosen_Answer_Code ?d ?d type User => ?a ResponseOnPlatform 1	219_M010_01 chosen_Answer_Code 8 | 8 type User => 219_M010_01 ResponseOnPlatform 1
Rule_75	?a chosen_Answer_Code ?d ?d type User => ?a ResponseOnPlatform 1	271_M004_01 chosen_Answer_Code 8 | 8 type User => 271_M004_01 ResponseOnPlatform 1
Rule_75	?a chosen_Answer_Code ?d ?d type User => ?a ResponseOnPlatform 1	488_UM09 chosen_Answer_Code 4 | 4 type User => 488_UM09 ResponseOnPlatform 1
Rule_75	?a chosen_Answer_Code ?d ?d type User => ?a ResponseOnPlatform 1	441_UM02 chosen_Answer_Code 5 | 5 type User => 441_UM02 ResponseOnPlatform 1
Rule_75	?a chosen_Answer_Code ?d ?d type User => ?a ResponseOnPlatform 1	224_M004_01 chosen_Answer_Code 5 | 5 type User => 224_M004_01 ResponseOnPlatform 1
Rule_75	?a chosen_Answer_Code ?d ?d type User => ?a ResponseOnPlatform 1	198_M003_01 chosen_Answer_Code 9 | 9 type User => 198_M003_01 ResponseOnPlatform 1
Rule_75	?a chosen_Answer_Code ?d ?d type User => ?a ResponseOnPlatform 1	486_UM19 chosen_Answer_Code 4 | 4 type User => 486_UM19 ResponseOnPlatform 1
Rule_75	?a chosen_Answer_Code ?d ?d type User => ?a ResponseOnPlatform 1	134_M002_01 chosen_Answer_Code 7 | 7 type User => 134_M002_01 ResponseOnPlatform 1
Rule_75	?a chosen_Answer_Code ?d ?d type User => ?a ResponseOnPlatform 1	193_M002_01 chosen_Answer_Code 10 | 10 type User => 193_M002_01 ResponseOnPlatform 1
Rule_75	?a chosen_Answer_Code ?d ?d type User => ?a ResponseOnPlatform 1	407_UM04 chosen_Answer_Code 5 | 5 type User => 407_UM04 ResponseOnPlatform 1
Rule_75	?a chosen_Answer_Code ?d ?d type User => ?a ResponseOnPlatform 1	5_M005 chosen_Answer_Code 1 | 1 type User => 5_M005 ResponseOnPlatform 1
Rule_75	?a chosen_Answer_Code ?d ?d type User => ?a ResponseOnPlatform 1	443_UM08 chosen_Answer_Code 5 | 5 type User => 443_UM08 ResponseOnPlatform 1
Rule_75	?a chosen_Answer_Code ?d ?d type User => ?a ResponseOnPlatform 1	491_UM12 chosen_Answer_Code 4 | 4 type User => 491_UM12 ResponseOnPlatform 1
Rule_75	?a chosen_Answer_Code ?d ?d type User => ?a ResponseOnPlatform 1	173_M004_01 chosen_Answer_Code 10 | 10 type User => 173_M004_01 ResponseOnPlatform 1
Rule_75	?a chosen_Answer_Code ?d ?d type User => ?a ResponseOnPlatform 1	203_M002_01 chosen_Answer_Code 9 | 9 type User => 203_M002_01 ResponseOnPlatform 1
Rule_75	?a chosen_Answer_Code ?d ?d type User => ?a ResponseOnPlatform 1	137_M004_01 chosen_Answer_Code 10 | 10 type User => 137_M004_01 ResponseOnPlatform 1
Rule_75	?a chosen_Answer_Code ?d ?d type User => ?a ResponseOnPlatform 1	452_UM23 chosen_Answer_Code 3 | 3 type User => 452_UM23 ResponseOnPlatform 1
Rule_75	?a chosen_Answer_Code ?d ?d type User => ?a ResponseOnPlatform 1	463_UM01 chosen_Answer_Code 5 | 5 type User => 463_UM01 ResponseOnPlatform 1
Rule_75	?a chosen_Answer_Code ?d ?d type User => ?a ResponseOnPlatform 1	395_SU01_02 chosen_Answer_Code 5 | 5 type User => 395_SU01_02 ResponseOnPlatform 1
Rule_75	?a chosen_Answer_Code ?d ?d type User => ?a ResponseOnPlatform 1	210_M010_01 chosen_Answer_Code 5 | 5 type User => 210_M010_01 ResponseOnPlatform 1
Rule_75	?a chosen_Answer_Code ?d ?d type User => ?a ResponseOnPlatform 1	465_UM19 chosen_Answer_Code 4 | 4 type User => 465_UM19 ResponseOnPlatform 1
Rule_75	?a chosen_Answer_Code ?d ?d type User => ?a ResponseOnPlatform 1	324_SU01_09 chosen_Answer_Code 4 | 4 type User => 324_SU01_09 ResponseOnPlatform 1
Rule_75	?a chosen_Answer_Code ?d ?d type User => ?a ResponseOnPlatform 1	169_M004_01 chosen_Answer_Code 8 | 8 type User => 169_M004_01 ResponseOnPlatform 1
Rule_75	?a chosen_Answer_Code ?d ?d type User => ?a ResponseOnPlatform 1	44_M002_01 chosen_Answer_Code 10 | 10 type User => 44_M002_01 ResponseOnPlatform 1
Rule_75	?a chosen_Answer_Code ?d ?d type User => ?a ResponseOnPlatform 1	449_UM13 chosen_Answer_Code 4 | 4 type User => 449_UM13 ResponseOnPlatform 1
Rule_75	?a chosen_Answer_Code ?d ?d type User => ?a ResponseOnPlatform 1	316_SU01_08 chosen_Answer_Code 5 | 5 type User => 316_SU01_08 ResponseOnPlatform 1
Rule_75	?a chosen_Answer_Code ?d ?d type User => ?a ResponseOnPlatform 1	475_UM04 chosen_Answer_Code 4 | 4 type User => 475_UM04 ResponseOnPlatform 1
Rule_75	?a chosen_Answer_Code ?d ?d type User => ?a ResponseOnPlatform 1	207_M004_01 chosen_Answer_Code 8 | 8 type User => 207_M004_01 ResponseOnPlatform 1
Rule_75	?a chosen_Answer_Code ?d ?d type User => ?a ResponseOnPlatform 1	275_M010_01 chosen_Answer_Code 10 | 10 type User => 275_M010_01 ResponseOnPlatform 1
Rule_75	?a chosen_Answer_Code ?d ?d type User => ?a ResponseOnPlatform 1	487_UM15 chosen_Answer_Code 5 | 5 type User => 487_UM15 ResponseOnPlatform 1
Rule_75	?a chosen_Answer_Code ?d ?d type User => ?a ResponseOnPlatform 1	319_SU01_06 chosen_Answer_Code 4 | 4 type User => 319_SU01_06 ResponseOnPlatform 1
Rule_75	?a chosen_Answer_Code ?d ?d type User => ?a ResponseOnPlatform 1	316_SU01_03 chosen_Answer_Code 5 | 5 type User => 316_SU01_03 ResponseOnPlatform 1
Rule_75	?a chosen_Answer_Code ?d ?d type User => ?a ResponseOnPlatform 1	121_M003_01 chosen_Answer_Code 7 | 7 type User => 121_M003_01 ResponseOnPlatform 1
Rule_75	?a chosen_Answer_Code ?d ?d type User => ?a ResponseOnPlatform 1	32_M005 chosen_Answer_Code 2 | 2 type User => 32_M005 ResponseOnPlatform 1
Rule_75	?a chosen_Answer_Code ?d ?d type User => ?a ResponseOnPlatform 1	463_UM21 chosen_Answer_Code 5 | 5 type User => 463_UM21 ResponseOnPlatform 1
Rule_75	?a chosen_Answer_Code ?d ?d type User => ?a ResponseOnPlatform 1	91_M004_01 chosen_Answer_Code 10 | 10 type User => 91_M004_01 ResponseOnPlatform 1
Rule_75	?a chosen_Answer_Code ?d ?d type User => ?a ResponseOnPlatform 1	295_M010_01 chosen_Answer_Code 7 | 7 type User => 295_M010_01 ResponseOnPlatform 1
Rule_75	?a chosen_Answer_Code ?d ?d type User => ?a ResponseOnPlatform 1	428_UM11 chosen_Answer_Code 3 | 3 type User => 428_UM11 ResponseOnPlatform 1
Rule_75	?a chosen_Answer_Code ?d ?d type User => ?a ResponseOnPlatform 1	478_UM13 chosen_Answer_Code 3 | 3 type User => 478_UM13 ResponseOnPlatform 1
Rule_75	?a chosen_Answer_Code ?d ?d type User => ?a ResponseOnPlatform 1	3_M006_01 chosen_Answer_Code 5 | 5 type User => 3_M006_01 ResponseOnPlatform 1
Rule_75	?a chosen_Answer_Code ?d ?d type User => ?a ResponseOnPlatform 1	397_SU01_06 chosen_Answer_Code 5 | 5 type User => 397_SU01_06 ResponseOnPlatform 1
Rule_75	?a chosen_Answer_Code ?d ?d type User => ?a ResponseOnPlatform 1	473_UM02 chosen_Answer_Code 2 | 2 type User => 473_UM02 ResponseOnPlatform 1
Rule_75	?a chosen_Answer_Code ?d ?d type User => ?a ResponseOnPlatform 1	413_UM08 chosen_Answer_Code 5 | 5 type User => 413_UM08 ResponseOnPlatform 1
Rule_75	?a chosen_Answer_Code ?d ?d type User => ?a ResponseOnPlatform 1	51_M003_01 chosen_Answer_Code 8 | 8 type User => 51_M003_01 ResponseOnPlatform 1
Rule_75	?a chosen_Answer_Code ?d ?d type User => ?a ResponseOnPlatform 1	365_SU01_04 chosen_Answer_Code 2 | 2 type User => 365_SU01_04 ResponseOnPlatform 1
Rule_75	?a chosen_Answer_Code ?d ?d type User => ?a ResponseOnPlatform 1	106_M010_01 chosen_Answer_Code 7 | 7 type User => 106_M010_01 ResponseOnPlatform 1
Rule_75	?a chosen_Answer_Code ?d ?d type User => ?a ResponseOnPlatform 1	242_M002_01 chosen_Answer_Code 8 | 8 type User => 242_M002_01 ResponseOnPlatform 1
Rule_75	?a chosen_Answer_Code ?d ?d type User => ?a ResponseOnPlatform 1	81_M002_01 chosen_Answer_Code 8 | 8 type User => 81_M002_01 ResponseOnPlatform 1
Rule_75	?a chosen_Answer_Code ?d ?d type User => ?a ResponseOnPlatform 1	335_SU01_08 chosen_Answer_Code 5 | 5 type User => 335_SU01_08 ResponseOnPlatform 1
Rule_75	?a chosen_Answer_Code ?d ?d type User => ?a ResponseOnPlatform 1	178_M004_01 chosen_Answer_Code 9 | 9 type User => 178_M004_01 ResponseOnPlatform 1
Rule_75	?a chosen_Answer_Code ?d ?d type User => ?a ResponseOnPlatform 1	81_M003_01 chosen_Answer_Code 8 | 8 type User => 81_M003_01 ResponseOnPlatform 1
Rule_75	?a chosen_Answer_Code ?d ?d type User => ?a ResponseOnPlatform 1	138_M005 chosen_Answer_Code 1 | 1 type User => 138_M005 ResponseOnPlatform 1
Rule_75	?a chosen_Answer_Code ?d ?d type User => ?a ResponseOnPlatform 1	257_M003_01 chosen_Answer_Code 10 | 10 type User => 257_M003_01 ResponseOnPlatform 1
Rule_75	?a chosen_Answer_Code ?d ?d type User => ?a ResponseOnPlatform 1	77_M005 chosen_Answer_Code 1 | 1 type User => 77_M005 ResponseOnPlatform 1
Rule_75	?a chosen_Answer_Code ?d ?d type User => ?a ResponseOnPlatform 1	444_UM25 chosen_Answer_Code 5 | 5 type User => 444_UM25 ResponseOnPlatform 1
Rule_75	?a chosen_Answer_Code ?d ?d type User => ?a ResponseOnPlatform 1	315_SU01_10 chosen_Answer_Code 4 | 4 type User => 315_SU01_10 ResponseOnPlatform 1
Rule_75	?a chosen_Answer_Code ?d ?d type User => ?a ResponseOnPlatform 1	400_SU01_05 chosen_Answer_Code 4 | 4 type User => 400_SU01_05 ResponseOnPlatform 1
Rule_75	?a chosen_Answer_Code ?d ?d type User => ?a ResponseOnPlatform 1	471_UM04 chosen_Answer_Code 4 | 4 type User => 471_UM04 ResponseOnPlatform 1
Rule_75	?a chosen_Answer_Code ?d ?d type User => ?a ResponseOnPlatform 1	55_M004_01 chosen_Answer_Code 8 | 8 type User => 55_M004_01 ResponseOnPlatform 1
Rule_75	?a chosen_Answer_Code ?d ?d type User => ?a ResponseOnPlatform 1	458_UM04 chosen_Answer_Code 5 | 5 type User => 458_UM04 ResponseOnPlatform 1
Rule_75	?a chosen_Answer_Code ?d ?d type User => ?a ResponseOnPlatform 1	444_UM23 chosen_Answer_Code 5 | 5 type User => 444_UM23 ResponseOnPlatform 1
Rule_75	?a chosen_Answer_Code ?d ?d type User => ?a ResponseOnPlatform 1	422_UM19 chosen_Answer_Code 5 | 5 type User => 422_UM19 ResponseOnPlatform 1
Rule_75	?a chosen_Answer_Code ?d ?d type User => ?a ResponseOnPlatform 1	445_UM25 chosen_Answer_Code 3 | 3 type User => 445_UM25 ResponseOnPlatform 1
Rule_75	?a chosen_Answer_Code ?d ?d type User => ?a ResponseOnPlatform 1	455_UM19 chosen_Answer_Code 5 | 5 type User => 455_UM19 ResponseOnPlatform 1
Rule_75	?a chosen_Answer_Code ?d ?d type User => ?a ResponseOnPlatform 1	302_M004_01 chosen_Answer_Code 8 | 8 type User => 302_M004_01 ResponseOnPlatform 1
Rule_75	?a chosen_Answer_Code ?d ?d type User => ?a ResponseOnPlatform 1	471_UM14 chosen_Answer_Code 4 | 4 type User => 471_UM14 ResponseOnPlatform 1
Rule_75	?a chosen_Answer_Code ?d ?d type User => ?a ResponseOnPlatform 1	251_M004_01 chosen_Answer_Code 10 | 10 type User => 251_M004_01 ResponseOnPlatform 1
Rule_75	?a chosen_Answer_Code ?d ?d type User => ?a ResponseOnPlatform 1	407_UM07 chosen_Answer_Code 4 | 4 type User => 407_UM07 ResponseOnPlatform 1
Rule_75	?a chosen_Answer_Code ?d ?d type User => ?a ResponseOnPlatform 1	286_M004_01 chosen_Answer_Code 9 | 9 type User => 286_M004_01 ResponseOnPlatform 1
Rule_75	?a chosen_Answer_Code ?d ?d type User => ?a ResponseOnPlatform 1	50_M002_01 chosen_Answer_Code 10 | 10 type User => 50_M002_01 ResponseOnPlatform 1
Rule_75	?a chosen_Answer_Code ?d ?d type User => ?a ResponseOnPlatform 1	22_M004_01 chosen_Answer_Code 10 | 10 type User => 22_M004_01 ResponseOnPlatform 1
Rule_75	?a chosen_Answer_Code ?d ?d type User => ?a ResponseOnPlatform 1	175_M010_01 chosen_Answer_Code 9 | 9 type User => 175_M010_01 ResponseOnPlatform 1
Rule_75	?a chosen_Answer_Code ?d ?d type User => ?a ResponseOnPlatform 1	149_M002_01 chosen_Answer_Code 10 | 10 type User => 149_M002_01 ResponseOnPlatform 1
Rule_75	?a chosen_Answer_Code ?d ?d type User => ?a ResponseOnPlatform 1	199_M005 chosen_Answer_Code 1 | 1 type User => 199_M005 ResponseOnPlatform 1
Rule_75	?a chosen_Answer_Code ?d ?d type User => ?a ResponseOnPlatform 1	486_UM08 chosen_Answer_Code 5 | 5 type User => 486_UM08 ResponseOnPlatform 1
Rule_75	?a chosen_Answer_Code ?d ?d type User => ?a ResponseOnPlatform 1	12_M006_01 chosen_Answer_Code 6 | 6 type User => 12_M006_01 ResponseOnPlatform 1
Rule_75	?a chosen_Answer_Code ?d ?d type User => ?a ResponseOnPlatform 1	56_M006_01 chosen_Answer_Code 7 | 7 type User => 56_M006_01 ResponseOnPlatform 1
Rule_75	?a chosen_Answer_Code ?d ?d type User => ?a ResponseOnPlatform 1	80_M002_01 chosen_Answer_Code 8 | 8 type User => 80_M002_01 ResponseOnPlatform 1
Rule_75	?a chosen_Answer_Code ?d ?d type User => ?a ResponseOnPlatform 1	125_M003_01 chosen_Answer_Code 8 | 8 type User => 125_M003_01 ResponseOnPlatform 1
Rule_75	?a chosen_Answer_Code ?d ?d type User => ?a ResponseOnPlatform 1	424_UM14 chosen_Answer_Code 4 | 4 type User => 424_UM14 ResponseOnPlatform 1
Rule_75	?a chosen_Answer_Code ?d ?d type User => ?a ResponseOnPlatform 1	126_M010_01 chosen_Answer_Code 9 | 9 type User => 126_M010_01 ResponseOnPlatform 1
Rule_75	?a chosen_Answer_Code ?d ?d type User => ?a ResponseOnPlatform 1	96_M010_01 chosen_Answer_Code 2 | 2 type User => 96_M010_01 ResponseOnPlatform 1
Rule_75	?a chosen_Answer_Code ?d ?d type User => ?a ResponseOnPlatform 1	489_UM06 chosen_Answer_Code 4 | 4 type User => 489_UM06 ResponseOnPlatform 1
Rule_75	?a chosen_Answer_Code ?d ?d type User => ?a ResponseOnPlatform 1	154_M004_01 chosen_Answer_Code 7 | 7 type User => 154_M004_01 ResponseOnPlatform 1
Rule_75	?a chosen_Answer_Code ?d ?d type User => ?a ResponseOnPlatform 1	327_SU01_02 chosen_Answer_Code 5 | 5 type User => 327_SU01_02 ResponseOnPlatform 1
Rule_75	?a chosen_Answer_Code ?d ?d type User => ?a ResponseOnPlatform 1	188_M010_01 chosen_Answer_Code 9 | 9 type User => 188_M010_01 ResponseOnPlatform 1
Rule_75	?a chosen_Answer_Code ?d ?d type User => ?a ResponseOnPlatform 1	429_UM14 chosen_Answer_Code 4 | 4 type User => 429_UM14 ResponseOnPlatform 1
Rule_75	?a chosen_Answer_Code ?d ?d type User => ?a ResponseOnPlatform 1	133_M004_01 chosen_Answer_Code 7 | 7 type User => 133_M004_01 ResponseOnPlatform 1
Rule_75	?a chosen_Answer_Code ?d ?d type User => ?a ResponseOnPlatform 1	189_M004_01 chosen_Answer_Code 8 | 8 type User => 189_M004_01 ResponseOnPlatform 1
Rule_75	?a chosen_Answer_Code ?d ?d type User => ?a ResponseOnPlatform 1	344_SU01_02 chosen_Answer_Code 5 | 5 type User => 344_SU01_02 ResponseOnPlatform 1
Rule_75	?a chosen_Answer_Code ?d ?d type User => ?a ResponseOnPlatform 1	362_SU01_04 chosen_Answer_Code 5 | 5 type User => 362_SU01_04 ResponseOnPlatform 1
Rule_75	?a chosen_Answer_Code ?d ?d type User => ?a ResponseOnPlatform 1	257_M006_01 chosen_Answer_Code 10 | 10 type User => 257_M006_01 ResponseOnPlatform 1
Rule_75	?a chosen_Answer_Code ?d ?d type User => ?a ResponseOnPlatform 1	53_M004_01 chosen_Answer_Code 10 | 10 type User => 53_M004_01 ResponseOnPlatform 1
Rule_75	?a chosen_Answer_Code ?d ?d type User => ?a ResponseOnPlatform 1	47_M002_01 chosen_Answer_Code 7 | 7 type User => 47_M002_01 ResponseOnPlatform 1
Rule_75	?a chosen_Answer_Code ?d ?d type User => ?a ResponseOnPlatform 1	260_M002_01 chosen_Answer_Code 9 | 9 type User => 260_M002_01 ResponseOnPlatform 1
Rule_75	?a chosen_Answer_Code ?d ?d type User => ?a ResponseOnPlatform 1	333_SU01_08 chosen_Answer_Code 1 | 1 type User => 333_SU01_08 ResponseOnPlatform 1
Rule_75	?a chosen_Answer_Code ?d ?d type User => ?a ResponseOnPlatform 1	440_UM24 chosen_Answer_Code 4 | 4 type User => 440_UM24 ResponseOnPlatform 1
Rule_75	?a chosen_Answer_Code ?d ?d type User => ?a ResponseOnPlatform 1	226_M005 chosen_Answer_Code 2 | 2 type User => 226_M005 ResponseOnPlatform 1
Rule_75	?a chosen_Answer_Code ?d ?d type User => ?a ResponseOnPlatform 1	299_M003_01 chosen_Answer_Code 9 | 9 type User => 299_M003_01 ResponseOnPlatform 1
Rule_75	?a chosen_Answer_Code ?d ?d type User => ?a ResponseOnPlatform 1	336_SU01_01 chosen_Answer_Code 3 | 3 type User => 336_SU01_01 ResponseOnPlatform 1
Rule_75	?a chosen_Answer_Code ?d ?d type User => ?a ResponseOnPlatform 1	465_UM11 chosen_Answer_Code 4 | 4 type User => 465_UM11 ResponseOnPlatform 1
Rule_75	?a chosen_Answer_Code ?d ?d type User => ?a ResponseOnPlatform 1	168_M002_01 chosen_Answer_Code 10 | 10 type User => 168_M002_01 ResponseOnPlatform 1
Rule_75	?a chosen_Answer_Code ?d ?d type User => ?a ResponseOnPlatform 1	446_UM24 chosen_Answer_Code 3 | 3 type User => 446_UM24 ResponseOnPlatform 1
Rule_75	?a chosen_Answer_Code ?d ?d type User => ?a ResponseOnPlatform 1	369_SU01_06 chosen_Answer_Code 5 | 5 type User => 369_SU01_06 ResponseOnPlatform 1
Rule_75	?a chosen_Answer_Code ?d ?d type User => ?a ResponseOnPlatform 1	55_M003_01 chosen_Answer_Code 10 | 10 type User => 55_M003_01 ResponseOnPlatform 1
Rule_75	?a chosen_Answer_Code ?d ?d type User => ?a ResponseOnPlatform 1	468_UM06 chosen_Answer_Code 4 | 4 type User => 468_UM06 ResponseOnPlatform 1
Rule_75	?a chosen_Answer_Code ?d ?d type User => ?a ResponseOnPlatform 1	455_UM21 chosen_Answer_Code 4 | 4 type User => 455_UM21 ResponseOnPlatform 1
Rule_75	?a chosen_Answer_Code ?d ?d type User => ?a ResponseOnPlatform 1	331_SU01_10 chosen_Answer_Code 5 | 5 type User => 331_SU01_10 ResponseOnPlatform 1
Rule_75	?a chosen_Answer_Code ?d ?d type User => ?a ResponseOnPlatform 1	485_UM19 chosen_Answer_Code 5 | 5 type User => 485_UM19 ResponseOnPlatform 1
Rule_75	?a chosen_Answer_Code ?d ?d type User => ?a ResponseOnPlatform 1	447_UM19 chosen_Answer_Code 3 | 3 type User => 447_UM19 ResponseOnPlatform 1
Rule_75	?a chosen_Answer_Code ?d ?d type User => ?a ResponseOnPlatform 1	471_UM03 chosen_Answer_Code 3 | 3 type User => 471_UM03 ResponseOnPlatform 1
Rule_75	?a chosen_Answer_Code ?d ?d type User => ?a ResponseOnPlatform 1	184_M002_01 chosen_Answer_Code 9 | 9 type User => 184_M002_01 ResponseOnPlatform 1
Rule_75	?a chosen_Answer_Code ?d ?d type User => ?a ResponseOnPlatform 1	467_UM03 chosen_Answer_Code 4 | 4 type User => 467_UM03 ResponseOnPlatform 1
Rule_75	?a chosen_Answer_Code ?d ?d type User => ?a ResponseOnPlatform 1	485_UM18 chosen_Answer_Code 2 | 2 type User => 485_UM18 ResponseOnPlatform 1
Rule_75	?a chosen_Answer_Code ?d ?d type User => ?a ResponseOnPlatform 1	181_M002_01 chosen_Answer_Code 7 | 7 type User => 181_M002_01 ResponseOnPlatform 1
Rule_75	?a chosen_Answer_Code ?d ?d type User => ?a ResponseOnPlatform 1	278_M005 chosen_Answer_Code 3 | 3 type User => 278_M005 ResponseOnPlatform 1
Rule_75	?a chosen_Answer_Code ?d ?d type User => ?a ResponseOnPlatform 1	333_SU01_09 chosen_Answer_Code 2 | 2 type User => 333_SU01_09 ResponseOnPlatform 1
Rule_75	?a chosen_Answer_Code ?d ?d type User => ?a ResponseOnPlatform 1	228_M002_01 chosen_Answer_Code 10 | 10 type User => 228_M002_01 ResponseOnPlatform 1
Rule_75	?a chosen_Answer_Code ?d ?d type User => ?a ResponseOnPlatform 1	444_UM24 chosen_Answer_Code 5 | 5 type User => 444_UM24 ResponseOnPlatform 1
Rule_75	?a chosen_Answer_Code ?d ?d type User => ?a ResponseOnPlatform 1	475_UM25 chosen_Answer_Code 4 | 4 type User => 475_UM25 ResponseOnPlatform 1
Rule_75	?a chosen_Answer_Code ?d ?d type User => ?a ResponseOnPlatform 1	220_M003_01 chosen_Answer_Code 8 | 8 type User => 220_M003_01 ResponseOnPlatform 1
Rule_75	?a chosen_Answer_Code ?d ?d type User => ?a ResponseOnPlatform 1	130_M004_01 chosen_Answer_Code 6 | 6 type User => 130_M004_01 ResponseOnPlatform 1
Rule_75	?a chosen_Answer_Code ?d ?d type User => ?a ResponseOnPlatform 1	452_UM07 chosen_Answer_Code 4 | 4 type User => 452_UM07 ResponseOnPlatform 1
Rule_75	?a chosen_Answer_Code ?d ?d type User => ?a ResponseOnPlatform 1	345_SU01_02 chosen_Answer_Code 5 | 5 type User => 345_SU01_02 ResponseOnPlatform 1
Rule_75	?a chosen_Answer_Code ?d ?d type User => ?a ResponseOnPlatform 1	252_M003_01 chosen_Answer_Code 9 | 9 type User => 252_M003_01 ResponseOnPlatform 1
Rule_75	?a chosen_Answer_Code ?d ?d type User => ?a ResponseOnPlatform 1	17_M006_01 chosen_Answer_Code 8 | 8 type User => 17_M006_01 ResponseOnPlatform 1
Rule_75	?a chosen_Answer_Code ?d ?d type User => ?a ResponseOnPlatform 1	412_UM09 chosen_Answer_Code 4 | 4 type User => 412_UM09 ResponseOnPlatform 1
Rule_75	?a chosen_Answer_Code ?d ?d type User => ?a ResponseOnPlatform 1	424_UM02 chosen_Answer_Code 4 | 4 type User => 424_UM02 ResponseOnPlatform 1
Rule_75	?a chosen_Answer_Code ?d ?d type User => ?a ResponseOnPlatform 1	87_M006_01 chosen_Answer_Code 9 | 9 type User => 87_M006_01 ResponseOnPlatform 1
Rule_75	?a chosen_Answer_Code ?d ?d type User => ?a ResponseOnPlatform 1	273_M002_01 chosen_Answer_Code 10 | 10 type User => 273_M002_01 ResponseOnPlatform 1
Rule_75	?a chosen_Answer_Code ?d ?d type User => ?a ResponseOnPlatform 1	471_UM07 chosen_Answer_Code 3 | 3 type User => 471_UM07 ResponseOnPlatform 1
Rule_75	?a chosen_Answer_Code ?d ?d type User => ?a ResponseOnPlatform 1	407_UM02 chosen_Answer_Code 5 | 5 type User => 407_UM02 ResponseOnPlatform 1
Rule_75	?a chosen_Answer_Code ?d ?d type User => ?a ResponseOnPlatform 1	459_UM25 chosen_Answer_Code 4 | 4 type User => 459_UM25 ResponseOnPlatform 1
Rule_75	?a chosen_Answer_Code ?d ?d type User => ?a ResponseOnPlatform 1	491_UM18 chosen_Answer_Code 3 | 3 type User => 491_UM18 ResponseOnPlatform 1
Rule_75	?a chosen_Answer_Code ?d ?d type User => ?a ResponseOnPlatform 1	431_UM13 chosen_Answer_Code 4 | 4 type User => 431_UM13 ResponseOnPlatform 1
Rule_75	?a chosen_Answer_Code ?d ?d type User => ?a ResponseOnPlatform 1	430_UM08 chosen_Answer_Code 5 | 5 type User => 430_UM08 ResponseOnPlatform 1
Rule_75	?a chosen_Answer_Code ?d ?d type User => ?a ResponseOnPlatform 1	465_UM06 chosen_Answer_Code 5 | 5 type User => 465_UM06 ResponseOnPlatform 1
Rule_75	?a chosen_Answer_Code ?d ?d type User => ?a ResponseOnPlatform 1	399_SU01_05 chosen_Answer_Code 5 | 5 type User => 399_SU01_05 ResponseOnPlatform 1
Rule_75	?a chosen_Answer_Code ?d ?d type User => ?a ResponseOnPlatform 1	78_M002_01 chosen_Answer_Code 10 | 10 type User => 78_M002_01 ResponseOnPlatform 1
Rule_75	?a chosen_Answer_Code ?d ?d type User => ?a ResponseOnPlatform 1	408_UM03 chosen_Answer_Code 4 | 4 type User => 408_UM03 ResponseOnPlatform 1
Rule_75	?a chosen_Answer_Code ?d ?d type User => ?a ResponseOnPlatform 1	491_UM11 chosen_Answer_Code 3 | 3 type User => 491_UM11 ResponseOnPlatform 1
Rule_75	?a chosen_Answer_Code ?d ?d type User => ?a ResponseOnPlatform 1	198_M004_01 chosen_Answer_Code 9 | 9 type User => 198_M004_01 ResponseOnPlatform 1
Rule_75	?a chosen_Answer_Code ?d ?d type User => ?a ResponseOnPlatform 1	316_SU01_02 chosen_Answer_Code 5 | 5 type User => 316_SU01_02 ResponseOnPlatform 1
Rule_75	?a chosen_Answer_Code ?d ?d type User => ?a ResponseOnPlatform 1	444_UM14 chosen_Answer_Code 5 | 5 type User => 444_UM14 ResponseOnPlatform 1
Rule_75	?a chosen_Answer_Code ?d ?d type User => ?a ResponseOnPlatform 1	473_UM15 chosen_Answer_Code 4 | 4 type User => 473_UM15 ResponseOnPlatform 1
Rule_75	?a chosen_Answer_Code ?d ?d type User => ?a ResponseOnPlatform 1	357_SU01_02 chosen_Answer_Code 5 | 5 type User => 357_SU01_02 ResponseOnPlatform 1
Rule_75	?a chosen_Answer_Code ?d ?d type User => ?a ResponseOnPlatform 1	293_M002_01 chosen_Answer_Code 7 | 7 type User => 293_M002_01 ResponseOnPlatform 1
Rule_75	?a chosen_Answer_Code ?d ?d type User => ?a ResponseOnPlatform 1	402_SU01_04 chosen_Answer_Code 5 | 5 type User => 402_SU01_04 ResponseOnPlatform 1
Rule_75	?a chosen_Answer_Code ?d ?d type User => ?a ResponseOnPlatform 1	489_UM15 chosen_Answer_Code 6 | 6 type User => 489_UM15 ResponseOnPlatform 1
Rule_75	?a chosen_Answer_Code ?d ?d type User => ?a ResponseOnPlatform 1	180_M003_01 chosen_Answer_Code 9 | 9 type User => 180_M003_01 ResponseOnPlatform 1
Rule_75	?a chosen_Answer_Code ?d ?d type User => ?a ResponseOnPlatform 1	476_UM02 chosen_Answer_Code 4 | 4 type User => 476_UM02 ResponseOnPlatform 1
Rule_75	?a chosen_Answer_Code ?d ?d type User => ?a ResponseOnPlatform 1	412_UM25 chosen_Answer_Code 4 | 4 type User => 412_UM25 ResponseOnPlatform 1
Rule_75	?a chosen_Answer_Code ?d ?d type User => ?a ResponseOnPlatform 1	130_M005 chosen_Answer_Code 1 | 1 type User => 130_M005 ResponseOnPlatform 1
Rule_75	?a chosen_Answer_Code ?d ?d type User => ?a ResponseOnPlatform 1	41_M003_01 chosen_Answer_Code 10 | 10 type User => 41_M003_01 ResponseOnPlatform 1
Rule_75	?a chosen_Answer_Code ?d ?d type User => ?a ResponseOnPlatform 1	78_M010_01 chosen_Answer_Code 10 | 10 type User => 78_M010_01 ResponseOnPlatform 1
Rule_75	?a chosen_Answer_Code ?d ?d type User => ?a ResponseOnPlatform 1	389_SU01_06 chosen_Answer_Code 3 | 3 type User => 389_SU01_06 ResponseOnPlatform 1
Rule_75	?a chosen_Answer_Code ?d ?d type User => ?a ResponseOnPlatform 1	214_M006_01 chosen_Answer_Code 10 | 10 type User => 214_M006_01 ResponseOnPlatform 1
Rule_75	?a chosen_Answer_Code ?d ?d type User => ?a ResponseOnPlatform 1	320_SU01_10 chosen_Answer_Code 5 | 5 type User => 320_SU01_10 ResponseOnPlatform 1
Rule_75	?a chosen_Answer_Code ?d ?d type User => ?a ResponseOnPlatform 1	488_UM10 chosen_Answer_Code 4 | 4 type User => 488_UM10 ResponseOnPlatform 1
Rule_75	?a chosen_Answer_Code ?d ?d type User => ?a ResponseOnPlatform 1	350_SU01_04 chosen_Answer_Code 5 | 5 type User => 350_SU01_04 ResponseOnPlatform 1
Rule_75	?a chosen_Answer_Code ?d ?d type User => ?a ResponseOnPlatform 1	56_M003_01 chosen_Answer_Code 7 | 7 type User => 56_M003_01 ResponseOnPlatform 1
Rule_75	?a chosen_Answer_Code ?d ?d type User => ?a ResponseOnPlatform 1	94_M003_01 chosen_Answer_Code 9 | 9 type User => 94_M003_01 ResponseOnPlatform 1
Rule_75	?a chosen_Answer_Code ?d ?d type User => ?a ResponseOnPlatform 1	237_M003_01 chosen_Answer_Code 8 | 8 type User => 237_M003_01 ResponseOnPlatform 1
Rule_75	?a chosen_Answer_Code ?d ?d type User => ?a ResponseOnPlatform 1	482_UM21 chosen_Answer_Code 5 | 5 type User => 482_UM21 ResponseOnPlatform 1
Rule_75	?a chosen_Answer_Code ?d ?d type User => ?a ResponseOnPlatform 1	269_M002_01 chosen_Answer_Code 9 | 9 type User => 269_M002_01 ResponseOnPlatform 1
Rule_75	?a chosen_Answer_Code ?d ?d type User => ?a ResponseOnPlatform 1	233_M004_01 chosen_Answer_Code 10 | 10 type User => 233_M004_01 ResponseOnPlatform 1
Rule_75	?a chosen_Answer_Code ?d ?d type User => ?a ResponseOnPlatform 1	36_M002_01 chosen_Answer_Code 8 | 8 type User => 36_M002_01 ResponseOnPlatform 1
Rule_75	?a chosen_Answer_Code ?d ?d type User => ?a ResponseOnPlatform 1	123_M004_01 chosen_Answer_Code 10 | 10 type User => 123_M004_01 ResponseOnPlatform 1
Rule_75	?a chosen_Answer_Code ?d ?d type User => ?a ResponseOnPlatform 1	319_SU01_02 chosen_Answer_Code 3 | 3 type User => 319_SU01_02 ResponseOnPlatform 1
Rule_75	?a chosen_Answer_Code ?d ?d type User => ?a ResponseOnPlatform 1	22_M003_01 chosen_Answer_Code 10 | 10 type User => 22_M003_01 ResponseOnPlatform 1
Rule_75	?a chosen_Answer_Code ?d ?d type User => ?a ResponseOnPlatform 1	263_M002_01 chosen_Answer_Code 9 | 9 type User => 263_M002_01 ResponseOnPlatform 1
Rule_75	?a chosen_Answer_Code ?d ?d type User => ?a ResponseOnPlatform 1	320_SU01_08 chosen_Answer_Code 5 | 5 type User => 320_SU01_08 ResponseOnPlatform 1
Rule_75	?a chosen_Answer_Code ?d ?d type User => ?a ResponseOnPlatform 1	152_M004_01 chosen_Answer_Code 8 | 8 type User => 152_M004_01 ResponseOnPlatform 1
Rule_75	?a chosen_Answer_Code ?d ?d type User => ?a ResponseOnPlatform 1	156_M010_01 chosen_Answer_Code 8 | 8 type User => 156_M010_01 ResponseOnPlatform 1
Rule_75	?a chosen_Answer_Code ?d ?d type User => ?a ResponseOnPlatform 1	465_UM13 chosen_Answer_Code 4 | 4 type User => 465_UM13 ResponseOnPlatform 1
Rule_75	?a chosen_Answer_Code ?d ?d type User => ?a ResponseOnPlatform 1	382_SU01_09 chosen_Answer_Code 2 | 2 type User => 382_SU01_09 ResponseOnPlatform 1
Rule_75	?a chosen_Answer_Code ?d ?d type User => ?a ResponseOnPlatform 1	282_M010_01 chosen_Answer_Code 7 | 7 type User => 282_M010_01 ResponseOnPlatform 1
Rule_75	?a chosen_Answer_Code ?d ?d type User => ?a ResponseOnPlatform 1	420_UM22 chosen_Answer_Code 4 | 4 type User => 420_UM22 ResponseOnPlatform 1
Rule_75	?a chosen_Answer_Code ?d ?d type User => ?a ResponseOnPlatform 1	222_M002_01 chosen_Answer_Code 9 | 9 type User => 222_M002_01 ResponseOnPlatform 1
Rule_75	?a chosen_Answer_Code ?d ?d type User => ?a ResponseOnPlatform 1	327_SU01_09 chosen_Answer_Code 5 | 5 type User => 327_SU01_09 ResponseOnPlatform 1
Rule_75	?a chosen_Answer_Code ?d ?d type User => ?a ResponseOnPlatform 1	419_UM23 chosen_Answer_Code 3 | 3 type User => 419_UM23 ResponseOnPlatform 1
Rule_75	?a chosen_Answer_Code ?d ?d type User => ?a ResponseOnPlatform 1	460_UM04 chosen_Answer_Code 4 | 4 type User => 460_UM04 ResponseOnPlatform 1
Rule_75	?a chosen_Answer_Code ?d ?d type User => ?a ResponseOnPlatform 1	164_M004_01 chosen_Answer_Code 9 | 9 type User => 164_M004_01 ResponseOnPlatform 1
Rule_75	?a chosen_Answer_Code ?d ?d type User => ?a ResponseOnPlatform 1	15_M010_01 chosen_Answer_Code 9 | 9 type User => 15_M010_01 ResponseOnPlatform 1
Rule_75	?a chosen_Answer_Code ?d ?d type User => ?a ResponseOnPlatform 1	333_SU01_03 chosen_Answer_Code 4 | 4 type User => 333_SU01_03 ResponseOnPlatform 1
Rule_75	?a chosen_Answer_Code ?d ?d type User => ?a ResponseOnPlatform 1	424_UM08 chosen_Answer_Code 4 | 4 type User => 424_UM08 ResponseOnPlatform 1
Rule_75	?a chosen_Answer_Code ?d ?d type User => ?a ResponseOnPlatform 1	180_M005 chosen_Answer_Code 2 | 2 type User => 180_M005 ResponseOnPlatform 1
Rule_75	?a chosen_Answer_Code ?d ?d type User => ?a ResponseOnPlatform 1	297_M003_01 chosen_Answer_Code 10 | 10 type User => 297_M003_01 ResponseOnPlatform 1
Rule_75	?a chosen_Answer_Code ?d ?d type User => ?a ResponseOnPlatform 1	363_SU01_10 chosen_Answer_Code 4 | 4 type User => 363_SU01_10 ResponseOnPlatform 1
Rule_75	?a chosen_Answer_Code ?d ?d type User => ?a ResponseOnPlatform 1	384_SU01_01 chosen_Answer_Code 4 | 4 type User => 384_SU01_01 ResponseOnPlatform 1
Rule_75	?a chosen_Answer_Code ?d ?d type User => ?a ResponseOnPlatform 1	366_SU01_05 chosen_Answer_Code 3 | 3 type User => 366_SU01_05 ResponseOnPlatform 1
Rule_75	?a chosen_Answer_Code ?d ?d type User => ?a ResponseOnPlatform 1	458_UM10 chosen_Answer_Code 5 | 5 type User => 458_UM10 ResponseOnPlatform 1
Rule_75	?a chosen_Answer_Code ?d ?d type User => ?a ResponseOnPlatform 1	327_SU01_03 chosen_Answer_Code 5 | 5 type User => 327_SU01_03 ResponseOnPlatform 1
Rule_75	?a chosen_Answer_Code ?d ?d type User => ?a ResponseOnPlatform 1	474_UM04 chosen_Answer_Code 5 | 5 type User => 474_UM04 ResponseOnPlatform 1
Rule_75	?a chosen_Answer_Code ?d ?d type User => ?a ResponseOnPlatform 1	418_UM16 chosen_Answer_Code 5 | 5 type User => 418_UM16 ResponseOnPlatform 1
Rule_75	?a chosen_Answer_Code ?d ?d type User => ?a ResponseOnPlatform 1	409_UM24 chosen_Answer_Code 5 | 5 type User => 409_UM24 ResponseOnPlatform 1
Rule_75	?a chosen_Answer_Code ?d ?d type User => ?a ResponseOnPlatform 1	227_M004_01 chosen_Answer_Code 10 | 10 type User => 227_M004_01 ResponseOnPlatform 1
Rule_75	?a chosen_Answer_Code ?d ?d type User => ?a ResponseOnPlatform 1	422_UM18 chosen_Answer_Code 3 | 3 type User => 422_UM18 ResponseOnPlatform 1
Rule_75	?a chosen_Answer_Code ?d ?d type User => ?a ResponseOnPlatform 1	450_UM24 chosen_Answer_Code 2 | 2 type User => 450_UM24 ResponseOnPlatform 1
Rule_75	?a chosen_Answer_Code ?d ?d type User => ?a ResponseOnPlatform 1	270_M003_01 chosen_Answer_Code 10 | 10 type User => 270_M003_01 ResponseOnPlatform 1
Rule_75	?a chosen_Answer_Code ?d ?d type User => ?a ResponseOnPlatform 1	329_SU01_04 chosen_Answer_Code 5 | 5 type User => 329_SU01_04 ResponseOnPlatform 1
Rule_75	?a chosen_Answer_Code ?d ?d type User => ?a ResponseOnPlatform 1	467_UM13 chosen_Answer_Code 4 | 4 type User => 467_UM13 ResponseOnPlatform 1
Rule_75	?a chosen_Answer_Code ?d ?d type User => ?a ResponseOnPlatform 1	390_SU01_08 chosen_Answer_Code 3 | 3 type User => 390_SU01_08 ResponseOnPlatform 1
Rule_75	?a chosen_Answer_Code ?d ?d type User => ?a ResponseOnPlatform 1	270_M002_01 chosen_Answer_Code 10 | 10 type User => 270_M002_01 ResponseOnPlatform 1
Rule_75	?a chosen_Answer_Code ?d ?d type User => ?a ResponseOnPlatform 1	380_SU01_07 chosen_Answer_Code 3 | 3 type User => 380_SU01_07 ResponseOnPlatform 1
Rule_75	?a chosen_Answer_Code ?d ?d type User => ?a ResponseOnPlatform 1	146_M005 chosen_Answer_Code 1 | 1 type User => 146_M005 ResponseOnPlatform 1
Rule_75	?a chosen_Answer_Code ?d ?d type User => ?a ResponseOnPlatform 1	7_M003_01 chosen_Answer_Code 10 | 10 type User => 7_M003_01 ResponseOnPlatform 1
Rule_75	?a chosen_Answer_Code ?d ?d type User => ?a ResponseOnPlatform 1	379_SU01_10 chosen_Answer_Code 5 | 5 type User => 379_SU01_10 ResponseOnPlatform 1
Rule_75	?a chosen_Answer_Code ?d ?d type User => ?a ResponseOnPlatform 1	147_M003_01 chosen_Answer_Code 7 | 7 type User => 147_M003_01 ResponseOnPlatform 1
Rule_75	?a chosen_Answer_Code ?d ?d type User => ?a ResponseOnPlatform 1	1_M002_01 chosen_Answer_Code 9 | 9 type User => 1_M002_01 ResponseOnPlatform 1
Rule_75	?a chosen_Answer_Code ?d ?d type User => ?a ResponseOnPlatform 1	484_UM25 chosen_Answer_Code 4 | 4 type User => 484_UM25 ResponseOnPlatform 1
Rule_75	?a chosen_Answer_Code ?d ?d type User => ?a ResponseOnPlatform 1	234_M010_01 chosen_Answer_Code 6 | 6 type User => 234_M010_01 ResponseOnPlatform 1
Rule_75	?a chosen_Answer_Code ?d ?d type User => ?a ResponseOnPlatform 1	423_UM07 chosen_Answer_Code 4 | 4 type User => 423_UM07 ResponseOnPlatform 1
Rule_75	?a chosen_Answer_Code ?d ?d type User => ?a ResponseOnPlatform 1	316_SU01_09 chosen_Answer_Code 5 | 5 type User => 316_SU01_09 ResponseOnPlatform 1
Rule_75	?a chosen_Answer_Code ?d ?d type User => ?a ResponseOnPlatform 1	422_UM04 chosen_Answer_Code 3 | 3 type User => 422_UM04 ResponseOnPlatform 1
Rule_75	?a chosen_Answer_Code ?d ?d type User => ?a ResponseOnPlatform 1	345_SU01_06 chosen_Answer_Code 5 | 5 type User => 345_SU01_06 ResponseOnPlatform 1
Rule_75	?a chosen_Answer_Code ?d ?d type User => ?a ResponseOnPlatform 1	144_M006_01 chosen_Answer_Code 10 | 10 type User => 144_M006_01 ResponseOnPlatform 1
Rule_75	?a chosen_Answer_Code ?d ?d type User => ?a ResponseOnPlatform 1	353_SU01_10 chosen_Answer_Code 2 | 2 type User => 353_SU01_10 ResponseOnPlatform 1
Rule_75	?a chosen_Answer_Code ?d ?d type User => ?a ResponseOnPlatform 1	313_SU01_03 chosen_Answer_Code 5 | 5 type User => 313_SU01_03 ResponseOnPlatform 1
Rule_75	?a chosen_Answer_Code ?d ?d type User => ?a ResponseOnPlatform 1	400_SU01_02 chosen_Answer_Code 2 | 2 type User => 400_SU01_02 ResponseOnPlatform 1
Rule_75	?a chosen_Answer_Code ?d ?d type User => ?a ResponseOnPlatform 1	400_SU01_03 chosen_Answer_Code 3 | 3 type User => 400_SU01_03 ResponseOnPlatform 1
Rule_75	?a chosen_Answer_Code ?d ?d type User => ?a ResponseOnPlatform 1	190_M010_01 chosen_Answer_Code 6 | 6 type User => 190_M010_01 ResponseOnPlatform 1
Rule_75	?a chosen_Answer_Code ?d ?d type User => ?a ResponseOnPlatform 1	366_SU01_09 chosen_Answer_Code 3 | 3 type User => 366_SU01_09 ResponseOnPlatform 1
Rule_75	?a chosen_Answer_Code ?d ?d type User => ?a ResponseOnPlatform 1	234_M004_01 chosen_Answer_Code 10 | 10 type User => 234_M004_01 ResponseOnPlatform 1
Rule_75	?a chosen_Answer_Code ?d ?d type User => ?a ResponseOnPlatform 1	289_M002_01 chosen_Answer_Code 10 | 10 type User => 289_M002_01 ResponseOnPlatform 1
Rule_75	?a chosen_Answer_Code ?d ?d type User => ?a ResponseOnPlatform 1	419_UM20 chosen_Answer_Code 3 | 3 type User => 419_UM20 ResponseOnPlatform 1
Rule_75	?a chosen_Answer_Code ?d ?d type User => ?a ResponseOnPlatform 1	38_M010_01 chosen_Answer_Code 9 | 9 type User => 38_M010_01 ResponseOnPlatform 1
Rule_75	?a chosen_Answer_Code ?d ?d type User => ?a ResponseOnPlatform 1	92_M002_01 chosen_Answer_Code 6 | 6 type User => 92_M002_01 ResponseOnPlatform 1
Rule_75	?a chosen_Answer_Code ?d ?d type User => ?a ResponseOnPlatform 1	277_M004_01 chosen_Answer_Code 9 | 9 type User => 277_M004_01 ResponseOnPlatform 1
Rule_75	?a chosen_Answer_Code ?d ?d type User => ?a ResponseOnPlatform 1	452_UM14 chosen_Answer_Code 4 | 4 type User => 452_UM14 ResponseOnPlatform 1
Rule_75	?a chosen_Answer_Code ?d ?d type User => ?a ResponseOnPlatform 1	447_UM20 chosen_Answer_Code 4 | 4 type User => 447_UM20 ResponseOnPlatform 1
Rule_75	?a chosen_Answer_Code ?d ?d type User => ?a ResponseOnPlatform 1	435_UM10 chosen_Answer_Code 4 | 4 type User => 435_UM10 ResponseOnPlatform 1
Rule_75	?a chosen_Answer_Code ?d ?d type User => ?a ResponseOnPlatform 1	51_M010_01 chosen_Answer_Code 8 | 8 type User => 51_M010_01 ResponseOnPlatform 1
Rule_75	?a chosen_Answer_Code ?d ?d type User => ?a ResponseOnPlatform 1	158_M003_01 chosen_Answer_Code 9 | 9 type User => 158_M003_01 ResponseOnPlatform 1
Rule_75	?a chosen_Answer_Code ?d ?d type User => ?a ResponseOnPlatform 1	324_SU01_03 chosen_Answer_Code 5 | 5 type User => 324_SU01_03 ResponseOnPlatform 1
Rule_75	?a chosen_Answer_Code ?d ?d type User => ?a ResponseOnPlatform 1	338_SU01_01 chosen_Answer_Code 1 | 1 type User => 338_SU01_01 ResponseOnPlatform 1
Rule_75	?a chosen_Answer_Code ?d ?d type User => ?a ResponseOnPlatform 1	104_M010_01 chosen_Answer_Code 3 | 3 type User => 104_M010_01 ResponseOnPlatform 1
Rule_75	?a chosen_Answer_Code ?d ?d type User => ?a ResponseOnPlatform 1	402_SU01_09 chosen_Answer_Code 4 | 4 type User => 402_SU01_09 ResponseOnPlatform 1
Rule_75	?a chosen_Answer_Code ?d ?d type User => ?a ResponseOnPlatform 1	113_M003_01 chosen_Answer_Code 10 | 10 type User => 113_M003_01 ResponseOnPlatform 1
Rule_75	?a chosen_Answer_Code ?d ?d type User => ?a ResponseOnPlatform 1	311_SU01_02 chosen_Answer_Code 5 | 5 type User => 311_SU01_02 ResponseOnPlatform 1
Rule_75	?a chosen_Answer_Code ?d ?d type User => ?a ResponseOnPlatform 1	385_SU01_10 chosen_Answer_Code 4 | 4 type User => 385_SU01_10 ResponseOnPlatform 1
Rule_75	?a chosen_Answer_Code ?d ?d type User => ?a ResponseOnPlatform 1	56_M004_01 chosen_Answer_Code 7 | 7 type User => 56_M004_01 ResponseOnPlatform 1
Rule_75	?a chosen_Answer_Code ?d ?d type User => ?a ResponseOnPlatform 1	488_UM19 chosen_Answer_Code 4 | 4 type User => 488_UM19 ResponseOnPlatform 1
Rule_75	?a chosen_Answer_Code ?d ?d type User => ?a ResponseOnPlatform 1	430_UM24 chosen_Answer_Code 4 | 4 type User => 430_UM24 ResponseOnPlatform 1
Rule_75	?a chosen_Answer_Code ?d ?d type User => ?a ResponseOnPlatform 1	423_UM03 chosen_Answer_Code 3 | 3 type User => 423_UM03 ResponseOnPlatform 1
Rule_75	?a chosen_Answer_Code ?d ?d type User => ?a ResponseOnPlatform 1	467_UM25 chosen_Answer_Code 4 | 4 type User => 467_UM25 ResponseOnPlatform 1
Rule_75	?a chosen_Answer_Code ?d ?d type User => ?a ResponseOnPlatform 1	210_M003_01 chosen_Answer_Code 10 | 10 type User => 210_M003_01 ResponseOnPlatform 1
Rule_75	?a chosen_Answer_Code ?d ?d type User => ?a ResponseOnPlatform 1	410_UM11 chosen_Answer_Code 3 | 3 type User => 410_UM11 ResponseOnPlatform 1
Rule_75	?a chosen_Answer_Code ?d ?d type User => ?a ResponseOnPlatform 1	39_M004_01 chosen_Answer_Code 10 | 10 type User => 39_M004_01 ResponseOnPlatform 1
Rule_75	?a chosen_Answer_Code ?d ?d type User => ?a ResponseOnPlatform 1	433_UM15 chosen_Answer_Code 4 | 4 type User => 433_UM15 ResponseOnPlatform 1
Rule_75	?a chosen_Answer_Code ?d ?d type User => ?a ResponseOnPlatform 1	307_M004_01 chosen_Answer_Code 10 | 10 type User => 307_M004_01 ResponseOnPlatform 1
Rule_75	?a chosen_Answer_Code ?d ?d type User => ?a ResponseOnPlatform 1	413_UM10 chosen_Answer_Code 4 | 4 type User => 413_UM10 ResponseOnPlatform 1
Rule_75	?a chosen_Answer_Code ?d ?d type User => ?a ResponseOnPlatform 1	375_SU01_07 chosen_Answer_Code 4 | 4 type User => 375_SU01_07 ResponseOnPlatform 1
Rule_75	?a chosen_Answer_Code ?d ?d type User => ?a ResponseOnPlatform 1	428_UM04 chosen_Answer_Code 4 | 4 type User => 428_UM04 ResponseOnPlatform 1
Rule_75	?a chosen_Answer_Code ?d ?d type User => ?a ResponseOnPlatform 1	240_M003_01 chosen_Answer_Code 8 | 8 type User => 240_M003_01 ResponseOnPlatform 1
Rule_75	?a chosen_Answer_Code ?d ?d type User => ?a ResponseOnPlatform 1	342_SU01_05 chosen_Answer_Code 5 | 5 type User => 342_SU01_05 ResponseOnPlatform 1
Rule_75	?a chosen_Answer_Code ?d ?d type User => ?a ResponseOnPlatform 1	382_SU01_03 chosen_Answer_Code 3 | 3 type User => 382_SU01_03 ResponseOnPlatform 1
Rule_75	?a chosen_Answer_Code ?d ?d type User => ?a ResponseOnPlatform 1	484_UM16 chosen_Answer_Code 4 | 4 type User => 484_UM16 ResponseOnPlatform 1
Rule_75	?a chosen_Answer_Code ?d ?d type User => ?a ResponseOnPlatform 1	451_UM01 chosen_Answer_Code 3 | 3 type User => 451_UM01 ResponseOnPlatform 1
Rule_75	?a chosen_Answer_Code ?d ?d type User => ?a ResponseOnPlatform 1	226_M002_01 chosen_Answer_Code 9 | 9 type User => 226_M002_01 ResponseOnPlatform 1
Rule_75	?a chosen_Answer_Code ?d ?d type User => ?a ResponseOnPlatform 1	197_M003_01 chosen_Answer_Code 5 | 5 type User => 197_M003_01 ResponseOnPlatform 1
Rule_75	?a chosen_Answer_Code ?d ?d type User => ?a ResponseOnPlatform 1	471_UM22 chosen_Answer_Code 3 | 3 type User => 471_UM22 ResponseOnPlatform 1
Rule_75	?a chosen_Answer_Code ?d ?d type User => ?a ResponseOnPlatform 1	295_M004_01 chosen_Answer_Code 10 | 10 type User => 295_M004_01 ResponseOnPlatform 1
Rule_75	?a chosen_Answer_Code ?d ?d type User => ?a ResponseOnPlatform 1	325_SU01_08 chosen_Answer_Code 4 | 4 type User => 325_SU01_08 ResponseOnPlatform 1
Rule_75	?a chosen_Answer_Code ?d ?d type User => ?a ResponseOnPlatform 1	432_UM02 chosen_Answer_Code 4 | 4 type User => 432_UM02 ResponseOnPlatform 1
Rule_75	?a chosen_Answer_Code ?d ?d type User => ?a ResponseOnPlatform 1	336_SU01_06 chosen_Answer_Code 3 | 3 type User => 336_SU01_06 ResponseOnPlatform 1
Rule_75	?a chosen_Answer_Code ?d ?d type User => ?a ResponseOnPlatform 1	489_UM13 chosen_Answer_Code 4 | 4 type User => 489_UM13 ResponseOnPlatform 1
Rule_75	?a chosen_Answer_Code ?d ?d type User => ?a ResponseOnPlatform 1	389_SU01_10 chosen_Answer_Code 5 | 5 type User => 389_SU01_10 ResponseOnPlatform 1
Rule_75	?a chosen_Answer_Code ?d ?d type User => ?a ResponseOnPlatform 1	453_UM10 chosen_Answer_Code 4 | 4 type User => 453_UM10 ResponseOnPlatform 1
Rule_75	?a chosen_Answer_Code ?d ?d type User => ?a ResponseOnPlatform 1	74_M002_01 chosen_Answer_Code 9 | 9 type User => 74_M002_01 ResponseOnPlatform 1
Rule_75	?a chosen_Answer_Code ?d ?d type User => ?a ResponseOnPlatform 1	32_M010_01 chosen_Answer_Code 10 | 10 type User => 32_M010_01 ResponseOnPlatform 1
Rule_75	?a chosen_Answer_Code ?d ?d type User => ?a ResponseOnPlatform 1	11_M010_01 chosen_Answer_Code 5 | 5 type User => 11_M010_01 ResponseOnPlatform 1
Rule_75	?a chosen_Answer_Code ?d ?d type User => ?a ResponseOnPlatform 1	422_UM07 chosen_Answer_Code 4 | 4 type User => 422_UM07 ResponseOnPlatform 1
Rule_75	?a chosen_Answer_Code ?d ?d type User => ?a ResponseOnPlatform 1	421_UM22 chosen_Answer_Code 4 | 4 type User => 421_UM22 ResponseOnPlatform 1
Rule_75	?a chosen_Answer_Code ?d ?d type User => ?a ResponseOnPlatform 1	465_UM25 chosen_Answer_Code 4 | 4 type User => 465_UM25 ResponseOnPlatform 1
Rule_75	?a chosen_Answer_Code ?d ?d type User => ?a ResponseOnPlatform 1	440_UM11 chosen_Answer_Code 4 | 4 type User => 440_UM11 ResponseOnPlatform 1
Rule_75	?a chosen_Answer_Code ?d ?d type User => ?a ResponseOnPlatform 1	449_UM01 chosen_Answer_Code 4 | 4 type User => 449_UM01 ResponseOnPlatform 1
Rule_75	?a chosen_Answer_Code ?d ?d type User => ?a ResponseOnPlatform 1	148_M010_01 chosen_Answer_Code 10 | 10 type User => 148_M010_01 ResponseOnPlatform 1
Rule_75	?a chosen_Answer_Code ?d ?d type User => ?a ResponseOnPlatform 1	248_M004_01 chosen_Answer_Code 5 | 5 type User => 248_M004_01 ResponseOnPlatform 1
Rule_75	?a chosen_Answer_Code ?d ?d type User => ?a ResponseOnPlatform 1	26_M005 chosen_Answer_Code 1 | 1 type User => 26_M005 ResponseOnPlatform 1
Rule_75	?a chosen_Answer_Code ?d ?d type User => ?a ResponseOnPlatform 1	471_UM13 chosen_Answer_Code 3 | 3 type User => 471_UM13 ResponseOnPlatform 1
Rule_75	?a chosen_Answer_Code ?d ?d type User => ?a ResponseOnPlatform 1	52_M004_01 chosen_Answer_Code 7 | 7 type User => 52_M004_01 ResponseOnPlatform 1
Rule_75	?a chosen_Answer_Code ?d ?d type User => ?a ResponseOnPlatform 1	135_M004_01 chosen_Answer_Code 10 | 10 type User => 135_M004_01 ResponseOnPlatform 1
Rule_75	?a chosen_Answer_Code ?d ?d type User => ?a ResponseOnPlatform 1	393_SU01_05 chosen_Answer_Code 4 | 4 type User => 393_SU01_05 ResponseOnPlatform 1
Rule_75	?a chosen_Answer_Code ?d ?d type User => ?a ResponseOnPlatform 1	446_UM04 chosen_Answer_Code 3 | 3 type User => 446_UM04 ResponseOnPlatform 1
Rule_75	?a chosen_Answer_Code ?d ?d type User => ?a ResponseOnPlatform 1	69_M003_01 chosen_Answer_Code 10 | 10 type User => 69_M003_01 ResponseOnPlatform 1
Rule_75	?a chosen_Answer_Code ?d ?d type User => ?a ResponseOnPlatform 1	491_UM13 chosen_Answer_Code 4 | 4 type User => 491_UM13 ResponseOnPlatform 1
Rule_75	?a chosen_Answer_Code ?d ?d type User => ?a ResponseOnPlatform 1	483_UM04 chosen_Answer_Code 5 | 5 type User => 483_UM04 ResponseOnPlatform 1
Rule_75	?a chosen_Answer_Code ?d ?d type User => ?a ResponseOnPlatform 1	463_UM12 chosen_Answer_Code 5 | 5 type User => 463_UM12 ResponseOnPlatform 1
Rule_75	?a chosen_Answer_Code ?d ?d type User => ?a ResponseOnPlatform 1	19_M003_01 chosen_Answer_Code 10 | 10 type User => 19_M003_01 ResponseOnPlatform 1
Rule_75	?a chosen_Answer_Code ?d ?d type User => ?a ResponseOnPlatform 1	484_UM14 chosen_Answer_Code 4 | 4 type User => 484_UM14 ResponseOnPlatform 1
Rule_75	?a chosen_Answer_Code ?d ?d type User => ?a ResponseOnPlatform 1	472_UM14 chosen_Answer_Code 5 | 5 type User => 472_UM14 ResponseOnPlatform 1
Rule_75	?a chosen_Answer_Code ?d ?d type User => ?a ResponseOnPlatform 1	4_M006_01 chosen_Answer_Code 9 | 9 type User => 4_M006_01 ResponseOnPlatform 1
Rule_75	?a chosen_Answer_Code ?d ?d type User => ?a ResponseOnPlatform 1	486_UM01 chosen_Answer_Code 4 | 4 type User => 486_UM01 ResponseOnPlatform 1
Rule_75	?a chosen_Answer_Code ?d ?d type User => ?a ResponseOnPlatform 1	127_M010_01 chosen_Answer_Code 9 | 9 type User => 127_M010_01 ResponseOnPlatform 1
Rule_75	?a chosen_Answer_Code ?d ?d type User => ?a ResponseOnPlatform 1	123_M006_01 chosen_Answer_Code 10 | 10 type User => 123_M006_01 ResponseOnPlatform 1
Rule_75	?a chosen_Answer_Code ?d ?d type User => ?a ResponseOnPlatform 1	296_M003_01 chosen_Answer_Code 8 | 8 type User => 296_M003_01 ResponseOnPlatform 1
Rule_75	?a chosen_Answer_Code ?d ?d type User => ?a ResponseOnPlatform 1	302_M010_01 chosen_Answer_Code 10 | 10 type User => 302_M010_01 ResponseOnPlatform 1
Rule_75	?a chosen_Answer_Code ?d ?d type User => ?a ResponseOnPlatform 1	463_UM22 chosen_Answer_Code 5 | 5 type User => 463_UM22 ResponseOnPlatform 1
Rule_75	?a chosen_Answer_Code ?d ?d type User => ?a ResponseOnPlatform 1	364_SU01_02 chosen_Answer_Code 4 | 4 type User => 364_SU01_02 ResponseOnPlatform 1
Rule_75	?a chosen_Answer_Code ?d ?d type User => ?a ResponseOnPlatform 1	422_UM13 chosen_Answer_Code 4 | 4 type User => 422_UM13 ResponseOnPlatform 1
Rule_75	?a chosen_Answer_Code ?d ?d type User => ?a ResponseOnPlatform 1	318_SU01_09 chosen_Answer_Code 4 | 4 type User => 318_SU01_09 ResponseOnPlatform 1
Rule_75	?a chosen_Answer_Code ?d ?d type User => ?a ResponseOnPlatform 1	444_UM03 chosen_Answer_Code 4 | 4 type User => 444_UM03 ResponseOnPlatform 1
Rule_75	?a chosen_Answer_Code ?d ?d type User => ?a ResponseOnPlatform 1	384_SU01_05 chosen_Answer_Code 3 | 3 type User => 384_SU01_05 ResponseOnPlatform 1
Rule_75	?a chosen_Answer_Code ?d ?d type User => ?a ResponseOnPlatform 1	396_SU01_10 chosen_Answer_Code 4 | 4 type User => 396_SU01_10 ResponseOnPlatform 1
Rule_75	?a chosen_Answer_Code ?d ?d type User => ?a ResponseOnPlatform 1	379_SU01_01 chosen_Answer_Code 3 | 3 type User => 379_SU01_01 ResponseOnPlatform 1
Rule_75	?a chosen_Answer_Code ?d ?d type User => ?a ResponseOnPlatform 1	418_UM20 chosen_Answer_Code 5 | 5 type User => 418_UM20 ResponseOnPlatform 1
Rule_75	?a chosen_Answer_Code ?d ?d type User => ?a ResponseOnPlatform 1	71_M005 chosen_Answer_Code 1 | 1 type User => 71_M005 ResponseOnPlatform 1
Rule_75	?a chosen_Answer_Code ?d ?d type User => ?a ResponseOnPlatform 1	491_UM20 chosen_Answer_Code 4 | 4 type User => 491_UM20 ResponseOnPlatform 1
Rule_75	?a chosen_Answer_Code ?d ?d type User => ?a ResponseOnPlatform 1	443_UM24 chosen_Answer_Code 5 | 5 type User => 443_UM24 ResponseOnPlatform 1
Rule_75	?a chosen_Answer_Code ?d ?d type User => ?a ResponseOnPlatform 1	398_SU01_09 chosen_Answer_Code 5 | 5 type User => 398_SU01_09 ResponseOnPlatform 1
Rule_75	?a chosen_Answer_Code ?d ?d type User => ?a ResponseOnPlatform 1	40_M006_01 chosen_Answer_Code 8 | 8 type User => 40_M006_01 ResponseOnPlatform 1
Rule_75	?a chosen_Answer_Code ?d ?d type User => ?a ResponseOnPlatform 1	450_UM20 chosen_Answer_Code 4 | 4 type User => 450_UM20 ResponseOnPlatform 1
Rule_75	?a chosen_Answer_Code ?d ?d type User => ?a ResponseOnPlatform 1	482_UM09 chosen_Answer_Code 5 | 5 type User => 482_UM09 ResponseOnPlatform 1
Rule_75	?a chosen_Answer_Code ?d ?d type User => ?a ResponseOnPlatform 1	474_UM03 chosen_Answer_Code 4 | 4 type User => 474_UM03 ResponseOnPlatform 1
Rule_75	?a chosen_Answer_Code ?d ?d type User => ?a ResponseOnPlatform 1	294_M006_01 chosen_Answer_Code 10 | 10 type User => 294_M006_01 ResponseOnPlatform 1
Rule_75	?a chosen_Answer_Code ?d ?d type User => ?a ResponseOnPlatform 1	455_UM09 chosen_Answer_Code 5 | 5 type User => 455_UM09 ResponseOnPlatform 1
Rule_75	?a chosen_Answer_Code ?d ?d type User => ?a ResponseOnPlatform 1	474_UM24 chosen_Answer_Code 4 | 4 type User => 474_UM24 ResponseOnPlatform 1
Rule_75	?a chosen_Answer_Code ?d ?d type User => ?a ResponseOnPlatform 1	6_M010_01 chosen_Answer_Code 8 | 8 type User => 6_M010_01 ResponseOnPlatform 1
Rule_75	?a chosen_Answer_Code ?d ?d type User => ?a ResponseOnPlatform 1	8_M004_01 chosen_Answer_Code 2 | 2 type User => 8_M004_01 ResponseOnPlatform 1
Rule_75	?a chosen_Answer_Code ?d ?d type User => ?a ResponseOnPlatform 1	124_M004_01 chosen_Answer_Code 5 | 5 type User => 124_M004_01 ResponseOnPlatform 1
Rule_75	?a chosen_Answer_Code ?d ?d type User => ?a ResponseOnPlatform 1	391_SU01_10 chosen_Answer_Code 5 | 5 type User => 391_SU01_10 ResponseOnPlatform 1
Rule_75	?a chosen_Answer_Code ?d ?d type User => ?a ResponseOnPlatform 1	116_M003_01 chosen_Answer_Code 8 | 8 type User => 116_M003_01 ResponseOnPlatform 1
Rule_75	?a chosen_Answer_Code ?d ?d type User => ?a ResponseOnPlatform 1	423_UM20 chosen_Answer_Code 3 | 3 type User => 423_UM20 ResponseOnPlatform 1
Rule_75	?a chosen_Answer_Code ?d ?d type User => ?a ResponseOnPlatform 1	429_UM08 chosen_Answer_Code 4 | 4 type User => 429_UM08 ResponseOnPlatform 1
Rule_75	?a chosen_Answer_Code ?d ?d type User => ?a ResponseOnPlatform 1	474_UM01 chosen_Answer_Code 3 | 3 type User => 474_UM01 ResponseOnPlatform 1
Rule_75	?a chosen_Answer_Code ?d ?d type User => ?a ResponseOnPlatform 1	332_SU01_01 chosen_Answer_Code 5 | 5 type User => 332_SU01_01 ResponseOnPlatform 1
Rule_75	?a chosen_Answer_Code ?d ?d type User => ?a ResponseOnPlatform 1	439_UM12 chosen_Answer_Code 4 | 4 type User => 439_UM12 ResponseOnPlatform 1
Rule_75	?a chosen_Answer_Code ?d ?d type User => ?a ResponseOnPlatform 1	466_UM04 chosen_Answer_Code 4 | 4 type User => 466_UM04 ResponseOnPlatform 1
Rule_75	?a chosen_Answer_Code ?d ?d type User => ?a ResponseOnPlatform 1	393_SU01_09 chosen_Answer_Code 5 | 5 type User => 393_SU01_09 ResponseOnPlatform 1
Rule_75	?a chosen_Answer_Code ?d ?d type User => ?a ResponseOnPlatform 1	438_UM01 chosen_Answer_Code 5 | 5 type User => 438_UM01 ResponseOnPlatform 1
Rule_75	?a chosen_Answer_Code ?d ?d type User => ?a ResponseOnPlatform 1	137_M006_01 chosen_Answer_Code 10 | 10 type User => 137_M006_01 ResponseOnPlatform 1
Rule_75	?a chosen_Answer_Code ?d ?d type User => ?a ResponseOnPlatform 1	390_SU01_04 chosen_Answer_Code 3 | 3 type User => 390_SU01_04 ResponseOnPlatform 1
Rule_75	?a chosen_Answer_Code ?d ?d type User => ?a ResponseOnPlatform 1	336_SU01_07 chosen_Answer_Code 3 | 3 type User => 336_SU01_07 ResponseOnPlatform 1
Rule_75	?a chosen_Answer_Code ?d ?d type User => ?a ResponseOnPlatform 1	389_SU01_09 chosen_Answer_Code 1 | 1 type User => 389_SU01_09 ResponseOnPlatform 1
Rule_75	?a chosen_Answer_Code ?d ?d type User => ?a ResponseOnPlatform 1	113_M006_01 chosen_Answer_Code 10 | 10 type User => 113_M006_01 ResponseOnPlatform 1
Rule_75	?a chosen_Answer_Code ?d ?d type User => ?a ResponseOnPlatform 1	226_M010_01 chosen_Answer_Code 10 | 10 type User => 226_M010_01 ResponseOnPlatform 1
Rule_75	?a chosen_Answer_Code ?d ?d type User => ?a ResponseOnPlatform 1	471_UM10 chosen_Answer_Code 4 | 4 type User => 471_UM10 ResponseOnPlatform 1
Rule_75	?a chosen_Answer_Code ?d ?d type User => ?a ResponseOnPlatform 1	473_UM11 chosen_Answer_Code 3 | 3 type User => 473_UM11 ResponseOnPlatform 1
Rule_75	?a chosen_Answer_Code ?d ?d type User => ?a ResponseOnPlatform 1	218_M005 chosen_Answer_Code 2 | 2 type User => 218_M005 ResponseOnPlatform 1
Rule_75	?a chosen_Answer_Code ?d ?d type User => ?a ResponseOnPlatform 1	313_SU01_08 chosen_Answer_Code 5 | 5 type User => 313_SU01_08 ResponseOnPlatform 1
Rule_75	?a chosen_Answer_Code ?d ?d type User => ?a ResponseOnPlatform 1	464_UM03 chosen_Answer_Code 5 | 5 type User => 464_UM03 ResponseOnPlatform 1
Rule_75	?a chosen_Answer_Code ?d ?d type User => ?a ResponseOnPlatform 1	464_UM18 chosen_Answer_Code 3 | 3 type User => 464_UM18 ResponseOnPlatform 1
Rule_75	?a chosen_Answer_Code ?d ?d type User => ?a ResponseOnPlatform 1	439_UM10 chosen_Answer_Code 4 | 4 type User => 439_UM10 ResponseOnPlatform 1
Rule_75	?a chosen_Answer_Code ?d ?d type User => ?a ResponseOnPlatform 1	19_M005 chosen_Answer_Code 1 | 1 type User => 19_M005 ResponseOnPlatform 1
Rule_75	?a chosen_Answer_Code ?d ?d type User => ?a ResponseOnPlatform 1	76_M005 chosen_Answer_Code 2 | 2 type User => 76_M005 ResponseOnPlatform 1
Rule_75	?a chosen_Answer_Code ?d ?d type User => ?a ResponseOnPlatform 1	422_UM10 chosen_Answer_Code 4 | 4 type User => 422_UM10 ResponseOnPlatform 1
Rule_75	?a chosen_Answer_Code ?d ?d type User => ?a ResponseOnPlatform 1	344_SU01_01 chosen_Answer_Code 4 | 4 type User => 344_SU01_01 ResponseOnPlatform 1
Rule_75	?a chosen_Answer_Code ?d ?d type User => ?a ResponseOnPlatform 1	463_UM15 chosen_Answer_Code 5 | 5 type User => 463_UM15 ResponseOnPlatform 1
Rule_75	?a chosen_Answer_Code ?d ?d type User => ?a ResponseOnPlatform 1	40_M005 chosen_Answer_Code 1 | 1 type User => 40_M005 ResponseOnPlatform 1
Rule_75	?a chosen_Answer_Code ?d ?d type User => ?a ResponseOnPlatform 1	447_UM02 chosen_Answer_Code 4 | 4 type User => 447_UM02 ResponseOnPlatform 1
Rule_75	?a chosen_Answer_Code ?d ?d type User => ?a ResponseOnPlatform 1	452_UM01 chosen_Answer_Code 3 | 3 type User => 452_UM01 ResponseOnPlatform 1
Rule_75	?a chosen_Answer_Code ?d ?d type User => ?a ResponseOnPlatform 1	363_SU01_09 chosen_Answer_Code 3 | 3 type User => 363_SU01_09 ResponseOnPlatform 1
Rule_75	?a chosen_Answer_Code ?d ?d type User => ?a ResponseOnPlatform 1	463_UM24 chosen_Answer_Code 5 | 5 type User => 463_UM24 ResponseOnPlatform 1
Rule_75	?a chosen_Answer_Code ?d ?d type User => ?a ResponseOnPlatform 1	364_SU01_09 chosen_Answer_Code 2 | 2 type User => 364_SU01_09 ResponseOnPlatform 1
Rule_75	?a chosen_Answer_Code ?d ?d type User => ?a ResponseOnPlatform 1	453_UM06 chosen_Answer_Code 4 | 4 type User => 453_UM06 ResponseOnPlatform 1
Rule_75	?a chosen_Answer_Code ?d ?d type User => ?a ResponseOnPlatform 1	423_UM06 chosen_Answer_Code 4 | 4 type User => 423_UM06 ResponseOnPlatform 1
Rule_75	?a chosen_Answer_Code ?d ?d type User => ?a ResponseOnPlatform 1	370_SU01_09 chosen_Answer_Code 5 | 5 type User => 370_SU01_09 ResponseOnPlatform 1
Rule_75	?a chosen_Answer_Code ?d ?d type User => ?a ResponseOnPlatform 1	460_UM03 chosen_Answer_Code 3 | 3 type User => 460_UM03 ResponseOnPlatform 1
Rule_75	?a chosen_Answer_Code ?d ?d type User => ?a ResponseOnPlatform 1	157_M010_01 chosen_Answer_Code 10 | 10 type User => 157_M010_01 ResponseOnPlatform 1
Rule_75	?a chosen_Answer_Code ?d ?d type User => ?a ResponseOnPlatform 1	151_M010_01 chosen_Answer_Code 9 | 9 type User => 151_M010_01 ResponseOnPlatform 1
Rule_75	?a chosen_Answer_Code ?d ?d type User => ?a ResponseOnPlatform 1	429_UM06 chosen_Answer_Code 4 | 4 type User => 429_UM06 ResponseOnPlatform 1
Rule_75	?a chosen_Answer_Code ?d ?d type User => ?a ResponseOnPlatform 1	447_UM13 chosen_Answer_Code 4 | 4 type User => 447_UM13 ResponseOnPlatform 1
Rule_75	?a chosen_Answer_Code ?d ?d type User => ?a ResponseOnPlatform 1	488_UM20 chosen_Answer_Code 5 | 5 type User => 488_UM20 ResponseOnPlatform 1
Rule_75	?a chosen_Answer_Code ?d ?d type User => ?a ResponseOnPlatform 1	484_UM24 chosen_Answer_Code 4 | 4 type User => 484_UM24 ResponseOnPlatform 1
Rule_75	?a chosen_Answer_Code ?d ?d type User => ?a ResponseOnPlatform 1	164_M006_01 chosen_Answer_Code 9 | 9 type User => 164_M006_01 ResponseOnPlatform 1
Rule_75	?a chosen_Answer_Code ?d ?d type User => ?a ResponseOnPlatform 1	375_SU01_04 chosen_Answer_Code 5 | 5 type User => 375_SU01_04 ResponseOnPlatform 1
Rule_75	?a chosen_Answer_Code ?d ?d type User => ?a ResponseOnPlatform 1	430_UM17 chosen_Answer_Code 3 | 3 type User => 430_UM17 ResponseOnPlatform 1
Rule_75	?a chosen_Answer_Code ?d ?d type User => ?a ResponseOnPlatform 1	40_M010_01 chosen_Answer_Code 8 | 8 type User => 40_M010_01 ResponseOnPlatform 1
Rule_75	?a chosen_Answer_Code ?d ?d type User => ?a ResponseOnPlatform 1	187_M003_01 chosen_Answer_Code 10 | 10 type User => 187_M003_01 ResponseOnPlatform 1
Rule_75	?a chosen_Answer_Code ?d ?d type User => ?a ResponseOnPlatform 1	443_UM18 chosen_Answer_Code 1 | 1 type User => 443_UM18 ResponseOnPlatform 1
Rule_75	?a chosen_Answer_Code ?d ?d type User => ?a ResponseOnPlatform 1	347_SU01_03 chosen_Answer_Code 3 | 3 type User => 347_SU01_03 ResponseOnPlatform 1
Rule_75	?a chosen_Answer_Code ?d ?d type User => ?a ResponseOnPlatform 1	365_SU01_05 chosen_Answer_Code 4 | 4 type User => 365_SU01_05 ResponseOnPlatform 1
Rule_75	?a chosen_Answer_Code ?d ?d type User => ?a ResponseOnPlatform 1	445_UM18 chosen_Answer_Code 1 | 1 type User => 445_UM18 ResponseOnPlatform 1
Rule_75	?a chosen_Answer_Code ?d ?d type User => ?a ResponseOnPlatform 1	269_M004_01 chosen_Answer_Code 8 | 8 type User => 269_M004_01 ResponseOnPlatform 1
Rule_75	?a chosen_Answer_Code ?d ?d type User => ?a ResponseOnPlatform 1	24_M006_01 chosen_Answer_Code 8 | 8 type User => 24_M006_01 ResponseOnPlatform 1
Rule_75	?a chosen_Answer_Code ?d ?d type User => ?a ResponseOnPlatform 1	292_M003_01 chosen_Answer_Code 10 | 10 type User => 292_M003_01 ResponseOnPlatform 1
Rule_75	?a chosen_Answer_Code ?d ?d type User => ?a ResponseOnPlatform 1	427_UM06 chosen_Answer_Code 5 | 5 type User => 427_UM06 ResponseOnPlatform 1
Rule_75	?a chosen_Answer_Code ?d ?d type User => ?a ResponseOnPlatform 1	431_UM18 chosen_Answer_Code 1 | 1 type User => 431_UM18 ResponseOnPlatform 1
Rule_75	?a chosen_Answer_Code ?d ?d type User => ?a ResponseOnPlatform 1	429_UM19 chosen_Answer_Code 3 | 3 type User => 429_UM19 ResponseOnPlatform 1
Rule_75	?a chosen_Answer_Code ?d ?d type User => ?a ResponseOnPlatform 1	466_UM02 chosen_Answer_Code 3 | 3 type User => 466_UM02 ResponseOnPlatform 1
Rule_75	?a chosen_Answer_Code ?d ?d type User => ?a ResponseOnPlatform 1	63_M003_01 chosen_Answer_Code 7 | 7 type User => 63_M003_01 ResponseOnPlatform 1
Rule_75	?a chosen_Answer_Code ?d ?d type User => ?a ResponseOnPlatform 1	408_UM24 chosen_Answer_Code 5 | 5 type User => 408_UM24 ResponseOnPlatform 1
Rule_75	?a chosen_Answer_Code ?d ?d type User => ?a ResponseOnPlatform 1	196_M005 chosen_Answer_Code 2 | 2 type User => 196_M005 ResponseOnPlatform 1
Rule_75	?a chosen_Answer_Code ?d ?d type User => ?a ResponseOnPlatform 1	459_UM15 chosen_Answer_Code 4 | 4 type User => 459_UM15 ResponseOnPlatform 1
Rule_75	?a chosen_Answer_Code ?d ?d type User => ?a ResponseOnPlatform 1	420_UM16 chosen_Answer_Code 5 | 5 type User => 420_UM16 ResponseOnPlatform 1
Rule_75	?a chosen_Answer_Code ?d ?d type User => ?a ResponseOnPlatform 1	108_M004_01 chosen_Answer_Code 8 | 8 type User => 108_M004_01 ResponseOnPlatform 1
Rule_75	?a chosen_Answer_Code ?d ?d type User => ?a ResponseOnPlatform 1	72_M003_01 chosen_Answer_Code 7 | 7 type User => 72_M003_01 ResponseOnPlatform 1
Rule_75	?a chosen_Answer_Code ?d ?d type User => ?a ResponseOnPlatform 1	455_UM01 chosen_Answer_Code 4 | 4 type User => 455_UM01 ResponseOnPlatform 1
Rule_75	?a chosen_Answer_Code ?d ?d type User => ?a ResponseOnPlatform 1	299_M002_01 chosen_Answer_Code 10 | 10 type User => 299_M002_01 ResponseOnPlatform 1
Rule_75	?a chosen_Answer_Code ?d ?d type User => ?a ResponseOnPlatform 1	425_UM21 chosen_Answer_Code 5 | 5 type User => 425_UM21 ResponseOnPlatform 1
Rule_75	?a chosen_Answer_Code ?d ?d type User => ?a ResponseOnPlatform 1	296_M004_01 chosen_Answer_Code 8 | 8 type User => 296_M004_01 ResponseOnPlatform 1
Rule_75	?a chosen_Answer_Code ?d ?d type User => ?a ResponseOnPlatform 1	161_M006_01 chosen_Answer_Code 9 | 9 type User => 161_M006_01 ResponseOnPlatform 1
Rule_75	?a chosen_Answer_Code ?d ?d type User => ?a ResponseOnPlatform 1	142_M005 chosen_Answer_Code 2 | 2 type User => 142_M005 ResponseOnPlatform 1
Rule_75	?a chosen_Answer_Code ?d ?d type User => ?a ResponseOnPlatform 1	182_M003_01 chosen_Answer_Code 10 | 10 type User => 182_M003_01 ResponseOnPlatform 1
Rule_75	?a chosen_Answer_Code ?d ?d type User => ?a ResponseOnPlatform 1	18_M006_01 chosen_Answer_Code 7 | 7 type User => 18_M006_01 ResponseOnPlatform 1
Rule_75	?a chosen_Answer_Code ?d ?d type User => ?a ResponseOnPlatform 1	478_UM24 chosen_Answer_Code 3 | 3 type User => 478_UM24 ResponseOnPlatform 1
Rule_75	?a chosen_Answer_Code ?d ?d type User => ?a ResponseOnPlatform 1	141_M006_01 chosen_Answer_Code 9 | 9 type User => 141_M006_01 ResponseOnPlatform 1
Rule_75	?a chosen_Answer_Code ?d ?d type User => ?a ResponseOnPlatform 1	396_SU01_04 chosen_Answer_Code 4 | 4 type User => 396_SU01_04 ResponseOnPlatform 1
Rule_75	?a chosen_Answer_Code ?d ?d type User => ?a ResponseOnPlatform 1	424_UM19 chosen_Answer_Code 4 | 4 type User => 424_UM19 ResponseOnPlatform 1
Rule_75	?a chosen_Answer_Code ?d ?d type User => ?a ResponseOnPlatform 1	413_UM02 chosen_Answer_Code 4 | 4 type User => 413_UM02 ResponseOnPlatform 1
Rule_75	?a chosen_Answer_Code ?d ?d type User => ?a ResponseOnPlatform 1	428_UM24 chosen_Answer_Code 3 | 3 type User => 428_UM24 ResponseOnPlatform 1
Rule_75	?a chosen_Answer_Code ?d ?d type User => ?a ResponseOnPlatform 1	302_M003_01 chosen_Answer_Code 8 | 8 type User => 302_M003_01 ResponseOnPlatform 1
Rule_75	?a chosen_Answer_Code ?d ?d type User => ?a ResponseOnPlatform 1	390_SU01_10 chosen_Answer_Code 3 | 3 type User => 390_SU01_10 ResponseOnPlatform 1
Rule_75	?a chosen_Answer_Code ?d ?d type User => ?a ResponseOnPlatform 1	473_UM14 chosen_Answer_Code 4 | 4 type User => 473_UM14 ResponseOnPlatform 1
Rule_75	?a chosen_Answer_Code ?d ?d type User => ?a ResponseOnPlatform 1	231_M004_01 chosen_Answer_Code 8 | 8 type User => 231_M004_01 ResponseOnPlatform 1
Rule_75	?a chosen_Answer_Code ?d ?d type User => ?a ResponseOnPlatform 1	57_M003_01 chosen_Answer_Code 10 | 10 type User => 57_M003_01 ResponseOnPlatform 1
Rule_75	?a chosen_Answer_Code ?d ?d type User => ?a ResponseOnPlatform 1	69_M004_01 chosen_Answer_Code 8 | 8 type User => 69_M004_01 ResponseOnPlatform 1
Rule_75	?a chosen_Answer_Code ?d ?d type User => ?a ResponseOnPlatform 1	123_M010_01 chosen_Answer_Code 3 | 3 type User => 123_M010_01 ResponseOnPlatform 1
Rule_75	?a chosen_Answer_Code ?d ?d type User => ?a ResponseOnPlatform 1	349_SU01_02 chosen_Answer_Code 4 | 4 type User => 349_SU01_02 ResponseOnPlatform 1
Rule_75	?a chosen_Answer_Code ?d ?d type User => ?a ResponseOnPlatform 1	452_UM22 chosen_Answer_Code 3 | 3 type User => 452_UM22 ResponseOnPlatform 1
Rule_75	?a chosen_Answer_Code ?d ?d type User => ?a ResponseOnPlatform 1	424_UM10 chosen_Answer_Code 4 | 4 type User => 424_UM10 ResponseOnPlatform 1
Rule_75	?a chosen_Answer_Code ?d ?d type User => ?a ResponseOnPlatform 1	455_UM23 chosen_Answer_Code 4 | 4 type User => 455_UM23 ResponseOnPlatform 1
Rule_75	?a chosen_Answer_Code ?d ?d type User => ?a ResponseOnPlatform 1	490_UM12 chosen_Answer_Code 5 | 5 type User => 490_UM12 ResponseOnPlatform 1
Rule_75	?a chosen_Answer_Code ?d ?d type User => ?a ResponseOnPlatform 1	444_UM17 chosen_Answer_Code 5 | 5 type User => 444_UM17 ResponseOnPlatform 1
Rule_75	?a chosen_Answer_Code ?d ?d type User => ?a ResponseOnPlatform 1	393_SU01_06 chosen_Answer_Code 4 | 4 type User => 393_SU01_06 ResponseOnPlatform 1
Rule_75	?a chosen_Answer_Code ?d ?d type User => ?a ResponseOnPlatform 1	339_SU01_07 chosen_Answer_Code 4 | 4 type User => 339_SU01_07 ResponseOnPlatform 1
Rule_75	?a chosen_Answer_Code ?d ?d type User => ?a ResponseOnPlatform 1	445_UM23 chosen_Answer_Code 4 | 4 type User => 445_UM23 ResponseOnPlatform 1
Rule_75	?a chosen_Answer_Code ?d ?d type User => ?a ResponseOnPlatform 1	137_M005 chosen_Answer_Code 1 | 1 type User => 137_M005 ResponseOnPlatform 1
Rule_75	?a chosen_Answer_Code ?d ?d type User => ?a ResponseOnPlatform 1	327_SU01_07 chosen_Answer_Code 5 | 5 type User => 327_SU01_07 ResponseOnPlatform 1
Rule_75	?a chosen_Answer_Code ?d ?d type User => ?a ResponseOnPlatform 1	326_SU01_01 chosen_Answer_Code 5 | 5 type User => 326_SU01_01 ResponseOnPlatform 1
Rule_75	?a chosen_Answer_Code ?d ?d type User => ?a ResponseOnPlatform 1	467_UM15 chosen_Answer_Code 5 | 5 type User => 467_UM15 ResponseOnPlatform 1
Rule_75	?a chosen_Answer_Code ?d ?d type User => ?a ResponseOnPlatform 1	374_SU01_06 chosen_Answer_Code 5 | 5 type User => 374_SU01_06 ResponseOnPlatform 1
Rule_75	?a chosen_Answer_Code ?d ?d type User => ?a ResponseOnPlatform 1	312_SU01_09 chosen_Answer_Code 5 | 5 type User => 312_SU01_09 ResponseOnPlatform 1
Rule_75	?a chosen_Answer_Code ?d ?d type User => ?a ResponseOnPlatform 1	412_UM18 chosen_Answer_Code 3 | 3 type User => 412_UM18 ResponseOnPlatform 1
Rule_75	?a chosen_Answer_Code ?d ?d type User => ?a ResponseOnPlatform 1	410_UM13 chosen_Answer_Code 4 | 4 type User => 410_UM13 ResponseOnPlatform 1
Rule_75	?a chosen_Answer_Code ?d ?d type User => ?a ResponseOnPlatform 1	116_M004_01 chosen_Answer_Code 9 | 9 type User => 116_M004_01 ResponseOnPlatform 1
Rule_75	?a chosen_Answer_Code ?d ?d type User => ?a ResponseOnPlatform 1	435_UM16 chosen_Answer_Code 1 | 1 type User => 435_UM16 ResponseOnPlatform 1
Rule_75	?a chosen_Answer_Code ?d ?d type User => ?a ResponseOnPlatform 1	478_UM18 chosen_Answer_Code 3 | 3 type User => 478_UM18 ResponseOnPlatform 1
Rule_75	?a chosen_Answer_Code ?d ?d type User => ?a ResponseOnPlatform 1	228_M006_01 chosen_Answer_Code 8 | 8 type User => 228_M006_01 ResponseOnPlatform 1
Rule_75	?a chosen_Answer_Code ?d ?d type User => ?a ResponseOnPlatform 1	76_M010_01 chosen_Answer_Code 8 | 8 type User => 76_M010_01 ResponseOnPlatform 1
Rule_75	?a chosen_Answer_Code ?d ?d type User => ?a ResponseOnPlatform 1	329_SU01_08 chosen_Answer_Code 5 | 5 type User => 329_SU01_08 ResponseOnPlatform 1
Rule_75	?a chosen_Answer_Code ?d ?d type User => ?a ResponseOnPlatform 1	226_M006_01 chosen_Answer_Code 9 | 9 type User => 226_M006_01 ResponseOnPlatform 1
Rule_75	?a chosen_Answer_Code ?d ?d type User => ?a ResponseOnPlatform 1	132_M006_01 chosen_Answer_Code 10 | 10 type User => 132_M006_01 ResponseOnPlatform 1
Rule_75	?a chosen_Answer_Code ?d ?d type User => ?a ResponseOnPlatform 1	203_M004_01 chosen_Answer_Code 9 | 9 type User => 203_M004_01 ResponseOnPlatform 1
Rule_75	?a chosen_Answer_Code ?d ?d type User => ?a ResponseOnPlatform 1	302_M005 chosen_Answer_Code 1 | 1 type User => 302_M005 ResponseOnPlatform 1
Rule_75	?a chosen_Answer_Code ?d ?d type User => ?a ResponseOnPlatform 1	489_UM02 chosen_Answer_Code 5 | 5 type User => 489_UM02 ResponseOnPlatform 1
Rule_75	?a chosen_Answer_Code ?d ?d type User => ?a ResponseOnPlatform 1	348_SU01_04 chosen_Answer_Code 4 | 4 type User => 348_SU01_04 ResponseOnPlatform 1
Rule_75	?a chosen_Answer_Code ?d ?d type User => ?a ResponseOnPlatform 1	482_UM04 chosen_Answer_Code 4 | 4 type User => 482_UM04 ResponseOnPlatform 1
Rule_75	?a chosen_Answer_Code ?d ?d type User => ?a ResponseOnPlatform 1	486_UM10 chosen_Answer_Code 5 | 5 type User => 486_UM10 ResponseOnPlatform 1
Rule_75	?a chosen_Answer_Code ?d ?d type User => ?a ResponseOnPlatform 1	374_SU01_05 chosen_Answer_Code 4 | 4 type User => 374_SU01_05 ResponseOnPlatform 1
Rule_75	?a chosen_Answer_Code ?d ?d type User => ?a ResponseOnPlatform 1	258_M005 chosen_Answer_Code 3 | 3 type User => 258_M005 ResponseOnPlatform 1
Rule_75	?a chosen_Answer_Code ?d ?d type User => ?a ResponseOnPlatform 1	435_UM11 chosen_Answer_Code 4 | 4 type User => 435_UM11 ResponseOnPlatform 1
Rule_75	?a chosen_Answer_Code ?d ?d type User => ?a ResponseOnPlatform 1	447_UM22 chosen_Answer_Code 4 | 4 type User => 447_UM22 ResponseOnPlatform 1
Rule_75	?a chosen_Answer_Code ?d ?d type User => ?a ResponseOnPlatform 1	45_M006_01 chosen_Answer_Code 7 | 7 type User => 45_M006_01 ResponseOnPlatform 1
Rule_75	?a chosen_Answer_Code ?d ?d type User => ?a ResponseOnPlatform 1	372_SU01_01 chosen_Answer_Code 1 | 1 type User => 372_SU01_01 ResponseOnPlatform 1
Rule_75	?a chosen_Answer_Code ?d ?d type User => ?a ResponseOnPlatform 1	427_UM21 chosen_Answer_Code 5 | 5 type User => 427_UM21 ResponseOnPlatform 1
Rule_75	?a chosen_Answer_Code ?d ?d type User => ?a ResponseOnPlatform 1	488_UM21 chosen_Answer_Code 5 | 5 type User => 488_UM21 ResponseOnPlatform 1
Rule_75	?a chosen_Answer_Code ?d ?d type User => ?a ResponseOnPlatform 1	33_M010_01 chosen_Answer_Code 2 | 2 type User => 33_M010_01 ResponseOnPlatform 1
Rule_75	?a chosen_Answer_Code ?d ?d type User => ?a ResponseOnPlatform 1	119_M004_01 chosen_Answer_Code 10 | 10 type User => 119_M004_01 ResponseOnPlatform 1
Rule_75	?a chosen_Answer_Code ?d ?d type User => ?a ResponseOnPlatform 1	139_M010_01 chosen_Answer_Code 9 | 9 type User => 139_M010_01 ResponseOnPlatform 1
Rule_75	?a chosen_Answer_Code ?d ?d type User => ?a ResponseOnPlatform 1	433_UM25 chosen_Answer_Code 3 | 3 type User => 433_UM25 ResponseOnPlatform 1
Rule_75	?a chosen_Answer_Code ?d ?d type User => ?a ResponseOnPlatform 1	439_UM15 chosen_Answer_Code 4 | 4 type User => 439_UM15 ResponseOnPlatform 1
Rule_75	?a chosen_Answer_Code ?d ?d type User => ?a ResponseOnPlatform 1	182_M004_01 chosen_Answer_Code 9 | 9 type User => 182_M004_01 ResponseOnPlatform 1
Rule_75	?a chosen_Answer_Code ?d ?d type User => ?a ResponseOnPlatform 1	30_M003_01 chosen_Answer_Code 9 | 9 type User => 30_M003_01 ResponseOnPlatform 1
Rule_75	?a chosen_Answer_Code ?d ?d type User => ?a ResponseOnPlatform 1	10_M004_01 chosen_Answer_Code 10 | 10 type User => 10_M004_01 ResponseOnPlatform 1
Rule_75	?a chosen_Answer_Code ?d ?d type User => ?a ResponseOnPlatform 1	468_UM24 chosen_Answer_Code 3 | 3 type User => 468_UM24 ResponseOnPlatform 1
Rule_75	?a chosen_Answer_Code ?d ?d type User => ?a ResponseOnPlatform 1	53_M006_01 chosen_Answer_Code 9 | 9 type User => 53_M006_01 ResponseOnPlatform 1
Rule_75	?a chosen_Answer_Code ?d ?d type User => ?a ResponseOnPlatform 1	16_M004_01 chosen_Answer_Code 7 | 7 type User => 16_M004_01 ResponseOnPlatform 1
Rule_75	?a chosen_Answer_Code ?d ?d type User => ?a ResponseOnPlatform 1	413_UM09 chosen_Answer_Code 4 | 4 type User => 413_UM09 ResponseOnPlatform 1
Rule_75	?a chosen_Answer_Code ?d ?d type User => ?a ResponseOnPlatform 1	463_UM17 chosen_Answer_Code 4 | 4 type User => 463_UM17 ResponseOnPlatform 1
Rule_75	?a chosen_Answer_Code ?d ?d type User => ?a ResponseOnPlatform 1	242_M004_01 chosen_Answer_Code 8 | 8 type User => 242_M004_01 ResponseOnPlatform 1
Rule_75	?a chosen_Answer_Code ?d ?d type User => ?a ResponseOnPlatform 1	435_UM09 chosen_Answer_Code 4 | 4 type User => 435_UM09 ResponseOnPlatform 1
Rule_75	?a chosen_Answer_Code ?d ?d type User => ?a ResponseOnPlatform 1	449_UM24 chosen_Answer_Code 4 | 4 type User => 449_UM24 ResponseOnPlatform 1
Rule_75	?a chosen_Answer_Code ?d ?d type User => ?a ResponseOnPlatform 1	316_SU01_10 chosen_Answer_Code 5 | 5 type User => 316_SU01_10 ResponseOnPlatform 1
Rule_75	?a chosen_Answer_Code ?d ?d type User => ?a ResponseOnPlatform 1	240_M010_01 chosen_Answer_Code 6 | 6 type User => 240_M010_01 ResponseOnPlatform 1
Rule_75	?a chosen_Answer_Code ?d ?d type User => ?a ResponseOnPlatform 1	144_M010_01 chosen_Answer_Code 9 | 9 type User => 144_M010_01 ResponseOnPlatform 1
Rule_75	?a chosen_Answer_Code ?d ?d type User => ?a ResponseOnPlatform 1	415_UM03 chosen_Answer_Code 3 | 3 type User => 415_UM03 ResponseOnPlatform 1
Rule_75	?a chosen_Answer_Code ?d ?d type User => ?a ResponseOnPlatform 1	8_M003_01 chosen_Answer_Code 2 | 2 type User => 8_M003_01 ResponseOnPlatform 1
Rule_75	?a chosen_Answer_Code ?d ?d type User => ?a ResponseOnPlatform 1	230_M005 chosen_Answer_Code 2 | 2 type User => 230_M005 ResponseOnPlatform 1
Rule_75	?a chosen_Answer_Code ?d ?d type User => ?a ResponseOnPlatform 1	418_UM22 chosen_Answer_Code 4 | 4 type User => 418_UM22 ResponseOnPlatform 1
Rule_75	?a chosen_Answer_Code ?d ?d type User => ?a ResponseOnPlatform 1	478_UM08 chosen_Answer_Code 4 | 4 type User => 478_UM08 ResponseOnPlatform 1
Rule_75	?a chosen_Answer_Code ?d ?d type User => ?a ResponseOnPlatform 1	145_M005 chosen_Answer_Code 1 | 1 type User => 145_M005 ResponseOnPlatform 1
Rule_75	?a chosen_Answer_Code ?d ?d type User => ?a ResponseOnPlatform 1	311_SU01_01 chosen_Answer_Code 4 | 4 type User => 311_SU01_01 ResponseOnPlatform 1
Rule_75	?a chosen_Answer_Code ?d ?d type User => ?a ResponseOnPlatform 1	89_M002_01 chosen_Answer_Code 8 | 8 type User => 89_M002_01 ResponseOnPlatform 1
Rule_75	?a chosen_Answer_Code ?d ?d type User => ?a ResponseOnPlatform 1	319_SU01_03 chosen_Answer_Code 4 | 4 type User => 319_SU01_03 ResponseOnPlatform 1
Rule_75	?a chosen_Answer_Code ?d ?d type User => ?a ResponseOnPlatform 1	368_SU01_09 chosen_Answer_Code 5 | 5 type User => 368_SU01_09 ResponseOnPlatform 1
Rule_75	?a chosen_Answer_Code ?d ?d type User => ?a ResponseOnPlatform 1	191_M006_01 chosen_Answer_Code 8 | 8 type User => 191_M006_01 ResponseOnPlatform 1
Rule_75	?a chosen_Answer_Code ?d ?d type User => ?a ResponseOnPlatform 1	232_M010_01 chosen_Answer_Code 8 | 8 type User => 232_M010_01 ResponseOnPlatform 1
Rule_75	?a chosen_Answer_Code ?d ?d type User => ?a ResponseOnPlatform 1	51_M006_01 chosen_Answer_Code 9 | 9 type User => 51_M006_01 ResponseOnPlatform 1
Rule_75	?a chosen_Answer_Code ?d ?d type User => ?a ResponseOnPlatform 1	156_M006_01 chosen_Answer_Code 10 | 10 type User => 156_M006_01 ResponseOnPlatform 1
Rule_75	?a chosen_Answer_Code ?d ?d type User => ?a ResponseOnPlatform 1	376_SU01_08 chosen_Answer_Code 4 | 4 type User => 376_SU01_08 ResponseOnPlatform 1
Rule_75	?a chosen_Answer_Code ?d ?d type User => ?a ResponseOnPlatform 1	450_UM11 chosen_Answer_Code 5 | 5 type User => 450_UM11 ResponseOnPlatform 1
Rule_75	?a chosen_Answer_Code ?d ?d type User => ?a ResponseOnPlatform 1	33_M004_01 chosen_Answer_Code 10 | 10 type User => 33_M004_01 ResponseOnPlatform 1
Rule_75	?a chosen_Answer_Code ?d ?d type User => ?a ResponseOnPlatform 1	315_SU01_06 chosen_Answer_Code 4 | 4 type User => 315_SU01_06 ResponseOnPlatform 1
Rule_75	?a chosen_Answer_Code ?d ?d type User => ?a ResponseOnPlatform 1	320_SU01_05 chosen_Answer_Code 5 | 5 type User => 320_SU01_05 ResponseOnPlatform 1
Rule_75	?a chosen_Answer_Code ?d ?d type User => ?a ResponseOnPlatform 1	51_M005 chosen_Answer_Code 1 | 1 type User => 51_M005 ResponseOnPlatform 1
Rule_75	?a chosen_Answer_Code ?d ?d type User => ?a ResponseOnPlatform 1	28_M004_01 chosen_Answer_Code 8 | 8 type User => 28_M004_01 ResponseOnPlatform 1
Rule_75	?a chosen_Answer_Code ?d ?d type User => ?a ResponseOnPlatform 1	13_M003_01 chosen_Answer_Code 1 | 1 type User => 13_M003_01 ResponseOnPlatform 1
Rule_75	?a chosen_Answer_Code ?d ?d type User => ?a ResponseOnPlatform 1	373_SU01_10 chosen_Answer_Code 5 | 5 type User => 373_SU01_10 ResponseOnPlatform 1
Rule_75	?a chosen_Answer_Code ?d ?d type User => ?a ResponseOnPlatform 1	449_UM15 chosen_Answer_Code 4 | 4 type User => 449_UM15 ResponseOnPlatform 1
Rule_75	?a chosen_Answer_Code ?d ?d type User => ?a ResponseOnPlatform 1	339_SU01_10 chosen_Answer_Code 5 | 5 type User => 339_SU01_10 ResponseOnPlatform 1
Rule_75	?a chosen_Answer_Code ?d ?d type User => ?a ResponseOnPlatform 1	419_UM18 chosen_Answer_Code 1 | 1 type User => 419_UM18 ResponseOnPlatform 1
Rule_75	?a chosen_Answer_Code ?d ?d type User => ?a ResponseOnPlatform 1	211_M005 chosen_Answer_Code 2 | 2 type User => 211_M005 ResponseOnPlatform 1
Rule_75	?a chosen_Answer_Code ?d ?d type User => ?a ResponseOnPlatform 1	411_UM08 chosen_Answer_Code 3 | 3 type User => 411_UM08 ResponseOnPlatform 1
Rule_75	?a chosen_Answer_Code ?d ?d type User => ?a ResponseOnPlatform 1	221_M010_01 chosen_Answer_Code 2 | 2 type User => 221_M010_01 ResponseOnPlatform 1
Rule_75	?a chosen_Answer_Code ?d ?d type User => ?a ResponseOnPlatform 1	485_UM11 chosen_Answer_Code 4 | 4 type User => 485_UM11 ResponseOnPlatform 1
Rule_75	?a chosen_Answer_Code ?d ?d type User => ?a ResponseOnPlatform 1	89_M005 chosen_Answer_Code 2 | 2 type User => 89_M005 ResponseOnPlatform 1
Rule_75	?a chosen_Answer_Code ?d ?d type User => ?a ResponseOnPlatform 1	446_UM16 chosen_Answer_Code 4 | 4 type User => 446_UM16 ResponseOnPlatform 1
Rule_75	?a chosen_Answer_Code ?d ?d type User => ?a ResponseOnPlatform 1	425_UM04 chosen_Answer_Code 5 | 5 type User => 425_UM04 ResponseOnPlatform 1
Rule_75	?a chosen_Answer_Code ?d ?d type User => ?a ResponseOnPlatform 1	449_UM14 chosen_Answer_Code 4 | 4 type User => 449_UM14 ResponseOnPlatform 1
Rule_75	?a chosen_Answer_Code ?d ?d type User => ?a ResponseOnPlatform 1	412_UM10 chosen_Answer_Code 5 | 5 type User => 412_UM10 ResponseOnPlatform 1
Rule_75	?a chosen_Answer_Code ?d ?d type User => ?a ResponseOnPlatform 1	388_SU01_06 chosen_Answer_Code 1 | 1 type User => 388_SU01_06 ResponseOnPlatform 1
Rule_75	?a chosen_Answer_Code ?d ?d type User => ?a ResponseOnPlatform 1	279_M002_01 chosen_Answer_Code 10 | 10 type User => 279_M002_01 ResponseOnPlatform 1
Rule_75	?a chosen_Answer_Code ?d ?d type User => ?a ResponseOnPlatform 1	359_SU01_01 chosen_Answer_Code 4 | 4 type User => 359_SU01_01 ResponseOnPlatform 1
Rule_75	?a chosen_Answer_Code ?d ?d type User => ?a ResponseOnPlatform 1	43_M004_01 chosen_Answer_Code 10 | 10 type User => 43_M004_01 ResponseOnPlatform 1
Rule_75	?a chosen_Answer_Code ?d ?d type User => ?a ResponseOnPlatform 1	281_M004_01 chosen_Answer_Code 10 | 10 type User => 281_M004_01 ResponseOnPlatform 1
Rule_75	?a chosen_Answer_Code ?d ?d type User => ?a ResponseOnPlatform 1	43_M003_01 chosen_Answer_Code 6 | 6 type User => 43_M003_01 ResponseOnPlatform 1
Rule_75	?a chosen_Answer_Code ?d ?d type User => ?a ResponseOnPlatform 1	386_SU01_09 chosen_Answer_Code 4 | 4 type User => 386_SU01_09 ResponseOnPlatform 1
Rule_75	?a chosen_Answer_Code ?d ?d type User => ?a ResponseOnPlatform 1	440_UM17 chosen_Answer_Code 3 | 3 type User => 440_UM17 ResponseOnPlatform 1
Rule_75	?a chosen_Answer_Code ?d ?d type User => ?a ResponseOnPlatform 1	438_UM06 chosen_Answer_Code 5 | 5 type User => 438_UM06 ResponseOnPlatform 1
Rule_75	?a chosen_Answer_Code ?d ?d type User => ?a ResponseOnPlatform 1	409_UM23 chosen_Answer_Code 5 | 5 type User => 409_UM23 ResponseOnPlatform 1
Rule_75	?a chosen_Answer_Code ?d ?d type User => ?a ResponseOnPlatform 1	294_M005 chosen_Answer_Code 2 | 2 type User => 294_M005 ResponseOnPlatform 1
Rule_75	?a chosen_Answer_Code ?d ?d type User => ?a ResponseOnPlatform 1	73_M010_01 chosen_Answer_Code 10 | 10 type User => 73_M010_01 ResponseOnPlatform 1
Rule_75	?a chosen_Answer_Code ?d ?d type User => ?a ResponseOnPlatform 1	423_UM10 chosen_Answer_Code 4 | 4 type User => 423_UM10 ResponseOnPlatform 1
Rule_75	?a chosen_Answer_Code ?d ?d type User => ?a ResponseOnPlatform 1	212_M010_01 chosen_Answer_Code 8 | 8 type User => 212_M010_01 ResponseOnPlatform 1
Rule_75	?a chosen_Answer_Code ?d ?d type User => ?a ResponseOnPlatform 1	491_UM04 chosen_Answer_Code 4 | 4 type User => 491_UM04 ResponseOnPlatform 1
Rule_75	?a chosen_Answer_Code ?d ?d type User => ?a ResponseOnPlatform 1	433_UM10 chosen_Answer_Code 5 | 5 type User => 433_UM10 ResponseOnPlatform 1
Rule_75	?a chosen_Answer_Code ?d ?d type User => ?a ResponseOnPlatform 1	298_M004_01 chosen_Answer_Code 7 | 7 type User => 298_M004_01 ResponseOnPlatform 1
Rule_75	?a chosen_Answer_Code ?d ?d type User => ?a ResponseOnPlatform 1	467_UM09 chosen_Answer_Code 4 | 4 type User => 467_UM09 ResponseOnPlatform 1
Rule_75	?a chosen_Answer_Code ?d ?d type User => ?a ResponseOnPlatform 1	228_M003_01 chosen_Answer_Code 9 | 9 type User => 228_M003_01 ResponseOnPlatform 1
Rule_75	?a chosen_Answer_Code ?d ?d type User => ?a ResponseOnPlatform 1	124_M010_01 chosen_Answer_Code 8 | 8 type User => 124_M010_01 ResponseOnPlatform 1
Rule_75	?a chosen_Answer_Code ?d ?d type User => ?a ResponseOnPlatform 1	57_M005 chosen_Answer_Code 1 | 1 type User => 57_M005 ResponseOnPlatform 1
Rule_75	?a chosen_Answer_Code ?d ?d type User => ?a ResponseOnPlatform 1	423_UM12 chosen_Answer_Code 4 | 4 type User => 423_UM12 ResponseOnPlatform 1
Rule_75	?a chosen_Answer_Code ?d ?d type User => ?a ResponseOnPlatform 1	481_UM07 chosen_Answer_Code 4 | 4 type User => 481_UM07 ResponseOnPlatform 1
Rule_75	?a chosen_Answer_Code ?d ?d type User => ?a ResponseOnPlatform 1	406_UM16 chosen_Answer_Code 4 | 4 type User => 406_UM16 ResponseOnPlatform 1
Rule_75	?a chosen_Answer_Code ?d ?d type User => ?a ResponseOnPlatform 1	478_UM10 chosen_Answer_Code 4 | 4 type User => 478_UM10 ResponseOnPlatform 1
Rule_75	?a chosen_Answer_Code ?d ?d type User => ?a ResponseOnPlatform 1	450_UM10 chosen_Answer_Code 4 | 4 type User => 450_UM10 ResponseOnPlatform 1
Rule_75	?a chosen_Answer_Code ?d ?d type User => ?a ResponseOnPlatform 1	396_SU01_07 chosen_Answer_Code 4 | 4 type User => 396_SU01_07 ResponseOnPlatform 1
Rule_75	?a chosen_Answer_Code ?d ?d type User => ?a ResponseOnPlatform 1	274_M004_01 chosen_Answer_Code 8 | 8 type User => 274_M004_01 ResponseOnPlatform 1
Rule_75	?a chosen_Answer_Code ?d ?d type User => ?a ResponseOnPlatform 1	361_SU01_01 chosen_Answer_Code 5 | 5 type User => 361_SU01_01 ResponseOnPlatform 1
Rule_75	?a chosen_Answer_Code ?d ?d type User => ?a ResponseOnPlatform 1	486_UM14 chosen_Answer_Code 5 | 5 type User => 486_UM14 ResponseOnPlatform 1
Rule_75	?a chosen_Answer_Code ?d ?d type User => ?a ResponseOnPlatform 1	79_M003_01 chosen_Answer_Code 10 | 10 type User => 79_M003_01 ResponseOnPlatform 1
Rule_75	?a chosen_Answer_Code ?d ?d type User => ?a ResponseOnPlatform 1	64_M003_01 chosen_Answer_Code 10 | 10 type User => 64_M003_01 ResponseOnPlatform 1
Rule_75	?a chosen_Answer_Code ?d ?d type User => ?a ResponseOnPlatform 1	91_M005 chosen_Answer_Code 3 | 3 type User => 91_M005 ResponseOnPlatform 1
Rule_75	?a chosen_Answer_Code ?d ?d type User => ?a ResponseOnPlatform 1	457_UM25 chosen_Answer_Code 5 | 5 type User => 457_UM25 ResponseOnPlatform 1
Rule_75	?a chosen_Answer_Code ?d ?d type User => ?a ResponseOnPlatform 1	433_UM20 chosen_Answer_Code 4 | 4 type User => 433_UM20 ResponseOnPlatform 1
Rule_75	?a chosen_Answer_Code ?d ?d type User => ?a ResponseOnPlatform 1	444_UM02 chosen_Answer_Code 5 | 5 type User => 444_UM02 ResponseOnPlatform 1
Rule_75	?a chosen_Answer_Code ?d ?d type User => ?a ResponseOnPlatform 1	485_UM24 chosen_Answer_Code 5 | 5 type User => 485_UM24 ResponseOnPlatform 1
Rule_75	?a chosen_Answer_Code ?d ?d type User => ?a ResponseOnPlatform 1	241_M006_01 chosen_Answer_Code 10 | 10 type User => 241_M006_01 ResponseOnPlatform 1
Rule_75	?a chosen_Answer_Code ?d ?d type User => ?a ResponseOnPlatform 1	122_M004_01 chosen_Answer_Code 4 | 4 type User => 122_M004_01 ResponseOnPlatform 1
Rule_75	?a chosen_Answer_Code ?d ?d type User => ?a ResponseOnPlatform 1	45_M005 chosen_Answer_Code 2 | 2 type User => 45_M005 ResponseOnPlatform 1
Rule_75	?a chosen_Answer_Code ?d ?d type User => ?a ResponseOnPlatform 1	268_M005 chosen_Answer_Code 2 | 2 type User => 268_M005 ResponseOnPlatform 1
Rule_75	?a chosen_Answer_Code ?d ?d type User => ?a ResponseOnPlatform 1	408_UM23 chosen_Answer_Code 5 | 5 type User => 408_UM23 ResponseOnPlatform 1
Rule_75	?a chosen_Answer_Code ?d ?d type User => ?a ResponseOnPlatform 1	326_SU01_09 chosen_Answer_Code 5 | 5 type User => 326_SU01_09 ResponseOnPlatform 1
Rule_75	?a chosen_Answer_Code ?d ?d type User => ?a ResponseOnPlatform 1	161_M003_01 chosen_Answer_Code 10 | 10 type User => 161_M003_01 ResponseOnPlatform 1
Rule_75	?a chosen_Answer_Code ?d ?d type User => ?a ResponseOnPlatform 1	376_SU01_01 chosen_Answer_Code 2 | 2 type User => 376_SU01_01 ResponseOnPlatform 1
Rule_75	?a chosen_Answer_Code ?d ?d type User => ?a ResponseOnPlatform 1	44_M005 chosen_Answer_Code 2 | 2 type User => 44_M005 ResponseOnPlatform 1
Rule_75	?a chosen_Answer_Code ?d ?d type User => ?a ResponseOnPlatform 1	455_UM20 chosen_Answer_Code 5 | 5 type User => 455_UM20 ResponseOnPlatform 1
Rule_75	?a chosen_Answer_Code ?d ?d type User => ?a ResponseOnPlatform 1	420_UM02 chosen_Answer_Code 5 | 5 type User => 420_UM02 ResponseOnPlatform 1
Rule_75	?a chosen_Answer_Code ?d ?d type User => ?a ResponseOnPlatform 1	133_M003_01 chosen_Answer_Code 7 | 7 type User => 133_M003_01 ResponseOnPlatform 1
Rule_75	?a chosen_Answer_Code ?d ?d type User => ?a ResponseOnPlatform 1	375_SU01_02 chosen_Answer_Code 3 | 3 type User => 375_SU01_02 ResponseOnPlatform 1
Rule_75	?a chosen_Answer_Code ?d ?d type User => ?a ResponseOnPlatform 1	296_M010_01 chosen_Answer_Code 9 | 9 type User => 296_M010_01 ResponseOnPlatform 1
Rule_75	?a chosen_Answer_Code ?d ?d type User => ?a ResponseOnPlatform 1	26_M004_01 chosen_Answer_Code 9 | 9 type User => 26_M004_01 ResponseOnPlatform 1
Rule_75	?a chosen_Answer_Code ?d ?d type User => ?a ResponseOnPlatform 1	485_UM09 chosen_Answer_Code 5 | 5 type User => 485_UM09 ResponseOnPlatform 1
Rule_75	?a chosen_Answer_Code ?d ?d type User => ?a ResponseOnPlatform 1	362_SU01_09 chosen_Answer_Code 5 | 5 type User => 362_SU01_09 ResponseOnPlatform 1
Rule_75	?a chosen_Answer_Code ?d ?d type User => ?a ResponseOnPlatform 1	476_UM09 chosen_Answer_Code 4 | 4 type User => 476_UM09 ResponseOnPlatform 1
Rule_75	?a chosen_Answer_Code ?d ?d type User => ?a ResponseOnPlatform 1	72_M005 chosen_Answer_Code 2 | 2 type User => 72_M005 ResponseOnPlatform 1
Rule_75	?a chosen_Answer_Code ?d ?d type User => ?a ResponseOnPlatform 1	306_M006_01 chosen_Answer_Code 9 | 9 type User => 306_M006_01 ResponseOnPlatform 1
Rule_75	?a chosen_Answer_Code ?d ?d type User => ?a ResponseOnPlatform 1	110_M010_01 chosen_Answer_Code 9 | 9 type User => 110_M010_01 ResponseOnPlatform 1
Rule_75	?a chosen_Answer_Code ?d ?d type User => ?a ResponseOnPlatform 1	273_M004_01 chosen_Answer_Code 10 | 10 type User => 273_M004_01 ResponseOnPlatform 1
Rule_75	?a chosen_Answer_Code ?d ?d type User => ?a ResponseOnPlatform 1	336_SU01_05 chosen_Answer_Code 3 | 3 type User => 336_SU01_05 ResponseOnPlatform 1
Rule_75	?a chosen_Answer_Code ?d ?d type User => ?a ResponseOnPlatform 1	427_UM17 chosen_Answer_Code 3 | 3 type User => 427_UM17 ResponseOnPlatform 1
Rule_75	?a chosen_Answer_Code ?d ?d type User => ?a ResponseOnPlatform 1	15_M002_01 chosen_Answer_Code 10 | 10 type User => 15_M002_01 ResponseOnPlatform 1
Rule_75	?a chosen_Answer_Code ?d ?d type User => ?a ResponseOnPlatform 1	103_M005 chosen_Answer_Code 2 | 2 type User => 103_M005 ResponseOnPlatform 1
Rule_75	?a chosen_Answer_Code ?d ?d type User => ?a ResponseOnPlatform 1	203_M005 chosen_Answer_Code 2 | 2 type User => 203_M005 ResponseOnPlatform 1
Rule_75	?a chosen_Answer_Code ?d ?d type User => ?a ResponseOnPlatform 1	106_M002_01 chosen_Answer_Code 8 | 8 type User => 106_M002_01 ResponseOnPlatform 1
Rule_75	?a chosen_Answer_Code ?d ?d type User => ?a ResponseOnPlatform 1	253_M004_01 chosen_Answer_Code 9 | 9 type User => 253_M004_01 ResponseOnPlatform 1
Rule_75	?a chosen_Answer_Code ?d ?d type User => ?a ResponseOnPlatform 1	423_UM01 chosen_Answer_Code 4 | 4 type User => 423_UM01 ResponseOnPlatform 1
Rule_75	?a chosen_Answer_Code ?d ?d type User => ?a ResponseOnPlatform 1	390_SU01_02 chosen_Answer_Code 3 | 3 type User => 390_SU01_02 ResponseOnPlatform 1
Rule_75	?a chosen_Answer_Code ?d ?d type User => ?a ResponseOnPlatform 1	116_M002_01 chosen_Answer_Code 8 | 8 type User => 116_M002_01 ResponseOnPlatform 1
Rule_75	?a chosen_Answer_Code ?d ?d type User => ?a ResponseOnPlatform 1	424_UM25 chosen_Answer_Code 3 | 3 type User => 424_UM25 ResponseOnPlatform 1
Rule_75	?a chosen_Answer_Code ?d ?d type User => ?a ResponseOnPlatform 1	109_M002_01 chosen_Answer_Code 10 | 10 type User => 109_M002_01 ResponseOnPlatform 1
Rule_75	?a chosen_Answer_Code ?d ?d type User => ?a ResponseOnPlatform 1	459_UM14 chosen_Answer_Code 5 | 5 type User => 459_UM14 ResponseOnPlatform 1
Rule_75	?a chosen_Answer_Code ?d ?d type User => ?a ResponseOnPlatform 1	26_M002_01 chosen_Answer_Code 9 | 9 type User => 26_M002_01 ResponseOnPlatform 1
Rule_75	?a chosen_Answer_Code ?d ?d type User => ?a ResponseOnPlatform 1	287_M010_01 chosen_Answer_Code 8 | 8 type User => 287_M010_01 ResponseOnPlatform 1
Rule_75	?a chosen_Answer_Code ?d ?d type User => ?a ResponseOnPlatform 1	329_SU01_01 chosen_Answer_Code 3 | 3 type User => 329_SU01_01 ResponseOnPlatform 1
Rule_75	?a chosen_Answer_Code ?d ?d type User => ?a ResponseOnPlatform 1	418_UM01 chosen_Answer_Code 4 | 4 type User => 418_UM01 ResponseOnPlatform 1
Rule_75	?a chosen_Answer_Code ?d ?d type User => ?a ResponseOnPlatform 1	473_UM17 chosen_Answer_Code 2 | 2 type User => 473_UM17 ResponseOnPlatform 1
Rule_75	?a chosen_Answer_Code ?d ?d type User => ?a ResponseOnPlatform 1	467_UM07 chosen_Answer_Code 4 | 4 type User => 467_UM07 ResponseOnPlatform 1
Rule_75	?a chosen_Answer_Code ?d ?d type User => ?a ResponseOnPlatform 1	437_UM20 chosen_Answer_Code 5 | 5 type User => 437_UM20 ResponseOnPlatform 1
Rule_75	?a chosen_Answer_Code ?d ?d type User => ?a ResponseOnPlatform 1	149_M006_01 chosen_Answer_Code 10 | 10 type User => 149_M006_01 ResponseOnPlatform 1
Rule_75	?a chosen_Answer_Code ?d ?d type User => ?a ResponseOnPlatform 1	420_UM20 chosen_Answer_Code 5 | 5 type User => 420_UM20 ResponseOnPlatform 1
Rule_75	?a chosen_Answer_Code ?d ?d type User => ?a ResponseOnPlatform 1	435_UM21 chosen_Answer_Code 4 | 4 type User => 435_UM21 ResponseOnPlatform 1
Rule_75	?a chosen_Answer_Code ?d ?d type User => ?a ResponseOnPlatform 1	121_M004_01 chosen_Answer_Code 10 | 10 type User => 121_M004_01 ResponseOnPlatform 1
Rule_75	?a chosen_Answer_Code ?d ?d type User => ?a ResponseOnPlatform 1	146_M003_01 chosen_Answer_Code 9 | 9 type User => 146_M003_01 ResponseOnPlatform 1
Rule_75	?a chosen_Answer_Code ?d ?d type User => ?a ResponseOnPlatform 1	48_M003_01 chosen_Answer_Code 8 | 8 type User => 48_M003_01 ResponseOnPlatform 1
Rule_75	?a chosen_Answer_Code ?d ?d type User => ?a ResponseOnPlatform 1	458_UM14 chosen_Answer_Code 5 | 5 type User => 458_UM14 ResponseOnPlatform 1
Rule_75	?a chosen_Answer_Code ?d ?d type User => ?a ResponseOnPlatform 1	165_M005 chosen_Answer_Code 1 | 1 type User => 165_M005 ResponseOnPlatform 1
Rule_75	?a chosen_Answer_Code ?d ?d type User => ?a ResponseOnPlatform 1	435_UM13 chosen_Answer_Code 3 | 3 type User => 435_UM13 ResponseOnPlatform 1
Rule_75	?a chosen_Answer_Code ?d ?d type User => ?a ResponseOnPlatform 1	407_UM08 chosen_Answer_Code 5 | 5 type User => 407_UM08 ResponseOnPlatform 1
Rule_75	?a chosen_Answer_Code ?d ?d type User => ?a ResponseOnPlatform 1	408_UM01 chosen_Answer_Code 4 | 4 type User => 408_UM01 ResponseOnPlatform 1
Rule_75	?a chosen_Answer_Code ?d ?d type User => ?a ResponseOnPlatform 1	457_UM16 chosen_Answer_Code 5 | 5 type User => 457_UM16 ResponseOnPlatform 1
Rule_75	?a chosen_Answer_Code ?d ?d type User => ?a ResponseOnPlatform 1	358_SU01_01 chosen_Answer_Code 3 | 3 type User => 358_SU01_01 ResponseOnPlatform 1
Rule_75	?a chosen_Answer_Code ?d ?d type User => ?a ResponseOnPlatform 1	93_M010_01 chosen_Answer_Code 3 | 3 type User => 93_M010_01 ResponseOnPlatform 1
Rule_75	?a chosen_Answer_Code ?d ?d type User => ?a ResponseOnPlatform 1	392_SU01_01 chosen_Answer_Code 4 | 4 type User => 392_SU01_01 ResponseOnPlatform 1
Rule_75	?a chosen_Answer_Code ?d ?d type User => ?a ResponseOnPlatform 1	135_M006_01 chosen_Answer_Code 10 | 10 type User => 135_M006_01 ResponseOnPlatform 1
Rule_75	?a chosen_Answer_Code ?d ?d type User => ?a ResponseOnPlatform 1	467_UM02 chosen_Answer_Code 5 | 5 type User => 467_UM02 ResponseOnPlatform 1
Rule_75	?a chosen_Answer_Code ?d ?d type User => ?a ResponseOnPlatform 1	225_M002_01 chosen_Answer_Code 9 | 9 type User => 225_M002_01 ResponseOnPlatform 1
Rule_75	?a chosen_Answer_Code ?d ?d type User => ?a ResponseOnPlatform 1	426_UM20 chosen_Answer_Code 4 | 4 type User => 426_UM20 ResponseOnPlatform 1
Rule_75	?a chosen_Answer_Code ?d ?d type User => ?a ResponseOnPlatform 1	151_M006_01 chosen_Answer_Code 7 | 7 type User => 151_M006_01 ResponseOnPlatform 1
Rule_75	?a chosen_Answer_Code ?d ?d type User => ?a ResponseOnPlatform 1	224_M003_01 chosen_Answer_Code 4 | 4 type User => 224_M003_01 ResponseOnPlatform 1
Rule_75	?a chosen_Answer_Code ?d ?d type User => ?a ResponseOnPlatform 1	75_M004_01 chosen_Answer_Code 9 | 9 type User => 75_M004_01 ResponseOnPlatform 1
Rule_75	?a chosen_Answer_Code ?d ?d type User => ?a ResponseOnPlatform 1	269_M005 chosen_Answer_Code 2 | 2 type User => 269_M005 ResponseOnPlatform 1
Rule_75	?a chosen_Answer_Code ?d ?d type User => ?a ResponseOnPlatform 1	103_M004_01 chosen_Answer_Code 10 | 10 type User => 103_M004_01 ResponseOnPlatform 1
Rule_75	?a chosen_Answer_Code ?d ?d type User => ?a ResponseOnPlatform 1	287_M002_01 chosen_Answer_Code 8 | 8 type User => 287_M002_01 ResponseOnPlatform 1
Rule_75	?a chosen_Answer_Code ?d ?d type User => ?a ResponseOnPlatform 1	68_M003_01 chosen_Answer_Code 6 | 6 type User => 68_M003_01 ResponseOnPlatform 1
Rule_75	?a chosen_Answer_Code ?d ?d type User => ?a ResponseOnPlatform 1	201_M005 chosen_Answer_Code 2 | 2 type User => 201_M005 ResponseOnPlatform 1
Rule_75	?a chosen_Answer_Code ?d ?d type User => ?a ResponseOnPlatform 1	98_M003_01 chosen_Answer_Code 9 | 9 type User => 98_M003_01 ResponseOnPlatform 1
Rule_75	?a chosen_Answer_Code ?d ?d type User => ?a ResponseOnPlatform 1	487_UM18 chosen_Answer_Code 3 | 3 type User => 487_UM18 ResponseOnPlatform 1
Rule_75	?a chosen_Answer_Code ?d ?d type User => ?a ResponseOnPlatform 1	289_M003_01 chosen_Answer_Code 8 | 8 type User => 289_M003_01 ResponseOnPlatform 1
Rule_75	?a chosen_Answer_Code ?d ?d type User => ?a ResponseOnPlatform 1	330_SU01_09 chosen_Answer_Code 4 | 4 type User => 330_SU01_09 ResponseOnPlatform 1
Rule_75	?a chosen_Answer_Code ?d ?d type User => ?a ResponseOnPlatform 1	435_UM23 chosen_Answer_Code 2 | 2 type User => 435_UM23 ResponseOnPlatform 1
Rule_75	?a chosen_Answer_Code ?d ?d type User => ?a ResponseOnPlatform 1	378_SU01_08 chosen_Answer_Code 2 | 2 type User => 378_SU01_08 ResponseOnPlatform 1
Rule_75	?a chosen_Answer_Code ?d ?d type User => ?a ResponseOnPlatform 1	491_UM14 chosen_Answer_Code 4 | 4 type User => 491_UM14 ResponseOnPlatform 1
Rule_75	?a chosen_Answer_Code ?d ?d type User => ?a ResponseOnPlatform 1	11_M002_01 chosen_Answer_Code 5 | 5 type User => 11_M002_01 ResponseOnPlatform 1
Rule_75	?a chosen_Answer_Code ?d ?d type User => ?a ResponseOnPlatform 1	487_UM08 chosen_Answer_Code 5 | 5 type User => 487_UM08 ResponseOnPlatform 1
Rule_75	?a chosen_Answer_Code ?d ?d type User => ?a ResponseOnPlatform 1	469_UM16 chosen_Answer_Code 4 | 4 type User => 469_UM16 ResponseOnPlatform 1
Rule_75	?a chosen_Answer_Code ?d ?d type User => ?a ResponseOnPlatform 1	176_M006_01 chosen_Answer_Code 8 | 8 type User => 176_M006_01 ResponseOnPlatform 1
Rule_75	?a chosen_Answer_Code ?d ?d type User => ?a ResponseOnPlatform 1	2_M005 chosen_Answer_Code 1 | 1 type User => 2_M005 ResponseOnPlatform 1
Rule_75	?a chosen_Answer_Code ?d ?d type User => ?a ResponseOnPlatform 1	310_SU01_02 chosen_Answer_Code 4 | 4 type User => 310_SU01_02 ResponseOnPlatform 1
Rule_75	?a chosen_Answer_Code ?d ?d type User => ?a ResponseOnPlatform 1	135_M005 chosen_Answer_Code 1 | 1 type User => 135_M005 ResponseOnPlatform 1
Rule_75	?a chosen_Answer_Code ?d ?d type User => ?a ResponseOnPlatform 1	251_M002_01 chosen_Answer_Code 10 | 10 type User => 251_M002_01 ResponseOnPlatform 1
Rule_75	?a chosen_Answer_Code ?d ?d type User => ?a ResponseOnPlatform 1	408_UM02 chosen_Answer_Code 5 | 5 type User => 408_UM02 ResponseOnPlatform 1
Rule_75	?a chosen_Answer_Code ?d ?d type User => ?a ResponseOnPlatform 1	490_UM24 chosen_Answer_Code 3 | 3 type User => 490_UM24 ResponseOnPlatform 1
Rule_75	?a chosen_Answer_Code ?d ?d type User => ?a ResponseOnPlatform 1	468_UM14 chosen_Answer_Code 4 | 4 type User => 468_UM14 ResponseOnPlatform 1
Rule_75	?a chosen_Answer_Code ?d ?d type User => ?a ResponseOnPlatform 1	411_UM07 chosen_Answer_Code 3 | 3 type User => 411_UM07 ResponseOnPlatform 1
Rule_75	?a chosen_Answer_Code ?d ?d type User => ?a ResponseOnPlatform 1	244_M002_01 chosen_Answer_Code 8 | 8 type User => 244_M002_01 ResponseOnPlatform 1
Rule_75	?a chosen_Answer_Code ?d ?d type User => ?a ResponseOnPlatform 1	443_UM21 chosen_Answer_Code 5 | 5 type User => 443_UM21 ResponseOnPlatform 1
Rule_75	?a chosen_Answer_Code ?d ?d type User => ?a ResponseOnPlatform 1	211_M003_01 chosen_Answer_Code 9 | 9 type User => 211_M003_01 ResponseOnPlatform 1
Rule_75	?a chosen_Answer_Code ?d ?d type User => ?a ResponseOnPlatform 1	419_UM12 chosen_Answer_Code 4 | 4 type User => 419_UM12 ResponseOnPlatform 1
Rule_75	?a chosen_Answer_Code ?d ?d type User => ?a ResponseOnPlatform 1	71_M003_01 chosen_Answer_Code 10 | 10 type User => 71_M003_01 ResponseOnPlatform 1
Rule_75	?a chosen_Answer_Code ?d ?d type User => ?a ResponseOnPlatform 1	182_M010_01 chosen_Answer_Code 8 | 8 type User => 182_M010_01 ResponseOnPlatform 1
Rule_75	?a chosen_Answer_Code ?d ?d type User => ?a ResponseOnPlatform 1	373_SU01_08 chosen_Answer_Code 4 | 4 type User => 373_SU01_08 ResponseOnPlatform 1
Rule_75	?a chosen_Answer_Code ?d ?d type User => ?a ResponseOnPlatform 1	489_UM07 chosen_Answer_Code 5 | 5 type User => 489_UM07 ResponseOnPlatform 1
Rule_75	?a chosen_Answer_Code ?d ?d type User => ?a ResponseOnPlatform 1	315_SU01_04 chosen_Answer_Code 3 | 3 type User => 315_SU01_04 ResponseOnPlatform 1
Rule_75	?a chosen_Answer_Code ?d ?d type User => ?a ResponseOnPlatform 1	113_M005 chosen_Answer_Code 2 | 2 type User => 113_M005 ResponseOnPlatform 1
Rule_75	?a chosen_Answer_Code ?d ?d type User => ?a ResponseOnPlatform 1	195_M002_01 chosen_Answer_Code 8 | 8 type User => 195_M002_01 ResponseOnPlatform 1
Rule_75	?a chosen_Answer_Code ?d ?d type User => ?a ResponseOnPlatform 1	245_M010_01 chosen_Answer_Code 2 | 2 type User => 245_M010_01 ResponseOnPlatform 1
Rule_75	?a chosen_Answer_Code ?d ?d type User => ?a ResponseOnPlatform 1	53_M002_01 chosen_Answer_Code 8 | 8 type User => 53_M002_01 ResponseOnPlatform 1
Rule_75	?a chosen_Answer_Code ?d ?d type User => ?a ResponseOnPlatform 1	433_UM21 chosen_Answer_Code 3 | 3 type User => 433_UM21 ResponseOnPlatform 1
Rule_75	?a chosen_Answer_Code ?d ?d type User => ?a ResponseOnPlatform 1	35_M010_01 chosen_Answer_Code 4 | 4 type User => 35_M010_01 ResponseOnPlatform 1
Rule_75	?a chosen_Answer_Code ?d ?d type User => ?a ResponseOnPlatform 1	113_M002_01 chosen_Answer_Code 10 | 10 type User => 113_M002_01 ResponseOnPlatform 1
Rule_75	?a chosen_Answer_Code ?d ?d type User => ?a ResponseOnPlatform 1	135_M010_01 chosen_Answer_Code 8 | 8 type User => 135_M010_01 ResponseOnPlatform 1
Rule_75	?a chosen_Answer_Code ?d ?d type User => ?a ResponseOnPlatform 1	220_M004_01 chosen_Answer_Code 10 | 10 type User => 220_M004_01 ResponseOnPlatform 1
Rule_75	?a chosen_Answer_Code ?d ?d type User => ?a ResponseOnPlatform 1	443_UM06 chosen_Answer_Code 5 | 5 type User => 443_UM06 ResponseOnPlatform 1
Rule_75	?a chosen_Answer_Code ?d ?d type User => ?a ResponseOnPlatform 1	127_M002_01 chosen_Answer_Code 10 | 10 type User => 127_M002_01 ResponseOnPlatform 1
Rule_75	?a chosen_Answer_Code ?d ?d type User => ?a ResponseOnPlatform 1	443_UM02 chosen_Answer_Code 5 | 5 type User => 443_UM02 ResponseOnPlatform 1
Rule_75	?a chosen_Answer_Code ?d ?d type User => ?a ResponseOnPlatform 1	420_UM15 chosen_Answer_Code 5 | 5 type User => 420_UM15 ResponseOnPlatform 1
Rule_75	?a chosen_Answer_Code ?d ?d type User => ?a ResponseOnPlatform 1	272_M004_01 chosen_Answer_Code 8 | 8 type User => 272_M004_01 ResponseOnPlatform 1
Rule_75	?a chosen_Answer_Code ?d ?d type User => ?a ResponseOnPlatform 1	473_UM18 chosen_Answer_Code 1 | 1 type User => 473_UM18 ResponseOnPlatform 1
Rule_75	?a chosen_Answer_Code ?d ?d type User => ?a ResponseOnPlatform 1	481_UM17 chosen_Answer_Code 5 | 5 type User => 481_UM17 ResponseOnPlatform 1
Rule_75	?a chosen_Answer_Code ?d ?d type User => ?a ResponseOnPlatform 1	481_UM01 chosen_Answer_Code 5 | 5 type User => 481_UM01 ResponseOnPlatform 1
Rule_75	?a chosen_Answer_Code ?d ?d type User => ?a ResponseOnPlatform 1	295_M003_01 chosen_Answer_Code 10 | 10 type User => 295_M003_01 ResponseOnPlatform 1
Rule_75	?a chosen_Answer_Code ?d ?d type User => ?a ResponseOnPlatform 1	2_M003_01 chosen_Answer_Code 9 | 9 type User => 2_M003_01 ResponseOnPlatform 1
Rule_75	?a chosen_Answer_Code ?d ?d type User => ?a ResponseOnPlatform 1	171_M004_01 chosen_Answer_Code 5 | 5 type User => 171_M004_01 ResponseOnPlatform 1
Rule_75	?a chosen_Answer_Code ?d ?d type User => ?a ResponseOnPlatform 1	371_SU01_10 chosen_Answer_Code 4 | 4 type User => 371_SU01_10 ResponseOnPlatform 1
Rule_75	?a chosen_Answer_Code ?d ?d type User => ?a ResponseOnPlatform 1	37_M004_01 chosen_Answer_Code 9 | 9 type User => 37_M004_01 ResponseOnPlatform 1
Rule_75	?a chosen_Answer_Code ?d ?d type User => ?a ResponseOnPlatform 1	162_M003_01 chosen_Answer_Code 10 | 10 type User => 162_M003_01 ResponseOnPlatform 1
Rule_75	?a chosen_Answer_Code ?d ?d type User => ?a ResponseOnPlatform 1	218_M002_01 chosen_Answer_Code 10 | 10 type User => 218_M002_01 ResponseOnPlatform 1
Rule_75	?a chosen_Answer_Code ?d ?d type User => ?a ResponseOnPlatform 1	395_SU01_08 chosen_Answer_Code 4 | 4 type User => 395_SU01_08 ResponseOnPlatform 1
Rule_75	?a chosen_Answer_Code ?d ?d type User => ?a ResponseOnPlatform 1	142_M010_01 chosen_Answer_Code 5 | 5 type User => 142_M010_01 ResponseOnPlatform 1
Rule_75	?a chosen_Answer_Code ?d ?d type User => ?a ResponseOnPlatform 1	201_M006_01 chosen_Answer_Code 8 | 8 type User => 201_M006_01 ResponseOnPlatform 1
Rule_75	?a chosen_Answer_Code ?d ?d type User => ?a ResponseOnPlatform 1	440_UM01 chosen_Answer_Code 4 | 4 type User => 440_UM01 ResponseOnPlatform 1
Rule_75	?a chosen_Answer_Code ?d ?d type User => ?a ResponseOnPlatform 1	143_M006_01 chosen_Answer_Code 10 | 10 type User => 143_M006_01 ResponseOnPlatform 1
Rule_75	?a chosen_Answer_Code ?d ?d type User => ?a ResponseOnPlatform 1	265_M003_01 chosen_Answer_Code 7 | 7 type User => 265_M003_01 ResponseOnPlatform 1
Rule_75	?a chosen_Answer_Code ?d ?d type User => ?a ResponseOnPlatform 1	23_M005 chosen_Answer_Code 1 | 1 type User => 23_M005 ResponseOnPlatform 1
Rule_75	?a chosen_Answer_Code ?d ?d type User => ?a ResponseOnPlatform 1	437_UM18 chosen_Answer_Code 3 | 3 type User => 437_UM18 ResponseOnPlatform 1
Rule_75	?a chosen_Answer_Code ?d ?d type User => ?a ResponseOnPlatform 1	440_UM19 chosen_Answer_Code 4 | 4 type User => 440_UM19 ResponseOnPlatform 1
Rule_75	?a chosen_Answer_Code ?d ?d type User => ?a ResponseOnPlatform 1	465_UM15 chosen_Answer_Code 5 | 5 type User => 465_UM15 ResponseOnPlatform 1
Rule_75	?a chosen_Answer_Code ?d ?d type User => ?a ResponseOnPlatform 1	58_M005 chosen_Answer_Code 1 | 1 type User => 58_M005 ResponseOnPlatform 1
Rule_75	?a chosen_Answer_Code ?d ?d type User => ?a ResponseOnPlatform 1	200_M002_01 chosen_Answer_Code 8 | 8 type User => 200_M002_01 ResponseOnPlatform 1
Rule_75	?a chosen_Answer_Code ?d ?d type User => ?a ResponseOnPlatform 1	257_M002_01 chosen_Answer_Code 10 | 10 type User => 257_M002_01 ResponseOnPlatform 1
Rule_75	?a chosen_Answer_Code ?d ?d type User => ?a ResponseOnPlatform 1	457_UM12 chosen_Answer_Code 4 | 4 type User => 457_UM12 ResponseOnPlatform 1
Rule_75	?a chosen_Answer_Code ?d ?d type User => ?a ResponseOnPlatform 1	420_UM25 chosen_Answer_Code 4 | 4 type User => 420_UM25 ResponseOnPlatform 1
Rule_75	?a chosen_Answer_Code ?d ?d type User => ?a ResponseOnPlatform 1	422_UM22 chosen_Answer_Code 4 | 4 type User => 422_UM22 ResponseOnPlatform 1
Rule_75	?a chosen_Answer_Code ?d ?d type User => ?a ResponseOnPlatform 1	464_UM13 chosen_Answer_Code 5 | 5 type User => 464_UM13 ResponseOnPlatform 1
Rule_75	?a chosen_Answer_Code ?d ?d type User => ?a ResponseOnPlatform 1	303_M005 chosen_Answer_Code 1 | 1 type User => 303_M005 ResponseOnPlatform 1
Rule_75	?a chosen_Answer_Code ?d ?d type User => ?a ResponseOnPlatform 1	344_SU01_10 chosen_Answer_Code 5 | 5 type User => 344_SU01_10 ResponseOnPlatform 1
Rule_75	?a chosen_Answer_Code ?d ?d type User => ?a ResponseOnPlatform 1	483_UM09 chosen_Answer_Code 5 | 5 type User => 483_UM09 ResponseOnPlatform 1
Rule_75	?a chosen_Answer_Code ?d ?d type User => ?a ResponseOnPlatform 1	392_SU01_04 chosen_Answer_Code 5 | 5 type User => 392_SU01_04 ResponseOnPlatform 1
Rule_75	?a chosen_Answer_Code ?d ?d type User => ?a ResponseOnPlatform 1	311_SU01_05 chosen_Answer_Code 4 | 4 type User => 311_SU01_05 ResponseOnPlatform 1
Rule_75	?a chosen_Answer_Code ?d ?d type User => ?a ResponseOnPlatform 1	222_M010_01 chosen_Answer_Code 9 | 9 type User => 222_M010_01 ResponseOnPlatform 1
Rule_75	?a chosen_Answer_Code ?d ?d type User => ?a ResponseOnPlatform 1	445_UM16 chosen_Answer_Code 3 | 3 type User => 445_UM16 ResponseOnPlatform 1
Rule_75	?a chosen_Answer_Code ?d ?d type User => ?a ResponseOnPlatform 1	200_M003_01 chosen_Answer_Code 7 | 7 type User => 200_M003_01 ResponseOnPlatform 1
Rule_75	?a chosen_Answer_Code ?d ?d type User => ?a ResponseOnPlatform 1	376_SU01_06 chosen_Answer_Code 2 | 2 type User => 376_SU01_06 ResponseOnPlatform 1
Rule_75	?a chosen_Answer_Code ?d ?d type User => ?a ResponseOnPlatform 1	295_M002_01 chosen_Answer_Code 10 | 10 type User => 295_M002_01 ResponseOnPlatform 1
Rule_75	?a chosen_Answer_Code ?d ?d type User => ?a ResponseOnPlatform 1	406_UM02 chosen_Answer_Code 5 | 5 type User => 406_UM02 ResponseOnPlatform 1
Rule_75	?a chosen_Answer_Code ?d ?d type User => ?a ResponseOnPlatform 1	348_SU01_03 chosen_Answer_Code 4 | 4 type User => 348_SU01_03 ResponseOnPlatform 1
Rule_75	?a chosen_Answer_Code ?d ?d type User => ?a ResponseOnPlatform 1	288_M005 chosen_Answer_Code 1 | 1 type User => 288_M005 ResponseOnPlatform 1
Rule_75	?a chosen_Answer_Code ?d ?d type User => ?a ResponseOnPlatform 1	42_M002_01 chosen_Answer_Code 8 | 8 type User => 42_M002_01 ResponseOnPlatform 1
Rule_75	?a chosen_Answer_Code ?d ?d type User => ?a ResponseOnPlatform 1	288_M003_01 chosen_Answer_Code 5 | 5 type User => 288_M003_01 ResponseOnPlatform 1
Rule_75	?a chosen_Answer_Code ?d ?d type User => ?a ResponseOnPlatform 1	418_UM12 chosen_Answer_Code 5 | 5 type User => 418_UM12 ResponseOnPlatform 1
Rule_75	?a chosen_Answer_Code ?d ?d type User => ?a ResponseOnPlatform 1	217_M003_01 chosen_Answer_Code 10 | 10 type User => 217_M003_01 ResponseOnPlatform 1
Rule_75	?a chosen_Answer_Code ?d ?d type User => ?a ResponseOnPlatform 1	444_UM10 chosen_Answer_Code 5 | 5 type User => 444_UM10 ResponseOnPlatform 1
Rule_75	?a chosen_Answer_Code ?d ?d type User => ?a ResponseOnPlatform 1	469_UM23 chosen_Answer_Code 4 | 4 type User => 469_UM23 ResponseOnPlatform 1
Rule_75	?a chosen_Answer_Code ?d ?d type User => ?a ResponseOnPlatform 1	238_M005 chosen_Answer_Code 2 | 2 type User => 238_M005 ResponseOnPlatform 1
Rule_75	?a chosen_Answer_Code ?d ?d type User => ?a ResponseOnPlatform 1	363_SU01_01 chosen_Answer_Code 3 | 3 type User => 363_SU01_01 ResponseOnPlatform 1
Rule_75	?a chosen_Answer_Code ?d ?d type User => ?a ResponseOnPlatform 1	446_UM18 chosen_Answer_Code 3 | 3 type User => 446_UM18 ResponseOnPlatform 1
Rule_75	?a chosen_Answer_Code ?d ?d type User => ?a ResponseOnPlatform 1	104_M005 chosen_Answer_Code 2 | 2 type User => 104_M005 ResponseOnPlatform 1
Rule_75	?a chosen_Answer_Code ?d ?d type User => ?a ResponseOnPlatform 1	455_UM08 chosen_Answer_Code 5 | 5 type User => 455_UM08 ResponseOnPlatform 1
Rule_75	?a chosen_Answer_Code ?d ?d type User => ?a ResponseOnPlatform 1	364_SU01_06 chosen_Answer_Code 3 | 3 type User => 364_SU01_06 ResponseOnPlatform 1
Rule_75	?a chosen_Answer_Code ?d ?d type User => ?a ResponseOnPlatform 1	469_UM20 chosen_Answer_Code 5 | 5 type User => 469_UM20 ResponseOnPlatform 1
Rule_75	?a chosen_Answer_Code ?d ?d type User => ?a ResponseOnPlatform 1	438_UM20 chosen_Answer_Code 5 | 5 type User => 438_UM20 ResponseOnPlatform 1
Rule_75	?a chosen_Answer_Code ?d ?d type User => ?a ResponseOnPlatform 1	219_M004_01 chosen_Answer_Code 8 | 8 type User => 219_M004_01 ResponseOnPlatform 1
Rule_75	?a chosen_Answer_Code ?d ?d type User => ?a ResponseOnPlatform 1	72_M004_01 chosen_Answer_Code 7 | 7 type User => 72_M004_01 ResponseOnPlatform 1
Rule_75	?a chosen_Answer_Code ?d ?d type User => ?a ResponseOnPlatform 1	431_UM17 chosen_Answer_Code 3 | 3 type User => 431_UM17 ResponseOnPlatform 1
Rule_75	?a chosen_Answer_Code ?d ?d type User => ?a ResponseOnPlatform 1	439_UM02 chosen_Answer_Code 5 | 5 type User => 439_UM02 ResponseOnPlatform 1
Rule_75	?a chosen_Answer_Code ?d ?d type User => ?a ResponseOnPlatform 1	241_M003_01 chosen_Answer_Code 10 | 10 type User => 241_M003_01 ResponseOnPlatform 1
Rule_75	?a chosen_Answer_Code ?d ?d type User => ?a ResponseOnPlatform 1	102_M004_01 chosen_Answer_Code 8 | 8 type User => 102_M004_01 ResponseOnPlatform 1
Rule_75	?a chosen_Answer_Code ?d ?d type User => ?a ResponseOnPlatform 1	489_UM16 chosen_Answer_Code 5 | 5 type User => 489_UM16 ResponseOnPlatform 1
Rule_75	?a chosen_Answer_Code ?d ?d type User => ?a ResponseOnPlatform 1	478_UM14 chosen_Answer_Code 4 | 4 type User => 478_UM14 ResponseOnPlatform 1
Rule_75	?a chosen_Answer_Code ?d ?d type User => ?a ResponseOnPlatform 1	364_SU01_04 chosen_Answer_Code 3 | 3 type User => 364_SU01_04 ResponseOnPlatform 1
Rule_75	?a chosen_Answer_Code ?d ?d type User => ?a ResponseOnPlatform 1	168_M003_01 chosen_Answer_Code 10 | 10 type User => 168_M003_01 ResponseOnPlatform 1
Rule_75	?a chosen_Answer_Code ?d ?d type User => ?a ResponseOnPlatform 1	82_M004_01 chosen_Answer_Code 10 | 10 type User => 82_M004_01 ResponseOnPlatform 1
Rule_75	?a chosen_Answer_Code ?d ?d type User => ?a ResponseOnPlatform 1	28_M005 chosen_Answer_Code 3 | 3 type User => 28_M005 ResponseOnPlatform 1
Rule_75	?a chosen_Answer_Code ?d ?d type User => ?a ResponseOnPlatform 1	469_UM17 chosen_Answer_Code 3 | 3 type User => 469_UM17 ResponseOnPlatform 1
Rule_75	?a chosen_Answer_Code ?d ?d type User => ?a ResponseOnPlatform 1	432_UM20 chosen_Answer_Code 5 | 5 type User => 432_UM20 ResponseOnPlatform 1
Rule_75	?a chosen_Answer_Code ?d ?d type User => ?a ResponseOnPlatform 1	489_UM23 chosen_Answer_Code 5 | 5 type User => 489_UM23 ResponseOnPlatform 1
Rule_75	?a chosen_Answer_Code ?d ?d type User => ?a ResponseOnPlatform 1	110_M006_01 chosen_Answer_Code 9 | 9 type User => 110_M006_01 ResponseOnPlatform 1
Rule_75	?a chosen_Answer_Code ?d ?d type User => ?a ResponseOnPlatform 1	321_SU01_03 chosen_Answer_Code 5 | 5 type User => 321_SU01_03 ResponseOnPlatform 1
Rule_75	?a chosen_Answer_Code ?d ?d type User => ?a ResponseOnPlatform 1	141_M010_01 chosen_Answer_Code 8 | 8 type User => 141_M010_01 ResponseOnPlatform 1
Rule_75	?a chosen_Answer_Code ?d ?d type User => ?a ResponseOnPlatform 1	330_SU01_01 chosen_Answer_Code 3 | 3 type User => 330_SU01_01 ResponseOnPlatform 1
Rule_75	?a chosen_Answer_Code ?d ?d type User => ?a ResponseOnPlatform 1	68_M004_01 chosen_Answer_Code 7 | 7 type User => 68_M004_01 ResponseOnPlatform 1
Rule_75	?a chosen_Answer_Code ?d ?d type User => ?a ResponseOnPlatform 1	312_SU01_08 chosen_Answer_Code 5 | 5 type User => 312_SU01_08 ResponseOnPlatform 1
Rule_75	?a chosen_Answer_Code ?d ?d type User => ?a ResponseOnPlatform 1	469_UM10 chosen_Answer_Code 4 | 4 type User => 469_UM10 ResponseOnPlatform 1
Rule_75	?a chosen_Answer_Code ?d ?d type User => ?a ResponseOnPlatform 1	424_UM06 chosen_Answer_Code 4 | 4 type User => 424_UM06 ResponseOnPlatform 1
Rule_75	?a chosen_Answer_Code ?d ?d type User => ?a ResponseOnPlatform 1	420_UM07 chosen_Answer_Code 5 | 5 type User => 420_UM07 ResponseOnPlatform 1
Rule_75	?a chosen_Answer_Code ?d ?d type User => ?a ResponseOnPlatform 1	424_UM17 chosen_Answer_Code 2 | 2 type User => 424_UM17 ResponseOnPlatform 1
Rule_75	?a chosen_Answer_Code ?d ?d type User => ?a ResponseOnPlatform 1	294_M004_01 chosen_Answer_Code 9 | 9 type User => 294_M004_01 ResponseOnPlatform 1
Rule_75	?a chosen_Answer_Code ?d ?d type User => ?a ResponseOnPlatform 1	127_M004_01 chosen_Answer_Code 9 | 9 type User => 127_M004_01 ResponseOnPlatform 1
Rule_75	?a chosen_Answer_Code ?d ?d type User => ?a ResponseOnPlatform 1	83_M010_01 chosen_Answer_Code 7 | 7 type User => 83_M010_01 ResponseOnPlatform 1
Rule_75	?a chosen_Answer_Code ?d ?d type User => ?a ResponseOnPlatform 1	467_UM16 chosen_Answer_Code 4 | 4 type User => 467_UM16 ResponseOnPlatform 1
Rule_75	?a chosen_Answer_Code ?d ?d type User => ?a ResponseOnPlatform 1	100_M006_01 chosen_Answer_Code 4 | 4 type User => 100_M006_01 ResponseOnPlatform 1
Rule_75	?a chosen_Answer_Code ?d ?d type User => ?a ResponseOnPlatform 1	282_M003_01 chosen_Answer_Code 8 | 8 type User => 282_M003_01 ResponseOnPlatform 1
Rule_75	?a chosen_Answer_Code ?d ?d type User => ?a ResponseOnPlatform 1	469_UM21 chosen_Answer_Code 4 | 4 type User => 469_UM21 ResponseOnPlatform 1
Rule_75	?a chosen_Answer_Code ?d ?d type User => ?a ResponseOnPlatform 1	345_SU01_05 chosen_Answer_Code 5 | 5 type User => 345_SU01_05 ResponseOnPlatform 1
Rule_75	?a chosen_Answer_Code ?d ?d type User => ?a ResponseOnPlatform 1	88_M004_01 chosen_Answer_Code 10 | 10 type User => 88_M004_01 ResponseOnPlatform 1
Rule_75	?a chosen_Answer_Code ?d ?d type User => ?a ResponseOnPlatform 1	413_UM21 chosen_Answer_Code 4 | 4 type User => 413_UM21 ResponseOnPlatform 1
Rule_75	?a chosen_Answer_Code ?d ?d type User => ?a ResponseOnPlatform 1	31_M005 chosen_Answer_Code 2 | 2 type User => 31_M005 ResponseOnPlatform 1
Rule_75	?a chosen_Answer_Code ?d ?d type User => ?a ResponseOnPlatform 1	81_M006_01 chosen_Answer_Code 7 | 7 type User => 81_M006_01 ResponseOnPlatform 1
Rule_75	?a chosen_Answer_Code ?d ?d type User => ?a ResponseOnPlatform 1	469_UM18 chosen_Answer_Code 3 | 3 type User => 469_UM18 ResponseOnPlatform 1
Rule_75	?a chosen_Answer_Code ?d ?d type User => ?a ResponseOnPlatform 1	465_UM22 chosen_Answer_Code 4 | 4 type User => 465_UM22 ResponseOnPlatform 1
Rule_75	?a chosen_Answer_Code ?d ?d type User => ?a ResponseOnPlatform 1	255_M006_01 chosen_Answer_Code 10 | 10 type User => 255_M006_01 ResponseOnPlatform 1
Rule_75	?a chosen_Answer_Code ?d ?d type User => ?a ResponseOnPlatform 1	463_UM18 chosen_Answer_Code 1 | 1 type User => 463_UM18 ResponseOnPlatform 1
Rule_75	?a chosen_Answer_Code ?d ?d type User => ?a ResponseOnPlatform 1	474_UM07 chosen_Answer_Code 4 | 4 type User => 474_UM07 ResponseOnPlatform 1
Rule_75	?a chosen_Answer_Code ?d ?d type User => ?a ResponseOnPlatform 1	392_SU01_05 chosen_Answer_Code 5 | 5 type User => 392_SU01_05 ResponseOnPlatform 1
Rule_75	?a chosen_Answer_Code ?d ?d type User => ?a ResponseOnPlatform 1	408_UM21 chosen_Answer_Code 4 | 4 type User => 408_UM21 ResponseOnPlatform 1
Rule_75	?a chosen_Answer_Code ?d ?d type User => ?a ResponseOnPlatform 1	34_M003_01 chosen_Answer_Code 9 | 9 type User => 34_M003_01 ResponseOnPlatform 1
Rule_75	?a chosen_Answer_Code ?d ?d type User => ?a ResponseOnPlatform 1	471_UM19 chosen_Answer_Code 3 | 3 type User => 471_UM19 ResponseOnPlatform 1
Rule_75	?a chosen_Answer_Code ?d ?d type User => ?a ResponseOnPlatform 1	349_SU01_08 chosen_Answer_Code 4 | 4 type User => 349_SU01_08 ResponseOnPlatform 1
Rule_75	?a chosen_Answer_Code ?d ?d type User => ?a ResponseOnPlatform 1	340_SU01_03 chosen_Answer_Code 5 | 5 type User => 340_SU01_03 ResponseOnPlatform 1
Rule_75	?a chosen_Answer_Code ?d ?d type User => ?a ResponseOnPlatform 1	476_UM20 chosen_Answer_Code 3 | 3 type User => 476_UM20 ResponseOnPlatform 1
Rule_75	?a chosen_Answer_Code ?d ?d type User => ?a ResponseOnPlatform 1	464_UM12 chosen_Answer_Code 5 | 5 type User => 464_UM12 ResponseOnPlatform 1
Rule_75	?a chosen_Answer_Code ?d ?d type User => ?a ResponseOnPlatform 1	472_UM10 chosen_Answer_Code 4 | 4 type User => 472_UM10 ResponseOnPlatform 1
Rule_75	?a chosen_Answer_Code ?d ?d type User => ?a ResponseOnPlatform 1	258_M010_01 chosen_Answer_Code 7 | 7 type User => 258_M010_01 ResponseOnPlatform 1
Rule_75	?a chosen_Answer_Code ?d ?d type User => ?a ResponseOnPlatform 1	465_UM21 chosen_Answer_Code 5 | 5 type User => 465_UM21 ResponseOnPlatform 1
Rule_75	?a chosen_Answer_Code ?d ?d type User => ?a ResponseOnPlatform 1	449_UM18 chosen_Answer_Code 2 | 2 type User => 449_UM18 ResponseOnPlatform 1
Rule_75	?a chosen_Answer_Code ?d ?d type User => ?a ResponseOnPlatform 1	147_M002_01 chosen_Answer_Code 9 | 9 type User => 147_M002_01 ResponseOnPlatform 1
Rule_75	?a chosen_Answer_Code ?d ?d type User => ?a ResponseOnPlatform 1	372_SU01_06 chosen_Answer_Code 5 | 5 type User => 372_SU01_06 ResponseOnPlatform 1
Rule_75	?a chosen_Answer_Code ?d ?d type User => ?a ResponseOnPlatform 1	423_UM15 chosen_Answer_Code 4 | 4 type User => 423_UM15 ResponseOnPlatform 1
Rule_75	?a chosen_Answer_Code ?d ?d type User => ?a ResponseOnPlatform 1	111_M006_01 chosen_Answer_Code 9 | 9 type User => 111_M006_01 ResponseOnPlatform 1
Rule_75	?a chosen_Answer_Code ?d ?d type User => ?a ResponseOnPlatform 1	196_M006_01 chosen_Answer_Code 8 | 8 type User => 196_M006_01 ResponseOnPlatform 1
Rule_75	?a chosen_Answer_Code ?d ?d type User => ?a ResponseOnPlatform 1	308_M004_01 chosen_Answer_Code 6 | 6 type User => 308_M004_01 ResponseOnPlatform 1
Rule_75	?a chosen_Answer_Code ?d ?d type User => ?a ResponseOnPlatform 1	96_M003_01 chosen_Answer_Code 10 | 10 type User => 96_M003_01 ResponseOnPlatform 1
Rule_75	?a chosen_Answer_Code ?d ?d type User => ?a ResponseOnPlatform 1	423_UM14 chosen_Answer_Code 4 | 4 type User => 423_UM14 ResponseOnPlatform 1
Rule_75	?a chosen_Answer_Code ?d ?d type User => ?a ResponseOnPlatform 1	65_M010_01 chosen_Answer_Code 1 | 1 type User => 65_M010_01 ResponseOnPlatform 1
Rule_75	?a chosen_Answer_Code ?d ?d type User => ?a ResponseOnPlatform 1	391_SU01_06 chosen_Answer_Code 5 | 5 type User => 391_SU01_06 ResponseOnPlatform 1
Rule_75	?a chosen_Answer_Code ?d ?d type User => ?a ResponseOnPlatform 1	72_M010_01 chosen_Answer_Code 9 | 9 type User => 72_M010_01 ResponseOnPlatform 1
Rule_75	?a chosen_Answer_Code ?d ?d type User => ?a ResponseOnPlatform 1	484_UM07 chosen_Answer_Code 4 | 4 type User => 484_UM07 ResponseOnPlatform 1
Rule_75	?a chosen_Answer_Code ?d ?d type User => ?a ResponseOnPlatform 1	114_M003_01 chosen_Answer_Code 10 | 10 type User => 114_M003_01 ResponseOnPlatform 1
Rule_75	?a chosen_Answer_Code ?d ?d type User => ?a ResponseOnPlatform 1	340_SU01_04 chosen_Answer_Code 5 | 5 type User => 340_SU01_04 ResponseOnPlatform 1
Rule_75	?a chosen_Answer_Code ?d ?d type User => ?a ResponseOnPlatform 1	371_SU01_03 chosen_Answer_Code 4 | 4 type User => 371_SU01_03 ResponseOnPlatform 1
Rule_75	?a chosen_Answer_Code ?d ?d type User => ?a ResponseOnPlatform 1	64_M006_01 chosen_Answer_Code 9 | 9 type User => 64_M006_01 ResponseOnPlatform 1
Rule_75	?a chosen_Answer_Code ?d ?d type User => ?a ResponseOnPlatform 1	476_UM21 chosen_Answer_Code 4 | 4 type User => 476_UM21 ResponseOnPlatform 1
Rule_75	?a chosen_Answer_Code ?d ?d type User => ?a ResponseOnPlatform 1	397_SU01_07 chosen_Answer_Code 4 | 4 type User => 397_SU01_07 ResponseOnPlatform 1
Rule_75	?a chosen_Answer_Code ?d ?d type User => ?a ResponseOnPlatform 1	471_UM23 chosen_Answer_Code 3 | 3 type User => 471_UM23 ResponseOnPlatform 1
Rule_75	?a chosen_Answer_Code ?d ?d type User => ?a ResponseOnPlatform 1	26_M010_01 chosen_Answer_Code 9 | 9 type User => 26_M010_01 ResponseOnPlatform 1
Rule_75	?a chosen_Answer_Code ?d ?d type User => ?a ResponseOnPlatform 1	331_SU01_08 chosen_Answer_Code 5 | 5 type User => 331_SU01_08 ResponseOnPlatform 1
Rule_75	?a chosen_Answer_Code ?d ?d type User => ?a ResponseOnPlatform 1	300_M002_01 chosen_Answer_Code 8 | 8 type User => 300_M002_01 ResponseOnPlatform 1
Rule_75	?a chosen_Answer_Code ?d ?d type User => ?a ResponseOnPlatform 1	183_M010_01 chosen_Answer_Code 5 | 5 type User => 183_M010_01 ResponseOnPlatform 1
Rule_75	?a chosen_Answer_Code ?d ?d type User => ?a ResponseOnPlatform 1	334_SU01_10 chosen_Answer_Code 4 | 4 type User => 334_SU01_10 ResponseOnPlatform 1
Rule_75	?a chosen_Answer_Code ?d ?d type User => ?a ResponseOnPlatform 1	94_M004_01 chosen_Answer_Code 8 | 8 type User => 94_M004_01 ResponseOnPlatform 1
Rule_75	?a chosen_Answer_Code ?d ?d type User => ?a ResponseOnPlatform 1	392_SU01_07 chosen_Answer_Code 4 | 4 type User => 392_SU01_07 ResponseOnPlatform 1
Rule_75	?a chosen_Answer_Code ?d ?d type User => ?a ResponseOnPlatform 1	302_M006_01 chosen_Answer_Code 10 | 10 type User => 302_M006_01 ResponseOnPlatform 1
Rule_75	?a chosen_Answer_Code ?d ?d type User => ?a ResponseOnPlatform 1	458_UM15 chosen_Answer_Code 5 | 5 type User => 458_UM15 ResponseOnPlatform 1
Rule_75	?a chosen_Answer_Code ?d ?d type User => ?a ResponseOnPlatform 1	239_M003_01 chosen_Answer_Code 7 | 7 type User => 239_M003_01 ResponseOnPlatform 1
Rule_75	?a chosen_Answer_Code ?d ?d type User => ?a ResponseOnPlatform 1	172_M003_01 chosen_Answer_Code 9 | 9 type User => 172_M003_01 ResponseOnPlatform 1
Rule_75	?a chosen_Answer_Code ?d ?d type User => ?a ResponseOnPlatform 1	236_M003_01 chosen_Answer_Code 10 | 10 type User => 236_M003_01 ResponseOnPlatform 1
Rule_75	?a chosen_Answer_Code ?d ?d type User => ?a ResponseOnPlatform 1	52_M005 chosen_Answer_Code 2 | 2 type User => 52_M005 ResponseOnPlatform 1
Rule_75	?a chosen_Answer_Code ?d ?d type User => ?a ResponseOnPlatform 1	344_SU01_07 chosen_Answer_Code 5 | 5 type User => 344_SU01_07 ResponseOnPlatform 1
Rule_75	?a chosen_Answer_Code ?d ?d type User => ?a ResponseOnPlatform 1	35_M002_01 chosen_Answer_Code 8 | 8 type User => 35_M002_01 ResponseOnPlatform 1
Rule_75	?a chosen_Answer_Code ?d ?d type User => ?a ResponseOnPlatform 1	435_UM06 chosen_Answer_Code 3 | 3 type User => 435_UM06 ResponseOnPlatform 1
Rule_75	?a chosen_Answer_Code ?d ?d type User => ?a ResponseOnPlatform 1	469_UM09 chosen_Answer_Code 4 | 4 type User => 469_UM09 ResponseOnPlatform 1
Rule_75	?a chosen_Answer_Code ?d ?d type User => ?a ResponseOnPlatform 1	145_M010_01 chosen_Answer_Code 8 | 8 type User => 145_M010_01 ResponseOnPlatform 1
Rule_75	?a chosen_Answer_Code ?d ?d type User => ?a ResponseOnPlatform 1	114_M006_01 chosen_Answer_Code 10 | 10 type User => 114_M006_01 ResponseOnPlatform 1
Rule_75	?a chosen_Answer_Code ?d ?d type User => ?a ResponseOnPlatform 1	459_UM17 chosen_Answer_Code 3 | 3 type User => 459_UM17 ResponseOnPlatform 1
Rule_75	?a chosen_Answer_Code ?d ?d type User => ?a ResponseOnPlatform 1	251_M003_01 chosen_Answer_Code 10 | 10 type User => 251_M003_01 ResponseOnPlatform 1
Rule_75	?a chosen_Answer_Code ?d ?d type User => ?a ResponseOnPlatform 1	270_M005 chosen_Answer_Code 2 | 2 type User => 270_M005 ResponseOnPlatform 1
Rule_75	?a chosen_Answer_Code ?d ?d type User => ?a ResponseOnPlatform 1	18_M010_01 chosen_Answer_Code 4 | 4 type User => 18_M010_01 ResponseOnPlatform 1
Rule_75	?a chosen_Answer_Code ?d ?d type User => ?a ResponseOnPlatform 1	273_M005 chosen_Answer_Code 1 | 1 type User => 273_M005 ResponseOnPlatform 1
Rule_75	?a chosen_Answer_Code ?d ?d type User => ?a ResponseOnPlatform 1	438_UM02 chosen_Answer_Code 5 | 5 type User => 438_UM02 ResponseOnPlatform 1
Rule_75	?a chosen_Answer_Code ?d ?d type User => ?a ResponseOnPlatform 1	7_M002_01 chosen_Answer_Code 10 | 10 type User => 7_M002_01 ResponseOnPlatform 1
Rule_75	?a chosen_Answer_Code ?d ?d type User => ?a ResponseOnPlatform 1	375_SU01_03 chosen_Answer_Code 4 | 4 type User => 375_SU01_03 ResponseOnPlatform 1
Rule_75	?a chosen_Answer_Code ?d ?d type User => ?a ResponseOnPlatform 1	443_UM12 chosen_Answer_Code 5 | 5 type User => 443_UM12 ResponseOnPlatform 1
Rule_75	?a chosen_Answer_Code ?d ?d type User => ?a ResponseOnPlatform 1	406_UM23 chosen_Answer_Code 4 | 4 type User => 406_UM23 ResponseOnPlatform 1
Rule_75	?a chosen_Answer_Code ?d ?d type User => ?a ResponseOnPlatform 1	205_M005 chosen_Answer_Code 1 | 1 type User => 205_M005 ResponseOnPlatform 1
Rule_75	?a chosen_Answer_Code ?d ?d type User => ?a ResponseOnPlatform 1	192_M005 chosen_Answer_Code 1 | 1 type User => 192_M005 ResponseOnPlatform 1
Rule_75	?a chosen_Answer_Code ?d ?d type User => ?a ResponseOnPlatform 1	118_M003_01 chosen_Answer_Code 6 | 6 type User => 118_M003_01 ResponseOnPlatform 1
Rule_75	?a chosen_Answer_Code ?d ?d type User => ?a ResponseOnPlatform 1	426_UM14 chosen_Answer_Code 3 | 3 type User => 426_UM14 ResponseOnPlatform 1
Rule_75	?a chosen_Answer_Code ?d ?d type User => ?a ResponseOnPlatform 1	392_SU01_10 chosen_Answer_Code 3 | 3 type User => 392_SU01_10 ResponseOnPlatform 1
Rule_75	?a chosen_Answer_Code ?d ?d type User => ?a ResponseOnPlatform 1	370_SU01_07 chosen_Answer_Code 5 | 5 type User => 370_SU01_07 ResponseOnPlatform 1
Rule_75	?a chosen_Answer_Code ?d ?d type User => ?a ResponseOnPlatform 1	435_UM12 chosen_Answer_Code 4 | 4 type User => 435_UM12 ResponseOnPlatform 1
Rule_75	?a chosen_Answer_Code ?d ?d type User => ?a ResponseOnPlatform 1	14_M005 chosen_Answer_Code 2 | 2 type User => 14_M005 ResponseOnPlatform 1
Rule_75	?a chosen_Answer_Code ?d ?d type User => ?a ResponseOnPlatform 1	365_SU01_02 chosen_Answer_Code 4 | 4 type User => 365_SU01_02 ResponseOnPlatform 1
Rule_75	?a chosen_Answer_Code ?d ?d type User => ?a ResponseOnPlatform 1	17_M005 chosen_Answer_Code 2 | 2 type User => 17_M005 ResponseOnPlatform 1
Rule_75	?a chosen_Answer_Code ?d ?d type User => ?a ResponseOnPlatform 1	316_SU01_06 chosen_Answer_Code 5 | 5 type User => 316_SU01_06 ResponseOnPlatform 1
Rule_75	?a chosen_Answer_Code ?d ?d type User => ?a ResponseOnPlatform 1	444_UM20 chosen_Answer_Code 5 | 5 type User => 444_UM20 ResponseOnPlatform 1
Rule_75	?a chosen_Answer_Code ?d ?d type User => ?a ResponseOnPlatform 1	342_SU01_08 chosen_Answer_Code 5 | 5 type User => 342_SU01_08 ResponseOnPlatform 1
Rule_75	?a chosen_Answer_Code ?d ?d type User => ?a ResponseOnPlatform 1	272_M002_01 chosen_Answer_Code 9 | 9 type User => 272_M002_01 ResponseOnPlatform 1
Rule_75	?a chosen_Answer_Code ?d ?d type User => ?a ResponseOnPlatform 1	410_UM23 chosen_Answer_Code 3 | 3 type User => 410_UM23 ResponseOnPlatform 1
Rule_75	?a chosen_Answer_Code ?d ?d type User => ?a ResponseOnPlatform 1	134_M004_01 chosen_Answer_Code 7 | 7 type User => 134_M004_01 ResponseOnPlatform 1
Rule_75	?a chosen_Answer_Code ?d ?d type User => ?a ResponseOnPlatform 1	401_SU01_08 chosen_Answer_Code 4 | 4 type User => 401_SU01_08 ResponseOnPlatform 1
Rule_75	?a chosen_Answer_Code ?d ?d type User => ?a ResponseOnPlatform 1	443_UM04 chosen_Answer_Code 5 | 5 type User => 443_UM04 ResponseOnPlatform 1
Rule_75	?a chosen_Answer_Code ?d ?d type User => ?a ResponseOnPlatform 1	19_M010_01 chosen_Answer_Code 5 | 5 type User => 19_M010_01 ResponseOnPlatform 1
Rule_75	?a chosen_Answer_Code ?d ?d type User => ?a ResponseOnPlatform 1	257_M004_01 chosen_Answer_Code 10 | 10 type User => 257_M004_01 ResponseOnPlatform 1
Rule_75	?a chosen_Answer_Code ?d ?d type User => ?a ResponseOnPlatform 1	108_M006_01 chosen_Answer_Code 9 | 9 type User => 108_M006_01 ResponseOnPlatform 1
Rule_75	?a chosen_Answer_Code ?d ?d type User => ?a ResponseOnPlatform 1	228_M005 chosen_Answer_Code 2 | 2 type User => 228_M005 ResponseOnPlatform 1
Rule_75	?a chosen_Answer_Code ?d ?d type User => ?a ResponseOnPlatform 1	422_UM12 chosen_Answer_Code 4 | 4 type User => 422_UM12 ResponseOnPlatform 1
Rule_75	?a chosen_Answer_Code ?d ?d type User => ?a ResponseOnPlatform 1	427_UM10 chosen_Answer_Code 4 | 4 type User => 427_UM10 ResponseOnPlatform 1
Rule_75	?a chosen_Answer_Code ?d ?d type User => ?a ResponseOnPlatform 1	243_M005 chosen_Answer_Code 1 | 1 type User => 243_M005 ResponseOnPlatform 1
Rule_75	?a chosen_Answer_Code ?d ?d type User => ?a ResponseOnPlatform 1	371_SU01_04 chosen_Answer_Code 4 | 4 type User => 371_SU01_04 ResponseOnPlatform 1
Rule_75	?a chosen_Answer_Code ?d ?d type User => ?a ResponseOnPlatform 1	317_SU01_06 chosen_Answer_Code 4 | 4 type User => 317_SU01_06 ResponseOnPlatform 1
Rule_75	?a chosen_Answer_Code ?d ?d type User => ?a ResponseOnPlatform 1	129_M004_01 chosen_Answer_Code 10 | 10 type User => 129_M004_01 ResponseOnPlatform 1
Rule_75	?a chosen_Answer_Code ?d ?d type User => ?a ResponseOnPlatform 1	476_UM03 chosen_Answer_Code 4 | 4 type User => 476_UM03 ResponseOnPlatform 1
Rule_75	?a chosen_Answer_Code ?d ?d type User => ?a ResponseOnPlatform 1	427_UM14 chosen_Answer_Code 5 | 5 type User => 427_UM14 ResponseOnPlatform 1
Rule_75	?a chosen_Answer_Code ?d ?d type User => ?a ResponseOnPlatform 1	469_UM14 chosen_Answer_Code 4 | 4 type User => 469_UM14 ResponseOnPlatform 1
Rule_75	?a chosen_Answer_Code ?d ?d type User => ?a ResponseOnPlatform 1	403_SU01_04 chosen_Answer_Code 5 | 5 type User => 403_SU01_04 ResponseOnPlatform 1
Rule_75	?a chosen_Answer_Code ?d ?d type User => ?a ResponseOnPlatform 1	433_UM02 chosen_Answer_Code 4 | 4 type User => 433_UM02 ResponseOnPlatform 1
Rule_75	?a chosen_Answer_Code ?d ?d type User => ?a ResponseOnPlatform 1	47_M006_01 chosen_Answer_Code 7 | 7 type User => 47_M006_01 ResponseOnPlatform 1
Rule_75	?a chosen_Answer_Code ?d ?d type User => ?a ResponseOnPlatform 1	458_UM08 chosen_Answer_Code 5 | 5 type User => 458_UM08 ResponseOnPlatform 1
Rule_75	?a chosen_Answer_Code ?d ?d type User => ?a ResponseOnPlatform 1	268_M010_01 chosen_Answer_Code 6 | 6 type User => 268_M010_01 ResponseOnPlatform 1
Rule_75	?a chosen_Answer_Code ?d ?d type User => ?a ResponseOnPlatform 1	374_SU01_10 chosen_Answer_Code 5 | 5 type User => 374_SU01_10 ResponseOnPlatform 1
Rule_75	?a chosen_Answer_Code ?d ?d type User => ?a ResponseOnPlatform 1	439_UM09 chosen_Answer_Code 5 | 5 type User => 439_UM09 ResponseOnPlatform 1
Rule_75	?a chosen_Answer_Code ?d ?d type User => ?a ResponseOnPlatform 1	419_UM13 chosen_Answer_Code 5 | 5 type User => 419_UM13 ResponseOnPlatform 1
Rule_75	?a chosen_Answer_Code ?d ?d type User => ?a ResponseOnPlatform 1	77_M003_01 chosen_Answer_Code 10 | 10 type User => 77_M003_01 ResponseOnPlatform 1
Rule_75	?a chosen_Answer_Code ?d ?d type User => ?a ResponseOnPlatform 1	107_M005 chosen_Answer_Code 2 | 2 type User => 107_M005 ResponseOnPlatform 1
Rule_75	?a chosen_Answer_Code ?d ?d type User => ?a ResponseOnPlatform 1	179_M003_01 chosen_Answer_Code 7 | 7 type User => 179_M003_01 ResponseOnPlatform 1
Rule_75	?a chosen_Answer_Code ?d ?d type User => ?a ResponseOnPlatform 1	422_UM06 chosen_Answer_Code 4 | 4 type User => 422_UM06 ResponseOnPlatform 1
Rule_75	?a chosen_Answer_Code ?d ?d type User => ?a ResponseOnPlatform 1	150_M005 chosen_Answer_Code 1 | 1 type User => 150_M005 ResponseOnPlatform 1
Rule_75	?a chosen_Answer_Code ?d ?d type User => ?a ResponseOnPlatform 1	481_UM20 chosen_Answer_Code 5 | 5 type User => 481_UM20 ResponseOnPlatform 1
Rule_75	?a chosen_Answer_Code ?d ?d type User => ?a ResponseOnPlatform 1	468_UM03 chosen_Answer_Code 4 | 4 type User => 468_UM03 ResponseOnPlatform 1
Rule_75	?a chosen_Answer_Code ?d ?d type User => ?a ResponseOnPlatform 1	353_SU01_08 chosen_Answer_Code 3 | 3 type User => 353_SU01_08 ResponseOnPlatform 1
Rule_75	?a chosen_Answer_Code ?d ?d type User => ?a ResponseOnPlatform 1	31_M006_01 chosen_Answer_Code 10 | 10 type User => 31_M006_01 ResponseOnPlatform 1
Rule_75	?a chosen_Answer_Code ?d ?d type User => ?a ResponseOnPlatform 1	447_UM04 chosen_Answer_Code 3 | 3 type User => 447_UM04 ResponseOnPlatform 1
Rule_75	?a chosen_Answer_Code ?d ?d type User => ?a ResponseOnPlatform 1	408_UM25 chosen_Answer_Code 4 | 4 type User => 408_UM25 ResponseOnPlatform 1
Rule_75	?a chosen_Answer_Code ?d ?d type User => ?a ResponseOnPlatform 1	435_UM22 chosen_Answer_Code 2 | 2 type User => 435_UM22 ResponseOnPlatform 1
Rule_75	?a chosen_Answer_Code ?d ?d type User => ?a ResponseOnPlatform 1	457_UM13 chosen_Answer_Code 4 | 4 type User => 457_UM13 ResponseOnPlatform 1
Rule_75	?a chosen_Answer_Code ?d ?d type User => ?a ResponseOnPlatform 1	385_SU01_07 chosen_Answer_Code 4 | 4 type User => 385_SU01_07 ResponseOnPlatform 1
Rule_75	?a chosen_Answer_Code ?d ?d type User => ?a ResponseOnPlatform 1	458_UM19 chosen_Answer_Code 5 | 5 type User => 458_UM19 ResponseOnPlatform 1
Rule_75	?a chosen_Answer_Code ?d ?d type User => ?a ResponseOnPlatform 1	28_M010_01 chosen_Answer_Code 6 | 6 type User => 28_M010_01 ResponseOnPlatform 1
Rule_75	?a chosen_Answer_Code ?d ?d type User => ?a ResponseOnPlatform 1	264_M002_01 chosen_Answer_Code 9 | 9 type User => 264_M002_01 ResponseOnPlatform 1
Rule_75	?a chosen_Answer_Code ?d ?d type User => ?a ResponseOnPlatform 1	177_M010_01 chosen_Answer_Code 10 | 10 type User => 177_M010_01 ResponseOnPlatform 1
Rule_75	?a chosen_Answer_Code ?d ?d type User => ?a ResponseOnPlatform 1	369_SU01_05 chosen_Answer_Code 5 | 5 type User => 369_SU01_05 ResponseOnPlatform 1
Rule_75	?a chosen_Answer_Code ?d ?d type User => ?a ResponseOnPlatform 1	331_SU01_04 chosen_Answer_Code 5 | 5 type User => 331_SU01_04 ResponseOnPlatform 1
Rule_75	?a chosen_Answer_Code ?d ?d type User => ?a ResponseOnPlatform 1	271_M002_01 chosen_Answer_Code 10 | 10 type User => 271_M002_01 ResponseOnPlatform 1
Rule_75	?a chosen_Answer_Code ?d ?d type User => ?a ResponseOnPlatform 1	411_UM02 chosen_Answer_Code 4 | 4 type User => 411_UM02 ResponseOnPlatform 1
Rule_75	?a chosen_Answer_Code ?d ?d type User => ?a ResponseOnPlatform 1	437_UM16 chosen_Answer_Code 5 | 5 type User => 437_UM16 ResponseOnPlatform 1
Rule_75	?a chosen_Answer_Code ?d ?d type User => ?a ResponseOnPlatform 1	456_UM02 chosen_Answer_Code 4 | 4 type User => 456_UM02 ResponseOnPlatform 1
Rule_75	?a chosen_Answer_Code ?d ?d type User => ?a ResponseOnPlatform 1	150_M006_01 chosen_Answer_Code 10 | 10 type User => 150_M006_01 ResponseOnPlatform 1
Rule_75	?a chosen_Answer_Code ?d ?d type User => ?a ResponseOnPlatform 1	437_UM07 chosen_Answer_Code 5 | 5 type User => 437_UM07 ResponseOnPlatform 1
Rule_75	?a chosen_Answer_Code ?d ?d type User => ?a ResponseOnPlatform 1	259_M002_01 chosen_Answer_Code 9 | 9 type User => 259_M002_01 ResponseOnPlatform 1
Rule_75	?a chosen_Answer_Code ?d ?d type User => ?a ResponseOnPlatform 1	413_UM12 chosen_Answer_Code 5 | 5 type User => 413_UM12 ResponseOnPlatform 1
Rule_75	?a chosen_Answer_Code ?d ?d type User => ?a ResponseOnPlatform 1	108_M005 chosen_Answer_Code 1 | 1 type User => 108_M005 ResponseOnPlatform 1
Rule_75	?a chosen_Answer_Code ?d ?d type User => ?a ResponseOnPlatform 1	350_SU01_07 chosen_Answer_Code 5 | 5 type User => 350_SU01_07 ResponseOnPlatform 1
Rule_75	?a chosen_Answer_Code ?d ?d type User => ?a ResponseOnPlatform 1	389_SU01_05 chosen_Answer_Code 4 | 4 type User => 389_SU01_05 ResponseOnPlatform 1
Rule_75	?a chosen_Answer_Code ?d ?d type User => ?a ResponseOnPlatform 1	44_M003_01 chosen_Answer_Code 8 | 8 type User => 44_M003_01 ResponseOnPlatform 1
Rule_75	?a chosen_Answer_Code ?d ?d type User => ?a ResponseOnPlatform 1	428_UM21 chosen_Answer_Code 4 | 4 type User => 428_UM21 ResponseOnPlatform 1
Rule_75	?a chosen_Answer_Code ?d ?d type User => ?a ResponseOnPlatform 1	444_UM19 chosen_Answer_Code 5 | 5 type User => 444_UM19 ResponseOnPlatform 1
Rule_75	?a chosen_Answer_Code ?d ?d type User => ?a ResponseOnPlatform 1	403_SU01_01 chosen_Answer_Code 3 | 3 type User => 403_SU01_01 ResponseOnPlatform 1
Rule_75	?a chosen_Answer_Code ?d ?d type User => ?a ResponseOnPlatform 1	127_M006_01 chosen_Answer_Code 9 | 9 type User => 127_M006_01 ResponseOnPlatform 1
Rule_75	?a chosen_Answer_Code ?d ?d type User => ?a ResponseOnPlatform 1	392_SU01_08 chosen_Answer_Code 4 | 4 type User => 392_SU01_08 ResponseOnPlatform 1
Rule_75	?a chosen_Answer_Code ?d ?d type User => ?a ResponseOnPlatform 1	373_SU01_02 chosen_Answer_Code 4 | 4 type User => 373_SU01_02 ResponseOnPlatform 1
Rule_75	?a chosen_Answer_Code ?d ?d type User => ?a ResponseOnPlatform 1	205_M002_01 chosen_Answer_Code 6 | 6 type User => 205_M002_01 ResponseOnPlatform 1
Rule_75	?a chosen_Answer_Code ?d ?d type User => ?a ResponseOnPlatform 1	136_M005 chosen_Answer_Code 3 | 3 type User => 136_M005 ResponseOnPlatform 1
Rule_75	?a chosen_Answer_Code ?d ?d type User => ?a ResponseOnPlatform 1	13_M004_01 chosen_Answer_Code 1 | 1 type User => 13_M004_01 ResponseOnPlatform 1
Rule_75	?a chosen_Answer_Code ?d ?d type User => ?a ResponseOnPlatform 1	463_UM14 chosen_Answer_Code 5 | 5 type User => 463_UM14 ResponseOnPlatform 1
Rule_75	?a chosen_Answer_Code ?d ?d type User => ?a ResponseOnPlatform 1	28_M002_01 chosen_Answer_Code 6 | 6 type User => 28_M002_01 ResponseOnPlatform 1
Rule_75	?a chosen_Answer_Code ?d ?d type User => ?a ResponseOnPlatform 1	472_UM02 chosen_Answer_Code 5 | 5 type User => 472_UM02 ResponseOnPlatform 1
Rule_75	?a chosen_Answer_Code ?d ?d type User => ?a ResponseOnPlatform 1	336_SU01_02 chosen_Answer_Code 3 | 3 type User => 336_SU01_02 ResponseOnPlatform 1
Rule_75	?a chosen_Answer_Code ?d ?d type User => ?a ResponseOnPlatform 1	85_M003_01 chosen_Answer_Code 9 | 9 type User => 85_M003_01 ResponseOnPlatform 1
Rule_75	?a chosen_Answer_Code ?d ?d type User => ?a ResponseOnPlatform 1	383_SU01_07 chosen_Answer_Code 3 | 3 type User => 383_SU01_07 ResponseOnPlatform 1
Rule_75	?a chosen_Answer_Code ?d ?d type User => ?a ResponseOnPlatform 1	115_M004_01 chosen_Answer_Code 7 | 7 type User => 115_M004_01 ResponseOnPlatform 1
Rule_75	?a chosen_Answer_Code ?d ?d type User => ?a ResponseOnPlatform 1	58_M004_01 chosen_Answer_Code 10 | 10 type User => 58_M004_01 ResponseOnPlatform 1
Rule_75	?a chosen_Answer_Code ?d ?d type User => ?a ResponseOnPlatform 1	486_UM15 chosen_Answer_Code 5 | 5 type User => 486_UM15 ResponseOnPlatform 1
Rule_75	?a chosen_Answer_Code ?d ?d type User => ?a ResponseOnPlatform 1	215_M005 chosen_Answer_Code 1 | 1 type User => 215_M005 ResponseOnPlatform 1
Rule_75	?a chosen_Answer_Code ?d ?d type User => ?a ResponseOnPlatform 1	452_UM17 chosen_Answer_Code 3 | 3 type User => 452_UM17 ResponseOnPlatform 1
Rule_75	?a chosen_Answer_Code ?d ?d type User => ?a ResponseOnPlatform 1	366_SU01_03 chosen_Answer_Code 3 | 3 type User => 366_SU01_03 ResponseOnPlatform 1
Rule_75	?a chosen_Answer_Code ?d ?d type User => ?a ResponseOnPlatform 1	429_UM07 chosen_Answer_Code 4 | 4 type User => 429_UM07 ResponseOnPlatform 1
Rule_75	?a chosen_Answer_Code ?d ?d type User => ?a ResponseOnPlatform 1	411_UM04 chosen_Answer_Code 3 | 3 type User => 411_UM04 ResponseOnPlatform 1
Rule_75	?a chosen_Answer_Code ?d ?d type User => ?a ResponseOnPlatform 1	4_M003_01 chosen_Answer_Code 9 | 9 type User => 4_M003_01 ResponseOnPlatform 1
Rule_75	?a chosen_Answer_Code ?d ?d type User => ?a ResponseOnPlatform 1	327_SU01_06 chosen_Answer_Code 5 | 5 type User => 327_SU01_06 ResponseOnPlatform 1
Rule_75	?a chosen_Answer_Code ?d ?d type User => ?a ResponseOnPlatform 1	434_UM01 chosen_Answer_Code 2 | 2 type User => 434_UM01 ResponseOnPlatform 1
Rule_75	?a chosen_Answer_Code ?d ?d type User => ?a ResponseOnPlatform 1	415_UM14 chosen_Answer_Code 4 | 4 type User => 415_UM14 ResponseOnPlatform 1
Rule_75	?a chosen_Answer_Code ?d ?d type User => ?a ResponseOnPlatform 1	19_M002_01 chosen_Answer_Code 10 | 10 type User => 19_M002_01 ResponseOnPlatform 1
Rule_75	?a chosen_Answer_Code ?d ?d type User => ?a ResponseOnPlatform 1	263_M010_01 chosen_Answer_Code 9 | 9 type User => 263_M010_01 ResponseOnPlatform 1
Rule_75	?a chosen_Answer_Code ?d ?d type User => ?a ResponseOnPlatform 1	437_UM04 chosen_Answer_Code 4 | 4 type User => 437_UM04 ResponseOnPlatform 1
Rule_75	?a chosen_Answer_Code ?d ?d type User => ?a ResponseOnPlatform 1	468_UM21 chosen_Answer_Code 4 | 4 type User => 468_UM21 ResponseOnPlatform 1
Rule_75	?a chosen_Answer_Code ?d ?d type User => ?a ResponseOnPlatform 1	357_SU01_08 chosen_Answer_Code 5 | 5 type User => 357_SU01_08 ResponseOnPlatform 1
Rule_75	?a chosen_Answer_Code ?d ?d type User => ?a ResponseOnPlatform 1	45_M003_01 chosen_Answer_Code 5 | 5 type User => 45_M003_01 ResponseOnPlatform 1
Rule_75	?a chosen_Answer_Code ?d ?d type User => ?a ResponseOnPlatform 1	356_SU01_01 chosen_Answer_Code 3 | 3 type User => 356_SU01_01 ResponseOnPlatform 1
Rule_75	?a chosen_Answer_Code ?d ?d type User => ?a ResponseOnPlatform 1	317_SU01_08 chosen_Answer_Code 3 | 3 type User => 317_SU01_08 ResponseOnPlatform 1
Rule_75	?a chosen_Answer_Code ?d ?d type User => ?a ResponseOnPlatform 1	409_UM08 chosen_Answer_Code 5 | 5 type User => 409_UM08 ResponseOnPlatform 1
Rule_75	?a chosen_Answer_Code ?d ?d type User => ?a ResponseOnPlatform 1	360_SU01_01 chosen_Answer_Code 5 | 5 type User => 360_SU01_01 ResponseOnPlatform 1
Rule_75	?a chosen_Answer_Code ?d ?d type User => ?a ResponseOnPlatform 1	40_M003_01 chosen_Answer_Code 8 | 8 type User => 40_M003_01 ResponseOnPlatform 1
Rule_75	?a chosen_Answer_Code ?d ?d type User => ?a ResponseOnPlatform 1	440_UM09 chosen_Answer_Code 5 | 5 type User => 440_UM09 ResponseOnPlatform 1
Rule_75	?a chosen_Answer_Code ?d ?d type User => ?a ResponseOnPlatform 1	430_UM04 chosen_Answer_Code 4 | 4 type User => 430_UM04 ResponseOnPlatform 1
Rule_75	?a chosen_Answer_Code ?d ?d type User => ?a ResponseOnPlatform 1	370_SU01_04 chosen_Answer_Code 1 | 1 type User => 370_SU01_04 ResponseOnPlatform 1
Rule_75	?a chosen_Answer_Code ?d ?d type User => ?a ResponseOnPlatform 1	453_UM16 chosen_Answer_Code 4 | 4 type User => 453_UM16 ResponseOnPlatform 1
Rule_75	?a chosen_Answer_Code ?d ?d type User => ?a ResponseOnPlatform 1	450_UM13 chosen_Answer_Code 5 | 5 type User => 450_UM13 ResponseOnPlatform 1
Rule_75	?a chosen_Answer_Code ?d ?d type User => ?a ResponseOnPlatform 1	32_M003_01 chosen_Answer_Code 10 | 10 type User => 32_M003_01 ResponseOnPlatform 1
Rule_75	?a chosen_Answer_Code ?d ?d type User => ?a ResponseOnPlatform 1	339_SU01_03 chosen_Answer_Code 5 | 5 type User => 339_SU01_03 ResponseOnPlatform 1
Rule_75	?a chosen_Answer_Code ?d ?d type User => ?a ResponseOnPlatform 1	126_M003_01 chosen_Answer_Code 10 | 10 type User => 126_M003_01 ResponseOnPlatform 1
Rule_75	?a chosen_Answer_Code ?d ?d type User => ?a ResponseOnPlatform 1	489_UM04 chosen_Answer_Code 5 | 5 type User => 489_UM04 ResponseOnPlatform 1
Rule_75	?a chosen_Answer_Code ?d ?d type User => ?a ResponseOnPlatform 1	10_M010_01 chosen_Answer_Code 10 | 10 type User => 10_M010_01 ResponseOnPlatform 1
Rule_75	?a chosen_Answer_Code ?d ?d type User => ?a ResponseOnPlatform 1	489_UM11 chosen_Answer_Code 5 | 5 type User => 489_UM11 ResponseOnPlatform 1
Rule_75	?a chosen_Answer_Code ?d ?d type User => ?a ResponseOnPlatform 1	411_UM24 chosen_Answer_Code 3 | 3 type User => 411_UM24 ResponseOnPlatform 1
Rule_75	?a chosen_Answer_Code ?d ?d type User => ?a ResponseOnPlatform 1	255_M002_01 chosen_Answer_Code 9 | 9 type User => 255_M002_01 ResponseOnPlatform 1
Rule_75	?a chosen_Answer_Code ?d ?d type User => ?a ResponseOnPlatform 1	236_M010_01 chosen_Answer_Code 8 | 8 type User => 236_M010_01 ResponseOnPlatform 1
Rule_75	?a chosen_Answer_Code ?d ?d type User => ?a ResponseOnPlatform 1	74_M003_01 chosen_Answer_Code 9 | 9 type User => 74_M003_01 ResponseOnPlatform 1
Rule_75	?a chosen_Answer_Code ?d ?d type User => ?a ResponseOnPlatform 1	486_UM13 chosen_Answer_Code 4 | 4 type User => 486_UM13 ResponseOnPlatform 1
Rule_75	?a chosen_Answer_Code ?d ?d type User => ?a ResponseOnPlatform 1	476_UM06 chosen_Answer_Code 4 | 4 type User => 476_UM06 ResponseOnPlatform 1
Rule_75	?a chosen_Answer_Code ?d ?d type User => ?a ResponseOnPlatform 1	444_UM04 chosen_Answer_Code 5 | 5 type User => 444_UM04 ResponseOnPlatform 1
Rule_75	?a chosen_Answer_Code ?d ?d type User => ?a ResponseOnPlatform 1	313_SU01_05 chosen_Answer_Code 5 | 5 type User => 313_SU01_05 ResponseOnPlatform 1
Rule_75	?a chosen_Answer_Code ?d ?d type User => ?a ResponseOnPlatform 1	249_M003_01 chosen_Answer_Code 5 | 5 type User => 249_M003_01 ResponseOnPlatform 1
Rule_75	?a chosen_Answer_Code ?d ?d type User => ?a ResponseOnPlatform 1	311_SU01_07 chosen_Answer_Code 4 | 4 type User => 311_SU01_07 ResponseOnPlatform 1
Rule_75	?a chosen_Answer_Code ?d ?d type User => ?a ResponseOnPlatform 1	350_SU01_06 chosen_Answer_Code 5 | 5 type User => 350_SU01_06 ResponseOnPlatform 1
Rule_75	?a chosen_Answer_Code ?d ?d type User => ?a ResponseOnPlatform 1	341_SU01_09 chosen_Answer_Code 5 | 5 type User => 341_SU01_09 ResponseOnPlatform 1
Rule_75	?a chosen_Answer_Code ?d ?d type User => ?a ResponseOnPlatform 1	93_M006_01 chosen_Answer_Code 8 | 8 type User => 93_M006_01 ResponseOnPlatform 1
Rule_75	?a chosen_Answer_Code ?d ?d type User => ?a ResponseOnPlatform 1	279_M004_01 chosen_Answer_Code 10 | 10 type User => 279_M004_01 ResponseOnPlatform 1
Rule_75	?a chosen_Answer_Code ?d ?d type User => ?a ResponseOnPlatform 1	489_UM14 chosen_Answer_Code 4 | 4 type User => 489_UM14 ResponseOnPlatform 1
Rule_75	?a chosen_Answer_Code ?d ?d type User => ?a ResponseOnPlatform 1	29_M003_01 chosen_Answer_Code 10 | 10 type User => 29_M003_01 ResponseOnPlatform 1
Rule_75	?a chosen_Answer_Code ?d ?d type User => ?a ResponseOnPlatform 1	425_UM11 chosen_Answer_Code 5 | 5 type User => 425_UM11 ResponseOnPlatform 1
Rule_75	?a chosen_Answer_Code ?d ?d type User => ?a ResponseOnPlatform 1	97_M004_01 chosen_Answer_Code 10 | 10 type User => 97_M004_01 ResponseOnPlatform 1
Rule_75	?a chosen_Answer_Code ?d ?d type User => ?a ResponseOnPlatform 1	415_UM16 chosen_Answer_Code 5 | 5 type User => 415_UM16 ResponseOnPlatform 1
Rule_75	?a chosen_Answer_Code ?d ?d type User => ?a ResponseOnPlatform 1	446_UM13 chosen_Answer_Code 3 | 3 type User => 446_UM13 ResponseOnPlatform 1
Rule_75	?a chosen_Answer_Code ?d ?d type User => ?a ResponseOnPlatform 1	491_UM09 chosen_Answer_Code 4 | 4 type User => 491_UM09 ResponseOnPlatform 1
Rule_75	?a chosen_Answer_Code ?d ?d type User => ?a ResponseOnPlatform 1	429_UM11 chosen_Answer_Code 3 | 3 type User => 429_UM11 ResponseOnPlatform 1
Rule_75	?a chosen_Answer_Code ?d ?d type User => ?a ResponseOnPlatform 1	328_SU01_09 chosen_Answer_Code 4 | 4 type User => 328_SU01_09 ResponseOnPlatform 1
Rule_75	?a chosen_Answer_Code ?d ?d type User => ?a ResponseOnPlatform 1	443_UM17 chosen_Answer_Code 3 | 3 type User => 443_UM17 ResponseOnPlatform 1
Rule_75	?a chosen_Answer_Code ?d ?d type User => ?a ResponseOnPlatform 1	447_UM10 chosen_Answer_Code 3 | 3 type User => 447_UM10 ResponseOnPlatform 1
Rule_75	?a chosen_Answer_Code ?d ?d type User => ?a ResponseOnPlatform 1	489_UM10 chosen_Answer_Code 5 | 5 type User => 489_UM10 ResponseOnPlatform 1
Rule_75	?a chosen_Answer_Code ?d ?d type User => ?a ResponseOnPlatform 1	278_M003_01 chosen_Answer_Code 10 | 10 type User => 278_M003_01 ResponseOnPlatform 1
Rule_75	?a chosen_Answer_Code ?d ?d type User => ?a ResponseOnPlatform 1	426_UM03 chosen_Answer_Code 3 | 3 type User => 426_UM03 ResponseOnPlatform 1
Rule_75	?a chosen_Answer_Code ?d ?d type User => ?a ResponseOnPlatform 1	419_UM15 chosen_Answer_Code 5 | 5 type User => 419_UM15 ResponseOnPlatform 1
Rule_75	?a chosen_Answer_Code ?d ?d type User => ?a ResponseOnPlatform 1	147_M006_01 chosen_Answer_Code 8 | 8 type User => 147_M006_01 ResponseOnPlatform 1
Rule_75	?a chosen_Answer_Code ?d ?d type User => ?a ResponseOnPlatform 1	241_M010_01 chosen_Answer_Code 10 | 10 type User => 241_M010_01 ResponseOnPlatform 1
Rule_75	?a chosen_Answer_Code ?d ?d type User => ?a ResponseOnPlatform 1	11_M005 chosen_Answer_Code 3 | 3 type User => 11_M005 ResponseOnPlatform 1
Rule_75	?a chosen_Answer_Code ?d ?d type User => ?a ResponseOnPlatform 1	423_UM23 chosen_Answer_Code 3 | 3 type User => 423_UM23 ResponseOnPlatform 1
Rule_75	?a chosen_Answer_Code ?d ?d type User => ?a ResponseOnPlatform 1	102_M006_01 chosen_Answer_Code 8 | 8 type User => 102_M006_01 ResponseOnPlatform 1
Rule_75	?a chosen_Answer_Code ?d ?d type User => ?a ResponseOnPlatform 1	288_M002_01 chosen_Answer_Code 10 | 10 type User => 288_M002_01 ResponseOnPlatform 1
Rule_75	?a chosen_Answer_Code ?d ?d type User => ?a ResponseOnPlatform 1	490_UM20 chosen_Answer_Code 4 | 4 type User => 490_UM20 ResponseOnPlatform 1
Rule_75	?a chosen_Answer_Code ?d ?d type User => ?a ResponseOnPlatform 1	422_UM11 chosen_Answer_Code 4 | 4 type User => 422_UM11 ResponseOnPlatform 1
Rule_75	?a chosen_Answer_Code ?d ?d type User => ?a ResponseOnPlatform 1	490_UM16 chosen_Answer_Code 4 | 4 type User => 490_UM16 ResponseOnPlatform 1
Rule_75	?a chosen_Answer_Code ?d ?d type User => ?a ResponseOnPlatform 1	207_M005 chosen_Answer_Code 2 | 2 type User => 207_M005 ResponseOnPlatform 1
Rule_75	?a chosen_Answer_Code ?d ?d type User => ?a ResponseOnPlatform 1	332_SU01_02 chosen_Answer_Code 5 | 5 type User => 332_SU01_02 ResponseOnPlatform 1
Rule_75	?a chosen_Answer_Code ?d ?d type User => ?a ResponseOnPlatform 1	358_SU01_03 chosen_Answer_Code 3 | 3 type User => 358_SU01_03 ResponseOnPlatform 1
Rule_75	?a chosen_Answer_Code ?d ?d type User => ?a ResponseOnPlatform 1	447_UM23 chosen_Answer_Code 4 | 4 type User => 447_UM23 ResponseOnPlatform 1
Rule_75	?a chosen_Answer_Code ?d ?d type User => ?a ResponseOnPlatform 1	301_M003_01 chosen_Answer_Code 9 | 9 type User => 301_M003_01 ResponseOnPlatform 1
Rule_75	?a chosen_Answer_Code ?d ?d type User => ?a ResponseOnPlatform 1	44_M004_01 chosen_Answer_Code 10 | 10 type User => 44_M004_01 ResponseOnPlatform 1
Rule_75	?a chosen_Answer_Code ?d ?d type User => ?a ResponseOnPlatform 1	490_UM07 chosen_Answer_Code 4 | 4 type User => 490_UM07 ResponseOnPlatform 1
Rule_75	?a chosen_Answer_Code ?d ?d type User => ?a ResponseOnPlatform 1	381_SU01_04 chosen_Answer_Code 4 | 4 type User => 381_SU01_04 ResponseOnPlatform 1
Rule_75	?a chosen_Answer_Code ?d ?d type User => ?a ResponseOnPlatform 1	187_M005 chosen_Answer_Code 1 | 1 type User => 187_M005 ResponseOnPlatform 1
Rule_75	?a chosen_Answer_Code ?d ?d type User => ?a ResponseOnPlatform 1	431_UM20 chosen_Answer_Code 3 | 3 type User => 431_UM20 ResponseOnPlatform 1
Rule_75	?a chosen_Answer_Code ?d ?d type User => ?a ResponseOnPlatform 1	383_SU01_08 chosen_Answer_Code 2 | 2 type User => 383_SU01_08 ResponseOnPlatform 1
Rule_75	?a chosen_Answer_Code ?d ?d type User => ?a ResponseOnPlatform 1	239_M002_01 chosen_Answer_Code 7 | 7 type User => 239_M002_01 ResponseOnPlatform 1
Rule_75	?a chosen_Answer_Code ?d ?d type User => ?a ResponseOnPlatform 1	438_UM17 chosen_Answer_Code 3 | 3 type User => 438_UM17 ResponseOnPlatform 1
Rule_75	?a chosen_Answer_Code ?d ?d type User => ?a ResponseOnPlatform 1	14_M003_01 chosen_Answer_Code 8 | 8 type User => 14_M003_01 ResponseOnPlatform 1
Rule_75	?a chosen_Answer_Code ?d ?d type User => ?a ResponseOnPlatform 1	440_UM13 chosen_Answer_Code 5 | 5 type User => 440_UM13 ResponseOnPlatform 1
Rule_75	?a chosen_Answer_Code ?d ?d type User => ?a ResponseOnPlatform 1	464_UM24 chosen_Answer_Code 5 | 5 type User => 464_UM24 ResponseOnPlatform 1
Rule_75	?a chosen_Answer_Code ?d ?d type User => ?a ResponseOnPlatform 1	305_M006_01 chosen_Answer_Code 9 | 9 type User => 305_M006_01 ResponseOnPlatform 1
Rule_75	?a chosen_Answer_Code ?d ?d type User => ?a ResponseOnPlatform 1	303_M002_01 chosen_Answer_Code 10 | 10 type User => 303_M002_01 ResponseOnPlatform 1
Rule_75	?a chosen_Answer_Code ?d ?d type User => ?a ResponseOnPlatform 1	467_UM18 chosen_Answer_Code 4 | 4 type User => 467_UM18 ResponseOnPlatform 1
Rule_75	?a chosen_Answer_Code ?d ?d type User => ?a ResponseOnPlatform 1	122_M010_01 chosen_Answer_Code 9 | 9 type User => 122_M010_01 ResponseOnPlatform 1
Rule_75	?a chosen_Answer_Code ?d ?d type User => ?a ResponseOnPlatform 1	419_UM01 chosen_Answer_Code 3 | 3 type User => 419_UM01 ResponseOnPlatform 1
Rule_75	?a chosen_Answer_Code ?d ?d type User => ?a ResponseOnPlatform 1	212_M006_01 chosen_Answer_Code 8 | 8 type User => 212_M006_01 ResponseOnPlatform 1
Rule_75	?a chosen_Answer_Code ?d ?d type User => ?a ResponseOnPlatform 1	468_UM23 chosen_Answer_Code 3 | 3 type User => 468_UM23 ResponseOnPlatform 1
Rule_75	?a chosen_Answer_Code ?d ?d type User => ?a ResponseOnPlatform 1	437_UM14 chosen_Answer_Code 5 | 5 type User => 437_UM14 ResponseOnPlatform 1
Rule_75	?a chosen_Answer_Code ?d ?d type User => ?a ResponseOnPlatform 1	321_SU01_06 chosen_Answer_Code 5 | 5 type User => 321_SU01_06 ResponseOnPlatform 1
Rule_75	?a chosen_Answer_Code ?d ?d type User => ?a ResponseOnPlatform 1	484_UM17 chosen_Answer_Code 3 | 3 type User => 484_UM17 ResponseOnPlatform 1
Rule_75	?a chosen_Answer_Code ?d ?d type User => ?a ResponseOnPlatform 1	350_SU01_08 chosen_Answer_Code 5 | 5 type User => 350_SU01_08 ResponseOnPlatform 1
Rule_75	?a chosen_Answer_Code ?d ?d type User => ?a ResponseOnPlatform 1	453_UM19 chosen_Answer_Code 4 | 4 type User => 453_UM19 ResponseOnPlatform 1
Rule_75	?a chosen_Answer_Code ?d ?d type User => ?a ResponseOnPlatform 1	312_SU01_07 chosen_Answer_Code 5 | 5 type User => 312_SU01_07 ResponseOnPlatform 1
Rule_75	?a chosen_Answer_Code ?d ?d type User => ?a ResponseOnPlatform 1	116_M010_01 chosen_Answer_Code 5 | 5 type User => 116_M010_01 ResponseOnPlatform 1
Rule_75	?a chosen_Answer_Code ?d ?d type User => ?a ResponseOnPlatform 1	207_M002_01 chosen_Answer_Code 9 | 9 type User => 207_M002_01 ResponseOnPlatform 1
Rule_75	?a chosen_Answer_Code ?d ?d type User => ?a ResponseOnPlatform 1	167_M005 chosen_Answer_Code 1 | 1 type User => 167_M005 ResponseOnPlatform 1
Rule_75	?a chosen_Answer_Code ?d ?d type User => ?a ResponseOnPlatform 1	445_UM09 chosen_Answer_Code 3 | 3 type User => 445_UM09 ResponseOnPlatform 1
Rule_75	?a chosen_Answer_Code ?d ?d type User => ?a ResponseOnPlatform 1	221_M003_01 chosen_Answer_Code 9 | 9 type User => 221_M003_01 ResponseOnPlatform 1
Rule_75	?a chosen_Answer_Code ?d ?d type User => ?a ResponseOnPlatform 1	39_M003_01 chosen_Answer_Code 10 | 10 type User => 39_M003_01 ResponseOnPlatform 1
Rule_75	?a chosen_Answer_Code ?d ?d type User => ?a ResponseOnPlatform 1	412_UM19 chosen_Answer_Code 4 | 4 type User => 412_UM19 ResponseOnPlatform 1
Rule_75	?a chosen_Answer_Code ?d ?d type User => ?a ResponseOnPlatform 1	406_UM19 chosen_Answer_Code 4 | 4 type User => 406_UM19 ResponseOnPlatform 1
Rule_75	?a chosen_Answer_Code ?d ?d type User => ?a ResponseOnPlatform 1	478_UM17 chosen_Answer_Code 3 | 3 type User => 478_UM17 ResponseOnPlatform 1
Rule_75	?a chosen_Answer_Code ?d ?d type User => ?a ResponseOnPlatform 1	36_M005 chosen_Answer_Code 1 | 1 type User => 36_M005 ResponseOnPlatform 1
Rule_75	?a chosen_Answer_Code ?d ?d type User => ?a ResponseOnPlatform 1	25_M003_01 chosen_Answer_Code 9 | 9 type User => 25_M003_01 ResponseOnPlatform 1
Rule_75	?a chosen_Answer_Code ?d ?d type User => ?a ResponseOnPlatform 1	451_UM02 chosen_Answer_Code 4 | 4 type User => 451_UM02 ResponseOnPlatform 1
Rule_75	?a chosen_Answer_Code ?d ?d type User => ?a ResponseOnPlatform 1	419_UM21 chosen_Answer_Code 3 | 3 type User => 419_UM21 ResponseOnPlatform 1
Rule_75	?a chosen_Answer_Code ?d ?d type User => ?a ResponseOnPlatform 1	489_UM01 chosen_Answer_Code 5 | 5 type User => 489_UM01 ResponseOnPlatform 1
Rule_75	?a chosen_Answer_Code ?d ?d type User => ?a ResponseOnPlatform 1	80_M010_01 chosen_Answer_Code 5 | 5 type User => 80_M010_01 ResponseOnPlatform 1
Rule_75	?a chosen_Answer_Code ?d ?d type User => ?a ResponseOnPlatform 1	491_UM10 chosen_Answer_Code 3 | 3 type User => 491_UM10 ResponseOnPlatform 1
Rule_75	?a chosen_Answer_Code ?d ?d type User => ?a ResponseOnPlatform 1	488_UM04 chosen_Answer_Code 4 | 4 type User => 488_UM04 ResponseOnPlatform 1
Rule_75	?a chosen_Answer_Code ?d ?d type User => ?a ResponseOnPlatform 1	413_UM16 chosen_Answer_Code 4 | 4 type User => 413_UM16 ResponseOnPlatform 1
Rule_75	?a chosen_Answer_Code ?d ?d type User => ?a ResponseOnPlatform 1	402_SU01_10 chosen_Answer_Code 5 | 5 type User => 402_SU01_10 ResponseOnPlatform 1
Rule_75	?a chosen_Answer_Code ?d ?d type User => ?a ResponseOnPlatform 1	293_M004_01 chosen_Answer_Code 8 | 8 type User => 293_M004_01 ResponseOnPlatform 1
Rule_75	?a chosen_Answer_Code ?d ?d type User => ?a ResponseOnPlatform 1	73_M002_01 chosen_Answer_Code 10 | 10 type User => 73_M002_01 ResponseOnPlatform 1
Rule_75	?a chosen_Answer_Code ?d ?d type User => ?a ResponseOnPlatform 1	438_UM08 chosen_Answer_Code 5 | 5 type User => 438_UM08 ResponseOnPlatform 1
Rule_75	?a chosen_Answer_Code ?d ?d type User => ?a ResponseOnPlatform 1	244_M004_01 chosen_Answer_Code 8 | 8 type User => 244_M004_01 ResponseOnPlatform 1
Rule_75	?a chosen_Answer_Code ?d ?d type User => ?a ResponseOnPlatform 1	196_M004_01 chosen_Answer_Code 7 | 7 type User => 196_M004_01 ResponseOnPlatform 1
Rule_75	?a chosen_Answer_Code ?d ?d type User => ?a ResponseOnPlatform 1	357_SU01_06 chosen_Answer_Code 5 | 5 type User => 357_SU01_06 ResponseOnPlatform 1
Rule_75	?a chosen_Answer_Code ?d ?d type User => ?a ResponseOnPlatform 1	423_UM09 chosen_Answer_Code 4 | 4 type User => 423_UM09 ResponseOnPlatform 1
Rule_75	?a chosen_Answer_Code ?d ?d type User => ?a ResponseOnPlatform 1	83_M002_01 chosen_Answer_Code 5 | 5 type User => 83_M002_01 ResponseOnPlatform 1
Rule_75	?a chosen_Answer_Code ?d ?d type User => ?a ResponseOnPlatform 1	481_UM16 chosen_Answer_Code 5 | 5 type User => 481_UM16 ResponseOnPlatform 1
Rule_75	?a chosen_Answer_Code ?d ?d type User => ?a ResponseOnPlatform 1	459_UM10 chosen_Answer_Code 5 | 5 type User => 459_UM10 ResponseOnPlatform 1
Rule_75	?a chosen_Answer_Code ?d ?d type User => ?a ResponseOnPlatform 1	137_M010_01 chosen_Answer_Code 5 | 5 type User => 137_M010_01 ResponseOnPlatform 1
Rule_75	?a chosen_Answer_Code ?d ?d type User => ?a ResponseOnPlatform 1	66_M002_01 chosen_Answer_Code 8 | 8 type User => 66_M002_01 ResponseOnPlatform 1
Rule_75	?a chosen_Answer_Code ?d ?d type User => ?a ResponseOnPlatform 1	476_UM23 chosen_Answer_Code 4 | 4 type User => 476_UM23 ResponseOnPlatform 1
Rule_75	?a chosen_Answer_Code ?d ?d type User => ?a ResponseOnPlatform 1	356_SU01_10 chosen_Answer_Code 4 | 4 type User => 356_SU01_10 ResponseOnPlatform 1
Rule_75	?a chosen_Answer_Code ?d ?d type User => ?a ResponseOnPlatform 1	70_M003_01 chosen_Answer_Code 9 | 9 type User => 70_M003_01 ResponseOnPlatform 1
Rule_75	?a chosen_Answer_Code ?d ?d type User => ?a ResponseOnPlatform 1	44_M010_01 chosen_Answer_Code 8 | 8 type User => 44_M010_01 ResponseOnPlatform 1
Rule_75	?a chosen_Answer_Code ?d ?d type User => ?a ResponseOnPlatform 1	389_SU01_03 chosen_Answer_Code 5 | 5 type User => 389_SU01_03 ResponseOnPlatform 1
Rule_75	?a chosen_Answer_Code ?d ?d type User => ?a ResponseOnPlatform 1	359_SU01_08 chosen_Answer_Code 4 | 4 type User => 359_SU01_08 ResponseOnPlatform 1
Rule_75	?a chosen_Answer_Code ?d ?d type User => ?a ResponseOnPlatform 1	21_M002_01 chosen_Answer_Code 7 | 7 type User => 21_M002_01 ResponseOnPlatform 1
Rule_75	?a chosen_Answer_Code ?d ?d type User => ?a ResponseOnPlatform 1	333_SU01_02 chosen_Answer_Code 2 | 2 type User => 333_SU01_02 ResponseOnPlatform 1
Rule_75	?a chosen_Answer_Code ?d ?d type User => ?a ResponseOnPlatform 1	28_M003_01 chosen_Answer_Code 6 | 6 type User => 28_M003_01 ResponseOnPlatform 1
Rule_75	?a chosen_Answer_Code ?d ?d type User => ?a ResponseOnPlatform 1	195_M005 chosen_Answer_Code 1 | 1 type User => 195_M005 ResponseOnPlatform 1
Rule_75	?a chosen_Answer_Code ?d ?d type User => ?a ResponseOnPlatform 1	472_UM18 chosen_Answer_Code 4 | 4 type User => 472_UM18 ResponseOnPlatform 1
Rule_75	?a chosen_Answer_Code ?d ?d type User => ?a ResponseOnPlatform 1	52_M010_01 chosen_Answer_Code 8 | 8 type User => 52_M010_01 ResponseOnPlatform 1
Rule_75	?a chosen_Answer_Code ?d ?d type User => ?a ResponseOnPlatform 1	261_M002_01 chosen_Answer_Code 10 | 10 type User => 261_M002_01 ResponseOnPlatform 1
Rule_75	?a chosen_Answer_Code ?d ?d type User => ?a ResponseOnPlatform 1	315_SU01_09 chosen_Answer_Code 2 | 2 type User => 315_SU01_09 ResponseOnPlatform 1
Rule_75	?a chosen_Answer_Code ?d ?d type User => ?a ResponseOnPlatform 1	88_M002_01 chosen_Answer_Code 10 | 10 type User => 88_M002_01 ResponseOnPlatform 1
Rule_75	?a chosen_Answer_Code ?d ?d type User => ?a ResponseOnPlatform 1	453_UM22 chosen_Answer_Code 5 | 5 type User => 453_UM22 ResponseOnPlatform 1
Rule_75	?a chosen_Answer_Code ?d ?d type User => ?a ResponseOnPlatform 1	109_M006_01 chosen_Answer_Code 10 | 10 type User => 109_M006_01 ResponseOnPlatform 1
Rule_75	?a chosen_Answer_Code ?d ?d type User => ?a ResponseOnPlatform 1	336_SU01_04 chosen_Answer_Code 3 | 3 type User => 336_SU01_04 ResponseOnPlatform 1
Rule_75	?a chosen_Answer_Code ?d ?d type User => ?a ResponseOnPlatform 1	486_UM24 chosen_Answer_Code 3 | 3 type User => 486_UM24 ResponseOnPlatform 1
Rule_75	?a chosen_Answer_Code ?d ?d type User => ?a ResponseOnPlatform 1	455_UM06 chosen_Answer_Code 4 | 4 type User => 455_UM06 ResponseOnPlatform 1
Rule_75	?a chosen_Answer_Code ?d ?d type User => ?a ResponseOnPlatform 1	441_UM09 chosen_Answer_Code 4 | 4 type User => 441_UM09 ResponseOnPlatform 1
Rule_75	?a chosen_Answer_Code ?d ?d type User => ?a ResponseOnPlatform 1	457_UM17 chosen_Answer_Code 3 | 3 type User => 457_UM17 ResponseOnPlatform 1
Rule_75	?a chosen_Answer_Code ?d ?d type User => ?a ResponseOnPlatform 1	410_UM01 chosen_Answer_Code 4 | 4 type User => 410_UM01 ResponseOnPlatform 1
Rule_75	?a chosen_Answer_Code ?d ?d type User => ?a ResponseOnPlatform 1	14_M010_01 chosen_Answer_Code 9 | 9 type User => 14_M010_01 ResponseOnPlatform 1
Rule_75	?a chosen_Answer_Code ?d ?d type User => ?a ResponseOnPlatform 1	172_M002_01 chosen_Answer_Code 10 | 10 type User => 172_M002_01 ResponseOnPlatform 1
Rule_75	?a chosen_Answer_Code ?d ?d type User => ?a ResponseOnPlatform 1	329_SU01_10 chosen_Answer_Code 1 | 1 type User => 329_SU01_10 ResponseOnPlatform 1
Rule_75	?a chosen_Answer_Code ?d ?d type User => ?a ResponseOnPlatform 1	58_M003_01 chosen_Answer_Code 10 | 10 type User => 58_M003_01 ResponseOnPlatform 1
Rule_75	?a chosen_Answer_Code ?d ?d type User => ?a ResponseOnPlatform 1	449_UM08 chosen_Answer_Code 4 | 4 type User => 449_UM08 ResponseOnPlatform 1
Rule_75	?a chosen_Answer_Code ?d ?d type User => ?a ResponseOnPlatform 1	482_UM03 chosen_Answer_Code 4 | 4 type User => 482_UM03 ResponseOnPlatform 1
Rule_75	?a chosen_Answer_Code ?d ?d type User => ?a ResponseOnPlatform 1	121_M005 chosen_Answer_Code 2 | 2 type User => 121_M005 ResponseOnPlatform 1
Rule_75	?a chosen_Answer_Code ?d ?d type User => ?a ResponseOnPlatform 1	192_M004_01 chosen_Answer_Code 7 | 7 type User => 192_M004_01 ResponseOnPlatform 1
Rule_75	?a chosen_Answer_Code ?d ?d type User => ?a ResponseOnPlatform 1	458_UM13 chosen_Answer_Code 5 | 5 type User => 458_UM13 ResponseOnPlatform 1
Rule_75	?a chosen_Answer_Code ?d ?d type User => ?a ResponseOnPlatform 1	217_M006_01 chosen_Answer_Code 9 | 9 type User => 217_M006_01 ResponseOnPlatform 1
Rule_75	?a chosen_Answer_Code ?d ?d type User => ?a ResponseOnPlatform 1	361_SU01_08 chosen_Answer_Code 5 | 5 type User => 361_SU01_08 ResponseOnPlatform 1
Rule_75	?a chosen_Answer_Code ?d ?d type User => ?a ResponseOnPlatform 1	158_M010_01 chosen_Answer_Code 7 | 7 type User => 158_M010_01 ResponseOnPlatform 1
Rule_75	?a chosen_Answer_Code ?d ?d type User => ?a ResponseOnPlatform 1	456_UM04 chosen_Answer_Code 4 | 4 type User => 456_UM04 ResponseOnPlatform 1
Rule_75	?a chosen_Answer_Code ?d ?d type User => ?a ResponseOnPlatform 1	430_UM02 chosen_Answer_Code 4 | 4 type User => 430_UM02 ResponseOnPlatform 1
Rule_75	?a chosen_Answer_Code ?d ?d type User => ?a ResponseOnPlatform 1	139_M005 chosen_Answer_Code 1 | 1 type User => 139_M005 ResponseOnPlatform 1
Rule_75	?a chosen_Answer_Code ?d ?d type User => ?a ResponseOnPlatform 1	449_UM11 chosen_Answer_Code 4 | 4 type User => 449_UM11 ResponseOnPlatform 1
Rule_75	?a chosen_Answer_Code ?d ?d type User => ?a ResponseOnPlatform 1	379_SU01_05 chosen_Answer_Code 4 | 4 type User => 379_SU01_05 ResponseOnPlatform 1
Rule_75	?a chosen_Answer_Code ?d ?d type User => ?a ResponseOnPlatform 1	175_M006_01 chosen_Answer_Code 9 | 9 type User => 175_M006_01 ResponseOnPlatform 1
Rule_75	?a chosen_Answer_Code ?d ?d type User => ?a ResponseOnPlatform 1	305_M004_01 chosen_Answer_Code 10 | 10 type User => 305_M004_01 ResponseOnPlatform 1
Rule_75	?a chosen_Answer_Code ?d ?d type User => ?a ResponseOnPlatform 1	491_UM16 chosen_Answer_Code 4 | 4 type User => 491_UM16 ResponseOnPlatform 1
Rule_75	?a chosen_Answer_Code ?d ?d type User => ?a ResponseOnPlatform 1	432_UM07 chosen_Answer_Code 5 | 5 type User => 432_UM07 ResponseOnPlatform 1
Rule_75	?a chosen_Answer_Code ?d ?d type User => ?a ResponseOnPlatform 1	193_M004_01 chosen_Answer_Code 10 | 10 type User => 193_M004_01 ResponseOnPlatform 1
Rule_75	?a chosen_Answer_Code ?d ?d type User => ?a ResponseOnPlatform 1	484_UM20 chosen_Answer_Code 4 | 4 type User => 484_UM20 ResponseOnPlatform 1
Rule_75	?a chosen_Answer_Code ?d ?d type User => ?a ResponseOnPlatform 1	303_M004_01 chosen_Answer_Code 10 | 10 type User => 303_M004_01 ResponseOnPlatform 1
Rule_75	?a chosen_Answer_Code ?d ?d type User => ?a ResponseOnPlatform 1	446_UM25 chosen_Answer_Code 3 | 3 type User => 446_UM25 ResponseOnPlatform 1
Rule_75	?a chosen_Answer_Code ?d ?d type User => ?a ResponseOnPlatform 1	195_M004_01 chosen_Answer_Code 8 | 8 type User => 195_M004_01 ResponseOnPlatform 1
Rule_75	?a chosen_Answer_Code ?d ?d type User => ?a ResponseOnPlatform 1	203_M006_01 chosen_Answer_Code 9 | 9 type User => 203_M006_01 ResponseOnPlatform 1
Rule_75	?a chosen_Answer_Code ?d ?d type User => ?a ResponseOnPlatform 1	39_M010_01 chosen_Answer_Code 9 | 9 type User => 39_M010_01 ResponseOnPlatform 1
Rule_75	?a chosen_Answer_Code ?d ?d type User => ?a ResponseOnPlatform 1	72_M006_01 chosen_Answer_Code 7 | 7 type User => 72_M006_01 ResponseOnPlatform 1
Rule_75	?a chosen_Answer_Code ?d ?d type User => ?a ResponseOnPlatform 1	485_UM23 chosen_Answer_Code 4 | 4 type User => 485_UM23 ResponseOnPlatform 1
Rule_75	?a chosen_Answer_Code ?d ?d type User => ?a ResponseOnPlatform 1	359_SU01_07 chosen_Answer_Code 2 | 2 type User => 359_SU01_07 ResponseOnPlatform 1
Rule_75	?a chosen_Answer_Code ?d ?d type User => ?a ResponseOnPlatform 1	173_M006_01 chosen_Answer_Code 10 | 10 type User => 173_M006_01 ResponseOnPlatform 1
Rule_75	?a chosen_Answer_Code ?d ?d type User => ?a ResponseOnPlatform 1	124_M006_01 chosen_Answer_Code 6 | 6 type User => 124_M006_01 ResponseOnPlatform 1
Rule_75	?a chosen_Answer_Code ?d ?d type User => ?a ResponseOnPlatform 1	490_UM06 chosen_Answer_Code 4 | 4 type User => 490_UM06 ResponseOnPlatform 1
Rule_75	?a chosen_Answer_Code ?d ?d type User => ?a ResponseOnPlatform 1	410_UM18 chosen_Answer_Code 1 | 1 type User => 410_UM18 ResponseOnPlatform 1
Rule_75	?a chosen_Answer_Code ?d ?d type User => ?a ResponseOnPlatform 1	482_UM19 chosen_Answer_Code 4 | 4 type User => 482_UM19 ResponseOnPlatform 1
Rule_75	?a chosen_Answer_Code ?d ?d type User => ?a ResponseOnPlatform 1	465_UM16 chosen_Answer_Code 5 | 5 type User => 465_UM16 ResponseOnPlatform 1
Rule_75	?a chosen_Answer_Code ?d ?d type User => ?a ResponseOnPlatform 1	441_UM22 chosen_Answer_Code 4 | 4 type User => 441_UM22 ResponseOnPlatform 1
Rule_75	?a chosen_Answer_Code ?d ?d type User => ?a ResponseOnPlatform 1	27_M002_01 chosen_Answer_Code 10 | 10 type User => 27_M002_01 ResponseOnPlatform 1
Rule_75	?a chosen_Answer_Code ?d ?d type User => ?a ResponseOnPlatform 1	456_UM01 chosen_Answer_Code 4 | 4 type User => 456_UM01 ResponseOnPlatform 1
Rule_75	?a chosen_Answer_Code ?d ?d type User => ?a ResponseOnPlatform 1	132_M003_01 chosen_Answer_Code 10 | 10 type User => 132_M003_01 ResponseOnPlatform 1
Rule_75	?a chosen_Answer_Code ?d ?d type User => ?a ResponseOnPlatform 1	75_M002_01 chosen_Answer_Code 10 | 10 type User => 75_M002_01 ResponseOnPlatform 1
Rule_75	?a chosen_Answer_Code ?d ?d type User => ?a ResponseOnPlatform 1	127_M003_01 chosen_Answer_Code 9 | 9 type User => 127_M003_01 ResponseOnPlatform 1
Rule_75	?a chosen_Answer_Code ?d ?d type User => ?a ResponseOnPlatform 1	474_UM22 chosen_Answer_Code 4 | 4 type User => 474_UM22 ResponseOnPlatform 1
Rule_75	?a chosen_Answer_Code ?d ?d type User => ?a ResponseOnPlatform 1	409_UM02 chosen_Answer_Code 5 | 5 type User => 409_UM02 ResponseOnPlatform 1
Rule_75	?a chosen_Answer_Code ?d ?d type User => ?a ResponseOnPlatform 1	103_M006_01 chosen_Answer_Code 9 | 9 type User => 103_M006_01 ResponseOnPlatform 1
Rule_75	?a chosen_Answer_Code ?d ?d type User => ?a ResponseOnPlatform 1	304_M006_01 chosen_Answer_Code 8 | 8 type User => 304_M006_01 ResponseOnPlatform 1
Rule_75	?a chosen_Answer_Code ?d ?d type User => ?a ResponseOnPlatform 1	426_UM16 chosen_Answer_Code 3 | 3 type User => 426_UM16 ResponseOnPlatform 1
Rule_75	?a chosen_Answer_Code ?d ?d type User => ?a ResponseOnPlatform 1	314_SU01_06 chosen_Answer_Code 3 | 3 type User => 314_SU01_06 ResponseOnPlatform 1
Rule_75	?a chosen_Answer_Code ?d ?d type User => ?a ResponseOnPlatform 1	359_SU01_03 chosen_Answer_Code 4 | 4 type User => 359_SU01_03 ResponseOnPlatform 1
Rule_75	?a chosen_Answer_Code ?d ?d type User => ?a ResponseOnPlatform 1	314_SU01_07 chosen_Answer_Code 4 | 4 type User => 314_SU01_07 ResponseOnPlatform 1
Rule_75	?a chosen_Answer_Code ?d ?d type User => ?a ResponseOnPlatform 1	473_UM20 chosen_Answer_Code 3 | 3 type User => 473_UM20 ResponseOnPlatform 1
Rule_75	?a chosen_Answer_Code ?d ?d type User => ?a ResponseOnPlatform 1	251_M005 chosen_Answer_Code 1 | 1 type User => 251_M005 ResponseOnPlatform 1
Rule_75	?a chosen_Answer_Code ?d ?d type User => ?a ResponseOnPlatform 1	471_UM02 chosen_Answer_Code 4 | 4 type User => 471_UM02 ResponseOnPlatform 1
Rule_75	?a chosen_Answer_Code ?d ?d type User => ?a ResponseOnPlatform 1	162_M010_01 chosen_Answer_Code 8 | 8 type User => 162_M010_01 ResponseOnPlatform 1
Rule_75	?a chosen_Answer_Code ?d ?d type User => ?a ResponseOnPlatform 1	321_SU01_10 chosen_Answer_Code 5 | 5 type User => 321_SU01_10 ResponseOnPlatform 1
Rule_75	?a chosen_Answer_Code ?d ?d type User => ?a ResponseOnPlatform 1	439_UM08 chosen_Answer_Code 4 | 4 type User => 439_UM08 ResponseOnPlatform 1
Rule_75	?a chosen_Answer_Code ?d ?d type User => ?a ResponseOnPlatform 1	400_SU01_01 chosen_Answer_Code 5 | 5 type User => 400_SU01_01 ResponseOnPlatform 1
Rule_75	?a chosen_Answer_Code ?d ?d type User => ?a ResponseOnPlatform 1	437_UM11 chosen_Answer_Code 4 | 4 type User => 437_UM11 ResponseOnPlatform 1
Rule_75	?a chosen_Answer_Code ?d ?d type User => ?a ResponseOnPlatform 1	429_UM16 chosen_Answer_Code 3 | 3 type User => 429_UM16 ResponseOnPlatform 1
Rule_75	?a chosen_Answer_Code ?d ?d type User => ?a ResponseOnPlatform 1	457_UM11 chosen_Answer_Code 4 | 4 type User => 457_UM11 ResponseOnPlatform 1
Rule_75	?a chosen_Answer_Code ?d ?d type User => ?a ResponseOnPlatform 1	251_M010_01 chosen_Answer_Code 10 | 10 type User => 251_M010_01 ResponseOnPlatform 1
Rule_75	?a chosen_Answer_Code ?d ?d type User => ?a ResponseOnPlatform 1	128_M004_01 chosen_Answer_Code 6 | 6 type User => 128_M004_01 ResponseOnPlatform 1
Rule_75	?a chosen_Answer_Code ?d ?d type User => ?a ResponseOnPlatform 1	284_M004_01 chosen_Answer_Code 10 | 10 type User => 284_M004_01 ResponseOnPlatform 1
Rule_75	?a chosen_Answer_Code ?d ?d type User => ?a ResponseOnPlatform 1	408_UM08 chosen_Answer_Code 5 | 5 type User => 408_UM08 ResponseOnPlatform 1
Rule_75	?a chosen_Answer_Code ?d ?d type User => ?a ResponseOnPlatform 1	445_UM10 chosen_Answer_Code 4 | 4 type User => 445_UM10 ResponseOnPlatform 1
Rule_75	?a chosen_Answer_Code ?d ?d type User => ?a ResponseOnPlatform 1	413_UM14 chosen_Answer_Code 5 | 5 type User => 413_UM14 ResponseOnPlatform 1
Rule_75	?a chosen_Answer_Code ?d ?d type User => ?a ResponseOnPlatform 1	231_M005 chosen_Answer_Code 1 | 1 type User => 231_M005 ResponseOnPlatform 1
Rule_75	?a chosen_Answer_Code ?d ?d type User => ?a ResponseOnPlatform 1	58_M010_01 chosen_Answer_Code 6 | 6 type User => 58_M010_01 ResponseOnPlatform 1
Rule_75	?a chosen_Answer_Code ?d ?d type User => ?a ResponseOnPlatform 1	447_UM24 chosen_Answer_Code 4 | 4 type User => 447_UM24 ResponseOnPlatform 1
Rule_75	?a chosen_Answer_Code ?d ?d type User => ?a ResponseOnPlatform 1	468_UM08 chosen_Answer_Code 4 | 4 type User => 468_UM08 ResponseOnPlatform 1
Rule_75	?a chosen_Answer_Code ?d ?d type User => ?a ResponseOnPlatform 1	27_M003_01 chosen_Answer_Code 10 | 10 type User => 27_M003_01 ResponseOnPlatform 1
Rule_75	?a chosen_Answer_Code ?d ?d type User => ?a ResponseOnPlatform 1	335_SU01_10 chosen_Answer_Code 5 | 5 type User => 335_SU01_10 ResponseOnPlatform 1
Rule_75	?a chosen_Answer_Code ?d ?d type User => ?a ResponseOnPlatform 1	459_UM06 chosen_Answer_Code 5 | 5 type User => 459_UM06 ResponseOnPlatform 1
Rule_75	?a chosen_Answer_Code ?d ?d type User => ?a ResponseOnPlatform 1	219_M005 chosen_Answer_Code 1 | 1 type User => 219_M005 ResponseOnPlatform 1
Rule_75	?a chosen_Answer_Code ?d ?d type User => ?a ResponseOnPlatform 1	486_UM22 chosen_Answer_Code 4 | 4 type User => 486_UM22 ResponseOnPlatform 1
Rule_75	?a chosen_Answer_Code ?d ?d type User => ?a ResponseOnPlatform 1	59_M010_01 chosen_Answer_Code 7 | 7 type User => 59_M010_01 ResponseOnPlatform 1
Rule_75	?a chosen_Answer_Code ?d ?d type User => ?a ResponseOnPlatform 1	407_UM21 chosen_Answer_Code 5 | 5 type User => 407_UM21 ResponseOnPlatform 1
Rule_75	?a chosen_Answer_Code ?d ?d type User => ?a ResponseOnPlatform 1	387_SU01_03 chosen_Answer_Code 3 | 3 type User => 387_SU01_03 ResponseOnPlatform 1
Rule_75	?a chosen_Answer_Code ?d ?d type User => ?a ResponseOnPlatform 1	75_M006_01 chosen_Answer_Code 10 | 10 type User => 75_M006_01 ResponseOnPlatform 1
Rule_75	?a chosen_Answer_Code ?d ?d type User => ?a ResponseOnPlatform 1	288_M004_01 chosen_Answer_Code 10 | 10 type User => 288_M004_01 ResponseOnPlatform 1
Rule_75	?a chosen_Answer_Code ?d ?d type User => ?a ResponseOnPlatform 1	161_M005 chosen_Answer_Code 1 | 1 type User => 161_M005 ResponseOnPlatform 1
Rule_75	?a chosen_Answer_Code ?d ?d type User => ?a ResponseOnPlatform 1	465_UM23 chosen_Answer_Code 4 | 4 type User => 465_UM23 ResponseOnPlatform 1
Rule_75	?a chosen_Answer_Code ?d ?d type User => ?a ResponseOnPlatform 1	236_M004_01 chosen_Answer_Code 10 | 10 type User => 236_M004_01 ResponseOnPlatform 1
Rule_75	?a chosen_Answer_Code ?d ?d type User => ?a ResponseOnPlatform 1	402_SU01_06 chosen_Answer_Code 3 | 3 type User => 402_SU01_06 ResponseOnPlatform 1
Rule_75	?a chosen_Answer_Code ?d ?d type User => ?a ResponseOnPlatform 1	437_UM19 chosen_Answer_Code 4 | 4 type User => 437_UM19 ResponseOnPlatform 1
Rule_75	?a chosen_Answer_Code ?d ?d type User => ?a ResponseOnPlatform 1	345_SU01_04 chosen_Answer_Code 5 | 5 type User => 345_SU01_04 ResponseOnPlatform 1
Rule_75	?a chosen_Answer_Code ?d ?d type User => ?a ResponseOnPlatform 1	14_M002_01 chosen_Answer_Code 8 | 8 type User => 14_M002_01 ResponseOnPlatform 1
Rule_75	?a chosen_Answer_Code ?d ?d type User => ?a ResponseOnPlatform 1	112_M003_01 chosen_Answer_Code 8 | 8 type User => 112_M003_01 ResponseOnPlatform 1
Rule_75	?a chosen_Answer_Code ?d ?d type User => ?a ResponseOnPlatform 1	430_UM18 chosen_Answer_Code 2 | 2 type User => 430_UM18 ResponseOnPlatform 1
Rule_75	?a chosen_Answer_Code ?d ?d type User => ?a ResponseOnPlatform 1	457_UM07 chosen_Answer_Code 4 | 4 type User => 457_UM07 ResponseOnPlatform 1
Rule_75	?a chosen_Answer_Code ?d ?d type User => ?a ResponseOnPlatform 1	285_M006_01 chosen_Answer_Code 8 | 8 type User => 285_M006_01 ResponseOnPlatform 1
Rule_75	?a chosen_Answer_Code ?d ?d type User => ?a ResponseOnPlatform 1	421_UM15 chosen_Answer_Code 5 | 5 type User => 421_UM15 ResponseOnPlatform 1
Rule_75	?a chosen_Answer_Code ?d ?d type User => ?a ResponseOnPlatform 1	183_M005 chosen_Answer_Code 1 | 1 type User => 183_M005 ResponseOnPlatform 1
Rule_75	?a chosen_Answer_Code ?d ?d type User => ?a ResponseOnPlatform 1	20_M006_01 chosen_Answer_Code 6 | 6 type User => 20_M006_01 ResponseOnPlatform 1
Rule_75	?a chosen_Answer_Code ?d ?d type User => ?a ResponseOnPlatform 1	393_SU01_02 chosen_Answer_Code 5 | 5 type User => 393_SU01_02 ResponseOnPlatform 1
Rule_75	?a chosen_Answer_Code ?d ?d type User => ?a ResponseOnPlatform 1	238_M010_01 chosen_Answer_Code 9 | 9 type User => 238_M010_01 ResponseOnPlatform 1
Rule_75	?a chosen_Answer_Code ?d ?d type User => ?a ResponseOnPlatform 1	420_UM04 chosen_Answer_Code 4 | 4 type User => 420_UM04 ResponseOnPlatform 1
Rule_75	?a chosen_Answer_Code ?d ?d type User => ?a ResponseOnPlatform 1	237_M006_01 chosen_Answer_Code 7 | 7 type User => 237_M006_01 ResponseOnPlatform 1
Rule_75	?a chosen_Answer_Code ?d ?d type User => ?a ResponseOnPlatform 1	446_UM07 chosen_Answer_Code 2 | 2 type User => 446_UM07 ResponseOnPlatform 1
Rule_75	?a chosen_Answer_Code ?d ?d type User => ?a ResponseOnPlatform 1	422_UM08 chosen_Answer_Code 4 | 4 type User => 422_UM08 ResponseOnPlatform 1
Rule_75	?a chosen_Answer_Code ?d ?d type User => ?a ResponseOnPlatform 1	225_M004_01 chosen_Answer_Code 8 | 8 type User => 225_M004_01 ResponseOnPlatform 1
Rule_75	?a chosen_Answer_Code ?d ?d type User => ?a ResponseOnPlatform 1	245_M003_01 chosen_Answer_Code 5 | 5 type User => 245_M003_01 ResponseOnPlatform 1
Rule_75	?a chosen_Answer_Code ?d ?d type User => ?a ResponseOnPlatform 1	365_SU01_08 chosen_Answer_Code 4 | 4 type User => 365_SU01_08 ResponseOnPlatform 1
Rule_75	?a chosen_Answer_Code ?d ?d type User => ?a ResponseOnPlatform 1	197_M006_01 chosen_Answer_Code 10 | 10 type User => 197_M006_01 ResponseOnPlatform 1
Rule_75	?a chosen_Answer_Code ?d ?d type User => ?a ResponseOnPlatform 1	440_UM16 chosen_Answer_Code 5 | 5 type User => 440_UM16 ResponseOnPlatform 1
Rule_75	?a chosen_Answer_Code ?d ?d type User => ?a ResponseOnPlatform 1	407_UM11 chosen_Answer_Code 4 | 4 type User => 407_UM11 ResponseOnPlatform 1
Rule_75	?a chosen_Answer_Code ?d ?d type User => ?a ResponseOnPlatform 1	437_UM02 chosen_Answer_Code 3 | 3 type User => 437_UM02 ResponseOnPlatform 1
Rule_75	?a chosen_Answer_Code ?d ?d type User => ?a ResponseOnPlatform 1	140_M004_01 chosen_Answer_Code 9 | 9 type User => 140_M004_01 ResponseOnPlatform 1
Rule_75	?a chosen_Answer_Code ?d ?d type User => ?a ResponseOnPlatform 1	486_UM04 chosen_Answer_Code 3 | 3 type User => 486_UM04 ResponseOnPlatform 1
Rule_75	?a chosen_Answer_Code ?d ?d type User => ?a ResponseOnPlatform 1	101_M005 chosen_Answer_Code 1 | 1 type User => 101_M005 ResponseOnPlatform 1
Rule_75	?a chosen_Answer_Code ?d ?d type User => ?a ResponseOnPlatform 1	179_M006_01 chosen_Answer_Code 10 | 10 type User => 179_M006_01 ResponseOnPlatform 1
Rule_75	?a chosen_Answer_Code ?d ?d type User => ?a ResponseOnPlatform 1	218_M004_01 chosen_Answer_Code 10 | 10 type User => 218_M004_01 ResponseOnPlatform 1
Rule_75	?a chosen_Answer_Code ?d ?d type User => ?a ResponseOnPlatform 1	408_UM20 chosen_Answer_Code 4 | 4 type User => 408_UM20 ResponseOnPlatform 1
Rule_75	?a chosen_Answer_Code ?d ?d type User => ?a ResponseOnPlatform 1	412_UM01 chosen_Answer_Code 3 | 3 type User => 412_UM01 ResponseOnPlatform 1
Rule_75	?a chosen_Answer_Code ?d ?d type User => ?a ResponseOnPlatform 1	65_M006_01 chosen_Answer_Code 10 | 10 type User => 65_M006_01 ResponseOnPlatform 1
Rule_75	?a chosen_Answer_Code ?d ?d type User => ?a ResponseOnPlatform 1	450_UM03 chosen_Answer_Code 3 | 3 type User => 450_UM03 ResponseOnPlatform 1
Rule_75	?a chosen_Answer_Code ?d ?d type User => ?a ResponseOnPlatform 1	262_M002_01 chosen_Answer_Code 7 | 7 type User => 262_M002_01 ResponseOnPlatform 1
Rule_75	?a chosen_Answer_Code ?d ?d type User => ?a ResponseOnPlatform 1	483_UM23 chosen_Answer_Code 2 | 2 type User => 483_UM23 ResponseOnPlatform 1
Rule_75	?a chosen_Answer_Code ?d ?d type User => ?a ResponseOnPlatform 1	446_UM09 chosen_Answer_Code 2 | 2 type User => 446_UM09 ResponseOnPlatform 1
Rule_75	?a chosen_Answer_Code ?d ?d type User => ?a ResponseOnPlatform 1	438_UM09 chosen_Answer_Code 5 | 5 type User => 438_UM09 ResponseOnPlatform 1
Rule_75	?a chosen_Answer_Code ?d ?d type User => ?a ResponseOnPlatform 1	170_M006_01 chosen_Answer_Code 10 | 10 type User => 170_M006_01 ResponseOnPlatform 1
Rule_75	?a chosen_Answer_Code ?d ?d type User => ?a ResponseOnPlatform 1	201_M003_01 chosen_Answer_Code 10 | 10 type User => 201_M003_01 ResponseOnPlatform 1
Rule_75	?a chosen_Answer_Code ?d ?d type User => ?a ResponseOnPlatform 1	441_UM07 chosen_Answer_Code 5 | 5 type User => 441_UM07 ResponseOnPlatform 1
Rule_75	?a chosen_Answer_Code ?d ?d type User => ?a ResponseOnPlatform 1	203_M010_01 chosen_Answer_Code 6 | 6 type User => 203_M010_01 ResponseOnPlatform 1
Rule_75	?a chosen_Answer_Code ?d ?d type User => ?a ResponseOnPlatform 1	398_SU01_10 chosen_Answer_Code 5 | 5 type User => 398_SU01_10 ResponseOnPlatform 1
Rule_75	?a chosen_Answer_Code ?d ?d type User => ?a ResponseOnPlatform 1	165_M003_01 chosen_Answer_Code 8 | 8 type User => 165_M003_01 ResponseOnPlatform 1
Rule_75	?a chosen_Answer_Code ?d ?d type User => ?a ResponseOnPlatform 1	334_SU01_03 chosen_Answer_Code 4 | 4 type User => 334_SU01_03 ResponseOnPlatform 1
Rule_75	?a chosen_Answer_Code ?d ?d type User => ?a ResponseOnPlatform 1	458_UM16 chosen_Answer_Code 5 | 5 type User => 458_UM16 ResponseOnPlatform 1
Rule_75	?a chosen_Answer_Code ?d ?d type User => ?a ResponseOnPlatform 1	321_SU01_04 chosen_Answer_Code 5 | 5 type User => 321_SU01_04 ResponseOnPlatform 1
Rule_75	?a chosen_Answer_Code ?d ?d type User => ?a ResponseOnPlatform 1	473_UM08 chosen_Answer_Code 5 | 5 type User => 473_UM08 ResponseOnPlatform 1
Rule_75	?a chosen_Answer_Code ?d ?d type User => ?a ResponseOnPlatform 1	433_UM04 chosen_Answer_Code 4 | 4 type User => 433_UM04 ResponseOnPlatform 1
Rule_75	?a chosen_Answer_Code ?d ?d type User => ?a ResponseOnPlatform 1	374_SU01_02 chosen_Answer_Code 5 | 5 type User => 374_SU01_02 ResponseOnPlatform 1
Rule_75	?a chosen_Answer_Code ?d ?d type User => ?a ResponseOnPlatform 1	105_M005 chosen_Answer_Code 1 | 1 type User => 105_M005 ResponseOnPlatform 1
Rule_75	?a chosen_Answer_Code ?d ?d type User => ?a ResponseOnPlatform 1	396_SU01_01 chosen_Answer_Code 4 | 4 type User => 396_SU01_01 ResponseOnPlatform 1
Rule_75	?a chosen_Answer_Code ?d ?d type User => ?a ResponseOnPlatform 1	411_UM03 chosen_Answer_Code 3 | 3 type User => 411_UM03 ResponseOnPlatform 1
Rule_75	?a chosen_Answer_Code ?d ?d type User => ?a ResponseOnPlatform 1	389_SU01_08 chosen_Answer_Code 5 | 5 type User => 389_SU01_08 ResponseOnPlatform 1
Rule_75	?a chosen_Answer_Code ?d ?d type User => ?a ResponseOnPlatform 1	481_UM12 chosen_Answer_Code 5 | 5 type User => 481_UM12 ResponseOnPlatform 1
Rule_75	?a chosen_Answer_Code ?d ?d type User => ?a ResponseOnPlatform 1	459_UM01 chosen_Answer_Code 3 | 3 type User => 459_UM01 ResponseOnPlatform 1
Rule_75	?a chosen_Answer_Code ?d ?d type User => ?a ResponseOnPlatform 1	370_SU01_01 chosen_Answer_Code 5 | 5 type User => 370_SU01_01 ResponseOnPlatform 1
Rule_75	?a chosen_Answer_Code ?d ?d type User => ?a ResponseOnPlatform 1	464_UM04 chosen_Answer_Code 4 | 4 type User => 464_UM04 ResponseOnPlatform 1
Rule_75	?a chosen_Answer_Code ?d ?d type User => ?a ResponseOnPlatform 1	444_UM07 chosen_Answer_Code 5 | 5 type User => 444_UM07 ResponseOnPlatform 1
Rule_75	?a chosen_Answer_Code ?d ?d type User => ?a ResponseOnPlatform 1	407_UM09 chosen_Answer_Code 4 | 4 type User => 407_UM09 ResponseOnPlatform 1
Rule_75	?a chosen_Answer_Code ?d ?d type User => ?a ResponseOnPlatform 1	52_M003_01 chosen_Answer_Code 9 | 9 type User => 52_M003_01 ResponseOnPlatform 1
Rule_75	?a chosen_Answer_Code ?d ?d type User => ?a ResponseOnPlatform 1	344_SU01_03 chosen_Answer_Code 5 | 5 type User => 344_SU01_03 ResponseOnPlatform 1
Rule_75	?a chosen_Answer_Code ?d ?d type User => ?a ResponseOnPlatform 1	408_UM18 chosen_Answer_Code 2 | 2 type User => 408_UM18 ResponseOnPlatform 1
Rule_75	?a chosen_Answer_Code ?d ?d type User => ?a ResponseOnPlatform 1	472_UM22 chosen_Answer_Code 4 | 4 type User => 472_UM22 ResponseOnPlatform 1
Rule_75	?a chosen_Answer_Code ?d ?d type User => ?a ResponseOnPlatform 1	347_SU01_10 chosen_Answer_Code 2 | 2 type User => 347_SU01_10 ResponseOnPlatform 1
Rule_75	?a chosen_Answer_Code ?d ?d type User => ?a ResponseOnPlatform 1	195_M003_01 chosen_Answer_Code 8 | 8 type User => 195_M003_01 ResponseOnPlatform 1
Rule_75	?a chosen_Answer_Code ?d ?d type User => ?a ResponseOnPlatform 1	141_M004_01 chosen_Answer_Code 9 | 9 type User => 141_M004_01 ResponseOnPlatform 1
Rule_75	?a chosen_Answer_Code ?d ?d type User => ?a ResponseOnPlatform 1	74_M004_01 chosen_Answer_Code 8 | 8 type User => 74_M004_01 ResponseOnPlatform 1
Rule_75	?a chosen_Answer_Code ?d ?d type User => ?a ResponseOnPlatform 1	447_UM03 chosen_Answer_Code 3 | 3 type User => 447_UM03 ResponseOnPlatform 1
Rule_75	?a chosen_Answer_Code ?d ?d type User => ?a ResponseOnPlatform 1	227_M002_01 chosen_Answer_Code 10 | 10 type User => 227_M002_01 ResponseOnPlatform 1
Rule_75	?a chosen_Answer_Code ?d ?d type User => ?a ResponseOnPlatform 1	472_UM16 chosen_Answer_Code 5 | 5 type User => 472_UM16 ResponseOnPlatform 1
Rule_75	?a chosen_Answer_Code ?d ?d type User => ?a ResponseOnPlatform 1	62_M010_01 chosen_Answer_Code 7 | 7 type User => 62_M010_01 ResponseOnPlatform 1
Rule_75	?a chosen_Answer_Code ?d ?d type User => ?a ResponseOnPlatform 1	238_M003_01 chosen_Answer_Code 10 | 10 type User => 238_M003_01 ResponseOnPlatform 1
Rule_75	?a chosen_Answer_Code ?d ?d type User => ?a ResponseOnPlatform 1	117_M004_01 chosen_Answer_Code 9 | 9 type User => 117_M004_01 ResponseOnPlatform 1
Rule_75	?a chosen_Answer_Code ?d ?d type User => ?a ResponseOnPlatform 1	464_UM10 chosen_Answer_Code 4 | 4 type User => 464_UM10 ResponseOnPlatform 1
Rule_75	?a chosen_Answer_Code ?d ?d type User => ?a ResponseOnPlatform 1	197_M002_01 chosen_Answer_Code 10 | 10 type User => 197_M002_01 ResponseOnPlatform 1
Rule_75	?a chosen_Answer_Code ?d ?d type User => ?a ResponseOnPlatform 1	465_UM12 chosen_Answer_Code 5 | 5 type User => 465_UM12 ResponseOnPlatform 1
Rule_75	?a chosen_Answer_Code ?d ?d type User => ?a ResponseOnPlatform 1	375_SU01_08 chosen_Answer_Code 4 | 4 type User => 375_SU01_08 ResponseOnPlatform 1
Rule_75	?a chosen_Answer_Code ?d ?d type User => ?a ResponseOnPlatform 1	425_UM19 chosen_Answer_Code 4 | 4 type User => 425_UM19 ResponseOnPlatform 1
Rule_75	?a chosen_Answer_Code ?d ?d type User => ?a ResponseOnPlatform 1	157_M003_01 chosen_Answer_Code 9 | 9 type User => 157_M003_01 ResponseOnPlatform 1
Rule_75	?a chosen_Answer_Code ?d ?d type User => ?a ResponseOnPlatform 1	87_M003_01 chosen_Answer_Code 9 | 9 type User => 87_M003_01 ResponseOnPlatform 1
Rule_75	?a chosen_Answer_Code ?d ?d type User => ?a ResponseOnPlatform 1	481_UM08 chosen_Answer_Code 4 | 4 type User => 481_UM08 ResponseOnPlatform 1
Rule_75	?a chosen_Answer_Code ?d ?d type User => ?a ResponseOnPlatform 1	475_UM13 chosen_Answer_Code 4 | 4 type User => 475_UM13 ResponseOnPlatform 1
Rule_75	?a chosen_Answer_Code ?d ?d type User => ?a ResponseOnPlatform 1	484_UM08 chosen_Answer_Code 4 | 4 type User => 484_UM08 ResponseOnPlatform 1
Rule_75	?a chosen_Answer_Code ?d ?d type User => ?a ResponseOnPlatform 1	130_M006_01 chosen_Answer_Code 8 | 8 type User => 130_M006_01 ResponseOnPlatform 1
Rule_75	?a chosen_Answer_Code ?d ?d type User => ?a ResponseOnPlatform 1	138_M006_01 chosen_Answer_Code 8 | 8 type User => 138_M006_01 ResponseOnPlatform 1
Rule_75	?a chosen_Answer_Code ?d ?d type User => ?a ResponseOnPlatform 1	434_UM08 chosen_Answer_Code 1 | 1 type User => 434_UM08 ResponseOnPlatform 1
Rule_75	?a chosen_Answer_Code ?d ?d type User => ?a ResponseOnPlatform 1	105_M003_01 chosen_Answer_Code 9 | 9 type User => 105_M003_01 ResponseOnPlatform 1
Rule_75	?a chosen_Answer_Code ?d ?d type User => ?a ResponseOnPlatform 1	267_M010_01 chosen_Answer_Code 10 | 10 type User => 267_M010_01 ResponseOnPlatform 1
Rule_75	?a chosen_Answer_Code ?d ?d type User => ?a ResponseOnPlatform 1	468_UM20 chosen_Answer_Code 4 | 4 type User => 468_UM20 ResponseOnPlatform 1
Rule_75	?a chosen_Answer_Code ?d ?d type User => ?a ResponseOnPlatform 1	64_M002_01 chosen_Answer_Code 9 | 9 type User => 64_M002_01 ResponseOnPlatform 1
Rule_75	?a chosen_Answer_Code ?d ?d type User => ?a ResponseOnPlatform 1	433_UM06 chosen_Answer_Code 3 | 3 type User => 433_UM06 ResponseOnPlatform 1
Rule_75	?a chosen_Answer_Code ?d ?d type User => ?a ResponseOnPlatform 1	396_SU01_09 chosen_Answer_Code 4 | 4 type User => 396_SU01_09 ResponseOnPlatform 1
Rule_75	?a chosen_Answer_Code ?d ?d type User => ?a ResponseOnPlatform 1	453_UM09 chosen_Answer_Code 4 | 4 type User => 453_UM09 ResponseOnPlatform 1
Rule_75	?a chosen_Answer_Code ?d ?d type User => ?a ResponseOnPlatform 1	345_SU01_08 chosen_Answer_Code 5 | 5 type User => 345_SU01_08 ResponseOnPlatform 1
Rule_75	?a chosen_Answer_Code ?d ?d type User => ?a ResponseOnPlatform 1	438_UM24 chosen_Answer_Code 4 | 4 type User => 438_UM24 ResponseOnPlatform 1
Rule_75	?a chosen_Answer_Code ?d ?d type User => ?a ResponseOnPlatform 1	485_UM12 chosen_Answer_Code 5 | 5 type User => 485_UM12 ResponseOnPlatform 1
Rule_75	?a chosen_Answer_Code ?d ?d type User => ?a ResponseOnPlatform 1	49_M010_01 chosen_Answer_Code 10 | 10 type User => 49_M010_01 ResponseOnPlatform 1
Rule_75	?a chosen_Answer_Code ?d ?d type User => ?a ResponseOnPlatform 1	408_UM06 chosen_Answer_Code 5 | 5 type User => 408_UM06 ResponseOnPlatform 1
Rule_75	?a chosen_Answer_Code ?d ?d type User => ?a ResponseOnPlatform 1	108_M010_01 chosen_Answer_Code 10 | 10 type User => 108_M010_01 ResponseOnPlatform 1
Rule_75	?a chosen_Answer_Code ?d ?d type User => ?a ResponseOnPlatform 1	107_M006_01 chosen_Answer_Code 8 | 8 type User => 107_M006_01 ResponseOnPlatform 1
Rule_75	?a chosen_Answer_Code ?d ?d type User => ?a ResponseOnPlatform 1	320_SU01_04 chosen_Answer_Code 5 | 5 type User => 320_SU01_04 ResponseOnPlatform 1
Rule_75	?a chosen_Answer_Code ?d ?d type User => ?a ResponseOnPlatform 1	21_M006_01 chosen_Answer_Code 8 | 8 type User => 21_M006_01 ResponseOnPlatform 1
Rule_75	?a chosen_Answer_Code ?d ?d type User => ?a ResponseOnPlatform 1	264_M003_01 chosen_Answer_Code 9 | 9 type User => 264_M003_01 ResponseOnPlatform 1
Rule_75	?a chosen_Answer_Code ?d ?d type User => ?a ResponseOnPlatform 1	332_SU01_09 chosen_Answer_Code 5 | 5 type User => 332_SU01_09 ResponseOnPlatform 1
Rule_75	?a chosen_Answer_Code ?d ?d type User => ?a ResponseOnPlatform 1	424_UM12 chosen_Answer_Code 4 | 4 type User => 424_UM12 ResponseOnPlatform 1
Rule_75	?a chosen_Answer_Code ?d ?d type User => ?a ResponseOnPlatform 1	327_SU01_01 chosen_Answer_Code 3 | 3 type User => 327_SU01_01 ResponseOnPlatform 1
Rule_75	?a chosen_Answer_Code ?d ?d type User => ?a ResponseOnPlatform 1	458_UM11 chosen_Answer_Code 5 | 5 type User => 458_UM11 ResponseOnPlatform 1
Rule_75	?a chosen_Answer_Code ?d ?d type User => ?a ResponseOnPlatform 1	468_UM01 chosen_Answer_Code 4 | 4 type User => 468_UM01 ResponseOnPlatform 1
Rule_75	?a chosen_Answer_Code ?d ?d type User => ?a ResponseOnPlatform 1	234_M003_01 chosen_Answer_Code 10 | 10 type User => 234_M003_01 ResponseOnPlatform 1
Rule_75	?a chosen_Answer_Code ?d ?d type User => ?a ResponseOnPlatform 1	334_SU01_07 chosen_Answer_Code 4 | 4 type User => 334_SU01_07 ResponseOnPlatform 1
Rule_75	?a chosen_Answer_Code ?d ?d type User => ?a ResponseOnPlatform 1	256_M004_01 chosen_Answer_Code 8 | 8 type User => 256_M004_01 ResponseOnPlatform 1
Rule_75	?a chosen_Answer_Code ?d ?d type User => ?a ResponseOnPlatform 1	188_M003_01 chosen_Answer_Code 10 | 10 type User => 188_M003_01 ResponseOnPlatform 1
Rule_75	?a chosen_Answer_Code ?d ?d type User => ?a ResponseOnPlatform 1	142_M006_01 chosen_Answer_Code 7 | 7 type User => 142_M006_01 ResponseOnPlatform 1
Rule_75	?a chosen_Answer_Code ?d ?d type User => ?a ResponseOnPlatform 1	409_UM14 chosen_Answer_Code 5 | 5 type User => 409_UM14 ResponseOnPlatform 1
Rule_75	?a chosen_Answer_Code ?d ?d type User => ?a ResponseOnPlatform 1	380_SU01_03 chosen_Answer_Code 5 | 5 type User => 380_SU01_03 ResponseOnPlatform 1
Rule_75	?a chosen_Answer_Code ?d ?d type User => ?a ResponseOnPlatform 1	263_M004_01 chosen_Answer_Code 9 | 9 type User => 263_M004_01 ResponseOnPlatform 1
Rule_75	?a chosen_Answer_Code ?d ?d type User => ?a ResponseOnPlatform 1	443_UM11 chosen_Answer_Code 5 | 5 type User => 443_UM11 ResponseOnPlatform 1
Rule_75	?a chosen_Answer_Code ?d ?d type User => ?a ResponseOnPlatform 1	391_SU01_03 chosen_Answer_Code 5 | 5 type User => 391_SU01_03 ResponseOnPlatform 1
Rule_75	?a chosen_Answer_Code ?d ?d type User => ?a ResponseOnPlatform 1	379_SU01_09 chosen_Answer_Code 4 | 4 type User => 379_SU01_09 ResponseOnPlatform 1
Rule_75	?a chosen_Answer_Code ?d ?d type User => ?a ResponseOnPlatform 1	482_UM10 chosen_Answer_Code 5 | 5 type User => 482_UM10 ResponseOnPlatform 1
Rule_75	?a chosen_Answer_Code ?d ?d type User => ?a ResponseOnPlatform 1	446_UM15 chosen_Answer_Code 4 | 4 type User => 446_UM15 ResponseOnPlatform 1
Rule_75	?a chosen_Answer_Code ?d ?d type User => ?a ResponseOnPlatform 1	418_UM25 chosen_Answer_Code 4 | 4 type User => 418_UM25 ResponseOnPlatform 1
Rule_75	?a chosen_Answer_Code ?d ?d type User => ?a ResponseOnPlatform 1	327_SU01_05 chosen_Answer_Code 5 | 5 type User => 327_SU01_05 ResponseOnPlatform 1
Rule_75	?a chosen_Answer_Code ?d ?d type User => ?a ResponseOnPlatform 1	298_M003_01 chosen_Answer_Code 9 | 9 type User => 298_M003_01 ResponseOnPlatform 1
Rule_75	?a chosen_Answer_Code ?d ?d type User => ?a ResponseOnPlatform 1	459_UM22 chosen_Answer_Code 4 | 4 type User => 459_UM22 ResponseOnPlatform 1
Rule_75	?a chosen_Answer_Code ?d ?d type User => ?a ResponseOnPlatform 1	406_UM08 chosen_Answer_Code 4 | 4 type User => 406_UM08 ResponseOnPlatform 1
Rule_75	?a chosen_Answer_Code ?d ?d type User => ?a ResponseOnPlatform 1	476_UM16 chosen_Answer_Code 4 | 4 type User => 476_UM16 ResponseOnPlatform 1
Rule_75	?a chosen_Answer_Code ?d ?d type User => ?a ResponseOnPlatform 1	327_SU01_04 chosen_Answer_Code 5 | 5 type User => 327_SU01_04 ResponseOnPlatform 1
Rule_75	?a chosen_Answer_Code ?d ?d type User => ?a ResponseOnPlatform 1	324_SU01_10 chosen_Answer_Code 4 | 4 type User => 324_SU01_10 ResponseOnPlatform 1
Rule_75	?a chosen_Answer_Code ?d ?d type User => ?a ResponseOnPlatform 1	384_SU01_09 chosen_Answer_Code 2 | 2 type User => 384_SU01_09 ResponseOnPlatform 1
Rule_75	?a chosen_Answer_Code ?d ?d type User => ?a ResponseOnPlatform 1	325_SU01_05 chosen_Answer_Code 3 | 3 type User => 325_SU01_05 ResponseOnPlatform 1
Rule_75	?a chosen_Answer_Code ?d ?d type User => ?a ResponseOnPlatform 1	281_M005 chosen_Answer_Code 1 | 1 type User => 281_M005 ResponseOnPlatform 1
Rule_75	?a chosen_Answer_Code ?d ?d type User => ?a ResponseOnPlatform 1	298_M002_01 chosen_Answer_Code 5 | 5 type User => 298_M002_01 ResponseOnPlatform 1
Rule_75	?a chosen_Answer_Code ?d ?d type User => ?a ResponseOnPlatform 1	29_M005 chosen_Answer_Code 2 | 2 type User => 29_M005 ResponseOnPlatform 1
Rule_75	?a chosen_Answer_Code ?d ?d type User => ?a ResponseOnPlatform 1	326_SU01_05 chosen_Answer_Code 4 | 4 type User => 326_SU01_05 ResponseOnPlatform 1
Rule_75	?a chosen_Answer_Code ?d ?d type User => ?a ResponseOnPlatform 1	483_UM17 chosen_Answer_Code 3 | 3 type User => 483_UM17 ResponseOnPlatform 1
Rule_75	?a chosen_Answer_Code ?d ?d type User => ?a ResponseOnPlatform 1	229_M006_01 chosen_Answer_Code 10 | 10 type User => 229_M006_01 ResponseOnPlatform 1
Rule_75	?a chosen_Answer_Code ?d ?d type User => ?a ResponseOnPlatform 1	331_SU01_09 chosen_Answer_Code 4 | 4 type User => 331_SU01_09 ResponseOnPlatform 1
Rule_75	?a chosen_Answer_Code ?d ?d type User => ?a ResponseOnPlatform 1	129_M006_01 chosen_Answer_Code 10 | 10 type User => 129_M006_01 ResponseOnPlatform 1
Rule_75	?a chosen_Answer_Code ?d ?d type User => ?a ResponseOnPlatform 1	271_M005 chosen_Answer_Code 3 | 3 type User => 271_M005 ResponseOnPlatform 1
Rule_75	?a chosen_Answer_Code ?d ?d type User => ?a ResponseOnPlatform 1	265_M002_01 chosen_Answer_Code 9 | 9 type User => 265_M002_01 ResponseOnPlatform 1
Rule_75	?a chosen_Answer_Code ?d ?d type User => ?a ResponseOnPlatform 1	337_SU01_08 chosen_Answer_Code 5 | 5 type User => 337_SU01_08 ResponseOnPlatform 1
Rule_75	?a chosen_Answer_Code ?d ?d type User => ?a ResponseOnPlatform 1	8_M006_01 chosen_Answer_Code 7 | 7 type User => 8_M006_01 ResponseOnPlatform 1
Rule_75	?a chosen_Answer_Code ?d ?d type User => ?a ResponseOnPlatform 1	485_UM22 chosen_Answer_Code 4 | 4 type User => 485_UM22 ResponseOnPlatform 1
Rule_75	?a chosen_Answer_Code ?d ?d type User => ?a ResponseOnPlatform 1	313_SU01_02 chosen_Answer_Code 5 | 5 type User => 313_SU01_02 ResponseOnPlatform 1
Rule_75	?a chosen_Answer_Code ?d ?d type User => ?a ResponseOnPlatform 1	472_UM09 chosen_Answer_Code 4 | 4 type User => 472_UM09 ResponseOnPlatform 1
Rule_75	?a chosen_Answer_Code ?d ?d type User => ?a ResponseOnPlatform 1	134_M005 chosen_Answer_Code 2 | 2 type User => 134_M005 ResponseOnPlatform 1
Rule_75	?a chosen_Answer_Code ?d ?d type User => ?a ResponseOnPlatform 1	406_UM12 chosen_Answer_Code 5 | 5 type User => 406_UM12 ResponseOnPlatform 1
Rule_75	?a chosen_Answer_Code ?d ?d type User => ?a ResponseOnPlatform 1	182_M002_01 chosen_Answer_Code 10 | 10 type User => 182_M002_01 ResponseOnPlatform 1
Rule_75	?a chosen_Answer_Code ?d ?d type User => ?a ResponseOnPlatform 1	13_M006_01 chosen_Answer_Code 1 | 1 type User => 13_M006_01 ResponseOnPlatform 1
Rule_75	?a chosen_Answer_Code ?d ?d type User => ?a ResponseOnPlatform 1	67_M010_01 chosen_Answer_Code 3 | 3 type User => 67_M010_01 ResponseOnPlatform 1
Rule_75	?a chosen_Answer_Code ?d ?d type User => ?a ResponseOnPlatform 1	172_M010_01 chosen_Answer_Code 6 | 6 type User => 172_M010_01 ResponseOnPlatform 1
Rule_75	?a chosen_Answer_Code ?d ?d type User => ?a ResponseOnPlatform 1	316_SU01_01 chosen_Answer_Code 5 | 5 type User => 316_SU01_01 ResponseOnPlatform 1
Rule_75	?a chosen_Answer_Code ?d ?d type User => ?a ResponseOnPlatform 1	425_UM01 chosen_Answer_Code 5 | 5 type User => 425_UM01 ResponseOnPlatform 1
Rule_75	?a chosen_Answer_Code ?d ?d type User => ?a ResponseOnPlatform 1	165_M010_01 chosen_Answer_Code 9 | 9 type User => 165_M010_01 ResponseOnPlatform 1
Rule_75	?a chosen_Answer_Code ?d ?d type User => ?a ResponseOnPlatform 1	130_M002_01 chosen_Answer_Code 8 | 8 type User => 130_M002_01 ResponseOnPlatform 1
Rule_75	?a chosen_Answer_Code ?d ?d type User => ?a ResponseOnPlatform 1	267_M002_01 chosen_Answer_Code 10 | 10 type User => 267_M002_01 ResponseOnPlatform 1
Rule_75	?a chosen_Answer_Code ?d ?d type User => ?a ResponseOnPlatform 1	263_M003_01 chosen_Answer_Code 9 | 9 type User => 263_M003_01 ResponseOnPlatform 1
Rule_75	?a chosen_Answer_Code ?d ?d type User => ?a ResponseOnPlatform 1	464_UM20 chosen_Answer_Code 4 | 4 type User => 464_UM20 ResponseOnPlatform 1
Rule_75	?a chosen_Answer_Code ?d ?d type User => ?a ResponseOnPlatform 1	312_SU01_06 chosen_Answer_Code 5 | 5 type User => 312_SU01_06 ResponseOnPlatform 1
Rule_75	?a chosen_Answer_Code ?d ?d type User => ?a ResponseOnPlatform 1	338_SU01_05 chosen_Answer_Code 3 | 3 type User => 338_SU01_05 ResponseOnPlatform 1
Rule_75	?a chosen_Answer_Code ?d ?d type User => ?a ResponseOnPlatform 1	271_M003_01 chosen_Answer_Code 9 | 9 type User => 271_M003_01 ResponseOnPlatform 1
Rule_75	?a chosen_Answer_Code ?d ?d type User => ?a ResponseOnPlatform 1	141_M003_01 chosen_Answer_Code 10 | 10 type User => 141_M003_01 ResponseOnPlatform 1
Rule_75	?a chosen_Answer_Code ?d ?d type User => ?a ResponseOnPlatform 1	482_UM01 chosen_Answer_Code 4 | 4 type User => 482_UM01 ResponseOnPlatform 1
Rule_75	?a chosen_Answer_Code ?d ?d type User => ?a ResponseOnPlatform 1	485_UM07 chosen_Answer_Code 4 | 4 type User => 485_UM07 ResponseOnPlatform 1
Rule_75	?a chosen_Answer_Code ?d ?d type User => ?a ResponseOnPlatform 1	328_SU01_02 chosen_Answer_Code 4 | 4 type User => 328_SU01_02 ResponseOnPlatform 1
Rule_75	?a chosen_Answer_Code ?d ?d type User => ?a ResponseOnPlatform 1	459_UM09 chosen_Answer_Code 4 | 4 type User => 459_UM09 ResponseOnPlatform 1
Rule_75	?a chosen_Answer_Code ?d ?d type User => ?a ResponseOnPlatform 1	290_M010_01 chosen_Answer_Code 7 | 7 type User => 290_M010_01 ResponseOnPlatform 1
Rule_75	?a chosen_Answer_Code ?d ?d type User => ?a ResponseOnPlatform 1	472_UM15 chosen_Answer_Code 4 | 4 type User => 472_UM15 ResponseOnPlatform 1
Rule_75	?a chosen_Answer_Code ?d ?d type User => ?a ResponseOnPlatform 1	326_SU01_04 chosen_Answer_Code 5 | 5 type User => 326_SU01_04 ResponseOnPlatform 1
Rule_75	?a chosen_Answer_Code ?d ?d type User => ?a ResponseOnPlatform 1	223_M010_01 chosen_Answer_Code 3 | 3 type User => 223_M010_01 ResponseOnPlatform 1
Rule_75	?a chosen_Answer_Code ?d ?d type User => ?a ResponseOnPlatform 1	329_SU01_05 chosen_Answer_Code 5 | 5 type User => 329_SU01_05 ResponseOnPlatform 1
Rule_75	?a chosen_Answer_Code ?d ?d type User => ?a ResponseOnPlatform 1	340_SU01_09 chosen_Answer_Code 5 | 5 type User => 340_SU01_09 ResponseOnPlatform 1
Rule_75	?a chosen_Answer_Code ?d ?d type User => ?a ResponseOnPlatform 1	180_M002_01 chosen_Answer_Code 9 | 9 type User => 180_M002_01 ResponseOnPlatform 1
Rule_75	?a chosen_Answer_Code ?d ?d type User => ?a ResponseOnPlatform 1	97_M003_01 chosen_Answer_Code 10 | 10 type User => 97_M003_01 ResponseOnPlatform 1
Rule_75	?a chosen_Answer_Code ?d ?d type User => ?a ResponseOnPlatform 1	464_UM17 chosen_Answer_Code 3 | 3 type User => 464_UM17 ResponseOnPlatform 1
Rule_75	?a chosen_Answer_Code ?d ?d type User => ?a ResponseOnPlatform 1	410_UM09 chosen_Answer_Code 4 | 4 type User => 410_UM09 ResponseOnPlatform 1
Rule_75	?a chosen_Answer_Code ?d ?d type User => ?a ResponseOnPlatform 1	111_M004_01 chosen_Answer_Code 9 | 9 type User => 111_M004_01 ResponseOnPlatform 1
Rule_75	?a chosen_Answer_Code ?d ?d type User => ?a ResponseOnPlatform 1	214_M003_01 chosen_Answer_Code 10 | 10 type User => 214_M003_01 ResponseOnPlatform 1
Rule_75	?a chosen_Answer_Code ?d ?d type User => ?a ResponseOnPlatform 1	411_UM10 chosen_Answer_Code 3 | 3 type User => 411_UM10 ResponseOnPlatform 1
Rule_75	?a chosen_Answer_Code ?d ?d type User => ?a ResponseOnPlatform 1	446_UM23 chosen_Answer_Code 3 | 3 type User => 446_UM23 ResponseOnPlatform 1
Rule_75	?a chosen_Answer_Code ?d ?d type User => ?a ResponseOnPlatform 1	126_M005 chosen_Answer_Code 1 | 1 type User => 126_M005 ResponseOnPlatform 1
Rule_75	?a chosen_Answer_Code ?d ?d type User => ?a ResponseOnPlatform 1	234_M006_01 chosen_Answer_Code 10 | 10 type User => 234_M006_01 ResponseOnPlatform 1
Rule_75	?a chosen_Answer_Code ?d ?d type User => ?a ResponseOnPlatform 1	115_M010_01 chosen_Answer_Code 7 | 7 type User => 115_M010_01 ResponseOnPlatform 1
Rule_75	?a chosen_Answer_Code ?d ?d type User => ?a ResponseOnPlatform 1	154_M002_01 chosen_Answer_Code 9 | 9 type User => 154_M002_01 ResponseOnPlatform 1
Rule_75	?a chosen_Answer_Code ?d ?d type User => ?a ResponseOnPlatform 1	335_SU01_05 chosen_Answer_Code 4 | 4 type User => 335_SU01_05 ResponseOnPlatform 1
Rule_75	?a chosen_Answer_Code ?d ?d type User => ?a ResponseOnPlatform 1	428_UM25 chosen_Answer_Code 3 | 3 type User => 428_UM25 ResponseOnPlatform 1
Rule_75	?a chosen_Answer_Code ?d ?d type User => ?a ResponseOnPlatform 1	23_M006_01 chosen_Answer_Code 6 | 6 type User => 23_M006_01 ResponseOnPlatform 1
Rule_75	?a chosen_Answer_Code ?d ?d type User => ?a ResponseOnPlatform 1	468_UM15 chosen_Answer_Code 4 | 4 type User => 468_UM15 ResponseOnPlatform 1
Rule_75	?a chosen_Answer_Code ?d ?d type User => ?a ResponseOnPlatform 1	411_UM13 chosen_Answer_Code 3 | 3 type User => 411_UM13 ResponseOnPlatform 1
Rule_75	?a chosen_Answer_Code ?d ?d type User => ?a ResponseOnPlatform 1	57_M004_01 chosen_Answer_Code 10 | 10 type User => 57_M004_01 ResponseOnPlatform 1
Rule_75	?a chosen_Answer_Code ?d ?d type User => ?a ResponseOnPlatform 1	261_M010_01 chosen_Answer_Code 9 | 9 type User => 261_M010_01 ResponseOnPlatform 1
Rule_75	?a chosen_Answer_Code ?d ?d type User => ?a ResponseOnPlatform 1	339_SU01_08 chosen_Answer_Code 5 | 5 type User => 339_SU01_08 ResponseOnPlatform 1
Rule_75	?a chosen_Answer_Code ?d ?d type User => ?a ResponseOnPlatform 1	419_UM24 chosen_Answer_Code 3 | 3 type User => 419_UM24 ResponseOnPlatform 1
Rule_75	?a chosen_Answer_Code ?d ?d type User => ?a ResponseOnPlatform 1	403_SU01_05 chosen_Answer_Code 2 | 2 type User => 403_SU01_05 ResponseOnPlatform 1
Rule_75	?a chosen_Answer_Code ?d ?d type User => ?a ResponseOnPlatform 1	265_M005 chosen_Answer_Code 2 | 2 type User => 265_M005 ResponseOnPlatform 1
Rule_75	?a chosen_Answer_Code ?d ?d type User => ?a ResponseOnPlatform 1	398_SU01_03 chosen_Answer_Code 5 | 5 type User => 398_SU01_03 ResponseOnPlatform 1
Rule_75	?a chosen_Answer_Code ?d ?d type User => ?a ResponseOnPlatform 1	415_UM08 chosen_Answer_Code 5 | 5 type User => 415_UM08 ResponseOnPlatform 1
Rule_75	?a chosen_Answer_Code ?d ?d type User => ?a ResponseOnPlatform 1	160_M002_01 chosen_Answer_Code 9 | 9 type User => 160_M002_01 ResponseOnPlatform 1
Rule_75	?a chosen_Answer_Code ?d ?d type User => ?a ResponseOnPlatform 1	273_M003_01 chosen_Answer_Code 10 | 10 type User => 273_M003_01 ResponseOnPlatform 1
Rule_75	?a chosen_Answer_Code ?d ?d type User => ?a ResponseOnPlatform 1	373_SU01_06 chosen_Answer_Code 1 | 1 type User => 373_SU01_06 ResponseOnPlatform 1
Rule_75	?a chosen_Answer_Code ?d ?d type User => ?a ResponseOnPlatform 1	325_SU01_09 chosen_Answer_Code 5 | 5 type User => 325_SU01_09 ResponseOnPlatform 1
Rule_75	?a chosen_Answer_Code ?d ?d type User => ?a ResponseOnPlatform 1	339_SU01_09 chosen_Answer_Code 5 | 5 type User => 339_SU01_09 ResponseOnPlatform 1
Rule_75	?a chosen_Answer_Code ?d ?d type User => ?a ResponseOnPlatform 1	149_M004_01 chosen_Answer_Code 7 | 7 type User => 149_M004_01 ResponseOnPlatform 1
Rule_75	?a chosen_Answer_Code ?d ?d type User => ?a ResponseOnPlatform 1	353_SU01_01 chosen_Answer_Code 3 | 3 type User => 353_SU01_01 ResponseOnPlatform 1
Rule_75	?a chosen_Answer_Code ?d ?d type User => ?a ResponseOnPlatform 1	244_M003_01 chosen_Answer_Code 8 | 8 type User => 244_M003_01 ResponseOnPlatform 1
Rule_75	?a chosen_Answer_Code ?d ?d type User => ?a ResponseOnPlatform 1	222_M004_01 chosen_Answer_Code 9 | 9 type User => 222_M004_01 ResponseOnPlatform 1
Rule_75	?a chosen_Answer_Code ?d ?d type User => ?a ResponseOnPlatform 1	333_SU01_06 chosen_Answer_Code 3 | 3 type User => 333_SU01_06 ResponseOnPlatform 1
Rule_75	?a chosen_Answer_Code ?d ?d type User => ?a ResponseOnPlatform 1	183_M003_01 chosen_Answer_Code 10 | 10 type User => 183_M003_01 ResponseOnPlatform 1
Rule_75	?a chosen_Answer_Code ?d ?d type User => ?a ResponseOnPlatform 1	471_UM17 chosen_Answer_Code 3 | 3 type User => 471_UM17 ResponseOnPlatform 1
Rule_75	?a chosen_Answer_Code ?d ?d type User => ?a ResponseOnPlatform 1	34_M010_01 chosen_Answer_Code 10 | 10 type User => 34_M010_01 ResponseOnPlatform 1
Rule_75	?a chosen_Answer_Code ?d ?d type User => ?a ResponseOnPlatform 1	423_UM11 chosen_Answer_Code 4 | 4 type User => 423_UM11 ResponseOnPlatform 1
Rule_75	?a chosen_Answer_Code ?d ?d type User => ?a ResponseOnPlatform 1	429_UM04 chosen_Answer_Code 4 | 4 type User => 429_UM04 ResponseOnPlatform 1
Rule_75	?a chosen_Answer_Code ?d ?d type User => ?a ResponseOnPlatform 1	320_SU01_01 chosen_Answer_Code 4 | 4 type User => 320_SU01_01 ResponseOnPlatform 1
Rule_75	?a chosen_Answer_Code ?d ?d type User => ?a ResponseOnPlatform 1	191_M005 chosen_Answer_Code 1 | 1 type User => 191_M005 ResponseOnPlatform 1
Rule_75	?a chosen_Answer_Code ?d ?d type User => ?a ResponseOnPlatform 1	1_M003_01 chosen_Answer_Code 5 | 5 type User => 1_M003_01 ResponseOnPlatform 1
Rule_75	?a chosen_Answer_Code ?d ?d type User => ?a ResponseOnPlatform 1	165_M004_01 chosen_Answer_Code 8 | 8 type User => 165_M004_01 ResponseOnPlatform 1
Rule_75	?a chosen_Answer_Code ?d ?d type User => ?a ResponseOnPlatform 1	300_M005 chosen_Answer_Code 1 | 1 type User => 300_M005 ResponseOnPlatform 1
Rule_75	?a chosen_Answer_Code ?d ?d type User => ?a ResponseOnPlatform 1	378_SU01_09 chosen_Answer_Code 1 | 1 type User => 378_SU01_09 ResponseOnPlatform 1
Rule_75	?a chosen_Answer_Code ?d ?d type User => ?a ResponseOnPlatform 1	284_M006_01 chosen_Answer_Code 10 | 10 type User => 284_M006_01 ResponseOnPlatform 1
Rule_75	?a chosen_Answer_Code ?d ?d type User => ?a ResponseOnPlatform 1	453_UM14 chosen_Answer_Code 4 | 4 type User => 453_UM14 ResponseOnPlatform 1
Rule_75	?a chosen_Answer_Code ?d ?d type User => ?a ResponseOnPlatform 1	136_M004_01 chosen_Answer_Code 9 | 9 type User => 136_M004_01 ResponseOnPlatform 1
Rule_75	?a chosen_Answer_Code ?d ?d type User => ?a ResponseOnPlatform 1	471_UM08 chosen_Answer_Code 3 | 3 type User => 471_UM08 ResponseOnPlatform 1
Rule_75	?a chosen_Answer_Code ?d ?d type User => ?a ResponseOnPlatform 1	82_M006_01 chosen_Answer_Code 10 | 10 type User => 82_M006_01 ResponseOnPlatform 1
Rule_75	?a chosen_Answer_Code ?d ?d type User => ?a ResponseOnPlatform 1	446_UM17 chosen_Answer_Code 3 | 3 type User => 446_UM17 ResponseOnPlatform 1
Rule_75	?a chosen_Answer_Code ?d ?d type User => ?a ResponseOnPlatform 1	12_M003_01 chosen_Answer_Code 6 | 6 type User => 12_M003_01 ResponseOnPlatform 1
Rule_75	?a chosen_Answer_Code ?d ?d type User => ?a ResponseOnPlatform 1	441_UM21 chosen_Answer_Code 5 | 5 type User => 441_UM21 ResponseOnPlatform 1
Rule_75	?a chosen_Answer_Code ?d ?d type User => ?a ResponseOnPlatform 1	268_M006_01 chosen_Answer_Code 6 | 6 type User => 268_M006_01 ResponseOnPlatform 1
Rule_75	?a chosen_Answer_Code ?d ?d type User => ?a ResponseOnPlatform 1	452_UM12 chosen_Answer_Code 4 | 4 type User => 452_UM12 ResponseOnPlatform 1
Rule_75	?a chosen_Answer_Code ?d ?d type User => ?a ResponseOnPlatform 1	425_UM02 chosen_Answer_Code 5 | 5 type User => 425_UM02 ResponseOnPlatform 1
Rule_75	?a chosen_Answer_Code ?d ?d type User => ?a ResponseOnPlatform 1	415_UM11 chosen_Answer_Code 3 | 3 type User => 415_UM11 ResponseOnPlatform 1
Rule_75	?a chosen_Answer_Code ?d ?d type User => ?a ResponseOnPlatform 1	385_SU01_02 chosen_Answer_Code 5 | 5 type User => 385_SU01_02 ResponseOnPlatform 1
Rule_75	?a chosen_Answer_Code ?d ?d type User => ?a ResponseOnPlatform 1	362_SU01_02 chosen_Answer_Code 5 | 5 type User => 362_SU01_02 ResponseOnPlatform 1
Rule_75	?a chosen_Answer_Code ?d ?d type User => ?a ResponseOnPlatform 1	490_UM23 chosen_Answer_Code 3 | 3 type User => 490_UM23 ResponseOnPlatform 1
Rule_75	?a chosen_Answer_Code ?d ?d type User => ?a ResponseOnPlatform 1	356_SU01_09 chosen_Answer_Code 4 | 4 type User => 356_SU01_09 ResponseOnPlatform 1
Rule_75	?a chosen_Answer_Code ?d ?d type User => ?a ResponseOnPlatform 1	223_M006_01 chosen_Answer_Code 9 | 9 type User => 223_M006_01 ResponseOnPlatform 1
Rule_75	?a chosen_Answer_Code ?d ?d type User => ?a ResponseOnPlatform 1	46_M002_01 chosen_Answer_Code 8 | 8 type User => 46_M002_01 ResponseOnPlatform 1
Rule_75	?a chosen_Answer_Code ?d ?d type User => ?a ResponseOnPlatform 1	86_M005 chosen_Answer_Code 1 | 1 type User => 86_M005 ResponseOnPlatform 1
Rule_75	?a chosen_Answer_Code ?d ?d type User => ?a ResponseOnPlatform 1	338_SU01_09 chosen_Answer_Code 4 | 4 type User => 338_SU01_09 ResponseOnPlatform 1
Rule_75	?a chosen_Answer_Code ?d ?d type User => ?a ResponseOnPlatform 1	240_M002_01 chosen_Answer_Code 7 | 7 type User => 240_M002_01 ResponseOnPlatform 1
Rule_75	?a chosen_Answer_Code ?d ?d type User => ?a ResponseOnPlatform 1	46_M006_01 chosen_Answer_Code 8 | 8 type User => 46_M006_01 ResponseOnPlatform 1
Rule_75	?a chosen_Answer_Code ?d ?d type User => ?a ResponseOnPlatform 1	4_M002_01 chosen_Answer_Code 9 | 9 type User => 4_M002_01 ResponseOnPlatform 1
Rule_75	?a chosen_Answer_Code ?d ?d type User => ?a ResponseOnPlatform 1	441_UM12 chosen_Answer_Code 5 | 5 type User => 441_UM12 ResponseOnPlatform 1
Rule_75	?a chosen_Answer_Code ?d ?d type User => ?a ResponseOnPlatform 1	478_UM25 chosen_Answer_Code 3 | 3 type User => 478_UM25 ResponseOnPlatform 1
Rule_75	?a chosen_Answer_Code ?d ?d type User => ?a ResponseOnPlatform 1	490_UM13 chosen_Answer_Code 5 | 5 type User => 490_UM13 ResponseOnPlatform 1
Rule_75	?a chosen_Answer_Code ?d ?d type User => ?a ResponseOnPlatform 1	395_SU01_10 chosen_Answer_Code 5 | 5 type User => 395_SU01_10 ResponseOnPlatform 1
Rule_75	?a chosen_Answer_Code ?d ?d type User => ?a ResponseOnPlatform 1	190_M004_01 chosen_Answer_Code 8 | 8 type User => 190_M004_01 ResponseOnPlatform 1
Rule_75	?a chosen_Answer_Code ?d ?d type User => ?a ResponseOnPlatform 1	428_UM15 chosen_Answer_Code 4 | 4 type User => 428_UM15 ResponseOnPlatform 1
Rule_75	?a chosen_Answer_Code ?d ?d type User => ?a ResponseOnPlatform 1	55_M005 chosen_Answer_Code 3 | 3 type User => 55_M005 ResponseOnPlatform 1
Rule_75	?a chosen_Answer_Code ?d ?d type User => ?a ResponseOnPlatform 1	472_UM03 chosen_Answer_Code 4 | 4 type User => 472_UM03 ResponseOnPlatform 1
Rule_75	?a chosen_Answer_Code ?d ?d type User => ?a ResponseOnPlatform 1	437_UM21 chosen_Answer_Code 5 | 5 type User => 437_UM21 ResponseOnPlatform 1
Rule_75	?a chosen_Answer_Code ?d ?d type User => ?a ResponseOnPlatform 1	260_M005 chosen_Answer_Code 1 | 1 type User => 260_M005 ResponseOnPlatform 1
Rule_75	?a chosen_Answer_Code ?d ?d type User => ?a ResponseOnPlatform 1	188_M004_01 chosen_Answer_Code 8 | 8 type User => 188_M004_01 ResponseOnPlatform 1
Rule_75	?a chosen_Answer_Code ?d ?d type User => ?a ResponseOnPlatform 1	250_M002_01 chosen_Answer_Code 10 | 10 type User => 250_M002_01 ResponseOnPlatform 1
Rule_75	?a chosen_Answer_Code ?d ?d type User => ?a ResponseOnPlatform 1	165_M002_01 chosen_Answer_Code 8 | 8 type User => 165_M002_01 ResponseOnPlatform 1
Rule_75	?a chosen_Answer_Code ?d ?d type User => ?a ResponseOnPlatform 1	439_UM16 chosen_Answer_Code 5 | 5 type User => 439_UM16 ResponseOnPlatform 1
Rule_75	?a chosen_Answer_Code ?d ?d type User => ?a ResponseOnPlatform 1	13_M010_01 chosen_Answer_Code 1 | 1 type User => 13_M010_01 ResponseOnPlatform 1
Rule_75	?a chosen_Answer_Code ?d ?d type User => ?a ResponseOnPlatform 1	188_M006_01 chosen_Answer_Code 9 | 9 type User => 188_M006_01 ResponseOnPlatform 1
Rule_75	?a chosen_Answer_Code ?d ?d type User => ?a ResponseOnPlatform 1	406_UM10 chosen_Answer_Code 3 | 3 type User => 406_UM10 ResponseOnPlatform 1
Rule_75	?a chosen_Answer_Code ?d ?d type User => ?a ResponseOnPlatform 1	311_SU01_08 chosen_Answer_Code 5 | 5 type User => 311_SU01_08 ResponseOnPlatform 1
Rule_75	?a chosen_Answer_Code ?d ?d type User => ?a ResponseOnPlatform 1	486_UM03 chosen_Answer_Code 4 | 4 type User => 486_UM03 ResponseOnPlatform 1
Rule_75	?a chosen_Answer_Code ?d ?d type User => ?a ResponseOnPlatform 1	491_UM21 chosen_Answer_Code 4 | 4 type User => 491_UM21 ResponseOnPlatform 1
Rule_75	?a chosen_Answer_Code ?d ?d type User => ?a ResponseOnPlatform 1	463_UM04 chosen_Answer_Code 5 | 5 type User => 463_UM04 ResponseOnPlatform 1
Rule_75	?a chosen_Answer_Code ?d ?d type User => ?a ResponseOnPlatform 1	333_SU01_04 chosen_Answer_Code 1 | 1 type User => 333_SU01_04 ResponseOnPlatform 1
Rule_75	?a chosen_Answer_Code ?d ?d type User => ?a ResponseOnPlatform 1	348_SU01_08 chosen_Answer_Code 4 | 4 type User => 348_SU01_08 ResponseOnPlatform 1
Rule_75	?a chosen_Answer_Code ?d ?d type User => ?a ResponseOnPlatform 1	180_M006_01 chosen_Answer_Code 8 | 8 type User => 180_M006_01 ResponseOnPlatform 1
Rule_75	?a chosen_Answer_Code ?d ?d type User => ?a ResponseOnPlatform 1	486_UM25 chosen_Answer_Code 3 | 3 type User => 486_UM25 ResponseOnPlatform 1
Rule_75	?a chosen_Answer_Code ?d ?d type User => ?a ResponseOnPlatform 1	219_M002_01 chosen_Answer_Code 9 | 9 type User => 219_M002_01 ResponseOnPlatform 1
Rule_75	?a chosen_Answer_Code ?d ?d type User => ?a ResponseOnPlatform 1	431_UM09 chosen_Answer_Code 4 | 4 type User => 431_UM09 ResponseOnPlatform 1
Rule_75	?a chosen_Answer_Code ?d ?d type User => ?a ResponseOnPlatform 1	472_UM07 chosen_Answer_Code 4 | 4 type User => 472_UM07 ResponseOnPlatform 1
Rule_75	?a chosen_Answer_Code ?d ?d type User => ?a ResponseOnPlatform 1	338_SU01_02 chosen_Answer_Code 5 | 5 type User => 338_SU01_02 ResponseOnPlatform 1
Rule_75	?a chosen_Answer_Code ?d ?d type User => ?a ResponseOnPlatform 1	418_UM23 chosen_Answer_Code 4 | 4 type User => 418_UM23 ResponseOnPlatform 1
Rule_75	?a chosen_Answer_Code ?d ?d type User => ?a ResponseOnPlatform 1	143_M004_01 chosen_Answer_Code 9 | 9 type User => 143_M004_01 ResponseOnPlatform 1
Rule_75	?a chosen_Answer_Code ?d ?d type User => ?a ResponseOnPlatform 1	408_UM12 chosen_Answer_Code 4 | 4 type User => 408_UM12 ResponseOnPlatform 1
Rule_75	?a chosen_Answer_Code ?d ?d type User => ?a ResponseOnPlatform 1	310_SU01_08 chosen_Answer_Code 4 | 4 type User => 310_SU01_08 ResponseOnPlatform 1
Rule_75	?a chosen_Answer_Code ?d ?d type User => ?a ResponseOnPlatform 1	43_M006_01 chosen_Answer_Code 9 | 9 type User => 43_M006_01 ResponseOnPlatform 1
Rule_75	?a chosen_Answer_Code ?d ?d type User => ?a ResponseOnPlatform 1	62_M003_01 chosen_Answer_Code 8 | 8 type User => 62_M003_01 ResponseOnPlatform 1
Rule_75	?a chosen_Answer_Code ?d ?d type User => ?a ResponseOnPlatform 1	431_UM25 chosen_Answer_Code 4 | 4 type User => 431_UM25 ResponseOnPlatform 1
Rule_75	?a chosen_Answer_Code ?d ?d type User => ?a ResponseOnPlatform 1	359_SU01_04 chosen_Answer_Code 5 | 5 type User => 359_SU01_04 ResponseOnPlatform 1
Rule_75	?a chosen_Answer_Code ?d ?d type User => ?a ResponseOnPlatform 1	5_M002_01 chosen_Answer_Code 10 | 10 type User => 5_M002_01 ResponseOnPlatform 1
Rule_75	?a chosen_Answer_Code ?d ?d type User => ?a ResponseOnPlatform 1	431_UM16 chosen_Answer_Code 4 | 4 type User => 431_UM16 ResponseOnPlatform 1
Rule_75	?a chosen_Answer_Code ?d ?d type User => ?a ResponseOnPlatform 1	318_SU01_05 chosen_Answer_Code 2 | 2 type User => 318_SU01_05 ResponseOnPlatform 1
Rule_75	?a chosen_Answer_Code ?d ?d type User => ?a ResponseOnPlatform 1	421_UM10 chosen_Answer_Code 4 | 4 type User => 421_UM10 ResponseOnPlatform 1
Rule_75	?a chosen_Answer_Code ?d ?d type User => ?a ResponseOnPlatform 1	85_M004_01 chosen_Answer_Code 9 | 9 type User => 85_M004_01 ResponseOnPlatform 1
Rule_75	?a chosen_Answer_Code ?d ?d type User => ?a ResponseOnPlatform 1	483_UM12 chosen_Answer_Code 4 | 4 type User => 483_UM12 ResponseOnPlatform 1
Rule_75	?a chosen_Answer_Code ?d ?d type User => ?a ResponseOnPlatform 1	400_SU01_08 chosen_Answer_Code 3 | 3 type User => 400_SU01_08 ResponseOnPlatform 1
Rule_75	?a chosen_Answer_Code ?d ?d type User => ?a ResponseOnPlatform 1	337_SU01_03 chosen_Answer_Code 4 | 4 type User => 337_SU01_03 ResponseOnPlatform 1
Rule_75	?a chosen_Answer_Code ?d ?d type User => ?a ResponseOnPlatform 1	381_SU01_09 chosen_Answer_Code 2 | 2 type User => 381_SU01_09 ResponseOnPlatform 1
Rule_75	?a chosen_Answer_Code ?d ?d type User => ?a ResponseOnPlatform 1	15_M004_01 chosen_Answer_Code 10 | 10 type User => 15_M004_01 ResponseOnPlatform 1
Rule_75	?a chosen_Answer_Code ?d ?d type User => ?a ResponseOnPlatform 1	415_UM01 chosen_Answer_Code 4 | 4 type User => 415_UM01 ResponseOnPlatform 1
Rule_75	?a chosen_Answer_Code ?d ?d type User => ?a ResponseOnPlatform 1	490_UM08 chosen_Answer_Code 3 | 3 type User => 490_UM08 ResponseOnPlatform 1
Rule_75	?a chosen_Answer_Code ?d ?d type User => ?a ResponseOnPlatform 1	181_M004_01 chosen_Answer_Code 7 | 7 type User => 181_M004_01 ResponseOnPlatform 1
Rule_75	?a chosen_Answer_Code ?d ?d type User => ?a ResponseOnPlatform 1	325_SU01_01 chosen_Answer_Code 3 | 3 type User => 325_SU01_01 ResponseOnPlatform 1
Rule_75	?a chosen_Answer_Code ?d ?d type User => ?a ResponseOnPlatform 1	432_UM17 chosen_Answer_Code 3 | 3 type User => 432_UM17 ResponseOnPlatform 1
Rule_75	?a chosen_Answer_Code ?d ?d type User => ?a ResponseOnPlatform 1	429_UM02 chosen_Answer_Code 3 | 3 type User => 429_UM02 ResponseOnPlatform 1
Rule_75	?a chosen_Answer_Code ?d ?d type User => ?a ResponseOnPlatform 1	314_SU01_04 chosen_Answer_Code 4 | 4 type User => 314_SU01_04 ResponseOnPlatform 1
Rule_75	?a chosen_Answer_Code ?d ?d type User => ?a ResponseOnPlatform 1	469_UM03 chosen_Answer_Code 4 | 4 type User => 469_UM03 ResponseOnPlatform 1
Rule_75	?a chosen_Answer_Code ?d ?d type User => ?a ResponseOnPlatform 1	460_UM02 chosen_Answer_Code 3 | 3 type User => 460_UM02 ResponseOnPlatform 1
Rule_75	?a chosen_Answer_Code ?d ?d type User => ?a ResponseOnPlatform 1	481_UM06 chosen_Answer_Code 5 | 5 type User => 481_UM06 ResponseOnPlatform 1
Rule_75	?a chosen_Answer_Code ?d ?d type User => ?a ResponseOnPlatform 1	102_M002_01 chosen_Answer_Code 8 | 8 type User => 102_M002_01 ResponseOnPlatform 1
Rule_75	?a chosen_Answer_Code ?d ?d type User => ?a ResponseOnPlatform 1	219_M006_01 chosen_Answer_Code 8 | 8 type User => 219_M006_01 ResponseOnPlatform 1
Rule_75	?a chosen_Answer_Code ?d ?d type User => ?a ResponseOnPlatform 1	399_SU01_04 chosen_Answer_Code 5 | 5 type User => 399_SU01_04 ResponseOnPlatform 1
Rule_75	?a chosen_Answer_Code ?d ?d type User => ?a ResponseOnPlatform 1	455_UM24 chosen_Answer_Code 4 | 4 type User => 455_UM24 ResponseOnPlatform 1
Rule_75	?a chosen_Answer_Code ?d ?d type User => ?a ResponseOnPlatform 1	279_M006_01 chosen_Answer_Code 10 | 10 type User => 279_M006_01 ResponseOnPlatform 1
Rule_75	?a chosen_Answer_Code ?d ?d type User => ?a ResponseOnPlatform 1	453_UM24 chosen_Answer_Code 4 | 4 type User => 453_UM24 ResponseOnPlatform 1
Rule_75	?a chosen_Answer_Code ?d ?d type User => ?a ResponseOnPlatform 1	443_UM10 chosen_Answer_Code 5 | 5 type User => 443_UM10 ResponseOnPlatform 1
Rule_75	?a chosen_Answer_Code ?d ?d type User => ?a ResponseOnPlatform 1	78_M006_01 chosen_Answer_Code 10 | 10 type User => 78_M006_01 ResponseOnPlatform 1
Rule_75	?a chosen_Answer_Code ?d ?d type User => ?a ResponseOnPlatform 1	437_UM09 chosen_Answer_Code 4 | 4 type User => 437_UM09 ResponseOnPlatform 1
Rule_75	?a chosen_Answer_Code ?d ?d type User => ?a ResponseOnPlatform 1	255_M010_01 chosen_Answer_Code 9 | 9 type User => 255_M010_01 ResponseOnPlatform 1
Rule_75	?a chosen_Answer_Code ?d ?d type User => ?a ResponseOnPlatform 1	384_SU01_03 chosen_Answer_Code 3 | 3 type User => 384_SU01_03 ResponseOnPlatform 1
Rule_75	?a chosen_Answer_Code ?d ?d type User => ?a ResponseOnPlatform 1	412_UM13 chosen_Answer_Code 4 | 4 type User => 412_UM13 ResponseOnPlatform 1
Rule_75	?a chosen_Answer_Code ?d ?d type User => ?a ResponseOnPlatform 1	3_M004_01 chosen_Answer_Code 2 | 2 type User => 3_M004_01 ResponseOnPlatform 1
Rule_75	?a chosen_Answer_Code ?d ?d type User => ?a ResponseOnPlatform 1	24_M010_01 chosen_Answer_Code 5 | 5 type User => 24_M010_01 ResponseOnPlatform 1
Rule_75	?a chosen_Answer_Code ?d ?d type User => ?a ResponseOnPlatform 1	423_UM22 chosen_Answer_Code 3 | 3 type User => 423_UM22 ResponseOnPlatform 1
Rule_75	?a chosen_Answer_Code ?d ?d type User => ?a ResponseOnPlatform 1	464_UM25 chosen_Answer_Code 5 | 5 type User => 464_UM25 ResponseOnPlatform 1
Rule_75	?a chosen_Answer_Code ?d ?d type User => ?a ResponseOnPlatform 1	450_UM22 chosen_Answer_Code 3 | 3 type User => 450_UM22 ResponseOnPlatform 1
Rule_75	?a chosen_Answer_Code ?d ?d type User => ?a ResponseOnPlatform 1	359_SU01_10 chosen_Answer_Code 3 | 3 type User => 359_SU01_10 ResponseOnPlatform 1
Rule_75	?a chosen_Answer_Code ?d ?d type User => ?a ResponseOnPlatform 1	237_M010_01 chosen_Answer_Code 7 | 7 type User => 237_M010_01 ResponseOnPlatform 1
Rule_75	?a chosen_Answer_Code ?d ?d type User => ?a ResponseOnPlatform 1	245_M005 chosen_Answer_Code 1 | 1 type User => 245_M005 ResponseOnPlatform 1
Rule_75	?a chosen_Answer_Code ?d ?d type User => ?a ResponseOnPlatform 1	457_UM06 chosen_Answer_Code 5 | 5 type User => 457_UM06 ResponseOnPlatform 1
Rule_75	?a chosen_Answer_Code ?d ?d type User => ?a ResponseOnPlatform 1	245_M002_01 chosen_Answer_Code 10 | 10 type User => 245_M002_01 ResponseOnPlatform 1
Rule_75	?a chosen_Answer_Code ?d ?d type User => ?a ResponseOnPlatform 1	490_UM18 chosen_Answer_Code 2 | 2 type User => 490_UM18 ResponseOnPlatform 1
Rule_75	?a chosen_Answer_Code ?d ?d type User => ?a ResponseOnPlatform 1	329_SU01_03 chosen_Answer_Code 5 | 5 type User => 329_SU01_03 ResponseOnPlatform 1
Rule_75	?a chosen_Answer_Code ?d ?d type User => ?a ResponseOnPlatform 1	264_M005 chosen_Answer_Code 1 | 1 type User => 264_M005 ResponseOnPlatform 1
Rule_75	?a chosen_Answer_Code ?d ?d type User => ?a ResponseOnPlatform 1	63_M005 chosen_Answer_Code 2 | 2 type User => 63_M005 ResponseOnPlatform 1
Rule_75	?a chosen_Answer_Code ?d ?d type User => ?a ResponseOnPlatform 1	426_UM04 chosen_Answer_Code 3 | 3 type User => 426_UM04 ResponseOnPlatform 1
Rule_75	?a chosen_Answer_Code ?d ?d type User => ?a ResponseOnPlatform 1	181_M006_01 chosen_Answer_Code 8 | 8 type User => 181_M006_01 ResponseOnPlatform 1
Rule_75	?a chosen_Answer_Code ?d ?d type User => ?a ResponseOnPlatform 1	32_M006_01 chosen_Answer_Code 10 | 10 type User => 32_M006_01 ResponseOnPlatform 1
Rule_75	?a chosen_Answer_Code ?d ?d type User => ?a ResponseOnPlatform 1	465_UM10 chosen_Answer_Code 4 | 4 type User => 465_UM10 ResponseOnPlatform 1
Rule_75	?a chosen_Answer_Code ?d ?d type User => ?a ResponseOnPlatform 1	423_UM21 chosen_Answer_Code 4 | 4 type User => 423_UM21 ResponseOnPlatform 1
Rule_75	?a chosen_Answer_Code ?d ?d type User => ?a ResponseOnPlatform 1	488_UM13 chosen_Answer_Code 5 | 5 type User => 488_UM13 ResponseOnPlatform 1
Rule_75	?a chosen_Answer_Code ?d ?d type User => ?a ResponseOnPlatform 1	176_M002_01 chosen_Answer_Code 9 | 9 type User => 176_M002_01 ResponseOnPlatform 1
Rule_75	?a chosen_Answer_Code ?d ?d type User => ?a ResponseOnPlatform 1	473_UM25 chosen_Answer_Code 3 | 3 type User => 473_UM25 ResponseOnPlatform 1
Rule_75	?a chosen_Answer_Code ?d ?d type User => ?a ResponseOnPlatform 1	419_UM06 chosen_Answer_Code 5 | 5 type User => 419_UM06 ResponseOnPlatform 1
Rule_75	?a chosen_Answer_Code ?d ?d type User => ?a ResponseOnPlatform 1	361_SU01_04 chosen_Answer_Code 5 | 5 type User => 361_SU01_04 ResponseOnPlatform 1
Rule_75	?a chosen_Answer_Code ?d ?d type User => ?a ResponseOnPlatform 1	290_M004_01 chosen_Answer_Code 5 | 5 type User => 290_M004_01 ResponseOnPlatform 1
Rule_75	?a chosen_Answer_Code ?d ?d type User => ?a ResponseOnPlatform 1	151_M004_01 chosen_Answer_Code 8 | 8 type User => 151_M004_01 ResponseOnPlatform 1
Rule_75	?a chosen_Answer_Code ?d ?d type User => ?a ResponseOnPlatform 1	103_M002_01 chosen_Answer_Code 9 | 9 type User => 103_M002_01 ResponseOnPlatform 1
Rule_75	?a chosen_Answer_Code ?d ?d type User => ?a ResponseOnPlatform 1	438_UM10 chosen_Answer_Code 5 | 5 type User => 438_UM10 ResponseOnPlatform 1
Rule_75	?a chosen_Answer_Code ?d ?d type User => ?a ResponseOnPlatform 1	427_UM02 chosen_Answer_Code 5 | 5 type User => 427_UM02 ResponseOnPlatform 1
Rule_75	?a chosen_Answer_Code ?d ?d type User => ?a ResponseOnPlatform 1	21_M003_01 chosen_Answer_Code 10 | 10 type User => 21_M003_01 ResponseOnPlatform 1
Rule_75	?a chosen_Answer_Code ?d ?d type User => ?a ResponseOnPlatform 1	294_M010_01 chosen_Answer_Code 10 | 10 type User => 294_M010_01 ResponseOnPlatform 1
Rule_75	?a chosen_Answer_Code ?d ?d type User => ?a ResponseOnPlatform 1	445_UM08 chosen_Answer_Code 3 | 3 type User => 445_UM08 ResponseOnPlatform 1
Rule_75	?a chosen_Answer_Code ?d ?d type User => ?a ResponseOnPlatform 1	368_SU01_02 chosen_Answer_Code 5 | 5 type User => 368_SU01_02 ResponseOnPlatform 1
Rule_75	?a chosen_Answer_Code ?d ?d type User => ?a ResponseOnPlatform 1	337_SU01_09 chosen_Answer_Code 4 | 4 type User => 337_SU01_09 ResponseOnPlatform 1
Rule_75	?a chosen_Answer_Code ?d ?d type User => ?a ResponseOnPlatform 1	441_UM13 chosen_Answer_Code 5 | 5 type User => 441_UM13 ResponseOnPlatform 1
Rule_75	?a chosen_Answer_Code ?d ?d type User => ?a ResponseOnPlatform 1	279_M003_01 chosen_Answer_Code 10 | 10 type User => 279_M003_01 ResponseOnPlatform 1
Rule_75	?a chosen_Answer_Code ?d ?d type User => ?a ResponseOnPlatform 1	7_M004_01 chosen_Answer_Code 10 | 10 type User => 7_M004_01 ResponseOnPlatform 1
Rule_75	?a chosen_Answer_Code ?d ?d type User => ?a ResponseOnPlatform 1	125_M006_01 chosen_Answer_Code 9 | 9 type User => 125_M006_01 ResponseOnPlatform 1
Rule_75	?a chosen_Answer_Code ?d ?d type User => ?a ResponseOnPlatform 1	259_M005 chosen_Answer_Code 1 | 1 type User => 259_M005 ResponseOnPlatform 1
Rule_75	?a chosen_Answer_Code ?d ?d type User => ?a ResponseOnPlatform 1	6_M006_01 chosen_Answer_Code 10 | 10 type User => 6_M006_01 ResponseOnPlatform 1
Rule_75	?a chosen_Answer_Code ?d ?d type User => ?a ResponseOnPlatform 1	147_M010_01 chosen_Answer_Code 8 | 8 type User => 147_M010_01 ResponseOnPlatform 1
Rule_75	?a chosen_Answer_Code ?d ?d type User => ?a ResponseOnPlatform 1	423_UM02 chosen_Answer_Code 5 | 5 type User => 423_UM02 ResponseOnPlatform 1
Rule_75	?a chosen_Answer_Code ?d ?d type User => ?a ResponseOnPlatform 1	458_UM25 chosen_Answer_Code 3 | 3 type User => 458_UM25 ResponseOnPlatform 1
Rule_75	?a chosen_Answer_Code ?d ?d type User => ?a ResponseOnPlatform 1	160_M005 chosen_Answer_Code 1 | 1 type User => 160_M005 ResponseOnPlatform 1
Rule_75	?a chosen_Answer_Code ?d ?d type User => ?a ResponseOnPlatform 1	412_UM14 chosen_Answer_Code 4 | 4 type User => 412_UM14 ResponseOnPlatform 1
Rule_75	?a chosen_Answer_Code ?d ?d type User => ?a ResponseOnPlatform 1	434_UM04 chosen_Answer_Code 2 | 2 type User => 434_UM04 ResponseOnPlatform 1
Rule_75	?a chosen_Answer_Code ?d ?d type User => ?a ResponseOnPlatform 1	272_M005 chosen_Answer_Code 3 | 3 type User => 272_M005 ResponseOnPlatform 1
Rule_75	?a chosen_Answer_Code ?d ?d type User => ?a ResponseOnPlatform 1	7_M010_01 chosen_Answer_Code 9 | 9 type User => 7_M010_01 ResponseOnPlatform 1
Rule_75	?a chosen_Answer_Code ?d ?d type User => ?a ResponseOnPlatform 1	402_SU01_02 chosen_Answer_Code 3 | 3 type User => 402_SU01_02 ResponseOnPlatform 1
Rule_75	?a chosen_Answer_Code ?d ?d type User => ?a ResponseOnPlatform 1	491_UM01 chosen_Answer_Code 3 | 3 type User => 491_UM01 ResponseOnPlatform 1
Rule_75	?a chosen_Answer_Code ?d ?d type User => ?a ResponseOnPlatform 1	248_M005 chosen_Answer_Code 1 | 1 type User => 248_M005 ResponseOnPlatform 1
Rule_75	?a chosen_Answer_Code ?d ?d type User => ?a ResponseOnPlatform 1	430_UM15 chosen_Answer_Code 4 | 4 type User => 430_UM15 ResponseOnPlatform 1
Rule_75	?a chosen_Answer_Code ?d ?d type User => ?a ResponseOnPlatform 1	467_UM24 chosen_Answer_Code 4 | 4 type User => 467_UM24 ResponseOnPlatform 1
Rule_75	?a chosen_Answer_Code ?d ?d type User => ?a ResponseOnPlatform 1	459_UM18 chosen_Answer_Code 3 | 3 type User => 459_UM18 ResponseOnPlatform 1
Rule_75	?a chosen_Answer_Code ?d ?d type User => ?a ResponseOnPlatform 1	294_M002_01 chosen_Answer_Code 10 | 10 type User => 294_M002_01 ResponseOnPlatform 1
Rule_75	?a chosen_Answer_Code ?d ?d type User => ?a ResponseOnPlatform 1	443_UM03 chosen_Answer_Code 5 | 5 type User => 443_UM03 ResponseOnPlatform 1
Rule_75	?a chosen_Answer_Code ?d ?d type User => ?a ResponseOnPlatform 1	395_SU01_07 chosen_Answer_Code 5 | 5 type User => 395_SU01_07 ResponseOnPlatform 1
Rule_75	?a chosen_Answer_Code ?d ?d type User => ?a ResponseOnPlatform 1	395_SU01_05 chosen_Answer_Code 4 | 4 type User => 395_SU01_05 ResponseOnPlatform 1
Rule_75	?a chosen_Answer_Code ?d ?d type User => ?a ResponseOnPlatform 1	474_UM08 chosen_Answer_Code 3 | 3 type User => 474_UM08 ResponseOnPlatform 1
Rule_75	?a chosen_Answer_Code ?d ?d type User => ?a ResponseOnPlatform 1	376_SU01_07 chosen_Answer_Code 4 | 4 type User => 376_SU01_07 ResponseOnPlatform 1
Rule_75	?a chosen_Answer_Code ?d ?d type User => ?a ResponseOnPlatform 1	36_M010_01 chosen_Answer_Code 9 | 9 type User => 36_M010_01 ResponseOnPlatform 1
Rule_75	?a chosen_Answer_Code ?d ?d type User => ?a ResponseOnPlatform 1	249_M002_01 chosen_Answer_Code 5 | 5 type User => 249_M002_01 ResponseOnPlatform 1
Rule_75	?a chosen_Answer_Code ?d ?d type User => ?a ResponseOnPlatform 1	297_M006_01 chosen_Answer_Code 10 | 10 type User => 297_M006_01 ResponseOnPlatform 1
Rule_75	?a chosen_Answer_Code ?d ?d type User => ?a ResponseOnPlatform 1	68_M006_01 chosen_Answer_Code 6 | 6 type User => 68_M006_01 ResponseOnPlatform 1
Rule_75	?a chosen_Answer_Code ?d ?d type User => ?a ResponseOnPlatform 1	420_UM17 chosen_Answer_Code 3 | 3 type User => 420_UM17 ResponseOnPlatform 1
Rule_75	?a chosen_Answer_Code ?d ?d type User => ?a ResponseOnPlatform 1	115_M003_01 chosen_Answer_Code 7 | 7 type User => 115_M003_01 ResponseOnPlatform 1
Rule_75	?a chosen_Answer_Code ?d ?d type User => ?a ResponseOnPlatform 1	29_M010_01 chosen_Answer_Code 7 | 7 type User => 29_M010_01 ResponseOnPlatform 1
Rule_75	?a chosen_Answer_Code ?d ?d type User => ?a ResponseOnPlatform 1	449_UM22 chosen_Answer_Code 4 | 4 type User => 449_UM22 ResponseOnPlatform 1
Rule_75	?a chosen_Answer_Code ?d ?d type User => ?a ResponseOnPlatform 1	469_UM13 chosen_Answer_Code 4 | 4 type User => 469_UM13 ResponseOnPlatform 1
Rule_75	?a chosen_Answer_Code ?d ?d type User => ?a ResponseOnPlatform 1	86_M004_01 chosen_Answer_Code 9 | 9 type User => 86_M004_01 ResponseOnPlatform 1
Rule_75	?a chosen_Answer_Code ?d ?d type User => ?a ResponseOnPlatform 1	432_UM23 chosen_Answer_Code 4 | 4 type User => 432_UM23 ResponseOnPlatform 1
Rule_75	?a chosen_Answer_Code ?d ?d type User => ?a ResponseOnPlatform 1	89_M006_01 chosen_Answer_Code 6 | 6 type User => 89_M006_01 ResponseOnPlatform 1
Rule_75	?a chosen_Answer_Code ?d ?d type User => ?a ResponseOnPlatform 1	115_M005 chosen_Answer_Code 1 | 1 type User => 115_M005 ResponseOnPlatform 1
Rule_75	?a chosen_Answer_Code ?d ?d type User => ?a ResponseOnPlatform 1	433_UM07 chosen_Answer_Code 4 | 4 type User => 433_UM07 ResponseOnPlatform 1
Rule_75	?a chosen_Answer_Code ?d ?d type User => ?a ResponseOnPlatform 1	45_M002_01 chosen_Answer_Code 7 | 7 type User => 45_M002_01 ResponseOnPlatform 1
Rule_75	?a chosen_Answer_Code ?d ?d type User => ?a ResponseOnPlatform 1	431_UM21 chosen_Answer_Code 4 | 4 type User => 431_UM21 ResponseOnPlatform 1
Rule_75	?a chosen_Answer_Code ?d ?d type User => ?a ResponseOnPlatform 1	341_SU01_06 chosen_Answer_Code 5 | 5 type User => 341_SU01_06 ResponseOnPlatform 1
Rule_75	?a chosen_Answer_Code ?d ?d type User => ?a ResponseOnPlatform 1	468_UM02 chosen_Answer_Code 4 | 4 type User => 468_UM02 ResponseOnPlatform 1
Rule_75	?a chosen_Answer_Code ?d ?d type User => ?a ResponseOnPlatform 1	472_UM06 chosen_Answer_Code 3 | 3 type User => 472_UM06 ResponseOnPlatform 1
Rule_75	?a chosen_Answer_Code ?d ?d type User => ?a ResponseOnPlatform 1	426_UM02 chosen_Answer_Code 3 | 3 type User => 426_UM02 ResponseOnPlatform 1
Rule_75	?a chosen_Answer_Code ?d ?d type User => ?a ResponseOnPlatform 1	433_UM18 chosen_Answer_Code 1 | 1 type User => 433_UM18 ResponseOnPlatform 1
Rule_75	?a chosen_Answer_Code ?d ?d type User => ?a ResponseOnPlatform 1	428_UM23 chosen_Answer_Code 3 | 3 type User => 428_UM23 ResponseOnPlatform 1
Rule_75	?a chosen_Answer_Code ?d ?d type User => ?a ResponseOnPlatform 1	380_SU01_04 chosen_Answer_Code 5 | 5 type User => 380_SU01_04 ResponseOnPlatform 1
Rule_75	?a chosen_Answer_Code ?d ?d type User => ?a ResponseOnPlatform 1	366_SU01_01 chosen_Answer_Code 3 | 3 type User => 366_SU01_01 ResponseOnPlatform 1
Rule_75	?a chosen_Answer_Code ?d ?d type User => ?a ResponseOnPlatform 1	208_M003_01 chosen_Answer_Code 9 | 9 type User => 208_M003_01 ResponseOnPlatform 1
Rule_75	?a chosen_Answer_Code ?d ?d type User => ?a ResponseOnPlatform 1	475_UM20 chosen_Answer_Code 5 | 5 type User => 475_UM20 ResponseOnPlatform 1
Rule_75	?a chosen_Answer_Code ?d ?d type User => ?a ResponseOnPlatform 1	358_SU01_08 chosen_Answer_Code 3 | 3 type User => 358_SU01_08 ResponseOnPlatform 1
Rule_75	?a chosen_Answer_Code ?d ?d type User => ?a ResponseOnPlatform 1	472_UM25 chosen_Answer_Code 4 | 4 type User => 472_UM25 ResponseOnPlatform 1
Rule_75	?a chosen_Answer_Code ?d ?d type User => ?a ResponseOnPlatform 1	229_M004_01 chosen_Answer_Code 10 | 10 type User => 229_M004_01 ResponseOnPlatform 1
Rule_75	?a chosen_Answer_Code ?d ?d type User => ?a ResponseOnPlatform 1	486_UM06 chosen_Answer_Code 4 | 4 type User => 486_UM06 ResponseOnPlatform 1
Rule_75	?a chosen_Answer_Code ?d ?d type User => ?a ResponseOnPlatform 1	452_UM13 chosen_Answer_Code 3 | 3 type User => 452_UM13 ResponseOnPlatform 1
Rule_75	?a chosen_Answer_Code ?d ?d type User => ?a ResponseOnPlatform 1	186_M002_01 chosen_Answer_Code 9 | 9 type User => 186_M002_01 ResponseOnPlatform 1
Rule_75	?a chosen_Answer_Code ?d ?d type User => ?a ResponseOnPlatform 1	408_UM13 chosen_Answer_Code 5 | 5 type User => 408_UM13 ResponseOnPlatform 1
Rule_75	?a chosen_Answer_Code ?d ?d type User => ?a ResponseOnPlatform 1	478_UM03 chosen_Answer_Code 3 | 3 type User => 478_UM03 ResponseOnPlatform 1
Rule_75	?a chosen_Answer_Code ?d ?d type User => ?a ResponseOnPlatform 1	174_M004_01 chosen_Answer_Code 4 | 4 type User => 174_M004_01 ResponseOnPlatform 1
Rule_75	?a chosen_Answer_Code ?d ?d type User => ?a ResponseOnPlatform 1	174_M006_01 chosen_Answer_Code 5 | 5 type User => 174_M006_01 ResponseOnPlatform 1
Rule_75	?a chosen_Answer_Code ?d ?d type User => ?a ResponseOnPlatform 1	440_UM02 chosen_Answer_Code 5 | 5 type User => 440_UM02 ResponseOnPlatform 1
Rule_75	?a chosen_Answer_Code ?d ?d type User => ?a ResponseOnPlatform 1	437_UM03 chosen_Answer_Code 4 | 4 type User => 437_UM03 ResponseOnPlatform 1
Rule_75	?a chosen_Answer_Code ?d ?d type User => ?a ResponseOnPlatform 1	232_M002_01 chosen_Answer_Code 9 | 9 type User => 232_M002_01 ResponseOnPlatform 1
Rule_75	?a chosen_Answer_Code ?d ?d type User => ?a ResponseOnPlatform 1	357_SU01_04 chosen_Answer_Code 5 | 5 type User => 357_SU01_04 ResponseOnPlatform 1
Rule_75	?a chosen_Answer_Code ?d ?d type User => ?a ResponseOnPlatform 1	431_UM11 chosen_Answer_Code 4 | 4 type User => 431_UM11 ResponseOnPlatform 1
Rule_75	?a chosen_Answer_Code ?d ?d type User => ?a ResponseOnPlatform 1	211_M006_01 chosen_Answer_Code 9 | 9 type User => 211_M006_01 ResponseOnPlatform 1
Rule_75	?a chosen_Answer_Code ?d ?d type User => ?a ResponseOnPlatform 1	118_M010_01 chosen_Answer_Code 8 | 8 type User => 118_M010_01 ResponseOnPlatform 1
Rule_75	?a chosen_Answer_Code ?d ?d type User => ?a ResponseOnPlatform 1	269_M006_01 chosen_Answer_Code 9 | 9 type User => 269_M006_01 ResponseOnPlatform 1
Rule_75	?a chosen_Answer_Code ?d ?d type User => ?a ResponseOnPlatform 1	455_UM25 chosen_Answer_Code 4 | 4 type User => 455_UM25 ResponseOnPlatform 1
Rule_75	?a chosen_Answer_Code ?d ?d type User => ?a ResponseOnPlatform 1	310_SU01_05 chosen_Answer_Code 4 | 4 type User => 310_SU01_05 ResponseOnPlatform 1
Rule_75	?a chosen_Answer_Code ?d ?d type User => ?a ResponseOnPlatform 1	122_M006_01 chosen_Answer_Code 8 | 8 type User => 122_M006_01 ResponseOnPlatform 1
Rule_75	?a chosen_Answer_Code ?d ?d type User => ?a ResponseOnPlatform 1	439_UM03 chosen_Answer_Code 4 | 4 type User => 439_UM03 ResponseOnPlatform 1
Rule_75	?a chosen_Answer_Code ?d ?d type User => ?a ResponseOnPlatform 1	36_M004_01 chosen_Answer_Code 10 | 10 type User => 36_M004_01 ResponseOnPlatform 1
Rule_75	?a chosen_Answer_Code ?d ?d type User => ?a ResponseOnPlatform 1	364_SU01_01 chosen_Answer_Code 3 | 3 type User => 364_SU01_01 ResponseOnPlatform 1
Rule_75	?a chosen_Answer_Code ?d ?d type User => ?a ResponseOnPlatform 1	266_M010_01 chosen_Answer_Code 8 | 8 type User => 266_M010_01 ResponseOnPlatform 1
Rule_75	?a chosen_Answer_Code ?d ?d type User => ?a ResponseOnPlatform 1	433_UM24 chosen_Answer_Code 2 | 2 type User => 433_UM24 ResponseOnPlatform 1
Rule_75	?a chosen_Answer_Code ?d ?d type User => ?a ResponseOnPlatform 1	415_UM22 chosen_Answer_Code 3 | 3 type User => 415_UM22 ResponseOnPlatform 1
Rule_75	?a chosen_Answer_Code ?d ?d type User => ?a ResponseOnPlatform 1	452_UM02 chosen_Answer_Code 3 | 3 type User => 452_UM02 ResponseOnPlatform 1
Rule_75	?a chosen_Answer_Code ?d ?d type User => ?a ResponseOnPlatform 1	423_UM25 chosen_Answer_Code 3 | 3 type User => 423_UM25 ResponseOnPlatform 1
Rule_75	?a chosen_Answer_Code ?d ?d type User => ?a ResponseOnPlatform 1	299_M006_01 chosen_Answer_Code 9 | 9 type User => 299_M006_01 ResponseOnPlatform 1
Rule_75	?a chosen_Answer_Code ?d ?d type User => ?a ResponseOnPlatform 1	484_UM02 chosen_Answer_Code 4 | 4 type User => 484_UM02 ResponseOnPlatform 1
Rule_75	?a chosen_Answer_Code ?d ?d type User => ?a ResponseOnPlatform 1	279_M010_01 chosen_Answer_Code 8 | 8 type User => 279_M010_01 ResponseOnPlatform 1
Rule_75	?a chosen_Answer_Code ?d ?d type User => ?a ResponseOnPlatform 1	325_SU01_07 chosen_Answer_Code 4 | 4 type User => 325_SU01_07 ResponseOnPlatform 1
Rule_75	?a chosen_Answer_Code ?d ?d type User => ?a ResponseOnPlatform 1	164_M005 chosen_Answer_Code 1 | 1 type User => 164_M005 ResponseOnPlatform 1
Rule_75	?a chosen_Answer_Code ?d ?d type User => ?a ResponseOnPlatform 1	160_M010_01 chosen_Answer_Code 9 | 9 type User => 160_M010_01 ResponseOnPlatform 1
Rule_75	?a chosen_Answer_Code ?d ?d type User => ?a ResponseOnPlatform 1	145_M004_01 chosen_Answer_Code 8 | 8 type User => 145_M004_01 ResponseOnPlatform 1
Rule_75	?a chosen_Answer_Code ?d ?d type User => ?a ResponseOnPlatform 1	485_UM02 chosen_Answer_Code 5 | 5 type User => 485_UM02 ResponseOnPlatform 1
Rule_75	?a chosen_Answer_Code ?d ?d type User => ?a ResponseOnPlatform 1	280_M010_01 chosen_Answer_Code 3 | 3 type User => 280_M010_01 ResponseOnPlatform 1
Rule_75	?a chosen_Answer_Code ?d ?d type User => ?a ResponseOnPlatform 1	372_SU01_09 chosen_Answer_Code 4 | 4 type User => 372_SU01_09 ResponseOnPlatform 1
Rule_75	?a chosen_Answer_Code ?d ?d type User => ?a ResponseOnPlatform 1	425_UM16 chosen_Answer_Code 4 | 4 type User => 425_UM16 ResponseOnPlatform 1
Rule_75	?a chosen_Answer_Code ?d ?d type User => ?a ResponseOnPlatform 1	326_SU01_06 chosen_Answer_Code 3 | 3 type User => 326_SU01_06 ResponseOnPlatform 1
Rule_75	?a chosen_Answer_Code ?d ?d type User => ?a ResponseOnPlatform 1	205_M006_01 chosen_Answer_Code 5 | 5 type User => 205_M006_01 ResponseOnPlatform 1
Rule_75	?a chosen_Answer_Code ?d ?d type User => ?a ResponseOnPlatform 1	358_SU01_05 chosen_Answer_Code 3 | 3 type User => 358_SU01_05 ResponseOnPlatform 1
Rule_75	?a chosen_Answer_Code ?d ?d type User => ?a ResponseOnPlatform 1	415_UM19 chosen_Answer_Code 4 | 4 type User => 415_UM19 ResponseOnPlatform 1
Rule_75	?a chosen_Answer_Code ?d ?d type User => ?a ResponseOnPlatform 1	474_UM10 chosen_Answer_Code 4 | 4 type User => 474_UM10 ResponseOnPlatform 1
Rule_75	?a chosen_Answer_Code ?d ?d type User => ?a ResponseOnPlatform 1	443_UM20 chosen_Answer_Code 5 | 5 type User => 443_UM20 ResponseOnPlatform 1
Rule_75	?a chosen_Answer_Code ?d ?d type User => ?a ResponseOnPlatform 1	450_UM04 chosen_Answer_Code 5 | 5 type User => 450_UM04 ResponseOnPlatform 1
Rule_75	?a chosen_Answer_Code ?d ?d type User => ?a ResponseOnPlatform 1	371_SU01_01 chosen_Answer_Code 2 | 2 type User => 371_SU01_01 ResponseOnPlatform 1
Rule_75	?a chosen_Answer_Code ?d ?d type User => ?a ResponseOnPlatform 1	163_M005 chosen_Answer_Code 1 | 1 type User => 163_M005 ResponseOnPlatform 1
Rule_75	?a chosen_Answer_Code ?d ?d type User => ?a ResponseOnPlatform 1	15_M006_01 chosen_Answer_Code 10 | 10 type User => 15_M006_01 ResponseOnPlatform 1
Rule_75	?a chosen_Answer_Code ?d ?d type User => ?a ResponseOnPlatform 1	87_M010_01 chosen_Answer_Code 8 | 8 type User => 87_M010_01 ResponseOnPlatform 1
Rule_75	?a chosen_Answer_Code ?d ?d type User => ?a ResponseOnPlatform 1	411_UM21 chosen_Answer_Code 3 | 3 type User => 411_UM21 ResponseOnPlatform 1
Rule_75	?a chosen_Answer_Code ?d ?d type User => ?a ResponseOnPlatform 1	447_UM25 chosen_Answer_Code 3 | 3 type User => 447_UM25 ResponseOnPlatform 1
Rule_75	?a chosen_Answer_Code ?d ?d type User => ?a ResponseOnPlatform 1	172_M004_01 chosen_Answer_Code 10 | 10 type User => 172_M004_01 ResponseOnPlatform 1
Rule_75	?a chosen_Answer_Code ?d ?d type User => ?a ResponseOnPlatform 1	420_UM01 chosen_Answer_Code 5 | 5 type User => 420_UM01 ResponseOnPlatform 1
Rule_75	?a chosen_Answer_Code ?d ?d type User => ?a ResponseOnPlatform 1	432_UM21 chosen_Answer_Code 5 | 5 type User => 432_UM21 ResponseOnPlatform 1
Rule_75	?a chosen_Answer_Code ?d ?d type User => ?a ResponseOnPlatform 1	422_UM14 chosen_Answer_Code 5 | 5 type User => 422_UM14 ResponseOnPlatform 1
Rule_75	?a chosen_Answer_Code ?d ?d type User => ?a ResponseOnPlatform 1	453_UM23 chosen_Answer_Code 5 | 5 type User => 453_UM23 ResponseOnPlatform 1
Rule_75	?a chosen_Answer_Code ?d ?d type User => ?a ResponseOnPlatform 1	239_M005 chosen_Answer_Code 2 | 2 type User => 239_M005 ResponseOnPlatform 1
Rule_75	?a chosen_Answer_Code ?d ?d type User => ?a ResponseOnPlatform 1	236_M005 chosen_Answer_Code 1 | 1 type User => 236_M005 ResponseOnPlatform 1
Rule_75	?a chosen_Answer_Code ?d ?d type User => ?a ResponseOnPlatform 1	121_M006_01 chosen_Answer_Code 7 | 7 type User => 121_M006_01 ResponseOnPlatform 1
Rule_75	?a chosen_Answer_Code ?d ?d type User => ?a ResponseOnPlatform 1	218_M006_01 chosen_Answer_Code 10 | 10 type User => 218_M006_01 ResponseOnPlatform 1
Rule_75	?a chosen_Answer_Code ?d ?d type User => ?a ResponseOnPlatform 1	240_M006_01 chosen_Answer_Code 7 | 7 type User => 240_M006_01 ResponseOnPlatform 1
Rule_75	?a chosen_Answer_Code ?d ?d type User => ?a ResponseOnPlatform 1	485_UM20 chosen_Answer_Code 5 | 5 type User => 485_UM20 ResponseOnPlatform 1
Rule_75	?a chosen_Answer_Code ?d ?d type User => ?a ResponseOnPlatform 1	256_M006_01 chosen_Answer_Code 9 | 9 type User => 256_M006_01 ResponseOnPlatform 1
Rule_75	?a chosen_Answer_Code ?d ?d type User => ?a ResponseOnPlatform 1	476_UM07 chosen_Answer_Code 4 | 4 type User => 476_UM07 ResponseOnPlatform 1
Rule_75	?a chosen_Answer_Code ?d ?d type User => ?a ResponseOnPlatform 1	50_M005 chosen_Answer_Code 1 | 1 type User => 50_M005 ResponseOnPlatform 1
Rule_75	?a chosen_Answer_Code ?d ?d type User => ?a ResponseOnPlatform 1	447_UM01 chosen_Answer_Code 3 | 3 type User => 447_UM01 ResponseOnPlatform 1
Rule_75	?a chosen_Answer_Code ?d ?d type User => ?a ResponseOnPlatform 1	469_UM15 chosen_Answer_Code 3 | 3 type User => 469_UM15 ResponseOnPlatform 1
Rule_75	?a chosen_Answer_Code ?d ?d type User => ?a ResponseOnPlatform 1	4_M004_01 chosen_Answer_Code 9 | 9 type User => 4_M004_01 ResponseOnPlatform 1
Rule_75	?a chosen_Answer_Code ?d ?d type User => ?a ResponseOnPlatform 1	33_M003_01 chosen_Answer_Code 10 | 10 type User => 33_M003_01 ResponseOnPlatform 1
Rule_75	?a chosen_Answer_Code ?d ?d type User => ?a ResponseOnPlatform 1	445_UM01 chosen_Answer_Code 5 | 5 type User => 445_UM01 ResponseOnPlatform 1
Rule_75	?a chosen_Answer_Code ?d ?d type User => ?a ResponseOnPlatform 1	481_UM23 chosen_Answer_Code 5 | 5 type User => 481_UM23 ResponseOnPlatform 1
Rule_75	?a chosen_Answer_Code ?d ?d type User => ?a ResponseOnPlatform 1	187_M006_01 chosen_Answer_Code 10 | 10 type User => 187_M006_01 ResponseOnPlatform 1
Rule_75	?a chosen_Answer_Code ?d ?d type User => ?a ResponseOnPlatform 1	409_UM11 chosen_Answer_Code 5 | 5 type User => 409_UM11 ResponseOnPlatform 1
Rule_75	?a chosen_Answer_Code ?d ?d type User => ?a ResponseOnPlatform 1	426_UM19 chosen_Answer_Code 3 | 3 type User => 426_UM19 ResponseOnPlatform 1
Rule_75	?a chosen_Answer_Code ?d ?d type User => ?a ResponseOnPlatform 1	439_UM20 chosen_Answer_Code 5 | 5 type User => 439_UM20 ResponseOnPlatform 1
Rule_75	?a chosen_Answer_Code ?d ?d type User => ?a ResponseOnPlatform 1	128_M005 chosen_Answer_Code 2 | 2 type User => 128_M005 ResponseOnPlatform 1
Rule_75	?a chosen_Answer_Code ?d ?d type User => ?a ResponseOnPlatform 1	77_M002_01 chosen_Answer_Code 10 | 10 type User => 77_M002_01 ResponseOnPlatform 1
Rule_75	?a chosen_Answer_Code ?d ?d type User => ?a ResponseOnPlatform 1	406_UM03 chosen_Answer_Code 3 | 3 type User => 406_UM03 ResponseOnPlatform 1
Rule_75	?a chosen_Answer_Code ?d ?d type User => ?a ResponseOnPlatform 1	455_UM10 chosen_Answer_Code 5 | 5 type User => 455_UM10 ResponseOnPlatform 1
Rule_75	?a chosen_Answer_Code ?d ?d type User => ?a ResponseOnPlatform 1	111_M003_01 chosen_Answer_Code 9 | 9 type User => 111_M003_01 ResponseOnPlatform 1
Rule_75	?a chosen_Answer_Code ?d ?d type User => ?a ResponseOnPlatform 1	319_SU01_01 chosen_Answer_Code 4 | 4 type User => 319_SU01_01 ResponseOnPlatform 1
Rule_75	?a chosen_Answer_Code ?d ?d type User => ?a ResponseOnPlatform 1	128_M010_01 chosen_Answer_Code 9 | 9 type User => 128_M010_01 ResponseOnPlatform 1
Rule_75	?a chosen_Answer_Code ?d ?d type User => ?a ResponseOnPlatform 1	463_UM08 chosen_Answer_Code 5 | 5 type User => 463_UM08 ResponseOnPlatform 1
Rule_75	?a chosen_Answer_Code ?d ?d type User => ?a ResponseOnPlatform 1	100_M003_01 chosen_Answer_Code 4 | 4 type User => 100_M003_01 ResponseOnPlatform 1
Rule_75	?a chosen_Answer_Code ?d ?d type User => ?a ResponseOnPlatform 1	49_M002_01 chosen_Answer_Code 9 | 9 type User => 49_M002_01 ResponseOnPlatform 1
Rule_75	?a chosen_Answer_Code ?d ?d type User => ?a ResponseOnPlatform 1	490_UM17 chosen_Answer_Code 3 | 3 type User => 490_UM17 ResponseOnPlatform 1
Rule_75	?a chosen_Answer_Code ?d ?d type User => ?a ResponseOnPlatform 1	173_M005 chosen_Answer_Code 1 | 1 type User => 173_M005 ResponseOnPlatform 1
Rule_75	?a chosen_Answer_Code ?d ?d type User => ?a ResponseOnPlatform 1	388_SU01_05 chosen_Answer_Code 5 | 5 type User => 388_SU01_05 ResponseOnPlatform 1
Rule_75	?a chosen_Answer_Code ?d ?d type User => ?a ResponseOnPlatform 1	297_M005 chosen_Answer_Code 1 | 1 type User => 297_M005 ResponseOnPlatform 1
Rule_75	?a chosen_Answer_Code ?d ?d type User => ?a ResponseOnPlatform 1	8_M002_01 chosen_Answer_Code 2 | 2 type User => 8_M002_01 ResponseOnPlatform 1
Rule_75	?a chosen_Answer_Code ?d ?d type User => ?a ResponseOnPlatform 1	183_M006_01 chosen_Answer_Code 10 | 10 type User => 183_M006_01 ResponseOnPlatform 1
Rule_75	?a chosen_Answer_Code ?d ?d type User => ?a ResponseOnPlatform 1	325_SU01_02 chosen_Answer_Code 4 | 4 type User => 325_SU01_02 ResponseOnPlatform 1
Rule_75	?a chosen_Answer_Code ?d ?d type User => ?a ResponseOnPlatform 1	6_M004_01 chosen_Answer_Code 10 | 10 type User => 6_M004_01 ResponseOnPlatform 1
Rule_75	?a chosen_Answer_Code ?d ?d type User => ?a ResponseOnPlatform 1	191_M010_01 chosen_Answer_Code 8 | 8 type User => 191_M010_01 ResponseOnPlatform 1
Rule_75	?a chosen_Answer_Code ?d ?d type User => ?a ResponseOnPlatform 1	247_M010_01 chosen_Answer_Code 8 | 8 type User => 247_M010_01 ResponseOnPlatform 1
Rule_75	?a chosen_Answer_Code ?d ?d type User => ?a ResponseOnPlatform 1	208_M002_01 chosen_Answer_Code 9 | 9 type User => 208_M002_01 ResponseOnPlatform 1
Rule_75	?a chosen_Answer_Code ?d ?d type User => ?a ResponseOnPlatform 1	452_UM09 chosen_Answer_Code 4 | 4 type User => 452_UM09 ResponseOnPlatform 1
Rule_75	?a chosen_Answer_Code ?d ?d type User => ?a ResponseOnPlatform 1	311_SU01_10 chosen_Answer_Code 5 | 5 type User => 311_SU01_10 ResponseOnPlatform 1
Rule_75	?a chosen_Answer_Code ?d ?d type User => ?a ResponseOnPlatform 1	486_UM16 chosen_Answer_Code 5 | 5 type User => 486_UM16 ResponseOnPlatform 1
Rule_75	?a chosen_Answer_Code ?d ?d type User => ?a ResponseOnPlatform 1	252_M006_01 chosen_Answer_Code 8 | 8 type User => 252_M006_01 ResponseOnPlatform 1
Rule_75	?a chosen_Answer_Code ?d ?d type User => ?a ResponseOnPlatform 1	375_SU01_09 chosen_Answer_Code 4 | 4 type User => 375_SU01_09 ResponseOnPlatform 1
Rule_75	?a chosen_Answer_Code ?d ?d type User => ?a ResponseOnPlatform 1	445_UM15 chosen_Answer_Code 5 | 5 type User => 445_UM15 ResponseOnPlatform 1
Rule_75	?a chosen_Answer_Code ?d ?d type User => ?a ResponseOnPlatform 1	189_M003_01 chosen_Answer_Code 10 | 10 type User => 189_M003_01 ResponseOnPlatform 1
Rule_75	?a chosen_Answer_Code ?d ?d type User => ?a ResponseOnPlatform 1	250_M006_01 chosen_Answer_Code 10 | 10 type User => 250_M006_01 ResponseOnPlatform 1
Rule_75	?a chosen_Answer_Code ?d ?d type User => ?a ResponseOnPlatform 1	162_M002_01 chosen_Answer_Code 10 | 10 type User => 162_M002_01 ResponseOnPlatform 1
Rule_75	?a chosen_Answer_Code ?d ?d type User => ?a ResponseOnPlatform 1	381_SU01_02 chosen_Answer_Code 3 | 3 type User => 381_SU01_02 ResponseOnPlatform 1
Rule_75	?a chosen_Answer_Code ?d ?d type User => ?a ResponseOnPlatform 1	369_SU01_04 chosen_Answer_Code 5 | 5 type User => 369_SU01_04 ResponseOnPlatform 1
Rule_75	?a chosen_Answer_Code ?d ?d type User => ?a ResponseOnPlatform 1	345_SU01_01 chosen_Answer_Code 5 | 5 type User => 345_SU01_01 ResponseOnPlatform 1
Rule_75	?a chosen_Answer_Code ?d ?d type User => ?a ResponseOnPlatform 1	335_SU01_01 chosen_Answer_Code 3 | 3 type User => 335_SU01_01 ResponseOnPlatform 1
Rule_75	?a chosen_Answer_Code ?d ?d type User => ?a ResponseOnPlatform 1	15_M005 chosen_Answer_Code 1 | 1 type User => 15_M005 ResponseOnPlatform 1
Rule_75	?a chosen_Answer_Code ?d ?d type User => ?a ResponseOnPlatform 1	422_UM16 chosen_Answer_Code 5 | 5 type User => 422_UM16 ResponseOnPlatform 1
Rule_75	?a chosen_Answer_Code ?d ?d type User => ?a ResponseOnPlatform 1	232_M006_01 chosen_Answer_Code 8 | 8 type User => 232_M006_01 ResponseOnPlatform 1
Rule_75	?a chosen_Answer_Code ?d ?d type User => ?a ResponseOnPlatform 1	187_M002_01 chosen_Answer_Code 10 | 10 type User => 187_M002_01 ResponseOnPlatform 1
Rule_75	?a chosen_Answer_Code ?d ?d type User => ?a ResponseOnPlatform 1	406_UM25 chosen_Answer_Code 5 | 5 type User => 406_UM25 ResponseOnPlatform 1
Rule_75	?a chosen_Answer_Code ?d ?d type User => ?a ResponseOnPlatform 1	1_M006_01 chosen_Answer_Code 5 | 5 type User => 1_M006_01 ResponseOnPlatform 1
Rule_75	?a chosen_Answer_Code ?d ?d type User => ?a ResponseOnPlatform 1	12_M005 chosen_Answer_Code 3 | 3 type User => 12_M005 ResponseOnPlatform 1
Rule_75	?a chosen_Answer_Code ?d ?d type User => ?a ResponseOnPlatform 1	413_UM22 chosen_Answer_Code 4 | 4 type User => 413_UM22 ResponseOnPlatform 1
Rule_75	?a chosen_Answer_Code ?d ?d type User => ?a ResponseOnPlatform 1	68_M002_01 chosen_Answer_Code 6 | 6 type User => 68_M002_01 ResponseOnPlatform 1
Rule_75	?a chosen_Answer_Code ?d ?d type User => ?a ResponseOnPlatform 1	484_UM12 chosen_Answer_Code 4 | 4 type User => 484_UM12 ResponseOnPlatform 1
Rule_75	?a chosen_Answer_Code ?d ?d type User => ?a ResponseOnPlatform 1	475_UM11 chosen_Answer_Code 5 | 5 type User => 475_UM11 ResponseOnPlatform 1
Rule_75	?a chosen_Answer_Code ?d ?d type User => ?a ResponseOnPlatform 1	177_M002_01 chosen_Answer_Code 10 | 10 type User => 177_M002_01 ResponseOnPlatform 1
Rule_75	?a chosen_Answer_Code ?d ?d type User => ?a ResponseOnPlatform 1	418_UM17 chosen_Answer_Code 5 | 5 type User => 418_UM17 ResponseOnPlatform 1
Rule_75	?a chosen_Answer_Code ?d ?d type User => ?a ResponseOnPlatform 1	357_SU01_05 chosen_Answer_Code 4 | 4 type User => 357_SU01_05 ResponseOnPlatform 1
Rule_75	?a chosen_Answer_Code ?d ?d type User => ?a ResponseOnPlatform 1	123_M005 chosen_Answer_Code 1 | 1 type User => 123_M005 ResponseOnPlatform 1
Rule_75	?a chosen_Answer_Code ?d ?d type User => ?a ResponseOnPlatform 1	175_M003_01 chosen_Answer_Code 10 | 10 type User => 175_M003_01 ResponseOnPlatform 1
Rule_75	?a chosen_Answer_Code ?d ?d type User => ?a ResponseOnPlatform 1	474_UM19 chosen_Answer_Code 4 | 4 type User => 474_UM19 ResponseOnPlatform 1
Rule_75	?a chosen_Answer_Code ?d ?d type User => ?a ResponseOnPlatform 1	427_UM08 chosen_Answer_Code 4 | 4 type User => 427_UM08 ResponseOnPlatform 1
Rule_75	?a chosen_Answer_Code ?d ?d type User => ?a ResponseOnPlatform 1	224_M010_01 chosen_Answer_Code 5 | 5 type User => 224_M010_01 ResponseOnPlatform 1
Rule_75	?a chosen_Answer_Code ?d ?d type User => ?a ResponseOnPlatform 1	300_M004_01 chosen_Answer_Code 9 | 9 type User => 300_M004_01 ResponseOnPlatform 1
Rule_75	?a chosen_Answer_Code ?d ?d type User => ?a ResponseOnPlatform 1	474_UM13 chosen_Answer_Code 4 | 4 type User => 474_UM13 ResponseOnPlatform 1
Rule_75	?a chosen_Answer_Code ?d ?d type User => ?a ResponseOnPlatform 1	487_UM23 chosen_Answer_Code 5 | 5 type User => 487_UM23 ResponseOnPlatform 1
Rule_75	?a chosen_Answer_Code ?d ?d type User => ?a ResponseOnPlatform 1	175_M005 chosen_Answer_Code 1 | 1 type User => 175_M005 ResponseOnPlatform 1
Rule_75	?a chosen_Answer_Code ?d ?d type User => ?a ResponseOnPlatform 1	408_UM10 chosen_Answer_Code 4 | 4 type User => 408_UM10 ResponseOnPlatform 1
Rule_75	?a chosen_Answer_Code ?d ?d type User => ?a ResponseOnPlatform 1	432_UM16 chosen_Answer_Code 4 | 4 type User => 432_UM16 ResponseOnPlatform 1
Rule_75	?a chosen_Answer_Code ?d ?d type User => ?a ResponseOnPlatform 1	478_UM04 chosen_Answer_Code 5 | 5 type User => 478_UM04 ResponseOnPlatform 1
Rule_75	?a chosen_Answer_Code ?d ?d type User => ?a ResponseOnPlatform 1	478_UM01 chosen_Answer_Code 4 | 4 type User => 478_UM01 ResponseOnPlatform 1
Rule_75	?a chosen_Answer_Code ?d ?d type User => ?a ResponseOnPlatform 1	432_UM01 chosen_Answer_Code 4 | 4 type User => 432_UM01 ResponseOnPlatform 1
Rule_75	?a chosen_Answer_Code ?d ?d type User => ?a ResponseOnPlatform 1	99_M002_01 chosen_Answer_Code 9 | 9 type User => 99_M002_01 ResponseOnPlatform 1
Rule_75	?a chosen_Answer_Code ?d ?d type User => ?a ResponseOnPlatform 1	406_UM15 chosen_Answer_Code 5 | 5 type User => 406_UM15 ResponseOnPlatform 1
Rule_75	?a chosen_Answer_Code ?d ?d type User => ?a ResponseOnPlatform 1	451_UM03 chosen_Answer_Code 3 | 3 type User => 451_UM03 ResponseOnPlatform 1
Rule_75	?a chosen_Answer_Code ?d ?d type User => ?a ResponseOnPlatform 1	406_UM06 chosen_Answer_Code 4 | 4 type User => 406_UM06 ResponseOnPlatform 1
Rule_75	?a chosen_Answer_Code ?d ?d type User => ?a ResponseOnPlatform 1	63_M002_01 chosen_Answer_Code 3 | 3 type User => 63_M002_01 ResponseOnPlatform 1
Rule_75	?a chosen_Answer_Code ?d ?d type User => ?a ResponseOnPlatform 1	25_M002_01 chosen_Answer_Code 9 | 9 type User => 25_M002_01 ResponseOnPlatform 1
Rule_75	?a chosen_Answer_Code ?d ?d type User => ?a ResponseOnPlatform 1	320_SU01_09 chosen_Answer_Code 5 | 5 type User => 320_SU01_09 ResponseOnPlatform 1
Rule_75	?a chosen_Answer_Code ?d ?d type User => ?a ResponseOnPlatform 1	467_UM17 chosen_Answer_Code 3 | 3 type User => 467_UM17 ResponseOnPlatform 1
Rule_75	?a chosen_Answer_Code ?d ?d type User => ?a ResponseOnPlatform 1	484_UM13 chosen_Answer_Code 4 | 4 type User => 484_UM13 ResponseOnPlatform 1
Rule_75	?a chosen_Answer_Code ?d ?d type User => ?a ResponseOnPlatform 1	99_M006_01 chosen_Answer_Code 8 | 8 type User => 99_M006_01 ResponseOnPlatform 1
Rule_75	?a chosen_Answer_Code ?d ?d type User => ?a ResponseOnPlatform 1	446_UM03 chosen_Answer_Code 3 | 3 type User => 446_UM03 ResponseOnPlatform 1
Rule_75	?a chosen_Answer_Code ?d ?d type User => ?a ResponseOnPlatform 1	304_M010_01 chosen_Answer_Code 9 | 9 type User => 304_M010_01 ResponseOnPlatform 1
Rule_75	?a chosen_Answer_Code ?d ?d type User => ?a ResponseOnPlatform 1	366_SU01_08 chosen_Answer_Code 3 | 3 type User => 366_SU01_08 ResponseOnPlatform 1
Rule_75	?a chosen_Answer_Code ?d ?d type User => ?a ResponseOnPlatform 1	485_UM14 chosen_Answer_Code 5 | 5 type User => 485_UM14 ResponseOnPlatform 1
Rule_75	?a chosen_Answer_Code ?d ?d type User => ?a ResponseOnPlatform 1	486_UM07 chosen_Answer_Code 5 | 5 type User => 486_UM07 ResponseOnPlatform 1
Rule_75	?a chosen_Answer_Code ?d ?d type User => ?a ResponseOnPlatform 1	146_M004_01 chosen_Answer_Code 9 | 9 type User => 146_M004_01 ResponseOnPlatform 1
Rule_75	?a chosen_Answer_Code ?d ?d type User => ?a ResponseOnPlatform 1	205_M003_01 chosen_Answer_Code 5 | 5 type User => 205_M003_01 ResponseOnPlatform 1
Rule_75	?a chosen_Answer_Code ?d ?d type User => ?a ResponseOnPlatform 1	459_UM24 chosen_Answer_Code 4 | 4 type User => 459_UM24 ResponseOnPlatform 1
Rule_75	?a chosen_Answer_Code ?d ?d type User => ?a ResponseOnPlatform 1	66_M005 chosen_Answer_Code 2 | 2 type User => 66_M005 ResponseOnPlatform 1
Rule_75	?a chosen_Answer_Code ?d ?d type User => ?a ResponseOnPlatform 1	168_M010_01 chosen_Answer_Code 10 | 10 type User => 168_M010_01 ResponseOnPlatform 1
Rule_75	?a chosen_Answer_Code ?d ?d type User => ?a ResponseOnPlatform 1	22_M005 chosen_Answer_Code 2 | 2 type User => 22_M005 ResponseOnPlatform 1
Rule_75	?a chosen_Answer_Code ?d ?d type User => ?a ResponseOnPlatform 1	429_UM13 chosen_Answer_Code 4 | 4 type User => 429_UM13 ResponseOnPlatform 1
Rule_75	?a chosen_Answer_Code ?d ?d type User => ?a ResponseOnPlatform 1	337_SU01_07 chosen_Answer_Code 4 | 4 type User => 337_SU01_07 ResponseOnPlatform 1
Rule_75	?a chosen_Answer_Code ?d ?d type User => ?a ResponseOnPlatform 1	138_M010_01 chosen_Answer_Code 9 | 9 type User => 138_M010_01 ResponseOnPlatform 1
Rule_75	?a chosen_Answer_Code ?d ?d type User => ?a ResponseOnPlatform 1	107_M004_01 chosen_Answer_Code 7 | 7 type User => 107_M004_01 ResponseOnPlatform 1
Rule_75	?a chosen_Answer_Code ?d ?d type User => ?a ResponseOnPlatform 1	419_UM04 chosen_Answer_Code 4 | 4 type User => 419_UM04 ResponseOnPlatform 1
Rule_75	?a chosen_Answer_Code ?d ?d type User => ?a ResponseOnPlatform 1	124_M002_01 chosen_Answer_Code 5 | 5 type User => 124_M002_01 ResponseOnPlatform 1
Rule_75	?a chosen_Answer_Code ?d ?d type User => ?a ResponseOnPlatform 1	430_UM11 chosen_Answer_Code 3 | 3 type User => 430_UM11 ResponseOnPlatform 1
Rule_75	?a chosen_Answer_Code ?d ?d type User => ?a ResponseOnPlatform 1	433_UM23 chosen_Answer_Code 3 | 3 type User => 433_UM23 ResponseOnPlatform 1
Rule_75	?a chosen_Answer_Code ?d ?d type User => ?a ResponseOnPlatform 1	429_UM22 chosen_Answer_Code 2 | 2 type User => 429_UM22 ResponseOnPlatform 1
Rule_75	?a chosen_Answer_Code ?d ?d type User => ?a ResponseOnPlatform 1	397_SU01_10 chosen_Answer_Code 5 | 5 type User => 397_SU01_10 ResponseOnPlatform 1
Rule_75	?a chosen_Answer_Code ?d ?d type User => ?a ResponseOnPlatform 1	167_M002_01 chosen_Answer_Code 8 | 8 type User => 167_M002_01 ResponseOnPlatform 1
Rule_75	?a chosen_Answer_Code ?d ?d type User => ?a ResponseOnPlatform 1	361_SU01_07 chosen_Answer_Code 5 | 5 type User => 361_SU01_07 ResponseOnPlatform 1
Rule_75	?a chosen_Answer_Code ?d ?d type User => ?a ResponseOnPlatform 1	136_M002_01 chosen_Answer_Code 8 | 8 type User => 136_M002_01 ResponseOnPlatform 1
Rule_75	?a chosen_Answer_Code ?d ?d type User => ?a ResponseOnPlatform 1	195_M010_01 chosen_Answer_Code 8 | 8 type User => 195_M010_01 ResponseOnPlatform 1
Rule_75	?a chosen_Answer_Code ?d ?d type User => ?a ResponseOnPlatform 1	67_M002_01 chosen_Answer_Code 10 | 10 type User => 67_M002_01 ResponseOnPlatform 1
Rule_75	?a chosen_Answer_Code ?d ?d type User => ?a ResponseOnPlatform 1	426_UM08 chosen_Answer_Code 2 | 2 type User => 426_UM08 ResponseOnPlatform 1
Rule_75	?a chosen_Answer_Code ?d ?d type User => ?a ResponseOnPlatform 1	328_SU01_04 chosen_Answer_Code 4 | 4 type User => 328_SU01_04 ResponseOnPlatform 1
Rule_75	?a chosen_Answer_Code ?d ?d type User => ?a ResponseOnPlatform 1	474_UM23 chosen_Answer_Code 4 | 4 type User => 474_UM23 ResponseOnPlatform 1
Rule_75	?a chosen_Answer_Code ?d ?d type User => ?a ResponseOnPlatform 1	200_M005 chosen_Answer_Code 1 | 1 type User => 200_M005 ResponseOnPlatform 1
Rule_75	?a chosen_Answer_Code ?d ?d type User => ?a ResponseOnPlatform 1	447_UM12 chosen_Answer_Code 4 | 4 type User => 447_UM12 ResponseOnPlatform 1
Rule_75	?a chosen_Answer_Code ?d ?d type User => ?a ResponseOnPlatform 1	464_UM06 chosen_Answer_Code 4 | 4 type User => 464_UM06 ResponseOnPlatform 1
Rule_75	?a chosen_Answer_Code ?d ?d type User => ?a ResponseOnPlatform 1	342_SU01_09 chosen_Answer_Code 4 | 4 type User => 342_SU01_09 ResponseOnPlatform 1
Rule_75	?a chosen_Answer_Code ?d ?d type User => ?a ResponseOnPlatform 1	175_M004_01 chosen_Answer_Code 10 | 10 type User => 175_M004_01 ResponseOnPlatform 1
Rule_75	?a chosen_Answer_Code ?d ?d type User => ?a ResponseOnPlatform 1	458_UM09 chosen_Answer_Code 4 | 4 type User => 458_UM09 ResponseOnPlatform 1
Rule_75	?a chosen_Answer_Code ?d ?d type User => ?a ResponseOnPlatform 1	382_SU01_04 chosen_Answer_Code 3 | 3 type User => 382_SU01_04 ResponseOnPlatform 1
Rule_75	?a chosen_Answer_Code ?d ?d type User => ?a ResponseOnPlatform 1	431_UM10 chosen_Answer_Code 4 | 4 type User => 431_UM10 ResponseOnPlatform 1
Rule_75	?a chosen_Answer_Code ?d ?d type User => ?a ResponseOnPlatform 1	261_M006_01 chosen_Answer_Code 9 | 9 type User => 261_M006_01 ResponseOnPlatform 1
Rule_75	?a chosen_Answer_Code ?d ?d type User => ?a ResponseOnPlatform 1	271_M010_01 chosen_Answer_Code 9 | 9 type User => 271_M010_01 ResponseOnPlatform 1
Rule_75	?a chosen_Answer_Code ?d ?d type User => ?a ResponseOnPlatform 1	474_UM09 chosen_Answer_Code 4 | 4 type User => 474_UM09 ResponseOnPlatform 1
Rule_75	?a chosen_Answer_Code ?d ?d type User => ?a ResponseOnPlatform 1	74_M005 chosen_Answer_Code 3 | 3 type User => 74_M005 ResponseOnPlatform 1
Rule_75	?a chosen_Answer_Code ?d ?d type User => ?a ResponseOnPlatform 1	370_SU01_06 chosen_Answer_Code 1 | 1 type User => 370_SU01_06 ResponseOnPlatform 1
Rule_75	?a chosen_Answer_Code ?d ?d type User => ?a ResponseOnPlatform 1	40_M004_01 chosen_Answer_Code 8 | 8 type User => 40_M004_01 ResponseOnPlatform 1
Rule_75	?a chosen_Answer_Code ?d ?d type User => ?a ResponseOnPlatform 1	101_M004_01 chosen_Answer_Code 10 | 10 type User => 101_M004_01 ResponseOnPlatform 1
Rule_75	?a chosen_Answer_Code ?d ?d type User => ?a ResponseOnPlatform 1	84_M002_01 chosen_Answer_Code 5 | 5 type User => 84_M002_01 ResponseOnPlatform 1
Rule_75	?a chosen_Answer_Code ?d ?d type User => ?a ResponseOnPlatform 1	310_SU01_06 chosen_Answer_Code 4 | 4 type User => 310_SU01_06 ResponseOnPlatform 1
Rule_75	?a chosen_Answer_Code ?d ?d type User => ?a ResponseOnPlatform 1	341_SU01_01 chosen_Answer_Code 5 | 5 type User => 341_SU01_01 ResponseOnPlatform 1
Rule_75	?a chosen_Answer_Code ?d ?d type User => ?a ResponseOnPlatform 1	17_M004_01 chosen_Answer_Code 9 | 9 type User => 17_M004_01 ResponseOnPlatform 1
Rule_75	?a chosen_Answer_Code ?d ?d type User => ?a ResponseOnPlatform 1	332_SU01_10 chosen_Answer_Code 5 | 5 type User => 332_SU01_10 ResponseOnPlatform 1
Rule_75	?a chosen_Answer_Code ?d ?d type User => ?a ResponseOnPlatform 1	476_UM24 chosen_Answer_Code 4 | 4 type User => 476_UM24 ResponseOnPlatform 1
Rule_75	?a chosen_Answer_Code ?d ?d type User => ?a ResponseOnPlatform 1	455_UM15 chosen_Answer_Code 5 | 5 type User => 455_UM15 ResponseOnPlatform 1
Rule_75	?a chosen_Answer_Code ?d ?d type User => ?a ResponseOnPlatform 1	139_M004_01 chosen_Answer_Code 9 | 9 type User => 139_M004_01 ResponseOnPlatform 1
Rule_75	?a chosen_Answer_Code ?d ?d type User => ?a ResponseOnPlatform 1	384_SU01_10 chosen_Answer_Code 4 | 4 type User => 384_SU01_10 ResponseOnPlatform 1
Rule_75	?a chosen_Answer_Code ?d ?d type User => ?a ResponseOnPlatform 1	267_M004_01 chosen_Answer_Code 10 | 10 type User => 267_M004_01 ResponseOnPlatform 1
Rule_75	?a chosen_Answer_Code ?d ?d type User => ?a ResponseOnPlatform 1	60_M003_01 chosen_Answer_Code 9 | 9 type User => 60_M003_01 ResponseOnPlatform 1
Rule_75	?a chosen_Answer_Code ?d ?d type User => ?a ResponseOnPlatform 1	421_UM11 chosen_Answer_Code 4 | 4 type User => 421_UM11 ResponseOnPlatform 1
Rule_75	?a chosen_Answer_Code ?d ?d type User => ?a ResponseOnPlatform 1	430_UM12 chosen_Answer_Code 4 | 4 type User => 430_UM12 ResponseOnPlatform 1
Rule_75	?a chosen_Answer_Code ?d ?d type User => ?a ResponseOnPlatform 1	415_UM24 chosen_Answer_Code 5 | 5 type User => 415_UM24 ResponseOnPlatform 1
Rule_75	?a chosen_Answer_Code ?d ?d type User => ?a ResponseOnPlatform 1	211_M002_01 chosen_Answer_Code 9 | 9 type User => 211_M002_01 ResponseOnPlatform 1
Rule_75	?a chosen_Answer_Code ?d ?d type User => ?a ResponseOnPlatform 1	14_M006_01 chosen_Answer_Code 8 | 8 type User => 14_M006_01 ResponseOnPlatform 1
Rule_75	?a chosen_Answer_Code ?d ?d type User => ?a ResponseOnPlatform 1	308_M003_01 chosen_Answer_Code 6 | 6 type User => 308_M003_01 ResponseOnPlatform 1
Rule_75	?a chosen_Answer_Code ?d ?d type User => ?a ResponseOnPlatform 1	472_UM20 chosen_Answer_Code 5 | 5 type User => 472_UM20 ResponseOnPlatform 1
Rule_75	?a chosen_Answer_Code ?d ?d type User => ?a ResponseOnPlatform 1	426_UM25 chosen_Answer_Code 3 | 3 type User => 426_UM25 ResponseOnPlatform 1
Rule_75	?a chosen_Answer_Code ?d ?d type User => ?a ResponseOnPlatform 1	365_SU01_06 chosen_Answer_Code 2 | 2 type User => 365_SU01_06 ResponseOnPlatform 1
Rule_75	?a chosen_Answer_Code ?d ?d type User => ?a ResponseOnPlatform 1	370_SU01_05 chosen_Answer_Code 4 | 4 type User => 370_SU01_05 ResponseOnPlatform 1
Rule_75	?a chosen_Answer_Code ?d ?d type User => ?a ResponseOnPlatform 1	234_M002_01 chosen_Answer_Code 10 | 10 type User => 234_M002_01 ResponseOnPlatform 1
Rule_75	?a chosen_Answer_Code ?d ?d type User => ?a ResponseOnPlatform 1	118_M002_01 chosen_Answer_Code 8 | 8 type User => 118_M002_01 ResponseOnPlatform 1
Rule_75	?a chosen_Answer_Code ?d ?d type User => ?a ResponseOnPlatform 1	410_UM06 chosen_Answer_Code 4 | 4 type User => 410_UM06 ResponseOnPlatform 1
Rule_75	?a chosen_Answer_Code ?d ?d type User => ?a ResponseOnPlatform 1	433_UM09 chosen_Answer_Code 3 | 3 type User => 433_UM09 ResponseOnPlatform 1
Rule_75	?a chosen_Answer_Code ?d ?d type User => ?a ResponseOnPlatform 1	292_M005 chosen_Answer_Code 1 | 1 type User => 292_M005 ResponseOnPlatform 1
Rule_75	?a chosen_Answer_Code ?d ?d type User => ?a ResponseOnPlatform 1	453_UM11 chosen_Answer_Code 4 | 4 type User => 453_UM11 ResponseOnPlatform 1
Rule_75	?a chosen_Answer_Code ?d ?d type User => ?a ResponseOnPlatform 1	243_M002_01 chosen_Answer_Code 8 | 8 type User => 243_M002_01 ResponseOnPlatform 1
Rule_75	?a chosen_Answer_Code ?d ?d type User => ?a ResponseOnPlatform 1	411_UM09 chosen_Answer_Code 3 | 3 type User => 411_UM09 ResponseOnPlatform 1
Rule_75	?a chosen_Answer_Code ?d ?d type User => ?a ResponseOnPlatform 1	490_UM10 chosen_Answer_Code 4 | 4 type User => 490_UM10 ResponseOnPlatform 1
Rule_75	?a chosen_Answer_Code ?d ?d type User => ?a ResponseOnPlatform 1	93_M002_01 chosen_Answer_Code 8 | 8 type User => 93_M002_01 ResponseOnPlatform 1
Rule_75	?a chosen_Answer_Code ?d ?d type User => ?a ResponseOnPlatform 1	420_UM11 chosen_Answer_Code 5 | 5 type User => 420_UM11 ResponseOnPlatform 1
Rule_75	?a chosen_Answer_Code ?d ?d type User => ?a ResponseOnPlatform 1	281_M010_01 chosen_Answer_Code 8 | 8 type User => 281_M010_01 ResponseOnPlatform 1
Rule_75	?a chosen_Answer_Code ?d ?d type User => ?a ResponseOnPlatform 1	331_SU01_05 chosen_Answer_Code 3 | 3 type User => 331_SU01_05 ResponseOnPlatform 1
Rule_75	?a chosen_Answer_Code ?d ?d type User => ?a ResponseOnPlatform 1	3_M002_01 chosen_Answer_Code 2 | 2 type User => 3_M002_01 ResponseOnPlatform 1
Rule_75	?a chosen_Answer_Code ?d ?d type User => ?a ResponseOnPlatform 1	412_UM21 chosen_Answer_Code 5 | 5 type User => 412_UM21 ResponseOnPlatform 1
Rule_75	?a chosen_Answer_Code ?d ?d type User => ?a ResponseOnPlatform 1	39_M006_01 chosen_Answer_Code 10 | 10 type User => 39_M006_01 ResponseOnPlatform 1
Rule_75	?a chosen_Answer_Code ?d ?d type User => ?a ResponseOnPlatform 1	466_UM03 chosen_Answer_Code 3 | 3 type User => 466_UM03 ResponseOnPlatform 1
Rule_75	?a chosen_Answer_Code ?d ?d type User => ?a ResponseOnPlatform 1	156_M004_01 chosen_Answer_Code 10 | 10 type User => 156_M004_01 ResponseOnPlatform 1
Rule_75	?a chosen_Answer_Code ?d ?d type User => ?a ResponseOnPlatform 1	241_M002_01 chosen_Answer_Code 10 | 10 type User => 241_M002_01 ResponseOnPlatform 1
Rule_75	?a chosen_Answer_Code ?d ?d type User => ?a ResponseOnPlatform 1	412_UM15 chosen_Answer_Code 4 | 4 type User => 412_UM15 ResponseOnPlatform 1
Rule_75	?a chosen_Answer_Code ?d ?d type User => ?a ResponseOnPlatform 1	439_UM11 chosen_Answer_Code 4 | 4 type User => 439_UM11 ResponseOnPlatform 1
Rule_75	?a chosen_Answer_Code ?d ?d type User => ?a ResponseOnPlatform 1	248_M010_01 chosen_Answer_Code 5 | 5 type User => 248_M010_01 ResponseOnPlatform 1
Rule_75	?a chosen_Answer_Code ?d ?d type User => ?a ResponseOnPlatform 1	438_UM16 chosen_Answer_Code 5 | 5 type User => 438_UM16 ResponseOnPlatform 1
Rule_75	?a chosen_Answer_Code ?d ?d type User => ?a ResponseOnPlatform 1	261_M004_01 chosen_Answer_Code 10 | 10 type User => 261_M004_01 ResponseOnPlatform 1
Rule_75	?a chosen_Answer_Code ?d ?d type User => ?a ResponseOnPlatform 1	98_M004_01 chosen_Answer_Code 9 | 9 type User => 98_M004_01 ResponseOnPlatform 1
Rule_75	?a chosen_Answer_Code ?d ?d type User => ?a ResponseOnPlatform 1	361_SU01_03 chosen_Answer_Code 5 | 5 type User => 361_SU01_03 ResponseOnPlatform 1
Rule_75	?a chosen_Answer_Code ?d ?d type User => ?a ResponseOnPlatform 1	203_M003_01 chosen_Answer_Code 9 | 9 type User => 203_M003_01 ResponseOnPlatform 1
Rule_75	?a chosen_Answer_Code ?d ?d type User => ?a ResponseOnPlatform 1	489_UM09 chosen_Answer_Code 4 | 4 type User => 489_UM09 ResponseOnPlatform 1
Rule_75	?a chosen_Answer_Code ?d ?d type User => ?a ResponseOnPlatform 1	225_M005 chosen_Answer_Code 1 | 1 type User => 225_M005 ResponseOnPlatform 1
Rule_75	?a chosen_Answer_Code ?d ?d type User => ?a ResponseOnPlatform 1	384_SU01_08 chosen_Answer_Code 4 | 4 type User => 384_SU01_08 ResponseOnPlatform 1
Rule_75	?a chosen_Answer_Code ?d ?d type User => ?a ResponseOnPlatform 1	446_UM01 chosen_Answer_Code 3 | 3 type User => 446_UM01 ResponseOnPlatform 1
Rule_75	?a chosen_Answer_Code ?d ?d type User => ?a ResponseOnPlatform 1	20_M003_01 chosen_Answer_Code 7 | 7 type User => 20_M003_01 ResponseOnPlatform 1
Rule_75	?a chosen_Answer_Code ?d ?d type User => ?a ResponseOnPlatform 1	111_M002_01 chosen_Answer_Code 9 | 9 type User => 111_M002_01 ResponseOnPlatform 1
Rule_75	?a chosen_Answer_Code ?d ?d type User => ?a ResponseOnPlatform 1	22_M002_01 chosen_Answer_Code 10 | 10 type User => 22_M002_01 ResponseOnPlatform 1
Rule_75	?a chosen_Answer_Code ?d ?d type User => ?a ResponseOnPlatform 1	106_M006_01 chosen_Answer_Code 7 | 7 type User => 106_M006_01 ResponseOnPlatform 1
Rule_75	?a chosen_Answer_Code ?d ?d type User => ?a ResponseOnPlatform 1	383_SU01_01 chosen_Answer_Code 2 | 2 type User => 383_SU01_01 ResponseOnPlatform 1
Rule_75	?a chosen_Answer_Code ?d ?d type User => ?a ResponseOnPlatform 1	144_M004_01 chosen_Answer_Code 10 | 10 type User => 144_M004_01 ResponseOnPlatform 1
Rule_75	?a chosen_Answer_Code ?d ?d type User => ?a ResponseOnPlatform 1	328_SU01_06 chosen_Answer_Code 3 | 3 type User => 328_SU01_06 ResponseOnPlatform 1
Rule_75	?a chosen_Answer_Code ?d ?d type User => ?a ResponseOnPlatform 1	365_SU01_10 chosen_Answer_Code 3 | 3 type User => 365_SU01_10 ResponseOnPlatform 1
Rule_75	?a chosen_Answer_Code ?d ?d type User => ?a ResponseOnPlatform 1	329_SU01_02 chosen_Answer_Code 5 | 5 type User => 329_SU01_02 ResponseOnPlatform 1
Rule_75	?a chosen_Answer_Code ?d ?d type User => ?a ResponseOnPlatform 1	490_UM19 chosen_Answer_Code 4 | 4 type User => 490_UM19 ResponseOnPlatform 1
Rule_75	?a chosen_Answer_Code ?d ?d type User => ?a ResponseOnPlatform 1	167_M010_01 chosen_Answer_Code 9 | 9 type User => 167_M010_01 ResponseOnPlatform 1
Rule_75	?a chosen_Answer_Code ?d ?d type User => ?a ResponseOnPlatform 1	324_SU01_02 chosen_Answer_Code 5 | 5 type User => 324_SU01_02 ResponseOnPlatform 1
Rule_75	?a chosen_Answer_Code ?d ?d type User => ?a ResponseOnPlatform 1	99_M004_01 chosen_Answer_Code 6 | 6 type User => 99_M004_01 ResponseOnPlatform 1
Rule_75	?a chosen_Answer_Code ?d ?d type User => ?a ResponseOnPlatform 1	97_M005 chosen_Answer_Code 1 | 1 type User => 97_M005 ResponseOnPlatform 1
Rule_75	?a chosen_Answer_Code ?d ?d type User => ?a ResponseOnPlatform 1	90_M005 chosen_Answer_Code 2 | 2 type User => 90_M005 ResponseOnPlatform 1
Rule_75	?a chosen_Answer_Code ?d ?d type User => ?a ResponseOnPlatform 1	262_M005 chosen_Answer_Code 1 | 1 type User => 262_M005 ResponseOnPlatform 1
Rule_75	?a chosen_Answer_Code ?d ?d type User => ?a ResponseOnPlatform 1	488_UM01 chosen_Answer_Code 5 | 5 type User => 488_UM01 ResponseOnPlatform 1
Rule_75	?a chosen_Answer_Code ?d ?d type User => ?a ResponseOnPlatform 1	149_M005 chosen_Answer_Code 1 | 1 type User => 149_M005 ResponseOnPlatform 1
Rule_75	?a chosen_Answer_Code ?d ?d type User => ?a ResponseOnPlatform 1	425_UM14 chosen_Answer_Code 5 | 5 type User => 425_UM14 ResponseOnPlatform 1
Rule_75	?a chosen_Answer_Code ?d ?d type User => ?a ResponseOnPlatform 1	446_UM22 chosen_Answer_Code 3 | 3 type User => 446_UM22 ResponseOnPlatform 1
Rule_75	?a chosen_Answer_Code ?d ?d type User => ?a ResponseOnPlatform 1	56_M010_01 chosen_Answer_Code 6 | 6 type User => 56_M010_01 ResponseOnPlatform 1
Rule_75	?a chosen_Answer_Code ?d ?d type User => ?a ResponseOnPlatform 1	88_M003_01 chosen_Answer_Code 10 | 10 type User => 88_M003_01 ResponseOnPlatform 1
Rule_75	?a chosen_Answer_Code ?d ?d type User => ?a ResponseOnPlatform 1	489_UM17 chosen_Answer_Code 3 | 3 type User => 489_UM17 ResponseOnPlatform 1
Rule_75	?a chosen_Answer_Code ?d ?d type User => ?a ResponseOnPlatform 1	296_M005 chosen_Answer_Code 1 | 1 type User => 296_M005 ResponseOnPlatform 1
Rule_75	?a chosen_Answer_Code ?d ?d type User => ?a ResponseOnPlatform 1	293_M003_01 chosen_Answer_Code 8 | 8 type User => 293_M003_01 ResponseOnPlatform 1
Rule_75	?a chosen_Answer_Code ?d ?d type User => ?a ResponseOnPlatform 1	21_M005 chosen_Answer_Code 3 | 3 type User => 21_M005 ResponseOnPlatform 1
Rule_75	?a chosen_Answer_Code ?d ?d type User => ?a ResponseOnPlatform 1	418_UM11 chosen_Answer_Code 4 | 4 type User => 418_UM11 ResponseOnPlatform 1
Rule_75	?a chosen_Answer_Code ?d ?d type User => ?a ResponseOnPlatform 1	320_SU01_03 chosen_Answer_Code 5 | 5 type User => 320_SU01_03 ResponseOnPlatform 1
Rule_75	?a chosen_Answer_Code ?d ?d type User => ?a ResponseOnPlatform 1	20_M004_01 chosen_Answer_Code 7 | 7 type User => 20_M004_01 ResponseOnPlatform 1
Rule_75	?a chosen_Answer_Code ?d ?d type User => ?a ResponseOnPlatform 1	342_SU01_07 chosen_Answer_Code 3 | 3 type User => 342_SU01_07 ResponseOnPlatform 1
Rule_75	?a chosen_Answer_Code ?d ?d type User => ?a ResponseOnPlatform 1	350_SU01_03 chosen_Answer_Code 5 | 5 type User => 350_SU01_03 ResponseOnPlatform 1
Rule_75	?a chosen_Answer_Code ?d ?d type User => ?a ResponseOnPlatform 1	379_SU01_03 chosen_Answer_Code 4 | 4 type User => 379_SU01_03 ResponseOnPlatform 1
Rule_75	?a chosen_Answer_Code ?d ?d type User => ?a ResponseOnPlatform 1	478_UM09 chosen_Answer_Code 4 | 4 type User => 478_UM09 ResponseOnPlatform 1
Rule_75	?a chosen_Answer_Code ?d ?d type User => ?a ResponseOnPlatform 1	299_M004_01 chosen_Answer_Code 9 | 9 type User => 299_M004_01 ResponseOnPlatform 1
Rule_75	?a chosen_Answer_Code ?d ?d type User => ?a ResponseOnPlatform 1	438_UM23 chosen_Answer_Code 4 | 4 type User => 438_UM23 ResponseOnPlatform 1
Rule_75	?a chosen_Answer_Code ?d ?d type User => ?a ResponseOnPlatform 1	413_UM18 chosen_Answer_Code 1 | 1 type User => 413_UM18 ResponseOnPlatform 1
Rule_75	?a chosen_Answer_Code ?d ?d type User => ?a ResponseOnPlatform 1	441_UM15 chosen_Answer_Code 5 | 5 type User => 441_UM15 ResponseOnPlatform 1
Rule_75	?a chosen_Answer_Code ?d ?d type User => ?a ResponseOnPlatform 1	424_UM18 chosen_Answer_Code 2 | 2 type User => 424_UM18 ResponseOnPlatform 1
Rule_75	?a chosen_Answer_Code ?d ?d type User => ?a ResponseOnPlatform 1	16_M006_01 chosen_Answer_Code 7 | 7 type User => 16_M006_01 ResponseOnPlatform 1
Rule_75	?a chosen_Answer_Code ?d ?d type User => ?a ResponseOnPlatform 1	410_UM10 chosen_Answer_Code 4 | 4 type User => 410_UM10 ResponseOnPlatform 1
Rule_75	?a chosen_Answer_Code ?d ?d type User => ?a ResponseOnPlatform 1	63_M004_01 chosen_Answer_Code 10 | 10 type User => 63_M004_01 ResponseOnPlatform 1
Rule_75	?a chosen_Answer_Code ?d ?d type User => ?a ResponseOnPlatform 1	491_UM08 chosen_Answer_Code 4 | 4 type User => 491_UM08 ResponseOnPlatform 1
Rule_75	?a chosen_Answer_Code ?d ?d type User => ?a ResponseOnPlatform 1	357_SU01_03 chosen_Answer_Code 4 | 4 type User => 357_SU01_03 ResponseOnPlatform 1
Rule_75	?a chosen_Answer_Code ?d ?d type User => ?a ResponseOnPlatform 1	318_SU01_03 chosen_Answer_Code 4 | 4 type User => 318_SU01_03 ResponseOnPlatform 1
Rule_75	?a chosen_Answer_Code ?d ?d type User => ?a ResponseOnPlatform 1	408_UM16 chosen_Answer_Code 5 | 5 type User => 408_UM16 ResponseOnPlatform 1
Rule_75	?a chosen_Answer_Code ?d ?d type User => ?a ResponseOnPlatform 1	484_UM03 chosen_Answer_Code 4 | 4 type User => 484_UM03 ResponseOnPlatform 1
Rule_75	?a chosen_Answer_Code ?d ?d type User => ?a ResponseOnPlatform 1	382_SU01_07 chosen_Answer_Code 3 | 3 type User => 382_SU01_07 ResponseOnPlatform 1
Rule_75	?a chosen_Answer_Code ?d ?d type User => ?a ResponseOnPlatform 1	453_UM01 chosen_Answer_Code 5 | 5 type User => 453_UM01 ResponseOnPlatform 1
Rule_75	?a chosen_Answer_Code ?d ?d type User => ?a ResponseOnPlatform 1	237_M002_01 chosen_Answer_Code 7 | 7 type User => 237_M002_01 ResponseOnPlatform 1
Rule_75	?a chosen_Answer_Code ?d ?d type User => ?a ResponseOnPlatform 1	75_M003_01 chosen_Answer_Code 9 | 9 type User => 75_M003_01 ResponseOnPlatform 1
Rule_75	?a chosen_Answer_Code ?d ?d type User => ?a ResponseOnPlatform 1	431_UM23 chosen_Answer_Code 3 | 3 type User => 431_UM23 ResponseOnPlatform 1
Rule_75	?a chosen_Answer_Code ?d ?d type User => ?a ResponseOnPlatform 1	284_M002_01 chosen_Answer_Code 10 | 10 type User => 284_M002_01 ResponseOnPlatform 1
Rule_75	?a chosen_Answer_Code ?d ?d type User => ?a ResponseOnPlatform 1	156_M003_01 chosen_Answer_Code 10 | 10 type User => 156_M003_01 ResponseOnPlatform 1
Rule_75	?a chosen_Answer_Code ?d ?d type User => ?a ResponseOnPlatform 1	11_M004_01 chosen_Answer_Code 6 | 6 type User => 11_M004_01 ResponseOnPlatform 1
Rule_75	?a chosen_Answer_Code ?d ?d type User => ?a ResponseOnPlatform 1	478_UM02 chosen_Answer_Code 4 | 4 type User => 478_UM02 ResponseOnPlatform 1
Rule_75	?a chosen_Answer_Code ?d ?d type User => ?a ResponseOnPlatform 1	98_M010_01 chosen_Answer_Code 9 | 9 type User => 98_M010_01 ResponseOnPlatform 1
Rule_75	?a chosen_Answer_Code ?d ?d type User => ?a ResponseOnPlatform 1	274_M003_01 chosen_Answer_Code 8 | 8 type User => 274_M003_01 ResponseOnPlatform 1
Rule_75	?a chosen_Answer_Code ?d ?d type User => ?a ResponseOnPlatform 1	330_SU01_10 chosen_Answer_Code 5 | 5 type User => 330_SU01_10 ResponseOnPlatform 1
Rule_75	?a chosen_Answer_Code ?d ?d type User => ?a ResponseOnPlatform 1	420_UM13 chosen_Answer_Code 5 | 5 type User => 420_UM13 ResponseOnPlatform 1
Rule_75	?a chosen_Answer_Code ?d ?d type User => ?a ResponseOnPlatform 1	427_UM24 chosen_Answer_Code 4 | 4 type User => 427_UM24 ResponseOnPlatform 1
Rule_75	?a chosen_Answer_Code ?d ?d type User => ?a ResponseOnPlatform 1	475_UM08 chosen_Answer_Code 3 | 3 type User => 475_UM08 ResponseOnPlatform 1
Rule_75	?a chosen_Answer_Code ?d ?d type User => ?a ResponseOnPlatform 1	469_UM12 chosen_Answer_Code 4 | 4 type User => 469_UM12 ResponseOnPlatform 1
Rule_75	?a chosen_Answer_Code ?d ?d type User => ?a ResponseOnPlatform 1	447_UM07 chosen_Answer_Code 3 | 3 type User => 447_UM07 ResponseOnPlatform 1
Rule_75	?a chosen_Answer_Code ?d ?d type User => ?a ResponseOnPlatform 1	455_UM11 chosen_Answer_Code 4 | 4 type User => 455_UM11 ResponseOnPlatform 1
Rule_75	?a chosen_Answer_Code ?d ?d type User => ?a ResponseOnPlatform 1	83_M003_01 chosen_Answer_Code 6 | 6 type User => 83_M003_01 ResponseOnPlatform 1
Rule_75	?a chosen_Answer_Code ?d ?d type User => ?a ResponseOnPlatform 1	403_SU01_03 chosen_Answer_Code 2 | 2 type User => 403_SU01_03 ResponseOnPlatform 1
Rule_75	?a chosen_Answer_Code ?d ?d type User => ?a ResponseOnPlatform 1	395_SU01_09 chosen_Answer_Code 5 | 5 type User => 395_SU01_09 ResponseOnPlatform 1
Rule_75	?a chosen_Answer_Code ?d ?d type User => ?a ResponseOnPlatform 1	472_UM08 chosen_Answer_Code 5 | 5 type User => 472_UM08 ResponseOnPlatform 1
Rule_75	?a chosen_Answer_Code ?d ?d type User => ?a ResponseOnPlatform 1	315_SU01_03 chosen_Answer_Code 2 | 2 type User => 315_SU01_03 ResponseOnPlatform 1
Rule_75	?a chosen_Answer_Code ?d ?d type User => ?a ResponseOnPlatform 1	484_UM09 chosen_Answer_Code 4 | 4 type User => 484_UM09 ResponseOnPlatform 1
Rule_75	?a chosen_Answer_Code ?d ?d type User => ?a ResponseOnPlatform 1	328_SU01_01 chosen_Answer_Code 3 | 3 type User => 328_SU01_01 ResponseOnPlatform 1
Rule_75	?a chosen_Answer_Code ?d ?d type User => ?a ResponseOnPlatform 1	342_SU01_06 chosen_Answer_Code 1 | 1 type User => 342_SU01_06 ResponseOnPlatform 1
Rule_75	?a chosen_Answer_Code ?d ?d type User => ?a ResponseOnPlatform 1	117_M006_01 chosen_Answer_Code 9 | 9 type User => 117_M006_01 ResponseOnPlatform 1
Rule_75	?a chosen_Answer_Code ?d ?d type User => ?a ResponseOnPlatform 1	411_UM18 chosen_Answer_Code 1 | 1 type User => 411_UM18 ResponseOnPlatform 1
Rule_75	?a chosen_Answer_Code ?d ?d type User => ?a ResponseOnPlatform 1	445_UM03 chosen_Answer_Code 4 | 4 type User => 445_UM03 ResponseOnPlatform 1
Rule_75	?a chosen_Answer_Code ?d ?d type User => ?a ResponseOnPlatform 1	16_M005 chosen_Answer_Code 1 | 1 type User => 16_M005 ResponseOnPlatform 1
Rule_75	?a chosen_Answer_Code ?d ?d type User => ?a ResponseOnPlatform 1	2_M004_01 chosen_Answer_Code 8 | 8 type User => 2_M004_01 ResponseOnPlatform 1
Rule_75	?a chosen_Answer_Code ?d ?d type User => ?a ResponseOnPlatform 1	376_SU01_05 chosen_Answer_Code 4 | 4 type User => 376_SU01_05 ResponseOnPlatform 1
Rule_75	?a chosen_Answer_Code ?d ?d type User => ?a ResponseOnPlatform 1	331_SU01_06 chosen_Answer_Code 4 | 4 type User => 331_SU01_06 ResponseOnPlatform 1
Rule_75	?a chosen_Answer_Code ?d ?d type User => ?a ResponseOnPlatform 1	313_SU01_04 chosen_Answer_Code 5 | 5 type User => 313_SU01_04 ResponseOnPlatform 1
Rule_75	?a chosen_Answer_Code ?d ?d type User => ?a ResponseOnPlatform 1	483_UM16 chosen_Answer_Code 5 | 5 type User => 483_UM16 ResponseOnPlatform 1
Rule_75	?a chosen_Answer_Code ?d ?d type User => ?a ResponseOnPlatform 1	176_M005 chosen_Answer_Code 3 | 3 type User => 176_M005 ResponseOnPlatform 1
Rule_75	?a chosen_Answer_Code ?d ?d type User => ?a ResponseOnPlatform 1	411_UM11 chosen_Answer_Code 3 | 3 type User => 411_UM11 ResponseOnPlatform 1
Rule_75	?a chosen_Answer_Code ?d ?d type User => ?a ResponseOnPlatform 1	197_M005 chosen_Answer_Code 1 | 1 type User => 197_M005 ResponseOnPlatform 1
Rule_75	?a chosen_Answer_Code ?d ?d type User => ?a ResponseOnPlatform 1	478_UM07 chosen_Answer_Code 4 | 4 type User => 478_UM07 ResponseOnPlatform 1
Rule_75	?a chosen_Answer_Code ?d ?d type User => ?a ResponseOnPlatform 1	396_SU01_05 chosen_Answer_Code 4 | 4 type User => 396_SU01_05 ResponseOnPlatform 1
Rule_75	?a chosen_Answer_Code ?d ?d type User => ?a ResponseOnPlatform 1	176_M003_01 chosen_Answer_Code 10 | 10 type User => 176_M003_01 ResponseOnPlatform 1
Rule_75	?a chosen_Answer_Code ?d ?d type User => ?a ResponseOnPlatform 1	280_M006_01 chosen_Answer_Code 7 | 7 type User => 280_M006_01 ResponseOnPlatform 1
Rule_75	?a chosen_Answer_Code ?d ?d type User => ?a ResponseOnPlatform 1	408_UM15 chosen_Answer_Code 5 | 5 type User => 408_UM15 ResponseOnPlatform 1
Rule_75	?a chosen_Answer_Code ?d ?d type User => ?a ResponseOnPlatform 1	18_M003_01 chosen_Answer_Code 6 | 6 type User => 18_M003_01 ResponseOnPlatform 1
Rule_75	?a chosen_Answer_Code ?d ?d type User => ?a ResponseOnPlatform 1	175_M002_01 chosen_Answer_Code 10 | 10 type User => 175_M002_01 ResponseOnPlatform 1
Rule_75	?a chosen_Answer_Code ?d ?d type User => ?a ResponseOnPlatform 1	315_SU01_02 chosen_Answer_Code 5 | 5 type User => 315_SU01_02 ResponseOnPlatform 1
Rule_75	?a chosen_Answer_Code ?d ?d type User => ?a ResponseOnPlatform 1	388_SU01_01 chosen_Answer_Code 1 | 1 type User => 388_SU01_01 ResponseOnPlatform 1
Rule_75	?a chosen_Answer_Code ?d ?d type User => ?a ResponseOnPlatform 1	481_UM14 chosen_Answer_Code 5 | 5 type User => 481_UM14 ResponseOnPlatform 1
Rule_75	?a chosen_Answer_Code ?d ?d type User => ?a ResponseOnPlatform 1	306_M010_01 chosen_Answer_Code 1 | 1 type User => 306_M010_01 ResponseOnPlatform 1
Rule_75	?a chosen_Answer_Code ?d ?d type User => ?a ResponseOnPlatform 1	336_SU01_09 chosen_Answer_Code 3 | 3 type User => 336_SU01_09 ResponseOnPlatform 1
Rule_75	?a chosen_Answer_Code ?d ?d type User => ?a ResponseOnPlatform 1	171_M002_01 chosen_Answer_Code 6 | 6 type User => 171_M002_01 ResponseOnPlatform 1
Rule_75	?a chosen_Answer_Code ?d ?d type User => ?a ResponseOnPlatform 1	468_UM09 chosen_Answer_Code 4 | 4 type User => 468_UM09 ResponseOnPlatform 1
Rule_75	?a chosen_Answer_Code ?d ?d type User => ?a ResponseOnPlatform 1	468_UM04 chosen_Answer_Code 4 | 4 type User => 468_UM04 ResponseOnPlatform 1
Rule_75	?a chosen_Answer_Code ?d ?d type User => ?a ResponseOnPlatform 1	415_UM07 chosen_Answer_Code 4 | 4 type User => 415_UM07 ResponseOnPlatform 1
Rule_75	?a chosen_Answer_Code ?d ?d type User => ?a ResponseOnPlatform 1	369_SU01_07 chosen_Answer_Code 5 | 5 type User => 369_SU01_07 ResponseOnPlatform 1
Rule_75	?a chosen_Answer_Code ?d ?d type User => ?a ResponseOnPlatform 1	426_UM13 chosen_Answer_Code 3 | 3 type User => 426_UM13 ResponseOnPlatform 1
Rule_75	?a chosen_Answer_Code ?d ?d type User => ?a ResponseOnPlatform 1	472_UM17 chosen_Answer_Code 5 | 5 type User => 472_UM17 ResponseOnPlatform 1
Rule_75	?a chosen_Answer_Code ?d ?d type User => ?a ResponseOnPlatform 1	287_M005 chosen_Answer_Code 1 | 1 type User => 287_M005 ResponseOnPlatform 1
Rule_75	?a chosen_Answer_Code ?d ?d type User => ?a ResponseOnPlatform 1	410_UM04 chosen_Answer_Code 4 | 4 type User => 410_UM04 ResponseOnPlatform 1
Rule_75	?a chosen_Answer_Code ?d ?d type User => ?a ResponseOnPlatform 1	314_SU01_08 chosen_Answer_Code 3 | 3 type User => 314_SU01_08 ResponseOnPlatform 1
Rule_75	?a chosen_Answer_Code ?d ?d type User => ?a ResponseOnPlatform 1	332_SU01_05 chosen_Answer_Code 5 | 5 type User => 332_SU01_05 ResponseOnPlatform 1
Rule_75	?a chosen_Answer_Code ?d ?d type User => ?a ResponseOnPlatform 1	312_SU01_10 chosen_Answer_Code 5 | 5 type User => 312_SU01_10 ResponseOnPlatform 1
Rule_75	?a chosen_Answer_Code ?d ?d type User => ?a ResponseOnPlatform 1	263_M006_01 chosen_Answer_Code 10 | 10 type User => 263_M006_01 ResponseOnPlatform 1
Rule_75	?a chosen_Answer_Code ?d ?d type User => ?a ResponseOnPlatform 1	198_M002_01 chosen_Answer_Code 9 | 9 type User => 198_M002_01 ResponseOnPlatform 1
Rule_75	?a chosen_Answer_Code ?d ?d type User => ?a ResponseOnPlatform 1	410_UM03 chosen_Answer_Code 3 | 3 type User => 410_UM03 ResponseOnPlatform 1
Rule_75	?a chosen_Answer_Code ?d ?d type User => ?a ResponseOnPlatform 1	424_UM21 chosen_Answer_Code 4 | 4 type User => 424_UM21 ResponseOnPlatform 1
Rule_75	?a chosen_Answer_Code ?d ?d type User => ?a ResponseOnPlatform 1	372_SU01_05 chosen_Answer_Code 5 | 5 type User => 372_SU01_05 ResponseOnPlatform 1
Rule_75	?a chosen_Answer_Code ?d ?d type User => ?a ResponseOnPlatform 1	37_M003_01 chosen_Answer_Code 8 | 8 type User => 37_M003_01 ResponseOnPlatform 1
Rule_75	?a chosen_Answer_Code ?d ?d type User => ?a ResponseOnPlatform 1	34_M004_01 chosen_Answer_Code 8 | 8 type User => 34_M004_01 ResponseOnPlatform 1
Rule_75	?a chosen_Answer_Code ?d ?d type User => ?a ResponseOnPlatform 1	24_M003_01 chosen_Answer_Code 9 | 9 type User => 24_M003_01 ResponseOnPlatform 1
Rule_75	?a chosen_Answer_Code ?d ?d type User => ?a ResponseOnPlatform 1	428_UM18 chosen_Answer_Code 1 | 1 type User => 428_UM18 ResponseOnPlatform 1
Rule_75	?a chosen_Answer_Code ?d ?d type User => ?a ResponseOnPlatform 1	453_UM12 chosen_Answer_Code 4 | 4 type User => 453_UM12 ResponseOnPlatform 1
Rule_75	?a chosen_Answer_Code ?d ?d type User => ?a ResponseOnPlatform 1	314_SU01_10 chosen_Answer_Code 4 | 4 type User => 314_SU01_10 ResponseOnPlatform 1
Rule_75	?a chosen_Answer_Code ?d ?d type User => ?a ResponseOnPlatform 1	446_UM02 chosen_Answer_Code 4 | 4 type User => 446_UM02 ResponseOnPlatform 1
Rule_75	?a chosen_Answer_Code ?d ?d type User => ?a ResponseOnPlatform 1	401_SU01_10 chosen_Answer_Code 5 | 5 type User => 401_SU01_10 ResponseOnPlatform 1
Rule_75	?a chosen_Answer_Code ?d ?d type User => ?a ResponseOnPlatform 1	147_M005 chosen_Answer_Code 1 | 1 type User => 147_M005 ResponseOnPlatform 1
Rule_75	?a chosen_Answer_Code ?d ?d type User => ?a ResponseOnPlatform 1	441_UM14 chosen_Answer_Code 4 | 4 type User => 441_UM14 ResponseOnPlatform 1
Rule_75	?a chosen_Answer_Code ?d ?d type User => ?a ResponseOnPlatform 1	446_UM11 chosen_Answer_Code 3 | 3 type User => 446_UM11 ResponseOnPlatform 1
Rule_75	?a chosen_Answer_Code ?d ?d type User => ?a ResponseOnPlatform 1	349_SU01_06 chosen_Answer_Code 4 | 4 type User => 349_SU01_06 ResponseOnPlatform 1
Rule_75	?a chosen_Answer_Code ?d ?d type User => ?a ResponseOnPlatform 1	471_UM21 chosen_Answer_Code 3 | 3 type User => 471_UM21 ResponseOnPlatform 1
Rule_75	?a chosen_Answer_Code ?d ?d type User => ?a ResponseOnPlatform 1	123_M003_01 chosen_Answer_Code 8 | 8 type User => 123_M003_01 ResponseOnPlatform 1
Rule_75	?a chosen_Answer_Code ?d ?d type User => ?a ResponseOnPlatform 1	310_SU01_09 chosen_Answer_Code 4 | 4 type User => 310_SU01_09 ResponseOnPlatform 1
Rule_75	?a chosen_Answer_Code ?d ?d type User => ?a ResponseOnPlatform 1	5_M004_01 chosen_Answer_Code 9 | 9 type User => 5_M004_01 ResponseOnPlatform 1
Rule_75	?a chosen_Answer_Code ?d ?d type User => ?a ResponseOnPlatform 1	472_UM24 chosen_Answer_Code 5 | 5 type User => 472_UM24 ResponseOnPlatform 1
Rule_75	?a chosen_Answer_Code ?d ?d type User => ?a ResponseOnPlatform 1	483_UM10 chosen_Answer_Code 5 | 5 type User => 483_UM10 ResponseOnPlatform 1
Rule_75	?a chosen_Answer_Code ?d ?d type User => ?a ResponseOnPlatform 1	73_M005 chosen_Answer_Code 3 | 3 type User => 73_M005 ResponseOnPlatform 1
Rule_75	?a chosen_Answer_Code ?d ?d type User => ?a ResponseOnPlatform 1	134_M010_01 chosen_Answer_Code 6 | 6 type User => 134_M010_01 ResponseOnPlatform 1
Rule_75	?a chosen_Answer_Code ?d ?d type User => ?a ResponseOnPlatform 1	206_M004_01 chosen_Answer_Code 8 | 8 type User => 206_M004_01 ResponseOnPlatform 1
Rule_75	?a chosen_Answer_Code ?d ?d type User => ?a ResponseOnPlatform 1	483_UM13 chosen_Answer_Code 5 | 5 type User => 483_UM13 ResponseOnPlatform 1
Rule_75	?a chosen_Answer_Code ?d ?d type User => ?a ResponseOnPlatform 1	326_SU01_07 chosen_Answer_Code 5 | 5 type User => 326_SU01_07 ResponseOnPlatform 1
Rule_75	?a chosen_Answer_Code ?d ?d type User => ?a ResponseOnPlatform 1	406_UM17 chosen_Answer_Code 3 | 3 type User => 406_UM17 ResponseOnPlatform 1
Rule_75	?a chosen_Answer_Code ?d ?d type User => ?a ResponseOnPlatform 1	388_SU01_02 chosen_Answer_Code 4 | 4 type User => 388_SU01_02 ResponseOnPlatform 1
Rule_75	?a chosen_Answer_Code ?d ?d type User => ?a ResponseOnPlatform 1	468_UM19 chosen_Answer_Code 3 | 3 type User => 468_UM19 ResponseOnPlatform 1
Rule_75	?a chosen_Answer_Code ?d ?d type User => ?a ResponseOnPlatform 1	275_M005 chosen_Answer_Code 1 | 1 type User => 275_M005 ResponseOnPlatform 1
Rule_75	?a chosen_Answer_Code ?d ?d type User => ?a ResponseOnPlatform 1	487_UM09 chosen_Answer_Code 4 | 4 type User => 487_UM09 ResponseOnPlatform 1
Rule_75	?a chosen_Answer_Code ?d ?d type User => ?a ResponseOnPlatform 1	300_M003_01 chosen_Answer_Code 9 | 9 type User => 300_M003_01 ResponseOnPlatform 1
Rule_75	?a chosen_Answer_Code ?d ?d type User => ?a ResponseOnPlatform 1	23_M003_01 chosen_Answer_Code 9 | 9 type User => 23_M003_01 ResponseOnPlatform 1
Rule_75	?a chosen_Answer_Code ?d ?d type User => ?a ResponseOnPlatform 1	161_M004_01 chosen_Answer_Code 10 | 10 type User => 161_M004_01 ResponseOnPlatform 1
Rule_75	?a chosen_Answer_Code ?d ?d type User => ?a ResponseOnPlatform 1	360_SU01_09 chosen_Answer_Code 5 | 5 type User => 360_SU01_09 ResponseOnPlatform 1
Rule_75	?a chosen_Answer_Code ?d ?d type User => ?a ResponseOnPlatform 1	186_M010_01 chosen_Answer_Code 9 | 9 type User => 186_M010_01 ResponseOnPlatform 1
Rule_75	?a chosen_Answer_Code ?d ?d type User => ?a ResponseOnPlatform 1	425_UM07 chosen_Answer_Code 4 | 4 type User => 425_UM07 ResponseOnPlatform 1
Rule_75	?a chosen_Answer_Code ?d ?d type User => ?a ResponseOnPlatform 1	427_UM25 chosen_Answer_Code 3 | 3 type User => 427_UM25 ResponseOnPlatform 1
Rule_75	?a chosen_Answer_Code ?d ?d type User => ?a ResponseOnPlatform 1	253_M003_01 chosen_Answer_Code 10 | 10 type User => 253_M003_01 ResponseOnPlatform 1
Rule_75	?a chosen_Answer_Code ?d ?d type User => ?a ResponseOnPlatform 1	195_M006_01 chosen_Answer_Code 8 | 8 type User => 195_M006_01 ResponseOnPlatform 1
Rule_75	?a chosen_Answer_Code ?d ?d type User => ?a ResponseOnPlatform 1	117_M003_01 chosen_Answer_Code 9 | 9 type User => 117_M003_01 ResponseOnPlatform 1
Rule_75	?a chosen_Answer_Code ?d ?d type User => ?a ResponseOnPlatform 1	471_UM01 chosen_Answer_Code 3 | 3 type User => 471_UM01 ResponseOnPlatform 1
Rule_75	?a chosen_Answer_Code ?d ?d type User => ?a ResponseOnPlatform 1	419_UM03 chosen_Answer_Code 3 | 3 type User => 419_UM03 ResponseOnPlatform 1
Rule_75	?a chosen_Answer_Code ?d ?d type User => ?a ResponseOnPlatform 1	9_M010_01 chosen_Answer_Code 10 | 10 type User => 9_M010_01 ResponseOnPlatform 1
Rule_75	?a chosen_Answer_Code ?d ?d type User => ?a ResponseOnPlatform 1	9_M002_01 chosen_Answer_Code 10 | 10 type User => 9_M002_01 ResponseOnPlatform 1
Rule_75	?a chosen_Answer_Code ?d ?d type User => ?a ResponseOnPlatform 1	240_M005 chosen_Answer_Code 2 | 2 type User => 240_M005 ResponseOnPlatform 1
Rule_75	?a chosen_Answer_Code ?d ?d type User => ?a ResponseOnPlatform 1	451_UM06 chosen_Answer_Code 3 | 3 type User => 451_UM06 ResponseOnPlatform 1
Rule_75	?a chosen_Answer_Code ?d ?d type User => ?a ResponseOnPlatform 1	430_UM03 chosen_Answer_Code 3 | 3 type User => 430_UM03 ResponseOnPlatform 1
Rule_75	?a chosen_Answer_Code ?d ?d type User => ?a ResponseOnPlatform 1	150_M003_01 chosen_Answer_Code 5 | 5 type User => 150_M003_01 ResponseOnPlatform 1
Rule_75	?a chosen_Answer_Code ?d ?d type User => ?a ResponseOnPlatform 1	476_UM14 chosen_Answer_Code 4 | 4 type User => 476_UM14 ResponseOnPlatform 1
Rule_75	?a chosen_Answer_Code ?d ?d type User => ?a ResponseOnPlatform 1	282_M004_01 chosen_Answer_Code 8 | 8 type User => 282_M004_01 ResponseOnPlatform 1
Rule_75	?a chosen_Answer_Code ?d ?d type User => ?a ResponseOnPlatform 1	445_UM22 chosen_Answer_Code 4 | 4 type User => 445_UM22 ResponseOnPlatform 1
Rule_75	?a chosen_Answer_Code ?d ?d type User => ?a ResponseOnPlatform 1	164_M010_01 chosen_Answer_Code 9 | 9 type User => 164_M010_01 ResponseOnPlatform 1
Rule_75	?a chosen_Answer_Code ?d ?d type User => ?a ResponseOnPlatform 1	60_M004_01 chosen_Answer_Code 10 | 10 type User => 60_M004_01 ResponseOnPlatform 1
Rule_75	?a chosen_Answer_Code ?d ?d type User => ?a ResponseOnPlatform 1	295_M006_01 chosen_Answer_Code 10 | 10 type User => 295_M006_01 ResponseOnPlatform 1
Rule_75	?a chosen_Answer_Code ?d ?d type User => ?a ResponseOnPlatform 1	445_UM17 chosen_Answer_Code 3 | 3 type User => 445_UM17 ResponseOnPlatform 1
Rule_75	?a chosen_Answer_Code ?d ?d type User => ?a ResponseOnPlatform 1	276_M005 chosen_Answer_Code 1 | 1 type User => 276_M005 ResponseOnPlatform 1
Rule_75	?a chosen_Answer_Code ?d ?d type User => ?a ResponseOnPlatform 1	94_M005 chosen_Answer_Code 2 | 2 type User => 94_M005 ResponseOnPlatform 1
Rule_75	?a chosen_Answer_Code ?d ?d type User => ?a ResponseOnPlatform 1	403_SU01_09 chosen_Answer_Code 2 | 2 type User => 403_SU01_09 ResponseOnPlatform 1
Rule_75	?a chosen_Answer_Code ?d ?d type User => ?a ResponseOnPlatform 1	425_UM23 chosen_Answer_Code 5 | 5 type User => 425_UM23 ResponseOnPlatform 1
Rule_75	?a chosen_Answer_Code ?d ?d type User => ?a ResponseOnPlatform 1	315_SU01_01 chosen_Answer_Code 3 | 3 type User => 315_SU01_01 ResponseOnPlatform 1
Rule_75	?a chosen_Answer_Code ?d ?d type User => ?a ResponseOnPlatform 1	450_UM19 chosen_Answer_Code 4 | 4 type User => 450_UM19 ResponseOnPlatform 1
Rule_75	?a chosen_Answer_Code ?d ?d type User => ?a ResponseOnPlatform 1	487_UM25 chosen_Answer_Code 5 | 5 type User => 487_UM25 ResponseOnPlatform 1
Rule_75	?a chosen_Answer_Code ?d ?d type User => ?a ResponseOnPlatform 1	418_UM24 chosen_Answer_Code 4 | 4 type User => 418_UM24 ResponseOnPlatform 1
Rule_75	?a chosen_Answer_Code ?d ?d type User => ?a ResponseOnPlatform 1	432_UM12 chosen_Answer_Code 4 | 4 type User => 432_UM12 ResponseOnPlatform 1
Rule_75	?a chosen_Answer_Code ?d ?d type User => ?a ResponseOnPlatform 1	59_M005 chosen_Answer_Code 1 | 1 type User => 59_M005 ResponseOnPlatform 1
Rule_75	?a chosen_Answer_Code ?d ?d type User => ?a ResponseOnPlatform 1	86_M006_01 chosen_Answer_Code 8 | 8 type User => 86_M006_01 ResponseOnPlatform 1
Rule_75	?a chosen_Answer_Code ?d ?d type User => ?a ResponseOnPlatform 1	389_SU01_07 chosen_Answer_Code 5 | 5 type User => 389_SU01_07 ResponseOnPlatform 1
Rule_75	?a chosen_Answer_Code ?d ?d type User => ?a ResponseOnPlatform 1	47_M010_01 chosen_Answer_Code 6 | 6 type User => 47_M010_01 ResponseOnPlatform 1
Rule_75	?a chosen_Answer_Code ?d ?d type User => ?a ResponseOnPlatform 1	386_SU01_03 chosen_Answer_Code 3 | 3 type User => 386_SU01_03 ResponseOnPlatform 1
Rule_75	?a chosen_Answer_Code ?d ?d type User => ?a ResponseOnPlatform 1	459_UM12 chosen_Answer_Code 4 | 4 type User => 459_UM12 ResponseOnPlatform 1
Rule_75	?a chosen_Answer_Code ?d ?d type User => ?a ResponseOnPlatform 1	407_UM13 chosen_Answer_Code 5 | 5 type User => 407_UM13 ResponseOnPlatform 1
Rule_75	?a chosen_Answer_Code ?d ?d type User => ?a ResponseOnPlatform 1	103_M010_01 chosen_Answer_Code 9 | 9 type User => 103_M010_01 ResponseOnPlatform 1
Rule_75	?a chosen_Answer_Code ?d ?d type User => ?a ResponseOnPlatform 1	426_UM01 chosen_Answer_Code 3 | 3 type User => 426_UM01 ResponseOnPlatform 1
Rule_75	?a chosen_Answer_Code ?d ?d type User => ?a ResponseOnPlatform 1	415_UM18 chosen_Answer_Code 3 | 3 type User => 415_UM18 ResponseOnPlatform 1
Rule_75	?a chosen_Answer_Code ?d ?d type User => ?a ResponseOnPlatform 1	478_UM15 chosen_Answer_Code 4 | 4 type User => 478_UM15 ResponseOnPlatform 1
Rule_75	?a chosen_Answer_Code ?d ?d type User => ?a ResponseOnPlatform 1	444_UM22 chosen_Answer_Code 5 | 5 type User => 444_UM22 ResponseOnPlatform 1
Rule_75	?a chosen_Answer_Code ?d ?d type User => ?a ResponseOnPlatform 1	450_UM01 chosen_Answer_Code 3 | 3 type User => 450_UM01 ResponseOnPlatform 1
Rule_75	?a chosen_Answer_Code ?d ?d type User => ?a ResponseOnPlatform 1	112_M010_01 chosen_Answer_Code 7 | 7 type User => 112_M010_01 ResponseOnPlatform 1
Rule_75	?a chosen_Answer_Code ?d ?d type User => ?a ResponseOnPlatform 1	411_UM17 chosen_Answer_Code 3 | 3 type User => 411_UM17 ResponseOnPlatform 1
Rule_75	?a chosen_Answer_Code ?d ?d type User => ?a ResponseOnPlatform 1	92_M006_01 chosen_Answer_Code 6 | 6 type User => 92_M006_01 ResponseOnPlatform 1
Rule_75	?a chosen_Answer_Code ?d ?d type User => ?a ResponseOnPlatform 1	105_M006_01 chosen_Answer_Code 7 | 7 type User => 105_M006_01 ResponseOnPlatform 1
Rule_75	?a chosen_Answer_Code ?d ?d type User => ?a ResponseOnPlatform 1	487_UM06 chosen_Answer_Code 5 | 5 type User => 487_UM06 ResponseOnPlatform 1
Rule_75	?a chosen_Answer_Code ?d ?d type User => ?a ResponseOnPlatform 1	453_UM02 chosen_Answer_Code 5 | 5 type User => 453_UM02 ResponseOnPlatform 1
Rule_75	?a chosen_Answer_Code ?d ?d type User => ?a ResponseOnPlatform 1	445_UM19 chosen_Answer_Code 4 | 4 type User => 445_UM19 ResponseOnPlatform 1
Rule_75	?a chosen_Answer_Code ?d ?d type User => ?a ResponseOnPlatform 1	233_M006_01 chosen_Answer_Code 10 | 10 type User => 233_M006_01 ResponseOnPlatform 1
Rule_75	?a chosen_Answer_Code ?d ?d type User => ?a ResponseOnPlatform 1	117_M002_01 chosen_Answer_Code 9 | 9 type User => 117_M002_01 ResponseOnPlatform 1
Rule_75	?a chosen_Answer_Code ?d ?d type User => ?a ResponseOnPlatform 1	419_UM07 chosen_Answer_Code 5 | 5 type User => 419_UM07 ResponseOnPlatform 1
Rule_75	?a chosen_Answer_Code ?d ?d type User => ?a ResponseOnPlatform 1	440_UM21 chosen_Answer_Code 5 | 5 type User => 440_UM21 ResponseOnPlatform 1
Rule_75	?a chosen_Answer_Code ?d ?d type User => ?a ResponseOnPlatform 1	41_M002_01 chosen_Answer_Code 8 | 8 type User => 41_M002_01 ResponseOnPlatform 1
Rule_75	?a chosen_Answer_Code ?d ?d type User => ?a ResponseOnPlatform 1	393_SU01_10 chosen_Answer_Code 5 | 5 type User => 393_SU01_10 ResponseOnPlatform 1
Rule_75	?a chosen_Answer_Code ?d ?d type User => ?a ResponseOnPlatform 1	277_M010_01 chosen_Answer_Code 8 | 8 type User => 277_M010_01 ResponseOnPlatform 1
Rule_75	?a chosen_Answer_Code ?d ?d type User => ?a ResponseOnPlatform 1	465_UM09 chosen_Answer_Code 4 | 4 type User => 465_UM09 ResponseOnPlatform 1
Rule_75	?a chosen_Answer_Code ?d ?d type User => ?a ResponseOnPlatform 1	489_UM25 chosen_Answer_Code 3 | 3 type User => 489_UM25 ResponseOnPlatform 1
Rule_75	?a chosen_Answer_Code ?d ?d type User => ?a ResponseOnPlatform 1	238_M006_01 chosen_Answer_Code 9 | 9 type User => 238_M006_01 ResponseOnPlatform 1
Rule_75	?a chosen_Answer_Code ?d ?d type User => ?a ResponseOnPlatform 1	346_SU01_01 chosen_Answer_Code 3 | 3 type User => 346_SU01_01 ResponseOnPlatform 1
Rule_75	?a chosen_Answer_Code ?d ?d type User => ?a ResponseOnPlatform 1	262_M006_01 chosen_Answer_Code 8 | 8 type User => 262_M006_01 ResponseOnPlatform 1
Rule_75	?a chosen_Answer_Code ?d ?d type User => ?a ResponseOnPlatform 1	152_M002_01 chosen_Answer_Code 8 | 8 type User => 152_M002_01 ResponseOnPlatform 1
Rule_75	?a chosen_Answer_Code ?d ?d type User => ?a ResponseOnPlatform 1	230_M004_01 chosen_Answer_Code 8 | 8 type User => 230_M004_01 ResponseOnPlatform 1
Rule_75	?a chosen_Answer_Code ?d ?d type User => ?a ResponseOnPlatform 1	189_M006_01 chosen_Answer_Code 8 | 8 type User => 189_M006_01 ResponseOnPlatform 1
Rule_75	?a chosen_Answer_Code ?d ?d type User => ?a ResponseOnPlatform 1	389_SU01_01 chosen_Answer_Code 3 | 3 type User => 389_SU01_01 ResponseOnPlatform 1
Rule_75	?a chosen_Answer_Code ?d ?d type User => ?a ResponseOnPlatform 1	340_SU01_08 chosen_Answer_Code 5 | 5 type User => 340_SU01_08 ResponseOnPlatform 1
Rule_75	?a chosen_Answer_Code ?d ?d type User => ?a ResponseOnPlatform 1	285_M002_01 chosen_Answer_Code 8 | 8 type User => 285_M002_01 ResponseOnPlatform 1
Rule_75	?a chosen_Answer_Code ?d ?d type User => ?a ResponseOnPlatform 1	455_UM02 chosen_Answer_Code 5 | 5 type User => 455_UM02 ResponseOnPlatform 1
Rule_75	?a chosen_Answer_Code ?d ?d type User => ?a ResponseOnPlatform 1	73_M006_01 chosen_Answer_Code 9 | 9 type User => 73_M006_01 ResponseOnPlatform 1
Rule_75	?a chosen_Answer_Code ?d ?d type User => ?a ResponseOnPlatform 1	366_SU01_02 chosen_Answer_Code 3 | 3 type User => 366_SU01_02 ResponseOnPlatform 1
Rule_75	?a chosen_Answer_Code ?d ?d type User => ?a ResponseOnPlatform 1	445_UM24 chosen_Answer_Code 4 | 4 type User => 445_UM24 ResponseOnPlatform 1
Rule_75	?a chosen_Answer_Code ?d ?d type User => ?a ResponseOnPlatform 1	455_UM13 chosen_Answer_Code 5 | 5 type User => 455_UM13 ResponseOnPlatform 1
Rule_75	?a chosen_Answer_Code ?d ?d type User => ?a ResponseOnPlatform 1	256_M003_01 chosen_Answer_Code 8 | 8 type User => 256_M003_01 ResponseOnPlatform 1
Rule_75	?a chosen_Answer_Code ?d ?d type User => ?a ResponseOnPlatform 1	338_SU01_06 chosen_Answer_Code 2 | 2 type User => 338_SU01_06 ResponseOnPlatform 1
Rule_75	?a chosen_Answer_Code ?d ?d type User => ?a ResponseOnPlatform 1	438_UM11 chosen_Answer_Code 5 | 5 type User => 438_UM11 ResponseOnPlatform 1
Rule_75	?a chosen_Answer_Code ?d ?d type User => ?a ResponseOnPlatform 1	392_SU01_06 chosen_Answer_Code 5 | 5 type User => 392_SU01_06 ResponseOnPlatform 1
Rule_75	?a chosen_Answer_Code ?d ?d type User => ?a ResponseOnPlatform 1	311_SU01_09 chosen_Answer_Code 5 | 5 type User => 311_SU01_09 ResponseOnPlatform 1
Rule_75	?a chosen_Answer_Code ?d ?d type User => ?a ResponseOnPlatform 1	231_M002_01 chosen_Answer_Code 9 | 9 type User => 231_M002_01 ResponseOnPlatform 1
Rule_75	?a chosen_Answer_Code ?d ?d type User => ?a ResponseOnPlatform 1	481_UM13 chosen_Answer_Code 4 | 4 type User => 481_UM13 ResponseOnPlatform 1
Rule_75	?a chosen_Answer_Code ?d ?d type User => ?a ResponseOnPlatform 1	313_SU01_06 chosen_Answer_Code 4 | 4 type User => 313_SU01_06 ResponseOnPlatform 1
Rule_75	?a chosen_Answer_Code ?d ?d type User => ?a ResponseOnPlatform 1	9_M004_01 chosen_Answer_Code 10 | 10 type User => 9_M004_01 ResponseOnPlatform 1
Rule_75	?a chosen_Answer_Code ?d ?d type User => ?a ResponseOnPlatform 1	321_SU01_07 chosen_Answer_Code 5 | 5 type User => 321_SU01_07 ResponseOnPlatform 1
Rule_75	?a chosen_Answer_Code ?d ?d type User => ?a ResponseOnPlatform 1	391_SU01_09 chosen_Answer_Code 5 | 5 type User => 391_SU01_09 ResponseOnPlatform 1
Rule_75	?a chosen_Answer_Code ?d ?d type User => ?a ResponseOnPlatform 1	35_M003_01 chosen_Answer_Code 10 | 10 type User => 35_M003_01 ResponseOnPlatform 1
Rule_75	?a chosen_Answer_Code ?d ?d type User => ?a ResponseOnPlatform 1	457_UM19 chosen_Answer_Code 4 | 4 type User => 457_UM19 ResponseOnPlatform 1
Rule_75	?a chosen_Answer_Code ?d ?d type User => ?a ResponseOnPlatform 1	233_M003_01 chosen_Answer_Code 10 | 10 type User => 233_M003_01 ResponseOnPlatform 1
Rule_75	?a chosen_Answer_Code ?d ?d type User => ?a ResponseOnPlatform 1	431_UM22 chosen_Answer_Code 4 | 4 type User => 431_UM22 ResponseOnPlatform 1
Rule_75	?a chosen_Answer_Code ?d ?d type User => ?a ResponseOnPlatform 1	50_M003_01 chosen_Answer_Code 9 | 9 type User => 50_M003_01 ResponseOnPlatform 1
Rule_75	?a chosen_Answer_Code ?d ?d type User => ?a ResponseOnPlatform 1	439_UM21 chosen_Answer_Code 5 | 5 type User => 439_UM21 ResponseOnPlatform 1
Rule_75	?a chosen_Answer_Code ?d ?d type User => ?a ResponseOnPlatform 1	360_SU01_07 chosen_Answer_Code 5 | 5 type User => 360_SU01_07 ResponseOnPlatform 1
Rule_75	?a chosen_Answer_Code ?d ?d type User => ?a ResponseOnPlatform 1	438_UM19 chosen_Answer_Code 4 | 4 type User => 438_UM19 ResponseOnPlatform 1
Rule_75	?a chosen_Answer_Code ?d ?d type User => ?a ResponseOnPlatform 1	344_SU01_09 chosen_Answer_Code 5 | 5 type User => 344_SU01_09 ResponseOnPlatform 1
Rule_75	?a chosen_Answer_Code ?d ?d type User => ?a ResponseOnPlatform 1	486_UM23 chosen_Answer_Code 4 | 4 type User => 486_UM23 ResponseOnPlatform 1
Rule_75	?a chosen_Answer_Code ?d ?d type User => ?a ResponseOnPlatform 1	235_M003_01 chosen_Answer_Code 8 | 8 type User => 235_M003_01 ResponseOnPlatform 1
Rule_75	?a chosen_Answer_Code ?d ?d type User => ?a ResponseOnPlatform 1	467_UM10 chosen_Answer_Code 4 | 4 type User => 467_UM10 ResponseOnPlatform 1
Rule_75	?a chosen_Answer_Code ?d ?d type User => ?a ResponseOnPlatform 1	254_M004_01 chosen_Answer_Code 10 | 10 type User => 254_M004_01 ResponseOnPlatform 1
Rule_75	?a chosen_Answer_Code ?d ?d type User => ?a ResponseOnPlatform 1	444_UM13 chosen_Answer_Code 5 | 5 type User => 444_UM13 ResponseOnPlatform 1
Rule_75	?a chosen_Answer_Code ?d ?d type User => ?a ResponseOnPlatform 1	437_UM08 chosen_Answer_Code 5 | 5 type User => 437_UM08 ResponseOnPlatform 1
Rule_75	?a chosen_Answer_Code ?d ?d type User => ?a ResponseOnPlatform 1	445_UM20 chosen_Answer_Code 5 | 5 type User => 445_UM20 ResponseOnPlatform 1
Rule_75	?a chosen_Answer_Code ?d ?d type User => ?a ResponseOnPlatform 1	458_UM03 chosen_Answer_Code 1 | 1 type User => 458_UM03 ResponseOnPlatform 1
Rule_75	?a chosen_Answer_Code ?d ?d type User => ?a ResponseOnPlatform 1	240_M004_01 chosen_Answer_Code 6 | 6 type User => 240_M004_01 ResponseOnPlatform 1
Rule_75	?a chosen_Answer_Code ?d ?d type User => ?a ResponseOnPlatform 1	437_UM01 chosen_Answer_Code 3 | 3 type User => 437_UM01 ResponseOnPlatform 1
Rule_75	?a chosen_Answer_Code ?d ?d type User => ?a ResponseOnPlatform 1	359_SU01_05 chosen_Answer_Code 4 | 4 type User => 359_SU01_05 ResponseOnPlatform 1
Rule_75	?a chosen_Answer_Code ?d ?d type User => ?a ResponseOnPlatform 1	289_M010_01 chosen_Answer_Code 10 | 10 type User => 289_M010_01 ResponseOnPlatform 1
Rule_75	?a chosen_Answer_Code ?d ?d type User => ?a ResponseOnPlatform 1	406_UM24 chosen_Answer_Code 3 | 3 type User => 406_UM24 ResponseOnPlatform 1
Rule_75	?a chosen_Answer_Code ?d ?d type User => ?a ResponseOnPlatform 1	434_UM10 chosen_Answer_Code 1 | 1 type User => 434_UM10 ResponseOnPlatform 1
Rule_75	?a chosen_Answer_Code ?d ?d type User => ?a ResponseOnPlatform 1	410_UM12 chosen_Answer_Code 4 | 4 type User => 410_UM12 ResponseOnPlatform 1
Rule_75	?a chosen_Answer_Code ?d ?d type User => ?a ResponseOnPlatform 1	395_SU01_01 chosen_Answer_Code 4 | 4 type User => 395_SU01_01 ResponseOnPlatform 1
Rule_75	?a chosen_Answer_Code ?d ?d type User => ?a ResponseOnPlatform 1	390_SU01_06 chosen_Answer_Code 1 | 1 type User => 390_SU01_06 ResponseOnPlatform 1
Rule_75	?a chosen_Answer_Code ?d ?d type User => ?a ResponseOnPlatform 1	49_M004_01 chosen_Answer_Code 8 | 8 type User => 49_M004_01 ResponseOnPlatform 1
Rule_75	?a chosen_Answer_Code ?d ?d type User => ?a ResponseOnPlatform 1	110_M004_01 chosen_Answer_Code 8 | 8 type User => 110_M004_01 ResponseOnPlatform 1
Rule_75	?a chosen_Answer_Code ?d ?d type User => ?a ResponseOnPlatform 1	118_M006_01 chosen_Answer_Code 8 | 8 type User => 118_M006_01 ResponseOnPlatform 1
Rule_75	?a chosen_Answer_Code ?d ?d type User => ?a ResponseOnPlatform 1	21_M004_01 chosen_Answer_Code 8 | 8 type User => 21_M004_01 ResponseOnPlatform 1
Rule_75	?a chosen_Answer_Code ?d ?d type User => ?a ResponseOnPlatform 1	428_UM09 chosen_Answer_Code 3 | 3 type User => 428_UM09 ResponseOnPlatform 1
Rule_75	?a chosen_Answer_Code ?d ?d type User => ?a ResponseOnPlatform 1	211_M010_01 chosen_Answer_Code 8 | 8 type User => 211_M010_01 ResponseOnPlatform 1
Rule_75	?a chosen_Answer_Code ?d ?d type User => ?a ResponseOnPlatform 1	400_SU01_06 chosen_Answer_Code 4 | 4 type User => 400_SU01_06 ResponseOnPlatform 1
Rule_75	?a chosen_Answer_Code ?d ?d type User => ?a ResponseOnPlatform 1	467_UM11 chosen_Answer_Code 3 | 3 type User => 467_UM11 ResponseOnPlatform 1
Rule_75	?a chosen_Answer_Code ?d ?d type User => ?a ResponseOnPlatform 1	87_M004_01 chosen_Answer_Code 9 | 9 type User => 87_M004_01 ResponseOnPlatform 1
Rule_75	?a chosen_Answer_Code ?d ?d type User => ?a ResponseOnPlatform 1	372_SU01_08 chosen_Answer_Code 5 | 5 type User => 372_SU01_08 ResponseOnPlatform 1
Rule_75	?a chosen_Answer_Code ?d ?d type User => ?a ResponseOnPlatform 1	426_UM23 chosen_Answer_Code 3 | 3 type User => 426_UM23 ResponseOnPlatform 1
Rule_75	?a chosen_Answer_Code ?d ?d type User => ?a ResponseOnPlatform 1	318_SU01_02 chosen_Answer_Code 3 | 3 type User => 318_SU01_02 ResponseOnPlatform 1
Rule_75	?a chosen_Answer_Code ?d ?d type User => ?a ResponseOnPlatform 1	371_SU01_05 chosen_Answer_Code 4 | 4 type User => 371_SU01_05 ResponseOnPlatform 1
Rule_75	?a chosen_Answer_Code ?d ?d type User => ?a ResponseOnPlatform 1	458_UM17 chosen_Answer_Code 3 | 3 type User => 458_UM17 ResponseOnPlatform 1
Rule_75	?a chosen_Answer_Code ?d ?d type User => ?a ResponseOnPlatform 1	381_SU01_03 chosen_Answer_Code 4 | 4 type User => 381_SU01_03 ResponseOnPlatform 1
Rule_75	?a chosen_Answer_Code ?d ?d type User => ?a ResponseOnPlatform 1	473_UM07 chosen_Answer_Code 2 | 2 type User => 473_UM07 ResponseOnPlatform 1
Rule_75	?a chosen_Answer_Code ?d ?d type User => ?a ResponseOnPlatform 1	340_SU01_10 chosen_Answer_Code 5 | 5 type User => 340_SU01_10 ResponseOnPlatform 1
Rule_75	?a chosen_Answer_Code ?d ?d type User => ?a ResponseOnPlatform 1	409_UM06 chosen_Answer_Code 5 | 5 type User => 409_UM06 ResponseOnPlatform 1
Rule_75	?a chosen_Answer_Code ?d ?d type User => ?a ResponseOnPlatform 1	369_SU01_02 chosen_Answer_Code 5 | 5 type User => 369_SU01_02 ResponseOnPlatform 1
Rule_75	?a chosen_Answer_Code ?d ?d type User => ?a ResponseOnPlatform 1	487_UM17 chosen_Answer_Code 3 | 3 type User => 487_UM17 ResponseOnPlatform 1
Rule_75	?a chosen_Answer_Code ?d ?d type User => ?a ResponseOnPlatform 1	371_SU01_02 chosen_Answer_Code 4 | 4 type User => 371_SU01_02 ResponseOnPlatform 1
Rule_75	?a chosen_Answer_Code ?d ?d type User => ?a ResponseOnPlatform 1	330_SU01_04 chosen_Answer_Code 5 | 5 type User => 330_SU01_04 ResponseOnPlatform 1
Rule_75	?a chosen_Answer_Code ?d ?d type User => ?a ResponseOnPlatform 1	471_UM16 chosen_Answer_Code 4 | 4 type User => 471_UM16 ResponseOnPlatform 1
Rule_75	?a chosen_Answer_Code ?d ?d type User => ?a ResponseOnPlatform 1	488_UM22 chosen_Answer_Code 5 | 5 type User => 488_UM22 ResponseOnPlatform 1
Rule_75	?a chosen_Answer_Code ?d ?d type User => ?a ResponseOnPlatform 1	220_M006_01 chosen_Answer_Code 9 | 9 type User => 220_M006_01 ResponseOnPlatform 1
Rule_75	?a chosen_Answer_Code ?d ?d type User => ?a ResponseOnPlatform 1	132_M010_01 chosen_Answer_Code 8 | 8 type User => 132_M010_01 ResponseOnPlatform 1
Rule_75	?a chosen_Answer_Code ?d ?d type User => ?a ResponseOnPlatform 1	129_M003_01 chosen_Answer_Code 10 | 10 type User => 129_M003_01 ResponseOnPlatform 1
Rule_75	?a chosen_Answer_Code ?d ?d type User => ?a ResponseOnPlatform 1	437_UM15 chosen_Answer_Code 5 | 5 type User => 437_UM15 ResponseOnPlatform 1
Rule_75	?a chosen_Answer_Code ?d ?d type User => ?a ResponseOnPlatform 1	170_M010_01 chosen_Answer_Code 5 | 5 type User => 170_M010_01 ResponseOnPlatform 1
Rule_75	?a chosen_Answer_Code ?d ?d type User => ?a ResponseOnPlatform 1	478_UM21 chosen_Answer_Code 4 | 4 type User => 478_UM21 ResponseOnPlatform 1
Rule_75	?a chosen_Answer_Code ?d ?d type User => ?a ResponseOnPlatform 1	481_UM03 chosen_Answer_Code 3 | 3 type User => 481_UM03 ResponseOnPlatform 1
Rule_75	?a chosen_Answer_Code ?d ?d type User => ?a ResponseOnPlatform 1	317_SU01_07 chosen_Answer_Code 2 | 2 type User => 317_SU01_07 ResponseOnPlatform 1
Rule_75	?a chosen_Answer_Code ?d ?d type User => ?a ResponseOnPlatform 1	6_M005 chosen_Answer_Code 1 | 1 type User => 6_M005 ResponseOnPlatform 1
Rule_75	?a chosen_Answer_Code ?d ?d type User => ?a ResponseOnPlatform 1	447_UM06 chosen_Answer_Code 4 | 4 type User => 447_UM06 ResponseOnPlatform 1
Rule_75	?a chosen_Answer_Code ?d ?d type User => ?a ResponseOnPlatform 1	201_M002_01 chosen_Answer_Code 6 | 6 type User => 201_M002_01 ResponseOnPlatform 1
Rule_75	?a chosen_Answer_Code ?d ?d type User => ?a ResponseOnPlatform 1	104_M004_01 chosen_Answer_Code 7 | 7 type User => 104_M004_01 ResponseOnPlatform 1
Rule_75	?a chosen_Answer_Code ?d ?d type User => ?a ResponseOnPlatform 1	431_UM24 chosen_Answer_Code 4 | 4 type User => 431_UM24 ResponseOnPlatform 1
Rule_75	?a chosen_Answer_Code ?d ?d type User => ?a ResponseOnPlatform 1	42_M006_01 chosen_Answer_Code 8 | 8 type User => 42_M006_01 ResponseOnPlatform 1
Rule_75	?a chosen_Answer_Code ?d ?d type User => ?a ResponseOnPlatform 1	109_M003_01 chosen_Answer_Code 10 | 10 type User => 109_M003_01 ResponseOnPlatform 1
Rule_75	?a chosen_Answer_Code ?d ?d type User => ?a ResponseOnPlatform 1	230_M003_01 chosen_Answer_Code 6 | 6 type User => 230_M003_01 ResponseOnPlatform 1
Rule_75	?a chosen_Answer_Code ?d ?d type User => ?a ResponseOnPlatform 1	472_UM11 chosen_Answer_Code 4 | 4 type User => 472_UM11 ResponseOnPlatform 1
Rule_75	?a chosen_Answer_Code ?d ?d type User => ?a ResponseOnPlatform 1	464_UM14 chosen_Answer_Code 5 | 5 type User => 464_UM14 ResponseOnPlatform 1
Rule_75	?a chosen_Answer_Code ?d ?d type User => ?a ResponseOnPlatform 1	429_UM20 chosen_Answer_Code 2 | 2 type User => 429_UM20 ResponseOnPlatform 1
Rule_75	?a chosen_Answer_Code ?d ?d type User => ?a ResponseOnPlatform 1	32_M004_01 chosen_Answer_Code 10 | 10 type User => 32_M004_01 ResponseOnPlatform 1
Rule_75	?a chosen_Answer_Code ?d ?d type User => ?a ResponseOnPlatform 1	484_UM23 chosen_Answer_Code 4 | 4 type User => 484_UM23 ResponseOnPlatform 1
Rule_75	?a chosen_Answer_Code ?d ?d type User => ?a ResponseOnPlatform 1	473_UM21 chosen_Answer_Code 3 | 3 type User => 473_UM21 ResponseOnPlatform 1
Rule_75	?a chosen_Answer_Code ?d ?d type User => ?a ResponseOnPlatform 1	412_UM23 chosen_Answer_Code 5 | 5 type User => 412_UM23 ResponseOnPlatform 1
Rule_75	?a chosen_Answer_Code ?d ?d type User => ?a ResponseOnPlatform 1	268_M003_01 chosen_Answer_Code 6 | 6 type User => 268_M003_01 ResponseOnPlatform 1
Rule_75	?a chosen_Answer_Code ?d ?d type User => ?a ResponseOnPlatform 1	78_M003_01 chosen_Answer_Code 10 | 10 type User => 78_M003_01 ResponseOnPlatform 1
Rule_75	?a chosen_Answer_Code ?d ?d type User => ?a ResponseOnPlatform 1	335_SU01_02 chosen_Answer_Code 4 | 4 type User => 335_SU01_02 ResponseOnPlatform 1
Rule_75	?a chosen_Answer_Code ?d ?d type User => ?a ResponseOnPlatform 1	407_UM16 chosen_Answer_Code 5 | 5 type User => 407_UM16 ResponseOnPlatform 1
Rule_75	?a chosen_Answer_Code ?d ?d type User => ?a ResponseOnPlatform 1	427_UM19 chosen_Answer_Code 4 | 4 type User => 427_UM19 ResponseOnPlatform 1
Rule_75	?a chosen_Answer_Code ?d ?d type User => ?a ResponseOnPlatform 1	242_M005 chosen_Answer_Code 1 | 1 type User => 242_M005 ResponseOnPlatform 1
Rule_75	?a chosen_Answer_Code ?d ?d type User => ?a ResponseOnPlatform 1	59_M004_01 chosen_Answer_Code 10 | 10 type User => 59_M004_01 ResponseOnPlatform 1
Rule_75	?a chosen_Answer_Code ?d ?d type User => ?a ResponseOnPlatform 1	356_SU01_06 chosen_Answer_Code 4 | 4 type User => 356_SU01_06 ResponseOnPlatform 1
Rule_75	?a chosen_Answer_Code ?d ?d type User => ?a ResponseOnPlatform 1	338_SU01_07 chosen_Answer_Code 3 | 3 type User => 338_SU01_07 ResponseOnPlatform 1
Rule_75	?a chosen_Answer_Code ?d ?d type User => ?a ResponseOnPlatform 1	485_UM08 chosen_Answer_Code 4 | 4 type User => 485_UM08 ResponseOnPlatform 1
Rule_75	?a chosen_Answer_Code ?d ?d type User => ?a ResponseOnPlatform 1	437_UM24 chosen_Answer_Code 4 | 4 type User => 437_UM24 ResponseOnPlatform 1
Rule_75	?a chosen_Answer_Code ?d ?d type User => ?a ResponseOnPlatform 1	468_UM22 chosen_Answer_Code 3 | 3 type User => 468_UM22 ResponseOnPlatform 1
Rule_75	?a chosen_Answer_Code ?d ?d type User => ?a ResponseOnPlatform 1	408_UM14 chosen_Answer_Code 5 | 5 type User => 408_UM14 ResponseOnPlatform 1
Rule_75	?a chosen_Answer_Code ?d ?d type User => ?a ResponseOnPlatform 1	69_M006_01 chosen_Answer_Code 9 | 9 type User => 69_M006_01 ResponseOnPlatform 1
Rule_75	?a chosen_Answer_Code ?d ?d type User => ?a ResponseOnPlatform 1	281_M003_01 chosen_Answer_Code 8 | 8 type User => 281_M003_01 ResponseOnPlatform 1
Rule_75	?a chosen_Answer_Code ?d ?d type User => ?a ResponseOnPlatform 1	63_M010_01 chosen_Answer_Code 3 | 3 type User => 63_M010_01 ResponseOnPlatform 1
Rule_75	?a chosen_Answer_Code ?d ?d type User => ?a ResponseOnPlatform 1	363_SU01_02 chosen_Answer_Code 5 | 5 type User => 363_SU01_02 ResponseOnPlatform 1
Rule_75	?a chosen_Answer_Code ?d ?d type User => ?a ResponseOnPlatform 1	184_M010_01 chosen_Answer_Code 9 | 9 type User => 184_M010_01 ResponseOnPlatform 1
Rule_75	?a chosen_Answer_Code ?d ?d type User => ?a ResponseOnPlatform 1	317_SU01_01 chosen_Answer_Code 3 | 3 type User => 317_SU01_01 ResponseOnPlatform 1
Rule_75	?a chosen_Answer_Code ?d ?d type User => ?a ResponseOnPlatform 1	401_SU01_07 chosen_Answer_Code 5 | 5 type User => 401_SU01_07 ResponseOnPlatform 1
Rule_75	?a chosen_Answer_Code ?d ?d type User => ?a ResponseOnPlatform 1	344_SU01_08 chosen_Answer_Code 5 | 5 type User => 344_SU01_08 ResponseOnPlatform 1
Rule_75	?a chosen_Answer_Code ?d ?d type User => ?a ResponseOnPlatform 1	41_M005 chosen_Answer_Code 1 | 1 type User => 41_M005 ResponseOnPlatform 1
Rule_75	?a chosen_Answer_Code ?d ?d type User => ?a ResponseOnPlatform 1	443_UM19 chosen_Answer_Code 4 | 4 type User => 443_UM19 ResponseOnPlatform 1
Rule_75	?a chosen_Answer_Code ?d ?d type User => ?a ResponseOnPlatform 1	450_UM06 chosen_Answer_Code 5 | 5 type User => 450_UM06 ResponseOnPlatform 1
Rule_75	?a chosen_Answer_Code ?d ?d type User => ?a ResponseOnPlatform 1	387_SU01_06 chosen_Answer_Code 3 | 3 type User => 387_SU01_06 ResponseOnPlatform 1
Rule_75	?a chosen_Answer_Code ?d ?d type User => ?a ResponseOnPlatform 1	428_UM17 chosen_Answer_Code 2 | 2 type User => 428_UM17 ResponseOnPlatform 1
Rule_75	?a chosen_Answer_Code ?d ?d type User => ?a ResponseOnPlatform 1	434_UM06 chosen_Answer_Code 1 | 1 type User => 434_UM06 ResponseOnPlatform 1
Rule_75	?a chosen_Answer_Code ?d ?d type User => ?a ResponseOnPlatform 1	387_SU01_07 chosen_Answer_Code 4 | 4 type User => 387_SU01_07 ResponseOnPlatform 1
Rule_75	?a chosen_Answer_Code ?d ?d type User => ?a ResponseOnPlatform 1	402_SU01_03 chosen_Answer_Code 4 | 4 type User => 402_SU01_03 ResponseOnPlatform 1
Rule_75	?a chosen_Answer_Code ?d ?d type User => ?a ResponseOnPlatform 1	464_UM21 chosen_Answer_Code 5 | 5 type User => 464_UM21 ResponseOnPlatform 1
Rule_75	?a chosen_Answer_Code ?d ?d type User => ?a ResponseOnPlatform 1	433_UM11 chosen_Answer_Code 3 | 3 type User => 433_UM11 ResponseOnPlatform 1
Rule_75	?a chosen_Answer_Code ?d ?d type User => ?a ResponseOnPlatform 1	482_UM11 chosen_Answer_Code 4 | 4 type User => 482_UM11 ResponseOnPlatform 1
Rule_75	?a chosen_Answer_Code ?d ?d type User => ?a ResponseOnPlatform 1	387_SU01_10 chosen_Answer_Code 2 | 2 type User => 387_SU01_10 ResponseOnPlatform 1
Rule_75	?a chosen_Answer_Code ?d ?d type User => ?a ResponseOnPlatform 1	467_UM21 chosen_Answer_Code 4 | 4 type User => 467_UM21 ResponseOnPlatform 1
Rule_75	?a chosen_Answer_Code ?d ?d type User => ?a ResponseOnPlatform 1	38_M004_01 chosen_Answer_Code 8 | 8 type User => 38_M004_01 ResponseOnPlatform 1
Rule_75	?a chosen_Answer_Code ?d ?d type User => ?a ResponseOnPlatform 1	425_UM22 chosen_Answer_Code 5 | 5 type User => 425_UM22 ResponseOnPlatform 1
Rule_75	?a chosen_Answer_Code ?d ?d type User => ?a ResponseOnPlatform 1	364_SU01_05 chosen_Answer_Code 2 | 2 type User => 364_SU01_05 ResponseOnPlatform 1
Rule_75	?a chosen_Answer_Code ?d ?d type User => ?a ResponseOnPlatform 1	253_M002_01 chosen_Answer_Code 9 | 9 type User => 253_M002_01 ResponseOnPlatform 1
Rule_75	?a chosen_Answer_Code ?d ?d type User => ?a ResponseOnPlatform 1	388_SU01_10 chosen_Answer_Code 5 | 5 type User => 388_SU01_10 ResponseOnPlatform 1
Rule_75	?a chosen_Answer_Code ?d ?d type User => ?a ResponseOnPlatform 1	221_M005 chosen_Answer_Code 1 | 1 type User => 221_M005 ResponseOnPlatform 1
Rule_75	?a chosen_Answer_Code ?d ?d type User => ?a ResponseOnPlatform 1	289_M006_01 chosen_Answer_Code 10 | 10 type User => 289_M006_01 ResponseOnPlatform 1
Rule_75	?a chosen_Answer_Code ?d ?d type User => ?a ResponseOnPlatform 1	440_UM25 chosen_Answer_Code 4 | 4 type User => 440_UM25 ResponseOnPlatform 1
Rule_75	?a chosen_Answer_Code ?d ?d type User => ?a ResponseOnPlatform 1	285_M003_01 chosen_Answer_Code 8 | 8 type User => 285_M003_01 ResponseOnPlatform 1
Rule_75	?a chosen_Answer_Code ?d ?d type User => ?a ResponseOnPlatform 1	256_M002_01 chosen_Answer_Code 9 | 9 type User => 256_M002_01 ResponseOnPlatform 1
Rule_75	?a chosen_Answer_Code ?d ?d type User => ?a ResponseOnPlatform 1	424_UM23 chosen_Answer_Code 4 | 4 type User => 424_UM23 ResponseOnPlatform 1
Rule_75	?a chosen_Answer_Code ?d ?d type User => ?a ResponseOnPlatform 1	348_SU01_02 chosen_Answer_Code 4 | 4 type User => 348_SU01_02 ResponseOnPlatform 1
Rule_75	?a chosen_Answer_Code ?d ?d type User => ?a ResponseOnPlatform 1	488_UM06 chosen_Answer_Code 3 | 3 type User => 488_UM06 ResponseOnPlatform 1
Rule_75	?a chosen_Answer_Code ?d ?d type User => ?a ResponseOnPlatform 1	280_M002_01 chosen_Answer_Code 8 | 8 type User => 280_M002_01 ResponseOnPlatform 1
Rule_75	?a chosen_Answer_Code ?d ?d type User => ?a ResponseOnPlatform 1	472_UM19 chosen_Answer_Code 4 | 4 type User => 472_UM19 ResponseOnPlatform 1
Rule_75	?a chosen_Answer_Code ?d ?d type User => ?a ResponseOnPlatform 1	26_M006_01 chosen_Answer_Code 9 | 9 type User => 26_M006_01 ResponseOnPlatform 1
Rule_75	?a chosen_Answer_Code ?d ?d type User => ?a ResponseOnPlatform 1	252_M004_01 chosen_Answer_Code 8 | 8 type User => 252_M004_01 ResponseOnPlatform 1
Rule_75	?a chosen_Answer_Code ?d ?d type User => ?a ResponseOnPlatform 1	90_M004_01 chosen_Answer_Code 9 | 9 type User => 90_M004_01 ResponseOnPlatform 1
Rule_75	?a chosen_Answer_Code ?d ?d type User => ?a ResponseOnPlatform 1	151_M005 chosen_Answer_Code 1 | 1 type User => 151_M005 ResponseOnPlatform 1
Rule_75	?a chosen_Answer_Code ?d ?d type User => ?a ResponseOnPlatform 1	423_UM16 chosen_Answer_Code 3 | 3 type User => 423_UM16 ResponseOnPlatform 1
Rule_75	?a chosen_Answer_Code ?d ?d type User => ?a ResponseOnPlatform 1	463_UM10 chosen_Answer_Code 4 | 4 type User => 463_UM10 ResponseOnPlatform 1
Rule_75	?a chosen_Answer_Code ?d ?d type User => ?a ResponseOnPlatform 1	212_M002_01 chosen_Answer_Code 8 | 8 type User => 212_M002_01 ResponseOnPlatform 1
Rule_75	?a chosen_Answer_Code ?d ?d type User => ?a ResponseOnPlatform 1	425_UM10 chosen_Answer_Code 5 | 5 type User => 425_UM10 ResponseOnPlatform 1
Rule_75	?a chosen_Answer_Code ?d ?d type User => ?a ResponseOnPlatform 1	445_UM06 chosen_Answer_Code 3 | 3 type User => 445_UM06 ResponseOnPlatform 1
Rule_75	?a chosen_Answer_Code ?d ?d type User => ?a ResponseOnPlatform 1	447_UM17 chosen_Answer_Code 4 | 4 type User => 447_UM17 ResponseOnPlatform 1
Rule_75	?a chosen_Answer_Code ?d ?d type User => ?a ResponseOnPlatform 1	316_SU01_07 chosen_Answer_Code 5 | 5 type User => 316_SU01_07 ResponseOnPlatform 1
Rule_75	?a chosen_Answer_Code ?d ?d type User => ?a ResponseOnPlatform 1	70_M005 chosen_Answer_Code 2 | 2 type User => 70_M005 ResponseOnPlatform 1
Rule_75	?a chosen_Answer_Code ?d ?d type User => ?a ResponseOnPlatform 1	345_SU01_07 chosen_Answer_Code 5 | 5 type User => 345_SU01_07 ResponseOnPlatform 1
Rule_75	?a chosen_Answer_Code ?d ?d type User => ?a ResponseOnPlatform 1	489_UM20 chosen_Answer_Code 5 | 5 type User => 489_UM20 ResponseOnPlatform 1
Rule_75	?a chosen_Answer_Code ?d ?d type User => ?a ResponseOnPlatform 1	174_M010_01 chosen_Answer_Code 6 | 6 type User => 174_M010_01 ResponseOnPlatform 1
Rule_75	?a chosen_Answer_Code ?d ?d type User => ?a ResponseOnPlatform 1	305_M002_01 chosen_Answer_Code 10 | 10 type User => 305_M002_01 ResponseOnPlatform 1
Rule_75	?a chosen_Answer_Code ?d ?d type User => ?a ResponseOnPlatform 1	368_SU01_06 chosen_Answer_Code 3 | 3 type User => 368_SU01_06 ResponseOnPlatform 1
Rule_75	?a chosen_Answer_Code ?d ?d type User => ?a ResponseOnPlatform 1	6_M003_01 chosen_Answer_Code 10 | 10 type User => 6_M003_01 ResponseOnPlatform 1
Rule_75	?a chosen_Answer_Code ?d ?d type User => ?a ResponseOnPlatform 1	427_UM18 chosen_Answer_Code 2 | 2 type User => 427_UM18 ResponseOnPlatform 1
Rule_75	?a chosen_Answer_Code ?d ?d type User => ?a ResponseOnPlatform 1	473_UM19 chosen_Answer_Code 3 | 3 type User => 473_UM19 ResponseOnPlatform 1
Rule_75	?a chosen_Answer_Code ?d ?d type User => ?a ResponseOnPlatform 1	89_M004_01 chosen_Answer_Code 10 | 10 type User => 89_M004_01 ResponseOnPlatform 1
Rule_75	?a chosen_Answer_Code ?d ?d type User => ?a ResponseOnPlatform 1	105_M004_01 chosen_Answer_Code 8 | 8 type User => 105_M004_01 ResponseOnPlatform 1
Rule_75	?a chosen_Answer_Code ?d ?d type User => ?a ResponseOnPlatform 1	483_UM03 chosen_Answer_Code 4 | 4 type User => 483_UM03 ResponseOnPlatform 1
Rule_75	?a chosen_Answer_Code ?d ?d type User => ?a ResponseOnPlatform 1	311_SU01_06 chosen_Answer_Code 4 | 4 type User => 311_SU01_06 ResponseOnPlatform 1
Rule_75	?a chosen_Answer_Code ?d ?d type User => ?a ResponseOnPlatform 1	450_UM09 chosen_Answer_Code 5 | 5 type User => 450_UM09 ResponseOnPlatform 1
Rule_75	?a chosen_Answer_Code ?d ?d type User => ?a ResponseOnPlatform 1	250_M005 chosen_Answer_Code 3 | 3 type User => 250_M005 ResponseOnPlatform 1
Rule_75	?a chosen_Answer_Code ?d ?d type User => ?a ResponseOnPlatform 1	408_UM07 chosen_Answer_Code 4 | 4 type User => 408_UM07 ResponseOnPlatform 1
Rule_75	?a chosen_Answer_Code ?d ?d type User => ?a ResponseOnPlatform 1	432_UM18 chosen_Answer_Code 3 | 3 type User => 432_UM18 ResponseOnPlatform 1
Rule_75	?a chosen_Answer_Code ?d ?d type User => ?a ResponseOnPlatform 1	437_UM17 chosen_Answer_Code 3 | 3 type User => 437_UM17 ResponseOnPlatform 1
Rule_75	?a chosen_Answer_Code ?d ?d type User => ?a ResponseOnPlatform 1	432_UM09 chosen_Answer_Code 4 | 4 type User => 432_UM09 ResponseOnPlatform 1
Rule_75	?a chosen_Answer_Code ?d ?d type User => ?a ResponseOnPlatform 1	380_SU01_01 chosen_Answer_Code 2 | 2 type User => 380_SU01_01 ResponseOnPlatform 1
Rule_75	?a chosen_Answer_Code ?d ?d type User => ?a ResponseOnPlatform 1	359_SU01_09 chosen_Answer_Code 4 | 4 type User => 359_SU01_09 ResponseOnPlatform 1
Rule_75	?a chosen_Answer_Code ?d ?d type User => ?a ResponseOnPlatform 1	435_UM17 chosen_Answer_Code 1 | 1 type User => 435_UM17 ResponseOnPlatform 1
Rule_75	?a chosen_Answer_Code ?d ?d type User => ?a ResponseOnPlatform 1	386_SU01_10 chosen_Answer_Code 4 | 4 type User => 386_SU01_10 ResponseOnPlatform 1
Rule_75	?a chosen_Answer_Code ?d ?d type User => ?a ResponseOnPlatform 1	253_M010_01 chosen_Answer_Code 9 | 9 type User => 253_M010_01 ResponseOnPlatform 1
Rule_75	?a chosen_Answer_Code ?d ?d type User => ?a ResponseOnPlatform 1	277_M003_01 chosen_Answer_Code 9 | 9 type User => 277_M003_01 ResponseOnPlatform 1
Rule_75	?a chosen_Answer_Code ?d ?d type User => ?a ResponseOnPlatform 1	488_UM17 chosen_Answer_Code 4 | 4 type User => 488_UM17 ResponseOnPlatform 1
Rule_75	?a chosen_Answer_Code ?d ?d type User => ?a ResponseOnPlatform 1	107_M010_01 chosen_Answer_Code 8 | 8 type User => 107_M010_01 ResponseOnPlatform 1
Rule_75	?a chosen_Answer_Code ?d ?d type User => ?a ResponseOnPlatform 1	446_UM14 chosen_Answer_Code 3 | 3 type User => 446_UM14 ResponseOnPlatform 1
Rule_75	?a chosen_Answer_Code ?d ?d type User => ?a ResponseOnPlatform 1	449_UM06 chosen_Answer_Code 4 | 4 type User => 449_UM06 ResponseOnPlatform 1
Rule_75	?a chosen_Answer_Code ?d ?d type User => ?a ResponseOnPlatform 1	364_SU01_10 chosen_Answer_Code 4 | 4 type User => 364_SU01_10 ResponseOnPlatform 1
Rule_75	?a chosen_Answer_Code ?d ?d type User => ?a ResponseOnPlatform 1	18_M004_01 chosen_Answer_Code 9 | 9 type User => 18_M004_01 ResponseOnPlatform 1
Rule_75	?a chosen_Answer_Code ?d ?d type User => ?a ResponseOnPlatform 1	154_M005 chosen_Answer_Code 1 | 1 type User => 154_M005 ResponseOnPlatform 1
Rule_75	?a chosen_Answer_Code ?d ?d type User => ?a ResponseOnPlatform 1	393_SU01_08 chosen_Answer_Code 5 | 5 type User => 393_SU01_08 ResponseOnPlatform 1
Rule_75	?a chosen_Answer_Code ?d ?d type User => ?a ResponseOnPlatform 1	434_UM07 chosen_Answer_Code 1 | 1 type User => 434_UM07 ResponseOnPlatform 1
Rule_75	?a chosen_Answer_Code ?d ?d type User => ?a ResponseOnPlatform 1	488_UM23 chosen_Answer_Code 4 | 4 type User => 488_UM23 ResponseOnPlatform 1
Rule_75	?a chosen_Answer_Code ?d ?d type User => ?a ResponseOnPlatform 1	444_UM15 chosen_Answer_Code 5 | 5 type User => 444_UM15 ResponseOnPlatform 1
Rule_75	?a chosen_Answer_Code ?d ?d type User => ?a ResponseOnPlatform 1	447_UM14 chosen_Answer_Code 4 | 4 type User => 447_UM14 ResponseOnPlatform 1
Rule_75	?a chosen_Answer_Code ?d ?d type User => ?a ResponseOnPlatform 1	347_SU01_07 chosen_Answer_Code 3 | 3 type User => 347_SU01_07 ResponseOnPlatform 1
Rule_75	?a chosen_Answer_Code ?d ?d type User => ?a ResponseOnPlatform 1	430_UM07 chosen_Answer_Code 4 | 4 type User => 430_UM07 ResponseOnPlatform 1
Rule_75	?a chosen_Answer_Code ?d ?d type User => ?a ResponseOnPlatform 1	415_UM21 chosen_Answer_Code 5 | 5 type User => 415_UM21 ResponseOnPlatform 1
Rule_75	?a chosen_Answer_Code ?d ?d type User => ?a ResponseOnPlatform 1	348_SU01_07 chosen_Answer_Code 3 | 3 type User => 348_SU01_07 ResponseOnPlatform 1
Rule_75	?a chosen_Answer_Code ?d ?d type User => ?a ResponseOnPlatform 1	97_M010_01 chosen_Answer_Code 9 | 9 type User => 97_M010_01 ResponseOnPlatform 1
Rule_75	?a chosen_Answer_Code ?d ?d type User => ?a ResponseOnPlatform 1	1_M010_01 chosen_Answer_Code 8 | 8 type User => 1_M010_01 ResponseOnPlatform 1
Rule_75	?a chosen_Answer_Code ?d ?d type User => ?a ResponseOnPlatform 1	472_UM21 chosen_Answer_Code 5 | 5 type User => 472_UM21 ResponseOnPlatform 1
Rule_75	?a chosen_Answer_Code ?d ?d type User => ?a ResponseOnPlatform 1	169_M003_01 chosen_Answer_Code 7 | 7 type User => 169_M003_01 ResponseOnPlatform 1
Rule_75	?a chosen_Answer_Code ?d ?d type User => ?a ResponseOnPlatform 1	452_UM25 chosen_Answer_Code 3 | 3 type User => 452_UM25 ResponseOnPlatform 1
Rule_75	?a chosen_Answer_Code ?d ?d type User => ?a ResponseOnPlatform 1	483_UM24 chosen_Answer_Code 1 | 1 type User => 483_UM24 ResponseOnPlatform 1
Rule_75	?a chosen_Answer_Code ?d ?d type User => ?a ResponseOnPlatform 1	428_UM13 chosen_Answer_Code 4 | 4 type User => 428_UM13 ResponseOnPlatform 1
Rule_75	?a chosen_Answer_Code ?d ?d type User => ?a ResponseOnPlatform 1	90_M006_01 chosen_Answer_Code 9 | 9 type User => 90_M006_01 ResponseOnPlatform 1
Rule_75	?a chosen_Answer_Code ?d ?d type User => ?a ResponseOnPlatform 1	433_UM08 chosen_Answer_Code 5 | 5 type User => 433_UM08 ResponseOnPlatform 1
Rule_75	?a chosen_Answer_Code ?d ?d type User => ?a ResponseOnPlatform 1	474_UM18 chosen_Answer_Code 2 | 2 type User => 474_UM18 ResponseOnPlatform 1
Rule_75	?a chosen_Answer_Code ?d ?d type User => ?a ResponseOnPlatform 1	37_M010_01 chosen_Answer_Code 1 | 1 type User => 37_M010_01 ResponseOnPlatform 1
Rule_75	?a chosen_Answer_Code ?d ?d type User => ?a ResponseOnPlatform 1	407_UM12 chosen_Answer_Code 5 | 5 type User => 407_UM12 ResponseOnPlatform 1
Rule_75	?a chosen_Answer_Code ?d ?d type User => ?a ResponseOnPlatform 1	58_M002_01 chosen_Answer_Code 10 | 10 type User => 58_M002_01 ResponseOnPlatform 1
Rule_75	?a chosen_Answer_Code ?d ?d type User => ?a ResponseOnPlatform 1	196_M002_01 chosen_Answer_Code 8 | 8 type User => 196_M002_01 ResponseOnPlatform 1
Rule_75	?a chosen_Answer_Code ?d ?d type User => ?a ResponseOnPlatform 1	449_UM12 chosen_Answer_Code 4 | 4 type User => 449_UM12 ResponseOnPlatform 1
Rule_75	?a chosen_Answer_Code ?d ?d type User => ?a ResponseOnPlatform 1	315_SU01_08 chosen_Answer_Code 4 | 4 type User => 315_SU01_08 ResponseOnPlatform 1
Rule_75	?a chosen_Answer_Code ?d ?d type User => ?a ResponseOnPlatform 1	473_UM09 chosen_Answer_Code 4 | 4 type User => 473_UM09 ResponseOnPlatform 1
Rule_75	?a chosen_Answer_Code ?d ?d type User => ?a ResponseOnPlatform 1	6_M002_01 chosen_Answer_Code 10 | 10 type User => 6_M002_01 ResponseOnPlatform 1
Rule_75	?a chosen_Answer_Code ?d ?d type User => ?a ResponseOnPlatform 1	350_SU01_10 chosen_Answer_Code 5 | 5 type User => 350_SU01_10 ResponseOnPlatform 1
Rule_75	?a chosen_Answer_Code ?d ?d type User => ?a ResponseOnPlatform 1	284_M005 chosen_Answer_Code 1 | 1 type User => 284_M005 ResponseOnPlatform 1
Rule_75	?a chosen_Answer_Code ?d ?d type User => ?a ResponseOnPlatform 1	87_M002_01 chosen_Answer_Code 8 | 8 type User => 87_M002_01 ResponseOnPlatform 1
Rule_75	?a chosen_Answer_Code ?d ?d type User => ?a ResponseOnPlatform 1	357_SU01_01 chosen_Answer_Code 4 | 4 type User => 357_SU01_01 ResponseOnPlatform 1
Rule_75	?a chosen_Answer_Code ?d ?d type User => ?a ResponseOnPlatform 1	452_UM06 chosen_Answer_Code 5 | 5 type User => 452_UM06 ResponseOnPlatform 1
Rule_75	?a chosen_Answer_Code ?d ?d type User => ?a ResponseOnPlatform 1	192_M003_01 chosen_Answer_Code 10 | 10 type User => 192_M003_01 ResponseOnPlatform 1
Rule_75	?a chosen_Answer_Code ?d ?d type User => ?a ResponseOnPlatform 1	403_SU01_06 chosen_Answer_Code 3 | 3 type User => 403_SU01_06 ResponseOnPlatform 1
Rule_75	?a chosen_Answer_Code ?d ?d type User => ?a ResponseOnPlatform 1	133_M006_01 chosen_Answer_Code 9 | 9 type User => 133_M006_01 ResponseOnPlatform 1
Rule_75	?a chosen_Answer_Code ?d ?d type User => ?a ResponseOnPlatform 1	186_M005 chosen_Answer_Code 1 | 1 type User => 186_M005 ResponseOnPlatform 1
Rule_75	?a chosen_Answer_Code ?d ?d type User => ?a ResponseOnPlatform 1	419_UM22 chosen_Answer_Code 3 | 3 type User => 419_UM22 ResponseOnPlatform 1
Rule_75	?a chosen_Answer_Code ?d ?d type User => ?a ResponseOnPlatform 1	490_UM21 chosen_Answer_Code 4 | 4 type User => 490_UM21 ResponseOnPlatform 1
Rule_75	?a chosen_Answer_Code ?d ?d type User => ?a ResponseOnPlatform 1	430_UM25 chosen_Answer_Code 4 | 4 type User => 430_UM25 ResponseOnPlatform 1
Rule_75	?a chosen_Answer_Code ?d ?d type User => ?a ResponseOnPlatform 1	431_UM02 chosen_Answer_Code 3 | 3 type User => 431_UM02 ResponseOnPlatform 1
Rule_75	?a chosen_Answer_Code ?d ?d type User => ?a ResponseOnPlatform 1	38_M002_01 chosen_Answer_Code 9 | 9 type User => 38_M002_01 ResponseOnPlatform 1
Rule_75	?a chosen_Answer_Code ?d ?d type User => ?a ResponseOnPlatform 1	402_SU01_08 chosen_Answer_Code 4 | 4 type User => 402_SU01_08 ResponseOnPlatform 1
Rule_75	?a chosen_Answer_Code ?d ?d type User => ?a ResponseOnPlatform 1	93_M005 chosen_Answer_Code 2 | 2 type User => 93_M005 ResponseOnPlatform 1
Rule_75	?a chosen_Answer_Code ?d ?d type User => ?a ResponseOnPlatform 1	466_UM01 chosen_Answer_Code 2 | 2 type User => 466_UM01 ResponseOnPlatform 1
Rule_75	?a chosen_Answer_Code ?d ?d type User => ?a ResponseOnPlatform 1	475_UM17 chosen_Answer_Code 3 | 3 type User => 475_UM17 ResponseOnPlatform 1
Rule_75	?a chosen_Answer_Code ?d ?d type User => ?a ResponseOnPlatform 1	427_UM01 chosen_Answer_Code 4 | 4 type User => 427_UM01 ResponseOnPlatform 1
Rule_75	?a chosen_Answer_Code ?d ?d type User => ?a ResponseOnPlatform 1	382_SU01_08 chosen_Answer_Code 3 | 3 type User => 382_SU01_08 ResponseOnPlatform 1
Rule_75	?a chosen_Answer_Code ?d ?d type User => ?a ResponseOnPlatform 1	388_SU01_07 chosen_Answer_Code 1 | 1 type User => 388_SU01_07 ResponseOnPlatform 1
Rule_75	?a chosen_Answer_Code ?d ?d type User => ?a ResponseOnPlatform 1	324_SU01_04 chosen_Answer_Code 5 | 5 type User => 324_SU01_04 ResponseOnPlatform 1
Rule_75	?a chosen_Answer_Code ?d ?d type User => ?a ResponseOnPlatform 1	487_UM12 chosen_Answer_Code 5 | 5 type User => 487_UM12 ResponseOnPlatform 1
Rule_75	?a chosen_Answer_Code ?d ?d type User => ?a ResponseOnPlatform 1	476_UM18 chosen_Answer_Code 2 | 2 type User => 476_UM18 ResponseOnPlatform 1
Rule_75	?a chosen_Answer_Code ?d ?d type User => ?a ResponseOnPlatform 1	90_M003_01 chosen_Answer_Code 10 | 10 type User => 90_M003_01 ResponseOnPlatform 1
Rule_75	?a chosen_Answer_Code ?d ?d type User => ?a ResponseOnPlatform 1	411_UM23 chosen_Answer_Code 3 | 3 type User => 411_UM23 ResponseOnPlatform 1
Rule_75	?a chosen_Answer_Code ?d ?d type User => ?a ResponseOnPlatform 1	353_SU01_05 chosen_Answer_Code 3 | 3 type User => 353_SU01_05 ResponseOnPlatform 1
Rule_75	?a chosen_Answer_Code ?d ?d type User => ?a ResponseOnPlatform 1	458_UM18 chosen_Answer_Code 2 | 2 type User => 458_UM18 ResponseOnPlatform 1
Rule_75	?a chosen_Answer_Code ?d ?d type User => ?a ResponseOnPlatform 1	98_M006_01 chosen_Answer_Code 9 | 9 type User => 98_M006_01 ResponseOnPlatform 1
Rule_75	?a chosen_Answer_Code ?d ?d type User => ?a ResponseOnPlatform 1	439_UM14 chosen_Answer_Code 5 | 5 type User => 439_UM14 ResponseOnPlatform 1
Rule_75	?a chosen_Answer_Code ?d ?d type User => ?a ResponseOnPlatform 1	406_UM18 chosen_Answer_Code 3 | 3 type User => 406_UM18 ResponseOnPlatform 1
Rule_75	?a chosen_Answer_Code ?d ?d type User => ?a ResponseOnPlatform 1	463_UM16 chosen_Answer_Code 5 | 5 type User => 463_UM16 ResponseOnPlatform 1
Rule_75	?a chosen_Answer_Code ?d ?d type User => ?a ResponseOnPlatform 1	83_M005 chosen_Answer_Code 2 | 2 type User => 83_M005 ResponseOnPlatform 1
Rule_75	?a chosen_Answer_Code ?d ?d type User => ?a ResponseOnPlatform 1	349_SU01_05 chosen_Answer_Code 4 | 4 type User => 349_SU01_05 ResponseOnPlatform 1
Rule_75	?a chosen_Answer_Code ?d ?d type User => ?a ResponseOnPlatform 1	100_M004_01 chosen_Answer_Code 4 | 4 type User => 100_M004_01 ResponseOnPlatform 1
Rule_75	?a chosen_Answer_Code ?d ?d type User => ?a ResponseOnPlatform 1	406_UM01 chosen_Answer_Code 4 | 4 type User => 406_UM01 ResponseOnPlatform 1
Rule_75	?a chosen_Answer_Code ?d ?d type User => ?a ResponseOnPlatform 1	435_UM14 chosen_Answer_Code 4 | 4 type User => 435_UM14 ResponseOnPlatform 1
Rule_75	?a chosen_Answer_Code ?d ?d type User => ?a ResponseOnPlatform 1	418_UM21 chosen_Answer_Code 4 | 4 type User => 418_UM21 ResponseOnPlatform 1
Rule_75	?a chosen_Answer_Code ?d ?d type User => ?a ResponseOnPlatform 1	433_UM01 chosen_Answer_Code 3 | 3 type User => 433_UM01 ResponseOnPlatform 1
Rule_75	?a chosen_Answer_Code ?d ?d type User => ?a ResponseOnPlatform 1	469_UM07 chosen_Answer_Code 5 | 5 type User => 469_UM07 ResponseOnPlatform 1
Rule_75	?a chosen_Answer_Code ?d ?d type User => ?a ResponseOnPlatform 1	341_SU01_07 chosen_Answer_Code 4 | 4 type User => 341_SU01_07 ResponseOnPlatform 1
Rule_75	?a chosen_Answer_Code ?d ?d type User => ?a ResponseOnPlatform 1	449_UM20 chosen_Answer_Code 4 | 4 type User => 449_UM20 ResponseOnPlatform 1
Rule_75	?a chosen_Answer_Code ?d ?d type User => ?a ResponseOnPlatform 1	353_SU01_02 chosen_Answer_Code 3 | 3 type User => 353_SU01_02 ResponseOnPlatform 1
Rule_75	?a chosen_Answer_Code ?d ?d type User => ?a ResponseOnPlatform 1	457_UM14 chosen_Answer_Code 4 | 4 type User => 457_UM14 ResponseOnPlatform 1
Rule_75	?a chosen_Answer_Code ?d ?d type User => ?a ResponseOnPlatform 1	453_UM21 chosen_Answer_Code 5 | 5 type User => 453_UM21 ResponseOnPlatform 1
Rule_75	?a chosen_Answer_Code ?d ?d type User => ?a ResponseOnPlatform 1	25_M006_01 chosen_Answer_Code 9 | 9 type User => 25_M006_01 ResponseOnPlatform 1
Rule_75	?a chosen_Answer_Code ?d ?d type User => ?a ResponseOnPlatform 1	482_UM13 chosen_Answer_Code 4 | 4 type User => 482_UM13 ResponseOnPlatform 1
Rule_75	?a chosen_Answer_Code ?d ?d type User => ?a ResponseOnPlatform 1	236_M002_01 chosen_Answer_Code 10 | 10 type User => 236_M002_01 ResponseOnPlatform 1
Rule_75	?a chosen_Answer_Code ?d ?d type User => ?a ResponseOnPlatform 1	376_SU01_04 chosen_Answer_Code 4 | 4 type User => 376_SU01_04 ResponseOnPlatform 1
Rule_75	?a chosen_Answer_Code ?d ?d type User => ?a ResponseOnPlatform 1	129_M002_01 chosen_Answer_Code 10 | 10 type User => 129_M002_01 ResponseOnPlatform 1
Rule_75	?a chosen_Answer_Code ?d ?d type User => ?a ResponseOnPlatform 1	133_M002_01 chosen_Answer_Code 10 | 10 type User => 133_M002_01 ResponseOnPlatform 1
Rule_75	?a chosen_Answer_Code ?d ?d type User => ?a ResponseOnPlatform 1	221_M004_01 chosen_Answer_Code 10 | 10 type User => 221_M004_01 ResponseOnPlatform 1
Rule_75	?a chosen_Answer_Code ?d ?d type User => ?a ResponseOnPlatform 1	287_M006_01 chosen_Answer_Code 8 | 8 type User => 287_M006_01 ResponseOnPlatform 1
Rule_75	?a chosen_Answer_Code ?d ?d type User => ?a ResponseOnPlatform 1	330_SU01_07 chosen_Answer_Code 3 | 3 type User => 330_SU01_07 ResponseOnPlatform 1
Rule_75	?a chosen_Answer_Code ?d ?d type User => ?a ResponseOnPlatform 1	17_M010_01 chosen_Answer_Code 4 | 4 type User => 17_M010_01 ResponseOnPlatform 1
Rule_75	?a chosen_Answer_Code ?d ?d type User => ?a ResponseOnPlatform 1	484_UM22 chosen_Answer_Code 4 | 4 type User => 484_UM22 ResponseOnPlatform 1
Rule_75	?a chosen_Answer_Code ?d ?d type User => ?a ResponseOnPlatform 1	463_UM25 chosen_Answer_Code 4 | 4 type User => 463_UM25 ResponseOnPlatform 1
Rule_75	?a chosen_Answer_Code ?d ?d type User => ?a ResponseOnPlatform 1	396_SU01_06 chosen_Answer_Code 4 | 4 type User => 396_SU01_06 ResponseOnPlatform 1
Rule_75	?a chosen_Answer_Code ?d ?d type User => ?a ResponseOnPlatform 1	409_UM21 chosen_Answer_Code 5 | 5 type User => 409_UM21 ResponseOnPlatform 1
Rule_75	?a chosen_Answer_Code ?d ?d type User => ?a ResponseOnPlatform 1	53_M010_01 chosen_Answer_Code 5 | 5 type User => 53_M010_01 ResponseOnPlatform 1
Rule_75	?a chosen_Answer_Code ?d ?d type User => ?a ResponseOnPlatform 1	331_SU01_01 chosen_Answer_Code 3 | 3 type User => 331_SU01_01 ResponseOnPlatform 1
Rule_75	?a chosen_Answer_Code ?d ?d type User => ?a ResponseOnPlatform 1	183_M004_01 chosen_Answer_Code 10 | 10 type User => 183_M004_01 ResponseOnPlatform 1
Rule_75	?a chosen_Answer_Code ?d ?d type User => ?a ResponseOnPlatform 1	27_M006_01 chosen_Answer_Code 10 | 10 type User => 27_M006_01 ResponseOnPlatform 1
Rule_75	?a chosen_Answer_Code ?d ?d type User => ?a ResponseOnPlatform 1	429_UM25 chosen_Answer_Code 2 | 2 type User => 429_UM25 ResponseOnPlatform 1
Rule_75	?a chosen_Answer_Code ?d ?d type User => ?a ResponseOnPlatform 1	128_M003_01 chosen_Answer_Code 10 | 10 type User => 128_M003_01 ResponseOnPlatform 1
Rule_75	?a chosen_Answer_Code ?d ?d type User => ?a ResponseOnPlatform 1	254_M002_01 chosen_Answer_Code 10 | 10 type User => 254_M002_01 ResponseOnPlatform 1
Rule_75	?a chosen_Answer_Code ?d ?d type User => ?a ResponseOnPlatform 1	79_M005 chosen_Answer_Code 2 | 2 type User => 79_M005 ResponseOnPlatform 1
Rule_75	?a chosen_Answer_Code ?d ?d type User => ?a ResponseOnPlatform 1	140_M005 chosen_Answer_Code 2 | 2 type User => 140_M005 ResponseOnPlatform 1
Rule_75	?a chosen_Answer_Code ?d ?d type User => ?a ResponseOnPlatform 1	468_UM16 chosen_Answer_Code 3 | 3 type User => 468_UM16 ResponseOnPlatform 1
Rule_75	?a chosen_Answer_Code ?d ?d type User => ?a ResponseOnPlatform 1	421_UM21 chosen_Answer_Code 4 | 4 type User => 421_UM21 ResponseOnPlatform 1
Rule_75	?a chosen_Answer_Code ?d ?d type User => ?a ResponseOnPlatform 1	483_UM14 chosen_Answer_Code 5 | 5 type User => 483_UM14 ResponseOnPlatform 1
Rule_75	?a chosen_Answer_Code ?d ?d type User => ?a ResponseOnPlatform 1	363_SU01_06 chosen_Answer_Code 4 | 4 type User => 363_SU01_06 ResponseOnPlatform 1
Rule_75	?a chosen_Answer_Code ?d ?d type User => ?a ResponseOnPlatform 1	340_SU01_05 chosen_Answer_Code 5 | 5 type User => 340_SU01_05 ResponseOnPlatform 1
Rule_75	?a chosen_Answer_Code ?d ?d type User => ?a ResponseOnPlatform 1	446_UM12 chosen_Answer_Code 3 | 3 type User => 446_UM12 ResponseOnPlatform 1
Rule_75	?a chosen_Answer_Code ?d ?d type User => ?a ResponseOnPlatform 1	128_M006_01 chosen_Answer_Code 7 | 7 type User => 128_M006_01 ResponseOnPlatform 1
Rule_75	?a chosen_Answer_Code ?d ?d type User => ?a ResponseOnPlatform 1	409_UM19 chosen_Answer_Code 5 | 5 type User => 409_UM19 ResponseOnPlatform 1
Rule_75	?a chosen_Answer_Code ?d ?d type User => ?a ResponseOnPlatform 1	381_SU01_07 chosen_Answer_Code 4 | 4 type User => 381_SU01_07 ResponseOnPlatform 1
Rule_75	?a chosen_Answer_Code ?d ?d type User => ?a ResponseOnPlatform 1	148_M003_01 chosen_Answer_Code 7 | 7 type User => 148_M003_01 ResponseOnPlatform 1
Rule_75	?a chosen_Answer_Code ?d ?d type User => ?a ResponseOnPlatform 1	486_UM20 chosen_Answer_Code 5 | 5 type User => 486_UM20 ResponseOnPlatform 1
Rule_75	?a chosen_Answer_Code ?d ?d type User => ?a ResponseOnPlatform 1	360_SU01_03 chosen_Answer_Code 5 | 5 type User => 360_SU01_03 ResponseOnPlatform 1
Rule_75	?a chosen_Answer_Code ?d ?d type User => ?a ResponseOnPlatform 1	268_M004_01 chosen_Answer_Code 6 | 6 type User => 268_M004_01 ResponseOnPlatform 1
Rule_75	?a chosen_Answer_Code ?d ?d type User => ?a ResponseOnPlatform 1	453_UM04 chosen_Answer_Code 5 | 5 type User => 453_UM04 ResponseOnPlatform 1
Rule_75	?a chosen_Answer_Code ?d ?d type User => ?a ResponseOnPlatform 1	278_M002_01 chosen_Answer_Code 10 | 10 type User => 278_M002_01 ResponseOnPlatform 1
Rule_75	?a chosen_Answer_Code ?d ?d type User => ?a ResponseOnPlatform 1	441_UM06 chosen_Answer_Code 4 | 4 type User => 441_UM06 ResponseOnPlatform 1
Rule_75	?a chosen_Answer_Code ?d ?d type User => ?a ResponseOnPlatform 1	488_UM08 chosen_Answer_Code 4 | 4 type User => 488_UM08 ResponseOnPlatform 1
Rule_75	?a chosen_Answer_Code ?d ?d type User => ?a ResponseOnPlatform 1	260_M004_01 chosen_Answer_Code 9 | 9 type User => 260_M004_01 ResponseOnPlatform 1
Rule_75	?a chosen_Answer_Code ?d ?d type User => ?a ResponseOnPlatform 1	262_M010_01 chosen_Answer_Code 7 | 7 type User => 262_M010_01 ResponseOnPlatform 1
Rule_75	?a chosen_Answer_Code ?d ?d type User => ?a ResponseOnPlatform 1	5_M010_01 chosen_Answer_Code 8 | 8 type User => 5_M010_01 ResponseOnPlatform 1
Rule_75	?a chosen_Answer_Code ?d ?d type User => ?a ResponseOnPlatform 1	65_M003_01 chosen_Answer_Code 8 | 8 type User => 65_M003_01 ResponseOnPlatform 1
Rule_75	?a chosen_Answer_Code ?d ?d type User => ?a ResponseOnPlatform 1	378_SU01_06 chosen_Answer_Code 3 | 3 type User => 378_SU01_06 ResponseOnPlatform 1
Rule_75	?a chosen_Answer_Code ?d ?d type User => ?a ResponseOnPlatform 1	465_UM24 chosen_Answer_Code 4 | 4 type User => 465_UM24 ResponseOnPlatform 1
Rule_75	?a chosen_Answer_Code ?d ?d type User => ?a ResponseOnPlatform 1	485_UM01 chosen_Answer_Code 5 | 5 type User => 485_UM01 ResponseOnPlatform 1
Rule_75	?a chosen_Answer_Code ?d ?d type User => ?a ResponseOnPlatform 1	392_SU01_03 chosen_Answer_Code 3 | 3 type User => 392_SU01_03 ResponseOnPlatform 1
Rule_75	?a chosen_Answer_Code ?d ?d type User => ?a ResponseOnPlatform 1	99_M003_01 chosen_Answer_Code 6 | 6 type User => 99_M003_01 ResponseOnPlatform 1
Rule_75	?a chosen_Answer_Code ?d ?d type User => ?a ResponseOnPlatform 1	65_M004_01 chosen_Answer_Code 10 | 10 type User => 65_M004_01 ResponseOnPlatform 1
Rule_75	?a chosen_Answer_Code ?d ?d type User => ?a ResponseOnPlatform 1	266_M003_01 chosen_Answer_Code 8 | 8 type User => 266_M003_01 ResponseOnPlatform 1
Rule_75	?a chosen_Answer_Code ?d ?d type User => ?a ResponseOnPlatform 1	411_UM15 chosen_Answer_Code 3 | 3 type User => 411_UM15 ResponseOnPlatform 1
Rule_75	?a chosen_Answer_Code ?d ?d type User => ?a ResponseOnPlatform 1	51_M004_01 chosen_Answer_Code 9 | 9 type User => 51_M004_01 ResponseOnPlatform 1
Rule_75	?a chosen_Answer_Code ?d ?d type User => ?a ResponseOnPlatform 1	178_M002_01 chosen_Answer_Code 9 | 9 type User => 178_M002_01 ResponseOnPlatform 1
Rule_75	?a chosen_Answer_Code ?d ?d type User => ?a ResponseOnPlatform 1	431_UM15 chosen_Answer_Code 4 | 4 type User => 431_UM15 ResponseOnPlatform 1
Rule_75	?a chosen_Answer_Code ?d ?d type User => ?a ResponseOnPlatform 1	305_M010_01 chosen_Answer_Code 10 | 10 type User => 305_M010_01 ResponseOnPlatform 1
Rule_75	?a chosen_Answer_Code ?d ?d type User => ?a ResponseOnPlatform 1	418_UM03 chosen_Answer_Code 5 | 5 type User => 418_UM03 ResponseOnPlatform 1
Rule_75	?a chosen_Answer_Code ?d ?d type User => ?a ResponseOnPlatform 1	317_SU01_09 chosen_Answer_Code 2 | 2 type User => 317_SU01_09 ResponseOnPlatform 1
Rule_75	?a chosen_Answer_Code ?d ?d type User => ?a ResponseOnPlatform 1	120_M010_01 chosen_Answer_Code 10 | 10 type User => 120_M010_01 ResponseOnPlatform 1
Rule_75	?a chosen_Answer_Code ?d ?d type User => ?a ResponseOnPlatform 1	30_M005 chosen_Answer_Code 2 | 2 type User => 30_M005 ResponseOnPlatform 1
Rule_75	?a chosen_Answer_Code ?d ?d type User => ?a ResponseOnPlatform 1	298_M006_01 chosen_Answer_Code 8 | 8 type User => 298_M006_01 ResponseOnPlatform 1
Rule_75	?a chosen_Answer_Code ?d ?d type User => ?a ResponseOnPlatform 1	431_UM19 chosen_Answer_Code 3 | 3 type User => 431_UM19 ResponseOnPlatform 1
Rule_75	?a chosen_Answer_Code ?d ?d type User => ?a ResponseOnPlatform 1	484_UM04 chosen_Answer_Code 4 | 4 type User => 484_UM04 ResponseOnPlatform 1
Rule_75	?a chosen_Answer_Code ?d ?d type User => ?a ResponseOnPlatform 1	487_UM10 chosen_Answer_Code 4 | 4 type User => 487_UM10 ResponseOnPlatform 1
Rule_75	?a chosen_Answer_Code ?d ?d type User => ?a ResponseOnPlatform 1	368_SU01_05 chosen_Answer_Code 5 | 5 type User => 368_SU01_05 ResponseOnPlatform 1
Rule_75	?a chosen_Answer_Code ?d ?d type User => ?a ResponseOnPlatform 1	292_M004_01 chosen_Answer_Code 10 | 10 type User => 292_M004_01 ResponseOnPlatform 1
Rule_75	?a chosen_Answer_Code ?d ?d type User => ?a ResponseOnPlatform 1	420_UM23 chosen_Answer_Code 4 | 4 type User => 420_UM23 ResponseOnPlatform 1
Rule_75	?a chosen_Answer_Code ?d ?d type User => ?a ResponseOnPlatform 1	3_M005 chosen_Answer_Code 2 | 2 type User => 3_M005 ResponseOnPlatform 1
Rule_75	?a chosen_Answer_Code ?d ?d type User => ?a ResponseOnPlatform 1	194_M004_01 chosen_Answer_Code 9 | 9 type User => 194_M004_01 ResponseOnPlatform 1
Rule_75	?a chosen_Answer_Code ?d ?d type User => ?a ResponseOnPlatform 1	106_M004_01 chosen_Answer_Code 6 | 6 type User => 106_M004_01 ResponseOnPlatform 1
Rule_75	?a chosen_Answer_Code ?d ?d type User => ?a ResponseOnPlatform 1	425_UM13 chosen_Answer_Code 4 | 4 type User => 425_UM13 ResponseOnPlatform 1
Rule_75	?a chosen_Answer_Code ?d ?d type User => ?a ResponseOnPlatform 1	253_M005 chosen_Answer_Code 2 | 2 type User => 253_M005 ResponseOnPlatform 1
Rule_75	?a chosen_Answer_Code ?d ?d type User => ?a ResponseOnPlatform 1	47_M004_01 chosen_Answer_Code 6 | 6 type User => 47_M004_01 ResponseOnPlatform 1
Rule_75	?a chosen_Answer_Code ?d ?d type User => ?a ResponseOnPlatform 1	364_SU01_08 chosen_Answer_Code 4 | 4 type User => 364_SU01_08 ResponseOnPlatform 1
Rule_75	?a chosen_Answer_Code ?d ?d type User => ?a ResponseOnPlatform 1	386_SU01_02 chosen_Answer_Code 5 | 5 type User => 386_SU01_02 ResponseOnPlatform 1
Rule_75	?a chosen_Answer_Code ?d ?d type User => ?a ResponseOnPlatform 1	487_UM11 chosen_Answer_Code 4 | 4 type User => 487_UM11 ResponseOnPlatform 1
Rule_75	?a chosen_Answer_Code ?d ?d type User => ?a ResponseOnPlatform 1	490_UM01 chosen_Answer_Code 4 | 4 type User => 490_UM01 ResponseOnPlatform 1
Rule_75	?a chosen_Answer_Code ?d ?d type User => ?a ResponseOnPlatform 1	171_M010_01 chosen_Answer_Code 5 | 5 type User => 171_M010_01 ResponseOnPlatform 1
Rule_75	?a chosen_Answer_Code ?d ?d type User => ?a ResponseOnPlatform 1	37_M002_01 chosen_Answer_Code 4 | 4 type User => 37_M002_01 ResponseOnPlatform 1
Rule_75	?a chosen_Answer_Code ?d ?d type User => ?a ResponseOnPlatform 1	230_M002_01 chosen_Answer_Code 8 | 8 type User => 230_M002_01 ResponseOnPlatform 1
Rule_75	?a chosen_Answer_Code ?d ?d type User => ?a ResponseOnPlatform 1	138_M002_01 chosen_Answer_Code 8 | 8 type User => 138_M002_01 ResponseOnPlatform 1
Rule_75	?a chosen_Answer_Code ?d ?d type User => ?a ResponseOnPlatform 1	116_M006_01 chosen_Answer_Code 8 | 8 type User => 116_M006_01 ResponseOnPlatform 1
Rule_75	?a chosen_Answer_Code ?d ?d type User => ?a ResponseOnPlatform 1	374_SU01_01 chosen_Answer_Code 4 | 4 type User => 374_SU01_01 ResponseOnPlatform 1
Rule_75	?a chosen_Answer_Code ?d ?d type User => ?a ResponseOnPlatform 1	325_SU01_03 chosen_Answer_Code 4 | 4 type User => 325_SU01_03 ResponseOnPlatform 1
Rule_75	?a chosen_Answer_Code ?d ?d type User => ?a ResponseOnPlatform 1	375_SU01_06 chosen_Answer_Code 4 | 4 type User => 375_SU01_06 ResponseOnPlatform 1
Rule_75	?a chosen_Answer_Code ?d ?d type User => ?a ResponseOnPlatform 1	264_M006_01 chosen_Answer_Code 8 | 8 type User => 264_M006_01 ResponseOnPlatform 1
Rule_75	?a chosen_Answer_Code ?d ?d type User => ?a ResponseOnPlatform 1	297_M002_01 chosen_Answer_Code 10 | 10 type User => 297_M002_01 ResponseOnPlatform 1
Rule_75	?a chosen_Answer_Code ?d ?d type User => ?a ResponseOnPlatform 1	280_M003_01 chosen_Answer_Code 8 | 8 type User => 280_M003_01 ResponseOnPlatform 1
Rule_75	?a chosen_Answer_Code ?d ?d type User => ?a ResponseOnPlatform 1	478_UM12 chosen_Answer_Code 4 | 4 type User => 478_UM12 ResponseOnPlatform 1
Rule_75	?a chosen_Answer_Code ?d ?d type User => ?a ResponseOnPlatform 1	278_M010_01 chosen_Answer_Code 9 | 9 type User => 278_M010_01 ResponseOnPlatform 1
Rule_75	?a chosen_Answer_Code ?d ?d type User => ?a ResponseOnPlatform 1	79_M010_01 chosen_Answer_Code 8 | 8 type User => 79_M010_01 ResponseOnPlatform 1
Rule_75	?a chosen_Answer_Code ?d ?d type User => ?a ResponseOnPlatform 1	455_UM22 chosen_Answer_Code 4 | 4 type User => 455_UM22 ResponseOnPlatform 1
Rule_75	?a chosen_Answer_Code ?d ?d type User => ?a ResponseOnPlatform 1	254_M005 chosen_Answer_Code 1 | 1 type User => 254_M005 ResponseOnPlatform 1
Rule_75	?a chosen_Answer_Code ?d ?d type User => ?a ResponseOnPlatform 1	379_SU01_04 chosen_Answer_Code 5 | 5 type User => 379_SU01_04 ResponseOnPlatform 1
Rule_75	?a chosen_Answer_Code ?d ?d type User => ?a ResponseOnPlatform 1	443_UM22 chosen_Answer_Code 5 | 5 type User => 443_UM22 ResponseOnPlatform 1
Rule_75	?a chosen_Answer_Code ?d ?d type User => ?a ResponseOnPlatform 1	475_UM03 chosen_Answer_Code 4 | 4 type User => 475_UM03 ResponseOnPlatform 1
Rule_75	?a chosen_Answer_Code ?d ?d type User => ?a ResponseOnPlatform 1	70_M002_01 chosen_Answer_Code 10 | 10 type User => 70_M002_01 ResponseOnPlatform 1
Rule_75	?a chosen_Answer_Code ?d ?d type User => ?a ResponseOnPlatform 1	457_UM10 chosen_Answer_Code 4 | 4 type User => 457_UM10 ResponseOnPlatform 1
Rule_75	?a chosen_Answer_Code ?d ?d type User => ?a ResponseOnPlatform 1	450_UM21 chosen_Answer_Code 4 | 4 type User => 450_UM21 ResponseOnPlatform 1
Rule_75	?a chosen_Answer_Code ?d ?d type User => ?a ResponseOnPlatform 1	340_SU01_07 chosen_Answer_Code 5 | 5 type User => 340_SU01_07 ResponseOnPlatform 1
Rule_75	?a chosen_Answer_Code ?d ?d type User => ?a ResponseOnPlatform 1	90_M010_01 chosen_Answer_Code 10 | 10 type User => 90_M010_01 ResponseOnPlatform 1
Rule_75	?a chosen_Answer_Code ?d ?d type User => ?a ResponseOnPlatform 1	467_UM19 chosen_Answer_Code 4 | 4 type User => 467_UM19 ResponseOnPlatform 1
Rule_75	?a chosen_Answer_Code ?d ?d type User => ?a ResponseOnPlatform 1	483_UM19 chosen_Answer_Code 4 | 4 type User => 483_UM19 ResponseOnPlatform 1
Rule_75	?a chosen_Answer_Code ?d ?d type User => ?a ResponseOnPlatform 1	33_M005 chosen_Answer_Code 1 | 1 type User => 33_M005 ResponseOnPlatform 1
Rule_75	?a chosen_Answer_Code ?d ?d type User => ?a ResponseOnPlatform 1	474_UM14 chosen_Answer_Code 4 | 4 type User => 474_UM14 ResponseOnPlatform 1
Rule_75	?a chosen_Answer_Code ?d ?d type User => ?a ResponseOnPlatform 1	424_UM04 chosen_Answer_Code 4 | 4 type User => 424_UM04 ResponseOnPlatform 1
Rule_75	?a chosen_Answer_Code ?d ?d type User => ?a ResponseOnPlatform 1	482_UM02 chosen_Answer_Code 5 | 5 type User => 482_UM02 ResponseOnPlatform 1
Rule_75	?a chosen_Answer_Code ?d ?d type User => ?a ResponseOnPlatform 1	167_M006_01 chosen_Answer_Code 8 | 8 type User => 167_M006_01 ResponseOnPlatform 1
Rule_75	?a chosen_Answer_Code ?d ?d type User => ?a ResponseOnPlatform 1	411_UM19 chosen_Answer_Code 3 | 3 type User => 411_UM19 ResponseOnPlatform 1
Rule_75	?a chosen_Answer_Code ?d ?d type User => ?a ResponseOnPlatform 1	458_UM01 chosen_Answer_Code 5 | 5 type User => 458_UM01 ResponseOnPlatform 1
Rule_75	?a chosen_Answer_Code ?d ?d type User => ?a ResponseOnPlatform 1	457_UM15 chosen_Answer_Code 5 | 5 type User => 457_UM15 ResponseOnPlatform 1
Rule_75	?a chosen_Answer_Code ?d ?d type User => ?a ResponseOnPlatform 1	4_M005 chosen_Answer_Code 2 | 2 type User => 4_M005 ResponseOnPlatform 1
Rule_75	?a chosen_Answer_Code ?d ?d type User => ?a ResponseOnPlatform 1	158_M006_01 chosen_Answer_Code 9 | 9 type User => 158_M006_01 ResponseOnPlatform 1
Rule_75	?a chosen_Answer_Code ?d ?d type User => ?a ResponseOnPlatform 1	411_UM25 chosen_Answer_Code 3 | 3 type User => 411_UM25 ResponseOnPlatform 1
Rule_75	?a chosen_Answer_Code ?d ?d type User => ?a ResponseOnPlatform 1	441_UM17 chosen_Answer_Code 3 | 3 type User => 441_UM17 ResponseOnPlatform 1
Rule_75	?a chosen_Answer_Code ?d ?d type User => ?a ResponseOnPlatform 1	108_M002_01 chosen_Answer_Code 10 | 10 type User => 108_M002_01 ResponseOnPlatform 1
Rule_75	?a chosen_Answer_Code ?d ?d type User => ?a ResponseOnPlatform 1	228_M010_01 chosen_Answer_Code 9 | 9 type User => 228_M010_01 ResponseOnPlatform 1
Rule_75	?a chosen_Answer_Code ?d ?d type User => ?a ResponseOnPlatform 1	398_SU01_04 chosen_Answer_Code 5 | 5 type User => 398_SU01_04 ResponseOnPlatform 1
Rule_75	?a chosen_Answer_Code ?d ?d type User => ?a ResponseOnPlatform 1	328_SU01_08 chosen_Answer_Code 4 | 4 type User => 328_SU01_08 ResponseOnPlatform 1
Rule_75	?a chosen_Answer_Code ?d ?d type User => ?a ResponseOnPlatform 1	421_UM18 chosen_Answer_Code 3 | 3 type User => 421_UM18 ResponseOnPlatform 1
Rule_75	?a chosen_Answer_Code ?d ?d type User => ?a ResponseOnPlatform 1	118_M004_01 chosen_Answer_Code 6 | 6 type User => 118_M004_01 ResponseOnPlatform 1
Rule_75	?a chosen_Answer_Code ?d ?d type User => ?a ResponseOnPlatform 1	194_M003_01 chosen_Answer_Code 9 | 9 type User => 194_M003_01 ResponseOnPlatform 1
Rule_75	?a chosen_Answer_Code ?d ?d type User => ?a ResponseOnPlatform 1	295_M005 chosen_Answer_Code 2 | 2 type User => 295_M005 ResponseOnPlatform 1
Rule_75	?a chosen_Answer_Code ?d ?d type User => ?a ResponseOnPlatform 1	409_UM09 chosen_Answer_Code 5 | 5 type User => 409_UM09 ResponseOnPlatform 1
Rule_75	?a chosen_Answer_Code ?d ?d type User => ?a ResponseOnPlatform 1	443_UM13 chosen_Answer_Code 5 | 5 type User => 443_UM13 ResponseOnPlatform 1
Rule_75	?a chosen_Answer_Code ?d ?d type User => ?a ResponseOnPlatform 1	415_UM04 chosen_Answer_Code 4 | 4 type User => 415_UM04 ResponseOnPlatform 1
Rule_75	?a chosen_Answer_Code ?d ?d type User => ?a ResponseOnPlatform 1	331_SU01_07 chosen_Answer_Code 4 | 4 type User => 331_SU01_07 ResponseOnPlatform 1
Rule_75	?a chosen_Answer_Code ?d ?d type User => ?a ResponseOnPlatform 1	412_UM22 chosen_Answer_Code 5 | 5 type User => 412_UM22 ResponseOnPlatform 1
Rule_75	?a chosen_Answer_Code ?d ?d type User => ?a ResponseOnPlatform 1	360_SU01_06 chosen_Answer_Code 5 | 5 type User => 360_SU01_06 ResponseOnPlatform 1
Rule_75	?a chosen_Answer_Code ?d ?d type User => ?a ResponseOnPlatform 1	473_UM22 chosen_Answer_Code 3 | 3 type User => 473_UM22 ResponseOnPlatform 1
Rule_75	?a chosen_Answer_Code ?d ?d type User => ?a ResponseOnPlatform 1	79_M002_01 chosen_Answer_Code 10 | 10 type User => 79_M002_01 ResponseOnPlatform 1
Rule_75	?a chosen_Answer_Code ?d ?d type User => ?a ResponseOnPlatform 1	292_M010_01 chosen_Answer_Code 10 | 10 type User => 292_M010_01 ResponseOnPlatform 1
Rule_75	?a chosen_Answer_Code ?d ?d type User => ?a ResponseOnPlatform 1	360_SU01_04 chosen_Answer_Code 5 | 5 type User => 360_SU01_04 ResponseOnPlatform 1
Rule_75	?a chosen_Answer_Code ?d ?d type User => ?a ResponseOnPlatform 1	120_M003_01 chosen_Answer_Code 10 | 10 type User => 120_M003_01 ResponseOnPlatform 1
Rule_75	?a chosen_Answer_Code ?d ?d type User => ?a ResponseOnPlatform 1	490_UM11 chosen_Answer_Code 3 | 3 type User => 490_UM11 ResponseOnPlatform 1
Rule_75	?a chosen_Answer_Code ?d ?d type User => ?a ResponseOnPlatform 1	412_UM06 chosen_Answer_Code 5 | 5 type User => 412_UM06 ResponseOnPlatform 1
Rule_75	?a chosen_Answer_Code ?d ?d type User => ?a ResponseOnPlatform 1	453_UM03 chosen_Answer_Code 4 | 4 type User => 453_UM03 ResponseOnPlatform 1
Rule_75	?a chosen_Answer_Code ?d ?d type User => ?a ResponseOnPlatform 1	431_UM07 chosen_Answer_Code 4 | 4 type User => 431_UM07 ResponseOnPlatform 1
Rule_75	?a chosen_Answer_Code ?d ?d type User => ?a ResponseOnPlatform 1	88_M005 chosen_Answer_Code 2 | 2 type User => 88_M005 ResponseOnPlatform 1
Rule_75	?a chosen_Answer_Code ?d ?d type User => ?a ResponseOnPlatform 1	46_M010_01 chosen_Answer_Code 6 | 6 type User => 46_M010_01 ResponseOnPlatform 1
Rule_75	?a chosen_Answer_Code ?d ?d type User => ?a ResponseOnPlatform 1	149_M010_01 chosen_Answer_Code 8 | 8 type User => 149_M010_01 ResponseOnPlatform 1
Rule_75	?a chosen_Answer_Code ?d ?d type User => ?a ResponseOnPlatform 1	22_M006_01 chosen_Answer_Code 10 | 10 type User => 22_M006_01 ResponseOnPlatform 1
Rule_75	?a chosen_Answer_Code ?d ?d type User => ?a ResponseOnPlatform 1	441_UM01 chosen_Answer_Code 5 | 5 type User => 441_UM01 ResponseOnPlatform 1
Rule_75	?a chosen_Answer_Code ?d ?d type User => ?a ResponseOnPlatform 1	484_UM06 chosen_Answer_Code 4 | 4 type User => 484_UM06 ResponseOnPlatform 1
Rule_75	?a chosen_Answer_Code ?d ?d type User => ?a ResponseOnPlatform 1	214_M010_01 chosen_Answer_Code 8 | 8 type User => 214_M010_01 ResponseOnPlatform 1
Rule_75	?a chosen_Answer_Code ?d ?d type User => ?a ResponseOnPlatform 1	76_M003_01 chosen_Answer_Code 8 | 8 type User => 76_M003_01 ResponseOnPlatform 1
Rule_75	?a chosen_Answer_Code ?d ?d type User => ?a ResponseOnPlatform 1	410_UM22 chosen_Answer_Code 3 | 3 type User => 410_UM22 ResponseOnPlatform 1
Rule_75	?a chosen_Answer_Code ?d ?d type User => ?a ResponseOnPlatform 1	419_UM08 chosen_Answer_Code 4 | 4 type User => 419_UM08 ResponseOnPlatform 1
Rule_75	?a chosen_Answer_Code ?d ?d type User => ?a ResponseOnPlatform 1	481_UM15 chosen_Answer_Code 5 | 5 type User => 481_UM15 ResponseOnPlatform 1
Rule_75	?a chosen_Answer_Code ?d ?d type User => ?a ResponseOnPlatform 1	259_M003_01 chosen_Answer_Code 9 | 9 type User => 259_M003_01 ResponseOnPlatform 1
Rule_75	?a chosen_Answer_Code ?d ?d type User => ?a ResponseOnPlatform 1	24_M004_01 chosen_Answer_Code 7 | 7 type User => 24_M004_01 ResponseOnPlatform 1
Rule_75	?a chosen_Answer_Code ?d ?d type User => ?a ResponseOnPlatform 1	474_UM15 chosen_Answer_Code 4 | 4 type User => 474_UM15 ResponseOnPlatform 1
Rule_75	?a chosen_Answer_Code ?d ?d type User => ?a ResponseOnPlatform 1	439_UM07 chosen_Answer_Code 4 | 4 type User => 439_UM07 ResponseOnPlatform 1
Rule_75	?a chosen_Answer_Code ?d ?d type User => ?a ResponseOnPlatform 1	179_M002_01 chosen_Answer_Code 5 | 5 type User => 179_M002_01 ResponseOnPlatform 1
Rule_75	?a chosen_Answer_Code ?d ?d type User => ?a ResponseOnPlatform 1	331_SU01_03 chosen_Answer_Code 4 | 4 type User => 331_SU01_03 ResponseOnPlatform 1
Rule_75	?a chosen_Answer_Code ?d ?d type User => ?a ResponseOnPlatform 1	233_M005 chosen_Answer_Code 1 | 1 type User => 233_M005 ResponseOnPlatform 1
Rule_75	?a chosen_Answer_Code ?d ?d type User => ?a ResponseOnPlatform 1	124_M003_01 chosen_Answer_Code 5 | 5 type User => 124_M003_01 ResponseOnPlatform 1
Rule_75	?a chosen_Answer_Code ?d ?d type User => ?a ResponseOnPlatform 1	421_UM14 chosen_Answer_Code 5 | 5 type User => 421_UM14 ResponseOnPlatform 1
Rule_75	?a chosen_Answer_Code ?d ?d type User => ?a ResponseOnPlatform 1	485_UM13 chosen_Answer_Code 5 | 5 type User => 485_UM13 ResponseOnPlatform 1
Rule_75	?a chosen_Answer_Code ?d ?d type User => ?a ResponseOnPlatform 1	457_UM18 chosen_Answer_Code 3 | 3 type User => 457_UM18 ResponseOnPlatform 1
Rule_75	?a chosen_Answer_Code ?d ?d type User => ?a ResponseOnPlatform 1	453_UM13 chosen_Answer_Code 4 | 4 type User => 453_UM13 ResponseOnPlatform 1
Rule_75	?a chosen_Answer_Code ?d ?d type User => ?a ResponseOnPlatform 1	437_UM25 chosen_Answer_Code 5 | 5 type User => 437_UM25 ResponseOnPlatform 1
Rule_75	?a chosen_Answer_Code ?d ?d type User => ?a ResponseOnPlatform 1	429_UM23 chosen_Answer_Code 3 | 3 type User => 429_UM23 ResponseOnPlatform 1
Rule_75	?a chosen_Answer_Code ?d ?d type User => ?a ResponseOnPlatform 1	399_SU01_02 chosen_Answer_Code 5 | 5 type User => 399_SU01_02 ResponseOnPlatform 1
Rule_75	?a chosen_Answer_Code ?d ?d type User => ?a ResponseOnPlatform 1	453_UM18 chosen_Answer_Code 3 | 3 type User => 453_UM18 ResponseOnPlatform 1
Rule_75	?a chosen_Answer_Code ?d ?d type User => ?a ResponseOnPlatform 1	361_SU01_02 chosen_Answer_Code 5 | 5 type User => 361_SU01_02 ResponseOnPlatform 1
Rule_75	?a chosen_Answer_Code ?d ?d type User => ?a ResponseOnPlatform 1	421_UM03 chosen_Answer_Code 3 | 3 type User => 421_UM03 ResponseOnPlatform 1
Rule_75	?a chosen_Answer_Code ?d ?d type User => ?a ResponseOnPlatform 1	358_SU01_10 chosen_Answer_Code 3 | 3 type User => 358_SU01_10 ResponseOnPlatform 1
Rule_75	?a chosen_Answer_Code ?d ?d type User => ?a ResponseOnPlatform 1	407_UM19 chosen_Answer_Code 5 | 5 type User => 407_UM19 ResponseOnPlatform 1
Rule_75	?a chosen_Answer_Code ?d ?d type User => ?a ResponseOnPlatform 1	297_M004_01 chosen_Answer_Code 10 | 10 type User => 297_M004_01 ResponseOnPlatform 1
Rule_75	?a chosen_Answer_Code ?d ?d type User => ?a ResponseOnPlatform 1	426_UM24 chosen_Answer_Code 4 | 4 type User => 426_UM24 ResponseOnPlatform 1
Rule_75	?a chosen_Answer_Code ?d ?d type User => ?a ResponseOnPlatform 1	321_SU01_05 chosen_Answer_Code 5 | 5 type User => 321_SU01_05 ResponseOnPlatform 1
Rule_75	?a chosen_Answer_Code ?d ?d type User => ?a ResponseOnPlatform 1	66_M003_01 chosen_Answer_Code 6 | 6 type User => 66_M003_01 ResponseOnPlatform 1
Rule_75	?a chosen_Answer_Code ?d ?d type User => ?a ResponseOnPlatform 1	94_M006_01 chosen_Answer_Code 9 | 9 type User => 94_M006_01 ResponseOnPlatform 1
Rule_75	?a chosen_Answer_Code ?d ?d type User => ?a ResponseOnPlatform 1	393_SU01_07 chosen_Answer_Code 3 | 3 type User => 393_SU01_07 ResponseOnPlatform 1
Rule_75	?a chosen_Answer_Code ?d ?d type User => ?a ResponseOnPlatform 1	444_UM01 chosen_Answer_Code 5 | 5 type User => 444_UM01 ResponseOnPlatform 1
Rule_75	?a chosen_Answer_Code ?d ?d type User => ?a ResponseOnPlatform 1	413_UM13 chosen_Answer_Code 5 | 5 type User => 413_UM13 ResponseOnPlatform 1
Rule_75	?a chosen_Answer_Code ?d ?d type User => ?a ResponseOnPlatform 1	161_M010_01 chosen_Answer_Code 7 | 7 type User => 161_M010_01 ResponseOnPlatform 1
Rule_75	?a chosen_Answer_Code ?d ?d type User => ?a ResponseOnPlatform 1	387_SU01_01 chosen_Answer_Code 3 | 3 type User => 387_SU01_01 ResponseOnPlatform 1
Rule_75	?a chosen_Answer_Code ?d ?d type User => ?a ResponseOnPlatform 1	214_M004_01 chosen_Answer_Code 10 | 10 type User => 214_M004_01 ResponseOnPlatform 1
Rule_75	?a chosen_Answer_Code ?d ?d type User => ?a ResponseOnPlatform 1	464_UM22 chosen_Answer_Code 4 | 4 type User => 464_UM22 ResponseOnPlatform 1
Rule_75	?a chosen_Answer_Code ?d ?d type User => ?a ResponseOnPlatform 1	429_UM15 chosen_Answer_Code 4 | 4 type User => 429_UM15 ResponseOnPlatform 1
Rule_75	?a chosen_Answer_Code ?d ?d type User => ?a ResponseOnPlatform 1	312_SU01_01 chosen_Answer_Code 5 | 5 type User => 312_SU01_01 ResponseOnPlatform 1
Rule_75	?a chosen_Answer_Code ?d ?d type User => ?a ResponseOnPlatform 1	46_M004_01 chosen_Answer_Code 7 | 7 type User => 46_M004_01 ResponseOnPlatform 1
Rule_75	?a chosen_Answer_Code ?d ?d type User => ?a ResponseOnPlatform 1	238_M004_01 chosen_Answer_Code 8 | 8 type User => 238_M004_01 ResponseOnPlatform 1
Rule_75	?a chosen_Answer_Code ?d ?d type User => ?a ResponseOnPlatform 1	258_M003_01 chosen_Answer_Code 7 | 7 type User => 258_M003_01 ResponseOnPlatform 1
Rule_75	?a chosen_Answer_Code ?d ?d type User => ?a ResponseOnPlatform 1	478_UM22 chosen_Answer_Code 3 | 3 type User => 478_UM22 ResponseOnPlatform 1
Rule_75	?a chosen_Answer_Code ?d ?d type User => ?a ResponseOnPlatform 1	234_M005 chosen_Answer_Code 1 | 1 type User => 234_M005 ResponseOnPlatform 1
Rule_75	?a chosen_Answer_Code ?d ?d type User => ?a ResponseOnPlatform 1	250_M003_01 chosen_Answer_Code 10 | 10 type User => 250_M003_01 ResponseOnPlatform 1
Rule_75	?a chosen_Answer_Code ?d ?d type User => ?a ResponseOnPlatform 1	368_SU01_07 chosen_Answer_Code 5 | 5 type User => 368_SU01_07 ResponseOnPlatform 1
Rule_75	?a chosen_Answer_Code ?d ?d type User => ?a ResponseOnPlatform 1	457_UM20 chosen_Answer_Code 5 | 5 type User => 457_UM20 ResponseOnPlatform 1
Rule_75	?a chosen_Answer_Code ?d ?d type User => ?a ResponseOnPlatform 1	375_SU01_01 chosen_Answer_Code 4 | 4 type User => 375_SU01_01 ResponseOnPlatform 1
Rule_75	?a chosen_Answer_Code ?d ?d type User => ?a ResponseOnPlatform 1	314_SU01_09 chosen_Answer_Code 4 | 4 type User => 314_SU01_09 ResponseOnPlatform 1
Rule_75	?a chosen_Answer_Code ?d ?d type User => ?a ResponseOnPlatform 1	445_UM14 chosen_Answer_Code 4 | 4 type User => 445_UM14 ResponseOnPlatform 1
Rule_75	?a chosen_Answer_Code ?d ?d type User => ?a ResponseOnPlatform 1	453_UM25 chosen_Answer_Code 4 | 4 type User => 453_UM25 ResponseOnPlatform 1
Rule_75	?a chosen_Answer_Code ?d ?d type User => ?a ResponseOnPlatform 1	362_SU01_08 chosen_Answer_Code 5 | 5 type User => 362_SU01_08 ResponseOnPlatform 1
Rule_75	?a chosen_Answer_Code ?d ?d type User => ?a ResponseOnPlatform 1	12_M010_01 chosen_Answer_Code 6 | 6 type User => 12_M010_01 ResponseOnPlatform 1
Rule_75	?a chosen_Answer_Code ?d ?d type User => ?a ResponseOnPlatform 1	348_SU01_05 chosen_Answer_Code 4 | 4 type User => 348_SU01_05 ResponseOnPlatform 1
Rule_75	?a chosen_Answer_Code ?d ?d type User => ?a ResponseOnPlatform 1	338_SU01_04 chosen_Answer_Code 5 | 5 type User => 338_SU01_04 ResponseOnPlatform 1
Rule_75	?a chosen_Answer_Code ?d ?d type User => ?a ResponseOnPlatform 1	258_M002_01 chosen_Answer_Code 7 | 7 type User => 258_M002_01 ResponseOnPlatform 1
Rule_75	?a chosen_Answer_Code ?d ?d type User => ?a ResponseOnPlatform 1	57_M002_01 chosen_Answer_Code 10 | 10 type User => 57_M002_01 ResponseOnPlatform 1
Rule_75	?a chosen_Answer_Code ?d ?d type User => ?a ResponseOnPlatform 1	154_M010_01 chosen_Answer_Code 8 | 8 type User => 154_M010_01 ResponseOnPlatform 1
Rule_75	?a chosen_Answer_Code ?d ?d type User => ?a ResponseOnPlatform 1	481_UM11 chosen_Answer_Code 5 | 5 type User => 481_UM11 ResponseOnPlatform 1
Rule_75	?a chosen_Answer_Code ?d ?d type User => ?a ResponseOnPlatform 1	169_M006_01 chosen_Answer_Code 9 | 9 type User => 169_M006_01 ResponseOnPlatform 1
Rule_75	?a chosen_Answer_Code ?d ?d type User => ?a ResponseOnPlatform 1	407_UM25 chosen_Answer_Code 5 | 5 type User => 407_UM25 ResponseOnPlatform 1
Rule_75	?a chosen_Answer_Code ?d ?d type User => ?a ResponseOnPlatform 1	359_SU01_02 chosen_Answer_Code 5 | 5 type User => 359_SU01_02 ResponseOnPlatform 1
Rule_75	?a chosen_Answer_Code ?d ?d type User => ?a ResponseOnPlatform 1	174_M005 chosen_Answer_Code 2 | 2 type User => 174_M005 ResponseOnPlatform 1
Rule_75	?a chosen_Answer_Code ?d ?d type User => ?a ResponseOnPlatform 1	171_M003_01 chosen_Answer_Code 5 | 5 type User => 171_M003_01 ResponseOnPlatform 1
Rule_75	?a chosen_Answer_Code ?d ?d type User => ?a ResponseOnPlatform 1	194_M005 chosen_Answer_Code 1 | 1 type User => 194_M005 ResponseOnPlatform 1
Rule_75	?a chosen_Answer_Code ?d ?d type User => ?a ResponseOnPlatform 1	365_SU01_03 chosen_Answer_Code 4 | 4 type User => 365_SU01_03 ResponseOnPlatform 1
Rule_75	?a chosen_Answer_Code ?d ?d type User => ?a ResponseOnPlatform 1	138_M003_01 chosen_Answer_Code 7 | 7 type User => 138_M003_01 ResponseOnPlatform 1
Rule_75	?a chosen_Answer_Code ?d ?d type User => ?a ResponseOnPlatform 1	207_M003_01 chosen_Answer_Code 10 | 10 type User => 207_M003_01 ResponseOnPlatform 1
Rule_75	?a chosen_Answer_Code ?d ?d type User => ?a ResponseOnPlatform 1	440_UM18 chosen_Answer_Code 3 | 3 type User => 440_UM18 ResponseOnPlatform 1
Rule_75	?a chosen_Answer_Code ?d ?d type User => ?a ResponseOnPlatform 1	335_SU01_04 chosen_Answer_Code 5 | 5 type User => 335_SU01_04 ResponseOnPlatform 1
Rule_75	?a chosen_Answer_Code ?d ?d type User => ?a ResponseOnPlatform 1	406_UM13 chosen_Answer_Code 5 | 5 type User => 406_UM13 ResponseOnPlatform 1
Rule_75	?a chosen_Answer_Code ?d ?d type User => ?a ResponseOnPlatform 1	223_M005 chosen_Answer_Code 1 | 1 type User => 223_M005 ResponseOnPlatform 1
Rule_75	?a chosen_Answer_Code ?d ?d type User => ?a ResponseOnPlatform 1	212_M005 chosen_Answer_Code 3 | 3 type User => 212_M005 ResponseOnPlatform 1
Rule_75	?a chosen_Answer_Code ?d ?d type User => ?a ResponseOnPlatform 1	431_UM01 chosen_Answer_Code 3 | 3 type User => 431_UM01 ResponseOnPlatform 1
Rule_75	?a chosen_Answer_Code ?d ?d type User => ?a ResponseOnPlatform 1	482_UM24 chosen_Answer_Code 4 | 4 type User => 482_UM24 ResponseOnPlatform 1
Rule_75	?a chosen_Answer_Code ?d ?d type User => ?a ResponseOnPlatform 1	49_M003_01 chosen_Answer_Code 9 | 9 type User => 49_M003_01 ResponseOnPlatform 1
Rule_75	?a chosen_Answer_Code ?d ?d type User => ?a ResponseOnPlatform 1	368_SU01_08 chosen_Answer_Code 5 | 5 type User => 368_SU01_08 ResponseOnPlatform 1
Rule_75	?a chosen_Answer_Code ?d ?d type User => ?a ResponseOnPlatform 1	376_SU01_02 chosen_Answer_Code 4 | 4 type User => 376_SU01_02 ResponseOnPlatform 1
Rule_75	?a chosen_Answer_Code ?d ?d type User => ?a ResponseOnPlatform 1	17_M002_01 chosen_Answer_Code 5 | 5 type User => 17_M002_01 ResponseOnPlatform 1
Rule_75	?a chosen_Answer_Code ?d ?d type User => ?a ResponseOnPlatform 1	491_UM19 chosen_Answer_Code 4 | 4 type User => 491_UM19 ResponseOnPlatform 1
Rule_75	?a chosen_Answer_Code ?d ?d type User => ?a ResponseOnPlatform 1	423_UM08 chosen_Answer_Code 5 | 5 type User => 423_UM08 ResponseOnPlatform 1
Rule_75	?a chosen_Answer_Code ?d ?d type User => ?a ResponseOnPlatform 1	476_UM12 chosen_Answer_Code 6 | 6 type User => 476_UM12 ResponseOnPlatform 1
Rule_75	?a chosen_Answer_Code ?d ?d type User => ?a ResponseOnPlatform 1	266_M004_01 chosen_Answer_Code 10 | 10 type User => 266_M004_01 ResponseOnPlatform 1
Rule_75	?a chosen_Answer_Code ?d ?d type User => ?a ResponseOnPlatform 1	435_UM15 chosen_Answer_Code 4 | 4 type User => 435_UM15 ResponseOnPlatform 1
Rule_75	?a chosen_Answer_Code ?d ?d type User => ?a ResponseOnPlatform 1	476_UM22 chosen_Answer_Code 4 | 4 type User => 476_UM22 ResponseOnPlatform 1
Rule_75	?a chosen_Answer_Code ?d ?d type User => ?a ResponseOnPlatform 1	486_UM09 chosen_Answer_Code 5 | 5 type User => 486_UM09 ResponseOnPlatform 1
Rule_75	?a chosen_Answer_Code ?d ?d type User => ?a ResponseOnPlatform 1	402_SU01_05 chosen_Answer_Code 4 | 4 type User => 402_SU01_05 ResponseOnPlatform 1
Rule_75	?a chosen_Answer_Code ?d ?d type User => ?a ResponseOnPlatform 1	333_SU01_10 chosen_Answer_Code 3 | 3 type User => 333_SU01_10 ResponseOnPlatform 1
Rule_75	?a chosen_Answer_Code ?d ?d type User => ?a ResponseOnPlatform 1	89_M003_01 chosen_Answer_Code 9 | 9 type User => 89_M003_01 ResponseOnPlatform 1
Rule_75	?a chosen_Answer_Code ?d ?d type User => ?a ResponseOnPlatform 1	206_M003_01 chosen_Answer_Code 10 | 10 type User => 206_M003_01 ResponseOnPlatform 1
Rule_75	?a chosen_Answer_Code ?d ?d type User => ?a ResponseOnPlatform 1	434_UM02 chosen_Answer_Code 2 | 2 type User => 434_UM02 ResponseOnPlatform 1
Rule_75	?a chosen_Answer_Code ?d ?d type User => ?a ResponseOnPlatform 1	427_UM22 chosen_Answer_Code 3 | 3 type User => 427_UM22 ResponseOnPlatform 1
Rule_75	?a chosen_Answer_Code ?d ?d type User => ?a ResponseOnPlatform 1	33_M002_01 chosen_Answer_Code 8 | 8 type User => 33_M002_01 ResponseOnPlatform 1
Rule_75	?a chosen_Answer_Code ?d ?d type User => ?a ResponseOnPlatform 1	430_UM14 chosen_Answer_Code 4 | 4 type User => 430_UM14 ResponseOnPlatform 1
Rule_75	?a chosen_Answer_Code ?d ?d type User => ?a ResponseOnPlatform 1	376_SU01_09 chosen_Answer_Code 4 | 4 type User => 376_SU01_09 ResponseOnPlatform 1
Rule_75	?a chosen_Answer_Code ?d ?d type User => ?a ResponseOnPlatform 1	194_M006_01 chosen_Answer_Code 9 | 9 type User => 194_M006_01 ResponseOnPlatform 1
Rule_75	?a chosen_Answer_Code ?d ?d type User => ?a ResponseOnPlatform 1	369_SU01_08 chosen_Answer_Code 5 | 5 type User => 369_SU01_08 ResponseOnPlatform 1
Rule_75	?a chosen_Answer_Code ?d ?d type User => ?a ResponseOnPlatform 1	16_M010_01 chosen_Answer_Code 7 | 7 type User => 16_M010_01 ResponseOnPlatform 1
Rule_75	?a chosen_Answer_Code ?d ?d type User => ?a ResponseOnPlatform 1	299_M010_01 chosen_Answer_Code 10 | 10 type User => 299_M010_01 ResponseOnPlatform 1
Rule_75	?a chosen_Answer_Code ?d ?d type User => ?a ResponseOnPlatform 1	350_SU01_02 chosen_Answer_Code 5 | 5 type User => 350_SU01_02 ResponseOnPlatform 1
Rule_75	?a chosen_Answer_Code ?d ?d type User => ?a ResponseOnPlatform 1	334_SU01_08 chosen_Answer_Code 5 | 5 type User => 334_SU01_08 ResponseOnPlatform 1
Rule_75	?a chosen_Answer_Code ?d ?d type User => ?a ResponseOnPlatform 1	48_M005 chosen_Answer_Code 2 | 2 type User => 48_M005 ResponseOnPlatform 1
Rule_75	?a chosen_Answer_Code ?d ?d type User => ?a ResponseOnPlatform 1	105_M010_01 chosen_Answer_Code 8 | 8 type User => 105_M010_01 ResponseOnPlatform 1
Rule_75	?a chosen_Answer_Code ?d ?d type User => ?a ResponseOnPlatform 1	43_M010_01 chosen_Answer_Code 3 | 3 type User => 43_M010_01 ResponseOnPlatform 1
Rule_75	?a chosen_Answer_Code ?d ?d type User => ?a ResponseOnPlatform 1	471_UM18 chosen_Answer_Code 2 | 2 type User => 471_UM18 ResponseOnPlatform 1
Rule_75	?a chosen_Answer_Code ?d ?d type User => ?a ResponseOnPlatform 1	450_UM14 chosen_Answer_Code 5 | 5 type User => 450_UM14 ResponseOnPlatform 1
Rule_75	?a chosen_Answer_Code ?d ?d type User => ?a ResponseOnPlatform 1	471_UM11 chosen_Answer_Code 4 | 4 type User => 471_UM11 ResponseOnPlatform 1
Rule_75	?a chosen_Answer_Code ?d ?d type User => ?a ResponseOnPlatform 1	346_SU01_05 chosen_Answer_Code 4 | 4 type User => 346_SU01_05 ResponseOnPlatform 1
Rule_75	?a chosen_Answer_Code ?d ?d type User => ?a ResponseOnPlatform 1	25_M004_01 chosen_Answer_Code 10 | 10 type User => 25_M004_01 ResponseOnPlatform 1
Rule_75	?a chosen_Answer_Code ?d ?d type User => ?a ResponseOnPlatform 1	433_UM14 chosen_Answer_Code 4 | 4 type User => 433_UM14 ResponseOnPlatform 1
Rule_75	?a chosen_Answer_Code ?d ?d type User => ?a ResponseOnPlatform 1	491_UM07 chosen_Answer_Code 4 | 4 type User => 491_UM07 ResponseOnPlatform 1
Rule_75	?a chosen_Answer_Code ?d ?d type User => ?a ResponseOnPlatform 1	270_M010_01 chosen_Answer_Code 10 | 10 type User => 270_M010_01 ResponseOnPlatform 1
Rule_75	?a chosen_Answer_Code ?d ?d type User => ?a ResponseOnPlatform 1	369_SU01_09 chosen_Answer_Code 5 | 5 type User => 369_SU01_09 ResponseOnPlatform 1
Rule_75	?a chosen_Answer_Code ?d ?d type User => ?a ResponseOnPlatform 1	424_UM15 chosen_Answer_Code 4 | 4 type User => 424_UM15 ResponseOnPlatform 1
Rule_75	?a chosen_Answer_Code ?d ?d type User => ?a ResponseOnPlatform 1	154_M003_01 chosen_Answer_Code 8 | 8 type User => 154_M003_01 ResponseOnPlatform 1
Rule_75	?a chosen_Answer_Code ?d ?d type User => ?a ResponseOnPlatform 1	419_UM11 chosen_Answer_Code 3 | 3 type User => 419_UM11 ResponseOnPlatform 1
Rule_75	?a chosen_Answer_Code ?d ?d type User => ?a ResponseOnPlatform 1	41_M010_01 chosen_Answer_Code 9 | 9 type User => 41_M010_01 ResponseOnPlatform 1
Rule_75	?a chosen_Answer_Code ?d ?d type User => ?a ResponseOnPlatform 1	488_UM11 chosen_Answer_Code 5 | 5 type User => 488_UM11 ResponseOnPlatform 1
Rule_75	?a chosen_Answer_Code ?d ?d type User => ?a ResponseOnPlatform 1	51_M002_01 chosen_Answer_Code 9 | 9 type User => 51_M002_01 ResponseOnPlatform 1
Rule_75	?a chosen_Answer_Code ?d ?d type User => ?a ResponseOnPlatform 1	457_UM23 chosen_Answer_Code 5 | 5 type User => 457_UM23 ResponseOnPlatform 1
Rule_75	?a chosen_Answer_Code ?d ?d type User => ?a ResponseOnPlatform 1	117_M010_01 chosen_Answer_Code 9 | 9 type User => 117_M010_01 ResponseOnPlatform 1
Rule_75	?a chosen_Answer_Code ?d ?d type User => ?a ResponseOnPlatform 1	450_UM16 chosen_Answer_Code 5 | 5 type User => 450_UM16 ResponseOnPlatform 1
Rule_75	?a chosen_Answer_Code ?d ?d type User => ?a ResponseOnPlatform 1	296_M006_01 chosen_Answer_Code 9 | 9 type User => 296_M006_01 ResponseOnPlatform 1
Rule_75	?a chosen_Answer_Code ?d ?d type User => ?a ResponseOnPlatform 1	406_UM14 chosen_Answer_Code 4 | 4 type User => 406_UM14 ResponseOnPlatform 1
Rule_75	?a chosen_Answer_Code ?d ?d type User => ?a ResponseOnPlatform 1	193_M005 chosen_Answer_Code 1 | 1 type User => 193_M005 ResponseOnPlatform 1
Rule_75	?a chosen_Answer_Code ?d ?d type User => ?a ResponseOnPlatform 1	458_UM07 chosen_Answer_Code 5 | 5 type User => 458_UM07 ResponseOnPlatform 1
Rule_75	?a chosen_Answer_Code ?d ?d type User => ?a ResponseOnPlatform 1	397_SU01_03 chosen_Answer_Code 5 | 5 type User => 397_SU01_03 ResponseOnPlatform 1
Rule_75	?a chosen_Answer_Code ?d ?d type User => ?a ResponseOnPlatform 1	455_UM16 chosen_Answer_Code 5 | 5 type User => 455_UM16 ResponseOnPlatform 1
Rule_75	?a chosen_Answer_Code ?d ?d type User => ?a ResponseOnPlatform 1	393_SU01_04 chosen_Answer_Code 5 | 5 type User => 393_SU01_04 ResponseOnPlatform 1
Rule_75	?a chosen_Answer_Code ?d ?d type User => ?a ResponseOnPlatform 1	73_M004_01 chosen_Answer_Code 10 | 10 type User => 73_M004_01 ResponseOnPlatform 1
Rule_75	?a chosen_Answer_Code ?d ?d type User => ?a ResponseOnPlatform 1	317_SU01_03 chosen_Answer_Code 2 | 2 type User => 317_SU01_03 ResponseOnPlatform 1
Rule_75	?a chosen_Answer_Code ?d ?d type User => ?a ResponseOnPlatform 1	132_M005 chosen_Answer_Code 1 | 1 type User => 132_M005 ResponseOnPlatform 1
Rule_75	?a chosen_Answer_Code ?d ?d type User => ?a ResponseOnPlatform 1	101_M002_01 chosen_Answer_Code 10 | 10 type User => 101_M002_01 ResponseOnPlatform 1
Rule_75	?a chosen_Answer_Code ?d ?d type User => ?a ResponseOnPlatform 1	76_M004_01 chosen_Answer_Code 9 | 9 type User => 76_M004_01 ResponseOnPlatform 1
Rule_75	?a chosen_Answer_Code ?d ?d type User => ?a ResponseOnPlatform 1	108_M003_01 chosen_Answer_Code 10 | 10 type User => 108_M003_01 ResponseOnPlatform 1
Rule_75	?a chosen_Answer_Code ?d ?d type User => ?a ResponseOnPlatform 1	411_UM12 chosen_Answer_Code 3 | 3 type User => 411_UM12 ResponseOnPlatform 1
Rule_75	?a chosen_Answer_Code ?d ?d type User => ?a ResponseOnPlatform 1	488_UM03 chosen_Answer_Code 4 | 4 type User => 488_UM03 ResponseOnPlatform 1
Rule_75	?a chosen_Answer_Code ?d ?d type User => ?a ResponseOnPlatform 1	228_M004_01 chosen_Answer_Code 9 | 9 type User => 228_M004_01 ResponseOnPlatform 1
Rule_75	?a chosen_Answer_Code ?d ?d type User => ?a ResponseOnPlatform 1	429_UM12 chosen_Answer_Code 4 | 4 type User => 429_UM12 ResponseOnPlatform 1
Rule_75	?a chosen_Answer_Code ?d ?d type User => ?a ResponseOnPlatform 1	194_M002_01 chosen_Answer_Code 8 | 8 type User => 194_M002_01 ResponseOnPlatform 1
Rule_75	?a chosen_Answer_Code ?d ?d type User => ?a ResponseOnPlatform 1	380_SU01_09 chosen_Answer_Code 1 | 1 type User => 380_SU01_09 ResponseOnPlatform 1
Rule_75	?a chosen_Answer_Code ?d ?d type User => ?a ResponseOnPlatform 1	465_UM03 chosen_Answer_Code 3 | 3 type User => 465_UM03 ResponseOnPlatform 1
Rule_75	?a chosen_Answer_Code ?d ?d type User => ?a ResponseOnPlatform 1	242_M003_01 chosen_Answer_Code 8 | 8 type User => 242_M003_01 ResponseOnPlatform 1
Rule_75	?a chosen_Answer_Code ?d ?d type User => ?a ResponseOnPlatform 1	399_SU01_03 chosen_Answer_Code 5 | 5 type User => 399_SU01_03 ResponseOnPlatform 1
Rule_75	?a chosen_Answer_Code ?d ?d type User => ?a ResponseOnPlatform 1	122_M005 chosen_Answer_Code 2 | 2 type User => 122_M005 ResponseOnPlatform 1
Rule_75	?a chosen_Answer_Code ?d ?d type User => ?a ResponseOnPlatform 1	455_UM17 chosen_Answer_Code 3 | 3 type User => 455_UM17 ResponseOnPlatform 1
Rule_75	?a chosen_Answer_Code ?d ?d type User => ?a ResponseOnPlatform 1	102_M003_01 chosen_Answer_Code 8 | 8 type User => 102_M003_01 ResponseOnPlatform 1
Rule_75	?a chosen_Answer_Code ?d ?d type User => ?a ResponseOnPlatform 1	380_SU01_08 chosen_Answer_Code 5 | 5 type User => 380_SU01_08 ResponseOnPlatform 1
Rule_75	?a chosen_Answer_Code ?d ?d type User => ?a ResponseOnPlatform 1	432_UM22 chosen_Answer_Code 4 | 4 type User => 432_UM22 ResponseOnPlatform 1
Rule_75	?a chosen_Answer_Code ?d ?d type User => ?a ResponseOnPlatform 1	407_UM01 chosen_Answer_Code 5 | 5 type User => 407_UM01 ResponseOnPlatform 1
Rule_75	?a chosen_Answer_Code ?d ?d type User => ?a ResponseOnPlatform 1	346_SU01_10 chosen_Answer_Code 2 | 2 type User => 346_SU01_10 ResponseOnPlatform 1
Rule_75	?a chosen_Answer_Code ?d ?d type User => ?a ResponseOnPlatform 1	429_UM18 chosen_Answer_Code 1 | 1 type User => 429_UM18 ResponseOnPlatform 1
Rule_75	?a chosen_Answer_Code ?d ?d type User => ?a ResponseOnPlatform 1	430_UM06 chosen_Answer_Code 5 | 5 type User => 430_UM06 ResponseOnPlatform 1
Rule_75	?a chosen_Answer_Code ?d ?d type User => ?a ResponseOnPlatform 1	248_M006_01 chosen_Answer_Code 5 | 5 type User => 248_M006_01 ResponseOnPlatform 1
Rule_75	?a chosen_Answer_Code ?d ?d type User => ?a ResponseOnPlatform 1	469_UM24 chosen_Answer_Code 3 | 3 type User => 469_UM24 ResponseOnPlatform 1
Rule_75	?a chosen_Answer_Code ?d ?d type User => ?a ResponseOnPlatform 1	190_M006_01 chosen_Answer_Code 8 | 8 type User => 190_M006_01 ResponseOnPlatform 1
Rule_75	?a chosen_Answer_Code ?d ?d type User => ?a ResponseOnPlatform 1	419_UM10 chosen_Answer_Code 4 | 4 type User => 419_UM10 ResponseOnPlatform 1
Rule_75	?a chosen_Answer_Code ?d ?d type User => ?a ResponseOnPlatform 1	18_M005 chosen_Answer_Code 2 | 2 type User => 18_M005 ResponseOnPlatform 1
Rule_75	?a chosen_Answer_Code ?d ?d type User => ?a ResponseOnPlatform 1	9_M003_01 chosen_Answer_Code 10 | 10 type User => 9_M003_01 ResponseOnPlatform 1
Rule_75	?a chosen_Answer_Code ?d ?d type User => ?a ResponseOnPlatform 1	247_M002_01 chosen_Answer_Code 8 | 8 type User => 247_M002_01 ResponseOnPlatform 1
Rule_75	?a chosen_Answer_Code ?d ?d type User => ?a ResponseOnPlatform 1	106_M003_01 chosen_Answer_Code 7 | 7 type User => 106_M003_01 ResponseOnPlatform 1
Rule_75	?a chosen_Answer_Code ?d ?d type User => ?a ResponseOnPlatform 1	467_UM22 chosen_Answer_Code 5 | 5 type User => 467_UM22 ResponseOnPlatform 1
Rule_75	?a chosen_Answer_Code ?d ?d type User => ?a ResponseOnPlatform 1	453_UM20 chosen_Answer_Code 5 | 5 type User => 453_UM20 ResponseOnPlatform 1
Rule_75	?a chosen_Answer_Code ?d ?d type User => ?a ResponseOnPlatform 1	52_M002_01 chosen_Answer_Code 9 | 9 type User => 52_M002_01 ResponseOnPlatform 1
Rule_75	?a chosen_Answer_Code ?d ?d type User => ?a ResponseOnPlatform 1	280_M004_01 chosen_Answer_Code 8 | 8 type User => 280_M004_01 ResponseOnPlatform 1
Rule_75	?a chosen_Answer_Code ?d ?d type User => ?a ResponseOnPlatform 1	308_M006_01 chosen_Answer_Code 6 | 6 type User => 308_M006_01 ResponseOnPlatform 1
Rule_75	?a chosen_Answer_Code ?d ?d type User => ?a ResponseOnPlatform 1	161_M002_01 chosen_Answer_Code 8 | 8 type User => 161_M002_01 ResponseOnPlatform 1
Rule_75	?a chosen_Answer_Code ?d ?d type User => ?a ResponseOnPlatform 1	481_UM02 chosen_Answer_Code 5 | 5 type User => 481_UM02 ResponseOnPlatform 1
Rule_75	?a chosen_Answer_Code ?d ?d type User => ?a ResponseOnPlatform 1	100_M005 chosen_Answer_Code 2 | 2 type User => 100_M005 ResponseOnPlatform 1
Rule_75	?a chosen_Answer_Code ?d ?d type User => ?a ResponseOnPlatform 1	481_UM09 chosen_Answer_Code 5 | 5 type User => 481_UM09 ResponseOnPlatform 1
Rule_75	?a chosen_Answer_Code ?d ?d type User => ?a ResponseOnPlatform 1	223_M003_01 chosen_Answer_Code 8 | 8 type User => 223_M003_01 ResponseOnPlatform 1
Rule_75	?a chosen_Answer_Code ?d ?d type User => ?a ResponseOnPlatform 1	419_UM14 chosen_Answer_Code 5 | 5 type User => 419_UM14 ResponseOnPlatform 1
Rule_75	?a chosen_Answer_Code ?d ?d type User => ?a ResponseOnPlatform 1	407_UM24 chosen_Answer_Code 5 | 5 type User => 407_UM24 ResponseOnPlatform 1
Rule_75	?a chosen_Answer_Code ?d ?d type User => ?a ResponseOnPlatform 1	431_UM04 chosen_Answer_Code 4 | 4 type User => 431_UM04 ResponseOnPlatform 1
Rule_75	?a chosen_Answer_Code ?d ?d type User => ?a ResponseOnPlatform 1	437_UM12 chosen_Answer_Code 4 | 4 type User => 437_UM12 ResponseOnPlatform 1
Rule_75	?a chosen_Answer_Code ?d ?d type User => ?a ResponseOnPlatform 1	366_SU01_04 chosen_Answer_Code 3 | 3 type User => 366_SU01_04 ResponseOnPlatform 1
Rule_75	?a chosen_Answer_Code ?d ?d type User => ?a ResponseOnPlatform 1	459_UM08 chosen_Answer_Code 5 | 5 type User => 459_UM08 ResponseOnPlatform 1
Rule_75	?a chosen_Answer_Code ?d ?d type User => ?a ResponseOnPlatform 1	57_M006_01 chosen_Answer_Code 9 | 9 type User => 57_M006_01 ResponseOnPlatform 1
Rule_75	?a chosen_Answer_Code ?d ?d type User => ?a ResponseOnPlatform 1	463_UM23 chosen_Answer_Code 5 | 5 type User => 463_UM23 ResponseOnPlatform 1
Rule_75	?a chosen_Answer_Code ?d ?d type User => ?a ResponseOnPlatform 1	33_M006_01 chosen_Answer_Code 10 | 10 type User => 33_M006_01 ResponseOnPlatform 1
Rule_75	?a chosen_Answer_Code ?d ?d type User => ?a ResponseOnPlatform 1	420_UM10 chosen_Answer_Code 5 | 5 type User => 420_UM10 ResponseOnPlatform 1
Rule_75	?a chosen_Answer_Code ?d ?d type User => ?a ResponseOnPlatform 1	476_UM11 chosen_Answer_Code 5 | 5 type User => 476_UM11 ResponseOnPlatform 1
Rule_75	?a chosen_Answer_Code ?d ?d type User => ?a ResponseOnPlatform 1	430_UM19 chosen_Answer_Code 4 | 4 type User => 430_UM19 ResponseOnPlatform 1
Rule_75	?a chosen_Answer_Code ?d ?d type User => ?a ResponseOnPlatform 1	464_UM11 chosen_Answer_Code 4 | 4 type User => 464_UM11 ResponseOnPlatform 1
Rule_75	?a chosen_Answer_Code ?d ?d type User => ?a ResponseOnPlatform 1	485_UM21 chosen_Answer_Code 5 | 5 type User => 485_UM21 ResponseOnPlatform 1
Rule_75	?a chosen_Answer_Code ?d ?d type User => ?a ResponseOnPlatform 1	465_UM08 chosen_Answer_Code 5 | 5 type User => 465_UM08 ResponseOnPlatform 1
Rule_75	?a chosen_Answer_Code ?d ?d type User => ?a ResponseOnPlatform 1	348_SU01_06 chosen_Answer_Code 4 | 4 type User => 348_SU01_06 ResponseOnPlatform 1
Rule_75	?a chosen_Answer_Code ?d ?d type User => ?a ResponseOnPlatform 1	84_M005 chosen_Answer_Code 2 | 2 type User => 84_M005 ResponseOnPlatform 1
Rule_75	?a chosen_Answer_Code ?d ?d type User => ?a ResponseOnPlatform 1	441_UM16 chosen_Answer_Code 5 | 5 type User => 441_UM16 ResponseOnPlatform 1
Rule_75	?a chosen_Answer_Code ?d ?d type User => ?a ResponseOnPlatform 1	339_SU01_05 chosen_Answer_Code 5 | 5 type User => 339_SU01_05 ResponseOnPlatform 1
Rule_75	?a chosen_Answer_Code ?d ?d type User => ?a ResponseOnPlatform 1	411_UM01 chosen_Answer_Code 3 | 3 type User => 411_UM01 ResponseOnPlatform 1
Rule_75	?a chosen_Answer_Code ?d ?d type User => ?a ResponseOnPlatform 1	439_UM01 chosen_Answer_Code 4 | 4 type User => 439_UM01 ResponseOnPlatform 1
Rule_75	?a chosen_Answer_Code ?d ?d type User => ?a ResponseOnPlatform 1	449_UM07 chosen_Answer_Code 4 | 4 type User => 449_UM07 ResponseOnPlatform 1
Rule_75	?a chosen_Answer_Code ?d ?d type User => ?a ResponseOnPlatform 1	10_M005 chosen_Answer_Code 1 | 1 type User => 10_M005 ResponseOnPlatform 1
Rule_75	?a chosen_Answer_Code ?d ?d type User => ?a ResponseOnPlatform 1	275_M003_01 chosen_Answer_Code 10 | 10 type User => 275_M003_01 ResponseOnPlatform 1
Rule_75	?a chosen_Answer_Code ?d ?d type User => ?a ResponseOnPlatform 1	43_M002_01 chosen_Answer_Code 10 | 10 type User => 43_M002_01 ResponseOnPlatform 1
Rule_75	?a chosen_Answer_Code ?d ?d type User => ?a ResponseOnPlatform 1	112_M006_01 chosen_Answer_Code 8 | 8 type User => 112_M006_01 ResponseOnPlatform 1
Rule_75	?a chosen_Answer_Code ?d ?d type User => ?a ResponseOnPlatform 1	43_M005 chosen_Answer_Code 1 | 1 type User => 43_M005 ResponseOnPlatform 1
Rule_75	?a chosen_Answer_Code ?d ?d type User => ?a ResponseOnPlatform 1	408_UM22 chosen_Answer_Code 4 | 4 type User => 408_UM22 ResponseOnPlatform 1
Rule_75	?a chosen_Answer_Code ?d ?d type User => ?a ResponseOnPlatform 1	489_UM24 chosen_Answer_Code 4 | 4 type User => 489_UM24 ResponseOnPlatform 1
Rule_75	?a chosen_Answer_Code ?d ?d type User => ?a ResponseOnPlatform 1	45_M010_01 chosen_Answer_Code 7 | 7 type User => 45_M010_01 ResponseOnPlatform 1
Rule_75	?a chosen_Answer_Code ?d ?d type User => ?a ResponseOnPlatform 1	1_M004_01 chosen_Answer_Code 5 | 5 type User => 1_M004_01 ResponseOnPlatform 1
Rule_75	?a chosen_Answer_Code ?d ?d type User => ?a ResponseOnPlatform 1	312_SU01_02 chosen_Answer_Code 5 | 5 type User => 312_SU01_02 ResponseOnPlatform 1
Rule_75	?a chosen_Answer_Code ?d ?d type User => ?a ResponseOnPlatform 1	206_M005 chosen_Answer_Code 2 | 2 type User => 206_M005 ResponseOnPlatform 1
Rule_75	?a chosen_Answer_Code ?d ?d type User => ?a ResponseOnPlatform 1	422_UM01 chosen_Answer_Code 3 | 3 type User => 422_UM01 ResponseOnPlatform 1
Rule_75	?a chosen_Answer_Code ?d ?d type User => ?a ResponseOnPlatform 1	31_M004_01 chosen_Answer_Code 10 | 10 type User => 31_M004_01 ResponseOnPlatform 1
Rule_75	?a chosen_Answer_Code ?d ?d type User => ?a ResponseOnPlatform 1	403_SU01_07 chosen_Answer_Code 2 | 2 type User => 403_SU01_07 ResponseOnPlatform 1
Rule_75	?a chosen_Answer_Code ?d ?d type User => ?a ResponseOnPlatform 1	264_M004_01 chosen_Answer_Code 9 | 9 type User => 264_M004_01 ResponseOnPlatform 1
Rule_75	?a chosen_Answer_Code ?d ?d type User => ?a ResponseOnPlatform 1	62_M002_01 chosen_Answer_Code 8 | 8 type User => 62_M002_01 ResponseOnPlatform 1
Rule_75	?a chosen_Answer_Code ?d ?d type User => ?a ResponseOnPlatform 1	409_UM18 chosen_Answer_Code 1 | 1 type User => 409_UM18 ResponseOnPlatform 1
Rule_75	?a chosen_Answer_Code ?d ?d type User => ?a ResponseOnPlatform 1	428_UM22 chosen_Answer_Code 3 | 3 type User => 428_UM22 ResponseOnPlatform 1
Rule_75	?a chosen_Answer_Code ?d ?d type User => ?a ResponseOnPlatform 1	451_UM08 chosen_Answer_Code 3 | 3 type User => 451_UM08 ResponseOnPlatform 1
Rule_75	?a chosen_Answer_Code ?d ?d type User => ?a ResponseOnPlatform 1	187_M004_01 chosen_Answer_Code 10 | 10 type User => 187_M004_01 ResponseOnPlatform 1
Rule_75	?a chosen_Answer_Code ?d ?d type User => ?a ResponseOnPlatform 1	77_M010_01 chosen_Answer_Code 8 | 8 type User => 77_M010_01 ResponseOnPlatform 1
Rule_75	?a chosen_Answer_Code ?d ?d type User => ?a ResponseOnPlatform 1	435_UM07 chosen_Answer_Code 4 | 4 type User => 435_UM07 ResponseOnPlatform 1
Rule_75	?a chosen_Answer_Code ?d ?d type User => ?a ResponseOnPlatform 1	444_UM12 chosen_Answer_Code 5 | 5 type User => 444_UM12 ResponseOnPlatform 1
Rule_75	?a chosen_Answer_Code ?d ?d type User => ?a ResponseOnPlatform 1	483_UM08 chosen_Answer_Code 4 | 4 type User => 483_UM08 ResponseOnPlatform 1
Rule_75	?a chosen_Answer_Code ?d ?d type User => ?a ResponseOnPlatform 1	163_M002_01 chosen_Answer_Code 8 | 8 type User => 163_M002_01 ResponseOnPlatform 1
Rule_75	?a chosen_Answer_Code ?d ?d type User => ?a ResponseOnPlatform 1	50_M010_01 chosen_Answer_Code 10 | 10 type User => 50_M010_01 ResponseOnPlatform 1
Rule_75	?a chosen_Answer_Code ?d ?d type User => ?a ResponseOnPlatform 1	482_UM22 chosen_Answer_Code 4 | 4 type User => 482_UM22 ResponseOnPlatform 1
Rule_75	?a chosen_Answer_Code ?d ?d type User => ?a ResponseOnPlatform 1	427_UM15 chosen_Answer_Code 5 | 5 type User => 427_UM15 ResponseOnPlatform 1
Rule_75	?a chosen_Answer_Code ?d ?d type User => ?a ResponseOnPlatform 1	78_M004_01 chosen_Answer_Code 9 | 9 type User => 78_M004_01 ResponseOnPlatform 1
Rule_75	?a chosen_Answer_Code ?d ?d type User => ?a ResponseOnPlatform 1	317_SU01_02 chosen_Answer_Code 5 | 5 type User => 317_SU01_02 ResponseOnPlatform 1
Rule_75	?a chosen_Answer_Code ?d ?d type User => ?a ResponseOnPlatform 1	445_UM04 chosen_Answer_Code 2 | 2 type User => 445_UM04 ResponseOnPlatform 1
Rule_75	?a chosen_Answer_Code ?d ?d type User => ?a ResponseOnPlatform 1	251_M006_01 chosen_Answer_Code 10 | 10 type User => 251_M006_01 ResponseOnPlatform 1
Rule_75	?a chosen_Answer_Code ?d ?d type User => ?a ResponseOnPlatform 1	468_UM10 chosen_Answer_Code 4 | 4 type User => 468_UM10 ResponseOnPlatform 1
Rule_75	?a chosen_Answer_Code ?d ?d type User => ?a ResponseOnPlatform 1	193_M010_01 chosen_Answer_Code 9 | 9 type User => 193_M010_01 ResponseOnPlatform 1
Rule_75	?a chosen_Answer_Code ?d ?d type User => ?a ResponseOnPlatform 1	46_M005 chosen_Answer_Code 1 | 1 type User => 46_M005 ResponseOnPlatform 1
Rule_75	?a chosen_Answer_Code ?d ?d type User => ?a ResponseOnPlatform 1	270_M004_01 chosen_Answer_Code 10 | 10 type User => 270_M004_01 ResponseOnPlatform 1
Rule_75	?a chosen_Answer_Code ?d ?d type User => ?a ResponseOnPlatform 1	241_M004_01 chosen_Answer_Code 10 | 10 type User => 241_M004_01 ResponseOnPlatform 1
Rule_75	?a chosen_Answer_Code ?d ?d type User => ?a ResponseOnPlatform 1	282_M005 chosen_Answer_Code 1 | 1 type User => 282_M005 ResponseOnPlatform 1
Rule_75	?a chosen_Answer_Code ?d ?d type User => ?a ResponseOnPlatform 1	482_UM20 chosen_Answer_Code 4 | 4 type User => 482_UM20 ResponseOnPlatform 1
Rule_75	?a chosen_Answer_Code ?d ?d type User => ?a ResponseOnPlatform 1	459_UM16 chosen_Answer_Code 5 | 5 type User => 459_UM16 ResponseOnPlatform 1
Rule_75	?a chosen_Answer_Code ?d ?d type User => ?a ResponseOnPlatform 1	431_UM08 chosen_Answer_Code 5 | 5 type User => 431_UM08 ResponseOnPlatform 1
Rule_75	?a chosen_Answer_Code ?d ?d type User => ?a ResponseOnPlatform 1	383_SU01_05 chosen_Answer_Code 2 | 2 type User => 383_SU01_05 ResponseOnPlatform 1
Rule_75	?a chosen_Answer_Code ?d ?d type User => ?a ResponseOnPlatform 1	475_UM19 chosen_Answer_Code 5 | 5 type User => 475_UM19 ResponseOnPlatform 1
Rule_75	?a chosen_Answer_Code ?d ?d type User => ?a ResponseOnPlatform 1	385_SU01_01 chosen_Answer_Code 3 | 3 type User => 385_SU01_01 ResponseOnPlatform 1
Rule_75	?a chosen_Answer_Code ?d ?d type User => ?a ResponseOnPlatform 1	387_SU01_02 chosen_Answer_Code 3 | 3 type User => 387_SU01_02 ResponseOnPlatform 1
Rule_75	?a chosen_Answer_Code ?d ?d type User => ?a ResponseOnPlatform 1	92_M003_01 chosen_Answer_Code 6 | 6 type User => 92_M003_01 ResponseOnPlatform 1
Rule_75	?a chosen_Answer_Code ?d ?d type User => ?a ResponseOnPlatform 1	407_UM22 chosen_Answer_Code 5 | 5 type User => 407_UM22 ResponseOnPlatform 1
Rule_75	?a chosen_Answer_Code ?d ?d type User => ?a ResponseOnPlatform 1	247_M004_01 chosen_Answer_Code 8 | 8 type User => 247_M004_01 ResponseOnPlatform 1
Rule_75	?a chosen_Answer_Code ?d ?d type User => ?a ResponseOnPlatform 1	328_SU01_03 chosen_Answer_Code 4 | 4 type User => 328_SU01_03 ResponseOnPlatform 1
Rule_75	?a chosen_Answer_Code ?d ?d type User => ?a ResponseOnPlatform 1	181_M005 chosen_Answer_Code 2 | 2 type User => 181_M005 ResponseOnPlatform 1
Rule_75	?a chosen_Answer_Code ?d ?d type User => ?a ResponseOnPlatform 1	408_UM04 chosen_Answer_Code 5 | 5 type User => 408_UM04 ResponseOnPlatform 1
Rule_75	?a chosen_Answer_Code ?d ?d type User => ?a ResponseOnPlatform 1	379_SU01_08 chosen_Answer_Code 5 | 5 type User => 379_SU01_08 ResponseOnPlatform 1
Rule_75	?a chosen_Answer_Code ?d ?d type User => ?a ResponseOnPlatform 1	378_SU01_02 chosen_Answer_Code 5 | 5 type User => 378_SU01_02 ResponseOnPlatform 1
Rule_75	?a chosen_Answer_Code ?d ?d type User => ?a ResponseOnPlatform 1	318_SU01_01 chosen_Answer_Code 3 | 3 type User => 318_SU01_01 ResponseOnPlatform 1
Rule_75	?a chosen_Answer_Code ?d ?d type User => ?a ResponseOnPlatform 1	486_UM02 chosen_Answer_Code 4 | 4 type User => 486_UM02 ResponseOnPlatform 1
Rule_75	?a chosen_Answer_Code ?d ?d type User => ?a ResponseOnPlatform 1	88_M006_01 chosen_Answer_Code 10 | 10 type User => 88_M006_01 ResponseOnPlatform 1
Rule_75	?a chosen_Answer_Code ?d ?d type User => ?a ResponseOnPlatform 1	47_M005 chosen_Answer_Code 1 | 1 type User => 47_M005 ResponseOnPlatform 1
Rule_75	?a chosen_Answer_Code ?d ?d type User => ?a ResponseOnPlatform 1	415_UM12 chosen_Answer_Code 5 | 5 type User => 415_UM12 ResponseOnPlatform 1
Rule_75	?a chosen_Answer_Code ?d ?d type User => ?a ResponseOnPlatform 1	63_M006_01 chosen_Answer_Code 8 | 8 type User => 63_M006_01 ResponseOnPlatform 1
Rule_75	?a chosen_Answer_Code ?d ?d type User => ?a ResponseOnPlatform 1	432_UM04 chosen_Answer_Code 4 | 4 type User => 432_UM04 ResponseOnPlatform 1
Rule_75	?a chosen_Answer_Code ?d ?d type User => ?a ResponseOnPlatform 1	348_SU01_10 chosen_Answer_Code 2 | 2 type User => 348_SU01_10 ResponseOnPlatform 1
Rule_75	?a chosen_Answer_Code ?d ?d type User => ?a ResponseOnPlatform 1	348_SU01_01 chosen_Answer_Code 4 | 4 type User => 348_SU01_01 ResponseOnPlatform 1
Rule_75	?a chosen_Answer_Code ?d ?d type User => ?a ResponseOnPlatform 1	475_UM15 chosen_Answer_Code 5 | 5 type User => 475_UM15 ResponseOnPlatform 1
Rule_75	?a chosen_Answer_Code ?d ?d type User => ?a ResponseOnPlatform 1	124_M005 chosen_Answer_Code 2 | 2 type User => 124_M005 ResponseOnPlatform 1
Rule_75	?a chosen_Answer_Code ?d ?d type User => ?a ResponseOnPlatform 1	410_UM20 chosen_Answer_Code 3 | 3 type User => 410_UM20 ResponseOnPlatform 1
Rule_75	?a chosen_Answer_Code ?d ?d type User => ?a ResponseOnPlatform 1	210_M002_01 chosen_Answer_Code 10 | 10 type User => 210_M002_01 ResponseOnPlatform 1
Rule_75	?a chosen_Answer_Code ?d ?d type User => ?a ResponseOnPlatform 1	410_UM14 chosen_Answer_Code 4 | 4 type User => 410_UM14 ResponseOnPlatform 1
Rule_75	?a chosen_Answer_Code ?d ?d type User => ?a ResponseOnPlatform 1	346_SU01_08 chosen_Answer_Code 2 | 2 type User => 346_SU01_08 ResponseOnPlatform 1
Rule_75	?a chosen_Answer_Code ?d ?d type User => ?a ResponseOnPlatform 1	427_UM11 chosen_Answer_Code 4 | 4 type User => 427_UM11 ResponseOnPlatform 1
Rule_75	?a chosen_Answer_Code ?d ?d type User => ?a ResponseOnPlatform 1	242_M006_01 chosen_Answer_Code 8 | 8 type User => 242_M006_01 ResponseOnPlatform 1
Rule_75	?a chosen_Answer_Code ?d ?d type User => ?a ResponseOnPlatform 1	489_UM08 chosen_Answer_Code 5 | 5 type User => 489_UM08 ResponseOnPlatform 1
Rule_75	?a chosen_Answer_Code ?d ?d type User => ?a ResponseOnPlatform 1	182_M006_01 chosen_Answer_Code 10 | 10 type User => 182_M006_01 ResponseOnPlatform 1
Rule_75	?a chosen_Answer_Code ?d ?d type User => ?a ResponseOnPlatform 1	465_UM04 chosen_Answer_Code 4 | 4 type User => 465_UM04 ResponseOnPlatform 1
Rule_75	?a chosen_Answer_Code ?d ?d type User => ?a ResponseOnPlatform 1	66_M004_01 chosen_Answer_Code 4 | 4 type User => 66_M004_01 ResponseOnPlatform 1
Rule_75	?a chosen_Answer_Code ?d ?d type User => ?a ResponseOnPlatform 1	280_M005 chosen_Answer_Code 2 | 2 type User => 280_M005 ResponseOnPlatform 1
Rule_75	?a chosen_Answer_Code ?d ?d type User => ?a ResponseOnPlatform 1	337_SU01_05 chosen_Answer_Code 4 | 4 type User => 337_SU01_05 ResponseOnPlatform 1
Rule_75	?a chosen_Answer_Code ?d ?d type User => ?a ResponseOnPlatform 1	482_UM23 chosen_Answer_Code 4 | 4 type User => 482_UM23 ResponseOnPlatform 1
Rule_75	?a chosen_Answer_Code ?d ?d type User => ?a ResponseOnPlatform 1	184_M005 chosen_Answer_Code 1 | 1 type User => 184_M005 ResponseOnPlatform 1
Rule_75	?a chosen_Answer_Code ?d ?d type User => ?a ResponseOnPlatform 1	407_UM15 chosen_Answer_Code 5 | 5 type User => 407_UM15 ResponseOnPlatform 1
Rule_75	?a chosen_Answer_Code ?d ?d type User => ?a ResponseOnPlatform 1	286_M010_01 chosen_Answer_Code 9 | 9 type User => 286_M010_01 ResponseOnPlatform 1
Rule_75	?a chosen_Answer_Code ?d ?d type User => ?a ResponseOnPlatform 1	42_M005 chosen_Answer_Code 1 | 1 type User => 42_M005 ResponseOnPlatform 1
Rule_75	?a chosen_Answer_Code ?d ?d type User => ?a ResponseOnPlatform 1	169_M010_01 chosen_Answer_Code 6 | 6 type User => 169_M010_01 ResponseOnPlatform 1
Rule_75	?a chosen_Answer_Code ?d ?d type User => ?a ResponseOnPlatform 1	347_SU01_08 chosen_Answer_Code 4 | 4 type User => 347_SU01_08 ResponseOnPlatform 1
Rule_75	?a chosen_Answer_Code ?d ?d type User => ?a ResponseOnPlatform 1	23_M010_01 chosen_Answer_Code 6 | 6 type User => 23_M010_01 ResponseOnPlatform 1
Rule_75	?a chosen_Answer_Code ?d ?d type User => ?a ResponseOnPlatform 1	438_UM15 chosen_Answer_Code 5 | 5 type User => 438_UM15 ResponseOnPlatform 1
Rule_75	?a chosen_Answer_Code ?d ?d type User => ?a ResponseOnPlatform 1	469_UM22 chosen_Answer_Code 3 | 3 type User => 469_UM22 ResponseOnPlatform 1
Rule_75	?a chosen_Answer_Code ?d ?d type User => ?a ResponseOnPlatform 1	380_SU01_05 chosen_Answer_Code 5 | 5 type User => 380_SU01_05 ResponseOnPlatform 1
Rule_75	?a chosen_Answer_Code ?d ?d type User => ?a ResponseOnPlatform 1	347_SU01_09 chosen_Answer_Code 4 | 4 type User => 347_SU01_09 ResponseOnPlatform 1
Rule_75	?a chosen_Answer_Code ?d ?d type User => ?a ResponseOnPlatform 1	378_SU01_04 chosen_Answer_Code 1 | 1 type User => 378_SU01_04 ResponseOnPlatform 1
Rule_75	?a chosen_Answer_Code ?d ?d type User => ?a ResponseOnPlatform 1	189_M010_01 chosen_Answer_Code 7 | 7 type User => 189_M010_01 ResponseOnPlatform 1
Rule_75	?a chosen_Answer_Code ?d ?d type User => ?a ResponseOnPlatform 1	110_M003_01 chosen_Answer_Code 8 | 8 type User => 110_M003_01 ResponseOnPlatform 1
